品类,指标,日期,数值
牛,EYCI月均(c/kg cwt),2000-01-01,249.1297696535449
牛,EYCI月均(c/kg cwt),2000-02-01,248.42278020199075
牛,EYCI月均(c/kg cwt),2000-03-01,253.59954681623591
牛,EYCI月均(c/kg cwt),2000-04-01,261.368730113173
牛,EYCI月均(c/kg cwt),2000-05-01,260.4309165248782
牛,EYCI月均(c/kg cwt),2000-06-01,257.79697244342765
牛,EYCI月均(c/kg cwt),2000-07-01,266.8192315722945
牛,EYCI月均(c/kg cwt),2000-08-01,274.513615605923
牛,EYCI月均(c/kg cwt),2000-09-01,272.8182531756219
牛,EYCI月均(c/kg cwt),2000-10-01,266.4479971582604
牛,EYCI月均(c/kg cwt),2000-11-01,293.0302533192677
牛,EYCI月均(c/kg cwt),2000-12-01,296.0434852041952
牛,EYCI月均(c/kg cwt),2001-01-01,290.3932002563171
牛,EYCI月均(c/kg cwt),2001-02-01,299.51412266800685
牛,EYCI月均(c/kg cwt),2001-03-01,313.9068777732988
牛,EYCI月均(c/kg cwt),2001-04-01,330.73386996666005
牛,EYCI月均(c/kg cwt),2001-05-01,323.62296460215595
牛,EYCI月均(c/kg cwt),2001-06-01,323.7114124680459
牛,EYCI月均(c/kg cwt),2001-07-01,331.5069056447579
牛,EYCI月均(c/kg cwt),2001-08-01,363.3720493455357
牛,EYCI月均(c/kg cwt),2001-09-01,380.1044614073743
牛,EYCI月均(c/kg cwt),2001-10-01,343.06642761825805
牛,EYCI月均(c/kg cwt),2001-11-01,357.5247230053738
牛,EYCI月均(c/kg cwt),2001-12-01,363.341013277242
牛,EYCI月均(c/kg cwt),2002-01-01,335.58212881551043
牛,EYCI月均(c/kg cwt),2002-02-01,329.03579511536674
牛,EYCI月均(c/kg cwt),2002-03-01,335.1106662478821
牛,EYCI月均(c/kg cwt),2002-04-01,320.1809589266085
牛,EYCI月均(c/kg cwt),2002-05-01,285.98223781294087
牛,EYCI月均(c/kg cwt),2002-06-01,269.64688895752283
牛,EYCI月均(c/kg cwt),2002-07-01,251.7641763949653
牛,EYCI月均(c/kg cwt),2002-08-01,246.04423942832543
牛,EYCI月均(c/kg cwt),2002-09-01,266.0119038373836
牛,EYCI月均(c/kg cwt),2002-10-01,242.7841503924296
牛,EYCI月均(c/kg cwt),2002-11-01,227.1632423633912
牛,EYCI月均(c/kg cwt),2002-12-01,245.60564043536647
牛,EYCI月均(c/kg cwt),2003-01-01,250.38254728328653
牛,EYCI月均(c/kg cwt),2003-02-01,263.85111187742825
牛,EYCI月均(c/kg cwt),2003-03-01,322.33152825844047
牛,EYCI月均(c/kg cwt),2003-04-01,320.4658028598493
牛,EYCI月均(c/kg cwt),2003-05-01,309.9880633744811
牛,EYCI月均(c/kg cwt),2003-06-01,303.915470015073
牛,EYCI月均(c/kg cwt),2003-07-01,318.40087073253227
牛,EYCI月均(c/kg cwt),2003-08-01,333.73002058040004
牛,EYCI月均(c/kg cwt),2003-09-01,335.1391764568376
牛,EYCI月均(c/kg cwt),2003-10-01,336.0347277721275
牛,EYCI月均(c/kg cwt),2003-11-01,324.16661484745634
牛,EYCI月均(c/kg cwt),2003-12-01,311.65508331735214
牛,EYCI月均(c/kg cwt),2004-01-01,327.8651930152831
牛,EYCI月均(c/kg cwt),2004-02-01,328.02005859195594
牛,EYCI月均(c/kg cwt),2004-03-01,325.74592445835947
牛,EYCI月均(c/kg cwt),2004-04-01,317.32118128479937
牛,EYCI月均(c/kg cwt),2004-05-01,317.9371811063533
牛,EYCI月均(c/kg cwt),2004-06-01,337.351370712826
牛,EYCI月均(c/kg cwt),2004-07-01,356.16529135924105
牛,EYCI月均(c/kg cwt),2004-08-01,373.05897279555006
牛,EYCI月均(c/kg cwt),2004-09-01,384.70972610222833
牛,EYCI月均(c/kg cwt),2004-10-01,375.1706972158034
牛,EYCI月均(c/kg cwt),2004-11-01,371.4673291734927
牛,EYCI月均(c/kg cwt),2004-12-01,367.67361007789583
牛,EYCI月均(c/kg cwt),2005-01-01,378.9358907444639
牛,EYCI月均(c/kg cwt),2005-02-01,377.104966142778
牛,EYCI月均(c/kg cwt),2005-03-01,368.77670865000704
牛,EYCI月均(c/kg cwt),2005-04-01,340.1214296669593
牛,EYCI月均(c/kg cwt),2005-05-01,333.3843953354802
牛,EYCI月均(c/kg cwt),2005-06-01,339.5439060929938
牛,EYCI月均(c/kg cwt),2005-07-01,400.2130452984629
牛,EYCI月均(c/kg cwt),2005-08-01,409.62134178795935
牛,EYCI月均(c/kg cwt),2005-09-01,411.2926583624168
牛,EYCI月均(c/kg cwt),2005-10-01,399.6592017075942
牛,EYCI月均(c/kg cwt),2005-11-01,375.9281802236927
牛,EYCI月均(c/kg cwt),2005-12-01,368.73000952906
牛,EYCI月均(c/kg cwt),2006-01-01,351.70888427360387
牛,EYCI月均(c/kg cwt),2006-02-01,361.0104787501888
牛,EYCI月均(c/kg cwt),2006-03-01,363.06528265805485
牛,EYCI月均(c/kg cwt),2006-04-01,360.03596544943736
牛,EYCI月均(c/kg cwt),2006-05-01,349.83498848667887
牛,EYCI月均(c/kg cwt),2006-06-01,347.59688039591725
牛,EYCI月均(c/kg cwt),2006-07-01,367.7770206419137
牛,EYCI月均(c/kg cwt),2006-08-01,371.1995534541901
牛,EYCI月均(c/kg cwt),2006-09-01,348.1589797266537
牛,EYCI月均(c/kg cwt),2006-10-01,292.0588690732954
牛,EYCI月均(c/kg cwt),2006-11-01,299.1534497472236
牛,EYCI月均(c/kg cwt),2006-12-01,272.7230453303599
牛,EYCI月均(c/kg cwt),2007-01-01,297.2546662683978
牛,EYCI月均(c/kg cwt),2007-02-01,317.8829344371038
牛,EYCI月均(c/kg cwt),2007-03-01,341.1858834722116
牛,EYCI月均(c/kg cwt),2007-04-01,317.1655141454965
牛,EYCI月均(c/kg cwt),2007-05-01,324.74796276556623
牛,EYCI月均(c/kg cwt),2007-06-01,333.99568489400207
牛,EYCI月均(c/kg cwt),2007-07-01,340.0305867408079
牛,EYCI月均(c/kg cwt),2007-08-01,336.58317040357844
牛,EYCI月均(c/kg cwt),2007-09-01,312.69096572709776
牛,EYCI月均(c/kg cwt),2007-10-01,279.99380874684044
牛,EYCI月均(c/kg cwt),2007-11-01,293.0496414605519
牛,EYCI月均(c/kg cwt),2007-12-01,312.8963258264497
牛,EYCI月均(c/kg cwt),2008-01-01,323.11272490101493
牛,EYCI月均(c/kg cwt),2008-02-01,338.57136138639925
牛,EYCI月均(c/kg cwt),2008-03-01,324.1851653469697
牛,EYCI月均(c/kg cwt),2008-04-01,317.24891636170867
牛,EYCI月均(c/kg cwt),2008-05-01,312.9744098727818
牛,EYCI月均(c/kg cwt),2008-06-01,329.5024969545004
牛,EYCI月均(c/kg cwt),2008-07-01,341.7452064820381
牛,EYCI月均(c/kg cwt),2008-08-01,349.10696520014375
牛,EYCI月均(c/kg cwt),2008-09-01,355.05964573421073
牛,EYCI月均(c/kg cwt),2008-10-01,347.37889939553406
牛,EYCI月均(c/kg cwt),2008-11-01,327.44824694802713
牛,EYCI月均(c/kg cwt),2008-12-01,327.77108040185817
牛,EYCI月均(c/kg cwt),2009-01-01,324.83674559386094
牛,EYCI月均(c/kg cwt),2009-02-01,304.9050278068368
牛,EYCI月均(c/kg cwt),2009-03-01,316.8798943471966
牛,EYCI月均(c/kg cwt),2009-04-01,317.16302286542134
牛,EYCI月均(c/kg cwt),2009-05-01,314.08063812237737
牛,EYCI月均(c/kg cwt),2009-06-01,331.142508165784
牛,EYCI月均(c/kg cwt),2009-07-01,339.69303918440977
牛,EYCI月均(c/kg cwt),2009-08-01,330.7952772582136
牛,EYCI月均(c/kg cwt),2009-09-01,321.30800496026546
牛,EYCI月均(c/kg cwt),2009-10-01,309.1690425412449
牛,EYCI月均(c/kg cwt),2009-11-01,301.14133587775945
牛,EYCI月均(c/kg cwt),2009-12-01,285.1769844068325
牛,EYCI月均(c/kg cwt),2010-01-01,312.8274658060508
牛,EYCI月均(c/kg cwt),2010-02-01,329.4080726215407
牛,EYCI月均(c/kg cwt),2010-03-01,348.1300940013952
牛,EYCI月均(c/kg cwt),2010-04-01,348.1344487022224
牛,EYCI月均(c/kg cwt),2010-05-01,344.2436802797972
牛,EYCI月均(c/kg cwt),2010-06-01,348.61984174195914
牛,EYCI月均(c/kg cwt),2010-07-01,351.872737502044
牛,EYCI月均(c/kg cwt),2010-08-01,365.0916882498448
牛,EYCI月均(c/kg cwt),2010-09-01,370.37254335957215
牛,EYCI月均(c/kg cwt),2010-10-01,367.1350145576571
牛,EYCI月均(c/kg cwt),2010-11-01,370.6013154908274
牛,EYCI月均(c/kg cwt),2010-12-01,385.28207520587017
牛,EYCI月均(c/kg cwt),2011-01-01,404.5471115576274
牛,EYCI月均(c/kg cwt),2011-02-01,393.156368055111
牛,EYCI月均(c/kg cwt),2011-03-01,412.5047944946281
牛,EYCI月均(c/kg cwt),2011-04-01,415.8435360033244
牛,EYCI月均(c/kg cwt),2011-05-01,394.375483505949
牛,EYCI月均(c/kg cwt),2011-06-01,381.188983087246
牛,EYCI月均(c/kg cwt),2011-07-01,376.0314232168525
牛,EYCI月均(c/kg cwt),2011-08-01,382.70625888360826
牛,EYCI月均(c/kg cwt),2011-09-01,400.39255006413657
牛,EYCI月均(c/kg cwt),2011-10-01,398.7223203944004
牛,EYCI月均(c/kg cwt),2011-11-01,402.2263838871369
牛,EYCI月均(c/kg cwt),2011-12-01,407.9041195258615
牛,EYCI月均(c/kg cwt),2012-01-01,408.4165095184222
牛,EYCI月均(c/kg cwt),2012-02-01,390.03958341432
牛,EYCI月均(c/kg cwt),2012-03-01,394.23876956252445
牛,EYCI月均(c/kg cwt),2012-04-01,380.01295930390313
牛,EYCI月均(c/kg cwt),2012-05-01,369.2948371249744
牛,EYCI月均(c/kg cwt),2012-06-01,372.7189694088916
牛,EYCI月均(c/kg cwt),2012-07-01,382.374225575774
牛,EYCI月均(c/kg cwt),2012-08-01,381.7061947604237
牛,EYCI月均(c/kg cwt),2012-09-01,363.5227540401564
牛,EYCI月均(c/kg cwt),2012-10-01,353.0245134980625
牛,EYCI月均(c/kg cwt),2012-11-01,340.91967312953045
牛,EYCI月均(c/kg cwt),2012-12-01,321.9817342925488
牛,EYCI月均(c/kg cwt),2013-01-01,314.3379030359201
牛,EYCI月均(c/kg cwt),2013-02-01,329.0603039576061
牛,EYCI月均(c/kg cwt),2013-03-01,334.6738307025171
牛,EYCI月均(c/kg cwt),2013-04-01,315.62690290981215
牛,EYCI月均(c/kg cwt),2013-05-01,292.5887897622172
牛,EYCI月均(c/kg cwt),2013-06-01,311.6508373808966
牛,EYCI月均(c/kg cwt),2013-07-01,324.5500315564868
牛,EYCI月均(c/kg cwt),2013-08-01,323.00221463699995
牛,EYCI月均(c/kg cwt),2013-09-01,310.7419808417924
牛,EYCI月均(c/kg cwt),2013-10-01,302.1879298085024
牛,EYCI月均(c/kg cwt),2013-11-01,312.70043927231416
牛,EYCI月均(c/kg cwt),2013-12-01,315.30515122339744
牛,EYCI月均(c/kg cwt),2014-01-01,290.3663976193249
牛,EYCI月均(c/kg cwt),2014-02-01,295.45019557153944
牛,EYCI月均(c/kg cwt),2014-03-01,312.1462284852418
牛,EYCI月均(c/kg cwt),2014-04-01,351.9561809636677
牛,EYCI月均(c/kg cwt),2014-05-01,335.97472384361924
牛,EYCI月均(c/kg cwt),2014-06-01,334.4378263099684
牛,EYCI月均(c/kg cwt),2014-07-01,336.45350619248114
牛,EYCI月均(c/kg cwt),2014-08-01,345.8304181619813
牛,EYCI月均(c/kg cwt),2014-09-01,360.8897954123111
牛,EYCI月均(c/kg cwt),2014-10-01,357.03496824102444
牛,EYCI月均(c/kg cwt),2014-11-01,337.28526508234216
牛,EYCI月均(c/kg cwt),2014-12-01,367.0787552925669
牛,EYCI月均(c/kg cwt),2015-01-01,428.2988441936982
牛,EYCI月均(c/kg cwt),2015-02-01,445.8883666488055
牛,EYCI月均(c/kg cwt),2015-03-01,425.0609767521796
牛,EYCI月均(c/kg cwt),2015-04-01,439.75604826481936
牛,EYCI月均(c/kg cwt),2015-05-01,478.8669510138119
牛,EYCI月均(c/kg cwt),2015-06-01,495.3307767970841
牛,EYCI月均(c/kg cwt),2015-07-01,541.5876747408666
牛,EYCI月均(c/kg cwt),2015-08-01,566.2060822741669
牛,EYCI月均(c/kg cwt),2015-09-01,586.8842619682965
牛,EYCI月均(c/kg cwt),2015-10-01,548.7591607531808
牛,EYCI月均(c/kg cwt),2015-11-01,584.1095061090662
牛,EYCI月均(c/kg cwt),2015-12-01,591.6443230569525
牛,EYCI月均(c/kg cwt),2016-01-01,585.6066620655946
牛,EYCI月均(c/kg cwt),2016-02-01,597.574748585027
牛,EYCI月均(c/kg cwt),2016-03-01,588.899597811878
牛,EYCI月均(c/kg cwt),2016-04-01,556.4395149506066
牛,EYCI月均(c/kg cwt),2016-05-01,568.7259869324921
牛,EYCI月均(c/kg cwt),2016-06-01,619.1241637423669
牛,EYCI月均(c/kg cwt),2016-07-01,661.1336142080754
牛,EYCI月均(c/kg cwt),2016-08-01,708.9918813103236
牛,EYCI月均(c/kg cwt),2016-09-01,712.8217656188368
牛,EYCI月均(c/kg cwt),2016-10-01,695.9273041777766
牛,EYCI月均(c/kg cwt),2016-11-01,653.2980184756007
牛,EYCI月均(c/kg cwt),2016-12-01,635.0804241917144
牛,EYCI月均(c/kg cwt),2017-01-01,648.2067432243934
牛,EYCI月均(c/kg cwt),2017-02-01,635.0137176382897
牛,EYCI月均(c/kg cwt),2017-03-01,619.0466597111113
牛,EYCI月均(c/kg cwt),2017-04-01,658.2477382342665
牛,EYCI月均(c/kg cwt),2017-05-01,644.6953036212417
牛,EYCI月均(c/kg cwt),2017-06-01,640.6361324080841
牛,EYCI月均(c/kg cwt),2017-07-01,598.6008453282102
牛,EYCI月均(c/kg cwt),2017-08-01,551.4737005492921
牛,EYCI月均(c/kg cwt),2017-09-01,524.0712268195041
牛,EYCI月均(c/kg cwt),2017-10-01,548.9787121541032
牛,EYCI月均(c/kg cwt),2017-11-01,578.3666273800374
牛,EYCI月均(c/kg cwt),2017-12-01,570.3519484867242
牛,EYCI月均(c/kg cwt),2018-01-01,551.581418839463
牛,EYCI月均(c/kg cwt),2018-02-01,529.0939773172065
牛,EYCI月均(c/kg cwt),2018-03-01,551.0956394247673
牛,EYCI月均(c/kg cwt),2018-04-01,513.4380761531928
牛,EYCI月均(c/kg cwt),2018-05-01,483.6390893808548
牛,EYCI月均(c/kg cwt),2018-06-01,481.32222633563936
牛,EYCI月均(c/kg cwt),2018-07-01,500.1644310894074
牛,EYCI月均(c/kg cwt),2018-08-01,464.0679450654674
牛,EYCI月均(c/kg cwt),2018-09-01,493.2354125856938
牛,EYCI月均(c/kg cwt),2018-10-01,509.8682218794946
牛,EYCI月均(c/kg cwt),2018-11-01,523.458097192688
牛,EYCI月均(c/kg cwt),2018-12-01,521.6957905531347
牛,EYCI月均(c/kg cwt),2019-01-01,483.0813574047374
牛,EYCI月均(c/kg cwt),2019-02-01,457.12719806205695
牛,EYCI月均(c/kg cwt),2019-03-01,433.7217580732668
牛,EYCI月均(c/kg cwt),2019-04-01,472.8433911743791
牛,EYCI月均(c/kg cwt),2019-05-01,477.36814908576247
牛,EYCI月均(c/kg cwt),2019-06-01,485.31793701462095
牛,EYCI月均(c/kg cwt),2019-07-01,515.1432277632206
牛,EYCI月均(c/kg cwt),2019-08-01,519.7148049947629
牛,EYCI月均(c/kg cwt),2019-09-01,483.78852173554793
牛,EYCI月均(c/kg cwt),2019-10-01,497.4172081533707
牛,EYCI月均(c/kg cwt),2019-11-01,514.6721147107221
牛,EYCI月均(c/kg cwt),2019-12-01,490.7833944259413
牛,EYCI月均(c/kg cwt),2020-01-01,520.3591472922087
牛,EYCI月均(c/kg cwt),2020-02-01,665.1574593630271
牛,EYCI月均(c/kg cwt),2020-03-01,734.6168552281105
牛,EYCI月均(c/kg cwt),2020-04-01,711.9562080012531
牛,EYCI月均(c/kg cwt),2020-05-01,731.9168783225634
牛,EYCI月均(c/kg cwt),2020-06-01,756.2583343469328
牛,EYCI月均(c/kg cwt),2020-07-01,752.0211287711826
牛,EYCI月均(c/kg cwt),2020-08-01,771.869796496916
牛,EYCI月均(c/kg cwt),2020-09-01,770.9309432823899
牛,EYCI月均(c/kg cwt),2020-10-01,792.7965251657904
牛,EYCI月均(c/kg cwt),2020-11-01,821.6537532580071
牛,EYCI月均(c/kg cwt),2020-12-01,798.5823897599854
牛,EYCI月均(c/kg cwt),2021-01-01,830.5829720710419
牛,EYCI月均(c/kg cwt),2021-02-01,873.3965820135054
牛,EYCI月均(c/kg cwt),2021-03-01,868.5384027881174
牛,EYCI月均(c/kg cwt),2021-04-01,894.8776840842099
牛,EYCI月均(c/kg cwt),2021-05-01,891.8516369980571
牛,EYCI月均(c/kg cwt),2021-06-01,909.0420982979682
牛,EYCI月均(c/kg cwt),2021-07-01,972.869314477288
牛,EYCI月均(c/kg cwt),2021-08-01,1006.6632245215236
牛,EYCI月均(c/kg cwt),2021-09-01,1023.9411782328284
牛,EYCI月均(c/kg cwt),2021-10-01,1057.920087729532
牛,EYCI月均(c/kg cwt),2021-11-01,1088.9486738319124
牛,EYCI月均(c/kg cwt),2021-12-01,1146.3066631268075
牛,EYCI月均(c/kg cwt),2022-01-01,1122.7351514255834
牛,EYCI月均(c/kg cwt),2022-02-01,1125.5874766546176
牛,EYCI月均(c/kg cwt),2022-03-01,1112.8163126997483
牛,EYCI月均(c/kg cwt),2022-04-01,1086.5907150868557
牛,EYCI月均(c/kg cwt),2022-05-01,1100.896454557641
牛,EYCI月均(c/kg cwt),2022-06-01,1090.0137462414389
牛,EYCI月均(c/kg cwt),2022-07-01,965.1520634484864
牛,EYCI月均(c/kg cwt),2022-08-01,976.1144388192064
牛,EYCI月均(c/kg cwt),2022-09-01,1053.021104147306
牛,EYCI月均(c/kg cwt),2022-10-01,1038.0112934072788
牛,EYCI月均(c/kg cwt),2022-11-01,985.5670300215852
牛,EYCI月均(c/kg cwt),2022-12-01,877.2198756006292
牛,EYCI月均(c/kg cwt),2023-01-01,793.8456968225919
牛,EYCI月均(c/kg cwt),2023-02-01,746.8237027843992
牛,EYCI月均(c/kg cwt),2023-03-01,687.163378678356
牛,EYCI月均(c/kg cwt),2023-04-01,685.8874556177279
牛,EYCI月均(c/kg cwt),2023-05-01,615.0566386150235
牛,EYCI月均(c/kg cwt),2023-06-01,566.3353242387099
牛,EYCI月均(c/kg cwt),2023-07-01,567.5202503502743
牛,EYCI月均(c/kg cwt),2023-08-01,532.1397311550994
牛,EYCI月均(c/kg cwt),2023-09-01,418.9436055305773
牛,EYCI月均(c/kg cwt),2023-10-01,357.1976716714533
牛,EYCI月均(c/kg cwt),2023-11-01,447.0449620248473
牛,EYCI月均(c/kg cwt),2023-12-01,525.2783408390288
牛,EYCI月均(c/kg cwt),2024-01-01,610.8710265443292
牛,EYCI月均(c/kg cwt),2024-02-01,650.1663180727539
牛,EYCI月均(c/kg cwt),2024-03-01,599.1354078909588
牛,EYCI月均(c/kg cwt),2024-04-01,600.1406655504082
牛,EYCI月均(c/kg cwt),2024-05-01,613.2984643476109
牛,EYCI月均(c/kg cwt),2024-06-01,593.4865475805132
牛,EYCI月均(c/kg cwt),2024-07-01,631.5840586510344
牛,EYCI月均(c/kg cwt),2024-08-01,670.579819116863
牛,EYCI月均(c/kg cwt),2024-09-01,666.6239392235018
牛,EYCI月均(c/kg cwt),2024-10-01,629.2879165661074
牛,EYCI月均(c/kg cwt),2024-11-01,627.5030046508515
牛,EYCI月均(c/kg cwt),2024-12-01,666.7019287696697
牛,EYCI月均(c/kg cwt),2025-01-01,690.4877444615869
牛,EYCI月均(c/kg cwt),2025-02-01,652.8937795927797
牛,EYCI月均(c/kg cwt),2025-03-01,653.2097213083058
牛,EYCI月均(c/kg cwt),2025-04-01,702.8205262094084
牛,EYCI月均(c/kg cwt),2025-05-01,696.9916632091549
牛,EYCI月均(c/kg cwt),2025-06-01,712.684208445858
牛,EYCI月均(c/kg cwt),2025-07-01,755.0266415571693
牛,EYCI月均(c/kg cwt),2025-08-01,861.3536280902771
牛,EYCI月均(c/kg cwt),2025-09-01,894.3945138702653
牛,EYCI月均(c/kg cwt),2025-10-01,841.144882478979
牛,EYCI月均(c/kg cwt),2025-11-01,886.2395760414885
牛,EYCI月均(c/kg cwt),2025-12-01,862.6817221982143
牛,EYCI月均(c/kg cwt),2026-01-01,856.1132224130274
牛,EYCI月均(c/kg cwt),2026-02-01,851.3684759258715
牛,EYCI月均(c/kg cwt),2026-03-01,874.5442982980504
牛,EYCI月均(c/kg cwt),2026-04-01,800.003030251735
牛,EYCI月均(c/kg cwt),2026-05-01,847.6608918898278
牛,EYCI月均(c/kg cwt),2026-06-01,987.4174918689529
牛,EYCI月均(c/kg cwt),2026-07-01,1014.011106133465
牛,EYCI月均(c/kg cwt)($/Head),2000-01-01,433.3819823234792
牛,EYCI月均(c/kg cwt)($/Head),2000-02-01,418.22633532865234
牛,EYCI月均(c/kg cwt)($/Head),2000-03-01,429.7184349986746
牛,EYCI月均(c/kg cwt)($/Head),2000-04-01,438.3514491330751
牛,EYCI月均(c/kg cwt)($/Head),2000-05-01,433.75520458899774
牛,EYCI月均(c/kg cwt)($/Head),2000-06-01,436.6466196606378
牛,EYCI月均(c/kg cwt)($/Head),2000-07-01,461.6154702421547
牛,EYCI月均(c/kg cwt)($/Head),2000-08-01,473.2577158130897
牛,EYCI月均(c/kg cwt)($/Head),2000-09-01,469.4515168993794
牛,EYCI月均(c/kg cwt)($/Head),2000-10-01,461.5223125174703
牛,EYCI月均(c/kg cwt)($/Head),2000-11-01,514.9000992185146
牛,EYCI月均(c/kg cwt)($/Head),2000-12-01,515.7134191547959
牛,EYCI月均(c/kg cwt)($/Head),2001-01-01,503.74809281162953
牛,EYCI月均(c/kg cwt)($/Head),2001-02-01,521.1186447672119
牛,EYCI月均(c/kg cwt)($/Head),2001-03-01,536.6315714666848
牛,EYCI月均(c/kg cwt)($/Head),2001-04-01,548.1525092707593
牛,EYCI月均(c/kg cwt)($/Head),2001-05-01,526.5013883013355
牛,EYCI月均(c/kg cwt)($/Head),2001-06-01,535.0876097129278
牛,EYCI月均(c/kg cwt)($/Head),2001-07-01,553.0846754362703
牛,EYCI月均(c/kg cwt)($/Head),2001-08-01,621.8262902185414
牛,EYCI月均(c/kg cwt)($/Head),2001-09-01,659.0538732329213
牛,EYCI月均(c/kg cwt)($/Head),2001-10-01,599.6549956759287
牛,EYCI月均(c/kg cwt)($/Head),2001-11-01,615.2691469265342
牛,EYCI月均(c/kg cwt)($/Head),2001-12-01,617.7324498641601
牛,EYCI月均(c/kg cwt)($/Head),2002-01-01,577.0423178555528
牛,EYCI月均(c/kg cwt)($/Head),2002-02-01,553.2116373345186
牛,EYCI月均(c/kg cwt)($/Head),2002-03-01,552.9018189342213
牛,EYCI月均(c/kg cwt)($/Head),2002-04-01,516.2186969713681
牛,EYCI月均(c/kg cwt)($/Head),2002-05-01,466.1339616217596
牛,EYCI月均(c/kg cwt)($/Head),2002-06-01,443.4522237911009
牛,EYCI月均(c/kg cwt)($/Head),2002-07-01,419.21318119834217
牛,EYCI月均(c/kg cwt)($/Head),2002-08-01,408.72926612418
牛,EYCI月均(c/kg cwt)($/Head),2002-09-01,456.49360192783087
牛,EYCI月均(c/kg cwt)($/Head),2002-10-01,412.6740474530128
牛,EYCI月均(c/kg cwt)($/Head),2002-11-01,391.633757130824
牛,EYCI月均(c/kg cwt)($/Head),2002-12-01,437.462220395347
牛,EYCI月均(c/kg cwt)($/Head),2003-01-01,434.4931200450709
牛,EYCI月均(c/kg cwt)($/Head),2003-02-01,443.07370567600617
牛,EYCI月均(c/kg cwt)($/Head),2003-03-01,556.667374966285
牛,EYCI月均(c/kg cwt)($/Head),2003-04-01,536.1947015005774
牛,EYCI月均(c/kg cwt)($/Head),2003-05-01,502.3010127101319
牛,EYCI月均(c/kg cwt)($/Head),2003-06-01,499.31715739320646
牛,EYCI月均(c/kg cwt)($/Head),2003-07-01,544.8311833987574
牛,EYCI月均(c/kg cwt)($/Head),2003-08-01,575.7488328384298
牛,EYCI月均(c/kg cwt)($/Head),2003-09-01,591.7964623090936
牛,EYCI月均(c/kg cwt)($/Head),2003-10-01,605.2291365139414
牛,EYCI月均(c/kg cwt)($/Head),2003-11-01,580.5350378797065
牛,EYCI月均(c/kg cwt)($/Head),2003-12-01,563.7609630408759
牛,EYCI月均(c/kg cwt)($/Head),2004-01-01,592.4424358911166
牛,EYCI月均(c/kg cwt)($/Head),2004-02-01,585.6337140534143
牛,EYCI月均(c/kg cwt)($/Head),2004-03-01,577.3558531766058
牛,EYCI月均(c/kg cwt)($/Head),2004-04-01,565.1636294538101
牛,EYCI月均(c/kg cwt)($/Head),2004-05-01,555.3217491081609
牛,EYCI月均(c/kg cwt)($/Head),2004-06-01,593.3572657097342
牛,EYCI月均(c/kg cwt)($/Head),2004-07-01,643.515833399707
牛,EYCI月均(c/kg cwt)($/Head),2004-08-01,671.9847386232078
牛,EYCI月均(c/kg cwt)($/Head),2004-09-01,694.6870546403184
牛,EYCI月均(c/kg cwt)($/Head),2004-10-01,682.5259938837258
牛,EYCI月均(c/kg cwt)($/Head),2004-11-01,678.3163837372744
牛,EYCI月均(c/kg cwt)($/Head),2004-12-01,664.1518438676944
牛,EYCI月均(c/kg cwt)($/Head),2005-01-01,677.5646497172643
牛,EYCI月均(c/kg cwt)($/Head),2005-02-01,660.6128400154214
牛,EYCI月均(c/kg cwt)($/Head),2005-03-01,648.0510088015419
牛,EYCI月均(c/kg cwt)($/Head),2005-04-01,583.1926887104444
牛,EYCI月均(c/kg cwt)($/Head),2005-05-01,573.8060974949951
牛,EYCI月均(c/kg cwt)($/Head),2005-06-01,583.6095460380296
牛,EYCI月均(c/kg cwt)($/Head),2005-07-01,693.0916853840771
牛,EYCI月均(c/kg cwt)($/Head),2005-08-01,724.2607492920816
牛,EYCI月均(c/kg cwt)($/Head),2005-09-01,729.8506444278416
牛,EYCI月均(c/kg cwt)($/Head),2005-10-01,709.4596682169991
牛,EYCI月均(c/kg cwt)($/Head),2005-11-01,667.4827686080985
牛,EYCI月均(c/kg cwt)($/Head),2005-12-01,649.4683535456057
牛,EYCI月均(c/kg cwt)($/Head),2006-01-01,626.9743317204055
牛,EYCI月均(c/kg cwt)($/Head),2006-02-01,640.7241523667892
牛,EYCI月均(c/kg cwt)($/Head),2006-03-01,626.9891890048615
牛,EYCI月均(c/kg cwt)($/Head),2006-04-01,604.4011501576953
牛,EYCI月均(c/kg cwt)($/Head),2006-05-01,602.525210999914
牛,EYCI月均(c/kg cwt)($/Head),2006-06-01,588.972016239597
牛,EYCI月均(c/kg cwt)($/Head),2006-07-01,645.9055339613229
牛,EYCI月均(c/kg cwt)($/Head),2006-08-01,662.0229615816921
牛,EYCI月均(c/kg cwt)($/Head),2006-09-01,622.9550895101371
牛,EYCI月均(c/kg cwt)($/Head),2006-10-01,508.4296648999846
牛,EYCI月均(c/kg cwt)($/Head),2006-11-01,540.4488692047022
牛,EYCI月均(c/kg cwt)($/Head),2006-12-01,501.3053174749525
牛,EYCI月均(c/kg cwt)($/Head),2007-01-01,543.061662478278
牛,EYCI月均(c/kg cwt)($/Head),2007-02-01,568.2007865633149
牛,EYCI月均(c/kg cwt)($/Head),2007-03-01,590.8501210242702
牛,EYCI月均(c/kg cwt)($/Head),2007-04-01,532.4650516067837
牛,EYCI月均(c/kg cwt)($/Head),2007-05-01,549.7568211416778
牛,EYCI月均(c/kg cwt)($/Head),2007-06-01,562.4908203840755
牛,EYCI月均(c/kg cwt)($/Head),2007-07-01,583.1236684180733
牛,EYCI月均(c/kg cwt)($/Head),2007-08-01,589.3236287663964
牛,EYCI月均(c/kg cwt)($/Head),2007-09-01,546.8293933956145
牛,EYCI月均(c/kg cwt)($/Head),2007-10-01,509.60200308557336
牛,EYCI月均(c/kg cwt)($/Head),2007-11-01,532.3894053081236
牛,EYCI月均(c/kg cwt)($/Head),2007-12-01,563.2441032830601
牛,EYCI月均(c/kg cwt)($/Head),2008-01-01,603.6100230857445
牛,EYCI月均(c/kg cwt)($/Head),2008-02-01,629.3003656761032
牛,EYCI月均(c/kg cwt)($/Head),2008-03-01,579.055248391788
牛,EYCI月均(c/kg cwt)($/Head),2008-04-01,565.7117340952666
牛,EYCI月均(c/kg cwt)($/Head),2008-05-01,552.225463656589
牛,EYCI月均(c/kg cwt)($/Head),2008-06-01,572.7621242526081
牛,EYCI月均(c/kg cwt)($/Head),2008-07-01,616.7410916615729
牛,EYCI月均(c/kg cwt)($/Head),2008-08-01,634.033851033649
牛,EYCI月均(c/kg cwt)($/Head),2008-09-01,657.8016712070726
牛,EYCI月均(c/kg cwt)($/Head),2008-10-01,639.1075704017284
牛,EYCI月均(c/kg cwt)($/Head),2008-11-01,608.9472193127848
牛,EYCI月均(c/kg cwt)($/Head),2008-12-01,610.0989613904758
牛,EYCI月均(c/kg cwt)($/Head),2009-01-01,588.6399260530218
牛,EYCI月均(c/kg cwt)($/Head),2009-02-01,541.0757535426934
牛,EYCI月均(c/kg cwt)($/Head),2009-03-01,556.4800381836682
牛,EYCI月均(c/kg cwt)($/Head),2009-04-01,550.1401970460521
牛,EYCI月均(c/kg cwt)($/Head),2009-05-01,531.3311934573939
牛,EYCI月均(c/kg cwt)($/Head),2009-06-01,559.2605777077886
牛,EYCI月均(c/kg cwt)($/Head),2009-07-01,587.8064137381333
牛,EYCI月均(c/kg cwt)($/Head),2009-08-01,577.7846054707344
牛,EYCI月均(c/kg cwt)($/Head),2009-09-01,578.8246235716638
牛,EYCI月均(c/kg cwt)($/Head),2009-10-01,567.2332147681038
牛,EYCI月均(c/kg cwt)($/Head),2009-11-01,555.0222595835139
牛,EYCI月均(c/kg cwt)($/Head),2009-12-01,524.2021606722963
牛,EYCI月均(c/kg cwt)($/Head),2010-01-01,574.7053567648888
牛,EYCI月均(c/kg cwt)($/Head),2010-02-01,600.867068326639
牛,EYCI月均(c/kg cwt)($/Head),2010-03-01,626.0872097155398
牛,EYCI月均(c/kg cwt)($/Head),2010-04-01,606.4677059248497
牛,EYCI月均(c/kg cwt)($/Head),2010-05-01,604.5221163532294
牛,EYCI月均(c/kg cwt)($/Head),2010-06-01,604.4350950382067
牛,EYCI月均(c/kg cwt)($/Head),2010-07-01,632.1906961183187
牛,EYCI月均(c/kg cwt)($/Head),2010-08-01,655.0271239115192
牛,EYCI月均(c/kg cwt)($/Head),2010-09-01,664.2577822969
牛,EYCI月均(c/kg cwt)($/Head),2010-10-01,661.9758818357705
牛,EYCI月均(c/kg cwt)($/Head),2010-11-01,673.3789313402984
牛,EYCI月均(c/kg cwt)($/Head),2010-12-01,735.090897553654
牛,EYCI月均(c/kg cwt)($/Head),2011-01-01,745.5207331907892
牛,EYCI月均(c/kg cwt)($/Head),2011-02-01,740.0915733656789
牛,EYCI月均(c/kg cwt)($/Head),2011-03-01,767.9805167624277
牛,EYCI月均(c/kg cwt)($/Head),2011-04-01,726.2375981247591
牛,EYCI月均(c/kg cwt)($/Head),2011-05-01,683.539801913545
牛,EYCI月均(c/kg cwt)($/Head),2011-06-01,657.4973936927342
牛,EYCI月均(c/kg cwt)($/Head),2011-07-01,643.2090213209286
牛,EYCI月均(c/kg cwt)($/Head),2011-08-01,667.5010817505282
牛,EYCI月均(c/kg cwt)($/Head),2011-09-01,708.2238301203305
牛,EYCI月均(c/kg cwt)($/Head),2011-10-01,724.6547047957702
牛,EYCI月均(c/kg cwt)($/Head),2011-11-01,725.5856454400472
牛,EYCI月均(c/kg cwt)($/Head),2011-12-01,753.3912208518447
牛,EYCI月均(c/kg cwt)($/Head),2012-01-01,722.2815969745569
牛,EYCI月均(c/kg cwt)($/Head),2012-02-01,715.1727075093002
牛,EYCI月均(c/kg cwt)($/Head),2012-03-01,705.1771070054787
牛,EYCI月均(c/kg cwt)($/Head),2012-04-01,671.7447712867977
牛,EYCI月均(c/kg cwt)($/Head),2012-05-01,647.2735175598191
牛,EYCI月均(c/kg cwt)($/Head),2012-06-01,646.3952861461678
牛,EYCI月均(c/kg cwt)($/Head),2012-07-01,675.9064342877735
牛,EYCI月均(c/kg cwt)($/Head),2012-08-01,687.9985382121132
牛,EYCI月均(c/kg cwt)($/Head),2012-09-01,661.4496144233641
牛,EYCI月均(c/kg cwt)($/Head),2012-10-01,647.0675413528581
牛,EYCI月均(c/kg cwt)($/Head),2012-11-01,622.9838877758784
牛,EYCI月均(c/kg cwt)($/Head),2012-12-01,574.452362160133
牛,EYCI月均(c/kg cwt)($/Head),2013-01-01,569.6237718683755
牛,EYCI月均(c/kg cwt)($/Head),2013-02-01,604.5951207491872
牛,EYCI月均(c/kg cwt)($/Head),2013-03-01,609.6698950677521
牛,EYCI月均(c/kg cwt)($/Head),2013-04-01,565.623530367166
牛,EYCI月均(c/kg cwt)($/Head),2013-05-01,515.6474870739435
牛,EYCI月均(c/kg cwt)($/Head),2013-06-01,547.7232395810599
牛,EYCI月均(c/kg cwt)($/Head),2013-07-01,587.9629187250854
牛,EYCI月均(c/kg cwt)($/Head),2013-08-01,591.1562166532781
牛,EYCI月均(c/kg cwt)($/Head),2013-09-01,591.5376375543096
牛,EYCI月均(c/kg cwt)($/Head),2013-10-01,575.4800303748009
牛,EYCI月均(c/kg cwt)($/Head),2013-11-01,599.0332952798209
牛,EYCI月均(c/kg cwt)($/Head),2013-12-01,605.1912556399883
牛,EYCI月均(c/kg cwt)($/Head),2014-01-01,539.5622444904495
牛,EYCI月均(c/kg cwt)($/Head),2014-02-01,538.4668169257207
牛,EYCI月均(c/kg cwt)($/Head),2014-03-01,576.7458468053777
牛,EYCI月均(c/kg cwt)($/Head),2014-04-01,647.0913446374059
牛,EYCI月均(c/kg cwt)($/Head),2014-05-01,621.2348860128762
牛,EYCI月均(c/kg cwt)($/Head),2014-06-01,609.7830595657924
牛,EYCI月均(c/kg cwt)($/Head),2014-07-01,634.0292131074477
牛,EYCI月均(c/kg cwt)($/Head),2014-08-01,664.2129538914216
牛,EYCI月均(c/kg cwt)($/Head),2014-09-01,697.4891902375479
牛,EYCI月均(c/kg cwt)($/Head),2014-10-01,680.189177368295
牛,EYCI月均(c/kg cwt)($/Head),2014-11-01,640.077472772177
牛,EYCI月均(c/kg cwt)($/Head),2014-12-01,703.6408702520743
牛,EYCI月均(c/kg cwt)($/Head),2015-01-01,821.603088152883
牛,EYCI月均(c/kg cwt)($/Head),2015-02-01,863.4550815820455
牛,EYCI月均(c/kg cwt)($/Head),2015-03-01,796.0775624473005
牛,EYCI月均(c/kg cwt)($/Head),2015-04-01,819.1248576478711
牛,EYCI月均(c/kg cwt)($/Head),2015-05-01,883.3873260214143
牛,EYCI月均(c/kg cwt)($/Head),2015-06-01,889.5317673671076
牛,EYCI月均(c/kg cwt)($/Head),2015-07-01,1005.9262140531536
牛,EYCI月均(c/kg cwt)($/Head),2015-08-01,1067.5962602420934
牛,EYCI月均(c/kg cwt)($/Head),2015-09-01,1121.0728795838822
牛,EYCI月均(c/kg cwt)($/Head),2015-10-01,1037.8793773793243
牛,EYCI月均(c/kg cwt)($/Head),2015-11-01,1114.730001831169
牛,EYCI月均(c/kg cwt)($/Head),2015-12-01,1100.7264378792208
牛,EYCI月均(c/kg cwt)($/Head),2016-01-01,1086.981322861017
牛,EYCI月均(c/kg cwt)($/Head),2016-02-01,1101.897889747053
牛,EYCI月均(c/kg cwt)($/Head),2016-03-01,1076.8846059389482
牛,EYCI月均(c/kg cwt)($/Head),2016-04-01,992.7448966846704
牛,EYCI月均(c/kg cwt)($/Head),2016-05-01,1004.5855447718204
牛,EYCI月均(c/kg cwt)($/Head),2016-06-01,1093.210297948268
牛,EYCI月均(c/kg cwt)($/Head),2016-07-01,1169.1483649616498
牛,EYCI月均(c/kg cwt)($/Head),2016-08-01,1278.148363041972
牛,EYCI月均(c/kg cwt)($/Head),2016-09-01,1305.876739101333
牛,EYCI月均(c/kg cwt)($/Head),2016-10-01,1286.1933428985255
牛,EYCI月均(c/kg cwt)($/Head),2016-11-01,1214.426020600127
牛,EYCI月均(c/kg cwt)($/Head),2016-12-01,1187.2105542039562
牛,EYCI月均(c/kg cwt)($/Head),2017-01-01,1168.4495232057882
牛,EYCI月均(c/kg cwt)($/Head),2017-02-01,1158.2743137453142
牛,EYCI月均(c/kg cwt)($/Head),2017-03-01,1102.7626650190828
牛,EYCI月均(c/kg cwt)($/Head),2017-04-01,1152.1727566517034
牛,EYCI月均(c/kg cwt)($/Head),2017-05-01,1128.088345192038
牛,EYCI月均(c/kg cwt)($/Head),2017-06-01,1082.795280915468
牛,EYCI月均(c/kg cwt)($/Head),2017-07-01,1027.6057407933056
牛,EYCI月均(c/kg cwt)($/Head),2017-08-01,976.711016799136
牛,EYCI月均(c/kg cwt)($/Head),2017-09-01,942.869598652239
牛,EYCI月均(c/kg cwt)($/Head),2017-10-01,1023.1221283890044
牛,EYCI月均(c/kg cwt)($/Head),2017-11-01,1092.1367315560904
牛,EYCI月均(c/kg cwt)($/Head),2017-12-01,1051.1057606673012
牛,EYCI月均(c/kg cwt)($/Head),2018-01-01,984.6330284825084
牛,EYCI月均(c/kg cwt)($/Head),2018-02-01,938.5519108312996
牛,EYCI月均(c/kg cwt)($/Head),2018-03-01,1000.8937875934944
牛,EYCI月均(c/kg cwt)($/Head),2018-04-01,884.6072839149266
牛,EYCI月均(c/kg cwt)($/Head),2018-05-01,825.0615560665211
牛,EYCI月均(c/kg cwt)($/Head),2018-06-01,815.165121244365
牛,EYCI月均(c/kg cwt)($/Head),2018-07-01,868.839750721026
牛,EYCI月均(c/kg cwt)($/Head),2018-08-01,779.713949156025
牛,EYCI月均(c/kg cwt)($/Head),2018-09-01,872.7399390350263
牛,EYCI月均(c/kg cwt)($/Head),2018-10-01,882.7098024352672
牛,EYCI月均(c/kg cwt)($/Head),2018-11-01,923.8826006962254
牛,EYCI月均(c/kg cwt)($/Head),2018-12-01,912.0218217470056
牛,EYCI月均(c/kg cwt)($/Head),2019-01-01,884.4343039337422
牛,EYCI月均(c/kg cwt)($/Head),2019-02-01,792.8426706421396
牛,EYCI月均(c/kg cwt)($/Head),2019-03-01,735.1890788641391
牛,EYCI月均(c/kg cwt)($/Head),2019-04-01,810.2071350765742
牛,EYCI月均(c/kg cwt)($/Head),2019-05-01,806.4142498886578
牛,EYCI月均(c/kg cwt)($/Head),2019-06-01,819.6550645292689
牛,EYCI月均(c/kg cwt)($/Head),2019-07-01,886.9393911007745
牛,EYCI月均(c/kg cwt)($/Head),2019-08-01,903.3315596280438
牛,EYCI月均(c/kg cwt)($/Head),2019-09-01,855.1125349857267
牛,EYCI月均(c/kg cwt)($/Head),2019-10-01,888.0755650760043
牛,EYCI月均(c/kg cwt)($/Head),2019-11-01,930.5030642565604
牛,EYCI月均(c/kg cwt)($/Head),2019-12-01,881.0983617497044
牛,EYCI月均(c/kg cwt)($/Head),2020-01-01,953.4029819298096
牛,EYCI月均(c/kg cwt)($/Head),2020-02-01,1218.6490673385874
牛,EYCI月均(c/kg cwt)($/Head),2020-03-01,1306.5257867806422
牛,EYCI月均(c/kg cwt)($/Head),2020-04-01,1196.5896909427588
牛,EYCI月均(c/kg cwt)($/Head),2020-05-01,1246.1234239454084
牛,EYCI月均(c/kg cwt)($/Head),2020-06-01,1290.6655162824036
牛,EYCI月均(c/kg cwt)($/Head),2020-07-01,1325.0112197153578
牛,EYCI月均(c/kg cwt)($/Head),2020-08-01,1346.264681581131
牛,EYCI月均(c/kg cwt)($/Head),2020-09-01,1378.33807601098
牛,EYCI月均(c/kg cwt)($/Head),2020-10-01,1460.9426927420911
牛,EYCI月均(c/kg cwt)($/Head),2020-11-01,1530.1892879760887
牛,EYCI月均(c/kg cwt)($/Head),2020-12-01,1457.541844538365
牛,EYCI月均(c/kg cwt)($/Head),2021-01-01,1604.915164903657
牛,EYCI月均(c/kg cwt)($/Head),2021-02-01,1628.392594389935
牛,EYCI月均(c/kg cwt)($/Head),2021-03-01,1620.5919275582296
牛,EYCI月均(c/kg cwt)($/Head),2021-04-01,1647.3265310973184
牛,EYCI月均(c/kg cwt)($/Head),2021-05-01,1634.4884710251588
牛,EYCI月均(c/kg cwt)($/Head),2021-06-01,1661.227959252749
牛,EYCI月均(c/kg cwt)($/Head),2021-07-01,1747.3787637844032
牛,EYCI月均(c/kg cwt)($/Head),2021-08-01,1832.1556219073464
牛,EYCI月均(c/kg cwt)($/Head),2021-09-01,1859.7680389031336
牛,EYCI月均(c/kg cwt)($/Head),2021-10-01,1981.079374091985
牛,EYCI月均(c/kg cwt)($/Head),2021-11-01,2061.07600417646
牛,EYCI月均(c/kg cwt)($/Head),2021-12-01,2165.0784641251303
牛,EYCI月均(c/kg cwt)($/Head),2022-01-01,2083.7169141484283
牛,EYCI月均(c/kg cwt)($/Head),2022-02-01,2126.2105771523684
牛,EYCI月均(c/kg cwt)($/Head),2022-03-01,2123.408618445978
牛,EYCI月均(c/kg cwt)($/Head),2022-04-01,2007.3029501777205
牛,EYCI月均(c/kg cwt)($/Head),2022-05-01,2040.6091133001223
牛,EYCI月均(c/kg cwt)($/Head),2022-06-01,1913.712898909536
牛,EYCI月均(c/kg cwt)($/Head),2022-07-01,1729.6185310429894
牛,EYCI月均(c/kg cwt)($/Head),2022-08-01,1722.2560055356246
牛,EYCI月均(c/kg cwt)($/Head),2022-09-01,1912.8123745059831
牛,EYCI月均(c/kg cwt)($/Head),2022-10-01,1953.2309529716565
牛,EYCI月均(c/kg cwt)($/Head),2022-11-01,1836.6616074953145
牛,EYCI月均(c/kg cwt)($/Head),2022-12-01,1675.579102248789
牛,EYCI月均(c/kg cwt)($/Head),2023-01-01,1577.8450360272311
牛,EYCI月均(c/kg cwt)($/Head),2023-02-01,1440.540919312474
牛,EYCI月均(c/kg cwt)($/Head),2023-03-01,1271.5964783813845
牛,EYCI月均(c/kg cwt)($/Head),2023-04-01,1244.4018414427503
牛,EYCI月均(c/kg cwt)($/Head),2023-05-01,1126.329184847539
牛,EYCI月均(c/kg cwt)($/Head),2023-06-01,1014.0930390411062
牛,EYCI月均(c/kg cwt)($/Head),2023-07-01,1003.2963014426996
牛,EYCI月均(c/kg cwt)($/Head),2023-08-01,987.564554475052
牛,EYCI月均(c/kg cwt)($/Head),2023-09-01,773.8282501583215
牛,EYCI月均(c/kg cwt)($/Head),2023-10-01,659.910835348244
牛,EYCI月均(c/kg cwt)($/Head),2023-11-01,846.3373171129729
牛,EYCI月均(c/kg cwt)($/Head),2023-12-01,1005.8620617626202
牛,EYCI月均(c/kg cwt)($/Head),2024-01-01,1178.55097871467
牛,EYCI月均(c/kg cwt)($/Head),2024-02-01,1247.1124256161736
牛,EYCI月均(c/kg cwt)($/Head),2024-03-01,1132.5618475405136
牛,EYCI月均(c/kg cwt)($/Head),2024-04-01,1108.4538124863525
牛,EYCI月均(c/kg cwt)($/Head),2024-05-01,1108.5838145761743
牛,EYCI月均(c/kg cwt)($/Head),2024-06-01,1086.2718730653012
牛,EYCI月均(c/kg cwt)($/Head),2024-07-01,1162.9892637099506
牛,EYCI月均(c/kg cwt)($/Head),2024-08-01,1257.7505374997515
牛,EYCI月均(c/kg cwt)($/Head),2024-09-01,1253.9009087966676
牛,EYCI月均(c/kg cwt)($/Head),2024-10-01,1201.114689515768
牛,EYCI月均(c/kg cwt)($/Head),2024-11-01,1215.433138636046
牛,EYCI月均(c/kg cwt)($/Head),2024-12-01,1272.5288404755297
牛,EYCI月均(c/kg cwt)($/Head),2025-01-01,1335.7373759046784
牛,EYCI月均(c/kg cwt)($/Head),2025-02-01,1249.5433630561213
牛,EYCI月均(c/kg cwt)($/Head),2025-03-01,1269.074024324257
牛,EYCI月均(c/kg cwt)($/Head),2025-04-01,1333.7963141497269
牛,EYCI月均(c/kg cwt)($/Head),2025-05-01,1266.4527734164365
牛,EYCI月均(c/kg cwt)($/Head),2025-06-01,1288.1718655815553
牛,EYCI月均(c/kg cwt)($/Head),2025-07-01,1393.3076584494736
牛,EYCI月均(c/kg cwt)($/Head),2025-08-01,1611.5914640988597
牛,EYCI月均(c/kg cwt)($/Head),2025-09-01,1716.5971410430855
牛,EYCI月均(c/kg cwt)($/Head),2025-10-01,1624.0475904138418
牛,EYCI月均(c/kg cwt)($/Head),2025-11-01,1726.6724487991364
牛,EYCI月均(c/kg cwt)($/Head),2025-12-01,1644.5230108672001
牛,EYCI月均(c/kg cwt)($/Head),2026-01-01,1614.0758853425457
牛,EYCI月均(c/kg cwt)($/Head),2026-02-01,1616.7299504108803
牛,EYCI月均(c/kg cwt)($/Head),2026-03-01,1617.2937549541389
牛,EYCI月均(c/kg cwt)($/Head),2026-04-01,1435.9402129480875
牛,EYCI月均(c/kg cwt)($/Head),2026-05-01,1541.5491054330828
牛,EYCI月均(c/kg cwt)($/Head),2026-06-01,1739.572134262927
牛,EYCI月均(c/kg cwt)($/Head),2026-07-01,1792.7801283640867
牛,EYCI月成交头数,2000-01-01,57228.0
牛,EYCI月成交头数,2000-02-01,73895.0
牛,EYCI月成交头数,2000-03-01,78197.0
牛,EYCI月成交头数,2000-04-01,60802.0
牛,EYCI月成交头数,2000-05-01,99621.0
牛,EYCI月成交头数,2000-06-01,75611.0
牛,EYCI月成交头数,2000-07-01,75588.0
牛,EYCI月成交头数,2000-08-01,73594.0
牛,EYCI月成交头数,2000-09-01,76599.0
牛,EYCI月成交头数,2000-10-01,72020.0
牛,EYCI月成交头数,2000-11-01,64771.0
牛,EYCI月成交头数,2000-12-01,52028.0
牛,EYCI月成交头数,2001-01-01,61558.0
牛,EYCI月成交头数,2001-02-01,65528.0
牛,EYCI月成交头数,2001-03-01,84409.0
牛,EYCI月成交头数,2001-04-01,65501.0
牛,EYCI月成交头数,2001-05-01,106944.0
牛,EYCI月成交头数,2001-06-01,68263.0
牛,EYCI月成交头数,2001-07-01,78114.0
牛,EYCI月成交头数,2001-08-01,72052.0
牛,EYCI月成交头数,2001-09-01,63686.0
牛,EYCI月成交头数,2001-10-01,70140.0
牛,EYCI月成交头数,2001-11-01,70191.0
牛,EYCI月成交头数,2001-12-01,42662.0
牛,EYCI月成交头数,2002-01-01,66255.0
牛,EYCI月成交头数,2002-02-01,64474.0
牛,EYCI月成交头数,2002-03-01,77302.0
牛,EYCI月成交头数,2002-04-01,70085.0
牛,EYCI月成交头数,2002-05-01,80898.0
牛,EYCI月成交头数,2002-06-01,66374.0
牛,EYCI月成交头数,2002-07-01,70488.0
牛,EYCI月成交头数,2002-08-01,85530.0
牛,EYCI月成交头数,2002-09-01,63151.0
牛,EYCI月成交头数,2002-10-01,79470.0
牛,EYCI月成交头数,2002-11-01,67624.0
牛,EYCI月成交头数,2002-12-01,56638.0
牛,EYCI月成交头数,2003-01-01,58654.0
牛,EYCI月成交头数,2003-02-01,67702.0
牛,EYCI月成交头数,2003-03-01,71503.0
牛,EYCI月成交头数,2003-04-01,54104.0
牛,EYCI月成交头数,2003-05-01,73092.0
牛,EYCI月成交头数,2003-06-01,81542.0
牛,EYCI月成交头数,2003-07-01,94344.0
牛,EYCI月成交头数,2003-08-01,91286.0
牛,EYCI月成交头数,2003-09-01,103855.0
牛,EYCI月成交头数,2003-10-01,116453.0
牛,EYCI月成交头数,2003-11-01,114007.0
牛,EYCI月成交头数,2003-12-01,79700.0
牛,EYCI月成交头数,2004-01-01,91187.0
牛,EYCI月成交头数,2004-02-01,96527.0
牛,EYCI月成交头数,2004-03-01,105259.0
牛,EYCI月成交头数,2004-04-01,99589.0
牛,EYCI月成交头数,2004-05-01,106602.0
牛,EYCI月成交头数,2004-06-01,113776.0
牛,EYCI月成交头数,2004-07-01,100251.0
牛,EYCI月成交头数,2004-08-01,89466.0
牛,EYCI月成交头数,2004-09-01,94533.0
牛,EYCI月成交头数,2004-10-01,88681.0
牛,EYCI月成交头数,2004-11-01,118133.0
牛,EYCI月成交头数,2004-12-01,86149.0
牛,EYCI月成交头数,2005-01-01,108150.0
牛,EYCI月成交头数,2005-02-01,99618.0
牛,EYCI月成交头数,2005-03-01,107825.0
牛,EYCI月成交头数,2005-04-01,109865.0
牛,EYCI月成交头数,2005-05-01,116473.0
牛,EYCI月成交头数,2005-06-01,92159.0
牛,EYCI月成交头数,2005-07-01,95282.0
牛,EYCI月成交头数,2005-08-01,112422.0
牛,EYCI月成交头数,2005-09-01,80836.0
牛,EYCI月成交头数,2005-10-01,93816.0
牛,EYCI月成交头数,2005-11-01,100843.0
牛,EYCI月成交头数,2005-12-01,87105.0
牛,EYCI月成交头数,2006-01-01,90063.0
牛,EYCI月成交头数,2006-02-01,115650.0
牛,EYCI月成交头数,2006-03-01,130531.0
牛,EYCI月成交头数,2006-04-01,85519.0
牛,EYCI月成交头数,2006-05-01,133597.0
牛,EYCI月成交头数,2006-06-01,101895.0
牛,EYCI月成交头数,2006-07-01,100960.0
牛,EYCI月成交头数,2006-08-01,113527.0
牛,EYCI月成交头数,2006-09-01,99745.0
牛,EYCI月成交头数,2006-10-01,121467.0
牛,EYCI月成交头数,2006-11-01,158699.0
牛,EYCI月成交头数,2006-12-01,98050.0
牛,EYCI月成交头数,2007-01-01,103478.0
牛,EYCI月成交头数,2007-02-01,124275.0
牛,EYCI月成交头数,2007-03-01,117091.0
牛,EYCI月成交头数,2007-04-01,98965.0
牛,EYCI月成交头数,2007-05-01,108937.0
牛,EYCI月成交头数,2007-06-01,101180.0
牛,EYCI月成交头数,2007-07-01,97787.0
牛,EYCI月成交头数,2007-08-01,97464.0
牛,EYCI月成交头数,2007-09-01,110883.0
牛,EYCI月成交头数,2007-10-01,116373.0
牛,EYCI月成交头数,2007-11-01,150848.0
牛,EYCI月成交头数,2007-12-01,96221.0
牛,EYCI月成交头数,2008-01-01,104772.0
牛,EYCI月成交头数,2008-02-01,148460.0
牛,EYCI月成交头数,2008-03-01,105496.0
牛,EYCI月成交头数,2008-04-01,129174.0
牛,EYCI月成交头数,2008-05-01,148555.0
牛,EYCI月成交头数,2008-06-01,106254.0
牛,EYCI月成交头数,2008-07-01,118168.0
牛,EYCI月成交头数,2008-08-01,95470.0
牛,EYCI月成交头数,2008-09-01,122885.0
牛,EYCI月成交头数,2008-10-01,131689.0
牛,EYCI月成交头数,2008-11-01,122163.0
牛,EYCI月成交头数,2008-12-01,85132.0
牛,EYCI月成交头数,2009-01-01,102842.0
牛,EYCI月成交头数,2009-02-01,115904.0
牛,EYCI月成交头数,2009-03-01,170674.0
牛,EYCI月成交头数,2009-04-01,138576.0
牛,EYCI月成交头数,2009-05-01,145545.0
牛,EYCI月成交头数,2009-06-01,115104.0
牛,EYCI月成交头数,2009-07-01,139438.0
牛,EYCI月成交头数,2009-08-01,137255.0
牛,EYCI月成交头数,2009-09-01,128498.0
牛,EYCI月成交头数,2009-10-01,130588.0
牛,EYCI月成交头数,2009-11-01,133216.0
牛,EYCI月成交头数,2009-12-01,96720.0
牛,EYCI月成交头数,2010-01-01,76115.0
牛,EYCI月成交头数,2010-02-01,162032.0
牛,EYCI月成交头数,2010-03-01,188063.0
牛,EYCI月成交头数,2010-04-01,176278.0
牛,EYCI月成交头数,2010-05-01,198024.0
牛,EYCI月成交头数,2010-06-01,160982.0
牛,EYCI月成交头数,2010-07-01,159022.0
牛,EYCI月成交头数,2010-08-01,150090.0
牛,EYCI月成交头数,2010-09-01,157934.0
牛,EYCI月成交头数,2010-10-01,147621.0
牛,EYCI月成交头数,2010-11-01,166264.0
牛,EYCI月成交头数,2010-12-01,118369.0
牛,EYCI月成交头数,2011-01-01,121424.0
牛,EYCI月成交头数,2011-02-01,201525.0
牛,EYCI月成交头数,2011-03-01,225354.0
牛,EYCI月成交头数,2011-04-01,132263.0
牛,EYCI月成交头数,2011-05-01,170524.0
牛,EYCI月成交头数,2011-06-01,147600.0
牛,EYCI月成交头数,2011-07-01,153753.0
牛,EYCI月成交头数,2011-08-01,141969.0
牛,EYCI月成交头数,2011-09-01,171039.0
牛,EYCI月成交头数,2011-10-01,154523.0
牛,EYCI月成交头数,2011-11-01,178082.0
牛,EYCI月成交头数,2011-12-01,118239.0
牛,EYCI月成交头数,2012-01-01,147007.0
牛,EYCI月成交头数,2012-02-01,137757.0
牛,EYCI月成交头数,2012-03-01,179993.0
牛,EYCI月成交头数,2012-04-01,165932.0
牛,EYCI月成交头数,2012-05-01,197635.0
牛,EYCI月成交头数,2012-06-01,139859.0
牛,EYCI月成交头数,2012-07-01,171495.0
牛,EYCI月成交头数,2012-08-01,147030.0
牛,EYCI月成交头数,2012-09-01,131542.0
牛,EYCI月成交头数,2012-10-01,152017.0
牛,EYCI月成交头数,2012-11-01,141165.0
牛,EYCI月成交头数,2012-12-01,84512.0
牛,EYCI月成交头数,2013-01-01,98600.0
牛,EYCI月成交头数,2013-02-01,134963.0
牛,EYCI月成交头数,2013-03-01,135678.0
牛,EYCI月成交头数,2013-04-01,138714.0
牛,EYCI月成交头数,2013-05-01,177259.0
牛,EYCI月成交头数,2013-06-01,161479.0
牛,EYCI月成交头数,2013-07-01,140385.0
牛,EYCI月成交头数,2013-08-01,139245.0
牛,EYCI月成交头数,2013-09-01,119032.0
牛,EYCI月成交头数,2013-10-01,176223.0
牛,EYCI月成交头数,2013-11-01,164908.0
牛,EYCI月成交头数,2013-12-01,137578.0
牛,EYCI月成交头数,2014-01-01,137756.0
牛,EYCI月成交头数,2014-02-01,142798.0
牛,EYCI月成交头数,2014-03-01,173631.0
牛,EYCI月成交头数,2014-04-01,168955.0
牛,EYCI月成交头数,2014-05-01,180995.0
牛,EYCI月成交头数,2014-06-01,187496.0
牛,EYCI月成交头数,2014-07-01,174197.0
牛,EYCI月成交头数,2014-08-01,162315.0
牛,EYCI月成交头数,2014-09-01,193900.0
牛,EYCI月成交头数,2014-10-01,224956.0
牛,EYCI月成交头数,2014-11-01,171803.0
牛,EYCI月成交头数,2014-12-01,144518.0
牛,EYCI月成交头数,2015-01-01,170833.0
牛,EYCI月成交头数,2015-02-01,229594.0
牛,EYCI月成交头数,2015-03-01,211121.0
牛,EYCI月成交头数,2015-04-01,182595.0
牛,EYCI月成交头数,2015-05-01,212037.0
牛,EYCI月成交头数,2015-06-01,190420.0
牛,EYCI月成交头数,2015-07-01,227458.0
牛,EYCI月成交头数,2015-08-01,204183.0
牛,EYCI月成交头数,2015-09-01,195051.0
牛,EYCI月成交头数,2015-10-01,230178.0
牛,EYCI月成交头数,2015-11-01,175563.0
牛,EYCI月成交头数,2015-12-01,166651.0
牛,EYCI月成交头数,2016-01-01,132189.0
牛,EYCI月成交头数,2016-02-01,204152.0
牛,EYCI月成交头数,2016-03-01,207127.0
牛,EYCI月成交头数,2016-04-01,209076.0
牛,EYCI月成交头数,2016-05-01,186937.0
牛,EYCI月成交头数,2016-06-01,169228.0
牛,EYCI月成交头数,2016-07-01,164445.0
牛,EYCI月成交头数,2016-08-01,181294.0
牛,EYCI月成交头数,2016-09-01,134485.0
牛,EYCI月成交头数,2016-10-01,175186.0
牛,EYCI月成交头数,2016-11-01,197467.0
牛,EYCI月成交头数,2016-12-01,132910.0
牛,EYCI月成交头数,2017-01-01,143187.0
牛,EYCI月成交头数,2017-02-01,216502.0
牛,EYCI月成交头数,2017-03-01,150911.0
牛,EYCI月成交头数,2017-04-01,147285.0
牛,EYCI月成交头数,2017-05-01,235725.0
牛,EYCI月成交头数,2017-06-01,206948.0
牛,EYCI月成交头数,2017-07-01,215254.0
牛,EYCI月成交头数,2017-08-01,157287.0
牛,EYCI月成交头数,2017-09-01,187068.0
牛,EYCI月成交头数,2017-10-01,139203.0
牛,EYCI月成交头数,2017-11-01,232112.0
牛,EYCI月成交头数,2017-12-01,121093.0
牛,EYCI月成交头数,2018-01-01,151791.0
牛,EYCI月成交头数,2018-02-01,163829.0
牛,EYCI月成交头数,2018-03-01,225142.0
牛,EYCI月成交头数,2018-04-01,203203.0
牛,EYCI月成交头数,2018-05-01,208861.0
牛,EYCI月成交头数,2018-06-01,149356.0
牛,EYCI月成交头数,2018-07-01,222111.0
牛,EYCI月成交头数,2018-08-01,137261.0
牛,EYCI月成交头数,2018-09-01,148325.0
牛,EYCI月成交头数,2018-10-01,114223.0
牛,EYCI月成交头数,2018-11-01,193522.0
牛,EYCI月成交头数,2018-12-01,104341.0
牛,EYCI月成交头数,2019-01-01,134118.0
牛,EYCI月成交头数,2019-02-01,179177.0
牛,EYCI月成交头数,2019-03-01,149435.0
牛,EYCI月成交头数,2019-04-01,150289.0
牛,EYCI月成交头数,2019-05-01,187496.0
牛,EYCI月成交头数,2019-06-01,157186.0
牛,EYCI月成交头数,2019-07-01,208053.0
牛,EYCI月成交头数,2019-08-01,188675.0
牛,EYCI月成交头数,2019-09-01,170386.0
牛,EYCI月成交头数,2019-10-01,151474.0
牛,EYCI月成交头数,2019-11-01,169646.0
牛,EYCI月成交头数,2019-12-01,126490.0
牛,EYCI月成交头数,2020-01-01,93732.0
牛,EYCI月成交头数,2020-02-01,152166.0
牛,EYCI月成交头数,2020-03-01,155148.0
牛,EYCI月成交头数,2020-04-01,78663.0
牛,EYCI月成交头数,2020-05-01,121997.0
牛,EYCI月成交头数,2020-06-01,123312.0
牛,EYCI月成交头数,2020-07-01,141381.0
牛,EYCI月成交头数,2020-08-01,108372.0
牛,EYCI月成交头数,2020-09-01,124892.0
牛,EYCI月成交头数,2020-10-01,124841.0
牛,EYCI月成交头数,2020-11-01,156477.0
牛,EYCI月成交头数,2020-12-01,77687.0
牛,EYCI月成交头数,2021-01-01,42414.0
牛,EYCI月成交头数,2021-02-01,147995.0
牛,EYCI月成交头数,2021-03-01,132311.0
牛,EYCI月成交头数,2021-04-01,115727.0
牛,EYCI月成交头数,2021-05-01,117645.0
牛,EYCI月成交头数,2021-06-01,107788.0
牛,EYCI月成交头数,2021-07-01,139495.0
牛,EYCI月成交头数,2021-08-01,142856.0
牛,EYCI月成交头数,2021-09-01,140305.0
牛,EYCI月成交头数,2021-10-01,142797.0
牛,EYCI月成交头数,2021-11-01,134695.0
牛,EYCI月成交头数,2021-12-01,98368.0
牛,EYCI月成交头数,2022-01-01,72514.0
牛,EYCI月成交头数,2022-02-01,118254.0
牛,EYCI月成交头数,2022-03-01,153695.0
牛,EYCI月成交头数,2022-04-01,85419.0
牛,EYCI月成交头数,2022-05-01,104269.0
牛,EYCI月成交头数,2022-06-01,139320.0
牛,EYCI月成交头数,2022-07-01,129741.0
牛,EYCI月成交头数,2022-08-01,95282.0
牛,EYCI月成交头数,2022-09-01,124448.0
牛,EYCI月成交头数,2022-10-01,117455.0
牛,EYCI月成交头数,2022-11-01,147909.0
牛,EYCI月成交头数,2022-12-01,84385.0
牛,EYCI月成交头数,2023-01-01,68975.0
牛,EYCI月成交头数,2023-02-01,162295.0
牛,EYCI月成交头数,2023-03-01,150829.0
牛,EYCI月成交头数,2023-04-01,102820.0
牛,EYCI月成交头数,2023-05-01,193015.0
牛,EYCI月成交头数,2023-06-01,143622.0
牛,EYCI月成交头数,2023-07-01,143297.0
牛,EYCI月成交头数,2023-08-01,191383.0
牛,EYCI月成交头数,2023-09-01,141445.0
牛,EYCI月成交头数,2023-10-01,150512.0
牛,EYCI月成交头数,2023-11-01,126939.0
牛,EYCI月成交头数,2023-12-01,141824.0
牛,EYCI月成交头数,2024-01-01,116604.0
牛,EYCI月成交头数,2024-02-01,207251.0
牛,EYCI月成交头数,2024-03-01,186558.0
牛,EYCI月成交头数,2024-04-01,163396.0
牛,EYCI月成交头数,2024-05-01,196206.0
牛,EYCI月成交头数,2024-06-01,196465.0
牛,EYCI月成交头数,2024-07-01,154126.0
牛,EYCI月成交头数,2024-08-01,212623.0
牛,EYCI月成交头数,2024-09-01,187861.0
牛,EYCI月成交头数,2024-10-01,233355.0
牛,EYCI月成交头数,2024-11-01,187855.0
牛,EYCI月成交头数,2024-12-01,125392.0
牛,EYCI月成交头数,2025-01-01,203503.0
牛,EYCI月成交头数,2025-02-01,192176.0
牛,EYCI月成交头数,2025-03-01,174036.0
牛,EYCI月成交头数,2025-04-01,179682.0
牛,EYCI月成交头数,2025-05-01,230115.0
牛,EYCI月成交头数,2025-06-01,20154.0
牛,EYCI月成交头数,2025-07-01,484490.0
牛,EYCI月成交头数,2025-08-01,561937.0
牛,EYCI月成交头数,2025-09-01,601348.0
牛,EYCI月成交头数,2025-10-01,612671.0
牛,EYCI月成交头数,2025-11-01,699966.0
牛,EYCI月成交头数,2025-12-01,490939.0
牛,EYCI月成交头数,2026-01-01,450497.0
牛,EYCI月成交头数,2026-02-01,546973.0
牛,EYCI月成交头数,2026-03-01,643521.0
牛,EYCI月成交头数,2026-04-01,584328.0
牛,EYCI月成交头数,2026-05-01,558692.0
牛,EYCI月成交头数,2026-06-01,517662.0
牛,EYCI月成交头数,2026-07-01,101446.0
牛,Feeder Steer月均(c/kg lwt),2003-06-01,161.9612040586387
牛,Feeder Steer月均(c/kg lwt),2003-07-01,167.69111799357194
牛,Feeder Steer月均(c/kg lwt),2003-08-01,176.9524926490023
牛,Feeder Steer月均(c/kg lwt),2003-09-01,180.8721210546026
牛,Feeder Steer月均(c/kg lwt),2003-10-01,180.75772344015533
牛,Feeder Steer月均(c/kg lwt),2003-11-01,173.67282981667785
牛,Feeder Steer月均(c/kg lwt),2003-12-01,169.03890132705004
牛,Feeder Steer月均(c/kg lwt),2004-01-01,169.97872877924857
牛,Feeder Steer月均(c/kg lwt),2004-02-01,171.0995527448358
牛,Feeder Steer月均(c/kg lwt),2004-03-01,169.10287458627766
牛,Feeder Steer月均(c/kg lwt),2004-04-01,166.57262531203358
牛,Feeder Steer月均(c/kg lwt),2004-05-01,164.6802796196139
牛,Feeder Steer月均(c/kg lwt),2004-06-01,174.6575292562321
牛,Feeder Steer月均(c/kg lwt),2004-07-01,185.2374951741186
牛,Feeder Steer月均(c/kg lwt),2004-08-01,193.82884779204448
牛,Feeder Steer月均(c/kg lwt),2004-09-01,200.43287301022232
牛,Feeder Steer月均(c/kg lwt),2004-10-01,195.30596159149536
牛,Feeder Steer月均(c/kg lwt),2004-11-01,194.2054587212735
牛,Feeder Steer月均(c/kg lwt),2004-12-01,192.93403974545743
牛,Feeder Steer月均(c/kg lwt),2005-01-01,191.11726262839758
牛,Feeder Steer月均(c/kg lwt),2005-02-01,190.63037617862992
牛,Feeder Steer月均(c/kg lwt),2005-03-01,188.12957967825224
牛,Feeder Steer月均(c/kg lwt),2005-04-01,180.93075522952026
牛,Feeder Steer月均(c/kg lwt),2005-05-01,177.83829063608266
牛,Feeder Steer月均(c/kg lwt),2005-06-01,177.85300739080148
牛,Feeder Steer月均(c/kg lwt),2005-07-01,208.75184217867587
牛,Feeder Steer月均(c/kg lwt),2005-08-01,220.45980962345067
牛,Feeder Steer月均(c/kg lwt),2005-09-01,213.6118091140097
牛,Feeder Steer月均(c/kg lwt),2005-10-01,207.33284585609226
牛,Feeder Steer月均(c/kg lwt),2005-11-01,193.46869024090185
牛,Feeder Steer月均(c/kg lwt),2005-12-01,189.91360799577626
牛,Feeder Steer月均(c/kg lwt),2006-01-01,182.81257364862446
牛,Feeder Steer月均(c/kg lwt),2006-02-01,182.9509720189604
牛,Feeder Steer月均(c/kg lwt),2006-03-01,187.9780849706808
牛,Feeder Steer月均(c/kg lwt),2006-04-01,186.4709959344919
牛,Feeder Steer月均(c/kg lwt),2006-05-01,185.11719468363907
牛,Feeder Steer月均(c/kg lwt),2006-06-01,180.82234181784284
牛,Feeder Steer月均(c/kg lwt),2006-07-01,190.73191407616116
牛,Feeder Steer月均(c/kg lwt),2006-08-01,198.2100759541892
牛,Feeder Steer月均(c/kg lwt),2006-09-01,186.70151474797981
牛,Feeder Steer月均(c/kg lwt),2006-10-01,161.00311428239405
牛,Feeder Steer月均(c/kg lwt),2006-11-01,162.1388785195771
牛,Feeder Steer月均(c/kg lwt),2006-12-01,151.72005906028963
牛,Feeder Steer月均(c/kg lwt),2007-01-01,159.04038762061006
牛,Feeder Steer月均(c/kg lwt),2007-02-01,167.2929977948474
牛,Feeder Steer月均(c/kg lwt),2007-03-01,176.13190201658884
牛,Feeder Steer月均(c/kg lwt),2007-04-01,168.73618496508334
牛,Feeder Steer月均(c/kg lwt),2007-05-01,170.2901898583882
牛,Feeder Steer月均(c/kg lwt),2007-06-01,171.24539234491778
牛,Feeder Steer月均(c/kg lwt),2007-07-01,177.75585162786524
牛,Feeder Steer月均(c/kg lwt),2007-08-01,175.00663364257352
牛,Feeder Steer月均(c/kg lwt),2007-09-01,165.46883921341887
牛,Feeder Steer月均(c/kg lwt),2007-10-01,147.0568846338726
牛,Feeder Steer月均(c/kg lwt),2007-11-01,154.49250507731213
牛,Feeder Steer月均(c/kg lwt),2007-12-01,162.2403612866503
牛,Feeder Steer月均(c/kg lwt),2008-01-01,169.4395813916745
牛,Feeder Steer月均(c/kg lwt),2008-02-01,177.49295987519648
牛,Feeder Steer月均(c/kg lwt),2008-03-01,168.4535809771824
牛,Feeder Steer月均(c/kg lwt),2008-04-01,165.3337661405102
牛,Feeder Steer月均(c/kg lwt),2008-05-01,161.16588086338047
牛,Feeder Steer月均(c/kg lwt),2008-06-01,167.07562321202064
牛,Feeder Steer月均(c/kg lwt),2008-07-01,174.08518276824168
牛,Feeder Steer月均(c/kg lwt),2008-08-01,178.23037747845655
牛,Feeder Steer月均(c/kg lwt),2008-09-01,185.35214488783708
牛,Feeder Steer月均(c/kg lwt),2008-10-01,185.95747693414472
牛,Feeder Steer月均(c/kg lwt),2008-11-01,171.18880119390005
牛,Feeder Steer月均(c/kg lwt),2008-12-01,173.42621570599778
牛,Feeder Steer月均(c/kg lwt),2009-01-01,171.68800178771588
牛,Feeder Steer月均(c/kg lwt),2009-02-01,158.15717852605806
牛,Feeder Steer月均(c/kg lwt),2009-03-01,162.86222175828146
牛,Feeder Steer月均(c/kg lwt),2009-04-01,164.3854492346519
牛,Feeder Steer月均(c/kg lwt),2009-05-01,162.80819427243947
牛,Feeder Steer月均(c/kg lwt),2009-06-01,170.15616492579858
牛,Feeder Steer月均(c/kg lwt),2009-07-01,175.83519554046453
牛,Feeder Steer月均(c/kg lwt),2009-08-01,175.4206327353381
牛,Feeder Steer月均(c/kg lwt),2009-09-01,170.55149915070416
牛,Feeder Steer月均(c/kg lwt),2009-10-01,164.344592647838
牛,Feeder Steer月均(c/kg lwt),2009-11-01,158.95719375810702
牛,Feeder Steer月均(c/kg lwt),2009-12-01,149.37677231454103
牛,Feeder Steer月均(c/kg lwt),2010-01-01,162.25618724205276
牛,Feeder Steer月均(c/kg lwt),2010-02-01,174.27056555300442
牛,Feeder Steer月均(c/kg lwt),2010-03-01,180.92315706421493
牛,Feeder Steer月均(c/kg lwt),2010-04-01,179.1783319376171
牛,Feeder Steer月均(c/kg lwt),2010-05-01,178.91591509101957
牛,Feeder Steer月均(c/kg lwt),2010-06-01,180.27053193116333
牛,Feeder Steer月均(c/kg lwt),2010-07-01,181.96600294081026
牛,Feeder Steer月均(c/kg lwt),2010-08-01,188.01396582097422
牛,Feeder Steer月均(c/kg lwt),2010-09-01,190.2166422138352
牛,Feeder Steer月均(c/kg lwt),2010-10-01,191.900189442549
牛,Feeder Steer月均(c/kg lwt),2010-11-01,189.38184300169064
牛,Feeder Steer月均(c/kg lwt),2010-12-01,199.43508490126112
牛,Feeder Steer月均(c/kg lwt),2011-01-01,205.95316942446834
牛,Feeder Steer月均(c/kg lwt),2011-02-01,200.60095333226985
牛,Feeder Steer月均(c/kg lwt),2011-03-01,208.66513315336064
牛,Feeder Steer月均(c/kg lwt),2011-04-01,210.19368060883477
牛,Feeder Steer月均(c/kg lwt),2011-05-01,195.53761829167837
牛,Feeder Steer月均(c/kg lwt),2011-06-01,191.9164260171488
牛,Feeder Steer月均(c/kg lwt),2011-07-01,188.62793799402456
牛,Feeder Steer月均(c/kg lwt),2011-08-01,191.63231754316195
牛,Feeder Steer月均(c/kg lwt),2011-09-01,201.1804788423909
牛,Feeder Steer月均(c/kg lwt),2011-10-01,203.3718243420848
牛,Feeder Steer月均(c/kg lwt),2011-11-01,209.21738741638873
牛,Feeder Steer月均(c/kg lwt),2011-12-01,213.7144030166631
牛,Feeder Steer月均(c/kg lwt),2012-01-01,213.0044820514138
牛,Feeder Steer月均(c/kg lwt),2012-02-01,200.9249489218589
牛,Feeder Steer月均(c/kg lwt),2012-03-01,197.33033223353394
牛,Feeder Steer月均(c/kg lwt),2012-04-01,193.6574047824301
牛,Feeder Steer月均(c/kg lwt),2012-05-01,189.18218194942676
牛,Feeder Steer月均(c/kg lwt),2012-06-01,192.32234670145147
牛,Feeder Steer月均(c/kg lwt),2012-07-01,198.474460654512
牛,Feeder Steer月均(c/kg lwt),2012-08-01,199.48745074838615
牛,Feeder Steer月均(c/kg lwt),2012-09-01,191.4860305325702
牛,Feeder Steer月均(c/kg lwt),2012-10-01,185.33123703288604
牛,Feeder Steer月均(c/kg lwt),2012-11-01,179.6349425307073
牛,Feeder Steer月均(c/kg lwt),2012-12-01,173.8183075281807
牛,Feeder Steer月均(c/kg lwt),2013-01-01,165.39389957324164
牛,Feeder Steer月均(c/kg lwt),2013-02-01,170.78295024348367
牛,Feeder Steer月均(c/kg lwt),2013-03-01,172.00162202096527
牛,Feeder Steer月均(c/kg lwt),2013-04-01,163.0795231999322
牛,Feeder Steer月均(c/kg lwt),2013-05-01,153.04091009903237
牛,Feeder Steer月均(c/kg lwt),2013-06-01,162.64407659793326
牛,Feeder Steer月均(c/kg lwt),2013-07-01,170.06561111437944
牛,Feeder Steer月均(c/kg lwt),2013-08-01,171.70100962313674
牛,Feeder Steer月均(c/kg lwt),2013-09-01,165.65585677834844
牛,Feeder Steer月均(c/kg lwt),2013-10-01,165.015342238933
牛,Feeder Steer月均(c/kg lwt),2013-11-01,167.0046571186058
牛,Feeder Steer月均(c/kg lwt),2013-12-01,176.2744493587851
牛,Feeder Steer月均(c/kg lwt),2014-01-01,162.292012518641
牛,Feeder Steer月均(c/kg lwt),2014-02-01,159.15581166018552
牛,Feeder Steer月均(c/kg lwt),2014-03-01,168.23732045482944
牛,Feeder Steer月均(c/kg lwt),2014-04-01,188.12883861764035
牛,Feeder Steer月均(c/kg lwt),2014-05-01,184.8651831203249
牛,Feeder Steer月均(c/kg lwt),2014-06-01,180.79839040730727
牛,Feeder Steer月均(c/kg lwt),2014-07-01,180.7845755178662
牛,Feeder Steer月均(c/kg lwt),2014-08-01,188.12416546709733
牛,Feeder Steer月均(c/kg lwt),2014-09-01,197.8661385431763
牛,Feeder Steer月均(c/kg lwt),2014-10-01,200.9243966123563
牛,Feeder Steer月均(c/kg lwt),2014-11-01,190.01888845392006
牛,Feeder Steer月均(c/kg lwt),2014-12-01,203.61895528651365
牛,Feeder Steer月均(c/kg lwt),2015-01-01,231.65280596827463
牛,Feeder Steer月均(c/kg lwt),2015-02-01,244.6587636002564
牛,Feeder Steer月均(c/kg lwt),2015-03-01,234.06792728284069
牛,Feeder Steer月均(c/kg lwt),2015-04-01,236.05106951195617
牛,Feeder Steer月均(c/kg lwt),2015-05-01,257.2600500154198
牛,Feeder Steer月均(c/kg lwt),2015-06-01,265.22038365731555
牛,Feeder Steer月均(c/kg lwt),2015-07-01,288.9885970828732
牛,Feeder Steer月均(c/kg lwt),2015-08-01,296.6148611025515
牛,Feeder Steer月均(c/kg lwt),2015-09-01,312.52287187030726
牛,Feeder Steer月均(c/kg lwt),2015-10-01,303.1668771827466
牛,Feeder Steer月均(c/kg lwt),2015-11-01,311.2602144585019
牛,Feeder Steer月均(c/kg lwt),2015-12-01,315.6192966810105
牛,Feeder Steer月均(c/kg lwt),2016-01-01,311.0120887953849
牛,Feeder Steer月均(c/kg lwt),2016-02-01,315.5693094438439
牛,Feeder Steer月均(c/kg lwt),2016-03-01,314.49914642514534
牛,Feeder Steer月均(c/kg lwt),2016-04-01,300.228087821849
牛,Feeder Steer月均(c/kg lwt),2016-05-01,299.30323345510703
牛,Feeder Steer月均(c/kg lwt),2016-06-01,325.3821629742415
牛,Feeder Steer月均(c/kg lwt),2016-07-01,352.3173656737364
牛,Feeder Steer月均(c/kg lwt),2016-08-01,368.1805429691737
牛,Feeder Steer月均(c/kg lwt),2016-09-01,362.1278299753776
牛,Feeder Steer月均(c/kg lwt),2016-10-01,357.56539261670906
牛,Feeder Steer月均(c/kg lwt),2016-11-01,337.19338141515135
牛,Feeder Steer月均(c/kg lwt),2016-12-01,332.70671803894095
牛,Feeder Steer月均(c/kg lwt),2017-01-01,333.9304490291874
牛,Feeder Steer月均(c/kg lwt),2017-02-01,334.58103509755824
牛,Feeder Steer月均(c/kg lwt),2017-03-01,315.66344559696205
牛,Feeder Steer月均(c/kg lwt),2017-04-01,339.5722775690579
牛,Feeder Steer月均(c/kg lwt),2017-05-01,334.73701906817735
牛,Feeder Steer月均(c/kg lwt),2017-06-01,333.96770110351287
牛,Feeder Steer月均(c/kg lwt),2017-07-01,321.6381518978081
牛,Feeder Steer月均(c/kg lwt),2017-08-01,298.13543187571923
牛,Feeder Steer月均(c/kg lwt),2017-09-01,287.25068912259974
牛,Feeder Steer月均(c/kg lwt),2017-10-01,281.9581762091851
牛,Feeder Steer月均(c/kg lwt),2017-11-01,302.96703913180414
牛,Feeder Steer月均(c/kg lwt),2017-12-01,293.85604486453184
牛,Feeder Steer月均(c/kg lwt),2018-01-01,291.4242946308931
牛,Feeder Steer月均(c/kg lwt),2018-02-01,279.242301011253
牛,Feeder Steer月均(c/kg lwt),2018-03-01,288.5186275280917
牛,Feeder Steer月均(c/kg lwt),2018-04-01,280.8822406786222
牛,Feeder Steer月均(c/kg lwt),2018-05-01,268.51907956793303
牛,Feeder Steer月均(c/kg lwt),2018-06-01,265.81604871546614
牛,Feeder Steer月均(c/kg lwt),2018-07-01,282.17216478632474
牛,Feeder Steer月均(c/kg lwt),2018-08-01,260.27476692097014
牛,Feeder Steer月均(c/kg lwt),2018-09-01,272.27169564803114
牛,Feeder Steer月均(c/kg lwt),2018-10-01,278.1720962657753
牛,Feeder Steer月均(c/kg lwt),2018-11-01,292.61891322229087
牛,Feeder Steer月均(c/kg lwt),2018-12-01,286.9361766564498
牛,Feeder Steer月均(c/kg lwt),2019-01-01,268.48087154788334
牛,Feeder Steer月均(c/kg lwt),2019-02-01,261.050432456821
牛,Feeder Steer月均(c/kg lwt),2019-03-01,245.86376585786047
牛,Feeder Steer月均(c/kg lwt),2019-04-01,271.51113878876083
牛,Feeder Steer月均(c/kg lwt),2019-05-01,276.8138336684266
牛,Feeder Steer月均(c/kg lwt),2019-06-01,276.58198822684926
牛,Feeder Steer月均(c/kg lwt),2019-07-01,292.07316440398256
牛,Feeder Steer月均(c/kg lwt),2019-08-01,297.6879919506662
牛,Feeder Steer月均(c/kg lwt),2019-09-01,276.6124054104045
牛,Feeder Steer月均(c/kg lwt),2019-10-01,281.3911510729097
牛,Feeder Steer月均(c/kg lwt),2019-11-01,289.3292779222253
牛,Feeder Steer月均(c/kg lwt),2019-12-01,277.43652429663445
牛,Feeder Steer月均(c/kg lwt),2020-01-01,280.3667338916387
牛,Feeder Steer月均(c/kg lwt),2020-02-01,339.7070993710173
牛,Feeder Steer月均(c/kg lwt),2020-03-01,379.8044234748367
牛,Feeder Steer月均(c/kg lwt),2020-04-01,342.69860759694456
牛,Feeder Steer月均(c/kg lwt),2020-05-01,356.47238118978464
牛,Feeder Steer月均(c/kg lwt),2020-06-01,379.955899813731
牛,Feeder Steer月均(c/kg lwt),2020-07-01,382.62662175937857
牛,Feeder Steer月均(c/kg lwt),2020-08-01,379.2926832971235
牛,Feeder Steer月均(c/kg lwt),2020-09-01,385.95452024979147
牛,Feeder Steer月均(c/kg lwt),2020-10-01,399.41171088814457
牛,Feeder Steer月均(c/kg lwt),2020-11-01,416.5373848526695
牛,Feeder Steer月均(c/kg lwt),2020-12-01,402.3230913134296
牛,Feeder Steer月均(c/kg lwt),2021-01-01,423.5628398839341
牛,Feeder Steer月均(c/kg lwt),2021-02-01,441.31120945493694
牛,Feeder Steer月均(c/kg lwt),2021-03-01,425.8423649288038
牛,Feeder Steer月均(c/kg lwt),2021-04-01,440.6848141804793
牛,Feeder Steer月均(c/kg lwt),2021-05-01,433.5566932251959
牛,Feeder Steer月均(c/kg lwt),2021-06-01,445.57522244598454
牛,Feeder Steer月均(c/kg lwt),2021-07-01,470.72970193421577
牛,Feeder Steer月均(c/kg lwt),2021-08-01,492.30526627823383
牛,Feeder Steer月均(c/kg lwt),2021-09-01,510.37376629595417
牛,Feeder Steer月均(c/kg lwt),2021-10-01,521.2568842497035
牛,Feeder Steer月均(c/kg lwt),2021-11-01,541.7146302987687
牛,Feeder Steer月均(c/kg lwt),2021-12-01,568.2395075613115
牛,Feeder Steer月均(c/kg lwt),2022-01-01,543.295936766076
牛,Feeder Steer月均(c/kg lwt),2022-02-01,564.4534955342115
牛,Feeder Steer月均(c/kg lwt),2022-03-01,553.6347609796297
牛,Feeder Steer月均(c/kg lwt),2022-04-01,536.4144588044003
牛,Feeder Steer月均(c/kg lwt),2022-05-01,541.9277733848285
牛,Feeder Steer月均(c/kg lwt),2022-06-01,545.48548361946
牛,Feeder Steer月均(c/kg lwt),2022-07-01,487.583422223399
牛,Feeder Steer月均(c/kg lwt),2022-08-01,471.3496734256307
牛,Feeder Steer月均(c/kg lwt),2022-09-01,510.87464283717844
牛,Feeder Steer月均(c/kg lwt),2022-10-01,514.4629899412008
牛,Feeder Steer月均(c/kg lwt),2022-11-01,491.4898567563932
牛,Feeder Steer月均(c/kg lwt),2022-12-01,446.0007759208699
牛,Feeder Steer月均(c/kg lwt),2023-01-01,405.0059832503248
牛,Feeder Steer月均(c/kg lwt),2023-02-01,389.85069592464333
牛,Feeder Steer月均(c/kg lwt),2023-03-01,362.6652705481586
牛,Feeder Steer月均(c/kg lwt),2023-04-01,355.99816395833534
牛,Feeder Steer月均(c/kg lwt),2023-05-01,340.22394865790943
牛,Feeder Steer月均(c/kg lwt),2023-06-01,312.0297026245893
牛,Feeder Steer月均(c/kg lwt),2023-07-01,316.1283735265361
牛,Feeder Steer月均(c/kg lwt),2023-08-01,312.23082424652483
牛,Feeder Steer月均(c/kg lwt),2023-09-01,262.0230628787234
牛,Feeder Steer月均(c/kg lwt),2023-10-01,215.84184333699827
牛,Feeder Steer月均(c/kg lwt),2023-11-01,223.61046522515815
牛,Feeder Steer月均(c/kg lwt),2023-12-01,284.7615481951662
牛,Feeder Steer月均(c/kg lwt),2024-01-01,297.91291417658425
牛,Feeder Steer月均(c/kg lwt),2024-02-01,344.0261281345207
牛,Feeder Steer月均(c/kg lwt),2024-03-01,321.31181866546706
牛,Feeder Steer月均(c/kg lwt),2024-04-01,321.99891740559974
牛,Feeder Steer月均(c/kg lwt),2024-05-01,320.6397076284548
牛,Feeder Steer月均(c/kg lwt),2024-06-01,324.77531038343716
牛,Feeder Steer月均(c/kg lwt),2024-07-01,337.9962170054347
牛,Feeder Steer月均(c/kg lwt),2024-08-01,362.7977529921602
牛,Feeder Steer月均(c/kg lwt),2024-09-01,364.89170968743076
牛,Feeder Steer月均(c/kg lwt),2024-10-01,346.2026242634155
牛,Feeder Steer月均(c/kg lwt),2024-11-01,341.3919065961178
牛,Feeder Steer月均(c/kg lwt),2024-12-01,354.9060702453731
牛,Feeder Steer月均(c/kg lwt),2025-01-01,376.36776957802084
牛,Feeder Steer月均(c/kg lwt),2025-02-01,354.5358657289621
牛,Feeder Steer月均(c/kg lwt),2025-03-01,358.55312239856664
牛,Feeder Steer月均(c/kg lwt),2025-04-01,381.97358038808153
牛,Feeder Steer月均(c/kg lwt),2025-05-01,375.2699473348684
牛,Feeder Steer月均(c/kg lwt),2025-06-01,385.3391405875085
牛,Feeder Steer月均(c/kg lwt),2025-07-01,411.59548197485014
牛,Feeder Steer月均(c/kg lwt),2025-08-01,451.24966968203523
牛,Feeder Steer月均(c/kg lwt),2025-09-01,476.34642790198086
牛,Feeder Steer月均(c/kg lwt),2025-10-01,463.67288733098246
牛,Feeder Steer月均(c/kg lwt),2025-11-01,474.1798441162053
牛,Feeder Steer月均(c/kg lwt),2025-12-01,470.5495177442467
牛,Feeder Steer月均(c/kg lwt),2026-01-01,464.9522316724288
牛,Feeder Steer月均(c/kg lwt),2026-02-01,466.8848396382126
牛,Feeder Steer月均(c/kg lwt),2026-03-01,479.9620894807648
牛,Feeder Steer月均(c/kg lwt),2026-04-01,457.6687669502074
牛,Feeder Steer月均(c/kg lwt),2026-05-01,464.5343469480663
牛,Feeder Steer月均(c/kg lwt),2026-06-01,516.4501402109795
牛,Feeder Steer月均(c/kg lwt),2026-07-01,546.5182902407145
牛,Heavy Steer月均(c/kg lwt),2000-01-01,124.40543945318836
牛,Heavy Steer月均(c/kg lwt),2000-02-01,123.14811483869249
牛,Heavy Steer月均(c/kg lwt),2000-03-01,127.10988361336186
牛,Heavy Steer月均(c/kg lwt),2000-04-01,131.61426648078424
牛,Heavy Steer月均(c/kg lwt),2000-05-01,136.73267577190302
牛,Heavy Steer月均(c/kg lwt),2000-06-01,131.95706028000254
牛,Heavy Steer月均(c/kg lwt),2000-07-01,134.0021875914032
牛,Heavy Steer月均(c/kg lwt),2000-08-01,138.64014045392082
牛,Heavy Steer月均(c/kg lwt),2000-09-01,138.86252427574937
牛,Heavy Steer月均(c/kg lwt),2000-10-01,135.60131583017147
牛,Heavy Steer月均(c/kg lwt),2000-11-01,152.17189757449594
牛,Heavy Steer月均(c/kg lwt),2000-12-01,150.8138810474347
牛,Heavy Steer月均(c/kg lwt),2001-01-01,144.97570683829642
牛,Heavy Steer月均(c/kg lwt),2001-02-01,148.56724098609573
牛,Heavy Steer月均(c/kg lwt),2001-03-01,158.64916839700638
牛,Heavy Steer月均(c/kg lwt),2001-04-01,168.54539398474043
牛,Heavy Steer月均(c/kg lwt),2001-05-01,170.28210920104823
牛,Heavy Steer月均(c/kg lwt),2001-06-01,164.9859468760297
牛,Heavy Steer月均(c/kg lwt),2001-07-01,171.70610966284974
牛,Heavy Steer月均(c/kg lwt),2001-08-01,187.08903453871346
牛,Heavy Steer月均(c/kg lwt),2001-09-01,202.24989115476242
牛,Heavy Steer月均(c/kg lwt),2001-10-01,179.80587867746735
牛,Heavy Steer月均(c/kg lwt),2001-11-01,188.37703134688152
牛,Heavy Steer月均(c/kg lwt),2001-12-01,176.39451099301755
牛,Heavy Steer月均(c/kg lwt),2002-01-01,164.97217935628373
牛,Heavy Steer月均(c/kg lwt),2002-02-01,162.37540460326468
牛,Heavy Steer月均(c/kg lwt),2002-03-01,167.78749694518493
牛,Heavy Steer月均(c/kg lwt),2002-04-01,156.78425052780383
牛,Heavy Steer月均(c/kg lwt),2002-05-01,143.05802711196804
牛,Heavy Steer月均(c/kg lwt),2002-06-01,131.59027390405006
牛,Heavy Steer月均(c/kg lwt),2002-07-01,131.9989501775491
牛,Heavy Steer月均(c/kg lwt),2002-08-01,135.6478182626903
牛,Heavy Steer月均(c/kg lwt),2002-09-01,147.11617993580498
牛,Heavy Steer月均(c/kg lwt),2002-10-01,144.6238301760669
牛,Heavy Steer月均(c/kg lwt),2002-11-01,138.57830309907993
牛,Heavy Steer月均(c/kg lwt),2002-12-01,139.71043932395335
牛,Heavy Steer月均(c/kg lwt),2003-01-01,144.2679636638106
牛,Heavy Steer月均(c/kg lwt),2003-02-01,145.234419268279
牛,Heavy Steer月均(c/kg lwt),2003-03-01,171.3770470214237
牛,Heavy Steer月均(c/kg lwt),2003-04-01,168.87786551876863
牛,Heavy Steer月均(c/kg lwt),2003-05-01,157.40340722550343
牛,Heavy Steer月均(c/kg lwt),2003-06-01,152.98559661080816
牛,Heavy Steer月均(c/kg lwt),2003-07-01,156.88301929610253
牛,Heavy Steer月均(c/kg lwt),2003-08-01,163.2369730428057
牛,Heavy Steer月均(c/kg lwt),2003-09-01,167.92811156686068
牛,Heavy Steer月均(c/kg lwt),2003-10-01,173.5215825010402
牛,Heavy Steer月均(c/kg lwt),2003-11-01,169.58658366660896
牛,Heavy Steer月均(c/kg lwt),2003-12-01,156.1074484539953
牛,Heavy Steer月均(c/kg lwt),2004-01-01,159.61573803270227
牛,Heavy Steer月均(c/kg lwt),2004-02-01,163.02020473288545
牛,Heavy Steer月均(c/kg lwt),2004-03-01,157.204924982293
牛,Heavy Steer月均(c/kg lwt),2004-04-01,155.05152281368646
牛,Heavy Steer月均(c/kg lwt),2004-05-01,157.09606482422396
牛,Heavy Steer月均(c/kg lwt),2004-06-01,166.71945615189975
牛,Heavy Steer月均(c/kg lwt),2004-07-01,171.95259392067203
牛,Heavy Steer月均(c/kg lwt),2004-08-01,180.70946430241165
牛,Heavy Steer月均(c/kg lwt),2004-09-01,188.59493942809007
牛,Heavy Steer月均(c/kg lwt),2004-10-01,184.65681780183468
牛,Heavy Steer月均(c/kg lwt),2004-11-01,184.93055254544953
牛,Heavy Steer月均(c/kg lwt),2004-12-01,174.45571354169843
牛,Heavy Steer月均(c/kg lwt),2005-01-01,173.08511366302565
牛,Heavy Steer月均(c/kg lwt),2005-02-01,173.60083913891222
牛,Heavy Steer月均(c/kg lwt),2005-03-01,172.2160795232361
牛,Heavy Steer月均(c/kg lwt),2005-04-01,166.42100383892102
牛,Heavy Steer月均(c/kg lwt),2005-05-01,165.5134317621575
牛,Heavy Steer月均(c/kg lwt),2005-06-01,161.77859184570602
牛,Heavy Steer月均(c/kg lwt),2005-07-01,183.19309192694962
牛,Heavy Steer月均(c/kg lwt),2005-08-01,188.71718967555728
牛,Heavy Steer月均(c/kg lwt),2005-09-01,184.8373577476059
牛,Heavy Steer月均(c/kg lwt),2005-10-01,180.98907412802527
牛,Heavy Steer月均(c/kg lwt),2005-11-01,177.81574571131222
牛,Heavy Steer月均(c/kg lwt),2005-12-01,171.33368528454506
牛,Heavy Steer月均(c/kg lwt),2006-01-01,165.12062644835893
牛,Heavy Steer月均(c/kg lwt),2006-02-01,172.9669514316003
牛,Heavy Steer月均(c/kg lwt),2006-03-01,176.81199507918103
牛,Heavy Steer月均(c/kg lwt),2006-04-01,176.1164184736635
牛,Heavy Steer月均(c/kg lwt),2006-05-01,176.88908473304753
牛,Heavy Steer月均(c/kg lwt),2006-06-01,175.0309086298809
牛,Heavy Steer月均(c/kg lwt),2006-07-01,177.89743496750407
牛,Heavy Steer月均(c/kg lwt),2006-08-01,182.5142565346694
牛,Heavy Steer月均(c/kg lwt),2006-09-01,178.40137394854486
牛,Heavy Steer月均(c/kg lwt),2006-10-01,162.56717287501849
牛,Heavy Steer月均(c/kg lwt),2006-11-01,165.28586163408795
牛,Heavy Steer月均(c/kg lwt),2006-12-01,145.36720835877873
牛,Heavy Steer月均(c/kg lwt),2007-01-01,151.74357902807213
牛,Heavy Steer月均(c/kg lwt),2007-02-01,162.45409828590263
牛,Heavy Steer月均(c/kg lwt),2007-03-01,168.54318452691825
牛,Heavy Steer月均(c/kg lwt),2007-04-01,162.21633723215564
牛,Heavy Steer月均(c/kg lwt),2007-05-01,162.98468939997255
牛,Heavy Steer月均(c/kg lwt),2007-06-01,166.88319471911205
牛,Heavy Steer月均(c/kg lwt),2007-07-01,172.61006125044923
牛,Heavy Steer月均(c/kg lwt),2007-08-01,169.98165744619664
牛,Heavy Steer月均(c/kg lwt),2007-09-01,167.55257301081616
牛,Heavy Steer月均(c/kg lwt),2007-10-01,154.4291031012257
牛,Heavy Steer月均(c/kg lwt),2007-11-01,155.25408583390126
牛,Heavy Steer月均(c/kg lwt),2007-12-01,153.37951369591275
牛,Heavy Steer月均(c/kg lwt),2008-01-01,153.49414668823292
牛,Heavy Steer月均(c/kg lwt),2008-02-01,162.96526366639443
牛,Heavy Steer月均(c/kg lwt),2008-03-01,158.42821850238474
牛,Heavy Steer月均(c/kg lwt),2008-04-01,159.4956372955159
牛,Heavy Steer月均(c/kg lwt),2008-05-01,158.21155508996884
牛,Heavy Steer月均(c/kg lwt),2008-06-01,168.31733130930473
牛,Heavy Steer月均(c/kg lwt),2008-07-01,172.75014507073865
牛,Heavy Steer月均(c/kg lwt),2008-08-01,180.318629798714
牛,Heavy Steer月均(c/kg lwt),2008-09-01,189.39844046575317
牛,Heavy Steer月均(c/kg lwt),2008-10-01,186.87792959173072
牛,Heavy Steer月均(c/kg lwt),2008-11-01,168.12174164667152
牛,Heavy Steer月均(c/kg lwt),2008-12-01,166.80527740515896
牛,Heavy Steer月均(c/kg lwt),2009-01-01,163.7441383474896
牛,Heavy Steer月均(c/kg lwt),2009-02-01,153.654172617376
牛,Heavy Steer月均(c/kg lwt),2009-03-01,159.20046361545135
牛,Heavy Steer月均(c/kg lwt),2009-04-01,155.55731768383401
牛,Heavy Steer月均(c/kg lwt),2009-05-01,157.67186015293413
牛,Heavy Steer月均(c/kg lwt),2009-06-01,162.96975212514502
牛,Heavy Steer月均(c/kg lwt),2009-07-01,170.98421638799698
牛,Heavy Steer月均(c/kg lwt),2009-08-01,169.46277789040812
牛,Heavy Steer月均(c/kg lwt),2009-09-01,167.1383582260343
牛,Heavy Steer月均(c/kg lwt),2009-10-01,160.42390879495505
牛,Heavy Steer月均(c/kg lwt),2009-11-01,153.6279265164112
牛,Heavy Steer月均(c/kg lwt),2009-12-01,146.7150657441718
牛,Heavy Steer月均(c/kg lwt),2010-01-01,151.78286962501494
牛,Heavy Steer月均(c/kg lwt),2010-02-01,162.64026566359465
牛,Heavy Steer月均(c/kg lwt),2010-03-01,174.03874834162607
牛,Heavy Steer月均(c/kg lwt),2010-04-01,171.06364070395557
牛,Heavy Steer月均(c/kg lwt),2010-05-01,171.74019475078987
牛,Heavy Steer月均(c/kg lwt),2010-06-01,174.27802699223977
牛,Heavy Steer月均(c/kg lwt),2010-07-01,172.3478163865687
牛,Heavy Steer月均(c/kg lwt),2010-08-01,176.26517593083793
牛,Heavy Steer月均(c/kg lwt),2010-09-01,181.22533774971976
牛,Heavy Steer月均(c/kg lwt),2010-10-01,178.12522289030053
牛,Heavy Steer月均(c/kg lwt),2010-11-01,176.0116628168128
牛,Heavy Steer月均(c/kg lwt),2010-12-01,179.725359315979
牛,Heavy Steer月均(c/kg lwt),2011-01-01,188.02300409711592
牛,Heavy Steer月均(c/kg lwt),2011-02-01,190.8304011251484
牛,Heavy Steer月均(c/kg lwt),2011-03-01,200.50321372673255
牛,Heavy Steer月均(c/kg lwt),2011-04-01,198.3705951247979
牛,Heavy Steer月均(c/kg lwt),2011-05-01,178.41707578171594
牛,Heavy Steer月均(c/kg lwt),2011-06-01,175.08775888820244
牛,Heavy Steer月均(c/kg lwt),2011-07-01,169.61891498848343
牛,Heavy Steer月均(c/kg lwt),2011-08-01,174.83680936248987
牛,Heavy Steer月均(c/kg lwt),2011-09-01,185.4614885827355
牛,Heavy Steer月均(c/kg lwt),2011-10-01,190.0309449082933
牛,Heavy Steer月均(c/kg lwt),2011-11-01,186.8549059046931
牛,Heavy Steer月均(c/kg lwt),2011-12-01,189.17274414195168
牛,Heavy Steer月均(c/kg lwt),2012-01-01,184.05603905720096
牛,Heavy Steer月均(c/kg lwt),2012-02-01,178.5136171850581
牛,Heavy Steer月均(c/kg lwt),2012-03-01,184.04948006493808
牛,Heavy Steer月均(c/kg lwt),2012-04-01,179.19626661424996
牛,Heavy Steer月均(c/kg lwt),2012-05-01,176.50659354441396
牛,Heavy Steer月均(c/kg lwt),2012-06-01,177.57735981397204
牛,Heavy Steer月均(c/kg lwt),2012-07-01,183.5422975603031
牛,Heavy Steer月均(c/kg lwt),2012-08-01,181.3188144709649
牛,Heavy Steer月均(c/kg lwt),2012-09-01,181.82835759578902
牛,Heavy Steer月均(c/kg lwt),2012-10-01,180.84117256955363
牛,Heavy Steer月均(c/kg lwt),2012-11-01,174.38921230538534
牛,Heavy Steer月均(c/kg lwt),2012-12-01,167.5726945090109
牛,Heavy Steer月均(c/kg lwt),2013-01-01,161.47659075837112
牛,Heavy Steer月均(c/kg lwt),2013-02-01,166.35555998348667
牛,Heavy Steer月均(c/kg lwt),2013-03-01,168.11998280143715
牛,Heavy Steer月均(c/kg lwt),2013-04-01,166.33123392714384
牛,Heavy Steer月均(c/kg lwt),2013-05-01,162.71126966865722
牛,Heavy Steer月均(c/kg lwt),2013-06-01,166.8696065555523
牛,Heavy Steer月均(c/kg lwt),2013-07-01,174.02337291084962
牛,Heavy Steer月均(c/kg lwt),2013-08-01,175.64367296355283
牛,Heavy Steer月均(c/kg lwt),2013-09-01,180.82299498347513
牛,Heavy Steer月均(c/kg lwt),2013-10-01,179.85856659313848
牛,Heavy Steer月均(c/kg lwt),2013-11-01,172.37618366881557
牛,Heavy Steer月均(c/kg lwt),2013-12-01,168.94723731840392
牛,Heavy Steer月均(c/kg lwt),2014-01-01,158.08941229464244
牛,Heavy Steer月均(c/kg lwt),2014-02-01,161.79454127611194
牛,Heavy Steer月均(c/kg lwt),2014-03-01,172.16112273563414
牛,Heavy Steer月均(c/kg lwt),2014-04-01,193.50804030945136
牛,Heavy Steer月均(c/kg lwt),2014-05-01,188.19405691450845
牛,Heavy Steer月均(c/kg lwt),2014-06-01,186.97147749613072
牛,Heavy Steer月均(c/kg lwt),2014-07-01,188.97396775258989
牛,Heavy Steer月均(c/kg lwt),2014-08-01,190.58752325770084
牛,Heavy Steer月均(c/kg lwt),2014-09-01,197.69899215354155
牛,Heavy Steer月均(c/kg lwt),2014-10-01,195.82160115013605
牛,Heavy Steer月均(c/kg lwt),2014-11-01,179.5442100259604
牛,Heavy Steer月均(c/kg lwt),2014-12-01,182.69086898771218
牛,Heavy Steer月均(c/kg lwt),2015-01-01,215.62893633561248
牛,Heavy Steer月均(c/kg lwt),2015-02-01,224.36853692169842
牛,Heavy Steer月均(c/kg lwt),2015-03-01,219.42695232803482
牛,Heavy Steer月均(c/kg lwt),2015-04-01,232.0502240208868
牛,Heavy Steer月均(c/kg lwt),2015-05-01,259.05865469755145
牛,Heavy Steer月均(c/kg lwt),2015-06-01,266.6062747830281
牛,Heavy Steer月均(c/kg lwt),2015-07-01,286.549005972298
牛,Heavy Steer月均(c/kg lwt),2015-08-01,304.93497960489333
牛,Heavy Steer月均(c/kg lwt),2015-09-01,308.50276415410286
牛,Heavy Steer月均(c/kg lwt),2015-10-01,290.5397502659181
牛,Heavy Steer月均(c/kg lwt),2015-11-01,288.3043066220859
牛,Heavy Steer月均(c/kg lwt),2015-12-01,277.6316461871256
牛,Heavy Steer月均(c/kg lwt),2016-01-01,270.0236544073791
牛,Heavy Steer月均(c/kg lwt),2016-02-01,284.6677664875202
牛,Heavy Steer月均(c/kg lwt),2016-03-01,285.24349377909607
牛,Heavy Steer月均(c/kg lwt),2016-04-01,281.0942336743685
牛,Heavy Steer月均(c/kg lwt),2016-05-01,285.10023428430156
牛,Heavy Steer月均(c/kg lwt),2016-06-01,306.55465489979844
牛,Heavy Steer月均(c/kg lwt),2016-07-01,333.92641615729957
牛,Heavy Steer月均(c/kg lwt),2016-08-01,335.40240330908864
牛,Heavy Steer月均(c/kg lwt),2016-09-01,338.6585664832278
牛,Heavy Steer月均(c/kg lwt),2016-10-01,326.0666791787174
牛,Heavy Steer月均(c/kg lwt),2016-11-01,303.20075829860775
牛,Heavy Steer月均(c/kg lwt),2016-12-01,293.57560198053824
牛,Heavy Steer月均(c/kg lwt),2017-01-01,307.0218987390533
牛,Heavy Steer月均(c/kg lwt),2017-02-01,303.25716376026696
牛,Heavy Steer月均(c/kg lwt),2017-03-01,293.645337881079
牛,Heavy Steer月均(c/kg lwt),2017-04-01,307.7182771921722
牛,Heavy Steer月均(c/kg lwt),2017-05-01,304.94722098793216
牛,Heavy Steer月均(c/kg lwt),2017-06-01,295.94308437217313
牛,Heavy Steer月均(c/kg lwt),2017-07-01,289.22793158603093
牛,Heavy Steer月均(c/kg lwt),2017-08-01,274.03881401507954
牛,Heavy Steer月均(c/kg lwt),2017-09-01,270.55253799499513
牛,Heavy Steer月均(c/kg lwt),2017-10-01,267.69127538663963
牛,Heavy Steer月均(c/kg lwt),2017-11-01,277.04451296626115
牛,Heavy Steer月均(c/kg lwt),2017-12-01,264.4390564370565
牛,Heavy Steer月均(c/kg lwt),2018-01-01,258.4160666271154
牛,Heavy Steer月均(c/kg lwt),2018-02-01,255.83478147426635
牛,Heavy Steer月均(c/kg lwt),2018-03-01,264.50313661606606
牛,Heavy Steer月均(c/kg lwt),2018-04-01,263.5063962675464
牛,Heavy Steer月均(c/kg lwt),2018-05-01,264.7704063981629
牛,Heavy Steer月均(c/kg lwt),2018-06-01,265.74862720132484
牛,Heavy Steer月均(c/kg lwt),2018-07-01,280.0306665735608
牛,Heavy Steer月均(c/kg lwt),2018-08-01,266.34401557107236
牛,Heavy Steer月均(c/kg lwt),2018-09-01,280.72168812044794
牛,Heavy Steer月均(c/kg lwt),2018-10-01,278.86919198400534
牛,Heavy Steer月均(c/kg lwt),2018-11-01,282.2571757808473
牛,Heavy Steer月均(c/kg lwt),2018-12-01,269.38590432557737
牛,Heavy Steer月均(c/kg lwt),2019-01-01,268.9440494645929
牛,Heavy Steer月均(c/kg lwt),2019-02-01,260.7646535296337
牛,Heavy Steer月均(c/kg lwt),2019-03-01,260.02038164648405
牛,Heavy Steer月均(c/kg lwt),2019-04-01,275.95749563258823
牛,Heavy Steer月均(c/kg lwt),2019-05-01,281.1770348140892
牛,Heavy Steer月均(c/kg lwt),2019-06-01,287.4795788159568
牛,Heavy Steer月均(c/kg lwt),2019-07-01,303.40226059838716
牛,Heavy Steer月均(c/kg lwt),2019-08-01,307.92347455380707
牛,Heavy Steer月均(c/kg lwt),2019-09-01,304.99859300925107
牛,Heavy Steer月均(c/kg lwt),2019-10-01,304.24258283640495
牛,Heavy Steer月均(c/kg lwt),2019-11-01,300.93075374797104
牛,Heavy Steer月均(c/kg lwt),2019-12-01,273.5500555965283
牛,Heavy Steer月均(c/kg lwt),2020-01-01,269.1655841935073
牛,Heavy Steer月均(c/kg lwt),2020-02-01,303.0746490805009
牛,Heavy Steer月均(c/kg lwt),2020-03-01,332.14445004182886
牛,Heavy Steer月均(c/kg lwt),2020-04-01,303.45637779265877
牛,Heavy Steer月均(c/kg lwt),2020-05-01,326.0028475107049
牛,Heavy Steer月均(c/kg lwt),2020-06-01,354.19578102735886
牛,Heavy Steer月均(c/kg lwt),2020-07-01,354.8557887223409
牛,Heavy Steer月均(c/kg lwt),2020-08-01,355.26387345805904
牛,Heavy Steer月均(c/kg lwt),2020-09-01,353.56088810422193
牛,Heavy Steer月均(c/kg lwt),2020-10-01,367.56319661769663
牛,Heavy Steer月均(c/kg lwt),2020-11-01,372.8219113470128
牛,Heavy Steer月均(c/kg lwt),2020-12-01,347.5421120647999
牛,Heavy Steer月均(c/kg lwt),2021-01-01,374.0085416773072
牛,Heavy Steer月均(c/kg lwt),2021-02-01,374.8983396144271
牛,Heavy Steer月均(c/kg lwt),2021-03-01,372.3643801451693
牛,Heavy Steer月均(c/kg lwt),2021-04-01,374.80801647496986
牛,Heavy Steer月均(c/kg lwt),2021-05-01,378.6244651789555
牛,Heavy Steer月均(c/kg lwt),2021-06-01,390.1729171993124
牛,Heavy Steer月均(c/kg lwt),2021-07-01,402.3036940529189
牛,Heavy Steer月均(c/kg lwt),2021-08-01,417.8231530502071
牛,Heavy Steer月均(c/kg lwt),2021-09-01,433.3001776719937
牛,Heavy Steer月均(c/kg lwt),2021-10-01,452.4257750642555
牛,Heavy Steer月均(c/kg lwt),2021-11-01,450.6005347397939
牛,Heavy Steer月均(c/kg lwt),2021-12-01,447.5761769813107
牛,Heavy Steer月均(c/kg lwt),2022-01-01,424.66821495747064
牛,Heavy Steer月均(c/kg lwt),2022-02-01,444.8385395216164
牛,Heavy Steer月均(c/kg lwt),2022-03-01,448.4079069231668
牛,Heavy Steer月均(c/kg lwt),2022-04-01,437.6182656378585
牛,Heavy Steer月均(c/kg lwt),2022-05-01,450.4862452978309
牛,Heavy Steer月均(c/kg lwt),2022-06-01,442.74361922257754
牛,Heavy Steer月均(c/kg lwt),2022-07-01,409.02444487274363
牛,Heavy Steer月均(c/kg lwt),2022-08-01,406.75671352575114
牛,Heavy Steer月均(c/kg lwt),2022-09-01,444.37478891926605
牛,Heavy Steer月均(c/kg lwt),2022-10-01,450.2061935155157
牛,Heavy Steer月均(c/kg lwt),2022-11-01,430.38159951366873
牛,Heavy Steer月均(c/kg lwt),2022-12-01,377.95131895600196
牛,Heavy Steer月均(c/kg lwt),2023-01-01,368.29824004769523
牛,Heavy Steer月均(c/kg lwt),2023-02-01,354.0476363302406
牛,Heavy Steer月均(c/kg lwt),2023-03-01,332.01342950284334
牛,Heavy Steer月均(c/kg lwt),2023-04-01,325.39242579966395
牛,Heavy Steer月均(c/kg lwt),2023-05-01,307.404021212819
牛,Heavy Steer月均(c/kg lwt),2023-06-01,275.8416525157426
牛,Heavy Steer月均(c/kg lwt),2023-07-01,287.22834664354525
牛,Heavy Steer月均(c/kg lwt),2023-08-01,269.38945591717004
牛,Heavy Steer月均(c/kg lwt),2023-09-01,255.3514248227189
牛,Heavy Steer月均(c/kg lwt),2023-10-01,213.18390821836948
牛,Heavy Steer月均(c/kg lwt),2023-11-01,209.0733762103625
牛,Heavy Steer月均(c/kg lwt),2023-12-01,240.45146784893458
牛,Heavy Steer月均(c/kg lwt),2024-01-01,268.7926091788286
牛,Heavy Steer月均(c/kg lwt),2024-02-01,296.7993905077716
牛,Heavy Steer月均(c/kg lwt),2024-03-01,284.125029140191
牛,Heavy Steer月均(c/kg lwt),2024-04-01,295.99425913741925
牛,Heavy Steer月均(c/kg lwt),2024-05-01,296.0796307251333
牛,Heavy Steer月均(c/kg lwt),2024-06-01,293.4206815840665
牛,Heavy Steer月均(c/kg lwt),2024-07-01,323.5456142389368
牛,Heavy Steer月均(c/kg lwt),2024-08-01,338.9940123584609
牛,Heavy Steer月均(c/kg lwt),2024-09-01,346.8778130795963
牛,Heavy Steer月均(c/kg lwt),2024-10-01,330.66850080830886
牛,Heavy Steer月均(c/kg lwt),2024-11-01,327.99700985580574
牛,Heavy Steer月均(c/kg lwt),2024-12-01,325.5826832735531
牛,Heavy Steer月均(c/kg lwt),2025-01-01,355.27045806072493
牛,Heavy Steer月均(c/kg lwt),2025-02-01,340.3645370009251
牛,Heavy Steer月均(c/kg lwt),2025-03-01,345.5637373389163
牛,Heavy Steer月均(c/kg lwt),2025-04-01,364.9488922325738
牛,Heavy Steer月均(c/kg lwt),2025-05-01,342.3692337385432
牛,Heavy Steer月均(c/kg lwt),2025-06-01,356.22990745329395
牛,Heavy Steer月均(c/kg lwt),2025-07-01,367.11484080582494
牛,Heavy Steer月均(c/kg lwt),2025-08-01,405.8744716207849
牛,Heavy Steer月均(c/kg lwt),2025-09-01,430.6919029262176
牛,Heavy Steer月均(c/kg lwt),2025-10-01,427.0024468027
牛,Heavy Steer月均(c/kg lwt),2025-11-01,447.3965048799857
牛,Heavy Steer月均(c/kg lwt),2025-12-01,446.358789172936
牛,Heavy Steer月均(c/kg lwt),2026-01-01,449.02233963901216
牛,Heavy Steer月均(c/kg lwt),2026-02-01,440.1941119932044
牛,Heavy Steer月均(c/kg lwt),2026-03-01,453.1086820920808
牛,Heavy Steer月均(c/kg lwt),2026-04-01,416.62459646527526
牛,Heavy Steer月均(c/kg lwt),2026-05-01,430.3095577380676
牛,Heavy Steer月均(c/kg lwt),2026-06-01,454.6287559595912
牛,Heavy Steer月均(c/kg lwt),2026-07-01,444.6301065463918
牛,NYCI月均(c/kg lwt),2000-01-01,131.76463014563578
牛,NYCI月均(c/kg lwt),2000-02-01,133.3538515275348
牛,NYCI月均(c/kg lwt),2000-03-01,136.60655351765328
牛,NYCI月均(c/kg lwt),2000-04-01,140.09338316187365
牛,NYCI月均(c/kg lwt),2000-05-01,140.4031994931922
牛,NYCI月均(c/kg lwt),2000-06-01,135.61557055669672
牛,NYCI月均(c/kg lwt),2000-07-01,140.06970784367084
牛,NYCI月均(c/kg lwt),2000-08-01,143.81580170028911
牛,NYCI月均(c/kg lwt),2000-09-01,142.96522164634956
牛,NYCI月均(c/kg lwt),2000-10-01,139.81303768276032
牛,NYCI月均(c/kg lwt),2000-11-01,147.8004988904772
牛,NYCI月均(c/kg lwt),2000-12-01,152.20457310257086
牛,NYCI月均(c/kg lwt),2001-01-01,151.18533286078986
牛,NYCI月均(c/kg lwt),2001-02-01,154.71604290578497
牛,NYCI月均(c/kg lwt),2001-03-01,163.45201911607748
牛,NYCI月均(c/kg lwt),2001-04-01,173.86403622993822
牛,NYCI月均(c/kg lwt),2001-05-01,169.50799368577037
牛,NYCI月均(c/kg lwt),2001-06-01,168.13542169493655
牛,NYCI月均(c/kg lwt),2001-07-01,173.46350234697482
牛,NYCI月均(c/kg lwt),2001-08-01,186.4445364772749
牛,NYCI月均(c/kg lwt),2001-09-01,197.40531643234425
牛,NYCI月均(c/kg lwt),2001-10-01,179.0103634871698
牛,NYCI月均(c/kg lwt),2001-11-01,190.7822269931964
牛,NYCI月均(c/kg lwt),2001-12-01,187.0229996982436
牛,NYCI月均(c/kg lwt),2002-01-01,178.9709036060389
牛,NYCI月均(c/kg lwt),2002-02-01,172.0640107653163
牛,NYCI月均(c/kg lwt),2002-03-01,179.00190126696378
牛,NYCI月均(c/kg lwt),2002-04-01,167.31206364912535
牛,NYCI月均(c/kg lwt),2002-05-01,150.25288437335425
牛,NYCI月均(c/kg lwt),2002-06-01,141.5070023981245
牛,NYCI月均(c/kg lwt),2002-07-01,126.2321888787358
牛,NYCI月均(c/kg lwt),2002-08-01,124.68700701781
牛,NYCI月均(c/kg lwt),2002-09-01,127.26229233110271
牛,NYCI月均(c/kg lwt),2002-10-01,115.00610430284134
牛,NYCI月均(c/kg lwt),2002-11-01,115.13180778401812
牛,NYCI月均(c/kg lwt),2002-12-01,129.74998486337694
牛,NYCI月均(c/kg lwt),2003-01-01,129.00000011380607
牛,NYCI月均(c/kg lwt),2003-02-01,130.87505634587745
牛,NYCI月均(c/kg lwt),2003-03-01,154.52150885281822
牛,NYCI月均(c/kg lwt),2003-04-01,151.7481361797655
牛,NYCI月均(c/kg lwt),2003-05-01,150.59049204255714
牛,NYCI月均(c/kg lwt),2003-06-01,150.6852155748609
牛,NYCI月均(c/kg lwt),2003-07-01,157.8567913676184
牛,NYCI月均(c/kg lwt),2003-08-01,168.59895733678042
牛,NYCI月均(c/kg lwt),2003-09-01,173.06207623788774
牛,NYCI月均(c/kg lwt),2003-10-01,172.56944655029173
牛,NYCI月均(c/kg lwt),2003-11-01,168.58351797053626
牛,NYCI月均(c/kg lwt),2003-12-01,161.18565846649187
牛,NYCI月均(c/kg lwt),2004-01-01,166.32458069257066
牛,NYCI月均(c/kg lwt),2004-02-01,166.88529737345812
牛,NYCI月均(c/kg lwt),2004-03-01,168.24483760130082
牛,NYCI月均(c/kg lwt),2004-04-01,164.12507207036677
牛,NYCI月均(c/kg lwt),2004-05-01,166.1625239276413
牛,NYCI月均(c/kg lwt),2004-06-01,174.73162968123074
牛,NYCI月均(c/kg lwt),2004-07-01,183.2273815970161
牛,NYCI月均(c/kg lwt),2004-08-01,191.31689042171675
牛,NYCI月均(c/kg lwt),2004-09-01,190.83848234046155
牛,NYCI月均(c/kg lwt),2004-10-01,186.5862116622188
牛,NYCI月均(c/kg lwt),2004-11-01,188.65595348780496
牛,NYCI月均(c/kg lwt),2004-12-01,185.4457632947052
牛,NYCI月均(c/kg lwt),2005-01-01,192.8642189693514
牛,NYCI月均(c/kg lwt),2005-02-01,193.4694453505241
牛,NYCI月均(c/kg lwt),2005-03-01,195.0232849288857
牛,NYCI月均(c/kg lwt),2005-04-01,180.2017335138998
牛,NYCI月均(c/kg lwt),2005-05-01,176.17159792061946
牛,NYCI月均(c/kg lwt),2005-06-01,174.44663539427503
牛,NYCI月均(c/kg lwt),2005-07-01,206.24229340740945
牛,NYCI月均(c/kg lwt),2005-08-01,211.42726781041884
牛,NYCI月均(c/kg lwt),2005-09-01,206.212582278625
牛,NYCI月均(c/kg lwt),2005-10-01,203.94042076732487
牛,NYCI月均(c/kg lwt),2005-11-01,197.02098435237824
牛,NYCI月均(c/kg lwt),2005-12-01,186.27931276047204
牛,NYCI月均(c/kg lwt),2006-01-01,179.7925836660272
牛,NYCI月均(c/kg lwt),2006-02-01,191.8457691781743
牛,NYCI月均(c/kg lwt),2006-03-01,193.797167926626
牛,NYCI月均(c/kg lwt),2006-04-01,190.94490423193832
牛,NYCI月均(c/kg lwt),2006-05-01,184.70778283968275
牛,NYCI月均(c/kg lwt),2006-06-01,180.35982098945124
牛,NYCI月均(c/kg lwt),2006-07-01,189.9683135699888
牛,NYCI月均(c/kg lwt),2006-08-01,193.7717809603726
牛,NYCI月均(c/kg lwt),2006-09-01,175.46625578740725
牛,NYCI月均(c/kg lwt),2006-10-01,146.37495156917896
牛,NYCI月均(c/kg lwt),2006-11-01,152.9465414108174
牛,NYCI月均(c/kg lwt),2006-12-01,143.56945491123537
牛,NYCI月均(c/kg lwt),2007-01-01,148.97286396588476
牛,NYCI月均(c/kg lwt),2007-02-01,165.1795313436781
牛,NYCI月均(c/kg lwt),2007-03-01,178.58373831960836
牛,NYCI月均(c/kg lwt),2007-04-01,158.9000451312168
牛,NYCI月均(c/kg lwt),2007-05-01,165.89724463657552
牛,NYCI月均(c/kg lwt),2007-06-01,173.77230425348216
牛,NYCI月均(c/kg lwt),2007-07-01,177.5584230406401
牛,NYCI月均(c/kg lwt),2007-08-01,172.64397224331063
牛,NYCI月均(c/kg lwt),2007-09-01,161.9383556035212
牛,NYCI月均(c/kg lwt),2007-10-01,143.40596654041417
牛,NYCI月均(c/kg lwt),2007-11-01,154.82743402117146
牛,NYCI月均(c/kg lwt),2007-12-01,162.05763445905643
牛,NYCI月均(c/kg lwt),2008-01-01,165.32871283644835
牛,NYCI月均(c/kg lwt),2008-02-01,171.1983969019181
牛,NYCI月均(c/kg lwt),2008-03-01,167.51561216690598
牛,NYCI月均(c/kg lwt),2008-04-01,164.98325436379716
牛,NYCI月均(c/kg lwt),2008-05-01,162.60639682050197
牛,NYCI月均(c/kg lwt),2008-06-01,165.9564827576414
牛,NYCI月均(c/kg lwt),2008-07-01,168.54982315659996
牛,NYCI月均(c/kg lwt),2008-08-01,171.00146397294645
牛,NYCI月均(c/kg lwt),2008-09-01,176.43587412614704
牛,NYCI月均(c/kg lwt),2008-10-01,170.5175065494504
牛,NYCI月均(c/kg lwt),2008-11-01,169.9779978687984
牛,NYCI月均(c/kg lwt),2008-12-01,173.7298638176049
牛,NYCI月均(c/kg lwt),2009-01-01,165.3999547326124
牛,NYCI月均(c/kg lwt),2009-02-01,156.84869721482266
牛,NYCI月均(c/kg lwt),2009-03-01,166.9781939145332
牛,NYCI月均(c/kg lwt),2009-04-01,161.80977327355328
牛,NYCI月均(c/kg lwt),2009-05-01,159.43257738486693
牛,NYCI月均(c/kg lwt),2009-06-01,168.92305993721254
牛,NYCI月均(c/kg lwt),2009-07-01,175.00984061005175
牛,NYCI月均(c/kg lwt),2009-08-01,170.17103727088153
牛,NYCI月均(c/kg lwt),2009-09-01,165.271431033714
牛,NYCI月均(c/kg lwt),2009-10-01,159.03096288226595
牛,NYCI月均(c/kg lwt),2009-11-01,154.23508824351492
牛,NYCI月均(c/kg lwt),2009-12-01,140.07814732876116
牛,NYCI月均(c/kg lwt),2010-01-01,152.78516657085157
牛,NYCI月均(c/kg lwt),2010-02-01,169.73236490253527
牛,NYCI月均(c/kg lwt),2010-03-01,183.24083829081457
牛,NYCI月均(c/kg lwt),2010-04-01,187.61580767563467
牛,NYCI月均(c/kg lwt),2010-05-01,182.3645310135875
牛,NYCI月均(c/kg lwt),2010-06-01,184.96035058255868
牛,NYCI月均(c/kg lwt),2010-07-01,189.04661551906992
牛,NYCI月均(c/kg lwt),2010-08-01,197.28058715347024
牛,NYCI月均(c/kg lwt),2010-09-01,196.61642863253607
牛,NYCI月均(c/kg lwt),2010-10-01,198.31927694944497
牛,NYCI月均(c/kg lwt),2010-11-01,201.38314769024905
牛,NYCI月均(c/kg lwt),2010-12-01,206.19738208317256
牛,NYCI月均(c/kg lwt),2011-01-01,210.8029316900589
牛,NYCI月均(c/kg lwt),2011-02-01,213.2579959661848
牛,NYCI月均(c/kg lwt),2011-03-01,225.56065516726176
牛,NYCI月均(c/kg lwt),2011-04-01,228.14327388720247
牛,NYCI月均(c/kg lwt),2011-05-01,212.54474539054112
牛,NYCI月均(c/kg lwt),2011-06-01,201.996309626046
牛,NYCI月均(c/kg lwt),2011-07-01,201.6191492493072
牛,NYCI月均(c/kg lwt),2011-08-01,207.51823507835107
牛,NYCI月均(c/kg lwt),2011-09-01,219.8154248638889
牛,NYCI月均(c/kg lwt),2011-10-01,218.72131981812893
牛,NYCI月均(c/kg lwt),2011-11-01,219.81062759591825
牛,NYCI月均(c/kg lwt),2011-12-01,218.47581675126827
牛,NYCI月均(c/kg lwt),2012-01-01,220.68812863623623
牛,NYCI月均(c/kg lwt),2012-02-01,207.57360661488624
牛,NYCI月均(c/kg lwt),2012-03-01,214.10955904265023
牛,NYCI月均(c/kg lwt),2012-04-01,203.0762727654536
牛,NYCI月均(c/kg lwt),2012-05-01,197.98921622326856
牛,NYCI月均(c/kg lwt),2012-06-01,199.09650542176288
牛,NYCI月均(c/kg lwt),2012-07-01,204.9320564625261
牛,NYCI月均(c/kg lwt),2012-08-01,204.19326161247585
牛,NYCI月均(c/kg lwt),2012-09-01,191.00381063801785
牛,NYCI月均(c/kg lwt),2012-10-01,182.57617176859017
牛,NYCI月均(c/kg lwt),2012-11-01,177.4320688121115
牛,NYCI月均(c/kg lwt),2012-12-01,171.424359975912
牛,NYCI月均(c/kg lwt),2013-01-01,163.54365651157585
牛,NYCI月均(c/kg lwt),2013-02-01,172.22616848893705
牛,NYCI月均(c/kg lwt),2013-03-01,173.5601156395491
牛,NYCI月均(c/kg lwt),2013-04-01,159.1764220646257
牛,NYCI月均(c/kg lwt),2013-05-01,149.3092987436538
牛,NYCI月均(c/kg lwt),2013-06-01,161.24796443561195
牛,NYCI月均(c/kg lwt),2013-07-01,161.05126357953554
牛,NYCI月均(c/kg lwt),2013-08-01,162.40479764159554
牛,NYCI月均(c/kg lwt),2013-09-01,152.4503374276355
牛,NYCI月均(c/kg lwt),2013-10-01,148.5325578900903
牛,NYCI月均(c/kg lwt),2013-11-01,156.08374678714117
牛,NYCI月均(c/kg lwt),2013-12-01,164.83414362094015
牛,NYCI月均(c/kg lwt),2014-01-01,155.5405762612024
牛,NYCI月均(c/kg lwt),2014-02-01,148.0018218505836
牛,NYCI月均(c/kg lwt),2014-03-01,150.44304001544415
牛,NYCI月均(c/kg lwt),2014-04-01,178.84932488775385
牛,NYCI月均(c/kg lwt),2014-05-01,170.23888791616926
牛,NYCI月均(c/kg lwt),2014-06-01,168.5142707024319
牛,NYCI月均(c/kg lwt),2014-07-01,166.98271654993914
牛,NYCI月均(c/kg lwt),2014-08-01,175.1048822042077
牛,NYCI月均(c/kg lwt),2014-09-01,190.05525397826133
牛,NYCI月均(c/kg lwt),2014-10-01,184.70914199312023
牛,NYCI月均(c/kg lwt),2014-11-01,177.41368739835252
牛,NYCI月均(c/kg lwt),2014-12-01,200.6747609782152
牛,NYCI月均(c/kg lwt),2015-01-01,228.3360331583768
牛,NYCI月均(c/kg lwt),2015-02-01,230.51109480061567
牛,NYCI月均(c/kg lwt),2015-03-01,216.8712067375232
牛,NYCI月均(c/kg lwt),2015-04-01,223.59268820402403
牛,NYCI月均(c/kg lwt),2015-05-01,239.27183101525807
牛,NYCI月均(c/kg lwt),2015-06-01,245.30727640075008
牛,NYCI月均(c/kg lwt),2015-07-01,271.56210003209605
牛,NYCI月均(c/kg lwt),2015-08-01,281.1952811638497
牛,NYCI月均(c/kg lwt),2015-09-01,305.3320416762439
牛,NYCI月均(c/kg lwt),2015-10-01,286.44587212630154
牛,NYCI月均(c/kg lwt),2015-11-01,317.3612976202021
牛,NYCI月均(c/kg lwt),2015-12-01,308.9610647772079
牛,NYCI月均(c/kg lwt),2016-01-01,313.8048264414391
牛,NYCI月均(c/kg lwt),2016-02-01,325.8797085915495
牛,NYCI月均(c/kg lwt),2016-03-01,322.8188821074714
牛,NYCI月均(c/kg lwt),2016-04-01,300.92365640680515
牛,NYCI月均(c/kg lwt),2016-05-01,303.39045025728205
牛,NYCI月均(c/kg lwt),2016-06-01,333.36503187278083
牛,NYCI月均(c/kg lwt),2016-07-01,353.80787560705244
牛,NYCI月均(c/kg lwt),2016-08-01,380.5204872406599
牛,NYCI月均(c/kg lwt),2016-09-01,382.8534933558463
牛,NYCI月均(c/kg lwt),2016-10-01,386.5659226091622
牛,NYCI月均(c/kg lwt),2016-11-01,363.3995970735949
牛,NYCI月均(c/kg lwt),2016-12-01,357.4996002460683
牛,NYCI月均(c/kg lwt),2017-01-01,355.60190309270064
牛,NYCI月均(c/kg lwt),2017-02-01,351.2322088617963
牛,NYCI月均(c/kg lwt),2017-03-01,343.6682035454724
牛,NYCI月均(c/kg lwt),2017-04-01,367.7615623316708
牛,NYCI月均(c/kg lwt),2017-05-01,360.3229718804291
牛,NYCI月均(c/kg lwt),2017-06-01,354.0450489980358
牛,NYCI月均(c/kg lwt),2017-07-01,330.83415334595634
牛,NYCI月均(c/kg lwt),2017-08-01,303.52245858957843
牛,NYCI月均(c/kg lwt),2017-09-01,294.53577533574065
牛,NYCI月均(c/kg lwt),2017-10-01,312.50982454110914
牛,NYCI月均(c/kg lwt),2017-11-01,326.5415450058221
牛,NYCI月均(c/kg lwt),2017-12-01,317.163541494305
牛,NYCI月均(c/kg lwt),2018-01-01,306.0729572408293
牛,NYCI月均(c/kg lwt),2018-02-01,296.5469241139526
牛,NYCI月均(c/kg lwt),2018-03-01,310.1389988076469
牛,NYCI月均(c/kg lwt),2018-04-01,282.5286093649071
牛,NYCI月均(c/kg lwt),2018-05-01,257.6978064167127
牛,NYCI月均(c/kg lwt),2018-06-01,251.00171195449377
牛,NYCI月均(c/kg lwt),2018-07-01,256.42655798640305
牛,NYCI月均(c/kg lwt),2018-08-01,234.494425903484
牛,NYCI月均(c/kg lwt),2018-09-01,249.7932160617329
牛,NYCI月均(c/kg lwt),2018-10-01,269.54769167824674
牛,NYCI月均(c/kg lwt),2018-11-01,273.194720518138
牛,NYCI月均(c/kg lwt),2018-12-01,274.7664770529532
牛,NYCI月均(c/kg lwt),2019-01-01,257.5642993870468
牛,NYCI月均(c/kg lwt),2019-02-01,240.8127595577922
牛,NYCI月均(c/kg lwt),2019-03-01,215.62513503771973
牛,NYCI月均(c/kg lwt),2019-04-01,243.525287575484
牛,NYCI月均(c/kg lwt),2019-05-01,244.256633078022
牛,NYCI月均(c/kg lwt),2019-06-01,246.0605978197913
牛,NYCI月均(c/kg lwt),2019-07-01,260.56064664912265
牛,NYCI月均(c/kg lwt),2019-08-01,260.8784483916747
牛,NYCI月均(c/kg lwt),2019-09-01,239.62101689213287
牛,NYCI月均(c/kg lwt),2019-10-01,250.21986290411104
牛,NYCI月均(c/kg lwt),2019-11-01,264.5339253116576
牛,NYCI月均(c/kg lwt),2019-12-01,254.15912814836128
牛,NYCI月均(c/kg lwt),2020-01-01,267.7280502875485
牛,NYCI月均(c/kg lwt),2020-02-01,357.3126982876305
牛,NYCI月均(c/kg lwt),2020-03-01,385.9160858789717
牛,NYCI月均(c/kg lwt),2020-04-01,375.01543367907055
牛,NYCI月均(c/kg lwt),2020-05-01,398.882684399207
牛,NYCI月均(c/kg lwt),2020-06-01,405.2676525701533
牛,NYCI月均(c/kg lwt),2020-07-01,398.9188018033914
牛,NYCI月均(c/kg lwt),2020-08-01,417.9234115880265
牛,NYCI月均(c/kg lwt),2020-09-01,417.8057829969409
牛,NYCI月均(c/kg lwt),2020-10-01,438.6268899250822
牛,NYCI月均(c/kg lwt),2020-11-01,453.5544398821181
牛,NYCI月均(c/kg lwt),2020-12-01,423.34656231997815
牛,NYCI月均(c/kg lwt),2021-01-01,463.6103772449431
牛,NYCI月均(c/kg lwt),2021-02-01,485.0443872997527
牛,NYCI月均(c/kg lwt),2021-03-01,491.1472004396055
牛,NYCI月均(c/kg lwt),2021-04-01,498.1361110856291
牛,NYCI月均(c/kg lwt),2021-05-01,494.7653474392371
牛,NYCI月均(c/kg lwt),2021-06-01,508.1772374408205
牛,NYCI月均(c/kg lwt),2021-07-01,536.5901288738509
牛,NYCI月均(c/kg lwt),2021-08-01,552.5105441728537
牛,NYCI月均(c/kg lwt),2021-09-01,568.099040261248
牛,NYCI月均(c/kg lwt),2021-10-01,581.4802463077866
牛,NYCI月均(c/kg lwt),2021-11-01,614.4804849950455
牛,NYCI月均(c/kg lwt),2021-12-01,637.1496038910483
牛,NYCI月均(c/kg lwt),2022-01-01,603.4350049801899
牛,NYCI月均(c/kg lwt),2022-02-01,639.9330492285189
牛,NYCI月均(c/kg lwt),2022-03-01,639.2553586783407
牛,NYCI月均(c/kg lwt),2022-04-01,609.6615351536668
牛,NYCI月均(c/kg lwt),2022-05-01,630.3544439712468
牛,NYCI月均(c/kg lwt),2022-06-01,598.9978309803565
牛,NYCI月均(c/kg lwt),2022-07-01,528.6111427128446
牛,NYCI月均(c/kg lwt),2022-08-01,542.7628119774827
牛,NYCI月均(c/kg lwt),2022-09-01,588.7735306690868
牛,NYCI月均(c/kg lwt),2022-10-01,588.7620641861502
牛,NYCI月均(c/kg lwt),2022-11-01,562.5255136130012
牛,NYCI月均(c/kg lwt),2022-12-01,489.74370690116194
牛,NYCI月均(c/kg lwt),2023-01-01,456.3944299944626
牛,NYCI月均(c/kg lwt),2023-02-01,424.9064027592514
牛,NYCI月均(c/kg lwt),2023-03-01,389.1093668325286
牛,NYCI月均(c/kg lwt),2023-04-01,383.527764680849
牛,NYCI月均(c/kg lwt),2023-05-01,339.3063304338174
牛,NYCI月均(c/kg lwt),2023-06-01,307.9990544253052
牛,NYCI月均(c/kg lwt),2023-07-01,304.5633573235481
牛,NYCI月均(c/kg lwt),2023-08-01,278.18076749437006
牛,NYCI月均(c/kg lwt),2023-09-01,226.15760535294663
牛,NYCI月均(c/kg lwt),2023-10-01,192.81365085561367
牛,NYCI月均(c/kg lwt),2023-11-01,241.9376434619981
牛,NYCI月均(c/kg lwt),2023-12-01,278.7971329307351
牛,NYCI月均(c/kg lwt),2024-01-01,313.46578450663606
牛,NYCI月均(c/kg lwt),2024-02-01,341.49583878277616
牛,NYCI月均(c/kg lwt),2024-03-01,315.0300519489452
牛,NYCI月均(c/kg lwt),2024-04-01,317.4791532132831
牛,NYCI月均(c/kg lwt),2024-05-01,323.1836786072658
牛,NYCI月均(c/kg lwt),2024-06-01,314.5926630187145
牛,NYCI月均(c/kg lwt),2024-07-01,329.93445689469814
牛,NYCI月均(c/kg lwt),2024-08-01,350.33017558240925
牛,NYCI月均(c/kg lwt),2024-09-01,353.57174968050487
牛,NYCI月均(c/kg lwt),2024-10-01,329.58178221008234
牛,NYCI月均(c/kg lwt),2024-11-01,333.4190431335821
牛,NYCI月均(c/kg lwt),2024-12-01,364.0982822727906
牛,NYCI月均(c/kg lwt),2025-01-01,355.69434732140144
牛,NYCI月均(c/kg lwt),2025-02-01,350.1593600773783
牛,NYCI月均(c/kg lwt),2025-03-01,347.58517453697857
牛,NYCI月均(c/kg lwt),2025-04-01,378.5601447051913
牛,NYCI月均(c/kg lwt),2025-05-01,367.2985146968995
牛,NYCI月均(c/kg lwt),2025-06-01,374.6353893404572
牛,NYCI月均(c/kg lwt),2025-07-01,399.7150538819935
牛,NYCI月均(c/kg lwt),2025-08-01,456.98896026863997
牛,NYCI月均(c/kg lwt),2025-09-01,469.9710856488348
牛,NYCI月均(c/kg lwt),2025-10-01,441.95015658467827
牛,NYCI月均(c/kg lwt),2025-11-01,473.0540203103247
牛,NYCI月均(c/kg lwt),2025-12-01,467.6475995201976
牛,NYCI月均(c/kg lwt),2026-01-01,459.8084312858525
牛,NYCI月均(c/kg lwt),2026-02-01,457.69540523385905
牛,NYCI月均(c/kg lwt),2026-03-01,473.7396004684538
牛,NYCI月均(c/kg lwt),2026-04-01,423.4927949883662
牛,NYCI月均(c/kg lwt),2026-05-01,447.58127743350974
牛,NYCI月均(c/kg lwt),2026-06-01,523.2602867834211
牛,NYCI月均(c/kg lwt),2026-07-01,526.3851583355288
牛,NYCI月均(c/kg lwt)($/Head),2000-01-01,404.780997027207
牛,NYCI月均(c/kg lwt)($/Head),2000-02-01,406.0359138499342
牛,NYCI月均(c/kg lwt)($/Head),2000-03-01,411.2652814859564
牛,NYCI月均(c/kg lwt)($/Head),2000-04-01,422.52051916996754
牛,NYCI月均(c/kg lwt)($/Head),2000-05-01,407.36977865794125
牛,NYCI月均(c/kg lwt)($/Head),2000-06-01,401.12597016708406
牛,NYCI月均(c/kg lwt)($/Head),2000-07-01,423.5824517881716
牛,NYCI月均(c/kg lwt)($/Head),2000-08-01,435.1579679315439
牛,NYCI月均(c/kg lwt)($/Head),2000-09-01,425.15647041952127
牛,NYCI月均(c/kg lwt)($/Head),2000-10-01,418.6920912581925
牛,NYCI月均(c/kg lwt)($/Head),2000-11-01,455.8745840580265
牛,NYCI月均(c/kg lwt)($/Head),2000-12-01,465.0497195863268
牛,NYCI月均(c/kg lwt)($/Head),2001-01-01,465.1954967164912
牛,NYCI月均(c/kg lwt)($/Head),2001-02-01,468.2016031686925
牛,NYCI月均(c/kg lwt)($/Head),2001-03-01,483.7399881391605
牛,NYCI月均(c/kg lwt)($/Head),2001-04-01,496.8618348745232
牛,NYCI月均(c/kg lwt)($/Head),2001-05-01,485.7276490905279
牛,NYCI月均(c/kg lwt)($/Head),2001-06-01,475.84213297669913
牛,NYCI月均(c/kg lwt)($/Head),2001-07-01,488.6281439684794
牛,NYCI月均(c/kg lwt)($/Head),2001-08-01,521.4762155436665
牛,NYCI月均(c/kg lwt)($/Head),2001-09-01,554.3846598775492
牛,NYCI月均(c/kg lwt)($/Head),2001-10-01,532.8967393285549
牛,NYCI月均(c/kg lwt)($/Head),2001-11-01,580.7105636263857
牛,NYCI月均(c/kg lwt)($/Head),2001-12-01,587.7284144805825
牛,NYCI月均(c/kg lwt)($/Head),2002-01-01,562.3230368688077
牛,NYCI月均(c/kg lwt)($/Head),2002-02-01,524.639858653164
牛,NYCI月均(c/kg lwt)($/Head),2002-03-01,522.2471635216693
牛,NYCI月均(c/kg lwt)($/Head),2002-04-01,474.8390359029256
牛,NYCI月均(c/kg lwt)($/Head),2002-05-01,430.0708154558052
牛,NYCI月均(c/kg lwt)($/Head),2002-06-01,391.2937860818658
牛,NYCI月均(c/kg lwt)($/Head),2002-07-01,344.53030605814934
牛,NYCI月均(c/kg lwt)($/Head),2002-08-01,344.0830244545725
牛,NYCI月均(c/kg lwt)($/Head),2002-09-01,354.6977640276344
牛,NYCI月均(c/kg lwt)($/Head),2002-10-01,324.7941483344162
牛,NYCI月均(c/kg lwt)($/Head),2002-11-01,335.8353564537499
牛,NYCI月均(c/kg lwt)($/Head),2002-12-01,384.4151580439286
牛,NYCI月均(c/kg lwt)($/Head),2003-01-01,382.54536655796414
牛,NYCI月均(c/kg lwt)($/Head),2003-02-01,366.8740570280689
牛,NYCI月均(c/kg lwt)($/Head),2003-03-01,437.0327556687244
牛,NYCI月均(c/kg lwt)($/Head),2003-04-01,425.19464867838286
牛,NYCI月均(c/kg lwt)($/Head),2003-05-01,420.8634761107798
牛,NYCI月均(c/kg lwt)($/Head),2003-06-01,421.2544830298736
牛,NYCI月均(c/kg lwt)($/Head),2003-07-01,447.2998705879802
牛,NYCI月均(c/kg lwt)($/Head),2003-08-01,477.9784031558164
牛,NYCI月均(c/kg lwt)($/Head),2003-09-01,499.0499506873296
牛,NYCI月均(c/kg lwt)($/Head),2003-10-01,502.1107233944911
牛,NYCI月均(c/kg lwt)($/Head),2003-11-01,512.5129177850341
牛,NYCI月均(c/kg lwt)($/Head),2003-12-01,519.9786849497765
牛,NYCI月均(c/kg lwt)($/Head),2004-01-01,531.1866216822388
牛,NYCI月均(c/kg lwt)($/Head),2004-02-01,515.946185167186
牛,NYCI月均(c/kg lwt)($/Head),2004-03-01,507.22563468295016
牛,NYCI月均(c/kg lwt)($/Head),2004-04-01,486.7428993805676
牛,NYCI月均(c/kg lwt)($/Head),2004-05-01,476.88849968077966
牛,NYCI月均(c/kg lwt)($/Head),2004-06-01,491.7029539914692
牛,NYCI月均(c/kg lwt)($/Head),2004-07-01,509.55389813481
牛,NYCI月均(c/kg lwt)($/Head),2004-08-01,539.3341453078318
牛,NYCI月均(c/kg lwt)($/Head),2004-09-01,542.6159438785521
牛,NYCI月均(c/kg lwt)($/Head),2004-10-01,563.205893714034
牛,NYCI月均(c/kg lwt)($/Head),2004-11-01,571.540604888365
牛,NYCI月均(c/kg lwt)($/Head),2004-12-01,559.2419452609402
牛,NYCI月均(c/kg lwt)($/Head),2005-01-01,585.7588035233238
牛,NYCI月均(c/kg lwt)($/Head),2005-02-01,582.6543069744124
牛,NYCI月均(c/kg lwt)($/Head),2005-03-01,572.0324642624487
牛,NYCI月均(c/kg lwt)($/Head),2005-04-01,523.2920610148313
牛,NYCI月均(c/kg lwt)($/Head),2005-05-01,494.9968077807888
牛,NYCI月均(c/kg lwt)($/Head),2005-06-01,484.9285517291953
牛,NYCI月均(c/kg lwt)($/Head),2005-07-01,571.6251884599407
牛,NYCI月均(c/kg lwt)($/Head),2005-08-01,580.6783105662698
牛,NYCI月均(c/kg lwt)($/Head),2005-09-01,583.5199459855455
牛,NYCI月均(c/kg lwt)($/Head),2005-10-01,591.3235140306492
牛,NYCI月均(c/kg lwt)($/Head),2005-11-01,581.2506641378919
牛,NYCI月均(c/kg lwt)($/Head),2005-12-01,573.4545596203993
牛,NYCI月均(c/kg lwt)($/Head),2006-01-01,548.6866644298238
牛,NYCI月均(c/kg lwt)($/Head),2006-02-01,560.1353670547073
牛,NYCI月均(c/kg lwt)($/Head),2006-03-01,550.009359417038
牛,NYCI月均(c/kg lwt)($/Head),2006-04-01,541.7769960323313
牛,NYCI月均(c/kg lwt)($/Head),2006-05-01,512.4457520664657
牛,NYCI月均(c/kg lwt)($/Head),2006-06-01,493.5794115013166
牛,NYCI月均(c/kg lwt)($/Head),2006-07-01,520.2297403864189
牛,NYCI月均(c/kg lwt)($/Head),2006-08-01,545.8716119058219
牛,NYCI月均(c/kg lwt)($/Head),2006-09-01,511.5904099931684
牛,NYCI月均(c/kg lwt)($/Head),2006-10-01,410.3182801985698
牛,NYCI月均(c/kg lwt)($/Head),2006-11-01,436.838451941796
牛,NYCI月均(c/kg lwt)($/Head),2006-12-01,417.3886438570141
牛,NYCI月均(c/kg lwt)($/Head),2007-01-01,443.3264039176224
牛,NYCI月均(c/kg lwt)($/Head),2007-02-01,470.766452375203
牛,NYCI月均(c/kg lwt)($/Head),2007-03-01,499.4821103428177
牛,NYCI月均(c/kg lwt)($/Head),2007-04-01,433.17864977752015
牛,NYCI月均(c/kg lwt)($/Head),2007-05-01,466.5886448388805
牛,NYCI月均(c/kg lwt)($/Head),2007-06-01,480.5095876371833
牛,NYCI月均(c/kg lwt)($/Head),2007-07-01,486.9811939377385
牛,NYCI月均(c/kg lwt)($/Head),2007-08-01,489.091376013865
牛,NYCI月均(c/kg lwt)($/Head),2007-09-01,458.75767889032943
牛,NYCI月均(c/kg lwt)($/Head),2007-10-01,413.8652586211263
牛,NYCI月均(c/kg lwt)($/Head),2007-11-01,469.8743566351279
牛,NYCI月均(c/kg lwt)($/Head),2007-12-01,493.21260114530446
牛,NYCI月均(c/kg lwt)($/Head),2008-01-01,522.12378129003
牛,NYCI月均(c/kg lwt)($/Head),2008-02-01,529.1293749950521
牛,NYCI月均(c/kg lwt)($/Head),2008-03-01,503.0533776381597
牛,NYCI月均(c/kg lwt)($/Head),2008-04-01,499.6030962793131
牛,NYCI月均(c/kg lwt)($/Head),2008-05-01,469.87058886516496
牛,NYCI月均(c/kg lwt)($/Head),2008-06-01,477.9763608123215
牛,NYCI月均(c/kg lwt)($/Head),2008-07-01,488.4896341385997
牛,NYCI月均(c/kg lwt)($/Head),2008-08-01,496.0562816763318
牛,NYCI月均(c/kg lwt)($/Head),2008-09-01,533.8646278821665
牛,NYCI月均(c/kg lwt)($/Head),2008-10-01,513.5550098971155
牛,NYCI月均(c/kg lwt)($/Head),2008-11-01,524.2629270859588
牛,NYCI月均(c/kg lwt)($/Head),2008-12-01,528.1212663428753
牛,NYCI月均(c/kg lwt)($/Head),2009-01-01,513.3160754690733
牛,NYCI月均(c/kg lwt)($/Head),2009-02-01,476.0644553221582
牛,NYCI月均(c/kg lwt)($/Head),2009-03-01,494.3395916683169
牛,NYCI月均(c/kg lwt)($/Head),2009-04-01,472.0824565357867
牛,NYCI月均(c/kg lwt)($/Head),2009-05-01,455.5322797253284
牛,NYCI月均(c/kg lwt)($/Head),2009-06-01,469.96935826018193
牛,NYCI月均(c/kg lwt)($/Head),2009-07-01,481.5915389561818
牛,NYCI月均(c/kg lwt)($/Head),2009-08-01,486.76902807351183
牛,NYCI月均(c/kg lwt)($/Head),2009-09-01,484.8958110041245
牛,NYCI月均(c/kg lwt)($/Head),2009-10-01,473.27206320056143
牛,NYCI月均(c/kg lwt)($/Head),2009-11-01,468.88502937910994
牛,NYCI月均(c/kg lwt)($/Head),2009-12-01,432.2646491285357
牛,NYCI月均(c/kg lwt)($/Head),2010-01-01,467.9002116496305
牛,NYCI月均(c/kg lwt)($/Head),2010-02-01,516.9132923605783
牛,NYCI月均(c/kg lwt)($/Head),2010-03-01,547.4735823134473
牛,NYCI月均(c/kg lwt)($/Head),2010-04-01,560.4518264193829
牛,NYCI月均(c/kg lwt)($/Head),2010-05-01,546.1487246827511
牛,NYCI月均(c/kg lwt)($/Head),2010-06-01,540.3221901088116
牛,NYCI月均(c/kg lwt)($/Head),2010-07-01,540.1295983601011
牛,NYCI月均(c/kg lwt)($/Head),2010-08-01,562.5137701530167
牛,NYCI月均(c/kg lwt)($/Head),2010-09-01,565.8152568649966
牛,NYCI月均(c/kg lwt)($/Head),2010-10-01,576.2505129873825
牛,NYCI月均(c/kg lwt)($/Head),2010-11-01,590.3429149348108
牛,NYCI月均(c/kg lwt)($/Head),2010-12-01,642.4782530797988
牛,NYCI月均(c/kg lwt)($/Head),2011-01-01,657.6542983207295
牛,NYCI月均(c/kg lwt)($/Head),2011-02-01,665.6514875710906
牛,NYCI月均(c/kg lwt)($/Head),2011-03-01,680.4876360660417
牛,NYCI月均(c/kg lwt)($/Head),2011-04-01,664.1608912541352
牛,NYCI月均(c/kg lwt)($/Head),2011-05-01,601.0623672847286
牛,NYCI月均(c/kg lwt)($/Head),2011-06-01,573.2291746638158
牛,NYCI月均(c/kg lwt)($/Head),2011-07-01,560.6102543622266
牛,NYCI月均(c/kg lwt)($/Head),2011-08-01,575.4698547039428
牛,NYCI月均(c/kg lwt)($/Head),2011-09-01,607.7608799597986
牛,NYCI月均(c/kg lwt)($/Head),2011-10-01,628.1495712837651
牛,NYCI月均(c/kg lwt)($/Head),2011-11-01,645.0238903158311
牛,NYCI月均(c/kg lwt)($/Head),2011-12-01,684.5123199965568
牛,NYCI月均(c/kg lwt)($/Head),2012-01-01,652.1021056563214
牛,NYCI月均(c/kg lwt)($/Head),2012-02-01,633.2212939881655
牛,NYCI月均(c/kg lwt)($/Head),2012-03-01,644.4294434012355
牛,NYCI月均(c/kg lwt)($/Head),2012-04-01,599.3652084794197
牛,NYCI月均(c/kg lwt)($/Head),2012-05-01,580.3115062040068
牛,NYCI月均(c/kg lwt)($/Head),2012-06-01,566.4224225191248
牛,NYCI月均(c/kg lwt)($/Head),2012-07-01,590.0946291741362
牛,NYCI月均(c/kg lwt)($/Head),2012-08-01,579.8051981677066
牛,NYCI月均(c/kg lwt)($/Head),2012-09-01,553.7260764107828
牛,NYCI月均(c/kg lwt)($/Head),2012-10-01,528.5896963005542
牛,NYCI月均(c/kg lwt)($/Head),2012-11-01,525.4687734798031
牛,NYCI月均(c/kg lwt)($/Head),2012-12-01,513.5018618947498
牛,NYCI月均(c/kg lwt)($/Head),2013-01-01,494.9989228860241
牛,NYCI月均(c/kg lwt)($/Head),2013-02-01,512.356631028459
牛,NYCI月均(c/kg lwt)($/Head),2013-03-01,509.1331698419911
牛,NYCI月均(c/kg lwt)($/Head),2013-04-01,475.8639609331992
牛,NYCI月均(c/kg lwt)($/Head),2013-05-01,435.80265002755584
牛,NYCI月均(c/kg lwt)($/Head),2013-06-01,453.56682120502535
牛,NYCI月均(c/kg lwt)($/Head),2013-07-01,460.8569879686359
牛,NYCI月均(c/kg lwt)($/Head),2013-08-01,451.4094904190943
牛,NYCI月均(c/kg lwt)($/Head),2013-09-01,423.30083090424114
牛,NYCI月均(c/kg lwt)($/Head),2013-10-01,419.3755484732437
牛,NYCI月均(c/kg lwt)($/Head),2013-11-01,438.33395003403865
牛,NYCI月均(c/kg lwt)($/Head),2013-12-01,482.2301028329177
牛,NYCI月均(c/kg lwt)($/Head),2014-01-01,470.4687935337604
牛,NYCI月均(c/kg lwt)($/Head),2014-02-01,418.0166629629825
牛,NYCI月均(c/kg lwt)($/Head),2014-03-01,421.51042350167154
牛,NYCI月均(c/kg lwt)($/Head),2014-04-01,515.1317822722059
牛,NYCI月均(c/kg lwt)($/Head),2014-05-01,491.3144148498906
牛,NYCI月均(c/kg lwt)($/Head),2014-06-01,473.8499163417378
牛,NYCI月均(c/kg lwt)($/Head),2014-07-01,464.32191973201225
牛,NYCI月均(c/kg lwt)($/Head),2014-08-01,492.0158144989319
牛,NYCI月均(c/kg lwt)($/Head),2014-09-01,548.2092846315605
牛,NYCI月均(c/kg lwt)($/Head),2014-10-01,523.5638926653507
牛,NYCI月均(c/kg lwt)($/Head),2014-11-01,494.4096078185072
牛,NYCI月均(c/kg lwt)($/Head),2014-12-01,587.7333219466962
牛,NYCI月均(c/kg lwt)($/Head),2015-01-01,660.0151951699102
牛,NYCI月均(c/kg lwt)($/Head),2015-02-01,660.2589921764359
牛,NYCI月均(c/kg lwt)($/Head),2015-03-01,612.2124566105821
牛,NYCI月均(c/kg lwt)($/Head),2015-04-01,614.6788764232817
牛,NYCI月均(c/kg lwt)($/Head),2015-05-01,663.4312579959462
牛,NYCI月均(c/kg lwt)($/Head),2015-06-01,660.443741990289
牛,NYCI月均(c/kg lwt)($/Head),2015-07-01,743.9907528606043
牛,NYCI月均(c/kg lwt)($/Head),2015-08-01,770.0472302068505
牛,NYCI月均(c/kg lwt)($/Head),2015-09-01,831.8141704190984
牛,NYCI月均(c/kg lwt)($/Head),2015-10-01,794.6308779770661
牛,NYCI月均(c/kg lwt)($/Head),2015-11-01,908.5601789023272
牛,NYCI月均(c/kg lwt)($/Head),2015-12-01,911.8361841186718
牛,NYCI月均(c/kg lwt)($/Head),2016-01-01,910.007271643374
牛,NYCI月均(c/kg lwt)($/Head),2016-02-01,938.3204975807944
牛,NYCI月均(c/kg lwt)($/Head),2016-03-01,903.5481722471304
牛,NYCI月均(c/kg lwt)($/Head),2016-04-01,828.9536486694292
牛,NYCI月均(c/kg lwt)($/Head),2016-05-01,824.8290208814838
牛,NYCI月均(c/kg lwt)($/Head),2016-06-01,888.2046182971195
牛,NYCI月均(c/kg lwt)($/Head),2016-07-01,945.0785064684808
牛,NYCI月均(c/kg lwt)($/Head),2016-08-01,1057.507793684792
牛,NYCI月均(c/kg lwt)($/Head),2016-09-01,1072.2259492866542
牛,NYCI月均(c/kg lwt)($/Head),2016-10-01,1110.4478664714609
牛,NYCI月均(c/kg lwt)($/Head),2016-11-01,1045.7808130231408
牛,NYCI月均(c/kg lwt)($/Head),2016-12-01,1090.6793434195984
牛,NYCI月均(c/kg lwt)($/Head),2017-01-01,1069.9034516815914
牛,NYCI月均(c/kg lwt)($/Head),2017-02-01,1037.8772012662082
牛,NYCI月均(c/kg lwt)($/Head),2017-03-01,1014.7622859594616
牛,NYCI月均(c/kg lwt)($/Head),2017-04-01,1057.0571783941186
牛,NYCI月均(c/kg lwt)($/Head),2017-05-01,1045.6119989141364
牛,NYCI月均(c/kg lwt)($/Head),2017-06-01,989.6533072356384
牛,NYCI月均(c/kg lwt)($/Head),2017-07-01,908.6249348147649
牛,NYCI月均(c/kg lwt)($/Head),2017-08-01,849.1451845955293
牛,NYCI月均(c/kg lwt)($/Head),2017-09-01,813.0261057279222
牛,NYCI月均(c/kg lwt)($/Head),2017-10-01,906.8329356666476
牛,NYCI月均(c/kg lwt)($/Head),2017-11-01,979.6101435557352
牛,NYCI月均(c/kg lwt)($/Head),2017-12-01,976.8762510520304
牛,NYCI月均(c/kg lwt)($/Head),2018-01-01,917.5937992944546
牛,NYCI月均(c/kg lwt)($/Head),2018-02-01,836.238979891305
牛,NYCI月均(c/kg lwt)($/Head),2018-03-01,895.8430796980423
牛,NYCI月均(c/kg lwt)($/Head),2018-04-01,784.4631927523031
牛,NYCI月均(c/kg lwt)($/Head),2018-05-01,710.6045155308982
牛,NYCI月均(c/kg lwt)($/Head),2018-06-01,674.978571697004
牛,NYCI月均(c/kg lwt)($/Head),2018-07-01,693.7983958059375
牛,NYCI月均(c/kg lwt)($/Head),2018-08-01,618.6774750281337
牛,NYCI月均(c/kg lwt)($/Head),2018-09-01,664.5961448111279
牛,NYCI月均(c/kg lwt)($/Head),2018-10-01,736.912678469769
牛,NYCI月均(c/kg lwt)($/Head),2018-11-01,753.2834917669178
牛,NYCI月均(c/kg lwt)($/Head),2018-12-01,796.3016299552419
牛,NYCI月均(c/kg lwt)($/Head),2019-01-01,751.4131663970448
牛,NYCI月均(c/kg lwt)($/Head),2019-02-01,676.6877890208293
牛,NYCI月均(c/kg lwt)($/Head),2019-03-01,586.410446031041
牛,NYCI月均(c/kg lwt)($/Head),2019-04-01,668.7107053432736
牛,NYCI月均(c/kg lwt)($/Head),2019-05-01,654.2788903956954
牛,NYCI月均(c/kg lwt)($/Head),2019-06-01,663.4562500913856
牛,NYCI月均(c/kg lwt)($/Head),2019-07-01,708.0903344173965
牛,NYCI月均(c/kg lwt)($/Head),2019-08-01,725.6501673914664
牛,NYCI月均(c/kg lwt)($/Head),2019-09-01,661.4510451872874
牛,NYCI月均(c/kg lwt)($/Head),2019-10-01,693.4549370791334
牛,NYCI月均(c/kg lwt)($/Head),2019-11-01,749.3791446521045
牛,NYCI月均(c/kg lwt)($/Head),2019-12-01,773.5413930524446
牛,NYCI月均(c/kg lwt)($/Head),2020-01-01,786.8102227717536
牛,NYCI月均(c/kg lwt)($/Head),2020-02-01,1066.8446791753422
牛,NYCI月均(c/kg lwt)($/Head),2020-03-01,1140.2781272844502
牛,NYCI月均(c/kg lwt)($/Head),2020-04-01,1097.334137396885
牛,NYCI月均(c/kg lwt)($/Head),2020-05-01,1175.485254028596
牛,NYCI月均(c/kg lwt)($/Head),2020-06-01,1199.111674466487
牛,NYCI月均(c/kg lwt)($/Head),2020-07-01,1174.9407654295758
牛,NYCI月均(c/kg lwt)($/Head),2020-08-01,1250.9599312467474
牛,NYCI月均(c/kg lwt)($/Head),2020-09-01,1292.594324991058
牛,NYCI月均(c/kg lwt)($/Head),2020-10-01,1345.0302823899422
牛,NYCI月均(c/kg lwt)($/Head),2020-11-01,1377.1568096475285
牛,NYCI月均(c/kg lwt)($/Head),2020-12-01,1431.5409202520675
牛,NYCI月均(c/kg lwt)($/Head),2021-01-01,1590.2008425304984
牛,NYCI月均(c/kg lwt)($/Head),2021-02-01,1533.0000216430242
牛,NYCI月均(c/kg lwt)($/Head),2021-03-01,1546.435291887929
牛,NYCI月均(c/kg lwt)($/Head),2021-04-01,1554.9097949233314
牛,NYCI月均(c/kg lwt)($/Head),2021-05-01,1526.944376221655
牛,NYCI月均(c/kg lwt)($/Head),2021-06-01,1569.5007465133458
牛,NYCI月均(c/kg lwt)($/Head),2021-07-01,1630.9657002467657
牛,NYCI月均(c/kg lwt)($/Head),2021-08-01,1655.690936387686
牛,NYCI月均(c/kg lwt)($/Head),2021-09-01,1752.5692529058942
牛,NYCI月均(c/kg lwt)($/Head),2021-10-01,1803.5143424423568
牛,NYCI月均(c/kg lwt)($/Head),2021-11-01,1937.9824578602745
牛,NYCI月均(c/kg lwt)($/Head),2021-12-01,2078.21692574332
牛,NYCI月均(c/kg lwt)($/Head),2022-01-01,2164.854215794741
牛,NYCI月均(c/kg lwt)($/Head),2022-02-01,2123.9473277232755
牛,NYCI月均(c/kg lwt)($/Head),2022-03-01,2064.630522726148
牛,NYCI月均(c/kg lwt)($/Head),2022-04-01,1938.583493161051
牛,NYCI月均(c/kg lwt)($/Head),2022-05-01,1971.6597007314688
牛,NYCI月均(c/kg lwt)($/Head),2022-06-01,1814.887366718678
牛,NYCI月均(c/kg lwt)($/Head),2022-07-01,1600.6575258845328
牛,NYCI月均(c/kg lwt)($/Head),2022-08-01,1640.151451609296
牛,NYCI月均(c/kg lwt)($/Head),2022-09-01,1897.6130987844945
牛,NYCI月均(c/kg lwt)($/Head),2022-10-01,1924.493731155453
牛,NYCI月均(c/kg lwt)($/Head),2022-11-01,1813.702245711304
牛,NYCI月均(c/kg lwt)($/Head),2022-12-01,1789.8141298165183
牛,NYCI月均(c/kg lwt)($/Head),2023-01-01,1642.8497496648074
牛,NYCI月均(c/kg lwt)($/Head),2023-02-01,1412.686127398569
牛,NYCI月均(c/kg lwt)($/Head),2023-03-01,1222.7575609892483
牛,NYCI月均(c/kg lwt)($/Head),2023-04-01,1181.009821130587
牛,NYCI月均(c/kg lwt)($/Head),2023-05-01,1041.3047637760153
牛,NYCI月均(c/kg lwt)($/Head),2023-06-01,918.3487257472174
牛,NYCI月均(c/kg lwt)($/Head),2023-07-01,897.1217647036759
牛,NYCI月均(c/kg lwt)($/Head),2023-08-01,827.4142784895967
牛,NYCI月均(c/kg lwt)($/Head),2023-09-01,658.5713937447618
牛,NYCI月均(c/kg lwt)($/Head),2023-10-01,571.284660700256
牛,NYCI月均(c/kg lwt)($/Head),2023-11-01,753.5813480852564
牛,NYCI月均(c/kg lwt)($/Head),2023-12-01,910.1180363269784
牛,NYCI月均(c/kg lwt)($/Head),2024-01-01,1108.037089375428
牛,NYCI月均(c/kg lwt)($/Head),2024-02-01,1100.0538698377825
牛,NYCI月均(c/kg lwt)($/Head),2024-03-01,996.4535726899932
牛,NYCI月均(c/kg lwt)($/Head),2024-04-01,972.7976443188236
牛,NYCI月均(c/kg lwt)($/Head),2024-05-01,981.9145655394614
牛,NYCI月均(c/kg lwt)($/Head),2024-06-01,956.2386583041904
牛,NYCI月均(c/kg lwt)($/Head),2024-07-01,975.0185351416102
牛,NYCI月均(c/kg lwt)($/Head),2024-08-01,1069.194447759356
牛,NYCI月均(c/kg lwt)($/Head),2024-09-01,1093.2334057937
牛,NYCI月均(c/kg lwt)($/Head),2024-10-01,1019.8930924912072
牛,NYCI月均(c/kg lwt)($/Head),2024-11-01,1042.8528006912024
牛,NYCI月均(c/kg lwt)($/Head),2024-12-01,1214.8673812579073
牛,NYCI月均(c/kg lwt)($/Head),2025-01-01,1179.7400772872277
牛,NYCI月均(c/kg lwt)($/Head),2025-02-01,1115.9306465507643
牛,NYCI月均(c/kg lwt)($/Head),2025-03-01,1104.387962668298
牛,NYCI月均(c/kg lwt)($/Head),2025-04-01,1177.8359575501238
牛,NYCI月均(c/kg lwt)($/Head),2025-05-01,1116.6949992702637
牛,NYCI月均(c/kg lwt)($/Head),2025-06-01,1144.2714652053955
牛,NYCI月均(c/kg lwt)($/Head),2025-07-01,1218.1704018351206
牛,NYCI月均(c/kg lwt)($/Head),2025-08-01,1400.8588051543427
牛,NYCI月均(c/kg lwt)($/Head),2025-09-01,1468.6460758528167
牛,NYCI月均(c/kg lwt)($/Head),2025-10-01,1392.3139694912766
牛,NYCI月均(c/kg lwt)($/Head),2025-11-01,1512.5404101530492
牛,NYCI月均(c/kg lwt)($/Head),2025-12-01,1612.5704915067765
牛,NYCI月均(c/kg lwt)($/Head),2026-01-01,1458.971024744619
牛,NYCI月均(c/kg lwt)($/Head),2026-02-01,1413.2104074968026
牛,NYCI月均(c/kg lwt)($/Head),2026-03-01,1448.7445225254153
牛,NYCI月均(c/kg lwt)($/Head),2026-04-01,1263.9590927179277
牛,NYCI月均(c/kg lwt)($/Head),2026-05-01,1309.6037633416013
牛,NYCI月均(c/kg lwt)($/Head),2026-06-01,1556.4513303662322
牛,NYCI月均(c/kg lwt)($/Head),2026-07-01,1598.277255849966
牛,NYCI月成交头数,2000-01-01,43759.0
牛,NYCI月成交头数,2000-02-01,41536.0
牛,NYCI月成交头数,2000-03-01,39196.0
牛,NYCI月成交头数,2000-04-01,34449.0
牛,NYCI月成交头数,2000-05-01,54480.0
牛,NYCI月成交头数,2000-06-01,44205.0
牛,NYCI月成交头数,2000-07-01,34889.0
牛,NYCI月成交头数,2000-08-01,33944.0
牛,NYCI月成交头数,2000-09-01,34377.0
牛,NYCI月成交头数,2000-10-01,35672.0
牛,NYCI月成交头数,2000-11-01,35849.0
牛,NYCI月成交头数,2000-12-01,29277.0
牛,NYCI月成交头数,2001-01-01,34750.0
牛,NYCI月成交头数,2001-02-01,33518.0
牛,NYCI月成交头数,2001-03-01,46405.0
牛,NYCI月成交头数,2001-04-01,34800.0
牛,NYCI月成交头数,2001-05-01,60277.0
牛,NYCI月成交头数,2001-06-01,31191.0
牛,NYCI月成交头数,2001-07-01,36444.0
牛,NYCI月成交头数,2001-08-01,33388.0
牛,NYCI月成交头数,2001-09-01,28877.0
牛,NYCI月成交头数,2001-10-01,36528.0
牛,NYCI月成交头数,2001-11-01,46110.0
牛,NYCI月成交头数,2001-12-01,33249.0
牛,NYCI月成交头数,2002-01-01,58839.0
牛,NYCI月成交头数,2002-02-01,52796.0
牛,NYCI月成交头数,2002-03-01,52273.0
牛,NYCI月成交头数,2002-04-01,48383.0
牛,NYCI月成交头数,2002-05-01,56024.0
牛,NYCI月成交头数,2002-06-01,47165.0
牛,NYCI月成交头数,2002-07-01,45049.0
牛,NYCI月成交头数,2002-08-01,56028.0
牛,NYCI月成交头数,2002-09-01,39862.0
牛,NYCI月成交头数,2002-10-01,55311.0
牛,NYCI月成交头数,2002-11-01,54116.0
牛,NYCI月成交头数,2002-12-01,44165.0
牛,NYCI月成交头数,2003-01-01,52155.0
牛,NYCI月成交头数,2003-02-01,50382.0
牛,NYCI月成交头数,2003-03-01,45151.0
牛,NYCI月成交头数,2003-04-01,40898.0
牛,NYCI月成交头数,2003-05-01,61793.0
牛,NYCI月成交头数,2003-06-01,44815.0
牛,NYCI月成交头数,2003-07-01,45861.0
牛,NYCI月成交头数,2003-08-01,36946.0
牛,NYCI月成交头数,2003-09-01,37377.0
牛,NYCI月成交头数,2003-10-01,34695.0
牛,NYCI月成交头数,2003-11-01,44911.0
牛,NYCI月成交头数,2003-12-01,36496.0
牛,NYCI月成交头数,2004-01-01,48579.0
牛,NYCI月成交头数,2004-02-01,53356.0
牛,NYCI月成交头数,2004-03-01,43161.0
牛,NYCI月成交头数,2004-04-01,42889.0
牛,NYCI月成交头数,2004-05-01,49429.0
牛,NYCI月成交头数,2004-06-01,44472.0
牛,NYCI月成交头数,2004-07-01,37248.0
牛,NYCI月成交头数,2004-08-01,33526.0
牛,NYCI月成交头数,2004-09-01,31228.0
牛,NYCI月成交头数,2004-10-01,37968.0
牛,NYCI月成交头数,2004-11-01,44740.0
牛,NYCI月成交头数,2004-12-01,36478.0
牛,NYCI月成交头数,2005-01-01,53683.0
牛,NYCI月成交头数,2005-02-01,44163.0
牛,NYCI月成交头数,2005-03-01,44002.0
牛,NYCI月成交头数,2005-04-01,56933.0
牛,NYCI月成交头数,2005-05-01,64472.0
牛,NYCI月成交头数,2005-06-01,46833.0
牛,NYCI月成交头数,2005-07-01,41582.0
牛,NYCI月成交头数,2005-08-01,35927.0
牛,NYCI月成交头数,2005-09-01,31698.0
牛,NYCI月成交头数,2005-10-01,40061.0
牛,NYCI月成交头数,2005-11-01,36390.0
牛,NYCI月成交头数,2005-12-01,38958.0
牛,NYCI月成交头数,2006-01-01,40371.0
牛,NYCI月成交头数,2006-02-01,52229.0
牛,NYCI月成交头数,2006-03-01,64727.0
牛,NYCI月成交头数,2006-04-01,47322.0
牛,NYCI月成交头数,2006-05-01,70101.0
牛,NYCI月成交头数,2006-06-01,48948.0
牛,NYCI月成交头数,2006-07-01,37109.0
牛,NYCI月成交头数,2006-08-01,39012.0
牛,NYCI月成交头数,2006-09-01,33412.0
牛,NYCI月成交头数,2006-10-01,53291.0
牛,NYCI月成交头数,2006-11-01,53839.0
牛,NYCI月成交头数,2006-12-01,34986.0
牛,NYCI月成交头数,2007-01-01,39354.0
牛,NYCI月成交头数,2007-02-01,42609.0
牛,NYCI月成交头数,2007-03-01,34187.0
牛,NYCI月成交头数,2007-04-01,39916.0
牛,NYCI月成交头数,2007-05-01,41538.0
牛,NYCI月成交头数,2007-06-01,42561.0
牛,NYCI月成交头数,2007-07-01,31920.0
牛,NYCI月成交头数,2007-08-01,30584.0
牛,NYCI月成交头数,2007-09-01,32872.0
牛,NYCI月成交头数,2007-10-01,37319.0
牛,NYCI月成交头数,2007-11-01,43807.0
牛,NYCI月成交头数,2007-12-01,35613.0
牛,NYCI月成交头数,2008-01-01,37197.0
牛,NYCI月成交头数,2008-02-01,46316.0
牛,NYCI月成交头数,2008-03-01,45241.0
牛,NYCI月成交头数,2008-04-01,48860.0
牛,NYCI月成交头数,2008-05-01,57552.0
牛,NYCI月成交头数,2008-06-01,49101.0
牛,NYCI月成交头数,2008-07-01,45203.0
牛,NYCI月成交头数,2008-08-01,33835.0
牛,NYCI月成交头数,2008-09-01,39754.0
牛,NYCI月成交头数,2008-10-01,41441.0
牛,NYCI月成交头数,2008-11-01,38431.0
牛,NYCI月成交头数,2008-12-01,35031.0
牛,NYCI月成交头数,2009-01-01,38832.0
牛,NYCI月成交头数,2009-02-01,41469.0
牛,NYCI月成交头数,2009-03-01,60957.0
牛,NYCI月成交头数,2009-04-01,46649.0
牛,NYCI月成交头数,2009-05-01,48819.0
牛,NYCI月成交头数,2009-06-01,55559.0
牛,NYCI月成交头数,2009-07-01,41807.0
牛,NYCI月成交头数,2009-08-01,47053.0
牛,NYCI月成交头数,2009-09-01,39624.0
牛,NYCI月成交头数,2009-10-01,42089.0
牛,NYCI月成交头数,2009-11-01,41682.0
牛,NYCI月成交头数,2009-12-01,38452.0
牛,NYCI月成交头数,2010-01-01,38345.0
牛,NYCI月成交头数,2010-02-01,54406.0
牛,NYCI月成交头数,2010-03-01,81941.0
牛,NYCI月成交头数,2010-04-01,90697.0
牛,NYCI月成交头数,2010-05-01,102803.0
牛,NYCI月成交头数,2010-06-01,87796.0
牛,NYCI月成交头数,2010-07-01,71242.0
牛,NYCI月成交头数,2010-08-01,56113.0
牛,NYCI月成交头数,2010-09-01,49185.0
牛,NYCI月成交头数,2010-10-01,60760.0
牛,NYCI月成交头数,2010-11-01,66449.0
牛,NYCI月成交头数,2010-12-01,48396.0
牛,NYCI月成交头数,2011-01-01,42965.0
牛,NYCI月成交头数,2011-02-01,63666.0
牛,NYCI月成交头数,2011-03-01,66079.0
牛,NYCI月成交头数,2011-04-01,63587.0
牛,NYCI月成交头数,2011-05-01,87733.0
牛,NYCI月成交头数,2011-06-01,64391.0
牛,NYCI月成交头数,2011-07-01,65943.0
牛,NYCI月成交头数,2011-08-01,58700.0
牛,NYCI月成交头数,2011-09-01,68557.0
牛,NYCI月成交头数,2011-10-01,60346.0
牛,NYCI月成交头数,2011-11-01,71974.0
牛,NYCI月成交头数,2011-12-01,41876.0
牛,NYCI月成交头数,2012-01-01,57513.0
牛,NYCI月成交头数,2012-02-01,63509.0
牛,NYCI月成交头数,2012-03-01,84947.0
牛,NYCI月成交头数,2012-04-01,90967.0
牛,NYCI月成交头数,2012-05-01,92974.0
牛,NYCI月成交头数,2012-06-01,66402.0
牛,NYCI月成交头数,2012-07-01,77858.0
牛,NYCI月成交头数,2012-08-01,69026.0
牛,NYCI月成交头数,2012-09-01,68948.0
牛,NYCI月成交头数,2012-10-01,73205.0
牛,NYCI月成交头数,2012-11-01,76060.0
牛,NYCI月成交头数,2012-12-01,56143.0
牛,NYCI月成交头数,2013-01-01,63187.0
牛,NYCI月成交头数,2013-02-01,79468.0
牛,NYCI月成交头数,2013-03-01,74879.0
牛,NYCI月成交头数,2013-04-01,101909.0
牛,NYCI月成交头数,2013-05-01,101983.0
牛,NYCI月成交头数,2013-06-01,100821.0
牛,NYCI月成交头数,2013-07-01,95439.0
牛,NYCI月成交头数,2013-08-01,73356.0
牛,NYCI月成交头数,2013-09-01,60268.0
牛,NYCI月成交头数,2013-10-01,75223.0
牛,NYCI月成交头数,2013-11-01,61954.0
牛,NYCI月成交头数,2013-12-01,80240.0
牛,NYCI月成交头数,2014-01-01,78468.0
牛,NYCI月成交头数,2014-02-01,70960.0
牛,NYCI月成交头数,2014-03-01,85421.0
牛,NYCI月成交头数,2014-04-01,87459.0
牛,NYCI月成交头数,2014-05-01,106967.0
牛,NYCI月成交头数,2014-06-01,85615.0
牛,NYCI月成交头数,2014-07-01,93188.0
牛,NYCI月成交头数,2014-08-01,72529.0
牛,NYCI月成交头数,2014-09-01,65408.0
牛,NYCI月成交头数,2014-10-01,93135.0
牛,NYCI月成交头数,2014-11-01,91276.0
牛,NYCI月成交头数,2014-12-01,63931.0
牛,NYCI月成交头数,2015-01-01,74759.0
牛,NYCI月成交头数,2015-02-01,118422.0
牛,NYCI月成交头数,2015-03-01,106045.0
牛,NYCI月成交头数,2015-04-01,86998.0
牛,NYCI月成交头数,2015-05-01,106067.0
牛,NYCI月成交头数,2015-06-01,124218.0
牛,NYCI月成交头数,2015-07-01,131314.0
牛,NYCI月成交头数,2015-08-01,124580.0
牛,NYCI月成交头数,2015-09-01,111629.0
牛,NYCI月成交头数,2015-10-01,131714.0
牛,NYCI月成交头数,2015-11-01,118490.0
牛,NYCI月成交头数,2015-12-01,104855.0
牛,NYCI月成交头数,2016-01-01,83284.0
牛,NYCI月成交头数,2016-02-01,120818.0
牛,NYCI月成交头数,2016-03-01,149327.0
牛,NYCI月成交头数,2016-04-01,146246.0
牛,NYCI月成交头数,2016-05-01,145752.0
牛,NYCI月成交头数,2016-06-01,114224.0
牛,NYCI月成交头数,2016-07-01,173206.0
牛,NYCI月成交头数,2016-08-01,156151.0
牛,NYCI月成交头数,2016-09-01,98151.0
牛,NYCI月成交头数,2016-10-01,162007.0
牛,NYCI月成交头数,2016-11-01,126286.0
牛,NYCI月成交头数,2016-12-01,110181.0
牛,NYCI月成交头数,2017-01-01,92309.0
牛,NYCI月成交头数,2017-02-01,160095.0
牛,NYCI月成交头数,2017-03-01,174494.0
牛,NYCI月成交头数,2017-04-01,142357.0
牛,NYCI月成交头数,2017-05-01,212313.0
牛,NYCI月成交头数,2017-06-01,168349.0
牛,NYCI月成交头数,2017-07-01,168881.0
牛,NYCI月成交头数,2017-08-01,112295.0
牛,NYCI月成交头数,2017-09-01,150131.0
牛,NYCI月成交头数,2017-10-01,96407.0
牛,NYCI月成交头数,2017-11-01,177830.0
牛,NYCI月成交头数,2017-12-01,109664.0
牛,NYCI月成交头数,2018-01-01,118760.0
牛,NYCI月成交头数,2018-02-01,190538.0
牛,NYCI月成交头数,2018-03-01,200644.0
牛,NYCI月成交头数,2018-04-01,201307.0
牛,NYCI月成交头数,2018-05-01,266391.0
牛,NYCI月成交头数,2018-06-01,188314.0
牛,NYCI月成交头数,2018-07-01,212400.0
牛,NYCI月成交头数,2018-08-01,177216.0
牛,NYCI月成交头数,2018-09-01,157871.0
牛,NYCI月成交头数,2018-10-01,177115.0
牛,NYCI月成交头数,2018-11-01,201604.0
牛,NYCI月成交头数,2018-12-01,110181.0
牛,NYCI月成交头数,2019-01-01,136490.0
牛,NYCI月成交头数,2019-02-01,154631.0
牛,NYCI月成交头数,2019-03-01,222873.0
牛,NYCI月成交头数,2019-04-01,157802.0
牛,NYCI月成交头数,2019-05-01,194407.0
牛,NYCI月成交头数,2019-06-01,147715.0
牛,NYCI月成交头数,2019-07-01,181724.0
牛,NYCI月成交头数,2019-08-01,177866.0
牛,NYCI月成交头数,2019-09-01,158599.0
牛,NYCI月成交头数,2019-10-01,122014.0
牛,NYCI月成交头数,2019-11-01,175660.0
牛,NYCI月成交头数,2019-12-01,106438.0
牛,NYCI月成交头数,2020-01-01,66955.0
牛,NYCI月成交头数,2020-02-01,140855.0
牛,NYCI月成交头数,2020-03-01,299204.0
牛,NYCI月成交头数,2020-04-01,193616.0
牛,NYCI月成交头数,2020-05-01,256093.0
牛,NYCI月成交头数,2020-06-01,233276.0
牛,NYCI月成交头数,2020-07-01,205336.0
牛,NYCI月成交头数,2020-08-01,214345.0
牛,NYCI月成交头数,2020-09-01,188907.0
牛,NYCI月成交头数,2020-10-01,224065.0
牛,NYCI月成交头数,2020-11-01,229789.0
牛,NYCI月成交头数,2020-12-01,139366.0
牛,NYCI月成交头数,2021-01-01,106415.0
牛,NYCI月成交头数,2021-02-01,211978.0
牛,NYCI月成交头数,2021-03-01,235396.0
牛,NYCI月成交头数,2021-04-01,216846.0
牛,NYCI月成交头数,2021-05-01,239986.0
牛,NYCI月成交头数,2021-06-01,187630.0
牛,NYCI月成交头数,2021-07-01,207177.0
牛,NYCI月成交头数,2021-08-01,226992.0
牛,NYCI月成交头数,2021-09-01,229976.0
牛,NYCI月成交头数,2021-10-01,203845.0
牛,NYCI月成交头数,2021-11-01,229724.0
牛,NYCI月成交头数,2021-12-01,161443.0
牛,NYCI月成交头数,2022-01-01,148879.0
牛,NYCI月成交头数,2022-02-01,216446.0
牛,NYCI月成交头数,2022-03-01,244809.0
牛,NYCI月成交头数,2022-04-01,185151.0
牛,NYCI月成交头数,2022-05-01,202933.0
牛,NYCI月成交头数,2022-06-01,239663.0
牛,NYCI月成交头数,2022-07-01,158779.0
牛,NYCI月成交头数,2022-08-01,160405.0
牛,NYCI月成交头数,2022-09-01,199391.0
牛,NYCI月成交头数,2022-10-01,183373.0
牛,NYCI月成交头数,2022-11-01,269037.0
牛,NYCI月成交头数,2022-12-01,119225.0
牛,NYCI月成交头数,2023-01-01,89958.0
牛,NYCI月成交头数,2023-02-01,158883.0
牛,NYCI月成交头数,2023-03-01,180309.0
牛,NYCI月成交头数,2023-04-01,160806.0
牛,NYCI月成交头数,2023-05-01,205918.0
牛,NYCI月成交头数,2023-06-01,148415.0
牛,NYCI月成交头数,2023-07-01,148507.0
牛,NYCI月成交头数,2023-08-01,185250.0
牛,NYCI月成交头数,2023-09-01,137296.0
牛,NYCI月成交头数,2023-10-01,153090.0
牛,NYCI月成交头数,2023-11-01,117865.0
牛,NYCI月成交头数,2023-12-01,213087.0
牛,NYCI月成交头数,2024-01-01,113720.0
牛,NYCI月成交头数,2024-02-01,259804.0
牛,NYCI月成交头数,2024-03-01,213802.0
牛,NYCI月成交头数,2024-04-01,182777.0
牛,NYCI月成交头数,2024-05-01,262843.0
牛,NYCI月成交头数,2024-06-01,231031.0
牛,NYCI月成交头数,2024-07-01,196812.0
牛,NYCI月成交头数,2024-08-01,232367.0
牛,NYCI月成交头数,2024-09-01,192733.0
牛,NYCI月成交头数,2024-10-01,212778.0
牛,NYCI月成交头数,2024-11-01,184876.0
牛,NYCI月成交头数,2024-12-01,159142.0
牛,NYCI月成交头数,2025-01-01,154750.0
牛,NYCI月成交头数,2025-02-01,193557.0
牛,NYCI月成交头数,2025-03-01,191550.0
牛,NYCI月成交头数,2025-04-01,161190.0
牛,NYCI月成交头数,2025-05-01,330517.0
牛,NYCI月成交头数,2025-06-01,22834.0
牛,NYCI月成交头数,2025-07-01,507297.0
牛,NYCI月成交头数,2025-08-01,671121.0
牛,NYCI月成交头数,2025-09-01,688155.0
牛,NYCI月成交头数,2025-10-01,578551.0
牛,NYCI月成交头数,2025-11-01,683721.0
牛,NYCI月成交头数,2025-12-01,525569.0
牛,NYCI月成交头数,2026-01-01,338128.0
牛,NYCI月成交头数,2026-02-01,487558.0
牛,NYCI月成交头数,2026-03-01,802466.0
牛,NYCI月成交头数,2026-04-01,737208.0
牛,NYCI月成交头数,2026-05-01,638365.0
牛,NYCI月成交头数,2026-06-01,762874.0
牛,NYCI月成交头数,2026-07-01,111583.0
牛,"牛屠宰量(千头,季度)",1972-09-01,1712.8
牛,"牛屠宰量(千头,季度)",1972-12-01,1550.4
牛,"牛屠宰量(千头,季度)",1973-03-01,1774.5
牛,"牛屠宰量(千头,季度)",1973-06-01,1796.1
牛,"牛屠宰量(千头,季度)",1973-09-01,1929.0
牛,"牛屠宰量(千头,季度)",1973-12-01,1586.0
牛,"牛屠宰量(千头,季度)",1974-03-01,1233.9
牛,"牛屠宰量(千头,季度)",1974-06-01,1316.1
牛,"牛屠宰量(千头,季度)",1974-09-01,1338.0
牛,"牛屠宰量(千头,季度)",1974-12-01,1857.1
牛,"牛屠宰量(千头,季度)",1975-03-01,1718.0
牛,"牛屠宰量(千头,季度)",1975-06-01,2002.4
牛,"牛屠宰量(千头,季度)",1975-09-01,2065.0
牛,"牛屠宰量(千头,季度)",1975-12-01,1929.9
牛,"牛屠宰量(千头,季度)",1976-03-01,2107.3
牛,"牛屠宰量(千头,季度)",1976-06-01,2404.3
牛,"牛屠宰量(千头,季度)",1976-09-01,2350.8
牛,"牛屠宰量(千头,季度)",1976-12-01,2075.5
牛,"牛屠宰量(千头,季度)",1977-03-01,2411.1
牛,"牛屠宰量(千头,季度)",1977-06-01,2661.3
牛,"牛屠宰量(千头,季度)",1977-09-01,2723.9
牛,"牛屠宰量(千头,季度)",1977-12-01,2531.1
牛,"牛屠宰量(千头,季度)",1978-03-01,2487.3
牛,"牛屠宰量(千头,季度)",1978-06-01,2692.1
牛,"牛屠宰量(千头,季度)",1978-09-01,2521.5
牛,"牛屠宰量(千头,季度)",1978-12-01,2457.8
牛,"牛屠宰量(千头,季度)",1979-03-01,2463.4
牛,"牛屠宰量(千头,季度)",1979-06-01,2083.9
牛,"牛屠宰量(千头,季度)",1979-09-01,1917.5
牛,"牛屠宰量(千头,季度)",1979-12-01,1797.3
牛,"牛屠宰量(千头,季度)",1980-03-01,1628.5
牛,"牛屠宰量(千头,季度)",1980-06-01,2008.1
牛,"牛屠宰量(千头,季度)",1980-09-01,2007.9
牛,"牛屠宰量(千头,季度)",1980-12-01,1675.8
牛,"牛屠宰量(千头,季度)",1981-03-01,1439.8
牛,"牛屠宰量(千头,季度)",1981-06-01,1849.5
牛,"牛屠宰量(千头,季度)",1981-09-01,1757.9
牛,"牛屠宰量(千头,季度)",1981-12-01,1604.4
牛,"牛屠宰量(千头,季度)",1982-03-01,1813.4
牛,"牛屠宰量(千头,季度)",1982-06-01,2042.6
牛,"牛屠宰量(千头,季度)",1982-09-01,2139.8
牛,"牛屠宰量(千头,季度)",1982-12-01,1794.6
牛,"牛屠宰量(千头,季度)",1983-03-01,1743.8
牛,"牛屠宰量(千头,季度)",1983-06-01,1694.4
牛,"牛屠宰量(千头,季度)",1983-09-01,1771.8
牛,"牛屠宰量(千头,季度)",1983-12-01,1435.0
牛,"牛屠宰量(千头,季度)",1984-03-01,1330.7
牛,"牛屠宰量(千头,季度)",1984-06-01,1492.9
牛,"牛屠宰量(千头,季度)",1984-09-01,1530.4
牛,"牛屠宰量(千头,季度)",1984-12-01,1253.8
牛,"牛屠宰量(千头,季度)",1985-03-01,1388.9
牛,"牛屠宰量(千头,季度)",1985-06-01,1650.3
牛,"牛屠宰量(千头,季度)",1985-09-01,1513.7
牛,"牛屠宰量(千头,季度)",1985-12-01,1405.1
牛,"牛屠宰量(千头,季度)",1986-03-01,1498.7
牛,"牛屠宰量(千头,季度)",1986-06-01,1739.2
牛,"牛屠宰量(千头,季度)",1986-09-01,1722.6
牛,"牛屠宰量(千头,季度)",1986-12-01,1650.7
牛,"牛屠宰量(千头,季度)",1987-03-01,1599.9
牛,"牛屠宰量(千头,季度)",1987-06-01,1790.2
牛,"牛屠宰量(千头,季度)",1987-09-01,1733.0
牛,"牛屠宰量(千头,季度)",1987-12-01,1737.3
牛,"牛屠宰量(千头,季度)",1988-03-01,1761.9
牛,"牛屠宰量(千头,季度)",1988-06-01,1694.8
牛,"牛屠宰量(千头,季度)",1988-09-01,1670.7
牛,"牛屠宰量(千头,季度)",1988-12-01,1569.1
牛,"牛屠宰量(千头,季度)",1989-03-01,1436.8
牛,"牛屠宰量(千头,季度)",1989-06-01,1594.7
牛,"牛屠宰量(千头,季度)",1989-09-01,1747.0
牛,"牛屠宰量(千头,季度)",1989-12-01,1732.4
牛,"牛屠宰量(千头,季度)",1990-03-01,1713.0
牛,"牛屠宰量(千头,季度)",1990-06-01,1753.1
牛,"牛屠宰量(千头,季度)",1990-09-01,1870.5
牛,"牛屠宰量(千头,季度)",1990-12-01,1868.8
牛,"牛屠宰量(千头,季度)",1991-03-01,1643.3
牛,"牛屠宰量(千头,季度)",1991-06-01,1966.3
牛,"牛屠宰量(千头,季度)",1991-09-01,1891.2
牛,"牛屠宰量(千头,季度)",1991-12-01,1884.3
牛,"牛屠宰量(千头,季度)",1992-03-01,1858.7
牛,"牛屠宰量(千头,季度)",1992-06-01,2015.8
牛,"牛屠宰量(千头,季度)",1992-09-01,1945.9
牛,"牛屠宰量(千头,季度)",1992-12-01,1892.9
牛,"牛屠宰量(千头,季度)",1993-03-01,1707.8
牛,"牛屠宰量(千头,季度)",1993-06-01,1896.1
牛,"牛屠宰量(千头,季度)",1993-09-01,1922.6
牛,"牛屠宰量(千头,季度)",1993-12-01,1826.6
牛,"牛屠宰量(千头,季度)",1994-03-01,1721.7
牛,"牛屠宰量(千头,季度)",1994-06-01,1819.2
牛,"牛屠宰量(千头,季度)",1994-09-01,1904.9
牛,"牛屠宰量(千头,季度)",1994-12-01,1853.1
牛,"牛屠宰量(千头,季度)",1995-03-01,1617.9
牛,"牛屠宰量(千头,季度)",1995-06-01,1844.2
牛,"牛屠宰量(千头,季度)",1995-09-01,1757.3
牛,"牛屠宰量(千头,季度)",1995-12-01,1695.0
牛,"牛屠宰量(千头,季度)",1996-03-01,1733.9
牛,"牛屠宰量(千头,季度)",1996-06-01,1763.5
牛,"牛屠宰量(千头,季度)",1996-09-01,1682.0
牛,"牛屠宰量(千头,季度)",1996-12-01,1717.9
牛,"牛屠宰量(千头,季度)",1997-03-01,1786.2
牛,"牛屠宰量(千头,季度)",1997-06-01,2084.4
牛,"牛屠宰量(千头,季度)",1997-09-01,2056.7
牛,"牛屠宰量(千头,季度)",1997-12-01,1941.1
牛,"牛屠宰量(千头,季度)",1998-03-01,1945.3
牛,"牛屠宰量(千头,季度)",1998-06-01,2108.6
牛,"牛屠宰量(千头,季度)",1998-09-01,2050.9
牛,"牛屠宰量(千头,季度)",1998-12-01,2000.6
牛,"牛屠宰量(千头,季度)",1999-03-01,1940.3
牛,"牛屠宰量(千头,季度)",1999-06-01,1947.3
牛,"牛屠宰量(千头,季度)",1999-09-01,1918.8
牛,"牛屠宰量(千头,季度)",1999-12-01,1846.6
牛,"牛屠宰量(千头,季度)",2000-03-01,1806.3
牛,"牛屠宰量(千头,季度)",2000-06-01,1948.3
牛,"牛屠宰量(千头,季度)",2000-09-01,1993.1
牛,"牛屠宰量(千头,季度)",2000-12-01,1954.6
牛,"牛屠宰量(千头,季度)",2001-03-01,1913.0
牛,"牛屠宰量(千头,季度)",2001-06-01,2079.9
牛,"牛屠宰量(千头,季度)",2001-09-01,2029.4
牛,"牛屠宰量(千头,季度)",2001-12-01,1786.0
牛,"牛屠宰量(千头,季度)",2002-03-01,1720.9
牛,"牛屠宰量(千头,季度)",2002-06-01,2087.9
牛,"牛屠宰量(千头,季度)",2002-09-01,2077.7
牛,"牛屠宰量(千头,季度)",2002-12-01,2082.3
牛,"牛屠宰量(千头,季度)",2003-03-01,1891.9
牛,"牛屠宰量(千头,季度)",2003-06-01,2030.9
牛,"牛屠宰量(千头,季度)",2003-09-01,1949.1
牛,"牛屠宰量(千头,季度)",2003-12-01,1934.2
牛,"牛屠宰量(千头,季度)",2004-03-01,1848.8
牛,"牛屠宰量(千头,季度)",2004-06-01,2020.8
牛,"牛屠宰量(千头,季度)",2004-09-01,2089.3
牛,"牛屠宰量(千头,季度)",2004-12-01,1934.6
牛,"牛屠宰量(千头,季度)",2005-03-01,1815.2
牛,"牛屠宰量(千头,季度)",2005-06-01,2146.5
牛,"牛屠宰量(千头,季度)",2005-09-01,1874.7
牛,"牛屠宰量(千头,季度)",2005-12-01,1806.9
牛,"牛屠宰量(千头,季度)",2006-03-01,1883.6
牛,"牛屠宰量(千头,季度)",2006-06-01,2014.8
牛,"牛屠宰量(千头,季度)",2006-09-01,1996.0
牛,"牛屠宰量(千头,季度)",2006-12-01,2091.1
牛,"牛屠宰量(千头,季度)",2007-03-01,2033.1
牛,"牛屠宰量(千头,季度)",2007-06-01,2041.5
牛,"牛屠宰量(千头,季度)",2007-09-01,1959.2
牛,"牛屠宰量(千头,季度)",2007-12-01,1965.8
牛,"牛屠宰量(千头,季度)",2008-03-01,1778.2
牛,"牛屠宰量(千头,季度)",2008-06-01,2130.1
牛,"牛屠宰量(千头,季度)",2008-09-01,1982.0
牛,"牛屠宰量(千头,季度)",2008-12-01,1963.9
牛,"牛屠宰量(千头,季度)",2009-03-01,1879.1
牛,"牛屠宰量(千头,季度)",2009-06-01,1964.2
牛,"牛屠宰量(千头,季度)",2009-09-01,1967.8
牛,"牛屠宰量(千头,季度)",2009-12-01,1771.7
牛,"牛屠宰量(千头,季度)",2010-03-01,1732.2
牛,"牛屠宰量(千头,季度)",2010-06-01,1988.9
牛,"牛屠宰量(千头,季度)",2010-09-01,1912.1
牛,"牛屠宰量(千头,季度)",2010-12-01,1838.6
牛,"牛屠宰量(千头,季度)",2011-03-01,1728.3
牛,"牛屠宰量(千头,季度)",2011-06-01,1889.6
牛,"牛屠宰量(千头,季度)",2011-09-01,1825.0
牛,"牛屠宰量(千头,季度)",2011-12-01,1817.8
牛,"牛屠宰量(千头,季度)",2012-03-01,1745.8
牛,"牛屠宰量(千头,季度)",2012-06-01,1812.6
牛,"牛屠宰量(千头,季度)",2012-09-01,1887.1
牛,"牛屠宰量(千头,季度)",2012-12-01,1906.9
牛,"牛屠宰量(千头,季度)",2013-03-01,1867.2
牛,"牛屠宰量(千头,季度)",2013-06-01,2150.0
牛,"牛屠宰量(千头,季度)",2013-09-01,2210.0
牛,"牛屠宰量(千头,季度)",2013-12-01,2117.0
牛,"牛屠宰量(千头,季度)",2014-03-01,2172.6
牛,"牛屠宰量(千头,季度)",2014-06-01,2264.4
牛,"牛屠宰量(千头,季度)",2014-09-01,2464.9
牛,"牛屠宰量(千头,季度)",2014-12-01,2324.3
牛,"牛屠宰量(千头,季度)",2015-03-01,2263.2
牛,"牛屠宰量(千头,季度)",2015-06-01,2367.6
牛,"牛屠宰量(千头,季度)",2015-09-01,2321.7
牛,"牛屠宰量(千头,季度)",2015-12-01,2054.8
牛,"牛屠宰量(千头,季度)",2016-03-01,1824.2
牛,"牛屠宰量(千头,季度)",2016-06-01,1988.1
牛,"牛屠宰量(千头,季度)",2016-09-01,1717.6
牛,"牛屠宰量(千头,季度)",2016-12-01,1758.1
牛,"牛屠宰量(千头,季度)",2017-03-01,1673.8
牛,"牛屠宰量(千头,季度)",2017-06-01,1831.9
牛,"牛屠宰量(千头,季度)",2017-09-01,1923.1
牛,"牛屠宰量(千头,季度)",2017-12-01,1729.7
牛,"牛屠宰量(千头,季度)",2018-03-01,1765.4
牛,"牛屠宰量(千头,季度)",2018-06-01,2060.9
牛,"牛屠宰量(千头,季度)",2018-09-01,2114.7
牛,"牛屠宰量(千头,季度)",2018-12-01,1932.1
牛,"牛屠宰量(千头,季度)",2019-03-01,2010.4
牛,"牛屠宰量(千头,季度)",2019-06-01,2113.3
牛,"牛屠宰量(千头,季度)",2019-09-01,2229.7
牛,"牛屠宰量(千头,季度)",2019-12-01,2128.6
牛,"牛屠宰量(千头,季度)",2020-03-01,1935.2
牛,"牛屠宰量(千头,季度)",2020-06-01,1885.8
牛,"牛屠宰量(千头,季度)",2020-09-01,1761.5
牛,"牛屠宰量(千头,季度)",2020-12-01,1562.7
牛,"牛屠宰量(千头,季度)",2021-03-01,1417.8
牛,"牛屠宰量(千头,季度)",2021-06-01,1538.2
牛,"牛屠宰量(千头,季度)",2021-09-01,1597.1
牛,"牛屠宰量(千头,季度)",2021-12-01,1464.8
牛,"牛屠宰量(千头,季度)",2022-03-01,1339.5
牛,"牛屠宰量(千头,季度)",2022-06-01,1490.4
牛,"牛屠宰量(千头,季度)",2022-09-01,1557.3
牛,"牛屠宰量(千头,季度)",2022-12-01,1462.4
牛,"牛屠宰量(千头,季度)",2023-03-01,1542.4
牛,"牛屠宰量(千头,季度)",2023-06-01,1728.1
牛,"牛屠宰量(千头,季度)",2023-09-01,1908.6
牛,"牛屠宰量(千头,季度)",2023-12-01,1841.1
牛,"牛屠宰量(千头,季度)",2024-03-01,1806.6
牛,"牛屠宰量(千头,季度)",2024-06-01,2123.4
牛,"牛屠宰量(千头,季度)",2024-09-01,2241.2
牛,"牛屠宰量(千头,季度)",2024-12-01,2124.6
牛,"牛屠宰量(千头,季度)",2025-03-01,2172.4
牛,"牛屠宰量(千头,季度)",2025-06-01,2338.2
牛,"牛屠宰量(千头,季度)",2025-09-01,2475.3
牛,"牛屠宰量(千头,季度)",2025-12-01,2298.0
牛,"牛屠宰量(千头,季度)",2026-03-01,2302.3
牛,"牛肉产量(吨,季度)",1972-09-01,360638.0
牛,"牛肉产量(吨,季度)",1972-12-01,315925.0
牛,"牛肉产量(吨,季度)",1973-03-01,355431.0
牛,"牛肉产量(吨,季度)",1973-06-01,364024.0
牛,"牛肉产量(吨,季度)",1973-09-01,406631.0
牛,"牛肉产量(吨,季度)",1973-12-01,337391.0
牛,"牛肉产量(吨,季度)",1974-03-01,256128.0
牛,"牛肉产量(吨,季度)",1974-06-01,278962.0
牛,"牛肉产量(吨,季度)",1974-09-01,289538.0
牛,"牛肉产量(吨,季度)",1974-12-01,411261.0
牛,"牛肉产量(吨,季度)",1975-03-01,367106.0
牛,"牛肉产量(吨,季度)",1975-06-01,424874.0
牛,"牛肉产量(吨,季度)",1975-09-01,442037.0
牛,"牛肉产量(吨,季度)",1975-12-01,401928.0
牛,"牛肉产量(吨,季度)",1976-03-01,425955.0
牛,"牛肉产量(吨,季度)",1976-06-01,486669.0
牛,"牛肉产量(吨,季度)",1976-09-01,472746.0
牛,"牛肉产量(吨,季度)",1976-12-01,414203.0
牛,"牛肉产量(吨,季度)",1977-03-01,474426.0
牛,"牛肉产量(吨,季度)",1977-06-01,528426.0
牛,"牛肉产量(吨,季度)",1977-09-01,547524.0
牛,"牛肉产量(吨,季度)",1977-12-01,507887.0
牛,"牛肉产量(吨,季度)",1978-03-01,489735.0
牛,"牛肉产量(吨,季度)",1978-06-01,534747.0
牛,"牛肉产量(吨,季度)",1978-09-01,511288.0
牛,"牛肉产量(吨,季度)",1978-12-01,505760.0
牛,"牛肉产量(吨,季度)",1979-03-01,505437.0
牛,"牛肉产量(吨,季度)",1979-06-01,425076.0
牛,"牛肉产量(吨,季度)",1979-09-01,402814.0
牛,"牛肉产量(吨,季度)",1979-12-01,377869.0
牛,"牛肉产量(吨,季度)",1980-03-01,331486.0
牛,"牛肉产量(吨,季度)",1980-06-01,398256.0
牛,"牛肉产量(吨,季度)",1980-09-01,412821.0
牛,"牛肉产量(吨,季度)",1980-12-01,338748.0
牛,"牛肉产量(吨,季度)",1981-03-01,294621.0
牛,"牛肉产量(吨,季度)",1981-06-01,371473.0
牛,"牛肉产量(吨,季度)",1981-09-01,366800.0
牛,"牛肉产量(吨,季度)",1981-12-01,340636.0
牛,"牛肉产量(吨,季度)",1982-03-01,384526.0
牛,"牛肉产量(吨,季度)",1982-06-01,434277.0
牛,"牛肉产量(吨,季度)",1982-09-01,445863.0
牛,"牛肉产量(吨,季度)",1982-12-01,356667.0
牛,"牛肉产量(吨,季度)",1983-03-01,341172.0
牛,"牛肉产量(吨,季度)",1983-06-01,337934.0
牛,"牛肉产量(吨,季度)",1983-09-01,375000.0
牛,"牛肉产量(吨,季度)",1983-12-01,308305.0
牛,"牛肉产量(吨,季度)",1984-03-01,293777.0
牛,"牛肉产量(吨,季度)",1984-06-01,326148.0
牛,"牛肉产量(吨,季度)",1984-09-01,338982.0
牛,"牛肉产量(吨,季度)",1984-12-01,273817.0
牛,"牛肉产量(吨,季度)",1985-03-01,304875.0
牛,"牛肉产量(吨,季度)",1985-06-01,352879.0
牛,"牛肉产量(吨,季度)",1985-09-01,330243.0
牛,"牛肉产量(吨,季度)",1985-12-01,310879.0
牛,"牛肉产量(吨,季度)",1986-03-01,331836.0
牛,"牛肉产量(吨,季度)",1986-06-01,371125.0
牛,"牛肉产量(吨,季度)",1986-09-01,374185.0
牛,"牛肉产量(吨,季度)",1986-12-01,361440.0
牛,"牛肉产量(吨,季度)",1987-03-01,353548.0
牛,"牛肉产量(吨,季度)",1987-06-01,391918.0
牛,"牛肉产量(吨,季度)",1987-09-01,386945.0
牛,"牛肉产量(吨,季度)",1987-12-01,393960.0
牛,"牛肉产量(吨,季度)",1988-03-01,395282.0
牛,"牛肉产量(吨,季度)",1988-06-01,372996.0
牛,"牛肉产量(吨,季度)",1988-09-01,380430.0
牛,"牛肉产量(吨,季度)",1988-12-01,367466.0
牛,"牛肉产量(吨,季度)",1989-03-01,337993.0
牛,"牛肉产量(吨,季度)",1989-06-01,373481.0
牛,"牛肉产量(吨,季度)",1989-09-01,413550.0
牛,"牛肉产量(吨,季度)",1989-12-01,414436.0
牛,"牛肉产量(吨,季度)",1990-03-01,410232.0
牛,"牛肉产量(吨,季度)",1990-06-01,403299.0
牛,"牛肉产量(吨,季度)",1990-09-01,441988.0
牛,"牛肉产量(吨,季度)",1990-12-01,446148.0
牛,"牛肉产量(吨,季度)",1991-03-01,382596.0
牛,"牛肉产量(吨,季度)",1991-06-01,452503.0
牛,"牛肉产量(吨,季度)",1991-09-01,437553.0
牛,"牛肉产量(吨,季度)",1991-12-01,438743.0
牛,"牛肉产量(吨,季度)",1992-03-01,423358.0
牛,"牛肉产量(吨,季度)",1992-06-01,453100.0
牛,"牛肉产量(吨,季度)",1992-09-01,460275.0
牛,"牛肉产量(吨,季度)",1992-12-01,460863.0
牛,"牛肉产量(吨,季度)",1993-03-01,412292.0
牛,"牛肉产量(吨,季度)",1993-06-01,453429.0
牛,"牛肉产量(吨,季度)",1993-09-01,465519.0
牛,"牛肉产量(吨,季度)",1993-12-01,442566.0
牛,"牛肉产量(吨,季度)",1994-03-01,428537.0
牛,"牛肉产量(吨,季度)",1994-06-01,449601.0
牛,"牛肉产量(吨,季度)",1994-09-01,474989.0
牛,"牛肉产量(吨,季度)",1994-12-01,452480.0
牛,"牛肉产量(吨,季度)",1995-03-01,396034.0
牛,"牛肉产量(吨,季度)",1995-06-01,442103.0
牛,"牛肉产量(吨,季度)",1995-09-01,427485.0
牛,"牛肉产量(吨,季度)",1995-12-01,418880.0
牛,"牛肉产量(吨,季度)",1996-03-01,430972.0
牛,"牛肉产量(吨,季度)",1996-06-01,433585.0
牛,"牛肉产量(吨,季度)",1996-09-01,410151.0
牛,"牛肉产量(吨,季度)",1996-12-01,423732.0
牛,"牛肉产量(吨,季度)",1997-03-01,438374.0
牛,"牛肉产量(吨,季度)",1997-06-01,499940.0
牛,"牛肉产量(吨,季度)",1997-09-01,491677.0
牛,"牛肉产量(吨,季度)",1997-12-01,466695.0
牛,"牛肉产量(吨,季度)",1998-03-01,462312.0
牛,"牛肉产量(吨,季度)",1998-06-01,490405.0
牛,"牛肉产量(吨,季度)",1998-09-01,496205.0
牛,"牛肉产量(吨,季度)",1998-12-01,495768.0
牛,"牛肉产量(吨,季度)",1999-03-01,491261.0
牛,"牛肉产量(吨,季度)",1999-06-01,489502.0
牛,"牛肉产量(吨,季度)",1999-09-01,492430.0
牛,"牛肉产量(吨,季度)",1999-12-01,482582.0
牛,"牛肉产量(吨,季度)",2000-03-01,472298.0
牛,"牛肉产量(吨,季度)",2000-06-01,505010.0
牛,"牛肉产量(吨,季度)",2000-09-01,521904.0
牛,"牛肉产量(吨,季度)",2000-12-01,519295.0
牛,"牛肉产量(吨,季度)",2001-03-01,502131.0
牛,"牛肉产量(吨,季度)",2001-06-01,542621.0
牛,"牛肉产量(吨,季度)",2001-09-01,534564.0
牛,"牛肉产量(吨,季度)",2001-12-01,468951.0
牛,"牛肉产量(吨,季度)",2002-03-01,450941.0
牛,"牛肉产量(吨,季度)",2002-06-01,541710.0
牛,"牛肉产量(吨,季度)",2002-09-01,534915.0
牛,"牛肉产量(吨,季度)",2002-12-01,527190.0
牛,"牛肉产量(吨,季度)",2003-03-01,473184.0
牛,"牛肉产量(吨,季度)",2003-06-01,499323.0
牛,"牛肉产量(吨,季度)",2003-09-01,489378.0
牛,"牛肉产量(吨,季度)",2003-12-01,497502.0
牛,"牛肉产量(吨,季度)",2004-03-01,483454.0
牛,"牛肉产量(吨,季度)",2004-06-01,527514.0
牛,"牛肉产量(吨,季度)",2004-09-01,551747.0
牛,"牛肉产量(吨,季度)",2004-12-01,518616.0
牛,"牛肉产量(吨,季度)",2005-03-01,490359.0
牛,"牛肉产量(吨,季度)",2005-06-01,572088.0
牛,"牛肉产量(吨,季度)",2005-09-01,504729.0
牛,"牛肉产量(吨,季度)",2005-12-01,495343.0
牛,"牛肉产量(吨,季度)",2006-03-01,510562.0
牛,"牛肉产量(吨,季度)",2006-06-01,538887.0
牛,"牛肉产量(吨,季度)",2006-09-01,549188.0
牛,"牛肉产量(吨,季度)",2006-12-01,560541.0
牛,"牛肉产量(吨,季度)",2007-03-01,548468.0
牛,"牛肉产量(吨,季度)",2007-06-01,537517.0
牛,"牛肉产量(吨,季度)",2007-09-01,525489.0
牛,"牛肉产量(吨,季度)",2007-12-01,528201.0
牛,"牛肉产量(吨,季度)",2008-03-01,481069.0
牛,"牛肉产量(吨,季度)",2008-06-01,570947.0
牛,"牛肉产量(吨,季度)",2008-09-01,533556.0
牛,"牛肉产量(吨,季度)",2008-12-01,528032.0
牛,"牛肉产量(吨,季度)",2009-03-01,511754.0
牛,"牛肉产量(吨,季度)",2009-06-01,525273.0
牛,"牛肉产量(吨,季度)",2009-09-01,540227.0
牛,"牛肉产量(吨,季度)",2009-12-01,489129.0
牛,"牛肉产量(吨,季度)",2010-03-01,481093.0
牛,"牛肉产量(吨,季度)",2010-06-01,546065.0
牛,"牛肉产量(吨,季度)",2010-09-01,529817.0
牛,"牛肉产量(吨,季度)",2010-12-01,523983.0
牛,"牛肉产量(吨,季度)",2011-03-01,495994.0
牛,"牛肉产量(吨,季度)",2011-06-01,539439.0
牛,"牛肉产量(吨,季度)",2011-09-01,525500.0
牛,"牛肉产量(吨,季度)",2011-12-01,525331.0
牛,"牛肉产量(吨,季度)",2012-03-01,504657.0
牛,"牛肉产量(吨,季度)",2012-06-01,518327.0
牛,"牛肉产量(吨,季度)",2012-09-01,541585.0
牛,"牛肉产量(吨,季度)",2012-12-01,548562.0
牛,"牛肉产量(吨,季度)",2013-03-01,524548.0
牛,"牛肉产量(吨,季度)",2013-06-01,591436.0
牛,"牛肉产量(吨,季度)",2013-09-01,613256.0
牛,"牛肉产量(吨,季度)",2013-12-01,589460.0
牛,"牛肉产量(吨,季度)",2014-03-01,601295.0
牛,"牛肉产量(吨,季度)",2014-06-01,618688.0
牛,"牛肉产量(吨,季度)",2014-09-01,678127.0
牛,"牛肉产量(吨,季度)",2014-12-01,655694.0
牛,"牛肉产量(吨,季度)",2015-03-01,633699.0
牛,"牛肉产量(吨,季度)",2015-06-01,654837.0
牛,"牛肉产量(吨,季度)",2015-09-01,643326.0
牛,"牛肉产量(吨,季度)",2015-12-01,582036.0
牛,"牛肉产量(吨,季度)",2016-03-01,527763.0
牛,"牛肉产量(吨,季度)",2016-06-01,562868.0
牛,"牛肉产量(吨,季度)",2016-09-01,496113.0
牛,"牛肉产量(吨,季度)",2016-12-01,514107.0
牛,"牛肉产量(吨,季度)",2017-03-01,494227.0
牛,"牛肉产量(吨,季度)",2017-06-01,544070.0
牛,"牛肉产量(吨,季度)",2017-09-01,570847.0
牛,"牛肉产量(吨,季度)",2017-12-01,521072.0
牛,"牛肉产量(吨,季度)",2018-03-01,530989.0
牛,"牛肉产量(吨,季度)",2018-06-01,596196.0
牛,"牛肉产量(吨,季度)",2018-09-01,604238.0
牛,"牛肉产量(吨,季度)",2018-12-01,557798.0
牛,"牛肉产量(吨,季度)",2019-03-01,574263.0
牛,"牛肉产量(吨,季度)",2019-06-01,591554.0
牛,"牛肉产量(吨,季度)",2019-09-01,629660.0
牛,"牛肉产量(吨,季度)",2019-12-01,608483.0
牛,"牛肉产量(吨,季度)",2020-03-01,567339.0
牛,"牛肉产量(吨,季度)",2020-06-01,540443.0
牛,"牛肉产量(吨,季度)",2020-09-01,517663.0
牛,"牛肉产量(吨,季度)",2020-12-01,477409.0
牛,"牛肉产量(吨,季度)",2021-03-01,444575.0
牛,"牛肉产量(吨,季度)",2021-06-01,477864.0
牛,"牛肉产量(吨,季度)",2021-09-01,496903.0
牛,"牛肉产量(吨,季度)",2021-12-01,463933.0
牛,"牛肉产量(吨,季度)",2022-03-01,434175.0
牛,"牛肉产量(吨,季度)",2022-06-01,473394.0
牛,"牛肉产量(吨,季度)",2022-09-01,493222.0
牛,"牛肉产量(吨,季度)",2022-12-01,468197.0
牛,"牛肉产量(吨,季度)",2023-03-01,498314.0
牛,"牛肉产量(吨,季度)",2023-06-01,544346.0
牛,"牛肉产量(吨,季度)",2023-09-01,588985.0
牛,"牛肉产量(吨,季度)",2023-12-01,577310.0
牛,"牛肉产量(吨,季度)",2024-03-01,569350.0
牛,"牛肉产量(吨,季度)",2024-06-01,648178.0
牛,"牛肉产量(吨,季度)",2024-09-01,690694.0
牛,"牛肉产量(吨,季度)",2024-12-01,660899.0
牛,"牛肉产量(吨,季度)",2025-03-01,679048.0
牛,"牛肉产量(吨,季度)",2025-06-01,717891.0
牛,"牛肉产量(吨,季度)",2025-09-01,759270.0
牛,"牛肉产量(吨,季度)",2025-12-01,714573.0
牛,"牛肉产量(吨,季度)",2026-03-01,730077.0
牛,牛肉小牛肉CPI指数,1972-09-01,7.19
牛,牛肉小牛肉CPI指数,1972-12-01,7.3
牛,牛肉小牛肉CPI指数,1973-03-01,7.74
牛,牛肉小牛肉CPI指数,1973-06-01,8.48
牛,牛肉小牛肉CPI指数,1973-09-01,8.96
牛,牛肉小牛肉CPI指数,1973-12-01,9.3
牛,牛肉小牛肉CPI指数,1974-03-01,9.67
牛,牛肉小牛肉CPI指数,1974-06-01,9.54
牛,牛肉小牛肉CPI指数,1974-09-01,8.76
牛,牛肉小牛肉CPI指数,1974-12-01,7.98
牛,牛肉小牛肉CPI指数,1975-03-01,7.6
牛,牛肉小牛肉CPI指数,1975-06-01,7.6
牛,牛肉小牛肉CPI指数,1975-09-01,7.5
牛,牛肉小牛肉CPI指数,1975-12-01,7.94
牛,牛肉小牛肉CPI指数,1976-03-01,8.14
牛,牛肉小牛肉CPI指数,1976-06-01,8.21
牛,牛肉小牛肉CPI指数,1976-09-01,8.59
牛,牛肉小牛肉CPI指数,1976-12-01,8.86
牛,牛肉小牛肉CPI指数,1977-03-01,8.89
牛,牛肉小牛肉CPI指数,1977-06-01,9.37
牛,牛肉小牛肉CPI指数,1977-09-01,9.4
牛,牛肉小牛肉CPI指数,1977-12-01,9.4
牛,牛肉小牛肉CPI指数,1978-03-01,9.64
牛,牛肉小牛肉CPI指数,1978-06-01,10.18
牛,牛肉小牛肉CPI指数,1978-09-01,11.17
牛,牛肉小牛肉CPI指数,1978-12-01,11.54
牛,牛肉小牛肉CPI指数,1979-03-01,13.54
牛,牛肉小牛肉CPI指数,1979-06-01,17.61
牛,牛肉小牛肉CPI指数,1979-09-01,18.63
牛,牛肉小牛肉CPI指数,1979-12-01,18.5
牛,牛肉小牛肉CPI指数,1980-03-01,19.55
牛,牛肉小牛肉CPI指数,1980-06-01,19.68
牛,牛肉小牛肉CPI指数,1980-09-01,19.72
牛,牛肉小牛肉CPI指数,1980-12-01,19.58
牛,牛肉小牛肉CPI指数,1981-03-01,19.55
牛,牛肉小牛肉CPI指数,1981-06-01,19.45
牛,牛肉小牛肉CPI指数,1981-09-01,19.51
牛,牛肉小牛肉CPI指数,1981-12-01,19.51
牛,牛肉小牛肉CPI指数,1982-03-01,19.17
牛,牛肉小牛肉CPI指数,1982-06-01,19.55
牛,牛肉小牛肉CPI指数,1982-09-01,19.68
牛,牛肉小牛肉CPI指数,1982-12-01,20.12
牛,牛肉小牛肉CPI指数,1983-03-01,20.36
牛,牛肉小牛肉CPI指数,1983-06-01,23.11
牛,牛肉小牛肉CPI指数,1983-09-01,23.01
牛,牛肉小牛肉CPI指数,1983-12-01,22.67
牛,牛肉小牛肉CPI指数,1984-03-01,23.04
牛,牛肉小牛肉CPI指数,1984-06-01,23.25
牛,牛肉小牛肉CPI指数,1984-09-01,23.76
牛,牛肉小牛肉CPI指数,1984-12-01,24.06
牛,牛肉小牛肉CPI指数,1985-03-01,23.93
牛,牛肉小牛肉CPI指数,1985-06-01,24.71
牛,牛肉小牛肉CPI指数,1985-09-01,24.77
牛,牛肉小牛肉CPI指数,1985-12-01,24.81
牛,牛肉小牛肉CPI指数,1986-03-01,24.94
牛,牛肉小牛肉CPI指数,1986-06-01,25.25
牛,牛肉小牛肉CPI指数,1986-09-01,25.62
牛,牛肉小牛肉CPI指数,1986-12-01,26.13
牛,牛肉小牛肉CPI指数,1987-03-01,26.4
牛,牛肉小牛肉CPI指数,1987-06-01,26.67
牛,牛肉小牛肉CPI指数,1987-09-01,27.25
牛,牛肉小牛肉CPI指数,1987-12-01,27.22
牛,牛肉小牛肉CPI指数,1988-03-01,27.69
牛,牛肉小牛肉CPI指数,1988-06-01,29.05
牛,牛肉小牛肉CPI指数,1988-09-01,30.2
牛,牛肉小牛肉CPI指数,1988-12-01,30.31
牛,牛肉小牛肉CPI指数,1989-03-01,31.05
牛,牛肉小牛肉CPI指数,1989-06-01,32.85
牛,牛肉小牛肉CPI指数,1989-09-01,33.6
牛,牛肉小牛肉CPI指数,1989-12-01,33.36
牛,牛肉小牛肉CPI指数,1990-03-01,33.97
牛,牛肉小牛肉CPI指数,1990-06-01,34.79
牛,牛肉小牛肉CPI指数,1990-09-01,34.85
牛,牛肉小牛肉CPI指数,1990-12-01,34.82
牛,牛肉小牛肉CPI指数,1991-03-01,34.99
牛,牛肉小牛肉CPI指数,1991-06-01,35.16
牛,牛肉小牛肉CPI指数,1991-09-01,35.23
牛,牛肉小牛肉CPI指数,1991-12-01,34.89
牛,牛肉小牛肉CPI指数,1992-03-01,34.99
牛,牛肉小牛肉CPI指数,1992-06-01,35.09
牛,牛肉小牛肉CPI指数,1992-09-01,34.65
牛,牛肉小牛肉CPI指数,1992-12-01,34.04
牛,牛肉小牛肉CPI指数,1993-03-01,34.17
牛,牛肉小牛肉CPI指数,1993-06-01,34.28
牛,牛肉小牛肉CPI指数,1993-09-01,35.02
牛,牛肉小牛肉CPI指数,1993-12-01,35.29
牛,牛肉小牛肉CPI指数,1994-03-01,35.67
牛,牛肉小牛肉CPI指数,1994-06-01,36.07
牛,牛肉小牛肉CPI指数,1994-09-01,36.11
牛,牛肉小牛肉CPI指数,1994-12-01,35.77
牛,牛肉小牛肉CPI指数,1995-03-01,35.7
牛,牛肉小牛肉CPI指数,1995-06-01,36.07
牛,牛肉小牛肉CPI指数,1995-09-01,36.89
牛,牛肉小牛肉CPI指数,1995-12-01,36.48
牛,牛肉小牛肉CPI指数,1996-03-01,36.35
牛,牛肉小牛肉CPI指数,1996-06-01,35.91
牛,牛肉小牛肉CPI指数,1996-09-01,35.23
牛,牛肉小牛肉CPI指数,1996-12-01,35.23
牛,牛肉小牛肉CPI指数,1997-03-01,35.02
牛,牛肉小牛肉CPI指数,1997-06-01,35.19
牛,牛肉小牛肉CPI指数,1997-09-01,35.23
牛,牛肉小牛肉CPI指数,1997-12-01,35.4
牛,牛肉小牛肉CPI指数,1998-03-01,35.5
牛,牛肉小牛肉CPI指数,1998-06-01,35.43
牛,牛肉小牛肉CPI指数,1998-09-01,35.4
牛,牛肉小牛肉CPI指数,1998-12-01,35.13
牛,牛肉小牛肉CPI指数,1999-03-01,35.44
牛,牛肉小牛肉CPI指数,1999-06-01,36.59
牛,牛肉小牛肉CPI指数,1999-09-01,36.66
牛,牛肉小牛肉CPI指数,1999-12-01,36.89
牛,牛肉小牛肉CPI指数,2000-03-01,37.73
牛,牛肉小牛肉CPI指数,2000-06-01,38.67
牛,牛肉小牛肉CPI指数,2000-09-01,38.04
牛,牛肉小牛肉CPI指数,2000-12-01,38.33
牛,牛肉小牛肉CPI指数,2001-03-01,40.1
牛,牛肉小牛肉CPI指数,2001-06-01,43.71
牛,牛肉小牛肉CPI指数,2001-09-01,45.12
牛,牛肉小牛肉CPI指数,2001-12-01,47.62
牛,牛肉小牛肉CPI指数,2002-03-01,47.82
牛,牛肉小牛肉CPI指数,2002-06-01,48.22
牛,牛肉小牛肉CPI指数,2002-09-01,46.72
牛,牛肉小牛肉CPI指数,2002-12-01,47.41
牛,牛肉小牛肉CPI指数,2003-03-01,47.72
牛,牛肉小牛肉CPI指数,2003-06-01,48.99
牛,牛肉小牛肉CPI指数,2003-09-01,50.07
牛,牛肉小牛肉CPI指数,2003-12-01,50.16
牛,牛肉小牛肉CPI指数,2004-03-01,50.27
牛,牛肉小牛肉CPI指数,2004-06-01,50.15
牛,牛肉小牛肉CPI指数,2004-09-01,49.71
牛,牛肉小牛肉CPI指数,2004-12-01,51.5
牛,牛肉小牛肉CPI指数,2005-03-01,53.08
牛,牛肉小牛肉CPI指数,2005-06-01,54.32
牛,牛肉小牛肉CPI指数,2005-09-01,54.22
牛,牛肉小牛肉CPI指数,2005-12-01,55.29
牛,牛肉小牛肉CPI指数,2006-03-01,55.84
牛,牛肉小牛肉CPI指数,2006-06-01,56.34
牛,牛肉小牛肉CPI指数,2006-09-01,56.16
牛,牛肉小牛肉CPI指数,2006-12-01,55.11
牛,牛肉小牛肉CPI指数,2007-03-01,54.58
牛,牛肉小牛肉CPI指数,2007-06-01,55.61
牛,牛肉小牛肉CPI指数,2007-09-01,55.39
牛,牛肉小牛肉CPI指数,2007-12-01,55.14
牛,牛肉小牛肉CPI指数,2008-03-01,56.84
牛,牛肉小牛肉CPI指数,2008-06-01,56.56
牛,牛肉小牛肉CPI指数,2008-09-01,56.61
牛,牛肉小牛肉CPI指数,2008-12-01,57.43
牛,牛肉小牛肉CPI指数,2009-03-01,58.57
牛,牛肉小牛肉CPI指数,2009-06-01,58.32
牛,牛肉小牛肉CPI指数,2009-09-01,57.78
牛,牛肉小牛肉CPI指数,2009-12-01,57.74
牛,牛肉小牛肉CPI指数,2010-03-01,58.09
牛,牛肉小牛肉CPI指数,2010-06-01,57.9
牛,牛肉小牛肉CPI指数,2010-09-01,58.45
牛,牛肉小牛肉CPI指数,2010-12-01,56.32
牛,牛肉小牛肉CPI指数,2011-03-01,55.98
牛,牛肉小牛肉CPI指数,2011-06-01,56.09
牛,牛肉小牛肉CPI指数,2011-09-01,55.44
牛,牛肉小牛肉CPI指数,2011-12-01,55.26
牛,牛肉小牛肉CPI指数,2012-03-01,55.93
牛,牛肉小牛肉CPI指数,2012-06-01,56.16
牛,牛肉小牛肉CPI指数,2012-09-01,56.36
牛,牛肉小牛肉CPI指数,2012-12-01,56.16
牛,牛肉小牛肉CPI指数,2013-03-01,56.09
牛,牛肉小牛肉CPI指数,2013-06-01,55.8
牛,牛肉小牛肉CPI指数,2013-09-01,54.37
牛,牛肉小牛肉CPI指数,2013-12-01,54.51
牛,牛肉小牛肉CPI指数,2014-03-01,55.81
牛,牛肉小牛肉CPI指数,2014-06-01,57.57
牛,牛肉小牛肉CPI指数,2014-09-01,58.79
牛,牛肉小牛肉CPI指数,2014-12-01,59.75
牛,牛肉小牛肉CPI指数,2015-03-01,60.99
牛,牛肉小牛肉CPI指数,2015-06-01,62.2
牛,牛肉小牛肉CPI指数,2015-09-01,64.0
牛,牛肉小牛肉CPI指数,2015-12-01,66.66
牛,牛肉小牛肉CPI指数,2016-03-01,68.99
牛,牛肉小牛肉CPI指数,2016-06-01,68.99
牛,牛肉小牛肉CPI指数,2016-09-01,69.68
牛,牛肉小牛肉CPI指数,2016-12-01,69.84
牛,牛肉小牛肉CPI指数,2017-03-01,69.16
牛,牛肉小牛肉CPI指数,2017-06-01,69.39
牛,牛肉小牛肉CPI指数,2017-09-01,69.45
牛,牛肉小牛肉CPI指数,2017-10-01,69.41
牛,牛肉小牛肉CPI指数,2017-11-01,69.22
牛,牛肉小牛肉CPI指数,2017-12-01,69.64
牛,牛肉小牛肉CPI指数,2018-01-01,69.73
牛,牛肉小牛肉CPI指数,2018-02-01,69.78
牛,牛肉小牛肉CPI指数,2018-03-01,70.31
牛,牛肉小牛肉CPI指数,2018-04-01,69.29
牛,牛肉小牛肉CPI指数,2018-05-01,68.4
牛,牛肉小牛肉CPI指数,2018-06-01,69.06
牛,牛肉小牛肉CPI指数,2018-07-01,67.97
牛,牛肉小牛肉CPI指数,2018-08-01,69.51
牛,牛肉小牛肉CPI指数,2018-09-01,69.58
牛,牛肉小牛肉CPI指数,2018-10-01,69.98
牛,牛肉小牛肉CPI指数,2018-11-01,70.44
牛,牛肉小牛肉CPI指数,2018-12-01,70.88
牛,牛肉小牛肉CPI指数,2019-01-01,71.52
牛,牛肉小牛肉CPI指数,2019-02-01,72.73
牛,牛肉小牛肉CPI指数,2019-03-01,72.97
牛,牛肉小牛肉CPI指数,2019-04-01,72.36
牛,牛肉小牛肉CPI指数,2019-05-01,72.98
牛,牛肉小牛肉CPI指数,2019-06-01,73.23
牛,牛肉小牛肉CPI指数,2019-07-01,73.06
牛,牛肉小牛肉CPI指数,2019-08-01,73.56
牛,牛肉小牛肉CPI指数,2019-09-01,74.54
牛,牛肉小牛肉CPI指数,2019-10-01,76.05
牛,牛肉小牛肉CPI指数,2019-11-01,75.8
牛,牛肉小牛肉CPI指数,2019-12-01,76.7
牛,牛肉小牛肉CPI指数,2020-01-01,77.84
牛,牛肉小牛肉CPI指数,2020-02-01,77.91
牛,牛肉小牛肉CPI指数,2020-03-01,79.39
牛,牛肉小牛肉CPI指数,2020-04-01,75.88
牛,牛肉小牛肉CPI指数,2020-05-01,78.88
牛,牛肉小牛肉CPI指数,2020-06-01,78.46
牛,牛肉小牛肉CPI指数,2020-07-01,79.95
牛,牛肉小牛肉CPI指数,2020-08-01,80.38
牛,牛肉小牛肉CPI指数,2020-09-01,80.53
牛,牛肉小牛肉CPI指数,2020-10-01,80.96
牛,牛肉小牛肉CPI指数,2020-11-01,82.11
牛,牛肉小牛肉CPI指数,2020-12-01,82.94
牛,牛肉小牛肉CPI指数,2021-01-01,84.48
牛,牛肉小牛肉CPI指数,2021-02-01,85.45
牛,牛肉小牛肉CPI指数,2021-03-01,86.0
牛,牛肉小牛肉CPI指数,2021-04-01,88.16
牛,牛肉小牛肉CPI指数,2021-05-01,89.29
牛,牛肉小牛肉CPI指数,2021-06-01,89.08
牛,牛肉小牛肉CPI指数,2021-07-01,89.56
牛,牛肉小牛肉CPI指数,2021-08-01,89.33
牛,牛肉小牛肉CPI指数,2021-09-01,89.32
牛,牛肉小牛肉CPI指数,2021-10-01,88.78
牛,牛肉小牛肉CPI指数,2021-11-01,88.96
牛,牛肉小牛肉CPI指数,2021-12-01,89.64
牛,牛肉小牛肉CPI指数,2022-01-01,94.98
牛,牛肉小牛肉CPI指数,2022-02-01,96.18
牛,牛肉小牛肉CPI指数,2022-03-01,96.38
牛,牛肉小牛肉CPI指数,2022-04-01,97.24
牛,牛肉小牛肉CPI指数,2022-05-01,97.64
牛,牛肉小牛肉CPI指数,2022-06-01,97.46
牛,牛肉小牛肉CPI指数,2022-07-01,97.63
牛,牛肉小牛肉CPI指数,2022-08-01,97.62
牛,牛肉小牛肉CPI指数,2022-09-01,97.62
牛,牛肉小牛肉CPI指数,2022-10-01,97.38
牛,牛肉小牛肉CPI指数,2022-11-01,97.04
牛,牛肉小牛肉CPI指数,2022-12-01,97.35
牛,牛肉小牛肉CPI指数,2023-01-01,97.4
牛,牛肉小牛肉CPI指数,2023-02-01,97.17
牛,牛肉小牛肉CPI指数,2023-03-01,97.12
牛,牛肉小牛肉CPI指数,2023-04-01,96.47
牛,牛肉小牛肉CPI指数,2023-05-01,95.71
牛,牛肉小牛肉CPI指数,2023-06-01,95.54
牛,牛肉小牛肉CPI指数,2023-07-01,94.5
牛,牛肉小牛肉CPI指数,2023-08-01,95.0
牛,牛肉小牛肉CPI指数,2023-09-01,94.33
牛,牛肉小牛肉CPI指数,2023-10-01,93.33
牛,牛肉小牛肉CPI指数,2023-11-01,92.96
牛,牛肉小牛肉CPI指数,2023-12-01,92.95
牛,牛肉小牛肉CPI指数,2024-01-01,92.32
牛,牛肉小牛肉CPI指数,2024-02-01,90.9
牛,牛肉小牛肉CPI指数,2024-03-01,91.5
牛,牛肉小牛肉CPI指数,2024-04-01,91.83
牛,牛肉小牛肉CPI指数,2024-05-01,92.51
牛,牛肉小牛肉CPI指数,2024-06-01,92.06
牛,牛肉小牛肉CPI指数,2024-07-01,92.21
牛,牛肉小牛肉CPI指数,2024-08-01,92.95
牛,牛肉小牛肉CPI指数,2024-09-01,92.78
牛,牛肉小牛肉CPI指数,2024-10-01,93.09
牛,牛肉小牛肉CPI指数,2024-11-01,93.59
牛,牛肉小牛肉CPI指数,2024-12-01,93.5
牛,牛肉小牛肉CPI指数,2025-01-01,94.9
牛,牛肉小牛肉CPI指数,2025-02-01,93.91
牛,牛肉小牛肉CPI指数,2025-03-01,94.9
牛,牛肉小牛肉CPI指数,2025-04-01,95.61
牛,牛肉小牛肉CPI指数,2025-05-01,95.85
牛,牛肉小牛肉CPI指数,2025-06-01,96.29
牛,牛肉小牛肉CPI指数,2025-07-01,96.87
牛,牛肉小牛肉CPI指数,2025-08-01,98.52
牛,牛肉小牛肉CPI指数,2025-09-01,98.46
牛,牛肉小牛肉CPI指数,2025-10-01,102.86
牛,牛肉小牛肉CPI指数,2025-11-01,104.21
牛,牛肉小牛肉CPI指数,2025-12-01,103.67
牛,牛肉小牛肉CPI指数,2026-01-01,105.56
牛,牛肉小牛肉CPI指数,2026-02-01,106.6
牛,牛肉小牛肉CPI指数,2026-03-01,106.47
牛,牛肉小牛肉CPI指数,2026-04-01,107.02
猪,猪价 Buyers NAT 60.1-75kg平均(c/kg HSCW),2023-07-01,361.75
猪,猪价 Buyers NAT 60.1-75kg平均(c/kg HSCW),2023-08-01,355.75
猪,猪价 Buyers NAT 60.1-75kg平均(c/kg HSCW),2023-09-01,363.6
猪,猪价 Buyers NAT 60.1-75kg平均(c/kg HSCW),2023-10-01,378.25
猪,猪价 Buyers NAT 60.1-75kg平均(c/kg HSCW),2023-11-01,391.0
猪,猪价 Buyers NAT 60.1-75kg平均(c/kg HSCW),2023-12-01,400.6666666666667
猪,猪价 Buyers NAT 60.1-75kg平均(c/kg HSCW),2024-01-01,411.5
猪,猪价 Buyers NAT 60.1-75kg平均(c/kg HSCW),2024-02-01,418.75
猪,猪价 Buyers NAT 60.1-75kg平均(c/kg HSCW),2024-03-01,419.0
猪,猪价 Buyers NAT 60.1-75kg平均(c/kg HSCW),2024-04-01,418.25
猪,猪价 Buyers NAT 60.1-75kg平均(c/kg HSCW),2024-05-01,413.8
猪,猪价 Buyers NAT 60.1-75kg平均(c/kg HSCW),2024-06-01,410.5
猪,猪价 Buyers NAT 60.1-75kg平均(c/kg HSCW),2024-07-01,408.75
猪,猪价 Buyers NAT 60.1-75kg平均(c/kg HSCW),2024-08-01,413.6
猪,猪价 Buyers NAT 60.1-75kg平均(c/kg HSCW),2024-09-01,421.5
猪,猪价 Buyers NAT 60.1-75kg平均(c/kg HSCW),2024-10-01,430.0
猪,猪价 Buyers NAT 60.1-75kg平均(c/kg HSCW),2024-11-01,443.4
猪,猪价 Buyers NAT 60.1-75kg平均(c/kg HSCW),2024-12-01,453.0
猪,猪价 Buyers NAT 60.1-75kg平均(c/kg HSCW),2025-01-01,453.0
猪,猪价 Buyers NAT 60.1-75kg平均(c/kg HSCW),2025-02-01,452.0
猪,猪价 Buyers NAT 60.1-75kg平均(c/kg HSCW),2025-03-01,451.25
猪,猪价 Buyers NAT 60.1-75kg平均(c/kg HSCW),2025-04-01,448.25
猪,猪价 Buyers NAT 60.1-75kg平均(c/kg HSCW),2025-05-01,446.0
猪,猪价 Buyers NAT 60.1-75kg平均(c/kg HSCW),2025-06-01,451.5
猪,猪价 Buyers NAT 60.1-75kg平均(c/kg HSCW),2025-07-01,451.75
猪,猪价 Buyers NAT 60.1-75kg平均(c/kg HSCW),2025-08-01,456.8
猪,猪价 Buyers NAT 60.1-75kg平均(c/kg HSCW),2025-09-01,461.25
猪,猪价 Buyers NAT 60.1-75kg平均(c/kg HSCW),2025-10-01,461.2
猪,猪价 Buyers NAT 60.1-75kg平均(c/kg HSCW),2025-11-01,464.25
猪,猪价 Buyers NAT 60.1-75kg平均(c/kg HSCW),2025-12-01,468.5
猪,猪价 Buyers NAT 60.1-75kg平均(c/kg HSCW),2026-01-01,468.2
猪,猪价 Buyers NAT 60.1-75kg平均(c/kg HSCW),2026-02-01,468.0
猪,猪价 Buyers NAT 60.1-75kg平均(c/kg HSCW),2026-03-01,465.0
猪,猪价 Buyers NAT 60.1-75kg平均(c/kg HSCW),2026-04-01,454.25
猪,猪价 Buyers NAT 60.1-75kg平均(c/kg HSCW),2026-05-01,433.8
猪,猪价 Buyers NAT 60.1-75kg平均(c/kg HSCW),2026-06-01,420.75
猪,猪价 Buyers NAT 60.1-75kg最高(c/kg HSCW),2023-07-01,410.0
猪,猪价 Buyers NAT 60.1-75kg最高(c/kg HSCW),2023-08-01,410.0
猪,猪价 Buyers NAT 60.1-75kg最高(c/kg HSCW),2023-09-01,411.0
猪,猪价 Buyers NAT 60.1-75kg最高(c/kg HSCW),2023-10-01,418.75
猪,猪价 Buyers NAT 60.1-75kg最高(c/kg HSCW),2023-11-01,430.0
猪,猪价 Buyers NAT 60.1-75kg最高(c/kg HSCW),2023-12-01,445.0
猪,猪价 Buyers NAT 60.1-75kg最高(c/kg HSCW),2024-01-01,450.0
猪,猪价 Buyers NAT 60.1-75kg最高(c/kg HSCW),2024-02-01,460.0
猪,猪价 Buyers NAT 60.1-75kg最高(c/kg HSCW),2024-03-01,460.0
猪,猪价 Buyers NAT 60.1-75kg最高(c/kg HSCW),2024-04-01,460.0
猪,猪价 Buyers NAT 60.1-75kg最高(c/kg HSCW),2024-05-01,454.0
猪,猪价 Buyers NAT 60.1-75kg最高(c/kg HSCW),2024-06-01,443.75
猪,猪价 Buyers NAT 60.1-75kg最高(c/kg HSCW),2024-07-01,440.0
猪,猪价 Buyers NAT 60.1-75kg最高(c/kg HSCW),2024-08-01,444.0
猪,猪价 Buyers NAT 60.1-75kg最高(c/kg HSCW),2024-09-01,461.25
猪,猪价 Buyers NAT 60.1-75kg最高(c/kg HSCW),2024-10-01,475.0
猪,猪价 Buyers NAT 60.1-75kg最高(c/kg HSCW),2024-11-01,486.0
猪,猪价 Buyers NAT 60.1-75kg最高(c/kg HSCW),2024-12-01,500.0
猪,猪价 Buyers NAT 60.1-75kg最高(c/kg HSCW),2025-01-01,490.0
猪,猪价 Buyers NAT 60.1-75kg最高(c/kg HSCW),2025-02-01,490.0
猪,猪价 Buyers NAT 60.1-75kg最高(c/kg HSCW),2025-03-01,490.0
猪,猪价 Buyers NAT 60.1-75kg最高(c/kg HSCW),2025-04-01,490.0
猪,猪价 Buyers NAT 60.1-75kg最高(c/kg HSCW),2025-05-01,490.0
猪,猪价 Buyers NAT 60.1-75kg最高(c/kg HSCW),2025-06-01,490.0
猪,猪价 Buyers NAT 60.1-75kg最高(c/kg HSCW),2025-07-01,490.0
猪,猪价 Buyers NAT 60.1-75kg最高(c/kg HSCW),2025-08-01,496.0
猪,猪价 Buyers NAT 60.1-75kg最高(c/kg HSCW),2025-09-01,500.0
猪,猪价 Buyers NAT 60.1-75kg最高(c/kg HSCW),2025-10-01,500.0
猪,猪价 Buyers NAT 60.1-75kg最高(c/kg HSCW),2025-11-01,505.0
猪,猪价 Buyers NAT 60.1-75kg最高(c/kg HSCW),2025-12-01,510.0
猪,猪价 Buyers NAT 60.1-75kg最高(c/kg HSCW),2026-01-01,510.0
猪,猪价 Buyers NAT 60.1-75kg最高(c/kg HSCW),2026-02-01,510.0
猪,猪价 Buyers NAT 60.1-75kg最高(c/kg HSCW),2026-03-01,510.0
猪,猪价 Buyers NAT 60.1-75kg最高(c/kg HSCW),2026-04-01,510.0
猪,猪价 Buyers NAT 60.1-75kg最高(c/kg HSCW),2026-05-01,510.0
猪,猪价 Buyers NAT 60.1-75kg最高(c/kg HSCW),2026-06-01,495.0
猪,猪价周变化(c/kg),2023-07-01,-2.25
猪,猪价周变化(c/kg),2023-08-01,0.25
猪,猪价周变化(c/kg),2023-09-01,3.8
猪,猪价周变化(c/kg),2023-10-01,2.25
猪,猪价周变化(c/kg),2023-11-01,2.5
猪,猪价周变化(c/kg),2023-12-01,2.333333333333333
猪,猪价周变化(c/kg),2024-01-01,4.0
猪,猪价周变化(c/kg),2024-02-01,0.25
猪,猪价周变化(c/kg),2024-03-01,0.0
猪,猪价周变化(c/kg),2024-04-01,-1.25
猪,猪价周变化(c/kg),2024-05-01,-0.2
猪,猪价周变化(c/kg),2024-06-01,-1.25
猪,猪价周变化(c/kg),2024-07-01,0.25
猪,猪价周变化(c/kg),2024-08-01,1.8
猪,猪价周变化(c/kg),2024-09-01,1.75
猪,猪价周变化(c/kg),2024-10-01,2.5
猪,猪价周变化(c/kg),2024-11-01,3.2
猪,猪价周变化(c/kg),2024-12-01,1.0
猪,猪价周变化(c/kg),2025-01-01,0.4
猪,猪价周变化(c/kg),2025-02-01,-0.25
猪,猪价周变化(c/kg),2025-03-01,-1.0
猪,猪价周变化(c/kg),2025-04-01,-0.75
猪,猪价周变化(c/kg),2025-05-01,-0.2
猪,猪价周变化(c/kg),2025-06-01,1.5
猪,猪价周变化(c/kg),2025-07-01,0.0
猪,猪价周变化(c/kg),2025-08-01,1.4
猪,猪价周变化(c/kg),2025-09-01,0.0
猪,猪价周变化(c/kg),2025-10-01,0.0
猪,猪价周变化(c/kg),2025-11-01,1.75
猪,猪价周变化(c/kg),2025-12-01,0.5
猪,猪价周变化(c/kg),2026-01-01,0.2
猪,猪价周变化(c/kg),2026-02-01,-1.0
猪,猪价周变化(c/kg),2026-03-01,-1.3333333333333333
猪,猪价周变化(c/kg),2026-04-01,-4.75
猪,猪价周变化(c/kg),2026-05-01,-3.0
猪,猪价周变化(c/kg),2026-06-01,-3.0
猪,"猪屠宰量(千头,季度)",1972-09-01,1153.8
猪,"猪屠宰量(千头,季度)",1972-12-01,1204.1
猪,"猪屠宰量(千头,季度)",1973-03-01,1138.7
猪,"猪屠宰量(千头,季度)",1973-06-01,1246.6
猪,"猪屠宰量(千头,季度)",1973-09-01,1207.9
猪,"猪屠宰量(千头,季度)",1973-12-01,1117.4
猪,"猪屠宰量(千头,季度)",1974-03-01,907.9
猪,"猪屠宰量(千头,季度)",1974-06-01,936.7
猪,"猪屠宰量(千头,季度)",1974-09-01,929.9
猪,"猪屠宰量(千头,季度)",1974-12-01,932.5
猪,"猪屠宰量(千头,季度)",1975-03-01,765.1
猪,"猪屠宰量(千头,季度)",1975-06-01,826.0
猪,"猪屠宰量(千头,季度)",1975-09-01,831.9
猪,"猪屠宰量(千头,季度)",1975-12-01,879.4
猪,"猪屠宰量(千头,季度)",1976-03-01,754.8
猪,"猪屠宰量(千头,季度)",1976-06-01,828.8
猪,"猪屠宰量(千头,季度)",1976-09-01,894.8
猪,"猪屠宰量(千头,季度)",1976-12-01,905.2
猪,"猪屠宰量(千头,季度)",1977-03-01,796.6
猪,"猪屠宰量(千头,季度)",1977-06-01,881.3
猪,"猪屠宰量(千头,季度)",1977-09-01,959.7
猪,"猪屠宰量(千头,季度)",1977-12-01,957.1
猪,"猪屠宰量(千头,季度)",1978-03-01,833.0
猪,"猪屠宰量(千头,季度)",1978-06-01,943.4
猪,"猪屠宰量(千头,季度)",1978-09-01,929.9
猪,"猪屠宰量(千头,季度)",1978-12-01,939.4
猪,"猪屠宰量(千头,季度)",1979-03-01,820.5
猪,"猪屠宰量(千头,季度)",1979-06-01,898.9
猪,"猪屠宰量(千头,季度)",1979-09-01,943.2
猪,"猪屠宰量(千头,季度)",1979-12-01,998.4
猪,"猪屠宰量(千头,季度)",1980-03-01,871.8
猪,"猪屠宰量(千头,季度)",1980-06-01,1064.6
猪,"猪屠宰量(千头,季度)",1980-09-01,1104.2
猪,"猪屠宰量(千头,季度)",1980-12-01,1114.0
猪,"猪屠宰量(千头,季度)",1981-03-01,938.9
猪,"猪屠宰量(千头,季度)",1981-06-01,1059.0
猪,"猪屠宰量(千头,季度)",1981-09-01,1081.5
猪,"猪屠宰量(千头,季度)",1981-12-01,1073.7
猪,"猪屠宰量(千头,季度)",1982-03-01,909.4
猪,"猪屠宰量(千头,季度)",1982-06-01,994.0
猪,"猪屠宰量(千头,季度)",1982-09-01,1037.6
猪,"猪屠宰量(千头,季度)",1982-12-01,1075.6
猪,"猪屠宰量(千头,季度)",1983-03-01,963.9
猪,"猪屠宰量(千头,季度)",1983-06-01,1084.4
猪,"猪屠宰量(千头,季度)",1983-09-01,1101.5
猪,"猪屠宰量(千头,季度)",1983-12-01,1142.7
猪,"猪屠宰量(千头,季度)",1984-03-01,1034.2
猪,"猪屠宰量(千头,季度)",1984-06-01,1122.5
猪,"猪屠宰量(千头,季度)",1984-09-01,1142.8
猪,"猪屠宰量(千头,季度)",1984-12-01,1173.9
猪,"猪屠宰量(千头,季度)",1985-03-01,1050.7
猪,"猪屠宰量(千头,季度)",1985-06-01,1122.4
猪,"猪屠宰量(千头,季度)",1985-09-01,1149.9
猪,"猪屠宰量(千头,季度)",1985-12-01,1216.0
猪,"猪屠宰量(千头,季度)",1986-03-01,1036.8
猪,"猪屠宰量(千头,季度)",1986-06-01,1147.0
猪,"猪屠宰量(千头,季度)",1986-09-01,1217.8
猪,"猪屠宰量(千头,季度)",1986-12-01,1231.6
猪,"猪屠宰量(千头,季度)",1987-03-01,1089.6
猪,"猪屠宰量(千头,季度)",1987-06-01,1196.6
猪,"猪屠宰量(千头,季度)",1987-09-01,1231.1
猪,"猪屠宰量(千头,季度)",1987-12-01,1275.8
猪,"猪屠宰量(千头,季度)",1988-03-01,1167.8
猪,"猪屠宰量(千头,季度)",1988-06-01,1248.6
猪,"猪屠宰量(千头,季度)",1988-09-01,1269.7
猪,"猪屠宰量(千头,季度)",1988-12-01,1276.0
猪,"猪屠宰量(千头,季度)",1989-03-01,1170.6
猪,"猪屠宰量(千头,季度)",1989-06-01,1290.4
猪,"猪屠宰量(千头,季度)",1989-09-01,1246.7
猪,"猪屠宰量(千头,季度)",1989-12-01,1232.7
猪,"猪屠宰量(千头,季度)",1990-03-01,1179.9
猪,"猪屠宰量(千头,季度)",1990-06-01,1283.0
猪,"猪屠宰量(千头,季度)",1990-09-01,1244.6
猪,"猪屠宰量(千头,季度)",1990-12-01,1241.2
猪,"猪屠宰量(千头,季度)",1991-03-01,1148.2
猪,"猪屠宰量(千头,季度)",1991-06-01,1231.3
猪,"猪屠宰量(千头,季度)",1991-09-01,1268.4
猪,"猪屠宰量(千头,季度)",1991-12-01,1294.1
猪,"猪屠宰量(千头,季度)",1992-03-01,1243.0
猪,"猪屠宰量(千头,季度)",1992-06-01,1326.9
猪,"猪屠宰量(千头,季度)",1992-09-01,1321.2
猪,"猪屠宰量(千头,季度)",1992-12-01,1337.2
猪,"猪屠宰量(千头,季度)",1993-03-01,1207.0
猪,"猪屠宰量(千头,季度)",1993-06-01,1338.5
猪,"猪屠宰量(千头,季度)",1993-09-01,1366.4
猪,"猪屠宰量(千头,季度)",1993-12-01,1348.3
猪,"猪屠宰量(千头,季度)",1994-03-01,1283.8
猪,"猪屠宰量(千头,季度)",1994-06-01,1375.2
猪,"猪屠宰量(千头,季度)",1994-09-01,1339.1
猪,"猪屠宰量(千头,季度)",1994-12-01,1367.3
猪,"猪屠宰量(千头,季度)",1995-03-01,1256.6
猪,"猪屠宰量(千头,季度)",1995-06-01,1354.5
猪,"猪屠宰量(千头,季度)",1995-09-01,1294.9
猪,"猪屠宰量(千头,季度)",1995-12-01,1284.8
猪,"猪屠宰量(千头,季度)",1996-03-01,1195.3
猪,"猪屠宰量(千头,季度)",1996-06-01,1241.9
猪,"猪屠宰量(千头,季度)",1996-09-01,1208.5
猪,"猪屠宰量(千头,季度)",1996-12-01,1194.2
猪,"猪屠宰量(千头,季度)",1997-03-01,1128.0
猪,"猪屠宰量(千头,季度)",1997-06-01,1265.0
猪,"猪屠宰量(千头,季度)",1997-09-01,1255.2
猪,"猪屠宰量(千头,季度)",1997-12-01,1250.6
猪,"猪屠宰量(千头,季度)",1998-03-01,1224.9
猪,"猪屠宰量(千头,季度)",1998-06-01,1360.6
猪,"猪屠宰量(千头,季度)",1998-09-01,1325.4
猪,"猪屠宰量(千头,季度)",1998-12-01,1301.4
猪,"猪屠宰量(千头,季度)",1999-03-01,1238.0
猪,"猪屠宰量(千头,季度)",1999-06-01,1311.4
猪,"猪屠宰量(千头,季度)",1999-09-01,1253.6
猪,"猪屠宰量(千头,季度)",1999-12-01,1234.2
猪,"猪屠宰量(千头,季度)",2000-03-01,1229.4
猪,"猪屠宰量(千头,季度)",2000-06-01,1307.5
猪,"猪屠宰量(千头,季度)",2000-09-01,1238.0
猪,"猪屠宰量(千头,季度)",2000-12-01,1239.6
猪,"猪屠宰量(千头,季度)",2001-03-01,1217.9
猪,"猪屠宰量(千头,季度)",2001-06-01,1320.8
猪,"猪屠宰量(千头,季度)",2001-09-01,1311.2
猪,"猪屠宰量(千头,季度)",2001-12-01,1321.6
猪,"猪屠宰量(千头,季度)",2002-03-01,1307.6
猪,"猪屠宰量(千头,季度)",2002-06-01,1462.0
猪,"猪屠宰量(千头,季度)",2002-09-01,1439.5
猪,"猪屠宰量(千头,季度)",2002-12-01,1393.7
猪,"猪屠宰量(千头,季度)",2003-03-01,1408.4
猪,"猪屠宰量(千头,季度)",2003-06-01,1500.1
猪,"猪屠宰量(千头,季度)",2003-09-01,1437.9
猪,"猪屠宰量(千头,季度)",2003-12-01,1376.9
猪,"猪屠宰量(千头,季度)",2004-03-01,1352.3
猪,"猪屠宰量(千头,季度)",2004-06-01,1424.1
猪,"猪屠宰量(千头,季度)",2004-09-01,1360.1
猪,"猪屠宰量(千头,季度)",2004-12-01,1303.7
猪,"猪屠宰量(千头,季度)",2005-03-01,1298.6
猪,"猪屠宰量(千头,季度)",2005-06-01,1380.0
猪,"猪屠宰量(千头,季度)",2005-09-01,1349.1
猪,"猪屠宰量(千头,季度)",2005-12-01,1344.6
猪,"猪屠宰量(千头,季度)",2006-03-01,1294.9
猪,"猪屠宰量(千头,季度)",2006-06-01,1381.5
猪,"猪屠宰量(千头,季度)",2006-09-01,1329.2
猪,"猪屠宰量(千头,季度)",2006-12-01,1314.2
猪,"猪屠宰量(千头,季度)",2007-03-01,1319.8
猪,"猪屠宰量(千头,季度)",2007-06-01,1358.7
猪,"猪屠宰量(千头,季度)",2007-09-01,1337.0
猪,"猪屠宰量(千头,季度)",2007-12-01,1311.4
猪,"猪屠宰量(千头,季度)",2008-03-01,1252.0
猪,"猪屠宰量(千头,季度)",2008-06-01,1271.0
猪,"猪屠宰量(千头,季度)",2008-09-01,1143.2
猪,"猪屠宰量(千头,季度)",2008-12-01,1130.1
猪,"猪屠宰量(千头,季度)",2009-03-01,1056.2
猪,"猪屠宰量(千头,季度)",2009-06-01,1146.8
猪,"猪屠宰量(千头,季度)",2009-09-01,1146.2
猪,"猪屠宰量(千头,季度)",2009-12-01,1151.0
猪,"猪屠宰量(千头,季度)",2010-03-01,1090.4
猪,"猪屠宰量(千头,季度)",2010-06-01,1173.4
猪,"猪屠宰量(千头,季度)",2010-09-01,1201.3
猪,"猪屠宰量(千头,季度)",2010-12-01,1151.6
猪,"猪屠宰量(千头,季度)",2011-03-01,1095.7
猪,"猪屠宰量(千头,季度)",2011-06-01,1194.4
猪,"猪屠宰量(千头,季度)",2011-09-01,1202.2
猪,"猪屠宰量(千头,季度)",2011-12-01,1170.5
猪,"猪屠宰量(千头,季度)",2012-03-01,1153.6
猪,"猪屠宰量(千头,季度)",2012-06-01,1206.0
猪,"猪屠宰量(千头,季度)",2012-09-01,1170.2
猪,"猪屠宰量(千头,季度)",2012-12-01,1198.1
猪,"猪屠宰量(千头,季度)",2013-03-01,1140.1
猪,"猪屠宰量(千头,季度)",2013-06-01,1237.0
猪,"猪屠宰量(千头,季度)",2013-09-01,1230.3
猪,"猪屠宰量(千头,季度)",2013-12-01,1169.8
猪,"猪屠宰量(千头,季度)",2014-03-01,1155.0
猪,"猪屠宰量(千头,季度)",2014-06-01,1223.0
猪,"猪屠宰量(千头,季度)",2014-09-01,1233.4
猪,"猪屠宰量(千头,季度)",2014-12-01,1200.3
猪,"猪屠宰量(千头,季度)",2015-03-01,1215.6
猪,"猪屠宰量(千头,季度)",2015-06-01,1274.9
猪,"猪屠宰量(千头,季度)",2015-09-01,1243.2
猪,"猪屠宰量(千头,季度)",2015-12-01,1223.9
猪,"猪屠宰量(千头,季度)",2016-03-01,1210.1
猪,"猪屠宰量(千头,季度)",2016-06-01,1322.4
猪,"猪屠宰量(千头,季度)",2016-09-01,1301.2
猪,"猪屠宰量(千头,季度)",2016-12-01,1246.0
猪,"猪屠宰量(千头,季度)",2017-03-01,1269.8
猪,"猪屠宰量(千头,季度)",2017-06-01,1342.9
猪,"猪屠宰量(千头,季度)",2017-09-01,1352.4
猪,"猪屠宰量(千头,季度)",2017-12-01,1309.5
猪,"猪屠宰量(千头,季度)",2018-03-01,1321.2
猪,"猪屠宰量(千头,季度)",2018-06-01,1395.0
猪,"猪屠宰量(千头,季度)",2018-09-01,1383.0
猪,"猪屠宰量(千头,季度)",2018-12-01,1325.2
猪,"猪屠宰量(千头,季度)",2019-03-01,1280.4
猪,"猪屠宰量(千头,季度)",2019-06-01,1327.4
猪,"猪屠宰量(千头,季度)",2019-09-01,1283.1
猪,"猪屠宰量(千头,季度)",2019-12-01,1250.1
猪,"猪屠宰量(千头,季度)",2020-03-01,1289.3
猪,"猪屠宰量(千头,季度)",2020-06-01,1344.7
猪,"猪屠宰量(千头,季度)",2020-09-01,1356.1
猪,"猪屠宰量(千头,季度)",2020-12-01,1356.3
猪,"猪屠宰量(千头,季度)",2021-03-01,1357.8
猪,"猪屠宰量(千头,季度)",2021-06-01,1419.3
猪,"猪屠宰量(千头,季度)",2021-09-01,1412.2
猪,"猪屠宰量(千头,季度)",2021-12-01,1379.1
猪,"猪屠宰量(千头,季度)",2022-03-01,1309.3
猪,"猪屠宰量(千头,季度)",2022-06-01,1389.6
猪,"猪屠宰量(千头,季度)",2022-09-01,1378.0
猪,"猪屠宰量(千头,季度)",2022-12-01,1360.0
猪,"猪屠宰量(千头,季度)",2023-03-01,1427.7
猪,"猪屠宰量(千头,季度)",2023-06-01,1478.7
猪,"猪屠宰量(千头,季度)",2023-09-01,1471.5
猪,"猪屠宰量(千头,季度)",2023-12-01,1424.0
猪,"猪屠宰量(千头,季度)",2024-03-01,1419.7
猪,"猪屠宰量(千头,季度)",2024-06-01,1483.7
猪,"猪屠宰量(千头,季度)",2024-09-01,1463.8
猪,"猪屠宰量(千头,季度)",2024-12-01,1419.9
猪,"猪屠宰量(千头,季度)",2025-03-01,1397.3
猪,"猪屠宰量(千头,季度)",2025-06-01,1477.5
猪,"猪屠宰量(千头,季度)",2025-09-01,1466.8
猪,"猪屠宰量(千头,季度)",2025-12-01,1411.6
猪,"猪屠宰量(千头,季度)",2026-03-01,1395.0
猪,猪肉CPI指数,1980-09-01,26.46
猪,猪肉CPI指数,1980-12-01,27.82
猪,猪肉CPI指数,1981-03-01,28.71
猪,猪肉CPI指数,1981-06-01,28.88
猪,猪肉CPI指数,1981-09-01,29.94
猪,猪肉CPI指数,1981-12-01,31.17
猪,猪肉CPI指数,1982-03-01,31.76
猪,猪肉CPI指数,1982-06-01,32.65
猪,猪肉CPI指数,1982-09-01,34.05
猪,猪肉CPI指数,1982-12-01,34.52
猪,猪肉CPI指数,1983-03-01,35.19
猪,猪肉CPI指数,1983-06-01,35.28
猪,猪肉CPI指数,1983-09-01,34.3
猪,猪肉CPI指数,1983-12-01,34.22
猪,猪肉CPI指数,1984-03-01,33.84
猪,猪肉CPI指数,1984-06-01,34.13
猪,猪肉CPI指数,1984-09-01,34.39
猪,猪肉CPI指数,1984-12-01,34.9
猪,猪肉CPI指数,1985-03-01,35.7
猪,猪肉CPI指数,1985-06-01,35.75
猪,猪肉CPI指数,1985-09-01,36.09
猪,猪肉CPI指数,1985-12-01,36.04
猪,猪肉CPI指数,1986-03-01,36.47
猪,猪肉CPI指数,1986-06-01,36.51
猪,猪肉CPI指数,1986-09-01,35.96
猪,猪肉CPI指数,1986-12-01,37.61
猪,猪肉CPI指数,1987-03-01,37.06
猪,猪肉CPI指数,1987-06-01,36.89
猪,猪肉CPI指数,1987-09-01,37.1
猪,猪肉CPI指数,1987-12-01,37.74
猪,猪肉CPI指数,1988-03-01,37.87
猪,猪肉CPI指数,1988-06-01,37.99
猪,猪肉CPI指数,1988-09-01,37.95
猪,猪肉CPI指数,1988-12-01,39.48
猪,猪肉CPI指数,1989-03-01,40.66
猪,猪肉CPI指数,1989-06-01,40.88
猪,猪肉CPI指数,1989-09-01,41.39
猪,猪肉CPI指数,1989-12-01,42.7
猪,猪肉CPI指数,1990-03-01,42.66
猪,猪肉CPI指数,1990-06-01,42.83
猪,猪肉CPI指数,1990-09-01,42.28
猪,猪肉CPI指数,1990-12-01,43.08
猪,猪肉CPI指数,1991-03-01,43.55
猪,猪肉CPI指数,1991-06-01,43.55
猪,猪肉CPI指数,1991-09-01,42.7
猪,猪肉CPI指数,1991-12-01,43.29
猪,猪肉CPI指数,1992-03-01,43.51
猪,猪肉CPI指数,1992-06-01,43.12
猪,猪肉CPI指数,1992-09-01,43.29
猪,猪肉CPI指数,1992-12-01,43.12
猪,猪肉CPI指数,1993-03-01,43.68
猪,猪肉CPI指数,1993-06-01,43.89
猪,猪肉CPI指数,1993-09-01,44.1
猪,猪肉CPI指数,1993-12-01,45.12
猪,猪肉CPI指数,1994-03-01,44.99
猪,猪肉CPI指数,1994-06-01,44.44
猪,猪肉CPI指数,1994-09-01,43.76
猪,猪肉CPI指数,1994-12-01,44.35
猪,猪肉CPI指数,1995-03-01,44.78
猪,猪肉CPI指数,1995-06-01,44.52
猪,猪肉CPI指数,1995-09-01,45.12
猪,猪肉CPI指数,1995-12-01,45.33
猪,猪肉CPI指数,1996-03-01,45.8
猪,猪肉CPI指数,1996-06-01,46.86
猪,猪肉CPI指数,1996-09-01,47.49
猪,猪肉CPI指数,1996-12-01,48.51
猪,猪肉CPI指数,1997-03-01,48.89
猪,猪肉CPI指数,1997-06-01,48.64
猪,猪肉CPI指数,1997-09-01,47.92
猪,猪肉CPI指数,1997-12-01,48.3
猪,猪肉CPI指数,1998-03-01,48.42
猪,猪肉CPI指数,1998-06-01,47.79
猪,猪肉CPI指数,1998-09-01,47.36
猪,猪肉CPI指数,1998-12-01,47.19
猪,猪肉CPI指数,1999-03-01,47.66
猪,猪肉CPI指数,1999-06-01,47.32
猪,猪肉CPI指数,1999-09-01,48.09
猪,猪肉CPI指数,1999-12-01,50.37
猪,猪肉CPI指数,2000-03-01,50.8
猪,猪肉CPI指数,2000-06-01,49.7
猪,猪肉CPI指数,2000-09-01,49.78
猪,猪肉CPI指数,2000-12-01,50.54
猪,猪肉CPI指数,2001-03-01,52.37
猪,猪肉CPI指数,2001-06-01,54.4
猪,猪肉CPI指数,2001-09-01,56.99
猪,猪肉CPI指数,2001-12-01,58.09
猪,猪肉CPI指数,2002-03-01,60.38
猪,猪肉CPI指数,2002-06-01,59.36
猪,猪肉CPI指数,2002-09-01,59.15
猪,猪肉CPI指数,2002-12-01,58.26
猪,猪肉CPI指数,2003-03-01,58.73
猪,猪肉CPI指数,2003-06-01,59.36
猪,猪肉CPI指数,2003-09-01,58.56
猪,猪肉CPI指数,2003-12-01,60.3
猪,猪肉CPI指数,2004-03-01,60.17
猪,猪肉CPI指数,2004-06-01,59.15
猪,猪肉CPI指数,2004-09-01,56.35
猪,猪肉CPI指数,2004-12-01,60.76
猪,猪肉CPI指数,2005-03-01,61.06
猪,猪肉CPI指数,2005-06-01,63.1
猪,猪肉CPI指数,2005-09-01,62.88
猪,猪肉CPI指数,2005-12-01,61.99
猪,猪肉CPI指数,2006-03-01,63.56
猪,猪肉CPI指数,2006-06-01,63.35
猪,猪肉CPI指数,2006-09-01,63.77
猪,猪肉CPI指数,2006-12-01,65.47
猪,猪肉CPI指数,2007-03-01,66.83
猪,猪肉CPI指数,2007-06-01,65.09
猪,猪肉CPI指数,2007-09-01,64.5
猪,猪肉CPI指数,2007-12-01,65.13
猪,猪肉CPI指数,2008-03-01,67.04
猪,猪肉CPI指数,2008-06-01,66.79
猪,猪肉CPI指数,2008-09-01,65.6
猪,猪肉CPI指数,2008-12-01,68.95
猪,猪肉CPI指数,2009-03-01,72.51
猪,猪肉CPI指数,2009-06-01,72.0
猪,猪肉CPI指数,2009-09-01,71.03
猪,猪肉CPI指数,2009-12-01,68.65
猪,猪肉CPI指数,2010-03-01,71.79
猪,猪肉CPI指数,2010-06-01,70.77
猪,猪肉CPI指数,2010-09-01,70.86
猪,猪肉CPI指数,2010-12-01,72.81
猪,猪肉CPI指数,2011-03-01,73.4
猪,猪肉CPI指数,2011-06-01,73.02
猪,猪肉CPI指数,2011-09-01,72.64
猪,猪肉CPI指数,2011-12-01,70.97
猪,猪肉CPI指数,2012-03-01,71.93
猪,猪肉CPI指数,2012-06-01,70.76
猪,猪肉CPI指数,2012-09-01,71.0
猪,猪肉CPI指数,2012-12-01,71.49
猪,猪肉CPI指数,2013-03-01,72.07
猪,猪肉CPI指数,2013-06-01,72.09
猪,猪肉CPI指数,2013-09-01,72.17
猪,猪肉CPI指数,2013-12-01,71.63
猪,猪肉CPI指数,2014-03-01,73.9
猪,猪肉CPI指数,2014-06-01,74.52
猪,猪肉CPI指数,2014-09-01,74.44
猪,猪肉CPI指数,2014-12-01,75.71
猪,猪肉CPI指数,2015-03-01,77.8
猪,猪肉CPI指数,2015-06-01,77.91
猪,猪肉CPI指数,2015-09-01,78.24
猪,猪肉CPI指数,2015-12-01,79.33
猪,猪肉CPI指数,2016-03-01,80.36
猪,猪肉CPI指数,2016-06-01,79.7
猪,猪肉CPI指数,2016-09-01,78.8
猪,猪肉CPI指数,2016-12-01,80.06
猪,猪肉CPI指数,2017-03-01,79.9
猪,猪肉CPI指数,2017-06-01,77.49
猪,猪肉CPI指数,2017-09-01,77.87
猪,猪肉CPI指数,2017-10-01,77.84
猪,猪肉CPI指数,2017-11-01,77.69
猪,猪肉CPI指数,2017-12-01,78.26
猪,猪肉CPI指数,2018-01-01,77.97
猪,猪肉CPI指数,2018-02-01,78.21
猪,猪肉CPI指数,2018-03-01,78.6
猪,猪肉CPI指数,2018-04-01,77.85
猪,猪肉CPI指数,2018-05-01,77.5
猪,猪肉CPI指数,2018-06-01,77.79
猪,猪肉CPI指数,2018-07-01,76.75
猪,猪肉CPI指数,2018-08-01,76.98
猪,猪肉CPI指数,2018-09-01,77.11
猪,猪肉CPI指数,2018-10-01,76.69
猪,猪肉CPI指数,2018-11-01,77.44
猪,猪肉CPI指数,2018-12-01,77.79
猪,猪肉CPI指数,2019-01-01,77.87
猪,猪肉CPI指数,2019-02-01,78.35
猪,猪肉CPI指数,2019-03-01,78.42
猪,猪肉CPI指数,2019-04-01,78.01
猪,猪肉CPI指数,2019-05-01,78.34
猪,猪肉CPI指数,2019-06-01,78.7
猪,猪肉CPI指数,2019-07-01,78.95
猪,猪肉CPI指数,2019-08-01,79.82
猪,猪肉CPI指数,2019-09-01,80.14
猪,猪肉CPI指数,2019-10-01,83.23
猪,猪肉CPI指数,2019-11-01,83.95
猪,猪肉CPI指数,2019-12-01,83.96
猪,猪肉CPI指数,2020-01-01,84.0
猪,猪肉CPI指数,2020-02-01,84.3
猪,猪肉CPI指数,2020-03-01,85.12
猪,猪肉CPI指数,2020-04-01,86.82
猪,猪肉CPI指数,2020-05-01,86.25
猪,猪肉CPI指数,2020-06-01,86.17
猪,猪肉CPI指数,2020-07-01,86.22
猪,猪肉CPI指数,2020-08-01,86.81
猪,猪肉CPI指数,2020-09-01,86.38
猪,猪肉CPI指数,2020-10-01,86.65
猪,猪肉CPI指数,2020-11-01,87.2
猪,猪肉CPI指数,2020-12-01,86.7
猪,猪肉CPI指数,2021-01-01,87.18
猪,猪肉CPI指数,2021-02-01,87.34
猪,猪肉CPI指数,2021-03-01,86.78
猪,猪肉CPI指数,2021-04-01,85.59
猪,猪肉CPI指数,2021-05-01,86.07
猪,猪肉CPI指数,2021-06-01,85.78
猪,猪肉CPI指数,2021-07-01,85.2
猪,猪肉CPI指数,2021-08-01,86.29
猪,猪肉CPI指数,2021-09-01,86.03
猪,猪肉CPI指数,2021-10-01,86.82
猪,猪肉CPI指数,2021-11-01,87.94
猪,猪肉CPI指数,2021-12-01,87.26
猪,猪肉CPI指数,2022-01-01,89.05
猪,猪肉CPI指数,2022-02-01,90.7
猪,猪肉CPI指数,2022-03-01,89.64
猪,猪肉CPI指数,2022-04-01,88.82
猪,猪肉CPI指数,2022-05-01,89.84
猪,猪肉CPI指数,2022-06-01,89.18
猪,猪肉CPI指数,2022-07-01,89.13
猪,猪肉CPI指数,2022-08-01,89.38
猪,猪肉CPI指数,2022-09-01,89.33
猪,猪肉CPI指数,2022-10-01,90.28
猪,猪肉CPI指数,2022-11-01,91.47
猪,猪肉CPI指数,2022-12-01,91.38
猪,猪肉CPI指数,2023-01-01,92.45
猪,猪肉CPI指数,2023-02-01,93.4
猪,猪肉CPI指数,2023-03-01,93.11
猪,猪肉CPI指数,2023-04-01,92.68
猪,猪肉CPI指数,2023-05-01,92.77
猪,猪肉CPI指数,2023-06-01,92.49
猪,猪肉CPI指数,2023-07-01,92.76
猪,猪肉CPI指数,2023-08-01,93.33
猪,猪肉CPI指数,2023-09-01,93.36
猪,猪肉CPI指数,2023-10-01,95.99
猪,猪肉CPI指数,2023-11-01,96.88
猪,猪肉CPI指数,2023-12-01,96.39
猪,猪肉CPI指数,2024-01-01,97.2
猪,猪肉CPI指数,2024-02-01,96.66
猪,猪肉CPI指数,2024-03-01,96.94
猪,猪肉CPI指数,2024-04-01,97.17
猪,猪肉CPI指数,2024-05-01,97.3
猪,猪肉CPI指数,2024-06-01,96.86
猪,猪肉CPI指数,2024-07-01,96.49
猪,猪肉CPI指数,2024-08-01,96.76
猪,猪肉CPI指数,2024-09-01,96.67
猪,猪肉CPI指数,2024-10-01,98.23
猪,猪肉CPI指数,2024-11-01,99.14
猪,猪肉CPI指数,2024-12-01,98.81
猪,猪肉CPI指数,2025-01-01,100.28
猪,猪肉CPI指数,2025-02-01,100.34
猪,猪肉CPI指数,2025-03-01,100.59
猪,猪肉CPI指数,2025-04-01,99.47
猪,猪肉CPI指数,2025-05-01,100.64
猪,猪肉CPI指数,2025-06-01,99.85
猪,猪肉CPI指数,2025-07-01,99.86
猪,猪肉CPI指数,2025-08-01,100.16
猪,猪肉CPI指数,2025-09-01,100.01
猪,猪肉CPI指数,2025-10-01,99.61
猪,猪肉CPI指数,2025-11-01,100.39
猪,猪肉CPI指数,2025-12-01,99.92
猪,猪肉CPI指数,2026-01-01,100.78
猪,猪肉CPI指数,2026-02-01,100.87
猪,猪肉CPI指数,2026-03-01,100.9
猪,猪肉CPI指数,2026-04-01,101.2
猪,"猪肉产量(吨,季度)",1972-09-01,56837.0
猪,"猪肉产量(吨,季度)",1972-12-01,58464.0
猪,"猪肉产量(吨,季度)",1973-03-01,57220.0
猪,"猪肉产量(吨,季度)",1973-06-01,63652.0
猪,"猪肉产量(吨,季度)",1973-09-01,61633.0
猪,"猪肉产量(吨,季度)",1973-12-01,55817.0
猪,"猪肉产量(吨,季度)",1974-03-01,46244.0
猪,"猪肉产量(吨,季度)",1974-06-01,47342.0
猪,"猪肉产量(吨,季度)",1974-09-01,46003.0
猪,"猪肉产量(吨,季度)",1974-12-01,46887.0
猪,"猪肉产量(吨,季度)",1975-03-01,39192.0
猪,"猪肉产量(吨,季度)",1975-06-01,42989.0
猪,"猪肉产量(吨,季度)",1975-09-01,44068.0
猪,"猪肉产量(吨,季度)",1975-12-01,45574.0
猪,"猪肉产量(吨,季度)",1976-03-01,39997.0
猪,"猪肉产量(吨,季度)",1976-06-01,44186.0
猪,"猪肉产量(吨,季度)",1976-09-01,47960.0
猪,"猪肉产量(吨,季度)",1976-12-01,47220.0
猪,"猪肉产量(吨,季度)",1977-03-01,42412.0
猪,"猪肉产量(吨,季度)",1977-06-01,47491.0
猪,"猪肉产量(吨,季度)",1977-09-01,52120.0
猪,"猪肉产量(吨,季度)",1977-12-01,50443.0
猪,"猪肉产量(吨,季度)",1978-03-01,44819.0
猪,"猪肉产量(吨,季度)",1978-06-01,51698.0
猪,"猪肉产量(吨,季度)",1978-09-01,51225.0
猪,"猪肉产量(吨,季度)",1978-12-01,51365.0
猪,"猪肉产量(吨,季度)",1979-03-01,45201.0
猪,"猪肉产量(吨,季度)",1979-06-01,50771.0
猪,"猪肉产量(吨,季度)",1979-09-01,54213.0
猪,"猪肉产量(吨,季度)",1979-12-01,55025.0
猪,"猪肉产量(吨,季度)",1980-03-01,48640.0
猪,"猪肉产量(吨,季度)",1980-06-01,60173.0
猪,"猪肉产量(吨,季度)",1980-09-01,61285.0
猪,"猪肉产量(吨,季度)",1980-12-01,60816.0
猪,"猪肉产量(吨,季度)",1981-03-01,52078.0
猪,"猪肉产量(吨,季度)",1981-06-01,58817.0
猪,"猪肉产量(吨,季度)",1981-09-01,60758.0
猪,"猪肉产量(吨,季度)",1981-12-01,58863.0
猪,"猪肉产量(吨,季度)",1982-03-01,51122.0
猪,"猪肉产量(吨,季度)",1982-06-01,57681.0
猪,"猪肉产量(吨,季度)",1982-09-01,60129.0
猪,"猪肉产量(吨,季度)",1982-12-01,60888.0
猪,"猪肉产量(吨,季度)",1983-03-01,54542.0
猪,"猪肉产量(吨,季度)",1983-06-01,63511.0
猪,"猪肉产量(吨,季度)",1983-09-01,63811.0
猪,"猪肉产量(吨,季度)",1983-12-01,65159.0
猪,"猪肉产量(吨,季度)",1984-03-01,59453.0
猪,"猪肉产量(吨,季度)",1984-06-01,64855.0
猪,"猪肉产量(吨,季度)",1984-09-01,67248.0
猪,"猪肉产量(吨,季度)",1984-12-01,65350.0
猪,"猪肉产量(吨,季度)",1985-03-01,61217.0
猪,"猪肉产量(吨,季度)",1985-06-01,66505.0
猪,"猪肉产量(吨,季度)",1985-09-01,69777.0
猪,"猪肉产量(吨,季度)",1985-12-01,70633.0
猪,"猪肉产量(吨,季度)",1986-03-01,61445.0
猪,"猪肉产量(吨,季度)",1986-06-01,69060.0
猪,"猪肉产量(吨,季度)",1986-09-01,72979.0
猪,"猪肉产量(吨,季度)",1986-12-01,72250.0
猪,"猪肉产量(吨,季度)",1987-03-01,65062.0
猪,"猪肉产量(吨,季度)",1987-06-01,72540.0
猪,"猪肉产量(吨,季度)",1987-09-01,75262.0
猪,"猪肉产量(吨,季度)",1987-12-01,75437.0
猪,"猪肉产量(吨,季度)",1988-03-01,69836.0
猪,"猪肉产量(吨,季度)",1988-06-01,76237.0
猪,"猪肉产量(吨,季度)",1988-09-01,77153.0
猪,"猪肉产量(吨,季度)",1988-12-01,78193.0
猪,"猪肉产量(吨,季度)",1989-03-01,71660.0
猪,"猪肉产量(吨,季度)",1989-06-01,81136.0
猪,"猪肉产量(吨,季度)",1989-09-01,79216.0
猪,"猪肉产量(吨,季度)",1989-12-01,78095.0
猪,"猪肉产量(吨,季度)",1990-03-01,75756.0
猪,"猪肉产量(吨,季度)",1990-06-01,84050.0
猪,"猪肉产量(吨,季度)",1990-09-01,80716.0
猪,"猪肉产量(吨,季度)",1990-12-01,78854.0
猪,"猪肉产量(吨,季度)",1991-03-01,73514.0
猪,"猪肉产量(吨,季度)",1991-06-01,79032.0
猪,"猪肉产量(吨,季度)",1991-09-01,84238.0
猪,"猪肉产量(吨,季度)",1991-12-01,84095.0
猪,"猪肉产量(吨,季度)",1992-03-01,80700.0
猪,"猪肉产量(吨,季度)",1992-06-01,86753.0
猪,"猪肉产量(吨,季度)",1992-09-01,88248.0
猪,"猪肉产量(吨,季度)",1992-12-01,86087.0
猪,"猪肉产量(吨,季度)",1993-03-01,77203.0
猪,"猪肉产量(吨,季度)",1993-06-01,88496.0
猪,"猪肉产量(吨,季度)",1993-09-01,90899.0
猪,"猪肉产量(吨,季度)",1993-12-01,88040.0
猪,"猪肉产量(吨,季度)",1994-03-01,84824.0
猪,"猪肉产量(吨,季度)",1994-06-01,93065.0
猪,"猪肉产量(吨,季度)",1994-09-01,90843.0
猪,"猪肉产量(吨,季度)",1994-12-01,92035.0
猪,"猪肉产量(吨,季度)",1995-03-01,84674.0
猪,"猪肉产量(吨,季度)",1995-06-01,97315.0
猪,"猪肉产量(吨,季度)",1995-09-01,91402.0
猪,"猪肉产量(吨,季度)",1995-12-01,87560.0
猪,"猪肉产量(吨,季度)",1996-03-01,80929.0
猪,"猪肉产量(吨,季度)",1996-06-01,87220.0
猪,"猪肉产量(吨,季度)",1996-09-01,84334.0
猪,"猪肉产量(吨,季度)",1996-12-01,82937.0
猪,"猪肉产量(吨,季度)",1997-03-01,77786.0
猪,"猪肉产量(吨,季度)",1997-06-01,90540.0
猪,"猪肉产量(吨,季度)",1997-09-01,88879.0
猪,"猪肉产量(吨,季度)",1997-12-01,86964.0
猪,"猪肉产量(吨,季度)",1998-03-01,84918.0
猪,"猪肉产量(吨,季度)",1998-06-01,97729.0
猪,"猪肉产量(吨,季度)",1998-09-01,95075.0
猪,"猪肉产量(吨,季度)",1998-12-01,91314.0
猪,"猪肉产量(吨,季度)",1999-03-01,86948.0
猪,"猪肉产量(吨,季度)",1999-06-01,96514.0
猪,"猪肉产量(吨,季度)",1999-09-01,90382.0
猪,"猪肉产量(吨,季度)",1999-12-01,88357.0
猪,"猪肉产量(吨,季度)",2000-03-01,88130.0
猪,"猪肉产量(吨,季度)",2000-06-01,95985.0
猪,"猪肉产量(吨,季度)",2000-09-01,90708.0
猪,"猪肉产量(吨,季度)",2000-12-01,89541.0
猪,"猪肉产量(吨,季度)",2001-03-01,87319.0
猪,"猪肉产量(吨,季度)",2001-06-01,97600.0
猪,"猪肉产量(吨,季度)",2001-09-01,98210.0
猪,"猪肉产量(吨,季度)",2001-12-01,95401.0
猪,"猪肉产量(吨,季度)",2002-03-01,94360.0
猪,"猪肉产量(吨,季度)",2002-06-01,107563.0
猪,"猪肉产量(吨,季度)",2002-09-01,105343.0
猪,"猪肉产量(吨,季度)",2002-12-01,100008.0
猪,"猪肉产量(吨,季度)",2003-03-01,102714.0
猪,"猪肉产量(吨,季度)",2003-06-01,111490.0
猪,"猪肉产量(吨,季度)",2003-09-01,106120.0
猪,"猪肉产量(吨,季度)",2003-12-01,98551.0
猪,"猪肉产量(吨,季度)",2004-03-01,96531.0
猪,"猪肉产量(吨,季度)",2004-06-01,104697.0
猪,"猪肉产量(吨,季度)",2004-09-01,99416.0
猪,"猪肉产量(吨,季度)",2004-12-01,94180.0
猪,"猪肉产量(吨,季度)",2005-03-01,93109.0
猪,"猪肉产量(吨,季度)",2005-06-01,101894.0
猪,"猪肉产量(吨,季度)",2005-09-01,99727.0
猪,"猪肉产量(吨,季度)",2005-12-01,95607.0
猪,"猪肉产量(吨,季度)",2006-03-01,92078.0
猪,"猪肉产量(吨,季度)",2006-06-01,101451.0
猪,"猪肉产量(吨,季度)",2006-09-01,96384.0
猪,"猪肉产量(吨,季度)",2006-12-01,92769.0
猪,"猪肉产量(吨,季度)",2007-03-01,92959.0
猪,"猪肉产量(吨,季度)",2007-06-01,99754.0
猪,"猪肉产量(吨,季度)",2007-09-01,97533.0
猪,"猪肉产量(吨,季度)",2007-12-01,94341.0
猪,"猪肉产量(吨,季度)",2008-03-01,90260.0
猪,"猪肉产量(吨,季度)",2008-06-01,92275.0
猪,"猪肉产量(吨,季度)",2008-09-01,82355.0
猪,"猪肉产量(吨,季度)",2008-12-01,80186.0
猪,"猪肉产量(吨,季度)",2009-03-01,75305.0
猪,"猪肉产量(吨,季度)",2009-06-01,83159.0
猪,"猪肉产量(吨,季度)",2009-09-01,83912.0
猪,"猪肉产量(吨,季度)",2009-12-01,81294.0
猪,"猪肉产量(吨,季度)",2010-03-01,78857.0
猪,"猪肉产量(吨,季度)",2010-06-01,87198.0
猪,"猪肉产量(吨,季度)",2010-09-01,89599.0
猪,"猪肉产量(吨,季度)",2010-12-01,83081.0
猪,"猪肉产量(吨,季度)",2011-03-01,79766.0
猪,"猪肉产量(吨,季度)",2011-06-01,89655.0
猪,"猪肉产量(吨,季度)",2011-09-01,90271.0
猪,"猪肉产量(吨,季度)",2011-12-01,84575.0
猪,"猪肉产量(吨,季度)",2012-03-01,84468.0
猪,"猪肉产量(吨,季度)",2012-06-01,91199.0
猪,"猪肉产量(吨,季度)",2012-09-01,88680.0
猪,"猪肉产量(吨,季度)",2012-12-01,87390.0
猪,"猪肉产量(吨,季度)",2013-03-01,84568.0
猪,"猪肉产量(吨,季度)",2013-06-01,95186.0
猪,"猪肉产量(吨,季度)",2013-09-01,93722.0
猪,"猪肉产量(吨,季度)",2013-12-01,86427.0
猪,"猪肉产量(吨,季度)",2014-03-01,86045.0
猪,"猪肉产量(吨,季度)",2014-06-01,93647.0
猪,"猪肉产量(吨,季度)",2014-09-01,93822.0
猪,"猪肉产量(吨,季度)",2014-12-01,88679.0
猪,"猪肉产量(吨,季度)",2015-03-01,90985.0
猪,"猪肉产量(吨,季度)",2015-06-01,97677.0
猪,"猪肉产量(吨,季度)",2015-09-01,95731.0
猪,"猪肉产量(吨,季度)",2015-12-01,89722.0
猪,"猪肉产量(吨,季度)",2016-03-01,90190.0
猪,"猪肉产量(吨,季度)",2016-06-01,101998.0
猪,"猪肉产量(吨,季度)",2016-09-01,100152.0
猪,"猪肉产量(吨,季度)",2016-12-01,93715.0
猪,"猪肉产量(吨,季度)",2017-03-01,97015.0
猪,"猪肉产量(吨,季度)",2017-06-01,106258.0
猪,"猪肉产量(吨,季度)",2017-09-01,105684.0
猪,"猪肉产量(吨,季度)",2017-12-01,99015.0
猪,"猪肉产量(吨,季度)",2018-03-01,101184.0
猪,"猪肉产量(吨,季度)",2018-06-01,111543.0
猪,"猪肉产量(吨,季度)",2018-09-01,110099.0
猪,"猪肉产量(吨,季度)",2018-12-01,101387.0
猪,"猪肉产量(吨,季度)",2019-03-01,98075.0
猪,"猪肉产量(吨,季度)",2019-06-01,104908.0
猪,"猪肉产量(吨,季度)",2019-09-01,99965.0
猪,"猪肉产量(吨,季度)",2019-12-01,94787.0
猪,"猪肉产量(吨,季度)",2020-03-01,100141.0
猪,"猪肉产量(吨,季度)",2020-06-01,107811.0
猪,"猪肉产量(吨,季度)",2020-09-01,106904.0
猪,"猪肉产量(吨,季度)",2020-12-01,103870.0
猪,"猪肉产量(吨,季度)",2021-03-01,106222.0
猪,"猪肉产量(吨,季度)",2021-06-01,115250.0
猪,"猪肉产量(吨,季度)",2021-09-01,114040.0
猪,"猪肉产量(吨,季度)",2021-12-01,107714.0
猪,"猪肉产量(吨,季度)",2022-03-01,103691.0
猪,"猪肉产量(吨,季度)",2022-06-01,113182.0
猪,"猪肉产量(吨,季度)",2022-09-01,112151.0
猪,"猪肉产量(吨,季度)",2022-12-01,107250.0
猪,"猪肉产量(吨,季度)",2023-03-01,113026.0
猪,"猪肉产量(吨,季度)",2023-06-01,120999.0
猪,"猪肉产量(吨,季度)",2023-09-01,119673.0
猪,"猪肉产量(吨,季度)",2023-12-01,113088.0
猪,"猪肉产量(吨,季度)",2024-03-01,112706.0
猪,"猪肉产量(吨,季度)",2024-06-01,122966.0
猪,"猪肉产量(吨,季度)",2024-09-01,121157.0
猪,"猪肉产量(吨,季度)",2024-12-01,113673.0
猪,"猪肉产量(吨,季度)",2025-03-01,114652.0
猪,"猪肉产量(吨,季度)",2025-06-01,123346.0
猪,"猪肉产量(吨,季度)",2025-09-01,123030.0
猪,"猪肉产量(吨,季度)",2025-12-01,114043.0
猪,"猪肉产量(吨,季度)",2026-03-01,112976.0
生鲜乳,牛奶CPI指数,1980-09-01,22.73
生鲜乳,牛奶CPI指数,1980-12-01,23.98
生鲜乳,牛奶CPI指数,1981-03-01,24.66
生鲜乳,牛奶CPI指数,1981-06-01,25.26
生鲜乳,牛奶CPI指数,1981-09-01,25.83
生鲜乳,牛奶CPI指数,1981-12-01,26.67
生鲜乳,牛奶CPI指数,1982-03-01,25.87
生鲜乳,牛奶CPI指数,1982-06-01,26.36
生鲜乳,牛奶CPI指数,1982-09-01,26.78
生鲜乳,牛奶CPI指数,1982-12-01,27.31
生鲜乳,牛奶CPI指数,1983-03-01,27.35
生鲜乳,牛奶CPI指数,1983-06-01,27.65
生鲜乳,牛奶CPI指数,1983-09-01,27.76
生鲜乳,牛奶CPI指数,1983-12-01,28.64
生鲜乳,牛奶CPI指数,1984-03-01,28.98
生鲜乳,牛奶CPI指数,1984-06-01,29.05
生鲜乳,牛奶CPI指数,1984-09-01,29.05
生鲜乳,牛奶CPI指数,1984-12-01,29.01
生鲜乳,牛奶CPI指数,1985-03-01,29.85
生鲜乳,牛奶CPI指数,1985-06-01,30.19
生鲜乳,牛奶CPI指数,1985-09-01,30.6
生鲜乳,牛奶CPI指数,1985-12-01,31.17
生鲜乳,牛奶CPI指数,1986-03-01,31.67
生鲜乳,牛奶CPI指数,1986-06-01,32.31
生鲜乳,牛奶CPI指数,1986-09-01,32.76
生鲜乳,牛奶CPI指数,1986-12-01,32.92
生鲜乳,牛奶CPI指数,1987-03-01,33.14
生鲜乳,牛奶CPI指数,1987-06-01,33.56
生鲜乳,牛奶CPI指数,1987-09-01,34.13
生鲜乳,牛奶CPI指数,1987-12-01,34.47
生鲜乳,牛奶CPI指数,1988-03-01,34.85
生鲜乳,牛奶CPI指数,1988-06-01,35.26
生鲜乳,牛奶CPI指数,1988-09-01,35.6
生鲜乳,牛奶CPI指数,1988-12-01,36.1
生鲜乳,牛奶CPI指数,1989-03-01,37.12
生鲜乳,牛奶CPI指数,1989-06-01,36.97
生鲜乳,牛奶CPI指数,1989-09-01,36.97
生鲜乳,牛奶CPI指数,1989-12-01,37.61
生鲜乳,牛奶CPI指数,1990-03-01,38.26
生鲜乳,牛奶CPI指数,1990-06-01,38.67
生鲜乳,牛奶CPI指数,1990-09-01,39.01
生鲜乳,牛奶CPI指数,1990-12-01,39.81
生鲜乳,牛奶CPI指数,1991-03-01,40.64
生鲜乳,牛奶CPI指数,1991-06-01,41.25
生鲜乳,牛奶CPI指数,1991-09-01,42.2
生鲜乳,牛奶CPI指数,1991-12-01,42.8
生鲜乳,牛奶CPI指数,1992-03-01,42.92
生鲜乳,牛奶CPI指数,1992-06-01,43.45
生鲜乳,牛奶CPI指数,1992-09-01,43.48
生鲜乳,牛奶CPI指数,1992-12-01,43.71
生鲜乳,牛奶CPI指数,1993-03-01,44.32
生鲜乳,牛奶CPI指数,1993-06-01,45.23
生鲜乳,牛奶CPI指数,1993-09-01,45.64
生鲜乳,牛奶CPI指数,1993-12-01,45.98
生鲜乳,牛奶CPI指数,1994-03-01,46.48
生鲜乳,牛奶CPI指数,1994-06-01,46.7
生鲜乳,牛奶CPI指数,1994-09-01,47.23
生鲜乳,牛奶CPI指数,1994-12-01,47.91
生鲜乳,牛奶CPI指数,1995-03-01,48.67
生鲜乳,牛奶CPI指数,1995-06-01,49.43
生鲜乳,牛奶CPI指数,1995-09-01,50.34
生鲜乳,牛奶CPI指数,1995-12-01,50.76
生鲜乳,牛奶CPI指数,1996-03-01,51.63
生鲜乳,牛奶CPI指数,1996-06-01,52.04
生鲜乳,牛奶CPI指数,1996-09-01,52.88
生鲜乳,牛奶CPI指数,1996-12-01,53.26
生鲜乳,牛奶CPI指数,1997-03-01,54.32
生鲜乳,牛奶CPI指数,1997-06-01,54.66
生鲜乳,牛奶CPI指数,1997-09-01,55.04
生鲜乳,牛奶CPI指数,1997-12-01,55.68
生鲜乳,牛奶CPI指数,1998-03-01,56.29
生鲜乳,牛奶CPI指数,1998-06-01,56.4
生鲜乳,牛奶CPI指数,1998-09-01,56.48
生鲜乳,牛奶CPI指数,1998-12-01,56.88
生鲜乳,牛奶CPI指数,1999-03-01,57.61
生鲜乳,牛奶CPI指数,1999-06-01,57.79
生鲜乳,牛奶CPI指数,1999-09-01,58.31
生鲜乳,牛奶CPI指数,1999-12-01,59.7
生鲜乳,牛奶CPI指数,2000-03-01,60.49
生鲜乳,牛奶CPI指数,2000-06-01,61.61
生鲜乳,牛奶CPI指数,2000-09-01,60.05
生鲜乳,牛奶CPI指数,2000-12-01,58.06
生鲜乳,牛奶CPI指数,2001-03-01,58.18
生鲜乳,牛奶CPI指数,2001-06-01,58.44
生鲜乳,牛奶CPI指数,2001-09-01,59.15
生鲜乳,牛奶CPI指数,2001-12-01,61.53
生鲜乳,牛奶CPI指数,2002-03-01,61.76
生鲜乳,牛奶CPI指数,2002-06-01,62.23
生鲜乳,牛奶CPI指数,2002-09-01,62.51
生鲜乳,牛奶CPI指数,2002-12-01,64.09
生鲜乳,牛奶CPI指数,2003-03-01,64.83
生鲜乳,牛奶CPI指数,2003-06-01,65.33
生鲜乳,牛奶CPI指数,2003-09-01,65.11
生鲜乳,牛奶CPI指数,2003-12-01,65.57
生鲜乳,牛奶CPI指数,2004-03-01,65.84
生鲜乳,牛奶CPI指数,2004-06-01,66.65
生鲜乳,牛奶CPI指数,2004-09-01,67.08
生鲜乳,牛奶CPI指数,2004-12-01,67.25
生鲜乳,牛奶CPI指数,2005-03-01,68.46
生鲜乳,牛奶CPI指数,2005-06-01,69.74
生鲜乳,牛奶CPI指数,2005-09-01,69.55
生鲜乳,牛奶CPI指数,2005-12-01,71.16
生鲜乳,牛奶CPI指数,2006-03-01,71.37
生鲜乳,牛奶CPI指数,2006-06-01,72.06
生鲜乳,牛奶CPI指数,2006-09-01,72.64
生鲜乳,牛奶CPI指数,2006-12-01,73.46
生鲜乳,牛奶CPI指数,2007-03-01,74.19
生鲜乳,牛奶CPI指数,2007-06-01,74.75
生鲜乳,牛奶CPI指数,2007-09-01,76.59
生鲜乳,牛奶CPI指数,2007-12-01,80.88
生鲜乳,牛奶CPI指数,2008-03-01,82.82
生鲜乳,牛奶CPI指数,2008-06-01,83.8
生鲜乳,牛奶CPI指数,2008-09-01,84.95
生鲜乳,牛奶CPI指数,2008-12-01,85.99
生鲜乳,牛奶CPI指数,2009-03-01,84.66
生鲜乳,牛奶CPI指数,2009-06-01,82.12
生鲜乳,牛奶CPI指数,2009-09-01,81.72
生鲜乳,牛奶CPI指数,2009-12-01,81.88
生鲜乳,牛奶CPI指数,2010-03-01,81.97
生鲜乳,牛奶CPI指数,2010-06-01,82.21
生鲜乳,牛奶CPI指数,2010-09-01,82.21
生鲜乳,牛奶CPI指数,2010-12-01,81.9
生鲜乳,牛奶CPI指数,2011-03-01,76.84
生鲜乳,牛奶CPI指数,2011-06-01,73.32
生鲜乳,牛奶CPI指数,2011-09-01,73.54
生鲜乳,牛奶CPI指数,2011-12-01,73.59
生鲜乳,牛奶CPI指数,2012-03-01,73.79
生鲜乳,牛奶CPI指数,2012-06-01,73.66
生鲜乳,牛奶CPI指数,2012-09-01,73.29
生鲜乳,牛奶CPI指数,2012-12-01,72.99
生鲜乳,牛奶CPI指数,2013-03-01,71.9
生鲜乳,牛奶CPI指数,2013-06-01,71.23
生鲜乳,牛奶CPI指数,2013-09-01,71.55
生鲜乳,牛奶CPI指数,2013-12-01,71.85
生鲜乳,牛奶CPI指数,2014-03-01,71.95
生鲜乳,牛奶CPI指数,2014-06-01,71.95
生鲜乳,牛奶CPI指数,2014-09-01,71.83
生鲜乳,牛奶CPI指数,2014-12-01,71.92
生鲜乳,牛奶CPI指数,2015-03-01,71.88
生鲜乳,牛奶CPI指数,2015-06-01,71.55
生鲜乳,牛奶CPI指数,2015-09-01,71.37
生鲜乳,牛奶CPI指数,2015-12-01,71.03
生鲜乳,牛奶CPI指数,2016-03-01,71.15
生鲜乳,牛奶CPI指数,2016-06-01,71.16
生鲜乳,牛奶CPI指数,2016-09-01,71.14
生鲜乳,牛奶CPI指数,2016-12-01,70.97
生鲜乳,牛奶CPI指数,2017-03-01,71.24
生鲜乳,牛奶CPI指数,2017-06-01,71.07
生鲜乳,牛奶CPI指数,2017-09-01,70.96
生鲜乳,牛奶CPI指数,2017-10-01,70.86
生鲜乳,牛奶CPI指数,2017-11-01,71.18
生鲜乳,牛奶CPI指数,2017-12-01,71.41
生鲜乳,牛奶CPI指数,2018-01-01,71.29
生鲜乳,牛奶CPI指数,2018-02-01,71.1
生鲜乳,牛奶CPI指数,2018-03-01,71.32
生鲜乳,牛奶CPI指数,2018-04-01,71.69
生鲜乳,牛奶CPI指数,2018-05-01,71.33
生鲜乳,牛奶CPI指数,2018-06-01,71.78
生鲜乳,牛奶CPI指数,2018-07-01,71.4
生鲜乳,牛奶CPI指数,2018-08-01,70.98
生鲜乳,牛奶CPI指数,2018-09-01,71.34
生鲜乳,牛奶CPI指数,2018-10-01,72.15
生鲜乳,牛奶CPI指数,2018-11-01,72.38
生鲜乳,牛奶CPI指数,2018-12-01,72.8
生鲜乳,牛奶CPI指数,2019-01-01,72.74
生鲜乳,牛奶CPI指数,2019-02-01,71.84
生鲜乳,牛奶CPI指数,2019-03-01,72.5
生鲜乳,牛奶CPI指数,2019-04-01,73.8
生鲜乳,牛奶CPI指数,2019-05-01,73.51
生鲜乳,牛奶CPI指数,2019-06-01,73.9
生鲜乳,牛奶CPI指数,2019-07-01,74.43
生鲜乳,牛奶CPI指数,2019-08-01,76.27
生鲜乳,牛奶CPI指数,2019-09-01,76.16
生鲜乳,牛奶CPI指数,2019-10-01,76.81
生鲜乳,牛奶CPI指数,2019-11-01,77.21
生鲜乳,牛奶CPI指数,2019-12-01,77.47
生鲜乳,牛奶CPI指数,2020-01-01,78.04
生鲜乳,牛奶CPI指数,2020-02-01,77.4
生鲜乳,牛奶CPI指数,2020-03-01,78.09
生鲜乳,牛奶CPI指数,2020-04-01,79.54
生鲜乳,牛奶CPI指数,2020-05-01,78.93
生鲜乳,牛奶CPI指数,2020-06-01,78.62
生鲜乳,牛奶CPI指数,2020-07-01,78.62
生鲜乳,牛奶CPI指数,2020-08-01,78.65
生鲜乳,牛奶CPI指数,2020-09-01,78.37
生鲜乳,牛奶CPI指数,2020-10-01,78.73
生鲜乳,牛奶CPI指数,2020-11-01,78.82
生鲜乳,牛奶CPI指数,2020-12-01,78.91
生鲜乳,牛奶CPI指数,2021-01-01,79.21
生鲜乳,牛奶CPI指数,2021-02-01,78.71
生鲜乳,牛奶CPI指数,2021-03-01,78.7
生鲜乳,牛奶CPI指数,2021-04-01,79.03
生鲜乳,牛奶CPI指数,2021-05-01,78.53
生鲜乳,牛奶CPI指数,2021-06-01,78.61
生鲜乳,牛奶CPI指数,2021-07-01,79.31
生鲜乳,牛奶CPI指数,2021-08-01,79.28
生鲜乳,牛奶CPI指数,2021-09-01,78.88
生鲜乳,牛奶CPI指数,2021-10-01,78.97
生鲜乳,牛奶CPI指数,2021-11-01,79.12
生鲜乳,牛奶CPI指数,2021-12-01,79.96
生鲜乳,牛奶CPI指数,2022-01-01,82.46
生鲜乳,牛奶CPI指数,2022-02-01,82.18
生鲜乳,牛奶CPI指数,2022-03-01,82.13
生鲜乳,牛奶CPI指数,2022-04-01,83.28
生鲜乳,牛奶CPI指数,2022-05-01,82.27
生鲜乳,牛奶CPI指数,2022-06-01,82.8
生鲜乳,牛奶CPI指数,2022-07-01,88.88
生鲜乳,牛奶CPI指数,2022-08-01,92.71
生鲜乳,牛奶CPI指数,2022-09-01,91.63
生鲜乳,牛奶CPI指数,2022-10-01,92.92
生鲜乳,牛奶CPI指数,2022-11-01,94.22
生鲜乳,牛奶CPI指数,2022-12-01,94.26
生鲜乳,牛奶CPI指数,2023-01-01,94.73
生鲜乳,牛奶CPI指数,2023-02-01,95.11
生鲜乳,牛奶CPI指数,2023-03-01,95.38
生鲜乳,牛奶CPI指数,2023-04-01,95.41
生鲜乳,牛奶CPI指数,2023-05-01,95.28
生鲜乳,牛奶CPI指数,2023-06-01,95.44
生鲜乳,牛奶CPI指数,2023-07-01,96.77
生鲜乳,牛奶CPI指数,2023-08-01,97.05
生鲜乳,牛奶CPI指数,2023-09-01,96.65
生鲜乳,牛奶CPI指数,2023-10-01,97.85
生鲜乳,牛奶CPI指数,2023-11-01,97.63
生鲜乳,牛奶CPI指数,2023-12-01,97.95
生鲜乳,牛奶CPI指数,2024-01-01,97.82
生鲜乳,牛奶CPI指数,2024-02-01,97.3
生鲜乳,牛奶CPI指数,2024-03-01,97.78
生鲜乳,牛奶CPI指数,2024-04-01,97.8
生鲜乳,牛奶CPI指数,2024-05-01,97.36
生鲜乳,牛奶CPI指数,2024-06-01,97.59
生鲜乳,牛奶CPI指数,2024-07-01,97.28
生鲜乳,牛奶CPI指数,2024-08-01,98.22
生鲜乳,牛奶CPI指数,2024-09-01,97.77
生鲜乳,牛奶CPI指数,2024-10-01,96.35
生鲜乳,牛奶CPI指数,2024-11-01,97.4
生鲜乳,牛奶CPI指数,2024-12-01,97.22
生鲜乳,牛奶CPI指数,2025-01-01,97.52
生鲜乳,牛奶CPI指数,2025-02-01,96.99
生鲜乳,牛奶CPI指数,2025-03-01,97.23
生鲜乳,牛奶CPI指数,2025-04-01,97.54
生鲜乳,牛奶CPI指数,2025-05-01,97.16
生鲜乳,牛奶CPI指数,2025-06-01,97.57
生鲜乳,牛奶CPI指数,2025-07-01,97.62
生鲜乳,牛奶CPI指数,2025-08-01,99.6
生鲜乳,牛奶CPI指数,2025-09-01,99.07
生鲜乳,牛奶CPI指数,2025-10-01,99.56
生鲜乳,牛奶CPI指数,2025-11-01,101.45
生鲜乳,牛奶CPI指数,2025-12-01,100.93
生鲜乳,牛奶CPI指数,2026-01-01,101.37
生鲜乳,牛奶CPI指数,2026-02-01,100.54
生鲜乳,牛奶CPI指数,2026-03-01,101.0
生鲜乳,牛奶CPI指数,2026-04-01,101.41
饲料,小黑麦澳洲交付价月均(A$/t),2023-07-01,367.5
饲料,小黑麦澳洲交付价月均(A$/t),2023-08-01,373.0625
饲料,小黑麦澳洲交付价月均(A$/t),2023-09-01,374.7
饲料,小黑麦澳洲交付价月均(A$/t),2023-10-01,377.5
饲料,小黑麦澳洲交付价月均(A$/t),2023-11-01,381.3125
饲料,小黑麦澳洲交付价月均(A$/t),2023-12-01,373.8333333333333
饲料,小黑麦澳洲交付价月均(A$/t),2024-01-01,369.75
饲料,小黑麦澳洲交付价月均(A$/t),2024-02-01,372.75
饲料,小黑麦澳洲交付价月均(A$/t),2024-03-01,377.0
饲料,小黑麦澳洲交付价月均(A$/t),2024-04-01,388.75
饲料,小黑麦澳洲交付价月均(A$/t),2024-05-01,402.5
饲料,小黑麦澳洲交付价月均(A$/t),2024-06-01,382.8125
饲料,小黑麦澳洲交付价月均(A$/t),2024-07-01,404.0625
饲料,小黑麦澳洲交付价月均(A$/t),2024-08-01,411.5
饲料,小黑麦澳洲交付价月均(A$/t),2024-09-01,413.75
饲料,小黑麦澳洲交付价月均(A$/t),2024-10-01,415.0
饲料,小黑麦澳洲交付价月均(A$/t),2024-11-01,415.0
饲料,小黑麦澳洲交付价月均(A$/t),2024-12-01,415.0
饲料,小黑麦澳洲交付价月均(A$/t),2025-01-01,418.0
饲料,小黑麦澳洲交付价月均(A$/t),2025-02-01,420.0
饲料,小黑麦澳洲交付价月均(A$/t),2025-03-01,361.25
饲料,小黑麦澳洲交付价月均(A$/t),2025-04-01,332.5
饲料,小黑麦澳洲交付价月均(A$/t),2025-05-01,342.0
饲料,小黑麦澳洲交付价月均(A$/t),2025-06-01,340.0
饲料,小黑麦澳洲交付价月均(A$/t),2025-07-01,342.5
饲料,小黑麦澳洲交付价月均(A$/t),2025-08-01,344.0
饲料,小黑麦澳洲交付价月均(A$/t),2025-09-01,340.0
饲料,小黑麦澳洲交付价月均(A$/t),2025-10-01,340.0
饲料,小黑麦澳洲交付价月均(A$/t),2025-11-01,341.25
饲料,小黑麦澳洲交付价月均(A$/t),2025-12-01,345.0
饲料,小黑麦澳洲交付价月均(A$/t),2026-01-01,330.0
饲料,小黑麦澳洲交付价月均(A$/t),2026-02-01,315.0
饲料,小黑麦澳洲交付价月均(A$/t),2026-03-01,313.3333333333333
饲料,小黑麦澳洲交付价月均(A$/t),2026-04-01,301.25
饲料,小黑麦澳洲交付价月均(A$/t),2026-05-01,308.0
饲料,小黑麦澳洲交付价月均(A$/t),2026-06-01,305.0
饲料,棉籽澳洲交付价月均(A$/t),2023-07-01,657.0
饲料,棉籽澳洲交付价月均(A$/t),2023-08-01,686.25
饲料,棉籽澳洲交付价月均(A$/t),2023-09-01,727.3
饲料,棉籽澳洲交付价月均(A$/t),2023-10-01,704.75
饲料,棉籽澳洲交付价月均(A$/t),2023-11-01,663.75
饲料,棉籽澳洲交付价月均(A$/t),2023-12-01,660.8333333333334
饲料,棉籽澳洲交付价月均(A$/t),2024-01-01,685.5
饲料,棉籽澳洲交付价月均(A$/t),2024-02-01,721.0
饲料,棉籽澳洲交付价月均(A$/t),2024-03-01,705.3
饲料,棉籽澳洲交付价月均(A$/t),2024-04-01,663.0
饲料,棉籽澳洲交付价月均(A$/t),2024-05-01,627.5
饲料,棉籽澳洲交付价月均(A$/t),2024-06-01,609.75
饲料,棉籽澳洲交付价月均(A$/t),2024-07-01,596.75
饲料,棉籽澳洲交付价月均(A$/t),2024-08-01,584.9
饲料,棉籽澳洲交付价月均(A$/t),2024-09-01,445.0
饲料,棉籽澳洲交付价月均(A$/t),2024-10-01,442.5
饲料,棉籽澳洲交付价月均(A$/t),2024-11-01,441.5
饲料,棉籽澳洲交付价月均(A$/t),2024-12-01,467.5
饲料,棉籽澳洲交付价月均(A$/t),2025-01-01,468.5
饲料,棉籽澳洲交付价月均(A$/t),2025-02-01,431.75
饲料,棉籽澳洲交付价月均(A$/t),2025-03-01,454.25
饲料,棉籽澳洲交付价月均(A$/t),2025-04-01,460.0
饲料,棉籽澳洲交付价月均(A$/t),2025-05-01,480.7
饲料,棉籽澳洲交付价月均(A$/t),2025-06-01,489.75
饲料,棉籽澳洲交付价月均(A$/t),2025-07-01,475.5
饲料,棉籽澳洲交付价月均(A$/t),2025-08-01,450.5
饲料,棉籽澳洲交付价月均(A$/t),2025-09-01,452.5
饲料,棉籽澳洲交付价月均(A$/t),2025-10-01,463.5
饲料,棉籽澳洲交付价月均(A$/t),2025-11-01,515.0
饲料,棉籽澳洲交付价月均(A$/t),2025-12-01,542.5
饲料,棉籽澳洲交付价月均(A$/t),2026-01-01,581.5
饲料,棉籽澳洲交付价月均(A$/t),2026-02-01,602.5
饲料,棉籽澳洲交付价月均(A$/t),2026-03-01,559.1666666666666
饲料,棉籽澳洲交付价月均(A$/t),2026-04-01,542.5
饲料,棉籽澳洲交付价月均(A$/t),2026-05-01,570.5
饲料,棉籽澳洲交付价月均(A$/t),2026-06-01,585.0
饲料,油菜粕澳洲交付价月均(A$/t),2023-07-01,561.8863636363636
饲料,油菜粕澳洲交付价月均(A$/t),2023-08-01,563.5227272727273
饲料,油菜粕澳洲交付价月均(A$/t),2023-09-01,565.4
饲料,油菜粕澳洲交付价月均(A$/t),2023-10-01,590.6136363636364
饲料,油菜粕澳洲交付价月均(A$/t),2023-11-01,596.590909090909
饲料,油菜粕澳洲交付价月均(A$/t),2023-12-01,590.6060606060606
饲料,油菜粕澳洲交付价月均(A$/t),2024-01-01,578.8863636363636
饲料,油菜粕澳洲交付价月均(A$/t),2024-02-01,540.6818181818182
饲料,油菜粕澳洲交付价月均(A$/t),2024-03-01,524.5454545454545
饲料,油菜粕澳洲交付价月均(A$/t),2024-04-01,508.8636363636364
饲料,油菜粕澳洲交付价月均(A$/t),2024-05-01,544.5454545454545
饲料,油菜粕澳洲交付价月均(A$/t),2024-06-01,563.2954545454545
饲料,油菜粕澳洲交付价月均(A$/t),2024-07-01,572.0454545454545
饲料,油菜粕澳洲交付价月均(A$/t),2024-08-01,572.5454545454545
饲料,油菜粕澳洲交付价月均(A$/t),2024-09-01,559.5454545454545
饲料,油菜粕澳洲交付价月均(A$/t),2024-10-01,554.5454545454545
饲料,油菜粕澳洲交付价月均(A$/t),2024-11-01,506.5454545454545
饲料,油菜粕澳洲交付价月均(A$/t),2024-12-01,484.54545454545456
饲料,油菜粕澳洲交付价月均(A$/t),2025-01-01,481.7272727272727
饲料,油菜粕澳洲交付价月均(A$/t),2025-02-01,479.77272727272725
饲料,油菜粕澳洲交付价月均(A$/t),2025-03-01,479.77272727272725
饲料,油菜粕澳洲交付价月均(A$/t),2025-04-01,482.77272727272725
饲料,油菜粕澳洲交付价月均(A$/t),2025-05-01,505.2727272727272
饲料,油菜粕澳洲交付价月均(A$/t),2025-06-01,522.2727272727273
饲料,油菜粕澳洲交付价月均(A$/t),2025-07-01,527.2727272727273
饲料,油菜粕澳洲交付价月均(A$/t),2025-08-01,540.2727272727273
饲料,油菜粕澳洲交付价月均(A$/t),2025-09-01,516.0227272727273
饲料,油菜粕澳洲交付价月均(A$/t),2025-10-01,489.2727272727272
饲料,油菜粕澳洲交付价月均(A$/t),2025-11-01,463.52272727272725
饲料,油菜粕澳洲交付价月均(A$/t),2025-12-01,462.27272727272725
饲料,油菜粕澳洲交付价月均(A$/t),2026-01-01,469.4727272727272
饲料,油菜粕澳洲交付价月均(A$/t),2026-02-01,485.27272727272725
饲料,油菜粕澳洲交付价月均(A$/t),2026-03-01,485.93939393939394
饲料,油菜粕澳洲交付价月均(A$/t),2026-04-01,492.02272727272725
饲料,油菜粕澳洲交付价月均(A$/t),2026-05-01,513.8727272727272
饲料,油菜粕澳洲交付价月均(A$/t),2026-06-01,544.7727272727273
饲料,豆粕澳洲交付价月均(A$/t),2023-07-01,899.75
饲料,豆粕澳洲交付价月均(A$/t),2023-08-01,953.0
饲料,豆粕澳洲交付价月均(A$/t),2023-09-01,942.9
饲料,豆粕澳洲交付价月均(A$/t),2023-10-01,982.5
饲料,豆粕澳洲交付价月均(A$/t),2023-11-01,1032.5
饲料,豆粕澳洲交付价月均(A$/t),2023-12-01,943.1666666666666
饲料,豆粕澳洲交付价月均(A$/t),2024-01-01,846.5
饲料,豆粕澳洲交付价月均(A$/t),2024-02-01,827.75
饲料,豆粕澳洲交付价月均(A$/t),2024-03-01,815.5
饲料,豆粕澳洲交付价月均(A$/t),2024-04-01,839.25
饲料,豆粕澳洲交付价月均(A$/t),2024-05-01,867.9
饲料,豆粕澳洲交付价月均(A$/t),2024-06-01,876.0
饲料,豆粕澳洲交付价月均(A$/t),2024-07-01,818.75
饲料,豆粕澳洲交付价月均(A$/t),2024-08-01,779.3
饲料,豆粕澳洲交付价月均(A$/t),2024-09-01,781.25
饲料,豆粕澳洲交付价月均(A$/t),2024-10-01,761.0
饲料,豆粕澳洲交付价月均(A$/t),2024-11-01,709.5
饲料,豆粕澳洲交付价月均(A$/t),2024-12-01,704.5
饲料,豆粕澳洲交付价月均(A$/t),2025-01-01,739.7
饲料,豆粕澳洲交付价月均(A$/t),2025-02-01,717.25
饲料,豆粕澳洲交付价月均(A$/t),2025-03-01,733.0
饲料,豆粕澳洲交付价月均(A$/t),2025-04-01,726.75
饲料,豆粕澳洲交付价月均(A$/t),2025-05-01,691.1
饲料,豆粕澳洲交付价月均(A$/t),2025-06-01,683.25
饲料,豆粕澳洲交付价月均(A$/t),2025-07-01,661.0
饲料,豆粕澳洲交付价月均(A$/t),2025-08-01,678.9
饲料,豆粕澳洲交付价月均(A$/t),2025-09-01,668.5
饲料,豆粕澳洲交付价月均(A$/t),2025-10-01,665.5
饲料,豆粕澳洲交付价月均(A$/t),2025-11-01,669.25
饲料,豆粕澳洲交付价月均(A$/t),2025-12-01,703.0
饲料,豆粕澳洲交付价月均(A$/t),2026-01-01,726.7
饲料,豆粕澳洲交付价月均(A$/t),2026-02-01,712.5
饲料,豆粕澳洲交付价月均(A$/t),2026-03-01,747.1666666666666
饲料,豆粕澳洲交付价月均(A$/t),2026-04-01,755.5
饲料,豆粕澳洲交付价月均(A$/t),2026-05-01,735.9
饲料,豆粕澳洲交付价月均(A$/t),2026-06-01,710.75
饲料,饲料大麦澳洲交付价月均(A$/t),2023-07-01,352.2045454545455
饲料,饲料大麦澳洲交付价月均(A$/t),2023-08-01,366.02272727272725
饲料,饲料大麦澳洲交付价月均(A$/t),2023-09-01,378.74545454545455
饲料,饲料大麦澳洲交付价月均(A$/t),2023-10-01,375.79545454545456
饲料,饲料大麦澳洲交付价月均(A$/t),2023-11-01,369.52272727272725
饲料,饲料大麦澳洲交付价月均(A$/t),2023-12-01,369.27272727272725
饲料,饲料大麦澳洲交付价月均(A$/t),2024-01-01,356.1818181818182
饲料,饲料大麦澳洲交付价月均(A$/t),2024-02-01,338.1136363636364
饲料,饲料大麦澳洲交付价月均(A$/t),2024-03-01,327.8909090909091
饲料,饲料大麦澳洲交付价月均(A$/t),2024-04-01,344.52272727272725
饲料,饲料大麦澳洲交付价月均(A$/t),2024-05-01,361.5090909090909
饲料,饲料大麦澳洲交付价月均(A$/t),2024-06-01,343.27272727272725
饲料,饲料大麦澳洲交付价月均(A$/t),2024-07-01,331.6818181818182
饲料,饲料大麦澳洲交付价月均(A$/t),2024-08-01,304.03636363636366
饲料,饲料大麦澳洲交付价月均(A$/t),2024-09-01,293.0681818181818
饲料,饲料大麦澳洲交付价月均(A$/t),2024-10-01,300.20454545454544
饲料,饲料大麦澳洲交付价月均(A$/t),2024-11-01,300.94545454545454
饲料,饲料大麦澳洲交付价月均(A$/t),2024-12-01,303.5454545454545
饲料,饲料大麦澳洲交付价月均(A$/t),2025-01-01,311.0
饲料,饲料大麦澳洲交付价月均(A$/t),2025-02-01,322.75
饲料,饲料大麦澳洲交付价月均(A$/t),2025-03-01,329.3181818181818
饲料,饲料大麦澳洲交付价月均(A$/t),2025-04-01,332.79545454545456
饲料,饲料大麦澳洲交付价月均(A$/t),2025-05-01,336.0
饲料,饲料大麦澳洲交付价月均(A$/t),2025-06-01,331.79545454545456
饲料,饲料大麦澳洲交付价月均(A$/t),2025-07-01,326.8181818181818
饲料,饲料大麦澳洲交付价月均(A$/t),2025-08-01,313.7818181818182
饲料,饲料大麦澳洲交付价月均(A$/t),2025-09-01,300.9318181818182
饲料,饲料大麦澳洲交付价月均(A$/t),2025-10-01,305.27272727272725
饲料,饲料大麦澳洲交付价月均(A$/t),2025-11-01,309.47727272727275
饲料,饲料大麦澳洲交付价月均(A$/t),2025-12-01,309.90909090909093
饲料,饲料大麦澳洲交付价月均(A$/t),2026-01-01,312.6363636363636
饲料,饲料大麦澳洲交付价月均(A$/t),2026-02-01,321.8181818181818
饲料,饲料大麦澳洲交付价月均(A$/t),2026-03-01,342.8181818181818
饲料,饲料大麦澳洲交付价月均(A$/t),2026-04-01,358.72727272727275
饲料,饲料大麦澳洲交付价月均(A$/t),2026-05-01,358.9272727272727
饲料,饲料大麦澳洲交付价月均(A$/t),2026-06-01,341.9318181818182
饲料,饲料小麦澳洲交付价月均(A$/t),2023-07-01,388.04545454545456
饲料,饲料小麦澳洲交付价月均(A$/t),2023-08-01,402.0
饲料,饲料小麦澳洲交付价月均(A$/t),2023-09-01,413.5090909090909
饲料,饲料小麦澳洲交付价月均(A$/t),2023-10-01,415.1818181818182
饲料,饲料小麦澳洲交付价月均(A$/t),2023-11-01,407.29545454545456
饲料,饲料小麦澳洲交付价月均(A$/t),2023-12-01,393.2121212121212
饲料,饲料小麦澳洲交付价月均(A$/t),2024-01-01,375.0909090909091
饲料,饲料小麦澳洲交付价月均(A$/t),2024-02-01,356.3181818181818
饲料,饲料小麦澳洲交付价月均(A$/t),2024-03-01,346.05454545454546
饲料,饲料小麦澳洲交付价月均(A$/t),2024-04-01,359.70454545454544
饲料,饲料小麦澳洲交付价月均(A$/t),2024-05-01,384.54545454545456
饲料,饲料小麦澳洲交付价月均(A$/t),2024-06-01,372.20454545454544
饲料,饲料小麦澳洲交付价月均(A$/t),2024-07-01,355.47727272727275
饲料,饲料小麦澳洲交付价月均(A$/t),2024-08-01,331.6363636363636
饲料,饲料小麦澳洲交付价月均(A$/t),2024-09-01,329.54545454545456
饲料,饲料小麦澳洲交付价月均(A$/t),2024-10-01,333.9318181818182
饲料,饲料小麦澳洲交付价月均(A$/t),2024-11-01,331.72727272727275
饲料,饲料小麦澳洲交付价月均(A$/t),2024-12-01,333.3636363636364
饲料,饲料小麦澳洲交付价月均(A$/t),2025-01-01,339.7818181818182
饲料,饲料小麦澳洲交付价月均(A$/t),2025-02-01,348.20454545454544
饲料,饲料小麦澳洲交付价月均(A$/t),2025-03-01,351.1363636363636
饲料,饲料小麦澳洲交付价月均(A$/t),2025-04-01,356.59090909090907
饲料,饲料小麦澳洲交付价月均(A$/t),2025-05-01,355.9272727272727
饲料,饲料小麦澳洲交付价月均(A$/t),2025-06-01,350.0
饲料,饲料小麦澳洲交付价月均(A$/t),2025-07-01,345.77272727272725
饲料,饲料小麦澳洲交付价月均(A$/t),2025-08-01,335.5272727272727
饲料,饲料小麦澳洲交付价月均(A$/t),2025-09-01,325.5681818181818
饲料,饲料小麦澳洲交付价月均(A$/t),2025-10-01,332.9818181818182
饲料,饲料小麦澳洲交付价月均(A$/t),2025-11-01,338.04545454545456
饲料,饲料小麦澳洲交付价月均(A$/t),2025-12-01,335.8181818181818
饲料,饲料小麦澳洲交付价月均(A$/t),2026-01-01,332.25454545454545
饲料,饲料小麦澳洲交付价月均(A$/t),2026-02-01,334.0
饲料,饲料小麦澳洲交付价月均(A$/t),2026-03-01,349.3636363636363
饲料,饲料小麦澳洲交付价月均(A$/t),2026-04-01,366.3181818181818
饲料,饲料小麦澳洲交付价月均(A$/t),2026-05-01,371.0
饲料,饲料小麦澳洲交付价月均(A$/t),2026-06-01,357.3636363636364
饲料,饲料燕麦澳洲交付价月均(A$/t),2023-07-01,340.8333333333333
饲料,饲料燕麦澳洲交付价月均(A$/t),2023-08-01,330.83333333333337
饲料,饲料燕麦澳洲交付价月均(A$/t),2023-09-01,332.66666666666663
饲料,饲料燕麦澳洲交付价月均(A$/t),2023-10-01,351.6666666666667
饲料,饲料燕麦澳洲交付价月均(A$/t),2023-11-01,369.33333333333337
饲料,饲料燕麦澳洲交付价月均(A$/t),2023-12-01,391.4444444444444
饲料,饲料燕麦澳洲交付价月均(A$/t),2024-01-01,412.0833333333333
饲料,饲料燕麦澳洲交付价月均(A$/t),2024-02-01,415.83333333333337
饲料,饲料燕麦澳洲交付价月均(A$/t),2024-03-01,446.33333333333337
饲料,饲料燕麦澳洲交付价月均(A$/t),2024-04-01,476.6666666666667
饲料,饲料燕麦澳洲交付价月均(A$/t),2024-05-01,454.3333333333333
饲料,饲料燕麦澳洲交付价月均(A$/t),2024-06-01,451.6666666666667
饲料,饲料燕麦澳洲交付价月均(A$/t),2024-07-01,460.4166666666666
饲料,饲料燕麦澳洲交付价月均(A$/t),2024-08-01,456.6666666666667
饲料,饲料燕麦澳洲交付价月均(A$/t),2024-09-01,431.6666666666667
饲料,饲料燕麦澳洲交付价月均(A$/t),2024-10-01,404.75
饲料,饲料燕麦澳洲交付价月均(A$/t),2024-11-01,376.6666666666666
饲料,饲料燕麦澳洲交付价月均(A$/t),2024-12-01,378.1666666666666
饲料,饲料燕麦澳洲交付价月均(A$/t),2025-01-01,387.33333333333337
饲料,饲料燕麦澳洲交付价月均(A$/t),2025-02-01,405.58333333333337
饲料,饲料燕麦澳洲交付价月均(A$/t),2025-03-01,394.5
饲料,饲料燕麦澳洲交付价月均(A$/t),2025-04-01,393.9166666666666
饲料,饲料燕麦澳洲交付价月均(A$/t),2025-05-01,395.6666666666666
饲料,饲料燕麦澳洲交付价月均(A$/t),2025-06-01,395.4166666666667
饲料,饲料燕麦澳洲交付价月均(A$/t),2025-07-01,392.5
饲料,饲料燕麦澳洲交付价月均(A$/t),2025-08-01,386.0
饲料,饲料燕麦澳洲交付价月均(A$/t),2025-09-01,368.33333333333337
饲料,饲料燕麦澳洲交付价月均(A$/t),2025-10-01,359.8666666666667
饲料,饲料燕麦澳洲交付价月均(A$/t),2025-11-01,351.75
饲料,饲料燕麦澳洲交付价月均(A$/t),2025-12-01,349.66666666666663
饲料,饲料燕麦澳洲交付价月均(A$/t),2026-01-01,344.6
饲料,饲料燕麦澳洲交付价月均(A$/t),2026-02-01,333.0
饲料,饲料燕麦澳洲交付价月均(A$/t),2026-03-01,329.11111111111114
饲料,饲料燕麦澳洲交付价月均(A$/t),2026-04-01,322.5
饲料,饲料燕麦澳洲交付价月均(A$/t),2026-05-01,320.4
饲料,饲料燕麦澳洲交付价月均(A$/t),2026-06-01,303.3333333333333
饲料,高粱澳洲交付价月均(A$/t),2023-07-01,387.875
饲料,高粱澳洲交付价月均(A$/t),2023-08-01,411.25
饲料,高粱澳洲交付价月均(A$/t),2023-09-01,422.0
饲料,高粱澳洲交付价月均(A$/t),2023-10-01,430.5
饲料,高粱澳洲交付价月均(A$/t),2023-11-01,417.125
饲料,高粱澳洲交付价月均(A$/t),2023-12-01,397.0
饲料,高粱澳洲交付价月均(A$/t),2024-01-01,392.625
饲料,高粱澳洲交付价月均(A$/t),2024-02-01,356.375
饲料,高粱澳洲交付价月均(A$/t),2024-03-01,352.25
饲料,高粱澳洲交付价月均(A$/t),2024-04-01,362.0625
饲料,高粱澳洲交付价月均(A$/t),2024-05-01,363.7
饲料,高粱澳洲交付价月均(A$/t),2024-06-01,355.6875
饲料,高粱澳洲交付价月均(A$/t),2024-07-01,338.0625
饲料,高粱澳洲交付价月均(A$/t),2024-08-01,328.7
饲料,高粱澳洲交付价月均(A$/t),2024-09-01,298.875
饲料,高粱澳洲交付价月均(A$/t),2024-10-01,317.25
饲料,高粱澳洲交付价月均(A$/t),2024-11-01,327.6
饲料,高粱澳洲交付价月均(A$/t),2024-12-01,323.375
饲料,高粱澳洲交付价月均(A$/t),2025-01-01,333.65
饲料,高粱澳洲交付价月均(A$/t),2025-02-01,337.4375
饲料,高粱澳洲交付价月均(A$/t),2025-03-01,360.625
饲料,高粱澳洲交付价月均(A$/t),2025-04-01,374.3125
饲料,高粱澳洲交付价月均(A$/t),2025-05-01,364.65
饲料,高粱澳洲交付价月均(A$/t),2025-06-01,358.625
饲料,高粱澳洲交付价月均(A$/t),2025-07-01,361.375
饲料,高粱澳洲交付价月均(A$/t),2025-08-01,353.9
饲料,高粱澳洲交付价月均(A$/t),2025-09-01,330.625
饲料,高粱澳洲交付价月均(A$/t),2025-10-01,327.15
饲料,高粱澳洲交付价月均(A$/t),2025-11-01,327.1875
饲料,高粱澳洲交付价月均(A$/t),2025-12-01,339.0
饲料,高粱澳洲交付价月均(A$/t),2026-01-01,345.5
饲料,高粱澳洲交付价月均(A$/t),2026-02-01,348.0
饲料,高粱澳洲交付价月均(A$/t),2026-03-01,370.3333333333333
饲料,高粱澳洲交付价月均(A$/t),2026-04-01,374.5
饲料,高粱澳洲交付价月均(A$/t),2026-05-01,373.9
饲料,高粱澳洲交付价月均(A$/t),2026-06-01,361.0625
鸡,禽肉CPI指数,1972-09-01,25.66
鸡,禽肉CPI指数,1972-12-01,25.89
鸡,禽肉CPI指数,1973-03-01,25.74
鸡,禽肉CPI指数,1973-06-01,27.76
鸡,禽肉CPI指数,1973-09-01,29.56
鸡,禽肉CPI指数,1973-12-01,29.71
鸡,禽肉CPI指数,1974-03-01,31.59
鸡,禽肉CPI指数,1974-06-01,32.44
鸡,禽肉CPI指数,1974-09-01,32.91
鸡,禽肉CPI指数,1974-12-01,32.44
鸡,禽肉CPI指数,1975-03-01,32.05
鸡,禽肉CPI指数,1975-06-01,34.39
鸡,禽肉CPI指数,1975-09-01,35.41
鸡,禽肉CPI指数,1975-12-01,35.41
鸡,禽肉CPI指数,1976-03-01,37.04
鸡,禽肉CPI指数,1976-06-01,37.12
鸡,禽肉CPI指数,1976-09-01,36.58
鸡,禽肉CPI指数,1976-12-01,37.04
鸡,禽肉CPI指数,1977-03-01,40.16
鸡,禽肉CPI指数,1977-06-01,40.63
鸡,禽肉CPI指数,1977-09-01,41.57
鸡,禽肉CPI指数,1977-12-01,42.27
鸡,禽肉CPI指数,1978-03-01,42.04
鸡,禽肉CPI指数,1978-06-01,42.27
鸡,禽肉CPI指数,1978-09-01,41.65
鸡,禽肉CPI指数,1978-12-01,42.97
鸡,禽肉CPI指数,1979-03-01,43.6
鸡,禽肉CPI指数,1979-06-01,44.3
鸡,禽肉CPI指数,1979-09-01,46.17
鸡,禽肉CPI指数,1979-12-01,45.7
鸡,禽肉CPI指数,1980-03-01,46.17
鸡,禽肉CPI指数,1980-06-01,48.59
鸡,禽肉CPI指数,1980-09-01,47.34
鸡,禽肉CPI指数,1980-12-01,50.93
鸡,禽肉CPI指数,1981-03-01,53.81
鸡,禽肉CPI指数,1981-06-01,54.44
鸡,禽肉CPI指数,1981-09-01,55.68
鸡,禽肉CPI指数,1981-12-01,57.24
鸡,禽肉CPI指数,1982-03-01,58.26
鸡,禽肉CPI指数,1982-06-01,58.1
鸡,禽肉CPI指数,1982-09-01,59.51
鸡,禽肉CPI指数,1982-12-01,59.19
鸡,禽肉CPI指数,1983-03-01,60.83
鸡,禽肉CPI指数,1983-06-01,60.52
鸡,禽肉CPI指数,1983-09-01,64.5
鸡,禽肉CPI指数,1983-12-01,61.3
鸡,禽肉CPI指数,1984-03-01,61.69
鸡,禽肉CPI指数,1984-06-01,59.58
鸡,禽肉CPI指数,1984-09-01,60.36
鸡,禽肉CPI指数,1984-12-01,62.08
鸡,禽肉CPI指数,1985-03-01,64.18
鸡,禽肉CPI指数,1985-06-01,64.11
鸡,禽肉CPI指数,1985-09-01,63.25
鸡,禽肉CPI指数,1985-12-01,63.72
鸡,禽肉CPI指数,1986-03-01,65.82
鸡,禽肉CPI指数,1986-06-01,65.28
鸡,禽肉CPI指数,1986-09-01,64.65
鸡,禽肉CPI指数,1986-12-01,65.43
鸡,禽肉CPI指数,1987-03-01,67.69
鸡,禽肉CPI指数,1987-06-01,70.27
鸡,禽肉CPI指数,1987-09-01,68.16
鸡,禽肉CPI指数,1987-12-01,68.47
鸡,禽肉CPI指数,1988-03-01,68.08
鸡,禽肉CPI指数,1988-06-01,71.52
鸡,禽肉CPI指数,1988-09-01,70.35
鸡,禽肉CPI指数,1988-12-01,73.39
鸡,禽肉CPI指数,1989-03-01,75.02
鸡,禽肉CPI指数,1989-06-01,77.91
鸡,禽肉CPI指数,1989-09-01,76.66
鸡,禽肉CPI指数,1989-12-01,78.92
鸡,禽肉CPI指数,1990-03-01,78.22
鸡,禽肉CPI指数,1990-06-01,78.14
鸡,禽肉CPI指数,1990-09-01,75.49
鸡,禽肉CPI指数,1990-12-01,75.34
鸡,禽肉CPI指数,1991-03-01,76.19
鸡,禽肉CPI指数,1991-06-01,73.93
鸡,禽肉CPI指数,1991-09-01,72.06
鸡,禽肉CPI指数,1991-12-01,70.81
鸡,禽肉CPI指数,1992-03-01,71.2
鸡,禽肉CPI指数,1992-06-01,69.8
鸡,禽肉CPI指数,1992-09-01,68.71
鸡,禽肉CPI指数,1992-12-01,68.86
鸡,禽肉CPI指数,1993-03-01,68.55
鸡,禽肉CPI指数,1993-06-01,69.41
鸡,禽肉CPI指数,1993-09-01,68.63
鸡,禽肉CPI指数,1993-12-01,67.23
鸡,禽肉CPI指数,1994-03-01,64.73
鸡,禽肉CPI指数,1994-06-01,65.2
鸡,禽肉CPI指数,1994-09-01,63.72
鸡,禽肉CPI指数,1994-12-01,64.5
鸡,禽肉CPI指数,1995-03-01,69.41
鸡,禽肉CPI指数,1995-06-01,69.1
鸡,禽肉CPI指数,1995-09-01,67.85
鸡,禽肉CPI指数,1995-12-01,70.66
鸡,禽肉CPI指数,1996-03-01,71.52
鸡,禽肉CPI指数,1996-06-01,72.84
鸡,禽肉CPI指数,1996-09-01,74.17
鸡,禽肉CPI指数,1996-12-01,75.49
鸡,禽肉CPI指数,1997-03-01,76.27
鸡,禽肉CPI指数,1997-06-01,74.4
鸡,禽肉CPI指数,1997-09-01,76.19
鸡,禽肉CPI指数,1997-12-01,75.02
鸡,禽肉CPI指数,1998-03-01,75.1
鸡,禽肉CPI指数,1998-06-01,74.01
鸡,禽肉CPI指数,1998-09-01,73.24
鸡,禽肉CPI指数,1998-12-01,73.67
鸡,禽肉CPI指数,1999-03-01,74.57
鸡,禽肉CPI指数,1999-06-01,75.41
鸡,禽肉CPI指数,1999-09-01,74.82
鸡,禽肉CPI指数,1999-12-01,74.55
鸡,禽肉CPI指数,2000-03-01,74.24
鸡,禽肉CPI指数,2000-06-01,74.4
鸡,禽肉CPI指数,2000-09-01,71.19
鸡,禽肉CPI指数,2000-12-01,71.97
鸡,禽肉CPI指数,2001-03-01,75.17
鸡,禽肉CPI指数,2001-06-01,75.76
鸡,禽肉CPI指数,2001-09-01,76.2
鸡,禽肉CPI指数,2001-12-01,76.41
鸡,禽肉CPI指数,2002-03-01,79.15
鸡,禽肉CPI指数,2002-06-01,77.04
鸡,禽肉CPI指数,2002-09-01,76.02
鸡,禽肉CPI指数,2002-12-01,75.26
鸡,禽肉CPI指数,2003-03-01,76.69
鸡,禽肉CPI指数,2003-06-01,76.55
鸡,禽肉CPI指数,2003-09-01,76.98
鸡,禽肉CPI指数,2003-12-01,80.82
鸡,禽肉CPI指数,2004-03-01,82.56
鸡,禽肉CPI指数,2004-06-01,81.31
鸡,禽肉CPI指数,2004-09-01,81.21
鸡,禽肉CPI指数,2004-12-01,80.88
鸡,禽肉CPI指数,2005-03-01,80.59
鸡,禽肉CPI指数,2005-06-01,78.11
鸡,禽肉CPI指数,2005-09-01,76.65
鸡,禽肉CPI指数,2005-12-01,76.19
鸡,禽肉CPI指数,2006-03-01,75.33
鸡,禽肉CPI指数,2006-06-01,75.85
鸡,禽肉CPI指数,2006-09-01,74.15
鸡,禽肉CPI指数,2006-12-01,73.93
鸡,禽肉CPI指数,2007-03-01,75.5
鸡,禽肉CPI指数,2007-06-01,75.98
鸡,禽肉CPI指数,2007-09-01,77.13
鸡,禽肉CPI指数,2007-12-01,80.34
鸡,禽肉CPI指数,2008-03-01,84.26
鸡,禽肉CPI指数,2008-06-01,84.29
鸡,禽肉CPI指数,2008-09-01,83.75
鸡,禽肉CPI指数,2008-12-01,84.14
鸡,禽肉CPI指数,2009-03-01,84.52
鸡,禽肉CPI指数,2009-06-01,82.71
鸡,禽肉CPI指数,2009-09-01,83.95
鸡,禽肉CPI指数,2009-12-01,83.93
鸡,禽肉CPI指数,2010-03-01,82.48
鸡,禽肉CPI指数,2010-06-01,83.23
鸡,禽肉CPI指数,2010-09-01,83.06
鸡,禽肉CPI指数,2010-12-01,84.43
鸡,禽肉CPI指数,2011-03-01,84.67
鸡,禽肉CPI指数,2011-06-01,85.26
鸡,禽肉CPI指数,2011-09-01,84.02
鸡,禽肉CPI指数,2011-12-01,81.46
鸡,禽肉CPI指数,2012-03-01,78.91
鸡,禽肉CPI指数,2012-06-01,79.21
鸡,禽肉CPI指数,2012-09-01,80.52
鸡,禽肉CPI指数,2012-12-01,85.33
鸡,禽肉CPI指数,2013-03-01,85.45
鸡,禽肉CPI指数,2013-06-01,85.21
鸡,禽肉CPI指数,2013-09-01,84.12
鸡,禽肉CPI指数,2013-12-01,85.16
鸡,禽肉CPI指数,2014-03-01,85.38
鸡,禽肉CPI指数,2014-06-01,84.85
鸡,禽肉CPI指数,2014-09-01,85.05
鸡,禽肉CPI指数,2014-12-01,85.39
鸡,禽肉CPI指数,2015-03-01,85.56
鸡,禽肉CPI指数,2015-06-01,85.39
鸡,禽肉CPI指数,2015-09-01,83.77
鸡,禽肉CPI指数,2015-12-01,82.26
鸡,禽肉CPI指数,2016-03-01,83.09
鸡,禽肉CPI指数,2016-06-01,81.17
鸡,禽肉CPI指数,2016-09-01,80.91
鸡,禽肉CPI指数,2016-12-01,81.32
鸡,禽肉CPI指数,2017-03-01,82.11
鸡,禽肉CPI指数,2017-06-01,81.26
鸡,禽肉CPI指数,2017-09-01,81.12
鸡,禽肉CPI指数,2017-10-01,81.65
鸡,禽肉CPI指数,2017-11-01,82.25
鸡,禽肉CPI指数,2017-12-01,82.17
鸡,禽肉CPI指数,2018-01-01,82.45
鸡,禽肉CPI指数,2018-02-01,82.34
鸡,禽肉CPI指数,2018-03-01,82.56
鸡,禽肉CPI指数,2018-04-01,82.08
鸡,禽肉CPI指数,2018-05-01,81.69
鸡,禽肉CPI指数,2018-06-01,82.38
鸡,禽肉CPI指数,2018-07-01,83.13
鸡,禽肉CPI指数,2018-08-01,82.51
鸡,禽肉CPI指数,2018-09-01,82.71
鸡,禽肉CPI指数,2018-10-01,82.65
鸡,禽肉CPI指数,2018-11-01,83.3
鸡,禽肉CPI指数,2018-12-01,83.5
鸡,禽肉CPI指数,2019-01-01,85.62
鸡,禽肉CPI指数,2019-02-01,86.2
鸡,禽肉CPI指数,2019-03-01,85.93
鸡,禽肉CPI指数,2019-04-01,85.24
鸡,禽肉CPI指数,2019-05-01,85.77
鸡,禽肉CPI指数,2019-06-01,85.76
鸡,禽肉CPI指数,2019-07-01,86.56
鸡,禽肉CPI指数,2019-08-01,87.55
鸡,禽肉CPI指数,2019-09-01,86.93
鸡,禽肉CPI指数,2019-10-01,86.21
鸡,禽肉CPI指数,2019-11-01,86.26
鸡,禽肉CPI指数,2019-12-01,86.16
鸡,禽肉CPI指数,2020-01-01,86.59
鸡,禽肉CPI指数,2020-02-01,86.51
鸡,禽肉CPI指数,2020-03-01,86.93
鸡,禽肉CPI指数,2020-04-01,85.87
鸡,禽肉CPI指数,2020-05-01,85.81
鸡,禽肉CPI指数,2020-06-01,85.85
鸡,禽肉CPI指数,2020-07-01,87.05
鸡,禽肉CPI指数,2020-08-01,87.41
鸡,禽肉CPI指数,2020-09-01,87.22
鸡,禽肉CPI指数,2020-10-01,85.93
鸡,禽肉CPI指数,2020-11-01,86.21
鸡,禽肉CPI指数,2020-12-01,86.13
鸡,禽肉CPI指数,2021-01-01,87.56
鸡,禽肉CPI指数,2021-02-01,87.5
鸡,禽肉CPI指数,2021-03-01,86.76
鸡,禽肉CPI指数,2021-04-01,87.3
鸡,禽肉CPI指数,2021-05-01,86.78
鸡,禽肉CPI指数,2021-06-01,86.34
鸡,禽肉CPI指数,2021-07-01,86.97
鸡,禽肉CPI指数,2021-08-01,86.67
鸡,禽肉CPI指数,2021-09-01,86.92
鸡,禽肉CPI指数,2021-10-01,86.4
鸡,禽肉CPI指数,2021-11-01,86.13
鸡,禽肉CPI指数,2021-12-01,85.44
鸡,禽肉CPI指数,2022-01-01,88.54
鸡,禽肉CPI指数,2022-02-01,90.38
鸡,禽肉CPI指数,2022-03-01,89.99
鸡,禽肉CPI指数,2022-04-01,91.28
鸡,禽肉CPI指数,2022-05-01,91.88
鸡,禽肉CPI指数,2022-06-01,91.39
鸡,禽肉CPI指数,2022-07-01,92.6
鸡,禽肉CPI指数,2022-08-01,94.61
鸡,禽肉CPI指数,2022-09-01,94.33
鸡,禽肉CPI指数,2022-10-01,94.95
鸡,禽肉CPI指数,2022-11-01,95.3
鸡,禽肉CPI指数,2022-12-01,95.42
鸡,禽肉CPI指数,2023-01-01,95.95
鸡,禽肉CPI指数,2023-02-01,96.43
鸡,禽肉CPI指数,2023-03-01,96.52
鸡,禽肉CPI指数,2023-04-01,98.15
鸡,禽肉CPI指数,2023-05-01,99.21
鸡,禽肉CPI指数,2023-06-01,98.61
鸡,禽肉CPI指数,2023-07-01,99.37
鸡,禽肉CPI指数,2023-08-01,99.99
鸡,禽肉CPI指数,2023-09-01,99.7
鸡,禽肉CPI指数,2023-10-01,99.0
鸡,禽肉CPI指数,2023-11-01,98.06
鸡,禽肉CPI指数,2023-12-01,98.26
鸡,禽肉CPI指数,2024-01-01,98.36
鸡,禽肉CPI指数,2024-02-01,98.32
鸡,禽肉CPI指数,2024-03-01,98.5
鸡,禽肉CPI指数,2024-04-01,99.11
鸡,禽肉CPI指数,2024-05-01,99.57
鸡,禽肉CPI指数,2024-06-01,99.17
鸡,禽肉CPI指数,2024-07-01,100.77
鸡,禽肉CPI指数,2024-08-01,101.1
鸡,禽肉CPI指数,2024-09-01,100.76
鸡,禽肉CPI指数,2024-10-01,101.15
鸡,禽肉CPI指数,2024-11-01,100.85
鸡,禽肉CPI指数,2024-12-01,100.82
鸡,禽肉CPI指数,2025-01-01,101.94
鸡,禽肉CPI指数,2025-02-01,101.61
鸡,禽肉CPI指数,2025-03-01,101.65
鸡,禽肉CPI指数,2025-04-01,100.13
鸡,禽肉CPI指数,2025-05-01,100.6
鸡,禽肉CPI指数,2025-06-01,100.22
鸡,禽肉CPI指数,2025-07-01,100.21
鸡,禽肉CPI指数,2025-08-01,100.72
鸡,禽肉CPI指数,2025-09-01,100.31
鸡,禽肉CPI指数,2025-10-01,100.06
鸡,禽肉CPI指数,2025-11-01,100.06
鸡,禽肉CPI指数,2025-12-01,100.25
鸡,禽肉CPI指数,2026-01-01,100.77
鸡,禽肉CPI指数,2026-02-01,100.95
鸡,禽肉CPI指数,2026-03-01,101.09
鸡,禽肉CPI指数,2026-04-01,101.14
鸡,"鸡屠宰量(千头,季度)",1965-09-01,11073.0
鸡,"鸡屠宰量(千头,季度)",1965-12-01,12618.0
鸡,"鸡屠宰量(千头,季度)",1966-03-01,12254.0
鸡,"鸡屠宰量(千头,季度)",1966-06-01,16061.0
鸡,"鸡屠宰量(千头,季度)",1966-09-01,15786.0
鸡,"鸡屠宰量(千头,季度)",1966-12-01,17006.0
鸡,"鸡屠宰量(千头,季度)",1967-03-01,16120.0
鸡,"鸡屠宰量(千头,季度)",1967-06-01,17420.0
鸡,"鸡屠宰量(千头,季度)",1967-09-01,18165.0
鸡,"鸡屠宰量(千头,季度)",1967-12-01,19754.0
鸡,"鸡屠宰量(千头,季度)",1968-03-01,18666.0
鸡,"鸡屠宰量(千头,季度)",1968-06-01,18894.0
鸡,"鸡屠宰量(千头,季度)",1968-09-01,18371.0
鸡,"鸡屠宰量(千头,季度)",1968-12-01,18895.0
鸡,"鸡屠宰量(千头,季度)",1969-03-01,18464.0
鸡,"鸡屠宰量(千头,季度)",1969-06-01,18445.0
鸡,"鸡屠宰量(千头,季度)",1969-09-01,19872.0
鸡,"鸡屠宰量(千头,季度)",1969-12-01,21198.0
鸡,"鸡屠宰量(千头,季度)",1970-03-01,20398.0
鸡,"鸡屠宰量(千头,季度)",1970-06-01,22193.0
鸡,"鸡屠宰量(千头,季度)",1970-09-01,23254.0
鸡,"鸡屠宰量(千头,季度)",1970-12-01,25596.0
鸡,"鸡屠宰量(千头,季度)",1971-03-01,26750.0
鸡,"鸡屠宰量(千头,季度)",1971-06-01,27303.0
鸡,"鸡屠宰量(千头,季度)",1971-09-01,27967.0
鸡,"鸡屠宰量(千头,季度)",1971-12-01,27828.0
鸡,"鸡屠宰量(千头,季度)",1972-03-01,27046.0
鸡,"鸡屠宰量(千头,季度)",1972-06-01,29054.0
鸡,"鸡屠宰量(千头,季度)",1972-09-01,28940.0
鸡,"鸡屠宰量(千头,季度)",1972-12-01,27586.0
鸡,"鸡屠宰量(千头,季度)",1973-03-01,27097.0
鸡,"鸡屠宰量(千头,季度)",1973-06-01,28041.0
鸡,"鸡屠宰量(千头,季度)",1973-09-01,31940.0
鸡,"鸡屠宰量(千头,季度)",1973-12-01,34513.0
鸡,"鸡屠宰量(千头,季度)",1974-03-01,34612.0
鸡,"鸡屠宰量(千头,季度)",1974-06-01,36941.0
鸡,"鸡屠宰量(千头,季度)",1974-09-01,37109.0
鸡,"鸡屠宰量(千头,季度)",1974-12-01,32520.0
鸡,"鸡屠宰量(千头,季度)",1975-03-01,29482.0
鸡,"鸡屠宰量(千头,季度)",1975-06-01,33170.0
鸡,"鸡屠宰量(千头,季度)",1975-09-01,35105.0
鸡,"鸡屠宰量(千头,季度)",1975-12-01,36887.0
鸡,"鸡屠宰量(千头,季度)",1976-03-01,34519.0
鸡,"鸡屠宰量(千头,季度)",1976-06-01,36778.0
鸡,"鸡屠宰量(千头,季度)",1976-09-01,37654.0
鸡,"鸡屠宰量(千头,季度)",1976-12-01,37789.0
鸡,"鸡屠宰量(千头,季度)",1977-03-01,37202.0
鸡,"鸡屠宰量(千头,季度)",1977-06-01,40011.0
鸡,"鸡屠宰量(千头,季度)",1977-09-01,41716.0
鸡,"鸡屠宰量(千头,季度)",1977-12-01,43836.0
鸡,"鸡屠宰量(千头,季度)",1978-03-01,42664.0
鸡,"鸡屠宰量(千头,季度)",1978-06-01,43619.0
鸡,"鸡屠宰量(千头,季度)",1978-09-01,44910.0
鸡,"鸡屠宰量(千头,季度)",1978-12-01,47475.2
鸡,"鸡屠宰量(千头,季度)",1979-03-01,47479.2
鸡,"鸡屠宰量(千头,季度)",1979-06-01,48118.8
鸡,"鸡屠宰量(千头,季度)",1979-09-01,50492.0
鸡,"鸡屠宰量(千头,季度)",1979-12-01,55895.2
鸡,"鸡屠宰量(千头,季度)",1980-03-01,56843.7
鸡,"鸡屠宰量(千头,季度)",1980-06-01,55668.7
鸡,"鸡屠宰量(千头,季度)",1980-09-01,56858.3
鸡,"鸡屠宰量(千头,季度)",1980-12-01,56461.2
鸡,"鸡屠宰量(千头,季度)",1981-03-01,51633.3
鸡,"鸡屠宰量(千头,季度)",1981-06-01,53026.1
鸡,"鸡屠宰量(千头,季度)",1981-09-01,51762.2
鸡,"鸡屠宰量(千头,季度)",1981-12-01,51417.0
鸡,"鸡屠宰量(千头,季度)",1982-03-01,48387.9
鸡,"鸡屠宰量(千头,季度)",1982-06-01,51022.3
鸡,"鸡屠宰量(千头,季度)",1982-09-01,55599.7
鸡,"鸡屠宰量(千头,季度)",1982-12-01,56952.0
鸡,"鸡屠宰量(千头,季度)",1983-03-01,53861.6
鸡,"鸡屠宰量(千头,季度)",1983-06-01,56024.9
鸡,"鸡屠宰量(千头,季度)",1983-09-01,53663.2
鸡,"鸡屠宰量(千头,季度)",1983-12-01,51992.9
鸡,"鸡屠宰量(千头,季度)",1984-03-01,53471.2
鸡,"鸡屠宰量(千头,季度)",1984-06-01,53480.6
鸡,"鸡屠宰量(千头,季度)",1984-09-01,56679.7
鸡,"鸡屠宰量(千头,季度)",1984-12-01,60428.2
鸡,"鸡屠宰量(千头,季度)",1985-03-01,60288.2
鸡,"鸡屠宰量(千头,季度)",1985-06-01,62814.1
鸡,"鸡屠宰量(千头,季度)",1985-09-01,62347.3
鸡,"鸡屠宰量(千头,季度)",1985-12-01,64723.5
鸡,"鸡屠宰量(千头,季度)",1986-03-01,63805.8
鸡,"鸡屠宰量(千头,季度)",1986-06-01,63103.9
鸡,"鸡屠宰量(千头,季度)",1986-09-01,63688.0
鸡,"鸡屠宰量(千头,季度)",1986-12-01,66714.9
鸡,"鸡屠宰量(千头,季度)",1987-03-01,67646.3
鸡,"鸡屠宰量(千头,季度)",1987-06-01,66762.9
鸡,"鸡屠宰量(千头,季度)",1987-09-01,68343.4
鸡,"鸡屠宰量(千头,季度)",1987-12-01,70528.6
鸡,"鸡屠宰量(千头,季度)",1988-03-01,67011.0
鸡,"鸡屠宰量(千头,季度)",1988-06-01,67692.5
鸡,"鸡屠宰量(千头,季度)",1988-09-01,64996.2
鸡,"鸡屠宰量(千头,季度)",1988-12-01,70577.3
鸡,"鸡屠宰量(千头,季度)",1989-03-01,68863.6
鸡,"鸡屠宰量(千头,季度)",1989-06-01,69681.6
鸡,"鸡屠宰量(千头,季度)",1989-09-01,68744.9
鸡,"鸡屠宰量(千头,季度)",1989-12-01,72433.0
鸡,"鸡屠宰量(千头,季度)",1990-03-01,72779.1
鸡,"鸡屠宰量(千头,季度)",1990-06-01,71549.0
鸡,"鸡屠宰量(千头,季度)",1990-09-01,70689.1
鸡,"鸡屠宰量(千头,季度)",1990-12-01,71501.0
鸡,"鸡屠宰量(千头,季度)",1991-03-01,69603.7
鸡,"鸡屠宰量(千头,季度)",1991-06-01,71906.7
鸡,"鸡屠宰量(千头,季度)",1991-09-01,72133.6
鸡,"鸡屠宰量(千头,季度)",1991-12-01,75950.3
鸡,"鸡屠宰量(千头,季度)",1992-03-01,71838.3
鸡,"鸡屠宰量(千头,季度)",1992-06-01,73585.0
鸡,"鸡屠宰量(千头,季度)",1992-09-01,74082.2
鸡,"鸡屠宰量(千头,季度)",1992-12-01,75618.5
鸡,"鸡屠宰量(千头,季度)",1993-03-01,75749.9
鸡,"鸡屠宰量(千头,季度)",1993-06-01,78677.2
鸡,"鸡屠宰量(千头,季度)",1993-09-01,76999.9
鸡,"鸡屠宰量(千头,季度)",1993-12-01,84025.9
鸡,"鸡屠宰量(千头,季度)",1994-03-01,82884.3
鸡,"鸡屠宰量(千头,季度)",1994-06-01,85614.6
鸡,"鸡屠宰量(千头,季度)",1994-09-01,81961.1
鸡,"鸡屠宰量(千头,季度)",1994-12-01,84946.6
鸡,"鸡屠宰量(千头,季度)",1995-03-01,83386.6
鸡,"鸡屠宰量(千头,季度)",1995-06-01,80201.1
鸡,"鸡屠宰量(千头,季度)",1995-09-01,83934.6
鸡,"鸡屠宰量(千头,季度)",1995-12-01,84578.1
鸡,"鸡屠宰量(千头,季度)",1996-03-01,85464.5
鸡,"鸡屠宰量(千头,季度)",1996-06-01,82402.9
鸡,"鸡屠宰量(千头,季度)",1996-09-01,83582.9
鸡,"鸡屠宰量(千头,季度)",1996-12-01,86861.5
鸡,"鸡屠宰量(千头,季度)",1997-03-01,84421.4
鸡,"鸡屠宰量(千头,季度)",1997-06-01,86042.0
鸡,"鸡屠宰量(千头,季度)",1997-09-01,87188.5
鸡,"鸡屠宰量(千头,季度)",1997-12-01,93793.3
鸡,"鸡屠宰量(千头,季度)",1998-03-01,91895.7
鸡,"鸡屠宰量(千头,季度)",1998-06-01,91356.3
鸡,"鸡屠宰量(千头,季度)",1998-09-01,92959.9
鸡,"鸡屠宰量(千头,季度)",1998-12-01,95390.8
鸡,"鸡屠宰量(千头,季度)",1999-03-01,94466.7
鸡,"鸡屠宰量(千头,季度)",1999-06-01,92162.1
鸡,"鸡屠宰量(千头,季度)",1999-09-01,94143.4
鸡,"鸡屠宰量(千头,季度)",1999-12-01,101349.9
鸡,"鸡屠宰量(千头,季度)",2000-03-01,98678.2
鸡,"鸡屠宰量(千头,季度)",2000-06-01,99820.3
鸡,"鸡屠宰量(千头,季度)",2000-09-01,100165.6
鸡,"鸡屠宰量(千头,季度)",2000-12-01,102953.7
鸡,"鸡屠宰量(千头,季度)",2001-03-01,99139.6
鸡,"鸡屠宰量(千头,季度)",2001-06-01,96609.7
鸡,"鸡屠宰量(千头,季度)",2001-09-01,96828.0
鸡,"鸡屠宰量(千头,季度)",2001-12-01,104660.4
鸡,"鸡屠宰量(千头,季度)",2002-03-01,106854.7
鸡,"鸡屠宰量(千头,季度)",2002-06-01,107212.4
鸡,"鸡屠宰量(千头,季度)",2002-09-01,105278.6
鸡,"鸡屠宰量(千头,季度)",2002-12-01,108860.1
鸡,"鸡屠宰量(千头,季度)",2003-03-01,103360.2
鸡,"鸡屠宰量(千头,季度)",2003-06-01,101682.1
鸡,"鸡屠宰量(千头,季度)",2003-09-01,105746.9
鸡,"鸡屠宰量(千头,季度)",2003-12-01,107480.2
鸡,"鸡屠宰量(千头,季度)",2004-03-01,106367.5
鸡,"鸡屠宰量(千头,季度)",2004-06-01,104147.4
鸡,"鸡屠宰量(千头,季度)",2004-09-01,106408.0
鸡,"鸡屠宰量(千头,季度)",2004-12-01,118723.1
鸡,"鸡屠宰量(千头,季度)",2005-03-01,104658.7
鸡,"鸡屠宰量(千头,季度)",2005-06-01,107851.1
鸡,"鸡屠宰量(千头,季度)",2005-09-01,108849.6
鸡,"鸡屠宰量(千头,季度)",2005-12-01,111539.9
鸡,"鸡屠宰量(千头,季度)",2006-03-01,109826.2
鸡,"鸡屠宰量(千头,季度)",2006-06-01,107648.8
鸡,"鸡屠宰量(千头,季度)",2006-09-01,112282.7
鸡,"鸡屠宰量(千头,季度)",2006-12-01,115061.6
鸡,"鸡屠宰量(千头,季度)",2007-03-01,114226.4
鸡,"鸡屠宰量(千头,季度)",2007-06-01,112339.6
鸡,"鸡屠宰量(千头,季度)",2007-09-01,113435.5
鸡,"鸡屠宰量(千头,季度)",2007-12-01,118570.7
鸡,"鸡屠宰量(千头,季度)",2008-03-01,111916.7
鸡,"鸡屠宰量(千头,季度)",2008-06-01,114140.7
鸡,"鸡屠宰量(千头,季度)",2008-09-01,115380.7
鸡,"鸡屠宰量(千头,季度)",2008-12-01,121394.3
鸡,"鸡屠宰量(千头,季度)",2009-03-01,119183.8
鸡,"鸡屠宰量(千头,季度)",2009-06-01,118850.7
鸡,"鸡屠宰量(千头,季度)",2009-09-01,112897.9
鸡,"鸡屠宰量(千头,季度)",2009-12-01,117779.2
鸡,"鸡屠宰量(千头,季度)",2010-03-01,115882.3
鸡,"鸡屠宰量(千头,季度)",2010-06-01,119117.2
鸡,"鸡屠宰量(千头,季度)",2010-09-01,138314.4
鸡,"鸡屠宰量(千头,季度)",2010-12-01,138855.7
鸡,"鸡屠宰量(千头,季度)",2011-03-01,137437.0
鸡,"鸡屠宰量(千头,季度)",2011-06-01,135283.9
鸡,"鸡屠宰量(千头,季度)",2011-09-01,135756.3
鸡,"鸡屠宰量(千头,季度)",2011-12-01,138280.9
鸡,"鸡屠宰量(千头,季度)",2012-03-01,136645.2
鸡,"鸡屠宰量(千头,季度)",2012-06-01,140656.9
鸡,"鸡屠宰量(千头,季度)",2012-09-01,139522.9
鸡,"鸡屠宰量(千头,季度)",2012-12-01,142626.3
鸡,"鸡屠宰量(千头,季度)",2013-03-01,139078.7
鸡,"鸡屠宰量(千头,季度)",2013-06-01,142030.6
鸡,"鸡屠宰量(千头,季度)",2013-09-01,144836.2
鸡,"鸡屠宰量(千头,季度)",2013-12-01,146145.8
鸡,"鸡屠宰量(千头,季度)",2014-03-01,144249.7
鸡,"鸡屠宰量(千头,季度)",2014-06-01,144649.2
鸡,"鸡屠宰量(千头,季度)",2014-09-01,146825.6
鸡,"鸡屠宰量(千头,季度)",2014-12-01,151556.7
鸡,"鸡屠宰量(千头,季度)",2015-03-01,145638.3
鸡,"鸡屠宰量(千头,季度)",2015-06-01,146602.1
鸡,"鸡屠宰量(千头,季度)",2015-09-01,150094.0
鸡,"鸡屠宰量(千头,季度)",2015-12-01,151860.6
鸡,"鸡屠宰量(千头,季度)",2016-03-01,158188.0
鸡,"鸡屠宰量(千头,季度)",2016-06-01,163133.9
鸡,"鸡屠宰量(千头,季度)",2016-09-01,162455.3
鸡,"鸡屠宰量(千头,季度)",2016-12-01,162771.4
鸡,"鸡屠宰量(千头,季度)",2017-03-01,163004.9
鸡,"鸡屠宰量(千头,季度)",2017-06-01,164448.4
鸡,"鸡屠宰量(千头,季度)",2017-09-01,159156.2
鸡,"鸡屠宰量(千头,季度)",2017-12-01,160814.7
鸡,"鸡屠宰量(千头,季度)",2018-03-01,155609.4
鸡,"鸡屠宰量(千头,季度)",2018-06-01,160284.1
鸡,"鸡屠宰量(千头,季度)",2018-09-01,166322.3
鸡,"鸡屠宰量(千头,季度)",2018-12-01,166322.0
鸡,"鸡屠宰量(千头,季度)",2019-03-01,163191.2
鸡,"鸡屠宰量(千头,季度)",2019-06-01,156918.6
鸡,"鸡屠宰量(千头,季度)",2019-09-01,162122.5
鸡,"鸡屠宰量(千头,季度)",2019-12-01,167117.9
鸡,"鸡屠宰量(千头,季度)",2020-03-01,167327.1
鸡,"鸡屠宰量(千头,季度)",2020-06-01,161693.2
鸡,"鸡屠宰量(千头,季度)",2020-09-01,164151.3
鸡,"鸡屠宰量(千头,季度)",2020-12-01,171848.5
鸡,"鸡屠宰量(千头,季度)",2021-03-01,170565.7
鸡,"鸡屠宰量(千头,季度)",2021-06-01,171066.0
鸡,"鸡屠宰量(千头,季度)",2021-09-01,175379.4
鸡,"鸡屠宰量(千头,季度)",2021-12-01,175925.3
鸡,"鸡屠宰量(千头,季度)",2022-03-01,172749.5
鸡,"鸡屠宰量(千头,季度)",2022-06-01,173977.8
鸡,"鸡屠宰量(千头,季度)",2022-09-01,178232.4
鸡,"鸡屠宰量(千头,季度)",2022-12-01,175864.5
鸡,"鸡屠宰量(千头,季度)",2023-03-01,176126.5
鸡,"鸡屠宰量(千头,季度)",2023-06-01,180872.7
鸡,"鸡屠宰量(千头,季度)",2023-09-01,183404.6
鸡,"鸡屠宰量(千头,季度)",2023-12-01,184244.1
鸡,"鸡屠宰量(千头,季度)",2024-03-01,180495.6
鸡,"鸡屠宰量(千头,季度)",2024-06-01,186154.9
鸡,"鸡屠宰量(千头,季度)",2024-09-01,186998.7
鸡,"鸡屠宰量(千头,季度)",2024-12-01,187326.6
鸡,"鸡屠宰量(千头,季度)",2025-03-01,188234.2
鸡,"鸡屠宰量(千头,季度)",2025-06-01,189935.2
鸡,"鸡屠宰量(千头,季度)",2025-09-01,191521.3
鸡,"鸡屠宰量(千头,季度)",2025-12-01,194098.2
鸡,"鸡屠宰量(千头,季度)",2026-03-01,195463.2
鸡,"鸡肉产量(吨,季度)",1965-09-01,9606.0
鸡,"鸡肉产量(吨,季度)",1965-12-01,11007.0
鸡,"鸡肉产量(吨,季度)",1966-03-01,10891.0
鸡,"鸡肉产量(吨,季度)",1966-06-01,25758.0
鸡,"鸡肉产量(吨,季度)",1966-09-01,17572.0
鸡,"鸡肉产量(吨,季度)",1966-12-01,19165.0
鸡,"鸡肉产量(吨,季度)",1967-03-01,18189.0
鸡,"鸡肉产量(吨,季度)",1967-06-01,20443.0
鸡,"鸡肉产量(吨,季度)",1967-09-01,21153.0
鸡,"鸡肉产量(吨,季度)",1967-12-01,22755.0
鸡,"鸡肉产量(吨,季度)",1968-03-01,21872.0
鸡,"鸡肉产量(吨,季度)",1968-06-01,22711.0
鸡,"鸡肉产量(吨,季度)",1968-09-01,22798.0
鸡,"鸡肉产量(吨,季度)",1968-12-01,23707.0
鸡,"鸡肉产量(吨,季度)",1969-03-01,23011.0
鸡,"鸡肉产量(吨,季度)",1969-06-01,22918.0
鸡,"鸡肉产量(吨,季度)",1969-09-01,25058.0
鸡,"鸡肉产量(吨,季度)",1969-12-01,26418.0
鸡,"鸡肉产量(吨,季度)",1970-03-01,25361.0
鸡,"鸡肉产量(吨,季度)",1970-06-01,27409.0
鸡,"鸡肉产量(吨,季度)",1970-09-01,28834.0
鸡,"鸡肉产量(吨,季度)",1970-12-01,31732.0
鸡,"鸡肉产量(吨,季度)",1971-03-01,34125.0
鸡,"鸡肉产量(吨,季度)",1971-06-01,35024.0
鸡,"鸡肉产量(吨,季度)",1971-09-01,35069.0
鸡,"鸡肉产量(吨,季度)",1971-12-01,34549.0
鸡,"鸡肉产量(吨,季度)",1972-03-01,33898.0
鸡,"鸡肉产量(吨,季度)",1972-06-01,36614.0
鸡,"鸡肉产量(吨,季度)",1972-09-01,35880.0
鸡,"鸡肉产量(吨,季度)",1972-12-01,33368.0
鸡,"鸡肉产量(吨,季度)",1973-03-01,32732.0
鸡,"鸡肉产量(吨,季度)",1973-06-01,34491.0
鸡,"鸡肉产量(吨,季度)",1973-09-01,39265.0
鸡,"鸡肉产量(吨,季度)",1973-12-01,42044.0
鸡,"鸡肉产量(吨,季度)",1974-03-01,42186.0
鸡,"鸡肉产量(吨,季度)",1974-06-01,45814.0
鸡,"鸡肉产量(吨,季度)",1974-09-01,46668.0
鸡,"鸡肉产量(吨,季度)",1974-12-01,39388.0
鸡,"鸡肉产量(吨,季度)",1975-03-01,36138.0
鸡,"鸡肉产量(吨,季度)",1975-06-01,41450.0
鸡,"鸡肉产量(吨,季度)",1975-09-01,44284.0
鸡,"鸡肉产量(吨,季度)",1975-12-01,45488.0
鸡,"鸡肉产量(吨,季度)",1976-03-01,43744.0
鸡,"鸡肉产量(吨,季度)",1976-06-01,48059.0
鸡,"鸡肉产量(吨,季度)",1976-09-01,47571.0
鸡,"鸡肉产量(吨,季度)",1976-12-01,46755.0
鸡,"鸡肉产量(吨,季度)",1977-03-01,46088.0
鸡,"鸡肉产量(吨,季度)",1977-06-01,52108.0
鸡,"鸡肉产量(吨,季度)",1977-09-01,52242.0
鸡,"鸡肉产量(吨,季度)",1977-12-01,55086.0
鸡,"鸡肉产量(吨,季度)",1978-03-01,53951.0
鸡,"鸡肉产量(吨,季度)",1978-06-01,55554.0
鸡,"鸡肉产量(吨,季度)",1978-09-01,57047.0
鸡,"鸡肉产量(吨,季度)",1978-12-01,60155.0
鸡,"鸡肉产量(吨,季度)",1979-03-01,60482.0
鸡,"鸡肉产量(吨,季度)",1979-06-01,62542.0
鸡,"鸡肉产量(吨,季度)",1979-09-01,64276.0
鸡,"鸡肉产量(吨,季度)",1979-12-01,71450.0
鸡,"鸡肉产量(吨,季度)",1980-03-01,71962.0
鸡,"鸡肉产量(吨,季度)",1980-06-01,69780.0
鸡,"鸡肉产量(吨,季度)",1980-09-01,71638.0
鸡,"鸡肉产量(吨,季度)",1980-12-01,69734.0
鸡,"鸡肉产量(吨,季度)",1981-03-01,63497.0
鸡,"鸡肉产量(吨,季度)",1981-06-01,66749.0
鸡,"鸡肉产量(吨,季度)",1981-09-01,64323.0
鸡,"鸡肉产量(吨,季度)",1981-12-01,67037.0
鸡,"鸡肉产量(吨,季度)",1982-03-01,60419.0
鸡,"鸡肉产量(吨,季度)",1982-06-01,63737.0
鸡,"鸡肉产量(吨,季度)",1982-09-01,70961.0
鸡,"鸡肉产量(吨,季度)",1982-12-01,70074.0
鸡,"鸡肉产量(吨,季度)",1983-03-01,66411.0
鸡,"鸡肉产量(吨,季度)",1983-06-01,71117.0
鸡,"鸡肉产量(吨,季度)",1983-09-01,67065.0
鸡,"鸡肉产量(吨,季度)",1983-12-01,65684.0
鸡,"鸡肉产量(吨,季度)",1984-03-01,66882.0
鸡,"鸡肉产量(吨,季度)",1984-06-01,68100.0
鸡,"鸡肉产量(吨,季度)",1984-09-01,71449.0
鸡,"鸡肉产量(吨,季度)",1984-12-01,76793.0
鸡,"鸡肉产量(吨,季度)",1985-03-01,78447.0
鸡,"鸡肉产量(吨,季度)",1985-06-01,83910.0
鸡,"鸡肉产量(吨,季度)",1985-09-01,81472.0
鸡,"鸡肉产量(吨,季度)",1985-12-01,83753.0
鸡,"鸡肉产量(吨,季度)",1986-03-01,82537.0
鸡,"鸡肉产量(吨,季度)",1986-06-01,81088.0
鸡,"鸡肉产量(吨,季度)",1986-09-01,81695.0
鸡,"鸡肉产量(吨,季度)",1986-12-01,83988.0
鸡,"鸡肉产量(吨,季度)",1987-03-01,86186.0
鸡,"鸡肉产量(吨,季度)",1987-06-01,87423.0
鸡,"鸡肉产量(吨,季度)",1987-09-01,88627.0
鸡,"鸡肉产量(吨,季度)",1987-12-01,92397.0
鸡,"鸡肉产量(吨,季度)",1988-03-01,90681.0
鸡,"鸡肉产量(吨,季度)",1988-06-01,90584.0
鸡,"鸡肉产量(吨,季度)",1988-09-01,86369.0
鸡,"鸡肉产量(吨,季度)",1988-12-01,94816.0
鸡,"鸡肉产量(吨,季度)",1989-03-01,94306.0
鸡,"鸡肉产量(吨,季度)",1989-06-01,92859.0
鸡,"鸡肉产量(吨,季度)",1989-09-01,89387.0
鸡,"鸡肉产量(吨,季度)",1989-12-01,94909.0
鸡,"鸡肉产量(吨,季度)",1990-03-01,98096.0
鸡,"鸡肉产量(吨,季度)",1990-06-01,97461.0
鸡,"鸡肉产量(吨,季度)",1990-09-01,94681.0
鸡,"鸡肉产量(吨,季度)",1990-12-01,96837.0
鸡,"鸡肉产量(吨,季度)",1991-03-01,95662.0
鸡,"鸡肉产量(吨,季度)",1991-06-01,101062.0
鸡,"鸡肉产量(吨,季度)",1991-09-01,101241.0
鸡,"鸡肉产量(吨,季度)",1991-12-01,107640.0
鸡,"鸡肉产量(吨,季度)",1992-03-01,102808.0
鸡,"鸡肉产量(吨,季度)",1992-06-01,103880.0
鸡,"鸡肉产量(吨,季度)",1992-09-01,102927.0
鸡,"鸡肉产量(吨,季度)",1992-12-01,107077.0
鸡,"鸡肉产量(吨,季度)",1993-03-01,109833.0
鸡,"鸡肉产量(吨,季度)",1993-06-01,114879.0
鸡,"鸡肉产量(吨,季度)",1993-09-01,112066.0
鸡,"鸡肉产量(吨,季度)",1993-12-01,118429.0
鸡,"鸡肉产量(吨,季度)",1994-03-01,115552.0
鸡,"鸡肉产量(吨,季度)",1994-06-01,122676.0
鸡,"鸡肉产量(吨,季度)",1994-09-01,116677.0
鸡,"鸡肉产量(吨,季度)",1994-12-01,118657.0
鸡,"鸡肉产量(吨,季度)",1995-03-01,118978.0
鸡,"鸡肉产量(吨,季度)",1995-06-01,112239.0
鸡,"鸡肉产量(吨,季度)",1995-09-01,119695.0
鸡,"鸡肉产量(吨,季度)",1995-12-01,120585.0
鸡,"鸡肉产量(吨,季度)",1996-03-01,122434.0
鸡,"鸡肉产量(吨,季度)",1996-06-01,117829.0
鸡,"鸡肉产量(吨,季度)",1996-09-01,119439.0
鸡,"鸡肉产量(吨,季度)",1996-12-01,123583.0
鸡,"鸡肉产量(吨,季度)",1997-03-01,119745.0
鸡,"鸡肉产量(吨,季度)",1997-06-01,125162.0
鸡,"鸡肉产量(吨,季度)",1997-09-01,128313.0
鸡,"鸡肉产量(吨,季度)",1997-12-01,139024.0
鸡,"鸡肉产量(吨,季度)",1998-03-01,137919.0
鸡,"鸡肉产量(吨,季度)",1998-06-01,138549.0
鸡,"鸡肉产量(吨,季度)",1998-09-01,142747.0
鸡,"鸡肉产量(吨,季度)",1998-12-01,141603.0
鸡,"鸡肉产量(吨,季度)",1999-03-01,140851.0
鸡,"鸡肉产量(吨,季度)",1999-06-01,139070.0
鸡,"鸡肉产量(吨,季度)",1999-09-01,141684.0
鸡,"鸡肉产量(吨,季度)",1999-12-01,153397.0
鸡,"鸡肉产量(吨,季度)",2000-03-01,150476.0
鸡,"鸡肉产量(吨,季度)",2000-06-01,152123.0
鸡,"鸡肉产量(吨,季度)",2000-09-01,152454.0
鸡,"鸡肉产量(吨,季度)",2000-12-01,161639.0
鸡,"鸡肉产量(吨,季度)",2001-03-01,150536.0
鸡,"鸡肉产量(吨,季度)",2001-06-01,154777.0
鸡,"鸡肉产量(吨,季度)",2001-09-01,155611.0
鸡,"鸡肉产量(吨,季度)",2001-12-01,166416.0
鸡,"鸡肉产量(吨,季度)",2002-03-01,169187.0
鸡,"鸡肉产量(吨,季度)",2002-06-01,176257.0
鸡,"鸡肉产量(吨,季度)",2002-09-01,175634.0
鸡,"鸡肉产量(吨,季度)",2002-12-01,178450.0
鸡,"鸡肉产量(吨,季度)",2003-03-01,171463.0
鸡,"鸡肉产量(吨,季度)",2003-06-01,164280.0
鸡,"鸡肉产量(吨,季度)",2003-09-01,169979.0
鸡,"鸡肉产量(吨,季度)",2003-12-01,175765.0
鸡,"鸡肉产量(吨,季度)",2004-03-01,172068.0
鸡,"鸡肉产量(吨,季度)",2004-06-01,175791.0
鸡,"鸡肉产量(吨,季度)",2004-09-01,179282.0
鸡,"鸡肉产量(吨,季度)",2004-12-01,195330.0
鸡,"鸡肉产量(吨,季度)",2005-03-01,178055.0
鸡,"鸡肉产量(吨,季度)",2005-06-01,197362.0
鸡,"鸡肉产量(吨,季度)",2005-09-01,188782.0
鸡,"鸡肉产量(吨,季度)",2005-12-01,190998.0
鸡,"鸡肉产量(吨,季度)",2006-03-01,196658.0
鸡,"鸡肉产量(吨,季度)",2006-06-01,196175.0
鸡,"鸡肉产量(吨,季度)",2006-09-01,198358.0
鸡,"鸡肉产量(吨,季度)",2006-12-01,206225.0
鸡,"鸡肉产量(吨,季度)",2007-03-01,204254.0
鸡,"鸡肉产量(吨,季度)",2007-06-01,202754.0
鸡,"鸡肉产量(吨,季度)",2007-09-01,199865.0
鸡,"鸡肉产量(吨,季度)",2007-12-01,206012.0
鸡,"鸡肉产量(吨,季度)",2008-03-01,192383.0
鸡,"鸡肉产量(吨,季度)",2008-06-01,199020.0
鸡,"鸡肉产量(吨,季度)",2008-09-01,204359.0
鸡,"鸡肉产量(吨,季度)",2008-12-01,209611.0
鸡,"鸡肉产量(吨,季度)",2009-03-01,208725.0
鸡,"鸡肉产量(吨,季度)",2009-06-01,209761.0
鸡,"鸡肉产量(吨,季度)",2009-09-01,203116.0
鸡,"鸡肉产量(吨,季度)",2009-12-01,206992.0
鸡,"鸡肉产量(吨,季度)",2010-03-01,206710.0
鸡,"鸡肉产量(吨,季度)",2010-06-01,217591.0
鸡,"鸡肉产量(吨,季度)",2010-09-01,250448.0
鸡,"鸡肉产量(吨,季度)",2010-12-01,259603.0
鸡,"鸡肉产量(吨,季度)",2011-03-01,253482.0
鸡,"鸡肉产量(吨,季度)",2011-06-01,251445.0
鸡,"鸡肉产量(吨,季度)",2011-09-01,253261.0
鸡,"鸡肉产量(吨,季度)",2011-12-01,254354.0
鸡,"鸡肉产量(吨,季度)",2012-03-01,257293.0
鸡,"鸡肉产量(吨,季度)",2012-06-01,265223.0
鸡,"鸡肉产量(吨,季度)",2012-09-01,260674.0
鸡,"鸡肉产量(吨,季度)",2012-12-01,263518.0
鸡,"鸡肉产量(吨,季度)",2013-03-01,256652.0
鸡,"鸡肉产量(吨,季度)",2013-06-01,265325.0
鸡,"鸡肉产量(吨,季度)",2013-09-01,274037.0
鸡,"鸡肉产量(吨,季度)",2013-12-01,270492.0
鸡,"鸡肉产量(吨,季度)",2014-03-01,268510.0
鸡,"鸡肉产量(吨,季度)",2014-06-01,271238.0
鸡,"鸡肉产量(吨,季度)",2014-09-01,282202.0
鸡,"鸡肉产量(吨,季度)",2014-12-01,281119.0
鸡,"鸡肉产量(吨,季度)",2015-03-01,274399.0
鸡,"鸡肉产量(吨,季度)",2015-06-01,277823.0
鸡,"鸡肉产量(吨,季度)",2015-09-01,291629.0
鸡,"鸡肉产量(吨,季度)",2015-12-01,293432.0
鸡,"鸡肉产量(吨,季度)",2016-03-01,297217.0
鸡,"鸡肉产量(吨,季度)",2016-06-01,309044.0
鸡,"鸡肉产量(吨,季度)",2016-09-01,308441.0
鸡,"鸡肉产量(吨,季度)",2016-12-01,310573.0
鸡,"鸡肉产量(吨,季度)",2017-03-01,301998.0
鸡,"鸡肉产量(吨,季度)",2017-06-01,308493.0
鸡,"鸡肉产量(吨,季度)",2017-09-01,304273.0
鸡,"鸡肉产量(吨,季度)",2017-12-01,305384.0
鸡,"鸡肉产量(吨,季度)",2018-03-01,292341.0
鸡,"鸡肉产量(吨,季度)",2018-06-01,291469.0
鸡,"鸡肉产量(吨,季度)",2018-09-01,308581.0
鸡,"鸡肉产量(吨,季度)",2018-12-01,320158.0
鸡,"鸡肉产量(吨,季度)",2019-03-01,313447.0
鸡,"鸡肉产量(吨,季度)",2019-06-01,298028.0
鸡,"鸡肉产量(吨,季度)",2019-09-01,302249.0
鸡,"鸡肉产量(吨,季度)",2019-12-01,312877.0
鸡,"鸡肉产量(吨,季度)",2020-03-01,318820.0
鸡,"鸡肉产量(吨,季度)",2020-06-01,312598.0
鸡,"鸡肉产量(吨,季度)",2020-09-01,310627.0
鸡,"鸡肉产量(吨,季度)",2020-12-01,328723.0
鸡,"鸡肉产量(吨,季度)",2021-03-01,323198.0
鸡,"鸡肉产量(吨,季度)",2021-06-01,329692.0
鸡,"鸡肉产量(吨,季度)",2021-09-01,342185.0
鸡,"鸡肉产量(吨,季度)",2021-12-01,342242.0
鸡,"鸡肉产量(吨,季度)",2022-03-01,346294.0
鸡,"鸡肉产量(吨,季度)",2022-06-01,331184.0
鸡,"鸡肉产量(吨,季度)",2022-09-01,345231.0
鸡,"鸡肉产量(吨,季度)",2022-12-01,341462.0
鸡,"鸡肉产量(吨,季度)",2023-03-01,334664.0
鸡,"鸡肉产量(吨,季度)",2023-06-01,354929.0
鸡,"鸡肉产量(吨,季度)",2023-09-01,359541.0
鸡,"鸡肉产量(吨,季度)",2023-12-01,364055.0
鸡,"鸡肉产量(吨,季度)",2024-03-01,353266.0
鸡,"鸡肉产量(吨,季度)",2024-06-01,371835.0
鸡,"鸡肉产量(吨,季度)",2024-09-01,374460.0
鸡,"鸡肉产量(吨,季度)",2024-12-01,378124.0
鸡,"鸡肉产量(吨,季度)",2025-03-01,387731.0
鸡,"鸡肉产量(吨,季度)",2025-06-01,394818.0
鸡,"鸡肉产量(吨,季度)",2025-09-01,391524.0
鸡,"鸡肉产量(吨,季度)",2025-12-01,390908.0
鸡,"鸡肉产量(吨,季度)",2026-03-01,393384.0
鸡蛋,鸡蛋CPI指数,1980-09-01,21.28
鸡蛋,鸡蛋CPI指数,1980-12-01,21.81
鸡蛋,鸡蛋CPI指数,1981-03-01,22.73
鸡蛋,鸡蛋CPI指数,1981-06-01,23.86
鸡蛋,鸡蛋CPI指数,1981-09-01,23.86
鸡蛋,鸡蛋CPI指数,1981-12-01,23.89
鸡蛋,鸡蛋CPI指数,1982-03-01,24.17
鸡蛋,鸡蛋CPI指数,1982-06-01,24.6
鸡蛋,鸡蛋CPI指数,1982-09-01,25.0
鸡蛋,鸡蛋CPI指数,1982-12-01,25.8
鸡蛋,鸡蛋CPI指数,1983-03-01,26.35
鸡蛋,鸡蛋CPI指数,1983-06-01,26.87
鸡蛋,鸡蛋CPI指数,1983-09-01,27.27
鸡蛋,鸡蛋CPI指数,1983-12-01,26.47
鸡蛋,鸡蛋CPI指数,1984-03-01,26.35
鸡蛋,鸡蛋CPI指数,1984-06-01,26.35
鸡蛋,鸡蛋CPI指数,1984-09-01,26.17
鸡蛋,鸡蛋CPI指数,1984-12-01,26.23
鸡蛋,鸡蛋CPI指数,1985-03-01,26.69
鸡蛋,鸡蛋CPI指数,1985-06-01,26.78
鸡蛋,鸡蛋CPI指数,1985-09-01,27.76
鸡蛋,鸡蛋CPI指数,1985-12-01,27.86
鸡蛋,鸡蛋CPI指数,1986-03-01,28.04
鸡蛋,鸡蛋CPI指数,1986-06-01,27.73
鸡蛋,鸡蛋CPI指数,1986-09-01,27.52
鸡蛋,鸡蛋CPI指数,1986-12-01,27.37
鸡蛋,鸡蛋CPI指数,1987-03-01,27.76
鸡蛋,鸡蛋CPI指数,1987-06-01,27.83
鸡蛋,鸡蛋CPI指数,1987-09-01,27.92
鸡蛋,鸡蛋CPI指数,1987-12-01,27.92
鸡蛋,鸡蛋CPI指数,1988-03-01,28.47
鸡蛋,鸡蛋CPI指数,1988-06-01,29.58
鸡蛋,鸡蛋CPI指数,1988-09-01,31.39
鸡蛋,鸡蛋CPI指数,1988-12-01,31.66
鸡蛋,鸡蛋CPI指数,1989-03-01,31.97
鸡蛋,鸡蛋CPI指数,1989-06-01,32.52
鸡蛋,鸡蛋CPI指数,1989-09-01,31.14
鸡蛋,鸡蛋CPI指数,1989-12-01,30.93
鸡蛋,鸡蛋CPI指数,1990-03-01,30.34
鸡蛋,鸡蛋CPI指数,1990-06-01,30.47
鸡蛋,鸡蛋CPI指数,1990-09-01,30.9
鸡蛋,鸡蛋CPI指数,1990-12-01,30.77
鸡蛋,鸡蛋CPI指数,1991-03-01,30.47
鸡蛋,鸡蛋CPI指数,1991-06-01,30.77
鸡蛋,鸡蛋CPI指数,1991-09-01,30.1
鸡蛋,鸡蛋CPI指数,1991-12-01,29.67
鸡蛋,鸡蛋CPI指数,1992-03-01,29.58
鸡蛋,鸡蛋CPI指数,1992-06-01,30.34
鸡蛋,鸡蛋CPI指数,1992-09-01,31.14
鸡蛋,鸡蛋CPI指数,1992-12-01,32.19
鸡蛋,鸡蛋CPI指数,1993-03-01,31.79
鸡蛋,鸡蛋CPI指数,1993-06-01,31.57
鸡蛋,鸡蛋CPI指数,1993-09-01,32.28
鸡蛋,鸡蛋CPI指数,1993-12-01,32.03
鸡蛋,鸡蛋CPI指数,1994-03-01,32.16
鸡蛋,鸡蛋CPI指数,1994-06-01,32.0
鸡蛋,鸡蛋CPI指数,1994-09-01,32.0
鸡蛋,鸡蛋CPI指数,1994-12-01,31.82
鸡蛋,鸡蛋CPI指数,1995-03-01,32.89
鸡蛋,鸡蛋CPI指数,1995-06-01,34.43
鸡蛋,鸡蛋CPI指数,1995-09-01,38.64
鸡蛋,鸡蛋CPI指数,1995-12-01,39.62
鸡蛋,鸡蛋CPI指数,1996-03-01,40.05
鸡蛋,鸡蛋CPI指数,1996-06-01,41.59
鸡蛋,鸡蛋CPI指数,1996-09-01,43.06
鸡蛋,鸡蛋CPI指数,1996-12-01,43.18
鸡蛋,鸡蛋CPI指数,1997-03-01,43.15
鸡蛋,鸡蛋CPI指数,1997-06-01,44.26
鸡蛋,鸡蛋CPI指数,1997-09-01,44.2
鸡蛋,鸡蛋CPI指数,1997-12-01,44.81
鸡蛋,鸡蛋CPI指数,1998-03-01,43.92
鸡蛋,鸡蛋CPI指数,1998-06-01,44.1
鸡蛋,鸡蛋CPI指数,1998-09-01,44.7
鸡蛋,鸡蛋CPI指数,1998-12-01,43.86
鸡蛋,鸡蛋CPI指数,1999-03-01,44.63
鸡蛋,鸡蛋CPI指数,1999-06-01,46.01
鸡蛋,鸡蛋CPI指数,1999-09-01,47.3
鸡蛋,鸡蛋CPI指数,1999-12-01,46.79
鸡蛋,鸡蛋CPI指数,2000-03-01,46.68
鸡蛋,鸡蛋CPI指数,2000-06-01,46.92
鸡蛋,鸡蛋CPI指数,2000-09-01,46.2
鸡蛋,鸡蛋CPI指数,2000-12-01,45.43
鸡蛋,鸡蛋CPI指数,2001-03-01,45.88
鸡蛋,鸡蛋CPI指数,2001-06-01,48.55
鸡蛋,鸡蛋CPI指数,2001-09-01,49.94
鸡蛋,鸡蛋CPI指数,2001-12-01,50.68
鸡蛋,鸡蛋CPI指数,2002-03-01,50.63
鸡蛋,鸡蛋CPI指数,2002-06-01,50.82
鸡蛋,鸡蛋CPI指数,2002-09-01,50.89
鸡蛋,鸡蛋CPI指数,2002-12-01,48.53
鸡蛋,鸡蛋CPI指数,2003-03-01,55.28
鸡蛋,鸡蛋CPI指数,2003-06-01,56.76
鸡蛋,鸡蛋CPI指数,2003-09-01,56.39
鸡蛋,鸡蛋CPI指数,2003-12-01,54.81
鸡蛋,鸡蛋CPI指数,2004-03-01,55.33
鸡蛋,鸡蛋CPI指数,2004-06-01,54.8
鸡蛋,鸡蛋CPI指数,2004-09-01,54.34
鸡蛋,鸡蛋CPI指数,2004-12-01,54.9
鸡蛋,鸡蛋CPI指数,2005-03-01,53.56
鸡蛋,鸡蛋CPI指数,2005-06-01,52.44
鸡蛋,鸡蛋CPI指数,2005-09-01,53.25
鸡蛋,鸡蛋CPI指数,2005-12-01,54.55
鸡蛋,鸡蛋CPI指数,2006-03-01,53.82
鸡蛋,鸡蛋CPI指数,2006-06-01,56.02
鸡蛋,鸡蛋CPI指数,2006-09-01,56.73
鸡蛋,鸡蛋CPI指数,2006-12-01,59.43
鸡蛋,鸡蛋CPI指数,2007-03-01,61.6
鸡蛋,鸡蛋CPI指数,2007-06-01,62.32
鸡蛋,鸡蛋CPI指数,2007-09-01,62.3
鸡蛋,鸡蛋CPI指数,2007-12-01,62.0
鸡蛋,鸡蛋CPI指数,2008-03-01,65.22
鸡蛋,鸡蛋CPI指数,2008-06-01,63.27
鸡蛋,鸡蛋CPI指数,2008-09-01,63.84
鸡蛋,鸡蛋CPI指数,2008-12-01,63.51
鸡蛋,鸡蛋CPI指数,2009-03-01,63.99
鸡蛋,鸡蛋CPI指数,2009-06-01,63.99
鸡蛋,鸡蛋CPI指数,2009-09-01,63.18
鸡蛋,鸡蛋CPI指数,2009-12-01,62.71
鸡蛋,鸡蛋CPI指数,2010-03-01,61.09
鸡蛋,鸡蛋CPI指数,2010-06-01,61.27
鸡蛋,鸡蛋CPI指数,2010-09-01,61.46
鸡蛋,鸡蛋CPI指数,2010-12-01,61.21
鸡蛋,鸡蛋CPI指数,2011-03-01,61.29
鸡蛋,鸡蛋CPI指数,2011-06-01,61.16
鸡蛋,鸡蛋CPI指数,2011-09-01,60.85
鸡蛋,鸡蛋CPI指数,2011-12-01,60.71
鸡蛋,鸡蛋CPI指数,2012-03-01,61.65
鸡蛋,鸡蛋CPI指数,2012-06-01,61.79
鸡蛋,鸡蛋CPI指数,2012-09-01,62.12
鸡蛋,鸡蛋CPI指数,2012-12-01,63.41
鸡蛋,鸡蛋CPI指数,2013-03-01,63.31
鸡蛋,鸡蛋CPI指数,2013-06-01,63.83
鸡蛋,鸡蛋CPI指数,2013-09-01,64.05
鸡蛋,鸡蛋CPI指数,2013-12-01,65.91
鸡蛋,鸡蛋CPI指数,2014-03-01,66.73
鸡蛋,鸡蛋CPI指数,2014-06-01,68.57
鸡蛋,鸡蛋CPI指数,2014-09-01,68.85
鸡蛋,鸡蛋CPI指数,2014-12-01,67.09
鸡蛋,鸡蛋CPI指数,2015-03-01,66.64
鸡蛋,鸡蛋CPI指数,2015-06-01,66.94
鸡蛋,鸡蛋CPI指数,2015-09-01,66.89
鸡蛋,鸡蛋CPI指数,2015-12-01,65.73
鸡蛋,鸡蛋CPI指数,2016-03-01,65.96
鸡蛋,鸡蛋CPI指数,2016-06-01,66.61
鸡蛋,鸡蛋CPI指数,2016-09-01,66.81
鸡蛋,鸡蛋CPI指数,2016-12-01,66.42
鸡蛋,鸡蛋CPI指数,2017-03-01,66.55
鸡蛋,鸡蛋CPI指数,2017-06-01,66.01
鸡蛋,鸡蛋CPI指数,2017-09-01,63.74
鸡蛋,鸡蛋CPI指数,2017-10-01,62.94
鸡蛋,鸡蛋CPI指数,2017-11-01,63.23
鸡蛋,鸡蛋CPI指数,2017-12-01,63.15
鸡蛋,鸡蛋CPI指数,2018-01-01,62.86
鸡蛋,鸡蛋CPI指数,2018-02-01,63.14
鸡蛋,鸡蛋CPI指数,2018-03-01,63.2
鸡蛋,鸡蛋CPI指数,2018-04-01,63.93
鸡蛋,鸡蛋CPI指数,2018-05-01,63.4
鸡蛋,鸡蛋CPI指数,2018-06-01,63.62
鸡蛋,鸡蛋CPI指数,2018-07-01,63.26
鸡蛋,鸡蛋CPI指数,2018-08-01,63.09
鸡蛋,鸡蛋CPI指数,2018-09-01,63.05
鸡蛋,鸡蛋CPI指数,2018-10-01,63.3
鸡蛋,鸡蛋CPI指数,2018-11-01,63.33
鸡蛋,鸡蛋CPI指数,2018-12-01,63.36
鸡蛋,鸡蛋CPI指数,2019-01-01,63.65
鸡蛋,鸡蛋CPI指数,2019-02-01,63.45
鸡蛋,鸡蛋CPI指数,2019-03-01,63.5
鸡蛋,鸡蛋CPI指数,2019-04-01,64.14
鸡蛋,鸡蛋CPI指数,2019-05-01,64.21
鸡蛋,鸡蛋CPI指数,2019-06-01,64.15
鸡蛋,鸡蛋CPI指数,2019-07-01,65.45
鸡蛋,鸡蛋CPI指数,2019-08-01,66.1
鸡蛋,鸡蛋CPI指数,2019-09-01,65.85
鸡蛋,鸡蛋CPI指数,2019-10-01,66.74
鸡蛋,鸡蛋CPI指数,2019-11-01,66.73
鸡蛋,鸡蛋CPI指数,2019-12-01,66.66
鸡蛋,鸡蛋CPI指数,2020-01-01,66.97
鸡蛋,鸡蛋CPI指数,2020-02-01,67.31
鸡蛋,鸡蛋CPI指数,2020-03-01,67.32
鸡蛋,鸡蛋CPI指数,2020-04-01,68.81
鸡蛋,鸡蛋CPI指数,2020-05-01,68.69
鸡蛋,鸡蛋CPI指数,2020-06-01,68.65
鸡蛋,鸡蛋CPI指数,2020-07-01,68.57
鸡蛋,鸡蛋CPI指数,2020-08-01,68.54
鸡蛋,鸡蛋CPI指数,2020-09-01,68.47
鸡蛋,鸡蛋CPI指数,2020-10-01,68.12
鸡蛋,鸡蛋CPI指数,2020-11-01,67.8
鸡蛋,鸡蛋CPI指数,2020-12-01,67.92
鸡蛋,鸡蛋CPI指数,2021-01-01,68.25
鸡蛋,鸡蛋CPI指数,2021-02-01,68.26
鸡蛋,鸡蛋CPI指数,2021-03-01,67.93
鸡蛋,鸡蛋CPI指数,2021-04-01,67.72
鸡蛋,鸡蛋CPI指数,2021-05-01,67.71
鸡蛋,鸡蛋CPI指数,2021-06-01,67.64
鸡蛋,鸡蛋CPI指数,2021-07-01,68.53
鸡蛋,鸡蛋CPI指数,2021-08-01,68.57
鸡蛋,鸡蛋CPI指数,2021-09-01,68.26
鸡蛋,鸡蛋CPI指数,2021-10-01,68.58
鸡蛋,鸡蛋CPI指数,2021-11-01,67.85
鸡蛋,鸡蛋CPI指数,2021-12-01,67.99
鸡蛋,鸡蛋CPI指数,2022-01-01,68.72
鸡蛋,鸡蛋CPI指数,2022-02-01,69.05
鸡蛋,鸡蛋CPI指数,2022-03-01,69.0
鸡蛋,鸡蛋CPI指数,2022-04-01,70.0
鸡蛋,鸡蛋CPI指数,2022-05-01,70.36
鸡蛋,鸡蛋CPI指数,2022-06-01,71.56
鸡蛋,鸡蛋CPI指数,2022-07-01,74.8
鸡蛋,鸡蛋CPI指数,2022-08-01,75.5
鸡蛋,鸡蛋CPI指数,2022-09-01,75.35
鸡蛋,鸡蛋CPI指数,2022-10-01,75.87
鸡蛋,鸡蛋CPI指数,2022-11-01,75.97
鸡蛋,鸡蛋CPI指数,2022-12-01,75.96
鸡蛋,鸡蛋CPI指数,2023-01-01,76.24
鸡蛋,鸡蛋CPI指数,2023-02-01,78.63
鸡蛋,鸡蛋CPI指数,2023-03-01,77.95
鸡蛋,鸡蛋CPI指数,2023-04-01,79.02
鸡蛋,鸡蛋CPI指数,2023-05-01,79.5
鸡蛋,鸡蛋CPI指数,2023-06-01,79.57
鸡蛋,鸡蛋CPI指数,2023-07-01,80.59
鸡蛋,鸡蛋CPI指数,2023-08-01,80.72
鸡蛋,鸡蛋CPI指数,2023-09-01,81.28
鸡蛋,鸡蛋CPI指数,2023-10-01,84.07
鸡蛋,鸡蛋CPI指数,2023-11-01,83.88
鸡蛋,鸡蛋CPI指数,2023-12-01,84.03
鸡蛋,鸡蛋CPI指数,2024-01-01,84.0
鸡蛋,鸡蛋CPI指数,2024-02-01,84.2
鸡蛋,鸡蛋CPI指数,2024-03-01,84.21
鸡蛋,鸡蛋CPI指数,2024-04-01,84.4
鸡蛋,鸡蛋CPI指数,2024-05-01,84.71
鸡蛋,鸡蛋CPI指数,2024-06-01,84.71
鸡蛋,鸡蛋CPI指数,2024-07-01,86.0
鸡蛋,鸡蛋CPI指数,2024-08-01,87.97
鸡蛋,鸡蛋CPI指数,2024-09-01,88.72
鸡蛋,鸡蛋CPI指数,2024-10-01,93.08
鸡蛋,鸡蛋CPI指数,2024-11-01,93.59
鸡蛋,鸡蛋CPI指数,2024-12-01,93.48
鸡蛋,鸡蛋CPI指数,2025-01-01,94.13
鸡蛋,鸡蛋CPI指数,2025-02-01,94.24
鸡蛋,鸡蛋CPI指数,2025-03-01,94.72
鸡蛋,鸡蛋CPI指数,2025-04-01,100.1
鸡蛋,鸡蛋CPI指数,2025-05-01,101.04
鸡蛋,鸡蛋CPI指数,2025-06-01,100.9
鸡蛋,鸡蛋CPI指数,2025-07-01,101.42
鸡蛋,鸡蛋CPI指数,2025-08-01,101.15
鸡蛋,鸡蛋CPI指数,2025-09-01,100.86
鸡蛋,鸡蛋CPI指数,2025-10-01,98.85
鸡蛋,鸡蛋CPI指数,2025-11-01,97.74
鸡蛋,鸡蛋CPI指数,2025-12-01,97.76
鸡蛋,鸡蛋CPI指数,2026-01-01,96.62
鸡蛋,鸡蛋CPI指数,2026-02-01,97.39
鸡蛋,鸡蛋CPI指数,2026-03-01,97.16
鸡蛋,鸡蛋CPI指数,2026-04-01,96.46
