国家,品类,指标,日期,数值,单位,频率,来源,范围,说明
au,其他,MLA NLRS Slaughter Deer 全国月度汇总,2024-12-01,32.0,头,月度,MLA Statistics API / NLRS,澳洲,MLA Statistics API report/10 NLRS Slaughter；州级周度屠宰数默认汇总为全国月度。
au,其他,MLA NLRS Slaughter Deer 全国月度汇总,2025-01-01,38.0,头,月度,MLA Statistics API / NLRS,澳洲,MLA Statistics API report/10 NLRS Slaughter；州级周度屠宰数默认汇总为全国月度。
au,其他,MLA NLRS Slaughter Deer 全国月度汇总,2025-02-01,21.0,头,月度,MLA Statistics API / NLRS,澳洲,MLA Statistics API report/10 NLRS Slaughter；州级周度屠宰数默认汇总为全国月度。
au,其他,MLA NLRS Slaughter Deer 全国月度汇总,2025-03-01,41.0,头,月度,MLA Statistics API / NLRS,澳洲,MLA Statistics API report/10 NLRS Slaughter；州级周度屠宰数默认汇总为全国月度。
au,其他,MLA NLRS Slaughter Deer 全国月度汇总,2025-04-01,24.0,头,月度,MLA Statistics API / NLRS,澳洲,MLA Statistics API report/10 NLRS Slaughter；州级周度屠宰数默认汇总为全国月度。
au,其他,MLA NLRS Slaughter Deer 全国月度汇总,2025-05-01,90.0,头,月度,MLA Statistics API / NLRS,澳洲,MLA Statistics API report/10 NLRS Slaughter；州级周度屠宰数默认汇总为全国月度。
au,其他,MLA NLRS Slaughter Deer 全国月度汇总,2025-06-01,19.0,头,月度,MLA Statistics API / NLRS,澳洲,MLA Statistics API report/10 NLRS Slaughter；州级周度屠宰数默认汇总为全国月度。
au,其他,MLA NLRS Slaughter Deer 全国月度汇总,2025-07-01,51.0,头,月度,MLA Statistics API / NLRS,澳洲,MLA Statistics API report/10 NLRS Slaughter；州级周度屠宰数默认汇总为全国月度。
au,其他,MLA NLRS Slaughter Deer 全国月度汇总,2025-08-01,41.0,头,月度,MLA Statistics API / NLRS,澳洲,MLA Statistics API report/10 NLRS Slaughter；州级周度屠宰数默认汇总为全国月度。
au,其他,MLA NLRS Slaughter Deer 全国月度汇总,2025-09-01,25.0,头,月度,MLA Statistics API / NLRS,澳洲,MLA Statistics API report/10 NLRS Slaughter；州级周度屠宰数默认汇总为全国月度。
au,其他,MLA NLRS Slaughter Deer 全国月度汇总,2025-10-01,15.0,头,月度,MLA Statistics API / NLRS,澳洲,MLA Statistics API report/10 NLRS Slaughter；州级周度屠宰数默认汇总为全国月度。
au,其他,MLA NLRS Slaughter Deer 全国月度汇总,2025-11-01,16.0,头,月度,MLA Statistics API / NLRS,澳洲,MLA Statistics API report/10 NLRS Slaughter；州级周度屠宰数默认汇总为全国月度。
au,其他,MLA NLRS Slaughter Deer 全国月度汇总,2025-12-01,32.0,头,月度,MLA Statistics API / NLRS,澳洲,MLA Statistics API report/10 NLRS Slaughter；州级周度屠宰数默认汇总为全国月度。
au,其他,MLA NLRS Slaughter Deer 全国月度汇总,2026-01-01,12.0,头,月度,MLA Statistics API / NLRS,澳洲,MLA Statistics API report/10 NLRS Slaughter；州级周度屠宰数默认汇总为全国月度。
au,其他,MLA NLRS Slaughter Deer 全国月度汇总,2026-02-01,25.0,头,月度,MLA Statistics API / NLRS,澳洲,MLA Statistics API report/10 NLRS Slaughter；州级周度屠宰数默认汇总为全国月度。
au,其他,MLA NLRS Slaughter Deer 全国月度汇总,2026-03-01,14.0,头,月度,MLA Statistics API / NLRS,澳洲,MLA Statistics API report/10 NLRS Slaughter；州级周度屠宰数默认汇总为全国月度。
au,其他,MLA NLRS Slaughter Deer 全国月度汇总,2026-04-01,23.0,头,月度,MLA Statistics API / NLRS,澳洲,MLA Statistics API report/10 NLRS Slaughter；州级周度屠宰数默认汇总为全国月度。
au,其他,MLA NLRS Slaughter Deer 全国月度汇总,2026-05-01,20.0,头,月度,MLA Statistics API / NLRS,澳洲,MLA Statistics API report/10 NLRS Slaughter；州级周度屠宰数默认汇总为全国月度。
au,其他,MLA NLRS Slaughter Deer 全国月度汇总,2026-06-01,6.0,头,月度,MLA Statistics API / NLRS,澳洲,MLA Statistics API report/10 NLRS Slaughter；州级周度屠宰数默认汇总为全国月度。
au,其他,MLA NLRS Slaughter Deer 全国月度汇总,2026-07-01,28.0,头,月度,MLA Statistics API / NLRS,澳洲,MLA Statistics API report/10 NLRS Slaughter；州级周度屠宰数默认汇总为全国月度。
au,牛,EYCI月均(c/kg cwt),2000-01-01,249.1297696535449,,月度,,澳洲,
au,牛,EYCI月均(c/kg cwt),2000-02-01,248.42278020199072,,月度,,澳洲,
au,牛,EYCI月均(c/kg cwt),2000-03-01,253.97672791847125,,月度,,澳洲,
au,牛,EYCI月均(c/kg cwt),2000-04-01,261.54986506206467,,月度,,澳洲,
au,牛,EYCI月均(c/kg cwt),2000-05-01,260.34111320985187,,月度,,澳洲,
au,牛,EYCI月均(c/kg cwt),2000-06-01,258.07050563650597,,月度,,澳洲,
au,牛,EYCI月均(c/kg cwt),2000-07-01,267.0738268366164,,月度,,澳洲,
au,牛,EYCI月均(c/kg cwt),2000-08-01,274.9541350740638,,月度,,澳洲,
au,牛,EYCI月均(c/kg cwt),2000-09-01,272.2985972197918,,月度,,澳洲,
au,牛,EYCI月均(c/kg cwt),2000-10-01,264.2159349255506,,月度,,澳洲,
au,牛,EYCI月均(c/kg cwt),2000-11-01,290.14078947186414,,月度,,澳洲,
au,牛,EYCI月均(c/kg cwt),2000-12-01,295.43397073582247,,月度,,澳洲,
au,牛,EYCI月均(c/kg cwt),2001-01-01,290.23824641418264,,月度,,澳洲,
au,牛,EYCI月均(c/kg cwt),2001-02-01,301.00763536698133,,月度,,澳洲,
au,牛,EYCI月均(c/kg cwt),2001-03-01,314.11409825825183,,月度,,澳洲,
au,牛,EYCI月均(c/kg cwt),2001-04-01,330.59367574233306,,月度,,澳洲,
au,牛,EYCI月均(c/kg cwt),2001-05-01,323.2641005110806,,月度,,澳洲,
au,牛,EYCI月均(c/kg cwt),2001-06-01,322.57752052136397,,月度,,澳洲,
au,牛,EYCI月均(c/kg cwt),2001-07-01,330.2893941378592,,月度,,澳洲,
au,牛,EYCI月均(c/kg cwt),2001-08-01,362.87857984706073,,月度,,澳洲,
au,牛,EYCI月均(c/kg cwt),2001-09-01,380.0585048182624,,月度,,澳洲,
au,牛,EYCI月均(c/kg cwt),2001-10-01,344.0072611731664,,月度,,澳洲,
au,牛,EYCI月均(c/kg cwt),2001-11-01,357.45498244293134,,月度,,澳洲,
au,牛,EYCI月均(c/kg cwt),2001-12-01,362.6219830473673,,月度,,澳洲,
au,牛,EYCI月均(c/kg cwt),2002-01-01,336.4418747100339,,月度,,澳洲,
au,牛,EYCI月均(c/kg cwt),2002-02-01,328.33746823427396,,月度,,澳洲,
au,牛,EYCI月均(c/kg cwt),2002-03-01,335.80046857080447,,月度,,澳洲,
au,牛,EYCI月均(c/kg cwt),2002-04-01,320.1809589266085,,月度,,澳洲,
au,牛,EYCI月均(c/kg cwt),2002-05-01,286.3713241199057,,月度,,澳洲,
au,牛,EYCI月均(c/kg cwt),2002-06-01,268.4746139545832,,月度,,澳洲,
au,牛,EYCI月均(c/kg cwt),2002-07-01,253.9078947224466,,月度,,澳洲,
au,牛,EYCI月均(c/kg cwt),2002-08-01,244.82569915513534,,月度,,澳洲,
au,牛,EYCI月均(c/kg cwt),2002-09-01,265.29454633581,,月度,,澳洲,
au,牛,EYCI月均(c/kg cwt),2002-10-01,242.8579886406381,,月度,,澳洲,
au,牛,EYCI月均(c/kg cwt),2002-11-01,227.31450016181216,,月度,,澳洲,
au,牛,EYCI月均(c/kg cwt),2002-12-01,246.23808892074294,,月度,,澳洲,
au,牛,EYCI月均(c/kg cwt),2003-01-01,252.38969622011837,,月度,,澳洲,
au,牛,EYCI月均(c/kg cwt),2003-02-01,268.26435925777184,,月度,,澳洲,
au,牛,EYCI月均(c/kg cwt),2003-03-01,321.69401075123346,,月度,,澳洲,
au,牛,EYCI月均(c/kg cwt),2003-04-01,321.9861153634619,,月度,,澳洲,
au,牛,EYCI月均(c/kg cwt),2003-05-01,307.8303652130621,,月度,,澳洲,
au,牛,EYCI月均(c/kg cwt),2003-06-01,302.76096294455215,,月度,,澳洲,
au,牛,EYCI月均(c/kg cwt),2003-07-01,316.7558288419395,,月度,,澳洲,
au,牛,EYCI月均(c/kg cwt),2003-08-01,332.6420928660422,,月度,,澳洲,
au,牛,EYCI月均(c/kg cwt),2003-09-01,335.33864294793005,,月度,,澳洲,
au,牛,EYCI月均(c/kg cwt),2003-10-01,335.1791738845554,,月度,,澳洲,
au,牛,EYCI月均(c/kg cwt),2003-11-01,323.1126263356033,,月度,,澳洲,
au,牛,EYCI月均(c/kg cwt),2003-12-01,312.2142858102832,,月度,,澳洲,
au,牛,EYCI月均(c/kg cwt),2004-01-01,326.47511134906614,,月度,,澳洲,
au,牛,EYCI月均(c/kg cwt),2004-02-01,326.7204714223399,,月度,,澳洲,
au,牛,EYCI月均(c/kg cwt),2004-03-01,325.5207647729189,,月度,,澳洲,
au,牛,EYCI月均(c/kg cwt),2004-04-01,317.1039469285102,,月度,,澳洲,
au,牛,EYCI月均(c/kg cwt),2004-05-01,318.54196193277477,,月度,,澳洲,
au,牛,EYCI月均(c/kg cwt),2004-06-01,337.3022318536067,,月度,,澳洲,
au,牛,EYCI月均(c/kg cwt),2004-07-01,356.13320086890036,,月度,,澳洲,
au,牛,EYCI月均(c/kg cwt),2004-08-01,372.8928533114886,,月度,,澳洲,
au,牛,EYCI月均(c/kg cwt),2004-09-01,385.352017968972,,月度,,澳洲,
au,牛,EYCI月均(c/kg cwt),2004-10-01,375.17069721580344,,月度,,澳洲,
au,牛,EYCI月均(c/kg cwt),2004-11-01,371.75560647559297,,月度,,澳洲,
au,牛,EYCI月均(c/kg cwt),2004-12-01,367.9314993574869,,月度,,澳洲,
au,牛,EYCI月均(c/kg cwt),2005-01-01,379.16771957380786,,月度,,澳洲,
au,牛,EYCI月均(c/kg cwt),2005-02-01,377.04593394583185,,月度,,澳洲,
au,牛,EYCI月均(c/kg cwt),2005-03-01,369.4134911510958,,月度,,澳洲,
au,牛,EYCI月均(c/kg cwt),2005-04-01,339.8326970301129,,月度,,澳洲,
au,牛,EYCI月均(c/kg cwt),2005-05-01,333.21414662843245,,月度,,澳洲,
au,牛,EYCI月均(c/kg cwt),2005-06-01,339.18820654998694,,月度,,澳洲,
au,牛,EYCI月均(c/kg cwt),2005-07-01,398.5562508147313,,月度,,澳洲,
au,牛,EYCI月均(c/kg cwt),2005-08-01,410.7594053557087,,月度,,澳洲,
au,牛,EYCI月均(c/kg cwt),2005-09-01,410.8769805190657,,月度,,澳洲,
au,牛,EYCI月均(c/kg cwt),2005-10-01,397.60272849458335,,月度,,澳洲,
au,牛,EYCI月均(c/kg cwt),2005-11-01,375.22410738487093,,月度,,澳洲,
au,牛,EYCI月均(c/kg cwt),2005-12-01,370.42010781119245,,月度,,澳洲,
au,牛,EYCI月均(c/kg cwt),2006-01-01,352.41321891940015,,月度,,澳洲,
au,牛,EYCI月均(c/kg cwt),2006-02-01,360.5336478438078,,月度,,澳洲,
au,牛,EYCI月均(c/kg cwt),2006-03-01,363.72388185495345,,月度,,澳洲,
au,牛,EYCI月均(c/kg cwt),2006-04-01,359.4505509327413,,月度,,澳洲,
au,牛,EYCI月均(c/kg cwt),2006-05-01,350.3730674020371,,月度,,澳洲,
au,牛,EYCI月均(c/kg cwt),2006-06-01,348.6183192870347,,月度,,澳洲,
au,牛,EYCI月均(c/kg cwt),2006-07-01,368.8196719341693,,月度,,澳洲,
au,牛,EYCI月均(c/kg cwt),2006-08-01,371.47292404872763,,月度,,澳洲,
au,牛,EYCI月均(c/kg cwt),2006-09-01,348.78298234248393,,月度,,澳洲,
au,牛,EYCI月均(c/kg cwt),2006-10-01,293.6604023948793,,月度,,澳洲,
au,牛,EYCI月均(c/kg cwt),2006-11-01,297.3094422749544,,月度,,澳洲,
au,牛,EYCI月均(c/kg cwt),2006-12-01,270.99852016535266,,月度,,澳洲,
au,牛,EYCI月均(c/kg cwt),2007-01-01,298.3747943617654,,月度,,澳洲,
au,牛,EYCI月均(c/kg cwt),2007-02-01,318.5035754025028,,月度,,澳洲,
au,牛,EYCI月均(c/kg cwt),2007-03-01,341.1858834722116,,月度,,澳洲,
au,牛,EYCI月均(c/kg cwt),2007-04-01,317.21272751392854,,月度,,澳洲,
au,牛,EYCI月均(c/kg cwt),2007-05-01,325.24718664546583,,月度,,澳洲,
au,牛,EYCI月均(c/kg cwt),2007-06-01,333.2360748910078,,月度,,澳洲,
au,牛,EYCI月均(c/kg cwt),2007-07-01,340.1797957671068,,月度,,澳洲,
au,牛,EYCI月均(c/kg cwt),2007-08-01,335.803760251295,,月度,,澳洲,
au,牛,EYCI月均(c/kg cwt),2007-09-01,315.3931816559731,,月度,,澳洲,
au,牛,EYCI月均(c/kg cwt),2007-10-01,281.5502596901605,,月度,,澳洲,
au,牛,EYCI月均(c/kg cwt),2007-11-01,292.71087305629675,,月度,,澳洲,
au,牛,EYCI月均(c/kg cwt),2007-12-01,311.9849615375902,,月度,,澳洲,
au,牛,EYCI月均(c/kg cwt),2008-01-01,322.4795670874475,,月度,,澳洲,
au,牛,EYCI月均(c/kg cwt),2008-02-01,339.0699307883628,,月度,,澳洲,
au,牛,EYCI月均(c/kg cwt),2008-03-01,322.356576138023,,月度,,澳洲,
au,牛,EYCI月均(c/kg cwt),2008-04-01,318.32801473736066,,月度,,澳洲,
au,牛,EYCI月均(c/kg cwt),2008-05-01,312.99443157092117,,月度,,澳洲,
au,牛,EYCI月均(c/kg cwt),2008-06-01,328.3192924328289,,月度,,澳洲,
au,牛,EYCI月均(c/kg cwt),2008-07-01,340.9306204715913,,月度,,澳洲,
au,牛,EYCI月均(c/kg cwt),2008-08-01,348.6018935714515,,月度,,澳洲,
au,牛,EYCI月均(c/kg cwt),2008-09-01,355.9999977013476,,月度,,澳洲,
au,牛,EYCI月均(c/kg cwt),2008-10-01,346.9855186211873,,月度,,澳洲,
au,牛,EYCI月均(c/kg cwt),2008-11-01,328.0879540076056,,月度,,澳洲,
au,牛,EYCI月均(c/kg cwt),2008-12-01,327.2679962416953,,月度,,澳洲,
au,牛,EYCI月均(c/kg cwt),2009-01-01,324.26533349428377,,月度,,澳洲,
au,牛,EYCI月均(c/kg cwt),2009-02-01,305.4729559672266,,月度,,澳洲,
au,牛,EYCI月均(c/kg cwt),2009-03-01,317.39948673005057,,月度,,澳洲,
au,牛,EYCI月均(c/kg cwt),2009-04-01,317.52637442351374,,月度,,澳洲,
au,牛,EYCI月均(c/kg cwt),2009-05-01,314.08063812237737,,月度,,澳洲,
au,牛,EYCI月均(c/kg cwt),2009-06-01,330.95448697638597,,月度,,澳洲,
au,牛,EYCI月均(c/kg cwt),2009-07-01,339.69303918440977,,月度,,澳洲,
au,牛,EYCI月均(c/kg cwt),2009-08-01,331.67867694640205,,月度,,澳洲,
au,牛,EYCI月均(c/kg cwt),2009-09-01,321.2903613967938,,月度,,澳洲,
au,牛,EYCI月均(c/kg cwt),2009-10-01,308.9044467366885,,月度,,澳洲,
au,牛,EYCI月均(c/kg cwt),2009-11-01,300.1676913381597,,月度,,澳洲,
au,牛,EYCI月均(c/kg cwt),2009-12-01,285.3000961972468,,月度,,澳洲,
au,牛,EYCI月均(c/kg cwt),2010-01-01,313.7780741803777,,月度,,澳洲,
au,牛,EYCI月均(c/kg cwt),2010-02-01,330.6617907974102,,月度,,澳洲,
au,牛,EYCI月均(c/kg cwt),2010-03-01,349.1564842445828,,月度,,澳洲,
au,牛,EYCI月均(c/kg cwt),2010-04-01,348.51856981739303,,月度,,澳洲,
au,牛,EYCI月均(c/kg cwt),2010-05-01,344.1070351315196,,月度,,澳洲,
au,牛,EYCI月均(c/kg cwt),2010-06-01,348.96754663783776,,月度,,澳洲,
au,牛,EYCI月均(c/kg cwt),2010-07-01,352.46211617463575,,月度,,澳洲,
au,牛,EYCI月均(c/kg cwt),2010-08-01,365.06709602633765,,月度,,澳洲,
au,牛,EYCI月均(c/kg cwt),2010-09-01,369.65743777423205,,月度,,澳洲,
au,牛,EYCI月均(c/kg cwt),2010-10-01,366.9779312471052,,月度,,澳洲,
au,牛,EYCI月均(c/kg cwt),2010-11-01,370.02164269541163,,月度,,澳洲,
au,牛,EYCI月均(c/kg cwt),2010-12-01,384.1967630662932,,月度,,澳洲,
au,牛,EYCI月均(c/kg cwt),2011-01-01,401.23756647125833,,月度,,澳洲,
au,牛,EYCI月均(c/kg cwt),2011-02-01,393.7214033204453,,月度,,澳洲,
au,牛,EYCI月均(c/kg cwt),2011-03-01,412.6465457696711,,月度,,澳洲,
au,牛,EYCI月均(c/kg cwt),2011-04-01,415.341616934861,,月度,,澳洲,
au,牛,EYCI月均(c/kg cwt),2011-05-01,394.4924529831909,,月度,,澳洲,
au,牛,EYCI月均(c/kg cwt),2011-06-01,382.03135918208284,,月度,,澳洲,
au,牛,EYCI月均(c/kg cwt),2011-07-01,375.7950313919899,,月度,,澳洲,
au,牛,EYCI月均(c/kg cwt),2011-08-01,384.4671791589886,,月度,,澳洲,
au,牛,EYCI月均(c/kg cwt),2011-09-01,400.5879612724301,,月度,,澳洲,
au,牛,EYCI月均(c/kg cwt),2011-10-01,398.6699171334398,,月度,,澳洲,
au,牛,EYCI月均(c/kg cwt),2011-11-01,402.22638388713693,,月度,,澳洲,
au,牛,EYCI月均(c/kg cwt),2011-12-01,408.39001599058696,,月度,,澳洲,
au,牛,EYCI月均(c/kg cwt),2012-01-01,407.73946728710774,,月度,,澳洲,
au,牛,EYCI月均(c/kg cwt),2012-02-01,389.95556299549145,,月度,,澳洲,
au,牛,EYCI月均(c/kg cwt),2012-03-01,393.9532857285185,,月度,,澳洲,
au,牛,EYCI月均(c/kg cwt),2012-04-01,380.7402842716656,,月度,,澳洲,
au,牛,EYCI月均(c/kg cwt),2012-05-01,369.64879717834685,,月度,,澳洲,
au,牛,EYCI月均(c/kg cwt),2012-06-01,373.1079113143848,,月度,,澳洲,
au,牛,EYCI月均(c/kg cwt),2012-07-01,382.92440269043044,,月度,,澳洲,
au,牛,EYCI月均(c/kg cwt),2012-08-01,381.52574998632844,,月度,,澳洲,
au,牛,EYCI月均(c/kg cwt),2012-09-01,363.6605900827961,,月度,,澳洲,
au,牛,EYCI月均(c/kg cwt),2012-10-01,353.1731990546159,,月度,,澳洲,
au,牛,EYCI月均(c/kg cwt),2012-11-01,341.75107621408137,,月度,,澳洲,
au,牛,EYCI月均(c/kg cwt),2012-12-01,324.3580257881322,,月度,,澳洲,
au,牛,EYCI月均(c/kg cwt),2013-01-01,316.6411242879789,,月度,,澳洲,
au,牛,EYCI月均(c/kg cwt),2013-02-01,329.3649488077582,,月度,,澳洲,
au,牛,EYCI月均(c/kg cwt),2013-03-01,332.46922041661765,,月度,,澳洲,
au,牛,EYCI月均(c/kg cwt),2013-04-01,314.0272365178585,,月度,,澳洲,
au,牛,EYCI月均(c/kg cwt),2013-05-01,290.2793653484034,,月度,,澳洲,
au,牛,EYCI月均(c/kg cwt),2013-06-01,310.324860413067,,月度,,澳洲,
au,牛,EYCI月均(c/kg cwt),2013-07-01,324.76482552016864,,月度,,澳洲,
au,牛,EYCI月均(c/kg cwt),2013-08-01,323.5686581428923,,月度,,澳洲,
au,牛,EYCI月均(c/kg cwt),2013-09-01,312.30430511747386,,月度,,澳洲,
au,牛,EYCI月均(c/kg cwt),2013-10-01,301.35296559680074,,月度,,澳洲,
au,牛,EYCI月均(c/kg cwt),2013-11-01,311.26234837487453,,月度,,澳洲,
au,牛,EYCI月均(c/kg cwt),2013-12-01,315.3089761251511,,月度,,澳洲,
au,牛,EYCI月均(c/kg cwt),2014-01-01,291.56527744939484,,月度,,澳洲,
au,牛,EYCI月均(c/kg cwt),2014-02-01,296.10649160809993,,月度,,澳洲,
au,牛,EYCI月均(c/kg cwt),2014-03-01,312.9906669875301,,月度,,澳洲,
au,牛,EYCI月均(c/kg cwt),2014-04-01,351.35121773363494,,月度,,澳洲,
au,牛,EYCI月均(c/kg cwt),2014-05-01,337.189649495347,,月度,,澳洲,
au,牛,EYCI月均(c/kg cwt),2014-06-01,334.3013443919671,,月度,,澳洲,
au,牛,EYCI月均(c/kg cwt),2014-07-01,336.9289856382072,,月度,,澳洲,
au,牛,EYCI月均(c/kg cwt),2014-08-01,346.6067686106317,,月度,,澳洲,
au,牛,EYCI月均(c/kg cwt),2014-09-01,360.79849048689266,,月度,,澳洲,
au,牛,EYCI月均(c/kg cwt),2014-10-01,356.4363851073612,,月度,,澳洲,
au,牛,EYCI月均(c/kg cwt),2014-11-01,338.2346934815938,,月度,,澳洲,
au,牛,EYCI月均(c/kg cwt),2014-12-01,367.3038143869792,,月度,,澳洲,
au,牛,EYCI月均(c/kg cwt),2015-01-01,422.3746311797939,,月度,,澳洲,
au,牛,EYCI月均(c/kg cwt),2015-02-01,444.52289040609054,,月度,,澳洲,
au,牛,EYCI月均(c/kg cwt),2015-03-01,424.2789253030236,,月度,,澳洲,
au,牛,EYCI月均(c/kg cwt),2015-04-01,439.3078539994134,,月度,,澳洲,
au,牛,EYCI月均(c/kg cwt),2015-05-01,479.6246878840832,,月度,,澳洲,
au,牛,EYCI月均(c/kg cwt),2015-06-01,492.3231352958866,,月度,,澳洲,
au,牛,EYCI月均(c/kg cwt),2015-07-01,541.6636891021976,,月度,,澳洲,
au,牛,EYCI月均(c/kg cwt),2015-08-01,566.7993094036433,,月度,,澳洲,
au,牛,EYCI月均(c/kg cwt),2015-09-01,585.8394564229944,,月度,,澳洲,
au,牛,EYCI月均(c/kg cwt),2015-10-01,549.6061905388599,,月度,,澳洲,
au,牛,EYCI月均(c/kg cwt),2015-11-01,585.0260915333446,,月度,,澳洲,
au,牛,EYCI月均(c/kg cwt),2015-12-01,590.9918267735219,,月度,,澳洲,
au,牛,EYCI月均(c/kg cwt),2016-01-01,586.3689151380997,,月度,,澳洲,
au,牛,EYCI月均(c/kg cwt),2016-02-01,596.822849191752,,月度,,澳洲,
au,牛,EYCI月均(c/kg cwt),2016-03-01,589.6379623048726,,月度,,澳洲,
au,牛,EYCI月均(c/kg cwt),2016-04-01,557.7247174508761,,月度,,澳洲,
au,牛,EYCI月均(c/kg cwt),2016-05-01,569.0324248010509,,月度,,澳洲,
au,牛,EYCI月均(c/kg cwt),2016-06-01,621.4544307987536,,月度,,澳洲,
au,牛,EYCI月均(c/kg cwt),2016-07-01,660.867491252805,,月度,,澳洲,
au,牛,EYCI月均(c/kg cwt),2016-08-01,708.9918813103236,,月度,,澳洲,
au,牛,EYCI月均(c/kg cwt),2016-09-01,712.6346594192592,,月度,,澳洲,
au,牛,EYCI月均(c/kg cwt),2016-10-01,697.8952274415159,,月度,,澳洲,
au,牛,EYCI月均(c/kg cwt),2016-11-01,653.0632331490909,,月度,,澳洲,
au,牛,EYCI月均(c/kg cwt),2016-12-01,634.9460832950115,,月度,,澳洲,
au,牛,EYCI月均(c/kg cwt),2017-01-01,647.8161977199823,,月度,,澳洲,
au,牛,EYCI月均(c/kg cwt),2017-02-01,635.2243548493695,,月度,,澳洲,
au,牛,EYCI月均(c/kg cwt),2017-03-01,621.5980756599569,,月度,,澳洲,
au,牛,EYCI月均(c/kg cwt),2017-04-01,658.3480264802956,,月度,,澳洲,
au,牛,EYCI月均(c/kg cwt),2017-05-01,645.609752116953,,月度,,澳洲,
au,牛,EYCI月均(c/kg cwt),2017-06-01,639.9642727185684,,月度,,澳洲,
au,牛,EYCI月均(c/kg cwt),2017-07-01,598.2106614489624,,月度,,澳洲,
au,牛,EYCI月均(c/kg cwt),2017-08-01,554.7426911399855,,月度,,澳洲,
au,牛,EYCI月均(c/kg cwt),2017-09-01,524.1670675457824,,月度,,澳洲,
au,牛,EYCI月均(c/kg cwt),2017-10-01,547.1475741644884,,月度,,澳洲,
au,牛,EYCI月均(c/kg cwt),2017-11-01,577.9986055310707,,月度,,澳洲,
au,牛,EYCI月均(c/kg cwt),2017-12-01,569.4868055429151,,月度,,澳洲,
au,牛,EYCI月均(c/kg cwt),2018-01-01,554.9071887143599,,月度,,澳洲,
au,牛,EYCI月均(c/kg cwt),2018-02-01,531.3874314340268,,月度,,澳洲,
au,牛,EYCI月均(c/kg cwt),2018-03-01,551.136264190537,,月度,,澳洲,
au,牛,EYCI月均(c/kg cwt),2018-04-01,515.3108403305317,,月度,,澳洲,
au,牛,EYCI月均(c/kg cwt),2018-05-01,483.06908112846065,,月度,,澳洲,
au,牛,EYCI月均(c/kg cwt),2018-06-01,483.67081579310405,,月度,,澳洲,
au,牛,EYCI月均(c/kg cwt),2018-07-01,501.115265295962,,月度,,澳洲,
au,牛,EYCI月均(c/kg cwt),2018-08-01,462.2965362961731,,月度,,澳洲,
au,牛,EYCI月均(c/kg cwt),2018-09-01,492.6835248754769,,月度,,澳洲,
au,牛,EYCI月均(c/kg cwt),2018-10-01,509.1297747512197,,月度,,澳洲,
au,牛,EYCI月均(c/kg cwt),2018-11-01,523.4148574431496,,月度,,澳洲,
au,牛,EYCI月均(c/kg cwt),2018-12-01,521.6957905531347,,月度,,澳洲,
au,牛,EYCI月均(c/kg cwt),2019-01-01,482.6170940054178,,月度,,澳洲,
au,牛,EYCI月均(c/kg cwt),2019-02-01,457.12719806205695,,月度,,澳洲,
au,牛,EYCI月均(c/kg cwt),2019-03-01,429.7777697356936,,月度,,澳洲,
au,牛,EYCI月均(c/kg cwt),2019-04-01,477.2949302224409,,月度,,澳洲,
au,牛,EYCI月均(c/kg cwt),2019-05-01,475.48026920541014,,月度,,澳洲,
au,牛,EYCI月均(c/kg cwt),2019-06-01,484.56128246910396,,月度,,澳洲,
au,牛,EYCI月均(c/kg cwt),2019-07-01,513.429651961567,,月度,,澳洲,
au,牛,EYCI月均(c/kg cwt),2019-08-01,521.8916569256834,,月度,,澳洲,
au,牛,EYCI月均(c/kg cwt),2019-09-01,486.5368707084783,,月度,,澳洲,
au,牛,EYCI月均(c/kg cwt),2019-10-01,497.27389338226106,,月度,,澳洲,
au,牛,EYCI月均(c/kg cwt),2019-11-01,512.9641359299778,,月度,,澳洲,
au,牛,EYCI月均(c/kg cwt),2019-12-01,487.7101476308532,,月度,,澳洲,
au,牛,EYCI月均(c/kg cwt),2020-01-01,519.9079060028407,,月度,,澳洲,
au,牛,EYCI月均(c/kg cwt),2020-02-01,663.8664622178948,,月度,,澳洲,
au,牛,EYCI月均(c/kg cwt),2020-03-01,741.6964310463953,,月度,,澳洲,
au,牛,EYCI月均(c/kg cwt),2020-04-01,712.1378012595328,,月度,,澳洲,
au,牛,EYCI月均(c/kg cwt),2020-05-01,731.0491284835829,,月度,,澳洲,
au,牛,EYCI月均(c/kg cwt),2020-06-01,756.0841985473934,,月度,,澳洲,
au,牛,EYCI月均(c/kg cwt),2020-07-01,752.4034731183737,,月度,,澳洲,
au,牛,EYCI月均(c/kg cwt),2020-08-01,770.3272962191168,,月度,,澳洲,
au,牛,EYCI月均(c/kg cwt),2020-09-01,768.6475736102594,,月度,,澳洲,
au,牛,EYCI月均(c/kg cwt),2020-10-01,792.4036728672395,,月度,,澳洲,
au,牛,EYCI月均(c/kg cwt),2020-11-01,821.7222596050436,,月度,,澳洲,
au,牛,EYCI月均(c/kg cwt),2020-12-01,797.0560425706526,,月度,,澳洲,
au,牛,EYCI月均(c/kg cwt),2021-01-01,829.2223023405534,,月度,,澳洲,
au,牛,EYCI月均(c/kg cwt),2021-02-01,871.9194112555499,,月度,,澳洲,
au,牛,EYCI月均(c/kg cwt),2021-03-01,869.7083408206905,,月度,,澳洲,
au,牛,EYCI月均(c/kg cwt),2021-04-01,894.8776840842099,,月度,,澳洲,
au,牛,EYCI月均(c/kg cwt),2021-05-01,891.8516369980571,,月度,,澳洲,
au,牛,EYCI月均(c/kg cwt),2021-06-01,910.0378026728654,,月度,,澳洲,
au,牛,EYCI月均(c/kg cwt),2021-07-01,972.582230800554,,月度,,澳洲,
au,牛,EYCI月均(c/kg cwt),2021-08-01,1004.9768631117399,,月度,,澳洲,
au,牛,EYCI月均(c/kg cwt),2021-09-01,1023.5330491718287,,月度,,澳洲,
au,牛,EYCI月均(c/kg cwt),2021-10-01,1057.115669193629,,月度,,澳洲,
au,牛,EYCI月均(c/kg cwt),2021-11-01,1088.402295768038,,月度,,澳洲,
au,牛,EYCI月均(c/kg cwt),2021-12-01,1150.15923312236,,月度,,澳洲,
au,牛,EYCI月均(c/kg cwt),2022-01-01,1128.0815367493042,,月度,,澳洲,
au,牛,EYCI月均(c/kg cwt),2022-02-01,1125.5739312713017,,月度,,澳洲,
au,牛,EYCI月均(c/kg cwt),2022-03-01,1112.9214665946765,,月度,,澳洲,
au,牛,EYCI月均(c/kg cwt),2022-04-01,1087.6874152435091,,月度,,澳洲,
au,牛,EYCI月均(c/kg cwt),2022-05-01,1103.1301797666088,,月度,,澳洲,
au,牛,EYCI月均(c/kg cwt),2022-06-01,1083.1844623507586,,月度,,澳洲,
au,牛,EYCI月均(c/kg cwt),2022-07-01,958.7833797270889,,月度,,澳洲,
au,牛,EYCI月均(c/kg cwt),2022-08-01,984.1479118773846,,月度,,澳洲,
au,牛,EYCI月均(c/kg cwt),2022-09-01,1052.8909688309627,,月度,,澳洲,
au,牛,EYCI月均(c/kg cwt),2022-10-01,1039.9910591651808,,月度,,澳洲,
au,牛,EYCI月均(c/kg cwt),2022-11-01,983.9755215425101,,月度,,澳洲,
au,牛,EYCI月均(c/kg cwt),2022-12-01,873.6345605532761,,月度,,澳洲,
au,牛,EYCI月均(c/kg cwt),2023-01-01,788.9678461441033,,月度,,澳洲,
au,牛,EYCI月均(c/kg cwt),2023-02-01,742.2786611515028,,月度,,澳洲,
au,牛,EYCI月均(c/kg cwt),2023-03-01,685.0949221110707,,月度,,澳洲,
au,牛,EYCI月均(c/kg cwt),2023-04-01,685.612828154143,,月度,,澳洲,
au,牛,EYCI月均(c/kg cwt),2023-05-01,617.1829419294494,,月度,,澳洲,
au,牛,EYCI月均(c/kg cwt),2023-06-01,566.224298380272,,月度,,澳洲,
au,牛,EYCI月均(c/kg cwt),2023-07-01,566.7186972415159,,月度,,澳洲,
au,牛,EYCI月均(c/kg cwt),2023-08-01,532.1589163907346,,月度,,澳洲,
au,牛,EYCI月均(c/kg cwt),2023-09-01,418.9436055305772,,月度,,澳洲,
au,牛,EYCI月均(c/kg cwt),2023-10-01,357.1976716714533,,月度,,澳洲,
au,牛,EYCI月均(c/kg cwt),2023-11-01,447.0449620248473,,月度,,澳洲,
au,牛,EYCI月均(c/kg cwt),2023-12-01,521.1082953063609,,月度,,澳洲,
au,牛,EYCI月均(c/kg cwt),2024-01-01,608.4903064967858,,月度,,澳洲,
au,牛,EYCI月均(c/kg cwt),2024-02-01,648.4203340620828,,月度,,澳洲,
au,牛,EYCI月均(c/kg cwt),2024-03-01,595.8081088873969,,月度,,澳洲,
au,牛,EYCI月均(c/kg cwt),2024-04-01,601.8345401867299,,月度,,澳洲,
au,牛,EYCI月均(c/kg cwt),2024-05-01,610.3685705436574,,月度,,澳洲,
au,牛,EYCI月均(c/kg cwt),2024-06-01,594.3150306406831,,月度,,澳洲,
au,牛,EYCI月均(c/kg cwt),2024-07-01,631.3786243182823,,月度,,澳洲,
au,牛,EYCI月均(c/kg cwt),2024-08-01,670.8541257103539,,月度,,澳洲,
au,牛,EYCI月均(c/kg cwt),2024-09-01,667.4061712106311,,月度,,澳洲,
au,牛,EYCI月均(c/kg cwt),2024-10-01,627.0083701027312,,月度,,澳洲,
au,牛,EYCI月均(c/kg cwt),2024-11-01,627.2846807075268,,月度,,澳洲,
au,牛,EYCI月均(c/kg cwt),2024-12-01,669.9656903322715,,月度,,澳洲,
au,牛,EYCI月均(c/kg cwt),2025-01-01,684.4154047683089,,月度,,澳洲,
au,牛,EYCI月均(c/kg cwt),2025-02-01,651.9451480616236,,月度,,澳洲,
au,牛,EYCI月均(c/kg cwt),2025-03-01,653.2789034548315,,月度,,澳洲,
au,牛,EYCI月均(c/kg cwt),2025-04-01,704.2962295407068,,月度,,澳洲,
au,牛,EYCI月均(c/kg cwt),2025-05-01,693.7119510932806,,月度,,澳洲,
au,牛,EYCI月均(c/kg cwt),2025-06-01,710.5262151801458,,月度,,澳洲,
au,牛,EYCI月均(c/kg cwt),2025-07-01,754.1067643866595,,月度,,澳洲,
au,牛,EYCI月均(c/kg cwt),2025-08-01,863.7431790034874,,月度,,澳洲,
au,牛,EYCI月均(c/kg cwt),2025-09-01,892.757027561673,,月度,,澳洲,
au,牛,EYCI月均(c/kg cwt),2025-10-01,838.592549503088,,月度,,澳洲,
au,牛,EYCI月均(c/kg cwt),2025-11-01,889.5826149087836,,月度,,澳洲,
au,牛,EYCI月均(c/kg cwt),2025-12-01,859.1414802188299,,月度,,澳洲,
au,牛,EYCI月均(c/kg cwt),2026-01-01,856.0047796832846,,月度,,澳洲,
au,牛,EYCI月均(c/kg cwt),2026-02-01,852.3699277973672,,月度,,澳洲,
au,牛,EYCI月均(c/kg cwt),2026-03-01,879.5637468480658,,月度,,澳洲,
au,牛,EYCI月均(c/kg cwt),2026-04-01,799.783213497517,,月度,,澳洲,
au,牛,EYCI月均(c/kg cwt),2026-05-01,849.2006530718857,,月度,,澳洲,
au,牛,EYCI月均(c/kg cwt),2026-06-01,983.824400448594,,月度,,澳洲,
au,牛,EYCI月均(c/kg cwt),2026-07-01,1002.5499051427643,,月度,,澳洲,
au,牛,EYCI月均(c/kg cwt)($/Head),2000-01-01,433.3819823234792,,月度,,澳洲,
au,牛,EYCI月均(c/kg cwt)($/Head),2000-02-01,418.22633532865234,,月度,,澳洲,
au,牛,EYCI月均(c/kg cwt)($/Head),2000-03-01,430.0477793604754,,月度,,澳洲,
au,牛,EYCI月均(c/kg cwt)($/Head),2000-04-01,438.37717345744306,,月度,,澳洲,
au,牛,EYCI月均(c/kg cwt)($/Head),2000-05-01,434.2548792589226,,月度,,澳洲,
au,牛,EYCI月均(c/kg cwt)($/Head),2000-06-01,438.0158781285044,,月度,,澳洲,
au,牛,EYCI月均(c/kg cwt)($/Head),2000-07-01,459.55653073439004,,月度,,澳洲,
au,牛,EYCI月均(c/kg cwt)($/Head),2000-08-01,473.6168652572358,,月度,,澳洲,
au,牛,EYCI月均(c/kg cwt)($/Head),2000-09-01,467.0881405269934,,月度,,澳洲,
au,牛,EYCI月均(c/kg cwt)($/Head),2000-10-01,457.7398564098573,,月度,,澳洲,
au,牛,EYCI月均(c/kg cwt)($/Head),2000-11-01,510.2348250849602,,月度,,澳洲,
au,牛,EYCI月均(c/kg cwt)($/Head),2000-12-01,511.2641303743336,,月度,,澳洲,
au,牛,EYCI月均(c/kg cwt)($/Head),2001-01-01,507.71836855208767,,月度,,澳洲,
au,牛,EYCI月均(c/kg cwt)($/Head),2001-02-01,525.4186162958601,,月度,,澳洲,
au,牛,EYCI月均(c/kg cwt)($/Head),2001-03-01,536.685395879468,,月度,,澳洲,
au,牛,EYCI月均(c/kg cwt)($/Head),2001-04-01,544.5220736526946,,月度,,澳洲,
au,牛,EYCI月均(c/kg cwt)($/Head),2001-05-01,524.1317552710699,,月度,,澳洲,
au,牛,EYCI月均(c/kg cwt)($/Head),2001-06-01,535.3703569184892,,月度,,澳洲,
au,牛,EYCI月均(c/kg cwt)($/Head),2001-07-01,550.1940220703609,,月度,,澳洲,
au,牛,EYCI月均(c/kg cwt)($/Head),2001-08-01,619.3670368884697,,月度,,澳洲,
au,牛,EYCI月均(c/kg cwt)($/Head),2001-09-01,655.2873289860853,,月度,,澳洲,
au,牛,EYCI月均(c/kg cwt)($/Head),2001-10-01,602.737424128898,,月度,,澳洲,
au,牛,EYCI月均(c/kg cwt)($/Head),2001-11-01,615.453890177897,,月度,,澳洲,
au,牛,EYCI月均(c/kg cwt)($/Head),2001-12-01,618.9609032807666,,月度,,澳洲,
au,牛,EYCI月均(c/kg cwt)($/Head),2002-01-01,578.1580008367274,,月度,,澳洲,
au,牛,EYCI月均(c/kg cwt)($/Head),2002-02-01,552.6029918039856,,月度,,澳洲,
au,牛,EYCI月均(c/kg cwt)($/Head),2002-03-01,555.6920950656757,,月度,,澳洲,
au,牛,EYCI月均(c/kg cwt)($/Head),2002-04-01,516.2186969713681,,月度,,澳洲,
au,牛,EYCI月均(c/kg cwt)($/Head),2002-05-01,467.3758316651343,,月度,,澳洲,
au,牛,EYCI月均(c/kg cwt)($/Head),2002-06-01,440.56643812699724,,月度,,澳洲,
au,牛,EYCI月均(c/kg cwt)($/Head),2002-07-01,423.295811595265,,月度,,澳洲,
au,牛,EYCI月均(c/kg cwt)($/Head),2002-08-01,406.8088554189286,,月度,,澳洲,
au,牛,EYCI月均(c/kg cwt)($/Head),2002-09-01,455.87267703903564,,月度,,澳洲,
au,牛,EYCI月均(c/kg cwt)($/Head),2002-10-01,413.79570761520387,,月度,,澳洲,
au,牛,EYCI月均(c/kg cwt)($/Head),2002-11-01,391.46305453692935,,月度,,澳洲,
au,牛,EYCI月均(c/kg cwt)($/Head),2002-12-01,440.2543788142588,,月度,,澳洲,
au,牛,EYCI月均(c/kg cwt)($/Head),2003-01-01,437.78272094684894,,月度,,澳洲,
au,牛,EYCI月均(c/kg cwt)($/Head),2003-02-01,455.2359557654104,,月度,,澳洲,
au,牛,EYCI月均(c/kg cwt)($/Head),2003-03-01,556.8374963979849,,月度,,澳洲,
au,牛,EYCI月均(c/kg cwt)($/Head),2003-04-01,539.7272920700917,,月度,,澳洲,
au,牛,EYCI月均(c/kg cwt)($/Head),2003-05-01,497.7019429796676,,月度,,澳洲,
au,牛,EYCI月均(c/kg cwt)($/Head),2003-06-01,498.2540774141936,,月度,,澳洲,
au,牛,EYCI月均(c/kg cwt)($/Head),2003-07-01,541.1528904190055,,月度,,澳洲,
au,牛,EYCI月均(c/kg cwt)($/Head),2003-08-01,572.0077495578663,,月度,,澳洲,
au,牛,EYCI月均(c/kg cwt)($/Head),2003-09-01,594.2966741573474,,月度,,澳洲,
au,牛,EYCI月均(c/kg cwt)($/Head),2003-10-01,602.9404376999347,,月度,,澳洲,
au,牛,EYCI月均(c/kg cwt)($/Head),2003-11-01,577.9633671924618,,月度,,澳洲,
au,牛,EYCI月均(c/kg cwt)($/Head),2003-12-01,561.8337075063336,,月度,,澳洲,
au,牛,EYCI月均(c/kg cwt)($/Head),2004-01-01,589.6346241151372,,月度,,澳洲,
au,牛,EYCI月均(c/kg cwt)($/Head),2004-02-01,586.6503601683264,,月度,,澳洲,
au,牛,EYCI月均(c/kg cwt)($/Head),2004-03-01,577.2129647248684,,月度,,澳洲,
au,牛,EYCI月均(c/kg cwt)($/Head),2004-04-01,563.8958841542017,,月度,,澳洲,
au,牛,EYCI月均(c/kg cwt)($/Head),2004-05-01,557.506315380342,,月度,,澳洲,
au,牛,EYCI月均(c/kg cwt)($/Head),2004-06-01,594.3629642199235,,月度,,澳洲,
au,牛,EYCI月均(c/kg cwt)($/Head),2004-07-01,643.6233888104871,,月度,,澳洲,
au,牛,EYCI月均(c/kg cwt)($/Head),2004-08-01,671.0251479927357,,月度,,澳洲,
au,牛,EYCI月均(c/kg cwt)($/Head),2004-09-01,695.9842364238141,,月度,,澳洲,
au,牛,EYCI月均(c/kg cwt)($/Head),2004-10-01,682.5259938837258,,月度,,澳洲,
au,牛,EYCI月均(c/kg cwt)($/Head),2004-11-01,678.8159320076867,,月度,,澳洲,
au,牛,EYCI月均(c/kg cwt)($/Head),2004-12-01,665.5635059274856,,月度,,澳洲,
au,牛,EYCI月均(c/kg cwt)($/Head),2005-01-01,677.0430796023954,,月度,,澳洲,
au,牛,EYCI月均(c/kg cwt)($/Head),2005-02-01,663.1894260767858,,月度,,澳洲,
au,牛,EYCI月均(c/kg cwt)($/Head),2005-03-01,648.0048595364028,,月度,,澳洲,
au,牛,EYCI月均(c/kg cwt)($/Head),2005-04-01,583.5227141859376,,月度,,澳洲,
au,牛,EYCI月均(c/kg cwt)($/Head),2005-05-01,569.2854210586288,,月度,,澳洲,
au,牛,EYCI月均(c/kg cwt)($/Head),2005-06-01,583.6203429190979,,月度,,澳洲,
au,牛,EYCI月均(c/kg cwt)($/Head),2005-07-01,689.8349040729329,,月度,,澳洲,
au,牛,EYCI月均(c/kg cwt)($/Head),2005-08-01,725.1612513735519,,月度,,澳洲,
au,牛,EYCI月均(c/kg cwt)($/Head),2005-09-01,731.3974437861821,,月度,,澳洲,
au,牛,EYCI月均(c/kg cwt)($/Head),2005-10-01,706.3283668511195,,月度,,澳洲,
au,牛,EYCI月均(c/kg cwt)($/Head),2005-11-01,668.5013046739061,,月度,,澳洲,
au,牛,EYCI月均(c/kg cwt)($/Head),2005-12-01,648.0448400010479,,月度,,澳洲,
au,牛,EYCI月均(c/kg cwt)($/Head),2006-01-01,624.7077976428744,,月度,,澳洲,
au,牛,EYCI月均(c/kg cwt)($/Head),2006-02-01,643.889038111248,,月度,,澳洲,
au,牛,EYCI月均(c/kg cwt)($/Head),2006-03-01,627.6064309683679,,月度,,澳洲,
au,牛,EYCI月均(c/kg cwt)($/Head),2006-04-01,604.1800711304442,,月度,,澳洲,
au,牛,EYCI月均(c/kg cwt)($/Head),2006-05-01,602.851263450715,,月度,,澳洲,
au,牛,EYCI月均(c/kg cwt)($/Head),2006-06-01,591.3031221569968,,月度,,澳洲,
au,牛,EYCI月均(c/kg cwt)($/Head),2006-07-01,646.8119963068966,,月度,,澳洲,
au,牛,EYCI月均(c/kg cwt)($/Head),2006-08-01,663.5847513909927,,月度,,澳洲,
au,牛,EYCI月均(c/kg cwt)($/Head),2006-09-01,625.1176580634207,,月度,,澳洲,
au,牛,EYCI月均(c/kg cwt)($/Head),2006-10-01,510.89886804436924,,月度,,澳洲,
au,牛,EYCI月均(c/kg cwt)($/Head),2006-11-01,537.7926656088835,,月度,,澳洲,
au,牛,EYCI月均(c/kg cwt)($/Head),2006-12-01,498.92043559949667,,月度,,澳洲,
au,牛,EYCI月均(c/kg cwt)($/Head),2007-01-01,544.3805467661003,,月度,,澳洲,
au,牛,EYCI月均(c/kg cwt)($/Head),2007-02-01,567.6717775198833,,月度,,澳洲,
au,牛,EYCI月均(c/kg cwt)($/Head),2007-03-01,590.8501210242702,,月度,,澳洲,
au,牛,EYCI月均(c/kg cwt)($/Head),2007-04-01,529.722389420878,,月度,,澳洲,
au,牛,EYCI月均(c/kg cwt)($/Head),2007-05-01,550.9103507351218,,月度,,澳洲,
au,牛,EYCI月均(c/kg cwt)($/Head),2007-06-01,559.8864677748572,,月度,,澳洲,
au,牛,EYCI月均(c/kg cwt)($/Head),2007-07-01,583.263316424058,,月度,,澳洲,
au,牛,EYCI月均(c/kg cwt)($/Head),2007-08-01,586.4634403616374,,月度,,澳洲,
au,牛,EYCI月均(c/kg cwt)($/Head),2007-09-01,552.0850733150407,,月度,,澳洲,
au,牛,EYCI月均(c/kg cwt)($/Head),2007-10-01,512.3230519506463,,月度,,澳洲,
au,牛,EYCI月均(c/kg cwt)($/Head),2007-11-01,531.3631224632053,,月度,,澳洲,
au,牛,EYCI月均(c/kg cwt)($/Head),2007-12-01,560.1138560710947,,月度,,澳洲,
au,牛,EYCI月均(c/kg cwt)($/Head),2008-01-01,598.7628356206236,,月度,,澳洲,
au,牛,EYCI月均(c/kg cwt)($/Head),2008-02-01,630.336228922417,,月度,,澳洲,
au,牛,EYCI月均(c/kg cwt)($/Head),2008-03-01,577.5849797209278,,月度,,澳洲,
au,牛,EYCI月均(c/kg cwt)($/Head),2008-04-01,568.3701440018759,,月度,,澳洲,
au,牛,EYCI月均(c/kg cwt)($/Head),2008-05-01,551.9710481401006,,月度,,澳洲,
au,牛,EYCI月均(c/kg cwt)($/Head),2008-06-01,574.8698692063676,,月度,,澳洲,
au,牛,EYCI月均(c/kg cwt)($/Head),2008-07-01,616.5277279546984,,月度,,澳洲,
au,牛,EYCI月均(c/kg cwt)($/Head),2008-08-01,633.205499577334,,月度,,澳洲,
au,牛,EYCI月均(c/kg cwt)($/Head),2008-09-01,658.2515700522993,,月度,,澳洲,
au,牛,EYCI月均(c/kg cwt)($/Head),2008-10-01,641.2564160027362,,月度,,澳洲,
au,牛,EYCI月均(c/kg cwt)($/Head),2008-11-01,613.3549134003058,,月度,,澳洲,
au,牛,EYCI月均(c/kg cwt)($/Head),2008-12-01,608.940310237175,,月度,,澳洲,
au,牛,EYCI月均(c/kg cwt)($/Head),2009-01-01,587.7657378373121,,月度,,澳洲,
au,牛,EYCI月均(c/kg cwt)($/Head),2009-02-01,541.9659407441147,,月度,,澳洲,
au,牛,EYCI月均(c/kg cwt)($/Head),2009-03-01,558.9470374848361,,月度,,澳洲,
au,牛,EYCI月均(c/kg cwt)($/Head),2009-04-01,550.0278109500528,,月度,,澳洲,
au,牛,EYCI月均(c/kg cwt)($/Head),2009-05-01,531.3311934573939,,月度,,澳洲,
au,牛,EYCI月均(c/kg cwt)($/Head),2009-06-01,559.0587867842894,,月度,,澳洲,
au,牛,EYCI月均(c/kg cwt)($/Head),2009-07-01,587.8064137381333,,月度,,澳洲,
au,牛,EYCI月均(c/kg cwt)($/Head),2009-08-01,579.7870541129715,,月度,,澳洲,
au,牛,EYCI月均(c/kg cwt)($/Head),2009-09-01,578.1058670010369,,月度,,澳洲,
au,牛,EYCI月均(c/kg cwt)($/Head),2009-10-01,567.6911192146046,,月度,,澳洲,
au,牛,EYCI月均(c/kg cwt)($/Head),2009-11-01,553.5810379595156,,月度,,澳洲,
au,牛,EYCI月均(c/kg cwt)($/Head),2009-12-01,518.960662220531,,月度,,澳洲,
au,牛,EYCI月均(c/kg cwt)($/Head),2010-01-01,577.7043516970823,,月度,,澳洲,
au,牛,EYCI月均(c/kg cwt)($/Head),2010-02-01,601.1882333459826,,月度,,澳洲,
au,牛,EYCI月均(c/kg cwt)($/Head),2010-03-01,624.5744406745581,,月度,,澳洲,
au,牛,EYCI月均(c/kg cwt)($/Head),2010-04-01,606.8199279026346,,月度,,澳洲,
au,牛,EYCI月均(c/kg cwt)($/Head),2010-05-01,603.4267380462946,,月度,,澳洲,
au,牛,EYCI月均(c/kg cwt)($/Head),2010-06-01,609.1714919640996,,月度,,澳洲,
au,牛,EYCI月均(c/kg cwt)($/Head),2010-07-01,633.8316006563024,,月度,,澳洲,
au,牛,EYCI月均(c/kg cwt)($/Head),2010-08-01,653.5143995383916,,月度,,澳洲,
au,牛,EYCI月均(c/kg cwt)($/Head),2010-09-01,663.1568253481473,,月度,,澳洲,
au,牛,EYCI月均(c/kg cwt)($/Head),2010-10-01,661.5922110076278,,月度,,澳洲,
au,牛,EYCI月均(c/kg cwt)($/Head),2010-11-01,671.1293010858983,,月度,,澳洲,
au,牛,EYCI月均(c/kg cwt)($/Head),2010-12-01,731.2501220282379,,月度,,澳洲,
au,牛,EYCI月均(c/kg cwt)($/Head),2011-01-01,745.0101581821208,,月度,,澳洲,
au,牛,EYCI月均(c/kg cwt)($/Head),2011-02-01,738.3839855412624,,月度,,澳洲,
au,牛,EYCI月均(c/kg cwt)($/Head),2011-03-01,769.058703435528,,月度,,澳洲,
au,牛,EYCI月均(c/kg cwt)($/Head),2011-04-01,742.306403618384,,月度,,澳洲,
au,牛,EYCI月均(c/kg cwt)($/Head),2011-05-01,675.6059716645691,,月度,,澳洲,
au,牛,EYCI月均(c/kg cwt)($/Head),2011-06-01,660.1155156429109,,月度,,澳洲,
au,牛,EYCI月均(c/kg cwt)($/Head),2011-07-01,642.742525990206,,月度,,澳洲,
au,牛,EYCI月均(c/kg cwt)($/Head),2011-08-01,671.3931972111321,,月度,,澳洲,
au,牛,EYCI月均(c/kg cwt)($/Head),2011-09-01,708.7813735899215,,月度,,澳洲,
au,牛,EYCI月均(c/kg cwt)($/Head),2011-10-01,722.7646543485298,,月度,,澳洲,
au,牛,EYCI月均(c/kg cwt)($/Head),2011-11-01,725.5856454400472,,月度,,澳洲,
au,牛,EYCI月均(c/kg cwt)($/Head),2011-12-01,754.3713582103724,,月度,,澳洲,
au,牛,EYCI月均(c/kg cwt)($/Head),2012-01-01,721.4914645124541,,月度,,澳洲,
au,牛,EYCI月均(c/kg cwt)($/Head),2012-02-01,716.9731377270463,,月度,,澳洲,
au,牛,EYCI月均(c/kg cwt)($/Head),2012-03-01,705.1608389170134,,月度,,澳洲,
au,牛,EYCI月均(c/kg cwt)($/Head),2012-04-01,669.3624171197791,,月度,,澳洲,
au,牛,EYCI月均(c/kg cwt)($/Head),2012-05-01,647.0219516881997,,月度,,澳洲,
au,牛,EYCI月均(c/kg cwt)($/Head),2012-06-01,645.1074804184454,,月度,,澳洲,
au,牛,EYCI月均(c/kg cwt)($/Head),2012-07-01,676.5999527233647,,月度,,澳洲,
au,牛,EYCI月均(c/kg cwt)($/Head),2012-08-01,685.7009224081764,,月度,,澳洲,
au,牛,EYCI月均(c/kg cwt)($/Head),2012-09-01,663.7440824816547,,月度,,澳洲,
au,牛,EYCI月均(c/kg cwt)($/Head),2012-10-01,649.7056567585171,,月度,,澳洲,
au,牛,EYCI月均(c/kg cwt)($/Head),2012-11-01,622.8333825370914,,月度,,澳洲,
au,牛,EYCI月均(c/kg cwt)($/Head),2012-12-01,587.3477279796599,,月度,,澳洲,
au,牛,EYCI月均(c/kg cwt)($/Head),2013-01-01,576.7353931043855,,月度,,澳洲,
au,牛,EYCI月均(c/kg cwt)($/Head),2013-02-01,609.0870031344782,,月度,,澳洲,
au,牛,EYCI月均(c/kg cwt)($/Head),2013-03-01,604.243132489217,,月度,,澳洲,
au,牛,EYCI月均(c/kg cwt)($/Head),2013-04-01,559.1929843772124,,月度,,澳洲,
au,牛,EYCI月均(c/kg cwt)($/Head),2013-05-01,510.7527505176675,,月度,,澳洲,
au,牛,EYCI月均(c/kg cwt)($/Head),2013-06-01,545.4260497418906,,月度,,澳洲,
au,牛,EYCI月均(c/kg cwt)($/Head),2013-07-01,587.7145114692605,,月度,,澳洲,
au,牛,EYCI月均(c/kg cwt)($/Head),2013-08-01,590.4624087346064,,月度,,澳洲,
au,牛,EYCI月均(c/kg cwt)($/Head),2013-09-01,596.2330504162885,,月度,,澳洲,
au,牛,EYCI月均(c/kg cwt)($/Head),2013-10-01,574.9009338393488,,月度,,澳洲,
au,牛,EYCI月均(c/kg cwt)($/Head),2013-11-01,597.407758064176,,月度,,澳洲,
au,牛,EYCI月均(c/kg cwt)($/Head),2013-12-01,604.0409371873764,,月度,,澳洲,
au,牛,EYCI月均(c/kg cwt)($/Head),2014-01-01,544.2747490979301,,月度,,澳洲,
au,牛,EYCI月均(c/kg cwt)($/Head),2014-02-01,543.1743195958835,,月度,,澳洲,
au,牛,EYCI月均(c/kg cwt)($/Head),2014-03-01,578.6842113870464,,月度,,澳洲,
au,牛,EYCI月均(c/kg cwt)($/Head),2014-04-01,645.6962199029142,,月度,,澳洲,
au,牛,EYCI月均(c/kg cwt)($/Head),2014-05-01,622.8221984967929,,月度,,澳洲,
au,牛,EYCI月均(c/kg cwt)($/Head),2014-06-01,609.5331317746359,,月度,,澳洲,
au,牛,EYCI月均(c/kg cwt)($/Head),2014-07-01,632.6814256263035,,月度,,澳洲,
au,牛,EYCI月均(c/kg cwt)($/Head),2014-08-01,667.3853840531305,,月度,,澳洲,
au,牛,EYCI月均(c/kg cwt)($/Head),2014-09-01,696.0234647859339,,月度,,澳洲,
au,牛,EYCI月均(c/kg cwt)($/Head),2014-10-01,682.5927332726068,,月度,,澳洲,
au,牛,EYCI月均(c/kg cwt)($/Head),2014-11-01,641.4364321906712,,月度,,澳洲,
au,牛,EYCI月均(c/kg cwt)($/Head),2014-12-01,708.8080212501196,,月度,,澳洲,
au,牛,EYCI月均(c/kg cwt)($/Head),2015-01-01,813.6339910671584,,月度,,澳洲,
au,牛,EYCI月均(c/kg cwt)($/Head),2015-02-01,858.5435601913188,,月度,,澳洲,
au,牛,EYCI月均(c/kg cwt)($/Head),2015-03-01,793.136800194857,,月度,,澳洲,
au,牛,EYCI月均(c/kg cwt)($/Head),2015-04-01,814.9589983558766,,月度,,澳洲,
au,牛,EYCI月均(c/kg cwt)($/Head),2015-05-01,883.3391273001936,,月度,,澳洲,
au,牛,EYCI月均(c/kg cwt)($/Head),2015-06-01,881.6900577847033,,月度,,澳洲,
au,牛,EYCI月均(c/kg cwt)($/Head),2015-07-01,1003.4855906993229,,月度,,澳洲,
au,牛,EYCI月均(c/kg cwt)($/Head),2015-08-01,1066.0476525553815,,月度,,澳洲,
au,牛,EYCI月均(c/kg cwt)($/Head),2015-09-01,1119.2208168559198,,月度,,澳洲,
au,牛,EYCI月均(c/kg cwt)($/Head),2015-10-01,1040.6218650882304,,月度,,澳洲,
au,牛,EYCI月均(c/kg cwt)($/Head),2015-11-01,1114.2436006902294,,月度,,澳洲,
au,牛,EYCI月均(c/kg cwt)($/Head),2015-12-01,1091.1326544636286,,月度,,澳洲,
au,牛,EYCI月均(c/kg cwt)($/Head),2016-01-01,1092.3782688656756,,月度,,澳洲,
au,牛,EYCI月均(c/kg cwt)($/Head),2016-02-01,1102.7778860053636,,月度,,澳洲,
au,牛,EYCI月均(c/kg cwt)($/Head),2016-03-01,1078.9653472473435,,月度,,澳洲,
au,牛,EYCI月均(c/kg cwt)($/Head),2016-04-01,997.7727474963929,,月度,,澳洲,
au,牛,EYCI月均(c/kg cwt)($/Head),2016-05-01,1003.9594248700124,,月度,,澳洲,
au,牛,EYCI月均(c/kg cwt)($/Head),2016-06-01,1101.8107118203698,,月度,,澳洲,
au,牛,EYCI月均(c/kg cwt)($/Head),2016-07-01,1169.351709766436,,月度,,澳洲,
au,牛,EYCI月均(c/kg cwt)($/Head),2016-08-01,1278.148363041972,,月度,,澳洲,
au,牛,EYCI月均(c/kg cwt)($/Head),2016-09-01,1308.6828914723285,,月度,,澳洲,
au,牛,EYCI月均(c/kg cwt)($/Head),2016-10-01,1290.8022083037158,,月度,,澳洲,
au,牛,EYCI月均(c/kg cwt)($/Head),2016-11-01,1212.020243961466,,月度,,澳洲,
au,牛,EYCI月均(c/kg cwt)($/Head),2016-12-01,1187.6954899405687,,月度,,澳洲,
au,牛,EYCI月均(c/kg cwt)($/Head),2017-01-01,1177.259830851103,,月度,,澳洲,
au,牛,EYCI月均(c/kg cwt)($/Head),2017-02-01,1159.0208821093684,,月度,,澳洲,
au,牛,EYCI月均(c/kg cwt)($/Head),2017-03-01,1104.8480301227758,,月度,,澳洲,
au,牛,EYCI月均(c/kg cwt)($/Head),2017-04-01,1159.4393618793845,,月度,,澳洲,
au,牛,EYCI月均(c/kg cwt)($/Head),2017-05-01,1128.816281636944,,月度,,澳洲,
au,牛,EYCI月均(c/kg cwt)($/Head),2017-06-01,1075.330382162913,,月度,,澳洲,
au,牛,EYCI月均(c/kg cwt)($/Head),2017-07-01,1031.5986826135672,,月度,,澳洲,
au,牛,EYCI月均(c/kg cwt)($/Head),2017-08-01,989.7132566723495,,月度,,澳洲,
au,牛,EYCI月均(c/kg cwt)($/Head),2017-09-01,943.6054866976257,,月度,,澳洲,
au,牛,EYCI月均(c/kg cwt)($/Head),2017-10-01,1011.6752785236419,,月度,,澳洲,
au,牛,EYCI月均(c/kg cwt)($/Head),2017-11-01,1091.7716555907282,,月度,,澳洲,
au,牛,EYCI月均(c/kg cwt)($/Head),2017-12-01,1049.838266048849,,月度,,澳洲,
au,牛,EYCI月均(c/kg cwt)($/Head),2018-01-01,980.6759624096449,,月度,,澳洲,
au,牛,EYCI月均(c/kg cwt)($/Head),2018-02-01,938.8590555226742,,月度,,澳洲,
au,牛,EYCI月均(c/kg cwt)($/Head),2018-03-01,1000.097116621903,,月度,,澳洲,
au,牛,EYCI月均(c/kg cwt)($/Head),2018-04-01,892.7302827916828,,月度,,澳洲,
au,牛,EYCI月均(c/kg cwt)($/Head),2018-05-01,825.4212694160626,,月度,,澳洲,
au,牛,EYCI月均(c/kg cwt)($/Head),2018-06-01,819.5330605319061,,月度,,澳洲,
au,牛,EYCI月均(c/kg cwt)($/Head),2018-07-01,875.4089113112295,,月度,,澳洲,
au,牛,EYCI月均(c/kg cwt)($/Head),2018-08-01,775.7577601685315,,月度,,澳洲,
au,牛,EYCI月均(c/kg cwt)($/Head),2018-09-01,869.5741496838564,,月度,,澳洲,
au,牛,EYCI月均(c/kg cwt)($/Head),2018-10-01,882.4538225545791,,月度,,澳洲,
au,牛,EYCI月均(c/kg cwt)($/Head),2018-11-01,924.3362961438878,,月度,,澳洲,
au,牛,EYCI月均(c/kg cwt)($/Head),2018-12-01,912.0218217470057,,月度,,澳洲,
au,牛,EYCI月均(c/kg cwt)($/Head),2019-01-01,885.2703372742197,,月度,,澳洲,
au,牛,EYCI月均(c/kg cwt)($/Head),2019-02-01,792.8426706421396,,月度,,澳洲,
au,牛,EYCI月均(c/kg cwt)($/Head),2019-03-01,732.825048119198,,月度,,澳洲,
au,牛,EYCI月均(c/kg cwt)($/Head),2019-04-01,816.5554304318339,,月度,,澳洲,
au,牛,EYCI月均(c/kg cwt)($/Head),2019-05-01,804.2711791989419,,月度,,澳洲,
au,牛,EYCI月均(c/kg cwt)($/Head),2019-06-01,815.8103784987504,,月度,,澳洲,
au,牛,EYCI月均(c/kg cwt)($/Head),2019-07-01,881.4788866559746,,月度,,澳洲,
au,牛,EYCI月均(c/kg cwt)($/Head),2019-08-01,906.5814973686348,,月度,,澳洲,
au,牛,EYCI月均(c/kg cwt)($/Head),2019-09-01,859.0785982052076,,月度,,澳洲,
au,牛,EYCI月均(c/kg cwt)($/Head),2019-10-01,884.368948735486,,月度,,澳洲,
au,牛,EYCI月均(c/kg cwt)($/Head),2019-11-01,926.8051395874896,,月度,,澳洲,
au,牛,EYCI月均(c/kg cwt)($/Head),2019-12-01,876.2793830613183,,月度,,澳洲,
au,牛,EYCI月均(c/kg cwt)($/Head),2020-01-01,958.1860655309723,,月度,,澳洲,
au,牛,EYCI月均(c/kg cwt)($/Head),2020-02-01,1216.169136123378,,月度,,澳洲,
au,牛,EYCI月均(c/kg cwt)($/Head),2020-03-01,1317.5349389960645,,月度,,澳洲,
au,牛,EYCI月均(c/kg cwt)($/Head),2020-04-01,1201.121177117382,,月度,,澳洲,
au,牛,EYCI月均(c/kg cwt)($/Head),2020-05-01,1250.1336127642342,,月度,,澳洲,
au,牛,EYCI月均(c/kg cwt)($/Head),2020-06-01,1298.2092679568411,,月度,,澳洲,
au,牛,EYCI月均(c/kg cwt)($/Head),2020-07-01,1325.1885346398785,,月度,,澳洲,
au,牛,EYCI月均(c/kg cwt)($/Head),2020-08-01,1345.8954803809993,,月度,,澳洲,
au,牛,EYCI月均(c/kg cwt)($/Head),2020-09-01,1374.6217075698,,月度,,澳洲,
au,牛,EYCI月均(c/kg cwt)($/Head),2020-10-01,1457.7638548221732,,月度,,澳洲,
au,牛,EYCI月均(c/kg cwt)($/Head),2020-11-01,1528.6783254977809,,月度,,澳洲,
au,牛,EYCI月均(c/kg cwt)($/Head),2020-12-01,1461.5189651295836,,月度,,澳洲,
au,牛,EYCI月均(c/kg cwt)($/Head),2021-01-01,1599.742472297228,,月度,,澳洲,
au,牛,EYCI月均(c/kg cwt)($/Head),2021-02-01,1627.2196806056622,,月度,,澳洲,
au,牛,EYCI月均(c/kg cwt)($/Head),2021-03-01,1619.8456070132563,,月度,,澳洲,
au,牛,EYCI月均(c/kg cwt)($/Head),2021-04-01,1647.3265310973184,,月度,,澳洲,
au,牛,EYCI月均(c/kg cwt)($/Head),2021-05-01,1634.4884710251588,,月度,,澳洲,
au,牛,EYCI月均(c/kg cwt)($/Head),2021-06-01,1666.2089883025517,,月度,,澳洲,
au,牛,EYCI月均(c/kg cwt)($/Head),2021-07-01,1748.237910051378,,月度,,澳洲,
au,牛,EYCI月均(c/kg cwt)($/Head),2021-08-01,1826.8618687729713,,月度,,澳洲,
au,牛,EYCI月均(c/kg cwt)($/Head),2021-09-01,1859.4131958016771,,月度,,澳洲,
au,牛,EYCI月均(c/kg cwt)($/Head),2021-10-01,1973.5437975978512,,月度,,澳洲,
au,牛,EYCI月均(c/kg cwt)($/Head),2021-11-01,2051.9553564148014,,月度,,澳洲,
au,牛,EYCI月均(c/kg cwt)($/Head),2021-12-01,2138.659181968959,,月度,,澳洲,
au,牛,EYCI月均(c/kg cwt)($/Head),2022-01-01,2083.399968670643,,月度,,澳洲,
au,牛,EYCI月均(c/kg cwt)($/Head),2022-02-01,2122.0100385466635,,月度,,澳洲,
au,牛,EYCI月均(c/kg cwt)($/Head),2022-03-01,2131.4593620733167,,月度,,澳洲,
au,牛,EYCI月均(c/kg cwt)($/Head),2022-04-01,2026.4754463824852,,月度,,澳洲,
au,牛,EYCI月均(c/kg cwt)($/Head),2022-05-01,2033.5032827177956,,月度,,澳洲,
au,牛,EYCI月均(c/kg cwt)($/Head),2022-06-01,1901.5671703080086,,月度,,澳洲,
au,牛,EYCI月均(c/kg cwt)($/Head),2022-07-01,1706.1203544218308,,月度,,澳洲,
au,牛,EYCI月均(c/kg cwt)($/Head),2022-08-01,1743.0327482394134,,月度,,澳洲,
au,牛,EYCI月均(c/kg cwt)($/Head),2022-09-01,1913.6336036102275,,月度,,澳洲,
au,牛,EYCI月均(c/kg cwt)($/Head),2022-10-01,1960.6958680520925,,月度,,澳洲,
au,牛,EYCI月均(c/kg cwt)($/Head),2022-11-01,1844.037660032144,,月度,,澳洲,
au,牛,EYCI月均(c/kg cwt)($/Head),2022-12-01,1676.084451689331,,月度,,澳洲,
au,牛,EYCI月均(c/kg cwt)($/Head),2023-01-01,1533.1024216550693,,月度,,澳洲,
au,牛,EYCI月均(c/kg cwt)($/Head),2023-02-01,1437.3411519224653,,月度,,澳洲,
au,牛,EYCI月均(c/kg cwt)($/Head),2023-03-01,1266.6806921127084,,月度,,澳洲,
au,牛,EYCI月均(c/kg cwt)($/Head),2023-04-01,1241.975323479032,,月度,,澳洲,
au,牛,EYCI月均(c/kg cwt)($/Head),2023-05-01,1131.380111578457,,月度,,澳洲,
au,牛,EYCI月均(c/kg cwt)($/Head),2023-06-01,1008.2114097206315,,月度,,澳洲,
au,牛,EYCI月均(c/kg cwt)($/Head),2023-07-01,1009.0673667339174,,月度,,澳洲,
au,牛,EYCI月均(c/kg cwt)($/Head),2023-08-01,985.5805661102308,,月度,,澳洲,
au,牛,EYCI月均(c/kg cwt)($/Head),2023-09-01,773.8282501583215,,月度,,澳洲,
au,牛,EYCI月均(c/kg cwt)($/Head),2023-10-01,659.910835348244,,月度,,澳洲,
au,牛,EYCI月均(c/kg cwt)($/Head),2023-11-01,846.3373171129729,,月度,,澳洲,
au,牛,EYCI月均(c/kg cwt)($/Head),2023-12-01,1005.7490701335298,,月度,,澳洲,
au,牛,EYCI月均(c/kg cwt)($/Head),2024-01-01,1166.8280732317683,,月度,,澳洲,
au,牛,EYCI月均(c/kg cwt)($/Head),2024-02-01,1245.5547159075857,,月度,,澳洲,
au,牛,EYCI月均(c/kg cwt)($/Head),2024-03-01,1123.7301742243167,,月度,,澳洲,
au,牛,EYCI月均(c/kg cwt)($/Head),2024-04-01,1115.9246148817156,,月度,,澳洲,
au,牛,EYCI月均(c/kg cwt)($/Head),2024-05-01,1105.2305571811423,,月度,,澳洲,
au,牛,EYCI月均(c/kg cwt)($/Head),2024-06-01,1084.3151449404324,,月度,,澳洲,
au,牛,EYCI月均(c/kg cwt)($/Head),2024-07-01,1157.65857097573,,月度,,澳洲,
au,牛,EYCI月均(c/kg cwt)($/Head),2024-08-01,1257.5763054120102,,月度,,澳洲,
au,牛,EYCI月均(c/kg cwt)($/Head),2024-09-01,1265.1007678017427,,月度,,澳洲,
au,牛,EYCI月均(c/kg cwt)($/Head),2024-10-01,1203.0994760587203,,月度,,澳洲,
au,牛,EYCI月均(c/kg cwt)($/Head),2024-11-01,1214.7187452361986,,月度,,澳洲,
au,牛,EYCI月均(c/kg cwt)($/Head),2024-12-01,1289.0844729691237,,月度,,澳洲,
au,牛,EYCI月均(c/kg cwt)($/Head),2025-01-01,1321.6853598573457,,月度,,澳洲,
au,牛,EYCI月均(c/kg cwt)($/Head),2025-02-01,1244.7236983175785,,月度,,澳洲,
au,牛,EYCI月均(c/kg cwt)($/Head),2025-03-01,1260.25517633193,,月度,,澳洲,
au,牛,EYCI月均(c/kg cwt)($/Head),2025-04-01,1328.9199079777147,,月度,,澳洲,
au,牛,EYCI月均(c/kg cwt)($/Head),2025-05-01,1260.1888569542382,,月度,,澳洲,
au,牛,EYCI月均(c/kg cwt)($/Head),2025-06-01,1303.6712301825733,,月度,,澳洲,
au,牛,EYCI月均(c/kg cwt)($/Head),2025-07-01,1397.6062875308828,,月度,,澳洲,
au,牛,EYCI月均(c/kg cwt)($/Head),2025-08-01,1616.8677237771708,,月度,,澳洲,
au,牛,EYCI月均(c/kg cwt)($/Head),2025-09-01,1712.278067038734,,月度,,澳洲,
au,牛,EYCI月均(c/kg cwt)($/Head),2025-10-01,1620.942297659243,,月度,,澳洲,
au,牛,EYCI月均(c/kg cwt)($/Head),2025-11-01,1732.561745342698,,月度,,澳洲,
au,牛,EYCI月均(c/kg cwt)($/Head),2025-12-01,1624.9181046302056,,月度,,澳洲,
au,牛,EYCI月均(c/kg cwt)($/Head),2026-01-01,1607.4783526565711,,月度,,澳洲,
au,牛,EYCI月均(c/kg cwt)($/Head),2026-02-01,1617.7892929640757,,月度,,澳洲,
au,牛,EYCI月均(c/kg cwt)($/Head),2026-03-01,1626.6189542451154,,月度,,澳洲,
au,牛,EYCI月均(c/kg cwt)($/Head),2026-04-01,1438.6356723457363,,月度,,澳洲,
au,牛,EYCI月均(c/kg cwt)($/Head),2026-05-01,1545.4463199719353,,月度,,澳洲,
au,牛,EYCI月均(c/kg cwt)($/Head),2026-06-01,1735.5783358589042,,月度,,澳洲,
au,牛,EYCI月均(c/kg cwt)($/Head),2026-07-01,1781.2867423186647,,月度,,澳洲,
au,牛,EYCI月成交头数,2000-01-01,57228.0,,月度,,澳洲,
au,牛,EYCI月成交头数,2000-02-01,73895.0,,月度,,澳洲,
au,牛,EYCI月成交头数,2000-03-01,76498.0,,月度,,澳洲,
au,牛,EYCI月成交头数,2000-04-01,61386.0,,月度,,澳洲,
au,牛,EYCI月成交头数,2000-05-01,99365.0,,月度,,澳洲,
au,牛,EYCI月成交头数,2000-06-01,74566.0,,月度,,澳洲,
au,牛,EYCI月成交头数,2000-07-01,76168.0,,月度,,澳洲,
au,牛,EYCI月成交头数,2000-08-01,74053.0,,月度,,澳洲,
au,牛,EYCI月成交头数,2000-09-01,75952.0,,月度,,澳洲,
au,牛,EYCI月成交头数,2000-10-01,63320.0,,月度,,澳洲,
au,牛,EYCI月成交头数,2000-11-01,72096.0,,月度,,澳洲,
au,牛,EYCI月成交头数,2000-12-01,52921.0,,月度,,澳洲,
au,牛,EYCI月成交头数,2001-01-01,62208.0,,月度,,澳洲,
au,牛,EYCI月成交头数,2001-02-01,66876.0,,月度,,澳洲,
au,牛,EYCI月成交头数,2001-03-01,76165.0,,月度,,澳洲,
au,牛,EYCI月成交头数,2001-04-01,72796.0,,月度,,澳洲,
au,牛,EYCI月成交头数,2001-05-01,88097.0,,月度,,澳洲,
au,牛,EYCI月成交头数,2001-06-01,74612.0,,月度,,澳洲,
au,牛,EYCI月成交头数,2001-07-01,71006.0,,月度,,澳洲,
au,牛,EYCI月成交头数,2001-08-01,71558.0,,月度,,澳洲,
au,牛,EYCI月成交头数,2001-09-01,63378.0,,月度,,澳洲,
au,牛,EYCI月成交头数,2001-10-01,68125.0,,月度,,澳洲,
au,牛,EYCI月成交头数,2001-11-01,71274.0,,月度,,澳洲,
au,牛,EYCI月成交头数,2001-12-01,44897.0,,月度,,澳洲,
au,牛,EYCI月成交头数,2002-01-01,68229.0,,月度,,澳洲,
au,牛,EYCI月成交头数,2002-02-01,63576.0,,月度,,澳洲,
au,牛,EYCI月成交头数,2002-03-01,77176.0,,月度,,澳洲,
au,牛,EYCI月成交头数,2002-04-01,70085.0,,月度,,澳洲,
au,牛,EYCI月成交头数,2002-05-01,80984.0,,月度,,澳洲,
au,牛,EYCI月成交头数,2002-06-01,60560.0,,月度,,澳洲,
au,牛,EYCI月成交头数,2002-07-01,77111.0,,月度,,澳洲,
au,牛,EYCI月成交头数,2002-08-01,78713.0,,月度,,澳洲,
au,牛,EYCI月成交头数,2002-09-01,69549.0,,月度,,澳洲,
au,牛,EYCI月成交头数,2002-10-01,73741.0,,月度,,澳洲,
au,牛,EYCI月成交头数,2002-11-01,73908.0,,月度,,澳洲,
au,牛,EYCI月成交头数,2002-12-01,50149.0,,月度,,澳洲,
au,牛,EYCI月成交头数,2003-01-01,56126.0,,月度,,澳洲,
au,牛,EYCI月成交头数,2003-02-01,68254.0,,月度,,澳洲,
au,牛,EYCI月成交头数,2003-03-01,71947.0,,月度,,澳洲,
au,牛,EYCI月成交头数,2003-04-01,51650.0,,月度,,澳洲,
au,牛,EYCI月成交头数,2003-05-01,70484.0,,月度,,澳洲,
au,牛,EYCI月成交头数,2003-06-01,73889.0,,月度,,澳洲,
au,牛,EYCI月成交头数,2003-07-01,85750.0,,月度,,澳洲,
au,牛,EYCI月成交头数,2003-08-01,90124.0,,月度,,澳洲,
au,牛,EYCI月成交头数,2003-09-01,111856.0,,月度,,澳洲,
au,牛,EYCI月成交头数,2003-10-01,115141.0,,月度,,澳洲,
au,牛,EYCI月成交头数,2003-11-01,112116.0,,月度,,澳洲,
au,牛,EYCI月成交头数,2003-12-01,84137.0,,月度,,澳洲,
au,牛,EYCI月成交头数,2004-01-01,105222.0,,月度,,澳洲,
au,牛,EYCI月成交头数,2004-02-01,91719.0,,月度,,澳洲,
au,牛,EYCI月成交头数,2004-03-01,115426.0,,月度,,澳洲,
au,牛,EYCI月成交头数,2004-04-01,94951.0,,月度,,澳洲,
au,牛,EYCI月成交头数,2004-05-01,116456.0,,月度,,澳洲,
au,牛,EYCI月成交头数,2004-06-01,101536.0,,月度,,澳洲,
au,牛,EYCI月成交头数,2004-07-01,100234.0,,月度,,澳洲,
au,牛,EYCI月成交头数,2004-08-01,90317.0,,月度,,澳洲,
au,牛,EYCI月成交头数,2004-09-01,92239.0,,月度,,澳洲,
au,牛,EYCI月成交头数,2004-10-01,88681.0,,月度,,澳洲,
au,牛,EYCI月成交头数,2004-11-01,108343.0,,月度,,澳洲,
au,牛,EYCI月成交头数,2004-12-01,98403.0,,月度,,澳洲,
au,牛,EYCI月成交头数,2005-01-01,101472.0,,月度,,澳洲,
au,牛,EYCI月成交头数,2005-02-01,101220.0,,月度,,澳洲,
au,牛,EYCI月成交头数,2005-03-01,114901.0,,月度,,澳洲,
au,牛,EYCI月成交头数,2005-04-01,102861.0,,月度,,澳洲,
au,牛,EYCI月成交头数,2005-05-01,121766.0,,月度,,澳洲,
au,牛,EYCI月成交头数,2005-06-01,79601.0,,月度,,澳洲,
au,牛,EYCI月成交头数,2005-07-01,96620.0,,月度,,澳洲,
au,牛,EYCI月成交头数,2005-08-01,106256.0,,月度,,澳洲,
au,牛,EYCI月成交头数,2005-09-01,88318.0,,月度,,澳洲,
au,牛,EYCI月成交头数,2005-10-01,99690.0,,月度,,澳洲,
au,牛,EYCI月成交头数,2005-11-01,100626.0,,月度,,澳洲,
au,牛,EYCI月成交头数,2005-12-01,81150.0,,月度,,澳洲,
au,牛,EYCI月成交头数,2006-01-01,92009.0,,月度,,澳洲,
au,牛,EYCI月成交头数,2006-02-01,108520.0,,月度,,澳洲,
au,牛,EYCI月成交头数,2006-03-01,129508.0,,月度,,澳洲,
au,牛,EYCI月成交头数,2006-04-01,89514.0,,月度,,澳洲,
au,牛,EYCI月成交头数,2006-05-01,149915.0,,月度,,澳洲,
au,牛,EYCI月成交头数,2006-06-01,105036.0,,月度,,澳洲,
au,牛,EYCI月成交头数,2006-07-01,100387.0,,月度,,澳洲,
au,牛,EYCI月成交头数,2006-08-01,106658.0,,月度,,澳洲,
au,牛,EYCI月成交头数,2006-09-01,98548.0,,月度,,澳洲,
au,牛,EYCI月成交头数,2006-10-01,123207.0,,月度,,澳洲,
au,牛,EYCI月成交头数,2006-11-01,172679.0,,月度,,澳洲,
au,牛,EYCI月成交头数,2006-12-01,82960.0,,月度,,澳洲,
au,牛,EYCI月成交头数,2007-01-01,116016.0,,月度,,澳洲,
au,牛,EYCI月成交头数,2007-02-01,110714.0,,月度,,澳洲,
au,牛,EYCI月成交头数,2007-03-01,117091.0,,月度,,澳洲,
au,牛,EYCI月成交头数,2007-04-01,92369.0,,月度,,澳洲,
au,牛,EYCI月成交头数,2007-05-01,112524.0,,月度,,澳洲,
au,牛,EYCI月成交头数,2007-06-01,93879.0,,月度,,澳洲,
au,牛,EYCI月成交头数,2007-07-01,107426.0,,月度,,澳洲,
au,牛,EYCI月成交头数,2007-08-01,91013.0,,月度,,澳洲,
au,牛,EYCI月成交头数,2007-09-01,108826.0,,月度,,澳洲,
au,牛,EYCI月成交头数,2007-10-01,127772.0,,月度,,澳洲,
au,牛,EYCI月成交头数,2007-11-01,136362.0,,月度,,澳洲,
au,牛,EYCI月成交头数,2007-12-01,96259.0,,月度,,澳洲,
au,牛,EYCI月成交头数,2008-01-01,109438.0,,月度,,澳洲,
au,牛,EYCI月成交头数,2008-02-01,146081.0,,月度,,澳洲,
au,牛,EYCI月成交头数,2008-03-01,104990.0,,月度,,澳洲,
au,牛,EYCI月成交头数,2008-04-01,147195.0,,月度,,澳洲,
au,牛,EYCI月成交头数,2008-05-01,125913.0,,月度,,澳洲,
au,牛,EYCI月成交头数,2008-06-01,125585.0,,月度,,澳洲,
au,牛,EYCI月成交头数,2008-07-01,119810.0,,月度,,澳洲,
au,牛,EYCI月成交头数,2008-08-01,109194.0,,月度,,澳洲,
au,牛,EYCI月成交头数,2008-09-01,104493.0,,月度,,澳洲,
au,牛,EYCI月成交头数,2008-10-01,142738.0,,月度,,澳洲,
au,牛,EYCI月成交头数,2008-11-01,107210.0,,月度,,澳洲,
au,牛,EYCI月成交头数,2008-12-01,87559.0,,月度,,澳洲,
au,牛,EYCI月成交头数,2009-01-01,92355.0,,月度,,澳洲,
au,牛,EYCI月成交头数,2009-02-01,126367.0,,月度,,澳洲,
au,牛,EYCI月成交头数,2009-03-01,157512.0,,月度,,澳洲,
au,牛,EYCI月成交头数,2009-04-01,135700.0,,月度,,澳洲,
au,牛,EYCI月成交头数,2009-05-01,145545.0,,月度,,澳洲,
au,牛,EYCI月成交头数,2009-06-01,114337.0,,月度,,澳洲,
au,牛,EYCI月成交头数,2009-07-01,139438.0,,月度,,澳洲,
au,牛,EYCI月成交头数,2009-08-01,126655.0,,月度,,澳洲,
au,牛,EYCI月成交头数,2009-09-01,139154.0,,月度,,澳洲,
au,牛,EYCI月成交头数,2009-10-01,130269.0,,月度,,澳洲,
au,牛,EYCI月成交头数,2009-11-01,132209.0,,月度,,澳洲,
au,牛,EYCI月成交头数,2009-12-01,90646.0,,月度,,澳洲,
au,牛,EYCI月成交头数,2010-01-01,82593.0,,月度,,澳洲,
au,牛,EYCI月成交头数,2010-02-01,166312.0,,月度,,澳洲,
au,牛,EYCI月成交头数,2010-03-01,165055.0,,月度,,澳洲,
au,牛,EYCI月成交头数,2010-04-01,168117.0,,月度,,澳洲,
au,牛,EYCI月成交头数,2010-05-01,194100.0,,月度,,澳洲,
au,牛,EYCI月成交头数,2010-06-01,178030.0,,月度,,澳洲,
au,牛,EYCI月成交头数,2010-07-01,143519.0,,月度,,澳洲,
au,牛,EYCI月成交头数,2010-08-01,147479.0,,月度,,澳洲,
au,牛,EYCI月成交头数,2010-09-01,142144.0,,月度,,澳洲,
au,牛,EYCI月成交头数,2010-10-01,160757.0,,月度,,澳洲,
au,牛,EYCI月成交头数,2010-11-01,153625.0,,月度,,澳洲,
au,牛,EYCI月成交头数,2010-12-01,122078.0,,月度,,澳洲,
au,牛,EYCI月成交头数,2011-01-01,145404.0,,月度,,澳洲,
au,牛,EYCI月成交头数,2011-02-01,182862.0,,月度,,澳洲,
au,牛,EYCI月成交头数,2011-03-01,202355.0,,月度,,澳洲,
au,牛,EYCI月成交头数,2011-04-01,153460.0,,月度,,澳洲,
au,牛,EYCI月成交头数,2011-05-01,170605.0,,月度,,澳洲,
au,牛,EYCI月成交头数,2011-06-01,151771.0,,月度,,澳洲,
au,牛,EYCI月成交头数,2011-07-01,155525.0,,月度,,澳洲,
au,牛,EYCI月成交头数,2011-08-01,154636.0,,月度,,澳洲,
au,牛,EYCI月成交头数,2011-09-01,157074.0,,月度,,澳洲,
au,牛,EYCI月成交头数,2011-10-01,151470.0,,月度,,澳洲,
au,牛,EYCI月成交头数,2011-11-01,178082.0,,月度,,澳洲,
au,牛,EYCI月成交头数,2011-12-01,111190.0,,月度,,澳洲,
au,牛,EYCI月成交头数,2012-01-01,148351.0,,月度,,澳洲,
au,牛,EYCI月成交头数,2012-02-01,125117.0,,月度,,澳洲,
au,牛,EYCI月成交头数,2012-03-01,194675.0,,月度,,澳洲,
au,牛,EYCI月成交头数,2012-04-01,145950.0,,月度,,澳洲,
au,牛,EYCI月成交头数,2012-05-01,212049.0,,月度,,澳洲,
au,牛,EYCI月成交头数,2012-06-01,138343.0,,月度,,澳洲,
au,牛,EYCI月成交头数,2012-07-01,170703.0,,月度,,澳洲,
au,牛,EYCI月成交头数,2012-08-01,134107.0,,月度,,澳洲,
au,牛,EYCI月成交头数,2012-09-01,141055.0,,月度,,澳洲,
au,牛,EYCI月成交头数,2012-10-01,133777.0,,月度,,澳洲,
au,牛,EYCI月成交头数,2012-11-01,152595.0,,月度,,澳洲,
au,牛,EYCI月成交头数,2012-12-01,86679.0,,月度,,澳洲,
au,牛,EYCI月成交头数,2013-01-01,97808.0,,月度,,澳洲,
au,牛,EYCI月成交头数,2013-02-01,137194.0,,月度,,澳洲,
au,牛,EYCI月成交头数,2013-03-01,134707.0,,月度,,澳洲,
au,牛,EYCI月成交头数,2013-04-01,132028.0,,月度,,澳洲,
au,牛,EYCI月成交头数,2013-05-01,162509.0,,月度,,澳洲,
au,牛,EYCI月成交头数,2013-06-01,164197.0,,月度,,澳洲,
au,牛,EYCI月成交头数,2013-07-01,145363.0,,月度,,澳洲,
au,牛,EYCI月成交头数,2013-08-01,139112.0,,月度,,澳洲,
au,牛,EYCI月成交头数,2013-09-01,132998.0,,月度,,澳洲,
au,牛,EYCI月成交头数,2013-10-01,165592.0,,月度,,澳洲,
au,牛,EYCI月成交头数,2013-11-01,161344.0,,月度,,澳洲,
au,牛,EYCI月成交头数,2013-12-01,136202.0,,月度,,澳洲,
au,牛,EYCI月成交头数,2014-01-01,140340.0,,月度,,澳洲,
au,牛,EYCI月成交头数,2014-02-01,158895.0,,月度,,澳洲,
au,牛,EYCI月成交头数,2014-03-01,155756.0,,月度,,澳洲,
au,牛,EYCI月成交头数,2014-04-01,146435.0,,月度,,澳洲,
au,牛,EYCI月成交头数,2014-05-01,205956.0,,月度,,澳洲,
au,牛,EYCI月成交头数,2014-06-01,169659.0,,月度,,澳洲,
au,牛,EYCI月成交头数,2014-07-01,190334.0,,月度,,澳洲,
au,牛,EYCI月成交头数,2014-08-01,163507.0,,月度,,澳洲,
au,牛,EYCI月成交头数,2014-09-01,193700.0,,月度,,澳洲,
au,牛,EYCI月成交头数,2014-10-01,232726.0,,月度,,澳洲,
au,牛,EYCI月成交头数,2014-11-01,170220.0,,月度,,澳洲,
au,牛,EYCI月成交头数,2014-12-01,135458.0,,月度,,澳洲,
au,牛,EYCI月成交头数,2015-01-01,147248.0,,月度,,澳洲,
au,牛,EYCI月成交头数,2015-02-01,243924.0,,月度,,澳洲,
au,牛,EYCI月成交头数,2015-03-01,213257.0,,月度,,澳洲,
au,牛,EYCI月成交头数,2015-04-01,185030.0,,月度,,澳洲,
au,牛,EYCI月成交头数,2015-05-01,233777.0,,月度,,澳洲,
au,牛,EYCI月成交头数,2015-06-01,163330.0,,月度,,澳洲,
au,牛,EYCI月成交头数,2015-07-01,245143.0,,月度,,澳洲,
au,牛,EYCI月成交头数,2015-08-01,184219.0,,月度,,澳洲,
au,牛,EYCI月成交头数,2015-09-01,211691.0,,月度,,澳洲,
au,牛,EYCI月成交头数,2015-10-01,210534.0,,月度,,澳洲,
au,牛,EYCI月成交头数,2015-11-01,207285.0,,月度,,澳洲,
au,牛,EYCI月成交头数,2015-12-01,146425.0,,月度,,澳洲,
au,牛,EYCI月成交头数,2016-01-01,139078.0,,月度,,澳洲,
au,牛,EYCI月成交头数,2016-02-01,198866.0,,月度,,澳洲,
au,牛,EYCI月成交头数,2016-03-01,210960.0,,月度,,澳洲,
au,牛,EYCI月成交头数,2016-04-01,207940.0,,月度,,澳洲,
au,牛,EYCI月成交头数,2016-05-01,207127.0,,月度,,澳洲,
au,牛,EYCI月成交头数,2016-06-01,147983.0,,月度,,澳洲,
au,牛,EYCI月成交头数,2016-07-01,165925.0,,月度,,澳洲,
au,牛,EYCI月成交头数,2016-08-01,181294.0,,月度,,澳洲,
au,牛,EYCI月成交头数,2016-09-01,117776.0,,月度,,澳洲,
au,牛,EYCI月成交头数,2016-10-01,187429.0,,月度,,澳洲,
au,牛,EYCI月成交头数,2016-11-01,197325.0,,月度,,澳洲,
au,牛,EYCI月成交头数,2016-12-01,133401.0,,月度,,澳洲,
au,牛,EYCI月成交头数,2017-01-01,144333.0,,月度,,澳洲,
au,牛,EYCI月成交头数,2017-02-01,197637.0,,月度,,澳洲,
au,牛,EYCI月成交头数,2017-03-01,172715.0,,月度,,澳洲,
au,牛,EYCI月成交头数,2017-04-01,146552.0,,月度,,澳洲,
au,牛,EYCI月成交头数,2017-05-01,205964.0,,月度,,澳洲,
au,牛,EYCI月成交头数,2017-06-01,214529.0,,月度,,澳洲,
au,牛,EYCI月成交头数,2017-07-01,181514.0,,月度,,澳洲,
au,牛,EYCI月成交头数,2017-08-01,182388.0,,月度,,澳洲,
au,牛,EYCI月成交头数,2017-09-01,155321.0,,月度,,澳洲,
au,牛,EYCI月成交头数,2017-10-01,164921.0,,月度,,澳洲,
au,牛,EYCI月成交头数,2017-11-01,208180.0,,月度,,澳洲,
au,牛,EYCI月成交头数,2017-12-01,110440.0,,月度,,澳洲,
au,牛,EYCI月成交头数,2018-01-01,147316.0,,月度,,澳洲,
au,牛,EYCI月成交头数,2018-02-01,167709.0,,月度,,澳洲,
au,牛,EYCI月成交头数,2018-03-01,231487.0,,月度,,澳洲,
au,牛,EYCI月成交头数,2018-04-01,181218.0,,月度,,澳洲,
au,牛,EYCI月成交头数,2018-05-01,225180.0,,月度,,澳洲,
au,牛,EYCI月成交头数,2018-06-01,154713.0,,月度,,澳洲,
au,牛,EYCI月成交头数,2018-07-01,207526.0,,月度,,澳洲,
au,牛,EYCI月成交头数,2018-08-01,141526.0,,月度,,澳洲,
au,牛,EYCI月成交头数,2018-09-01,146151.0,,月度,,澳洲,
au,牛,EYCI月成交头数,2018-10-01,115288.0,,月度,,澳洲,
au,牛,EYCI月成交头数,2018-11-01,198579.0,,月度,,澳洲,
au,牛,EYCI月成交头数,2018-12-01,104341.0,,月度,,澳洲,
au,牛,EYCI月成交头数,2019-01-01,133268.0,,月度,,澳洲,
au,牛,EYCI月成交头数,2019-02-01,179177.0,,月度,,澳洲,
au,牛,EYCI月成交头数,2019-03-01,137864.0,,月度,,澳洲,
au,牛,EYCI月成交头数,2019-04-01,158915.0,,月度,,澳洲,
au,牛,EYCI月成交头数,2019-05-01,173602.0,,月度,,澳洲,
au,牛,EYCI月成交头数,2019-06-01,159262.0,,月度,,澳洲,
au,牛,EYCI月成交头数,2019-07-01,206617.0,,月度,,澳洲,
au,牛,EYCI月成交头数,2019-08-01,193537.0,,月度,,澳洲,
au,牛,EYCI月成交头数,2019-09-01,173137.0,,月度,,澳洲,
au,牛,EYCI月成交头数,2019-10-01,166716.0,,月度,,澳洲,
au,牛,EYCI月成交头数,2019-11-01,166051.0,,月度,,澳洲,
au,牛,EYCI月成交头数,2019-12-01,104348.0,,月度,,澳洲,
au,牛,EYCI月成交头数,2020-01-01,100232.0,,月度,,澳洲,
au,牛,EYCI月成交头数,2020-02-01,145471.0,,月度,,澳洲,
au,牛,EYCI月成交头数,2020-03-01,134137.0,,月度,,澳洲,
au,牛,EYCI月成交头数,2020-04-01,89765.0,,月度,,澳洲,
au,牛,EYCI月成交头数,2020-05-01,120452.0,,月度,,澳洲,
au,牛,EYCI月成交头数,2020-06-01,125320.0,,月度,,澳洲,
au,牛,EYCI月成交头数,2020-07-01,133874.0,,月度,,澳洲,
au,牛,EYCI月成交头数,2020-08-01,116523.0,,月度,,澳洲,
au,牛,EYCI月成交头数,2020-09-01,114055.0,,月度,,澳洲,
au,牛,EYCI月成交头数,2020-10-01,124678.0,,月度,,澳洲,
au,牛,EYCI月成交头数,2020-11-01,155251.0,,月度,,澳洲,
au,牛,EYCI月成交头数,2020-12-01,82499.0,,月度,,澳洲,
au,牛,EYCI月成交头数,2021-01-01,41756.0,,月度,,澳洲,
au,牛,EYCI月成交头数,2021-02-01,162360.0,,月度,,澳洲,
au,牛,EYCI月成交头数,2021-03-01,118248.0,,月度,,澳洲,
au,牛,EYCI月成交头数,2021-04-01,115727.0,,月度,,澳洲,
au,牛,EYCI月成交头数,2021-05-01,117645.0,,月度,,澳洲,
au,牛,EYCI月成交头数,2021-06-01,110491.0,,月度,,澳洲,
au,牛,EYCI月成交头数,2021-07-01,139554.0,,月度,,澳洲,
au,牛,EYCI月成交头数,2021-08-01,131463.0,,月度,,澳洲,
au,牛,EYCI月成交头数,2021-09-01,148545.0,,月度,,澳洲,
au,牛,EYCI月成交头数,2021-10-01,130620.0,,月度,,澳洲,
au,牛,EYCI月成交头数,2021-11-01,153746.0,,月度,,澳洲,
au,牛,EYCI月成交头数,2021-12-01,87787.0,,月度,,澳洲,
au,牛,EYCI月成交头数,2022-01-01,76150.0,,月度,,澳洲,
au,牛,EYCI月成交头数,2022-02-01,116737.0,,月度,,澳洲,
au,牛,EYCI月成交头数,2022-03-01,149019.0,,月度,,澳洲,
au,牛,EYCI月成交头数,2022-04-01,89018.0,,月度,,澳洲,
au,牛,EYCI月成交头数,2022-05-01,111946.0,,月度,,澳洲,
au,牛,EYCI月成交头数,2022-06-01,152196.0,,月度,,澳洲,
au,牛,EYCI月成交头数,2022-07-01,126809.0,,月度,,澳洲,
au,牛,EYCI月成交头数,2022-08-01,109816.0,,月度,,澳洲,
au,牛,EYCI月成交头数,2022-09-01,102394.0,,月度,,澳洲,
au,牛,EYCI月成交头数,2022-10-01,119618.0,,月度,,澳洲,
au,牛,EYCI月成交头数,2022-11-01,162823.0,,月度,,澳洲,
au,牛,EYCI月成交头数,2022-12-01,81230.0,,月度,,澳洲,
au,牛,EYCI月成交头数,2023-01-01,76069.0,,月度,,澳洲,
au,牛,EYCI月成交头数,2023-02-01,152957.0,,月度,,澳洲,
au,牛,EYCI月成交头数,2023-03-01,149335.0,,月度,,澳洲,
au,牛,EYCI月成交头数,2023-04-01,97967.0,,月度,,澳洲,
au,牛,EYCI月成交头数,2023-05-01,192069.0,,月度,,澳洲,
au,牛,EYCI月成交头数,2023-06-01,137477.0,,月度,,澳洲,
au,牛,EYCI月成交头数,2023-07-01,136420.0,,月度,,澳洲,
au,牛,EYCI月成交头数,2023-08-01,190523.0,,月度,,澳洲,
au,牛,EYCI月成交头数,2023-09-01,141445.0,,月度,,澳洲,
au,牛,EYCI月成交头数,2023-10-01,150512.0,,月度,,澳洲,
au,牛,EYCI月成交头数,2023-11-01,126939.0,,月度,,澳洲,
au,牛,EYCI月成交头数,2023-12-01,127170.0,,月度,,澳洲,
au,牛,EYCI月成交头数,2024-01-01,109431.0,,月度,,澳洲,
au,牛,EYCI月成交头数,2024-02-01,219509.0,,月度,,澳洲,
au,牛,EYCI月成交头数,2024-03-01,189269.0,,月度,,澳洲,
au,牛,EYCI月成交头数,2024-04-01,158885.0,,月度,,澳洲,
au,牛,EYCI月成交头数,2024-05-01,194221.0,,月度,,澳洲,
au,牛,EYCI月成交头数,2024-06-01,198441.0,,月度,,澳洲,
au,牛,EYCI月成交头数,2024-07-01,179188.0,,月度,,澳洲,
au,牛,EYCI月成交头数,2024-08-01,187642.0,,月度,,澳洲,
au,牛,EYCI月成交头数,2024-09-01,207209.0,,月度,,澳洲,
au,牛,EYCI月成交头数,2024-10-01,195097.0,,月度,,澳洲,
au,牛,EYCI月成交头数,2024-11-01,208011.0,,月度,,澳洲,
au,牛,EYCI月成交头数,2024-12-01,125334.0,,月度,,澳洲,
au,牛,EYCI月成交头数,2025-01-01,177769.0,,月度,,澳洲,
au,牛,EYCI月成交头数,2025-02-01,198127.0,,月度,,澳洲,
au,牛,EYCI月成交头数,2025-03-01,205745.0,,月度,,澳洲,
au,牛,EYCI月成交头数,2025-04-01,164140.0,,月度,,澳洲,
au,牛,EYCI月成交头数,2025-05-01,227020.0,,月度,,澳洲,
au,牛,EYCI月成交头数,2025-06-01,199586.0,,月度,,澳洲,
au,牛,EYCI月成交头数,2025-07-01,222079.0,,月度,,澳洲,
au,牛,EYCI月成交头数,2025-08-01,178303.0,,月度,,澳洲,
au,牛,EYCI月成交头数,2025-09-01,241279.0,,月度,,澳洲,
au,牛,EYCI月成交头数,2025-10-01,213685.0,,月度,,澳洲,
au,牛,EYCI月成交头数,2025-11-01,235866.0,,月度,,澳洲,
au,牛,EYCI月成交头数,2025-12-01,172511.0,,月度,,澳洲,
au,牛,EYCI月成交头数,2026-01-01,179169.0,,月度,,澳洲,
au,牛,EYCI月成交头数,2026-02-01,193232.0,,月度,,澳洲,
au,牛,EYCI月成交头数,2026-03-01,203711.0,,月度,,澳洲,
au,牛,EYCI月成交头数,2026-04-01,229529.0,,月度,,澳洲,
au,牛,EYCI月成交头数,2026-05-01,183692.0,,月度,,澳洲,
au,牛,EYCI月成交头数,2026-06-01,205242.0,,月度,,澳洲,
au,牛,EYCI月成交头数,2026-07-01,227855.0,,月度,,澳洲,
au,牛,Feeder Steer月均(c/kg lwt),2003-06-01,161.9612040586387,,月度,,澳洲,
au,牛,Feeder Steer月均(c/kg lwt),2003-07-01,167.69111799357194,,月度,,澳洲,
au,牛,Feeder Steer月均(c/kg lwt),2003-08-01,176.9524926490023,,月度,,澳洲,
au,牛,Feeder Steer月均(c/kg lwt),2003-09-01,180.8721210546026,,月度,,澳洲,
au,牛,Feeder Steer月均(c/kg lwt),2003-10-01,180.75772344015533,,月度,,澳洲,
au,牛,Feeder Steer月均(c/kg lwt),2003-11-01,173.67282981667785,,月度,,澳洲,
au,牛,Feeder Steer月均(c/kg lwt),2003-12-01,169.03890132705004,,月度,,澳洲,
au,牛,Feeder Steer月均(c/kg lwt),2004-01-01,169.97872877924857,,月度,,澳洲,
au,牛,Feeder Steer月均(c/kg lwt),2004-02-01,171.0995527448358,,月度,,澳洲,
au,牛,Feeder Steer月均(c/kg lwt),2004-03-01,169.10287458627766,,月度,,澳洲,
au,牛,Feeder Steer月均(c/kg lwt),2004-04-01,166.57262531203358,,月度,,澳洲,
au,牛,Feeder Steer月均(c/kg lwt),2004-05-01,164.6802796196139,,月度,,澳洲,
au,牛,Feeder Steer月均(c/kg lwt),2004-06-01,174.6575292562321,,月度,,澳洲,
au,牛,Feeder Steer月均(c/kg lwt),2004-07-01,185.2374951741186,,月度,,澳洲,
au,牛,Feeder Steer月均(c/kg lwt),2004-08-01,193.82884779204448,,月度,,澳洲,
au,牛,Feeder Steer月均(c/kg lwt),2004-09-01,200.43287301022232,,月度,,澳洲,
au,牛,Feeder Steer月均(c/kg lwt),2004-10-01,195.30596159149536,,月度,,澳洲,
au,牛,Feeder Steer月均(c/kg lwt),2004-11-01,194.2054587212735,,月度,,澳洲,
au,牛,Feeder Steer月均(c/kg lwt),2004-12-01,192.93403974545743,,月度,,澳洲,
au,牛,Feeder Steer月均(c/kg lwt),2005-01-01,191.11726262839758,,月度,,澳洲,
au,牛,Feeder Steer月均(c/kg lwt),2005-02-01,190.63037617862992,,月度,,澳洲,
au,牛,Feeder Steer月均(c/kg lwt),2005-03-01,188.12957967825224,,月度,,澳洲,
au,牛,Feeder Steer月均(c/kg lwt),2005-04-01,180.93075522952026,,月度,,澳洲,
au,牛,Feeder Steer月均(c/kg lwt),2005-05-01,177.83829063608266,,月度,,澳洲,
au,牛,Feeder Steer月均(c/kg lwt),2005-06-01,177.85300739080148,,月度,,澳洲,
au,牛,Feeder Steer月均(c/kg lwt),2005-07-01,208.75184217867587,,月度,,澳洲,
au,牛,Feeder Steer月均(c/kg lwt),2005-08-01,220.45980962345067,,月度,,澳洲,
au,牛,Feeder Steer月均(c/kg lwt),2005-09-01,213.6118091140097,,月度,,澳洲,
au,牛,Feeder Steer月均(c/kg lwt),2005-10-01,207.33284585609226,,月度,,澳洲,
au,牛,Feeder Steer月均(c/kg lwt),2005-11-01,193.46869024090185,,月度,,澳洲,
au,牛,Feeder Steer月均(c/kg lwt),2005-12-01,189.91360799577626,,月度,,澳洲,
au,牛,Feeder Steer月均(c/kg lwt),2006-01-01,182.81257364862446,,月度,,澳洲,
au,牛,Feeder Steer月均(c/kg lwt),2006-02-01,182.9509720189604,,月度,,澳洲,
au,牛,Feeder Steer月均(c/kg lwt),2006-03-01,187.9780849706808,,月度,,澳洲,
au,牛,Feeder Steer月均(c/kg lwt),2006-04-01,186.4709959344919,,月度,,澳洲,
au,牛,Feeder Steer月均(c/kg lwt),2006-05-01,185.11719468363907,,月度,,澳洲,
au,牛,Feeder Steer月均(c/kg lwt),2006-06-01,180.82234181784284,,月度,,澳洲,
au,牛,Feeder Steer月均(c/kg lwt),2006-07-01,190.73191407616116,,月度,,澳洲,
au,牛,Feeder Steer月均(c/kg lwt),2006-08-01,198.2100759541892,,月度,,澳洲,
au,牛,Feeder Steer月均(c/kg lwt),2006-09-01,186.70151474797981,,月度,,澳洲,
au,牛,Feeder Steer月均(c/kg lwt),2006-10-01,161.00311428239405,,月度,,澳洲,
au,牛,Feeder Steer月均(c/kg lwt),2006-11-01,162.1388785195771,,月度,,澳洲,
au,牛,Feeder Steer月均(c/kg lwt),2006-12-01,151.72005906028963,,月度,,澳洲,
au,牛,Feeder Steer月均(c/kg lwt),2007-01-01,159.04038762061006,,月度,,澳洲,
au,牛,Feeder Steer月均(c/kg lwt),2007-02-01,167.2929977948474,,月度,,澳洲,
au,牛,Feeder Steer月均(c/kg lwt),2007-03-01,176.13190201658884,,月度,,澳洲,
au,牛,Feeder Steer月均(c/kg lwt),2007-04-01,168.73618496508334,,月度,,澳洲,
au,牛,Feeder Steer月均(c/kg lwt),2007-05-01,170.2901898583882,,月度,,澳洲,
au,牛,Feeder Steer月均(c/kg lwt),2007-06-01,171.24539234491778,,月度,,澳洲,
au,牛,Feeder Steer月均(c/kg lwt),2007-07-01,177.75585162786524,,月度,,澳洲,
au,牛,Feeder Steer月均(c/kg lwt),2007-08-01,175.00663364257352,,月度,,澳洲,
au,牛,Feeder Steer月均(c/kg lwt),2007-09-01,165.46883921341887,,月度,,澳洲,
au,牛,Feeder Steer月均(c/kg lwt),2007-10-01,147.0568846338726,,月度,,澳洲,
au,牛,Feeder Steer月均(c/kg lwt),2007-11-01,154.49250507731213,,月度,,澳洲,
au,牛,Feeder Steer月均(c/kg lwt),2007-12-01,162.2403612866503,,月度,,澳洲,
au,牛,Feeder Steer月均(c/kg lwt),2008-01-01,169.4395813916745,,月度,,澳洲,
au,牛,Feeder Steer月均(c/kg lwt),2008-02-01,177.49295987519648,,月度,,澳洲,
au,牛,Feeder Steer月均(c/kg lwt),2008-03-01,168.4535809771824,,月度,,澳洲,
au,牛,Feeder Steer月均(c/kg lwt),2008-04-01,165.3337661405102,,月度,,澳洲,
au,牛,Feeder Steer月均(c/kg lwt),2008-05-01,161.16588086338047,,月度,,澳洲,
au,牛,Feeder Steer月均(c/kg lwt),2008-06-01,167.07562321202064,,月度,,澳洲,
au,牛,Feeder Steer月均(c/kg lwt),2008-07-01,174.08518276824168,,月度,,澳洲,
au,牛,Feeder Steer月均(c/kg lwt),2008-08-01,178.23037747845655,,月度,,澳洲,
au,牛,Feeder Steer月均(c/kg lwt),2008-09-01,185.35214488783708,,月度,,澳洲,
au,牛,Feeder Steer月均(c/kg lwt),2008-10-01,185.95747693414472,,月度,,澳洲,
au,牛,Feeder Steer月均(c/kg lwt),2008-11-01,171.18880119390005,,月度,,澳洲,
au,牛,Feeder Steer月均(c/kg lwt),2008-12-01,173.42621570599778,,月度,,澳洲,
au,牛,Feeder Steer月均(c/kg lwt),2009-01-01,171.68800178771588,,月度,,澳洲,
au,牛,Feeder Steer月均(c/kg lwt),2009-02-01,158.15717852605806,,月度,,澳洲,
au,牛,Feeder Steer月均(c/kg lwt),2009-03-01,162.86222175828146,,月度,,澳洲,
au,牛,Feeder Steer月均(c/kg lwt),2009-04-01,164.3854492346519,,月度,,澳洲,
au,牛,Feeder Steer月均(c/kg lwt),2009-05-01,162.80819427243947,,月度,,澳洲,
au,牛,Feeder Steer月均(c/kg lwt),2009-06-01,170.15616492579858,,月度,,澳洲,
au,牛,Feeder Steer月均(c/kg lwt),2009-07-01,175.83519554046453,,月度,,澳洲,
au,牛,Feeder Steer月均(c/kg lwt),2009-08-01,175.4206327353381,,月度,,澳洲,
au,牛,Feeder Steer月均(c/kg lwt),2009-09-01,170.55149915070416,,月度,,澳洲,
au,牛,Feeder Steer月均(c/kg lwt),2009-10-01,164.344592647838,,月度,,澳洲,
au,牛,Feeder Steer月均(c/kg lwt),2009-11-01,158.95719375810702,,月度,,澳洲,
au,牛,Feeder Steer月均(c/kg lwt),2009-12-01,149.37677231454103,,月度,,澳洲,
au,牛,Feeder Steer月均(c/kg lwt),2010-01-01,162.25618724205276,,月度,,澳洲,
au,牛,Feeder Steer月均(c/kg lwt),2010-02-01,174.27056555300442,,月度,,澳洲,
au,牛,Feeder Steer月均(c/kg lwt),2010-03-01,180.92315706421493,,月度,,澳洲,
au,牛,Feeder Steer月均(c/kg lwt),2010-04-01,179.1783319376171,,月度,,澳洲,
au,牛,Feeder Steer月均(c/kg lwt),2010-05-01,178.91591509101957,,月度,,澳洲,
au,牛,Feeder Steer月均(c/kg lwt),2010-06-01,180.27053193116333,,月度,,澳洲,
au,牛,Feeder Steer月均(c/kg lwt),2010-07-01,181.96600294081026,,月度,,澳洲,
au,牛,Feeder Steer月均(c/kg lwt),2010-08-01,188.01396582097422,,月度,,澳洲,
au,牛,Feeder Steer月均(c/kg lwt),2010-09-01,190.2166422138352,,月度,,澳洲,
au,牛,Feeder Steer月均(c/kg lwt),2010-10-01,191.900189442549,,月度,,澳洲,
au,牛,Feeder Steer月均(c/kg lwt),2010-11-01,189.38184300169064,,月度,,澳洲,
au,牛,Feeder Steer月均(c/kg lwt),2010-12-01,199.43508490126112,,月度,,澳洲,
au,牛,Feeder Steer月均(c/kg lwt),2011-01-01,205.95316942446834,,月度,,澳洲,
au,牛,Feeder Steer月均(c/kg lwt),2011-02-01,200.60095333226985,,月度,,澳洲,
au,牛,Feeder Steer月均(c/kg lwt),2011-03-01,208.66513315336064,,月度,,澳洲,
au,牛,Feeder Steer月均(c/kg lwt),2011-04-01,210.19368060883477,,月度,,澳洲,
au,牛,Feeder Steer月均(c/kg lwt),2011-05-01,195.53761829167837,,月度,,澳洲,
au,牛,Feeder Steer月均(c/kg lwt),2011-06-01,191.9164260171488,,月度,,澳洲,
au,牛,Feeder Steer月均(c/kg lwt),2011-07-01,188.62793799402456,,月度,,澳洲,
au,牛,Feeder Steer月均(c/kg lwt),2011-08-01,191.63231754316195,,月度,,澳洲,
au,牛,Feeder Steer月均(c/kg lwt),2011-09-01,201.1804788423909,,月度,,澳洲,
au,牛,Feeder Steer月均(c/kg lwt),2011-10-01,203.3718243420848,,月度,,澳洲,
au,牛,Feeder Steer月均(c/kg lwt),2011-11-01,209.21738741638873,,月度,,澳洲,
au,牛,Feeder Steer月均(c/kg lwt),2011-12-01,213.7144030166631,,月度,,澳洲,
au,牛,Feeder Steer月均(c/kg lwt),2012-01-01,213.0044820514138,,月度,,澳洲,
au,牛,Feeder Steer月均(c/kg lwt),2012-02-01,200.9249489218589,,月度,,澳洲,
au,牛,Feeder Steer月均(c/kg lwt),2012-03-01,197.33033223353394,,月度,,澳洲,
au,牛,Feeder Steer月均(c/kg lwt),2012-04-01,193.6574047824301,,月度,,澳洲,
au,牛,Feeder Steer月均(c/kg lwt),2012-05-01,189.18218194942676,,月度,,澳洲,
au,牛,Feeder Steer月均(c/kg lwt),2012-06-01,192.32234670145147,,月度,,澳洲,
au,牛,Feeder Steer月均(c/kg lwt),2012-07-01,198.474460654512,,月度,,澳洲,
au,牛,Feeder Steer月均(c/kg lwt),2012-08-01,199.48745074838615,,月度,,澳洲,
au,牛,Feeder Steer月均(c/kg lwt),2012-09-01,191.4860305325702,,月度,,澳洲,
au,牛,Feeder Steer月均(c/kg lwt),2012-10-01,185.33123703288604,,月度,,澳洲,
au,牛,Feeder Steer月均(c/kg lwt),2012-11-01,179.6349425307073,,月度,,澳洲,
au,牛,Feeder Steer月均(c/kg lwt),2012-12-01,173.8183075281807,,月度,,澳洲,
au,牛,Feeder Steer月均(c/kg lwt),2013-01-01,165.39389957324164,,月度,,澳洲,
au,牛,Feeder Steer月均(c/kg lwt),2013-02-01,170.78295024348367,,月度,,澳洲,
au,牛,Feeder Steer月均(c/kg lwt),2013-03-01,172.00162202096527,,月度,,澳洲,
au,牛,Feeder Steer月均(c/kg lwt),2013-04-01,163.0795231999322,,月度,,澳洲,
au,牛,Feeder Steer月均(c/kg lwt),2013-05-01,153.04091009903237,,月度,,澳洲,
au,牛,Feeder Steer月均(c/kg lwt),2013-06-01,162.64407659793326,,月度,,澳洲,
au,牛,Feeder Steer月均(c/kg lwt),2013-07-01,170.06561111437944,,月度,,澳洲,
au,牛,Feeder Steer月均(c/kg lwt),2013-08-01,171.70100962313674,,月度,,澳洲,
au,牛,Feeder Steer月均(c/kg lwt),2013-09-01,165.65585677834844,,月度,,澳洲,
au,牛,Feeder Steer月均(c/kg lwt),2013-10-01,165.015342238933,,月度,,澳洲,
au,牛,Feeder Steer月均(c/kg lwt),2013-11-01,167.0046571186058,,月度,,澳洲,
au,牛,Feeder Steer月均(c/kg lwt),2013-12-01,176.2744493587851,,月度,,澳洲,
au,牛,Feeder Steer月均(c/kg lwt),2014-01-01,162.292012518641,,月度,,澳洲,
au,牛,Feeder Steer月均(c/kg lwt),2014-02-01,159.15581166018552,,月度,,澳洲,
au,牛,Feeder Steer月均(c/kg lwt),2014-03-01,168.23732045482944,,月度,,澳洲,
au,牛,Feeder Steer月均(c/kg lwt),2014-04-01,188.12883861764035,,月度,,澳洲,
au,牛,Feeder Steer月均(c/kg lwt),2014-05-01,184.8651831203249,,月度,,澳洲,
au,牛,Feeder Steer月均(c/kg lwt),2014-06-01,180.79839040730727,,月度,,澳洲,
au,牛,Feeder Steer月均(c/kg lwt),2014-07-01,180.7845755178662,,月度,,澳洲,
au,牛,Feeder Steer月均(c/kg lwt),2014-08-01,188.12416546709733,,月度,,澳洲,
au,牛,Feeder Steer月均(c/kg lwt),2014-09-01,197.8661385431763,,月度,,澳洲,
au,牛,Feeder Steer月均(c/kg lwt),2014-10-01,200.9243966123563,,月度,,澳洲,
au,牛,Feeder Steer月均(c/kg lwt),2014-11-01,190.01888845392006,,月度,,澳洲,
au,牛,Feeder Steer月均(c/kg lwt),2014-12-01,203.61895528651365,,月度,,澳洲,
au,牛,Feeder Steer月均(c/kg lwt),2015-01-01,231.65280596827463,,月度,,澳洲,
au,牛,Feeder Steer月均(c/kg lwt),2015-02-01,244.6587636002564,,月度,,澳洲,
au,牛,Feeder Steer月均(c/kg lwt),2015-03-01,234.06792728284069,,月度,,澳洲,
au,牛,Feeder Steer月均(c/kg lwt),2015-04-01,236.05106951195617,,月度,,澳洲,
au,牛,Feeder Steer月均(c/kg lwt),2015-05-01,257.2600500154198,,月度,,澳洲,
au,牛,Feeder Steer月均(c/kg lwt),2015-06-01,265.22038365731555,,月度,,澳洲,
au,牛,Feeder Steer月均(c/kg lwt),2015-07-01,288.9885970828732,,月度,,澳洲,
au,牛,Feeder Steer月均(c/kg lwt),2015-08-01,296.6148611025515,,月度,,澳洲,
au,牛,Feeder Steer月均(c/kg lwt),2015-09-01,312.52287187030726,,月度,,澳洲,
au,牛,Feeder Steer月均(c/kg lwt),2015-10-01,303.1668771827466,,月度,,澳洲,
au,牛,Feeder Steer月均(c/kg lwt),2015-11-01,311.2602144585019,,月度,,澳洲,
au,牛,Feeder Steer月均(c/kg lwt),2015-12-01,315.6192966810105,,月度,,澳洲,
au,牛,Feeder Steer月均(c/kg lwt),2016-01-01,311.0120887953849,,月度,,澳洲,
au,牛,Feeder Steer月均(c/kg lwt),2016-02-01,315.5693094438439,,月度,,澳洲,
au,牛,Feeder Steer月均(c/kg lwt),2016-03-01,314.49914642514534,,月度,,澳洲,
au,牛,Feeder Steer月均(c/kg lwt),2016-04-01,300.228087821849,,月度,,澳洲,
au,牛,Feeder Steer月均(c/kg lwt),2016-05-01,299.30323345510703,,月度,,澳洲,
au,牛,Feeder Steer月均(c/kg lwt),2016-06-01,325.3821629742415,,月度,,澳洲,
au,牛,Feeder Steer月均(c/kg lwt),2016-07-01,352.3173656737364,,月度,,澳洲,
au,牛,Feeder Steer月均(c/kg lwt),2016-08-01,368.1805429691737,,月度,,澳洲,
au,牛,Feeder Steer月均(c/kg lwt),2016-09-01,362.1278299753776,,月度,,澳洲,
au,牛,Feeder Steer月均(c/kg lwt),2016-10-01,357.56539261670906,,月度,,澳洲,
au,牛,Feeder Steer月均(c/kg lwt),2016-11-01,337.19338141515135,,月度,,澳洲,
au,牛,Feeder Steer月均(c/kg lwt),2016-12-01,332.70671803894095,,月度,,澳洲,
au,牛,Feeder Steer月均(c/kg lwt),2017-01-01,333.9304490291874,,月度,,澳洲,
au,牛,Feeder Steer月均(c/kg lwt),2017-02-01,334.58103509755824,,月度,,澳洲,
au,牛,Feeder Steer月均(c/kg lwt),2017-03-01,315.66344559696205,,月度,,澳洲,
au,牛,Feeder Steer月均(c/kg lwt),2017-04-01,339.5722775690579,,月度,,澳洲,
au,牛,Feeder Steer月均(c/kg lwt),2017-05-01,334.73701906817735,,月度,,澳洲,
au,牛,Feeder Steer月均(c/kg lwt),2017-06-01,333.96770110351287,,月度,,澳洲,
au,牛,Feeder Steer月均(c/kg lwt),2017-07-01,321.6381518978081,,月度,,澳洲,
au,牛,Feeder Steer月均(c/kg lwt),2017-08-01,298.13543187571923,,月度,,澳洲,
au,牛,Feeder Steer月均(c/kg lwt),2017-09-01,287.25068912259974,,月度,,澳洲,
au,牛,Feeder Steer月均(c/kg lwt),2017-10-01,281.9581762091851,,月度,,澳洲,
au,牛,Feeder Steer月均(c/kg lwt),2017-11-01,302.96703913180414,,月度,,澳洲,
au,牛,Feeder Steer月均(c/kg lwt),2017-12-01,293.85604486453184,,月度,,澳洲,
au,牛,Feeder Steer月均(c/kg lwt),2018-01-01,291.4242946308931,,月度,,澳洲,
au,牛,Feeder Steer月均(c/kg lwt),2018-02-01,279.242301011253,,月度,,澳洲,
au,牛,Feeder Steer月均(c/kg lwt),2018-03-01,288.5186275280917,,月度,,澳洲,
au,牛,Feeder Steer月均(c/kg lwt),2018-04-01,280.8822406786222,,月度,,澳洲,
au,牛,Feeder Steer月均(c/kg lwt),2018-05-01,268.51907956793303,,月度,,澳洲,
au,牛,Feeder Steer月均(c/kg lwt),2018-06-01,265.81604871546614,,月度,,澳洲,
au,牛,Feeder Steer月均(c/kg lwt),2018-07-01,282.17216478632474,,月度,,澳洲,
au,牛,Feeder Steer月均(c/kg lwt),2018-08-01,260.27476692097014,,月度,,澳洲,
au,牛,Feeder Steer月均(c/kg lwt),2018-09-01,272.27169564803114,,月度,,澳洲,
au,牛,Feeder Steer月均(c/kg lwt),2018-10-01,278.1720962657753,,月度,,澳洲,
au,牛,Feeder Steer月均(c/kg lwt),2018-11-01,292.61891322229087,,月度,,澳洲,
au,牛,Feeder Steer月均(c/kg lwt),2018-12-01,286.9361766564498,,月度,,澳洲,
au,牛,Feeder Steer月均(c/kg lwt),2019-01-01,268.48087154788334,,月度,,澳洲,
au,牛,Feeder Steer月均(c/kg lwt),2019-02-01,261.050432456821,,月度,,澳洲,
au,牛,Feeder Steer月均(c/kg lwt),2019-03-01,245.86376585786047,,月度,,澳洲,
au,牛,Feeder Steer月均(c/kg lwt),2019-04-01,271.51113878876083,,月度,,澳洲,
au,牛,Feeder Steer月均(c/kg lwt),2019-05-01,276.8138336684266,,月度,,澳洲,
au,牛,Feeder Steer月均(c/kg lwt),2019-06-01,276.58198822684926,,月度,,澳洲,
au,牛,Feeder Steer月均(c/kg lwt),2019-07-01,292.07316440398256,,月度,,澳洲,
au,牛,Feeder Steer月均(c/kg lwt),2019-08-01,297.6879919506662,,月度,,澳洲,
au,牛,Feeder Steer月均(c/kg lwt),2019-09-01,276.6124054104045,,月度,,澳洲,
au,牛,Feeder Steer月均(c/kg lwt),2019-10-01,281.3911510729097,,月度,,澳洲,
au,牛,Feeder Steer月均(c/kg lwt),2019-11-01,289.3292779222253,,月度,,澳洲,
au,牛,Feeder Steer月均(c/kg lwt),2019-12-01,277.43652429663445,,月度,,澳洲,
au,牛,Feeder Steer月均(c/kg lwt),2020-01-01,280.3667338916387,,月度,,澳洲,
au,牛,Feeder Steer月均(c/kg lwt),2020-02-01,339.7070993710173,,月度,,澳洲,
au,牛,Feeder Steer月均(c/kg lwt),2020-03-01,379.8044234748367,,月度,,澳洲,
au,牛,Feeder Steer月均(c/kg lwt),2020-04-01,342.69860759694456,,月度,,澳洲,
au,牛,Feeder Steer月均(c/kg lwt),2020-05-01,356.47238118978464,,月度,,澳洲,
au,牛,Feeder Steer月均(c/kg lwt),2020-06-01,379.955899813731,,月度,,澳洲,
au,牛,Feeder Steer月均(c/kg lwt),2020-07-01,382.62662175937857,,月度,,澳洲,
au,牛,Feeder Steer月均(c/kg lwt),2020-08-01,379.2926832971235,,月度,,澳洲,
au,牛,Feeder Steer月均(c/kg lwt),2020-09-01,385.95452024979147,,月度,,澳洲,
au,牛,Feeder Steer月均(c/kg lwt),2020-10-01,399.41171088814457,,月度,,澳洲,
au,牛,Feeder Steer月均(c/kg lwt),2020-11-01,416.5373848526695,,月度,,澳洲,
au,牛,Feeder Steer月均(c/kg lwt),2020-12-01,402.3230913134296,,月度,,澳洲,
au,牛,Feeder Steer月均(c/kg lwt),2021-01-01,423.5628398839341,,月度,,澳洲,
au,牛,Feeder Steer月均(c/kg lwt),2021-02-01,441.31120945493694,,月度,,澳洲,
au,牛,Feeder Steer月均(c/kg lwt),2021-03-01,425.8423649288038,,月度,,澳洲,
au,牛,Feeder Steer月均(c/kg lwt),2021-04-01,440.6848141804793,,月度,,澳洲,
au,牛,Feeder Steer月均(c/kg lwt),2021-05-01,433.5566932251959,,月度,,澳洲,
au,牛,Feeder Steer月均(c/kg lwt),2021-06-01,445.57522244598454,,月度,,澳洲,
au,牛,Feeder Steer月均(c/kg lwt),2021-07-01,470.72970193421577,,月度,,澳洲,
au,牛,Feeder Steer月均(c/kg lwt),2021-08-01,492.30526627823383,,月度,,澳洲,
au,牛,Feeder Steer月均(c/kg lwt),2021-09-01,510.37376629595417,,月度,,澳洲,
au,牛,Feeder Steer月均(c/kg lwt),2021-10-01,521.2568842497035,,月度,,澳洲,
au,牛,Feeder Steer月均(c/kg lwt),2021-11-01,541.7146302987687,,月度,,澳洲,
au,牛,Feeder Steer月均(c/kg lwt),2021-12-01,568.2395075613115,,月度,,澳洲,
au,牛,Feeder Steer月均(c/kg lwt),2022-01-01,543.295936766076,,月度,,澳洲,
au,牛,Feeder Steer月均(c/kg lwt),2022-02-01,564.4534955342114,,月度,,澳洲,
au,牛,Feeder Steer月均(c/kg lwt),2022-03-01,553.6347609796297,,月度,,澳洲,
au,牛,Feeder Steer月均(c/kg lwt),2022-04-01,536.4144588044003,,月度,,澳洲,
au,牛,Feeder Steer月均(c/kg lwt),2022-05-01,541.9277733848284,,月度,,澳洲,
au,牛,Feeder Steer月均(c/kg lwt),2022-06-01,545.48548361946,,月度,,澳洲,
au,牛,Feeder Steer月均(c/kg lwt),2022-07-01,487.583422223399,,月度,,澳洲,
au,牛,Feeder Steer月均(c/kg lwt),2022-08-01,471.3496734256307,,月度,,澳洲,
au,牛,Feeder Steer月均(c/kg lwt),2022-09-01,510.87464283717844,,月度,,澳洲,
au,牛,Feeder Steer月均(c/kg lwt),2022-10-01,514.4629899412009,,月度,,澳洲,
au,牛,Feeder Steer月均(c/kg lwt),2022-11-01,491.4898567563932,,月度,,澳洲,
au,牛,Feeder Steer月均(c/kg lwt),2022-12-01,446.00077592086984,,月度,,澳洲,
au,牛,Feeder Steer月均(c/kg lwt),2023-01-01,405.0059832503248,,月度,,澳洲,
au,牛,Feeder Steer月均(c/kg lwt),2023-02-01,389.85069592464333,,月度,,澳洲,
au,牛,Feeder Steer月均(c/kg lwt),2023-03-01,362.6652705481586,,月度,,澳洲,
au,牛,Feeder Steer月均(c/kg lwt),2023-04-01,355.99816395833534,,月度,,澳洲,
au,牛,Feeder Steer月均(c/kg lwt),2023-05-01,340.22394865790943,,月度,,澳洲,
au,牛,Feeder Steer月均(c/kg lwt),2023-06-01,312.0297026245893,,月度,,澳洲,
au,牛,Feeder Steer月均(c/kg lwt),2023-07-01,316.1283735265361,,月度,,澳洲,
au,牛,Feeder Steer月均(c/kg lwt),2023-08-01,312.23082424652483,,月度,,澳洲,
au,牛,Feeder Steer月均(c/kg lwt),2023-09-01,262.0230628787234,,月度,,澳洲,
au,牛,Feeder Steer月均(c/kg lwt),2023-10-01,215.84184333699827,,月度,,澳洲,
au,牛,Feeder Steer月均(c/kg lwt),2023-11-01,223.61046522515815,,月度,,澳洲,
au,牛,Feeder Steer月均(c/kg lwt),2023-12-01,284.7615481951662,,月度,,澳洲,
au,牛,Feeder Steer月均(c/kg lwt),2024-01-01,297.91291417658425,,月度,,澳洲,
au,牛,Feeder Steer月均(c/kg lwt),2024-02-01,344.0261281345207,,月度,,澳洲,
au,牛,Feeder Steer月均(c/kg lwt),2024-03-01,321.31181866546706,,月度,,澳洲,
au,牛,Feeder Steer月均(c/kg lwt),2024-04-01,321.99891740559974,,月度,,澳洲,
au,牛,Feeder Steer月均(c/kg lwt),2024-05-01,320.6397076284548,,月度,,澳洲,
au,牛,Feeder Steer月均(c/kg lwt),2024-06-01,324.77531038343716,,月度,,澳洲,
au,牛,Feeder Steer月均(c/kg lwt),2024-07-01,337.9962170054347,,月度,,澳洲,
au,牛,Feeder Steer月均(c/kg lwt),2024-08-01,362.7977529921602,,月度,,澳洲,
au,牛,Feeder Steer月均(c/kg lwt),2024-09-01,364.89170968743076,,月度,,澳洲,
au,牛,Feeder Steer月均(c/kg lwt),2024-10-01,346.2026242634155,,月度,,澳洲,
au,牛,Feeder Steer月均(c/kg lwt),2024-11-01,341.3919065961178,,月度,,澳洲,
au,牛,Feeder Steer月均(c/kg lwt),2024-12-01,354.9060702453731,,月度,,澳洲,
au,牛,Feeder Steer月均(c/kg lwt),2025-01-01,376.36776957802084,,月度,,澳洲,
au,牛,Feeder Steer月均(c/kg lwt),2025-02-01,354.5358657289621,,月度,,澳洲,
au,牛,Feeder Steer月均(c/kg lwt),2025-03-01,358.55312239856664,,月度,,澳洲,
au,牛,Feeder Steer月均(c/kg lwt),2025-04-01,381.97358038808153,,月度,,澳洲,
au,牛,Feeder Steer月均(c/kg lwt),2025-05-01,375.2699473348684,,月度,,澳洲,
au,牛,Feeder Steer月均(c/kg lwt),2025-06-01,385.3391405875085,,月度,,澳洲,
au,牛,Feeder Steer月均(c/kg lwt),2025-07-01,411.59548197485014,,月度,,澳洲,
au,牛,Feeder Steer月均(c/kg lwt),2025-08-01,451.24966968203523,,月度,,澳洲,
au,牛,Feeder Steer月均(c/kg lwt),2025-09-01,476.34642790198086,,月度,,澳洲,
au,牛,Feeder Steer月均(c/kg lwt),2025-10-01,463.67288733098246,,月度,,澳洲,
au,牛,Feeder Steer月均(c/kg lwt),2025-11-01,474.1798441162053,,月度,,澳洲,
au,牛,Feeder Steer月均(c/kg lwt),2025-12-01,470.5495177442467,,月度,,澳洲,
au,牛,Feeder Steer月均(c/kg lwt),2026-01-01,464.9522316724288,,月度,,澳洲,
au,牛,Feeder Steer月均(c/kg lwt),2026-02-01,466.8848396382126,,月度,,澳洲,
au,牛,Feeder Steer月均(c/kg lwt),2026-03-01,479.9620894807648,,月度,,澳洲,
au,牛,Feeder Steer月均(c/kg lwt),2026-04-01,457.6687669502074,,月度,,澳洲,
au,牛,Feeder Steer月均(c/kg lwt),2026-05-01,464.5343469480663,,月度,,澳洲,
au,牛,Feeder Steer月均(c/kg lwt),2026-06-01,516.4501402109795,,月度,,澳洲,
au,牛,Feeder Steer月均(c/kg lwt),2026-07-01,541.1762195331326,,月度,,澳洲,
au,牛,Heavy Steer月均(c/kg lwt),2000-01-01,124.40543945318836,,月度,,澳洲,
au,牛,Heavy Steer月均(c/kg lwt),2000-02-01,123.14811483869249,,月度,,澳洲,
au,牛,Heavy Steer月均(c/kg lwt),2000-03-01,127.10988361336186,,月度,,澳洲,
au,牛,Heavy Steer月均(c/kg lwt),2000-04-01,131.61426648078424,,月度,,澳洲,
au,牛,Heavy Steer月均(c/kg lwt),2000-05-01,136.73267577190302,,月度,,澳洲,
au,牛,Heavy Steer月均(c/kg lwt),2000-06-01,131.95706028000254,,月度,,澳洲,
au,牛,Heavy Steer月均(c/kg lwt),2000-07-01,134.0021875914032,,月度,,澳洲,
au,牛,Heavy Steer月均(c/kg lwt),2000-08-01,138.64014045392082,,月度,,澳洲,
au,牛,Heavy Steer月均(c/kg lwt),2000-09-01,138.86252427574937,,月度,,澳洲,
au,牛,Heavy Steer月均(c/kg lwt),2000-10-01,135.60131583017147,,月度,,澳洲,
au,牛,Heavy Steer月均(c/kg lwt),2000-11-01,152.17189757449594,,月度,,澳洲,
au,牛,Heavy Steer月均(c/kg lwt),2000-12-01,150.8138810474347,,月度,,澳洲,
au,牛,Heavy Steer月均(c/kg lwt),2001-01-01,144.97570683829642,,月度,,澳洲,
au,牛,Heavy Steer月均(c/kg lwt),2001-02-01,148.56724098609573,,月度,,澳洲,
au,牛,Heavy Steer月均(c/kg lwt),2001-03-01,158.64916839700638,,月度,,澳洲,
au,牛,Heavy Steer月均(c/kg lwt),2001-04-01,168.54539398474043,,月度,,澳洲,
au,牛,Heavy Steer月均(c/kg lwt),2001-05-01,170.28210920104823,,月度,,澳洲,
au,牛,Heavy Steer月均(c/kg lwt),2001-06-01,164.9859468760297,,月度,,澳洲,
au,牛,Heavy Steer月均(c/kg lwt),2001-07-01,171.70610966284974,,月度,,澳洲,
au,牛,Heavy Steer月均(c/kg lwt),2001-08-01,187.08903453871346,,月度,,澳洲,
au,牛,Heavy Steer月均(c/kg lwt),2001-09-01,202.24989115476242,,月度,,澳洲,
au,牛,Heavy Steer月均(c/kg lwt),2001-10-01,179.80587867746735,,月度,,澳洲,
au,牛,Heavy Steer月均(c/kg lwt),2001-11-01,188.37703134688152,,月度,,澳洲,
au,牛,Heavy Steer月均(c/kg lwt),2001-12-01,176.39451099301755,,月度,,澳洲,
au,牛,Heavy Steer月均(c/kg lwt),2002-01-01,164.97217935628373,,月度,,澳洲,
au,牛,Heavy Steer月均(c/kg lwt),2002-02-01,162.37540460326468,,月度,,澳洲,
au,牛,Heavy Steer月均(c/kg lwt),2002-03-01,167.78749694518493,,月度,,澳洲,
au,牛,Heavy Steer月均(c/kg lwt),2002-04-01,156.78425052780383,,月度,,澳洲,
au,牛,Heavy Steer月均(c/kg lwt),2002-05-01,143.05802711196804,,月度,,澳洲,
au,牛,Heavy Steer月均(c/kg lwt),2002-06-01,131.59027390405006,,月度,,澳洲,
au,牛,Heavy Steer月均(c/kg lwt),2002-07-01,131.9989501775491,,月度,,澳洲,
au,牛,Heavy Steer月均(c/kg lwt),2002-08-01,135.6478182626903,,月度,,澳洲,
au,牛,Heavy Steer月均(c/kg lwt),2002-09-01,147.11617993580498,,月度,,澳洲,
au,牛,Heavy Steer月均(c/kg lwt),2002-10-01,144.6238301760669,,月度,,澳洲,
au,牛,Heavy Steer月均(c/kg lwt),2002-11-01,138.57830309907993,,月度,,澳洲,
au,牛,Heavy Steer月均(c/kg lwt),2002-12-01,139.71043932395335,,月度,,澳洲,
au,牛,Heavy Steer月均(c/kg lwt),2003-01-01,144.2679636638106,,月度,,澳洲,
au,牛,Heavy Steer月均(c/kg lwt),2003-02-01,145.234419268279,,月度,,澳洲,
au,牛,Heavy Steer月均(c/kg lwt),2003-03-01,171.3770470214237,,月度,,澳洲,
au,牛,Heavy Steer月均(c/kg lwt),2003-04-01,168.87786551876863,,月度,,澳洲,
au,牛,Heavy Steer月均(c/kg lwt),2003-05-01,157.40340722550343,,月度,,澳洲,
au,牛,Heavy Steer月均(c/kg lwt),2003-06-01,152.98559661080816,,月度,,澳洲,
au,牛,Heavy Steer月均(c/kg lwt),2003-07-01,156.88301929610253,,月度,,澳洲,
au,牛,Heavy Steer月均(c/kg lwt),2003-08-01,163.2369730428057,,月度,,澳洲,
au,牛,Heavy Steer月均(c/kg lwt),2003-09-01,167.92811156686068,,月度,,澳洲,
au,牛,Heavy Steer月均(c/kg lwt),2003-10-01,173.5215825010402,,月度,,澳洲,
au,牛,Heavy Steer月均(c/kg lwt),2003-11-01,169.58658366660896,,月度,,澳洲,
au,牛,Heavy Steer月均(c/kg lwt),2003-12-01,156.1074484539953,,月度,,澳洲,
au,牛,Heavy Steer月均(c/kg lwt),2004-01-01,159.61573803270227,,月度,,澳洲,
au,牛,Heavy Steer月均(c/kg lwt),2004-02-01,163.02020473288545,,月度,,澳洲,
au,牛,Heavy Steer月均(c/kg lwt),2004-03-01,157.204924982293,,月度,,澳洲,
au,牛,Heavy Steer月均(c/kg lwt),2004-04-01,155.05152281368646,,月度,,澳洲,
au,牛,Heavy Steer月均(c/kg lwt),2004-05-01,157.09606482422396,,月度,,澳洲,
au,牛,Heavy Steer月均(c/kg lwt),2004-06-01,166.71945615189975,,月度,,澳洲,
au,牛,Heavy Steer月均(c/kg lwt),2004-07-01,171.95259392067203,,月度,,澳洲,
au,牛,Heavy Steer月均(c/kg lwt),2004-08-01,180.70946430241165,,月度,,澳洲,
au,牛,Heavy Steer月均(c/kg lwt),2004-09-01,188.59493942809007,,月度,,澳洲,
au,牛,Heavy Steer月均(c/kg lwt),2004-10-01,184.65681780183468,,月度,,澳洲,
au,牛,Heavy Steer月均(c/kg lwt),2004-11-01,184.93055254544953,,月度,,澳洲,
au,牛,Heavy Steer月均(c/kg lwt),2004-12-01,174.45571354169843,,月度,,澳洲,
au,牛,Heavy Steer月均(c/kg lwt),2005-01-01,173.08511366302565,,月度,,澳洲,
au,牛,Heavy Steer月均(c/kg lwt),2005-02-01,173.60083913891222,,月度,,澳洲,
au,牛,Heavy Steer月均(c/kg lwt),2005-03-01,172.2160795232361,,月度,,澳洲,
au,牛,Heavy Steer月均(c/kg lwt),2005-04-01,166.42100383892102,,月度,,澳洲,
au,牛,Heavy Steer月均(c/kg lwt),2005-05-01,165.5134317621575,,月度,,澳洲,
au,牛,Heavy Steer月均(c/kg lwt),2005-06-01,161.77859184570602,,月度,,澳洲,
au,牛,Heavy Steer月均(c/kg lwt),2005-07-01,183.19309192694962,,月度,,澳洲,
au,牛,Heavy Steer月均(c/kg lwt),2005-08-01,188.71718967555728,,月度,,澳洲,
au,牛,Heavy Steer月均(c/kg lwt),2005-09-01,184.8373577476059,,月度,,澳洲,
au,牛,Heavy Steer月均(c/kg lwt),2005-10-01,180.98907412802527,,月度,,澳洲,
au,牛,Heavy Steer月均(c/kg lwt),2005-11-01,177.81574571131222,,月度,,澳洲,
au,牛,Heavy Steer月均(c/kg lwt),2005-12-01,171.33368528454506,,月度,,澳洲,
au,牛,Heavy Steer月均(c/kg lwt),2006-01-01,165.12062644835893,,月度,,澳洲,
au,牛,Heavy Steer月均(c/kg lwt),2006-02-01,172.9669514316003,,月度,,澳洲,
au,牛,Heavy Steer月均(c/kg lwt),2006-03-01,176.81199507918103,,月度,,澳洲,
au,牛,Heavy Steer月均(c/kg lwt),2006-04-01,176.1164184736635,,月度,,澳洲,
au,牛,Heavy Steer月均(c/kg lwt),2006-05-01,176.88908473304753,,月度,,澳洲,
au,牛,Heavy Steer月均(c/kg lwt),2006-06-01,175.0309086298809,,月度,,澳洲,
au,牛,Heavy Steer月均(c/kg lwt),2006-07-01,177.89743496750407,,月度,,澳洲,
au,牛,Heavy Steer月均(c/kg lwt),2006-08-01,182.5142565346694,,月度,,澳洲,
au,牛,Heavy Steer月均(c/kg lwt),2006-09-01,178.40137394854486,,月度,,澳洲,
au,牛,Heavy Steer月均(c/kg lwt),2006-10-01,162.56717287501849,,月度,,澳洲,
au,牛,Heavy Steer月均(c/kg lwt),2006-11-01,165.28586163408795,,月度,,澳洲,
au,牛,Heavy Steer月均(c/kg lwt),2006-12-01,145.36720835877873,,月度,,澳洲,
au,牛,Heavy Steer月均(c/kg lwt),2007-01-01,151.74357902807213,,月度,,澳洲,
au,牛,Heavy Steer月均(c/kg lwt),2007-02-01,162.45409828590263,,月度,,澳洲,
au,牛,Heavy Steer月均(c/kg lwt),2007-03-01,168.54318452691825,,月度,,澳洲,
au,牛,Heavy Steer月均(c/kg lwt),2007-04-01,162.21633723215564,,月度,,澳洲,
au,牛,Heavy Steer月均(c/kg lwt),2007-05-01,162.98468939997255,,月度,,澳洲,
au,牛,Heavy Steer月均(c/kg lwt),2007-06-01,166.88319471911205,,月度,,澳洲,
au,牛,Heavy Steer月均(c/kg lwt),2007-07-01,172.61006125044923,,月度,,澳洲,
au,牛,Heavy Steer月均(c/kg lwt),2007-08-01,169.98165744619664,,月度,,澳洲,
au,牛,Heavy Steer月均(c/kg lwt),2007-09-01,167.55257301081616,,月度,,澳洲,
au,牛,Heavy Steer月均(c/kg lwt),2007-10-01,154.4291031012257,,月度,,澳洲,
au,牛,Heavy Steer月均(c/kg lwt),2007-11-01,155.25408583390126,,月度,,澳洲,
au,牛,Heavy Steer月均(c/kg lwt),2007-12-01,153.37951369591275,,月度,,澳洲,
au,牛,Heavy Steer月均(c/kg lwt),2008-01-01,153.49414668823292,,月度,,澳洲,
au,牛,Heavy Steer月均(c/kg lwt),2008-02-01,162.96526366639443,,月度,,澳洲,
au,牛,Heavy Steer月均(c/kg lwt),2008-03-01,158.42821850238474,,月度,,澳洲,
au,牛,Heavy Steer月均(c/kg lwt),2008-04-01,159.4956372955159,,月度,,澳洲,
au,牛,Heavy Steer月均(c/kg lwt),2008-05-01,158.21155508996884,,月度,,澳洲,
au,牛,Heavy Steer月均(c/kg lwt),2008-06-01,168.31733130930473,,月度,,澳洲,
au,牛,Heavy Steer月均(c/kg lwt),2008-07-01,172.75014507073865,,月度,,澳洲,
au,牛,Heavy Steer月均(c/kg lwt),2008-08-01,180.318629798714,,月度,,澳洲,
au,牛,Heavy Steer月均(c/kg lwt),2008-09-01,189.39844046575317,,月度,,澳洲,
au,牛,Heavy Steer月均(c/kg lwt),2008-10-01,186.87792959173072,,月度,,澳洲,
au,牛,Heavy Steer月均(c/kg lwt),2008-11-01,168.12174164667152,,月度,,澳洲,
au,牛,Heavy Steer月均(c/kg lwt),2008-12-01,166.80527740515896,,月度,,澳洲,
au,牛,Heavy Steer月均(c/kg lwt),2009-01-01,163.7441383474896,,月度,,澳洲,
au,牛,Heavy Steer月均(c/kg lwt),2009-02-01,153.654172617376,,月度,,澳洲,
au,牛,Heavy Steer月均(c/kg lwt),2009-03-01,159.20046361545135,,月度,,澳洲,
au,牛,Heavy Steer月均(c/kg lwt),2009-04-01,155.55731768383401,,月度,,澳洲,
au,牛,Heavy Steer月均(c/kg lwt),2009-05-01,157.67186015293413,,月度,,澳洲,
au,牛,Heavy Steer月均(c/kg lwt),2009-06-01,162.96975212514502,,月度,,澳洲,
au,牛,Heavy Steer月均(c/kg lwt),2009-07-01,170.98421638799698,,月度,,澳洲,
au,牛,Heavy Steer月均(c/kg lwt),2009-08-01,169.46277789040812,,月度,,澳洲,
au,牛,Heavy Steer月均(c/kg lwt),2009-09-01,167.1383582260343,,月度,,澳洲,
au,牛,Heavy Steer月均(c/kg lwt),2009-10-01,160.42390879495505,,月度,,澳洲,
au,牛,Heavy Steer月均(c/kg lwt),2009-11-01,153.6279265164112,,月度,,澳洲,
au,牛,Heavy Steer月均(c/kg lwt),2009-12-01,146.7150657441718,,月度,,澳洲,
au,牛,Heavy Steer月均(c/kg lwt),2010-01-01,151.78286962501494,,月度,,澳洲,
au,牛,Heavy Steer月均(c/kg lwt),2010-02-01,162.64026566359465,,月度,,澳洲,
au,牛,Heavy Steer月均(c/kg lwt),2010-03-01,174.03874834162607,,月度,,澳洲,
au,牛,Heavy Steer月均(c/kg lwt),2010-04-01,171.06364070395557,,月度,,澳洲,
au,牛,Heavy Steer月均(c/kg lwt),2010-05-01,171.74019475078987,,月度,,澳洲,
au,牛,Heavy Steer月均(c/kg lwt),2010-06-01,174.27802699223977,,月度,,澳洲,
au,牛,Heavy Steer月均(c/kg lwt),2010-07-01,172.3478163865687,,月度,,澳洲,
au,牛,Heavy Steer月均(c/kg lwt),2010-08-01,176.26517593083793,,月度,,澳洲,
au,牛,Heavy Steer月均(c/kg lwt),2010-09-01,181.22533774971976,,月度,,澳洲,
au,牛,Heavy Steer月均(c/kg lwt),2010-10-01,178.12522289030053,,月度,,澳洲,
au,牛,Heavy Steer月均(c/kg lwt),2010-11-01,176.0116628168128,,月度,,澳洲,
au,牛,Heavy Steer月均(c/kg lwt),2010-12-01,179.725359315979,,月度,,澳洲,
au,牛,Heavy Steer月均(c/kg lwt),2011-01-01,188.02300409711592,,月度,,澳洲,
au,牛,Heavy Steer月均(c/kg lwt),2011-02-01,190.8304011251484,,月度,,澳洲,
au,牛,Heavy Steer月均(c/kg lwt),2011-03-01,200.50321372673255,,月度,,澳洲,
au,牛,Heavy Steer月均(c/kg lwt),2011-04-01,198.3705951247979,,月度,,澳洲,
au,牛,Heavy Steer月均(c/kg lwt),2011-05-01,178.41707578171594,,月度,,澳洲,
au,牛,Heavy Steer月均(c/kg lwt),2011-06-01,175.08775888820244,,月度,,澳洲,
au,牛,Heavy Steer月均(c/kg lwt),2011-07-01,169.61891498848343,,月度,,澳洲,
au,牛,Heavy Steer月均(c/kg lwt),2011-08-01,174.83680936248987,,月度,,澳洲,
au,牛,Heavy Steer月均(c/kg lwt),2011-09-01,185.4614885827355,,月度,,澳洲,
au,牛,Heavy Steer月均(c/kg lwt),2011-10-01,190.0309449082933,,月度,,澳洲,
au,牛,Heavy Steer月均(c/kg lwt),2011-11-01,186.8549059046931,,月度,,澳洲,
au,牛,Heavy Steer月均(c/kg lwt),2011-12-01,189.17274414195168,,月度,,澳洲,
au,牛,Heavy Steer月均(c/kg lwt),2012-01-01,184.05603905720096,,月度,,澳洲,
au,牛,Heavy Steer月均(c/kg lwt),2012-02-01,178.5136171850581,,月度,,澳洲,
au,牛,Heavy Steer月均(c/kg lwt),2012-03-01,184.04948006493808,,月度,,澳洲,
au,牛,Heavy Steer月均(c/kg lwt),2012-04-01,179.19626661424996,,月度,,澳洲,
au,牛,Heavy Steer月均(c/kg lwt),2012-05-01,176.50659354441396,,月度,,澳洲,
au,牛,Heavy Steer月均(c/kg lwt),2012-06-01,177.57735981397204,,月度,,澳洲,
au,牛,Heavy Steer月均(c/kg lwt),2012-07-01,183.5422975603031,,月度,,澳洲,
au,牛,Heavy Steer月均(c/kg lwt),2012-08-01,181.3188144709649,,月度,,澳洲,
au,牛,Heavy Steer月均(c/kg lwt),2012-09-01,181.82835759578902,,月度,,澳洲,
au,牛,Heavy Steer月均(c/kg lwt),2012-10-01,180.84117256955363,,月度,,澳洲,
au,牛,Heavy Steer月均(c/kg lwt),2012-11-01,174.38921230538534,,月度,,澳洲,
au,牛,Heavy Steer月均(c/kg lwt),2012-12-01,167.5726945090109,,月度,,澳洲,
au,牛,Heavy Steer月均(c/kg lwt),2013-01-01,161.47659075837112,,月度,,澳洲,
au,牛,Heavy Steer月均(c/kg lwt),2013-02-01,166.35555998348667,,月度,,澳洲,
au,牛,Heavy Steer月均(c/kg lwt),2013-03-01,168.11998280143715,,月度,,澳洲,
au,牛,Heavy Steer月均(c/kg lwt),2013-04-01,166.33123392714384,,月度,,澳洲,
au,牛,Heavy Steer月均(c/kg lwt),2013-05-01,162.71126966865722,,月度,,澳洲,
au,牛,Heavy Steer月均(c/kg lwt),2013-06-01,166.8696065555523,,月度,,澳洲,
au,牛,Heavy Steer月均(c/kg lwt),2013-07-01,174.02337291084962,,月度,,澳洲,
au,牛,Heavy Steer月均(c/kg lwt),2013-08-01,175.64367296355283,,月度,,澳洲,
au,牛,Heavy Steer月均(c/kg lwt),2013-09-01,180.82299498347513,,月度,,澳洲,
au,牛,Heavy Steer月均(c/kg lwt),2013-10-01,179.85856659313848,,月度,,澳洲,
au,牛,Heavy Steer月均(c/kg lwt),2013-11-01,172.37618366881557,,月度,,澳洲,
au,牛,Heavy Steer月均(c/kg lwt),2013-12-01,168.94723731840392,,月度,,澳洲,
au,牛,Heavy Steer月均(c/kg lwt),2014-01-01,158.08941229464244,,月度,,澳洲,
au,牛,Heavy Steer月均(c/kg lwt),2014-02-01,161.79454127611194,,月度,,澳洲,
au,牛,Heavy Steer月均(c/kg lwt),2014-03-01,172.16112273563414,,月度,,澳洲,
au,牛,Heavy Steer月均(c/kg lwt),2014-04-01,193.50804030945136,,月度,,澳洲,
au,牛,Heavy Steer月均(c/kg lwt),2014-05-01,188.19405691450845,,月度,,澳洲,
au,牛,Heavy Steer月均(c/kg lwt),2014-06-01,186.97147749613072,,月度,,澳洲,
au,牛,Heavy Steer月均(c/kg lwt),2014-07-01,188.97396775258989,,月度,,澳洲,
au,牛,Heavy Steer月均(c/kg lwt),2014-08-01,190.58752325770084,,月度,,澳洲,
au,牛,Heavy Steer月均(c/kg lwt),2014-09-01,197.69899215354155,,月度,,澳洲,
au,牛,Heavy Steer月均(c/kg lwt),2014-10-01,195.82160115013605,,月度,,澳洲,
au,牛,Heavy Steer月均(c/kg lwt),2014-11-01,179.5442100259604,,月度,,澳洲,
au,牛,Heavy Steer月均(c/kg lwt),2014-12-01,182.69086898771218,,月度,,澳洲,
au,牛,Heavy Steer月均(c/kg lwt),2015-01-01,215.62893633561248,,月度,,澳洲,
au,牛,Heavy Steer月均(c/kg lwt),2015-02-01,224.36853692169842,,月度,,澳洲,
au,牛,Heavy Steer月均(c/kg lwt),2015-03-01,219.42695232803482,,月度,,澳洲,
au,牛,Heavy Steer月均(c/kg lwt),2015-04-01,232.0502240208868,,月度,,澳洲,
au,牛,Heavy Steer月均(c/kg lwt),2015-05-01,259.05865469755145,,月度,,澳洲,
au,牛,Heavy Steer月均(c/kg lwt),2015-06-01,266.6062747830281,,月度,,澳洲,
au,牛,Heavy Steer月均(c/kg lwt),2015-07-01,286.549005972298,,月度,,澳洲,
au,牛,Heavy Steer月均(c/kg lwt),2015-08-01,304.93497960489333,,月度,,澳洲,
au,牛,Heavy Steer月均(c/kg lwt),2015-09-01,308.50276415410286,,月度,,澳洲,
au,牛,Heavy Steer月均(c/kg lwt),2015-10-01,290.5397502659181,,月度,,澳洲,
au,牛,Heavy Steer月均(c/kg lwt),2015-11-01,288.3043066220859,,月度,,澳洲,
au,牛,Heavy Steer月均(c/kg lwt),2015-12-01,277.6316461871256,,月度,,澳洲,
au,牛,Heavy Steer月均(c/kg lwt),2016-01-01,270.0236544073791,,月度,,澳洲,
au,牛,Heavy Steer月均(c/kg lwt),2016-02-01,284.6677664875202,,月度,,澳洲,
au,牛,Heavy Steer月均(c/kg lwt),2016-03-01,285.24349377909607,,月度,,澳洲,
au,牛,Heavy Steer月均(c/kg lwt),2016-04-01,281.0942336743685,,月度,,澳洲,
au,牛,Heavy Steer月均(c/kg lwt),2016-05-01,285.10023428430156,,月度,,澳洲,
au,牛,Heavy Steer月均(c/kg lwt),2016-06-01,306.55465489979844,,月度,,澳洲,
au,牛,Heavy Steer月均(c/kg lwt),2016-07-01,333.92641615729957,,月度,,澳洲,
au,牛,Heavy Steer月均(c/kg lwt),2016-08-01,335.40240330908864,,月度,,澳洲,
au,牛,Heavy Steer月均(c/kg lwt),2016-09-01,338.6585664832278,,月度,,澳洲,
au,牛,Heavy Steer月均(c/kg lwt),2016-10-01,326.0666791787174,,月度,,澳洲,
au,牛,Heavy Steer月均(c/kg lwt),2016-11-01,303.20075829860775,,月度,,澳洲,
au,牛,Heavy Steer月均(c/kg lwt),2016-12-01,293.57560198053824,,月度,,澳洲,
au,牛,Heavy Steer月均(c/kg lwt),2017-01-01,307.0218987390533,,月度,,澳洲,
au,牛,Heavy Steer月均(c/kg lwt),2017-02-01,303.25716376026696,,月度,,澳洲,
au,牛,Heavy Steer月均(c/kg lwt),2017-03-01,293.645337881079,,月度,,澳洲,
au,牛,Heavy Steer月均(c/kg lwt),2017-04-01,307.7182771921722,,月度,,澳洲,
au,牛,Heavy Steer月均(c/kg lwt),2017-05-01,304.94722098793216,,月度,,澳洲,
au,牛,Heavy Steer月均(c/kg lwt),2017-06-01,295.94308437217313,,月度,,澳洲,
au,牛,Heavy Steer月均(c/kg lwt),2017-07-01,289.22793158603093,,月度,,澳洲,
au,牛,Heavy Steer月均(c/kg lwt),2017-08-01,274.03881401507954,,月度,,澳洲,
au,牛,Heavy Steer月均(c/kg lwt),2017-09-01,270.55253799499513,,月度,,澳洲,
au,牛,Heavy Steer月均(c/kg lwt),2017-10-01,267.69127538663963,,月度,,澳洲,
au,牛,Heavy Steer月均(c/kg lwt),2017-11-01,277.04451296626115,,月度,,澳洲,
au,牛,Heavy Steer月均(c/kg lwt),2017-12-01,264.4390564370565,,月度,,澳洲,
au,牛,Heavy Steer月均(c/kg lwt),2018-01-01,258.4160666271154,,月度,,澳洲,
au,牛,Heavy Steer月均(c/kg lwt),2018-02-01,255.83478147426635,,月度,,澳洲,
au,牛,Heavy Steer月均(c/kg lwt),2018-03-01,264.50313661606606,,月度,,澳洲,
au,牛,Heavy Steer月均(c/kg lwt),2018-04-01,263.5063962675464,,月度,,澳洲,
au,牛,Heavy Steer月均(c/kg lwt),2018-05-01,264.7704063981629,,月度,,澳洲,
au,牛,Heavy Steer月均(c/kg lwt),2018-06-01,265.74862720132484,,月度,,澳洲,
au,牛,Heavy Steer月均(c/kg lwt),2018-07-01,280.0306665735608,,月度,,澳洲,
au,牛,Heavy Steer月均(c/kg lwt),2018-08-01,266.34401557107236,,月度,,澳洲,
au,牛,Heavy Steer月均(c/kg lwt),2018-09-01,280.72168812044794,,月度,,澳洲,
au,牛,Heavy Steer月均(c/kg lwt),2018-10-01,278.86919198400534,,月度,,澳洲,
au,牛,Heavy Steer月均(c/kg lwt),2018-11-01,282.2571757808473,,月度,,澳洲,
au,牛,Heavy Steer月均(c/kg lwt),2018-12-01,269.38590432557737,,月度,,澳洲,
au,牛,Heavy Steer月均(c/kg lwt),2019-01-01,268.9440494645929,,月度,,澳洲,
au,牛,Heavy Steer月均(c/kg lwt),2019-02-01,260.7646535296337,,月度,,澳洲,
au,牛,Heavy Steer月均(c/kg lwt),2019-03-01,260.02038164648405,,月度,,澳洲,
au,牛,Heavy Steer月均(c/kg lwt),2019-04-01,275.95749563258823,,月度,,澳洲,
au,牛,Heavy Steer月均(c/kg lwt),2019-05-01,281.1770348140892,,月度,,澳洲,
au,牛,Heavy Steer月均(c/kg lwt),2019-06-01,287.4795788159568,,月度,,澳洲,
au,牛,Heavy Steer月均(c/kg lwt),2019-07-01,303.40226059838716,,月度,,澳洲,
au,牛,Heavy Steer月均(c/kg lwt),2019-08-01,307.92347455380707,,月度,,澳洲,
au,牛,Heavy Steer月均(c/kg lwt),2019-09-01,304.99859300925107,,月度,,澳洲,
au,牛,Heavy Steer月均(c/kg lwt),2019-10-01,304.24258283640495,,月度,,澳洲,
au,牛,Heavy Steer月均(c/kg lwt),2019-11-01,300.93075374797104,,月度,,澳洲,
au,牛,Heavy Steer月均(c/kg lwt),2019-12-01,273.5500555965283,,月度,,澳洲,
au,牛,Heavy Steer月均(c/kg lwt),2020-01-01,269.1655841935073,,月度,,澳洲,
au,牛,Heavy Steer月均(c/kg lwt),2020-02-01,303.0746490805009,,月度,,澳洲,
au,牛,Heavy Steer月均(c/kg lwt),2020-03-01,332.14445004182886,,月度,,澳洲,
au,牛,Heavy Steer月均(c/kg lwt),2020-04-01,303.45637779265877,,月度,,澳洲,
au,牛,Heavy Steer月均(c/kg lwt),2020-05-01,326.0028475107049,,月度,,澳洲,
au,牛,Heavy Steer月均(c/kg lwt),2020-06-01,354.19578102735886,,月度,,澳洲,
au,牛,Heavy Steer月均(c/kg lwt),2020-07-01,354.8557887223409,,月度,,澳洲,
au,牛,Heavy Steer月均(c/kg lwt),2020-08-01,355.26387345805904,,月度,,澳洲,
au,牛,Heavy Steer月均(c/kg lwt),2020-09-01,353.56088810422193,,月度,,澳洲,
au,牛,Heavy Steer月均(c/kg lwt),2020-10-01,367.56319661769663,,月度,,澳洲,
au,牛,Heavy Steer月均(c/kg lwt),2020-11-01,372.8219113470128,,月度,,澳洲,
au,牛,Heavy Steer月均(c/kg lwt),2020-12-01,347.5421120647999,,月度,,澳洲,
au,牛,Heavy Steer月均(c/kg lwt),2021-01-01,374.0085416773072,,月度,,澳洲,
au,牛,Heavy Steer月均(c/kg lwt),2021-02-01,374.8983396144271,,月度,,澳洲,
au,牛,Heavy Steer月均(c/kg lwt),2021-03-01,372.3643801451693,,月度,,澳洲,
au,牛,Heavy Steer月均(c/kg lwt),2021-04-01,374.80801647496986,,月度,,澳洲,
au,牛,Heavy Steer月均(c/kg lwt),2021-05-01,378.6244651789555,,月度,,澳洲,
au,牛,Heavy Steer月均(c/kg lwt),2021-06-01,390.1729171993124,,月度,,澳洲,
au,牛,Heavy Steer月均(c/kg lwt),2021-07-01,402.3036940529189,,月度,,澳洲,
au,牛,Heavy Steer月均(c/kg lwt),2021-08-01,417.8231530502071,,月度,,澳洲,
au,牛,Heavy Steer月均(c/kg lwt),2021-09-01,433.3001776719937,,月度,,澳洲,
au,牛,Heavy Steer月均(c/kg lwt),2021-10-01,452.4257750642555,,月度,,澳洲,
au,牛,Heavy Steer月均(c/kg lwt),2021-11-01,450.6005347397939,,月度,,澳洲,
au,牛,Heavy Steer月均(c/kg lwt),2021-12-01,447.5761769813107,,月度,,澳洲,
au,牛,Heavy Steer月均(c/kg lwt),2022-01-01,424.66821495747064,,月度,,澳洲,
au,牛,Heavy Steer月均(c/kg lwt),2022-02-01,444.8385395216163,,月度,,澳洲,
au,牛,Heavy Steer月均(c/kg lwt),2022-03-01,448.4079069231669,,月度,,澳洲,
au,牛,Heavy Steer月均(c/kg lwt),2022-04-01,437.6182656378585,,月度,,澳洲,
au,牛,Heavy Steer月均(c/kg lwt),2022-05-01,450.4862452978309,,月度,,澳洲,
au,牛,Heavy Steer月均(c/kg lwt),2022-06-01,442.74361922257754,,月度,,澳洲,
au,牛,Heavy Steer月均(c/kg lwt),2022-07-01,409.0244448727436,,月度,,澳洲,
au,牛,Heavy Steer月均(c/kg lwt),2022-08-01,406.7567135257511,,月度,,澳洲,
au,牛,Heavy Steer月均(c/kg lwt),2022-09-01,444.37478891926594,,月度,,澳洲,
au,牛,Heavy Steer月均(c/kg lwt),2022-10-01,450.2061935155157,,月度,,澳洲,
au,牛,Heavy Steer月均(c/kg lwt),2022-11-01,430.38159951366873,,月度,,澳洲,
au,牛,Heavy Steer月均(c/kg lwt),2022-12-01,377.95131895600196,,月度,,澳洲,
au,牛,Heavy Steer月均(c/kg lwt),2023-01-01,368.29824004769523,,月度,,澳洲,
au,牛,Heavy Steer月均(c/kg lwt),2023-02-01,354.0476363302406,,月度,,澳洲,
au,牛,Heavy Steer月均(c/kg lwt),2023-03-01,332.01342950284334,,月度,,澳洲,
au,牛,Heavy Steer月均(c/kg lwt),2023-04-01,325.39242579966395,,月度,,澳洲,
au,牛,Heavy Steer月均(c/kg lwt),2023-05-01,307.4040212128189,,月度,,澳洲,
au,牛,Heavy Steer月均(c/kg lwt),2023-06-01,275.8416525157426,,月度,,澳洲,
au,牛,Heavy Steer月均(c/kg lwt),2023-07-01,287.22834664354525,,月度,,澳洲,
au,牛,Heavy Steer月均(c/kg lwt),2023-08-01,269.38945591717004,,月度,,澳洲,
au,牛,Heavy Steer月均(c/kg lwt),2023-09-01,255.3514248227189,,月度,,澳洲,
au,牛,Heavy Steer月均(c/kg lwt),2023-10-01,213.18390821836948,,月度,,澳洲,
au,牛,Heavy Steer月均(c/kg lwt),2023-11-01,209.0733762103625,,月度,,澳洲,
au,牛,Heavy Steer月均(c/kg lwt),2023-12-01,240.45146784893458,,月度,,澳洲,
au,牛,Heavy Steer月均(c/kg lwt),2024-01-01,268.7926091788286,,月度,,澳洲,
au,牛,Heavy Steer月均(c/kg lwt),2024-02-01,296.7993905077716,,月度,,澳洲,
au,牛,Heavy Steer月均(c/kg lwt),2024-03-01,284.125029140191,,月度,,澳洲,
au,牛,Heavy Steer月均(c/kg lwt),2024-04-01,295.99425913741925,,月度,,澳洲,
au,牛,Heavy Steer月均(c/kg lwt),2024-05-01,296.0796307251333,,月度,,澳洲,
au,牛,Heavy Steer月均(c/kg lwt),2024-06-01,293.4206815840665,,月度,,澳洲,
au,牛,Heavy Steer月均(c/kg lwt),2024-07-01,323.5456142389368,,月度,,澳洲,
au,牛,Heavy Steer月均(c/kg lwt),2024-08-01,338.9940123584609,,月度,,澳洲,
au,牛,Heavy Steer月均(c/kg lwt),2024-09-01,346.8778130795963,,月度,,澳洲,
au,牛,Heavy Steer月均(c/kg lwt),2024-10-01,330.66850080830886,,月度,,澳洲,
au,牛,Heavy Steer月均(c/kg lwt),2024-11-01,327.99700985580574,,月度,,澳洲,
au,牛,Heavy Steer月均(c/kg lwt),2024-12-01,325.5826832735531,,月度,,澳洲,
au,牛,Heavy Steer月均(c/kg lwt),2025-01-01,355.27045806072493,,月度,,澳洲,
au,牛,Heavy Steer月均(c/kg lwt),2025-02-01,340.3645370009251,,月度,,澳洲,
au,牛,Heavy Steer月均(c/kg lwt),2025-03-01,345.5637373389163,,月度,,澳洲,
au,牛,Heavy Steer月均(c/kg lwt),2025-04-01,364.9488922325738,,月度,,澳洲,
au,牛,Heavy Steer月均(c/kg lwt),2025-05-01,342.3692337385432,,月度,,澳洲,
au,牛,Heavy Steer月均(c/kg lwt),2025-06-01,356.22990745329395,,月度,,澳洲,
au,牛,Heavy Steer月均(c/kg lwt),2025-07-01,367.11484080582494,,月度,,澳洲,
au,牛,Heavy Steer月均(c/kg lwt),2025-08-01,405.8744716207849,,月度,,澳洲,
au,牛,Heavy Steer月均(c/kg lwt),2025-09-01,430.6919029262176,,月度,,澳洲,
au,牛,Heavy Steer月均(c/kg lwt),2025-10-01,427.0024468027,,月度,,澳洲,
au,牛,Heavy Steer月均(c/kg lwt),2025-11-01,447.3965048799857,,月度,,澳洲,
au,牛,Heavy Steer月均(c/kg lwt),2025-12-01,446.358789172936,,月度,,澳洲,
au,牛,Heavy Steer月均(c/kg lwt),2026-01-01,449.02233963901216,,月度,,澳洲,
au,牛,Heavy Steer月均(c/kg lwt),2026-02-01,440.1941119932044,,月度,,澳洲,
au,牛,Heavy Steer月均(c/kg lwt),2026-03-01,453.1086820920808,,月度,,澳洲,
au,牛,Heavy Steer月均(c/kg lwt),2026-04-01,416.62459646527526,,月度,,澳洲,
au,牛,Heavy Steer月均(c/kg lwt),2026-05-01,430.3095577380676,,月度,,澳洲,
au,牛,Heavy Steer月均(c/kg lwt),2026-06-01,454.6287559595912,,月度,,澳洲,
au,牛,Heavy Steer月均(c/kg lwt),2026-07-01,445.87516728365773,,月度,,澳洲,
au,牛,MLA ABS Production Calves Australia,2024-12-01,2810.0,吨,季度,MLA Statistics API / ABS,Australia,MLA Statistics API report/3 Australian Slaughter and Production；按动物类别和地区保留ABS季度值。
au,牛,MLA ABS Production Calves Australia,2025-03-01,2829.0,吨,季度,MLA Statistics API / ABS,Australia,MLA Statistics API report/3 Australian Slaughter and Production；按动物类别和地区保留ABS季度值。
au,牛,MLA ABS Production Calves Australia,2025-06-01,3925.0,吨,季度,MLA Statistics API / ABS,Australia,MLA Statistics API report/3 Australian Slaughter and Production；按动物类别和地区保留ABS季度值。
au,牛,MLA ABS Production Calves Australia,2025-09-01,5627.0,吨,季度,MLA Statistics API / ABS,Australia,MLA Statistics API report/3 Australian Slaughter and Production；按动物类别和地区保留ABS季度值。
au,牛,MLA ABS Production Calves Australia,2025-12-01,3118.0,吨,季度,MLA Statistics API / ABS,Australia,MLA Statistics API report/3 Australian Slaughter and Production；按动物类别和地区保留ABS季度值。
au,牛,MLA ABS Production Calves Australian Capital Territory,2024-12-01,0.0,吨,季度,MLA Statistics API / ABS,Australian Capital Territory,MLA Statistics API report/3 Australian Slaughter and Production；按动物类别和地区保留ABS季度值。
au,牛,MLA ABS Production Calves Australian Capital Territory,2025-03-01,0.0,吨,季度,MLA Statistics API / ABS,Australian Capital Territory,MLA Statistics API report/3 Australian Slaughter and Production；按动物类别和地区保留ABS季度值。
au,牛,MLA ABS Production Calves Australian Capital Territory,2025-06-01,0.0,吨,季度,MLA Statistics API / ABS,Australian Capital Territory,MLA Statistics API report/3 Australian Slaughter and Production；按动物类别和地区保留ABS季度值。
au,牛,MLA ABS Production Calves Australian Capital Territory,2025-09-01,0.0,吨,季度,MLA Statistics API / ABS,Australian Capital Territory,MLA Statistics API report/3 Australian Slaughter and Production；按动物类别和地区保留ABS季度值。
au,牛,MLA ABS Production Calves Australian Capital Territory,2025-12-01,0.0,吨,季度,MLA Statistics API / ABS,Australian Capital Territory,MLA Statistics API report/3 Australian Slaughter and Production；按动物类别和地区保留ABS季度值。
au,牛,MLA ABS Production Calves New South Wales,2024-12-01,1905.0,吨,季度,MLA Statistics API / ABS,New South Wales,MLA Statistics API report/3 Australian Slaughter and Production；按动物类别和地区保留ABS季度值。
au,牛,MLA ABS Production Calves New South Wales,2025-03-01,1880.0,吨,季度,MLA Statistics API / ABS,New South Wales,MLA Statistics API report/3 Australian Slaughter and Production；按动物类别和地区保留ABS季度值。
au,牛,MLA ABS Production Calves New South Wales,2025-06-01,2322.0,吨,季度,MLA Statistics API / ABS,New South Wales,MLA Statistics API report/3 Australian Slaughter and Production；按动物类别和地区保留ABS季度值。
au,牛,MLA ABS Production Calves New South Wales,2025-09-01,2486.0,吨,季度,MLA Statistics API / ABS,New South Wales,MLA Statistics API report/3 Australian Slaughter and Production；按动物类别和地区保留ABS季度值。
au,牛,MLA ABS Production Calves New South Wales,2025-12-01,2410.0,吨,季度,MLA Statistics API / ABS,New South Wales,MLA Statistics API report/3 Australian Slaughter and Production；按动物类别和地区保留ABS季度值。
au,牛,MLA ABS Production Calves Northern Territory,2024-12-01,0.0,吨,季度,MLA Statistics API / ABS,Northern Territory,MLA Statistics API report/3 Australian Slaughter and Production；按动物类别和地区保留ABS季度值。
au,牛,MLA ABS Production Calves Northern Territory,2025-03-01,0.0,吨,季度,MLA Statistics API / ABS,Northern Territory,MLA Statistics API report/3 Australian Slaughter and Production；按动物类别和地区保留ABS季度值。
au,牛,MLA ABS Production Calves Northern Territory,2025-06-01,0.0,吨,季度,MLA Statistics API / ABS,Northern Territory,MLA Statistics API report/3 Australian Slaughter and Production；按动物类别和地区保留ABS季度值。
au,牛,MLA ABS Production Calves Northern Territory,2025-09-01,0.0,吨,季度,MLA Statistics API / ABS,Northern Territory,MLA Statistics API report/3 Australian Slaughter and Production；按动物类别和地区保留ABS季度值。
au,牛,MLA ABS Production Calves Northern Territory,2025-12-01,0.0,吨,季度,MLA Statistics API / ABS,Northern Territory,MLA Statistics API report/3 Australian Slaughter and Production；按动物类别和地区保留ABS季度值。
au,牛,MLA ABS Production Calves Queensland,2024-12-01,32.0,吨,季度,MLA Statistics API / ABS,Queensland,MLA Statistics API report/3 Australian Slaughter and Production；按动物类别和地区保留ABS季度值。
au,牛,MLA ABS Production Calves Queensland,2025-03-01,8.0,吨,季度,MLA Statistics API / ABS,Queensland,MLA Statistics API report/3 Australian Slaughter and Production；按动物类别和地区保留ABS季度值。
au,牛,MLA ABS Production Calves Queensland,2025-06-01,7.0,吨,季度,MLA Statistics API / ABS,Queensland,MLA Statistics API report/3 Australian Slaughter and Production；按动物类别和地区保留ABS季度值。
au,牛,MLA ABS Production Calves Queensland,2025-09-01,9.0,吨,季度,MLA Statistics API / ABS,Queensland,MLA Statistics API report/3 Australian Slaughter and Production；按动物类别和地区保留ABS季度值。
au,牛,MLA ABS Production Calves Queensland,2025-12-01,6.0,吨,季度,MLA Statistics API / ABS,Queensland,MLA Statistics API report/3 Australian Slaughter and Production；按动物类别和地区保留ABS季度值。
au,牛,MLA ABS Production Calves South Australia,2024-12-01,2.0,吨,季度,MLA Statistics API / ABS,South Australia,MLA Statistics API report/3 Australian Slaughter and Production；按动物类别和地区保留ABS季度值。
au,牛,MLA ABS Production Calves South Australia,2025-03-01,0.0,吨,季度,MLA Statistics API / ABS,South Australia,MLA Statistics API report/3 Australian Slaughter and Production；按动物类别和地区保留ABS季度值。
au,牛,MLA ABS Production Calves South Australia,2025-06-01,0.0,吨,季度,MLA Statistics API / ABS,South Australia,MLA Statistics API report/3 Australian Slaughter and Production；按动物类别和地区保留ABS季度值。
au,牛,MLA ABS Production Calves South Australia,2025-09-01,0.0,吨,季度,MLA Statistics API / ABS,South Australia,MLA Statistics API report/3 Australian Slaughter and Production；按动物类别和地区保留ABS季度值。
au,牛,MLA ABS Production Calves South Australia,2025-12-01,0.0,吨,季度,MLA Statistics API / ABS,South Australia,MLA Statistics API report/3 Australian Slaughter and Production；按动物类别和地区保留ABS季度值。
au,牛,MLA ABS Production Calves Tasmania,2024-12-01,121.0,吨,季度,MLA Statistics API / ABS,Tasmania,MLA Statistics API report/3 Australian Slaughter and Production；按动物类别和地区保留ABS季度值。
au,牛,MLA ABS Production Calves Tasmania,2025-03-01,22.0,吨,季度,MLA Statistics API / ABS,Tasmania,MLA Statistics API report/3 Australian Slaughter and Production；按动物类别和地区保留ABS季度值。
au,牛,MLA ABS Production Calves Tasmania,2025-06-01,26.0,吨,季度,MLA Statistics API / ABS,Tasmania,MLA Statistics API report/3 Australian Slaughter and Production；按动物类别和地区保留ABS季度值。
au,牛,MLA ABS Production Calves Tasmania,2025-09-01,681.0,吨,季度,MLA Statistics API / ABS,Tasmania,MLA Statistics API report/3 Australian Slaughter and Production；按动物类别和地区保留ABS季度值。
au,牛,MLA ABS Production Calves Tasmania,2025-12-01,115.0,吨,季度,MLA Statistics API / ABS,Tasmania,MLA Statistics API report/3 Australian Slaughter and Production；按动物类别和地区保留ABS季度值。
au,牛,MLA ABS Production Calves Victoria,2024-12-01,728.0,吨,季度,MLA Statistics API / ABS,Victoria,MLA Statistics API report/3 Australian Slaughter and Production；按动物类别和地区保留ABS季度值。
au,牛,MLA ABS Production Calves Victoria,2025-03-01,895.0,吨,季度,MLA Statistics API / ABS,Victoria,MLA Statistics API report/3 Australian Slaughter and Production；按动物类别和地区保留ABS季度值。
au,牛,MLA ABS Production Calves Victoria,2025-06-01,1547.0,吨,季度,MLA Statistics API / ABS,Victoria,MLA Statistics API report/3 Australian Slaughter and Production；按动物类别和地区保留ABS季度值。
au,牛,MLA ABS Production Calves Victoria,2025-09-01,2427.0,吨,季度,MLA Statistics API / ABS,Victoria,MLA Statistics API report/3 Australian Slaughter and Production；按动物类别和地区保留ABS季度值。
au,牛,MLA ABS Production Calves Victoria,2025-12-01,562.0,吨,季度,MLA Statistics API / ABS,Victoria,MLA Statistics API report/3 Australian Slaughter and Production；按动物类别和地区保留ABS季度值。
au,牛,MLA ABS Production Calves Western Australia,2024-12-01,23.0,吨,季度,MLA Statistics API / ABS,Western Australia,MLA Statistics API report/3 Australian Slaughter and Production；按动物类别和地区保留ABS季度值。
au,牛,MLA ABS Production Calves Western Australia,2025-03-01,23.0,吨,季度,MLA Statistics API / ABS,Western Australia,MLA Statistics API report/3 Australian Slaughter and Production；按动物类别和地区保留ABS季度值。
au,牛,MLA ABS Production Calves Western Australia,2025-06-01,24.0,吨,季度,MLA Statistics API / ABS,Western Australia,MLA Statistics API report/3 Australian Slaughter and Production；按动物类别和地区保留ABS季度值。
au,牛,MLA ABS Production Calves Western Australia,2025-09-01,25.0,吨,季度,MLA Statistics API / ABS,Western Australia,MLA Statistics API report/3 Australian Slaughter and Production；按动物类别和地区保留ABS季度值。
au,牛,MLA ABS Production Calves Western Australia,2025-12-01,24.0,吨,季度,MLA Statistics API / ABS,Western Australia,MLA Statistics API report/3 Australian Slaughter and Production；按动物类别和地区保留ABS季度值。
au,牛,MLA ABS Production Cattle (Excl. Calves) Australia,2024-12-01,660899.0,吨,季度,MLA Statistics API / ABS,Australia,MLA Statistics API report/3 Australian Slaughter and Production；按动物类别和地区保留ABS季度值。
au,牛,MLA ABS Production Cattle (Excl. Calves) Australia,2025-03-01,679048.0,吨,季度,MLA Statistics API / ABS,Australia,MLA Statistics API report/3 Australian Slaughter and Production；按动物类别和地区保留ABS季度值。
au,牛,MLA ABS Production Cattle (Excl. Calves) Australia,2025-06-01,717891.0,吨,季度,MLA Statistics API / ABS,Australia,MLA Statistics API report/3 Australian Slaughter and Production；按动物类别和地区保留ABS季度值。
au,牛,MLA ABS Production Cattle (Excl. Calves) Australia,2025-09-01,759270.0,吨,季度,MLA Statistics API / ABS,Australia,MLA Statistics API report/3 Australian Slaughter and Production；按动物类别和地区保留ABS季度值。
au,牛,MLA ABS Production Cattle (Excl. Calves) Australia,2025-12-01,712888.0,吨,季度,MLA Statistics API / ABS,Australia,MLA Statistics API report/3 Australian Slaughter and Production；按动物类别和地区保留ABS季度值。
au,牛,MLA ABS Production Cattle (Excl. Calves) Australian Capital Territory,2024-12-01,0.0,吨,季度,MLA Statistics API / ABS,Australian Capital Territory,MLA Statistics API report/3 Australian Slaughter and Production；按动物类别和地区保留ABS季度值。
au,牛,MLA ABS Production Cattle (Excl. Calves) Australian Capital Territory,2025-03-01,0.0,吨,季度,MLA Statistics API / ABS,Australian Capital Territory,MLA Statistics API report/3 Australian Slaughter and Production；按动物类别和地区保留ABS季度值。
au,牛,MLA ABS Production Cattle (Excl. Calves) Australian Capital Territory,2025-06-01,0.0,吨,季度,MLA Statistics API / ABS,Australian Capital Territory,MLA Statistics API report/3 Australian Slaughter and Production；按动物类别和地区保留ABS季度值。
au,牛,MLA ABS Production Cattle (Excl. Calves) Australian Capital Territory,2025-09-01,0.0,吨,季度,MLA Statistics API / ABS,Australian Capital Territory,MLA Statistics API report/3 Australian Slaughter and Production；按动物类别和地区保留ABS季度值。
au,牛,MLA ABS Production Cattle (Excl. Calves) Australian Capital Territory,2025-12-01,0.0,吨,季度,MLA Statistics API / ABS,Australian Capital Territory,MLA Statistics API report/3 Australian Slaughter and Production；按动物类别和地区保留ABS季度值。
au,牛,MLA ABS Production Cattle (Excl. Calves) New South Wales,2024-12-01,140038.0,吨,季度,MLA Statistics API / ABS,New South Wales,MLA Statistics API report/3 Australian Slaughter and Production；按动物类别和地区保留ABS季度值。
au,牛,MLA ABS Production Cattle (Excl. Calves) New South Wales,2025-03-01,150854.0,吨,季度,MLA Statistics API / ABS,New South Wales,MLA Statistics API report/3 Australian Slaughter and Production；按动物类别和地区保留ABS季度值。
au,牛,MLA ABS Production Cattle (Excl. Calves) New South Wales,2025-06-01,154353.0,吨,季度,MLA Statistics API / ABS,New South Wales,MLA Statistics API report/3 Australian Slaughter and Production；按动物类别和地区保留ABS季度值。
au,牛,MLA ABS Production Cattle (Excl. Calves) New South Wales,2025-09-01,168518.0,吨,季度,MLA Statistics API / ABS,New South Wales,MLA Statistics API report/3 Australian Slaughter and Production；按动物类别和地区保留ABS季度值。
au,牛,MLA ABS Production Cattle (Excl. Calves) New South Wales,2025-12-01,164199.0,吨,季度,MLA Statistics API / ABS,New South Wales,MLA Statistics API report/3 Australian Slaughter and Production；按动物类别和地区保留ABS季度值。
au,牛,MLA ABS Production Cattle (Excl. Calves) Northern Territory,2024-12-01,0.0,吨,季度,MLA Statistics API / ABS,Northern Territory,MLA Statistics API report/3 Australian Slaughter and Production；按动物类别和地区保留ABS季度值。
au,牛,MLA ABS Production Cattle (Excl. Calves) Northern Territory,2025-03-01,0.0,吨,季度,MLA Statistics API / ABS,Northern Territory,MLA Statistics API report/3 Australian Slaughter and Production；按动物类别和地区保留ABS季度值。
au,牛,MLA ABS Production Cattle (Excl. Calves) Northern Territory,2025-06-01,0.0,吨,季度,MLA Statistics API / ABS,Northern Territory,MLA Statistics API report/3 Australian Slaughter and Production；按动物类别和地区保留ABS季度值。
au,牛,MLA ABS Production Cattle (Excl. Calves) Northern Territory,2025-09-01,0.0,吨,季度,MLA Statistics API / ABS,Northern Territory,MLA Statistics API report/3 Australian Slaughter and Production；按动物类别和地区保留ABS季度值。
au,牛,MLA ABS Production Cattle (Excl. Calves) Northern Territory,2025-12-01,0.0,吨,季度,MLA Statistics API / ABS,Northern Territory,MLA Statistics API report/3 Australian Slaughter and Production；按动物类别和地区保留ABS季度值。
au,牛,MLA ABS Production Cattle (Excl. Calves) Queensland,2024-12-01,297306.0,吨,季度,MLA Statistics API / ABS,Queensland,MLA Statistics API report/3 Australian Slaughter and Production；按动物类别和地区保留ABS季度值。
au,牛,MLA ABS Production Cattle (Excl. Calves) Queensland,2025-03-01,296771.0,吨,季度,MLA Statistics API / ABS,Queensland,MLA Statistics API report/3 Australian Slaughter and Production；按动物类别和地区保留ABS季度值。
au,牛,MLA ABS Production Cattle (Excl. Calves) Queensland,2025-06-01,329034.0,吨,季度,MLA Statistics API / ABS,Queensland,MLA Statistics API report/3 Australian Slaughter and Production；按动物类别和地区保留ABS季度值。
au,牛,MLA ABS Production Cattle (Excl. Calves) Queensland,2025-09-01,349740.0,吨,季度,MLA Statistics API / ABS,Queensland,MLA Statistics API report/3 Australian Slaughter and Production；按动物类别和地区保留ABS季度值。
au,牛,MLA ABS Production Cattle (Excl. Calves) Queensland,2025-12-01,307056.0,吨,季度,MLA Statistics API / ABS,Queensland,MLA Statistics API report/3 Australian Slaughter and Production；按动物类别和地区保留ABS季度值。
au,牛,MLA ABS Production Cattle (Excl. Calves) South Australia,2024-12-01,24212.0,吨,季度,MLA Statistics API / ABS,South Australia,MLA Statistics API report/3 Australian Slaughter and Production；按动物类别和地区保留ABS季度值。
au,牛,MLA ABS Production Cattle (Excl. Calves) South Australia,2025-03-01,28001.0,吨,季度,MLA Statistics API / ABS,South Australia,MLA Statistics API report/3 Australian Slaughter and Production；按动物类别和地区保留ABS季度值。
au,牛,MLA ABS Production Cattle (Excl. Calves) South Australia,2025-06-01,29145.0,吨,季度,MLA Statistics API / ABS,South Australia,MLA Statistics API report/3 Australian Slaughter and Production；按动物类别和地区保留ABS季度值。
au,牛,MLA ABS Production Cattle (Excl. Calves) South Australia,2025-09-01,30259.0,吨,季度,MLA Statistics API / ABS,South Australia,MLA Statistics API report/3 Australian Slaughter and Production；按动物类别和地区保留ABS季度值。
au,牛,MLA ABS Production Cattle (Excl. Calves) South Australia,2025-12-01,28162.0,吨,季度,MLA Statistics API / ABS,South Australia,MLA Statistics API report/3 Australian Slaughter and Production；按动物类别和地区保留ABS季度值。
au,牛,MLA ABS Production Cattle (Excl. Calves) Tasmania,2024-12-01,17111.0,吨,季度,MLA Statistics API / ABS,Tasmania,MLA Statistics API report/3 Australian Slaughter and Production；按动物类别和地区保留ABS季度值。
au,牛,MLA ABS Production Cattle (Excl. Calves) Tasmania,2025-03-01,17521.0,吨,季度,MLA Statistics API / ABS,Tasmania,MLA Statistics API report/3 Australian Slaughter and Production；按动物类别和地区保留ABS季度值。
au,牛,MLA ABS Production Cattle (Excl. Calves) Tasmania,2025-06-01,18056.0,吨,季度,MLA Statistics API / ABS,Tasmania,MLA Statistics API report/3 Australian Slaughter and Production；按动物类别和地区保留ABS季度值。
au,牛,MLA ABS Production Cattle (Excl. Calves) Tasmania,2025-09-01,14997.0,吨,季度,MLA Statistics API / ABS,Tasmania,MLA Statistics API report/3 Australian Slaughter and Production；按动物类别和地区保留ABS季度值。
au,牛,MLA ABS Production Cattle (Excl. Calves) Tasmania,2025-12-01,17149.0,吨,季度,MLA Statistics API / ABS,Tasmania,MLA Statistics API report/3 Australian Slaughter and Production；按动物类别和地区保留ABS季度值。
au,牛,MLA ABS Production Cattle (Excl. Calves) Victoria,2024-12-01,147895.0,吨,季度,MLA Statistics API / ABS,Victoria,MLA Statistics API report/3 Australian Slaughter and Production；按动物类别和地区保留ABS季度值。
au,牛,MLA ABS Production Cattle (Excl. Calves) Victoria,2025-03-01,152242.0,吨,季度,MLA Statistics API / ABS,Victoria,MLA Statistics API report/3 Australian Slaughter and Production；按动物类别和地区保留ABS季度值。
au,牛,MLA ABS Production Cattle (Excl. Calves) Victoria,2025-06-01,154208.0,吨,季度,MLA Statistics API / ABS,Victoria,MLA Statistics API report/3 Australian Slaughter and Production；按动物类别和地区保留ABS季度值。
au,牛,MLA ABS Production Cattle (Excl. Calves) Victoria,2025-09-01,161190.0,吨,季度,MLA Statistics API / ABS,Victoria,MLA Statistics API report/3 Australian Slaughter and Production；按动物类别和地区保留ABS季度值。
au,牛,MLA ABS Production Cattle (Excl. Calves) Victoria,2025-12-01,160908.0,吨,季度,MLA Statistics API / ABS,Victoria,MLA Statistics API report/3 Australian Slaughter and Production；按动物类别和地区保留ABS季度值。
au,牛,MLA ABS Production Cattle (Excl. Calves) Western Australia,2024-12-01,34337.0,吨,季度,MLA Statistics API / ABS,Western Australia,MLA Statistics API report/3 Australian Slaughter and Production；按动物类别和地区保留ABS季度值。
au,牛,MLA ABS Production Cattle (Excl. Calves) Western Australia,2025-03-01,33660.0,吨,季度,MLA Statistics API / ABS,Western Australia,MLA Statistics API report/3 Australian Slaughter and Production；按动物类别和地区保留ABS季度值。
au,牛,MLA ABS Production Cattle (Excl. Calves) Western Australia,2025-06-01,33095.0,吨,季度,MLA Statistics API / ABS,Western Australia,MLA Statistics API report/3 Australian Slaughter and Production；按动物类别和地区保留ABS季度值。
au,牛,MLA ABS Production Cattle (Excl. Calves) Western Australia,2025-09-01,34566.0,吨,季度,MLA Statistics API / ABS,Western Australia,MLA Statistics API report/3 Australian Slaughter and Production；按动物类别和地区保留ABS季度值。
au,牛,MLA ABS Production Cattle (Excl. Calves) Western Australia,2025-12-01,35415.0,吨,季度,MLA Statistics API / ABS,Western Australia,MLA Statistics API report/3 Australian Slaughter and Production；按动物类别和地区保留ABS季度值。
au,牛,MLA ABS Production Total Red Meat Australia,2024-12-01,1009345.0,吨,季度,MLA Statistics API / ABS,Australia,MLA Statistics API report/3 Australian Slaughter and Production；按动物类别和地区保留ABS季度值。
au,牛,MLA ABS Production Total Red Meat Australia,2025-03-01,1038066.0,吨,季度,MLA Statistics API / ABS,Australia,MLA Statistics API report/3 Australian Slaughter and Production；按动物类别和地区保留ABS季度值。
au,牛,MLA ABS Production Total Red Meat Australia,2025-06-01,1072399.0,吨,季度,MLA Statistics API / ABS,Australia,MLA Statistics API report/3 Australian Slaughter and Production；按动物类别和地区保留ABS季度值。
au,牛,MLA ABS Production Total Red Meat Australia,2025-09-01,1066439.0,吨,季度,MLA Statistics API / ABS,Australia,MLA Statistics API report/3 Australian Slaughter and Production；按动物类别和地区保留ABS季度值。
au,牛,MLA ABS Production Total Red Meat Australia,2025-12-01,1038589.0,吨,季度,MLA Statistics API / ABS,Australia,MLA Statistics API report/3 Australian Slaughter and Production；按动物类别和地区保留ABS季度值。
au,牛,MLA ABS Production Total Red Meat Australian Capital Territory,2024-12-01,0.0,吨,季度,MLA Statistics API / ABS,Australian Capital Territory,MLA Statistics API report/3 Australian Slaughter and Production；按动物类别和地区保留ABS季度值。
au,牛,MLA ABS Production Total Red Meat Australian Capital Territory,2025-03-01,0.0,吨,季度,MLA Statistics API / ABS,Australian Capital Territory,MLA Statistics API report/3 Australian Slaughter and Production；按动物类别和地区保留ABS季度值。
au,牛,MLA ABS Production Total Red Meat Australian Capital Territory,2025-06-01,0.0,吨,季度,MLA Statistics API / ABS,Australian Capital Territory,MLA Statistics API report/3 Australian Slaughter and Production；按动物类别和地区保留ABS季度值。
au,牛,MLA ABS Production Total Red Meat Australian Capital Territory,2025-09-01,0.0,吨,季度,MLA Statistics API / ABS,Australian Capital Territory,MLA Statistics API report/3 Australian Slaughter and Production；按动物类别和地区保留ABS季度值。
au,牛,MLA ABS Production Total Red Meat Australian Capital Territory,2025-12-01,0.0,吨,季度,MLA Statistics API / ABS,Australian Capital Territory,MLA Statistics API report/3 Australian Slaughter and Production；按动物类别和地区保留ABS季度值。
au,牛,MLA ABS Production Total Red Meat New South Wales,2024-12-01,219707.0,吨,季度,MLA Statistics API / ABS,New South Wales,MLA Statistics API report/3 Australian Slaughter and Production；按动物类别和地区保留ABS季度值。
au,牛,MLA ABS Production Total Red Meat New South Wales,2025-03-01,235500.0,吨,季度,MLA Statistics API / ABS,New South Wales,MLA Statistics API report/3 Australian Slaughter and Production；按动物类别和地区保留ABS季度值。
au,牛,MLA ABS Production Total Red Meat New South Wales,2025-06-01,238064.0,吨,季度,MLA Statistics API / ABS,New South Wales,MLA Statistics API report/3 Australian Slaughter and Production；按动物类别和地区保留ABS季度值。
au,牛,MLA ABS Production Total Red Meat New South Wales,2025-09-01,243548.0,吨,季度,MLA Statistics API / ABS,New South Wales,MLA Statistics API report/3 Australian Slaughter and Production；按动物类别和地区保留ABS季度值。
au,牛,MLA ABS Production Total Red Meat New South Wales,2025-12-01,238144.0,吨,季度,MLA Statistics API / ABS,New South Wales,MLA Statistics API report/3 Australian Slaughter and Production；按动物类别和地区保留ABS季度值。
au,牛,MLA ABS Production Total Red Meat Northern Territory,2024-12-01,0.0,吨,季度,MLA Statistics API / ABS,Northern Territory,MLA Statistics API report/3 Australian Slaughter and Production；按动物类别和地区保留ABS季度值。
au,牛,MLA ABS Production Total Red Meat Northern Territory,2025-03-01,0.0,吨,季度,MLA Statistics API / ABS,Northern Territory,MLA Statistics API report/3 Australian Slaughter and Production；按动物类别和地区保留ABS季度值。
au,牛,MLA ABS Production Total Red Meat Northern Territory,2025-06-01,0.0,吨,季度,MLA Statistics API / ABS,Northern Territory,MLA Statistics API report/3 Australian Slaughter and Production；按动物类别和地区保留ABS季度值。
au,牛,MLA ABS Production Total Red Meat Northern Territory,2025-09-01,0.0,吨,季度,MLA Statistics API / ABS,Northern Territory,MLA Statistics API report/3 Australian Slaughter and Production；按动物类别和地区保留ABS季度值。
au,牛,MLA ABS Production Total Red Meat Northern Territory,2025-12-01,0.0,吨,季度,MLA Statistics API / ABS,Northern Territory,MLA Statistics API report/3 Australian Slaughter and Production；按动物类别和地区保留ABS季度值。
au,牛,MLA ABS Production Total Red Meat Queensland,2024-12-01,326444.0,吨,季度,MLA Statistics API / ABS,Queensland,MLA Statistics API report/3 Australian Slaughter and Production；按动物类别和地区保留ABS季度值。
au,牛,MLA ABS Production Total Red Meat Queensland,2025-03-01,328660.0,吨,季度,MLA Statistics API / ABS,Queensland,MLA Statistics API report/3 Australian Slaughter and Production；按动物类别和地区保留ABS季度值。
au,牛,MLA ABS Production Total Red Meat Queensland,2025-06-01,360741.0,吨,季度,MLA Statistics API / ABS,Queensland,MLA Statistics API report/3 Australian Slaughter and Production；按动物类别和地区保留ABS季度值。
au,牛,MLA ABS Production Total Red Meat Queensland,2025-09-01,382373.0,吨,季度,MLA Statistics API / ABS,Queensland,MLA Statistics API report/3 Australian Slaughter and Production；按动物类别和地区保留ABS季度值。
au,牛,MLA ABS Production Total Red Meat Queensland,2025-12-01,336909.0,吨,季度,MLA Statistics API / ABS,Queensland,MLA Statistics API report/3 Australian Slaughter and Production；按动物类别和地区保留ABS季度值。
au,牛,MLA ABS Production Total Red Meat South Australia,2024-12-01,69002.0,吨,季度,MLA Statistics API / ABS,South Australia,MLA Statistics API report/3 Australian Slaughter and Production；按动物类别和地区保留ABS季度值。
au,牛,MLA ABS Production Total Red Meat South Australia,2025-03-01,74244.0,吨,季度,MLA Statistics API / ABS,South Australia,MLA Statistics API report/3 Australian Slaughter and Production；按动物类别和地区保留ABS季度值。
au,牛,MLA ABS Production Total Red Meat South Australia,2025-06-01,78861.0,吨,季度,MLA Statistics API / ABS,South Australia,MLA Statistics API report/3 Australian Slaughter and Production；按动物类别和地区保留ABS季度值。
au,牛,MLA ABS Production Total Red Meat South Australia,2025-09-01,71552.0,吨,季度,MLA Statistics API / ABS,South Australia,MLA Statistics API report/3 Australian Slaughter and Production；按动物类别和地区保留ABS季度值。
au,牛,MLA ABS Production Total Red Meat South Australia,2025-12-01,68736.0,吨,季度,MLA Statistics API / ABS,South Australia,MLA Statistics API report/3 Australian Slaughter and Production；按动物类别和地区保留ABS季度值。
au,牛,MLA ABS Production Total Red Meat Tasmania,2024-12-01,21505.0,吨,季度,MLA Statistics API / ABS,Tasmania,MLA Statistics API report/3 Australian Slaughter and Production；按动物类别和地区保留ABS季度值。
au,牛,MLA ABS Production Total Red Meat Tasmania,2025-03-01,22726.0,吨,季度,MLA Statistics API / ABS,Tasmania,MLA Statistics API report/3 Australian Slaughter and Production；按动物类别和地区保留ABS季度值。
au,牛,MLA ABS Production Total Red Meat Tasmania,2025-06-01,23106.0,吨,季度,MLA Statistics API / ABS,Tasmania,MLA Statistics API report/3 Australian Slaughter and Production；按动物类别和地区保留ABS季度值。
au,牛,MLA ABS Production Total Red Meat Tasmania,2025-09-01,18552.0,吨,季度,MLA Statistics API / ABS,Tasmania,MLA Statistics API report/3 Australian Slaughter and Production；按动物类别和地区保留ABS季度值。
au,牛,MLA ABS Production Total Red Meat Tasmania,2025-12-01,21215.0,吨,季度,MLA Statistics API / ABS,Tasmania,MLA Statistics API report/3 Australian Slaughter and Production；按动物类别和地区保留ABS季度值。
au,牛,MLA ABS Production Total Red Meat Victoria,2024-12-01,286680.0,吨,季度,MLA Statistics API / ABS,Victoria,MLA Statistics API report/3 Australian Slaughter and Production；按动物类别和地区保留ABS季度值。
au,牛,MLA ABS Production Total Red Meat Victoria,2025-03-01,293799.0,吨,季度,MLA Statistics API / ABS,Victoria,MLA Statistics API report/3 Australian Slaughter and Production；按动物类别和地区保留ABS季度值。
au,牛,MLA ABS Production Total Red Meat Victoria,2025-06-01,289604.0,吨,季度,MLA Statistics API / ABS,Victoria,MLA Statistics API report/3 Australian Slaughter and Production；按动物类别和地区保留ABS季度值。
au,牛,MLA ABS Production Total Red Meat Victoria,2025-09-01,277779.0,吨,季度,MLA Statistics API / ABS,Victoria,MLA Statistics API report/3 Australian Slaughter and Production；按动物类别和地区保留ABS季度值。
au,牛,MLA ABS Production Total Red Meat Victoria,2025-12-01,290436.0,吨,季度,MLA Statistics API / ABS,Victoria,MLA Statistics API report/3 Australian Slaughter and Production；按动物类别和地区保留ABS季度值。
au,牛,MLA ABS Production Total Red Meat Western Australia,2024-12-01,86007.0,吨,季度,MLA Statistics API / ABS,Western Australia,MLA Statistics API report/3 Australian Slaughter and Production；按动物类别和地区保留ABS季度值。
au,牛,MLA ABS Production Total Red Meat Western Australia,2025-03-01,83136.0,吨,季度,MLA Statistics API / ABS,Western Australia,MLA Statistics API report/3 Australian Slaughter and Production；按动物类别和地区保留ABS季度值。
au,牛,MLA ABS Production Total Red Meat Western Australia,2025-06-01,82023.0,吨,季度,MLA Statistics API / ABS,Western Australia,MLA Statistics API report/3 Australian Slaughter and Production；按动物类别和地区保留ABS季度值。
au,牛,MLA ABS Production Total Red Meat Western Australia,2025-09-01,72635.0,吨,季度,MLA Statistics API / ABS,Western Australia,MLA Statistics API report/3 Australian Slaughter and Production；按动物类别和地区保留ABS季度值。
au,牛,MLA ABS Production Total Red Meat Western Australia,2025-12-01,83150.0,吨,季度,MLA Statistics API / ABS,Western Australia,MLA Statistics API report/3 Australian Slaughter and Production；按动物类别和地区保留ABS季度值。
au,牛,"MLA ABS Slaughter Bulls, Bullocks And Steers Australia",2024-12-01,1038.0,千头,季度,MLA Statistics API / ABS,Australia,MLA Statistics API report/3 Australian Slaughter and Production；按动物类别和地区保留ABS季度值。
au,牛,"MLA ABS Slaughter Bulls, Bullocks And Steers Australia",2025-03-01,1027.3,千头,季度,MLA Statistics API / ABS,Australia,MLA Statistics API report/3 Australian Slaughter and Production；按动物类别和地区保留ABS季度值。
au,牛,"MLA ABS Slaughter Bulls, Bullocks And Steers Australia",2025-06-01,1064.0,千头,季度,MLA Statistics API / ABS,Australia,MLA Statistics API report/3 Australian Slaughter and Production；按动物类别和地区保留ABS季度值。
au,牛,"MLA ABS Slaughter Bulls, Bullocks And Steers Australia",2025-09-01,1162.6,千头,季度,MLA Statistics API / ABS,Australia,MLA Statistics API report/3 Australian Slaughter and Production；按动物类别和地区保留ABS季度值。
au,牛,"MLA ABS Slaughter Bulls, Bullocks And Steers Australia",2025-12-01,1094.2,千头,季度,MLA Statistics API / ABS,Australia,MLA Statistics API report/3 Australian Slaughter and Production；按动物类别和地区保留ABS季度值。
au,牛,"MLA ABS Slaughter Bulls, Bullocks And Steers Australian Capital Territory",2024-12-01,0.0,千头,季度,MLA Statistics API / ABS,Australian Capital Territory,MLA Statistics API report/3 Australian Slaughter and Production；按动物类别和地区保留ABS季度值。
au,牛,"MLA ABS Slaughter Bulls, Bullocks And Steers Australian Capital Territory",2025-03-01,0.0,千头,季度,MLA Statistics API / ABS,Australian Capital Territory,MLA Statistics API report/3 Australian Slaughter and Production；按动物类别和地区保留ABS季度值。
au,牛,"MLA ABS Slaughter Bulls, Bullocks And Steers Australian Capital Territory",2025-06-01,0.0,千头,季度,MLA Statistics API / ABS,Australian Capital Territory,MLA Statistics API report/3 Australian Slaughter and Production；按动物类别和地区保留ABS季度值。
au,牛,"MLA ABS Slaughter Bulls, Bullocks And Steers Australian Capital Territory",2025-09-01,0.0,千头,季度,MLA Statistics API / ABS,Australian Capital Territory,MLA Statistics API report/3 Australian Slaughter and Production；按动物类别和地区保留ABS季度值。
au,牛,"MLA ABS Slaughter Bulls, Bullocks And Steers Australian Capital Territory",2025-12-01,0.0,千头,季度,MLA Statistics API / ABS,Australian Capital Territory,MLA Statistics API report/3 Australian Slaughter and Production；按动物类别和地区保留ABS季度值。
au,牛,"MLA ABS Slaughter Bulls, Bullocks And Steers New South Wales",2024-12-01,199.7,千头,季度,MLA Statistics API / ABS,New South Wales,MLA Statistics API report/3 Australian Slaughter and Production；按动物类别和地区保留ABS季度值。
au,牛,"MLA ABS Slaughter Bulls, Bullocks And Steers New South Wales",2025-03-01,209.0,千头,季度,MLA Statistics API / ABS,New South Wales,MLA Statistics API report/3 Australian Slaughter and Production；按动物类别和地区保留ABS季度值。
au,牛,"MLA ABS Slaughter Bulls, Bullocks And Steers New South Wales",2025-06-01,188.9,千头,季度,MLA Statistics API / ABS,New South Wales,MLA Statistics API report/3 Australian Slaughter and Production；按动物类别和地区保留ABS季度值。
au,牛,"MLA ABS Slaughter Bulls, Bullocks And Steers New South Wales",2025-09-01,208.8,千头,季度,MLA Statistics API / ABS,New South Wales,MLA Statistics API report/3 Australian Slaughter and Production；按动物类别和地区保留ABS季度值。
au,牛,"MLA ABS Slaughter Bulls, Bullocks And Steers New South Wales",2025-12-01,202.2,千头,季度,MLA Statistics API / ABS,New South Wales,MLA Statistics API report/3 Australian Slaughter and Production；按动物类别和地区保留ABS季度值。
au,牛,"MLA ABS Slaughter Bulls, Bullocks And Steers Northern Territory",2024-12-01,0.0,千头,季度,MLA Statistics API / ABS,Northern Territory,MLA Statistics API report/3 Australian Slaughter and Production；按动物类别和地区保留ABS季度值。
au,牛,"MLA ABS Slaughter Bulls, Bullocks And Steers Northern Territory",2025-03-01,0.0,千头,季度,MLA Statistics API / ABS,Northern Territory,MLA Statistics API report/3 Australian Slaughter and Production；按动物类别和地区保留ABS季度值。
au,牛,"MLA ABS Slaughter Bulls, Bullocks And Steers Northern Territory",2025-06-01,0.0,千头,季度,MLA Statistics API / ABS,Northern Territory,MLA Statistics API report/3 Australian Slaughter and Production；按动物类别和地区保留ABS季度值。
au,牛,"MLA ABS Slaughter Bulls, Bullocks And Steers Northern Territory",2025-09-01,0.0,千头,季度,MLA Statistics API / ABS,Northern Territory,MLA Statistics API report/3 Australian Slaughter and Production；按动物类别和地区保留ABS季度值。
au,牛,"MLA ABS Slaughter Bulls, Bullocks And Steers Northern Territory",2025-12-01,0.0,千头,季度,MLA Statistics API / ABS,Northern Territory,MLA Statistics API report/3 Australian Slaughter and Production；按动物类别和地区保留ABS季度值。
au,牛,"MLA ABS Slaughter Bulls, Bullocks And Steers Queensland",2024-12-01,563.1,千头,季度,MLA Statistics API / ABS,Queensland,MLA Statistics API report/3 Australian Slaughter and Production；按动物类别和地区保留ABS季度值。
au,牛,"MLA ABS Slaughter Bulls, Bullocks And Steers Queensland",2025-03-01,541.0,千头,季度,MLA Statistics API / ABS,Queensland,MLA Statistics API report/3 Australian Slaughter and Production；按动物类别和地区保留ABS季度值。
au,牛,"MLA ABS Slaughter Bulls, Bullocks And Steers Queensland",2025-06-01,594.6,千头,季度,MLA Statistics API / ABS,Queensland,MLA Statistics API report/3 Australian Slaughter and Production；按动物类别和地区保留ABS季度值。
au,牛,"MLA ABS Slaughter Bulls, Bullocks And Steers Queensland",2025-09-01,652.6,千头,季度,MLA Statistics API / ABS,Queensland,MLA Statistics API report/3 Australian Slaughter and Production；按动物类别和地区保留ABS季度值。
au,牛,"MLA ABS Slaughter Bulls, Bullocks And Steers Queensland",2025-12-01,581.3,千头,季度,MLA Statistics API / ABS,Queensland,MLA Statistics API report/3 Australian Slaughter and Production；按动物类别和地区保留ABS季度值。
au,牛,"MLA ABS Slaughter Bulls, Bullocks And Steers South Australia",2024-12-01,42.5,千头,季度,MLA Statistics API / ABS,South Australia,MLA Statistics API report/3 Australian Slaughter and Production；按动物类别和地区保留ABS季度值。
au,牛,"MLA ABS Slaughter Bulls, Bullocks And Steers South Australia",2025-03-01,45.1,千头,季度,MLA Statistics API / ABS,South Australia,MLA Statistics API report/3 Australian Slaughter and Production；按动物类别和地区保留ABS季度值。
au,牛,"MLA ABS Slaughter Bulls, Bullocks And Steers South Australia",2025-06-01,48.1,千头,季度,MLA Statistics API / ABS,South Australia,MLA Statistics API report/3 Australian Slaughter and Production；按动物类别和地区保留ABS季度值。
au,牛,"MLA ABS Slaughter Bulls, Bullocks And Steers South Australia",2025-09-01,55.6,千头,季度,MLA Statistics API / ABS,South Australia,MLA Statistics API report/3 Australian Slaughter and Production；按动物类别和地区保留ABS季度值。
au,牛,"MLA ABS Slaughter Bulls, Bullocks And Steers South Australia",2025-12-01,54.1,千头,季度,MLA Statistics API / ABS,South Australia,MLA Statistics API report/3 Australian Slaughter and Production；按动物类别和地区保留ABS季度值。
au,牛,"MLA ABS Slaughter Bulls, Bullocks And Steers Tasmania",2024-12-01,28.9,千头,季度,MLA Statistics API / ABS,Tasmania,MLA Statistics API report/3 Australian Slaughter and Production；按动物类别和地区保留ABS季度值。
au,牛,"MLA ABS Slaughter Bulls, Bullocks And Steers Tasmania",2025-03-01,29.7,千头,季度,MLA Statistics API / ABS,Tasmania,MLA Statistics API report/3 Australian Slaughter and Production；按动物类别和地区保留ABS季度值。
au,牛,"MLA ABS Slaughter Bulls, Bullocks And Steers Tasmania",2025-06-01,29.1,千头,季度,MLA Statistics API / ABS,Tasmania,MLA Statistics API report/3 Australian Slaughter and Production；按动物类别和地区保留ABS季度值。
au,牛,"MLA ABS Slaughter Bulls, Bullocks And Steers Tasmania",2025-09-01,25.3,千头,季度,MLA Statistics API / ABS,Tasmania,MLA Statistics API report/3 Australian Slaughter and Production；按动物类别和地区保留ABS季度值。
au,牛,"MLA ABS Slaughter Bulls, Bullocks And Steers Tasmania",2025-12-01,27.3,千头,季度,MLA Statistics API / ABS,Tasmania,MLA Statistics API report/3 Australian Slaughter and Production；按动物类别和地区保留ABS季度值。
au,牛,"MLA ABS Slaughter Bulls, Bullocks And Steers Victoria",2024-12-01,154.5,千头,季度,MLA Statistics API / ABS,Victoria,MLA Statistics API report/3 Australian Slaughter and Production；按动物类别和地区保留ABS季度值。
au,牛,"MLA ABS Slaughter Bulls, Bullocks And Steers Victoria",2025-03-01,156.9,千头,季度,MLA Statistics API / ABS,Victoria,MLA Statistics API report/3 Australian Slaughter and Production；按动物类别和地区保留ABS季度值。
au,牛,"MLA ABS Slaughter Bulls, Bullocks And Steers Victoria",2025-06-01,154.5,千头,季度,MLA Statistics API / ABS,Victoria,MLA Statistics API report/3 Australian Slaughter and Production；按动物类别和地区保留ABS季度值。
au,牛,"MLA ABS Slaughter Bulls, Bullocks And Steers Victoria",2025-09-01,174.0,千头,季度,MLA Statistics API / ABS,Victoria,MLA Statistics API report/3 Australian Slaughter and Production；按动物类别和地区保留ABS季度值。
au,牛,"MLA ABS Slaughter Bulls, Bullocks And Steers Victoria",2025-12-01,178.4,千头,季度,MLA Statistics API / ABS,Victoria,MLA Statistics API report/3 Australian Slaughter and Production；按动物类别和地区保留ABS季度值。
au,牛,"MLA ABS Slaughter Bulls, Bullocks And Steers Western Australia",2024-12-01,49.4,千头,季度,MLA Statistics API / ABS,Western Australia,MLA Statistics API report/3 Australian Slaughter and Production；按动物类别和地区保留ABS季度值。
au,牛,"MLA ABS Slaughter Bulls, Bullocks And Steers Western Australia",2025-03-01,45.6,千头,季度,MLA Statistics API / ABS,Western Australia,MLA Statistics API report/3 Australian Slaughter and Production；按动物类别和地区保留ABS季度值。
au,牛,"MLA ABS Slaughter Bulls, Bullocks And Steers Western Australia",2025-06-01,48.8,千头,季度,MLA Statistics API / ABS,Western Australia,MLA Statistics API report/3 Australian Slaughter and Production；按动物类别和地区保留ABS季度值。
au,牛,"MLA ABS Slaughter Bulls, Bullocks And Steers Western Australia",2025-09-01,46.3,千头,季度,MLA Statistics API / ABS,Western Australia,MLA Statistics API report/3 Australian Slaughter and Production；按动物类别和地区保留ABS季度值。
au,牛,"MLA ABS Slaughter Bulls, Bullocks And Steers Western Australia",2025-12-01,50.9,千头,季度,MLA Statistics API / ABS,Western Australia,MLA Statistics API report/3 Australian Slaughter and Production；按动物类别和地区保留ABS季度值。
au,牛,MLA ABS Slaughter Calves Australia,2024-12-01,59.2,千头,季度,MLA Statistics API / ABS,Australia,MLA Statistics API report/3 Australian Slaughter and Production；按动物类别和地区保留ABS季度值。
au,牛,MLA ABS Slaughter Calves Australia,2025-03-01,65.8,千头,季度,MLA Statistics API / ABS,Australia,MLA Statistics API report/3 Australian Slaughter and Production；按动物类别和地区保留ABS季度值。
au,牛,MLA ABS Slaughter Calves Australia,2025-06-01,102.6,千头,季度,MLA Statistics API / ABS,Australia,MLA Statistics API report/3 Australian Slaughter and Production；按动物类别和地区保留ABS季度值。
au,牛,MLA ABS Slaughter Calves Australia,2025-09-01,184.9,千头,季度,MLA Statistics API / ABS,Australia,MLA Statistics API report/3 Australian Slaughter and Production；按动物类别和地区保留ABS季度值。
au,牛,MLA ABS Slaughter Calves Australia,2025-12-01,55.9,千头,季度,MLA Statistics API / ABS,Australia,MLA Statistics API report/3 Australian Slaughter and Production；按动物类别和地区保留ABS季度值。
au,牛,MLA ABS Slaughter Calves Australian Capital Territory,2024-12-01,0.0,千头,季度,MLA Statistics API / ABS,Australian Capital Territory,MLA Statistics API report/3 Australian Slaughter and Production；按动物类别和地区保留ABS季度值。
au,牛,MLA ABS Slaughter Calves Australian Capital Territory,2025-03-01,0.0,千头,季度,MLA Statistics API / ABS,Australian Capital Territory,MLA Statistics API report/3 Australian Slaughter and Production；按动物类别和地区保留ABS季度值。
au,牛,MLA ABS Slaughter Calves Australian Capital Territory,2025-06-01,0.0,千头,季度,MLA Statistics API / ABS,Australian Capital Territory,MLA Statistics API report/3 Australian Slaughter and Production；按动物类别和地区保留ABS季度值。
au,牛,MLA ABS Slaughter Calves Australian Capital Territory,2025-09-01,0.0,千头,季度,MLA Statistics API / ABS,Australian Capital Territory,MLA Statistics API report/3 Australian Slaughter and Production；按动物类别和地区保留ABS季度值。
au,牛,MLA ABS Slaughter Calves Australian Capital Territory,2025-12-01,0.0,千头,季度,MLA Statistics API / ABS,Australian Capital Territory,MLA Statistics API report/3 Australian Slaughter and Production；按动物类别和地区保留ABS季度值。
au,牛,MLA ABS Slaughter Calves New South Wales,2024-12-01,16.5,千头,季度,MLA Statistics API / ABS,New South Wales,MLA Statistics API report/3 Australian Slaughter and Production；按动物类别和地区保留ABS季度值。
au,牛,MLA ABS Slaughter Calves New South Wales,2025-03-01,15.8,千头,季度,MLA Statistics API / ABS,New South Wales,MLA Statistics API report/3 Australian Slaughter and Production；按动物类别和地区保留ABS季度值。
au,牛,MLA ABS Slaughter Calves New South Wales,2025-06-01,20.4,千头,季度,MLA Statistics API / ABS,New South Wales,MLA Statistics API report/3 Australian Slaughter and Production；按动物类别和地区保留ABS季度值。
au,牛,MLA ABS Slaughter Calves New South Wales,2025-09-01,21.3,千头,季度,MLA Statistics API / ABS,New South Wales,MLA Statistics API report/3 Australian Slaughter and Production；按动物类别和地区保留ABS季度值。
au,牛,MLA ABS Slaughter Calves New South Wales,2025-12-01,21.9,千头,季度,MLA Statistics API / ABS,New South Wales,MLA Statistics API report/3 Australian Slaughter and Production；按动物类别和地区保留ABS季度值。
au,牛,MLA ABS Slaughter Calves Northern Territory,2024-12-01,0.0,千头,季度,MLA Statistics API / ABS,Northern Territory,MLA Statistics API report/3 Australian Slaughter and Production；按动物类别和地区保留ABS季度值。
au,牛,MLA ABS Slaughter Calves Northern Territory,2025-03-01,0.0,千头,季度,MLA Statistics API / ABS,Northern Territory,MLA Statistics API report/3 Australian Slaughter and Production；按动物类别和地区保留ABS季度值。
au,牛,MLA ABS Slaughter Calves Northern Territory,2025-06-01,0.0,千头,季度,MLA Statistics API / ABS,Northern Territory,MLA Statistics API report/3 Australian Slaughter and Production；按动物类别和地区保留ABS季度值。
au,牛,MLA ABS Slaughter Calves Northern Territory,2025-09-01,0.0,千头,季度,MLA Statistics API / ABS,Northern Territory,MLA Statistics API report/3 Australian Slaughter and Production；按动物类别和地区保留ABS季度值。
au,牛,MLA ABS Slaughter Calves Northern Territory,2025-12-01,0.0,千头,季度,MLA Statistics API / ABS,Northern Territory,MLA Statistics API report/3 Australian Slaughter and Production；按动物类别和地区保留ABS季度值。
au,牛,MLA ABS Slaughter Calves Queensland,2024-12-01,0.3,千头,季度,MLA Statistics API / ABS,Queensland,MLA Statistics API report/3 Australian Slaughter and Production；按动物类别和地区保留ABS季度值。
au,牛,MLA ABS Slaughter Calves Queensland,2025-03-01,0.1,千头,季度,MLA Statistics API / ABS,Queensland,MLA Statistics API report/3 Australian Slaughter and Production；按动物类别和地区保留ABS季度值。
au,牛,MLA ABS Slaughter Calves Queensland,2025-06-01,0.1,千头,季度,MLA Statistics API / ABS,Queensland,MLA Statistics API report/3 Australian Slaughter and Production；按动物类别和地区保留ABS季度值。
au,牛,MLA ABS Slaughter Calves Queensland,2025-09-01,0.1,千头,季度,MLA Statistics API / ABS,Queensland,MLA Statistics API report/3 Australian Slaughter and Production；按动物类别和地区保留ABS季度值。
au,牛,MLA ABS Slaughter Calves Queensland,2025-12-01,0.1,千头,季度,MLA Statistics API / ABS,Queensland,MLA Statistics API report/3 Australian Slaughter and Production；按动物类别和地区保留ABS季度值。
au,牛,MLA ABS Slaughter Calves South Australia,2024-12-01,0.1,千头,季度,MLA Statistics API / ABS,South Australia,MLA Statistics API report/3 Australian Slaughter and Production；按动物类别和地区保留ABS季度值。
au,牛,MLA ABS Slaughter Calves South Australia,2025-03-01,0.0,千头,季度,MLA Statistics API / ABS,South Australia,MLA Statistics API report/3 Australian Slaughter and Production；按动物类别和地区保留ABS季度值。
au,牛,MLA ABS Slaughter Calves South Australia,2025-06-01,0.0,千头,季度,MLA Statistics API / ABS,South Australia,MLA Statistics API report/3 Australian Slaughter and Production；按动物类别和地区保留ABS季度值。
au,牛,MLA ABS Slaughter Calves South Australia,2025-09-01,0.0,千头,季度,MLA Statistics API / ABS,South Australia,MLA Statistics API report/3 Australian Slaughter and Production；按动物类别和地区保留ABS季度值。
au,牛,MLA ABS Slaughter Calves South Australia,2025-12-01,0.0,千头,季度,MLA Statistics API / ABS,South Australia,MLA Statistics API report/3 Australian Slaughter and Production；按动物类别和地区保留ABS季度值。
au,牛,MLA ABS Slaughter Calves Tasmania,2024-12-01,6.1,千头,季度,MLA Statistics API / ABS,Tasmania,MLA Statistics API report/3 Australian Slaughter and Production；按动物类别和地区保留ABS季度值。
au,牛,MLA ABS Slaughter Calves Tasmania,2025-03-01,1.0,千头,季度,MLA Statistics API / ABS,Tasmania,MLA Statistics API report/3 Australian Slaughter and Production；按动物类别和地区保留ABS季度值。
au,牛,MLA ABS Slaughter Calves Tasmania,2025-06-01,1.1,千头,季度,MLA Statistics API / ABS,Tasmania,MLA Statistics API report/3 Australian Slaughter and Production；按动物类别和地区保留ABS季度值。
au,牛,MLA ABS Slaughter Calves Tasmania,2025-09-01,34.9,千头,季度,MLA Statistics API / ABS,Tasmania,MLA Statistics API report/3 Australian Slaughter and Production；按动物类别和地区保留ABS季度值。
au,牛,MLA ABS Slaughter Calves Tasmania,2025-12-01,5.8,千头,季度,MLA Statistics API / ABS,Tasmania,MLA Statistics API report/3 Australian Slaughter and Production；按动物类别和地区保留ABS季度值。
au,牛,MLA ABS Slaughter Calves Victoria,2024-12-01,36.0,千头,季度,MLA Statistics API / ABS,Victoria,MLA Statistics API report/3 Australian Slaughter and Production；按动物类别和地区保留ABS季度值。
au,牛,MLA ABS Slaughter Calves Victoria,2025-03-01,48.6,千头,季度,MLA Statistics API / ABS,Victoria,MLA Statistics API report/3 Australian Slaughter and Production；按动物类别和地区保留ABS季度值。
au,牛,MLA ABS Slaughter Calves Victoria,2025-06-01,80.7,千头,季度,MLA Statistics API / ABS,Victoria,MLA Statistics API report/3 Australian Slaughter and Production；按动物类别和地区保留ABS季度值。
au,牛,MLA ABS Slaughter Calves Victoria,2025-09-01,128.2,千头,季度,MLA Statistics API / ABS,Victoria,MLA Statistics API report/3 Australian Slaughter and Production；按动物类别和地区保留ABS季度值。
au,牛,MLA ABS Slaughter Calves Victoria,2025-12-01,27.8,千头,季度,MLA Statistics API / ABS,Victoria,MLA Statistics API report/3 Australian Slaughter and Production；按动物类别和地区保留ABS季度值。
au,牛,MLA ABS Slaughter Calves Western Australia,2024-12-01,0.2,千头,季度,MLA Statistics API / ABS,Western Australia,MLA Statistics API report/3 Australian Slaughter and Production；按动物类别和地区保留ABS季度值。
au,牛,MLA ABS Slaughter Calves Western Australia,2025-03-01,0.3,千头,季度,MLA Statistics API / ABS,Western Australia,MLA Statistics API report/3 Australian Slaughter and Production；按动物类别和地区保留ABS季度值。
au,牛,MLA ABS Slaughter Calves Western Australia,2025-06-01,0.3,千头,季度,MLA Statistics API / ABS,Western Australia,MLA Statistics API report/3 Australian Slaughter and Production；按动物类别和地区保留ABS季度值。
au,牛,MLA ABS Slaughter Calves Western Australia,2025-09-01,0.3,千头,季度,MLA Statistics API / ABS,Western Australia,MLA Statistics API report/3 Australian Slaughter and Production；按动物类别和地区保留ABS季度值。
au,牛,MLA ABS Slaughter Calves Western Australia,2025-12-01,0.2,千头,季度,MLA Statistics API / ABS,Western Australia,MLA Statistics API report/3 Australian Slaughter and Production；按动物类别和地区保留ABS季度值。
au,牛,MLA ABS Slaughter Cattle (Excl. Calves) Australia,2024-12-01,2124.6,千头,季度,MLA Statistics API / ABS,Australia,MLA Statistics API report/3 Australian Slaughter and Production；按动物类别和地区保留ABS季度值。
au,牛,MLA ABS Slaughter Cattle (Excl. Calves) Australia,2025-03-01,2172.4,千头,季度,MLA Statistics API / ABS,Australia,MLA Statistics API report/3 Australian Slaughter and Production；按动物类别和地区保留ABS季度值。
au,牛,MLA ABS Slaughter Cattle (Excl. Calves) Australia,2025-06-01,2338.2,千头,季度,MLA Statistics API / ABS,Australia,MLA Statistics API report/3 Australian Slaughter and Production；按动物类别和地区保留ABS季度值。
au,牛,MLA ABS Slaughter Cattle (Excl. Calves) Australia,2025-09-01,2475.3,千头,季度,MLA Statistics API / ABS,Australia,MLA Statistics API report/3 Australian Slaughter and Production；按动物类别和地区保留ABS季度值。
au,牛,MLA ABS Slaughter Cattle (Excl. Calves) Australia,2025-12-01,2292.5,千头,季度,MLA Statistics API / ABS,Australia,MLA Statistics API report/3 Australian Slaughter and Production；按动物类别和地区保留ABS季度值。
au,牛,MLA ABS Slaughter Cattle (Excl. Calves) Australian Capital Territory,2024-12-01,0.0,千头,季度,MLA Statistics API / ABS,Australian Capital Territory,MLA Statistics API report/3 Australian Slaughter and Production；按动物类别和地区保留ABS季度值。
au,牛,MLA ABS Slaughter Cattle (Excl. Calves) Australian Capital Territory,2025-03-01,0.0,千头,季度,MLA Statistics API / ABS,Australian Capital Territory,MLA Statistics API report/3 Australian Slaughter and Production；按动物类别和地区保留ABS季度值。
au,牛,MLA ABS Slaughter Cattle (Excl. Calves) Australian Capital Territory,2025-06-01,0.0,千头,季度,MLA Statistics API / ABS,Australian Capital Territory,MLA Statistics API report/3 Australian Slaughter and Production；按动物类别和地区保留ABS季度值。
au,牛,MLA ABS Slaughter Cattle (Excl. Calves) Australian Capital Territory,2025-09-01,0.0,千头,季度,MLA Statistics API / ABS,Australian Capital Territory,MLA Statistics API report/3 Australian Slaughter and Production；按动物类别和地区保留ABS季度值。
au,牛,MLA ABS Slaughter Cattle (Excl. Calves) Australian Capital Territory,2025-12-01,0.0,千头,季度,MLA Statistics API / ABS,Australian Capital Territory,MLA Statistics API report/3 Australian Slaughter and Production；按动物类别和地区保留ABS季度值。
au,牛,MLA ABS Slaughter Cattle (Excl. Calves) New South Wales,2024-12-01,461.8,千头,季度,MLA Statistics API / ABS,New South Wales,MLA Statistics API report/3 Australian Slaughter and Production；按动物类别和地区保留ABS季度值。
au,牛,MLA ABS Slaughter Cattle (Excl. Calves) New South Wales,2025-03-01,494.9,千头,季度,MLA Statistics API / ABS,New South Wales,MLA Statistics API report/3 Australian Slaughter and Production；按动物类别和地区保留ABS季度值。
au,牛,MLA ABS Slaughter Cattle (Excl. Calves) New South Wales,2025-06-01,512.7,千头,季度,MLA Statistics API / ABS,New South Wales,MLA Statistics API report/3 Australian Slaughter and Production；按动物类别和地区保留ABS季度值。
au,牛,MLA ABS Slaughter Cattle (Excl. Calves) New South Wales,2025-09-01,557.4,千头,季度,MLA Statistics API / ABS,New South Wales,MLA Statistics API report/3 Australian Slaughter and Production；按动物类别和地区保留ABS季度值。
au,牛,MLA ABS Slaughter Cattle (Excl. Calves) New South Wales,2025-12-01,543.4,千头,季度,MLA Statistics API / ABS,New South Wales,MLA Statistics API report/3 Australian Slaughter and Production；按动物类别和地区保留ABS季度值。
au,牛,MLA ABS Slaughter Cattle (Excl. Calves) Northern Territory,2024-12-01,0.0,千头,季度,MLA Statistics API / ABS,Northern Territory,MLA Statistics API report/3 Australian Slaughter and Production；按动物类别和地区保留ABS季度值。
au,牛,MLA ABS Slaughter Cattle (Excl. Calves) Northern Territory,2025-03-01,0.0,千头,季度,MLA Statistics API / ABS,Northern Territory,MLA Statistics API report/3 Australian Slaughter and Production；按动物类别和地区保留ABS季度值。
au,牛,MLA ABS Slaughter Cattle (Excl. Calves) Northern Territory,2025-06-01,0.0,千头,季度,MLA Statistics API / ABS,Northern Territory,MLA Statistics API report/3 Australian Slaughter and Production；按动物类别和地区保留ABS季度值。
au,牛,MLA ABS Slaughter Cattle (Excl. Calves) Northern Territory,2025-09-01,0.0,千头,季度,MLA Statistics API / ABS,Northern Territory,MLA Statistics API report/3 Australian Slaughter and Production；按动物类别和地区保留ABS季度值。
au,牛,MLA ABS Slaughter Cattle (Excl. Calves) Northern Territory,2025-12-01,0.0,千头,季度,MLA Statistics API / ABS,Northern Territory,MLA Statistics API report/3 Australian Slaughter and Production；按动物类别和地区保留ABS季度值。
au,牛,MLA ABS Slaughter Cattle (Excl. Calves) Queensland,2024-12-01,916.9,千头,季度,MLA Statistics API / ABS,Queensland,MLA Statistics API report/3 Australian Slaughter and Production；按动物类别和地区保留ABS季度值。
au,牛,MLA ABS Slaughter Cattle (Excl. Calves) Queensland,2025-03-01,897.1,千头,季度,MLA Statistics API / ABS,Queensland,MLA Statistics API report/3 Australian Slaughter and Production；按动物类别和地区保留ABS季度值。
au,牛,MLA ABS Slaughter Cattle (Excl. Calves) Queensland,2025-06-01,1012.6,千头,季度,MLA Statistics API / ABS,Queensland,MLA Statistics API report/3 Australian Slaughter and Production；按动物类别和地区保留ABS季度值。
au,牛,MLA ABS Slaughter Cattle (Excl. Calves) Queensland,2025-09-01,1074.8,千头,季度,MLA Statistics API / ABS,Queensland,MLA Statistics API report/3 Australian Slaughter and Production；按动物类别和地区保留ABS季度值。
au,牛,MLA ABS Slaughter Cattle (Excl. Calves) Queensland,2025-12-01,939.3,千头,季度,MLA Statistics API / ABS,Queensland,MLA Statistics API report/3 Australian Slaughter and Production；按动物类别和地区保留ABS季度值。
au,牛,MLA ABS Slaughter Cattle (Excl. Calves) South Australia,2024-12-01,75.9,千头,季度,MLA Statistics API / ABS,South Australia,MLA Statistics API report/3 Australian Slaughter and Production；按动物类别和地区保留ABS季度值。
au,牛,MLA ABS Slaughter Cattle (Excl. Calves) South Australia,2025-03-01,88.0,千头,季度,MLA Statistics API / ABS,South Australia,MLA Statistics API report/3 Australian Slaughter and Production；按动物类别和地区保留ABS季度值。
au,牛,MLA ABS Slaughter Cattle (Excl. Calves) South Australia,2025-06-01,91.1,千头,季度,MLA Statistics API / ABS,South Australia,MLA Statistics API report/3 Australian Slaughter and Production；按动物类别和地区保留ABS季度值。
au,牛,MLA ABS Slaughter Cattle (Excl. Calves) South Australia,2025-09-01,96.0,千头,季度,MLA Statistics API / ABS,South Australia,MLA Statistics API report/3 Australian Slaughter and Production；按动物类别和地区保留ABS季度值。
au,牛,MLA ABS Slaughter Cattle (Excl. Calves) South Australia,2025-12-01,86.6,千头,季度,MLA Statistics API / ABS,South Australia,MLA Statistics API report/3 Australian Slaughter and Production；按动物类别和地区保留ABS季度值。
au,牛,MLA ABS Slaughter Cattle (Excl. Calves) Tasmania,2024-12-01,58.0,千头,季度,MLA Statistics API / ABS,Tasmania,MLA Statistics API report/3 Australian Slaughter and Production；按动物类别和地区保留ABS季度值。
au,牛,MLA ABS Slaughter Cattle (Excl. Calves) Tasmania,2025-03-01,60.2,千头,季度,MLA Statistics API / ABS,Tasmania,MLA Statistics API report/3 Australian Slaughter and Production；按动物类别和地区保留ABS季度值。
au,牛,MLA ABS Slaughter Cattle (Excl. Calves) Tasmania,2025-06-01,63.6,千头,季度,MLA Statistics API / ABS,Tasmania,MLA Statistics API report/3 Australian Slaughter and Production；按动物类别和地区保留ABS季度值。
au,牛,MLA ABS Slaughter Cattle (Excl. Calves) Tasmania,2025-09-01,53.8,千头,季度,MLA Statistics API / ABS,Tasmania,MLA Statistics API report/3 Australian Slaughter and Production；按动物类别和地区保留ABS季度值。
au,牛,MLA ABS Slaughter Cattle (Excl. Calves) Tasmania,2025-12-01,58.1,千头,季度,MLA Statistics API / ABS,Tasmania,MLA Statistics API report/3 Australian Slaughter and Production；按动物类别和地区保留ABS季度值。
au,牛,MLA ABS Slaughter Cattle (Excl. Calves) Victoria,2024-12-01,492.8,千头,季度,MLA Statistics API / ABS,Victoria,MLA Statistics API report/3 Australian Slaughter and Production；按动物类别和地区保留ABS季度值。
au,牛,MLA ABS Slaughter Cattle (Excl. Calves) Victoria,2025-03-01,517.2,千头,季度,MLA Statistics API / ABS,Victoria,MLA Statistics API report/3 Australian Slaughter and Production；按动物类别和地区保留ABS季度值。
au,牛,MLA ABS Slaughter Cattle (Excl. Calves) Victoria,2025-06-01,539.5,千头,季度,MLA Statistics API / ABS,Victoria,MLA Statistics API report/3 Australian Slaughter and Production；按动物类别和地区保留ABS季度值。
au,牛,MLA ABS Slaughter Cattle (Excl. Calves) Victoria,2025-09-01,567.6,千头,季度,MLA Statistics API / ABS,Victoria,MLA Statistics API report/3 Australian Slaughter and Production；按动物类别和地区保留ABS季度值。
au,牛,MLA ABS Slaughter Cattle (Excl. Calves) Victoria,2025-12-01,542.7,千头,季度,MLA Statistics API / ABS,Victoria,MLA Statistics API report/3 Australian Slaughter and Production；按动物类别和地区保留ABS季度值。
au,牛,MLA ABS Slaughter Cattle (Excl. Calves) Western Australia,2024-12-01,119.3,千头,季度,MLA Statistics API / ABS,Western Australia,MLA Statistics API report/3 Australian Slaughter and Production；按动物类别和地区保留ABS季度值。
au,牛,MLA ABS Slaughter Cattle (Excl. Calves) Western Australia,2025-03-01,115.0,千头,季度,MLA Statistics API / ABS,Western Australia,MLA Statistics API report/3 Australian Slaughter and Production；按动物类别和地区保留ABS季度值。
au,牛,MLA ABS Slaughter Cattle (Excl. Calves) Western Australia,2025-06-01,118.7,千头,季度,MLA Statistics API / ABS,Western Australia,MLA Statistics API report/3 Australian Slaughter and Production；按动物类别和地区保留ABS季度值。
au,牛,MLA ABS Slaughter Cattle (Excl. Calves) Western Australia,2025-09-01,125.7,千头,季度,MLA Statistics API / ABS,Western Australia,MLA Statistics API report/3 Australian Slaughter and Production；按动物类别和地区保留ABS季度值。
au,牛,MLA ABS Slaughter Cattle (Excl. Calves) Western Australia,2025-12-01,122.4,千头,季度,MLA Statistics API / ABS,Western Australia,MLA Statistics API report/3 Australian Slaughter and Production；按动物类别和地区保留ABS季度值。
au,牛,MLA ABS Slaughter Cows And Heifers Australia,2024-12-01,1086.6,千头,季度,MLA Statistics API / ABS,Australia,MLA Statistics API report/3 Australian Slaughter and Production；按动物类别和地区保留ABS季度值。
au,牛,MLA ABS Slaughter Cows And Heifers Australia,2025-03-01,1145.1,千头,季度,MLA Statistics API / ABS,Australia,MLA Statistics API report/3 Australian Slaughter and Production；按动物类别和地区保留ABS季度值。
au,牛,MLA ABS Slaughter Cows And Heifers Australia,2025-06-01,1274.3,千头,季度,MLA Statistics API / ABS,Australia,MLA Statistics API report/3 Australian Slaughter and Production；按动物类别和地区保留ABS季度值。
au,牛,MLA ABS Slaughter Cows And Heifers Australia,2025-09-01,1312.7,千头,季度,MLA Statistics API / ABS,Australia,MLA Statistics API report/3 Australian Slaughter and Production；按动物类别和地区保留ABS季度值。
au,牛,MLA ABS Slaughter Cows And Heifers Australia,2025-12-01,1198.3,千头,季度,MLA Statistics API / ABS,Australia,MLA Statistics API report/3 Australian Slaughter and Production；按动物类别和地区保留ABS季度值。
au,牛,MLA ABS Slaughter Cows And Heifers Australian Capital Territory,2024-12-01,0.0,千头,季度,MLA Statistics API / ABS,Australian Capital Territory,MLA Statistics API report/3 Australian Slaughter and Production；按动物类别和地区保留ABS季度值。
au,牛,MLA ABS Slaughter Cows And Heifers Australian Capital Territory,2025-03-01,0.0,千头,季度,MLA Statistics API / ABS,Australian Capital Territory,MLA Statistics API report/3 Australian Slaughter and Production；按动物类别和地区保留ABS季度值。
au,牛,MLA ABS Slaughter Cows And Heifers Australian Capital Territory,2025-06-01,0.0,千头,季度,MLA Statistics API / ABS,Australian Capital Territory,MLA Statistics API report/3 Australian Slaughter and Production；按动物类别和地区保留ABS季度值。
au,牛,MLA ABS Slaughter Cows And Heifers Australian Capital Territory,2025-09-01,0.0,千头,季度,MLA Statistics API / ABS,Australian Capital Territory,MLA Statistics API report/3 Australian Slaughter and Production；按动物类别和地区保留ABS季度值。
au,牛,MLA ABS Slaughter Cows And Heifers Australian Capital Territory,2025-12-01,0.0,千头,季度,MLA Statistics API / ABS,Australian Capital Territory,MLA Statistics API report/3 Australian Slaughter and Production；按动物类别和地区保留ABS季度值。
au,牛,MLA ABS Slaughter Cows And Heifers New South Wales,2024-12-01,262.1,千头,季度,MLA Statistics API / ABS,New South Wales,MLA Statistics API report/3 Australian Slaughter and Production；按动物类别和地区保留ABS季度值。
au,牛,MLA ABS Slaughter Cows And Heifers New South Wales,2025-03-01,285.9,千头,季度,MLA Statistics API / ABS,New South Wales,MLA Statistics API report/3 Australian Slaughter and Production；按动物类别和地区保留ABS季度值。
au,牛,MLA ABS Slaughter Cows And Heifers New South Wales,2025-06-01,323.9,千头,季度,MLA Statistics API / ABS,New South Wales,MLA Statistics API report/3 Australian Slaughter and Production；按动物类别和地区保留ABS季度值。
au,牛,MLA ABS Slaughter Cows And Heifers New South Wales,2025-09-01,348.6,千头,季度,MLA Statistics API / ABS,New South Wales,MLA Statistics API report/3 Australian Slaughter and Production；按动物类别和地区保留ABS季度值。
au,牛,MLA ABS Slaughter Cows And Heifers New South Wales,2025-12-01,341.2,千头,季度,MLA Statistics API / ABS,New South Wales,MLA Statistics API report/3 Australian Slaughter and Production；按动物类别和地区保留ABS季度值。
au,牛,MLA ABS Slaughter Cows And Heifers Northern Territory,2024-12-01,0.0,千头,季度,MLA Statistics API / ABS,Northern Territory,MLA Statistics API report/3 Australian Slaughter and Production；按动物类别和地区保留ABS季度值。
au,牛,MLA ABS Slaughter Cows And Heifers Northern Territory,2025-03-01,0.0,千头,季度,MLA Statistics API / ABS,Northern Territory,MLA Statistics API report/3 Australian Slaughter and Production；按动物类别和地区保留ABS季度值。
au,牛,MLA ABS Slaughter Cows And Heifers Northern Territory,2025-06-01,0.0,千头,季度,MLA Statistics API / ABS,Northern Territory,MLA Statistics API report/3 Australian Slaughter and Production；按动物类别和地区保留ABS季度值。
au,牛,MLA ABS Slaughter Cows And Heifers Northern Territory,2025-09-01,0.0,千头,季度,MLA Statistics API / ABS,Northern Territory,MLA Statistics API report/3 Australian Slaughter and Production；按动物类别和地区保留ABS季度值。
au,牛,MLA ABS Slaughter Cows And Heifers Northern Territory,2025-12-01,0.0,千头,季度,MLA Statistics API / ABS,Northern Territory,MLA Statistics API report/3 Australian Slaughter and Production；按动物类别和地区保留ABS季度值。
au,牛,MLA ABS Slaughter Cows And Heifers Queensland,2024-12-01,353.8,千头,季度,MLA Statistics API / ABS,Queensland,MLA Statistics API report/3 Australian Slaughter and Production；按动物类别和地区保留ABS季度值。
au,牛,MLA ABS Slaughter Cows And Heifers Queensland,2025-03-01,356.1,千头,季度,MLA Statistics API / ABS,Queensland,MLA Statistics API report/3 Australian Slaughter and Production；按动物类别和地区保留ABS季度值。
au,牛,MLA ABS Slaughter Cows And Heifers Queensland,2025-06-01,418.0,千头,季度,MLA Statistics API / ABS,Queensland,MLA Statistics API report/3 Australian Slaughter and Production；按动物类别和地区保留ABS季度值。
au,牛,MLA ABS Slaughter Cows And Heifers Queensland,2025-09-01,422.2,千头,季度,MLA Statistics API / ABS,Queensland,MLA Statistics API report/3 Australian Slaughter and Production；按动物类别和地区保留ABS季度值。
au,牛,MLA ABS Slaughter Cows And Heifers Queensland,2025-12-01,357.9,千头,季度,MLA Statistics API / ABS,Queensland,MLA Statistics API report/3 Australian Slaughter and Production；按动物类别和地区保留ABS季度值。
au,牛,MLA ABS Slaughter Cows And Heifers South Australia,2024-12-01,33.4,千头,季度,MLA Statistics API / ABS,South Australia,MLA Statistics API report/3 Australian Slaughter and Production；按动物类别和地区保留ABS季度值。
au,牛,MLA ABS Slaughter Cows And Heifers South Australia,2025-03-01,42.9,千头,季度,MLA Statistics API / ABS,South Australia,MLA Statistics API report/3 Australian Slaughter and Production；按动物类别和地区保留ABS季度值。
au,牛,MLA ABS Slaughter Cows And Heifers South Australia,2025-06-01,43.0,千头,季度,MLA Statistics API / ABS,South Australia,MLA Statistics API report/3 Australian Slaughter and Production；按动物类别和地区保留ABS季度值。
au,牛,MLA ABS Slaughter Cows And Heifers South Australia,2025-09-01,40.4,千头,季度,MLA Statistics API / ABS,South Australia,MLA Statistics API report/3 Australian Slaughter and Production；按动物类别和地区保留ABS季度值。
au,牛,MLA ABS Slaughter Cows And Heifers South Australia,2025-12-01,32.5,千头,季度,MLA Statistics API / ABS,South Australia,MLA Statistics API report/3 Australian Slaughter and Production；按动物类别和地区保留ABS季度值。
au,牛,MLA ABS Slaughter Cows And Heifers Tasmania,2024-12-01,29.1,千头,季度,MLA Statistics API / ABS,Tasmania,MLA Statistics API report/3 Australian Slaughter and Production；按动物类别和地区保留ABS季度值。
au,牛,MLA ABS Slaughter Cows And Heifers Tasmania,2025-03-01,30.5,千头,季度,MLA Statistics API / ABS,Tasmania,MLA Statistics API report/3 Australian Slaughter and Production；按动物类别和地区保留ABS季度值。
au,牛,MLA ABS Slaughter Cows And Heifers Tasmania,2025-06-01,34.5,千头,季度,MLA Statistics API / ABS,Tasmania,MLA Statistics API report/3 Australian Slaughter and Production；按动物类别和地区保留ABS季度值。
au,牛,MLA ABS Slaughter Cows And Heifers Tasmania,2025-09-01,28.4,千头,季度,MLA Statistics API / ABS,Tasmania,MLA Statistics API report/3 Australian Slaughter and Production；按动物类别和地区保留ABS季度值。
au,牛,MLA ABS Slaughter Cows And Heifers Tasmania,2025-12-01,30.8,千头,季度,MLA Statistics API / ABS,Tasmania,MLA Statistics API report/3 Australian Slaughter and Production；按动物类别和地区保留ABS季度值。
au,牛,MLA ABS Slaughter Cows And Heifers Victoria,2024-12-01,338.3,千头,季度,MLA Statistics API / ABS,Victoria,MLA Statistics API report/3 Australian Slaughter and Production；按动物类别和地区保留ABS季度值。
au,牛,MLA ABS Slaughter Cows And Heifers Victoria,2025-03-01,360.3,千头,季度,MLA Statistics API / ABS,Victoria,MLA Statistics API report/3 Australian Slaughter and Production；按动物类别和地区保留ABS季度值。
au,牛,MLA ABS Slaughter Cows And Heifers Victoria,2025-06-01,385.0,千头,季度,MLA Statistics API / ABS,Victoria,MLA Statistics API report/3 Australian Slaughter and Production；按动物类别和地区保留ABS季度值。
au,牛,MLA ABS Slaughter Cows And Heifers Victoria,2025-09-01,393.7,千头,季度,MLA Statistics API / ABS,Victoria,MLA Statistics API report/3 Australian Slaughter and Production；按动物类别和地区保留ABS季度值。
au,牛,MLA ABS Slaughter Cows And Heifers Victoria,2025-12-01,364.3,千头,季度,MLA Statistics API / ABS,Victoria,MLA Statistics API report/3 Australian Slaughter and Production；按动物类别和地区保留ABS季度值。
au,牛,MLA ABS Slaughter Cows And Heifers Western Australia,2024-12-01,69.9,千头,季度,MLA Statistics API / ABS,Western Australia,MLA Statistics API report/3 Australian Slaughter and Production；按动物类别和地区保留ABS季度值。
au,牛,MLA ABS Slaughter Cows And Heifers Western Australia,2025-03-01,69.4,千头,季度,MLA Statistics API / ABS,Western Australia,MLA Statistics API report/3 Australian Slaughter and Production；按动物类别和地区保留ABS季度值。
au,牛,MLA ABS Slaughter Cows And Heifers Western Australia,2025-06-01,69.9,千头,季度,MLA Statistics API / ABS,Western Australia,MLA Statistics API report/3 Australian Slaughter and Production；按动物类别和地区保留ABS季度值。
au,牛,MLA ABS Slaughter Cows And Heifers Western Australia,2025-09-01,79.4,千头,季度,MLA Statistics API / ABS,Western Australia,MLA Statistics API report/3 Australian Slaughter and Production；按动物类别和地区保留ABS季度值。
au,牛,MLA ABS Slaughter Cows And Heifers Western Australia,2025-12-01,71.5,千头,季度,MLA Statistics API / ABS,Western Australia,MLA Statistics API report/3 Australian Slaughter and Production；按动物类别和地区保留ABS季度值。
au,牛,MLA NLRS Slaughter Calves 全国月度汇总,2024-12-01,9055.0,头,月度,MLA Statistics API / NLRS,澳洲,MLA Statistics API report/10 NLRS Slaughter；州级周度屠宰数默认汇总为全国月度。
au,牛,MLA NLRS Slaughter Calves 全国月度汇总,2025-01-01,10574.0,头,月度,MLA Statistics API / NLRS,澳洲,MLA Statistics API report/10 NLRS Slaughter；州级周度屠宰数默认汇总为全国月度。
au,牛,MLA NLRS Slaughter Calves 全国月度汇总,2025-02-01,15854.0,头,月度,MLA Statistics API / NLRS,澳洲,MLA Statistics API report/10 NLRS Slaughter；州级周度屠宰数默认汇总为全国月度。
au,牛,MLA NLRS Slaughter Calves 全国月度汇总,2025-03-01,22298.0,头,月度,MLA Statistics API / NLRS,澳洲,MLA Statistics API report/10 NLRS Slaughter；州级周度屠宰数默认汇总为全国月度。
au,牛,MLA NLRS Slaughter Calves 全国月度汇总,2025-04-01,24027.0,头,月度,MLA Statistics API / NLRS,澳洲,MLA Statistics API report/10 NLRS Slaughter；州级周度屠宰数默认汇总为全国月度。
au,牛,MLA NLRS Slaughter Calves 全国月度汇总,2025-05-01,34581.0,头,月度,MLA Statistics API / NLRS,澳洲,MLA Statistics API report/10 NLRS Slaughter；州级周度屠宰数默认汇总为全国月度。
au,牛,MLA NLRS Slaughter Calves 全国月度汇总,2025-06-01,22701.0,头,月度,MLA Statistics API / NLRS,澳洲,MLA Statistics API report/10 NLRS Slaughter；州级周度屠宰数默认汇总为全国月度。
au,牛,MLA NLRS Slaughter Calves 全国月度汇总,2025-07-01,18974.0,头,月度,MLA Statistics API / NLRS,澳洲,MLA Statistics API report/10 NLRS Slaughter；州级周度屠宰数默认汇总为全国月度。
au,牛,MLA NLRS Slaughter Calves 全国月度汇总,2025-08-01,46671.0,头,月度,MLA Statistics API / NLRS,澳洲,MLA Statistics API report/10 NLRS Slaughter；州级周度屠宰数默认汇总为全国月度。
au,牛,MLA NLRS Slaughter Calves 全国月度汇总,2025-09-01,37915.0,头,月度,MLA Statistics API / NLRS,澳洲,MLA Statistics API report/10 NLRS Slaughter；州级周度屠宰数默认汇总为全国月度。
au,牛,MLA NLRS Slaughter Calves 全国月度汇总,2025-10-01,26459.0,头,月度,MLA Statistics API / NLRS,澳洲,MLA Statistics API report/10 NLRS Slaughter；州级周度屠宰数默认汇总为全国月度。
au,牛,MLA NLRS Slaughter Calves 全国月度汇总,2025-11-01,13568.0,头,月度,MLA Statistics API / NLRS,澳洲,MLA Statistics API report/10 NLRS Slaughter；州级周度屠宰数默认汇总为全国月度。
au,牛,MLA NLRS Slaughter Calves 全国月度汇总,2025-12-01,10464.0,头,月度,MLA Statistics API / NLRS,澳洲,MLA Statistics API report/10 NLRS Slaughter；州级周度屠宰数默认汇总为全国月度。
au,牛,MLA NLRS Slaughter Calves 全国月度汇总,2026-01-01,13435.0,头,月度,MLA Statistics API / NLRS,澳洲,MLA Statistics API report/10 NLRS Slaughter；州级周度屠宰数默认汇总为全国月度。
au,牛,MLA NLRS Slaughter Calves 全国月度汇总,2026-02-01,18012.0,头,月度,MLA Statistics API / NLRS,澳洲,MLA Statistics API report/10 NLRS Slaughter；州级周度屠宰数默认汇总为全国月度。
au,牛,MLA NLRS Slaughter Calves 全国月度汇总,2026-03-01,21929.0,头,月度,MLA Statistics API / NLRS,澳洲,MLA Statistics API report/10 NLRS Slaughter；州级周度屠宰数默认汇总为全国月度。
au,牛,MLA NLRS Slaughter Calves 全国月度汇总,2026-04-01,23554.0,头,月度,MLA Statistics API / NLRS,澳洲,MLA Statistics API report/10 NLRS Slaughter；州级周度屠宰数默认汇总为全国月度。
au,牛,MLA NLRS Slaughter Calves 全国月度汇总,2026-05-01,28746.0,头,月度,MLA Statistics API / NLRS,澳洲,MLA Statistics API report/10 NLRS Slaughter；州级周度屠宰数默认汇总为全国月度。
au,牛,MLA NLRS Slaughter Calves 全国月度汇总,2026-06-01,17568.0,头,月度,MLA Statistics API / NLRS,澳洲,MLA Statistics API report/10 NLRS Slaughter；州级周度屠宰数默认汇总为全国月度。
au,牛,MLA NLRS Slaughter Calves 全国月度汇总,2026-07-01,19389.0,头,月度,MLA Statistics API / NLRS,澳洲,MLA Statistics API report/10 NLRS Slaughter；州级周度屠宰数默认汇总为全国月度。
au,牛,MLA NLRS Slaughter Cattle 全国月度汇总,2024-12-01,393748.0,头,月度,MLA Statistics API / NLRS,澳洲,MLA Statistics API report/10 NLRS Slaughter；州级周度屠宰数默认汇总为全国月度。
au,牛,MLA NLRS Slaughter Cattle 全国月度汇总,2025-01-01,552024.0,头,月度,MLA Statistics API / NLRS,澳洲,MLA Statistics API report/10 NLRS Slaughter；州级周度屠宰数默认汇总为全国月度。
au,牛,MLA NLRS Slaughter Cattle 全国月度汇总,2025-02-01,576600.0,头,月度,MLA Statistics API / NLRS,澳洲,MLA Statistics API report/10 NLRS Slaughter；州级周度屠宰数默认汇总为全国月度。
au,牛,MLA NLRS Slaughter Cattle 全国月度汇总,2025-03-01,559804.0,头,月度,MLA Statistics API / NLRS,澳洲,MLA Statistics API report/10 NLRS Slaughter；州级周度屠宰数默认汇总为全国月度。
au,牛,MLA NLRS Slaughter Cattle 全国月度汇总,2025-04-01,496104.0,头,月度,MLA Statistics API / NLRS,澳洲,MLA Statistics API report/10 NLRS Slaughter；州级周度屠宰数默认汇总为全国月度。
au,牛,MLA NLRS Slaughter Cattle 全国月度汇总,2025-05-01,745572.0,头,月度,MLA Statistics API / NLRS,澳洲,MLA Statistics API report/10 NLRS Slaughter；州级周度屠宰数默认汇总为全国月度。
au,牛,MLA NLRS Slaughter Cattle 全国月度汇总,2025-06-01,611166.0,头,月度,MLA Statistics API / NLRS,澳洲,MLA Statistics API report/10 NLRS Slaughter；州级周度屠宰数默认汇总为全国月度。
au,牛,MLA NLRS Slaughter Cattle 全国月度汇总,2025-07-01,619575.0,头,月度,MLA Statistics API / NLRS,澳洲,MLA Statistics API report/10 NLRS Slaughter；州级周度屠宰数默认汇总为全国月度。
au,牛,MLA NLRS Slaughter Cattle 全国月度汇总,2025-08-01,754141.0,头,月度,MLA Statistics API / NLRS,澳洲,MLA Statistics API report/10 NLRS Slaughter；州级周度屠宰数默认汇总为全国月度。
au,牛,MLA NLRS Slaughter Cattle 全国月度汇总,2025-09-01,598595.0,头,月度,MLA Statistics API / NLRS,澳洲,MLA Statistics API report/10 NLRS Slaughter；州级周度屠宰数默认汇总为全国月度。
au,牛,MLA NLRS Slaughter Cattle 全国月度汇总,2025-10-01,750884.0,头,月度,MLA Statistics API / NLRS,澳洲,MLA Statistics API report/10 NLRS Slaughter；州级周度屠宰数默认汇总为全国月度。
au,牛,MLA NLRS Slaughter Cattle 全国月度汇总,2025-11-01,606358.0,头,月度,MLA Statistics API / NLRS,澳洲,MLA Statistics API report/10 NLRS Slaughter；州级周度屠宰数默认汇总为全国月度。
au,牛,MLA NLRS Slaughter Cattle 全国月度汇总,2025-12-01,482399.0,头,月度,MLA Statistics API / NLRS,澳洲,MLA Statistics API report/10 NLRS Slaughter；州级周度屠宰数默认汇总为全国月度。
au,牛,MLA NLRS Slaughter Cattle 全国月度汇总,2026-01-01,556473.0,头,月度,MLA Statistics API / NLRS,澳洲,MLA Statistics API report/10 NLRS Slaughter；州级周度屠宰数默认汇总为全国月度。
au,牛,MLA NLRS Slaughter Cattle 全国月度汇总,2026-02-01,623892.0,头,月度,MLA Statistics API / NLRS,澳洲,MLA Statistics API report/10 NLRS Slaughter；州级周度屠宰数默认汇总为全国月度。
au,牛,MLA NLRS Slaughter Cattle 全国月度汇总,2026-03-01,620470.0,头,月度,MLA Statistics API / NLRS,澳洲,MLA Statistics API report/10 NLRS Slaughter；州级周度屠宰数默认汇总为全国月度。
au,牛,MLA NLRS Slaughter Cattle 全国月度汇总,2026-04-01,587908.0,头,月度,MLA Statistics API / NLRS,澳洲,MLA Statistics API report/10 NLRS Slaughter；州级周度屠宰数默认汇总为全国月度。
au,牛,MLA NLRS Slaughter Cattle 全国月度汇总,2026-05-01,807535.0,头,月度,MLA Statistics API / NLRS,澳洲,MLA Statistics API report/10 NLRS Slaughter；州级周度屠宰数默认汇总为全国月度。
au,牛,MLA NLRS Slaughter Cattle 全国月度汇总,2026-06-01,616678.0,头,月度,MLA Statistics API / NLRS,澳洲,MLA Statistics API report/10 NLRS Slaughter；州级周度屠宰数默认汇总为全国月度。
au,牛,MLA NLRS Slaughter Cattle 全国月度汇总,2026-07-01,734479.0,头,月度,MLA Statistics API / NLRS,澳洲,MLA Statistics API report/10 NLRS Slaughter；州级周度屠宰数默认汇总为全国月度。
au,牛,MLA National Feeder Heifer Indicator,2024-12-01,308.748657783076,A¢/kg lwt,月度,MLA Statistics API / NLRS,澳洲,MLA Statistics API report/5 Australian Livestock Indicators；日度指标按月平均。EYCI/NYCI成交头数不使用该密集日历序列。
au,牛,MLA National Feeder Heifer Indicator,2025-01-01,327.4316635443577,A¢/kg lwt,月度,MLA Statistics API / NLRS,澳洲,MLA Statistics API report/5 Australian Livestock Indicators；日度指标按月平均。EYCI/NYCI成交头数不使用该密集日历序列。
au,牛,MLA National Feeder Heifer Indicator,2025-02-01,307.9896108817893,A¢/kg lwt,月度,MLA Statistics API / NLRS,澳洲,MLA Statistics API report/5 Australian Livestock Indicators；日度指标按月平均。EYCI/NYCI成交头数不使用该密集日历序列。
au,牛,MLA National Feeder Heifer Indicator,2025-03-01,310.10227557025166,A¢/kg lwt,月度,MLA Statistics API / NLRS,澳洲,MLA Statistics API report/5 Australian Livestock Indicators；日度指标按月平均。EYCI/NYCI成交头数不使用该密集日历序列。
au,牛,MLA National Feeder Heifer Indicator,2025-04-01,339.14770771682663,A¢/kg lwt,月度,MLA Statistics API / NLRS,澳洲,MLA Statistics API report/5 Australian Livestock Indicators；日度指标按月平均。EYCI/NYCI成交头数不使用该密集日历序列。
au,牛,MLA National Feeder Heifer Indicator,2025-05-01,327.00249786365487,A¢/kg lwt,月度,MLA Statistics API / NLRS,澳洲,MLA Statistics API report/5 Australian Livestock Indicators；日度指标按月平均。EYCI/NYCI成交头数不使用该密集日历序列。
au,牛,MLA National Feeder Heifer Indicator,2025-06-01,344.29661768033003,A¢/kg lwt,月度,MLA Statistics API / NLRS,澳洲,MLA Statistics API report/5 Australian Livestock Indicators；日度指标按月平均。EYCI/NYCI成交头数不使用该密集日历序列。
au,牛,MLA National Feeder Heifer Indicator,2025-07-01,360.79033926579353,A¢/kg lwt,月度,MLA Statistics API / NLRS,澳洲,MLA Statistics API report/5 Australian Livestock Indicators；日度指标按月平均。EYCI/NYCI成交头数不使用该密集日历序列。
au,牛,MLA National Feeder Heifer Indicator,2025-08-01,413.2929639884645,A¢/kg lwt,月度,MLA Statistics API / NLRS,澳洲,MLA Statistics API report/5 Australian Livestock Indicators；日度指标按月平均。EYCI/NYCI成交头数不使用该密集日历序列。
au,牛,MLA National Feeder Heifer Indicator,2025-09-01,436.57286994610996,A¢/kg lwt,月度,MLA Statistics API / NLRS,澳洲,MLA Statistics API report/5 Australian Livestock Indicators；日度指标按月平均。EYCI/NYCI成交头数不使用该密集日历序列。
au,牛,MLA National Feeder Heifer Indicator,2025-10-01,410.4992024521871,A¢/kg lwt,月度,MLA Statistics API / NLRS,澳洲,MLA Statistics API report/5 Australian Livestock Indicators；日度指标按月平均。EYCI/NYCI成交头数不使用该密集日历序列。
au,牛,MLA National Feeder Heifer Indicator,2025-11-01,433.42422937667,A¢/kg lwt,月度,MLA Statistics API / NLRS,澳洲,MLA Statistics API report/5 Australian Livestock Indicators；日度指标按月平均。EYCI/NYCI成交头数不使用该密集日历序列。
au,牛,MLA National Feeder Heifer Indicator,2025-12-01,416.5545482572708,A¢/kg lwt,月度,MLA Statistics API / NLRS,澳洲,MLA Statistics API report/5 Australian Livestock Indicators；日度指标按月平均。EYCI/NYCI成交头数不使用该密集日历序列。
au,牛,MLA National Feeder Heifer Indicator,2026-01-01,422.0378251882555,A¢/kg lwt,月度,MLA Statistics API / NLRS,澳洲,MLA Statistics API report/5 Australian Livestock Indicators；日度指标按月平均。EYCI/NYCI成交头数不使用该密集日历序列。
au,牛,MLA National Feeder Heifer Indicator,2026-02-01,412.34281221106073,A¢/kg lwt,月度,MLA Statistics API / NLRS,澳洲,MLA Statistics API report/5 Australian Livestock Indicators；日度指标按月平均。EYCI/NYCI成交头数不使用该密集日历序列。
au,牛,MLA National Feeder Heifer Indicator,2026-03-01,423.7710885784,A¢/kg lwt,月度,MLA Statistics API / NLRS,澳洲,MLA Statistics API report/5 Australian Livestock Indicators；日度指标按月平均。EYCI/NYCI成交头数不使用该密集日历序列。
au,牛,MLA National Feeder Heifer Indicator,2026-04-01,398.72656952245666,A¢/kg lwt,月度,MLA Statistics API / NLRS,澳洲,MLA Statistics API report/5 Australian Livestock Indicators；日度指标按月平均。EYCI/NYCI成交头数不使用该密集日历序列。
au,牛,MLA National Feeder Heifer Indicator,2026-05-01,423.86771663400964,A¢/kg lwt,月度,MLA Statistics API / NLRS,澳洲,MLA Statistics API report/5 Australian Livestock Indicators；日度指标按月平均。EYCI/NYCI成交头数不使用该密集日历序列。
au,牛,MLA National Feeder Heifer Indicator,2026-06-01,480.32384162583,A¢/kg lwt,月度,MLA Statistics API / NLRS,澳洲,MLA Statistics API report/5 Australian Livestock Indicators；日度指标按月平均。EYCI/NYCI成交头数不使用该密集日历序列。
au,牛,MLA National Feeder Heifer Indicator,2026-07-01,493.2909910801484,A¢/kg lwt,月度,MLA Statistics API / NLRS,澳洲,MLA Statistics API report/5 Australian Livestock Indicators；日度指标按月平均。EYCI/NYCI成交头数不使用该密集日历序列。
au,牛,MLA National Heavy Dairy Cow Indicator,2024-12-01,234.95467178906247,A¢/kg lwt,月度,MLA Statistics API / NLRS,澳洲,MLA Statistics API report/5 Australian Livestock Indicators；日度指标按月平均。EYCI/NYCI成交头数不使用该密集日历序列。
au,牛,MLA National Heavy Dairy Cow Indicator,2025-01-01,250.21520442416926,A¢/kg lwt,月度,MLA Statistics API / NLRS,澳洲,MLA Statistics API report/5 Australian Livestock Indicators；日度指标按月平均。EYCI/NYCI成交头数不使用该密集日历序列。
au,牛,MLA National Heavy Dairy Cow Indicator,2025-02-01,239.58321596052858,A¢/kg lwt,月度,MLA Statistics API / NLRS,澳洲,MLA Statistics API report/5 Australian Livestock Indicators；日度指标按月平均。EYCI/NYCI成交头数不使用该密集日历序列。
au,牛,MLA National Heavy Dairy Cow Indicator,2025-03-01,232.33945182335484,A¢/kg lwt,月度,MLA Statistics API / NLRS,澳洲,MLA Statistics API report/5 Australian Livestock Indicators；日度指标按月平均。EYCI/NYCI成交头数不使用该密集日历序列。
au,牛,MLA National Heavy Dairy Cow Indicator,2025-04-01,252.17426386683667,A¢/kg lwt,月度,MLA Statistics API / NLRS,澳洲,MLA Statistics API report/5 Australian Livestock Indicators；日度指标按月平均。EYCI/NYCI成交头数不使用该密集日历序列。
au,牛,MLA National Heavy Dairy Cow Indicator,2025-05-01,219.10822565176127,A¢/kg lwt,月度,MLA Statistics API / NLRS,澳洲,MLA Statistics API report/5 Australian Livestock Indicators；日度指标按月平均。EYCI/NYCI成交头数不使用该密集日历序列。
au,牛,MLA National Heavy Dairy Cow Indicator,2025-06-01,250.68706504697667,A¢/kg lwt,月度,MLA Statistics API / NLRS,澳洲,MLA Statistics API report/5 Australian Livestock Indicators；日度指标按月平均。EYCI/NYCI成交头数不使用该密集日历序列。
au,牛,MLA National Heavy Dairy Cow Indicator,2025-07-01,307.5440212231064,A¢/kg lwt,月度,MLA Statistics API / NLRS,澳洲,MLA Statistics API report/5 Australian Livestock Indicators；日度指标按月平均。EYCI/NYCI成交头数不使用该密集日历序列。
au,牛,MLA National Heavy Dairy Cow Indicator,2025-08-01,344.7286859714871,A¢/kg lwt,月度,MLA Statistics API / NLRS,澳洲,MLA Statistics API report/5 Australian Livestock Indicators；日度指标按月平均。EYCI/NYCI成交头数不使用该密集日历序列。
au,牛,MLA National Heavy Dairy Cow Indicator,2025-09-01,363.7368633857767,A¢/kg lwt,月度,MLA Statistics API / NLRS,澳洲,MLA Statistics API report/5 Australian Livestock Indicators；日度指标按月平均。EYCI/NYCI成交头数不使用该密集日历序列。
au,牛,MLA National Heavy Dairy Cow Indicator,2025-10-01,335.3184826586258,A¢/kg lwt,月度,MLA Statistics API / NLRS,澳洲,MLA Statistics API report/5 Australian Livestock Indicators；日度指标按月平均。EYCI/NYCI成交头数不使用该密集日历序列。
au,牛,MLA National Heavy Dairy Cow Indicator,2025-11-01,367.89862182085,A¢/kg lwt,月度,MLA Statistics API / NLRS,澳洲,MLA Statistics API report/5 Australian Livestock Indicators；日度指标按月平均。EYCI/NYCI成交头数不使用该密集日历序列。
au,牛,MLA National Heavy Dairy Cow Indicator,2025-12-01,351.8287139806348,A¢/kg lwt,月度,MLA Statistics API / NLRS,澳洲,MLA Statistics API report/5 Australian Livestock Indicators；日度指标按月平均。EYCI/NYCI成交头数不使用该密集日历序列。
au,牛,MLA National Heavy Dairy Cow Indicator,2026-01-01,342.50453442537406,A¢/kg lwt,月度,MLA Statistics API / NLRS,澳洲,MLA Statistics API report/5 Australian Livestock Indicators；日度指标按月平均。EYCI/NYCI成交头数不使用该密集日历序列。
au,牛,MLA National Heavy Dairy Cow Indicator,2026-02-01,332.53921675901074,A¢/kg lwt,月度,MLA Statistics API / NLRS,澳洲,MLA Statistics API report/5 Australian Livestock Indicators；日度指标按月平均。EYCI/NYCI成交头数不使用该密集日历序列。
au,牛,MLA National Heavy Dairy Cow Indicator,2026-03-01,341.3912699551742,A¢/kg lwt,月度,MLA Statistics API / NLRS,澳洲,MLA Statistics API report/5 Australian Livestock Indicators；日度指标按月平均。EYCI/NYCI成交头数不使用该密集日历序列。
au,牛,MLA National Heavy Dairy Cow Indicator,2026-04-01,313.8418112413167,A¢/kg lwt,月度,MLA Statistics API / NLRS,澳洲,MLA Statistics API report/5 Australian Livestock Indicators；日度指标按月平均。EYCI/NYCI成交头数不使用该密集日历序列。
au,牛,MLA National Heavy Dairy Cow Indicator,2026-05-01,320.91008040070324,A¢/kg lwt,月度,MLA Statistics API / NLRS,澳洲,MLA Statistics API report/5 Australian Livestock Indicators；日度指标按月平均。EYCI/NYCI成交头数不使用该密集日历序列。
au,牛,MLA National Heavy Dairy Cow Indicator,2026-06-01,349.0480098797767,A¢/kg lwt,月度,MLA Statistics API / NLRS,澳洲,MLA Statistics API report/5 Australian Livestock Indicators；日度指标按月平均。EYCI/NYCI成交头数不使用该密集日历序列。
au,牛,MLA National Heavy Dairy Cow Indicator,2026-07-01,346.09103277349675,A¢/kg lwt,月度,MLA Statistics API / NLRS,澳洲,MLA Statistics API report/5 Australian Livestock Indicators；日度指标按月平均。EYCI/NYCI成交头数不使用该密集日历序列。
au,牛,MLA National Processor Cow Indicator,2024-12-01,269.9615352887,A¢/kg lwt,月度,MLA Statistics API / NLRS,澳洲,MLA Statistics API report/5 Australian Livestock Indicators；日度指标按月平均。EYCI/NYCI成交头数不使用该密集日历序列。
au,牛,MLA National Processor Cow Indicator,2025-01-01,286.2864694923346,A¢/kg lwt,月度,MLA Statistics API / NLRS,澳洲,MLA Statistics API report/5 Australian Livestock Indicators；日度指标按月平均。EYCI/NYCI成交头数不使用该密集日历序列。
au,牛,MLA National Processor Cow Indicator,2025-02-01,279.3689216574572,A¢/kg lwt,月度,MLA Statistics API / NLRS,澳洲,MLA Statistics API report/5 Australian Livestock Indicators；日度指标按月平均。EYCI/NYCI成交头数不使用该密集日历序列。
au,牛,MLA National Processor Cow Indicator,2025-03-01,276.5650031289064,A¢/kg lwt,月度,MLA Statistics API / NLRS,澳洲,MLA Statistics API report/5 Australian Livestock Indicators；日度指标按月平均。EYCI/NYCI成交头数不使用该密集日历序列。
au,牛,MLA National Processor Cow Indicator,2025-04-01,296.12462492763,A¢/kg lwt,月度,MLA Statistics API / NLRS,澳洲,MLA Statistics API report/5 Australian Livestock Indicators；日度指标按月平均。EYCI/NYCI成交头数不使用该密集日历序列。
au,牛,MLA National Processor Cow Indicator,2025-05-01,263.72963179939677,A¢/kg lwt,月度,MLA Statistics API / NLRS,澳洲,MLA Statistics API report/5 Australian Livestock Indicators；日度指标按月平均。EYCI/NYCI成交头数不使用该密集日历序列。
au,牛,MLA National Processor Cow Indicator,2025-06-01,281.3420706287867,A¢/kg lwt,月度,MLA Statistics API / NLRS,澳洲,MLA Statistics API report/5 Australian Livestock Indicators；日度指标按月平均。EYCI/NYCI成交头数不使用该密集日历序列。
au,牛,MLA National Processor Cow Indicator,2025-07-01,317.7068906855419,A¢/kg lwt,月度,MLA Statistics API / NLRS,澳洲,MLA Statistics API report/5 Australian Livestock Indicators；日度指标按月平均。EYCI/NYCI成交头数不使用该密集日历序列。
au,牛,MLA National Processor Cow Indicator,2025-08-01,361.17541973601294,A¢/kg lwt,月度,MLA Statistics API / NLRS,澳洲,MLA Statistics API report/5 Australian Livestock Indicators；日度指标按月平均。EYCI/NYCI成交头数不使用该密集日历序列。
au,牛,MLA National Processor Cow Indicator,2025-09-01,380.49061090335,A¢/kg lwt,月度,MLA Statistics API / NLRS,澳洲,MLA Statistics API report/5 Australian Livestock Indicators；日度指标按月平均。EYCI/NYCI成交头数不使用该密集日历序列。
au,牛,MLA National Processor Cow Indicator,2025-10-01,367.10001137213226,A¢/kg lwt,月度,MLA Statistics API / NLRS,澳洲,MLA Statistics API report/5 Australian Livestock Indicators；日度指标按月平均。EYCI/NYCI成交头数不使用该密集日历序列。
au,牛,MLA National Processor Cow Indicator,2025-11-01,393.9806929983667,A¢/kg lwt,月度,MLA Statistics API / NLRS,澳洲,MLA Statistics API report/5 Australian Livestock Indicators；日度指标按月平均。EYCI/NYCI成交头数不使用该密集日历序列。
au,牛,MLA National Processor Cow Indicator,2025-12-01,377.01640646814167,A¢/kg lwt,月度,MLA Statistics API / NLRS,澳洲,MLA Statistics API report/5 Australian Livestock Indicators；日度指标按月平均。EYCI/NYCI成交头数不使用该密集日历序列。
au,牛,MLA National Processor Cow Indicator,2026-01-01,377.3402118824,A¢/kg lwt,月度,MLA Statistics API / NLRS,澳洲,MLA Statistics API report/5 Australian Livestock Indicators；日度指标按月平均。EYCI/NYCI成交头数不使用该密集日历序列。
au,牛,MLA National Processor Cow Indicator,2026-02-01,361.20151255478925,A¢/kg lwt,月度,MLA Statistics API / NLRS,澳洲,MLA Statistics API report/5 Australian Livestock Indicators；日度指标按月平均。EYCI/NYCI成交头数不使用该密集日历序列。
au,牛,MLA National Processor Cow Indicator,2026-03-01,368.8224654696,A¢/kg lwt,月度,MLA Statistics API / NLRS,澳洲,MLA Statistics API report/5 Australian Livestock Indicators；日度指标按月平均。EYCI/NYCI成交头数不使用该密集日历序列。
au,牛,MLA National Processor Cow Indicator,2026-04-01,318.00755237379667,A¢/kg lwt,月度,MLA Statistics API / NLRS,澳洲,MLA Statistics API report/5 Australian Livestock Indicators；日度指标按月平均。EYCI/NYCI成交头数不使用该密集日历序列。
au,牛,MLA National Processor Cow Indicator,2026-05-01,339.3116315538322,A¢/kg lwt,月度,MLA Statistics API / NLRS,澳洲,MLA Statistics API report/5 Australian Livestock Indicators；日度指标按月平均。EYCI/NYCI成交头数不使用该密集日历序列。
au,牛,MLA National Processor Cow Indicator,2026-06-01,381.4550294756934,A¢/kg lwt,月度,MLA Statistics API / NLRS,澳洲,MLA Statistics API report/5 Australian Livestock Indicators；日度指标按月平均。EYCI/NYCI成交头数不使用该密集日历序列。
au,牛,MLA National Processor Cow Indicator,2026-07-01,376.53174823293546,A¢/kg lwt,月度,MLA Statistics API / NLRS,澳洲,MLA Statistics API report/5 Australian Livestock Indicators；日度指标按月平均。EYCI/NYCI成交头数不使用该密集日历序列。
au,牛,MLA National Restocker Yearling Heifer Indicator,2024-12-01,299.889246181576,A¢/kg lwt,月度,MLA Statistics API / NLRS,澳洲,MLA Statistics API report/5 Australian Livestock Indicators；日度指标按月平均。EYCI/NYCI成交头数不使用该密集日历序列。
au,牛,MLA National Restocker Yearling Heifer Indicator,2025-01-01,321.2443790988308,A¢/kg lwt,月度,MLA Statistics API / NLRS,澳洲,MLA Statistics API report/5 Australian Livestock Indicators；日度指标按月平均。EYCI/NYCI成交头数不使用该密集日历序列。
au,牛,MLA National Restocker Yearling Heifer Indicator,2025-02-01,299.9796413874143,A¢/kg lwt,月度,MLA Statistics API / NLRS,澳洲,MLA Statistics API report/5 Australian Livestock Indicators；日度指标按月平均。EYCI/NYCI成交头数不使用该密集日历序列。
au,牛,MLA National Restocker Yearling Heifer Indicator,2025-03-01,287.97527480067095,A¢/kg lwt,月度,MLA Statistics API / NLRS,澳洲,MLA Statistics API report/5 Australian Livestock Indicators；日度指标按月平均。EYCI/NYCI成交头数不使用该密集日历序列。
au,牛,MLA National Restocker Yearling Heifer Indicator,2025-04-01,325.01763637732,A¢/kg lwt,月度,MLA Statistics API / NLRS,澳洲,MLA Statistics API report/5 Australian Livestock Indicators；日度指标按月平均。EYCI/NYCI成交头数不使用该密集日历序列。
au,牛,MLA National Restocker Yearling Heifer Indicator,2025-05-01,311.77441711578706,A¢/kg lwt,月度,MLA Statistics API / NLRS,澳洲,MLA Statistics API report/5 Australian Livestock Indicators；日度指标按月平均。EYCI/NYCI成交头数不使用该密集日历序列。
au,牛,MLA National Restocker Yearling Heifer Indicator,2025-06-01,320.34381648799,A¢/kg lwt,月度,MLA Statistics API / NLRS,澳洲,MLA Statistics API report/5 Australian Livestock Indicators；日度指标按月平均。EYCI/NYCI成交头数不使用该密集日历序列。
au,牛,MLA National Restocker Yearling Heifer Indicator,2025-07-01,325.0521291751839,A¢/kg lwt,月度,MLA Statistics API / NLRS,澳洲,MLA Statistics API report/5 Australian Livestock Indicators；日度指标按月平均。EYCI/NYCI成交头数不使用该密集日历序列。
au,牛,MLA National Restocker Yearling Heifer Indicator,2025-08-01,396.3024141696258,A¢/kg lwt,月度,MLA Statistics API / NLRS,澳洲,MLA Statistics API report/5 Australian Livestock Indicators；日度指标按月平均。EYCI/NYCI成交头数不使用该密集日历序列。
au,牛,MLA National Restocker Yearling Heifer Indicator,2025-09-01,405.11022801474667,A¢/kg lwt,月度,MLA Statistics API / NLRS,澳洲,MLA Statistics API report/5 Australian Livestock Indicators；日度指标按月平均。EYCI/NYCI成交头数不使用该密集日历序列。
au,牛,MLA National Restocker Yearling Heifer Indicator,2025-10-01,380.20705127851613,A¢/kg lwt,月度,MLA Statistics API / NLRS,澳洲,MLA Statistics API report/5 Australian Livestock Indicators；日度指标按月平均。EYCI/NYCI成交头数不使用该密集日历序列。
au,牛,MLA National Restocker Yearling Heifer Indicator,2025-11-01,413.4012665014333,A¢/kg lwt,月度,MLA Statistics API / NLRS,澳洲,MLA Statistics API report/5 Australian Livestock Indicators；日度指标按月平均。EYCI/NYCI成交头数不使用该密集日历序列。
au,牛,MLA National Restocker Yearling Heifer Indicator,2025-12-01,402.5050897648375,A¢/kg lwt,月度,MLA Statistics API / NLRS,澳洲,MLA Statistics API report/5 Australian Livestock Indicators；日度指标按月平均。EYCI/NYCI成交头数不使用该密集日历序列。
au,牛,MLA National Restocker Yearling Heifer Indicator,2026-01-01,412.07834748617034,A¢/kg lwt,月度,MLA Statistics API / NLRS,澳洲,MLA Statistics API report/5 Australian Livestock Indicators；日度指标按月平均。EYCI/NYCI成交头数不使用该密集日历序列。
au,牛,MLA National Restocker Yearling Heifer Indicator,2026-02-01,398.52408510892855,A¢/kg lwt,月度,MLA Statistics API / NLRS,澳洲,MLA Statistics API report/5 Australian Livestock Indicators；日度指标按月平均。EYCI/NYCI成交头数不使用该密集日历序列。
au,牛,MLA National Restocker Yearling Heifer Indicator,2026-03-01,397.640336426871,A¢/kg lwt,月度,MLA Statistics API / NLRS,澳洲,MLA Statistics API report/5 Australian Livestock Indicators；日度指标按月平均。EYCI/NYCI成交头数不使用该密集日历序列。
au,牛,MLA National Restocker Yearling Heifer Indicator,2026-04-01,343.38390782821335,A¢/kg lwt,月度,MLA Statistics API / NLRS,澳洲,MLA Statistics API report/5 Australian Livestock Indicators；日度指标按月平均。EYCI/NYCI成交头数不使用该密集日历序列。
au,牛,MLA National Restocker Yearling Heifer Indicator,2026-05-01,373.92725515667416,A¢/kg lwt,月度,MLA Statistics API / NLRS,澳洲,MLA Statistics API report/5 Australian Livestock Indicators；日度指标按月平均。EYCI/NYCI成交头数不使用该密集日历序列。
au,牛,MLA National Restocker Yearling Heifer Indicator,2026-06-01,457.7334784550333,A¢/kg lwt,月度,MLA Statistics API / NLRS,澳洲,MLA Statistics API report/5 Australian Livestock Indicators；日度指标按月平均。EYCI/NYCI成交头数不使用该密集日历序列。
au,牛,MLA National Restocker Yearling Heifer Indicator,2026-07-01,460.2097243468548,A¢/kg lwt,月度,MLA Statistics API / NLRS,澳洲,MLA Statistics API report/5 Australian Livestock Indicators；日度指标按月平均。EYCI/NYCI成交头数不使用该密集日历序列。
au,牛,MLA National Restocker Yearling Steer Indicator,2024-12-01,382.400964737684,A¢/kg lwt,月度,MLA Statistics API / NLRS,澳洲,MLA Statistics API report/5 Australian Livestock Indicators；日度指标按月平均。EYCI/NYCI成交头数不使用该密集日历序列。
au,牛,MLA National Restocker Yearling Steer Indicator,2025-01-01,393.2453053536923,A¢/kg lwt,月度,MLA Statistics API / NLRS,澳洲,MLA Statistics API report/5 Australian Livestock Indicators；日度指标按月平均。EYCI/NYCI成交头数不使用该密集日历序列。
au,牛,MLA National Restocker Yearling Steer Indicator,2025-02-01,380.266000795375,A¢/kg lwt,月度,MLA Statistics API / NLRS,澳洲,MLA Statistics API report/5 Australian Livestock Indicators；日度指标按月平均。EYCI/NYCI成交头数不使用该密集日历序列。
au,牛,MLA National Restocker Yearling Steer Indicator,2025-03-01,362.6236931935194,A¢/kg lwt,月度,MLA Statistics API / NLRS,澳洲,MLA Statistics API report/5 Australian Livestock Indicators；日度指标按月平均。EYCI/NYCI成交头数不使用该密集日历序列。
au,牛,MLA National Restocker Yearling Steer Indicator,2025-04-01,394.62402510555,A¢/kg lwt,月度,MLA Statistics API / NLRS,澳洲,MLA Statistics API report/5 Australian Livestock Indicators；日度指标按月平均。EYCI/NYCI成交头数不使用该密集日历序列。
au,牛,MLA National Restocker Yearling Steer Indicator,2025-05-01,390.2089072198903,A¢/kg lwt,月度,MLA Statistics API / NLRS,澳洲,MLA Statistics API report/5 Australian Livestock Indicators；日度指标按月平均。EYCI/NYCI成交头数不使用该密集日历序列。
au,牛,MLA National Restocker Yearling Steer Indicator,2025-06-01,392.57471360002,A¢/kg lwt,月度,MLA Statistics API / NLRS,澳洲,MLA Statistics API report/5 Australian Livestock Indicators；日度指标按月平均。EYCI/NYCI成交头数不使用该密集日历序列。
au,牛,MLA National Restocker Yearling Steer Indicator,2025-07-01,408.358168726471,A¢/kg lwt,月度,MLA Statistics API / NLRS,澳洲,MLA Statistics API report/5 Australian Livestock Indicators；日度指标按月平均。EYCI/NYCI成交头数不使用该密集日历序列。
au,牛,MLA National Restocker Yearling Steer Indicator,2025-08-01,460.2523156474387,A¢/kg lwt,月度,MLA Statistics API / NLRS,澳洲,MLA Statistics API report/5 Australian Livestock Indicators；日度指标按月平均。EYCI/NYCI成交头数不使用该密集日历序列。
au,牛,MLA National Restocker Yearling Steer Indicator,2025-09-01,478.41859358908664,A¢/kg lwt,月度,MLA Statistics API / NLRS,澳洲,MLA Statistics API report/5 Australian Livestock Indicators；日度指标按月平均。EYCI/NYCI成交头数不使用该密集日历序列。
au,牛,MLA National Restocker Yearling Steer Indicator,2025-10-01,464.3914454797742,A¢/kg lwt,月度,MLA Statistics API / NLRS,澳洲,MLA Statistics API report/5 Australian Livestock Indicators；日度指标按月平均。EYCI/NYCI成交头数不使用该密集日历序列。
au,牛,MLA National Restocker Yearling Steer Indicator,2025-11-01,501.68945142570664,A¢/kg lwt,月度,MLA Statistics API / NLRS,澳洲,MLA Statistics API report/5 Australian Livestock Indicators；日度指标按月平均。EYCI/NYCI成交头数不使用该密集日历序列。
au,牛,MLA National Restocker Yearling Steer Indicator,2025-12-01,491.5333869164708,A¢/kg lwt,月度,MLA Statistics API / NLRS,澳洲,MLA Statistics API report/5 Australian Livestock Indicators；日度指标按月平均。EYCI/NYCI成交头数不使用该密集日历序列。
au,牛,MLA National Restocker Yearling Steer Indicator,2026-01-01,486.065376457663,A¢/kg lwt,月度,MLA Statistics API / NLRS,澳洲,MLA Statistics API report/5 Australian Livestock Indicators；日度指标按月平均。EYCI/NYCI成交头数不使用该密集日历序列。
au,牛,MLA National Restocker Yearling Steer Indicator,2026-02-01,494.27219818345714,A¢/kg lwt,月度,MLA Statistics API / NLRS,澳洲,MLA Statistics API report/5 Australian Livestock Indicators；日度指标按月平均。EYCI/NYCI成交头数不使用该密集日历序列。
au,牛,MLA National Restocker Yearling Steer Indicator,2026-03-01,504.5320304504742,A¢/kg lwt,月度,MLA Statistics API / NLRS,澳洲,MLA Statistics API report/5 Australian Livestock Indicators；日度指标按月平均。EYCI/NYCI成交头数不使用该密集日历序列。
au,牛,MLA National Restocker Yearling Steer Indicator,2026-04-01,449.75311067718667,A¢/kg lwt,月度,MLA Statistics API / NLRS,澳洲,MLA Statistics API report/5 Australian Livestock Indicators；日度指标按月平均。EYCI/NYCI成交头数不使用该密集日历序列。
au,牛,MLA National Restocker Yearling Steer Indicator,2026-05-01,466.20857372655485,A¢/kg lwt,月度,MLA Statistics API / NLRS,澳洲,MLA Statistics API report/5 Australian Livestock Indicators；日度指标按月平均。EYCI/NYCI成交头数不使用该密集日历序列。
au,牛,MLA National Restocker Yearling Steer Indicator,2026-06-01,535.0127946009267,A¢/kg lwt,月度,MLA Statistics API / NLRS,澳洲,MLA Statistics API report/5 Australian Livestock Indicators；日度指标按月平均。EYCI/NYCI成交头数不使用该密集日历序列。
au,牛,MLA National Restocker Yearling Steer Indicator,2026-07-01,539.9135267586903,A¢/kg lwt,月度,MLA Statistics API / NLRS,澳洲,MLA Statistics API report/5 Australian Livestock Indicators；日度指标按月平均。EYCI/NYCI成交头数不使用该密集日历序列。
au,牛,MLA Online Young Cattle Indicator,2024-12-01,364.8504951977808,A¢/kg lwt,月度,MLA Statistics API / NLRS,澳洲,MLA Statistics API report/5 Australian Livestock Indicators；日度指标按月平均。EYCI/NYCI成交头数不使用该密集日历序列。
au,牛,MLA Online Young Cattle Indicator,2025-01-01,367.78262615740346,A¢/kg lwt,月度,MLA Statistics API / NLRS,澳洲,MLA Statistics API report/5 Australian Livestock Indicators；日度指标按月平均。EYCI/NYCI成交头数不使用该密集日历序列。
au,牛,MLA Online Young Cattle Indicator,2025-02-01,364.8444854814929,A¢/kg lwt,月度,MLA Statistics API / NLRS,澳洲,MLA Statistics API report/5 Australian Livestock Indicators；日度指标按月平均。EYCI/NYCI成交头数不使用该密集日历序列。
au,牛,MLA Online Young Cattle Indicator,2025-03-01,371.0984873179903,A¢/kg lwt,月度,MLA Statistics API / NLRS,澳洲,MLA Statistics API report/5 Australian Livestock Indicators；日度指标按月平均。EYCI/NYCI成交头数不使用该密集日历序列。
au,牛,MLA Online Young Cattle Indicator,2025-04-01,391.29890695078666,A¢/kg lwt,月度,MLA Statistics API / NLRS,澳洲,MLA Statistics API report/5 Australian Livestock Indicators；日度指标按月平均。EYCI/NYCI成交头数不使用该密集日历序列。
au,牛,MLA Online Young Cattle Indicator,2025-05-01,378.88707268738386,A¢/kg lwt,月度,MLA Statistics API / NLRS,澳洲,MLA Statistics API report/5 Australian Livestock Indicators；日度指标按月平均。EYCI/NYCI成交头数不使用该密集日历序列。
au,牛,MLA Online Young Cattle Indicator,2025-06-01,407.6625335729633,A¢/kg lwt,月度,MLA Statistics API / NLRS,澳洲,MLA Statistics API report/5 Australian Livestock Indicators；日度指标按月平均。EYCI/NYCI成交头数不使用该密集日历序列。
au,牛,MLA Online Young Cattle Indicator,2025-07-01,418.2013687557355,A¢/kg lwt,月度,MLA Statistics API / NLRS,澳洲,MLA Statistics API report/5 Australian Livestock Indicators；日度指标按月平均。EYCI/NYCI成交头数不使用该密集日历序列。
au,牛,MLA Online Young Cattle Indicator,2025-08-01,479.7145681738968,A¢/kg lwt,月度,MLA Statistics API / NLRS,澳洲,MLA Statistics API report/5 Australian Livestock Indicators；日度指标按月平均。EYCI/NYCI成交头数不使用该密集日历序列。
au,牛,MLA Online Young Cattle Indicator,2025-09-01,492.03911898618003,A¢/kg lwt,月度,MLA Statistics API / NLRS,澳洲,MLA Statistics API report/5 Australian Livestock Indicators；日度指标按月平均。EYCI/NYCI成交头数不使用该密集日历序列。
au,牛,MLA Online Young Cattle Indicator,2025-10-01,456.7365537638742,A¢/kg lwt,月度,MLA Statistics API / NLRS,澳洲,MLA Statistics API report/5 Australian Livestock Indicators；日度指标按月平均。EYCI/NYCI成交头数不使用该密集日历序列。
au,牛,MLA Online Young Cattle Indicator,2025-11-01,491.32136322466334,A¢/kg lwt,月度,MLA Statistics API / NLRS,澳洲,MLA Statistics API report/5 Australian Livestock Indicators；日度指标按月平均。EYCI/NYCI成交头数不使用该密集日历序列。
au,牛,MLA Online Young Cattle Indicator,2025-12-01,482.6764088312148,A¢/kg lwt,月度,MLA Statistics API / NLRS,澳洲,MLA Statistics API report/5 Australian Livestock Indicators；日度指标按月平均。EYCI/NYCI成交头数不使用该密集日历序列。
au,牛,MLA Online Young Cattle Indicator,2026-01-01,479.31212454199334,A¢/kg lwt,月度,MLA Statistics API / NLRS,澳洲,MLA Statistics API report/5 Australian Livestock Indicators；日度指标按月平均。EYCI/NYCI成交头数不使用该密集日历序列。
au,牛,MLA Online Young Cattle Indicator,2026-02-01,472.9649837381893,A¢/kg lwt,月度,MLA Statistics API / NLRS,澳洲,MLA Statistics API report/5 Australian Livestock Indicators；日度指标按月平均。EYCI/NYCI成交头数不使用该密集日历序列。
au,牛,MLA Online Young Cattle Indicator,2026-03-01,492.61167558990326,A¢/kg lwt,月度,MLA Statistics API / NLRS,澳洲,MLA Statistics API report/5 Australian Livestock Indicators；日度指标按月平均。EYCI/NYCI成交头数不使用该密集日历序列。
au,牛,MLA Online Young Cattle Indicator,2026-04-01,443.77362154582664,A¢/kg lwt,月度,MLA Statistics API / NLRS,澳洲,MLA Statistics API report/5 Australian Livestock Indicators；日度指标按月平均。EYCI/NYCI成交头数不使用该密集日历序列。
au,牛,MLA Online Young Cattle Indicator,2026-05-01,472.461672740429,A¢/kg lwt,月度,MLA Statistics API / NLRS,澳洲,MLA Statistics API report/5 Australian Livestock Indicators；日度指标按月平均。EYCI/NYCI成交头数不使用该密集日历序列。
au,牛,MLA Online Young Cattle Indicator,2026-06-01,549.67700086221,A¢/kg lwt,月度,MLA Statistics API / NLRS,澳洲,MLA Statistics API report/5 Australian Livestock Indicators；日度指标按月平均。EYCI/NYCI成交头数不使用该密集日历序列。
au,牛,MLA Online Young Cattle Indicator,2026-07-01,547.4600308258999,A¢/kg lwt,月度,MLA Statistics API / NLRS,澳洲,MLA Statistics API report/5 Australian Livestock Indicators；日度指标按月平均。EYCI/NYCI成交头数不使用该密集日历序列。
au,牛,MLA Saleyard Yardings Cattle Prime 全国汇总,2024-12-01,137137.0,头,月度,MLA Statistics API / NLRS,澳洲saleyard汇总,MLA Statistics API report/4 Australian Saleyard Yardings；默认看板汇总saleyard日度yardings到月度，不展开单个saleyard。
au,牛,MLA Saleyard Yardings Cattle Prime 全国汇总,2025-01-01,233176.0,头,月度,MLA Statistics API / NLRS,澳洲saleyard汇总,MLA Statistics API report/4 Australian Saleyard Yardings；默认看板汇总saleyard日度yardings到月度，不展开单个saleyard。
au,牛,MLA Saleyard Yardings Cattle Prime 全国汇总,2025-02-01,238683.0,头,月度,MLA Statistics API / NLRS,澳洲saleyard汇总,MLA Statistics API report/4 Australian Saleyard Yardings；默认看板汇总saleyard日度yardings到月度，不展开单个saleyard。
au,牛,MLA Saleyard Yardings Cattle Prime 全国汇总,2025-03-01,234025.0,头,月度,MLA Statistics API / NLRS,澳洲saleyard汇总,MLA Statistics API report/4 Australian Saleyard Yardings；默认看板汇总saleyard日度yardings到月度，不展开单个saleyard。
au,牛,MLA Saleyard Yardings Cattle Prime 全国汇总,2025-04-01,220706.0,头,月度,MLA Statistics API / NLRS,澳洲saleyard汇总,MLA Statistics API report/4 Australian Saleyard Yardings；默认看板汇总saleyard日度yardings到月度，不展开单个saleyard。
au,牛,MLA Saleyard Yardings Cattle Prime 全国汇总,2025-05-01,266779.0,头,月度,MLA Statistics API / NLRS,澳洲saleyard汇总,MLA Statistics API report/4 Australian Saleyard Yardings；默认看板汇总saleyard日度yardings到月度，不展开单个saleyard。
au,牛,MLA Saleyard Yardings Cattle Prime 全国汇总,2025-06-01,247143.0,头,月度,MLA Statistics API / NLRS,澳洲saleyard汇总,MLA Statistics API report/4 Australian Saleyard Yardings；默认看板汇总saleyard日度yardings到月度，不展开单个saleyard。
au,牛,MLA Saleyard Yardings Cattle Prime 全国汇总,2025-07-01,262362.0,头,月度,MLA Statistics API / NLRS,澳洲saleyard汇总,MLA Statistics API report/4 Australian Saleyard Yardings；默认看板汇总saleyard日度yardings到月度，不展开单个saleyard。
au,牛,MLA Saleyard Yardings Cattle Prime 全国汇总,2025-08-01,233443.0,头,月度,MLA Statistics API / NLRS,澳洲saleyard汇总,MLA Statistics API report/4 Australian Saleyard Yardings；默认看板汇总saleyard日度yardings到月度，不展开单个saleyard。
au,牛,MLA Saleyard Yardings Cattle Prime 全国汇总,2025-09-01,285457.0,头,月度,MLA Statistics API / NLRS,澳洲saleyard汇总,MLA Statistics API report/4 Australian Saleyard Yardings；默认看板汇总saleyard日度yardings到月度，不展开单个saleyard。
au,牛,MLA Saleyard Yardings Cattle Prime 全国汇总,2025-10-01,272298.0,头,月度,MLA Statistics API / NLRS,澳洲saleyard汇总,MLA Statistics API report/4 Australian Saleyard Yardings；默认看板汇总saleyard日度yardings到月度，不展开单个saleyard。
au,牛,MLA Saleyard Yardings Cattle Prime 全国汇总,2025-11-01,298947.0,头,月度,MLA Statistics API / NLRS,澳洲saleyard汇总,MLA Statistics API report/4 Australian Saleyard Yardings；默认看板汇总saleyard日度yardings到月度，不展开单个saleyard。
au,牛,MLA Saleyard Yardings Cattle Prime 全国汇总,2025-12-01,211457.0,头,月度,MLA Statistics API / NLRS,澳洲saleyard汇总,MLA Statistics API report/4 Australian Saleyard Yardings；默认看板汇总saleyard日度yardings到月度，不展开单个saleyard。
au,牛,MLA Saleyard Yardings Cattle Prime 全国汇总,2026-01-01,201778.0,头,月度,MLA Statistics API / NLRS,澳洲saleyard汇总,MLA Statistics API report/4 Australian Saleyard Yardings；默认看板汇总saleyard日度yardings到月度，不展开单个saleyard。
au,牛,MLA Saleyard Yardings Cattle Prime 全国汇总,2026-02-01,272046.0,头,月度,MLA Statistics API / NLRS,澳洲saleyard汇总,MLA Statistics API report/4 Australian Saleyard Yardings；默认看板汇总saleyard日度yardings到月度，不展开单个saleyard。
au,牛,MLA Saleyard Yardings Cattle Prime 全国汇总,2026-03-01,344906.0,头,月度,MLA Statistics API / NLRS,澳洲saleyard汇总,MLA Statistics API report/4 Australian Saleyard Yardings；默认看板汇总saleyard日度yardings到月度，不展开单个saleyard。
au,牛,MLA Saleyard Yardings Cattle Prime 全国汇总,2026-04-01,302178.0,头,月度,MLA Statistics API / NLRS,澳洲saleyard汇总,MLA Statistics API report/4 Australian Saleyard Yardings；默认看板汇总saleyard日度yardings到月度，不展开单个saleyard。
au,牛,MLA Saleyard Yardings Cattle Prime 全国汇总,2026-05-01,247178.0,头,月度,MLA Statistics API / NLRS,澳洲saleyard汇总,MLA Statistics API report/4 Australian Saleyard Yardings；默认看板汇总saleyard日度yardings到月度，不展开单个saleyard。
au,牛,MLA Saleyard Yardings Cattle Prime 全国汇总,2026-06-01,258606.0,头,月度,MLA Statistics API / NLRS,澳洲saleyard汇总,MLA Statistics API report/4 Australian Saleyard Yardings；默认看板汇总saleyard日度yardings到月度，不展开单个saleyard。
au,牛,MLA Saleyard Yardings Cattle Prime 全国汇总,2026-07-01,261450.0,头,月度,MLA Statistics API / NLRS,澳洲saleyard汇总,MLA Statistics API report/4 Australian Saleyard Yardings；默认看板汇总saleyard日度yardings到月度，不展开单个saleyard。
au,牛,MLA Saleyard Yardings Cattle Store 全国汇总,2024-12-01,27436.0,头,月度,MLA Statistics API / NLRS,澳洲saleyard汇总,MLA Statistics API report/4 Australian Saleyard Yardings；默认看板汇总saleyard日度yardings到月度，不展开单个saleyard。
au,牛,MLA Saleyard Yardings Cattle Store 全国汇总,2025-01-01,57991.0,头,月度,MLA Statistics API / NLRS,澳洲saleyard汇总,MLA Statistics API report/4 Australian Saleyard Yardings；默认看板汇总saleyard日度yardings到月度，不展开单个saleyard。
au,牛,MLA Saleyard Yardings Cattle Store 全国汇总,2025-02-01,49664.0,头,月度,MLA Statistics API / NLRS,澳洲saleyard汇总,MLA Statistics API report/4 Australian Saleyard Yardings；默认看板汇总saleyard日度yardings到月度，不展开单个saleyard。
au,牛,MLA Saleyard Yardings Cattle Store 全国汇总,2025-03-01,69619.0,头,月度,MLA Statistics API / NLRS,澳洲saleyard汇总,MLA Statistics API report/4 Australian Saleyard Yardings；默认看板汇总saleyard日度yardings到月度，不展开单个saleyard。
au,牛,MLA Saleyard Yardings Cattle Store 全国汇总,2025-04-01,56419.0,头,月度,MLA Statistics API / NLRS,澳洲saleyard汇总,MLA Statistics API report/4 Australian Saleyard Yardings；默认看板汇总saleyard日度yardings到月度，不展开单个saleyard。
au,牛,MLA Saleyard Yardings Cattle Store 全国汇总,2025-05-01,71134.0,头,月度,MLA Statistics API / NLRS,澳洲saleyard汇总,MLA Statistics API report/4 Australian Saleyard Yardings；默认看板汇总saleyard日度yardings到月度，不展开单个saleyard。
au,牛,MLA Saleyard Yardings Cattle Store 全国汇总,2025-06-01,49754.0,头,月度,MLA Statistics API / NLRS,澳洲saleyard汇总,MLA Statistics API report/4 Australian Saleyard Yardings；默认看板汇总saleyard日度yardings到月度，不展开单个saleyard。
au,牛,MLA Saleyard Yardings Cattle Store 全国汇总,2025-07-01,36383.0,头,月度,MLA Statistics API / NLRS,澳洲saleyard汇总,MLA Statistics API report/4 Australian Saleyard Yardings；默认看板汇总saleyard日度yardings到月度，不展开单个saleyard。
au,牛,MLA Saleyard Yardings Cattle Store 全国汇总,2025-08-01,25109.0,头,月度,MLA Statistics API / NLRS,澳洲saleyard汇总,MLA Statistics API report/4 Australian Saleyard Yardings；默认看板汇总saleyard日度yardings到月度，不展开单个saleyard。
au,牛,MLA Saleyard Yardings Cattle Store 全国汇总,2025-09-01,42999.0,头,月度,MLA Statistics API / NLRS,澳洲saleyard汇总,MLA Statistics API report/4 Australian Saleyard Yardings；默认看板汇总saleyard日度yardings到月度，不展开单个saleyard。
au,牛,MLA Saleyard Yardings Cattle Store 全国汇总,2025-10-01,44085.0,头,月度,MLA Statistics API / NLRS,澳洲saleyard汇总,MLA Statistics API report/4 Australian Saleyard Yardings；默认看板汇总saleyard日度yardings到月度，不展开单个saleyard。
au,牛,MLA Saleyard Yardings Cattle Store 全国汇总,2025-11-01,35020.0,头,月度,MLA Statistics API / NLRS,澳洲saleyard汇总,MLA Statistics API report/4 Australian Saleyard Yardings；默认看板汇总saleyard日度yardings到月度，不展开单个saleyard。
au,牛,MLA Saleyard Yardings Cattle Store 全国汇总,2025-12-01,25305.0,头,月度,MLA Statistics API / NLRS,澳洲saleyard汇总,MLA Statistics API report/4 Australian Saleyard Yardings；默认看板汇总saleyard日度yardings到月度，不展开单个saleyard。
au,牛,MLA Saleyard Yardings Cattle Store 全国汇总,2026-01-01,51932.0,头,月度,MLA Statistics API / NLRS,澳洲saleyard汇总,MLA Statistics API report/4 Australian Saleyard Yardings；默认看板汇总saleyard日度yardings到月度，不展开单个saleyard。
au,牛,MLA Saleyard Yardings Cattle Store 全国汇总,2026-02-01,52853.0,头,月度,MLA Statistics API / NLRS,澳洲saleyard汇总,MLA Statistics API report/4 Australian Saleyard Yardings；默认看板汇总saleyard日度yardings到月度，不展开单个saleyard。
au,牛,MLA Saleyard Yardings Cattle Store 全国汇总,2026-03-01,64374.0,头,月度,MLA Statistics API / NLRS,澳洲saleyard汇总,MLA Statistics API report/4 Australian Saleyard Yardings；默认看板汇总saleyard日度yardings到月度，不展开单个saleyard。
au,牛,MLA Saleyard Yardings Cattle Store 全国汇总,2026-04-01,63043.0,头,月度,MLA Statistics API / NLRS,澳洲saleyard汇总,MLA Statistics API report/4 Australian Saleyard Yardings；默认看板汇总saleyard日度yardings到月度，不展开单个saleyard。
au,牛,MLA Saleyard Yardings Cattle Store 全国汇总,2026-05-01,47227.0,头,月度,MLA Statistics API / NLRS,澳洲saleyard汇总,MLA Statistics API report/4 Australian Saleyard Yardings；默认看板汇总saleyard日度yardings到月度，不展开单个saleyard。
au,牛,MLA Saleyard Yardings Cattle Store 全国汇总,2026-06-01,46366.0,头,月度,MLA Statistics API / NLRS,澳洲saleyard汇总,MLA Statistics API report/4 Australian Saleyard Yardings；默认看板汇总saleyard日度yardings到月度，不展开单个saleyard。
au,牛,MLA Saleyard Yardings Cattle Store 全国汇总,2026-07-01,49213.0,头,月度,MLA Statistics API / NLRS,澳洲saleyard汇总,MLA Statistics API report/4 Australian Saleyard Yardings；默认看板汇总saleyard日度yardings到月度，不展开单个saleyard。
au,牛,MLA Western Young Cattle Indicator,2024-12-01,558.2277351733879,A¢/kg cwt,月度,MLA Statistics API / NLRS,澳洲,MLA Statistics API report/5 Australian Livestock Indicators；日度指标按月平均。EYCI/NYCI成交头数不使用该密集日历序列。
au,牛,MLA Western Young Cattle Indicator,2025-01-01,597.4076660055077,A¢/kg cwt,月度,MLA Statistics API / NLRS,澳洲,MLA Statistics API report/5 Australian Livestock Indicators；日度指标按月平均。EYCI/NYCI成交头数不使用该密集日历序列。
au,牛,MLA Western Young Cattle Indicator,2025-02-01,552.3365805356642,A¢/kg cwt,月度,MLA Statistics API / NLRS,澳洲,MLA Statistics API report/5 Australian Livestock Indicators；日度指标按月平均。EYCI/NYCI成交头数不使用该密集日历序列。
au,牛,MLA Western Young Cattle Indicator,2025-03-01,576.2395492610549,A¢/kg cwt,月度,MLA Statistics API / NLRS,澳洲,MLA Statistics API report/5 Australian Livestock Indicators；日度指标按月平均。EYCI/NYCI成交头数不使用该密集日历序列。
au,牛,MLA Western Young Cattle Indicator,2025-04-01,643.6710361794912,A¢/kg cwt,月度,MLA Statistics API / NLRS,澳洲,MLA Statistics API report/5 Australian Livestock Indicators；日度指标按月平均。EYCI/NYCI成交头数不使用该密集日历序列。
au,牛,MLA Western Young Cattle Indicator,2025-05-01,685.0509133941645,A¢/kg cwt,月度,MLA Statistics API / NLRS,澳洲,MLA Statistics API report/5 Australian Livestock Indicators；日度指标按月平均。EYCI/NYCI成交头数不使用该密集日历序列。
au,牛,MLA Western Young Cattle Indicator,2025-06-01,639.10806443381,A¢/kg cwt,月度,MLA Statistics API / NLRS,澳洲,MLA Statistics API report/5 Australian Livestock Indicators；日度指标按月平均。EYCI/NYCI成交头数不使用该密集日历序列。
au,牛,MLA Western Young Cattle Indicator,2025-07-01,665.1869449981386,A¢/kg cwt,月度,MLA Statistics API / NLRS,澳洲,MLA Statistics API report/5 Australian Livestock Indicators；日度指标按月平均。EYCI/NYCI成交头数不使用该密集日历序列。
au,牛,MLA Western Young Cattle Indicator,2025-08-01,754.6722582020291,A¢/kg cwt,月度,MLA Statistics API / NLRS,澳洲,MLA Statistics API report/5 Australian Livestock Indicators；日度指标按月平均。EYCI/NYCI成交头数不使用该密集日历序列。
au,牛,MLA Western Young Cattle Indicator,2025-09-01,796.6529057383033,A¢/kg cwt,月度,MLA Statistics API / NLRS,澳洲,MLA Statistics API report/5 Australian Livestock Indicators；日度指标按月平均。EYCI/NYCI成交头数不使用该密集日历序列。
au,牛,MLA Western Young Cattle Indicator,2025-10-01,797.5116573421968,A¢/kg cwt,月度,MLA Statistics API / NLRS,澳洲,MLA Statistics API report/5 Australian Livestock Indicators；日度指标按月平均。EYCI/NYCI成交头数不使用该密集日历序列。
au,牛,MLA Western Young Cattle Indicator,2025-11-01,783.4835630293667,A¢/kg cwt,月度,MLA Statistics API / NLRS,澳洲,MLA Statistics API report/5 Australian Livestock Indicators；日度指标按月平均。EYCI/NYCI成交头数不使用该密集日历序列。
au,牛,MLA Western Young Cattle Indicator,2025-12-01,808.8448697543332,A¢/kg cwt,月度,MLA Statistics API / NLRS,澳洲,MLA Statistics API report/5 Australian Livestock Indicators；日度指标按月平均。EYCI/NYCI成交头数不使用该密集日历序列。
au,牛,MLA Western Young Cattle Indicator,2026-01-01,801.3670415615741,A¢/kg cwt,月度,MLA Statistics API / NLRS,澳洲,MLA Statistics API report/5 Australian Livestock Indicators；日度指标按月平均。EYCI/NYCI成交头数不使用该密集日历序列。
au,牛,MLA Western Young Cattle Indicator,2026-02-01,782.309675388275,A¢/kg cwt,月度,MLA Statistics API / NLRS,澳洲,MLA Statistics API report/5 Australian Livestock Indicators；日度指标按月平均。EYCI/NYCI成交头数不使用该密集日历序列。
au,牛,MLA Western Young Cattle Indicator,2026-03-01,853.906556090116,A¢/kg cwt,月度,MLA Statistics API / NLRS,澳洲,MLA Statistics API report/5 Australian Livestock Indicators；日度指标按月平均。EYCI/NYCI成交头数不使用该密集日历序列。
au,牛,MLA Western Young Cattle Indicator,2026-04-01,925.0759140599371,A¢/kg cwt,月度,MLA Statistics API / NLRS,澳洲,MLA Statistics API report/5 Australian Livestock Indicators；日度指标按月平均。EYCI/NYCI成交头数不使用该密集日历序列。
au,牛,MLA Western Young Cattle Indicator,2026-05-01,946.801559601542,A¢/kg cwt,月度,MLA Statistics API / NLRS,澳洲,MLA Statistics API report/5 Australian Livestock Indicators；日度指标按月平均。EYCI/NYCI成交头数不使用该密集日历序列。
au,牛,MLA Western Young Cattle Indicator,2026-06-01,971.9937289111866,A¢/kg cwt,月度,MLA Statistics API / NLRS,澳洲,MLA Statistics API report/5 Australian Livestock Indicators；日度指标按月平均。EYCI/NYCI成交头数不使用该密集日历序列。
au,牛,MLA Western Young Cattle Indicator,2026-07-01,989.4263791392065,A¢/kg cwt,月度,MLA Statistics API / NLRS,澳洲,MLA Statistics API report/5 Australian Livestock Indicators；日度指标按月平均。EYCI/NYCI成交头数不使用该密集日历序列。
au,牛,MLA全球牛价AUS National Feeder Steer Indicator,2024-12-01,351.57564,AUD c/kg lwt,月度,MLA Statistics API / Steiner/NLRS,AUS,MLA Statistics API report/7 Global Cattle Prices；按国家和指标月均，来源含NLRS和Steiner Consulting。
au,牛,MLA全球牛价AUS National Feeder Steer Indicator,2025-01-01,371.44613846153845,AUD c/kg lwt,月度,MLA Statistics API / Steiner/NLRS,AUS,MLA Statistics API report/7 Global Cattle Prices；按国家和指标月均，来源含NLRS和Steiner Consulting。
au,牛,MLA全球牛价AUS National Feeder Steer Indicator,2025-02-01,354.6669607142857,AUD c/kg lwt,月度,MLA Statistics API / Steiner/NLRS,AUS,MLA Statistics API report/7 Global Cattle Prices；按国家和指标月均，来源含NLRS和Steiner Consulting。
au,牛,MLA全球牛价AUS National Feeder Steer Indicator,2025-03-01,361.5680967741936,AUD c/kg lwt,月度,MLA Statistics API / Steiner/NLRS,AUS,MLA Statistics API report/7 Global Cattle Prices；按国家和指标月均，来源含NLRS和Steiner Consulting。
au,牛,MLA全球牛价AUS National Feeder Steer Indicator,2025-04-01,385.42665666666664,AUD c/kg lwt,月度,MLA Statistics API / Steiner/NLRS,AUS,MLA Statistics API report/7 Global Cattle Prices；按国家和指标月均，来源含NLRS和Steiner Consulting。
au,牛,MLA全球牛价AUS National Feeder Steer Indicator,2025-05-01,376.35139032258064,AUD c/kg lwt,月度,MLA Statistics API / Steiner/NLRS,AUS,MLA Statistics API report/7 Global Cattle Prices；按国家和指标月均，来源含NLRS和Steiner Consulting。
au,牛,MLA全球牛价AUS National Feeder Steer Indicator,2025-06-01,390.2123833333333,AUD c/kg lwt,月度,MLA Statistics API / Steiner/NLRS,AUS,MLA Statistics API report/7 Global Cattle Prices；按国家和指标月均，来源含NLRS和Steiner Consulting。
au,牛,MLA全球牛价AUS National Feeder Steer Indicator,2025-07-01,420.1708290322581,AUD c/kg lwt,月度,MLA Statistics API / Steiner/NLRS,AUS,MLA Statistics API report/7 Global Cattle Prices；按国家和指标月均，来源含NLRS和Steiner Consulting。
au,牛,MLA全球牛价AUS National Feeder Steer Indicator,2025-08-01,461.2952741935484,AUD c/kg lwt,月度,MLA Statistics API / Steiner/NLRS,AUS,MLA Statistics API report/7 Global Cattle Prices；按国家和指标月均，来源含NLRS和Steiner Consulting。
au,牛,MLA全球牛价AUS National Feeder Steer Indicator,2025-09-01,479.0875033333333,AUD c/kg lwt,月度,MLA Statistics API / Steiner/NLRS,AUS,MLA Statistics API report/7 Global Cattle Prices；按国家和指标月均，来源含NLRS和Steiner Consulting。
au,牛,MLA全球牛价AUS National Feeder Steer Indicator,2025-10-01,462.07181612903224,AUD c/kg lwt,月度,MLA Statistics API / Steiner/NLRS,AUS,MLA Statistics API report/7 Global Cattle Prices；按国家和指标月均，来源含NLRS和Steiner Consulting。
au,牛,MLA全球牛价AUS National Feeder Steer Indicator,2025-11-01,480.0046266666667,AUD c/kg lwt,月度,MLA Statistics API / Steiner/NLRS,AUS,MLA Statistics API report/7 Global Cattle Prices；按国家和指标月均，来源含NLRS和Steiner Consulting。
au,牛,MLA全球牛价AUS National Feeder Steer Indicator,2025-12-01,470.1587875,AUD c/kg lwt,月度,MLA Statistics API / Steiner/NLRS,AUS,MLA Statistics API report/7 Global Cattle Prices；按国家和指标月均，来源含NLRS和Steiner Consulting。
au,牛,MLA全球牛价AUS National Feeder Steer Indicator,2026-01-01,465.506937037037,AUD c/kg lwt,月度,MLA Statistics API / Steiner/NLRS,AUS,MLA Statistics API report/7 Global Cattle Prices；按国家和指标月均，来源含NLRS和Steiner Consulting。
au,牛,MLA全球牛价AUS National Feeder Steer Indicator,2026-02-01,467.27040714285715,AUD c/kg lwt,月度,MLA Statistics API / Steiner/NLRS,AUS,MLA Statistics API report/7 Global Cattle Prices；按国家和指标月均，来源含NLRS和Steiner Consulting。
au,牛,MLA全球牛价AUS National Feeder Steer Indicator,2026-03-01,481.8591129032258,AUD c/kg lwt,月度,MLA Statistics API / Steiner/NLRS,AUS,MLA Statistics API report/7 Global Cattle Prices；按国家和指标月均，来源含NLRS和Steiner Consulting。
au,牛,MLA全球牛价AUS National Feeder Steer Indicator,2026-04-01,455.49648333333334,AUD c/kg lwt,月度,MLA Statistics API / Steiner/NLRS,AUS,MLA Statistics API report/7 Global Cattle Prices；按国家和指标月均，来源含NLRS和Steiner Consulting。
au,牛,MLA全球牛价AUS National Feeder Steer Indicator,2026-05-01,471.7897967741936,AUD c/kg lwt,月度,MLA Statistics API / Steiner/NLRS,AUS,MLA Statistics API report/7 Global Cattle Prices；按国家和指标月均，来源含NLRS和Steiner Consulting。
au,牛,MLA全球牛价AUS National Feeder Steer Indicator,2026-06-01,523.4663366666666,AUD c/kg lwt,月度,MLA Statistics API / Steiner/NLRS,AUS,MLA Statistics API report/7 Global Cattle Prices；按国家和指标月均，来源含NLRS和Steiner Consulting。
au,牛,MLA全球牛价AUS National Feeder Steer Indicator,2026-07-01,539.9768161290323,AUD c/kg lwt,月度,MLA Statistics API / Steiner/NLRS,AUS,MLA Statistics API report/7 Global Cattle Prices；按国家和指标月均，来源含NLRS和Steiner Consulting。
au,牛,MLA全球牛价AUS National Heavy Steer Indicator,2024-12-01,323.204492,AUD c/kg lwt,月度,MLA Statistics API / Steiner/NLRS,AUS,MLA Statistics API report/7 Global Cattle Prices；按国家和指标月均，来源含NLRS和Steiner Consulting。
au,牛,MLA全球牛价AUS National Heavy Steer Indicator,2025-01-01,351.3136153846154,AUD c/kg lwt,月度,MLA Statistics API / Steiner/NLRS,AUS,MLA Statistics API report/7 Global Cattle Prices；按国家和指标月均，来源含NLRS和Steiner Consulting。
au,牛,MLA全球牛价AUS National Heavy Steer Indicator,2025-02-01,341.8698428571429,AUD c/kg lwt,月度,MLA Statistics API / Steiner/NLRS,AUS,MLA Statistics API report/7 Global Cattle Prices；按国家和指标月均，来源含NLRS和Steiner Consulting。
au,牛,MLA全球牛价AUS National Heavy Steer Indicator,2025-03-01,347.4910870967742,AUD c/kg lwt,月度,MLA Statistics API / Steiner/NLRS,AUS,MLA Statistics API report/7 Global Cattle Prices；按国家和指标月均，来源含NLRS和Steiner Consulting。
au,牛,MLA全球牛价AUS National Heavy Steer Indicator,2025-04-01,364.26019,AUD c/kg lwt,月度,MLA Statistics API / Steiner/NLRS,AUS,MLA Statistics API report/7 Global Cattle Prices；按国家和指标月均，来源含NLRS和Steiner Consulting。
au,牛,MLA全球牛价AUS National Heavy Steer Indicator,2025-05-01,342.1136741935484,AUD c/kg lwt,月度,MLA Statistics API / Steiner/NLRS,AUS,MLA Statistics API report/7 Global Cattle Prices；按国家和指标月均，来源含NLRS和Steiner Consulting。
au,牛,MLA全球牛价AUS National Heavy Steer Indicator,2025-06-01,358.5742633333333,AUD c/kg lwt,月度,MLA Statistics API / Steiner/NLRS,AUS,MLA Statistics API report/7 Global Cattle Prices；按国家和指标月均，来源含NLRS和Steiner Consulting。
au,牛,MLA全球牛价AUS National Heavy Steer Indicator,2025-07-01,372.5897709677419,AUD c/kg lwt,月度,MLA Statistics API / Steiner/NLRS,AUS,MLA Statistics API report/7 Global Cattle Prices；按国家和指标月均，来源含NLRS和Steiner Consulting。
au,牛,MLA全球牛价AUS National Heavy Steer Indicator,2025-08-01,411.348,AUD c/kg lwt,月度,MLA Statistics API / Steiner/NLRS,AUS,MLA Statistics API report/7 Global Cattle Prices；按国家和指标月均，来源含NLRS和Steiner Consulting。
au,牛,MLA全球牛价AUS National Heavy Steer Indicator,2025-09-01,432.14141333333333,AUD c/kg lwt,月度,MLA Statistics API / Steiner/NLRS,AUS,MLA Statistics API report/7 Global Cattle Prices；按国家和指标月均，来源含NLRS和Steiner Consulting。
au,牛,MLA全球牛价AUS National Heavy Steer Indicator,2025-10-01,426.21084838709675,AUD c/kg lwt,月度,MLA Statistics API / Steiner/NLRS,AUS,MLA Statistics API report/7 Global Cattle Prices；按国家和指标月均，来源含NLRS和Steiner Consulting。
au,牛,MLA全球牛价AUS National Heavy Steer Indicator,2025-11-01,452.43549666666667,AUD c/kg lwt,月度,MLA Statistics API / Steiner/NLRS,AUS,MLA Statistics API report/7 Global Cattle Prices；按国家和指标月均，来源含NLRS和Steiner Consulting。
au,牛,MLA全球牛价AUS National Heavy Steer Indicator,2025-12-01,445.39505,AUD c/kg lwt,月度,MLA Statistics API / Steiner/NLRS,AUS,MLA Statistics API report/7 Global Cattle Prices；按国家和指标月均，来源含NLRS和Steiner Consulting。
au,牛,MLA全球牛价AUS National Heavy Steer Indicator,2026-01-01,445.1556814814815,AUD c/kg lwt,月度,MLA Statistics API / Steiner/NLRS,AUS,MLA Statistics API report/7 Global Cattle Prices；按国家和指标月均，来源含NLRS和Steiner Consulting。
au,牛,MLA全球牛价AUS National Heavy Steer Indicator,2026-02-01,443.59455357142855,AUD c/kg lwt,月度,MLA Statistics API / Steiner/NLRS,AUS,MLA Statistics API report/7 Global Cattle Prices；按国家和指标月均，来源含NLRS和Steiner Consulting。
au,牛,MLA全球牛价AUS National Heavy Steer Indicator,2026-03-01,454.23587741935484,AUD c/kg lwt,月度,MLA Statistics API / Steiner/NLRS,AUS,MLA Statistics API report/7 Global Cattle Prices；按国家和指标月均，来源含NLRS和Steiner Consulting。
au,牛,MLA全球牛价AUS National Heavy Steer Indicator,2026-04-01,414.08752333333337,AUD c/kg lwt,月度,MLA Statistics API / Steiner/NLRS,AUS,MLA Statistics API report/7 Global Cattle Prices；按国家和指标月均，来源含NLRS和Steiner Consulting。
au,牛,MLA全球牛价AUS National Heavy Steer Indicator,2026-05-01,436.22638064516127,AUD c/kg lwt,月度,MLA Statistics API / Steiner/NLRS,AUS,MLA Statistics API report/7 Global Cattle Prices；按国家和指标月均，来源含NLRS和Steiner Consulting。
au,牛,MLA全球牛价AUS National Heavy Steer Indicator,2026-06-01,455.8622966666666,AUD c/kg lwt,月度,MLA Statistics API / Steiner/NLRS,AUS,MLA Statistics API report/7 Global Cattle Prices；按国家和指标月均，来源含NLRS和Steiner Consulting。
au,牛,MLA全球牛价AUS National Heavy Steer Indicator,2026-07-01,445.0043806451613,AUD c/kg lwt,月度,MLA Statistics API / Steiner/NLRS,AUS,MLA Statistics API report/7 Global Cattle Prices；按国家和指标月均，来源含NLRS和Steiner Consulting。
au,牛,MLA出口Beef And Veal至Canada East Coast重量,2024-12-01,1984035.7831,kg,月度,MLA Statistics API / DAFF,Canada East Coast,MLA Statistics API report/1 Australian Red Meat Exports；按目的地和肉类分组月度汇总，字段为weight_amt。
au,牛,MLA出口Beef And Veal至Canada East Coast重量,2025-01-01,1159367.097,kg,月度,MLA Statistics API / DAFF,Canada East Coast,MLA Statistics API report/1 Australian Red Meat Exports；按目的地和肉类分组月度汇总，字段为weight_amt。
au,牛,MLA出口Beef And Veal至Canada East Coast重量,2025-02-01,2641517.694,kg,月度,MLA Statistics API / DAFF,Canada East Coast,MLA Statistics API report/1 Australian Red Meat Exports；按目的地和肉类分组月度汇总，字段为weight_amt。
au,牛,MLA出口Beef And Veal至Canada East Coast重量,2025-03-01,2292118.4809,kg,月度,MLA Statistics API / DAFF,Canada East Coast,MLA Statistics API report/1 Australian Red Meat Exports；按目的地和肉类分组月度汇总，字段为weight_amt。
au,牛,MLA出口Beef And Veal至Canada East Coast重量,2025-04-01,2774802.7016,kg,月度,MLA Statistics API / DAFF,Canada East Coast,MLA Statistics API report/1 Australian Red Meat Exports；按目的地和肉类分组月度汇总，字段为weight_amt。
au,牛,MLA出口Beef And Veal至Canada East Coast重量,2025-05-01,4319622.1921,kg,月度,MLA Statistics API / DAFF,Canada East Coast,MLA Statistics API report/1 Australian Red Meat Exports；按目的地和肉类分组月度汇总，字段为weight_amt。
au,牛,MLA出口Beef And Veal至Canada East Coast重量,2025-06-01,3376105.8893,kg,月度,MLA Statistics API / DAFF,Canada East Coast,MLA Statistics API report/1 Australian Red Meat Exports；按目的地和肉类分组月度汇总，字段为weight_amt。
au,牛,MLA出口Beef And Veal至Canada East Coast重量,2025-07-01,3810013.8797,kg,月度,MLA Statistics API / DAFF,Canada East Coast,MLA Statistics API report/1 Australian Red Meat Exports；按目的地和肉类分组月度汇总，字段为weight_amt。
au,牛,MLA出口Beef And Veal至Canada East Coast重量,2025-08-01,4892116.0832,kg,月度,MLA Statistics API / DAFF,Canada East Coast,MLA Statistics API report/1 Australian Red Meat Exports；按目的地和肉类分组月度汇总，字段为weight_amt。
au,牛,MLA出口Beef And Veal至Canada East Coast重量,2025-09-01,4958161.0967,kg,月度,MLA Statistics API / DAFF,Canada East Coast,MLA Statistics API report/1 Australian Red Meat Exports；按目的地和肉类分组月度汇总，字段为weight_amt。
au,牛,MLA出口Beef And Veal至Canada East Coast重量,2025-10-01,5290133.2912,kg,月度,MLA Statistics API / DAFF,Canada East Coast,MLA Statistics API report/1 Australian Red Meat Exports；按目的地和肉类分组月度汇总，字段为weight_amt。
au,牛,MLA出口Beef And Veal至Canada East Coast重量,2025-11-01,4013437.6944,kg,月度,MLA Statistics API / DAFF,Canada East Coast,MLA Statistics API report/1 Australian Red Meat Exports；按目的地和肉类分组月度汇总，字段为weight_amt。
au,牛,MLA出口Beef And Veal至Canada East Coast重量,2025-12-01,5293426.8636,kg,月度,MLA Statistics API / DAFF,Canada East Coast,MLA Statistics API report/1 Australian Red Meat Exports；按目的地和肉类分组月度汇总，字段为weight_amt。
au,牛,MLA出口Beef And Veal至Canada East Coast重量,2026-01-01,1760803.4898,kg,月度,MLA Statistics API / DAFF,Canada East Coast,MLA Statistics API report/1 Australian Red Meat Exports；按目的地和肉类分组月度汇总，字段为weight_amt。
au,牛,MLA出口Beef And Veal至Canada East Coast重量,2026-02-01,3658483.6687,kg,月度,MLA Statistics API / DAFF,Canada East Coast,MLA Statistics API report/1 Australian Red Meat Exports；按目的地和肉类分组月度汇总，字段为weight_amt。
au,牛,MLA出口Beef And Veal至Canada East Coast重量,2026-03-01,3955135.2871,kg,月度,MLA Statistics API / DAFF,Canada East Coast,MLA Statistics API report/1 Australian Red Meat Exports；按目的地和肉类分组月度汇总，字段为weight_amt。
au,牛,MLA出口Beef And Veal至Canada East Coast重量,2026-04-01,3698850.7917,kg,月度,MLA Statistics API / DAFF,Canada East Coast,MLA Statistics API report/1 Australian Red Meat Exports；按目的地和肉类分组月度汇总，字段为weight_amt。
au,牛,MLA出口Beef And Veal至Canada East Coast重量,2026-05-01,3446775.4873,kg,月度,MLA Statistics API / DAFF,Canada East Coast,MLA Statistics API report/1 Australian Red Meat Exports；按目的地和肉类分组月度汇总，字段为weight_amt。
au,牛,MLA出口Beef And Veal至Canada East Coast重量,2026-06-01,3923480.9893,kg,月度,MLA Statistics API / DAFF,Canada East Coast,MLA Statistics API report/1 Australian Red Meat Exports；按目的地和肉类分组月度汇总，字段为weight_amt。
au,牛,MLA出口Beef And Veal至Canada West Coast重量,2024-12-01,122196.2975,kg,月度,MLA Statistics API / DAFF,Canada West Coast,MLA Statistics API report/1 Australian Red Meat Exports；按目的地和肉类分组月度汇总，字段为weight_amt。
au,牛,MLA出口Beef And Veal至Canada West Coast重量,2025-01-01,140235.4986,kg,月度,MLA Statistics API / DAFF,Canada West Coast,MLA Statistics API report/1 Australian Red Meat Exports；按目的地和肉类分组月度汇总，字段为weight_amt。
au,牛,MLA出口Beef And Veal至Canada West Coast重量,2025-02-01,307232.7966,kg,月度,MLA Statistics API / DAFF,Canada West Coast,MLA Statistics API report/1 Australian Red Meat Exports；按目的地和肉类分组月度汇总，字段为weight_amt。
au,牛,MLA出口Beef And Veal至Canada West Coast重量,2025-03-01,561457.0011,kg,月度,MLA Statistics API / DAFF,Canada West Coast,MLA Statistics API report/1 Australian Red Meat Exports；按目的地和肉类分组月度汇总，字段为weight_amt。
au,牛,MLA出口Beef And Veal至Canada West Coast重量,2025-04-01,546834.7992,kg,月度,MLA Statistics API / DAFF,Canada West Coast,MLA Statistics API report/1 Australian Red Meat Exports；按目的地和肉类分组月度汇总，字段为weight_amt。
au,牛,MLA出口Beef And Veal至Canada West Coast重量,2025-05-01,721746.8999,kg,月度,MLA Statistics API / DAFF,Canada West Coast,MLA Statistics API report/1 Australian Red Meat Exports；按目的地和肉类分组月度汇总，字段为weight_amt。
au,牛,MLA出口Beef And Veal至Canada West Coast重量,2025-06-01,869570.7989,kg,月度,MLA Statistics API / DAFF,Canada West Coast,MLA Statistics API report/1 Australian Red Meat Exports；按目的地和肉类分组月度汇总，字段为weight_amt。
au,牛,MLA出口Beef And Veal至Canada West Coast重量,2025-07-01,863762.903,kg,月度,MLA Statistics API / DAFF,Canada West Coast,MLA Statistics API report/1 Australian Red Meat Exports；按目的地和肉类分组月度汇总，字段为weight_amt。
au,牛,MLA出口Beef And Veal至Canada West Coast重量,2025-08-01,1108931.9999,kg,月度,MLA Statistics API / DAFF,Canada West Coast,MLA Statistics API report/1 Australian Red Meat Exports；按目的地和肉类分组月度汇总，字段为weight_amt。
au,牛,MLA出口Beef And Veal至Canada West Coast重量,2025-09-01,786914.0994,kg,月度,MLA Statistics API / DAFF,Canada West Coast,MLA Statistics API report/1 Australian Red Meat Exports；按目的地和肉类分组月度汇总，字段为weight_amt。
au,牛,MLA出口Beef And Veal至Canada West Coast重量,2025-10-01,886030.6007,kg,月度,MLA Statistics API / DAFF,Canada West Coast,MLA Statistics API report/1 Australian Red Meat Exports；按目的地和肉类分组月度汇总，字段为weight_amt。
au,牛,MLA出口Beef And Veal至Canada West Coast重量,2025-11-01,831862.9014,kg,月度,MLA Statistics API / DAFF,Canada West Coast,MLA Statistics API report/1 Australian Red Meat Exports；按目的地和肉类分组月度汇总，字段为weight_amt。
au,牛,MLA出口Beef And Veal至Canada West Coast重量,2025-12-01,350851.8006,kg,月度,MLA Statistics API / DAFF,Canada West Coast,MLA Statistics API report/1 Australian Red Meat Exports；按目的地和肉类分组月度汇总，字段为weight_amt。
au,牛,MLA出口Beef And Veal至Canada West Coast重量,2026-01-01,238879.4997,kg,月度,MLA Statistics API / DAFF,Canada West Coast,MLA Statistics API report/1 Australian Red Meat Exports；按目的地和肉类分组月度汇总，字段为weight_amt。
au,牛,MLA出口Beef And Veal至Canada West Coast重量,2026-02-01,820041.0991,kg,月度,MLA Statistics API / DAFF,Canada West Coast,MLA Statistics API report/1 Australian Red Meat Exports；按目的地和肉类分组月度汇总，字段为weight_amt。
au,牛,MLA出口Beef And Veal至Canada West Coast重量,2026-03-01,511112.299,kg,月度,MLA Statistics API / DAFF,Canada West Coast,MLA Statistics API report/1 Australian Red Meat Exports；按目的地和肉类分组月度汇总，字段为weight_amt。
au,牛,MLA出口Beef And Veal至Canada West Coast重量,2026-04-01,1044547.4979,kg,月度,MLA Statistics API / DAFF,Canada West Coast,MLA Statistics API report/1 Australian Red Meat Exports；按目的地和肉类分组月度汇总，字段为weight_amt。
au,牛,MLA出口Beef And Veal至Canada West Coast重量,2026-05-01,739754.6017,kg,月度,MLA Statistics API / DAFF,Canada West Coast,MLA Statistics API report/1 Australian Red Meat Exports；按目的地和肉类分组月度汇总，字段为weight_amt。
au,牛,MLA出口Beef And Veal至Canada West Coast重量,2026-06-01,787255.8959,kg,月度,MLA Statistics API / DAFF,Canada West Coast,MLA Statistics API report/1 Australian Red Meat Exports；按目的地和肉类分组月度汇总，字段为weight_amt。
au,牛,MLA出口Beef And Veal至China重量,2024-12-01,23860636.724,kg,月度,MLA Statistics API / DAFF,China,MLA Statistics API report/1 Australian Red Meat Exports；按目的地和肉类分组月度汇总，字段为weight_amt。
au,牛,MLA出口Beef And Veal至China重量,2025-01-01,14908451.6137,kg,月度,MLA Statistics API / DAFF,China,MLA Statistics API report/1 Australian Red Meat Exports；按目的地和肉类分组月度汇总，字段为weight_amt。
au,牛,MLA出口Beef And Veal至China重量,2025-02-01,21372685.7164,kg,月度,MLA Statistics API / DAFF,China,MLA Statistics API report/1 Australian Red Meat Exports；按目的地和肉类分组月度汇总，字段为weight_amt。
au,牛,MLA出口Beef And Veal至China重量,2025-03-01,20262877.0139,kg,月度,MLA Statistics API / DAFF,China,MLA Statistics API report/1 Australian Red Meat Exports；按目的地和肉类分组月度汇总，字段为weight_amt。
au,牛,MLA出口Beef And Veal至China重量,2025-04-01,21572488.1273,kg,月度,MLA Statistics API / DAFF,China,MLA Statistics API report/1 Australian Red Meat Exports；按目的地和肉类分组月度汇总，字段为weight_amt。
au,牛,MLA出口Beef And Veal至China重量,2025-05-01,23877235.4029,kg,月度,MLA Statistics API / DAFF,China,MLA Statistics API report/1 Australian Red Meat Exports；按目的地和肉类分组月度汇总，字段为weight_amt。
au,牛,MLA出口Beef And Veal至China重量,2025-06-01,27265505.9054,kg,月度,MLA Statistics API / DAFF,China,MLA Statistics API report/1 Australian Red Meat Exports；按目的地和肉类分组月度汇总，字段为weight_amt。
au,牛,MLA出口Beef And Veal至China重量,2025-07-01,30925046.8076,kg,月度,MLA Statistics API / DAFF,China,MLA Statistics API report/1 Australian Red Meat Exports；按目的地和肉类分组月度汇总，字段为weight_amt。
au,牛,MLA出口Beef And Veal至China重量,2025-08-01,22323176.897,kg,月度,MLA Statistics API / DAFF,China,MLA Statistics API report/1 Australian Red Meat Exports；按目的地和肉类分组月度汇总，字段为weight_amt。
au,牛,MLA出口Beef And Veal至China重量,2025-09-01,20741633.0017,kg,月度,MLA Statistics API / DAFF,China,MLA Statistics API report/1 Australian Red Meat Exports；按目的地和肉类分组月度汇总，字段为weight_amt。
au,牛,MLA出口Beef And Veal至China重量,2025-10-01,20258490.1998,kg,月度,MLA Statistics API / DAFF,China,MLA Statistics API report/1 Australian Red Meat Exports；按目的地和肉类分组月度汇总，字段为weight_amt。
au,牛,MLA出口Beef And Veal至China重量,2025-11-01,19554309.2141,kg,月度,MLA Statistics API / DAFF,China,MLA Statistics API report/1 Australian Red Meat Exports；按目的地和肉类分组月度汇总，字段为weight_amt。
au,牛,MLA出口Beef And Veal至China重量,2025-12-01,29878132.101,kg,月度,MLA Statistics API / DAFF,China,MLA Statistics API report/1 Australian Red Meat Exports；按目的地和肉类分组月度汇总，字段为weight_amt。
au,牛,MLA出口Beef And Veal至China重量,2026-01-01,16636558.9,kg,月度,MLA Statistics API / DAFF,China,MLA Statistics API report/1 Australian Red Meat Exports；按目的地和肉类分组月度汇总，字段为weight_amt。
au,牛,MLA出口Beef And Veal至China重量,2026-02-01,27018290.0028,kg,月度,MLA Statistics API / DAFF,China,MLA Statistics API report/1 Australian Red Meat Exports；按目的地和肉类分组月度汇总，字段为weight_amt。
au,牛,MLA出口Beef And Veal至China重量,2026-03-01,32907183.399,kg,月度,MLA Statistics API / DAFF,China,MLA Statistics API report/1 Australian Red Meat Exports；按目的地和肉类分组月度汇总，字段为weight_amt。
au,牛,MLA出口Beef And Veal至China重量,2026-04-01,29583266.1117,kg,月度,MLA Statistics API / DAFF,China,MLA Statistics API report/1 Australian Red Meat Exports；按目的地和肉类分组月度汇总，字段为weight_amt。
au,牛,MLA出口Beef And Veal至China重量,2026-05-01,27187223.5189,kg,月度,MLA Statistics API / DAFF,China,MLA Statistics API report/1 Australian Red Meat Exports；按目的地和肉类分组月度汇总，字段为weight_amt。
au,牛,MLA出口Beef And Veal至China重量,2026-06-01,7814043.792,kg,月度,MLA Statistics API / DAFF,China,MLA Statistics API report/1 Australian Red Meat Exports；按目的地和肉类分组月度汇总，字段为weight_amt。
au,牛,MLA出口Beef And Veal至Japan重量,2024-12-01,18082521.0005,kg,月度,MLA Statistics API / DAFF,Japan,MLA Statistics API report/1 Australian Red Meat Exports；按目的地和肉类分组月度汇总，字段为weight_amt。
au,牛,MLA出口Beef And Veal至Japan重量,2025-01-01,15806490.8011,kg,月度,MLA Statistics API / DAFF,Japan,MLA Statistics API report/1 Australian Red Meat Exports；按目的地和肉类分组月度汇总，字段为weight_amt。
au,牛,MLA出口Beef And Veal至Japan重量,2025-02-01,20115328.4217,kg,月度,MLA Statistics API / DAFF,Japan,MLA Statistics API report/1 Australian Red Meat Exports；按目的地和肉类分组月度汇总，字段为weight_amt。
au,牛,MLA出口Beef And Veal至Japan重量,2025-03-01,18717759.5249,kg,月度,MLA Statistics API / DAFF,Japan,MLA Statistics API report/1 Australian Red Meat Exports；按目的地和肉类分组月度汇总，字段为weight_amt。
au,牛,MLA出口Beef And Veal至Japan重量,2025-04-01,21444511.544,kg,月度,MLA Statistics API / DAFF,Japan,MLA Statistics API report/1 Australian Red Meat Exports；按目的地和肉类分组月度汇总，字段为weight_amt。
au,牛,MLA出口Beef And Veal至Japan重量,2025-05-01,19803013.8409,kg,月度,MLA Statistics API / DAFF,Japan,MLA Statistics API report/1 Australian Red Meat Exports；按目的地和肉类分组月度汇总，字段为weight_amt。
au,牛,MLA出口Beef And Veal至Japan重量,2025-06-01,21876438.8394,kg,月度,MLA Statistics API / DAFF,Japan,MLA Statistics API report/1 Australian Red Meat Exports；按目的地和肉类分组月度汇总，字段为weight_amt。
au,牛,MLA出口Beef And Veal至Japan重量,2025-07-01,23055832.2209,kg,月度,MLA Statistics API / DAFF,Japan,MLA Statistics API report/1 Australian Red Meat Exports；按目的地和肉类分组月度汇总，字段为weight_amt。
au,牛,MLA出口Beef And Veal至Japan重量,2025-08-01,19407844.9184,kg,月度,MLA Statistics API / DAFF,Japan,MLA Statistics API report/1 Australian Red Meat Exports；按目的地和肉类分组月度汇总，字段为weight_amt。
au,牛,MLA出口Beef And Veal至Japan重量,2025-09-01,22759260.3582,kg,月度,MLA Statistics API / DAFF,Japan,MLA Statistics API report/1 Australian Red Meat Exports；按目的地和肉类分组月度汇总，字段为weight_amt。
au,牛,MLA出口Beef And Veal至Japan重量,2025-10-01,26882713.3616,kg,月度,MLA Statistics API / DAFF,Japan,MLA Statistics API report/1 Australian Red Meat Exports；按目的地和肉类分组月度汇总，字段为weight_amt。
au,牛,MLA出口Beef And Veal至Japan重量,2025-11-01,24877371.6582,kg,月度,MLA Statistics API / DAFF,Japan,MLA Statistics API report/1 Australian Red Meat Exports；按目的地和肉类分组月度汇总，字段为weight_amt。
au,牛,MLA出口Beef And Veal至Japan重量,2025-12-01,22632403.7452,kg,月度,MLA Statistics API / DAFF,Japan,MLA Statistics API report/1 Australian Red Meat Exports；按目的地和肉类分组月度汇总，字段为weight_amt。
au,牛,MLA出口Beef And Veal至Japan重量,2026-01-01,14563316.9081,kg,月度,MLA Statistics API / DAFF,Japan,MLA Statistics API report/1 Australian Red Meat Exports；按目的地和肉类分组月度汇总，字段为weight_amt。
au,牛,MLA出口Beef And Veal至Japan重量,2026-02-01,20026554.4405,kg,月度,MLA Statistics API / DAFF,Japan,MLA Statistics API report/1 Australian Red Meat Exports；按目的地和肉类分组月度汇总，字段为weight_amt。
au,牛,MLA出口Beef And Veal至Japan重量,2026-03-01,23861454.251,kg,月度,MLA Statistics API / DAFF,Japan,MLA Statistics API report/1 Australian Red Meat Exports；按目的地和肉类分组月度汇总，字段为weight_amt。
au,牛,MLA出口Beef And Veal至Japan重量,2026-04-01,20504180.0436,kg,月度,MLA Statistics API / DAFF,Japan,MLA Statistics API report/1 Australian Red Meat Exports；按目的地和肉类分组月度汇总，字段为weight_amt。
au,牛,MLA出口Beef And Veal至Japan重量,2026-05-01,21159692.4388,kg,月度,MLA Statistics API / DAFF,Japan,MLA Statistics API report/1 Australian Red Meat Exports；按目的地和肉类分组月度汇总，字段为weight_amt。
au,牛,MLA出口Beef And Veal至Japan重量,2026-06-01,24012375.4131,kg,月度,MLA Statistics API / DAFF,Japan,MLA Statistics API report/1 Australian Red Meat Exports；按目的地和肉类分组月度汇总，字段为weight_amt。
au,牛,MLA出口Beef And Veal至Malaysia重量,2024-12-01,1058871.5997,kg,月度,MLA Statistics API / DAFF,Malaysia,MLA Statistics API report/1 Australian Red Meat Exports；按目的地和肉类分组月度汇总，字段为weight_amt。
au,牛,MLA出口Beef And Veal至Malaysia重量,2025-01-01,889864.9007,kg,月度,MLA Statistics API / DAFF,Malaysia,MLA Statistics API report/1 Australian Red Meat Exports；按目的地和肉类分组月度汇总，字段为weight_amt。
au,牛,MLA出口Beef And Veal至Malaysia重量,2025-02-01,690165.3003,kg,月度,MLA Statistics API / DAFF,Malaysia,MLA Statistics API report/1 Australian Red Meat Exports；按目的地和肉类分组月度汇总，字段为weight_amt。
au,牛,MLA出口Beef And Veal至Malaysia重量,2025-03-01,811900.6016,kg,月度,MLA Statistics API / DAFF,Malaysia,MLA Statistics API report/1 Australian Red Meat Exports；按目的地和肉类分组月度汇总，字段为weight_amt。
au,牛,MLA出口Beef And Veal至Malaysia重量,2025-04-01,661940.2028,kg,月度,MLA Statistics API / DAFF,Malaysia,MLA Statistics API report/1 Australian Red Meat Exports；按目的地和肉类分组月度汇总，字段为weight_amt。
au,牛,MLA出口Beef And Veal至Malaysia重量,2025-05-01,754037.1995,kg,月度,MLA Statistics API / DAFF,Malaysia,MLA Statistics API report/1 Australian Red Meat Exports；按目的地和肉类分组月度汇总，字段为weight_amt。
au,牛,MLA出口Beef And Veal至Malaysia重量,2025-06-01,1136065.4005,kg,月度,MLA Statistics API / DAFF,Malaysia,MLA Statistics API report/1 Australian Red Meat Exports；按目的地和肉类分组月度汇总，字段为weight_amt。
au,牛,MLA出口Beef And Veal至Malaysia重量,2025-07-01,879102.3984,kg,月度,MLA Statistics API / DAFF,Malaysia,MLA Statistics API report/1 Australian Red Meat Exports；按目的地和肉类分组月度汇总，字段为weight_amt。
au,牛,MLA出口Beef And Veal至Malaysia重量,2025-08-01,1326720.0018,kg,月度,MLA Statistics API / DAFF,Malaysia,MLA Statistics API report/1 Australian Red Meat Exports；按目的地和肉类分组月度汇总，字段为weight_amt。
au,牛,MLA出口Beef And Veal至Malaysia重量,2025-09-01,941229.1025,kg,月度,MLA Statistics API / DAFF,Malaysia,MLA Statistics API report/1 Australian Red Meat Exports；按目的地和肉类分组月度汇总，字段为weight_amt。
au,牛,MLA出口Beef And Veal至Malaysia重量,2025-10-01,879490.6973,kg,月度,MLA Statistics API / DAFF,Malaysia,MLA Statistics API report/1 Australian Red Meat Exports；按目的地和肉类分组月度汇总，字段为weight_amt。
au,牛,MLA出口Beef And Veal至Malaysia重量,2025-11-01,865273.002,kg,月度,MLA Statistics API / DAFF,Malaysia,MLA Statistics API report/1 Australian Red Meat Exports；按目的地和肉类分组月度汇总，字段为weight_amt。
au,牛,MLA出口Beef And Veal至Malaysia重量,2025-12-01,1040273.3007,kg,月度,MLA Statistics API / DAFF,Malaysia,MLA Statistics API report/1 Australian Red Meat Exports；按目的地和肉类分组月度汇总，字段为weight_amt。
au,牛,MLA出口Beef And Veal至Malaysia重量,2026-01-01,674187.7998,kg,月度,MLA Statistics API / DAFF,Malaysia,MLA Statistics API report/1 Australian Red Meat Exports；按目的地和肉类分组月度汇总，字段为weight_amt。
au,牛,MLA出口Beef And Veal至Malaysia重量,2026-02-01,895991.8013,kg,月度,MLA Statistics API / DAFF,Malaysia,MLA Statistics API report/1 Australian Red Meat Exports；按目的地和肉类分组月度汇总，字段为weight_amt。
au,牛,MLA出口Beef And Veal至Malaysia重量,2026-03-01,1077818.499,kg,月度,MLA Statistics API / DAFF,Malaysia,MLA Statistics API report/1 Australian Red Meat Exports；按目的地和肉类分组月度汇总，字段为weight_amt。
au,牛,MLA出口Beef And Veal至Malaysia重量,2026-04-01,711822.8965,kg,月度,MLA Statistics API / DAFF,Malaysia,MLA Statistics API report/1 Australian Red Meat Exports；按目的地和肉类分组月度汇总，字段为weight_amt。
au,牛,MLA出口Beef And Veal至Malaysia重量,2026-05-01,840485.6022,kg,月度,MLA Statistics API / DAFF,Malaysia,MLA Statistics API report/1 Australian Red Meat Exports；按目的地和肉类分组月度汇总，字段为weight_amt。
au,牛,MLA出口Beef And Veal至Malaysia重量,2026-06-01,1172765.4998,kg,月度,MLA Statistics API / DAFF,Malaysia,MLA Statistics API report/1 Australian Red Meat Exports；按目的地和肉类分组月度汇总，字段为weight_amt。
au,牛,MLA出口Beef And Veal至Philippines重量,2024-12-01,2630840.594,kg,月度,MLA Statistics API / DAFF,Philippines,MLA Statistics API report/1 Australian Red Meat Exports；按目的地和肉类分组月度汇总，字段为weight_amt。
au,牛,MLA出口Beef And Veal至Philippines重量,2025-01-01,2354115.606,kg,月度,MLA Statistics API / DAFF,Philippines,MLA Statistics API report/1 Australian Red Meat Exports；按目的地和肉类分组月度汇总，字段为weight_amt。
au,牛,MLA出口Beef And Veal至Philippines重量,2025-02-01,1870578.606,kg,月度,MLA Statistics API / DAFF,Philippines,MLA Statistics API report/1 Australian Red Meat Exports；按目的地和肉类分组月度汇总，字段为weight_amt。
au,牛,MLA出口Beef And Veal至Philippines重量,2025-03-01,2998912.8105,kg,月度,MLA Statistics API / DAFF,Philippines,MLA Statistics API report/1 Australian Red Meat Exports；按目的地和肉类分组月度汇总，字段为weight_amt。
au,牛,MLA出口Beef And Veal至Philippines重量,2025-04-01,2858782.8158,kg,月度,MLA Statistics API / DAFF,Philippines,MLA Statistics API report/1 Australian Red Meat Exports；按目的地和肉类分组月度汇总，字段为weight_amt。
au,牛,MLA出口Beef And Veal至Philippines重量,2025-05-01,3122527.7196,kg,月度,MLA Statistics API / DAFF,Philippines,MLA Statistics API report/1 Australian Red Meat Exports；按目的地和肉类分组月度汇总，字段为weight_amt。
au,牛,MLA出口Beef And Veal至Philippines重量,2025-06-01,3195830.5172,kg,月度,MLA Statistics API / DAFF,Philippines,MLA Statistics API report/1 Australian Red Meat Exports；按目的地和肉类分组月度汇总，字段为weight_amt。
au,牛,MLA出口Beef And Veal至Philippines重量,2025-07-01,2348191.1074,kg,月度,MLA Statistics API / DAFF,Philippines,MLA Statistics API report/1 Australian Red Meat Exports；按目的地和肉类分组月度汇总，字段为weight_amt。
au,牛,MLA出口Beef And Veal至Philippines重量,2025-08-01,1844606.9017,kg,月度,MLA Statistics API / DAFF,Philippines,MLA Statistics API report/1 Australian Red Meat Exports；按目的地和肉类分组月度汇总，字段为weight_amt。
au,牛,MLA出口Beef And Veal至Philippines重量,2025-09-01,2250294.403,kg,月度,MLA Statistics API / DAFF,Philippines,MLA Statistics API report/1 Australian Red Meat Exports；按目的地和肉类分组月度汇总，字段为weight_amt。
au,牛,MLA出口Beef And Veal至Philippines重量,2025-10-01,2277466.1136,kg,月度,MLA Statistics API / DAFF,Philippines,MLA Statistics API report/1 Australian Red Meat Exports；按目的地和肉类分组月度汇总，字段为weight_amt。
au,牛,MLA出口Beef And Veal至Philippines重量,2025-11-01,1528982.6059,kg,月度,MLA Statistics API / DAFF,Philippines,MLA Statistics API report/1 Australian Red Meat Exports；按目的地和肉类分组月度汇总，字段为weight_amt。
au,牛,MLA出口Beef And Veal至Philippines重量,2025-12-01,1889985.2053,kg,月度,MLA Statistics API / DAFF,Philippines,MLA Statistics API report/1 Australian Red Meat Exports；按目的地和肉类分组月度汇总，字段为weight_amt。
au,牛,MLA出口Beef And Veal至Philippines重量,2026-01-01,2158392.6031,kg,月度,MLA Statistics API / DAFF,Philippines,MLA Statistics API report/1 Australian Red Meat Exports；按目的地和肉类分组月度汇总，字段为weight_amt。
au,牛,MLA出口Beef And Veal至Philippines重量,2026-02-01,3280749.3208,kg,月度,MLA Statistics API / DAFF,Philippines,MLA Statistics API report/1 Australian Red Meat Exports；按目的地和肉类分组月度汇总，字段为weight_amt。
au,牛,MLA出口Beef And Veal至Philippines重量,2026-03-01,2451087.3165,kg,月度,MLA Statistics API / DAFF,Philippines,MLA Statistics API report/1 Australian Red Meat Exports；按目的地和肉类分组月度汇总，字段为weight_amt。
au,牛,MLA出口Beef And Veal至Philippines重量,2026-04-01,2792664.2182,kg,月度,MLA Statistics API / DAFF,Philippines,MLA Statistics API report/1 Australian Red Meat Exports；按目的地和肉类分组月度汇总，字段为weight_amt。
au,牛,MLA出口Beef And Veal至Philippines重量,2026-05-01,2140428.8002,kg,月度,MLA Statistics API / DAFF,Philippines,MLA Statistics API report/1 Australian Red Meat Exports；按目的地和肉类分组月度汇总，字段为weight_amt。
au,牛,MLA出口Beef And Veal至Philippines重量,2026-06-01,3397951.2192,kg,月度,MLA Statistics API / DAFF,Philippines,MLA Statistics API report/1 Australian Red Meat Exports；按目的地和肉类分组月度汇总，字段为weight_amt。
au,牛,MLA出口Beef And Veal至Saudi Arabia重量,2024-12-01,1059789.8992,kg,月度,MLA Statistics API / DAFF,Saudi Arabia,MLA Statistics API report/1 Australian Red Meat Exports；按目的地和肉类分组月度汇总，字段为weight_amt。
au,牛,MLA出口Beef And Veal至Saudi Arabia重量,2025-01-01,651925.0953,kg,月度,MLA Statistics API / DAFF,Saudi Arabia,MLA Statistics API report/1 Australian Red Meat Exports；按目的地和肉类分组月度汇总，字段为weight_amt。
au,牛,MLA出口Beef And Veal至Saudi Arabia重量,2025-02-01,833859.2004,kg,月度,MLA Statistics API / DAFF,Saudi Arabia,MLA Statistics API report/1 Australian Red Meat Exports；按目的地和肉类分组月度汇总，字段为weight_amt。
au,牛,MLA出口Beef And Veal至Saudi Arabia重量,2025-03-01,1043655.9976,kg,月度,MLA Statistics API / DAFF,Saudi Arabia,MLA Statistics API report/1 Australian Red Meat Exports；按目的地和肉类分组月度汇总，字段为weight_amt。
au,牛,MLA出口Beef And Veal至Saudi Arabia重量,2025-04-01,1200513.8976,kg,月度,MLA Statistics API / DAFF,Saudi Arabia,MLA Statistics API report/1 Australian Red Meat Exports；按目的地和肉类分组月度汇总，字段为weight_amt。
au,牛,MLA出口Beef And Veal至Saudi Arabia重量,2025-05-01,1509311.0983,kg,月度,MLA Statistics API / DAFF,Saudi Arabia,MLA Statistics API report/1 Australian Red Meat Exports；按目的地和肉类分组月度汇总，字段为weight_amt。
au,牛,MLA出口Beef And Veal至Saudi Arabia重量,2025-06-01,1356485.1952,kg,月度,MLA Statistics API / DAFF,Saudi Arabia,MLA Statistics API report/1 Australian Red Meat Exports；按目的地和肉类分组月度汇总，字段为weight_amt。
au,牛,MLA出口Beef And Veal至Saudi Arabia重量,2025-07-01,1478185.4971,kg,月度,MLA Statistics API / DAFF,Saudi Arabia,MLA Statistics API report/1 Australian Red Meat Exports；按目的地和肉类分组月度汇总，字段为weight_amt。
au,牛,MLA出口Beef And Veal至Saudi Arabia重量,2025-08-01,1318643.4973,kg,月度,MLA Statistics API / DAFF,Saudi Arabia,MLA Statistics API report/1 Australian Red Meat Exports；按目的地和肉类分组月度汇总，字段为weight_amt。
au,牛,MLA出口Beef And Veal至Saudi Arabia重量,2025-09-01,1984799.1032,kg,月度,MLA Statistics API / DAFF,Saudi Arabia,MLA Statistics API report/1 Australian Red Meat Exports；按目的地和肉类分组月度汇总，字段为weight_amt。
au,牛,MLA出口Beef And Veal至Saudi Arabia重量,2025-10-01,1757499.8036,kg,月度,MLA Statistics API / DAFF,Saudi Arabia,MLA Statistics API report/1 Australian Red Meat Exports；按目的地和肉类分组月度汇总，字段为weight_amt。
au,牛,MLA出口Beef And Veal至Saudi Arabia重量,2025-11-01,1396617.9993,kg,月度,MLA Statistics API / DAFF,Saudi Arabia,MLA Statistics API report/1 Australian Red Meat Exports；按目的地和肉类分组月度汇总，字段为weight_amt。
au,牛,MLA出口Beef And Veal至Saudi Arabia重量,2025-12-01,1111809.398,kg,月度,MLA Statistics API / DAFF,Saudi Arabia,MLA Statistics API report/1 Australian Red Meat Exports；按目的地和肉类分组月度汇总，字段为weight_amt。
au,牛,MLA出口Beef And Veal至Saudi Arabia重量,2026-01-01,699193.2998,kg,月度,MLA Statistics API / DAFF,Saudi Arabia,MLA Statistics API report/1 Australian Red Meat Exports；按目的地和肉类分组月度汇总，字段为weight_amt。
au,牛,MLA出口Beef And Veal至Saudi Arabia重量,2026-02-01,1062215.4997,kg,月度,MLA Statistics API / DAFF,Saudi Arabia,MLA Statistics API report/1 Australian Red Meat Exports；按目的地和肉类分组月度汇总，字段为weight_amt。
au,牛,MLA出口Beef And Veal至Saudi Arabia重量,2026-03-01,846581.7014,kg,月度,MLA Statistics API / DAFF,Saudi Arabia,MLA Statistics API report/1 Australian Red Meat Exports；按目的地和肉类分组月度汇总，字段为weight_amt。
au,牛,MLA出口Beef And Veal至Saudi Arabia重量,2026-04-01,1925750.1953,kg,月度,MLA Statistics API / DAFF,Saudi Arabia,MLA Statistics API report/1 Australian Red Meat Exports；按目的地和肉类分组月度汇总，字段为weight_amt。
au,牛,MLA出口Beef And Veal至Saudi Arabia重量,2026-05-01,1442535.2978,kg,月度,MLA Statistics API / DAFF,Saudi Arabia,MLA Statistics API report/1 Australian Red Meat Exports；按目的地和肉类分组月度汇总，字段为weight_amt。
au,牛,MLA出口Beef And Veal至Saudi Arabia重量,2026-06-01,2338525.6074,kg,月度,MLA Statistics API / DAFF,Saudi Arabia,MLA Statistics API report/1 Australian Red Meat Exports；按目的地和肉类分组月度汇总，字段为weight_amt。
au,牛,MLA出口Beef And Veal至South Korea重量,2024-12-01,18496416.3828,kg,月度,MLA Statistics API / DAFF,South Korea,MLA Statistics API report/1 Australian Red Meat Exports；按目的地和肉类分组月度汇总，字段为weight_amt。
au,牛,MLA出口Beef And Veal至South Korea重量,2025-01-01,10596391.303,kg,月度,MLA Statistics API / DAFF,South Korea,MLA Statistics API report/1 Australian Red Meat Exports；按目的地和肉类分组月度汇总，字段为weight_amt。
au,牛,MLA出口Beef And Veal至South Korea重量,2025-02-01,17778534.5759,kg,月度,MLA Statistics API / DAFF,South Korea,MLA Statistics API report/1 Australian Red Meat Exports；按目的地和肉类分组月度汇总，字段为weight_amt。
au,牛,MLA出口Beef And Veal至South Korea重量,2025-03-01,16324208.8907,kg,月度,MLA Statistics API / DAFF,South Korea,MLA Statistics API report/1 Australian Red Meat Exports；按目的地和肉类分组月度汇总，字段为weight_amt。
au,牛,MLA出口Beef And Veal至South Korea重量,2025-04-01,20076247.0122,kg,月度,MLA Statistics API / DAFF,South Korea,MLA Statistics API report/1 Australian Red Meat Exports；按目的地和肉类分组月度汇总，字段为weight_amt。
au,牛,MLA出口Beef And Veal至South Korea重量,2025-05-01,17408722.4641,kg,月度,MLA Statistics API / DAFF,South Korea,MLA Statistics API report/1 Australian Red Meat Exports；按目的地和肉类分组月度汇总，字段为weight_amt。
au,牛,MLA出口Beef And Veal至South Korea重量,2025-06-01,19343109.9951,kg,月度,MLA Statistics API / DAFF,South Korea,MLA Statistics API report/1 Australian Red Meat Exports；按目的地和肉类分组月度汇总，字段为weight_amt。
au,牛,MLA出口Beef And Veal至South Korea重量,2025-07-01,20869477.2778,kg,月度,MLA Statistics API / DAFF,South Korea,MLA Statistics API report/1 Australian Red Meat Exports；按目的地和肉类分组月度汇总，字段为weight_amt。
au,牛,MLA出口Beef And Veal至South Korea重量,2025-08-01,21494686.4822,kg,月度,MLA Statistics API / DAFF,South Korea,MLA Statistics API report/1 Australian Red Meat Exports；按目的地和肉类分组月度汇总，字段为weight_amt。
au,牛,MLA出口Beef And Veal至South Korea重量,2025-09-01,21246930.0799,kg,月度,MLA Statistics API / DAFF,South Korea,MLA Statistics API report/1 Australian Red Meat Exports；按目的地和肉类分组月度汇总，字段为weight_amt。
au,牛,MLA出口Beef And Veal至South Korea重量,2025-10-01,17674885.7854,kg,月度,MLA Statistics API / DAFF,South Korea,MLA Statistics API report/1 Australian Red Meat Exports；按目的地和肉类分组月度汇总，字段为weight_amt。
au,牛,MLA出口Beef And Veal至South Korea重量,2025-11-01,17399462.5991,kg,月度,MLA Statistics API / DAFF,South Korea,MLA Statistics API report/1 Australian Red Meat Exports；按目的地和肉类分组月度汇总，字段为weight_amt。
au,牛,MLA出口Beef And Veal至South Korea重量,2025-12-01,21137794.2968,kg,月度,MLA Statistics API / DAFF,South Korea,MLA Statistics API report/1 Australian Red Meat Exports；按目的地和肉类分组月度汇总，字段为weight_amt。
au,牛,MLA出口Beef And Veal至South Korea重量,2026-01-01,13100214.9088,kg,月度,MLA Statistics API / DAFF,South Korea,MLA Statistics API report/1 Australian Red Meat Exports；按目的地和肉类分组月度汇总，字段为weight_amt。
au,牛,MLA出口Beef And Veal至South Korea重量,2026-02-01,18509783.7984,kg,月度,MLA Statistics API / DAFF,South Korea,MLA Statistics API report/1 Australian Red Meat Exports；按目的地和肉类分组月度汇总，字段为weight_amt。
au,牛,MLA出口Beef And Veal至South Korea重量,2026-03-01,25543261.7861,kg,月度,MLA Statistics API / DAFF,South Korea,MLA Statistics API report/1 Australian Red Meat Exports；按目的地和肉类分组月度汇总，字段为weight_amt。
au,牛,MLA出口Beef And Veal至South Korea重量,2026-04-01,22364939.2811,kg,月度,MLA Statistics API / DAFF,South Korea,MLA Statistics API report/1 Australian Red Meat Exports；按目的地和肉类分组月度汇总，字段为weight_amt。
au,牛,MLA出口Beef And Veal至South Korea重量,2026-05-01,29886295.3492,kg,月度,MLA Statistics API / DAFF,South Korea,MLA Statistics API report/1 Australian Red Meat Exports；按目的地和肉类分组月度汇总，字段为weight_amt。
au,牛,MLA出口Beef And Veal至South Korea重量,2026-06-01,32599553.7765,kg,月度,MLA Statistics API / DAFF,South Korea,MLA Statistics API report/1 Australian Red Meat Exports；按目的地和肉类分组月度汇总，字段为weight_amt。
au,牛,MLA出口Beef And Veal至Taiwan重量,2024-12-01,3242816.2044,kg,月度,MLA Statistics API / DAFF,Taiwan,MLA Statistics API report/1 Australian Red Meat Exports；按目的地和肉类分组月度汇总，字段为weight_amt。
au,牛,MLA出口Beef And Veal至Taiwan重量,2025-01-01,1724981.4035,kg,月度,MLA Statistics API / DAFF,Taiwan,MLA Statistics API report/1 Australian Red Meat Exports；按目的地和肉类分组月度汇总，字段为weight_amt。
au,牛,MLA出口Beef And Veal至Taiwan重量,2025-02-01,2770082.3079,kg,月度,MLA Statistics API / DAFF,Taiwan,MLA Statistics API report/1 Australian Red Meat Exports；按目的地和肉类分组月度汇总，字段为weight_amt。
au,牛,MLA出口Beef And Veal至Taiwan重量,2025-03-01,2658033.1011,kg,月度,MLA Statistics API / DAFF,Taiwan,MLA Statistics API report/1 Australian Red Meat Exports；按目的地和肉类分组月度汇总，字段为weight_amt。
au,牛,MLA出口Beef And Veal至Taiwan重量,2025-04-01,2522638.8069,kg,月度,MLA Statistics API / DAFF,Taiwan,MLA Statistics API report/1 Australian Red Meat Exports；按目的地和肉类分组月度汇总，字段为weight_amt。
au,牛,MLA出口Beef And Veal至Taiwan重量,2025-05-01,3064848.9021,kg,月度,MLA Statistics API / DAFF,Taiwan,MLA Statistics API report/1 Australian Red Meat Exports；按目的地和肉类分组月度汇总，字段为weight_amt。
au,牛,MLA出口Beef And Veal至Taiwan重量,2025-06-01,2966816.5036,kg,月度,MLA Statistics API / DAFF,Taiwan,MLA Statistics API report/1 Australian Red Meat Exports；按目的地和肉类分组月度汇总，字段为weight_amt。
au,牛,MLA出口Beef And Veal至Taiwan重量,2025-07-01,3763101.9854,kg,月度,MLA Statistics API / DAFF,Taiwan,MLA Statistics API report/1 Australian Red Meat Exports；按目的地和肉类分组月度汇总，字段为weight_amt。
au,牛,MLA出口Beef And Veal至Taiwan重量,2025-08-01,2648643.297,kg,月度,MLA Statistics API / DAFF,Taiwan,MLA Statistics API report/1 Australian Red Meat Exports；按目的地和肉类分组月度汇总，字段为weight_amt。
au,牛,MLA出口Beef And Veal至Taiwan重量,2025-09-01,2700937.8965,kg,月度,MLA Statistics API / DAFF,Taiwan,MLA Statistics API report/1 Australian Red Meat Exports；按目的地和肉类分组月度汇总，字段为weight_amt。
au,牛,MLA出口Beef And Veal至Taiwan重量,2025-10-01,3023897.9937,kg,月度,MLA Statistics API / DAFF,Taiwan,MLA Statistics API report/1 Australian Red Meat Exports；按目的地和肉类分组月度汇总，字段为weight_amt。
au,牛,MLA出口Beef And Veal至Taiwan重量,2025-11-01,2401073.297,kg,月度,MLA Statistics API / DAFF,Taiwan,MLA Statistics API report/1 Australian Red Meat Exports；按目的地和肉类分组月度汇总，字段为weight_amt。
au,牛,MLA出口Beef And Veal至Taiwan重量,2025-12-01,2650247.7961,kg,月度,MLA Statistics API / DAFF,Taiwan,MLA Statistics API report/1 Australian Red Meat Exports；按目的地和肉类分组月度汇总，字段为weight_amt。
au,牛,MLA出口Beef And Veal至Taiwan重量,2026-01-01,1541021.4986,kg,月度,MLA Statistics API / DAFF,Taiwan,MLA Statistics API report/1 Australian Red Meat Exports；按目的地和肉类分组月度汇总，字段为weight_amt。
au,牛,MLA出口Beef And Veal至Taiwan重量,2026-02-01,2750942.003,kg,月度,MLA Statistics API / DAFF,Taiwan,MLA Statistics API report/1 Australian Red Meat Exports；按目的地和肉类分组月度汇总，字段为weight_amt。
au,牛,MLA出口Beef And Veal至Taiwan重量,2026-03-01,1785870.0004,kg,月度,MLA Statistics API / DAFF,Taiwan,MLA Statistics API report/1 Australian Red Meat Exports；按目的地和肉类分组月度汇总，字段为weight_amt。
au,牛,MLA出口Beef And Veal至Taiwan重量,2026-04-01,2136154.4021,kg,月度,MLA Statistics API / DAFF,Taiwan,MLA Statistics API report/1 Australian Red Meat Exports；按目的地和肉类分组月度汇总，字段为weight_amt。
au,牛,MLA出口Beef And Veal至Taiwan重量,2026-05-01,2579923.4066,kg,月度,MLA Statistics API / DAFF,Taiwan,MLA Statistics API report/1 Australian Red Meat Exports；按目的地和肉类分组月度汇总，字段为weight_amt。
au,牛,MLA出口Beef And Veal至Taiwan重量,2026-06-01,3385309.9065,kg,月度,MLA Statistics API / DAFF,Taiwan,MLA Statistics API report/1 Australian Red Meat Exports；按目的地和肉类分组月度汇总，字段为weight_amt。
au,牛,MLA出口Beef And Veal至Usa East Coast重量,2024-12-01,28982898.0358,kg,月度,MLA Statistics API / DAFF,Usa East Coast,MLA Statistics API report/1 Australian Red Meat Exports；按目的地和肉类分组月度汇总，字段为weight_amt。
au,牛,MLA出口Beef And Veal至Usa East Coast重量,2025-01-01,17573460.5589,kg,月度,MLA Statistics API / DAFF,Usa East Coast,MLA Statistics API report/1 Australian Red Meat Exports；按目的地和肉类分组月度汇总，字段为weight_amt。
au,牛,MLA出口Beef And Veal至Usa East Coast重量,2025-02-01,26408468.0305,kg,月度,MLA Statistics API / DAFF,Usa East Coast,MLA Statistics API report/1 Australian Red Meat Exports；按目的地和肉类分组月度汇总，字段为weight_amt。
au,牛,MLA出口Beef And Veal至Usa East Coast重量,2025-03-01,25597912.4433,kg,月度,MLA Statistics API / DAFF,Usa East Coast,MLA Statistics API report/1 Australian Red Meat Exports；按目的地和肉类分组月度汇总，字段为weight_amt。
au,牛,MLA出口Beef And Veal至Usa East Coast重量,2025-04-01,30103143.6921,kg,月度,MLA Statistics API / DAFF,Usa East Coast,MLA Statistics API report/1 Australian Red Meat Exports；按目的地和肉类分组月度汇总，字段为weight_amt。
au,牛,MLA出口Beef And Veal至Usa East Coast重量,2025-05-01,31798307.7594,kg,月度,MLA Statistics API / DAFF,Usa East Coast,MLA Statistics API report/1 Australian Red Meat Exports；按目的地和肉类分组月度汇总，字段为weight_amt。
au,牛,MLA出口Beef And Veal至Usa East Coast重量,2025-06-01,28589584.1461,kg,月度,MLA Statistics API / DAFF,Usa East Coast,MLA Statistics API report/1 Australian Red Meat Exports；按目的地和肉类分组月度汇总，字段为weight_amt。
au,牛,MLA出口Beef And Veal至Usa East Coast重量,2025-07-01,35244688.3454,kg,月度,MLA Statistics API / DAFF,Usa East Coast,MLA Statistics API report/1 Australian Red Meat Exports；按目的地和肉类分组月度汇总，字段为weight_amt。
au,牛,MLA出口Beef And Veal至Usa East Coast重量,2025-08-01,33776342.2266,kg,月度,MLA Statistics API / DAFF,Usa East Coast,MLA Statistics API report/1 Australian Red Meat Exports；按目的地和肉类分组月度汇总，字段为weight_amt。
au,牛,MLA出口Beef And Veal至Usa East Coast重量,2025-09-01,34272727.7312,kg,月度,MLA Statistics API / DAFF,Usa East Coast,MLA Statistics API report/1 Australian Red Meat Exports；按目的地和肉类分组月度汇总，字段为weight_amt。
au,牛,MLA出口Beef And Veal至Usa East Coast重量,2025-10-01,32518001.8129,kg,月度,MLA Statistics API / DAFF,Usa East Coast,MLA Statistics API report/1 Australian Red Meat Exports；按目的地和肉类分组月度汇总，字段为weight_amt。
au,牛,MLA出口Beef And Veal至Usa East Coast重量,2025-11-01,33002982.6137,kg,月度,MLA Statistics API / DAFF,Usa East Coast,MLA Statistics API report/1 Australian Red Meat Exports；按目的地和肉类分组月度汇总，字段为weight_amt。
au,牛,MLA出口Beef And Veal至Usa East Coast重量,2025-12-01,35920145.3894,kg,月度,MLA Statistics API / DAFF,Usa East Coast,MLA Statistics API report/1 Australian Red Meat Exports；按目的地和肉类分组月度汇总，字段为weight_amt。
au,牛,MLA出口Beef And Veal至Usa East Coast重量,2026-01-01,19860443.4611,kg,月度,MLA Statistics API / DAFF,Usa East Coast,MLA Statistics API report/1 Australian Red Meat Exports；按目的地和肉类分组月度汇总，字段为weight_amt。
au,牛,MLA出口Beef And Veal至Usa East Coast重量,2026-02-01,33329617.3755,kg,月度,MLA Statistics API / DAFF,Usa East Coast,MLA Statistics API report/1 Australian Red Meat Exports；按目的地和肉类分组月度汇总，字段为weight_amt。
au,牛,MLA出口Beef And Veal至Usa East Coast重量,2026-03-01,34143356.9926,kg,月度,MLA Statistics API / DAFF,Usa East Coast,MLA Statistics API report/1 Australian Red Meat Exports；按目的地和肉类分组月度汇总，字段为weight_amt。
au,牛,MLA出口Beef And Veal至Usa East Coast重量,2026-04-01,32880993.0575,kg,月度,MLA Statistics API / DAFF,Usa East Coast,MLA Statistics API report/1 Australian Red Meat Exports；按目的地和肉类分组月度汇总，字段为weight_amt。
au,牛,MLA出口Beef And Veal至Usa East Coast重量,2026-05-01,37594308.929,kg,月度,MLA Statistics API / DAFF,Usa East Coast,MLA Statistics API report/1 Australian Red Meat Exports；按目的地和肉类分组月度汇总，字段为weight_amt。
au,牛,MLA出口Beef And Veal至Usa East Coast重量,2026-06-01,39090965.023,kg,月度,MLA Statistics API / DAFF,Usa East Coast,MLA Statistics API report/1 Australian Red Meat Exports；按目的地和肉类分组月度汇总，字段为weight_amt。
au,牛,MLA出口Beef And Veal至Usa West Coast重量,2024-12-01,13120803.3729,kg,月度,MLA Statistics API / DAFF,Usa West Coast,MLA Statistics API report/1 Australian Red Meat Exports；按目的地和肉类分组月度汇总，字段为weight_amt。
au,牛,MLA出口Beef And Veal至Usa West Coast重量,2025-01-01,7111922.9876,kg,月度,MLA Statistics API / DAFF,Usa West Coast,MLA Statistics API report/1 Australian Red Meat Exports；按目的地和肉类分组月度汇总，字段为weight_amt。
au,牛,MLA出口Beef And Veal至Usa West Coast重量,2025-02-01,8683869.2675,kg,月度,MLA Statistics API / DAFF,Usa West Coast,MLA Statistics API report/1 Australian Red Meat Exports；按目的地和肉类分组月度汇总，字段为weight_amt。
au,牛,MLA出口Beef And Veal至Usa West Coast重量,2025-03-01,6684292.8942,kg,月度,MLA Statistics API / DAFF,Usa West Coast,MLA Statistics API report/1 Australian Red Meat Exports；按目的地和肉类分组月度汇总，字段为weight_amt。
au,牛,MLA出口Beef And Veal至Usa West Coast重量,2025-04-01,7109980.1057,kg,月度,MLA Statistics API / DAFF,Usa West Coast,MLA Statistics API report/1 Australian Red Meat Exports；按目的地和肉类分组月度汇总，字段为weight_amt。
au,牛,MLA出口Beef And Veal至Usa West Coast重量,2025-05-01,6500514.9865,kg,月度,MLA Statistics API / DAFF,Usa West Coast,MLA Statistics API report/1 Australian Red Meat Exports；按目的地和肉类分组月度汇总，字段为weight_amt。
au,牛,MLA出口Beef And Veal至Usa West Coast重量,2025-06-01,6640521.9038,kg,月度,MLA Statistics API / DAFF,Usa West Coast,MLA Statistics API report/1 Australian Red Meat Exports；按目的地和肉类分组月度汇总，字段为weight_amt。
au,牛,MLA出口Beef And Veal至Usa West Coast重量,2025-07-01,7793219.1064,kg,月度,MLA Statistics API / DAFF,Usa West Coast,MLA Statistics API report/1 Australian Red Meat Exports；按目的地和肉类分组月度汇总，字段为weight_amt。
au,牛,MLA出口Beef And Veal至Usa West Coast重量,2025-08-01,6966432.5877,kg,月度,MLA Statistics API / DAFF,Usa West Coast,MLA Statistics API report/1 Australian Red Meat Exports；按目的地和肉类分组月度汇总，字段为weight_amt。
au,牛,MLA出口Beef And Veal至Usa West Coast重量,2025-09-01,7494036.6938,kg,月度,MLA Statistics API / DAFF,Usa West Coast,MLA Statistics API report/1 Australian Red Meat Exports；按目的地和肉类分组月度汇总，字段为weight_amt。
au,牛,MLA出口Beef And Veal至Usa West Coast重量,2025-10-01,9017867.6871,kg,月度,MLA Statistics API / DAFF,Usa West Coast,MLA Statistics API report/1 Australian Red Meat Exports；按目的地和肉类分组月度汇总，字段为weight_amt。
au,牛,MLA出口Beef And Veal至Usa West Coast重量,2025-11-01,8669471.2828,kg,月度,MLA Statistics API / DAFF,Usa West Coast,MLA Statistics API report/1 Australian Red Meat Exports；按目的地和肉类分组月度汇总，字段为weight_amt。
au,牛,MLA出口Beef And Veal至Usa West Coast重量,2025-12-01,5304852.3894,kg,月度,MLA Statistics API / DAFF,Usa West Coast,MLA Statistics API report/1 Australian Red Meat Exports；按目的地和肉类分组月度汇总，字段为weight_amt。
au,牛,MLA出口Beef And Veal至Usa West Coast重量,2026-01-01,3886053.0007,kg,月度,MLA Statistics API / DAFF,Usa West Coast,MLA Statistics API report/1 Australian Red Meat Exports；按目的地和肉类分组月度汇总，字段为weight_amt。
au,牛,MLA出口Beef And Veal至Usa West Coast重量,2026-02-01,6614415.1939,kg,月度,MLA Statistics API / DAFF,Usa West Coast,MLA Statistics API report/1 Australian Red Meat Exports；按目的地和肉类分组月度汇总，字段为weight_amt。
au,牛,MLA出口Beef And Veal至Usa West Coast重量,2026-03-01,7882312.4867,kg,月度,MLA Statistics API / DAFF,Usa West Coast,MLA Statistics API report/1 Australian Red Meat Exports；按目的地和肉类分组月度汇总，字段为weight_amt。
au,牛,MLA出口Beef And Veal至Usa West Coast重量,2026-04-01,8117721.7911,kg,月度,MLA Statistics API / DAFF,Usa West Coast,MLA Statistics API report/1 Australian Red Meat Exports；按目的地和肉类分组月度汇总，字段为weight_amt。
au,牛,MLA出口Beef And Veal至Usa West Coast重量,2026-05-01,9352420.5705,kg,月度,MLA Statistics API / DAFF,Usa West Coast,MLA Statistics API report/1 Australian Red Meat Exports；按目的地和肉类分组月度汇总，字段为weight_amt。
au,牛,MLA出口Beef And Veal至Usa West Coast重量,2026-06-01,10091326.4415,kg,月度,MLA Statistics API / DAFF,Usa West Coast,MLA Statistics API report/1 Australian Red Meat Exports；按目的地和肉类分组月度汇总，字段为weight_amt。
au,牛,MLA零售肉价 Beef,2000-03-31,1046.7555,AUD c/kg,季度,MLA PowerBI / ABS Retail Meat Prices,澳洲零售,MLA Statistics Australian Retail Meat Prices PowerBI导出；字段为Average Value，按ABS季度零售肉价展示。
au,牛,MLA零售肉价 Beef,2000-06-30,1073.0404,AUD c/kg,季度,MLA PowerBI / ABS Retail Meat Prices,澳洲零售,MLA Statistics Australian Retail Meat Prices PowerBI导出；字段为Average Value，按ABS季度零售肉价展示。
au,牛,MLA零售肉价 Beef,2000-09-30,1056.0325,AUD c/kg,季度,MLA PowerBI / ABS Retail Meat Prices,澳洲零售,MLA Statistics Australian Retail Meat Prices PowerBI导出；字段为Average Value，按ABS季度零售肉价展示。
au,牛,MLA零售肉价 Beef,2000-12-31,1063.7634,AUD c/kg,季度,MLA PowerBI / ABS Retail Meat Prices,澳洲零售,MLA Statistics Australian Retail Meat Prices PowerBI导出；字段为Average Value，按ABS季度零售肉价展示。
au,牛,MLA零售肉价 Beef,2001-03-31,1113.2407,AUD c/kg,季度,MLA PowerBI / ABS Retail Meat Prices,澳洲零售,MLA Statistics Australian Retail Meat Prices PowerBI导出；字段为Average Value，按ABS季度零售肉价展示。
au,牛,MLA零售肉价 Beef,2001-06-30,1213.7416,AUD c/kg,季度,MLA PowerBI / ABS Retail Meat Prices,澳洲零售,MLA Statistics Australian Retail Meat Prices PowerBI导出；字段为Average Value，按ABS季度零售肉价展示。
au,牛,MLA零售肉价 Beef,2001-09-30,1252.3958,AUD c/kg,季度,MLA PowerBI / ABS Retail Meat Prices,澳洲零售,MLA Statistics Australian Retail Meat Prices PowerBI导出；字段为Average Value，按ABS季度零售肉价展示。
au,牛,MLA零售肉价 Beef,2001-12-31,1321.9734,AUD c/kg,季度,MLA PowerBI / ABS Retail Meat Prices,澳洲零售,MLA Statistics Australian Retail Meat Prices PowerBI导出；字段为Average Value，按ABS季度零售肉价展示。
au,牛,MLA零售肉价 Beef,2002-03-31,1328.158,AUD c/kg,季度,MLA PowerBI / ABS Retail Meat Prices,澳洲零售,MLA Statistics Australian Retail Meat Prices PowerBI导出；字段为Average Value，按ABS季度零售肉价展示。
au,牛,MLA零售肉价 Beef,2002-06-30,1338.9812,AUD c/kg,季度,MLA PowerBI / ABS Retail Meat Prices,澳洲零售,MLA Statistics Australian Retail Meat Prices PowerBI导出；字段为Average Value，按ABS季度零售肉价展示。
au,牛,MLA零售肉价 Beef,2002-09-30,1297.2347,AUD c/kg,季度,MLA PowerBI / ABS Retail Meat Prices,澳洲零售,MLA Statistics Australian Retail Meat Prices PowerBI导出；字段为Average Value，按ABS季度零售肉价展示。
au,牛,MLA零售肉价 Beef,2002-12-31,1315.7887,AUD c/kg,季度,MLA PowerBI / ABS Retail Meat Prices,澳洲零售,MLA Statistics Australian Retail Meat Prices PowerBI导出；字段为Average Value，按ABS季度零售肉价展示。
au,牛,MLA零售肉价 Beef,2003-03-31,1325.0657,AUD c/kg,季度,MLA PowerBI / ABS Retail Meat Prices,澳洲零售,MLA Statistics Australian Retail Meat Prices PowerBI导出；字段为Average Value，按ABS季度零售肉价展示。
au,牛,MLA零售肉价 Beef,2003-06-30,1360.6275,AUD c/kg,季度,MLA PowerBI / ABS Retail Meat Prices,澳洲零售,MLA Statistics Australian Retail Meat Prices PowerBI导出；字段为Average Value，按ABS季度零售肉价展示。
au,牛,MLA零售肉价 Beef,2003-09-30,1390.0047,AUD c/kg,季度,MLA PowerBI / ABS Retail Meat Prices,澳洲零售,MLA Statistics Australian Retail Meat Prices PowerBI导出；字段为Average Value，按ABS季度零售肉价展示。
au,牛,MLA零售肉价 Beef,2003-12-31,1393.0971,AUD c/kg,季度,MLA PowerBI / ABS Retail Meat Prices,澳洲零售,MLA Statistics Australian Retail Meat Prices PowerBI导出；字段为Average Value，按ABS季度零售肉价展示。
au,牛,MLA零售肉价 Beef,2004-03-31,1396.1894,AUD c/kg,季度,MLA PowerBI / ABS Retail Meat Prices,澳洲零售,MLA Statistics Australian Retail Meat Prices PowerBI导出；字段为Average Value，按ABS季度零售肉价展示。
au,牛,MLA零售肉价 Beef,2004-06-30,1391.5509,AUD c/kg,季度,MLA PowerBI / ABS Retail Meat Prices,澳洲零售,MLA Statistics Australian Retail Meat Prices PowerBI导出；字段为Average Value，按ABS季度零售肉价展示。
au,牛,MLA零售肉价 Beef,2004-09-30,1379.1816,AUD c/kg,季度,MLA PowerBI / ABS Retail Meat Prices,澳洲零售,MLA Statistics Australian Retail Meat Prices PowerBI导出；字段为Average Value，按ABS季度零售肉价展示。
au,牛,MLA零售肉价 Beef,2004-12-31,1430.2051,AUD c/kg,季度,MLA PowerBI / ABS Retail Meat Prices,澳洲零售,MLA Statistics Australian Retail Meat Prices PowerBI导出；字段为Average Value，按ABS季度零售肉价展示。
au,牛,MLA零售肉价 Beef,2005-03-31,1473.4978,AUD c/kg,季度,MLA PowerBI / ABS Retail Meat Prices,澳洲零售,MLA Statistics Australian Retail Meat Prices PowerBI导出；字段为Average Value，按ABS季度零售肉价展示。
au,牛,MLA零售肉价 Beef,2005-06-30,1507.5135,AUD c/kg,季度,MLA PowerBI / ABS Retail Meat Prices,澳洲零售,MLA Statistics Australian Retail Meat Prices PowerBI导出；字段为Average Value，按ABS季度零售肉价展示。
au,牛,MLA零售肉价 Beef,2005-09-30,1504.4211,AUD c/kg,季度,MLA PowerBI / ABS Retail Meat Prices,澳洲零售,MLA Statistics Australian Retail Meat Prices PowerBI导出；字段为Average Value，按ABS季度零售肉价展示。
au,牛,MLA零售肉价 Beef,2005-12-31,1535.3445,AUD c/kg,季度,MLA PowerBI / ABS Retail Meat Prices,澳洲零售,MLA Statistics Australian Retail Meat Prices PowerBI导出；字段为Average Value，按ABS季度零售肉价展示。
au,牛,MLA零售肉价 Beef,2006-03-31,1550.8062,AUD c/kg,季度,MLA PowerBI / ABS Retail Meat Prices,澳洲零售,MLA Statistics Australian Retail Meat Prices PowerBI导出；字段为Average Value，按ABS季度零售肉价展示。
au,牛,MLA零售肉价 Beef,2006-06-30,1564.7217,AUD c/kg,季度,MLA PowerBI / ABS Retail Meat Prices,澳洲零售,MLA Statistics Australian Retail Meat Prices PowerBI导出；字段为Average Value，按ABS季度零售肉价展示。
au,牛,MLA零售肉价 Beef,2006-09-30,1558.537,AUD c/kg,季度,MLA PowerBI / ABS Retail Meat Prices,澳洲零售,MLA Statistics Australian Retail Meat Prices PowerBI导出；字段为Average Value，按ABS季度零售肉价展示。
au,牛,MLA零售肉价 Beef,2006-12-31,1529.1598,AUD c/kg,季度,MLA PowerBI / ABS Retail Meat Prices,澳洲零售,MLA Statistics Australian Retail Meat Prices PowerBI导出；字段为Average Value，按ABS季度零售肉价展示。
au,牛,MLA零售肉价 Beef,2007-03-31,1515.2443,AUD c/kg,季度,MLA PowerBI / ABS Retail Meat Prices,澳洲零售,MLA Statistics Australian Retail Meat Prices PowerBI导出；字段为Average Value，按ABS季度零售肉价展示。
au,牛,MLA零售肉价 Beef,2007-06-30,1544.6215,AUD c/kg,季度,MLA PowerBI / ABS Retail Meat Prices,澳洲零售,MLA Statistics Australian Retail Meat Prices PowerBI导出；字段为Average Value，按ABS季度零售肉价展示。
au,牛,MLA零售肉价 Beef,2007-09-30,1538.4368,AUD c/kg,季度,MLA PowerBI / ABS Retail Meat Prices,澳洲零售,MLA Statistics Australian Retail Meat Prices PowerBI导出；字段为Average Value，按ABS季度零售肉价展示。
au,牛,MLA零售肉价 Beef,2007-12-31,1530.706,AUD c/kg,季度,MLA PowerBI / ABS Retail Meat Prices,澳洲零售,MLA Statistics Australian Retail Meat Prices PowerBI导出；字段为Average Value，按ABS季度零售肉价展示。
au,牛,MLA零售肉价 Beef,2008-03-31,1578.6372,AUD c/kg,季度,MLA PowerBI / ABS Retail Meat Prices,澳洲零售,MLA Statistics Australian Retail Meat Prices PowerBI导出；字段为Average Value，按ABS季度零售肉价展示。
au,牛,MLA零售肉价 Beef,2008-06-30,1569.3602,AUD c/kg,季度,MLA PowerBI / ABS Retail Meat Prices,澳洲零售,MLA Statistics Australian Retail Meat Prices PowerBI导出；字段为Average Value，按ABS季度零售肉价展示。
au,牛,MLA零售肉价 Beef,2008-09-30,1570.9063,AUD c/kg,季度,MLA PowerBI / ABS Retail Meat Prices,澳洲零售,MLA Statistics Australian Retail Meat Prices PowerBI导出；字段为Average Value，按ABS季度零售肉价展示。
au,牛,MLA零售肉价 Beef,2008-12-31,1594.0989,AUD c/kg,季度,MLA PowerBI / ABS Retail Meat Prices,澳洲零售,MLA Statistics Australian Retail Meat Prices PowerBI导出；字段为Average Value，按ABS季度零售肉价展示。
au,牛,MLA零售肉价 Beef,2009-03-31,1626.5684,AUD c/kg,季度,MLA PowerBI / ABS Retail Meat Prices,澳洲零售,MLA Statistics Australian Retail Meat Prices PowerBI导出；字段为Average Value，按ABS季度零售肉价展示。
au,牛,MLA零售肉价 Beef,2009-06-30,1618.8375,AUD c/kg,季度,MLA PowerBI / ABS Retail Meat Prices,澳洲零售,MLA Statistics Australian Retail Meat Prices PowerBI导出；字段为Average Value，按ABS季度零售肉价展示。
au,牛,MLA零售肉价 Beef,2009-09-30,1603.3759,AUD c/kg,季度,MLA PowerBI / ABS Retail Meat Prices,澳洲零售,MLA Statistics Australian Retail Meat Prices PowerBI导出；字段为Average Value，按ABS季度零售肉价展示。
au,牛,MLA零售肉价 Beef,2009-12-31,1603.3759,AUD c/kg,季度,MLA PowerBI / ABS Retail Meat Prices,澳洲零售,MLA Statistics Australian Retail Meat Prices PowerBI导出；字段为Average Value，按ABS季度零售肉价展示。
au,牛,MLA零售肉价 Beef,2010-03-31,1612.6529,AUD c/kg,季度,MLA PowerBI / ABS Retail Meat Prices,澳洲零售,MLA Statistics Australian Retail Meat Prices PowerBI导出；字段为Average Value，按ABS季度零售肉价展示。
au,牛,MLA零售肉价 Beef,2010-06-30,1608.0144,AUD c/kg,季度,MLA PowerBI / ABS Retail Meat Prices,澳洲零售,MLA Statistics Australian Retail Meat Prices PowerBI导出；字段为Average Value，按ABS季度零售肉价展示。
au,牛,MLA零售肉价 Beef,2010-09-30,1623.476,AUD c/kg,季度,MLA PowerBI / ABS Retail Meat Prices,澳洲零售,MLA Statistics Australian Retail Meat Prices PowerBI导出；字段为Average Value，按ABS季度零售肉价展示。
au,牛,MLA零售肉价 Beef,2010-12-31,1563.1755,AUD c/kg,季度,MLA PowerBI / ABS Retail Meat Prices,澳洲零售,MLA Statistics Australian Retail Meat Prices PowerBI导出；字段为Average Value，按ABS季度零售肉价展示。
au,牛,MLA零售肉价 Beef,2011-03-31,1553.8985,AUD c/kg,季度,MLA PowerBI / ABS Retail Meat Prices,澳洲零售,MLA Statistics Australian Retail Meat Prices PowerBI导出；字段为Average Value，按ABS季度零售肉价展示。
au,牛,MLA零售肉价 Beef,2011-06-30,1556.9908,AUD c/kg,季度,MLA PowerBI / ABS Retail Meat Prices,澳洲零售,MLA Statistics Australian Retail Meat Prices PowerBI导出；字段为Average Value，按ABS季度零售肉价展示。
au,牛,MLA零售肉价 Beef,2011-09-30,1538.4368,AUD c/kg,季度,MLA PowerBI / ABS Retail Meat Prices,澳洲零售,MLA Statistics Australian Retail Meat Prices PowerBI导出；字段为Average Value，按ABS季度零售肉价展示。
au,牛,MLA零售肉价 Beef,2011-12-31,1533.7983,AUD c/kg,季度,MLA PowerBI / ABS Retail Meat Prices,澳洲零售,MLA Statistics Australian Retail Meat Prices PowerBI导出；字段为Average Value，按ABS季度零售肉价展示。
au,牛,MLA零售肉价 Beef,2012-03-31,1552.3523,AUD c/kg,季度,MLA PowerBI / ABS Retail Meat Prices,澳洲零售,MLA Statistics Australian Retail Meat Prices PowerBI导出；字段为Average Value，按ABS季度零售肉价展示。
au,牛,MLA零售肉价 Beef,2012-06-30,1558.537,AUD c/kg,季度,MLA PowerBI / ABS Retail Meat Prices,澳洲零售,MLA Statistics Australian Retail Meat Prices PowerBI导出；字段为Average Value，按ABS季度零售肉价展示。
au,牛,MLA零售肉价 Beef,2012-09-30,1564.7217,AUD c/kg,季度,MLA PowerBI / ABS Retail Meat Prices,澳洲零售,MLA Statistics Australian Retail Meat Prices PowerBI导出；字段为Average Value，按ABS季度零售肉价展示。
au,牛,MLA零售肉价 Beef,2012-12-31,1558.537,AUD c/kg,季度,MLA PowerBI / ABS Retail Meat Prices,澳洲零售,MLA Statistics Australian Retail Meat Prices PowerBI导出；字段为Average Value，按ABS季度零售肉价展示。
au,牛,MLA零售肉价 Beef,2013-03-31,1556.9908,AUD c/kg,季度,MLA PowerBI / ABS Retail Meat Prices,澳洲零售,MLA Statistics Australian Retail Meat Prices PowerBI导出；字段为Average Value，按ABS季度零售肉价展示。
au,牛,MLA零售肉价 Beef,2013-06-30,1549.26,AUD c/kg,季度,MLA PowerBI / ABS Retail Meat Prices,澳洲零售,MLA Statistics Australian Retail Meat Prices PowerBI导出；字段为Average Value，按ABS季度零售肉价展示。
au,牛,MLA零售肉价 Beef,2013-09-30,1509.0596,AUD c/kg,季度,MLA PowerBI / ABS Retail Meat Prices,澳洲零售,MLA Statistics Australian Retail Meat Prices PowerBI导出；字段为Average Value，按ABS季度零售肉价展示。
au,牛,MLA零售肉价 Beef,2013-12-31,1513.7386,AUD c/kg,季度,MLA PowerBI / ABS Retail Meat Prices,澳洲零售,MLA Statistics Australian Retail Meat Prices PowerBI导出；字段为Average Value，按ABS季度零售肉价展示。
au,牛,MLA零售肉价 Beef,2014-03-31,1549.2619,AUD c/kg,季度,MLA PowerBI / ABS Retail Meat Prices,澳洲零售,MLA Statistics Australian Retail Meat Prices PowerBI导出；字段为Average Value，按ABS季度零售肉价展示。
au,牛,MLA零售肉价 Beef,2014-06-30,1598.7374,AUD c/kg,季度,MLA PowerBI / ABS Retail Meat Prices,澳洲零售,MLA Statistics Australian Retail Meat Prices PowerBI导出；字段为Average Value，按ABS季度零售肉价展示。
au,牛,MLA零售肉价 Beef,2014-09-30,1632.7531,AUD c/kg,季度,MLA PowerBI / ABS Retail Meat Prices,澳洲零售,MLA Statistics Australian Retail Meat Prices PowerBI导出；字段为Average Value，按ABS季度零售肉价展示。
au,牛,MLA零售肉价 Beef,2014-12-31,1659.0379,AUD c/kg,季度,MLA PowerBI / ABS Retail Meat Prices,澳洲零售,MLA Statistics Australian Retail Meat Prices PowerBI导出；字段为Average Value，按ABS季度零售肉价展示。
au,牛,MLA零售肉价 Beef,2015-03-31,1693.0536,AUD c/kg,季度,MLA PowerBI / ABS Retail Meat Prices,澳洲零售,MLA Statistics Australian Retail Meat Prices PowerBI导出；字段为Average Value，按ABS季度零售肉价展示。
au,牛,MLA零售肉价 Beef,2015-06-30,1727.0298,AUD c/kg,季度,MLA PowerBI / ABS Retail Meat Prices,澳洲零售,MLA Statistics Australian Retail Meat Prices PowerBI导出；字段为Average Value，按ABS季度零售肉价展示。
au,牛,MLA零售肉价 Beef,2015-09-30,1776.5061,AUD c/kg,季度,MLA PowerBI / ABS Retail Meat Prices,澳洲零售,MLA Statistics Australian Retail Meat Prices PowerBI导出；字段为Average Value，按ABS季度零售肉价展示。
au,牛,MLA零售肉价 Beef,2015-12-31,1850.8134,AUD c/kg,季度,MLA PowerBI / ABS Retail Meat Prices,澳洲零售,MLA Statistics Australian Retail Meat Prices PowerBI导出；字段为Average Value，按ABS季度零售肉价展示。
au,牛,MLA零售肉价 Beef,2016-03-31,1915.7542,AUD c/kg,季度,MLA PowerBI / ABS Retail Meat Prices,澳洲零售,MLA Statistics Australian Retail Meat Prices PowerBI导出；字段为Average Value，按ABS季度零售肉价展示。
au,牛,MLA零售肉价 Beef,2016-06-30,1915.7358,AUD c/kg,季度,MLA PowerBI / ABS Retail Meat Prices,澳洲零售,MLA Statistics Australian Retail Meat Prices PowerBI导出；字段为Average Value，按ABS季度零售肉价展示。
au,牛,MLA零售肉价 Beef,2016-09-30,1934.205,AUD c/kg,季度,MLA PowerBI / ABS Retail Meat Prices,澳洲零售,MLA Statistics Australian Retail Meat Prices PowerBI导出；字段为Average Value，按ABS季度零售肉价展示。
au,牛,MLA零售肉价 Beef,2016-12-31,1938.8433,AUD c/kg,季度,MLA PowerBI / ABS Retail Meat Prices,澳洲零售,MLA Statistics Australian Retail Meat Prices PowerBI导出；字段为Average Value，按ABS季度零售肉价展示。
au,牛,MLA零售肉价 Beef,2017-03-31,1920.2898,AUD c/kg,季度,MLA PowerBI / ABS Retail Meat Prices,澳洲零售,MLA Statistics Australian Retail Meat Prices PowerBI导出；字段为Average Value，按ABS季度零售肉价展示。
au,牛,MLA零售肉价 Beef,2017-06-30,1926.4743,AUD c/kg,季度,MLA PowerBI / ABS Retail Meat Prices,澳洲零售,MLA Statistics Australian Retail Meat Prices PowerBI导出；字段为Average Value，按ABS季度零售肉价展示。
au,牛,MLA零售肉价 Beef,2017-09-30,1928.0205,AUD c/kg,季度,MLA PowerBI / ABS Retail Meat Prices,澳洲零售,MLA Statistics Australian Retail Meat Prices PowerBI导出；字段为Average Value，按ABS季度零售肉价展示。
au,牛,MLA零售肉价 Beef,2017-12-31,1932.6588,AUD c/kg,季度,MLA PowerBI / ABS Retail Meat Prices,澳洲零售,MLA Statistics Australian Retail Meat Prices PowerBI导出；字段为Average Value，按ABS季度零售肉价展示。
au,牛,MLA零售肉价 Beef,2018-03-31,1951.2124,AUD c/kg,季度,MLA PowerBI / ABS Retail Meat Prices,澳洲零售,MLA Statistics Australian Retail Meat Prices PowerBI导出；字段为Average Value，按ABS季度零售肉价展示。
au,牛,MLA零售肉价 Beef,2018-06-30,1917.1976,AUD c/kg,季度,MLA PowerBI / ABS Retail Meat Prices,澳洲零售,MLA Statistics Australian Retail Meat Prices PowerBI导出；字段为Average Value，按ABS季度零售肉价展示。
au,牛,MLA零售肉价 Beef,2018-09-30,1931.1,AUD c/kg,季度,MLA PowerBI / ABS Retail Meat Prices,澳洲零售,MLA Statistics Australian Retail Meat Prices PowerBI导出；字段为Average Value，按ABS季度零售肉价展示。
au,牛,MLA零售肉价 Beef,2018-12-31,1968.2068,AUD c/kg,季度,MLA PowerBI / ABS Retail Meat Prices,澳洲零售,MLA Statistics Australian Retail Meat Prices PowerBI导出；字段为Average Value，按ABS季度零售肉价展示。
au,牛,MLA零售肉价 Beef,2019-03-31,2025.4131,AUD c/kg,季度,MLA PowerBI / ABS Retail Meat Prices,澳洲零售,MLA Statistics Australian Retail Meat Prices PowerBI导出；字段为Average Value，按ABS季度零售肉价展示。
au,牛,MLA零售肉价 Beef,2019-06-30,2033.1437,AUD c/kg,季度,MLA PowerBI / ABS Retail Meat Prices,澳洲零售,MLA Statistics Australian Retail Meat Prices PowerBI导出；字段为Average Value，按ABS季度零售肉价展示。
au,牛,MLA零售肉价 Beef,2019-09-30,2068.7044,AUD c/kg,季度,MLA PowerBI / ABS Retail Meat Prices,澳洲零售,MLA Statistics Australian Retail Meat Prices PowerBI导出；字段为Average Value，按ABS季度零售肉价展示。
au,牛,MLA零售肉价 Beef,2019-12-31,2129.003,AUD c/kg,季度,MLA PowerBI / ABS Retail Meat Prices,澳洲零售,MLA Statistics Australian Retail Meat Prices PowerBI导出；字段为Average Value，按ABS季度零售肉价展示。
au,牛,MLA零售肉价 Beef,2020-03-31,2203.2166,AUD c/kg,季度,MLA PowerBI / ABS Retail Meat Prices,澳洲零售,MLA Statistics Australian Retail Meat Prices PowerBI导出；字段为Average Value，按ABS季度零售肉价展示。
au,牛,MLA零售肉价 Beef,2020-06-30,2178.4787,AUD c/kg,季度,MLA PowerBI / ABS Retail Meat Prices,澳洲零售,MLA Statistics Australian Retail Meat Prices PowerBI导出；字段为Average Value，按ABS季度零售肉价展示。
au,牛,MLA零售肉价 Beef,2020-09-30,2235.685,AUD c/kg,季度,MLA PowerBI / ABS Retail Meat Prices,澳洲零售,MLA Statistics Australian Retail Meat Prices PowerBI导出；字段为Average Value，按ABS季度零售肉价展示。
au,牛,MLA零售肉价 Beef,2020-12-31,2302.1681,AUD c/kg,季度,MLA PowerBI / ABS Retail Meat Prices,澳洲零售,MLA Statistics Australian Retail Meat Prices PowerBI导出；字段为Average Value，按ABS季度零售肉价展示。
au,牛,MLA零售肉价 Beef,2021-03-31,2387.2045,AUD c/kg,季度,MLA PowerBI / ABS Retail Meat Prices,澳洲零售,MLA Statistics Australian Retail Meat Prices PowerBI导出；字段为Average Value，按ABS季度零售肉价展示。
au,牛,MLA零售肉价 Beef,2021-06-30,2472.2409,AUD c/kg,季度,MLA PowerBI / ABS Retail Meat Prices,澳洲零售,MLA Statistics Australian Retail Meat Prices PowerBI导出；字段为Average Value，按ABS季度零售肉价展示。
au,牛,MLA零售肉价 Beef,2021-09-30,2479.9715,AUD c/kg,季度,MLA PowerBI / ABS Retail Meat Prices,澳洲零售,MLA Statistics Australian Retail Meat Prices PowerBI导出；字段为Average Value，按ABS季度零售肉价展示。
au,牛,MLA零售肉价 Beef,2021-12-31,2487.7021,AUD c/kg,季度,MLA PowerBI / ABS Retail Meat Prices,澳洲零售,MLA Statistics Australian Retail Meat Prices PowerBI导出；字段为Average Value，按ABS季度零售肉价展示。
au,牛,MLA零售肉价 Beef,2022-03-31,2676.3283,AUD c/kg,季度,MLA PowerBI / ABS Retail Meat Prices,澳洲零售,MLA Statistics Australian Retail Meat Prices PowerBI导出；字段为Average Value，按ABS季度零售肉价展示。
au,牛,MLA零售肉价 Beef,2022-06-30,2705.7046,AUD c/kg,季度,MLA PowerBI / ABS Retail Meat Prices,澳洲零售,MLA Statistics Australian Retail Meat Prices PowerBI导出；字段为Average Value，按ABS季度零售肉价展示。
au,牛,MLA零售肉价 Beef,2022-09-30,2710.3429,AUD c/kg,季度,MLA PowerBI / ABS Retail Meat Prices,澳洲零售,MLA Statistics Australian Retail Meat Prices PowerBI导出；字段为Average Value，按ABS季度零售肉价展示。
au,牛,MLA零售肉价 Beef,2022-12-31,2702.6123,AUD c/kg,季度,MLA PowerBI / ABS Retail Meat Prices,澳洲零售,MLA Statistics Australian Retail Meat Prices PowerBI导出；字段为Average Value，按ABS季度零售肉价展示。
au,牛,MLA零售肉价 Beef,2023-03-31,2696.4279,AUD c/kg,季度,MLA PowerBI / ABS Retail Meat Prices,澳洲零售,MLA Statistics Australian Retail Meat Prices PowerBI导出；字段为Average Value，按ABS季度零售肉价展示。
au,牛,MLA零售肉价 Beef,2023-06-30,2651.5905,AUD c/kg,季度,MLA PowerBI / ABS Retail Meat Prices,澳洲零售,MLA Statistics Australian Retail Meat Prices PowerBI导出；字段为Average Value，按ABS季度零售肉价展示。
au,牛,MLA零售肉价 Beef,2023-09-30,2619.122,AUD c/kg,季度,MLA PowerBI / ABS Retail Meat Prices,澳洲零售,MLA Statistics Australian Retail Meat Prices PowerBI导出；字段为Average Value，按ABS季度零售肉价展示。
au,牛,MLA零售肉价 Beef,2023-12-31,2580.4691,AUD c/kg,季度,MLA PowerBI / ABS Retail Meat Prices,澳洲零售,MLA Statistics Australian Retail Meat Prices PowerBI导出；字段为Average Value，按ABS季度零售肉价展示。
au,牛,MLA零售肉价 Beef,2024-03-31,2540.2701,AUD c/kg,季度,MLA PowerBI / ABS Retail Meat Prices,澳洲零售,MLA Statistics Australian Retail Meat Prices PowerBI导出；字段为Average Value，按ABS季度零售肉价展示。
au,牛,MLA零售肉价 Beef,2024-06-30,2555.7312,AUD c/kg,季度,MLA PowerBI / ABS Retail Meat Prices,澳洲零售,MLA Statistics Australian Retail Meat Prices PowerBI导出；字段为Average Value，按ABS季度零售肉价展示。
au,牛,MLA零售肉价 Beef,2024-09-30,2575.8307,AUD c/kg,季度,MLA PowerBI / ABS Retail Meat Prices,澳洲零售,MLA Statistics Australian Retail Meat Prices PowerBI导出；字段为Average Value，按ABS季度零售肉价展示。
au,牛,MLA零售肉价 Beef,2024-12-31,2595.9303,AUD c/kg,季度,MLA PowerBI / ABS Retail Meat Prices,澳洲零售,MLA Statistics Australian Retail Meat Prices PowerBI导出；字段为Average Value，按ABS季度零售肉价展示。
au,牛,MLA零售肉价 Beef,2025-03-31,2634.5832,AUD c/kg,季度,MLA PowerBI / ABS Retail Meat Prices,澳洲零售,MLA Statistics Australian Retail Meat Prices PowerBI导出；字段为Average Value，按ABS季度零售肉价展示。
au,牛,MLA零售肉价 Beef,2025-06-30,2673.2361,AUD c/kg,季度,MLA PowerBI / ABS Retail Meat Prices,澳洲零售,MLA Statistics Australian Retail Meat Prices PowerBI导出；字段为Average Value，按ABS季度零售肉价展示。
au,牛,MLA零售肉价 Beef,2025-09-30,2733.5347,AUD c/kg,季度,MLA PowerBI / ABS Retail Meat Prices,澳洲零售,MLA Statistics Australian Retail Meat Prices PowerBI导出；字段为Average Value，按ABS季度零售肉价展示。
au,牛,NYCI月均(c/kg lwt),2000-01-01,131.76463014563578,,月度,,澳洲,
au,牛,NYCI月均(c/kg lwt),2000-02-01,133.3538515275348,,月度,,澳洲,
au,牛,NYCI月均(c/kg lwt),2000-03-01,136.78001871346873,,月度,,澳洲,
au,牛,NYCI月均(c/kg lwt),2000-04-01,140.04712675838985,,月度,,澳洲,
au,牛,NYCI月均(c/kg lwt),2000-05-01,140.35978365941128,,月度,,澳洲,
au,牛,NYCI月均(c/kg lwt),2000-06-01,135.60217061405817,,月度,,澳洲,
au,牛,NYCI月均(c/kg lwt),2000-07-01,140.1510873055871,,月度,,澳洲,
au,牛,NYCI月均(c/kg lwt),2000-08-01,143.70136954975285,,月度,,澳洲,
au,牛,NYCI月均(c/kg lwt),2000-09-01,142.77831871551882,,月度,,澳洲,
au,牛,NYCI月均(c/kg lwt),2000-10-01,139.53680901430965,,月度,,澳洲,
au,牛,NYCI月均(c/kg lwt),2000-11-01,147.40731968526654,,月度,,澳洲,
au,牛,NYCI月均(c/kg lwt),2000-12-01,152.76526122557544,,月度,,澳洲,
au,牛,NYCI月均(c/kg lwt),2001-01-01,150.53699779133214,,月度,,澳洲,
au,牛,NYCI月均(c/kg lwt),2001-02-01,155.54181722487803,,月度,,澳洲,
au,牛,NYCI月均(c/kg lwt),2001-03-01,163.3131471725433,,月度,,澳洲,
au,牛,NYCI月均(c/kg lwt),2001-04-01,173.63422054007611,,月度,,澳洲,
au,牛,NYCI月均(c/kg lwt),2001-05-01,169.31768412989808,,月度,,澳洲,
au,牛,NYCI月均(c/kg lwt),2001-06-01,167.50493715509208,,月度,,澳洲,
au,牛,NYCI月均(c/kg lwt),2001-07-01,173.3628195176916,,月度,,澳洲,
au,牛,NYCI月均(c/kg lwt),2001-08-01,186.15033618452347,,月度,,澳洲,
au,牛,NYCI月均(c/kg lwt),2001-09-01,197.74253254380204,,月度,,澳洲,
au,牛,NYCI月均(c/kg lwt),2001-10-01,179.31334162958316,,月度,,澳洲,
au,牛,NYCI月均(c/kg lwt),2001-11-01,190.62675953603363,,月度,,澳洲,
au,牛,NYCI月均(c/kg lwt),2001-12-01,188.2372861011555,,月度,,澳洲,
au,牛,NYCI月均(c/kg lwt),2002-01-01,178.2787735743782,,月度,,澳洲,
au,牛,NYCI月均(c/kg lwt),2002-02-01,172.83768551618618,,月度,,澳洲,
au,牛,NYCI月均(c/kg lwt),2002-03-01,179.10699765308988,,月度,,澳洲,
au,牛,NYCI月均(c/kg lwt),2002-04-01,167.31206364912535,,月度,,澳洲,
au,牛,NYCI月均(c/kg lwt),2002-05-01,150.25288437335425,,月度,,澳洲,
au,牛,NYCI月均(c/kg lwt),2002-06-01,141.5070023981245,,月度,,澳洲,
au,牛,NYCI月均(c/kg lwt),2002-07-01,126.23218887873581,,月度,,澳洲,
au,牛,NYCI月均(c/kg lwt),2002-08-01,124.7827654813148,,月度,,澳洲,
au,牛,NYCI月均(c/kg lwt),2002-09-01,126.53622709662729,,月度,,澳洲,
au,牛,NYCI月均(c/kg lwt),2002-10-01,114.37564505775704,,月度,,澳洲,
au,牛,NYCI月均(c/kg lwt),2002-11-01,115.05533093521605,,月度,,澳洲,
au,牛,NYCI月均(c/kg lwt),2002-12-01,129.0136575450334,,月度,,澳洲,
au,牛,NYCI月均(c/kg lwt),2003-01-01,127.2917856322175,,月度,,澳洲,
au,牛,NYCI月均(c/kg lwt),2003-02-01,132.82712441780316,,月度,,澳洲,
au,牛,NYCI月均(c/kg lwt),2003-03-01,154.63009612476066,,月度,,澳洲,
au,牛,NYCI月均(c/kg lwt),2003-04-01,151.4901092917473,,月度,,澳洲,
au,牛,NYCI月均(c/kg lwt),2003-05-01,150.68518955177913,,月度,,澳洲,
au,牛,NYCI月均(c/kg lwt),2003-06-01,150.73749869000014,,月度,,澳洲,
au,牛,NYCI月均(c/kg lwt),2003-07-01,156.95098835557658,,月度,,澳洲,
au,牛,NYCI月均(c/kg lwt),2003-08-01,168.1453247961284,,月度,,澳洲,
au,牛,NYCI月均(c/kg lwt),2003-09-01,173.16994726829762,,月度,,澳洲,
au,牛,NYCI月均(c/kg lwt),2003-10-01,172.36252994922722,,月度,,澳洲,
au,牛,NYCI月均(c/kg lwt),2003-11-01,167.4281374753817,,月度,,澳洲,
au,牛,NYCI月均(c/kg lwt),2003-12-01,161.94109971525137,,月度,,澳洲,
au,牛,NYCI月均(c/kg lwt),2004-01-01,165.90909808380198,,月度,,澳洲,
au,牛,NYCI月均(c/kg lwt),2004-02-01,167.23818925088273,,月度,,澳洲,
au,牛,NYCI月均(c/kg lwt),2004-03-01,168.22701441162067,,月度,,澳洲,
au,牛,NYCI月均(c/kg lwt),2004-04-01,164.2015336206941,,月度,,澳洲,
au,牛,NYCI月均(c/kg lwt),2004-05-01,166.59164721152513,,月度,,澳洲,
au,牛,NYCI月均(c/kg lwt),2004-06-01,175.00907289162686,,月度,,澳洲,
au,牛,NYCI月均(c/kg lwt),2004-07-01,183.15415603347543,,月度,,澳洲,
au,牛,NYCI月均(c/kg lwt),2004-08-01,191.422846721761,,月度,,澳洲,
au,牛,NYCI月均(c/kg lwt),2004-09-01,190.83848234046155,,月度,,澳洲,
au,牛,NYCI月均(c/kg lwt),2004-10-01,186.9716578325638,,月度,,澳洲,
au,牛,NYCI月均(c/kg lwt),2004-11-01,188.34265992333007,,月度,,澳洲,
au,牛,NYCI月均(c/kg lwt),2004-12-01,185.73918266785824,,月度,,澳洲,
au,牛,NYCI月均(c/kg lwt),2005-01-01,192.39194792129166,,月度,,澳洲,
au,牛,NYCI月均(c/kg lwt),2005-02-01,192.89917633002102,,月度,,澳洲,
au,牛,NYCI月均(c/kg lwt),2005-03-01,195.12937450205655,,月度,,澳洲,
au,牛,NYCI月均(c/kg lwt),2005-04-01,179.86987670844445,,月度,,澳洲,
au,牛,NYCI月均(c/kg lwt),2005-05-01,175.77253762464952,,月度,,澳洲,
au,牛,NYCI月均(c/kg lwt),2005-06-01,175.18464521310767,,月度,,澳洲,
au,牛,NYCI月均(c/kg lwt),2005-07-01,206.74407060632512,,月度,,澳洲,
au,牛,NYCI月均(c/kg lwt),2005-08-01,211.86516993507237,,月度,,澳洲,
au,牛,NYCI月均(c/kg lwt),2005-09-01,207.3279800501423,,月度,,澳洲,
au,牛,NYCI月均(c/kg lwt),2005-10-01,203.23726768596103,,月度,,澳洲,
au,牛,NYCI月均(c/kg lwt),2005-11-01,197.96476019746197,,月度,,澳洲,
au,牛,NYCI月均(c/kg lwt),2005-12-01,185.81641712508565,,月度,,澳洲,
au,牛,NYCI月均(c/kg lwt),2006-01-01,180.43886174074794,,月度,,澳洲,
au,牛,NYCI月均(c/kg lwt),2006-02-01,191.4139917381952,,月度,,澳洲,
au,牛,NYCI月均(c/kg lwt),2006-03-01,193.63877108650198,,月度,,澳洲,
au,牛,NYCI月均(c/kg lwt),2006-04-01,190.99887764317367,,月度,,澳洲,
au,牛,NYCI月均(c/kg lwt),2006-05-01,184.9261985554167,,月度,,澳洲,
au,牛,NYCI月均(c/kg lwt),2006-06-01,180.6194723270482,,月度,,澳洲,
au,牛,NYCI月均(c/kg lwt),2006-07-01,190.22281145365446,,月度,,澳洲,
au,牛,NYCI月均(c/kg lwt),2006-08-01,195.70053291769506,,月度,,澳洲,
au,牛,NYCI月均(c/kg lwt),2006-09-01,175.12869994754928,,月度,,澳洲,
au,牛,NYCI月均(c/kg lwt),2006-10-01,145.15201428537722,,月度,,澳洲,
au,牛,NYCI月均(c/kg lwt),2006-11-01,153.2338062418039,,月度,,澳洲,
au,牛,NYCI月均(c/kg lwt),2006-12-01,143.17065425965774,,月度,,澳洲,
au,牛,NYCI月均(c/kg lwt),2007-01-01,150.03717535655107,,月度,,澳洲,
au,牛,NYCI月均(c/kg lwt),2007-02-01,165.1795313436781,,月度,,澳洲,
au,牛,NYCI月均(c/kg lwt),2007-03-01,178.49843384224414,,月度,,澳洲,
au,牛,NYCI月均(c/kg lwt),2007-04-01,158.7252927566581,,月度,,澳洲,
au,牛,NYCI月均(c/kg lwt),2007-05-01,166.16044621708855,,月度,,澳洲,
au,牛,NYCI月均(c/kg lwt),2007-06-01,174.1893714263414,,月度,,澳洲,
au,牛,NYCI月均(c/kg lwt),2007-07-01,177.53542763959828,,月度,,澳洲,
au,牛,NYCI月均(c/kg lwt),2007-08-01,172.84818805500728,,月度,,澳洲,
au,牛,NYCI月均(c/kg lwt),2007-09-01,163.06246018537996,,月度,,澳洲,
au,牛,NYCI月均(c/kg lwt),2007-10-01,144.45912738938597,,月度,,澳洲,
au,牛,NYCI月均(c/kg lwt),2007-11-01,154.09640175988145,,月度,,澳洲,
au,牛,NYCI月均(c/kg lwt),2007-12-01,161.65539033146496,,月度,,澳洲,
au,牛,NYCI月均(c/kg lwt),2008-01-01,164.71618248754635,,月度,,澳洲,
au,牛,NYCI月均(c/kg lwt),2008-02-01,171.32471333212908,,月度,,澳洲,
au,牛,NYCI月均(c/kg lwt),2008-03-01,167.8994083162878,,月度,,澳洲,
au,牛,NYCI月均(c/kg lwt),2008-04-01,165.27163593400942,,月度,,澳洲,
au,牛,NYCI月均(c/kg lwt),2008-05-01,162.6741142530865,,月度,,澳洲,
au,牛,NYCI月均(c/kg lwt),2008-06-01,165.89525702928796,,月度,,澳洲,
au,牛,NYCI月均(c/kg lwt),2008-07-01,168.16573891612526,,月度,,澳洲,
au,牛,NYCI月均(c/kg lwt),2008-08-01,171.52148002149372,,月度,,澳洲,
au,牛,NYCI月均(c/kg lwt),2008-09-01,176.49767850349505,,月度,,澳洲,
au,牛,NYCI月均(c/kg lwt),2008-10-01,170.7573184884635,,月度,,澳洲,
au,牛,NYCI月均(c/kg lwt),2008-11-01,170.20744319543152,,月度,,澳洲,
au,牛,NYCI月均(c/kg lwt),2008-12-01,172.88166054785418,,月度,,澳洲,
au,牛,NYCI月均(c/kg lwt),2009-01-01,164.94069575189192,,月度,,澳洲,
au,牛,NYCI月均(c/kg lwt),2009-02-01,156.85747682323967,,月度,,澳洲,
au,牛,NYCI月均(c/kg lwt),2009-03-01,167.45454765790373,,月度,,澳洲,
au,牛,NYCI月均(c/kg lwt),2009-04-01,161.65708159295713,,月度,,澳洲,
au,牛,NYCI月均(c/kg lwt),2009-05-01,160.11075284655564,,月度,,澳洲,
au,牛,NYCI月均(c/kg lwt),2009-06-01,169.3673395880571,,月度,,澳洲,
au,牛,NYCI月均(c/kg lwt),2009-07-01,175.18757657921722,,月度,,澳洲,
au,牛,NYCI月均(c/kg lwt),2009-08-01,169.71911417989267,,月度,,澳洲,
au,牛,NYCI月均(c/kg lwt),2009-09-01,165.25574811641752,,月度,,澳洲,
au,牛,NYCI月均(c/kg lwt),2009-10-01,158.63674474662906,,月度,,澳洲,
au,牛,NYCI月均(c/kg lwt),2009-11-01,153.9277100707869,,月度,,澳洲,
au,牛,NYCI月均(c/kg lwt),2009-12-01,139.76971572391992,,月度,,澳洲,
au,牛,NYCI月均(c/kg lwt),2010-01-01,153.3332362740411,,月度,,澳洲,
au,牛,NYCI月均(c/kg lwt),2010-02-01,168.14414393592946,,月度,,澳洲,
au,牛,NYCI月均(c/kg lwt),2010-03-01,182.21907732189194,,月度,,澳洲,
au,牛,NYCI月均(c/kg lwt),2010-04-01,187.0925378552507,,月度,,澳洲,
au,牛,NYCI月均(c/kg lwt),2010-05-01,183.02395922347947,,月度,,澳洲,
au,牛,NYCI月均(c/kg lwt),2010-06-01,184.86350747444928,,月度,,澳洲,
au,牛,NYCI月均(c/kg lwt),2010-07-01,190.20327496772077,,月度,,澳洲,
au,牛,NYCI月均(c/kg lwt),2010-08-01,198.02293768901515,,月度,,澳洲,
au,牛,NYCI月均(c/kg lwt),2010-09-01,197.1470389984157,,月度,,澳洲,
au,牛,NYCI月均(c/kg lwt),2010-10-01,198.8619778922491,,月度,,澳洲,
au,牛,NYCI月均(c/kg lwt),2010-11-01,201.35854074028776,,月度,,澳洲,
au,牛,NYCI月均(c/kg lwt),2010-12-01,205.4984811322267,,月度,,澳洲,
au,牛,NYCI月均(c/kg lwt),2011-01-01,211.75093928453595,,月度,,澳洲,
au,牛,NYCI月均(c/kg lwt),2011-02-01,213.65187557533574,,月度,,澳洲,
au,牛,NYCI月均(c/kg lwt),2011-03-01,227.39912171649547,,月度,,澳洲,
au,牛,NYCI月均(c/kg lwt),2011-04-01,228.41834932549062,,月度,,澳洲,
au,牛,NYCI月均(c/kg lwt),2011-05-01,212.4444921768442,,月度,,澳洲,
au,牛,NYCI月均(c/kg lwt),2011-06-01,202.74946472287758,,月度,,澳洲,
au,牛,NYCI月均(c/kg lwt),2011-07-01,202.05940230190754,,月度,,澳洲,
au,牛,NYCI月均(c/kg lwt),2011-08-01,207.6003985084823,,月度,,澳洲,
au,牛,NYCI月均(c/kg lwt),2011-09-01,219.50997001670723,,月度,,澳洲,
au,牛,NYCI月均(c/kg lwt),2011-10-01,218.90457688951773,,月度,,澳洲,
au,牛,NYCI月均(c/kg lwt),2011-11-01,219.81062759591825,,月度,,澳洲,
au,牛,NYCI月均(c/kg lwt),2011-12-01,218.52215814623256,,月度,,澳洲,
au,牛,NYCI月均(c/kg lwt),2012-01-01,220.60037209471855,,月度,,澳洲,
au,牛,NYCI月均(c/kg lwt),2012-02-01,207.38708665726233,,月度,,澳洲,
au,牛,NYCI月均(c/kg lwt),2012-03-01,214.39978306111888,,月度,,澳洲,
au,牛,NYCI月均(c/kg lwt),2012-04-01,204.7293648776428,,月度,,澳洲,
au,牛,NYCI月均(c/kg lwt),2012-05-01,198.01329933369945,,月度,,澳洲,
au,牛,NYCI月均(c/kg lwt),2012-06-01,199.66590248501421,,月度,,澳洲,
au,牛,NYCI月均(c/kg lwt),2012-07-01,204.70398250918035,,月度,,澳洲,
au,牛,NYCI月均(c/kg lwt),2012-08-01,203.43425909992638,,月度,,澳洲,
au,牛,NYCI月均(c/kg lwt),2012-09-01,189.5882929838711,,月度,,澳洲,
au,牛,NYCI月均(c/kg lwt),2012-10-01,182.3965598271793,,月度,,澳洲,
au,牛,NYCI月均(c/kg lwt),2012-11-01,178.91041133368185,,月度,,澳洲,
au,牛,NYCI月均(c/kg lwt),2012-12-01,172.56056877740457,,月度,,澳洲,
au,牛,NYCI月均(c/kg lwt),2013-01-01,163.15430662048797,,月度,,澳洲,
au,牛,NYCI月均(c/kg lwt),2013-02-01,171.59109862807279,,月度,,澳洲,
au,牛,NYCI月均(c/kg lwt),2013-03-01,172.71645041657246,,月度,,澳洲,
au,牛,NYCI月均(c/kg lwt),2013-04-01,159.00385802971985,,月度,,澳洲,
au,牛,NYCI月均(c/kg lwt),2013-05-01,148.6613907283773,,月度,,澳洲,
au,牛,NYCI月均(c/kg lwt),2013-06-01,161.161581692999,,月度,,澳洲,
au,牛,NYCI月均(c/kg lwt),2013-07-01,163.1645888493196,,月度,,澳洲,
au,牛,NYCI月均(c/kg lwt),2013-08-01,162.49357565054436,,月度,,澳洲,
au,牛,NYCI月均(c/kg lwt),2013-09-01,152.8304740015894,,月度,,澳洲,
au,牛,NYCI月均(c/kg lwt),2013-10-01,148.07056711865474,,月度,,澳洲,
au,牛,NYCI月均(c/kg lwt),2013-11-01,156.33816556378113,,月度,,澳洲,
au,牛,NYCI月均(c/kg lwt),2013-12-01,163.23069597932664,,月度,,澳洲,
au,牛,NYCI月均(c/kg lwt),2014-01-01,156.4694413031972,,月度,,澳洲,
au,牛,NYCI月均(c/kg lwt),2014-02-01,148.0018218505836,,月度,,澳洲,
au,牛,NYCI月均(c/kg lwt),2014-03-01,150.19984171188634,,月度,,澳洲,
au,牛,NYCI月均(c/kg lwt),2014-04-01,178.8493248877539,,月度,,澳洲,
au,牛,NYCI月均(c/kg lwt),2014-05-01,169.93280479444886,,月度,,澳洲,
au,牛,NYCI月均(c/kg lwt),2014-06-01,168.2191720410354,,月度,,澳洲,
au,牛,NYCI月均(c/kg lwt),2014-07-01,166.92113472212182,,月度,,澳洲,
au,牛,NYCI月均(c/kg lwt),2014-08-01,175.70722277645564,,月度,,澳洲,
au,牛,NYCI月均(c/kg lwt),2014-09-01,189.82254528926424,,月度,,澳洲,
au,牛,NYCI月均(c/kg lwt),2014-10-01,185.70557352898274,,月度,,澳洲,
au,牛,NYCI月均(c/kg lwt),2014-11-01,177.06229483797023,,月度,,澳洲,
au,牛,NYCI月均(c/kg lwt),2014-12-01,199.84018817943493,,月度,,澳洲,
au,牛,NYCI月均(c/kg lwt),2015-01-01,228.64863982629112,,月度,,澳洲,
au,牛,NYCI月均(c/kg lwt),2015-02-01,229.94974332367687,,月度,,澳洲,
au,牛,NYCI月均(c/kg lwt),2015-03-01,216.36447921997305,,月度,,澳洲,
au,牛,NYCI月均(c/kg lwt),2015-04-01,224.76927091468372,,月度,,澳洲,
au,牛,NYCI月均(c/kg lwt),2015-05-01,239.32706100826806,,月度,,澳洲,
au,牛,NYCI月均(c/kg lwt),2015-06-01,243.7598754629201,,月度,,澳洲,
au,牛,NYCI月均(c/kg lwt),2015-07-01,271.90960710339795,,月度,,澳洲,
au,牛,NYCI月均(c/kg lwt),2015-08-01,281.860740099083,,月度,,澳洲,
au,牛,NYCI月均(c/kg lwt),2015-09-01,304.7344994249992,,月度,,澳洲,
au,牛,NYCI月均(c/kg lwt),2015-10-01,286.7512664548199,,月度,,澳洲,
au,牛,NYCI月均(c/kg lwt),2015-11-01,319.6225782559044,,月度,,澳洲,
au,牛,NYCI月均(c/kg lwt),2015-12-01,305.24872190705725,,月度,,澳洲,
au,牛,NYCI月均(c/kg lwt),2016-01-01,312.22978959302515,,月度,,澳洲,
au,牛,NYCI月均(c/kg lwt),2016-02-01,323.95019892561675,,月度,,澳洲,
au,牛,NYCI月均(c/kg lwt),2016-03-01,321.7881344064324,,月度,,澳洲,
au,牛,NYCI月均(c/kg lwt),2016-04-01,300.40042741471757,,月度,,澳洲,
au,牛,NYCI月均(c/kg lwt),2016-05-01,303.1202132219924,,月度,,澳洲,
au,牛,NYCI月均(c/kg lwt),2016-06-01,333.0904216295745,,月度,,澳洲,
au,牛,NYCI月均(c/kg lwt),2016-07-01,353.23484589394343,,月度,,澳洲,
au,牛,NYCI月均(c/kg lwt),2016-08-01,380.52048724065986,,月度,,澳洲,
au,牛,NYCI月均(c/kg lwt),2016-09-01,382.8534933558463,,月度,,澳洲,
au,牛,NYCI月均(c/kg lwt),2016-10-01,387.5709879012744,,月度,,澳洲,
au,牛,NYCI月均(c/kg lwt),2016-11-01,364.0162527214341,,月度,,澳洲,
au,牛,NYCI月均(c/kg lwt),2016-12-01,355.49208261567816,,月度,,澳洲,
au,牛,NYCI月均(c/kg lwt),2017-01-01,355.71850583786323,,月度,,澳洲,
au,牛,NYCI月均(c/kg lwt),2017-02-01,350.68006426699003,,月度,,澳洲,
au,牛,NYCI月均(c/kg lwt),2017-03-01,342.91300597892547,,月度,,澳洲,
au,牛,NYCI月均(c/kg lwt),2017-04-01,368.180015881227,,月度,,澳洲,
au,牛,NYCI月均(c/kg lwt),2017-05-01,360.3610366106474,,月度,,澳洲,
au,牛,NYCI月均(c/kg lwt),2017-06-01,354.8988525510409,,月度,,澳洲,
au,牛,NYCI月均(c/kg lwt),2017-07-01,331.83325274229895,,月度,,澳洲,
au,牛,NYCI月均(c/kg lwt),2017-08-01,306.51584501983024,,月度,,澳洲,
au,牛,NYCI月均(c/kg lwt),2017-09-01,293.39190870498436,,月度,,澳洲,
au,牛,NYCI月均(c/kg lwt),2017-10-01,312.4073567385591,,月度,,澳洲,
au,牛,NYCI月均(c/kg lwt),2017-11-01,327.2409175029328,,月度,,澳洲,
au,牛,NYCI月均(c/kg lwt),2017-12-01,316.86225427651107,,月度,,澳洲,
au,牛,NYCI月均(c/kg lwt),2018-01-01,305.7320819109688,,月度,,澳洲,
au,牛,NYCI月均(c/kg lwt),2018-02-01,297.32699823024984,,月度,,澳洲,
au,牛,NYCI月均(c/kg lwt),2018-03-01,308.9679974202118,,月度,,澳洲,
au,牛,NYCI月均(c/kg lwt),2018-04-01,280.2549658331979,,月度,,澳洲,
au,牛,NYCI月均(c/kg lwt),2018-05-01,257.3286816715877,,月度,,澳洲,
au,牛,NYCI月均(c/kg lwt),2018-06-01,249.45628516145715,,月度,,澳洲,
au,牛,NYCI月均(c/kg lwt),2018-07-01,256.86858169079665,,月度,,澳洲,
au,牛,NYCI月均(c/kg lwt),2018-08-01,234.36823733981208,,月度,,澳洲,
au,牛,NYCI月均(c/kg lwt),2018-09-01,249.729358391465,,月度,,澳洲,
au,牛,NYCI月均(c/kg lwt),2018-10-01,268.9873814183057,,月度,,澳洲,
au,牛,NYCI月均(c/kg lwt),2018-11-01,274.11787796763025,,月度,,澳洲,
au,牛,NYCI月均(c/kg lwt),2018-12-01,274.2920306471852,,月度,,澳洲,
au,牛,NYCI月均(c/kg lwt),2019-01-01,257.5642993870468,,月度,,澳洲,
au,牛,NYCI月均(c/kg lwt),2019-02-01,240.5382385069529,,月度,,澳洲,
au,牛,NYCI月均(c/kg lwt),2019-03-01,216.1719840453511,,月度,,澳洲,
au,牛,NYCI月均(c/kg lwt),2019-04-01,242.7231510236581,,月度,,澳洲,
au,牛,NYCI月均(c/kg lwt),2019-05-01,244.36828263786006,,月度,,澳洲,
au,牛,NYCI月均(c/kg lwt),2019-06-01,245.2553870163684,,月度,,澳洲,
au,牛,NYCI月均(c/kg lwt),2019-07-01,260.4423068561426,,月度,,澳洲,
au,牛,NYCI月均(c/kg lwt),2019-08-01,259.989266791685,,月度,,澳洲,
au,牛,NYCI月均(c/kg lwt),2019-09-01,238.41048347816377,,月度,,澳洲,
au,牛,NYCI月均(c/kg lwt),2019-10-01,249.03921174569334,,月度,,澳洲,
au,牛,NYCI月均(c/kg lwt),2019-11-01,264.6672926534223,,月度,,澳洲,
au,牛,NYCI月均(c/kg lwt),2019-12-01,252.2308196584888,,月度,,澳洲,
au,牛,NYCI月均(c/kg lwt),2020-01-01,265.7118364860344,,月度,,澳洲,
au,牛,NYCI月均(c/kg lwt),2020-02-01,356.01060769706146,,月度,,澳洲,
au,牛,NYCI月均(c/kg lwt),2020-03-01,383.93195446217925,,月度,,澳洲,
au,牛,NYCI月均(c/kg lwt),2020-04-01,373.22760734598546,,月度,,澳洲,
au,牛,NYCI月均(c/kg lwt),2020-05-01,398.46152270441195,,月度,,澳洲,
au,牛,NYCI月均(c/kg lwt),2020-06-01,404.7401822900795,,月度,,澳洲,
au,牛,NYCI月均(c/kg lwt),2020-07-01,400.15859713191327,,月度,,澳洲,
au,牛,NYCI月均(c/kg lwt),2020-08-01,418.0826858092909,,月度,,澳洲,
au,牛,NYCI月均(c/kg lwt),2020-09-01,417.45308379633786,,月度,,澳洲,
au,牛,NYCI月均(c/kg lwt),2020-10-01,435.8031612679213,,月度,,澳洲,
au,牛,NYCI月均(c/kg lwt),2020-11-01,453.6254353294262,,月度,,澳洲,
au,牛,NYCI月均(c/kg lwt),2020-12-01,424.7184824100481,,月度,,澳洲,
au,牛,NYCI月均(c/kg lwt),2021-01-01,467.90993972455533,,月度,,澳洲,
au,牛,NYCI月均(c/kg lwt),2021-02-01,485.3528766663705,,月度,,澳洲,
au,牛,NYCI月均(c/kg lwt),2021-03-01,490.7444743581525,,月度,,澳洲,
au,牛,NYCI月均(c/kg lwt),2021-04-01,498.1361110856291,,月度,,澳洲,
au,牛,NYCI月均(c/kg lwt),2021-05-01,494.7653474392371,,月度,,澳洲,
au,牛,NYCI月均(c/kg lwt),2021-06-01,508.1772374408205,,月度,,澳洲,
au,牛,NYCI月均(c/kg lwt),2021-07-01,537.2593051375561,,月度,,澳洲,
au,牛,NYCI月均(c/kg lwt),2021-08-01,553.5800011242285,,月度,,澳洲,
au,牛,NYCI月均(c/kg lwt),2021-09-01,568.274603032407,,月度,,澳洲,
au,牛,NYCI月均(c/kg lwt),2021-10-01,582.365900162404,,月度,,澳洲,
au,牛,NYCI月均(c/kg lwt),2021-11-01,615.1368535552133,,月度,,澳洲,
au,牛,NYCI月均(c/kg lwt),2021-12-01,638.6862220108006,,月度,,澳洲,
au,牛,NYCI月均(c/kg lwt),2022-01-01,607.9509292074281,,月度,,澳洲,
au,牛,NYCI月均(c/kg lwt),2022-02-01,640.9599693057404,,月度,,澳洲,
au,牛,NYCI月均(c/kg lwt),2022-03-01,636.8796692357658,,月度,,澳洲,
au,牛,NYCI月均(c/kg lwt),2022-04-01,606.0080007307263,,月度,,澳洲,
au,牛,NYCI月均(c/kg lwt),2022-05-01,631.1631976813802,,月度,,澳洲,
au,牛,NYCI月均(c/kg lwt),2022-06-01,601.3610833153414,,月度,,澳洲,
au,牛,NYCI月均(c/kg lwt),2022-07-01,527.8033940718559,,月度,,澳洲,
au,牛,NYCI月均(c/kg lwt),2022-08-01,548.4497323223768,,月度,,澳洲,
au,牛,NYCI月均(c/kg lwt),2022-09-01,587.8502950010103,,月度,,澳洲,
au,牛,NYCI月均(c/kg lwt),2022-10-01,589.0245429297206,,月度,,澳洲,
au,牛,NYCI月均(c/kg lwt),2022-11-01,559.2268646946643,,月度,,澳洲,
au,牛,NYCI月均(c/kg lwt),2022-12-01,486.0242842550119,,月度,,澳洲,
au,牛,NYCI月均(c/kg lwt),2023-01-01,455.1132892820429,,月度,,澳洲,
au,牛,NYCI月均(c/kg lwt),2023-02-01,424.70290073888947,,月度,,澳洲,
au,牛,NYCI月均(c/kg lwt),2023-03-01,390.0936909083563,,月度,,澳洲,
au,牛,NYCI月均(c/kg lwt),2023-04-01,381.0465030989817,,月度,,澳洲,
au,牛,NYCI月均(c/kg lwt),2023-05-01,340.5165154941228,,月度,,澳洲,
au,牛,NYCI月均(c/kg lwt),2023-06-01,307.9640101652379,,月度,,澳洲,
au,牛,NYCI月均(c/kg lwt),2023-07-01,304.88818611009367,,月度,,澳洲,
au,牛,NYCI月均(c/kg lwt),2023-08-01,278.18076749437006,,月度,,澳洲,
au,牛,NYCI月均(c/kg lwt),2023-09-01,226.15760535294658,,月度,,澳洲,
au,牛,NYCI月均(c/kg lwt),2023-10-01,192.81365085561364,,月度,,澳洲,
au,牛,NYCI月均(c/kg lwt),2023-11-01,241.9848737604168,,月度,,澳洲,
au,牛,NYCI月均(c/kg lwt),2023-12-01,278.0452551977776,,月度,,澳洲,
au,牛,NYCI月均(c/kg lwt),2024-01-01,315.72000183821916,,月度,,澳洲,
au,牛,NYCI月均(c/kg lwt),2024-02-01,341.8068065725872,,月度,,澳洲,
au,牛,NYCI月均(c/kg lwt),2024-03-01,315.37393537102855,,月度,,澳洲,
au,牛,NYCI月均(c/kg lwt),2024-04-01,319.62381420301017,,月度,,澳洲,
au,牛,NYCI月均(c/kg lwt),2024-05-01,322.2949740054725,,月度,,澳洲,
au,牛,NYCI月均(c/kg lwt),2024-06-01,314.49391047801004,,月度,,澳洲,
au,牛,NYCI月均(c/kg lwt),2024-07-01,330.3683576199539,,月度,,澳洲,
au,牛,NYCI月均(c/kg lwt),2024-08-01,349.9505039356805,,月度,,澳洲,
au,牛,NYCI月均(c/kg lwt),2024-09-01,353.90015013580154,,月度,,澳洲,
au,牛,NYCI月均(c/kg lwt),2024-10-01,329.8126132964345,,月度,,澳洲,
au,牛,NYCI月均(c/kg lwt),2024-11-01,333.94158056923305,,月度,,澳洲,
au,牛,NYCI月均(c/kg lwt),2024-12-01,363.35762841578986,,月度,,澳洲,
au,牛,NYCI月均(c/kg lwt),2025-01-01,359.0044169199617,,月度,,澳洲,
au,牛,NYCI月均(c/kg lwt),2025-02-01,349.01363187248154,,月度,,澳洲,
au,牛,NYCI月均(c/kg lwt),2025-03-01,348.96442795328625,,月度,,澳洲,
au,牛,NYCI月均(c/kg lwt),2025-04-01,378.49716852027893,,月度,,澳洲,
au,牛,NYCI月均(c/kg lwt),2025-05-01,366.81800633676545,,月度,,澳洲,
au,牛,NYCI月均(c/kg lwt),2025-06-01,382.38726918856605,,月度,,澳洲,
au,牛,NYCI月均(c/kg lwt),2025-07-01,396.4573486316079,,月度,,澳洲,
au,牛,NYCI月均(c/kg lwt),2025-08-01,458.63116515371763,,月度,,澳洲,
au,牛,NYCI月均(c/kg lwt),2025-09-01,470.2478976461135,,月度,,澳洲,
au,牛,NYCI月均(c/kg lwt),2025-10-01,441.32485170472205,,月度,,澳洲,
au,牛,NYCI月均(c/kg lwt),2025-11-01,473.61449782274116,,月度,,澳洲,
au,牛,NYCI月均(c/kg lwt),2025-12-01,468.46795126091024,,月度,,澳洲,
au,牛,NYCI月均(c/kg lwt),2026-01-01,458.7233495738607,,月度,,澳洲,
au,牛,NYCI月均(c/kg lwt),2026-02-01,457.41827789527923,,月度,,澳洲,
au,牛,NYCI月均(c/kg lwt),2026-03-01,473.88743371858686,,月度,,澳洲,
au,牛,NYCI月均(c/kg lwt),2026-04-01,422.88813322761655,,月度,,澳洲,
au,牛,NYCI月均(c/kg lwt),2026-05-01,449.81815098069677,,月度,,澳洲,
au,牛,NYCI月均(c/kg lwt),2026-06-01,523.1298594746672,,月度,,澳洲,
au,牛,NYCI月均(c/kg lwt),2026-07-01,525.01324565817,,月度,,澳洲,
au,牛,NYCI月均(c/kg lwt)($/Head),2000-01-01,404.780997027207,,月度,,澳洲,
au,牛,NYCI月均(c/kg lwt)($/Head),2000-02-01,406.0359138499343,,月度,,澳洲,
au,牛,NYCI月均(c/kg lwt)($/Head),2000-03-01,412.26898216074375,,月度,,澳洲,
au,牛,NYCI月均(c/kg lwt)($/Head),2000-04-01,423.5452888229758,,月度,,澳洲,
au,牛,NYCI月均(c/kg lwt)($/Head),2000-05-01,408.0118313067989,,月度,,澳洲,
au,牛,NYCI月均(c/kg lwt)($/Head),2000-06-01,401.45531076044136,,月度,,澳洲,
au,牛,NYCI月均(c/kg lwt)($/Head),2000-07-01,422.6883143194799,,月度,,澳洲,
au,牛,NYCI月均(c/kg lwt)($/Head),2000-08-01,435.08921446010555,,月度,,澳洲,
au,牛,NYCI月均(c/kg lwt)($/Head),2000-09-01,423.6941472817654,,月度,,澳洲,
au,牛,NYCI月均(c/kg lwt)($/Head),2000-10-01,417.6348713907586,,月度,,澳洲,
au,牛,NYCI月均(c/kg lwt)($/Head),2000-11-01,454.6862447470093,,月度,,澳洲,
au,牛,NYCI月均(c/kg lwt)($/Head),2000-12-01,468.2925212760864,,月度,,澳洲,
au,牛,NYCI月均(c/kg lwt)($/Head),2001-01-01,465.8315618159972,,月度,,澳洲,
au,牛,NYCI月均(c/kg lwt)($/Head),2001-02-01,469.1962984128606,,月度,,澳洲,
au,牛,NYCI月均(c/kg lwt)($/Head),2001-03-01,482.6921705185872,,月度,,澳洲,
au,牛,NYCI月均(c/kg lwt)($/Head),2001-04-01,498.9239945935607,,月度,,澳洲,
au,牛,NYCI月均(c/kg lwt)($/Head),2001-05-01,484.45151038363065,,月度,,澳洲,
au,牛,NYCI月均(c/kg lwt)($/Head),2001-06-01,474.4367716376793,,月度,,澳洲,
au,牛,NYCI月均(c/kg lwt)($/Head),2001-07-01,487.54386636494394,,月度,,澳洲,
au,牛,NYCI月均(c/kg lwt)($/Head),2001-08-01,520.8706737176111,,月度,,澳洲,
au,牛,NYCI月均(c/kg lwt)($/Head),2001-09-01,550.7828555653407,,月度,,澳洲,
au,牛,NYCI月均(c/kg lwt)($/Head),2001-10-01,534.8070640342147,,月度,,澳洲,
au,牛,NYCI月均(c/kg lwt)($/Head),2001-11-01,577.6437854814495,,月度,,澳洲,
au,牛,NYCI月均(c/kg lwt)($/Head),2001-12-01,590.8527588200825,,月度,,澳洲,
au,牛,NYCI月均(c/kg lwt)($/Head),2002-01-01,565.2771255531173,,月度,,澳洲,
au,牛,NYCI月均(c/kg lwt)($/Head),2002-02-01,525.2840008849876,,月度,,澳洲,
au,牛,NYCI月均(c/kg lwt)($/Head),2002-03-01,520.6372341305953,,月度,,澳洲,
au,牛,NYCI月均(c/kg lwt)($/Head),2002-04-01,474.8390359029256,,月度,,澳洲,
au,牛,NYCI月均(c/kg lwt)($/Head),2002-05-01,430.0708154558052,,月度,,澳洲,
au,牛,NYCI月均(c/kg lwt)($/Head),2002-06-01,391.2937860818658,,月度,,澳洲,
au,牛,NYCI月均(c/kg lwt)($/Head),2002-07-01,344.53030605814934,,月度,,澳洲,
au,牛,NYCI月均(c/kg lwt)($/Head),2002-08-01,344.17412243156537,,月度,,澳洲,
au,牛,NYCI月均(c/kg lwt)($/Head),2002-09-01,351.42823615584484,,月度,,澳洲,
au,牛,NYCI月均(c/kg lwt)($/Head),2002-10-01,322.8625537676184,,月度,,澳洲,
au,牛,NYCI月均(c/kg lwt)($/Head),2002-11-01,336.06857912341997,,月度,,澳洲,
au,牛,NYCI月均(c/kg lwt)($/Head),2002-12-01,380.829479006506,,月度,,澳洲,
au,牛,NYCI月均(c/kg lwt)($/Head),2003-01-01,376.4377584162426,,月度,,澳洲,
au,牛,NYCI月均(c/kg lwt)($/Head),2003-02-01,373.70562893241794,,月度,,澳洲,
au,牛,NYCI月均(c/kg lwt)($/Head),2003-03-01,436.65221141146486,,月度,,澳洲,
au,牛,NYCI月均(c/kg lwt)($/Head),2003-04-01,421.88237423931,,月度,,澳洲,
au,牛,NYCI月均(c/kg lwt)($/Head),2003-05-01,422.610256689154,,月度,,澳洲,
au,牛,NYCI月均(c/kg lwt)($/Head),2003-06-01,420.5383065600659,,月度,,澳洲,
au,牛,NYCI月均(c/kg lwt)($/Head),2003-07-01,445.8160471654388,,月度,,澳洲,
au,牛,NYCI月均(c/kg lwt)($/Head),2003-08-01,476.49579859823393,,月度,,澳洲,
au,牛,NYCI月均(c/kg lwt)($/Head),2003-09-01,498.7014747681676,,月度,,澳洲,
au,牛,NYCI月均(c/kg lwt)($/Head),2003-10-01,501.79293208690814,,月度,,澳洲,
au,牛,NYCI月均(c/kg lwt)($/Head),2003-11-01,512.4260653863422,,月度,,澳洲,
au,牛,NYCI月均(c/kg lwt)($/Head),2003-12-01,518.3713249202397,,月度,,澳洲,
au,牛,NYCI月均(c/kg lwt)($/Head),2004-01-01,533.1236590730169,,月度,,澳洲,
au,牛,NYCI月均(c/kg lwt)($/Head),2004-02-01,516.4980391812562,,月度,,澳洲,
au,牛,NYCI月均(c/kg lwt)($/Head),2004-03-01,508.1775295914039,,月度,,澳洲,
au,牛,NYCI月均(c/kg lwt)($/Head),2004-04-01,486.3209204065933,,月度,,澳洲,
au,牛,NYCI月均(c/kg lwt)($/Head),2004-05-01,477.40907351192544,,月度,,澳洲,
au,牛,NYCI月均(c/kg lwt)($/Head),2004-06-01,491.90103258248257,,月度,,澳洲,
au,牛,NYCI月均(c/kg lwt)($/Head),2004-07-01,508.21135144694347,,月度,,澳洲,
au,牛,NYCI月均(c/kg lwt)($/Head),2004-08-01,538.1328081624916,,月度,,澳洲,
au,牛,NYCI月均(c/kg lwt)($/Head),2004-09-01,542.6159438785521,,月度,,澳洲,
au,牛,NYCI月均(c/kg lwt)($/Head),2004-10-01,563.6489712413876,,月度,,澳洲,
au,牛,NYCI月均(c/kg lwt)($/Head),2004-11-01,572.0921318879228,,月度,,澳洲,
au,牛,NYCI月均(c/kg lwt)($/Head),2004-12-01,558.1466764043278,,月度,,澳洲,
au,牛,NYCI月均(c/kg lwt)($/Head),2005-01-01,586.5702538176681,,月度,,澳洲,
au,牛,NYCI月均(c/kg lwt)($/Head),2005-02-01,583.8334665819876,,月度,,澳洲,
au,牛,NYCI月均(c/kg lwt)($/Head),2005-03-01,574.170591477716,,月度,,澳洲,
au,牛,NYCI月均(c/kg lwt)($/Head),2005-04-01,521.7500364786822,,月度,,澳洲,
au,牛,NYCI月均(c/kg lwt)($/Head),2005-05-01,493.5492724188334,,月度,,澳洲,
au,牛,NYCI月均(c/kg lwt)($/Head),2005-06-01,488.43770731701085,,月度,,澳洲,
au,牛,NYCI月均(c/kg lwt)($/Head),2005-07-01,573.2614426596998,,月度,,澳洲,
au,牛,NYCI月均(c/kg lwt)($/Head),2005-08-01,584.5227709179795,,月度,,澳洲,
au,牛,NYCI月均(c/kg lwt)($/Head),2005-09-01,585.8670109316321,,月度,,澳洲,
au,牛,NYCI月均(c/kg lwt)($/Head),2005-10-01,590.3604121063169,,月度,,澳洲,
au,牛,NYCI月均(c/kg lwt)($/Head),2005-11-01,581.2351990523307,,月度,,澳洲,
au,牛,NYCI月均(c/kg lwt)($/Head),2005-12-01,577.7292245442749,,月度,,澳洲,
au,牛,NYCI月均(c/kg lwt)($/Head),2006-01-01,546.2150889381107,,月度,,澳洲,
au,牛,NYCI月均(c/kg lwt)($/Head),2006-02-01,559.2195097592363,,月度,,澳洲,
au,牛,NYCI月均(c/kg lwt)($/Head),2006-03-01,549.7305654565772,,月度,,澳洲,
au,牛,NYCI月均(c/kg lwt)($/Head),2006-04-01,539.755914910525,,月度,,澳洲,
au,牛,NYCI月均(c/kg lwt)($/Head),2006-05-01,511.98997858332035,,月度,,澳洲,
au,牛,NYCI月均(c/kg lwt)($/Head),2006-06-01,495.2459894248924,,月度,,澳洲,
au,牛,NYCI月均(c/kg lwt)($/Head),2006-07-01,521.0193886455014,,月度,,澳洲,
au,牛,NYCI月均(c/kg lwt)($/Head),2006-08-01,550.1594193252371,,月度,,澳洲,
au,牛,NYCI月均(c/kg lwt)($/Head),2006-09-01,509.40332252407234,,月度,,澳洲,
au,牛,NYCI月均(c/kg lwt)($/Head),2006-10-01,405.52213097886187,,月度,,澳洲,
au,牛,NYCI月均(c/kg lwt)($/Head),2006-11-01,436.9388577871772,,月度,,澳洲,
au,牛,NYCI月均(c/kg lwt)($/Head),2006-12-01,416.42508997094455,,月度,,澳洲,
au,牛,NYCI月均(c/kg lwt)($/Head),2007-01-01,445.5158422856164,,月度,,澳洲,
au,牛,NYCI月均(c/kg lwt)($/Head),2007-02-01,470.766452375203,,月度,,澳洲,
au,牛,NYCI月均(c/kg lwt)($/Head),2007-03-01,499.2935613703151,,月度,,澳洲,
au,牛,NYCI月均(c/kg lwt)($/Head),2007-04-01,432.69097493123195,,月度,,澳洲,
au,牛,NYCI月均(c/kg lwt)($/Head),2007-05-01,468.3022394655078,,月度,,澳洲,
au,牛,NYCI月均(c/kg lwt)($/Head),2007-06-01,483.09171097415435,,月度,,澳洲,
au,牛,NYCI月均(c/kg lwt)($/Head),2007-07-01,487.11547950180574,,月度,,澳洲,
au,牛,NYCI月均(c/kg lwt)($/Head),2007-08-01,490.79768789446933,,月度,,澳洲,
au,牛,NYCI月均(c/kg lwt)($/Head),2007-09-01,463.1751234055895,,月度,,澳洲,
au,牛,NYCI月均(c/kg lwt)($/Head),2007-10-01,419.0859457453478,,月度,,澳洲,
au,牛,NYCI月均(c/kg lwt)($/Head),2007-11-01,470.07538529868526,,月度,,澳洲,
au,牛,NYCI月均(c/kg lwt)($/Head),2007-12-01,492.7733924768694,,月度,,澳洲,
au,牛,NYCI月均(c/kg lwt)($/Head),2008-01-01,533.9158855353775,,月度,,澳洲,
au,牛,NYCI月均(c/kg lwt)($/Head),2008-02-01,535.7776003481288,,月度,,澳洲,
au,牛,NYCI月均(c/kg lwt)($/Head),2008-03-01,504.55647525311457,,月度,,澳洲,
au,牛,NYCI月均(c/kg lwt)($/Head),2008-04-01,497.96857914584103,,月度,,澳洲,
au,牛,NYCI月均(c/kg lwt)($/Head),2008-05-01,467.56426629097444,,月度,,澳洲,
au,牛,NYCI月均(c/kg lwt)($/Head),2008-06-01,477.89247750558445,,月度,,澳洲,
au,牛,NYCI月均(c/kg lwt)($/Head),2008-07-01,487.12600342742786,,月度,,澳洲,
au,牛,NYCI月均(c/kg lwt)($/Head),2008-08-01,492.59566902979026,,月度,,澳洲,
au,牛,NYCI月均(c/kg lwt)($/Head),2008-09-01,532.4916683127306,,月度,,澳洲,
au,牛,NYCI月均(c/kg lwt)($/Head),2008-10-01,513.8592707730824,,月度,,澳洲,
au,牛,NYCI月均(c/kg lwt)($/Head),2008-11-01,526.030962619749,,月度,,澳洲,
au,牛,NYCI月均(c/kg lwt)($/Head),2008-12-01,531.027231611336,,月度,,澳洲,
au,牛,NYCI月均(c/kg lwt)($/Head),2009-01-01,511.316867635858,,月度,,澳洲,
au,牛,NYCI月均(c/kg lwt)($/Head),2009-02-01,475.3277192052891,,月度,,澳洲,
au,牛,NYCI月均(c/kg lwt)($/Head),2009-03-01,493.2686025024531,,月度,,澳洲,
au,牛,NYCI月均(c/kg lwt)($/Head),2009-04-01,471.48986348633116,,月度,,澳洲,
au,牛,NYCI月均(c/kg lwt)($/Head),2009-05-01,455.9541185198092,,月度,,澳洲,
au,牛,NYCI月均(c/kg lwt)($/Head),2009-06-01,471.729149110869,,月度,,澳洲,
au,牛,NYCI月均(c/kg lwt)($/Head),2009-07-01,482.09283972403773,,月度,,澳洲,
au,牛,NYCI月均(c/kg lwt)($/Head),2009-08-01,488.15360715288676,,月度,,澳洲,
au,牛,NYCI月均(c/kg lwt)($/Head),2009-09-01,484.0503817407407,,月度,,澳洲,
au,牛,NYCI月均(c/kg lwt)($/Head),2009-10-01,473.31924872040366,,月度,,澳洲,
au,牛,NYCI月均(c/kg lwt)($/Head),2009-11-01,468.61899693574065,,月度,,澳洲,
au,牛,NYCI月均(c/kg lwt)($/Head),2009-12-01,429.8349233231216,,月度,,澳洲,
au,牛,NYCI月均(c/kg lwt)($/Head),2010-01-01,468.3487043563697,,月度,,澳洲,
au,牛,NYCI月均(c/kg lwt)($/Head),2010-02-01,512.257546279938,,月度,,澳洲,
au,牛,NYCI月均(c/kg lwt)($/Head),2010-03-01,544.57128701051,,月度,,澳洲,
au,牛,NYCI月均(c/kg lwt)($/Head),2010-04-01,557.218347540711,,月度,,澳洲,
au,牛,NYCI月均(c/kg lwt)($/Head),2010-05-01,546.8229384469975,,月度,,澳洲,
au,牛,NYCI月均(c/kg lwt)($/Head),2010-06-01,541.3265324424507,,月度,,澳洲,
au,牛,NYCI月均(c/kg lwt)($/Head),2010-07-01,542.2010311820394,,月度,,澳洲,
au,牛,NYCI月均(c/kg lwt)($/Head),2010-08-01,561.7041907720576,,月度,,澳洲,
au,牛,NYCI月均(c/kg lwt)($/Head),2010-09-01,565.6373708422623,,月度,,澳洲,
au,牛,NYCI月均(c/kg lwt)($/Head),2010-10-01,581.2158229634459,,月度,,澳洲,
au,牛,NYCI月均(c/kg lwt)($/Head),2010-11-01,595.4782729530978,,月度,,澳洲,
au,牛,NYCI月均(c/kg lwt)($/Head),2010-12-01,642.4197041175923,,月度,,澳洲,
au,牛,NYCI月均(c/kg lwt)($/Head),2011-01-01,661.0730907392757,,月度,,澳洲,
au,牛,NYCI月均(c/kg lwt)($/Head),2011-02-01,665.4724330284562,,月度,,澳洲,
au,牛,NYCI月均(c/kg lwt)($/Head),2011-03-01,684.9876381642977,,月度,,澳洲,
au,牛,NYCI月均(c/kg lwt)($/Head),2011-04-01,660.1719517095702,,月度,,澳洲,
au,牛,NYCI月均(c/kg lwt)($/Head),2011-05-01,602.3969509383608,,月度,,澳洲,
au,牛,NYCI月均(c/kg lwt)($/Head),2011-06-01,574.9440238712314,,月度,,澳洲,
au,牛,NYCI月均(c/kg lwt)($/Head),2011-07-01,564.2100111057615,,月度,,澳洲,
au,牛,NYCI月均(c/kg lwt)($/Head),2011-08-01,575.3636079040592,,月度,,澳洲,
au,牛,NYCI月均(c/kg lwt)($/Head),2011-09-01,607.3710515848462,,月度,,澳洲,
au,牛,NYCI月均(c/kg lwt)($/Head),2011-10-01,629.3821513955228,,月度,,澳洲,
au,牛,NYCI月均(c/kg lwt)($/Head),2011-11-01,645.0238903158311,,月度,,澳洲,
au,牛,NYCI月均(c/kg lwt)($/Head),2011-12-01,684.9795304531425,,月度,,澳洲,
au,牛,NYCI月均(c/kg lwt)($/Head),2012-01-01,651.8615545656654,,月度,,澳洲,
au,牛,NYCI月均(c/kg lwt)($/Head),2012-02-01,632.6956655820775,,月度,,澳洲,
au,牛,NYCI月均(c/kg lwt)($/Head),2012-03-01,645.950410670461,,月度,,澳洲,
au,牛,NYCI月均(c/kg lwt)($/Head),2012-04-01,602.8737069993538,,月度,,澳洲,
au,牛,NYCI月均(c/kg lwt)($/Head),2012-05-01,580.7050037955255,,月度,,澳洲,
au,牛,NYCI月均(c/kg lwt)($/Head),2012-06-01,567.13466257512,,月度,,澳洲,
au,牛,NYCI月均(c/kg lwt)($/Head),2012-07-01,589.5411359552571,,月度,,澳洲,
au,牛,NYCI月均(c/kg lwt)($/Head),2012-08-01,579.1727968387826,,月度,,澳洲,
au,牛,NYCI月均(c/kg lwt)($/Head),2012-09-01,552.5480114418303,,月度,,澳洲,
au,牛,NYCI月均(c/kg lwt)($/Head),2012-10-01,527.3091273662911,,月度,,澳洲,
au,牛,NYCI月均(c/kg lwt)($/Head),2012-11-01,527.1362295116669,,月度,,澳洲,
au,牛,NYCI月均(c/kg lwt)($/Head),2012-12-01,516.5299901739039,,月度,,澳洲,
au,牛,NYCI月均(c/kg lwt)($/Head),2013-01-01,493.20613749049585,,月度,,澳洲,
au,牛,NYCI月均(c/kg lwt)($/Head),2013-02-01,513.9306620423798,,月度,,澳洲,
au,牛,NYCI月均(c/kg lwt)($/Head),2013-03-01,508.5790621542104,,月度,,澳洲,
au,牛,NYCI月均(c/kg lwt)($/Head),2013-04-01,470.96053136822326,,月度,,澳洲,
au,牛,NYCI月均(c/kg lwt)($/Head),2013-05-01,430.8004888079691,,月度,,澳洲,
au,牛,NYCI月均(c/kg lwt)($/Head),2013-06-01,453.3759836545249,,月度,,澳洲,
au,牛,NYCI月均(c/kg lwt)($/Head),2013-07-01,467.3748489485291,,月度,,澳洲,
au,牛,NYCI月均(c/kg lwt)($/Head),2013-08-01,453.94095524301844,,月度,,澳洲,
au,牛,NYCI月均(c/kg lwt)($/Head),2013-09-01,425.0699314959642,,月度,,澳洲,
au,牛,NYCI月均(c/kg lwt)($/Head),2013-10-01,419.62570134470116,,月度,,澳洲,
au,牛,NYCI月均(c/kg lwt)($/Head),2013-11-01,438.81196385719255,,月度,,澳洲,
au,牛,NYCI月均(c/kg lwt)($/Head),2013-12-01,475.5585294537409,,月度,,澳洲,
au,牛,NYCI月均(c/kg lwt)($/Head),2014-01-01,475.04276101403303,,月度,,澳洲,
au,牛,NYCI月均(c/kg lwt)($/Head),2014-02-01,418.0166629629825,,月度,,澳洲,
au,牛,NYCI月均(c/kg lwt)($/Head),2014-03-01,420.6907053316458,,月度,,澳洲,
au,牛,NYCI月均(c/kg lwt)($/Head),2014-04-01,515.1317822722059,,月度,,澳洲,
au,牛,NYCI月均(c/kg lwt)($/Head),2014-05-01,488.4995551441559,,月度,,澳洲,
au,牛,NYCI月均(c/kg lwt)($/Head),2014-06-01,472.827948764716,,月度,,澳洲,
au,牛,NYCI月均(c/kg lwt)($/Head),2014-07-01,463.8852150879238,,月度,,澳洲,
au,牛,NYCI月均(c/kg lwt)($/Head),2014-08-01,494.2825708506185,,月度,,澳洲,
au,牛,NYCI月均(c/kg lwt)($/Head),2014-09-01,546.5480356985131,,月度,,澳洲,
au,牛,NYCI月均(c/kg lwt)($/Head),2014-10-01,524.6432885179685,,月度,,澳洲,
au,牛,NYCI月均(c/kg lwt)($/Head),2014-11-01,493.5657305108667,,月度,,澳洲,
au,牛,NYCI月均(c/kg lwt)($/Head),2014-12-01,583.9489038829397,,月度,,澳洲,
au,牛,NYCI月均(c/kg lwt)($/Head),2015-01-01,660.3784998004555,,月度,,澳洲,
au,牛,NYCI月均(c/kg lwt)($/Head),2015-02-01,659.204165779726,,月度,,澳洲,
au,牛,NYCI月均(c/kg lwt)($/Head),2015-03-01,609.1355643883993,,月度,,澳洲,
au,牛,NYCI月均(c/kg lwt)($/Head),2015-04-01,616.2846096020655,,月度,,澳洲,
au,牛,NYCI月均(c/kg lwt)($/Head),2015-05-01,666.1652651157164,,月度,,澳洲,
au,牛,NYCI月均(c/kg lwt)($/Head),2015-06-01,658.0540203575288,,月度,,澳洲,
au,牛,NYCI月均(c/kg lwt)($/Head),2015-07-01,745.5031664632357,,月度,,澳洲,
au,牛,NYCI月均(c/kg lwt)($/Head),2015-08-01,769.0583131581433,,月度,,澳洲,
au,牛,NYCI月均(c/kg lwt)($/Head),2015-09-01,831.448813458707,,月度,,澳洲,
au,牛,NYCI月均(c/kg lwt)($/Head),2015-10-01,795.0519555019742,,月度,,澳洲,
au,牛,NYCI月均(c/kg lwt)($/Head),2015-11-01,910.908735983009,,月度,,澳洲,
au,牛,NYCI月均(c/kg lwt)($/Head),2015-12-01,896.3017860022494,,月度,,澳洲,
au,牛,NYCI月均(c/kg lwt)($/Head),2016-01-01,896.9427788355109,,月度,,澳洲,
au,牛,NYCI月均(c/kg lwt)($/Head),2016-02-01,936.1326955681791,,月度,,澳洲,
au,牛,NYCI月均(c/kg lwt)($/Head),2016-03-01,903.163953429821,,月度,,澳洲,
au,牛,NYCI月均(c/kg lwt)($/Head),2016-04-01,826.3246126005992,,月度,,澳洲,
au,牛,NYCI月均(c/kg lwt)($/Head),2016-05-01,825.1589317365039,,月度,,澳洲,
au,牛,NYCI月均(c/kg lwt)($/Head),2016-06-01,887.1390914551703,,月度,,澳洲,
au,牛,NYCI月均(c/kg lwt)($/Head),2016-07-01,943.0713688164224,,月度,,澳洲,
au,牛,NYCI月均(c/kg lwt)($/Head),2016-08-01,1057.507793684792,,月度,,澳洲,
au,牛,NYCI月均(c/kg lwt)($/Head),2016-09-01,1072.2259492866544,,月度,,澳洲,
au,牛,NYCI月均(c/kg lwt)($/Head),2016-10-01,1114.0124512733164,,月度,,澳洲,
au,牛,NYCI月均(c/kg lwt)($/Head),2016-11-01,1048.603266554743,,月度,,澳洲,
au,牛,NYCI月均(c/kg lwt)($/Head),2016-12-01,1087.218278380954,,月度,,澳洲,
au,牛,NYCI月均(c/kg lwt)($/Head),2017-01-01,1070.9686891925353,,月度,,澳洲,
au,牛,NYCI月均(c/kg lwt)($/Head),2017-02-01,1037.8903665112,,月度,,澳洲,
au,牛,NYCI月均(c/kg lwt)($/Head),2017-03-01,1013.3597676273349,,月度,,澳洲,
au,牛,NYCI月均(c/kg lwt)($/Head),2017-04-01,1061.4089186823576,,月度,,澳洲,
au,牛,NYCI月均(c/kg lwt)($/Head),2017-05-01,1040.9387080169722,,月度,,澳洲,
au,牛,NYCI月均(c/kg lwt)($/Head),2017-06-01,988.6003616188095,,月度,,澳洲,
au,牛,NYCI月均(c/kg lwt)($/Head),2017-07-01,901.9371104639677,,月度,,澳洲,
au,牛,NYCI月均(c/kg lwt)($/Head),2017-08-01,856.9811478884009,,月度,,澳洲,
au,牛,NYCI月均(c/kg lwt)($/Head),2017-09-01,808.670776785587,,月度,,澳洲,
au,牛,NYCI月均(c/kg lwt)($/Head),2017-10-01,907.0886382351289,,月度,,澳洲,
au,牛,NYCI月均(c/kg lwt)($/Head),2017-11-01,977.3590663576263,,月度,,澳洲,
au,牛,NYCI月均(c/kg lwt)($/Head),2017-12-01,962.2164653741397,,月度,,澳洲,
au,牛,NYCI月均(c/kg lwt)($/Head),2018-01-01,908.0946541019329,,月度,,澳洲,
au,牛,NYCI月均(c/kg lwt)($/Head),2018-02-01,845.513913913398,,月度,,澳洲,
au,牛,NYCI月均(c/kg lwt)($/Head),2018-03-01,895.7570255901319,,月度,,澳洲,
au,牛,NYCI月均(c/kg lwt)($/Head),2018-04-01,773.0021135686352,,月度,,澳洲,
au,牛,NYCI月均(c/kg lwt)($/Head),2018-05-01,707.3830471087565,,月度,,澳洲,
au,牛,NYCI月均(c/kg lwt)($/Head),2018-06-01,670.7564077817622,,月度,,澳洲,
au,牛,NYCI月均(c/kg lwt)($/Head),2018-07-01,692.6560823269173,,月度,,澳洲,
au,牛,NYCI月均(c/kg lwt)($/Head),2018-08-01,618.5519755143787,,月度,,澳洲,
au,牛,NYCI月均(c/kg lwt)($/Head),2018-09-01,661.5724450358565,,月度,,澳洲,
au,牛,NYCI月均(c/kg lwt)($/Head),2018-10-01,731.9157048585589,,月度,,澳洲,
au,牛,NYCI月均(c/kg lwt)($/Head),2018-11-01,754.1296432554776,,月度,,澳洲,
au,牛,NYCI月均(c/kg lwt)($/Head),2018-12-01,791.4398513974851,,月度,,澳洲,
au,牛,NYCI月均(c/kg lwt)($/Head),2019-01-01,751.4131663970448,,月度,,澳洲,
au,牛,NYCI月均(c/kg lwt)($/Head),2019-02-01,670.6957256788806,,月度,,澳洲,
au,牛,NYCI月均(c/kg lwt)($/Head),2019-03-01,589.1708840902537,,月度,,澳洲,
au,牛,NYCI月均(c/kg lwt)($/Head),2019-04-01,668.5887405705015,,月度,,澳洲,
au,牛,NYCI月均(c/kg lwt)($/Head),2019-05-01,655.6764006261338,,月度,,澳洲,
au,牛,NYCI月均(c/kg lwt)($/Head),2019-06-01,659.8944073407515,,月度,,澳洲,
au,牛,NYCI月均(c/kg lwt)($/Head),2019-07-01,710.6207621465547,,月度,,澳洲,
au,牛,NYCI月均(c/kg lwt)($/Head),2019-08-01,722.4757236563917,,月度,,澳洲,
au,牛,NYCI月均(c/kg lwt)($/Head),2019-09-01,655.2022881469187,,月度,,澳洲,
au,牛,NYCI月均(c/kg lwt)($/Head),2019-10-01,690.5300811706422,,月度,,澳洲,
au,牛,NYCI月均(c/kg lwt)($/Head),2019-11-01,758.081009692146,,月度,,澳洲,
au,牛,NYCI月均(c/kg lwt)($/Head),2019-12-01,738.2578253755403,,月度,,澳洲,
au,牛,NYCI月均(c/kg lwt)($/Head),2020-01-01,789.1304954603868,,月度,,澳洲,
au,牛,NYCI月均(c/kg lwt)($/Head),2020-02-01,1060.2301932098394,,月度,,澳洲,
au,牛,NYCI月均(c/kg lwt)($/Head),2020-03-01,1133.4501915635888,,月度,,澳洲,
au,牛,NYCI月均(c/kg lwt)($/Head),2020-04-01,1094.7888794319033,,月度,,澳洲,
au,牛,NYCI月均(c/kg lwt)($/Head),2020-05-01,1175.6031932723395,,月度,,澳洲,
au,牛,NYCI月均(c/kg lwt)($/Head),2020-06-01,1199.0885258034568,,月度,,澳洲,
au,牛,NYCI月均(c/kg lwt)($/Head),2020-07-01,1179.8722078844592,,月度,,澳洲,
au,牛,NYCI月均(c/kg lwt)($/Head),2020-08-01,1253.2690259457909,,月度,,澳洲,
au,牛,NYCI月均(c/kg lwt)($/Head),2020-09-01,1287.0342749198646,,月度,,澳洲,
au,牛,NYCI月均(c/kg lwt)($/Head),2020-10-01,1354.9593343751287,,月度,,澳洲,
au,牛,NYCI月均(c/kg lwt)($/Head),2020-11-01,1380.0955424891322,,月度,,澳洲,
au,牛,NYCI月均(c/kg lwt)($/Head),2020-12-01,1431.7637419305026,,月度,,澳洲,
au,牛,NYCI月均(c/kg lwt)($/Head),2021-01-01,1595.7408837270912,,月度,,澳洲,
au,牛,NYCI月均(c/kg lwt)($/Head),2021-02-01,1541.3751364072766,,月度,,澳洲,
au,牛,NYCI月均(c/kg lwt)($/Head),2021-03-01,1542.3085829261063,,月度,,澳洲,
au,牛,NYCI月均(c/kg lwt)($/Head),2021-04-01,1554.9097949233314,,月度,,澳洲,
au,牛,NYCI月均(c/kg lwt)($/Head),2021-05-01,1526.944376221655,,月度,,澳洲,
au,牛,NYCI月均(c/kg lwt)($/Head),2021-06-01,1569.5007465133458,,月度,,澳洲,
au,牛,NYCI月均(c/kg lwt)($/Head),2021-07-01,1635.174796552731,,月度,,澳洲,
au,牛,NYCI月均(c/kg lwt)($/Head),2021-08-01,1659.2020770835027,,月度,,澳洲,
au,牛,NYCI月均(c/kg lwt)($/Head),2021-09-01,1751.3447647216979,,月度,,澳洲,
au,牛,NYCI月均(c/kg lwt)($/Head),2021-10-01,1807.9865575949082,,月度,,澳洲,
au,牛,NYCI月均(c/kg lwt)($/Head),2021-11-01,1941.7123605279826,,月度,,澳洲,
au,牛,NYCI月均(c/kg lwt)($/Head),2021-12-01,2102.9604737799514,,月度,,澳洲,
au,牛,NYCI月均(c/kg lwt)($/Head),2022-01-01,2047.363551487863,,月度,,澳洲,
au,牛,NYCI月均(c/kg lwt)($/Head),2022-02-01,2124.3415486705785,,月度,,澳洲,
au,牛,NYCI月均(c/kg lwt)($/Head),2022-03-01,2070.5333959523273,,月度,,澳洲,
au,牛,NYCI月均(c/kg lwt)($/Head),2022-04-01,1918.017078189619,,月度,,澳洲,
au,牛,NYCI月均(c/kg lwt)($/Head),2022-05-01,1972.2361260132682,,月度,,澳洲,
au,牛,NYCI月均(c/kg lwt)($/Head),2022-06-01,1806.8562291885482,,月度,,澳洲,
au,牛,NYCI月均(c/kg lwt)($/Head),2022-07-01,1594.9897316378476,,月度,,澳洲,
au,牛,NYCI月均(c/kg lwt)($/Head),2022-08-01,1664.5534907481726,,月度,,澳洲,
au,牛,NYCI月均(c/kg lwt)($/Head),2022-09-01,1888.4478457487198,,月度,,澳洲,
au,牛,NYCI月均(c/kg lwt)($/Head),2022-10-01,1911.6132476895125,,月度,,澳洲,
au,牛,NYCI月均(c/kg lwt)($/Head),2022-11-01,1801.2899538223253,,月度,,澳洲,
au,牛,NYCI月均(c/kg lwt)($/Head),2022-12-01,1786.9937219891697,,月度,,澳洲,
au,牛,NYCI月均(c/kg lwt)($/Head),2023-01-01,1629.1843133738316,,月度,,澳洲,
au,牛,NYCI月均(c/kg lwt)($/Head),2023-02-01,1404.8956848276835,,月度,,澳洲,
au,牛,NYCI月均(c/kg lwt)($/Head),2023-03-01,1231.8066826070235,,月度,,澳洲,
au,牛,NYCI月均(c/kg lwt)($/Head),2023-04-01,1168.9882461957807,,月度,,澳洲,
au,牛,NYCI月均(c/kg lwt)($/Head),2023-05-01,1044.3220231046837,,月度,,澳洲,
au,牛,NYCI月均(c/kg lwt)($/Head),2023-06-01,918.3137968179873,,月度,,澳洲,
au,牛,NYCI月均(c/kg lwt)($/Head),2023-07-01,895.2790625583214,,月度,,澳洲,
au,牛,NYCI月均(c/kg lwt)($/Head),2023-08-01,827.4142784895967,,月度,,澳洲,
au,牛,NYCI月均(c/kg lwt)($/Head),2023-09-01,658.5713937447621,,月度,,澳洲,
au,牛,NYCI月均(c/kg lwt)($/Head),2023-10-01,571.284660700256,,月度,,澳洲,
au,牛,NYCI月均(c/kg lwt)($/Head),2023-11-01,753.9481878927102,,月度,,澳洲,
au,牛,NYCI月均(c/kg lwt)($/Head),2023-12-01,913.9141711113782,,月度,,澳洲,
au,牛,NYCI月均(c/kg lwt)($/Head),2024-01-01,1105.7969599870546,,月度,,澳洲,
au,牛,NYCI月均(c/kg lwt)($/Head),2024-02-01,1098.9989597862366,,月度,,澳洲,
au,牛,NYCI月均(c/kg lwt)($/Head),2024-03-01,991.2269562388628,,月度,,澳洲,
au,牛,NYCI月均(c/kg lwt)($/Head),2024-04-01,986.0780575677152,,月度,,澳洲,
au,牛,NYCI月均(c/kg lwt)($/Head),2024-05-01,983.6639094466842,,月度,,澳洲,
au,牛,NYCI月均(c/kg lwt)($/Head),2024-06-01,956.3842084757383,,月度,,澳洲,
au,牛,NYCI月均(c/kg lwt)($/Head),2024-07-01,977.8595152195903,,月度,,澳洲,
au,牛,NYCI月均(c/kg lwt)($/Head),2024-08-01,1065.4865406203664,,月度,,澳洲,
au,牛,NYCI月均(c/kg lwt)($/Head),2024-09-01,1087.220314521515,,月度,,澳洲,
au,牛,NYCI月均(c/kg lwt)($/Head),2024-10-01,1023.1732411305217,,月度,,澳洲,
au,牛,NYCI月均(c/kg lwt)($/Head),2024-11-01,1040.132514481807,,月度,,澳洲,
au,牛,NYCI月均(c/kg lwt)($/Head),2024-12-01,1206.6044307584204,,月度,,澳洲,
au,牛,NYCI月均(c/kg lwt)($/Head),2025-01-01,1202.0442269884002,,月度,,澳洲,
au,牛,NYCI月均(c/kg lwt)($/Head),2025-02-01,1109.4220745307084,,月度,,澳洲,
au,牛,NYCI月均(c/kg lwt)($/Head),2025-03-01,1115.3009922112471,,月度,,澳洲,
au,牛,NYCI月均(c/kg lwt)($/Head),2025-04-01,1177.6972782749576,,月度,,澳洲,
au,牛,NYCI月均(c/kg lwt)($/Head),2025-05-01,1114.4569753511723,,月度,,澳洲,
au,牛,NYCI月均(c/kg lwt)($/Head),2025-06-01,1154.0171742822438,,月度,,澳洲,
au,牛,NYCI月均(c/kg lwt)($/Head),2025-07-01,1211.8527420673875,,月度,,澳洲,
au,牛,NYCI月均(c/kg lwt)($/Head),2025-08-01,1403.0138244577213,,月度,,澳洲,
au,牛,NYCI月均(c/kg lwt)($/Head),2025-09-01,1469.808659560596,,月度,,澳洲,
au,牛,NYCI月均(c/kg lwt)($/Head),2025-10-01,1385.5952104831827,,月度,,澳洲,
au,牛,NYCI月均(c/kg lwt)($/Head),2025-11-01,1514.9173247957797,,月度,,澳洲,
au,牛,NYCI月均(c/kg lwt)($/Head),2025-12-01,1648.2711597526713,,月度,,澳洲,
au,牛,NYCI月均(c/kg lwt)($/Head),2026-01-01,1445.1766638079584,,月度,,澳洲,
au,牛,NYCI月均(c/kg lwt)($/Head),2026-02-01,1412.547141268525,,月度,,澳洲,
au,牛,NYCI月均(c/kg lwt)($/Head),2026-03-01,1448.3132804787554,,月度,,澳洲,
au,牛,NYCI月均(c/kg lwt)($/Head),2026-04-01,1261.8099162221192,,月度,,澳洲,
au,牛,NYCI月均(c/kg lwt)($/Head),2026-05-01,1311.3677589633846,,月度,,澳洲,
au,牛,NYCI月均(c/kg lwt)($/Head),2026-06-01,1557.068664000695,,月度,,澳洲,
au,牛,NYCI月均(c/kg lwt)($/Head),2026-07-01,1579.8662184174364,,月度,,澳洲,
au,牛,NYCI月成交头数,2000-01-01,43759.0,,月度,,澳洲,
au,牛,NYCI月成交头数,2000-02-01,41536.0,,月度,,澳洲,
au,牛,NYCI月成交头数,2000-03-01,39192.0,,月度,,澳洲,
au,牛,NYCI月成交头数,2000-04-01,34328.0,,月度,,澳洲,
au,牛,NYCI月成交头数,2000-05-01,54086.0,,月度,,澳洲,
au,牛,NYCI月成交头数,2000-06-01,45345.0,,月度,,澳洲,
au,牛,NYCI月成交头数,2000-07-01,31160.0,,月度,,澳洲,
au,牛,NYCI月成交头数,2000-08-01,37061.0,,月度,,澳洲,
au,牛,NYCI月成交头数,2000-09-01,34363.0,,月度,,澳洲,
au,牛,NYCI月成交头数,2000-10-01,32750.0,,月度,,澳洲,
au,牛,NYCI月成交头数,2000-11-01,35885.0,,月度,,澳洲,
au,牛,NYCI月成交头数,2000-12-01,29853.0,,月度,,澳洲,
au,牛,NYCI月成交头数,2001-01-01,32573.0,,月度,,澳洲,
au,牛,NYCI月成交头数,2001-02-01,33944.0,,月度,,澳洲,
au,牛,NYCI月成交头数,2001-03-01,42770.0,,月度,,澳洲,
au,牛,NYCI月成交头数,2001-04-01,35026.0,,月度,,澳洲,
au,牛,NYCI月成交头数,2001-05-01,54792.0,,月度,,澳洲,
au,牛,NYCI月成交头数,2001-06-01,35808.0,,月度,,澳洲,
au,牛,NYCI月成交头数,2001-07-01,33761.0,,月度,,澳洲,
au,牛,NYCI月成交头数,2001-08-01,33009.0,,月度,,澳洲,
au,牛,NYCI月成交头数,2001-09-01,28691.0,,月度,,澳洲,
au,牛,NYCI月成交头数,2001-10-01,34757.0,,月度,,澳洲,
au,牛,NYCI月成交头数,2001-11-01,45893.0,,月度,,澳洲,
au,牛,NYCI月成交头数,2001-12-01,35629.0,,月度,,澳洲,
au,牛,NYCI月成交头数,2002-01-01,57036.0,,月度,,澳洲,
au,牛,NYCI月成交头数,2002-02-01,51345.0,,月度,,澳洲,
au,牛,NYCI月成交头数,2002-03-01,48146.0,,月度,,澳洲,
au,牛,NYCI月成交头数,2002-04-01,48383.0,,月度,,澳洲,
au,牛,NYCI月成交头数,2002-05-01,56024.0,,月度,,澳洲,
au,牛,NYCI月成交头数,2002-06-01,47165.0,,月度,,澳洲,
au,牛,NYCI月成交头数,2002-07-01,45049.0,,月度,,澳洲,
au,牛,NYCI月成交头数,2002-08-01,52614.0,,月度,,澳洲,
au,牛,NYCI月成交头数,2002-09-01,42218.0,,月度,,澳洲,
au,牛,NYCI月成交头数,2002-10-01,52271.0,,月度,,澳洲,
au,牛,NYCI月成交头数,2002-11-01,53231.0,,月度,,澳洲,
au,牛,NYCI月成交头数,2002-12-01,41669.0,,月度,,澳洲,
au,牛,NYCI月成交头数,2003-01-01,49815.0,,月度,,澳洲,
au,牛,NYCI月成交头数,2003-02-01,51253.0,,月度,,澳洲,
au,牛,NYCI月成交头数,2003-03-01,46382.0,,月度,,澳洲,
au,牛,NYCI月成交头数,2003-04-01,32213.0,,月度,,澳洲,
au,牛,NYCI月成交头数,2003-05-01,57652.0,,月度,,澳洲,
au,牛,NYCI月成交头数,2003-06-01,48247.0,,月度,,澳洲,
au,牛,NYCI月成交头数,2003-07-01,41784.0,,月度,,澳洲,
au,牛,NYCI月成交头数,2003-08-01,38566.0,,月度,,澳洲,
au,牛,NYCI月成交头数,2003-09-01,39485.0,,月度,,澳洲,
au,牛,NYCI月成交头数,2003-10-01,36938.0,,月度,,澳洲,
au,牛,NYCI月成交头数,2003-11-01,40848.0,,月度,,澳洲,
au,牛,NYCI月成交头数,2003-12-01,39263.0,,月度,,澳洲,
au,牛,NYCI月成交头数,2004-01-01,52967.0,,月度,,澳洲,
au,牛,NYCI月成交头数,2004-02-01,49884.0,,月度,,澳洲,
au,牛,NYCI月成交头数,2004-03-01,48079.0,,月度,,澳洲,
au,牛,NYCI月成交头数,2004-04-01,40637.0,,月度,,澳洲,
au,牛,NYCI月成交头数,2004-05-01,53841.0,,月度,,澳洲,
au,牛,NYCI月成交头数,2004-06-01,40686.0,,月度,,澳洲,
au,牛,NYCI月成交头数,2004-07-01,37295.0,,月度,,澳洲,
au,牛,NYCI月成交头数,2004-08-01,33557.0,,月度,,澳洲,
au,牛,NYCI月成交头数,2004-09-01,31228.0,,月度,,澳洲,
au,牛,NYCI月成交头数,2004-10-01,38995.0,,月度,,澳洲,
au,牛,NYCI月成交头数,2004-11-01,40636.0,,月度,,澳洲,
au,牛,NYCI月成交头数,2004-12-01,40160.0,,月度,,澳洲,
au,牛,NYCI月成交头数,2005-01-01,47373.0,,月度,,澳洲,
au,牛,NYCI月成交头数,2005-02-01,45523.0,,月度,,澳洲,
au,牛,NYCI月成交头数,2005-03-01,45800.0,,月度,,澳洲,
au,牛,NYCI月成交头数,2005-04-01,54291.0,,月度,,澳洲,
au,牛,NYCI月成交头数,2005-05-01,63804.0,,月度,,澳洲,
au,牛,NYCI月成交头数,2005-06-01,45132.0,,月度,,澳洲,
au,牛,NYCI月成交头数,2005-07-01,38362.0,,月度,,澳洲,
au,牛,NYCI月成交头数,2005-08-01,39434.0,,月度,,澳洲,
au,牛,NYCI月成交头数,2005-09-01,33115.0,,月度,,澳洲,
au,牛,NYCI月成交头数,2005-10-01,33206.0,,月度,,澳洲,
au,牛,NYCI月成交头数,2005-11-01,39373.0,,月度,,澳洲,
au,牛,NYCI月成交头数,2005-12-01,41779.0,,月度,,澳洲,
au,牛,NYCI月成交头数,2006-01-01,42403.0,,月度,,澳洲,
au,牛,NYCI月成交头数,2006-02-01,49373.0,,月度,,澳洲,
au,牛,NYCI月成交头数,2006-03-01,69357.0,,月度,,澳洲,
au,牛,NYCI月成交头数,2006-04-01,42444.0,,月度,,澳洲,
au,牛,NYCI月成交头数,2006-05-01,77710.0,,月度,,澳洲,
au,牛,NYCI月成交头数,2006-06-01,45410.0,,月度,,澳洲,
au,牛,NYCI月成交头数,2006-07-01,39836.0,,月度,,澳洲,
au,牛,NYCI月成交头数,2006-08-01,34742.0,,月度,,澳洲,
au,牛,NYCI月成交头数,2006-09-01,36237.0,,月度,,澳洲,
au,牛,NYCI月成交头数,2006-10-01,50103.0,,月度,,澳洲,
au,牛,NYCI月成交头数,2006-11-01,53174.0,,月度,,澳洲,
au,牛,NYCI月成交头数,2006-12-01,34338.0,,月度,,澳洲,
au,牛,NYCI月成交头数,2007-01-01,38648.0,,月度,,澳洲,
au,牛,NYCI月成交头数,2007-02-01,42609.0,,月度,,澳洲,
au,牛,NYCI月成交头数,2007-03-01,34041.0,,月度,,澳洲,
au,牛,NYCI月成交头数,2007-04-01,38982.0,,月度,,澳洲,
au,牛,NYCI月成交头数,2007-05-01,40831.0,,月度,,澳洲,
au,牛,NYCI月成交头数,2007-06-01,40697.0,,月度,,澳洲,
au,牛,NYCI月成交头数,2007-07-01,31495.0,,月度,,澳洲,
au,牛,NYCI月成交头数,2007-08-01,31009.0,,月度,,澳洲,
au,牛,NYCI月成交头数,2007-09-01,32541.0,,月度,,澳洲,
au,牛,NYCI月成交头数,2007-10-01,41258.0,,月度,,澳洲,
au,牛,NYCI月成交头数,2007-11-01,39032.0,,月度,,澳洲,
au,牛,NYCI月成交头数,2007-12-01,40529.0,,月度,,澳洲,
au,牛,NYCI月成交头数,2008-01-01,37552.0,,月度,,澳洲,
au,牛,NYCI月成交头数,2008-02-01,45261.0,,月度,,澳洲,
au,牛,NYCI月成交头数,2008-03-01,42880.0,,月度,,澳洲,
au,牛,NYCI月成交头数,2008-04-01,56803.0,,月度,,澳洲,
au,牛,NYCI月成交头数,2008-05-01,57974.0,,月度,,澳洲,
au,牛,NYCI月成交头数,2008-06-01,45365.0,,月度,,澳洲,
au,牛,NYCI月成交头数,2008-07-01,43662.0,,月度,,澳洲,
au,牛,NYCI月成交头数,2008-08-01,33627.0,,月度,,澳洲,
au,牛,NYCI月成交头数,2008-09-01,39870.0,,月度,,澳洲,
au,牛,NYCI月成交头数,2008-10-01,43914.0,,月度,,澳洲,
au,牛,NYCI月成交头数,2008-11-01,33350.0,,月度,,澳洲,
au,牛,NYCI月成交头数,2008-12-01,36287.0,,月度,,澳洲,
au,牛,NYCI月成交头数,2009-01-01,37683.0,,月度,,澳洲,
au,牛,NYCI月成交头数,2009-02-01,41784.0,,月度,,澳洲,
au,牛,NYCI月成交头数,2009-03-01,55859.0,,月度,,澳洲,
au,牛,NYCI月成交头数,2009-04-01,44316.0,,月度,,澳洲,
au,牛,NYCI月成交头数,2009-05-01,54773.0,,月度,,澳洲,
au,牛,NYCI月成交头数,2009-06-01,50948.0,,月度,,澳洲,
au,牛,NYCI月成交头数,2009-07-01,45041.0,,月度,,澳洲,
au,牛,NYCI月成交头数,2009-08-01,44043.0,,月度,,澳洲,
au,牛,NYCI月成交头数,2009-09-01,39700.0,,月度,,澳洲,
au,牛,NYCI月成交头数,2009-10-01,41025.0,,月度,,澳洲,
au,牛,NYCI月成交头数,2009-11-01,42582.0,,月度,,澳洲,
au,牛,NYCI月成交头数,2009-12-01,35719.0,,月度,,澳洲,
au,牛,NYCI月成交头数,2010-01-01,41191.0,,月度,,澳洲,
au,牛,NYCI月成交头数,2010-02-01,45654.0,,月度,,澳洲,
au,牛,NYCI月成交头数,2010-03-01,71360.0,,月度,,澳洲,
au,牛,NYCI月成交头数,2010-04-01,91176.0,,月度,,澳洲,
au,牛,NYCI月成交头数,2010-05-01,106013.0,,月度,,澳洲,
au,牛,NYCI月成交头数,2010-06-01,92954.0,,月度,,澳洲,
au,牛,NYCI月成交头数,2010-07-01,69067.0,,月度,,澳洲,
au,牛,NYCI月成交头数,2010-08-01,56796.0,,月度,,澳洲,
au,牛,NYCI月成交头数,2010-09-01,44117.0,,月度,,澳洲,
au,牛,NYCI月成交头数,2010-10-01,64075.0,,月度,,澳洲,
au,牛,NYCI月成交头数,2010-11-01,63493.0,,月度,,澳洲,
au,牛,NYCI月成交头数,2010-12-01,42488.0,,月度,,澳洲,
au,牛,NYCI月成交头数,2011-01-01,45357.0,,月度,,澳洲,
au,牛,NYCI月成交头数,2011-02-01,68973.0,,月度,,澳洲,
au,牛,NYCI月成交头数,2011-03-01,57626.0,,月度,,澳洲,
au,牛,NYCI月成交头数,2011-04-01,61378.0,,月度,,澳洲,
au,牛,NYCI月成交头数,2011-05-01,87870.0,,月度,,澳洲,
au,牛,NYCI月成交头数,2011-06-01,65250.0,,月度,,澳洲,
au,牛,NYCI月成交头数,2011-07-01,68666.0,,月度,,澳洲,
au,牛,NYCI月成交头数,2011-08-01,59053.0,,月度,,澳洲,
au,牛,NYCI月成交头数,2011-09-01,74159.0,,月度,,澳洲,
au,牛,NYCI月成交头数,2011-10-01,55588.0,,月度,,澳洲,
au,牛,NYCI月成交头数,2011-11-01,71974.0,,月度,,澳洲,
au,牛,NYCI月成交头数,2011-12-01,41772.0,,月度,,澳洲,
au,牛,NYCI月成交头数,2012-01-01,57655.0,,月度,,澳洲,
au,牛,NYCI月成交头数,2012-02-01,62507.0,,月度,,澳洲,
au,牛,NYCI月成交头数,2012-03-01,80447.0,,月度,,澳洲,
au,牛,NYCI月成交头数,2012-04-01,82424.0,,月度,,澳洲,
au,牛,NYCI月成交头数,2012-05-01,106860.0,,月度,,澳洲,
au,牛,NYCI月成交头数,2012-06-01,69427.0,,月度,,澳洲,
au,牛,NYCI月成交头数,2012-07-01,69431.0,,月度,,澳洲,
au,牛,NYCI月成交头数,2012-08-01,74523.0,,月度,,澳洲,
au,牛,NYCI月成交头数,2012-09-01,66524.0,,月度,,澳洲,
au,牛,NYCI月成交头数,2012-10-01,67045.0,,月度,,澳洲,
au,牛,NYCI月成交头数,2012-11-01,76806.0,,月度,,澳洲,
au,牛,NYCI月成交头数,2012-12-01,56812.0,,月度,,澳洲,
au,牛,NYCI月成交头数,2013-01-01,59148.0,,月度,,澳洲,
au,牛,NYCI月成交头数,2013-02-01,71833.0,,月度,,澳洲,
au,牛,NYCI月成交头数,2013-03-01,91665.0,,月度,,澳洲,
au,牛,NYCI月成交头数,2013-04-01,94899.0,,月度,,澳洲,
au,牛,NYCI月成交头数,2013-05-01,112625.0,,月度,,澳洲,
au,牛,NYCI月成交头数,2013-06-01,90104.0,,月度,,澳洲,
au,牛,NYCI月成交头数,2013-07-01,100451.0,,月度,,澳洲,
au,牛,NYCI月成交头数,2013-08-01,76884.0,,月度,,澳洲,
au,牛,NYCI月成交头数,2013-09-01,65784.0,,月度,,澳洲,
au,牛,NYCI月成交头数,2013-10-01,69646.0,,月度,,澳洲,
au,牛,NYCI月成交头数,2013-11-01,67713.0,,月度,,澳洲,
au,牛,NYCI月成交头数,2013-12-01,76937.0,,月度,,澳洲,
au,牛,NYCI月成交头数,2014-01-01,76877.0,,月度,,澳洲,
au,牛,NYCI月成交头数,2014-02-01,70960.0,,月度,,澳洲,
au,牛,NYCI月成交头数,2014-03-01,85311.0,,月度,,澳洲,
au,牛,NYCI月成交头数,2014-04-01,87459.0,,月度,,澳洲,
au,牛,NYCI月成交头数,2014-05-01,102887.0,,月度,,澳洲,
au,牛,NYCI月成交头数,2014-06-01,86881.0,,月度,,澳洲,
au,牛,NYCI月成交头数,2014-07-01,93493.0,,月度,,澳洲,
au,牛,NYCI月成交头数,2014-08-01,72642.0,,月度,,澳洲,
au,牛,NYCI月成交头数,2014-09-01,67170.0,,月度,,澳洲,
au,牛,NYCI月成交头数,2014-10-01,83440.0,,月度,,澳洲,
au,牛,NYCI月成交头数,2014-11-01,92226.0,,月度,,澳洲,
au,牛,NYCI月成交头数,2014-12-01,68045.0,,月度,,澳洲,
au,牛,NYCI月成交头数,2015-01-01,77190.0,,月度,,澳洲,
au,牛,NYCI月成交头数,2015-02-01,108959.0,,月度,,澳洲,
au,牛,NYCI月成交头数,2015-03-01,120750.0,,月度,,澳洲,
au,牛,NYCI月成交头数,2015-04-01,76974.0,,月度,,澳洲,
au,牛,NYCI月成交头数,2015-05-01,112343.0,,月度,,澳洲,
au,牛,NYCI月成交头数,2015-06-01,108352.0,,月度,,澳洲,
au,牛,NYCI月成交头数,2015-07-01,150469.0,,月度,,澳洲,
au,牛,NYCI月成交头数,2015-08-01,124475.0,,月度,,澳洲,
au,牛,NYCI月成交头数,2015-09-01,102010.0,,月度,,澳洲,
au,牛,NYCI月成交头数,2015-10-01,141269.0,,月度,,澳洲,
au,牛,NYCI月成交头数,2015-11-01,121444.0,,月度,,澳洲,
au,牛,NYCI月成交头数,2015-12-01,96417.0,,月度,,澳洲,
au,牛,NYCI月成交头数,2016-01-01,79293.0,,月度,,澳洲,
au,牛,NYCI月成交头数,2016-02-01,114326.0,,月度,,澳洲,
au,牛,NYCI月成交头数,2016-03-01,153869.0,,月度,,澳洲,
au,牛,NYCI月成交头数,2016-04-01,129644.0,,月度,,澳洲,
au,牛,NYCI月成交头数,2016-05-01,147055.0,,月度,,澳洲,
au,牛,NYCI月成交头数,2016-06-01,112569.0,,月度,,澳洲,
au,牛,NYCI月成交头数,2016-07-01,169694.0,,月度,,澳洲,
au,牛,NYCI月成交头数,2016-08-01,156151.0,,月度,,澳洲,
au,牛,NYCI月成交头数,2016-09-01,98151.0,,月度,,澳洲,
au,牛,NYCI月成交头数,2016-10-01,147470.0,,月度,,澳洲,
au,牛,NYCI月成交头数,2016-11-01,141092.0,,月度,,澳洲,
au,牛,NYCI月成交头数,2016-12-01,104363.0,,月度,,澳洲,
au,牛,NYCI月成交头数,2017-01-01,91664.0,,月度,,澳洲,
au,牛,NYCI月成交头数,2017-02-01,158868.0,,月度,,澳洲,
au,牛,NYCI月成交头数,2017-03-01,154807.0,,月度,,澳洲,
au,牛,NYCI月成交头数,2017-04-01,163723.0,,月度,,澳洲,
au,牛,NYCI月成交头数,2017-05-01,176223.0,,月度,,澳洲,
au,牛,NYCI月成交头数,2017-06-01,196352.0,,月度,,澳洲,
au,牛,NYCI月成交头数,2017-07-01,160316.0,,月度,,澳洲,
au,牛,NYCI月成交头数,2017-08-01,130422.0,,月度,,澳洲,
au,牛,NYCI月成交头数,2017-09-01,131914.0,,月度,,澳洲,
au,牛,NYCI月成交头数,2017-10-01,98457.0,,月度,,澳洲,
au,牛,NYCI月成交头数,2017-11-01,164452.0,,月度,,澳洲,
au,牛,NYCI月成交头数,2017-12-01,121837.0,,月度,,澳洲,
au,牛,NYCI月成交头数,2018-01-01,109984.0,,月度,,澳洲,
au,牛,NYCI月成交头数,2018-02-01,170033.0,,月度,,澳洲,
au,牛,NYCI月成交头数,2018-03-01,236051.0,,月度,,澳洲,
au,牛,NYCI月成交头数,2018-04-01,207773.0,,月度,,澳洲,
au,牛,NYCI月成交头数,2018-05-01,224084.0,,月度,,澳洲,
au,牛,NYCI月成交头数,2018-06-01,186683.0,,月度,,澳洲,
au,牛,NYCI月成交头数,2018-07-01,213393.0,,月度,,澳洲,
au,牛,NYCI月成交头数,2018-08-01,177712.0,,月度,,澳洲,
au,牛,NYCI月成交头数,2018-09-01,152348.0,,月度,,澳洲,
au,牛,NYCI月成交头数,2018-10-01,176911.0,,月度,,澳洲,
au,牛,NYCI月成交头数,2018-11-01,189118.0,,月度,,澳洲,
au,牛,NYCI月成交头数,2018-12-01,123807.0,,月度,,澳洲,
au,牛,NYCI月成交头数,2019-01-01,136490.0,,月度,,澳洲,
au,牛,NYCI月成交头数,2019-02-01,157172.0,,月度,,澳洲,
au,牛,NYCI月成交头数,2019-03-01,222896.0,,月度,,澳洲,
au,牛,NYCI月成交头数,2019-04-01,152800.0,,月度,,澳洲,
au,牛,NYCI月成交头数,2019-05-01,182084.0,,月度,,澳洲,
au,牛,NYCI月成交头数,2019-06-01,149549.0,,月度,,澳洲,
au,牛,NYCI月成交头数,2019-07-01,197234.0,,月度,,澳洲,
au,牛,NYCI月成交头数,2019-08-01,176472.0,,月度,,澳洲,
au,牛,NYCI月成交头数,2019-09-01,141076.0,,月度,,澳洲,
au,牛,NYCI月成交头数,2019-10-01,120793.0,,月度,,澳洲,
au,牛,NYCI月成交头数,2019-11-01,176392.0,,月度,,澳洲,
au,牛,NYCI月成交头数,2019-12-01,115546.0,,月度,,澳洲,
au,牛,NYCI月成交头数,2020-01-01,71492.0,,月度,,澳洲,
au,牛,NYCI月成交头数,2020-02-01,141763.0,,月度,,澳洲,
au,牛,NYCI月成交头数,2020-03-01,303669.0,,月度,,澳洲,
au,牛,NYCI月成交头数,2020-04-01,197013.0,,月度,,澳洲,
au,牛,NYCI月成交头数,2020-05-01,258111.0,,月度,,澳洲,
au,牛,NYCI月成交头数,2020-06-01,230456.0,,月度,,澳洲,
au,牛,NYCI月成交头数,2020-07-01,200173.0,,月度,,澳洲,
au,牛,NYCI月成交头数,2020-08-01,193823.0,,月度,,澳洲,
au,牛,NYCI月成交头数,2020-09-01,189999.0,,月度,,澳洲,
au,牛,NYCI月成交头数,2020-10-01,219554.0,,月度,,澳洲,
au,牛,NYCI月成交头数,2020-11-01,229025.0,,月度,,澳洲,
au,牛,NYCI月成交头数,2020-12-01,145192.0,,月度,,澳洲,
au,牛,NYCI月成交头数,2021-01-01,102443.0,,月度,,澳洲,
au,牛,NYCI月成交头数,2021-02-01,204339.0,,月度,,澳洲,
au,牛,NYCI月成交头数,2021-03-01,236233.0,,月度,,澳洲,
au,牛,NYCI月成交头数,2021-04-01,216846.0,,月度,,澳洲,
au,牛,NYCI月成交头数,2021-05-01,239986.0,,月度,,澳洲,
au,牛,NYCI月成交头数,2021-06-01,187630.0,,月度,,澳洲,
au,牛,NYCI月成交头数,2021-07-01,208215.0,,月度,,澳洲,
au,牛,NYCI月成交头数,2021-08-01,229518.0,,月度,,澳洲,
au,牛,NYCI月成交头数,2021-09-01,231074.0,,月度,,澳洲,
au,牛,NYCI月成交头数,2021-10-01,207809.0,,月度,,澳洲,
au,牛,NYCI月成交头数,2021-11-01,226481.0,,月度,,澳洲,
au,牛,NYCI月成交头数,2021-12-01,155176.0,,月度,,澳洲,
au,牛,NYCI月成交头数,2022-01-01,120078.0,,月度,,澳洲,
au,牛,NYCI月成交头数,2022-02-01,234945.0,,月度,,澳洲,
au,牛,NYCI月成交头数,2022-03-01,264793.0,,月度,,澳洲,
au,牛,NYCI月成交头数,2022-04-01,153440.0,,月度,,澳洲,
au,牛,NYCI月成交头数,2022-05-01,217395.0,,月度,,澳洲,
au,牛,NYCI月成交头数,2022-06-01,199106.0,,月度,,澳洲,
au,牛,NYCI月成交头数,2022-07-01,196691.0,,月度,,澳洲,
au,牛,NYCI月成交头数,2022-08-01,143880.0,,月度,,澳洲,
au,牛,NYCI月成交头数,2022-09-01,183591.0,,月度,,澳洲,
au,牛,NYCI月成交头数,2022-10-01,232998.0,,月度,,澳洲,
au,牛,NYCI月成交头数,2022-11-01,232729.0,,月度,,澳洲,
au,牛,NYCI月成交头数,2022-12-01,134148.0,,月度,,澳洲,
au,牛,NYCI月成交头数,2023-01-01,89684.0,,月度,,澳洲,
au,牛,NYCI月成交头数,2023-02-01,150987.0,,月度,,澳洲,
au,牛,NYCI月成交头数,2023-03-01,176442.0,,月度,,澳洲,
au,牛,NYCI月成交头数,2023-04-01,146650.0,,月度,,澳洲,
au,牛,NYCI月成交头数,2023-05-01,204382.0,,月度,,澳洲,
au,牛,NYCI月成交头数,2023-06-01,166420.0,,月度,,澳洲,
au,牛,NYCI月成交头数,2023-07-01,137518.0,,月度,,澳洲,
au,牛,NYCI月成交头数,2023-08-01,185250.0,,月度,,澳洲,
au,牛,NYCI月成交头数,2023-09-01,137296.0,,月度,,澳洲,
au,牛,NYCI月成交头数,2023-10-01,153090.0,,月度,,澳洲,
au,牛,NYCI月成交头数,2023-11-01,118040.0,,月度,,澳洲,
au,牛,NYCI月成交头数,2023-12-01,199355.0,,月度,,澳洲,
au,牛,NYCI月成交头数,2024-01-01,120423.0,,月度,,澳洲,
au,牛,NYCI月成交头数,2024-02-01,254821.0,,月度,,澳洲,
au,牛,NYCI月成交头数,2024-03-01,188282.0,,月度,,澳洲,
au,牛,NYCI月成交头数,2024-04-01,183769.0,,月度,,澳洲,
au,牛,NYCI月成交头数,2024-05-01,264432.0,,月度,,澳洲,
au,牛,NYCI月成交头数,2024-06-01,233984.0,,月度,,澳洲,
au,牛,NYCI月成交头数,2024-07-01,182977.0,,月度,,澳洲,
au,牛,NYCI月成交头数,2024-08-01,230918.0,,月度,,澳洲,
au,牛,NYCI月成交头数,2024-09-01,201972.0,,月度,,澳洲,
au,牛,NYCI月成交头数,2024-10-01,213692.0,,月度,,澳洲,
au,牛,NYCI月成交头数,2024-11-01,185232.0,,月度,,澳洲,
au,牛,NYCI月成交头数,2024-12-01,165373.0,,月度,,澳洲,
au,牛,NYCI月成交头数,2025-01-01,151726.0,,月度,,澳洲,
au,牛,NYCI月成交头数,2025-02-01,188618.0,,月度,,澳洲,
au,牛,NYCI月成交头数,2025-03-01,219392.0,,月度,,澳洲,
au,牛,NYCI月成交头数,2025-04-01,173326.0,,月度,,澳洲,
au,牛,NYCI月成交头数,2025-05-01,308801.0,,月度,,澳洲,
au,牛,NYCI月成交头数,2025-06-01,255265.0,,月度,,澳洲,
au,牛,NYCI月成交头数,2025-07-01,236636.0,,月度,,澳洲,
au,牛,NYCI月成交头数,2025-08-01,236819.0,,月度,,澳洲,
au,牛,NYCI月成交头数,2025-09-01,249527.0,,月度,,澳洲,
au,牛,NYCI月成交头数,2025-10-01,198465.0,,月度,,澳洲,
au,牛,NYCI月成交头数,2025-11-01,254460.0,,月度,,澳洲,
au,牛,NYCI月成交头数,2025-12-01,174733.0,,月度,,澳洲,
au,牛,NYCI月成交头数,2026-01-01,110499.0,,月度,,澳洲,
au,牛,NYCI月成交头数,2026-02-01,189878.0,,月度,,澳洲,
au,牛,NYCI月成交头数,2026-03-01,286050.0,,月度,,澳洲,
au,牛,NYCI月成交头数,2026-04-01,273906.0,,月度,,澳洲,
au,牛,NYCI月成交头数,2026-05-01,222464.0,,月度,,澳洲,
au,牛,NYCI月成交头数,2026-06-01,277958.0,,月度,,澳洲,
au,牛,NYCI月成交头数,2026-07-01,276593.0,,月度,,澳洲,
au,牛,"牛屠宰量(千头,季度)",1972-09-01,1712.8,,月度,,澳洲,
au,牛,"牛屠宰量(千头,季度)",1972-12-01,1550.4,,月度,,澳洲,
au,牛,"牛屠宰量(千头,季度)",1973-03-01,1774.5,,月度,,澳洲,
au,牛,"牛屠宰量(千头,季度)",1973-06-01,1796.1,,月度,,澳洲,
au,牛,"牛屠宰量(千头,季度)",1973-09-01,1929.0,,月度,,澳洲,
au,牛,"牛屠宰量(千头,季度)",1973-12-01,1586.0,,月度,,澳洲,
au,牛,"牛屠宰量(千头,季度)",1974-03-01,1233.9,,月度,,澳洲,
au,牛,"牛屠宰量(千头,季度)",1974-06-01,1316.1,,月度,,澳洲,
au,牛,"牛屠宰量(千头,季度)",1974-09-01,1338.0,,月度,,澳洲,
au,牛,"牛屠宰量(千头,季度)",1974-12-01,1857.1,,月度,,澳洲,
au,牛,"牛屠宰量(千头,季度)",1975-03-01,1718.0,,月度,,澳洲,
au,牛,"牛屠宰量(千头,季度)",1975-06-01,2002.4,,月度,,澳洲,
au,牛,"牛屠宰量(千头,季度)",1975-09-01,2065.0,,月度,,澳洲,
au,牛,"牛屠宰量(千头,季度)",1975-12-01,1929.9,,月度,,澳洲,
au,牛,"牛屠宰量(千头,季度)",1976-03-01,2107.3,,月度,,澳洲,
au,牛,"牛屠宰量(千头,季度)",1976-06-01,2404.3,,月度,,澳洲,
au,牛,"牛屠宰量(千头,季度)",1976-09-01,2350.8,,月度,,澳洲,
au,牛,"牛屠宰量(千头,季度)",1976-12-01,2075.5,,月度,,澳洲,
au,牛,"牛屠宰量(千头,季度)",1977-03-01,2411.1,,月度,,澳洲,
au,牛,"牛屠宰量(千头,季度)",1977-06-01,2661.3,,月度,,澳洲,
au,牛,"牛屠宰量(千头,季度)",1977-09-01,2723.9,,月度,,澳洲,
au,牛,"牛屠宰量(千头,季度)",1977-12-01,2531.1,,月度,,澳洲,
au,牛,"牛屠宰量(千头,季度)",1978-03-01,2487.3,,月度,,澳洲,
au,牛,"牛屠宰量(千头,季度)",1978-06-01,2692.1,,月度,,澳洲,
au,牛,"牛屠宰量(千头,季度)",1978-09-01,2521.5,,月度,,澳洲,
au,牛,"牛屠宰量(千头,季度)",1978-12-01,2457.8,,月度,,澳洲,
au,牛,"牛屠宰量(千头,季度)",1979-03-01,2463.4,,月度,,澳洲,
au,牛,"牛屠宰量(千头,季度)",1979-06-01,2083.9,,月度,,澳洲,
au,牛,"牛屠宰量(千头,季度)",1979-09-01,1917.5,,月度,,澳洲,
au,牛,"牛屠宰量(千头,季度)",1979-12-01,1797.3,,月度,,澳洲,
au,牛,"牛屠宰量(千头,季度)",1980-03-01,1628.5,,月度,,澳洲,
au,牛,"牛屠宰量(千头,季度)",1980-06-01,2008.1,,月度,,澳洲,
au,牛,"牛屠宰量(千头,季度)",1980-09-01,2007.9,,月度,,澳洲,
au,牛,"牛屠宰量(千头,季度)",1980-12-01,1675.8,,月度,,澳洲,
au,牛,"牛屠宰量(千头,季度)",1981-03-01,1439.8,,月度,,澳洲,
au,牛,"牛屠宰量(千头,季度)",1981-06-01,1849.5,,月度,,澳洲,
au,牛,"牛屠宰量(千头,季度)",1981-09-01,1757.9,,月度,,澳洲,
au,牛,"牛屠宰量(千头,季度)",1981-12-01,1604.4,,月度,,澳洲,
au,牛,"牛屠宰量(千头,季度)",1982-03-01,1813.4,,月度,,澳洲,
au,牛,"牛屠宰量(千头,季度)",1982-06-01,2042.6,,月度,,澳洲,
au,牛,"牛屠宰量(千头,季度)",1982-09-01,2139.8,,月度,,澳洲,
au,牛,"牛屠宰量(千头,季度)",1982-12-01,1794.6,,月度,,澳洲,
au,牛,"牛屠宰量(千头,季度)",1983-03-01,1743.8,,月度,,澳洲,
au,牛,"牛屠宰量(千头,季度)",1983-06-01,1694.4,,月度,,澳洲,
au,牛,"牛屠宰量(千头,季度)",1983-09-01,1771.8,,月度,,澳洲,
au,牛,"牛屠宰量(千头,季度)",1983-12-01,1435.0,,月度,,澳洲,
au,牛,"牛屠宰量(千头,季度)",1984-03-01,1330.7,,月度,,澳洲,
au,牛,"牛屠宰量(千头,季度)",1984-06-01,1492.9,,月度,,澳洲,
au,牛,"牛屠宰量(千头,季度)",1984-09-01,1530.4,,月度,,澳洲,
au,牛,"牛屠宰量(千头,季度)",1984-12-01,1253.8,,月度,,澳洲,
au,牛,"牛屠宰量(千头,季度)",1985-03-01,1388.9,,月度,,澳洲,
au,牛,"牛屠宰量(千头,季度)",1985-06-01,1650.3,,月度,,澳洲,
au,牛,"牛屠宰量(千头,季度)",1985-09-01,1513.7,,月度,,澳洲,
au,牛,"牛屠宰量(千头,季度)",1985-12-01,1405.1,,月度,,澳洲,
au,牛,"牛屠宰量(千头,季度)",1986-03-01,1498.7,,月度,,澳洲,
au,牛,"牛屠宰量(千头,季度)",1986-06-01,1739.2,,月度,,澳洲,
au,牛,"牛屠宰量(千头,季度)",1986-09-01,1722.6,,月度,,澳洲,
au,牛,"牛屠宰量(千头,季度)",1986-12-01,1650.7,,月度,,澳洲,
au,牛,"牛屠宰量(千头,季度)",1987-03-01,1599.9,,月度,,澳洲,
au,牛,"牛屠宰量(千头,季度)",1987-06-01,1790.2,,月度,,澳洲,
au,牛,"牛屠宰量(千头,季度)",1987-09-01,1733.0,,月度,,澳洲,
au,牛,"牛屠宰量(千头,季度)",1987-12-01,1737.3,,月度,,澳洲,
au,牛,"牛屠宰量(千头,季度)",1988-03-01,1761.9,,月度,,澳洲,
au,牛,"牛屠宰量(千头,季度)",1988-06-01,1694.8,,月度,,澳洲,
au,牛,"牛屠宰量(千头,季度)",1988-09-01,1670.7,,月度,,澳洲,
au,牛,"牛屠宰量(千头,季度)",1988-12-01,1569.1,,月度,,澳洲,
au,牛,"牛屠宰量(千头,季度)",1989-03-01,1436.8,,月度,,澳洲,
au,牛,"牛屠宰量(千头,季度)",1989-06-01,1594.7,,月度,,澳洲,
au,牛,"牛屠宰量(千头,季度)",1989-09-01,1747.0,,月度,,澳洲,
au,牛,"牛屠宰量(千头,季度)",1989-12-01,1732.4,,月度,,澳洲,
au,牛,"牛屠宰量(千头,季度)",1990-03-01,1713.0,,月度,,澳洲,
au,牛,"牛屠宰量(千头,季度)",1990-06-01,1753.1,,月度,,澳洲,
au,牛,"牛屠宰量(千头,季度)",1990-09-01,1870.5,,月度,,澳洲,
au,牛,"牛屠宰量(千头,季度)",1990-12-01,1868.8,,月度,,澳洲,
au,牛,"牛屠宰量(千头,季度)",1991-03-01,1643.3,,月度,,澳洲,
au,牛,"牛屠宰量(千头,季度)",1991-06-01,1966.3,,月度,,澳洲,
au,牛,"牛屠宰量(千头,季度)",1991-09-01,1891.2,,月度,,澳洲,
au,牛,"牛屠宰量(千头,季度)",1991-12-01,1884.3,,月度,,澳洲,
au,牛,"牛屠宰量(千头,季度)",1992-03-01,1858.7,,月度,,澳洲,
au,牛,"牛屠宰量(千头,季度)",1992-06-01,2015.8,,月度,,澳洲,
au,牛,"牛屠宰量(千头,季度)",1992-09-01,1945.9,,月度,,澳洲,
au,牛,"牛屠宰量(千头,季度)",1992-12-01,1892.9,,月度,,澳洲,
au,牛,"牛屠宰量(千头,季度)",1993-03-01,1707.8,,月度,,澳洲,
au,牛,"牛屠宰量(千头,季度)",1993-06-01,1896.1,,月度,,澳洲,
au,牛,"牛屠宰量(千头,季度)",1993-09-01,1922.6,,月度,,澳洲,
au,牛,"牛屠宰量(千头,季度)",1993-12-01,1826.6,,月度,,澳洲,
au,牛,"牛屠宰量(千头,季度)",1994-03-01,1721.7,,月度,,澳洲,
au,牛,"牛屠宰量(千头,季度)",1994-06-01,1819.2,,月度,,澳洲,
au,牛,"牛屠宰量(千头,季度)",1994-09-01,1904.9,,月度,,澳洲,
au,牛,"牛屠宰量(千头,季度)",1994-12-01,1853.1,,月度,,澳洲,
au,牛,"牛屠宰量(千头,季度)",1995-03-01,1617.9,,月度,,澳洲,
au,牛,"牛屠宰量(千头,季度)",1995-06-01,1844.2,,月度,,澳洲,
au,牛,"牛屠宰量(千头,季度)",1995-09-01,1757.3,,月度,,澳洲,
au,牛,"牛屠宰量(千头,季度)",1995-12-01,1695.0,,月度,,澳洲,
au,牛,"牛屠宰量(千头,季度)",1996-03-01,1733.9,,月度,,澳洲,
au,牛,"牛屠宰量(千头,季度)",1996-06-01,1763.5,,月度,,澳洲,
au,牛,"牛屠宰量(千头,季度)",1996-09-01,1682.0,,月度,,澳洲,
au,牛,"牛屠宰量(千头,季度)",1996-12-01,1717.9,,月度,,澳洲,
au,牛,"牛屠宰量(千头,季度)",1997-03-01,1786.2,,月度,,澳洲,
au,牛,"牛屠宰量(千头,季度)",1997-06-01,2084.4,,月度,,澳洲,
au,牛,"牛屠宰量(千头,季度)",1997-09-01,2056.7,,月度,,澳洲,
au,牛,"牛屠宰量(千头,季度)",1997-12-01,1941.1,,月度,,澳洲,
au,牛,"牛屠宰量(千头,季度)",1998-03-01,1945.3,,月度,,澳洲,
au,牛,"牛屠宰量(千头,季度)",1998-06-01,2108.6,,月度,,澳洲,
au,牛,"牛屠宰量(千头,季度)",1998-09-01,2050.9,,月度,,澳洲,
au,牛,"牛屠宰量(千头,季度)",1998-12-01,2000.6,,月度,,澳洲,
au,牛,"牛屠宰量(千头,季度)",1999-03-01,1940.3,,月度,,澳洲,
au,牛,"牛屠宰量(千头,季度)",1999-06-01,1947.3,,月度,,澳洲,
au,牛,"牛屠宰量(千头,季度)",1999-09-01,1918.8,,月度,,澳洲,
au,牛,"牛屠宰量(千头,季度)",1999-12-01,1846.6,,月度,,澳洲,
au,牛,"牛屠宰量(千头,季度)",2000-03-01,1806.3,,月度,,澳洲,
au,牛,"牛屠宰量(千头,季度)",2000-06-01,1948.3,,月度,,澳洲,
au,牛,"牛屠宰量(千头,季度)",2000-09-01,1993.1,,月度,,澳洲,
au,牛,"牛屠宰量(千头,季度)",2000-12-01,1954.6,,月度,,澳洲,
au,牛,"牛屠宰量(千头,季度)",2001-03-01,1913.0,,月度,,澳洲,
au,牛,"牛屠宰量(千头,季度)",2001-06-01,2079.9,,月度,,澳洲,
au,牛,"牛屠宰量(千头,季度)",2001-09-01,2029.4,,月度,,澳洲,
au,牛,"牛屠宰量(千头,季度)",2001-12-01,1786.0,,月度,,澳洲,
au,牛,"牛屠宰量(千头,季度)",2002-03-01,1720.9,,月度,,澳洲,
au,牛,"牛屠宰量(千头,季度)",2002-06-01,2087.9,,月度,,澳洲,
au,牛,"牛屠宰量(千头,季度)",2002-09-01,2077.7,,月度,,澳洲,
au,牛,"牛屠宰量(千头,季度)",2002-12-01,2082.3,,月度,,澳洲,
au,牛,"牛屠宰量(千头,季度)",2003-03-01,1891.9,,月度,,澳洲,
au,牛,"牛屠宰量(千头,季度)",2003-06-01,2030.9,,月度,,澳洲,
au,牛,"牛屠宰量(千头,季度)",2003-09-01,1949.1,,月度,,澳洲,
au,牛,"牛屠宰量(千头,季度)",2003-12-01,1934.2,,月度,,澳洲,
au,牛,"牛屠宰量(千头,季度)",2004-03-01,1848.8,,月度,,澳洲,
au,牛,"牛屠宰量(千头,季度)",2004-06-01,2020.8,,月度,,澳洲,
au,牛,"牛屠宰量(千头,季度)",2004-09-01,2089.3,,月度,,澳洲,
au,牛,"牛屠宰量(千头,季度)",2004-12-01,1934.6,,月度,,澳洲,
au,牛,"牛屠宰量(千头,季度)",2005-03-01,1815.2,,月度,,澳洲,
au,牛,"牛屠宰量(千头,季度)",2005-06-01,2146.5,,月度,,澳洲,
au,牛,"牛屠宰量(千头,季度)",2005-09-01,1874.7,,月度,,澳洲,
au,牛,"牛屠宰量(千头,季度)",2005-12-01,1806.9,,月度,,澳洲,
au,牛,"牛屠宰量(千头,季度)",2006-03-01,1883.6,,月度,,澳洲,
au,牛,"牛屠宰量(千头,季度)",2006-06-01,2014.8,,月度,,澳洲,
au,牛,"牛屠宰量(千头,季度)",2006-09-01,1996.0,,月度,,澳洲,
au,牛,"牛屠宰量(千头,季度)",2006-12-01,2091.1,,月度,,澳洲,
au,牛,"牛屠宰量(千头,季度)",2007-03-01,2033.1,,月度,,澳洲,
au,牛,"牛屠宰量(千头,季度)",2007-06-01,2041.5,,月度,,澳洲,
au,牛,"牛屠宰量(千头,季度)",2007-09-01,1959.2,,月度,,澳洲,
au,牛,"牛屠宰量(千头,季度)",2007-12-01,1965.8,,月度,,澳洲,
au,牛,"牛屠宰量(千头,季度)",2008-03-01,1778.2,,月度,,澳洲,
au,牛,"牛屠宰量(千头,季度)",2008-06-01,2130.1,,月度,,澳洲,
au,牛,"牛屠宰量(千头,季度)",2008-09-01,1982.0,,月度,,澳洲,
au,牛,"牛屠宰量(千头,季度)",2008-12-01,1963.9,,月度,,澳洲,
au,牛,"牛屠宰量(千头,季度)",2009-03-01,1879.1,,月度,,澳洲,
au,牛,"牛屠宰量(千头,季度)",2009-06-01,1964.2,,月度,,澳洲,
au,牛,"牛屠宰量(千头,季度)",2009-09-01,1967.8,,月度,,澳洲,
au,牛,"牛屠宰量(千头,季度)",2009-12-01,1771.7,,月度,,澳洲,
au,牛,"牛屠宰量(千头,季度)",2010-03-01,1732.2,,月度,,澳洲,
au,牛,"牛屠宰量(千头,季度)",2010-06-01,1988.9,,月度,,澳洲,
au,牛,"牛屠宰量(千头,季度)",2010-09-01,1912.1,,月度,,澳洲,
au,牛,"牛屠宰量(千头,季度)",2010-12-01,1838.6,,月度,,澳洲,
au,牛,"牛屠宰量(千头,季度)",2011-03-01,1728.3,,月度,,澳洲,
au,牛,"牛屠宰量(千头,季度)",2011-06-01,1889.6,,月度,,澳洲,
au,牛,"牛屠宰量(千头,季度)",2011-09-01,1825.0,,月度,,澳洲,
au,牛,"牛屠宰量(千头,季度)",2011-12-01,1817.8,,月度,,澳洲,
au,牛,"牛屠宰量(千头,季度)",2012-03-01,1745.8,,月度,,澳洲,
au,牛,"牛屠宰量(千头,季度)",2012-06-01,1812.6,,月度,,澳洲,
au,牛,"牛屠宰量(千头,季度)",2012-09-01,1887.1,,月度,,澳洲,
au,牛,"牛屠宰量(千头,季度)",2012-12-01,1906.9,,月度,,澳洲,
au,牛,"牛屠宰量(千头,季度)",2013-03-01,1867.2,,月度,,澳洲,
au,牛,"牛屠宰量(千头,季度)",2013-06-01,2150.0,,月度,,澳洲,
au,牛,"牛屠宰量(千头,季度)",2013-09-01,2210.0,,月度,,澳洲,
au,牛,"牛屠宰量(千头,季度)",2013-12-01,2117.0,,月度,,澳洲,
au,牛,"牛屠宰量(千头,季度)",2014-03-01,2172.6,,月度,,澳洲,
au,牛,"牛屠宰量(千头,季度)",2014-06-01,2264.4,,月度,,澳洲,
au,牛,"牛屠宰量(千头,季度)",2014-09-01,2464.9,,月度,,澳洲,
au,牛,"牛屠宰量(千头,季度)",2014-12-01,2324.3,,月度,,澳洲,
au,牛,"牛屠宰量(千头,季度)",2015-03-01,2263.2,,月度,,澳洲,
au,牛,"牛屠宰量(千头,季度)",2015-06-01,2367.6,,月度,,澳洲,
au,牛,"牛屠宰量(千头,季度)",2015-09-01,2321.7,,月度,,澳洲,
au,牛,"牛屠宰量(千头,季度)",2015-12-01,2054.8,,月度,,澳洲,
au,牛,"牛屠宰量(千头,季度)",2016-03-01,1824.2,,月度,,澳洲,
au,牛,"牛屠宰量(千头,季度)",2016-06-01,1988.1,,月度,,澳洲,
au,牛,"牛屠宰量(千头,季度)",2016-09-01,1717.6,,月度,,澳洲,
au,牛,"牛屠宰量(千头,季度)",2016-12-01,1758.1,,月度,,澳洲,
au,牛,"牛屠宰量(千头,季度)",2017-03-01,1673.8,,月度,,澳洲,
au,牛,"牛屠宰量(千头,季度)",2017-06-01,1831.9,,月度,,澳洲,
au,牛,"牛屠宰量(千头,季度)",2017-09-01,1923.1,,月度,,澳洲,
au,牛,"牛屠宰量(千头,季度)",2017-12-01,1729.7,,月度,,澳洲,
au,牛,"牛屠宰量(千头,季度)",2018-03-01,1765.4,,月度,,澳洲,
au,牛,"牛屠宰量(千头,季度)",2018-06-01,2060.9,,月度,,澳洲,
au,牛,"牛屠宰量(千头,季度)",2018-09-01,2114.7,,月度,,澳洲,
au,牛,"牛屠宰量(千头,季度)",2018-12-01,1932.1,,月度,,澳洲,
au,牛,"牛屠宰量(千头,季度)",2019-03-01,2010.4,,月度,,澳洲,
au,牛,"牛屠宰量(千头,季度)",2019-06-01,2113.3,,月度,,澳洲,
au,牛,"牛屠宰量(千头,季度)",2019-09-01,2229.7,,月度,,澳洲,
au,牛,"牛屠宰量(千头,季度)",2019-12-01,2128.6,,月度,,澳洲,
au,牛,"牛屠宰量(千头,季度)",2020-03-01,1935.2,,月度,,澳洲,
au,牛,"牛屠宰量(千头,季度)",2020-06-01,1885.8,,月度,,澳洲,
au,牛,"牛屠宰量(千头,季度)",2020-09-01,1761.5,,月度,,澳洲,
au,牛,"牛屠宰量(千头,季度)",2020-12-01,1562.7,,月度,,澳洲,
au,牛,"牛屠宰量(千头,季度)",2021-03-01,1417.8,,月度,,澳洲,
au,牛,"牛屠宰量(千头,季度)",2021-06-01,1538.2,,月度,,澳洲,
au,牛,"牛屠宰量(千头,季度)",2021-09-01,1597.1,,月度,,澳洲,
au,牛,"牛屠宰量(千头,季度)",2021-12-01,1464.8,,月度,,澳洲,
au,牛,"牛屠宰量(千头,季度)",2022-03-01,1339.5,,月度,,澳洲,
au,牛,"牛屠宰量(千头,季度)",2022-06-01,1490.4,,月度,,澳洲,
au,牛,"牛屠宰量(千头,季度)",2022-09-01,1557.3,,月度,,澳洲,
au,牛,"牛屠宰量(千头,季度)",2022-12-01,1462.4,,月度,,澳洲,
au,牛,"牛屠宰量(千头,季度)",2023-03-01,1542.4,,月度,,澳洲,
au,牛,"牛屠宰量(千头,季度)",2023-06-01,1728.1,,月度,,澳洲,
au,牛,"牛屠宰量(千头,季度)",2023-09-01,1908.6,,月度,,澳洲,
au,牛,"牛屠宰量(千头,季度)",2023-12-01,1841.1,,月度,,澳洲,
au,牛,"牛屠宰量(千头,季度)",2024-03-01,1806.6,,月度,,澳洲,
au,牛,"牛屠宰量(千头,季度)",2024-06-01,2123.4,,月度,,澳洲,
au,牛,"牛屠宰量(千头,季度)",2024-09-01,2241.2,,月度,,澳洲,
au,牛,"牛屠宰量(千头,季度)",2024-12-01,2124.6,,月度,,澳洲,
au,牛,"牛屠宰量(千头,季度)",2025-03-01,2172.4,,月度,,澳洲,
au,牛,"牛屠宰量(千头,季度)",2025-06-01,2338.2,,月度,,澳洲,
au,牛,"牛屠宰量(千头,季度)",2025-09-01,2475.3,,月度,,澳洲,
au,牛,"牛屠宰量(千头,季度)",2025-12-01,2298.0,,月度,,澳洲,
au,牛,"牛屠宰量(千头,季度)",2026-03-01,2302.3,,月度,,澳洲,
au,牛,"牛屠宰量(千头,季度)",2026-06-01,2521.6,,月度,,澳洲,
au,牛,"牛肉产量(吨,季度)",1972-09-01,360638.0,,月度,,澳洲,
au,牛,"牛肉产量(吨,季度)",1972-12-01,315925.0,,月度,,澳洲,
au,牛,"牛肉产量(吨,季度)",1973-03-01,355431.0,,月度,,澳洲,
au,牛,"牛肉产量(吨,季度)",1973-06-01,364024.0,,月度,,澳洲,
au,牛,"牛肉产量(吨,季度)",1973-09-01,406631.0,,月度,,澳洲,
au,牛,"牛肉产量(吨,季度)",1973-12-01,337391.0,,月度,,澳洲,
au,牛,"牛肉产量(吨,季度)",1974-03-01,256128.0,,月度,,澳洲,
au,牛,"牛肉产量(吨,季度)",1974-06-01,278962.0,,月度,,澳洲,
au,牛,"牛肉产量(吨,季度)",1974-09-01,289538.0,,月度,,澳洲,
au,牛,"牛肉产量(吨,季度)",1974-12-01,411261.0,,月度,,澳洲,
au,牛,"牛肉产量(吨,季度)",1975-03-01,367106.0,,月度,,澳洲,
au,牛,"牛肉产量(吨,季度)",1975-06-01,424874.0,,月度,,澳洲,
au,牛,"牛肉产量(吨,季度)",1975-09-01,442037.0,,月度,,澳洲,
au,牛,"牛肉产量(吨,季度)",1975-12-01,401928.0,,月度,,澳洲,
au,牛,"牛肉产量(吨,季度)",1976-03-01,425955.0,,月度,,澳洲,
au,牛,"牛肉产量(吨,季度)",1976-06-01,486669.0,,月度,,澳洲,
au,牛,"牛肉产量(吨,季度)",1976-09-01,472746.0,,月度,,澳洲,
au,牛,"牛肉产量(吨,季度)",1976-12-01,414203.0,,月度,,澳洲,
au,牛,"牛肉产量(吨,季度)",1977-03-01,474426.0,,月度,,澳洲,
au,牛,"牛肉产量(吨,季度)",1977-06-01,528426.0,,月度,,澳洲,
au,牛,"牛肉产量(吨,季度)",1977-09-01,547524.0,,月度,,澳洲,
au,牛,"牛肉产量(吨,季度)",1977-12-01,507887.0,,月度,,澳洲,
au,牛,"牛肉产量(吨,季度)",1978-03-01,489735.0,,月度,,澳洲,
au,牛,"牛肉产量(吨,季度)",1978-06-01,534747.0,,月度,,澳洲,
au,牛,"牛肉产量(吨,季度)",1978-09-01,511288.0,,月度,,澳洲,
au,牛,"牛肉产量(吨,季度)",1978-12-01,505760.0,,月度,,澳洲,
au,牛,"牛肉产量(吨,季度)",1979-03-01,505437.0,,月度,,澳洲,
au,牛,"牛肉产量(吨,季度)",1979-06-01,425076.0,,月度,,澳洲,
au,牛,"牛肉产量(吨,季度)",1979-09-01,402814.0,,月度,,澳洲,
au,牛,"牛肉产量(吨,季度)",1979-12-01,377869.0,,月度,,澳洲,
au,牛,"牛肉产量(吨,季度)",1980-03-01,331486.0,,月度,,澳洲,
au,牛,"牛肉产量(吨,季度)",1980-06-01,398256.0,,月度,,澳洲,
au,牛,"牛肉产量(吨,季度)",1980-09-01,412821.0,,月度,,澳洲,
au,牛,"牛肉产量(吨,季度)",1980-12-01,338748.0,,月度,,澳洲,
au,牛,"牛肉产量(吨,季度)",1981-03-01,294621.0,,月度,,澳洲,
au,牛,"牛肉产量(吨,季度)",1981-06-01,371473.0,,月度,,澳洲,
au,牛,"牛肉产量(吨,季度)",1981-09-01,366800.0,,月度,,澳洲,
au,牛,"牛肉产量(吨,季度)",1981-12-01,340636.0,,月度,,澳洲,
au,牛,"牛肉产量(吨,季度)",1982-03-01,384526.0,,月度,,澳洲,
au,牛,"牛肉产量(吨,季度)",1982-06-01,434277.0,,月度,,澳洲,
au,牛,"牛肉产量(吨,季度)",1982-09-01,445863.0,,月度,,澳洲,
au,牛,"牛肉产量(吨,季度)",1982-12-01,356667.0,,月度,,澳洲,
au,牛,"牛肉产量(吨,季度)",1983-03-01,341172.0,,月度,,澳洲,
au,牛,"牛肉产量(吨,季度)",1983-06-01,337934.0,,月度,,澳洲,
au,牛,"牛肉产量(吨,季度)",1983-09-01,375000.0,,月度,,澳洲,
au,牛,"牛肉产量(吨,季度)",1983-12-01,308305.0,,月度,,澳洲,
au,牛,"牛肉产量(吨,季度)",1984-03-01,293777.0,,月度,,澳洲,
au,牛,"牛肉产量(吨,季度)",1984-06-01,326148.0,,月度,,澳洲,
au,牛,"牛肉产量(吨,季度)",1984-09-01,338982.0,,月度,,澳洲,
au,牛,"牛肉产量(吨,季度)",1984-12-01,273817.0,,月度,,澳洲,
au,牛,"牛肉产量(吨,季度)",1985-03-01,304875.0,,月度,,澳洲,
au,牛,"牛肉产量(吨,季度)",1985-06-01,352879.0,,月度,,澳洲,
au,牛,"牛肉产量(吨,季度)",1985-09-01,330243.0,,月度,,澳洲,
au,牛,"牛肉产量(吨,季度)",1985-12-01,310879.0,,月度,,澳洲,
au,牛,"牛肉产量(吨,季度)",1986-03-01,331836.0,,月度,,澳洲,
au,牛,"牛肉产量(吨,季度)",1986-06-01,371125.0,,月度,,澳洲,
au,牛,"牛肉产量(吨,季度)",1986-09-01,374185.0,,月度,,澳洲,
au,牛,"牛肉产量(吨,季度)",1986-12-01,361440.0,,月度,,澳洲,
au,牛,"牛肉产量(吨,季度)",1987-03-01,353548.0,,月度,,澳洲,
au,牛,"牛肉产量(吨,季度)",1987-06-01,391918.0,,月度,,澳洲,
au,牛,"牛肉产量(吨,季度)",1987-09-01,386945.0,,月度,,澳洲,
au,牛,"牛肉产量(吨,季度)",1987-12-01,393960.0,,月度,,澳洲,
au,牛,"牛肉产量(吨,季度)",1988-03-01,395282.0,,月度,,澳洲,
au,牛,"牛肉产量(吨,季度)",1988-06-01,372996.0,,月度,,澳洲,
au,牛,"牛肉产量(吨,季度)",1988-09-01,380430.0,,月度,,澳洲,
au,牛,"牛肉产量(吨,季度)",1988-12-01,367466.0,,月度,,澳洲,
au,牛,"牛肉产量(吨,季度)",1989-03-01,337993.0,,月度,,澳洲,
au,牛,"牛肉产量(吨,季度)",1989-06-01,373481.0,,月度,,澳洲,
au,牛,"牛肉产量(吨,季度)",1989-09-01,413550.0,,月度,,澳洲,
au,牛,"牛肉产量(吨,季度)",1989-12-01,414436.0,,月度,,澳洲,
au,牛,"牛肉产量(吨,季度)",1990-03-01,410232.0,,月度,,澳洲,
au,牛,"牛肉产量(吨,季度)",1990-06-01,403299.0,,月度,,澳洲,
au,牛,"牛肉产量(吨,季度)",1990-09-01,441988.0,,月度,,澳洲,
au,牛,"牛肉产量(吨,季度)",1990-12-01,446148.0,,月度,,澳洲,
au,牛,"牛肉产量(吨,季度)",1991-03-01,382596.0,,月度,,澳洲,
au,牛,"牛肉产量(吨,季度)",1991-06-01,452503.0,,月度,,澳洲,
au,牛,"牛肉产量(吨,季度)",1991-09-01,437553.0,,月度,,澳洲,
au,牛,"牛肉产量(吨,季度)",1991-12-01,438743.0,,月度,,澳洲,
au,牛,"牛肉产量(吨,季度)",1992-03-01,423358.0,,月度,,澳洲,
au,牛,"牛肉产量(吨,季度)",1992-06-01,453100.0,,月度,,澳洲,
au,牛,"牛肉产量(吨,季度)",1992-09-01,460275.0,,月度,,澳洲,
au,牛,"牛肉产量(吨,季度)",1992-12-01,460863.0,,月度,,澳洲,
au,牛,"牛肉产量(吨,季度)",1993-03-01,412292.0,,月度,,澳洲,
au,牛,"牛肉产量(吨,季度)",1993-06-01,453429.0,,月度,,澳洲,
au,牛,"牛肉产量(吨,季度)",1993-09-01,465519.0,,月度,,澳洲,
au,牛,"牛肉产量(吨,季度)",1993-12-01,442566.0,,月度,,澳洲,
au,牛,"牛肉产量(吨,季度)",1994-03-01,428537.0,,月度,,澳洲,
au,牛,"牛肉产量(吨,季度)",1994-06-01,449601.0,,月度,,澳洲,
au,牛,"牛肉产量(吨,季度)",1994-09-01,474989.0,,月度,,澳洲,
au,牛,"牛肉产量(吨,季度)",1994-12-01,452480.0,,月度,,澳洲,
au,牛,"牛肉产量(吨,季度)",1995-03-01,396034.0,,月度,,澳洲,
au,牛,"牛肉产量(吨,季度)",1995-06-01,442103.0,,月度,,澳洲,
au,牛,"牛肉产量(吨,季度)",1995-09-01,427485.0,,月度,,澳洲,
au,牛,"牛肉产量(吨,季度)",1995-12-01,418880.0,,月度,,澳洲,
au,牛,"牛肉产量(吨,季度)",1996-03-01,430972.0,,月度,,澳洲,
au,牛,"牛肉产量(吨,季度)",1996-06-01,433585.0,,月度,,澳洲,
au,牛,"牛肉产量(吨,季度)",1996-09-01,410151.0,,月度,,澳洲,
au,牛,"牛肉产量(吨,季度)",1996-12-01,423732.0,,月度,,澳洲,
au,牛,"牛肉产量(吨,季度)",1997-03-01,438374.0,,月度,,澳洲,
au,牛,"牛肉产量(吨,季度)",1997-06-01,499940.0,,月度,,澳洲,
au,牛,"牛肉产量(吨,季度)",1997-09-01,491677.0,,月度,,澳洲,
au,牛,"牛肉产量(吨,季度)",1997-12-01,466695.0,,月度,,澳洲,
au,牛,"牛肉产量(吨,季度)",1998-03-01,462312.0,,月度,,澳洲,
au,牛,"牛肉产量(吨,季度)",1998-06-01,490405.0,,月度,,澳洲,
au,牛,"牛肉产量(吨,季度)",1998-09-01,496205.0,,月度,,澳洲,
au,牛,"牛肉产量(吨,季度)",1998-12-01,495768.0,,月度,,澳洲,
au,牛,"牛肉产量(吨,季度)",1999-03-01,491261.0,,月度,,澳洲,
au,牛,"牛肉产量(吨,季度)",1999-06-01,489502.0,,月度,,澳洲,
au,牛,"牛肉产量(吨,季度)",1999-09-01,492430.0,,月度,,澳洲,
au,牛,"牛肉产量(吨,季度)",1999-12-01,482582.0,,月度,,澳洲,
au,牛,"牛肉产量(吨,季度)",2000-03-01,472298.0,,月度,,澳洲,
au,牛,"牛肉产量(吨,季度)",2000-06-01,505010.0,,月度,,澳洲,
au,牛,"牛肉产量(吨,季度)",2000-09-01,521904.0,,月度,,澳洲,
au,牛,"牛肉产量(吨,季度)",2000-12-01,519295.0,,月度,,澳洲,
au,牛,"牛肉产量(吨,季度)",2001-03-01,502131.0,,月度,,澳洲,
au,牛,"牛肉产量(吨,季度)",2001-06-01,542621.0,,月度,,澳洲,
au,牛,"牛肉产量(吨,季度)",2001-09-01,534564.0,,月度,,澳洲,
au,牛,"牛肉产量(吨,季度)",2001-12-01,468951.0,,月度,,澳洲,
au,牛,"牛肉产量(吨,季度)",2002-03-01,450941.0,,月度,,澳洲,
au,牛,"牛肉产量(吨,季度)",2002-06-01,541710.0,,月度,,澳洲,
au,牛,"牛肉产量(吨,季度)",2002-09-01,534915.0,,月度,,澳洲,
au,牛,"牛肉产量(吨,季度)",2002-12-01,527190.0,,月度,,澳洲,
au,牛,"牛肉产量(吨,季度)",2003-03-01,473184.0,,月度,,澳洲,
au,牛,"牛肉产量(吨,季度)",2003-06-01,499323.0,,月度,,澳洲,
au,牛,"牛肉产量(吨,季度)",2003-09-01,489378.0,,月度,,澳洲,
au,牛,"牛肉产量(吨,季度)",2003-12-01,497502.0,,月度,,澳洲,
au,牛,"牛肉产量(吨,季度)",2004-03-01,483454.0,,月度,,澳洲,
au,牛,"牛肉产量(吨,季度)",2004-06-01,527514.0,,月度,,澳洲,
au,牛,"牛肉产量(吨,季度)",2004-09-01,551747.0,,月度,,澳洲,
au,牛,"牛肉产量(吨,季度)",2004-12-01,518616.0,,月度,,澳洲,
au,牛,"牛肉产量(吨,季度)",2005-03-01,490359.0,,月度,,澳洲,
au,牛,"牛肉产量(吨,季度)",2005-06-01,572088.0,,月度,,澳洲,
au,牛,"牛肉产量(吨,季度)",2005-09-01,504729.0,,月度,,澳洲,
au,牛,"牛肉产量(吨,季度)",2005-12-01,495343.0,,月度,,澳洲,
au,牛,"牛肉产量(吨,季度)",2006-03-01,510562.0,,月度,,澳洲,
au,牛,"牛肉产量(吨,季度)",2006-06-01,538887.0,,月度,,澳洲,
au,牛,"牛肉产量(吨,季度)",2006-09-01,549188.0,,月度,,澳洲,
au,牛,"牛肉产量(吨,季度)",2006-12-01,560541.0,,月度,,澳洲,
au,牛,"牛肉产量(吨,季度)",2007-03-01,548468.0,,月度,,澳洲,
au,牛,"牛肉产量(吨,季度)",2007-06-01,537517.0,,月度,,澳洲,
au,牛,"牛肉产量(吨,季度)",2007-09-01,525489.0,,月度,,澳洲,
au,牛,"牛肉产量(吨,季度)",2007-12-01,528201.0,,月度,,澳洲,
au,牛,"牛肉产量(吨,季度)",2008-03-01,481069.0,,月度,,澳洲,
au,牛,"牛肉产量(吨,季度)",2008-06-01,570947.0,,月度,,澳洲,
au,牛,"牛肉产量(吨,季度)",2008-09-01,533556.0,,月度,,澳洲,
au,牛,"牛肉产量(吨,季度)",2008-12-01,528032.0,,月度,,澳洲,
au,牛,"牛肉产量(吨,季度)",2009-03-01,511754.0,,月度,,澳洲,
au,牛,"牛肉产量(吨,季度)",2009-06-01,525273.0,,月度,,澳洲,
au,牛,"牛肉产量(吨,季度)",2009-09-01,540227.0,,月度,,澳洲,
au,牛,"牛肉产量(吨,季度)",2009-12-01,489129.0,,月度,,澳洲,
au,牛,"牛肉产量(吨,季度)",2010-03-01,481093.0,,月度,,澳洲,
au,牛,"牛肉产量(吨,季度)",2010-06-01,546065.0,,月度,,澳洲,
au,牛,"牛肉产量(吨,季度)",2010-09-01,529817.0,,月度,,澳洲,
au,牛,"牛肉产量(吨,季度)",2010-12-01,523983.0,,月度,,澳洲,
au,牛,"牛肉产量(吨,季度)",2011-03-01,495994.0,,月度,,澳洲,
au,牛,"牛肉产量(吨,季度)",2011-06-01,539439.0,,月度,,澳洲,
au,牛,"牛肉产量(吨,季度)",2011-09-01,525500.0,,月度,,澳洲,
au,牛,"牛肉产量(吨,季度)",2011-12-01,525331.0,,月度,,澳洲,
au,牛,"牛肉产量(吨,季度)",2012-03-01,504657.0,,月度,,澳洲,
au,牛,"牛肉产量(吨,季度)",2012-06-01,518327.0,,月度,,澳洲,
au,牛,"牛肉产量(吨,季度)",2012-09-01,541585.0,,月度,,澳洲,
au,牛,"牛肉产量(吨,季度)",2012-12-01,548562.0,,月度,,澳洲,
au,牛,"牛肉产量(吨,季度)",2013-03-01,524548.0,,月度,,澳洲,
au,牛,"牛肉产量(吨,季度)",2013-06-01,591436.0,,月度,,澳洲,
au,牛,"牛肉产量(吨,季度)",2013-09-01,613256.0,,月度,,澳洲,
au,牛,"牛肉产量(吨,季度)",2013-12-01,589460.0,,月度,,澳洲,
au,牛,"牛肉产量(吨,季度)",2014-03-01,601295.0,,月度,,澳洲,
au,牛,"牛肉产量(吨,季度)",2014-06-01,618688.0,,月度,,澳洲,
au,牛,"牛肉产量(吨,季度)",2014-09-01,678127.0,,月度,,澳洲,
au,牛,"牛肉产量(吨,季度)",2014-12-01,655694.0,,月度,,澳洲,
au,牛,"牛肉产量(吨,季度)",2015-03-01,633699.0,,月度,,澳洲,
au,牛,"牛肉产量(吨,季度)",2015-06-01,654837.0,,月度,,澳洲,
au,牛,"牛肉产量(吨,季度)",2015-09-01,643326.0,,月度,,澳洲,
au,牛,"牛肉产量(吨,季度)",2015-12-01,582036.0,,月度,,澳洲,
au,牛,"牛肉产量(吨,季度)",2016-03-01,527763.0,,月度,,澳洲,
au,牛,"牛肉产量(吨,季度)",2016-06-01,562868.0,,月度,,澳洲,
au,牛,"牛肉产量(吨,季度)",2016-09-01,496113.0,,月度,,澳洲,
au,牛,"牛肉产量(吨,季度)",2016-12-01,514107.0,,月度,,澳洲,
au,牛,"牛肉产量(吨,季度)",2017-03-01,494227.0,,月度,,澳洲,
au,牛,"牛肉产量(吨,季度)",2017-06-01,544070.0,,月度,,澳洲,
au,牛,"牛肉产量(吨,季度)",2017-09-01,570847.0,,月度,,澳洲,
au,牛,"牛肉产量(吨,季度)",2017-12-01,521072.0,,月度,,澳洲,
au,牛,"牛肉产量(吨,季度)",2018-03-01,530989.0,,月度,,澳洲,
au,牛,"牛肉产量(吨,季度)",2018-06-01,596196.0,,月度,,澳洲,
au,牛,"牛肉产量(吨,季度)",2018-09-01,604238.0,,月度,,澳洲,
au,牛,"牛肉产量(吨,季度)",2018-12-01,557798.0,,月度,,澳洲,
au,牛,"牛肉产量(吨,季度)",2019-03-01,574263.0,,月度,,澳洲,
au,牛,"牛肉产量(吨,季度)",2019-06-01,591554.0,,月度,,澳洲,
au,牛,"牛肉产量(吨,季度)",2019-09-01,629660.0,,月度,,澳洲,
au,牛,"牛肉产量(吨,季度)",2019-12-01,608483.0,,月度,,澳洲,
au,牛,"牛肉产量(吨,季度)",2020-03-01,567339.0,,月度,,澳洲,
au,牛,"牛肉产量(吨,季度)",2020-06-01,540443.0,,月度,,澳洲,
au,牛,"牛肉产量(吨,季度)",2020-09-01,517663.0,,月度,,澳洲,
au,牛,"牛肉产量(吨,季度)",2020-12-01,477409.0,,月度,,澳洲,
au,牛,"牛肉产量(吨,季度)",2021-03-01,444575.0,,月度,,澳洲,
au,牛,"牛肉产量(吨,季度)",2021-06-01,477864.0,,月度,,澳洲,
au,牛,"牛肉产量(吨,季度)",2021-09-01,496903.0,,月度,,澳洲,
au,牛,"牛肉产量(吨,季度)",2021-12-01,463933.0,,月度,,澳洲,
au,牛,"牛肉产量(吨,季度)",2022-03-01,434175.0,,月度,,澳洲,
au,牛,"牛肉产量(吨,季度)",2022-06-01,473394.0,,月度,,澳洲,
au,牛,"牛肉产量(吨,季度)",2022-09-01,493222.0,,月度,,澳洲,
au,牛,"牛肉产量(吨,季度)",2022-12-01,468197.0,,月度,,澳洲,
au,牛,"牛肉产量(吨,季度)",2023-03-01,498314.0,,月度,,澳洲,
au,牛,"牛肉产量(吨,季度)",2023-06-01,544346.0,,月度,,澳洲,
au,牛,"牛肉产量(吨,季度)",2023-09-01,588985.0,,月度,,澳洲,
au,牛,"牛肉产量(吨,季度)",2023-12-01,577310.0,,月度,,澳洲,
au,牛,"牛肉产量(吨,季度)",2024-03-01,569350.0,,月度,,澳洲,
au,牛,"牛肉产量(吨,季度)",2024-06-01,648178.0,,月度,,澳洲,
au,牛,"牛肉产量(吨,季度)",2024-09-01,690694.0,,月度,,澳洲,
au,牛,"牛肉产量(吨,季度)",2024-12-01,660899.0,,月度,,澳洲,
au,牛,"牛肉产量(吨,季度)",2025-03-01,679048.0,,月度,,澳洲,
au,牛,"牛肉产量(吨,季度)",2025-06-01,717891.0,,月度,,澳洲,
au,牛,"牛肉产量(吨,季度)",2025-09-01,759270.0,,月度,,澳洲,
au,牛,"牛肉产量(吨,季度)",2025-12-01,714573.0,,月度,,澳洲,
au,牛,"牛肉产量(吨,季度)",2026-03-01,730077.0,,月度,,澳洲,
au,牛,"牛肉产量(吨,季度)",2026-06-01,780620.0,,月度,,澳洲,
au,牛,牛肉小牛肉CPI指数,1972-09-01,7.19,,月度,,澳洲,
au,牛,牛肉小牛肉CPI指数,1972-12-01,7.3,,月度,,澳洲,
au,牛,牛肉小牛肉CPI指数,1973-03-01,7.74,,月度,,澳洲,
au,牛,牛肉小牛肉CPI指数,1973-06-01,8.48,,月度,,澳洲,
au,牛,牛肉小牛肉CPI指数,1973-09-01,8.96,,月度,,澳洲,
au,牛,牛肉小牛肉CPI指数,1973-12-01,9.3,,月度,,澳洲,
au,牛,牛肉小牛肉CPI指数,1974-03-01,9.67,,月度,,澳洲,
au,牛,牛肉小牛肉CPI指数,1974-06-01,9.54,,月度,,澳洲,
au,牛,牛肉小牛肉CPI指数,1974-09-01,8.76,,月度,,澳洲,
au,牛,牛肉小牛肉CPI指数,1974-12-01,7.98,,月度,,澳洲,
au,牛,牛肉小牛肉CPI指数,1975-03-01,7.6,,月度,,澳洲,
au,牛,牛肉小牛肉CPI指数,1975-06-01,7.6,,月度,,澳洲,
au,牛,牛肉小牛肉CPI指数,1975-09-01,7.5,,月度,,澳洲,
au,牛,牛肉小牛肉CPI指数,1975-12-01,7.94,,月度,,澳洲,
au,牛,牛肉小牛肉CPI指数,1976-03-01,8.14,,月度,,澳洲,
au,牛,牛肉小牛肉CPI指数,1976-06-01,8.21,,月度,,澳洲,
au,牛,牛肉小牛肉CPI指数,1976-09-01,8.59,,月度,,澳洲,
au,牛,牛肉小牛肉CPI指数,1976-12-01,8.86,,月度,,澳洲,
au,牛,牛肉小牛肉CPI指数,1977-03-01,8.89,,月度,,澳洲,
au,牛,牛肉小牛肉CPI指数,1977-06-01,9.37,,月度,,澳洲,
au,牛,牛肉小牛肉CPI指数,1977-09-01,9.4,,月度,,澳洲,
au,牛,牛肉小牛肉CPI指数,1977-12-01,9.4,,月度,,澳洲,
au,牛,牛肉小牛肉CPI指数,1978-03-01,9.64,,月度,,澳洲,
au,牛,牛肉小牛肉CPI指数,1978-06-01,10.18,,月度,,澳洲,
au,牛,牛肉小牛肉CPI指数,1978-09-01,11.17,,月度,,澳洲,
au,牛,牛肉小牛肉CPI指数,1978-12-01,11.54,,月度,,澳洲,
au,牛,牛肉小牛肉CPI指数,1979-03-01,13.54,,月度,,澳洲,
au,牛,牛肉小牛肉CPI指数,1979-06-01,17.61,,月度,,澳洲,
au,牛,牛肉小牛肉CPI指数,1979-09-01,18.63,,月度,,澳洲,
au,牛,牛肉小牛肉CPI指数,1979-12-01,18.5,,月度,,澳洲,
au,牛,牛肉小牛肉CPI指数,1980-03-01,19.55,,月度,,澳洲,
au,牛,牛肉小牛肉CPI指数,1980-06-01,19.68,,月度,,澳洲,
au,牛,牛肉小牛肉CPI指数,1980-09-01,19.72,,月度,,澳洲,
au,牛,牛肉小牛肉CPI指数,1980-12-01,19.58,,月度,,澳洲,
au,牛,牛肉小牛肉CPI指数,1981-03-01,19.55,,月度,,澳洲,
au,牛,牛肉小牛肉CPI指数,1981-06-01,19.45,,月度,,澳洲,
au,牛,牛肉小牛肉CPI指数,1981-09-01,19.51,,月度,,澳洲,
au,牛,牛肉小牛肉CPI指数,1981-12-01,19.51,,月度,,澳洲,
au,牛,牛肉小牛肉CPI指数,1982-03-01,19.17,,月度,,澳洲,
au,牛,牛肉小牛肉CPI指数,1982-06-01,19.55,,月度,,澳洲,
au,牛,牛肉小牛肉CPI指数,1982-09-01,19.68,,月度,,澳洲,
au,牛,牛肉小牛肉CPI指数,1982-12-01,20.12,,月度,,澳洲,
au,牛,牛肉小牛肉CPI指数,1983-03-01,20.36,,月度,,澳洲,
au,牛,牛肉小牛肉CPI指数,1983-06-01,23.11,,月度,,澳洲,
au,牛,牛肉小牛肉CPI指数,1983-09-01,23.01,,月度,,澳洲,
au,牛,牛肉小牛肉CPI指数,1983-12-01,22.67,,月度,,澳洲,
au,牛,牛肉小牛肉CPI指数,1984-03-01,23.04,,月度,,澳洲,
au,牛,牛肉小牛肉CPI指数,1984-06-01,23.25,,月度,,澳洲,
au,牛,牛肉小牛肉CPI指数,1984-09-01,23.76,,月度,,澳洲,
au,牛,牛肉小牛肉CPI指数,1984-12-01,24.06,,月度,,澳洲,
au,牛,牛肉小牛肉CPI指数,1985-03-01,23.93,,月度,,澳洲,
au,牛,牛肉小牛肉CPI指数,1985-06-01,24.71,,月度,,澳洲,
au,牛,牛肉小牛肉CPI指数,1985-09-01,24.77,,月度,,澳洲,
au,牛,牛肉小牛肉CPI指数,1985-12-01,24.81,,月度,,澳洲,
au,牛,牛肉小牛肉CPI指数,1986-03-01,24.94,,月度,,澳洲,
au,牛,牛肉小牛肉CPI指数,1986-06-01,25.25,,月度,,澳洲,
au,牛,牛肉小牛肉CPI指数,1986-09-01,25.62,,月度,,澳洲,
au,牛,牛肉小牛肉CPI指数,1986-12-01,26.13,,月度,,澳洲,
au,牛,牛肉小牛肉CPI指数,1987-03-01,26.4,,月度,,澳洲,
au,牛,牛肉小牛肉CPI指数,1987-06-01,26.67,,月度,,澳洲,
au,牛,牛肉小牛肉CPI指数,1987-09-01,27.25,,月度,,澳洲,
au,牛,牛肉小牛肉CPI指数,1987-12-01,27.22,,月度,,澳洲,
au,牛,牛肉小牛肉CPI指数,1988-03-01,27.69,,月度,,澳洲,
au,牛,牛肉小牛肉CPI指数,1988-06-01,29.05,,月度,,澳洲,
au,牛,牛肉小牛肉CPI指数,1988-09-01,30.2,,月度,,澳洲,
au,牛,牛肉小牛肉CPI指数,1988-12-01,30.31,,月度,,澳洲,
au,牛,牛肉小牛肉CPI指数,1989-03-01,31.05,,月度,,澳洲,
au,牛,牛肉小牛肉CPI指数,1989-06-01,32.85,,月度,,澳洲,
au,牛,牛肉小牛肉CPI指数,1989-09-01,33.6,,月度,,澳洲,
au,牛,牛肉小牛肉CPI指数,1989-12-01,33.36,,月度,,澳洲,
au,牛,牛肉小牛肉CPI指数,1990-03-01,33.97,,月度,,澳洲,
au,牛,牛肉小牛肉CPI指数,1990-06-01,34.79,,月度,,澳洲,
au,牛,牛肉小牛肉CPI指数,1990-09-01,34.85,,月度,,澳洲,
au,牛,牛肉小牛肉CPI指数,1990-12-01,34.82,,月度,,澳洲,
au,牛,牛肉小牛肉CPI指数,1991-03-01,34.99,,月度,,澳洲,
au,牛,牛肉小牛肉CPI指数,1991-06-01,35.16,,月度,,澳洲,
au,牛,牛肉小牛肉CPI指数,1991-09-01,35.23,,月度,,澳洲,
au,牛,牛肉小牛肉CPI指数,1991-12-01,34.89,,月度,,澳洲,
au,牛,牛肉小牛肉CPI指数,1992-03-01,34.99,,月度,,澳洲,
au,牛,牛肉小牛肉CPI指数,1992-06-01,35.09,,月度,,澳洲,
au,牛,牛肉小牛肉CPI指数,1992-09-01,34.65,,月度,,澳洲,
au,牛,牛肉小牛肉CPI指数,1992-12-01,34.04,,月度,,澳洲,
au,牛,牛肉小牛肉CPI指数,1993-03-01,34.17,,月度,,澳洲,
au,牛,牛肉小牛肉CPI指数,1993-06-01,34.28,,月度,,澳洲,
au,牛,牛肉小牛肉CPI指数,1993-09-01,35.02,,月度,,澳洲,
au,牛,牛肉小牛肉CPI指数,1993-12-01,35.29,,月度,,澳洲,
au,牛,牛肉小牛肉CPI指数,1994-03-01,35.67,,月度,,澳洲,
au,牛,牛肉小牛肉CPI指数,1994-06-01,36.07,,月度,,澳洲,
au,牛,牛肉小牛肉CPI指数,1994-09-01,36.11,,月度,,澳洲,
au,牛,牛肉小牛肉CPI指数,1994-12-01,35.77,,月度,,澳洲,
au,牛,牛肉小牛肉CPI指数,1995-03-01,35.7,,月度,,澳洲,
au,牛,牛肉小牛肉CPI指数,1995-06-01,36.07,,月度,,澳洲,
au,牛,牛肉小牛肉CPI指数,1995-09-01,36.89,,月度,,澳洲,
au,牛,牛肉小牛肉CPI指数,1995-12-01,36.48,,月度,,澳洲,
au,牛,牛肉小牛肉CPI指数,1996-03-01,36.35,,月度,,澳洲,
au,牛,牛肉小牛肉CPI指数,1996-06-01,35.91,,月度,,澳洲,
au,牛,牛肉小牛肉CPI指数,1996-09-01,35.23,,月度,,澳洲,
au,牛,牛肉小牛肉CPI指数,1996-12-01,35.23,,月度,,澳洲,
au,牛,牛肉小牛肉CPI指数,1997-03-01,35.02,,月度,,澳洲,
au,牛,牛肉小牛肉CPI指数,1997-06-01,35.19,,月度,,澳洲,
au,牛,牛肉小牛肉CPI指数,1997-09-01,35.23,,月度,,澳洲,
au,牛,牛肉小牛肉CPI指数,1997-12-01,35.4,,月度,,澳洲,
au,牛,牛肉小牛肉CPI指数,1998-03-01,35.5,,月度,,澳洲,
au,牛,牛肉小牛肉CPI指数,1998-06-01,35.43,,月度,,澳洲,
au,牛,牛肉小牛肉CPI指数,1998-09-01,35.4,,月度,,澳洲,
au,牛,牛肉小牛肉CPI指数,1998-12-01,35.13,,月度,,澳洲,
au,牛,牛肉小牛肉CPI指数,1999-03-01,35.44,,月度,,澳洲,
au,牛,牛肉小牛肉CPI指数,1999-06-01,36.59,,月度,,澳洲,
au,牛,牛肉小牛肉CPI指数,1999-09-01,36.66,,月度,,澳洲,
au,牛,牛肉小牛肉CPI指数,1999-12-01,36.89,,月度,,澳洲,
au,牛,牛肉小牛肉CPI指数,2000-03-01,37.73,,月度,,澳洲,
au,牛,牛肉小牛肉CPI指数,2000-06-01,38.67,,月度,,澳洲,
au,牛,牛肉小牛肉CPI指数,2000-09-01,38.04,,月度,,澳洲,
au,牛,牛肉小牛肉CPI指数,2000-12-01,38.33,,月度,,澳洲,
au,牛,牛肉小牛肉CPI指数,2001-03-01,40.1,,月度,,澳洲,
au,牛,牛肉小牛肉CPI指数,2001-06-01,43.71,,月度,,澳洲,
au,牛,牛肉小牛肉CPI指数,2001-09-01,45.12,,月度,,澳洲,
au,牛,牛肉小牛肉CPI指数,2001-12-01,47.62,,月度,,澳洲,
au,牛,牛肉小牛肉CPI指数,2002-03-01,47.82,,月度,,澳洲,
au,牛,牛肉小牛肉CPI指数,2002-06-01,48.22,,月度,,澳洲,
au,牛,牛肉小牛肉CPI指数,2002-09-01,46.72,,月度,,澳洲,
au,牛,牛肉小牛肉CPI指数,2002-12-01,47.41,,月度,,澳洲,
au,牛,牛肉小牛肉CPI指数,2003-03-01,47.72,,月度,,澳洲,
au,牛,牛肉小牛肉CPI指数,2003-06-01,48.99,,月度,,澳洲,
au,牛,牛肉小牛肉CPI指数,2003-09-01,50.07,,月度,,澳洲,
au,牛,牛肉小牛肉CPI指数,2003-12-01,50.16,,月度,,澳洲,
au,牛,牛肉小牛肉CPI指数,2004-03-01,50.27,,月度,,澳洲,
au,牛,牛肉小牛肉CPI指数,2004-06-01,50.15,,月度,,澳洲,
au,牛,牛肉小牛肉CPI指数,2004-09-01,49.71,,月度,,澳洲,
au,牛,牛肉小牛肉CPI指数,2004-12-01,51.5,,月度,,澳洲,
au,牛,牛肉小牛肉CPI指数,2005-03-01,53.08,,月度,,澳洲,
au,牛,牛肉小牛肉CPI指数,2005-06-01,54.32,,月度,,澳洲,
au,牛,牛肉小牛肉CPI指数,2005-09-01,54.22,,月度,,澳洲,
au,牛,牛肉小牛肉CPI指数,2005-12-01,55.29,,月度,,澳洲,
au,牛,牛肉小牛肉CPI指数,2006-03-01,55.84,,月度,,澳洲,
au,牛,牛肉小牛肉CPI指数,2006-06-01,56.34,,月度,,澳洲,
au,牛,牛肉小牛肉CPI指数,2006-09-01,56.16,,月度,,澳洲,
au,牛,牛肉小牛肉CPI指数,2006-12-01,55.11,,月度,,澳洲,
au,牛,牛肉小牛肉CPI指数,2007-03-01,54.58,,月度,,澳洲,
au,牛,牛肉小牛肉CPI指数,2007-06-01,55.61,,月度,,澳洲,
au,牛,牛肉小牛肉CPI指数,2007-09-01,55.39,,月度,,澳洲,
au,牛,牛肉小牛肉CPI指数,2007-12-01,55.14,,月度,,澳洲,
au,牛,牛肉小牛肉CPI指数,2008-03-01,56.84,,月度,,澳洲,
au,牛,牛肉小牛肉CPI指数,2008-06-01,56.56,,月度,,澳洲,
au,牛,牛肉小牛肉CPI指数,2008-09-01,56.61,,月度,,澳洲,
au,牛,牛肉小牛肉CPI指数,2008-12-01,57.43,,月度,,澳洲,
au,牛,牛肉小牛肉CPI指数,2009-03-01,58.57,,月度,,澳洲,
au,牛,牛肉小牛肉CPI指数,2009-06-01,58.32,,月度,,澳洲,
au,牛,牛肉小牛肉CPI指数,2009-09-01,57.78,,月度,,澳洲,
au,牛,牛肉小牛肉CPI指数,2009-12-01,57.74,,月度,,澳洲,
au,牛,牛肉小牛肉CPI指数,2010-03-01,58.09,,月度,,澳洲,
au,牛,牛肉小牛肉CPI指数,2010-06-01,57.9,,月度,,澳洲,
au,牛,牛肉小牛肉CPI指数,2010-09-01,58.45,,月度,,澳洲,
au,牛,牛肉小牛肉CPI指数,2010-12-01,56.32,,月度,,澳洲,
au,牛,牛肉小牛肉CPI指数,2011-03-01,55.98,,月度,,澳洲,
au,牛,牛肉小牛肉CPI指数,2011-06-01,56.09,,月度,,澳洲,
au,牛,牛肉小牛肉CPI指数,2011-09-01,55.44,,月度,,澳洲,
au,牛,牛肉小牛肉CPI指数,2011-12-01,55.26,,月度,,澳洲,
au,牛,牛肉小牛肉CPI指数,2012-03-01,55.93,,月度,,澳洲,
au,牛,牛肉小牛肉CPI指数,2012-06-01,56.16,,月度,,澳洲,
au,牛,牛肉小牛肉CPI指数,2012-09-01,56.36,,月度,,澳洲,
au,牛,牛肉小牛肉CPI指数,2012-12-01,56.16,,月度,,澳洲,
au,牛,牛肉小牛肉CPI指数,2013-03-01,56.09,,月度,,澳洲,
au,牛,牛肉小牛肉CPI指数,2013-06-01,55.8,,月度,,澳洲,
au,牛,牛肉小牛肉CPI指数,2013-09-01,54.37,,月度,,澳洲,
au,牛,牛肉小牛肉CPI指数,2013-12-01,54.51,,月度,,澳洲,
au,牛,牛肉小牛肉CPI指数,2014-03-01,55.81,,月度,,澳洲,
au,牛,牛肉小牛肉CPI指数,2014-06-01,57.57,,月度,,澳洲,
au,牛,牛肉小牛肉CPI指数,2014-09-01,58.79,,月度,,澳洲,
au,牛,牛肉小牛肉CPI指数,2014-12-01,59.75,,月度,,澳洲,
au,牛,牛肉小牛肉CPI指数,2015-03-01,60.99,,月度,,澳洲,
au,牛,牛肉小牛肉CPI指数,2015-06-01,62.2,,月度,,澳洲,
au,牛,牛肉小牛肉CPI指数,2015-09-01,64.0,,月度,,澳洲,
au,牛,牛肉小牛肉CPI指数,2015-12-01,66.66,,月度,,澳洲,
au,牛,牛肉小牛肉CPI指数,2016-03-01,68.99,,月度,,澳洲,
au,牛,牛肉小牛肉CPI指数,2016-06-01,68.99,,月度,,澳洲,
au,牛,牛肉小牛肉CPI指数,2016-09-01,69.68,,月度,,澳洲,
au,牛,牛肉小牛肉CPI指数,2016-12-01,69.84,,月度,,澳洲,
au,牛,牛肉小牛肉CPI指数,2017-03-01,69.16,,月度,,澳洲,
au,牛,牛肉小牛肉CPI指数,2017-06-01,69.39,,月度,,澳洲,
au,牛,牛肉小牛肉CPI指数,2017-09-01,69.45,,月度,,澳洲,
au,牛,牛肉小牛肉CPI指数,2017-12-01,69.64,,月度,,澳洲,
au,牛,牛肉小牛肉CPI指数,2018-03-01,70.31,,月度,,澳洲,
au,牛,牛肉小牛肉CPI指数,2018-06-01,69.06,,月度,,澳洲,
au,牛,牛肉小牛肉CPI指数,2018-09-01,69.58,,月度,,澳洲,
au,牛,牛肉小牛肉CPI指数,2018-12-01,70.88,,月度,,澳洲,
au,牛,牛肉小牛肉CPI指数,2019-03-01,72.97,,月度,,澳洲,
au,牛,牛肉小牛肉CPI指数,2019-06-01,73.23,,月度,,澳洲,
au,牛,牛肉小牛肉CPI指数,2019-09-01,74.54,,月度,,澳洲,
au,牛,牛肉小牛肉CPI指数,2019-12-01,76.7,,月度,,澳洲,
au,牛,牛肉小牛肉CPI指数,2020-03-01,79.39,,月度,,澳洲,
au,牛,牛肉小牛肉CPI指数,2020-06-01,78.46,,月度,,澳洲,
au,牛,牛肉小牛肉CPI指数,2020-09-01,80.53,,月度,,澳洲,
au,牛,牛肉小牛肉CPI指数,2020-12-01,82.94,,月度,,澳洲,
au,牛,牛肉小牛肉CPI指数,2021-03-01,86.0,,月度,,澳洲,
au,牛,牛肉小牛肉CPI指数,2021-06-01,89.08,,月度,,澳洲,
au,牛,牛肉小牛肉CPI指数,2021-09-01,89.32,,月度,,澳洲,
au,牛,牛肉小牛肉CPI指数,2021-12-01,89.64,,月度,,澳洲,
au,牛,牛肉小牛肉CPI指数,2022-03-01,96.38,,月度,,澳洲,
au,牛,牛肉小牛肉CPI指数,2022-06-01,97.46,,月度,,澳洲,
au,牛,牛肉小牛肉CPI指数,2022-09-01,97.62,,月度,,澳洲,
au,牛,牛肉小牛肉CPI指数,2022-12-01,97.35,,月度,,澳洲,
au,牛,牛肉小牛肉CPI指数,2023-03-01,97.12,,月度,,澳洲,
au,牛,牛肉小牛肉CPI指数,2023-06-01,95.54,,月度,,澳洲,
au,牛,牛肉小牛肉CPI指数,2023-09-01,94.33,,月度,,澳洲,
au,牛,牛肉小牛肉CPI指数,2023-12-01,92.95,,月度,,澳洲,
au,牛,牛肉小牛肉CPI指数,2024-03-01,91.5,,月度,,澳洲,
au,牛,牛肉小牛肉CPI指数,2024-06-01,92.06,,月度,,澳洲,
au,牛,牛肉小牛肉CPI指数,2024-09-01,92.78,,月度,,澳洲,
au,牛,牛肉小牛肉CPI指数,2024-12-01,93.5,,月度,,澳洲,
au,牛,牛肉小牛肉CPI指数,2025-03-01,94.9,,月度,,澳洲,
au,牛,牛肉小牛肉CPI指数,2025-06-01,96.29,,月度,,澳洲,
au,牛,牛肉小牛肉CPI指数,2025-09-01,98.46,,月度,,澳洲,
au,牛,牛肉小牛肉CPI指数,2025-12-01,103.67,,月度,,澳洲,
au,牛,牛肉小牛肉CPI指数,2026-03-01,106.47,,月度,,澳洲,
au,牛,牛肉小牛肉CPI指数,2026-06-01,108.2,,月度,,澳洲,
au,猪,MLA ABS Production Pigs Australia,2024-12-01,113673.0,吨,季度,MLA Statistics API / ABS,Australia,MLA Statistics API report/3 Australian Slaughter and Production；按动物类别和地区保留ABS季度值。
au,猪,MLA ABS Production Pigs Australia,2025-03-01,114652.0,吨,季度,MLA Statistics API / ABS,Australia,MLA Statistics API report/3 Australian Slaughter and Production；按动物类别和地区保留ABS季度值。
au,猪,MLA ABS Production Pigs Australia,2025-06-01,123346.0,吨,季度,MLA Statistics API / ABS,Australia,MLA Statistics API report/3 Australian Slaughter and Production；按动物类别和地区保留ABS季度值。
au,猪,MLA ABS Production Pigs Australia,2025-09-01,123030.0,吨,季度,MLA Statistics API / ABS,Australia,MLA Statistics API report/3 Australian Slaughter and Production；按动物类别和地区保留ABS季度值。
au,猪,MLA ABS Production Pigs Australia,2025-12-01,114043.0,吨,季度,MLA Statistics API / ABS,Australia,MLA Statistics API report/3 Australian Slaughter and Production；按动物类别和地区保留ABS季度值。
au,猪,MLA ABS Production Pigs Australian Capital Territory,2024-12-01,0.0,吨,季度,MLA Statistics API / ABS,Australian Capital Territory,MLA Statistics API report/3 Australian Slaughter and Production；按动物类别和地区保留ABS季度值。
au,猪,MLA ABS Production Pigs Australian Capital Territory,2025-03-01,0.0,吨,季度,MLA Statistics API / ABS,Australian Capital Territory,MLA Statistics API report/3 Australian Slaughter and Production；按动物类别和地区保留ABS季度值。
au,猪,MLA ABS Production Pigs Australian Capital Territory,2025-06-01,0.0,吨,季度,MLA Statistics API / ABS,Australian Capital Territory,MLA Statistics API report/3 Australian Slaughter and Production；按动物类别和地区保留ABS季度值。
au,猪,MLA ABS Production Pigs Australian Capital Territory,2025-09-01,0.0,吨,季度,MLA Statistics API / ABS,Australian Capital Territory,MLA Statistics API report/3 Australian Slaughter and Production；按动物类别和地区保留ABS季度值。
au,猪,MLA ABS Production Pigs Australian Capital Territory,2025-12-01,0.0,吨,季度,MLA Statistics API / ABS,Australian Capital Territory,MLA Statistics API report/3 Australian Slaughter and Production；按动物类别和地区保留ABS季度值。
au,猪,MLA ABS Production Pigs New South Wales,2024-12-01,15649.0,吨,季度,MLA Statistics API / ABS,New South Wales,MLA Statistics API report/3 Australian Slaughter and Production；按动物类别和地区保留ABS季度值。
au,猪,MLA ABS Production Pigs New South Wales,2025-03-01,15987.0,吨,季度,MLA Statistics API / ABS,New South Wales,MLA Statistics API report/3 Australian Slaughter and Production；按动物类别和地区保留ABS季度值。
au,猪,MLA ABS Production Pigs New South Wales,2025-06-01,16963.0,吨,季度,MLA Statistics API / ABS,New South Wales,MLA Statistics API report/3 Australian Slaughter and Production；按动物类别和地区保留ABS季度值。
au,猪,MLA ABS Production Pigs New South Wales,2025-09-01,17609.0,吨,季度,MLA Statistics API / ABS,New South Wales,MLA Statistics API report/3 Australian Slaughter and Production；按动物类别和地区保留ABS季度值。
au,猪,MLA ABS Production Pigs New South Wales,2025-12-01,15948.0,吨,季度,MLA Statistics API / ABS,New South Wales,MLA Statistics API report/3 Australian Slaughter and Production；按动物类别和地区保留ABS季度值。
au,猪,MLA ABS Production Pigs Northern Territory,2024-12-01,0.0,吨,季度,MLA Statistics API / ABS,Northern Territory,MLA Statistics API report/3 Australian Slaughter and Production；按动物类别和地区保留ABS季度值。
au,猪,MLA ABS Production Pigs Northern Territory,2025-03-01,0.0,吨,季度,MLA Statistics API / ABS,Northern Territory,MLA Statistics API report/3 Australian Slaughter and Production；按动物类别和地区保留ABS季度值。
au,猪,MLA ABS Production Pigs Northern Territory,2025-06-01,0.0,吨,季度,MLA Statistics API / ABS,Northern Territory,MLA Statistics API report/3 Australian Slaughter and Production；按动物类别和地区保留ABS季度值。
au,猪,MLA ABS Production Pigs Northern Territory,2025-09-01,0.0,吨,季度,MLA Statistics API / ABS,Northern Territory,MLA Statistics API report/3 Australian Slaughter and Production；按动物类别和地区保留ABS季度值。
au,猪,MLA ABS Production Pigs Northern Territory,2025-12-01,0.0,吨,季度,MLA Statistics API / ABS,Northern Territory,MLA Statistics API report/3 Australian Slaughter and Production；按动物类别和地区保留ABS季度值。
au,猪,MLA ABS Production Pigs Queensland,2024-12-01,28643.0,吨,季度,MLA Statistics API / ABS,Queensland,MLA Statistics API report/3 Australian Slaughter and Production；按动物类别和地区保留ABS季度值。
au,猪,MLA ABS Production Pigs Queensland,2025-03-01,31388.0,吨,季度,MLA Statistics API / ABS,Queensland,MLA Statistics API report/3 Australian Slaughter and Production；按动物类别和地区保留ABS季度值。
au,猪,MLA ABS Production Pigs Queensland,2025-06-01,31182.0,吨,季度,MLA Statistics API / ABS,Queensland,MLA Statistics API report/3 Australian Slaughter and Production；按动物类别和地区保留ABS季度值。
au,猪,MLA ABS Production Pigs Queensland,2025-09-01,32142.0,吨,季度,MLA Statistics API / ABS,Queensland,MLA Statistics API report/3 Australian Slaughter and Production；按动物类别和地区保留ABS季度值。
au,猪,MLA ABS Production Pigs Queensland,2025-12-01,29354.0,吨,季度,MLA Statistics API / ABS,Queensland,MLA Statistics API report/3 Australian Slaughter and Production；按动物类别和地区保留ABS季度值。
au,猪,MLA ABS Production Pigs South Australia,2024-12-01,24001.0,吨,季度,MLA Statistics API / ABS,South Australia,MLA Statistics API report/3 Australian Slaughter and Production；按动物类别和地区保留ABS季度值。
au,猪,MLA ABS Production Pigs South Australia,2025-03-01,23547.0,吨,季度,MLA Statistics API / ABS,South Australia,MLA Statistics API report/3 Australian Slaughter and Production；按动物类别和地区保留ABS季度值。
au,猪,MLA ABS Production Pigs South Australia,2025-06-01,26639.0,吨,季度,MLA Statistics API / ABS,South Australia,MLA Statistics API report/3 Australian Slaughter and Production；按动物类别和地区保留ABS季度值。
au,猪,MLA ABS Production Pigs South Australia,2025-09-01,26663.0,吨,季度,MLA Statistics API / ABS,South Australia,MLA Statistics API report/3 Australian Slaughter and Production；按动物类别和地区保留ABS季度值。
au,猪,MLA ABS Production Pigs South Australia,2025-12-01,24463.0,吨,季度,MLA Statistics API / ABS,South Australia,MLA Statistics API report/3 Australian Slaughter and Production；按动物类别和地区保留ABS季度值。
au,猪,MLA ABS Production Pigs Tasmania,2024-12-01,600.0,吨,季度,MLA Statistics API / ABS,Tasmania,MLA Statistics API report/3 Australian Slaughter and Production；按动物类别和地区保留ABS季度值。
au,猪,MLA ABS Production Pigs Tasmania,2025-03-01,570.0,吨,季度,MLA Statistics API / ABS,Tasmania,MLA Statistics API report/3 Australian Slaughter and Production；按动物类别和地区保留ABS季度值。
au,猪,MLA ABS Production Pigs Tasmania,2025-06-01,569.0,吨,季度,MLA Statistics API / ABS,Tasmania,MLA Statistics API report/3 Australian Slaughter and Production；按动物类别和地区保留ABS季度值。
au,猪,MLA ABS Production Pigs Tasmania,2025-09-01,590.0,吨,季度,MLA Statistics API / ABS,Tasmania,MLA Statistics API report/3 Australian Slaughter and Production；按动物类别和地区保留ABS季度值。
au,猪,MLA ABS Production Pigs Tasmania,2025-12-01,584.0,吨,季度,MLA Statistics API / ABS,Tasmania,MLA Statistics API report/3 Australian Slaughter and Production；按动物类别和地区保留ABS季度值。
au,猪,MLA ABS Production Pigs Victoria,2024-12-01,26208.0,吨,季度,MLA Statistics API / ABS,Victoria,MLA Statistics API report/3 Australian Slaughter and Production；按动物类别和地区保留ABS季度值。
au,猪,MLA ABS Production Pigs Victoria,2025-03-01,25660.0,吨,季度,MLA Statistics API / ABS,Victoria,MLA Statistics API report/3 Australian Slaughter and Production；按动物类别和地区保留ABS季度值。
au,猪,MLA ABS Production Pigs Victoria,2025-06-01,29330.0,吨,季度,MLA Statistics API / ABS,Victoria,MLA Statistics API report/3 Australian Slaughter and Production；按动物类别和地区保留ABS季度值。
au,猪,MLA ABS Production Pigs Victoria,2025-09-01,27424.0,吨,季度,MLA Statistics API / ABS,Victoria,MLA Statistics API report/3 Australian Slaughter and Production；按动物类别和地区保留ABS季度值。
au,猪,MLA ABS Production Pigs Victoria,2025-12-01,26106.0,吨,季度,MLA Statistics API / ABS,Victoria,MLA Statistics API report/3 Australian Slaughter and Production；按动物类别和地区保留ABS季度值。
au,猪,MLA ABS Production Pigs Western Australia,2024-12-01,18572.0,吨,季度,MLA Statistics API / ABS,Western Australia,MLA Statistics API report/3 Australian Slaughter and Production；按动物类别和地区保留ABS季度值。
au,猪,MLA ABS Production Pigs Western Australia,2025-03-01,17501.0,吨,季度,MLA Statistics API / ABS,Western Australia,MLA Statistics API report/3 Australian Slaughter and Production；按动物类别和地区保留ABS季度值。
au,猪,MLA ABS Production Pigs Western Australia,2025-06-01,18664.0,吨,季度,MLA Statistics API / ABS,Western Australia,MLA Statistics API report/3 Australian Slaughter and Production；按动物类别和地区保留ABS季度值。
au,猪,MLA ABS Production Pigs Western Australia,2025-09-01,18602.0,吨,季度,MLA Statistics API / ABS,Western Australia,MLA Statistics API report/3 Australian Slaughter and Production；按动物类别和地区保留ABS季度值。
au,猪,MLA ABS Production Pigs Western Australia,2025-12-01,17588.0,吨,季度,MLA Statistics API / ABS,Western Australia,MLA Statistics API report/3 Australian Slaughter and Production；按动物类别和地区保留ABS季度值。
au,猪,MLA ABS Slaughter Pigs Australia,2024-12-01,1419.9,千头,季度,MLA Statistics API / ABS,Australia,MLA Statistics API report/3 Australian Slaughter and Production；按动物类别和地区保留ABS季度值。
au,猪,MLA ABS Slaughter Pigs Australia,2025-03-01,1397.3,千头,季度,MLA Statistics API / ABS,Australia,MLA Statistics API report/3 Australian Slaughter and Production；按动物类别和地区保留ABS季度值。
au,猪,MLA ABS Slaughter Pigs Australia,2025-06-01,1477.5,千头,季度,MLA Statistics API / ABS,Australia,MLA Statistics API report/3 Australian Slaughter and Production；按动物类别和地区保留ABS季度值。
au,猪,MLA ABS Slaughter Pigs Australia,2025-09-01,1466.8,千头,季度,MLA Statistics API / ABS,Australia,MLA Statistics API report/3 Australian Slaughter and Production；按动物类别和地区保留ABS季度值。
au,猪,MLA ABS Slaughter Pigs Australia,2025-12-01,1411.6,千头,季度,MLA Statistics API / ABS,Australia,MLA Statistics API report/3 Australian Slaughter and Production；按动物类别和地区保留ABS季度值。
au,猪,MLA ABS Slaughter Pigs Australian Capital Territory,2024-12-01,0.0,千头,季度,MLA Statistics API / ABS,Australian Capital Territory,MLA Statistics API report/3 Australian Slaughter and Production；按动物类别和地区保留ABS季度值。
au,猪,MLA ABS Slaughter Pigs Australian Capital Territory,2025-03-01,0.0,千头,季度,MLA Statistics API / ABS,Australian Capital Territory,MLA Statistics API report/3 Australian Slaughter and Production；按动物类别和地区保留ABS季度值。
au,猪,MLA ABS Slaughter Pigs Australian Capital Territory,2025-06-01,0.0,千头,季度,MLA Statistics API / ABS,Australian Capital Territory,MLA Statistics API report/3 Australian Slaughter and Production；按动物类别和地区保留ABS季度值。
au,猪,MLA ABS Slaughter Pigs Australian Capital Territory,2025-09-01,0.0,千头,季度,MLA Statistics API / ABS,Australian Capital Territory,MLA Statistics API report/3 Australian Slaughter and Production；按动物类别和地区保留ABS季度值。
au,猪,MLA ABS Slaughter Pigs Australian Capital Territory,2025-12-01,0.0,千头,季度,MLA Statistics API / ABS,Australian Capital Territory,MLA Statistics API report/3 Australian Slaughter and Production；按动物类别和地区保留ABS季度值。
au,猪,MLA ABS Slaughter Pigs New South Wales,2024-12-01,217.0,千头,季度,MLA Statistics API / ABS,New South Wales,MLA Statistics API report/3 Australian Slaughter and Production；按动物类别和地区保留ABS季度值。
au,猪,MLA ABS Slaughter Pigs New South Wales,2025-03-01,214.1,千头,季度,MLA Statistics API / ABS,New South Wales,MLA Statistics API report/3 Australian Slaughter and Production；按动物类别和地区保留ABS季度值。
au,猪,MLA ABS Slaughter Pigs New South Wales,2025-06-01,220.7,千头,季度,MLA Statistics API / ABS,New South Wales,MLA Statistics API report/3 Australian Slaughter and Production；按动物类别和地区保留ABS季度值。
au,猪,MLA ABS Slaughter Pigs New South Wales,2025-09-01,229.0,千头,季度,MLA Statistics API / ABS,New South Wales,MLA Statistics API report/3 Australian Slaughter and Production；按动物类别和地区保留ABS季度值。
au,猪,MLA ABS Slaughter Pigs New South Wales,2025-12-01,216.8,千头,季度,MLA Statistics API / ABS,New South Wales,MLA Statistics API report/3 Australian Slaughter and Production；按动物类别和地区保留ABS季度值。
au,猪,MLA ABS Slaughter Pigs Northern Territory,2024-12-01,0.0,千头,季度,MLA Statistics API / ABS,Northern Territory,MLA Statistics API report/3 Australian Slaughter and Production；按动物类别和地区保留ABS季度值。
au,猪,MLA ABS Slaughter Pigs Northern Territory,2025-03-01,0.0,千头,季度,MLA Statistics API / ABS,Northern Territory,MLA Statistics API report/3 Australian Slaughter and Production；按动物类别和地区保留ABS季度值。
au,猪,MLA ABS Slaughter Pigs Northern Territory,2025-06-01,0.0,千头,季度,MLA Statistics API / ABS,Northern Territory,MLA Statistics API report/3 Australian Slaughter and Production；按动物类别和地区保留ABS季度值。
au,猪,MLA ABS Slaughter Pigs Northern Territory,2025-09-01,0.0,千头,季度,MLA Statistics API / ABS,Northern Territory,MLA Statistics API report/3 Australian Slaughter and Production；按动物类别和地区保留ABS季度值。
au,猪,MLA ABS Slaughter Pigs Northern Territory,2025-12-01,0.0,千头,季度,MLA Statistics API / ABS,Northern Territory,MLA Statistics API report/3 Australian Slaughter and Production；按动物类别和地区保留ABS季度值。
au,猪,MLA ABS Slaughter Pigs Queensland,2024-12-01,346.0,千头,季度,MLA Statistics API / ABS,Queensland,MLA Statistics API report/3 Australian Slaughter and Production；按动物类别和地区保留ABS季度值。
au,猪,MLA ABS Slaughter Pigs Queensland,2025-03-01,349.4,千头,季度,MLA Statistics API / ABS,Queensland,MLA Statistics API report/3 Australian Slaughter and Production；按动物类别和地区保留ABS季度值。
au,猪,MLA ABS Slaughter Pigs Queensland,2025-06-01,361.7,千头,季度,MLA Statistics API / ABS,Queensland,MLA Statistics API report/3 Australian Slaughter and Production；按动物类别和地区保留ABS季度值。
au,猪,MLA ABS Slaughter Pigs Queensland,2025-09-01,364.0,千头,季度,MLA Statistics API / ABS,Queensland,MLA Statistics API report/3 Australian Slaughter and Production；按动物类别和地区保留ABS季度值。
au,猪,MLA ABS Slaughter Pigs Queensland,2025-12-01,349.9,千头,季度,MLA Statistics API / ABS,Queensland,MLA Statistics API report/3 Australian Slaughter and Production；按动物类别和地区保留ABS季度值。
au,猪,MLA ABS Slaughter Pigs South Australia,2024-12-01,292.5,千头,季度,MLA Statistics API / ABS,South Australia,MLA Statistics API report/3 Australian Slaughter and Production；按动物类别和地区保留ABS季度值。
au,猪,MLA ABS Slaughter Pigs South Australia,2025-03-01,290.8,千头,季度,MLA Statistics API / ABS,South Australia,MLA Statistics API report/3 Australian Slaughter and Production；按动物类别和地区保留ABS季度值。
au,猪,MLA ABS Slaughter Pigs South Australia,2025-06-01,314.2,千头,季度,MLA Statistics API / ABS,South Australia,MLA Statistics API report/3 Australian Slaughter and Production；按动物类别和地区保留ABS季度值。
au,猪,MLA ABS Slaughter Pigs South Australia,2025-09-01,310.7,千头,季度,MLA Statistics API / ABS,South Australia,MLA Statistics API report/3 Australian Slaughter and Production；按动物类别和地区保留ABS季度值。
au,猪,MLA ABS Slaughter Pigs South Australia,2025-12-01,294.6,千头,季度,MLA Statistics API / ABS,South Australia,MLA Statistics API report/3 Australian Slaughter and Production；按动物类别和地区保留ABS季度值。
au,猪,MLA ABS Slaughter Pigs Tasmania,2024-12-01,7.5,千头,季度,MLA Statistics API / ABS,Tasmania,MLA Statistics API report/3 Australian Slaughter and Production；按动物类别和地区保留ABS季度值。
au,猪,MLA ABS Slaughter Pigs Tasmania,2025-03-01,7.1,千头,季度,MLA Statistics API / ABS,Tasmania,MLA Statistics API report/3 Australian Slaughter and Production；按动物类别和地区保留ABS季度值。
au,猪,MLA ABS Slaughter Pigs Tasmania,2025-06-01,7.1,千头,季度,MLA Statistics API / ABS,Tasmania,MLA Statistics API report/3 Australian Slaughter and Production；按动物类别和地区保留ABS季度值。
au,猪,MLA ABS Slaughter Pigs Tasmania,2025-09-01,7.3,千头,季度,MLA Statistics API / ABS,Tasmania,MLA Statistics API report/3 Australian Slaughter and Production；按动物类别和地区保留ABS季度值。
au,猪,MLA ABS Slaughter Pigs Tasmania,2025-12-01,7.3,千头,季度,MLA Statistics API / ABS,Tasmania,MLA Statistics API report/3 Australian Slaughter and Production；按动物类别和地区保留ABS季度值。
au,猪,MLA ABS Slaughter Pigs Victoria,2024-12-01,322.0,千头,季度,MLA Statistics API / ABS,Victoria,MLA Statistics API report/3 Australian Slaughter and Production；按动物类别和地区保留ABS季度值。
au,猪,MLA ABS Slaughter Pigs Victoria,2025-03-01,312.2,千头,季度,MLA Statistics API / ABS,Victoria,MLA Statistics API report/3 Australian Slaughter and Production；按动物类别和地区保留ABS季度值。
au,猪,MLA ABS Slaughter Pigs Victoria,2025-06-01,347.1,千头,季度,MLA Statistics API / ABS,Victoria,MLA Statistics API report/3 Australian Slaughter and Production；按动物类别和地区保留ABS季度值。
au,猪,MLA ABS Slaughter Pigs Victoria,2025-09-01,326.2,千头,季度,MLA Statistics API / ABS,Victoria,MLA Statistics API report/3 Australian Slaughter and Production；按动物类别和地区保留ABS季度值。
au,猪,MLA ABS Slaughter Pigs Victoria,2025-12-01,318.3,千头,季度,MLA Statistics API / ABS,Victoria,MLA Statistics API report/3 Australian Slaughter and Production；按动物类别和地区保留ABS季度值。
au,猪,MLA ABS Slaughter Pigs Western Australia,2024-12-01,234.9,千头,季度,MLA Statistics API / ABS,Western Australia,MLA Statistics API report/3 Australian Slaughter and Production；按动物类别和地区保留ABS季度值。
au,猪,MLA ABS Slaughter Pigs Western Australia,2025-03-01,223.6,千头,季度,MLA Statistics API / ABS,Western Australia,MLA Statistics API report/3 Australian Slaughter and Production；按动物类别和地区保留ABS季度值。
au,猪,MLA ABS Slaughter Pigs Western Australia,2025-06-01,226.7,千头,季度,MLA Statistics API / ABS,Western Australia,MLA Statistics API report/3 Australian Slaughter and Production；按动物类别和地区保留ABS季度值。
au,猪,MLA ABS Slaughter Pigs Western Australia,2025-09-01,229.5,千头,季度,MLA Statistics API / ABS,Western Australia,MLA Statistics API report/3 Australian Slaughter and Production；按动物类别和地区保留ABS季度值。
au,猪,MLA ABS Slaughter Pigs Western Australia,2025-12-01,224.8,千头,季度,MLA Statistics API / ABS,Western Australia,MLA Statistics API report/3 Australian Slaughter and Production；按动物类别和地区保留ABS季度值。
au,猪,MLA NLRS Slaughter Pigs 全国月度汇总,2024-12-01,345522.0,头,月度,MLA Statistics API / NLRS,澳洲,MLA Statistics API report/10 NLRS Slaughter；州级周度屠宰数默认汇总为全国月度。
au,猪,MLA NLRS Slaughter Pigs 全国月度汇总,2025-01-01,428903.0,头,月度,MLA Statistics API / NLRS,澳洲,MLA Statistics API report/10 NLRS Slaughter；州级周度屠宰数默认汇总为全国月度。
au,猪,MLA NLRS Slaughter Pigs 全国月度汇总,2025-02-01,365263.0,头,月度,MLA Statistics API / NLRS,澳洲,MLA Statistics API report/10 NLRS Slaughter；州级周度屠宰数默认汇总为全国月度。
au,猪,MLA NLRS Slaughter Pigs 全国月度汇总,2025-03-01,366667.0,头,月度,MLA Statistics API / NLRS,澳洲,MLA Statistics API report/10 NLRS Slaughter；州级周度屠宰数默认汇总为全国月度。
au,猪,MLA NLRS Slaughter Pigs 全国月度汇总,2025-04-01,344842.0,头,月度,MLA Statistics API / NLRS,澳洲,MLA Statistics API report/10 NLRS Slaughter；州级周度屠宰数默认汇总为全国月度。
au,猪,MLA NLRS Slaughter Pigs 全国月度汇总,2025-05-01,490709.0,头,月度,MLA Statistics API / NLRS,澳洲,MLA Statistics API report/10 NLRS Slaughter；州级周度屠宰数默认汇总为全国月度。
au,猪,MLA NLRS Slaughter Pigs 全国月度汇总,2025-06-01,375447.0,头,月度,MLA Statistics API / NLRS,澳洲,MLA Statistics API report/10 NLRS Slaughter；州级周度屠宰数默认汇总为全国月度。
au,猪,MLA NLRS Slaughter Pigs 全国月度汇总,2025-07-01,369296.0,头,月度,MLA Statistics API / NLRS,澳洲,MLA Statistics API report/10 NLRS Slaughter；州级周度屠宰数默认汇总为全国月度。
au,猪,MLA NLRS Slaughter Pigs 全国月度汇总,2025-08-01,457210.0,头,月度,MLA Statistics API / NLRS,澳洲,MLA Statistics API report/10 NLRS Slaughter；州级周度屠宰数默认汇总为全国月度。
au,猪,MLA NLRS Slaughter Pigs 全国月度汇总,2025-09-01,357455.0,头,月度,MLA Statistics API / NLRS,澳洲,MLA Statistics API report/10 NLRS Slaughter；州级周度屠宰数默认汇总为全国月度。
au,猪,MLA NLRS Slaughter Pigs 全国月度汇总,2025-10-01,433463.0,头,月度,MLA Statistics API / NLRS,澳洲,MLA Statistics API report/10 NLRS Slaughter；州级周度屠宰数默认汇总为全国月度。
au,猪,MLA NLRS Slaughter Pigs 全国月度汇总,2025-11-01,356380.0,头,月度,MLA Statistics API / NLRS,澳洲,MLA Statistics API report/10 NLRS Slaughter；州级周度屠宰数默认汇总为全国月度。
au,猪,MLA NLRS Slaughter Pigs 全国月度汇总,2025-12-01,354904.0,头,月度,MLA Statistics API / NLRS,澳洲,MLA Statistics API report/10 NLRS Slaughter；州级周度屠宰数默认汇总为全国月度。
au,猪,MLA NLRS Slaughter Pigs 全国月度汇总,2026-01-01,423048.0,头,月度,MLA Statistics API / NLRS,澳洲,MLA Statistics API report/10 NLRS Slaughter；州级周度屠宰数默认汇总为全国月度。
au,猪,MLA NLRS Slaughter Pigs 全国月度汇总,2026-02-01,369756.0,头,月度,MLA Statistics API / NLRS,澳洲,MLA Statistics API report/10 NLRS Slaughter；州级周度屠宰数默认汇总为全国月度。
au,猪,MLA NLRS Slaughter Pigs 全国月度汇总,2026-03-01,370330.0,头,月度,MLA Statistics API / NLRS,澳洲,MLA Statistics API report/10 NLRS Slaughter；州级周度屠宰数默认汇总为全国月度。
au,猪,MLA NLRS Slaughter Pigs 全国月度汇总,2026-04-01,350816.0,头,月度,MLA Statistics API / NLRS,澳洲,MLA Statistics API report/10 NLRS Slaughter；州级周度屠宰数默认汇总为全国月度。
au,猪,MLA NLRS Slaughter Pigs 全国月度汇总,2026-05-01,477625.0,头,月度,MLA Statistics API / NLRS,澳洲,MLA Statistics API report/10 NLRS Slaughter；州级周度屠宰数默认汇总为全国月度。
au,猪,MLA NLRS Slaughter Pigs 全国月度汇总,2026-06-01,369387.0,头,月度,MLA Statistics API / NLRS,澳洲,MLA Statistics API report/10 NLRS Slaughter；州级周度屠宰数默认汇总为全国月度。
au,猪,MLA NLRS Slaughter Pigs 全国月度汇总,2026-07-01,474792.0,头,月度,MLA Statistics API / NLRS,澳洲,MLA Statistics API report/10 NLRS Slaughter；州级周度屠宰数默认汇总为全国月度。
au,猪,MLA零售肉价 Pork,2000-03-31,764.5653,AUD c/kg,季度,MLA PowerBI / ABS Retail Meat Prices,澳洲零售,MLA Statistics Australian Retail Meat Prices PowerBI导出；字段为Average Value，按ABS季度零售肉价展示。
au,猪,MLA零售肉价 Pork,2000-06-30,747.3356,AUD c/kg,季度,MLA PowerBI / ABS Retail Meat Prices,澳洲零售,MLA Statistics Australian Retail Meat Prices PowerBI导出；字段为Average Value，按ABS季度零售肉价展示。
au,猪,MLA零售肉价 Pork,2000-09-30,749.4893,AUD c/kg,季度,MLA PowerBI / ABS Retail Meat Prices,澳洲零售,MLA Statistics Australian Retail Meat Prices PowerBI导出；字段为Average Value，按ABS季度零售肉价展示。
au,猪,MLA零售肉价 Pork,2000-12-31,760.2578,AUD c/kg,季度,MLA PowerBI / ABS Retail Meat Prices,澳洲零售,MLA Statistics Australian Retail Meat Prices PowerBI导出；字段为Average Value，按ABS季度零售肉价展示。
au,猪,MLA零售肉价 Pork,2001-03-31,788.256,AUD c/kg,季度,MLA PowerBI / ABS Retail Meat Prices,澳洲零售,MLA Statistics Australian Retail Meat Prices PowerBI导出；字段为Average Value，按ABS季度零售肉价展示。
au,猪,MLA零售肉价 Pork,2001-06-30,818.4079,AUD c/kg,季度,MLA PowerBI / ABS Retail Meat Prices,澳洲零售,MLA Statistics Australian Retail Meat Prices PowerBI导出；字段为Average Value，按ABS季度零售肉价展示。
au,猪,MLA零售肉价 Pork,2001-09-30,857.1746,AUD c/kg,季度,MLA PowerBI / ABS Retail Meat Prices,澳洲零售,MLA Statistics Australian Retail Meat Prices PowerBI导出；字段为Average Value，按ABS季度零售肉价展示。
au,猪,MLA零售肉价 Pork,2001-12-31,874.4042,AUD c/kg,季度,MLA PowerBI / ABS Retail Meat Prices,澳洲零售,MLA Statistics Australian Retail Meat Prices PowerBI导出；字段为Average Value，按ABS季度零售肉价展示。
au,猪,MLA零售肉价 Pork,2002-03-31,908.8635,AUD c/kg,季度,MLA PowerBI / ABS Retail Meat Prices,澳洲零售,MLA Statistics Australian Retail Meat Prices PowerBI导出；字段为Average Value，按ABS季度零售肉价展示。
au,猪,MLA零售肉价 Pork,2002-06-30,892.7107,AUD c/kg,季度,MLA PowerBI / ABS Retail Meat Prices,澳洲零售,MLA Statistics Australian Retail Meat Prices PowerBI导出；字段为Average Value，按ABS季度零售肉价展示。
au,猪,MLA零售肉价 Pork,2002-09-30,889.4801,AUD c/kg,季度,MLA PowerBI / ABS Retail Meat Prices,澳洲零售,MLA Statistics Australian Retail Meat Prices PowerBI导出；字段为Average Value，按ABS季度零售肉价展示。
au,猪,MLA零售肉价 Pork,2002-12-31,876.5579,AUD c/kg,季度,MLA PowerBI / ABS Retail Meat Prices,澳洲零售,MLA Statistics Australian Retail Meat Prices PowerBI导出；字段为Average Value，按ABS季度零售肉价展示。
au,猪,MLA零售肉价 Pork,2003-03-31,884.0959,AUD c/kg,季度,MLA PowerBI / ABS Retail Meat Prices,澳洲零售,MLA Statistics Australian Retail Meat Prices PowerBI导出；字段为Average Value，按ABS季度零售肉价展示。
au,猪,MLA零售肉价 Pork,2003-06-30,892.7107,AUD c/kg,季度,MLA PowerBI / ABS Retail Meat Prices,澳洲零售,MLA Statistics Australian Retail Meat Prices PowerBI导出；字段为Average Value，按ABS季度零售肉价展示。
au,猪,MLA零售肉价 Pork,2003-09-30,880.8653,AUD c/kg,季度,MLA PowerBI / ABS Retail Meat Prices,澳洲零售,MLA Statistics Australian Retail Meat Prices PowerBI导出；字段为Average Value，按ABS季度零售肉价展示。
au,猪,MLA零售肉价 Pork,2003-12-31,906.7098,AUD c/kg,季度,MLA PowerBI / ABS Retail Meat Prices,澳洲零售,MLA Statistics Australian Retail Meat Prices PowerBI导出；字段为Average Value，按ABS季度零售肉价展示。
au,猪,MLA零售肉价 Pork,2004-03-31,905.6329,AUD c/kg,季度,MLA PowerBI / ABS Retail Meat Prices,澳洲零售,MLA Statistics Australian Retail Meat Prices PowerBI导出；字段为Average Value，按ABS季度零售肉价展示。
au,猪,MLA零售肉价 Pork,2004-06-30,889.4801,AUD c/kg,季度,MLA PowerBI / ABS Retail Meat Prices,澳洲零售,MLA Statistics Australian Retail Meat Prices PowerBI导出；字段为Average Value，按ABS季度零售肉价展示。
au,猪,MLA零售肉价 Pork,2004-09-30,847.4829,AUD c/kg,季度,MLA PowerBI / ABS Retail Meat Prices,澳洲零售,MLA Statistics Australian Retail Meat Prices PowerBI导出；字段为Average Value，按ABS季度零售肉价展示。
au,猪,MLA零售肉价 Pork,2004-12-31,914.2477,AUD c/kg,季度,MLA PowerBI / ABS Retail Meat Prices,澳洲零售,MLA Statistics Australian Retail Meat Prices PowerBI导出；字段为Average Value，按ABS季度零售肉价展示。
au,猪,MLA零售肉价 Pork,2005-03-31,918.5552,AUD c/kg,季度,MLA PowerBI / ABS Retail Meat Prices,澳洲零售,MLA Statistics Australian Retail Meat Prices PowerBI导出；字段为Average Value，按ABS季度零售肉价展示。
au,猪,MLA零售肉价 Pork,2005-06-30,949.7839,AUD c/kg,季度,MLA PowerBI / ABS Retail Meat Prices,澳洲零售,MLA Statistics Australian Retail Meat Prices PowerBI导出；字段为Average Value，按ABS季度零售肉价展示。
au,猪,MLA零售肉价 Pork,2005-09-30,946.5533,AUD c/kg,季度,MLA PowerBI / ABS Retail Meat Prices,澳洲零售,MLA Statistics Australian Retail Meat Prices PowerBI导出；字段为Average Value，按ABS季度零售肉价展示。
au,猪,MLA零售肉价 Pork,2005-12-31,932.5542,AUD c/kg,季度,MLA PowerBI / ABS Retail Meat Prices,澳洲零售,MLA Statistics Australian Retail Meat Prices PowerBI导出；字段为Average Value，按ABS季度零售肉价展示。
au,猪,MLA零售肉价 Pork,2006-03-31,956.245,AUD c/kg,季度,MLA PowerBI / ABS Retail Meat Prices,澳洲零售,MLA Statistics Australian Retail Meat Prices PowerBI导出；字段为Average Value，按ABS季度零售肉价展示。
au,猪,MLA零售肉价 Pork,2006-06-30,953.0144,AUD c/kg,季度,MLA PowerBI / ABS Retail Meat Prices,澳洲零售,MLA Statistics Australian Retail Meat Prices PowerBI导出；字段为Average Value，按ABS季度零售肉价展示。
au,猪,MLA零售肉价 Pork,2006-09-30,959.4756,AUD c/kg,季度,MLA PowerBI / ABS Retail Meat Prices,澳洲零售,MLA Statistics Australian Retail Meat Prices PowerBI导出；字段为Average Value，按ABS季度零售肉价展示。
au,猪,MLA零售肉价 Pork,2006-12-31,985.32,AUD c/kg,季度,MLA PowerBI / ABS Retail Meat Prices,澳洲零售,MLA Statistics Australian Retail Meat Prices PowerBI导出；字段为Average Value，按ABS季度零售肉价展示。
au,猪,MLA零售肉价 Pork,2007-03-31,1005.7802,AUD c/kg,季度,MLA PowerBI / ABS Retail Meat Prices,澳洲零售,MLA Statistics Australian Retail Meat Prices PowerBI导出；字段为Average Value，按ABS季度零售肉价展示。
au,猪,MLA零售肉价 Pork,2007-06-30,978.8589,AUD c/kg,季度,MLA PowerBI / ABS Retail Meat Prices,澳洲零售,MLA Statistics Australian Retail Meat Prices PowerBI导出；字段为Average Value，按ABS季度零售肉价展示。
au,猪,MLA零售肉价 Pork,2007-09-30,970.2441,AUD c/kg,季度,MLA PowerBI / ABS Retail Meat Prices,澳洲零售,MLA Statistics Australian Retail Meat Prices PowerBI导出；字段为Average Value，按ABS季度零售肉价展示。
au,猪,MLA零售肉价 Pork,2007-12-31,979.9357,AUD c/kg,季度,MLA PowerBI / ABS Retail Meat Prices,澳洲零售,MLA Statistics Australian Retail Meat Prices PowerBI导出；字段为Average Value，按ABS季度零售肉价展示。
au,猪,MLA零售肉价 Pork,2008-03-31,1009.0108,AUD c/kg,季度,MLA PowerBI / ABS Retail Meat Prices,澳洲零售,MLA Statistics Australian Retail Meat Prices PowerBI导出；字段为Average Value，按ABS季度零售肉价展示。
au,猪,MLA零售肉价 Pork,2008-06-30,1004.7034,AUD c/kg,季度,MLA PowerBI / ABS Retail Meat Prices,澳洲零售,MLA Statistics Australian Retail Meat Prices PowerBI导出；字段为Average Value，按ABS季度零售肉价展示。
au,猪,MLA零售肉价 Pork,2008-09-30,986.3969,AUD c/kg,季度,MLA PowerBI / ABS Retail Meat Prices,澳洲零售,MLA Statistics Australian Retail Meat Prices PowerBI导出；字段为Average Value，按ABS季度零售肉价展示。
au,猪,MLA零售肉价 Pork,2008-12-31,1037.0089,AUD c/kg,季度,MLA PowerBI / ABS Retail Meat Prices,澳洲零售,MLA Statistics Australian Retail Meat Prices PowerBI导出；字段为Average Value，按ABS季度零售肉价展示。
au,猪,MLA零售肉价 Pork,2009-03-31,1090.8516,AUD c/kg,季度,MLA PowerBI / ABS Retail Meat Prices,澳洲零售,MLA Statistics Australian Retail Meat Prices PowerBI导出；字段为Average Value，按ABS季度零售肉价展示。
au,猪,MLA零售肉价 Pork,2009-06-30,1083.3136,AUD c/kg,季度,MLA PowerBI / ABS Retail Meat Prices,澳洲零售,MLA Statistics Australian Retail Meat Prices PowerBI导出；字段为Average Value，按ABS季度零售肉价展示。
au,猪,MLA零售肉价 Pork,2009-09-30,1068.2377,AUD c/kg,季度,MLA PowerBI / ABS Retail Meat Prices,澳洲零售,MLA Statistics Australian Retail Meat Prices PowerBI导出；字段为Average Value，按ABS季度零售肉价展示。
au,猪,MLA零售肉价 Pork,2009-12-31,1032.7015,AUD c/kg,季度,MLA PowerBI / ABS Retail Meat Prices,澳洲零售,MLA Statistics Australian Retail Meat Prices PowerBI导出；字段为Average Value，按ABS季度零售肉价展示。
au,猪,MLA零售肉价 Pork,2010-03-31,1080.083,AUD c/kg,季度,MLA PowerBI / ABS Retail Meat Prices,澳洲零售,MLA Statistics Australian Retail Meat Prices PowerBI导出；字段为Average Value，按ABS季度零售肉价展示。
au,猪,MLA零售肉价 Pork,2010-06-30,1065.0071,AUD c/kg,季度,MLA PowerBI / ABS Retail Meat Prices,澳洲零售,MLA Statistics Australian Retail Meat Prices PowerBI导出；字段为Average Value，按ABS季度零售肉价展示。
au,猪,MLA零售肉价 Pork,2010-09-30,1066.0839,AUD c/kg,季度,MLA PowerBI / ABS Retail Meat Prices,澳洲零售,MLA Statistics Australian Retail Meat Prices PowerBI导出；字段为Average Value，按ABS季度零售肉价展示。
au,猪,MLA零售肉价 Pork,2010-12-31,1095.159,AUD c/kg,季度,MLA PowerBI / ABS Retail Meat Prices,澳洲零售,MLA Statistics Australian Retail Meat Prices PowerBI导出；字段为Average Value，按ABS季度零售肉价展示。
au,猪,MLA零售肉价 Pork,2011-03-31,1104.8506,AUD c/kg,季度,MLA PowerBI / ABS Retail Meat Prices,澳洲零售,MLA Statistics Australian Retail Meat Prices PowerBI导出；字段为Average Value，按ABS季度零售肉价展示。
au,猪,MLA零售肉价 Pork,2011-06-30,1098.3895,AUD c/kg,季度,MLA PowerBI / ABS Retail Meat Prices,澳洲零售,MLA Statistics Australian Retail Meat Prices PowerBI导出；字段为Average Value，按ABS季度零售肉价展示。
au,猪,MLA零售肉价 Pork,2011-09-30,1093.0053,AUD c/kg,季度,MLA PowerBI / ABS Retail Meat Prices,澳洲零售,MLA Statistics Australian Retail Meat Prices PowerBI导出；字段为Average Value，按ABS季度零售肉价展示。
au,猪,MLA零售肉价 Pork,2011-12-31,1068.2377,AUD c/kg,季度,MLA PowerBI / ABS Retail Meat Prices,澳洲零售,MLA Statistics Australian Retail Meat Prices PowerBI导出；字段为Average Value，按ABS季度零售肉价展示。
au,猪,MLA零售肉价 Pork,2012-03-31,1082.2367,AUD c/kg,季度,MLA PowerBI / ABS Retail Meat Prices,澳洲零售,MLA Statistics Australian Retail Meat Prices PowerBI导出；字段为Average Value，按ABS季度零售肉价展示。
au,猪,MLA零售肉价 Pork,2012-06-30,1065.0071,AUD c/kg,季度,MLA PowerBI / ABS Retail Meat Prices,澳洲零售,MLA Statistics Australian Retail Meat Prices PowerBI导出；字段为Average Value，按ABS季度零售肉价展示。
au,猪,MLA零售肉价 Pork,2012-09-30,1068.2377,AUD c/kg,季度,MLA PowerBI / ABS Retail Meat Prices,澳洲零售,MLA Statistics Australian Retail Meat Prices PowerBI导出；字段为Average Value，按ABS季度零售肉价展示。
au,猪,MLA零售肉价 Pork,2012-12-31,1075.7756,AUD c/kg,季度,MLA PowerBI / ABS Retail Meat Prices,澳洲零售,MLA Statistics Australian Retail Meat Prices PowerBI导出；字段为Average Value，按ABS季度零售肉价展示。
au,猪,MLA零售肉价 Pork,2013-03-31,1084.3904,AUD c/kg,季度,MLA PowerBI / ABS Retail Meat Prices,澳洲零售,MLA Statistics Australian Retail Meat Prices PowerBI导出；字段为Average Value，按ABS季度零售肉价展示。
au,猪,MLA零售肉价 Pork,2013-06-30,1084.3904,AUD c/kg,季度,MLA PowerBI / ABS Retail Meat Prices,澳洲零售,MLA Statistics Australian Retail Meat Prices PowerBI导出；字段为Average Value，按ABS季度零售肉价展示。
au,猪,MLA零售肉价 Pork,2013-09-30,1085.4673,AUD c/kg,季度,MLA PowerBI / ABS Retail Meat Prices,澳洲零售,MLA Statistics Australian Retail Meat Prices PowerBI导出；字段为Average Value，按ABS季度零售肉价展示。
au,猪,MLA零售肉价 Pork,2013-12-31,1077.9293,AUD c/kg,季度,MLA PowerBI / ABS Retail Meat Prices,澳洲零售,MLA Statistics Australian Retail Meat Prices PowerBI导出；字段为Average Value，按ABS季度零售肉价展示。
au,猪,MLA零售肉价 Pork,2014-03-31,1112.3886,AUD c/kg,季度,MLA PowerBI / ABS Retail Meat Prices,澳洲零售,MLA Statistics Australian Retail Meat Prices PowerBI导出；字段为Average Value，按ABS季度零售肉价展示。
au,猪,MLA零售肉价 Pork,2014-06-30,1121.0034,AUD c/kg,季度,MLA PowerBI / ABS Retail Meat Prices,澳洲零售,MLA Statistics Australian Retail Meat Prices PowerBI导出；字段为Average Value，按ABS季度零售肉价展示。
au,猪,MLA零售肉价 Pork,2014-09-30,1119.9266,AUD c/kg,季度,MLA PowerBI / ABS Retail Meat Prices,澳洲零售,MLA Statistics Australian Retail Meat Prices PowerBI导出；字段为Average Value，按ABS季度零售肉价展示。
au,猪,MLA零售肉价 Pork,2014-12-31,1139.3099,AUD c/kg,季度,MLA PowerBI / ABS Retail Meat Prices,澳洲零售,MLA Statistics Australian Retail Meat Prices PowerBI导出；字段为Average Value，按ABS季度零售肉价展示。
au,猪,MLA零售肉价 Pork,2015-03-31,1170.5386,AUD c/kg,季度,MLA PowerBI / ABS Retail Meat Prices,澳洲零售,MLA Statistics Australian Retail Meat Prices PowerBI导出；字段为Average Value，按ABS季度零售肉价展示。
au,猪,MLA零售肉价 Pork,2015-06-30,1172.6923,AUD c/kg,季度,MLA PowerBI / ABS Retail Meat Prices,澳洲零售,MLA Statistics Australian Retail Meat Prices PowerBI导出；字段为Average Value，按ABS季度零售肉价展示。
au,猪,MLA零售肉价 Pork,2015-09-30,1176.9997,AUD c/kg,季度,MLA PowerBI / ABS Retail Meat Prices,澳洲零售,MLA Statistics Australian Retail Meat Prices PowerBI导出；字段为Average Value，按ABS季度零售肉价展示。
au,猪,MLA零售肉价 Pork,2015-12-31,1193.1525,AUD c/kg,季度,MLA PowerBI / ABS Retail Meat Prices,澳洲零售,MLA Statistics Australian Retail Meat Prices PowerBI导出；字段为Average Value，按ABS季度零售肉价展示。
au,猪,MLA零售肉价 Pork,2016-03-31,1209.3053,AUD c/kg,季度,MLA PowerBI / ABS Retail Meat Prices,澳洲零售,MLA Statistics Australian Retail Meat Prices PowerBI导出；字段为Average Value，按ABS季度零售肉价展示。
au,猪,MLA零售肉价 Pork,2016-06-30,1198.5368,AUD c/kg,季度,MLA PowerBI / ABS Retail Meat Prices,澳洲零售,MLA Statistics Australian Retail Meat Prices PowerBI导出；字段为Average Value，按ABS季度零售肉价展示。
au,猪,MLA零售肉价 Pork,2016-09-30,1185.6146,AUD c/kg,季度,MLA PowerBI / ABS Retail Meat Prices,澳洲零售,MLA Statistics Australian Retail Meat Prices PowerBI导出；字段为Average Value，按ABS季度零售肉价展示。
au,猪,MLA零售肉价 Pork,2016-12-31,1204.9979,AUD c/kg,季度,MLA PowerBI / ABS Retail Meat Prices,澳洲零售,MLA Statistics Australian Retail Meat Prices PowerBI导出；字段为Average Value，按ABS季度零售肉价展示。
au,猪,MLA零售肉价 Pork,2017-03-31,1201.7674,AUD c/kg,季度,MLA PowerBI / ABS Retail Meat Prices,澳洲零售,MLA Statistics Australian Retail Meat Prices PowerBI导出；字段为Average Value，按ABS季度零售肉价展示。
au,猪,MLA零售肉价 Pork,2017-06-30,1166.2312,AUD c/kg,季度,MLA PowerBI / ABS Retail Meat Prices,澳洲零售,MLA Statistics Australian Retail Meat Prices PowerBI导出；字段为Average Value，按ABS季度零售肉价展示。
au,猪,MLA零售肉价 Pork,2017-09-30,1171.6155,AUD c/kg,季度,MLA PowerBI / ABS Retail Meat Prices,澳洲零售,MLA Statistics Australian Retail Meat Prices PowerBI导出；字段为Average Value，按ABS季度零售肉价展示。
au,猪,MLA零售肉价 Pork,2017-12-31,1176.9997,AUD c/kg,季度,MLA PowerBI / ABS Retail Meat Prices,澳洲零售,MLA Statistics Australian Retail Meat Prices PowerBI导出；字段为Average Value，按ABS季度零售肉价展示。
au,猪,MLA零售肉价 Pork,2018-03-31,1182.384,AUD c/kg,季度,MLA PowerBI / ABS Retail Meat Prices,澳洲零售,MLA Statistics Australian Retail Meat Prices PowerBI导出；字段为Average Value，按ABS季度零售肉价展示。
au,猪,MLA零售肉价 Pork,2018-06-30,1170.5386,AUD c/kg,季度,MLA PowerBI / ABS Retail Meat Prices,澳洲零售,MLA Statistics Australian Retail Meat Prices PowerBI导出；字段为Average Value，按ABS季度零售肉价展示。
au,猪,MLA零售肉价 Pork,2018-09-30,1159.8,AUD c/kg,季度,MLA PowerBI / ABS Retail Meat Prices,澳洲零售,MLA Statistics Australian Retail Meat Prices PowerBI导出；字段为Average Value，按ABS季度零售肉价展示。
au,猪,MLA零售肉价 Pork,2018-12-31,1170.5688,AUD c/kg,季度,MLA PowerBI / ABS Retail Meat Prices,澳洲零售,MLA Statistics Australian Retail Meat Prices PowerBI导出；字段为Average Value，按ABS季度零售肉价展示。
au,猪,MLA零售肉价 Pork,2019-03-31,1180.2607,AUD c/kg,季度,MLA PowerBI / ABS Retail Meat Prices,澳洲零售,MLA Statistics Australian Retail Meat Prices PowerBI导出；字段为Average Value，按ABS季度零售肉价展示。
au,猪,MLA零售肉价 Pork,2019-06-30,1183.4914,AUD c/kg,季度,MLA PowerBI / ABS Retail Meat Prices,澳洲零售,MLA Statistics Australian Retail Meat Prices PowerBI导出；字段为Average Value，按ABS季度零售肉价展示。
au,猪,MLA零售肉价 Pork,2019-09-30,1206.1058,AUD c/kg,季度,MLA PowerBI / ABS Retail Meat Prices,澳洲零售,MLA Statistics Australian Retail Meat Prices PowerBI导出；字段为Average Value，按ABS季度零售肉价展示。
au,猪,MLA零售肉价 Pork,2019-12-31,1263.1805,AUD c/kg,季度,MLA PowerBI / ABS Retail Meat Prices,澳洲零售,MLA Statistics Australian Retail Meat Prices PowerBI导出；字段为Average Value，按ABS季度零售肉价展示。
au,猪,MLA零售肉价 Pork,2020-03-31,1280.4106,AUD c/kg,季度,MLA PowerBI / ABS Retail Meat Prices,澳洲零售,MLA Statistics Australian Retail Meat Prices PowerBI导出；字段为Average Value，按ABS季度零售肉价展示。
au,猪,MLA零售肉价 Pork,2020-06-30,1296.5638,AUD c/kg,季度,MLA PowerBI / ABS Retail Meat Prices,澳洲零售,MLA Statistics Australian Retail Meat Prices PowerBI导出；字段为Average Value，按ABS季度零售肉价展示。
au,猪,MLA零售肉价 Pork,2020-09-30,1299.7944,AUD c/kg,季度,MLA PowerBI / ABS Retail Meat Prices,澳洲零售,MLA Statistics Australian Retail Meat Prices PowerBI导出；字段为Average Value，按ABS季度零售肉价展示。
au,猪,MLA零售肉价 Pork,2020-12-31,1304.1019,AUD c/kg,季度,MLA PowerBI / ABS Retail Meat Prices,澳洲零售,MLA Statistics Australian Retail Meat Prices PowerBI导出；字段为Average Value，按ABS季度零售肉价展示。
au,猪,MLA零售肉价 Pork,2021-03-31,1305.1788,AUD c/kg,季度,MLA PowerBI / ABS Retail Meat Prices,澳洲零售,MLA Statistics Australian Retail Meat Prices PowerBI导出；字段为Average Value，按ABS季度零售肉价展示。
au,猪,MLA零售肉价 Pork,2021-06-30,1291.1794,AUD c/kg,季度,MLA PowerBI / ABS Retail Meat Prices,澳洲零售,MLA Statistics Australian Retail Meat Prices PowerBI导出；字段为Average Value，按ABS季度零售肉价展示。
au,猪,MLA零售肉价 Pork,2021-09-30,1294.41,AUD c/kg,季度,MLA PowerBI / ABS Retail Meat Prices,澳洲零售,MLA Statistics Australian Retail Meat Prices PowerBI导出；字段为Average Value，按ABS季度零售肉价展示。
au,猪,MLA零售肉价 Pork,2021-12-31,1312.717,AUD c/kg,季度,MLA PowerBI / ABS Retail Meat Prices,澳洲零售,MLA Statistics Australian Retail Meat Prices PowerBI导出；字段为Average Value，按ABS季度零售肉价展示。
au,猪,MLA零售肉价 Pork,2022-03-31,1348.254,AUD c/kg,季度,MLA PowerBI / ABS Retail Meat Prices,澳洲零售,MLA Statistics Australian Retail Meat Prices PowerBI导出；字段为Average Value，按ABS季度零售肉价展示。
au,猪,MLA零售肉价 Pork,2022-06-30,1341.7928,AUD c/kg,季度,MLA PowerBI / ABS Retail Meat Prices,澳洲零售,MLA Statistics Australian Retail Meat Prices PowerBI导出；字段为Average Value，按ABS季度零售肉价展示。
au,猪,MLA零售肉价 Pork,2022-09-30,1343.9465,AUD c/kg,季度,MLA PowerBI / ABS Retail Meat Prices,澳洲零售,MLA Statistics Australian Retail Meat Prices PowerBI导出；字段为Average Value，按ABS季度零售肉价展示。
au,猪,MLA零售肉价 Pork,2022-12-31,1375.176,AUD c/kg,季度,MLA PowerBI / ABS Retail Meat Prices,澳洲零售,MLA Statistics Australian Retail Meat Prices PowerBI导出；字段为Average Value，按ABS季度零售肉价展示。
au,猪,MLA零售肉价 Pork,2023-03-31,1401.0212,AUD c/kg,季度,MLA PowerBI / ABS Retail Meat Prices,澳洲零售,MLA Statistics Australian Retail Meat Prices PowerBI导出；字段为Average Value，按ABS季度零售肉价展示。
au,猪,MLA零售肉价 Pork,2023-06-30,1391.3292,AUD c/kg,季度,MLA PowerBI / ABS Retail Meat Prices,澳洲零售,MLA Statistics Australian Retail Meat Prices PowerBI导出；字段为Average Value，按ABS季度零售肉价展示。
au,猪,MLA零售肉价 Pork,2023-09-30,1404.2518,AUD c/kg,季度,MLA PowerBI / ABS Retail Meat Prices,澳洲零售,MLA Statistics Australian Retail Meat Prices PowerBI导出；字段为Average Value，按ABS季度零售肉价展示。
au,猪,MLA零售肉价 Pork,2023-12-31,1450.5577,AUD c/kg,季度,MLA PowerBI / ABS Retail Meat Prices,澳洲零售,MLA Statistics Australian Retail Meat Prices PowerBI导出；字段为Average Value，按ABS季度零售肉价展示。
au,猪,MLA零售肉价 Pork,2024-03-31,1458.0958,AUD c/kg,季度,MLA PowerBI / ABS Retail Meat Prices,澳洲零售,MLA Statistics Australian Retail Meat Prices PowerBI导出；字段为Average Value，按ABS季度零售肉价展示。
au,猪,MLA零售肉价 Pork,2024-06-30,1457.0189,AUD c/kg,季度,MLA PowerBI / ABS Retail Meat Prices,澳洲零售,MLA Statistics Australian Retail Meat Prices PowerBI导出；字段为Average Value，按ABS季度零售肉价展示。
au,猪,MLA零售肉价 Pork,2024-09-30,1454.8652,AUD c/kg,季度,MLA PowerBI / ABS Retail Meat Prices,澳洲零售,MLA Statistics Australian Retail Meat Prices PowerBI导出；字段为Average Value，按ABS季度零售肉价展示。
au,猪,MLA零售肉价 Pork,2024-12-31,1487.1716,AUD c/kg,季度,MLA PowerBI / ABS Retail Meat Prices,澳洲零售,MLA Statistics Australian Retail Meat Prices PowerBI导出；字段为Average Value，按ABS季度零售肉价展示。
au,猪,MLA零售肉价 Pork,2025-03-31,1513.0167,AUD c/kg,季度,MLA PowerBI / ABS Retail Meat Prices,澳洲零售,MLA Statistics Australian Retail Meat Prices PowerBI导出；字段为Average Value，按ABS季度零售肉价展示。
au,猪,MLA零售肉价 Pork,2025-06-30,1502.2479,AUD c/kg,季度,MLA PowerBI / ABS Retail Meat Prices,澳洲零售,MLA Statistics Australian Retail Meat Prices PowerBI导出；字段为Average Value，按ABS季度零售肉价展示。
au,猪,MLA零售肉价 Pork,2025-09-30,1504.4017,AUD c/kg,季度,MLA PowerBI / ABS Retail Meat Prices,澳洲零售,MLA Statistics Australian Retail Meat Prices PowerBI导出；字段为Average Value，按ABS季度零售肉价展示。
au,猪,猪价 Buyers NAT 60.1-75kg平均(c/kg HSCW),2026-03-01,463.0,,月度,,澳洲,
au,猪,猪价 Buyers NAT 60.1-75kg平均(c/kg HSCW),2026-04-01,452.0,,月度,,澳洲,
au,猪,猪价 Buyers NAT 60.1-75kg平均(c/kg HSCW),2026-05-01,433.8,,月度,,澳洲,
au,猪,猪价 Buyers NAT 60.1-75kg平均(c/kg HSCW),2026-06-01,420.75,,月度,,澳洲,
au,猪,猪价 Buyers NAT 60.1-75kg平均(c/kg HSCW),2026-07-01,399.6,,月度,,澳洲,
au,猪,猪价 Buyers NAT 60.1-75kg最高(c/kg HSCW),2026-03-01,510.0,,月度,,澳洲,
au,猪,猪价 Buyers NAT 60.1-75kg最高(c/kg HSCW),2026-04-01,510.0,,月度,,澳洲,
au,猪,猪价 Buyers NAT 60.1-75kg最高(c/kg HSCW),2026-05-01,510.0,,月度,,澳洲,
au,猪,猪价 Buyers NAT 60.1-75kg最高(c/kg HSCW),2026-06-01,495.0,,月度,,澳洲,
au,猪,猪价 Buyers NAT 60.1-75kg最高(c/kg HSCW),2026-07-01,486.0,,月度,,澳洲,
au,猪,猪价周变化(c/kg),2026-03-01,-2.0,,月度,,澳洲,
au,猪,猪价周变化(c/kg),2026-04-01,-5.666666666666667,,月度,,澳洲,
au,猪,猪价周变化(c/kg),2026-05-01,-3.0,,月度,,澳洲,
au,猪,猪价周变化(c/kg),2026-06-01,-3.0,,月度,,澳洲,
au,猪,猪价周变化(c/kg),2026-07-01,-5.6,,月度,,澳洲,
au,猪,"猪屠宰量(千头,季度)",1972-09-01,1153.8,,月度,,澳洲,
au,猪,"猪屠宰量(千头,季度)",1972-12-01,1204.1,,月度,,澳洲,
au,猪,"猪屠宰量(千头,季度)",1973-03-01,1138.7,,月度,,澳洲,
au,猪,"猪屠宰量(千头,季度)",1973-06-01,1246.6,,月度,,澳洲,
au,猪,"猪屠宰量(千头,季度)",1973-09-01,1207.9,,月度,,澳洲,
au,猪,"猪屠宰量(千头,季度)",1973-12-01,1117.4,,月度,,澳洲,
au,猪,"猪屠宰量(千头,季度)",1974-03-01,907.9,,月度,,澳洲,
au,猪,"猪屠宰量(千头,季度)",1974-06-01,936.7,,月度,,澳洲,
au,猪,"猪屠宰量(千头,季度)",1974-09-01,929.9,,月度,,澳洲,
au,猪,"猪屠宰量(千头,季度)",1974-12-01,932.5,,月度,,澳洲,
au,猪,"猪屠宰量(千头,季度)",1975-03-01,765.1,,月度,,澳洲,
au,猪,"猪屠宰量(千头,季度)",1975-06-01,826.0,,月度,,澳洲,
au,猪,"猪屠宰量(千头,季度)",1975-09-01,831.9,,月度,,澳洲,
au,猪,"猪屠宰量(千头,季度)",1975-12-01,879.4,,月度,,澳洲,
au,猪,"猪屠宰量(千头,季度)",1976-03-01,754.8,,月度,,澳洲,
au,猪,"猪屠宰量(千头,季度)",1976-06-01,828.8,,月度,,澳洲,
au,猪,"猪屠宰量(千头,季度)",1976-09-01,894.8,,月度,,澳洲,
au,猪,"猪屠宰量(千头,季度)",1976-12-01,905.2,,月度,,澳洲,
au,猪,"猪屠宰量(千头,季度)",1977-03-01,796.6,,月度,,澳洲,
au,猪,"猪屠宰量(千头,季度)",1977-06-01,881.3,,月度,,澳洲,
au,猪,"猪屠宰量(千头,季度)",1977-09-01,959.7,,月度,,澳洲,
au,猪,"猪屠宰量(千头,季度)",1977-12-01,957.1,,月度,,澳洲,
au,猪,"猪屠宰量(千头,季度)",1978-03-01,833.0,,月度,,澳洲,
au,猪,"猪屠宰量(千头,季度)",1978-06-01,943.4,,月度,,澳洲,
au,猪,"猪屠宰量(千头,季度)",1978-09-01,929.9,,月度,,澳洲,
au,猪,"猪屠宰量(千头,季度)",1978-12-01,939.4,,月度,,澳洲,
au,猪,"猪屠宰量(千头,季度)",1979-03-01,820.5,,月度,,澳洲,
au,猪,"猪屠宰量(千头,季度)",1979-06-01,898.9,,月度,,澳洲,
au,猪,"猪屠宰量(千头,季度)",1979-09-01,943.2,,月度,,澳洲,
au,猪,"猪屠宰量(千头,季度)",1979-12-01,998.4,,月度,,澳洲,
au,猪,"猪屠宰量(千头,季度)",1980-03-01,871.8,,月度,,澳洲,
au,猪,"猪屠宰量(千头,季度)",1980-06-01,1064.6,,月度,,澳洲,
au,猪,"猪屠宰量(千头,季度)",1980-09-01,1104.2,,月度,,澳洲,
au,猪,"猪屠宰量(千头,季度)",1980-12-01,1114.0,,月度,,澳洲,
au,猪,"猪屠宰量(千头,季度)",1981-03-01,938.9,,月度,,澳洲,
au,猪,"猪屠宰量(千头,季度)",1981-06-01,1059.0,,月度,,澳洲,
au,猪,"猪屠宰量(千头,季度)",1981-09-01,1081.5,,月度,,澳洲,
au,猪,"猪屠宰量(千头,季度)",1981-12-01,1073.7,,月度,,澳洲,
au,猪,"猪屠宰量(千头,季度)",1982-03-01,909.4,,月度,,澳洲,
au,猪,"猪屠宰量(千头,季度)",1982-06-01,994.0,,月度,,澳洲,
au,猪,"猪屠宰量(千头,季度)",1982-09-01,1037.6,,月度,,澳洲,
au,猪,"猪屠宰量(千头,季度)",1982-12-01,1075.6,,月度,,澳洲,
au,猪,"猪屠宰量(千头,季度)",1983-03-01,963.9,,月度,,澳洲,
au,猪,"猪屠宰量(千头,季度)",1983-06-01,1084.4,,月度,,澳洲,
au,猪,"猪屠宰量(千头,季度)",1983-09-01,1101.5,,月度,,澳洲,
au,猪,"猪屠宰量(千头,季度)",1983-12-01,1142.7,,月度,,澳洲,
au,猪,"猪屠宰量(千头,季度)",1984-03-01,1034.2,,月度,,澳洲,
au,猪,"猪屠宰量(千头,季度)",1984-06-01,1122.5,,月度,,澳洲,
au,猪,"猪屠宰量(千头,季度)",1984-09-01,1142.8,,月度,,澳洲,
au,猪,"猪屠宰量(千头,季度)",1984-12-01,1173.9,,月度,,澳洲,
au,猪,"猪屠宰量(千头,季度)",1985-03-01,1050.7,,月度,,澳洲,
au,猪,"猪屠宰量(千头,季度)",1985-06-01,1122.4,,月度,,澳洲,
au,猪,"猪屠宰量(千头,季度)",1985-09-01,1149.9,,月度,,澳洲,
au,猪,"猪屠宰量(千头,季度)",1985-12-01,1216.0,,月度,,澳洲,
au,猪,"猪屠宰量(千头,季度)",1986-03-01,1036.8,,月度,,澳洲,
au,猪,"猪屠宰量(千头,季度)",1986-06-01,1147.0,,月度,,澳洲,
au,猪,"猪屠宰量(千头,季度)",1986-09-01,1217.8,,月度,,澳洲,
au,猪,"猪屠宰量(千头,季度)",1986-12-01,1231.6,,月度,,澳洲,
au,猪,"猪屠宰量(千头,季度)",1987-03-01,1089.6,,月度,,澳洲,
au,猪,"猪屠宰量(千头,季度)",1987-06-01,1196.6,,月度,,澳洲,
au,猪,"猪屠宰量(千头,季度)",1987-09-01,1231.1,,月度,,澳洲,
au,猪,"猪屠宰量(千头,季度)",1987-12-01,1275.8,,月度,,澳洲,
au,猪,"猪屠宰量(千头,季度)",1988-03-01,1167.8,,月度,,澳洲,
au,猪,"猪屠宰量(千头,季度)",1988-06-01,1248.6,,月度,,澳洲,
au,猪,"猪屠宰量(千头,季度)",1988-09-01,1269.7,,月度,,澳洲,
au,猪,"猪屠宰量(千头,季度)",1988-12-01,1276.0,,月度,,澳洲,
au,猪,"猪屠宰量(千头,季度)",1989-03-01,1170.6,,月度,,澳洲,
au,猪,"猪屠宰量(千头,季度)",1989-06-01,1290.4,,月度,,澳洲,
au,猪,"猪屠宰量(千头,季度)",1989-09-01,1246.7,,月度,,澳洲,
au,猪,"猪屠宰量(千头,季度)",1989-12-01,1232.7,,月度,,澳洲,
au,猪,"猪屠宰量(千头,季度)",1990-03-01,1179.9,,月度,,澳洲,
au,猪,"猪屠宰量(千头,季度)",1990-06-01,1283.0,,月度,,澳洲,
au,猪,"猪屠宰量(千头,季度)",1990-09-01,1244.6,,月度,,澳洲,
au,猪,"猪屠宰量(千头,季度)",1990-12-01,1241.2,,月度,,澳洲,
au,猪,"猪屠宰量(千头,季度)",1991-03-01,1148.2,,月度,,澳洲,
au,猪,"猪屠宰量(千头,季度)",1991-06-01,1231.3,,月度,,澳洲,
au,猪,"猪屠宰量(千头,季度)",1991-09-01,1268.4,,月度,,澳洲,
au,猪,"猪屠宰量(千头,季度)",1991-12-01,1294.1,,月度,,澳洲,
au,猪,"猪屠宰量(千头,季度)",1992-03-01,1243.0,,月度,,澳洲,
au,猪,"猪屠宰量(千头,季度)",1992-06-01,1326.9,,月度,,澳洲,
au,猪,"猪屠宰量(千头,季度)",1992-09-01,1321.2,,月度,,澳洲,
au,猪,"猪屠宰量(千头,季度)",1992-12-01,1337.2,,月度,,澳洲,
au,猪,"猪屠宰量(千头,季度)",1993-03-01,1207.0,,月度,,澳洲,
au,猪,"猪屠宰量(千头,季度)",1993-06-01,1338.5,,月度,,澳洲,
au,猪,"猪屠宰量(千头,季度)",1993-09-01,1366.4,,月度,,澳洲,
au,猪,"猪屠宰量(千头,季度)",1993-12-01,1348.3,,月度,,澳洲,
au,猪,"猪屠宰量(千头,季度)",1994-03-01,1283.8,,月度,,澳洲,
au,猪,"猪屠宰量(千头,季度)",1994-06-01,1375.2,,月度,,澳洲,
au,猪,"猪屠宰量(千头,季度)",1994-09-01,1339.1,,月度,,澳洲,
au,猪,"猪屠宰量(千头,季度)",1994-12-01,1367.3,,月度,,澳洲,
au,猪,"猪屠宰量(千头,季度)",1995-03-01,1256.6,,月度,,澳洲,
au,猪,"猪屠宰量(千头,季度)",1995-06-01,1354.5,,月度,,澳洲,
au,猪,"猪屠宰量(千头,季度)",1995-09-01,1294.9,,月度,,澳洲,
au,猪,"猪屠宰量(千头,季度)",1995-12-01,1284.8,,月度,,澳洲,
au,猪,"猪屠宰量(千头,季度)",1996-03-01,1195.3,,月度,,澳洲,
au,猪,"猪屠宰量(千头,季度)",1996-06-01,1241.9,,月度,,澳洲,
au,猪,"猪屠宰量(千头,季度)",1996-09-01,1208.5,,月度,,澳洲,
au,猪,"猪屠宰量(千头,季度)",1996-12-01,1194.2,,月度,,澳洲,
au,猪,"猪屠宰量(千头,季度)",1997-03-01,1128.0,,月度,,澳洲,
au,猪,"猪屠宰量(千头,季度)",1997-06-01,1265.0,,月度,,澳洲,
au,猪,"猪屠宰量(千头,季度)",1997-09-01,1255.2,,月度,,澳洲,
au,猪,"猪屠宰量(千头,季度)",1997-12-01,1250.6,,月度,,澳洲,
au,猪,"猪屠宰量(千头,季度)",1998-03-01,1224.9,,月度,,澳洲,
au,猪,"猪屠宰量(千头,季度)",1998-06-01,1360.6,,月度,,澳洲,
au,猪,"猪屠宰量(千头,季度)",1998-09-01,1325.4,,月度,,澳洲,
au,猪,"猪屠宰量(千头,季度)",1998-12-01,1301.4,,月度,,澳洲,
au,猪,"猪屠宰量(千头,季度)",1999-03-01,1238.0,,月度,,澳洲,
au,猪,"猪屠宰量(千头,季度)",1999-06-01,1311.4,,月度,,澳洲,
au,猪,"猪屠宰量(千头,季度)",1999-09-01,1253.6,,月度,,澳洲,
au,猪,"猪屠宰量(千头,季度)",1999-12-01,1234.2,,月度,,澳洲,
au,猪,"猪屠宰量(千头,季度)",2000-03-01,1229.4,,月度,,澳洲,
au,猪,"猪屠宰量(千头,季度)",2000-06-01,1307.5,,月度,,澳洲,
au,猪,"猪屠宰量(千头,季度)",2000-09-01,1238.0,,月度,,澳洲,
au,猪,"猪屠宰量(千头,季度)",2000-12-01,1239.6,,月度,,澳洲,
au,猪,"猪屠宰量(千头,季度)",2001-03-01,1217.9,,月度,,澳洲,
au,猪,"猪屠宰量(千头,季度)",2001-06-01,1320.8,,月度,,澳洲,
au,猪,"猪屠宰量(千头,季度)",2001-09-01,1311.2,,月度,,澳洲,
au,猪,"猪屠宰量(千头,季度)",2001-12-01,1321.6,,月度,,澳洲,
au,猪,"猪屠宰量(千头,季度)",2002-03-01,1307.6,,月度,,澳洲,
au,猪,"猪屠宰量(千头,季度)",2002-06-01,1462.0,,月度,,澳洲,
au,猪,"猪屠宰量(千头,季度)",2002-09-01,1439.5,,月度,,澳洲,
au,猪,"猪屠宰量(千头,季度)",2002-12-01,1393.7,,月度,,澳洲,
au,猪,"猪屠宰量(千头,季度)",2003-03-01,1408.4,,月度,,澳洲,
au,猪,"猪屠宰量(千头,季度)",2003-06-01,1500.1,,月度,,澳洲,
au,猪,"猪屠宰量(千头,季度)",2003-09-01,1437.9,,月度,,澳洲,
au,猪,"猪屠宰量(千头,季度)",2003-12-01,1376.9,,月度,,澳洲,
au,猪,"猪屠宰量(千头,季度)",2004-03-01,1352.3,,月度,,澳洲,
au,猪,"猪屠宰量(千头,季度)",2004-06-01,1424.1,,月度,,澳洲,
au,猪,"猪屠宰量(千头,季度)",2004-09-01,1360.1,,月度,,澳洲,
au,猪,"猪屠宰量(千头,季度)",2004-12-01,1303.7,,月度,,澳洲,
au,猪,"猪屠宰量(千头,季度)",2005-03-01,1298.6,,月度,,澳洲,
au,猪,"猪屠宰量(千头,季度)",2005-06-01,1380.0,,月度,,澳洲,
au,猪,"猪屠宰量(千头,季度)",2005-09-01,1349.1,,月度,,澳洲,
au,猪,"猪屠宰量(千头,季度)",2005-12-01,1344.6,,月度,,澳洲,
au,猪,"猪屠宰量(千头,季度)",2006-03-01,1294.9,,月度,,澳洲,
au,猪,"猪屠宰量(千头,季度)",2006-06-01,1381.5,,月度,,澳洲,
au,猪,"猪屠宰量(千头,季度)",2006-09-01,1329.2,,月度,,澳洲,
au,猪,"猪屠宰量(千头,季度)",2006-12-01,1314.2,,月度,,澳洲,
au,猪,"猪屠宰量(千头,季度)",2007-03-01,1319.8,,月度,,澳洲,
au,猪,"猪屠宰量(千头,季度)",2007-06-01,1358.7,,月度,,澳洲,
au,猪,"猪屠宰量(千头,季度)",2007-09-01,1337.0,,月度,,澳洲,
au,猪,"猪屠宰量(千头,季度)",2007-12-01,1311.4,,月度,,澳洲,
au,猪,"猪屠宰量(千头,季度)",2008-03-01,1252.0,,月度,,澳洲,
au,猪,"猪屠宰量(千头,季度)",2008-06-01,1271.0,,月度,,澳洲,
au,猪,"猪屠宰量(千头,季度)",2008-09-01,1143.2,,月度,,澳洲,
au,猪,"猪屠宰量(千头,季度)",2008-12-01,1130.1,,月度,,澳洲,
au,猪,"猪屠宰量(千头,季度)",2009-03-01,1056.2,,月度,,澳洲,
au,猪,"猪屠宰量(千头,季度)",2009-06-01,1146.8,,月度,,澳洲,
au,猪,"猪屠宰量(千头,季度)",2009-09-01,1146.2,,月度,,澳洲,
au,猪,"猪屠宰量(千头,季度)",2009-12-01,1151.0,,月度,,澳洲,
au,猪,"猪屠宰量(千头,季度)",2010-03-01,1090.4,,月度,,澳洲,
au,猪,"猪屠宰量(千头,季度)",2010-06-01,1173.4,,月度,,澳洲,
au,猪,"猪屠宰量(千头,季度)",2010-09-01,1201.3,,月度,,澳洲,
au,猪,"猪屠宰量(千头,季度)",2010-12-01,1151.6,,月度,,澳洲,
au,猪,"猪屠宰量(千头,季度)",2011-03-01,1095.7,,月度,,澳洲,
au,猪,"猪屠宰量(千头,季度)",2011-06-01,1194.4,,月度,,澳洲,
au,猪,"猪屠宰量(千头,季度)",2011-09-01,1202.2,,月度,,澳洲,
au,猪,"猪屠宰量(千头,季度)",2011-12-01,1170.5,,月度,,澳洲,
au,猪,"猪屠宰量(千头,季度)",2012-03-01,1153.6,,月度,,澳洲,
au,猪,"猪屠宰量(千头,季度)",2012-06-01,1206.0,,月度,,澳洲,
au,猪,"猪屠宰量(千头,季度)",2012-09-01,1170.2,,月度,,澳洲,
au,猪,"猪屠宰量(千头,季度)",2012-12-01,1198.1,,月度,,澳洲,
au,猪,"猪屠宰量(千头,季度)",2013-03-01,1140.1,,月度,,澳洲,
au,猪,"猪屠宰量(千头,季度)",2013-06-01,1237.0,,月度,,澳洲,
au,猪,"猪屠宰量(千头,季度)",2013-09-01,1230.3,,月度,,澳洲,
au,猪,"猪屠宰量(千头,季度)",2013-12-01,1169.8,,月度,,澳洲,
au,猪,"猪屠宰量(千头,季度)",2014-03-01,1155.0,,月度,,澳洲,
au,猪,"猪屠宰量(千头,季度)",2014-06-01,1223.0,,月度,,澳洲,
au,猪,"猪屠宰量(千头,季度)",2014-09-01,1233.4,,月度,,澳洲,
au,猪,"猪屠宰量(千头,季度)",2014-12-01,1200.3,,月度,,澳洲,
au,猪,"猪屠宰量(千头,季度)",2015-03-01,1215.6,,月度,,澳洲,
au,猪,"猪屠宰量(千头,季度)",2015-06-01,1274.9,,月度,,澳洲,
au,猪,"猪屠宰量(千头,季度)",2015-09-01,1243.2,,月度,,澳洲,
au,猪,"猪屠宰量(千头,季度)",2015-12-01,1223.9,,月度,,澳洲,
au,猪,"猪屠宰量(千头,季度)",2016-03-01,1210.1,,月度,,澳洲,
au,猪,"猪屠宰量(千头,季度)",2016-06-01,1322.4,,月度,,澳洲,
au,猪,"猪屠宰量(千头,季度)",2016-09-01,1301.2,,月度,,澳洲,
au,猪,"猪屠宰量(千头,季度)",2016-12-01,1246.0,,月度,,澳洲,
au,猪,"猪屠宰量(千头,季度)",2017-03-01,1269.8,,月度,,澳洲,
au,猪,"猪屠宰量(千头,季度)",2017-06-01,1342.9,,月度,,澳洲,
au,猪,"猪屠宰量(千头,季度)",2017-09-01,1352.4,,月度,,澳洲,
au,猪,"猪屠宰量(千头,季度)",2017-12-01,1309.5,,月度,,澳洲,
au,猪,"猪屠宰量(千头,季度)",2018-03-01,1321.2,,月度,,澳洲,
au,猪,"猪屠宰量(千头,季度)",2018-06-01,1395.0,,月度,,澳洲,
au,猪,"猪屠宰量(千头,季度)",2018-09-01,1383.0,,月度,,澳洲,
au,猪,"猪屠宰量(千头,季度)",2018-12-01,1325.2,,月度,,澳洲,
au,猪,"猪屠宰量(千头,季度)",2019-03-01,1280.4,,月度,,澳洲,
au,猪,"猪屠宰量(千头,季度)",2019-06-01,1327.4,,月度,,澳洲,
au,猪,"猪屠宰量(千头,季度)",2019-09-01,1283.1,,月度,,澳洲,
au,猪,"猪屠宰量(千头,季度)",2019-12-01,1250.1,,月度,,澳洲,
au,猪,"猪屠宰量(千头,季度)",2020-03-01,1289.3,,月度,,澳洲,
au,猪,"猪屠宰量(千头,季度)",2020-06-01,1344.7,,月度,,澳洲,
au,猪,"猪屠宰量(千头,季度)",2020-09-01,1356.1,,月度,,澳洲,
au,猪,"猪屠宰量(千头,季度)",2020-12-01,1356.3,,月度,,澳洲,
au,猪,"猪屠宰量(千头,季度)",2021-03-01,1357.8,,月度,,澳洲,
au,猪,"猪屠宰量(千头,季度)",2021-06-01,1419.3,,月度,,澳洲,
au,猪,"猪屠宰量(千头,季度)",2021-09-01,1412.2,,月度,,澳洲,
au,猪,"猪屠宰量(千头,季度)",2021-12-01,1379.1,,月度,,澳洲,
au,猪,"猪屠宰量(千头,季度)",2022-03-01,1309.3,,月度,,澳洲,
au,猪,"猪屠宰量(千头,季度)",2022-06-01,1389.6,,月度,,澳洲,
au,猪,"猪屠宰量(千头,季度)",2022-09-01,1378.0,,月度,,澳洲,
au,猪,"猪屠宰量(千头,季度)",2022-12-01,1360.0,,月度,,澳洲,
au,猪,"猪屠宰量(千头,季度)",2023-03-01,1427.7,,月度,,澳洲,
au,猪,"猪屠宰量(千头,季度)",2023-06-01,1478.7,,月度,,澳洲,
au,猪,"猪屠宰量(千头,季度)",2023-09-01,1471.5,,月度,,澳洲,
au,猪,"猪屠宰量(千头,季度)",2023-12-01,1424.0,,月度,,澳洲,
au,猪,"猪屠宰量(千头,季度)",2024-03-01,1419.7,,月度,,澳洲,
au,猪,"猪屠宰量(千头,季度)",2024-06-01,1483.7,,月度,,澳洲,
au,猪,"猪屠宰量(千头,季度)",2024-09-01,1463.8,,月度,,澳洲,
au,猪,"猪屠宰量(千头,季度)",2024-12-01,1419.9,,月度,,澳洲,
au,猪,"猪屠宰量(千头,季度)",2025-03-01,1397.3,,月度,,澳洲,
au,猪,"猪屠宰量(千头,季度)",2025-06-01,1477.5,,月度,,澳洲,
au,猪,"猪屠宰量(千头,季度)",2025-09-01,1466.8,,月度,,澳洲,
au,猪,"猪屠宰量(千头,季度)",2025-12-01,1411.6,,月度,,澳洲,
au,猪,"猪屠宰量(千头,季度)",2026-03-01,1395.0,,月度,,澳洲,
au,猪,"猪屠宰量(千头,季度)",2026-06-01,1467.4,,月度,,澳洲,
au,猪,猪肉CPI指数,1980-09-01,26.46,,月度,,澳洲,
au,猪,猪肉CPI指数,1980-12-01,27.82,,月度,,澳洲,
au,猪,猪肉CPI指数,1981-03-01,28.71,,月度,,澳洲,
au,猪,猪肉CPI指数,1981-06-01,28.88,,月度,,澳洲,
au,猪,猪肉CPI指数,1981-09-01,29.94,,月度,,澳洲,
au,猪,猪肉CPI指数,1981-12-01,31.17,,月度,,澳洲,
au,猪,猪肉CPI指数,1982-03-01,31.76,,月度,,澳洲,
au,猪,猪肉CPI指数,1982-06-01,32.65,,月度,,澳洲,
au,猪,猪肉CPI指数,1982-09-01,34.05,,月度,,澳洲,
au,猪,猪肉CPI指数,1982-12-01,34.52,,月度,,澳洲,
au,猪,猪肉CPI指数,1983-03-01,35.19,,月度,,澳洲,
au,猪,猪肉CPI指数,1983-06-01,35.28,,月度,,澳洲,
au,猪,猪肉CPI指数,1983-09-01,34.3,,月度,,澳洲,
au,猪,猪肉CPI指数,1983-12-01,34.22,,月度,,澳洲,
au,猪,猪肉CPI指数,1984-03-01,33.84,,月度,,澳洲,
au,猪,猪肉CPI指数,1984-06-01,34.13,,月度,,澳洲,
au,猪,猪肉CPI指数,1984-09-01,34.39,,月度,,澳洲,
au,猪,猪肉CPI指数,1984-12-01,34.9,,月度,,澳洲,
au,猪,猪肉CPI指数,1985-03-01,35.7,,月度,,澳洲,
au,猪,猪肉CPI指数,1985-06-01,35.75,,月度,,澳洲,
au,猪,猪肉CPI指数,1985-09-01,36.09,,月度,,澳洲,
au,猪,猪肉CPI指数,1985-12-01,36.04,,月度,,澳洲,
au,猪,猪肉CPI指数,1986-03-01,36.47,,月度,,澳洲,
au,猪,猪肉CPI指数,1986-06-01,36.51,,月度,,澳洲,
au,猪,猪肉CPI指数,1986-09-01,35.96,,月度,,澳洲,
au,猪,猪肉CPI指数,1986-12-01,37.61,,月度,,澳洲,
au,猪,猪肉CPI指数,1987-03-01,37.06,,月度,,澳洲,
au,猪,猪肉CPI指数,1987-06-01,36.89,,月度,,澳洲,
au,猪,猪肉CPI指数,1987-09-01,37.1,,月度,,澳洲,
au,猪,猪肉CPI指数,1987-12-01,37.74,,月度,,澳洲,
au,猪,猪肉CPI指数,1988-03-01,37.87,,月度,,澳洲,
au,猪,猪肉CPI指数,1988-06-01,37.99,,月度,,澳洲,
au,猪,猪肉CPI指数,1988-09-01,37.95,,月度,,澳洲,
au,猪,猪肉CPI指数,1988-12-01,39.48,,月度,,澳洲,
au,猪,猪肉CPI指数,1989-03-01,40.66,,月度,,澳洲,
au,猪,猪肉CPI指数,1989-06-01,40.88,,月度,,澳洲,
au,猪,猪肉CPI指数,1989-09-01,41.39,,月度,,澳洲,
au,猪,猪肉CPI指数,1989-12-01,42.7,,月度,,澳洲,
au,猪,猪肉CPI指数,1990-03-01,42.66,,月度,,澳洲,
au,猪,猪肉CPI指数,1990-06-01,42.83,,月度,,澳洲,
au,猪,猪肉CPI指数,1990-09-01,42.28,,月度,,澳洲,
au,猪,猪肉CPI指数,1990-12-01,43.08,,月度,,澳洲,
au,猪,猪肉CPI指数,1991-03-01,43.55,,月度,,澳洲,
au,猪,猪肉CPI指数,1991-06-01,43.55,,月度,,澳洲,
au,猪,猪肉CPI指数,1991-09-01,42.7,,月度,,澳洲,
au,猪,猪肉CPI指数,1991-12-01,43.29,,月度,,澳洲,
au,猪,猪肉CPI指数,1992-03-01,43.51,,月度,,澳洲,
au,猪,猪肉CPI指数,1992-06-01,43.12,,月度,,澳洲,
au,猪,猪肉CPI指数,1992-09-01,43.29,,月度,,澳洲,
au,猪,猪肉CPI指数,1992-12-01,43.12,,月度,,澳洲,
au,猪,猪肉CPI指数,1993-03-01,43.68,,月度,,澳洲,
au,猪,猪肉CPI指数,1993-06-01,43.89,,月度,,澳洲,
au,猪,猪肉CPI指数,1993-09-01,44.1,,月度,,澳洲,
au,猪,猪肉CPI指数,1993-12-01,45.12,,月度,,澳洲,
au,猪,猪肉CPI指数,1994-03-01,44.99,,月度,,澳洲,
au,猪,猪肉CPI指数,1994-06-01,44.44,,月度,,澳洲,
au,猪,猪肉CPI指数,1994-09-01,43.76,,月度,,澳洲,
au,猪,猪肉CPI指数,1994-12-01,44.35,,月度,,澳洲,
au,猪,猪肉CPI指数,1995-03-01,44.78,,月度,,澳洲,
au,猪,猪肉CPI指数,1995-06-01,44.52,,月度,,澳洲,
au,猪,猪肉CPI指数,1995-09-01,45.12,,月度,,澳洲,
au,猪,猪肉CPI指数,1995-12-01,45.33,,月度,,澳洲,
au,猪,猪肉CPI指数,1996-03-01,45.8,,月度,,澳洲,
au,猪,猪肉CPI指数,1996-06-01,46.86,,月度,,澳洲,
au,猪,猪肉CPI指数,1996-09-01,47.49,,月度,,澳洲,
au,猪,猪肉CPI指数,1996-12-01,48.51,,月度,,澳洲,
au,猪,猪肉CPI指数,1997-03-01,48.89,,月度,,澳洲,
au,猪,猪肉CPI指数,1997-06-01,48.64,,月度,,澳洲,
au,猪,猪肉CPI指数,1997-09-01,47.92,,月度,,澳洲,
au,猪,猪肉CPI指数,1997-12-01,48.3,,月度,,澳洲,
au,猪,猪肉CPI指数,1998-03-01,48.42,,月度,,澳洲,
au,猪,猪肉CPI指数,1998-06-01,47.79,,月度,,澳洲,
au,猪,猪肉CPI指数,1998-09-01,47.36,,月度,,澳洲,
au,猪,猪肉CPI指数,1998-12-01,47.19,,月度,,澳洲,
au,猪,猪肉CPI指数,1999-03-01,47.66,,月度,,澳洲,
au,猪,猪肉CPI指数,1999-06-01,47.32,,月度,,澳洲,
au,猪,猪肉CPI指数,1999-09-01,48.09,,月度,,澳洲,
au,猪,猪肉CPI指数,1999-12-01,50.37,,月度,,澳洲,
au,猪,猪肉CPI指数,2000-03-01,50.8,,月度,,澳洲,
au,猪,猪肉CPI指数,2000-06-01,49.7,,月度,,澳洲,
au,猪,猪肉CPI指数,2000-09-01,49.78,,月度,,澳洲,
au,猪,猪肉CPI指数,2000-12-01,50.54,,月度,,澳洲,
au,猪,猪肉CPI指数,2001-03-01,52.37,,月度,,澳洲,
au,猪,猪肉CPI指数,2001-06-01,54.4,,月度,,澳洲,
au,猪,猪肉CPI指数,2001-09-01,56.99,,月度,,澳洲,
au,猪,猪肉CPI指数,2001-12-01,58.09,,月度,,澳洲,
au,猪,猪肉CPI指数,2002-03-01,60.38,,月度,,澳洲,
au,猪,猪肉CPI指数,2002-06-01,59.36,,月度,,澳洲,
au,猪,猪肉CPI指数,2002-09-01,59.15,,月度,,澳洲,
au,猪,猪肉CPI指数,2002-12-01,58.26,,月度,,澳洲,
au,猪,猪肉CPI指数,2003-03-01,58.73,,月度,,澳洲,
au,猪,猪肉CPI指数,2003-06-01,59.36,,月度,,澳洲,
au,猪,猪肉CPI指数,2003-09-01,58.56,,月度,,澳洲,
au,猪,猪肉CPI指数,2003-12-01,60.3,,月度,,澳洲,
au,猪,猪肉CPI指数,2004-03-01,60.17,,月度,,澳洲,
au,猪,猪肉CPI指数,2004-06-01,59.15,,月度,,澳洲,
au,猪,猪肉CPI指数,2004-09-01,56.35,,月度,,澳洲,
au,猪,猪肉CPI指数,2004-12-01,60.76,,月度,,澳洲,
au,猪,猪肉CPI指数,2005-03-01,61.06,,月度,,澳洲,
au,猪,猪肉CPI指数,2005-06-01,63.1,,月度,,澳洲,
au,猪,猪肉CPI指数,2005-09-01,62.88,,月度,,澳洲,
au,猪,猪肉CPI指数,2005-12-01,61.99,,月度,,澳洲,
au,猪,猪肉CPI指数,2006-03-01,63.56,,月度,,澳洲,
au,猪,猪肉CPI指数,2006-06-01,63.35,,月度,,澳洲,
au,猪,猪肉CPI指数,2006-09-01,63.77,,月度,,澳洲,
au,猪,猪肉CPI指数,2006-12-01,65.47,,月度,,澳洲,
au,猪,猪肉CPI指数,2007-03-01,66.83,,月度,,澳洲,
au,猪,猪肉CPI指数,2007-06-01,65.09,,月度,,澳洲,
au,猪,猪肉CPI指数,2007-09-01,64.5,,月度,,澳洲,
au,猪,猪肉CPI指数,2007-12-01,65.13,,月度,,澳洲,
au,猪,猪肉CPI指数,2008-03-01,67.04,,月度,,澳洲,
au,猪,猪肉CPI指数,2008-06-01,66.79,,月度,,澳洲,
au,猪,猪肉CPI指数,2008-09-01,65.6,,月度,,澳洲,
au,猪,猪肉CPI指数,2008-12-01,68.95,,月度,,澳洲,
au,猪,猪肉CPI指数,2009-03-01,72.51,,月度,,澳洲,
au,猪,猪肉CPI指数,2009-06-01,72.0,,月度,,澳洲,
au,猪,猪肉CPI指数,2009-09-01,71.03,,月度,,澳洲,
au,猪,猪肉CPI指数,2009-12-01,68.65,,月度,,澳洲,
au,猪,猪肉CPI指数,2010-03-01,71.79,,月度,,澳洲,
au,猪,猪肉CPI指数,2010-06-01,70.77,,月度,,澳洲,
au,猪,猪肉CPI指数,2010-09-01,70.86,,月度,,澳洲,
au,猪,猪肉CPI指数,2010-12-01,72.81,,月度,,澳洲,
au,猪,猪肉CPI指数,2011-03-01,73.4,,月度,,澳洲,
au,猪,猪肉CPI指数,2011-06-01,73.02,,月度,,澳洲,
au,猪,猪肉CPI指数,2011-09-01,72.64,,月度,,澳洲,
au,猪,猪肉CPI指数,2011-12-01,70.97,,月度,,澳洲,
au,猪,猪肉CPI指数,2012-03-01,71.93,,月度,,澳洲,
au,猪,猪肉CPI指数,2012-06-01,70.76,,月度,,澳洲,
au,猪,猪肉CPI指数,2012-09-01,71.0,,月度,,澳洲,
au,猪,猪肉CPI指数,2012-12-01,71.49,,月度,,澳洲,
au,猪,猪肉CPI指数,2013-03-01,72.07,,月度,,澳洲,
au,猪,猪肉CPI指数,2013-06-01,72.09,,月度,,澳洲,
au,猪,猪肉CPI指数,2013-09-01,72.17,,月度,,澳洲,
au,猪,猪肉CPI指数,2013-12-01,71.63,,月度,,澳洲,
au,猪,猪肉CPI指数,2014-03-01,73.9,,月度,,澳洲,
au,猪,猪肉CPI指数,2014-06-01,74.52,,月度,,澳洲,
au,猪,猪肉CPI指数,2014-09-01,74.44,,月度,,澳洲,
au,猪,猪肉CPI指数,2014-12-01,75.71,,月度,,澳洲,
au,猪,猪肉CPI指数,2015-03-01,77.8,,月度,,澳洲,
au,猪,猪肉CPI指数,2015-06-01,77.91,,月度,,澳洲,
au,猪,猪肉CPI指数,2015-09-01,78.24,,月度,,澳洲,
au,猪,猪肉CPI指数,2015-12-01,79.33,,月度,,澳洲,
au,猪,猪肉CPI指数,2016-03-01,80.36,,月度,,澳洲,
au,猪,猪肉CPI指数,2016-06-01,79.7,,月度,,澳洲,
au,猪,猪肉CPI指数,2016-09-01,78.8,,月度,,澳洲,
au,猪,猪肉CPI指数,2016-12-01,80.06,,月度,,澳洲,
au,猪,猪肉CPI指数,2017-03-01,79.9,,月度,,澳洲,
au,猪,猪肉CPI指数,2017-06-01,77.49,,月度,,澳洲,
au,猪,猪肉CPI指数,2017-09-01,77.87,,月度,,澳洲,
au,猪,猪肉CPI指数,2017-12-01,78.26,,月度,,澳洲,
au,猪,猪肉CPI指数,2018-03-01,78.6,,月度,,澳洲,
au,猪,猪肉CPI指数,2018-06-01,77.79,,月度,,澳洲,
au,猪,猪肉CPI指数,2018-09-01,77.11,,月度,,澳洲,
au,猪,猪肉CPI指数,2018-12-01,77.79,,月度,,澳洲,
au,猪,猪肉CPI指数,2019-03-01,78.42,,月度,,澳洲,
au,猪,猪肉CPI指数,2019-06-01,78.7,,月度,,澳洲,
au,猪,猪肉CPI指数,2019-09-01,80.14,,月度,,澳洲,
au,猪,猪肉CPI指数,2019-12-01,83.96,,月度,,澳洲,
au,猪,猪肉CPI指数,2020-03-01,85.12,,月度,,澳洲,
au,猪,猪肉CPI指数,2020-06-01,86.17,,月度,,澳洲,
au,猪,猪肉CPI指数,2020-09-01,86.38,,月度,,澳洲,
au,猪,猪肉CPI指数,2020-12-01,86.7,,月度,,澳洲,
au,猪,猪肉CPI指数,2021-03-01,86.78,,月度,,澳洲,
au,猪,猪肉CPI指数,2021-06-01,85.78,,月度,,澳洲,
au,猪,猪肉CPI指数,2021-09-01,86.03,,月度,,澳洲,
au,猪,猪肉CPI指数,2021-12-01,87.26,,月度,,澳洲,
au,猪,猪肉CPI指数,2022-03-01,89.64,,月度,,澳洲,
au,猪,猪肉CPI指数,2022-06-01,89.18,,月度,,澳洲,
au,猪,猪肉CPI指数,2022-09-01,89.33,,月度,,澳洲,
au,猪,猪肉CPI指数,2022-12-01,91.38,,月度,,澳洲,
au,猪,猪肉CPI指数,2023-03-01,93.11,,月度,,澳洲,
au,猪,猪肉CPI指数,2023-06-01,92.49,,月度,,澳洲,
au,猪,猪肉CPI指数,2023-09-01,93.36,,月度,,澳洲,
au,猪,猪肉CPI指数,2023-12-01,96.39,,月度,,澳洲,
au,猪,猪肉CPI指数,2024-03-01,96.94,,月度,,澳洲,
au,猪,猪肉CPI指数,2024-06-01,96.86,,月度,,澳洲,
au,猪,猪肉CPI指数,2024-09-01,96.67,,月度,,澳洲,
au,猪,猪肉CPI指数,2024-12-01,98.81,,月度,,澳洲,
au,猪,猪肉CPI指数,2025-03-01,100.59,,月度,,澳洲,
au,猪,猪肉CPI指数,2025-06-01,99.85,,月度,,澳洲,
au,猪,猪肉CPI指数,2025-09-01,100.01,,月度,,澳洲,
au,猪,猪肉CPI指数,2025-12-01,99.92,,月度,,澳洲,
au,猪,猪肉CPI指数,2026-03-01,100.9,,月度,,澳洲,
au,猪,猪肉CPI指数,2026-06-01,101.68,,月度,,澳洲,
au,猪,"猪肉产量(吨,季度)",1972-09-01,56837.0,,月度,,澳洲,
au,猪,"猪肉产量(吨,季度)",1972-12-01,58464.0,,月度,,澳洲,
au,猪,"猪肉产量(吨,季度)",1973-03-01,57220.0,,月度,,澳洲,
au,猪,"猪肉产量(吨,季度)",1973-06-01,63652.0,,月度,,澳洲,
au,猪,"猪肉产量(吨,季度)",1973-09-01,61633.0,,月度,,澳洲,
au,猪,"猪肉产量(吨,季度)",1973-12-01,55817.0,,月度,,澳洲,
au,猪,"猪肉产量(吨,季度)",1974-03-01,46244.0,,月度,,澳洲,
au,猪,"猪肉产量(吨,季度)",1974-06-01,47342.0,,月度,,澳洲,
au,猪,"猪肉产量(吨,季度)",1974-09-01,46003.0,,月度,,澳洲,
au,猪,"猪肉产量(吨,季度)",1974-12-01,46887.0,,月度,,澳洲,
au,猪,"猪肉产量(吨,季度)",1975-03-01,39192.0,,月度,,澳洲,
au,猪,"猪肉产量(吨,季度)",1975-06-01,42989.0,,月度,,澳洲,
au,猪,"猪肉产量(吨,季度)",1975-09-01,44068.0,,月度,,澳洲,
au,猪,"猪肉产量(吨,季度)",1975-12-01,45574.0,,月度,,澳洲,
au,猪,"猪肉产量(吨,季度)",1976-03-01,39997.0,,月度,,澳洲,
au,猪,"猪肉产量(吨,季度)",1976-06-01,44186.0,,月度,,澳洲,
au,猪,"猪肉产量(吨,季度)",1976-09-01,47960.0,,月度,,澳洲,
au,猪,"猪肉产量(吨,季度)",1976-12-01,47220.0,,月度,,澳洲,
au,猪,"猪肉产量(吨,季度)",1977-03-01,42412.0,,月度,,澳洲,
au,猪,"猪肉产量(吨,季度)",1977-06-01,47491.0,,月度,,澳洲,
au,猪,"猪肉产量(吨,季度)",1977-09-01,52120.0,,月度,,澳洲,
au,猪,"猪肉产量(吨,季度)",1977-12-01,50443.0,,月度,,澳洲,
au,猪,"猪肉产量(吨,季度)",1978-03-01,44819.0,,月度,,澳洲,
au,猪,"猪肉产量(吨,季度)",1978-06-01,51698.0,,月度,,澳洲,
au,猪,"猪肉产量(吨,季度)",1978-09-01,51225.0,,月度,,澳洲,
au,猪,"猪肉产量(吨,季度)",1978-12-01,51365.0,,月度,,澳洲,
au,猪,"猪肉产量(吨,季度)",1979-03-01,45201.0,,月度,,澳洲,
au,猪,"猪肉产量(吨,季度)",1979-06-01,50771.0,,月度,,澳洲,
au,猪,"猪肉产量(吨,季度)",1979-09-01,54213.0,,月度,,澳洲,
au,猪,"猪肉产量(吨,季度)",1979-12-01,55025.0,,月度,,澳洲,
au,猪,"猪肉产量(吨,季度)",1980-03-01,48640.0,,月度,,澳洲,
au,猪,"猪肉产量(吨,季度)",1980-06-01,60173.0,,月度,,澳洲,
au,猪,"猪肉产量(吨,季度)",1980-09-01,61285.0,,月度,,澳洲,
au,猪,"猪肉产量(吨,季度)",1980-12-01,60816.0,,月度,,澳洲,
au,猪,"猪肉产量(吨,季度)",1981-03-01,52078.0,,月度,,澳洲,
au,猪,"猪肉产量(吨,季度)",1981-06-01,58817.0,,月度,,澳洲,
au,猪,"猪肉产量(吨,季度)",1981-09-01,60758.0,,月度,,澳洲,
au,猪,"猪肉产量(吨,季度)",1981-12-01,58863.0,,月度,,澳洲,
au,猪,"猪肉产量(吨,季度)",1982-03-01,51122.0,,月度,,澳洲,
au,猪,"猪肉产量(吨,季度)",1982-06-01,57681.0,,月度,,澳洲,
au,猪,"猪肉产量(吨,季度)",1982-09-01,60129.0,,月度,,澳洲,
au,猪,"猪肉产量(吨,季度)",1982-12-01,60888.0,,月度,,澳洲,
au,猪,"猪肉产量(吨,季度)",1983-03-01,54542.0,,月度,,澳洲,
au,猪,"猪肉产量(吨,季度)",1983-06-01,63511.0,,月度,,澳洲,
au,猪,"猪肉产量(吨,季度)",1983-09-01,63811.0,,月度,,澳洲,
au,猪,"猪肉产量(吨,季度)",1983-12-01,65159.0,,月度,,澳洲,
au,猪,"猪肉产量(吨,季度)",1984-03-01,59453.0,,月度,,澳洲,
au,猪,"猪肉产量(吨,季度)",1984-06-01,64855.0,,月度,,澳洲,
au,猪,"猪肉产量(吨,季度)",1984-09-01,67248.0,,月度,,澳洲,
au,猪,"猪肉产量(吨,季度)",1984-12-01,65350.0,,月度,,澳洲,
au,猪,"猪肉产量(吨,季度)",1985-03-01,61217.0,,月度,,澳洲,
au,猪,"猪肉产量(吨,季度)",1985-06-01,66505.0,,月度,,澳洲,
au,猪,"猪肉产量(吨,季度)",1985-09-01,69777.0,,月度,,澳洲,
au,猪,"猪肉产量(吨,季度)",1985-12-01,70633.0,,月度,,澳洲,
au,猪,"猪肉产量(吨,季度)",1986-03-01,61445.0,,月度,,澳洲,
au,猪,"猪肉产量(吨,季度)",1986-06-01,69060.0,,月度,,澳洲,
au,猪,"猪肉产量(吨,季度)",1986-09-01,72979.0,,月度,,澳洲,
au,猪,"猪肉产量(吨,季度)",1986-12-01,72250.0,,月度,,澳洲,
au,猪,"猪肉产量(吨,季度)",1987-03-01,65062.0,,月度,,澳洲,
au,猪,"猪肉产量(吨,季度)",1987-06-01,72540.0,,月度,,澳洲,
au,猪,"猪肉产量(吨,季度)",1987-09-01,75262.0,,月度,,澳洲,
au,猪,"猪肉产量(吨,季度)",1987-12-01,75437.0,,月度,,澳洲,
au,猪,"猪肉产量(吨,季度)",1988-03-01,69836.0,,月度,,澳洲,
au,猪,"猪肉产量(吨,季度)",1988-06-01,76237.0,,月度,,澳洲,
au,猪,"猪肉产量(吨,季度)",1988-09-01,77153.0,,月度,,澳洲,
au,猪,"猪肉产量(吨,季度)",1988-12-01,78193.0,,月度,,澳洲,
au,猪,"猪肉产量(吨,季度)",1989-03-01,71660.0,,月度,,澳洲,
au,猪,"猪肉产量(吨,季度)",1989-06-01,81136.0,,月度,,澳洲,
au,猪,"猪肉产量(吨,季度)",1989-09-01,79216.0,,月度,,澳洲,
au,猪,"猪肉产量(吨,季度)",1989-12-01,78095.0,,月度,,澳洲,
au,猪,"猪肉产量(吨,季度)",1990-03-01,75756.0,,月度,,澳洲,
au,猪,"猪肉产量(吨,季度)",1990-06-01,84050.0,,月度,,澳洲,
au,猪,"猪肉产量(吨,季度)",1990-09-01,80716.0,,月度,,澳洲,
au,猪,"猪肉产量(吨,季度)",1990-12-01,78854.0,,月度,,澳洲,
au,猪,"猪肉产量(吨,季度)",1991-03-01,73514.0,,月度,,澳洲,
au,猪,"猪肉产量(吨,季度)",1991-06-01,79032.0,,月度,,澳洲,
au,猪,"猪肉产量(吨,季度)",1991-09-01,84238.0,,月度,,澳洲,
au,猪,"猪肉产量(吨,季度)",1991-12-01,84095.0,,月度,,澳洲,
au,猪,"猪肉产量(吨,季度)",1992-03-01,80700.0,,月度,,澳洲,
au,猪,"猪肉产量(吨,季度)",1992-06-01,86753.0,,月度,,澳洲,
au,猪,"猪肉产量(吨,季度)",1992-09-01,88248.0,,月度,,澳洲,
au,猪,"猪肉产量(吨,季度)",1992-12-01,86087.0,,月度,,澳洲,
au,猪,"猪肉产量(吨,季度)",1993-03-01,77203.0,,月度,,澳洲,
au,猪,"猪肉产量(吨,季度)",1993-06-01,88496.0,,月度,,澳洲,
au,猪,"猪肉产量(吨,季度)",1993-09-01,90899.0,,月度,,澳洲,
au,猪,"猪肉产量(吨,季度)",1993-12-01,88040.0,,月度,,澳洲,
au,猪,"猪肉产量(吨,季度)",1994-03-01,84824.0,,月度,,澳洲,
au,猪,"猪肉产量(吨,季度)",1994-06-01,93065.0,,月度,,澳洲,
au,猪,"猪肉产量(吨,季度)",1994-09-01,90843.0,,月度,,澳洲,
au,猪,"猪肉产量(吨,季度)",1994-12-01,92035.0,,月度,,澳洲,
au,猪,"猪肉产量(吨,季度)",1995-03-01,84674.0,,月度,,澳洲,
au,猪,"猪肉产量(吨,季度)",1995-06-01,97315.0,,月度,,澳洲,
au,猪,"猪肉产量(吨,季度)",1995-09-01,91402.0,,月度,,澳洲,
au,猪,"猪肉产量(吨,季度)",1995-12-01,87560.0,,月度,,澳洲,
au,猪,"猪肉产量(吨,季度)",1996-03-01,80929.0,,月度,,澳洲,
au,猪,"猪肉产量(吨,季度)",1996-06-01,87220.0,,月度,,澳洲,
au,猪,"猪肉产量(吨,季度)",1996-09-01,84334.0,,月度,,澳洲,
au,猪,"猪肉产量(吨,季度)",1996-12-01,82937.0,,月度,,澳洲,
au,猪,"猪肉产量(吨,季度)",1997-03-01,77786.0,,月度,,澳洲,
au,猪,"猪肉产量(吨,季度)",1997-06-01,90540.0,,月度,,澳洲,
au,猪,"猪肉产量(吨,季度)",1997-09-01,88879.0,,月度,,澳洲,
au,猪,"猪肉产量(吨,季度)",1997-12-01,86964.0,,月度,,澳洲,
au,猪,"猪肉产量(吨,季度)",1998-03-01,84918.0,,月度,,澳洲,
au,猪,"猪肉产量(吨,季度)",1998-06-01,97729.0,,月度,,澳洲,
au,猪,"猪肉产量(吨,季度)",1998-09-01,95075.0,,月度,,澳洲,
au,猪,"猪肉产量(吨,季度)",1998-12-01,91314.0,,月度,,澳洲,
au,猪,"猪肉产量(吨,季度)",1999-03-01,86948.0,,月度,,澳洲,
au,猪,"猪肉产量(吨,季度)",1999-06-01,96514.0,,月度,,澳洲,
au,猪,"猪肉产量(吨,季度)",1999-09-01,90382.0,,月度,,澳洲,
au,猪,"猪肉产量(吨,季度)",1999-12-01,88357.0,,月度,,澳洲,
au,猪,"猪肉产量(吨,季度)",2000-03-01,88130.0,,月度,,澳洲,
au,猪,"猪肉产量(吨,季度)",2000-06-01,95985.0,,月度,,澳洲,
au,猪,"猪肉产量(吨,季度)",2000-09-01,90708.0,,月度,,澳洲,
au,猪,"猪肉产量(吨,季度)",2000-12-01,89541.0,,月度,,澳洲,
au,猪,"猪肉产量(吨,季度)",2001-03-01,87319.0,,月度,,澳洲,
au,猪,"猪肉产量(吨,季度)",2001-06-01,97600.0,,月度,,澳洲,
au,猪,"猪肉产量(吨,季度)",2001-09-01,98210.0,,月度,,澳洲,
au,猪,"猪肉产量(吨,季度)",2001-12-01,95401.0,,月度,,澳洲,
au,猪,"猪肉产量(吨,季度)",2002-03-01,94360.0,,月度,,澳洲,
au,猪,"猪肉产量(吨,季度)",2002-06-01,107563.0,,月度,,澳洲,
au,猪,"猪肉产量(吨,季度)",2002-09-01,105343.0,,月度,,澳洲,
au,猪,"猪肉产量(吨,季度)",2002-12-01,100008.0,,月度,,澳洲,
au,猪,"猪肉产量(吨,季度)",2003-03-01,102714.0,,月度,,澳洲,
au,猪,"猪肉产量(吨,季度)",2003-06-01,111490.0,,月度,,澳洲,
au,猪,"猪肉产量(吨,季度)",2003-09-01,106120.0,,月度,,澳洲,
au,猪,"猪肉产量(吨,季度)",2003-12-01,98551.0,,月度,,澳洲,
au,猪,"猪肉产量(吨,季度)",2004-03-01,96531.0,,月度,,澳洲,
au,猪,"猪肉产量(吨,季度)",2004-06-01,104697.0,,月度,,澳洲,
au,猪,"猪肉产量(吨,季度)",2004-09-01,99416.0,,月度,,澳洲,
au,猪,"猪肉产量(吨,季度)",2004-12-01,94180.0,,月度,,澳洲,
au,猪,"猪肉产量(吨,季度)",2005-03-01,93109.0,,月度,,澳洲,
au,猪,"猪肉产量(吨,季度)",2005-06-01,101894.0,,月度,,澳洲,
au,猪,"猪肉产量(吨,季度)",2005-09-01,99727.0,,月度,,澳洲,
au,猪,"猪肉产量(吨,季度)",2005-12-01,95607.0,,月度,,澳洲,
au,猪,"猪肉产量(吨,季度)",2006-03-01,92078.0,,月度,,澳洲,
au,猪,"猪肉产量(吨,季度)",2006-06-01,101451.0,,月度,,澳洲,
au,猪,"猪肉产量(吨,季度)",2006-09-01,96384.0,,月度,,澳洲,
au,猪,"猪肉产量(吨,季度)",2006-12-01,92769.0,,月度,,澳洲,
au,猪,"猪肉产量(吨,季度)",2007-03-01,92959.0,,月度,,澳洲,
au,猪,"猪肉产量(吨,季度)",2007-06-01,99754.0,,月度,,澳洲,
au,猪,"猪肉产量(吨,季度)",2007-09-01,97533.0,,月度,,澳洲,
au,猪,"猪肉产量(吨,季度)",2007-12-01,94341.0,,月度,,澳洲,
au,猪,"猪肉产量(吨,季度)",2008-03-01,90260.0,,月度,,澳洲,
au,猪,"猪肉产量(吨,季度)",2008-06-01,92275.0,,月度,,澳洲,
au,猪,"猪肉产量(吨,季度)",2008-09-01,82355.0,,月度,,澳洲,
au,猪,"猪肉产量(吨,季度)",2008-12-01,80186.0,,月度,,澳洲,
au,猪,"猪肉产量(吨,季度)",2009-03-01,75305.0,,月度,,澳洲,
au,猪,"猪肉产量(吨,季度)",2009-06-01,83159.0,,月度,,澳洲,
au,猪,"猪肉产量(吨,季度)",2009-09-01,83912.0,,月度,,澳洲,
au,猪,"猪肉产量(吨,季度)",2009-12-01,81294.0,,月度,,澳洲,
au,猪,"猪肉产量(吨,季度)",2010-03-01,78857.0,,月度,,澳洲,
au,猪,"猪肉产量(吨,季度)",2010-06-01,87198.0,,月度,,澳洲,
au,猪,"猪肉产量(吨,季度)",2010-09-01,89599.0,,月度,,澳洲,
au,猪,"猪肉产量(吨,季度)",2010-12-01,83081.0,,月度,,澳洲,
au,猪,"猪肉产量(吨,季度)",2011-03-01,79766.0,,月度,,澳洲,
au,猪,"猪肉产量(吨,季度)",2011-06-01,89655.0,,月度,,澳洲,
au,猪,"猪肉产量(吨,季度)",2011-09-01,90271.0,,月度,,澳洲,
au,猪,"猪肉产量(吨,季度)",2011-12-01,84575.0,,月度,,澳洲,
au,猪,"猪肉产量(吨,季度)",2012-03-01,84468.0,,月度,,澳洲,
au,猪,"猪肉产量(吨,季度)",2012-06-01,91199.0,,月度,,澳洲,
au,猪,"猪肉产量(吨,季度)",2012-09-01,88680.0,,月度,,澳洲,
au,猪,"猪肉产量(吨,季度)",2012-12-01,87390.0,,月度,,澳洲,
au,猪,"猪肉产量(吨,季度)",2013-03-01,84568.0,,月度,,澳洲,
au,猪,"猪肉产量(吨,季度)",2013-06-01,95186.0,,月度,,澳洲,
au,猪,"猪肉产量(吨,季度)",2013-09-01,93722.0,,月度,,澳洲,
au,猪,"猪肉产量(吨,季度)",2013-12-01,86427.0,,月度,,澳洲,
au,猪,"猪肉产量(吨,季度)",2014-03-01,86045.0,,月度,,澳洲,
au,猪,"猪肉产量(吨,季度)",2014-06-01,93647.0,,月度,,澳洲,
au,猪,"猪肉产量(吨,季度)",2014-09-01,93822.0,,月度,,澳洲,
au,猪,"猪肉产量(吨,季度)",2014-12-01,88679.0,,月度,,澳洲,
au,猪,"猪肉产量(吨,季度)",2015-03-01,90985.0,,月度,,澳洲,
au,猪,"猪肉产量(吨,季度)",2015-06-01,97677.0,,月度,,澳洲,
au,猪,"猪肉产量(吨,季度)",2015-09-01,95731.0,,月度,,澳洲,
au,猪,"猪肉产量(吨,季度)",2015-12-01,89722.0,,月度,,澳洲,
au,猪,"猪肉产量(吨,季度)",2016-03-01,90190.0,,月度,,澳洲,
au,猪,"猪肉产量(吨,季度)",2016-06-01,101998.0,,月度,,澳洲,
au,猪,"猪肉产量(吨,季度)",2016-09-01,100152.0,,月度,,澳洲,
au,猪,"猪肉产量(吨,季度)",2016-12-01,93715.0,,月度,,澳洲,
au,猪,"猪肉产量(吨,季度)",2017-03-01,97015.0,,月度,,澳洲,
au,猪,"猪肉产量(吨,季度)",2017-06-01,106258.0,,月度,,澳洲,
au,猪,"猪肉产量(吨,季度)",2017-09-01,105684.0,,月度,,澳洲,
au,猪,"猪肉产量(吨,季度)",2017-12-01,99015.0,,月度,,澳洲,
au,猪,"猪肉产量(吨,季度)",2018-03-01,101184.0,,月度,,澳洲,
au,猪,"猪肉产量(吨,季度)",2018-06-01,111543.0,,月度,,澳洲,
au,猪,"猪肉产量(吨,季度)",2018-09-01,110099.0,,月度,,澳洲,
au,猪,"猪肉产量(吨,季度)",2018-12-01,101387.0,,月度,,澳洲,
au,猪,"猪肉产量(吨,季度)",2019-03-01,98075.0,,月度,,澳洲,
au,猪,"猪肉产量(吨,季度)",2019-06-01,104908.0,,月度,,澳洲,
au,猪,"猪肉产量(吨,季度)",2019-09-01,99965.0,,月度,,澳洲,
au,猪,"猪肉产量(吨,季度)",2019-12-01,94787.0,,月度,,澳洲,
au,猪,"猪肉产量(吨,季度)",2020-03-01,100141.0,,月度,,澳洲,
au,猪,"猪肉产量(吨,季度)",2020-06-01,107811.0,,月度,,澳洲,
au,猪,"猪肉产量(吨,季度)",2020-09-01,106904.0,,月度,,澳洲,
au,猪,"猪肉产量(吨,季度)",2020-12-01,103870.0,,月度,,澳洲,
au,猪,"猪肉产量(吨,季度)",2021-03-01,106222.0,,月度,,澳洲,
au,猪,"猪肉产量(吨,季度)",2021-06-01,115250.0,,月度,,澳洲,
au,猪,"猪肉产量(吨,季度)",2021-09-01,114040.0,,月度,,澳洲,
au,猪,"猪肉产量(吨,季度)",2021-12-01,107714.0,,月度,,澳洲,
au,猪,"猪肉产量(吨,季度)",2022-03-01,103691.0,,月度,,澳洲,
au,猪,"猪肉产量(吨,季度)",2022-06-01,113182.0,,月度,,澳洲,
au,猪,"猪肉产量(吨,季度)",2022-09-01,112151.0,,月度,,澳洲,
au,猪,"猪肉产量(吨,季度)",2022-12-01,107250.0,,月度,,澳洲,
au,猪,"猪肉产量(吨,季度)",2023-03-01,113026.0,,月度,,澳洲,
au,猪,"猪肉产量(吨,季度)",2023-06-01,120999.0,,月度,,澳洲,
au,猪,"猪肉产量(吨,季度)",2023-09-01,119673.0,,月度,,澳洲,
au,猪,"猪肉产量(吨,季度)",2023-12-01,113088.0,,月度,,澳洲,
au,猪,"猪肉产量(吨,季度)",2024-03-01,112706.0,,月度,,澳洲,
au,猪,"猪肉产量(吨,季度)",2024-06-01,122966.0,,月度,,澳洲,
au,猪,"猪肉产量(吨,季度)",2024-09-01,121157.0,,月度,,澳洲,
au,猪,"猪肉产量(吨,季度)",2024-12-01,113673.0,,月度,,澳洲,
au,猪,"猪肉产量(吨,季度)",2025-03-01,114652.0,,月度,,澳洲,
au,猪,"猪肉产量(吨,季度)",2025-06-01,123346.0,,月度,,澳洲,
au,猪,"猪肉产量(吨,季度)",2025-09-01,123030.0,,月度,,澳洲,
au,猪,"猪肉产量(吨,季度)",2025-12-01,114043.0,,月度,,澳洲,
au,猪,"猪肉产量(吨,季度)",2026-03-01,112976.0,,月度,,澳洲,
au,猪,"猪肉产量(吨,季度)",2026-06-01,123250.0,,月度,,澳洲,
au,生鲜乳,牛奶CPI指数,1980-09-01,22.73,,月度,,澳洲,
au,生鲜乳,牛奶CPI指数,1980-12-01,23.98,,月度,,澳洲,
au,生鲜乳,牛奶CPI指数,1981-03-01,24.66,,月度,,澳洲,
au,生鲜乳,牛奶CPI指数,1981-06-01,25.26,,月度,,澳洲,
au,生鲜乳,牛奶CPI指数,1981-09-01,25.83,,月度,,澳洲,
au,生鲜乳,牛奶CPI指数,1981-12-01,26.67,,月度,,澳洲,
au,生鲜乳,牛奶CPI指数,1982-03-01,25.87,,月度,,澳洲,
au,生鲜乳,牛奶CPI指数,1982-06-01,26.36,,月度,,澳洲,
au,生鲜乳,牛奶CPI指数,1982-09-01,26.78,,月度,,澳洲,
au,生鲜乳,牛奶CPI指数,1982-12-01,27.31,,月度,,澳洲,
au,生鲜乳,牛奶CPI指数,1983-03-01,27.35,,月度,,澳洲,
au,生鲜乳,牛奶CPI指数,1983-06-01,27.65,,月度,,澳洲,
au,生鲜乳,牛奶CPI指数,1983-09-01,27.76,,月度,,澳洲,
au,生鲜乳,牛奶CPI指数,1983-12-01,28.64,,月度,,澳洲,
au,生鲜乳,牛奶CPI指数,1984-03-01,28.98,,月度,,澳洲,
au,生鲜乳,牛奶CPI指数,1984-06-01,29.05,,月度,,澳洲,
au,生鲜乳,牛奶CPI指数,1984-09-01,29.05,,月度,,澳洲,
au,生鲜乳,牛奶CPI指数,1984-12-01,29.01,,月度,,澳洲,
au,生鲜乳,牛奶CPI指数,1985-03-01,29.85,,月度,,澳洲,
au,生鲜乳,牛奶CPI指数,1985-06-01,30.19,,月度,,澳洲,
au,生鲜乳,牛奶CPI指数,1985-09-01,30.6,,月度,,澳洲,
au,生鲜乳,牛奶CPI指数,1985-12-01,31.17,,月度,,澳洲,
au,生鲜乳,牛奶CPI指数,1986-03-01,31.67,,月度,,澳洲,
au,生鲜乳,牛奶CPI指数,1986-06-01,32.31,,月度,,澳洲,
au,生鲜乳,牛奶CPI指数,1986-09-01,32.76,,月度,,澳洲,
au,生鲜乳,牛奶CPI指数,1986-12-01,32.92,,月度,,澳洲,
au,生鲜乳,牛奶CPI指数,1987-03-01,33.14,,月度,,澳洲,
au,生鲜乳,牛奶CPI指数,1987-06-01,33.56,,月度,,澳洲,
au,生鲜乳,牛奶CPI指数,1987-09-01,34.13,,月度,,澳洲,
au,生鲜乳,牛奶CPI指数,1987-12-01,34.47,,月度,,澳洲,
au,生鲜乳,牛奶CPI指数,1988-03-01,34.85,,月度,,澳洲,
au,生鲜乳,牛奶CPI指数,1988-06-01,35.26,,月度,,澳洲,
au,生鲜乳,牛奶CPI指数,1988-09-01,35.6,,月度,,澳洲,
au,生鲜乳,牛奶CPI指数,1988-12-01,36.1,,月度,,澳洲,
au,生鲜乳,牛奶CPI指数,1989-03-01,37.12,,月度,,澳洲,
au,生鲜乳,牛奶CPI指数,1989-06-01,36.97,,月度,,澳洲,
au,生鲜乳,牛奶CPI指数,1989-09-01,36.97,,月度,,澳洲,
au,生鲜乳,牛奶CPI指数,1989-12-01,37.61,,月度,,澳洲,
au,生鲜乳,牛奶CPI指数,1990-03-01,38.26,,月度,,澳洲,
au,生鲜乳,牛奶CPI指数,1990-06-01,38.67,,月度,,澳洲,
au,生鲜乳,牛奶CPI指数,1990-09-01,39.01,,月度,,澳洲,
au,生鲜乳,牛奶CPI指数,1990-12-01,39.81,,月度,,澳洲,
au,生鲜乳,牛奶CPI指数,1991-03-01,40.64,,月度,,澳洲,
au,生鲜乳,牛奶CPI指数,1991-06-01,41.25,,月度,,澳洲,
au,生鲜乳,牛奶CPI指数,1991-09-01,42.2,,月度,,澳洲,
au,生鲜乳,牛奶CPI指数,1991-12-01,42.8,,月度,,澳洲,
au,生鲜乳,牛奶CPI指数,1992-03-01,42.92,,月度,,澳洲,
au,生鲜乳,牛奶CPI指数,1992-06-01,43.45,,月度,,澳洲,
au,生鲜乳,牛奶CPI指数,1992-09-01,43.48,,月度,,澳洲,
au,生鲜乳,牛奶CPI指数,1992-12-01,43.71,,月度,,澳洲,
au,生鲜乳,牛奶CPI指数,1993-03-01,44.32,,月度,,澳洲,
au,生鲜乳,牛奶CPI指数,1993-06-01,45.23,,月度,,澳洲,
au,生鲜乳,牛奶CPI指数,1993-09-01,45.64,,月度,,澳洲,
au,生鲜乳,牛奶CPI指数,1993-12-01,45.98,,月度,,澳洲,
au,生鲜乳,牛奶CPI指数,1994-03-01,46.48,,月度,,澳洲,
au,生鲜乳,牛奶CPI指数,1994-06-01,46.7,,月度,,澳洲,
au,生鲜乳,牛奶CPI指数,1994-09-01,47.23,,月度,,澳洲,
au,生鲜乳,牛奶CPI指数,1994-12-01,47.91,,月度,,澳洲,
au,生鲜乳,牛奶CPI指数,1995-03-01,48.67,,月度,,澳洲,
au,生鲜乳,牛奶CPI指数,1995-06-01,49.43,,月度,,澳洲,
au,生鲜乳,牛奶CPI指数,1995-09-01,50.34,,月度,,澳洲,
au,生鲜乳,牛奶CPI指数,1995-12-01,50.76,,月度,,澳洲,
au,生鲜乳,牛奶CPI指数,1996-03-01,51.63,,月度,,澳洲,
au,生鲜乳,牛奶CPI指数,1996-06-01,52.04,,月度,,澳洲,
au,生鲜乳,牛奶CPI指数,1996-09-01,52.88,,月度,,澳洲,
au,生鲜乳,牛奶CPI指数,1996-12-01,53.26,,月度,,澳洲,
au,生鲜乳,牛奶CPI指数,1997-03-01,54.32,,月度,,澳洲,
au,生鲜乳,牛奶CPI指数,1997-06-01,54.66,,月度,,澳洲,
au,生鲜乳,牛奶CPI指数,1997-09-01,55.04,,月度,,澳洲,
au,生鲜乳,牛奶CPI指数,1997-12-01,55.68,,月度,,澳洲,
au,生鲜乳,牛奶CPI指数,1998-03-01,56.29,,月度,,澳洲,
au,生鲜乳,牛奶CPI指数,1998-06-01,56.4,,月度,,澳洲,
au,生鲜乳,牛奶CPI指数,1998-09-01,56.48,,月度,,澳洲,
au,生鲜乳,牛奶CPI指数,1998-12-01,56.88,,月度,,澳洲,
au,生鲜乳,牛奶CPI指数,1999-03-01,57.61,,月度,,澳洲,
au,生鲜乳,牛奶CPI指数,1999-06-01,57.79,,月度,,澳洲,
au,生鲜乳,牛奶CPI指数,1999-09-01,58.31,,月度,,澳洲,
au,生鲜乳,牛奶CPI指数,1999-12-01,59.7,,月度,,澳洲,
au,生鲜乳,牛奶CPI指数,2000-03-01,60.49,,月度,,澳洲,
au,生鲜乳,牛奶CPI指数,2000-06-01,61.61,,月度,,澳洲,
au,生鲜乳,牛奶CPI指数,2000-09-01,60.05,,月度,,澳洲,
au,生鲜乳,牛奶CPI指数,2000-12-01,58.06,,月度,,澳洲,
au,生鲜乳,牛奶CPI指数,2001-03-01,58.18,,月度,,澳洲,
au,生鲜乳,牛奶CPI指数,2001-06-01,58.44,,月度,,澳洲,
au,生鲜乳,牛奶CPI指数,2001-09-01,59.15,,月度,,澳洲,
au,生鲜乳,牛奶CPI指数,2001-12-01,61.53,,月度,,澳洲,
au,生鲜乳,牛奶CPI指数,2002-03-01,61.76,,月度,,澳洲,
au,生鲜乳,牛奶CPI指数,2002-06-01,62.23,,月度,,澳洲,
au,生鲜乳,牛奶CPI指数,2002-09-01,62.51,,月度,,澳洲,
au,生鲜乳,牛奶CPI指数,2002-12-01,64.09,,月度,,澳洲,
au,生鲜乳,牛奶CPI指数,2003-03-01,64.83,,月度,,澳洲,
au,生鲜乳,牛奶CPI指数,2003-06-01,65.33,,月度,,澳洲,
au,生鲜乳,牛奶CPI指数,2003-09-01,65.11,,月度,,澳洲,
au,生鲜乳,牛奶CPI指数,2003-12-01,65.57,,月度,,澳洲,
au,生鲜乳,牛奶CPI指数,2004-03-01,65.84,,月度,,澳洲,
au,生鲜乳,牛奶CPI指数,2004-06-01,66.65,,月度,,澳洲,
au,生鲜乳,牛奶CPI指数,2004-09-01,67.08,,月度,,澳洲,
au,生鲜乳,牛奶CPI指数,2004-12-01,67.25,,月度,,澳洲,
au,生鲜乳,牛奶CPI指数,2005-03-01,68.46,,月度,,澳洲,
au,生鲜乳,牛奶CPI指数,2005-06-01,69.74,,月度,,澳洲,
au,生鲜乳,牛奶CPI指数,2005-09-01,69.55,,月度,,澳洲,
au,生鲜乳,牛奶CPI指数,2005-12-01,71.16,,月度,,澳洲,
au,生鲜乳,牛奶CPI指数,2006-03-01,71.37,,月度,,澳洲,
au,生鲜乳,牛奶CPI指数,2006-06-01,72.06,,月度,,澳洲,
au,生鲜乳,牛奶CPI指数,2006-09-01,72.64,,月度,,澳洲,
au,生鲜乳,牛奶CPI指数,2006-12-01,73.46,,月度,,澳洲,
au,生鲜乳,牛奶CPI指数,2007-03-01,74.19,,月度,,澳洲,
au,生鲜乳,牛奶CPI指数,2007-06-01,74.75,,月度,,澳洲,
au,生鲜乳,牛奶CPI指数,2007-09-01,76.59,,月度,,澳洲,
au,生鲜乳,牛奶CPI指数,2007-12-01,80.88,,月度,,澳洲,
au,生鲜乳,牛奶CPI指数,2008-03-01,82.82,,月度,,澳洲,
au,生鲜乳,牛奶CPI指数,2008-06-01,83.8,,月度,,澳洲,
au,生鲜乳,牛奶CPI指数,2008-09-01,84.95,,月度,,澳洲,
au,生鲜乳,牛奶CPI指数,2008-12-01,85.99,,月度,,澳洲,
au,生鲜乳,牛奶CPI指数,2009-03-01,84.66,,月度,,澳洲,
au,生鲜乳,牛奶CPI指数,2009-06-01,82.12,,月度,,澳洲,
au,生鲜乳,牛奶CPI指数,2009-09-01,81.72,,月度,,澳洲,
au,生鲜乳,牛奶CPI指数,2009-12-01,81.88,,月度,,澳洲,
au,生鲜乳,牛奶CPI指数,2010-03-01,81.97,,月度,,澳洲,
au,生鲜乳,牛奶CPI指数,2010-06-01,82.21,,月度,,澳洲,
au,生鲜乳,牛奶CPI指数,2010-09-01,82.21,,月度,,澳洲,
au,生鲜乳,牛奶CPI指数,2010-12-01,81.9,,月度,,澳洲,
au,生鲜乳,牛奶CPI指数,2011-03-01,76.84,,月度,,澳洲,
au,生鲜乳,牛奶CPI指数,2011-06-01,73.32,,月度,,澳洲,
au,生鲜乳,牛奶CPI指数,2011-09-01,73.54,,月度,,澳洲,
au,生鲜乳,牛奶CPI指数,2011-12-01,73.59,,月度,,澳洲,
au,生鲜乳,牛奶CPI指数,2012-03-01,73.79,,月度,,澳洲,
au,生鲜乳,牛奶CPI指数,2012-06-01,73.66,,月度,,澳洲,
au,生鲜乳,牛奶CPI指数,2012-09-01,73.29,,月度,,澳洲,
au,生鲜乳,牛奶CPI指数,2012-12-01,72.99,,月度,,澳洲,
au,生鲜乳,牛奶CPI指数,2013-03-01,71.9,,月度,,澳洲,
au,生鲜乳,牛奶CPI指数,2013-06-01,71.23,,月度,,澳洲,
au,生鲜乳,牛奶CPI指数,2013-09-01,71.55,,月度,,澳洲,
au,生鲜乳,牛奶CPI指数,2013-12-01,71.85,,月度,,澳洲,
au,生鲜乳,牛奶CPI指数,2014-03-01,71.95,,月度,,澳洲,
au,生鲜乳,牛奶CPI指数,2014-06-01,71.95,,月度,,澳洲,
au,生鲜乳,牛奶CPI指数,2014-09-01,71.83,,月度,,澳洲,
au,生鲜乳,牛奶CPI指数,2014-12-01,71.92,,月度,,澳洲,
au,生鲜乳,牛奶CPI指数,2015-03-01,71.88,,月度,,澳洲,
au,生鲜乳,牛奶CPI指数,2015-06-01,71.55,,月度,,澳洲,
au,生鲜乳,牛奶CPI指数,2015-09-01,71.37,,月度,,澳洲,
au,生鲜乳,牛奶CPI指数,2015-12-01,71.03,,月度,,澳洲,
au,生鲜乳,牛奶CPI指数,2016-03-01,71.15,,月度,,澳洲,
au,生鲜乳,牛奶CPI指数,2016-06-01,71.16,,月度,,澳洲,
au,生鲜乳,牛奶CPI指数,2016-09-01,71.14,,月度,,澳洲,
au,生鲜乳,牛奶CPI指数,2016-12-01,70.97,,月度,,澳洲,
au,生鲜乳,牛奶CPI指数,2017-03-01,71.24,,月度,,澳洲,
au,生鲜乳,牛奶CPI指数,2017-06-01,71.07,,月度,,澳洲,
au,生鲜乳,牛奶CPI指数,2017-09-01,70.96,,月度,,澳洲,
au,生鲜乳,牛奶CPI指数,2017-12-01,71.41,,月度,,澳洲,
au,生鲜乳,牛奶CPI指数,2018-03-01,71.32,,月度,,澳洲,
au,生鲜乳,牛奶CPI指数,2018-06-01,71.78,,月度,,澳洲,
au,生鲜乳,牛奶CPI指数,2018-09-01,71.34,,月度,,澳洲,
au,生鲜乳,牛奶CPI指数,2018-12-01,72.8,,月度,,澳洲,
au,生鲜乳,牛奶CPI指数,2019-03-01,72.5,,月度,,澳洲,
au,生鲜乳,牛奶CPI指数,2019-06-01,73.9,,月度,,澳洲,
au,生鲜乳,牛奶CPI指数,2019-09-01,76.16,,月度,,澳洲,
au,生鲜乳,牛奶CPI指数,2019-12-01,77.47,,月度,,澳洲,
au,生鲜乳,牛奶CPI指数,2020-03-01,78.09,,月度,,澳洲,
au,生鲜乳,牛奶CPI指数,2020-06-01,78.62,,月度,,澳洲,
au,生鲜乳,牛奶CPI指数,2020-09-01,78.37,,月度,,澳洲,
au,生鲜乳,牛奶CPI指数,2020-12-01,78.91,,月度,,澳洲,
au,生鲜乳,牛奶CPI指数,2021-03-01,78.7,,月度,,澳洲,
au,生鲜乳,牛奶CPI指数,2021-06-01,78.61,,月度,,澳洲,
au,生鲜乳,牛奶CPI指数,2021-09-01,78.88,,月度,,澳洲,
au,生鲜乳,牛奶CPI指数,2021-12-01,79.96,,月度,,澳洲,
au,生鲜乳,牛奶CPI指数,2022-03-01,82.13,,月度,,澳洲,
au,生鲜乳,牛奶CPI指数,2022-06-01,82.8,,月度,,澳洲,
au,生鲜乳,牛奶CPI指数,2022-09-01,91.63,,月度,,澳洲,
au,生鲜乳,牛奶CPI指数,2022-12-01,94.26,,月度,,澳洲,
au,生鲜乳,牛奶CPI指数,2023-03-01,95.38,,月度,,澳洲,
au,生鲜乳,牛奶CPI指数,2023-06-01,95.44,,月度,,澳洲,
au,生鲜乳,牛奶CPI指数,2023-09-01,96.65,,月度,,澳洲,
au,生鲜乳,牛奶CPI指数,2023-12-01,97.95,,月度,,澳洲,
au,生鲜乳,牛奶CPI指数,2024-03-01,97.78,,月度,,澳洲,
au,生鲜乳,牛奶CPI指数,2024-06-01,97.59,,月度,,澳洲,
au,生鲜乳,牛奶CPI指数,2024-09-01,97.77,,月度,,澳洲,
au,生鲜乳,牛奶CPI指数,2024-12-01,97.22,,月度,,澳洲,
au,生鲜乳,牛奶CPI指数,2025-03-01,97.23,,月度,,澳洲,
au,生鲜乳,牛奶CPI指数,2025-06-01,97.57,,月度,,澳洲,
au,生鲜乳,牛奶CPI指数,2025-09-01,99.07,,月度,,澳洲,
au,生鲜乳,牛奶CPI指数,2025-12-01,100.93,,月度,,澳洲,
au,生鲜乳,牛奶CPI指数,2026-03-01,101.0,,月度,,澳洲,
au,生鲜乳,牛奶CPI指数,2026-06-01,104.76,,月度,,澳洲,
au,羊,MLA ABS Production Lambs Australia,2024-12-01,141116.0,吨,季度,MLA Statistics API / ABS,Australia,MLA Statistics API report/3 Australian Slaughter and Production；按动物类别和地区保留ABS季度值。
au,羊,MLA ABS Production Lambs Australia,2025-03-01,166794.0,吨,季度,MLA Statistics API / ABS,Australia,MLA Statistics API report/3 Australian Slaughter and Production；按动物类别和地区保留ABS季度值。
au,羊,MLA ABS Production Lambs Australia,2025-06-01,167162.0,吨,季度,MLA Statistics API / ABS,Australia,MLA Statistics API report/3 Australian Slaughter and Production；按动物类别和地区保留ABS季度值。
au,羊,MLA ABS Production Lambs Australia,2025-09-01,126171.0,吨,季度,MLA Statistics API / ABS,Australia,MLA Statistics API report/3 Australian Slaughter and Production；按动物类别和地区保留ABS季度值。
au,羊,MLA ABS Production Lambs Australia,2025-12-01,136941.0,吨,季度,MLA Statistics API / ABS,Australia,MLA Statistics API report/3 Australian Slaughter and Production；按动物类别和地区保留ABS季度值。
au,羊,MLA ABS Production Lambs Australian Capital Territory,2024-12-01,0.0,吨,季度,MLA Statistics API / ABS,Australian Capital Territory,MLA Statistics API report/3 Australian Slaughter and Production；按动物类别和地区保留ABS季度值。
au,羊,MLA ABS Production Lambs Australian Capital Territory,2025-03-01,0.0,吨,季度,MLA Statistics API / ABS,Australian Capital Territory,MLA Statistics API report/3 Australian Slaughter and Production；按动物类别和地区保留ABS季度值。
au,羊,MLA ABS Production Lambs Australian Capital Territory,2025-06-01,0.0,吨,季度,MLA Statistics API / ABS,Australian Capital Territory,MLA Statistics API report/3 Australian Slaughter and Production；按动物类别和地区保留ABS季度值。
au,羊,MLA ABS Production Lambs Australian Capital Territory,2025-09-01,0.0,吨,季度,MLA Statistics API / ABS,Australian Capital Territory,MLA Statistics API report/3 Australian Slaughter and Production；按动物类别和地区保留ABS季度值。
au,羊,MLA ABS Production Lambs Australian Capital Territory,2025-12-01,0.0,吨,季度,MLA Statistics API / ABS,Australian Capital Territory,MLA Statistics API report/3 Australian Slaughter and Production；按动物类别和地区保留ABS季度值。
au,羊,MLA ABS Production Lambs New South Wales,2024-12-01,28174.0,吨,季度,MLA Statistics API / ABS,New South Wales,MLA Statistics API report/3 Australian Slaughter and Production；按动物类别和地区保留ABS季度值。
au,羊,MLA ABS Production Lambs New South Wales,2025-03-01,37858.0,吨,季度,MLA Statistics API / ABS,New South Wales,MLA Statistics API report/3 Australian Slaughter and Production；按动物类别和地区保留ABS季度值。
au,羊,MLA ABS Production Lambs New South Wales,2025-06-01,40001.0,吨,季度,MLA Statistics API / ABS,New South Wales,MLA Statistics API report/3 Australian Slaughter and Production；按动物类别和地区保留ABS季度值。
au,羊,MLA ABS Production Lambs New South Wales,2025-09-01,34014.0,吨,季度,MLA Statistics API / ABS,New South Wales,MLA Statistics API report/3 Australian Slaughter and Production；按动物类别和地区保留ABS季度值。
au,羊,MLA ABS Production Lambs New South Wales,2025-12-01,28930.0,吨,季度,MLA Statistics API / ABS,New South Wales,MLA Statistics API report/3 Australian Slaughter and Production；按动物类别和地区保留ABS季度值。
au,羊,MLA ABS Production Lambs Northern Territory,2024-12-01,0.0,吨,季度,MLA Statistics API / ABS,Northern Territory,MLA Statistics API report/3 Australian Slaughter and Production；按动物类别和地区保留ABS季度值。
au,羊,MLA ABS Production Lambs Northern Territory,2025-03-01,0.0,吨,季度,MLA Statistics API / ABS,Northern Territory,MLA Statistics API report/3 Australian Slaughter and Production；按动物类别和地区保留ABS季度值。
au,羊,MLA ABS Production Lambs Northern Territory,2025-06-01,0.0,吨,季度,MLA Statistics API / ABS,Northern Territory,MLA Statistics API report/3 Australian Slaughter and Production；按动物类别和地区保留ABS季度值。
au,羊,MLA ABS Production Lambs Northern Territory,2025-09-01,0.0,吨,季度,MLA Statistics API / ABS,Northern Territory,MLA Statistics API report/3 Australian Slaughter and Production；按动物类别和地区保留ABS季度值。
au,羊,MLA ABS Production Lambs Northern Territory,2025-12-01,0.0,吨,季度,MLA Statistics API / ABS,Northern Territory,MLA Statistics API report/3 Australian Slaughter and Production；按动物类别和地区保留ABS季度值。
au,羊,MLA ABS Production Lambs Queensland,2024-12-01,420.0,吨,季度,MLA Statistics API / ABS,Queensland,MLA Statistics API report/3 Australian Slaughter and Production；按动物类别和地区保留ABS季度值。
au,羊,MLA ABS Production Lambs Queensland,2025-03-01,466.0,吨,季度,MLA Statistics API / ABS,Queensland,MLA Statistics API report/3 Australian Slaughter and Production；按动物类别和地区保留ABS季度值。
au,羊,MLA ABS Production Lambs Queensland,2025-06-01,492.0,吨,季度,MLA Statistics API / ABS,Queensland,MLA Statistics API report/3 Australian Slaughter and Production；按动物类别和地区保留ABS季度值。
au,羊,MLA ABS Production Lambs Queensland,2025-09-01,456.0,吨,季度,MLA Statistics API / ABS,Queensland,MLA Statistics API report/3 Australian Slaughter and Production；按动物类别和地区保留ABS季度值。
au,羊,MLA ABS Production Lambs Queensland,2025-12-01,426.0,吨,季度,MLA Statistics API / ABS,Queensland,MLA Statistics API report/3 Australian Slaughter and Production；按动物类别和地区保留ABS季度值。
au,羊,MLA ABS Production Lambs South Australia,2024-12-01,14572.0,吨,季度,MLA Statistics API / ABS,South Australia,MLA Statistics API report/3 Australian Slaughter and Production；按动物类别和地区保留ABS季度值。
au,羊,MLA ABS Production Lambs South Australia,2025-03-01,17635.0,吨,季度,MLA Statistics API / ABS,South Australia,MLA Statistics API report/3 Australian Slaughter and Production；按动物类别和地区保留ABS季度值。
au,羊,MLA ABS Production Lambs South Australia,2025-06-01,18668.0,吨,季度,MLA Statistics API / ABS,South Australia,MLA Statistics API report/3 Australian Slaughter and Production；按动物类别和地区保留ABS季度值。
au,羊,MLA ABS Production Lambs South Australia,2025-09-01,11383.0,吨,季度,MLA Statistics API / ABS,South Australia,MLA Statistics API report/3 Australian Slaughter and Production；按动物类别和地区保留ABS季度值。
au,羊,MLA ABS Production Lambs South Australia,2025-12-01,12720.0,吨,季度,MLA Statistics API / ABS,South Australia,MLA Statistics API report/3 Australian Slaughter and Production；按动物类别和地区保留ABS季度值。
au,羊,MLA ABS Production Lambs Tasmania,2024-12-01,2369.0,吨,季度,MLA Statistics API / ABS,Tasmania,MLA Statistics API report/3 Australian Slaughter and Production；按动物类别和地区保留ABS季度值。
au,羊,MLA ABS Production Lambs Tasmania,2025-03-01,2844.0,吨,季度,MLA Statistics API / ABS,Tasmania,MLA Statistics API report/3 Australian Slaughter and Production；按动物类别和地区保留ABS季度值。
au,羊,MLA ABS Production Lambs Tasmania,2025-06-01,3079.0,吨,季度,MLA Statistics API / ABS,Tasmania,MLA Statistics API report/3 Australian Slaughter and Production；按动物类别和地区保留ABS季度值。
au,羊,MLA ABS Production Lambs Tasmania,2025-09-01,1785.0,吨,季度,MLA Statistics API / ABS,Tasmania,MLA Statistics API report/3 Australian Slaughter and Production；按动物类别和地区保留ABS季度值。
au,羊,MLA ABS Production Lambs Tasmania,2025-12-01,1999.0,吨,季度,MLA Statistics API / ABS,Tasmania,MLA Statistics API report/3 Australian Slaughter and Production；按动物类别和地区保留ABS季度值。
au,羊,MLA ABS Production Lambs Victoria,2024-12-01,79467.0,吨,季度,MLA Statistics API / ABS,Victoria,MLA Statistics API report/3 Australian Slaughter and Production；按动物类别和地区保留ABS季度值。
au,羊,MLA ABS Production Lambs Victoria,2025-03-01,91555.0,吨,季度,MLA Statistics API / ABS,Victoria,MLA Statistics API report/3 Australian Slaughter and Production；按动物类别和地区保留ABS季度值。
au,羊,MLA ABS Production Lambs Victoria,2025-06-01,85706.0,吨,季度,MLA Statistics API / ABS,Victoria,MLA Statistics API report/3 Australian Slaughter and Production；按动物类别和地区保留ABS季度值。
au,羊,MLA ABS Production Lambs Victoria,2025-09-01,66922.0,吨,季度,MLA Statistics API / ABS,Victoria,MLA Statistics API report/3 Australian Slaughter and Production；按动物类别和地区保留ABS季度值。
au,羊,MLA ABS Production Lambs Victoria,2025-12-01,76307.0,吨,季度,MLA Statistics API / ABS,Victoria,MLA Statistics API report/3 Australian Slaughter and Production；按动物类别和地区保留ABS季度值。
au,羊,MLA ABS Production Lambs Western Australia,2024-12-01,16113.0,吨,季度,MLA Statistics API / ABS,Western Australia,MLA Statistics API report/3 Australian Slaughter and Production；按动物类别和地区保留ABS季度值。
au,羊,MLA ABS Production Lambs Western Australia,2025-03-01,16437.0,吨,季度,MLA Statistics API / ABS,Western Australia,MLA Statistics API report/3 Australian Slaughter and Production；按动物类别和地区保留ABS季度值。
au,羊,MLA ABS Production Lambs Western Australia,2025-06-01,19216.0,吨,季度,MLA Statistics API / ABS,Western Australia,MLA Statistics API report/3 Australian Slaughter and Production；按动物类别和地区保留ABS季度值。
au,羊,MLA ABS Production Lambs Western Australia,2025-09-01,11610.0,吨,季度,MLA Statistics API / ABS,Western Australia,MLA Statistics API report/3 Australian Slaughter and Production；按动物类别和地区保留ABS季度值。
au,羊,MLA ABS Production Lambs Western Australia,2025-12-01,16559.0,吨,季度,MLA Statistics API / ABS,Western Australia,MLA Statistics API report/3 Australian Slaughter and Production；按动物类别和地区保留ABS季度值。
au,羊,MLA ABS Production Sheep Australia,2024-12-01,90847.0,吨,季度,MLA Statistics API / ABS,Australia,MLA Statistics API report/3 Australian Slaughter and Production；按动物类别和地区保留ABS季度值。
au,羊,MLA ABS Production Sheep Australia,2025-03-01,74742.0,吨,季度,MLA Statistics API / ABS,Australia,MLA Statistics API report/3 Australian Slaughter and Production；按动物类别和地区保留ABS季度值。
au,羊,MLA ABS Production Sheep Australia,2025-06-01,60075.0,吨,季度,MLA Statistics API / ABS,Australia,MLA Statistics API report/3 Australian Slaughter and Production；按动物类别和地区保留ABS季度值。
au,羊,MLA ABS Production Sheep Australia,2025-09-01,52341.0,吨,季度,MLA Statistics API / ABS,Australia,MLA Statistics API report/3 Australian Slaughter and Production；按动物类别和地区保留ABS季度值。
au,羊,MLA ABS Production Sheep Australia,2025-12-01,71599.0,吨,季度,MLA Statistics API / ABS,Australia,MLA Statistics API report/3 Australian Slaughter and Production；按动物类别和地区保留ABS季度值。
au,羊,MLA ABS Production Sheep Australian Capital Territory,2024-12-01,0.0,吨,季度,MLA Statistics API / ABS,Australian Capital Territory,MLA Statistics API report/3 Australian Slaughter and Production；按动物类别和地区保留ABS季度值。
au,羊,MLA ABS Production Sheep Australian Capital Territory,2025-03-01,0.0,吨,季度,MLA Statistics API / ABS,Australian Capital Territory,MLA Statistics API report/3 Australian Slaughter and Production；按动物类别和地区保留ABS季度值。
au,羊,MLA ABS Production Sheep Australian Capital Territory,2025-06-01,0.0,吨,季度,MLA Statistics API / ABS,Australian Capital Territory,MLA Statistics API report/3 Australian Slaughter and Production；按动物类别和地区保留ABS季度值。
au,羊,MLA ABS Production Sheep Australian Capital Territory,2025-09-01,0.0,吨,季度,MLA Statistics API / ABS,Australian Capital Territory,MLA Statistics API report/3 Australian Slaughter and Production；按动物类别和地区保留ABS季度值。
au,羊,MLA ABS Production Sheep Australian Capital Territory,2025-12-01,0.0,吨,季度,MLA Statistics API / ABS,Australian Capital Territory,MLA Statistics API report/3 Australian Slaughter and Production；按动物类别和地区保留ABS季度值。
au,羊,MLA ABS Production Sheep New South Wales,2024-12-01,33941.0,吨,季度,MLA Statistics API / ABS,New South Wales,MLA Statistics API report/3 Australian Slaughter and Production；按动物类别和地区保留ABS季度值。
au,羊,MLA ABS Production Sheep New South Wales,2025-03-01,28921.0,吨,季度,MLA Statistics API / ABS,New South Wales,MLA Statistics API report/3 Australian Slaughter and Production；按动物类别和地区保留ABS季度值。
au,羊,MLA ABS Production Sheep New South Wales,2025-06-01,24426.0,吨,季度,MLA Statistics API / ABS,New South Wales,MLA Statistics API report/3 Australian Slaughter and Production；按动物类别和地区保留ABS季度值。
au,羊,MLA ABS Production Sheep New South Wales,2025-09-01,20922.0,吨,季度,MLA Statistics API / ABS,New South Wales,MLA Statistics API report/3 Australian Slaughter and Production；按动物类别和地区保留ABS季度值。
au,羊,MLA ABS Production Sheep New South Wales,2025-12-01,26657.0,吨,季度,MLA Statistics API / ABS,New South Wales,MLA Statistics API report/3 Australian Slaughter and Production；按动物类别和地区保留ABS季度值。
au,羊,MLA ABS Production Sheep Northern Territory,2024-12-01,0.0,吨,季度,MLA Statistics API / ABS,Northern Territory,MLA Statistics API report/3 Australian Slaughter and Production；按动物类别和地区保留ABS季度值。
au,羊,MLA ABS Production Sheep Northern Territory,2025-03-01,0.0,吨,季度,MLA Statistics API / ABS,Northern Territory,MLA Statistics API report/3 Australian Slaughter and Production；按动物类别和地区保留ABS季度值。
au,羊,MLA ABS Production Sheep Northern Territory,2025-06-01,0.0,吨,季度,MLA Statistics API / ABS,Northern Territory,MLA Statistics API report/3 Australian Slaughter and Production；按动物类别和地区保留ABS季度值。
au,羊,MLA ABS Production Sheep Northern Territory,2025-09-01,0.0,吨,季度,MLA Statistics API / ABS,Northern Territory,MLA Statistics API report/3 Australian Slaughter and Production；按动物类别和地区保留ABS季度值。
au,羊,MLA ABS Production Sheep Northern Territory,2025-12-01,0.0,吨,季度,MLA Statistics API / ABS,Northern Territory,MLA Statistics API report/3 Australian Slaughter and Production；按动物类别和地区保留ABS季度值。
au,羊,MLA ABS Production Sheep Queensland,2024-12-01,43.0,吨,季度,MLA Statistics API / ABS,Queensland,MLA Statistics API report/3 Australian Slaughter and Production；按动物类别和地区保留ABS季度值。
au,羊,MLA ABS Production Sheep Queensland,2025-03-01,28.0,吨,季度,MLA Statistics API / ABS,Queensland,MLA Statistics API report/3 Australian Slaughter and Production；按动物类别和地区保留ABS季度值。
au,羊,MLA ABS Production Sheep Queensland,2025-06-01,26.0,吨,季度,MLA Statistics API / ABS,Queensland,MLA Statistics API report/3 Australian Slaughter and Production；按动物类别和地区保留ABS季度值。
au,羊,MLA ABS Production Sheep Queensland,2025-09-01,26.0,吨,季度,MLA Statistics API / ABS,Queensland,MLA Statistics API report/3 Australian Slaughter and Production；按动物类别和地区保留ABS季度值。
au,羊,MLA ABS Production Sheep Queensland,2025-12-01,66.0,吨,季度,MLA Statistics API / ABS,Queensland,MLA Statistics API report/3 Australian Slaughter and Production；按动物类别和地区保留ABS季度值。
au,羊,MLA ABS Production Sheep South Australia,2024-12-01,6215.0,吨,季度,MLA Statistics API / ABS,South Australia,MLA Statistics API report/3 Australian Slaughter and Production；按动物类别和地区保留ABS季度值。
au,羊,MLA ABS Production Sheep South Australia,2025-03-01,5061.0,吨,季度,MLA Statistics API / ABS,South Australia,MLA Statistics API report/3 Australian Slaughter and Production；按动物类别和地区保留ABS季度值。
au,羊,MLA ABS Production Sheep South Australia,2025-06-01,4408.0,吨,季度,MLA Statistics API / ABS,South Australia,MLA Statistics API report/3 Australian Slaughter and Production；按动物类别和地区保留ABS季度值。
au,羊,MLA ABS Production Sheep South Australia,2025-09-01,3246.0,吨,季度,MLA Statistics API / ABS,South Australia,MLA Statistics API report/3 Australian Slaughter and Production；按动物类别和地区保留ABS季度值。
au,羊,MLA ABS Production Sheep South Australia,2025-12-01,3392.0,吨,季度,MLA Statistics API / ABS,South Australia,MLA Statistics API report/3 Australian Slaughter and Production；按动物类别和地区保留ABS季度值。
au,羊,MLA ABS Production Sheep Tasmania,2024-12-01,1303.0,吨,季度,MLA Statistics API / ABS,Tasmania,MLA Statistics API report/3 Australian Slaughter and Production；按动物类别和地区保留ABS季度值。
au,羊,MLA ABS Production Sheep Tasmania,2025-03-01,1769.0,吨,季度,MLA Statistics API / ABS,Tasmania,MLA Statistics API report/3 Australian Slaughter and Production；按动物类别和地区保留ABS季度值。
au,羊,MLA ABS Production Sheep Tasmania,2025-06-01,1376.0,吨,季度,MLA Statistics API / ABS,Tasmania,MLA Statistics API report/3 Australian Slaughter and Production；按动物类别和地区保留ABS季度值。
au,羊,MLA ABS Production Sheep Tasmania,2025-09-01,499.0,吨,季度,MLA Statistics API / ABS,Tasmania,MLA Statistics API report/3 Australian Slaughter and Production；按动物类别和地区保留ABS季度值。
au,羊,MLA ABS Production Sheep Tasmania,2025-12-01,1367.0,吨,季度,MLA Statistics API / ABS,Tasmania,MLA Statistics API report/3 Australian Slaughter and Production；按动物类别和地区保留ABS季度值。
au,羊,MLA ABS Production Sheep Victoria,2024-12-01,32382.0,吨,季度,MLA Statistics API / ABS,Victoria,MLA Statistics API report/3 Australian Slaughter and Production；按动物类别和地区保留ABS季度值。
au,羊,MLA ABS Production Sheep Victoria,2025-03-01,23447.0,吨,季度,MLA Statistics API / ABS,Victoria,MLA Statistics API report/3 Australian Slaughter and Production；按动物类别和地区保留ABS季度值。
au,羊,MLA ABS Production Sheep Victoria,2025-06-01,18814.0,吨,季度,MLA Statistics API / ABS,Victoria,MLA Statistics API report/3 Australian Slaughter and Production；按动物类别和地区保留ABS季度值。
au,羊,MLA ABS Production Sheep Victoria,2025-09-01,19816.0,吨,季度,MLA Statistics API / ABS,Victoria,MLA Statistics API report/3 Australian Slaughter and Production；按动物类别和地区保留ABS季度值。
au,羊,MLA ABS Production Sheep Victoria,2025-12-01,26553.0,吨,季度,MLA Statistics API / ABS,Victoria,MLA Statistics API report/3 Australian Slaughter and Production；按动物类别和地区保留ABS季度值。
au,羊,MLA ABS Production Sheep Western Australia,2024-12-01,16962.0,吨,季度,MLA Statistics API / ABS,Western Australia,MLA Statistics API report/3 Australian Slaughter and Production；按动物类别和地区保留ABS季度值。
au,羊,MLA ABS Production Sheep Western Australia,2025-03-01,15516.0,吨,季度,MLA Statistics API / ABS,Western Australia,MLA Statistics API report/3 Australian Slaughter and Production；按动物类别和地区保留ABS季度值。
au,羊,MLA ABS Production Sheep Western Australia,2025-06-01,11024.0,吨,季度,MLA Statistics API / ABS,Western Australia,MLA Statistics API report/3 Australian Slaughter and Production；按动物类别和地区保留ABS季度值。
au,羊,MLA ABS Production Sheep Western Australia,2025-09-01,7832.0,吨,季度,MLA Statistics API / ABS,Western Australia,MLA Statistics API report/3 Australian Slaughter and Production；按动物类别和地区保留ABS季度值。
au,羊,MLA ABS Production Sheep Western Australia,2025-12-01,13564.0,吨,季度,MLA Statistics API / ABS,Western Australia,MLA Statistics API report/3 Australian Slaughter and Production；按动物类别和地区保留ABS季度值。
au,羊,MLA ABS Slaughter Lambs Australia,2024-12-01,6116.8,千头,季度,MLA Statistics API / ABS,Australia,MLA Statistics API report/3 Australian Slaughter and Production；按动物类别和地区保留ABS季度值。
au,羊,MLA ABS Slaughter Lambs Australia,2025-03-01,6855.3,千头,季度,MLA Statistics API / ABS,Australia,MLA Statistics API report/3 Australian Slaughter and Production；按动物类别和地区保留ABS季度值。
au,羊,MLA ABS Slaughter Lambs Australia,2025-06-01,6746.3,千头,季度,MLA Statistics API / ABS,Australia,MLA Statistics API report/3 Australian Slaughter and Production；按动物类别和地区保留ABS季度值。
au,羊,MLA ABS Slaughter Lambs Australia,2025-09-01,5202.0,千头,季度,MLA Statistics API / ABS,Australia,MLA Statistics API report/3 Australian Slaughter and Production；按动物类别和地区保留ABS季度值。
au,羊,MLA ABS Slaughter Lambs Australia,2025-12-01,5759.9,千头,季度,MLA Statistics API / ABS,Australia,MLA Statistics API report/3 Australian Slaughter and Production；按动物类别和地区保留ABS季度值。
au,羊,MLA ABS Slaughter Lambs Australian Capital Territory,2024-12-01,0.0,千头,季度,MLA Statistics API / ABS,Australian Capital Territory,MLA Statistics API report/3 Australian Slaughter and Production；按动物类别和地区保留ABS季度值。
au,羊,MLA ABS Slaughter Lambs Australian Capital Territory,2025-03-01,0.0,千头,季度,MLA Statistics API / ABS,Australian Capital Territory,MLA Statistics API report/3 Australian Slaughter and Production；按动物类别和地区保留ABS季度值。
au,羊,MLA ABS Slaughter Lambs Australian Capital Territory,2025-06-01,0.0,千头,季度,MLA Statistics API / ABS,Australian Capital Territory,MLA Statistics API report/3 Australian Slaughter and Production；按动物类别和地区保留ABS季度值。
au,羊,MLA ABS Slaughter Lambs Australian Capital Territory,2025-09-01,0.0,千头,季度,MLA Statistics API / ABS,Australian Capital Territory,MLA Statistics API report/3 Australian Slaughter and Production；按动物类别和地区保留ABS季度值。
au,羊,MLA ABS Slaughter Lambs Australian Capital Territory,2025-12-01,0.0,千头,季度,MLA Statistics API / ABS,Australian Capital Territory,MLA Statistics API report/3 Australian Slaughter and Production；按动物类别和地区保留ABS季度值。
au,羊,MLA ABS Slaughter Lambs New South Wales,2024-12-01,1167.1,千头,季度,MLA Statistics API / ABS,New South Wales,MLA Statistics API report/3 Australian Slaughter and Production；按动物类别和地区保留ABS季度值。
au,羊,MLA ABS Slaughter Lambs New South Wales,2025-03-01,1478.6,千头,季度,MLA Statistics API / ABS,New South Wales,MLA Statistics API report/3 Australian Slaughter and Production；按动物类别和地区保留ABS季度值。
au,羊,MLA ABS Slaughter Lambs New South Wales,2025-06-01,1527.2,千头,季度,MLA Statistics API / ABS,New South Wales,MLA Statistics API report/3 Australian Slaughter and Production；按动物类别和地区保留ABS季度值。
au,羊,MLA ABS Slaughter Lambs New South Wales,2025-09-01,1330.7,千头,季度,MLA Statistics API / ABS,New South Wales,MLA Statistics API report/3 Australian Slaughter and Production；按动物类别和地区保留ABS季度值。
au,羊,MLA ABS Slaughter Lambs New South Wales,2025-12-01,1164.2,千头,季度,MLA Statistics API / ABS,New South Wales,MLA Statistics API report/3 Australian Slaughter and Production；按动物类别和地区保留ABS季度值。
au,羊,MLA ABS Slaughter Lambs Northern Territory,2024-12-01,0.0,千头,季度,MLA Statistics API / ABS,Northern Territory,MLA Statistics API report/3 Australian Slaughter and Production；按动物类别和地区保留ABS季度值。
au,羊,MLA ABS Slaughter Lambs Northern Territory,2025-03-01,0.0,千头,季度,MLA Statistics API / ABS,Northern Territory,MLA Statistics API report/3 Australian Slaughter and Production；按动物类别和地区保留ABS季度值。
au,羊,MLA ABS Slaughter Lambs Northern Territory,2025-06-01,0.0,千头,季度,MLA Statistics API / ABS,Northern Territory,MLA Statistics API report/3 Australian Slaughter and Production；按动物类别和地区保留ABS季度值。
au,羊,MLA ABS Slaughter Lambs Northern Territory,2025-09-01,0.0,千头,季度,MLA Statistics API / ABS,Northern Territory,MLA Statistics API report/3 Australian Slaughter and Production；按动物类别和地区保留ABS季度值。
au,羊,MLA ABS Slaughter Lambs Northern Territory,2025-12-01,0.0,千头,季度,MLA Statistics API / ABS,Northern Territory,MLA Statistics API report/3 Australian Slaughter and Production；按动物类别和地区保留ABS季度值。
au,羊,MLA ABS Slaughter Lambs Queensland,2024-12-01,18.6,千头,季度,MLA Statistics API / ABS,Queensland,MLA Statistics API report/3 Australian Slaughter and Production；按动物类别和地区保留ABS季度值。
au,羊,MLA ABS Slaughter Lambs Queensland,2025-03-01,20.6,千头,季度,MLA Statistics API / ABS,Queensland,MLA Statistics API report/3 Australian Slaughter and Production；按动物类别和地区保留ABS季度值。
au,羊,MLA ABS Slaughter Lambs Queensland,2025-06-01,20.7,千头,季度,MLA Statistics API / ABS,Queensland,MLA Statistics API report/3 Australian Slaughter and Production；按动物类别和地区保留ABS季度值。
au,羊,MLA ABS Slaughter Lambs Queensland,2025-09-01,19.2,千头,季度,MLA Statistics API / ABS,Queensland,MLA Statistics API report/3 Australian Slaughter and Production；按动物类别和地区保留ABS季度值。
au,羊,MLA ABS Slaughter Lambs Queensland,2025-12-01,18.4,千头,季度,MLA Statistics API / ABS,Queensland,MLA Statistics API report/3 Australian Slaughter and Production；按动物类别和地区保留ABS季度值。
au,羊,MLA ABS Slaughter Lambs South Australia,2024-12-01,618.5,千头,季度,MLA Statistics API / ABS,South Australia,MLA Statistics API report/3 Australian Slaughter and Production；按动物类别和地区保留ABS季度值。
au,羊,MLA ABS Slaughter Lambs South Australia,2025-03-01,676.8,千头,季度,MLA Statistics API / ABS,South Australia,MLA Statistics API report/3 Australian Slaughter and Production；按动物类别和地区保留ABS季度值。
au,羊,MLA ABS Slaughter Lambs South Australia,2025-06-01,706.7,千头,季度,MLA Statistics API / ABS,South Australia,MLA Statistics API report/3 Australian Slaughter and Production；按动物类别和地区保留ABS季度值。
au,羊,MLA ABS Slaughter Lambs South Australia,2025-09-01,416.8,千头,季度,MLA Statistics API / ABS,South Australia,MLA Statistics API report/3 Australian Slaughter and Production；按动物类别和地区保留ABS季度值。
au,羊,MLA ABS Slaughter Lambs South Australia,2025-12-01,513.1,千头,季度,MLA Statistics API / ABS,South Australia,MLA Statistics API report/3 Australian Slaughter and Production；按动物类别和地区保留ABS季度值。
au,羊,MLA ABS Slaughter Lambs Tasmania,2024-12-01,115.1,千头,季度,MLA Statistics API / ABS,Tasmania,MLA Statistics API report/3 Australian Slaughter and Production；按动物类别和地区保留ABS季度值。
au,羊,MLA ABS Slaughter Lambs Tasmania,2025-03-01,134.5,千头,季度,MLA Statistics API / ABS,Tasmania,MLA Statistics API report/3 Australian Slaughter and Production；按动物类别和地区保留ABS季度值。
au,羊,MLA ABS Slaughter Lambs Tasmania,2025-06-01,159.0,千头,季度,MLA Statistics API / ABS,Tasmania,MLA Statistics API report/3 Australian Slaughter and Production；按动物类别和地区保留ABS季度值。
au,羊,MLA ABS Slaughter Lambs Tasmania,2025-09-01,83.1,千头,季度,MLA Statistics API / ABS,Tasmania,MLA Statistics API report/3 Australian Slaughter and Production；按动物类别和地区保留ABS季度值。
au,羊,MLA ABS Slaughter Lambs Tasmania,2025-12-01,90.6,千头,季度,MLA Statistics API / ABS,Tasmania,MLA Statistics API report/3 Australian Slaughter and Production；按动物类别和地区保留ABS季度值。
au,羊,MLA ABS Slaughter Lambs Victoria,2024-12-01,3442.2,千头,季度,MLA Statistics API / ABS,Victoria,MLA Statistics API report/3 Australian Slaughter and Production；按动物类别和地区保留ABS季度值。
au,羊,MLA ABS Slaughter Lambs Victoria,2025-03-01,3834.9,千头,季度,MLA Statistics API / ABS,Victoria,MLA Statistics API report/3 Australian Slaughter and Production；按动物类别和地区保留ABS季度值。
au,羊,MLA ABS Slaughter Lambs Victoria,2025-06-01,3515.6,千头,季度,MLA Statistics API / ABS,Victoria,MLA Statistics API report/3 Australian Slaughter and Production；按动物类别和地区保留ABS季度值。
au,羊,MLA ABS Slaughter Lambs Victoria,2025-09-01,2834.0,千头,季度,MLA Statistics API / ABS,Victoria,MLA Statistics API report/3 Australian Slaughter and Production；按动物类别和地区保留ABS季度值。
au,羊,MLA ABS Slaughter Lambs Victoria,2025-12-01,3246.8,千头,季度,MLA Statistics API / ABS,Victoria,MLA Statistics API report/3 Australian Slaughter and Production；按动物类别和地区保留ABS季度值。
au,羊,MLA ABS Slaughter Lambs Western Australia,2024-12-01,755.2,千头,季度,MLA Statistics API / ABS,Western Australia,MLA Statistics API report/3 Australian Slaughter and Production；按动物类别和地区保留ABS季度值。
au,羊,MLA ABS Slaughter Lambs Western Australia,2025-03-01,710.0,千头,季度,MLA Statistics API / ABS,Western Australia,MLA Statistics API report/3 Australian Slaughter and Production；按动物类别和地区保留ABS季度值。
au,羊,MLA ABS Slaughter Lambs Western Australia,2025-06-01,817.0,千头,季度,MLA Statistics API / ABS,Western Australia,MLA Statistics API report/3 Australian Slaughter and Production；按动物类别和地区保留ABS季度值。
au,羊,MLA ABS Slaughter Lambs Western Australia,2025-09-01,518.2,千头,季度,MLA Statistics API / ABS,Western Australia,MLA Statistics API report/3 Australian Slaughter and Production；按动物类别和地区保留ABS季度值。
au,羊,MLA ABS Slaughter Lambs Western Australia,2025-12-01,726.9,千头,季度,MLA Statistics API / ABS,Western Australia,MLA Statistics API report/3 Australian Slaughter and Production；按动物类别和地区保留ABS季度值。
au,羊,MLA ABS Slaughter Sheep Australia,2024-12-01,3498.7,千头,季度,MLA Statistics API / ABS,Australia,MLA Statistics API report/3 Australian Slaughter and Production；按动物类别和地区保留ABS季度值。
au,羊,MLA ABS Slaughter Sheep Australia,2025-03-01,3021.4,千头,季度,MLA Statistics API / ABS,Australia,MLA Statistics API report/3 Australian Slaughter and Production；按动物类别和地区保留ABS季度值。
au,羊,MLA ABS Slaughter Sheep Australia,2025-06-01,2511.5,千头,季度,MLA Statistics API / ABS,Australia,MLA Statistics API report/3 Australian Slaughter and Production；按动物类别和地区保留ABS季度值。
au,羊,MLA ABS Slaughter Sheep Australia,2025-09-01,2007.4,千头,季度,MLA Statistics API / ABS,Australia,MLA Statistics API report/3 Australian Slaughter and Production；按动物类别和地区保留ABS季度值。
au,羊,MLA ABS Slaughter Sheep Australia,2025-12-01,2652.7,千头,季度,MLA Statistics API / ABS,Australia,MLA Statistics API report/3 Australian Slaughter and Production；按动物类别和地区保留ABS季度值。
au,羊,MLA ABS Slaughter Sheep Australian Capital Territory,2024-12-01,0.0,千头,季度,MLA Statistics API / ABS,Australian Capital Territory,MLA Statistics API report/3 Australian Slaughter and Production；按动物类别和地区保留ABS季度值。
au,羊,MLA ABS Slaughter Sheep Australian Capital Territory,2025-03-01,0.0,千头,季度,MLA Statistics API / ABS,Australian Capital Territory,MLA Statistics API report/3 Australian Slaughter and Production；按动物类别和地区保留ABS季度值。
au,羊,MLA ABS Slaughter Sheep Australian Capital Territory,2025-06-01,0.0,千头,季度,MLA Statistics API / ABS,Australian Capital Territory,MLA Statistics API report/3 Australian Slaughter and Production；按动物类别和地区保留ABS季度值。
au,羊,MLA ABS Slaughter Sheep Australian Capital Territory,2025-09-01,0.0,千头,季度,MLA Statistics API / ABS,Australian Capital Territory,MLA Statistics API report/3 Australian Slaughter and Production；按动物类别和地区保留ABS季度值。
au,羊,MLA ABS Slaughter Sheep Australian Capital Territory,2025-12-01,0.0,千头,季度,MLA Statistics API / ABS,Australian Capital Territory,MLA Statistics API report/3 Australian Slaughter and Production；按动物类别和地区保留ABS季度值。
au,羊,MLA ABS Slaughter Sheep New South Wales,2024-12-01,1170.6,千头,季度,MLA Statistics API / ABS,New South Wales,MLA Statistics API report/3 Australian Slaughter and Production；按动物类别和地区保留ABS季度值。
au,羊,MLA ABS Slaughter Sheep New South Wales,2025-03-01,1067.6,千头,季度,MLA Statistics API / ABS,New South Wales,MLA Statistics API report/3 Australian Slaughter and Production；按动物类别和地区保留ABS季度值。
au,羊,MLA ABS Slaughter Sheep New South Wales,2025-06-01,931.0,千头,季度,MLA Statistics API / ABS,New South Wales,MLA Statistics API report/3 Australian Slaughter and Production；按动物类别和地区保留ABS季度值。
au,羊,MLA ABS Slaughter Sheep New South Wales,2025-09-01,741.2,千头,季度,MLA Statistics API / ABS,New South Wales,MLA Statistics API report/3 Australian Slaughter and Production；按动物类别和地区保留ABS季度值。
au,羊,MLA ABS Slaughter Sheep New South Wales,2025-12-01,920.4,千头,季度,MLA Statistics API / ABS,New South Wales,MLA Statistics API report/3 Australian Slaughter and Production；按动物类别和地区保留ABS季度值。
au,羊,MLA ABS Slaughter Sheep Northern Territory,2024-12-01,0.0,千头,季度,MLA Statistics API / ABS,Northern Territory,MLA Statistics API report/3 Australian Slaughter and Production；按动物类别和地区保留ABS季度值。
au,羊,MLA ABS Slaughter Sheep Northern Territory,2025-03-01,0.0,千头,季度,MLA Statistics API / ABS,Northern Territory,MLA Statistics API report/3 Australian Slaughter and Production；按动物类别和地区保留ABS季度值。
au,羊,MLA ABS Slaughter Sheep Northern Territory,2025-06-01,0.0,千头,季度,MLA Statistics API / ABS,Northern Territory,MLA Statistics API report/3 Australian Slaughter and Production；按动物类别和地区保留ABS季度值。
au,羊,MLA ABS Slaughter Sheep Northern Territory,2025-09-01,0.0,千头,季度,MLA Statistics API / ABS,Northern Territory,MLA Statistics API report/3 Australian Slaughter and Production；按动物类别和地区保留ABS季度值。
au,羊,MLA ABS Slaughter Sheep Northern Territory,2025-12-01,0.0,千头,季度,MLA Statistics API / ABS,Northern Territory,MLA Statistics API report/3 Australian Slaughter and Production；按动物类别和地区保留ABS季度值。
au,羊,MLA ABS Slaughter Sheep Queensland,2024-12-01,1.8,千头,季度,MLA Statistics API / ABS,Queensland,MLA Statistics API report/3 Australian Slaughter and Production；按动物类别和地区保留ABS季度值。
au,羊,MLA ABS Slaughter Sheep Queensland,2025-03-01,1.1,千头,季度,MLA Statistics API / ABS,Queensland,MLA Statistics API report/3 Australian Slaughter and Production；按动物类别和地区保留ABS季度值。
au,羊,MLA ABS Slaughter Sheep Queensland,2025-06-01,0.9,千头,季度,MLA Statistics API / ABS,Queensland,MLA Statistics API report/3 Australian Slaughter and Production；按动物类别和地区保留ABS季度值。
au,羊,MLA ABS Slaughter Sheep Queensland,2025-09-01,1.0,千头,季度,MLA Statistics API / ABS,Queensland,MLA Statistics API report/3 Australian Slaughter and Production；按动物类别和地区保留ABS季度值。
au,羊,MLA ABS Slaughter Sheep Queensland,2025-12-01,2.8,千头,季度,MLA Statistics API / ABS,Queensland,MLA Statistics API report/3 Australian Slaughter and Production；按动物类别和地区保留ABS季度值。
au,羊,MLA ABS Slaughter Sheep South Australia,2024-12-01,255.9,千头,季度,MLA Statistics API / ABS,South Australia,MLA Statistics API report/3 Australian Slaughter and Production；按动物类别和地区保留ABS季度值。
au,羊,MLA ABS Slaughter Sheep South Australia,2025-03-01,210.5,千头,季度,MLA Statistics API / ABS,South Australia,MLA Statistics API report/3 Australian Slaughter and Production；按动物类别和地区保留ABS季度值。
au,羊,MLA ABS Slaughter Sheep South Australia,2025-06-01,183.5,千头,季度,MLA Statistics API / ABS,South Australia,MLA Statistics API report/3 Australian Slaughter and Production；按动物类别和地区保留ABS季度值。
au,羊,MLA ABS Slaughter Sheep South Australia,2025-09-01,126.2,千头,季度,MLA Statistics API / ABS,South Australia,MLA Statistics API report/3 Australian Slaughter and Production；按动物类别和地区保留ABS季度值。
au,羊,MLA ABS Slaughter Sheep South Australia,2025-12-01,126.3,千头,季度,MLA Statistics API / ABS,South Australia,MLA Statistics API report/3 Australian Slaughter and Production；按动物类别和地区保留ABS季度值。
au,羊,MLA ABS Slaughter Sheep Tasmania,2024-12-01,58.0,千头,季度,MLA Statistics API / ABS,Tasmania,MLA Statistics API report/3 Australian Slaughter and Production；按动物类别和地区保留ABS季度值。
au,羊,MLA ABS Slaughter Sheep Tasmania,2025-03-01,77.5,千头,季度,MLA Statistics API / ABS,Tasmania,MLA Statistics API report/3 Australian Slaughter and Production；按动物类别和地区保留ABS季度值。
au,羊,MLA ABS Slaughter Sheep Tasmania,2025-06-01,67.0,千头,季度,MLA Statistics API / ABS,Tasmania,MLA Statistics API report/3 Australian Slaughter and Production；按动物类别和地区保留ABS季度值。
au,羊,MLA ABS Slaughter Sheep Tasmania,2025-09-01,25.3,千头,季度,MLA Statistics API / ABS,Tasmania,MLA Statistics API report/3 Australian Slaughter and Production；按动物类别和地区保留ABS季度值。
au,羊,MLA ABS Slaughter Sheep Tasmania,2025-12-01,58.8,千头,季度,MLA Statistics API / ABS,Tasmania,MLA Statistics API report/3 Australian Slaughter and Production；按动物类别和地区保留ABS季度值。
au,羊,MLA ABS Slaughter Sheep Victoria,2024-12-01,1356.4,千头,季度,MLA Statistics API / ABS,Victoria,MLA Statistics API report/3 Australian Slaughter and Production；按动物类别和地区保留ABS季度值。
au,羊,MLA ABS Slaughter Sheep Victoria,2025-03-01,1040.6,千头,季度,MLA Statistics API / ABS,Victoria,MLA Statistics API report/3 Australian Slaughter and Production；按动物类别和地区保留ABS季度值。
au,羊,MLA ABS Slaughter Sheep Victoria,2025-06-01,873.5,千头,季度,MLA Statistics API / ABS,Victoria,MLA Statistics API report/3 Australian Slaughter and Production；按动物类别和地区保留ABS季度值。
au,羊,MLA ABS Slaughter Sheep Victoria,2025-09-01,825.6,千头,季度,MLA Statistics API / ABS,Victoria,MLA Statistics API report/3 Australian Slaughter and Production；按动物类别和地区保留ABS季度值。
au,羊,MLA ABS Slaughter Sheep Victoria,2025-12-01,1046.8,千头,季度,MLA Statistics API / ABS,Victoria,MLA Statistics API report/3 Australian Slaughter and Production；按动物类别和地区保留ABS季度值。
au,羊,MLA ABS Slaughter Sheep Western Australia,2024-12-01,656.1,千头,季度,MLA Statistics API / ABS,Western Australia,MLA Statistics API report/3 Australian Slaughter and Production；按动物类别和地区保留ABS季度值。
au,羊,MLA ABS Slaughter Sheep Western Australia,2025-03-01,624.2,千头,季度,MLA Statistics API / ABS,Western Australia,MLA Statistics API report/3 Australian Slaughter and Production；按动物类别和地区保留ABS季度值。
au,羊,MLA ABS Slaughter Sheep Western Australia,2025-06-01,455.5,千头,季度,MLA Statistics API / ABS,Western Australia,MLA Statistics API report/3 Australian Slaughter and Production；按动物类别和地区保留ABS季度值。
au,羊,MLA ABS Slaughter Sheep Western Australia,2025-09-01,288.1,千头,季度,MLA Statistics API / ABS,Western Australia,MLA Statistics API report/3 Australian Slaughter and Production；按动物类别和地区保留ABS季度值。
au,羊,MLA ABS Slaughter Sheep Western Australia,2025-12-01,497.5,千头,季度,MLA Statistics API / ABS,Western Australia,MLA Statistics API report/3 Australian Slaughter and Production；按动物类别和地区保留ABS季度值。
au,羊,MLA NLRS Slaughter Goat 全国月度汇总,2024-12-01,199603.0,头,月度,MLA Statistics API / NLRS,澳洲,MLA Statistics API report/10 NLRS Slaughter；州级周度屠宰数默认汇总为全国月度。
au,羊,MLA NLRS Slaughter Goat 全国月度汇总,2025-01-01,292711.0,头,月度,MLA Statistics API / NLRS,澳洲,MLA Statistics API report/10 NLRS Slaughter；州级周度屠宰数默认汇总为全国月度。
au,羊,MLA NLRS Slaughter Goat 全国月度汇总,2025-02-01,299559.0,头,月度,MLA Statistics API / NLRS,澳洲,MLA Statistics API report/10 NLRS Slaughter；州级周度屠宰数默认汇总为全国月度。
au,羊,MLA NLRS Slaughter Goat 全国月度汇总,2025-03-01,268447.0,头,月度,MLA Statistics API / NLRS,澳洲,MLA Statistics API report/10 NLRS Slaughter；州级周度屠宰数默认汇总为全国月度。
au,羊,MLA NLRS Slaughter Goat 全国月度汇总,2025-04-01,212751.0,头,月度,MLA Statistics API / NLRS,澳洲,MLA Statistics API report/10 NLRS Slaughter；州级周度屠宰数默认汇总为全国月度。
au,羊,MLA NLRS Slaughter Goat 全国月度汇总,2025-05-01,340495.0,头,月度,MLA Statistics API / NLRS,澳洲,MLA Statistics API report/10 NLRS Slaughter；州级周度屠宰数默认汇总为全国月度。
au,羊,MLA NLRS Slaughter Goat 全国月度汇总,2025-06-01,267498.0,头,月度,MLA Statistics API / NLRS,澳洲,MLA Statistics API report/10 NLRS Slaughter；州级周度屠宰数默认汇总为全国月度。
au,羊,MLA NLRS Slaughter Goat 全国月度汇总,2025-07-01,296956.0,头,月度,MLA Statistics API / NLRS,澳洲,MLA Statistics API report/10 NLRS Slaughter；州级周度屠宰数默认汇总为全国月度。
au,羊,MLA NLRS Slaughter Goat 全国月度汇总,2025-08-01,342613.0,头,月度,MLA Statistics API / NLRS,澳洲,MLA Statistics API report/10 NLRS Slaughter；州级周度屠宰数默认汇总为全国月度。
au,羊,MLA NLRS Slaughter Goat 全国月度汇总,2025-09-01,291795.0,头,月度,MLA Statistics API / NLRS,澳洲,MLA Statistics API report/10 NLRS Slaughter；州级周度屠宰数默认汇总为全国月度。
au,羊,MLA NLRS Slaughter Goat 全国月度汇总,2025-10-01,378274.0,头,月度,MLA Statistics API / NLRS,澳洲,MLA Statistics API report/10 NLRS Slaughter；州级周度屠宰数默认汇总为全国月度。
au,羊,MLA NLRS Slaughter Goat 全国月度汇总,2025-11-01,347289.0,头,月度,MLA Statistics API / NLRS,澳洲,MLA Statistics API report/10 NLRS Slaughter；州级周度屠宰数默认汇总为全国月度。
au,羊,MLA NLRS Slaughter Goat 全国月度汇总,2025-12-01,314166.0,头,月度,MLA Statistics API / NLRS,澳洲,MLA Statistics API report/10 NLRS Slaughter；州级周度屠宰数默认汇总为全国月度。
au,羊,MLA NLRS Slaughter Goat 全国月度汇总,2026-01-01,283064.0,头,月度,MLA Statistics API / NLRS,澳洲,MLA Statistics API report/10 NLRS Slaughter；州级周度屠宰数默认汇总为全国月度。
au,羊,MLA NLRS Slaughter Goat 全国月度汇总,2026-02-01,275060.0,头,月度,MLA Statistics API / NLRS,澳洲,MLA Statistics API report/10 NLRS Slaughter；州级周度屠宰数默认汇总为全国月度。
au,羊,MLA NLRS Slaughter Goat 全国月度汇总,2026-03-01,232089.0,头,月度,MLA Statistics API / NLRS,澳洲,MLA Statistics API report/10 NLRS Slaughter；州级周度屠宰数默认汇总为全国月度。
au,羊,MLA NLRS Slaughter Goat 全国月度汇总,2026-04-01,229932.0,头,月度,MLA Statistics API / NLRS,澳洲,MLA Statistics API report/10 NLRS Slaughter；州级周度屠宰数默认汇总为全国月度。
au,羊,MLA NLRS Slaughter Goat 全国月度汇总,2026-05-01,311663.0,头,月度,MLA Statistics API / NLRS,澳洲,MLA Statistics API report/10 NLRS Slaughter；州级周度屠宰数默认汇总为全国月度。
au,羊,MLA NLRS Slaughter Goat 全国月度汇总,2026-06-01,164618.0,头,月度,MLA Statistics API / NLRS,澳洲,MLA Statistics API report/10 NLRS Slaughter；州级周度屠宰数默认汇总为全国月度。
au,羊,MLA NLRS Slaughter Goat 全国月度汇总,2026-07-01,236724.0,头,月度,MLA Statistics API / NLRS,澳洲,MLA Statistics API report/10 NLRS Slaughter；州级周度屠宰数默认汇总为全国月度。
au,羊,MLA NLRS Slaughter Lambs 全国月度汇总,2024-12-01,1512967.0,头,月度,MLA Statistics API / NLRS,澳洲,MLA Statistics API report/10 NLRS Slaughter；州级周度屠宰数默认汇总为全国月度。
au,羊,MLA NLRS Slaughter Lambs 全国月度汇总,2025-01-01,2121363.0,头,月度,MLA Statistics API / NLRS,澳洲,MLA Statistics API report/10 NLRS Slaughter；州级周度屠宰数默认汇总为全国月度。
au,羊,MLA NLRS Slaughter Lambs 全国月度汇总,2025-02-01,2000302.0,头,月度,MLA Statistics API / NLRS,澳洲,MLA Statistics API report/10 NLRS Slaughter；州级周度屠宰数默认汇总为全国月度。
au,羊,MLA NLRS Slaughter Lambs 全国月度汇总,2025-03-01,1969050.0,头,月度,MLA Statistics API / NLRS,澳洲,MLA Statistics API report/10 NLRS Slaughter；州级周度屠宰数默认汇总为全国月度。
au,羊,MLA NLRS Slaughter Lambs 全国月度汇总,2025-04-01,1772428.0,头,月度,MLA Statistics API / NLRS,澳洲,MLA Statistics API report/10 NLRS Slaughter；州级周度屠宰数默认汇总为全国月度。
au,羊,MLA NLRS Slaughter Lambs 全国月度汇总,2025-05-01,2508413.0,头,月度,MLA Statistics API / NLRS,澳洲,MLA Statistics API report/10 NLRS Slaughter；州级周度屠宰数默认汇总为全国月度。
au,羊,MLA NLRS Slaughter Lambs 全国月度汇总,2025-06-01,1699351.0,头,月度,MLA Statistics API / NLRS,澳洲,MLA Statistics API report/10 NLRS Slaughter；州级周度屠宰数默认汇总为全国月度。
au,羊,MLA NLRS Slaughter Lambs 全国月度汇总,2025-07-01,1494574.0,头,月度,MLA Statistics API / NLRS,澳洲,MLA Statistics API report/10 NLRS Slaughter；州级周度屠宰数默认汇总为全国月度。
au,羊,MLA NLRS Slaughter Lambs 全国月度汇总,2025-08-01,1756617.0,头,月度,MLA Statistics API / NLRS,澳洲,MLA Statistics API report/10 NLRS Slaughter；州级周度屠宰数默认汇总为全国月度。
au,羊,MLA NLRS Slaughter Lambs 全国月度汇总,2025-09-01,1464392.0,头,月度,MLA Statistics API / NLRS,澳洲,MLA Statistics API report/10 NLRS Slaughter；州级周度屠宰数默认汇总为全国月度。
au,羊,MLA NLRS Slaughter Lambs 全国月度汇总,2025-10-01,1934285.0,头,月度,MLA Statistics API / NLRS,澳洲,MLA Statistics API report/10 NLRS Slaughter；州级周度屠宰数默认汇总为全国月度。
au,羊,MLA NLRS Slaughter Lambs 全国月度汇总,2025-11-01,1658182.0,头,月度,MLA Statistics API / NLRS,澳洲,MLA Statistics API report/10 NLRS Slaughter；州级周度屠宰数默认汇总为全国月度。
au,羊,MLA NLRS Slaughter Lambs 全国月度汇总,2025-12-01,1492861.0,头,月度,MLA Statistics API / NLRS,澳洲,MLA Statistics API report/10 NLRS Slaughter；州级周度屠宰数默认汇总为全国月度。
au,羊,MLA NLRS Slaughter Lambs 全国月度汇总,2026-01-01,1841515.0,头,月度,MLA Statistics API / NLRS,澳洲,MLA Statistics API report/10 NLRS Slaughter；州级周度屠宰数默认汇总为全国月度。
au,羊,MLA NLRS Slaughter Lambs 全国月度汇总,2026-02-01,1803459.0,头,月度,MLA Statistics API / NLRS,澳洲,MLA Statistics API report/10 NLRS Slaughter；州级周度屠宰数默认汇总为全国月度。
au,羊,MLA NLRS Slaughter Lambs 全国月度汇总,2026-03-01,1612959.0,头,月度,MLA Statistics API / NLRS,澳洲,MLA Statistics API report/10 NLRS Slaughter；州级周度屠宰数默认汇总为全国月度。
au,羊,MLA NLRS Slaughter Lambs 全国月度汇总,2026-04-01,1507798.0,头,月度,MLA Statistics API / NLRS,澳洲,MLA Statistics API report/10 NLRS Slaughter；州级周度屠宰数默认汇总为全国月度。
au,羊,MLA NLRS Slaughter Lambs 全国月度汇总,2026-05-01,1938973.0,头,月度,MLA Statistics API / NLRS,澳洲,MLA Statistics API report/10 NLRS Slaughter；州级周度屠宰数默认汇总为全国月度。
au,羊,MLA NLRS Slaughter Lambs 全国月度汇总,2026-06-01,1469395.0,头,月度,MLA Statistics API / NLRS,澳洲,MLA Statistics API report/10 NLRS Slaughter；州级周度屠宰数默认汇总为全国月度。
au,羊,MLA NLRS Slaughter Lambs 全国月度汇总,2026-07-01,1652883.0,头,月度,MLA Statistics API / NLRS,澳洲,MLA Statistics API report/10 NLRS Slaughter；州级周度屠宰数默认汇总为全国月度。
au,羊,MLA NLRS Slaughter Sheep 全国月度汇总,2024-12-01,743554.0,头,月度,MLA Statistics API / NLRS,澳洲,MLA Statistics API report/10 NLRS Slaughter；州级周度屠宰数默认汇总为全国月度。
au,羊,MLA NLRS Slaughter Sheep 全国月度汇总,2025-01-01,860728.0,头,月度,MLA Statistics API / NLRS,澳洲,MLA Statistics API report/10 NLRS Slaughter；州级周度屠宰数默认汇总为全国月度。
au,羊,MLA NLRS Slaughter Sheep 全国月度汇总,2025-02-01,887058.0,头,月度,MLA Statistics API / NLRS,澳洲,MLA Statistics API report/10 NLRS Slaughter；州级周度屠宰数默认汇总为全国月度。
au,羊,MLA NLRS Slaughter Sheep 全国月度汇总,2025-03-01,821469.0,头,月度,MLA Statistics API / NLRS,澳洲,MLA Statistics API report/10 NLRS Slaughter；州级周度屠宰数默认汇总为全国月度。
au,羊,MLA NLRS Slaughter Sheep 全国月度汇总,2025-04-01,667478.0,头,月度,MLA Statistics API / NLRS,澳洲,MLA Statistics API report/10 NLRS Slaughter；州级周度屠宰数默认汇总为全国月度。
au,羊,MLA NLRS Slaughter Sheep 全国月度汇总,2025-05-01,912652.0,头,月度,MLA Statistics API / NLRS,澳洲,MLA Statistics API report/10 NLRS Slaughter；州级周度屠宰数默认汇总为全国月度。
au,羊,MLA NLRS Slaughter Sheep 全国月度汇总,2025-06-01,633679.0,头,月度,MLA Statistics API / NLRS,澳洲,MLA Statistics API report/10 NLRS Slaughter；州级周度屠宰数默认汇总为全国月度。
au,羊,MLA NLRS Slaughter Sheep 全国月度汇总,2025-07-01,381254.0,头,月度,MLA Statistics API / NLRS,澳洲,MLA Statistics API report/10 NLRS Slaughter；州级周度屠宰数默认汇总为全国月度。
au,羊,MLA NLRS Slaughter Sheep 全国月度汇总,2025-08-01,706716.0,头,月度,MLA Statistics API / NLRS,澳洲,MLA Statistics API report/10 NLRS Slaughter；州级周度屠宰数默认汇总为全国月度。
au,羊,MLA NLRS Slaughter Sheep 全国月度汇总,2025-09-01,598355.0,头,月度,MLA Statistics API / NLRS,澳洲,MLA Statistics API report/10 NLRS Slaughter；州级周度屠宰数默认汇总为全国月度。
au,羊,MLA NLRS Slaughter Sheep 全国月度汇总,2025-10-01,862540.0,头,月度,MLA Statistics API / NLRS,澳洲,MLA Statistics API report/10 NLRS Slaughter；州级周度屠宰数默认汇总为全国月度。
au,羊,MLA NLRS Slaughter Sheep 全国月度汇总,2025-11-01,732872.0,头,月度,MLA Statistics API / NLRS,澳洲,MLA Statistics API report/10 NLRS Slaughter；州级周度屠宰数默认汇总为全国月度。
au,羊,MLA NLRS Slaughter Sheep 全国月度汇总,2025-12-01,627455.0,头,月度,MLA Statistics API / NLRS,澳洲,MLA Statistics API report/10 NLRS Slaughter；州级周度屠宰数默认汇总为全国月度。
au,羊,MLA NLRS Slaughter Sheep 全国月度汇总,2026-01-01,607660.0,头,月度,MLA Statistics API / NLRS,澳洲,MLA Statistics API report/10 NLRS Slaughter；州级周度屠宰数默认汇总为全国月度。
au,羊,MLA NLRS Slaughter Sheep 全国月度汇总,2026-02-01,632529.0,头,月度,MLA Statistics API / NLRS,澳洲,MLA Statistics API report/10 NLRS Slaughter；州级周度屠宰数默认汇总为全国月度。
au,羊,MLA NLRS Slaughter Sheep 全国月度汇总,2026-03-01,464831.0,头,月度,MLA Statistics API / NLRS,澳洲,MLA Statistics API report/10 NLRS Slaughter；州级周度屠宰数默认汇总为全国月度。
au,羊,MLA NLRS Slaughter Sheep 全国月度汇总,2026-04-01,383614.0,头,月度,MLA Statistics API / NLRS,澳洲,MLA Statistics API report/10 NLRS Slaughter；州级周度屠宰数默认汇总为全国月度。
au,羊,MLA NLRS Slaughter Sheep 全国月度汇总,2026-05-01,510162.0,头,月度,MLA Statistics API / NLRS,澳洲,MLA Statistics API report/10 NLRS Slaughter；州级周度屠宰数默认汇总为全国月度。
au,羊,MLA NLRS Slaughter Sheep 全国月度汇总,2026-06-01,250344.0,头,月度,MLA Statistics API / NLRS,澳洲,MLA Statistics API report/10 NLRS Slaughter；州级周度屠宰数默认汇总为全国月度。
au,羊,MLA NLRS Slaughter Sheep 全国月度汇总,2026-07-01,264977.0,头,月度,MLA Statistics API / NLRS,澳洲,MLA Statistics API report/10 NLRS Slaughter；州级周度屠宰数默认汇总为全国月度。
au,羊,MLA National Heavy Lamb Indicator,2024-12-01,925.729092407472,A¢/kg cwt,月度,MLA Statistics API / NLRS,澳洲,MLA Statistics API report/5 Australian Livestock Indicators；日度指标按月平均。EYCI/NYCI成交头数不使用该密集日历序列。
au,羊,MLA National Heavy Lamb Indicator,2025-01-01,821.3389896030577,A¢/kg cwt,月度,MLA Statistics API / NLRS,澳洲,MLA Statistics API report/5 Australian Livestock Indicators；日度指标按月平均。EYCI/NYCI成交头数不使用该密集日历序列。
au,羊,MLA National Heavy Lamb Indicator,2025-02-01,796.3492863944929,A¢/kg cwt,月度,MLA Statistics API / NLRS,澳洲,MLA Statistics API report/5 Australian Livestock Indicators；日度指标按月平均。EYCI/NYCI成交头数不使用该密集日历序列。
au,羊,MLA National Heavy Lamb Indicator,2025-03-01,797.6658102366871,A¢/kg cwt,月度,MLA Statistics API / NLRS,澳洲,MLA Statistics API report/5 Australian Livestock Indicators；日度指标按月平均。EYCI/NYCI成交头数不使用该密集日历序列。
au,羊,MLA National Heavy Lamb Indicator,2025-04-01,821.4687308760866,A¢/kg cwt,月度,MLA Statistics API / NLRS,澳洲,MLA Statistics API report/5 Australian Livestock Indicators；日度指标按月平均。EYCI/NYCI成交头数不使用该密集日历序列。
au,羊,MLA National Heavy Lamb Indicator,2025-05-01,885.551694867242,A¢/kg cwt,月度,MLA Statistics API / NLRS,澳洲,MLA Statistics API report/5 Australian Livestock Indicators；日度指标按月平均。EYCI/NYCI成交头数不使用该密集日历序列。
au,羊,MLA National Heavy Lamb Indicator,2025-06-01,1024.4063994119467,A¢/kg cwt,月度,MLA Statistics API / NLRS,澳洲,MLA Statistics API report/5 Australian Livestock Indicators；日度指标按月平均。EYCI/NYCI成交头数不使用该密集日历序列。
au,羊,MLA National Heavy Lamb Indicator,2025-07-01,1144.2464803288258,A¢/kg cwt,月度,MLA Statistics API / NLRS,澳洲,MLA Statistics API report/5 Australian Livestock Indicators；日度指标按月平均。EYCI/NYCI成交头数不使用该密集日历序列。
au,羊,MLA National Heavy Lamb Indicator,2025-08-01,1180.577886051797,A¢/kg cwt,月度,MLA Statistics API / NLRS,澳洲,MLA Statistics API report/5 Australian Livestock Indicators；日度指标按月平均。EYCI/NYCI成交头数不使用该密集日历序列。
au,羊,MLA National Heavy Lamb Indicator,2025-09-01,1160.05044488021,A¢/kg cwt,月度,MLA Statistics API / NLRS,澳洲,MLA Statistics API report/5 Australian Livestock Indicators；日度指标按月平均。EYCI/NYCI成交头数不使用该密集日历序列。
au,羊,MLA National Heavy Lamb Indicator,2025-10-01,1086.8164065850515,A¢/kg cwt,月度,MLA Statistics API / NLRS,澳洲,MLA Statistics API report/5 Australian Livestock Indicators；日度指标按月平均。EYCI/NYCI成交头数不使用该密集日历序列。
au,羊,MLA National Heavy Lamb Indicator,2025-11-01,1141.68661546932,A¢/kg cwt,月度,MLA Statistics API / NLRS,澳洲,MLA Statistics API report/5 Australian Livestock Indicators；日度指标按月平均。EYCI/NYCI成交头数不使用该密集日历序列。
au,羊,MLA National Heavy Lamb Indicator,2025-12-01,1081.4410831055168,A¢/kg cwt,月度,MLA Statistics API / NLRS,澳洲,MLA Statistics API report/5 Australian Livestock Indicators；日度指标按月平均。EYCI/NYCI成交头数不使用该密集日历序列。
au,羊,MLA National Heavy Lamb Indicator,2026-01-01,1061.9676358557963,A¢/kg cwt,月度,MLA Statistics API / NLRS,澳洲,MLA Statistics API report/5 Australian Livestock Indicators；日度指标按月平均。EYCI/NYCI成交头数不使用该密集日历序列。
au,羊,MLA National Heavy Lamb Indicator,2026-02-01,1074.6932828885929,A¢/kg cwt,月度,MLA Statistics API / NLRS,澳洲,MLA Statistics API report/5 Australian Livestock Indicators；日度指标按月平均。EYCI/NYCI成交头数不使用该密集日历序列。
au,羊,MLA National Heavy Lamb Indicator,2026-03-01,1107.5784577226257,A¢/kg cwt,月度,MLA Statistics API / NLRS,澳洲,MLA Statistics API report/5 Australian Livestock Indicators；日度指标按月平均。EYCI/NYCI成交头数不使用该密集日历序列。
au,羊,MLA National Heavy Lamb Indicator,2026-04-01,1127.0798344239931,A¢/kg cwt,月度,MLA Statistics API / NLRS,澳洲,MLA Statistics API report/5 Australian Livestock Indicators；日度指标按月平均。EYCI/NYCI成交头数不使用该密集日历序列。
au,羊,MLA National Heavy Lamb Indicator,2026-05-01,1090.1265524061678,A¢/kg cwt,月度,MLA Statistics API / NLRS,澳洲,MLA Statistics API report/5 Australian Livestock Indicators；日度指标按月平均。EYCI/NYCI成交头数不使用该密集日历序列。
au,羊,MLA National Heavy Lamb Indicator,2026-06-01,1128.8526387144734,A¢/kg cwt,月度,MLA Statistics API / NLRS,澳洲,MLA Statistics API report/5 Australian Livestock Indicators；日度指标按月平均。EYCI/NYCI成交头数不使用该密集日历序列。
au,羊,MLA National Heavy Lamb Indicator,2026-07-01,1142.1336732162647,A¢/kg cwt,月度,MLA Statistics API / NLRS,澳洲,MLA Statistics API report/5 Australian Livestock Indicators；日度指标按月平均。EYCI/NYCI成交头数不使用该密集日历序列。
au,羊,MLA National Light Lamb Indicator,2024-12-01,779.238928686688,A¢/kg cwt,月度,MLA Statistics API / NLRS,澳洲,MLA Statistics API report/5 Australian Livestock Indicators；日度指标按月平均。EYCI/NYCI成交头数不使用该密集日历序列。
au,羊,MLA National Light Lamb Indicator,2025-01-01,721.0498182915616,A¢/kg cwt,月度,MLA Statistics API / NLRS,澳洲,MLA Statistics API report/5 Australian Livestock Indicators；日度指标按月平均。EYCI/NYCI成交头数不使用该密集日历序列。
au,羊,MLA National Light Lamb Indicator,2025-02-01,687.2073495583536,A¢/kg cwt,月度,MLA Statistics API / NLRS,澳洲,MLA Statistics API report/5 Australian Livestock Indicators；日度指标按月平均。EYCI/NYCI成交头数不使用该密集日历序列。
au,羊,MLA National Light Lamb Indicator,2025-03-01,713.7178160317549,A¢/kg cwt,月度,MLA Statistics API / NLRS,澳洲,MLA Statistics API report/5 Australian Livestock Indicators；日度指标按月平均。EYCI/NYCI成交头数不使用该密集日历序列。
au,羊,MLA National Light Lamb Indicator,2025-04-01,710.79356652488,A¢/kg cwt,月度,MLA Statistics API / NLRS,澳洲,MLA Statistics API report/5 Australian Livestock Indicators；日度指标按月平均。EYCI/NYCI成交头数不使用该密集日历序列。
au,羊,MLA National Light Lamb Indicator,2025-05-01,767.1445433188645,A¢/kg cwt,月度,MLA Statistics API / NLRS,澳洲,MLA Statistics API report/5 Australian Livestock Indicators；日度指标按月平均。EYCI/NYCI成交头数不使用该密集日历序列。
au,羊,MLA National Light Lamb Indicator,2025-06-01,904.6873704634901,A¢/kg cwt,月度,MLA Statistics API / NLRS,澳洲,MLA Statistics API report/5 Australian Livestock Indicators；日度指标按月平均。EYCI/NYCI成交头数不使用该密集日历序列。
au,羊,MLA National Light Lamb Indicator,2025-07-01,975.1719313854387,A¢/kg cwt,月度,MLA Statistics API / NLRS,澳洲,MLA Statistics API report/5 Australian Livestock Indicators；日度指标按月平均。EYCI/NYCI成交头数不使用该密集日历序列。
au,羊,MLA National Light Lamb Indicator,2025-08-01,992.9364146562614,A¢/kg cwt,月度,MLA Statistics API / NLRS,澳洲,MLA Statistics API report/5 Australian Livestock Indicators；日度指标按月平均。EYCI/NYCI成交头数不使用该密集日历序列。
au,羊,MLA National Light Lamb Indicator,2025-09-01,1051.92731449213,A¢/kg cwt,月度,MLA Statistics API / NLRS,澳洲,MLA Statistics API report/5 Australian Livestock Indicators；日度指标按月平均。EYCI/NYCI成交头数不使用该密集日历序列。
au,羊,MLA National Light Lamb Indicator,2025-10-01,1015.6817018425064,A¢/kg cwt,月度,MLA Statistics API / NLRS,澳洲,MLA Statistics API report/5 Australian Livestock Indicators；日度指标按月平均。EYCI/NYCI成交头数不使用该密集日历序列。
au,羊,MLA National Light Lamb Indicator,2025-11-01,1051.6642280852732,A¢/kg cwt,月度,MLA Statistics API / NLRS,澳洲,MLA Statistics API report/5 Australian Livestock Indicators；日度指标按月平均。EYCI/NYCI成交头数不使用该密集日历序列。
au,羊,MLA National Light Lamb Indicator,2025-12-01,1040.7450081911084,A¢/kg cwt,月度,MLA Statistics API / NLRS,澳洲,MLA Statistics API report/5 Australian Livestock Indicators；日度指标按月平均。EYCI/NYCI成交头数不使用该密集日历序列。
au,羊,MLA National Light Lamb Indicator,2026-01-01,1035.615854329426,A¢/kg cwt,月度,MLA Statistics API / NLRS,澳洲,MLA Statistics API report/5 Australian Livestock Indicators；日度指标按月平均。EYCI/NYCI成交头数不使用该密集日历序列。
au,羊,MLA National Light Lamb Indicator,2026-02-01,1080.843238820293,A¢/kg cwt,月度,MLA Statistics API / NLRS,澳洲,MLA Statistics API report/5 Australian Livestock Indicators；日度指标按月平均。EYCI/NYCI成交头数不使用该密集日历序列。
au,羊,MLA National Light Lamb Indicator,2026-03-01,1108.3561560312517,A¢/kg cwt,月度,MLA Statistics API / NLRS,澳洲,MLA Statistics API report/5 Australian Livestock Indicators；日度指标按月平均。EYCI/NYCI成交头数不使用该密集日历序列。
au,羊,MLA National Light Lamb Indicator,2026-04-01,1146.2122552354233,A¢/kg cwt,月度,MLA Statistics API / NLRS,澳洲,MLA Statistics API report/5 Australian Livestock Indicators；日度指标按月平均。EYCI/NYCI成交头数不使用该密集日历序列。
au,羊,MLA National Light Lamb Indicator,2026-05-01,1095.537492902516,A¢/kg cwt,月度,MLA Statistics API / NLRS,澳洲,MLA Statistics API report/5 Australian Livestock Indicators；日度指标按月平均。EYCI/NYCI成交头数不使用该密集日历序列。
au,羊,MLA National Light Lamb Indicator,2026-06-01,1139.5061323551165,A¢/kg cwt,月度,MLA Statistics API / NLRS,澳洲,MLA Statistics API report/5 Australian Livestock Indicators；日度指标按月平均。EYCI/NYCI成交头数不使用该密集日历序列。
au,羊,MLA National Light Lamb Indicator,2026-07-01,1158.2898304163386,A¢/kg cwt,月度,MLA Statistics API / NLRS,澳洲,MLA Statistics API report/5 Australian Livestock Indicators；日度指标按月平均。EYCI/NYCI成交头数不使用该密集日历序列。
au,羊,MLA National Merino Lamb Indicator,2024-12-01,665.2101304580708,A¢/kg cwt,月度,MLA Statistics API / NLRS,澳洲,MLA Statistics API report/5 Australian Livestock Indicators；日度指标按月平均。EYCI/NYCI成交头数不使用该密集日历序列。
au,羊,MLA National Merino Lamb Indicator,2025-01-01,619.4049527866846,A¢/kg cwt,月度,MLA Statistics API / NLRS,澳洲,MLA Statistics API report/5 Australian Livestock Indicators；日度指标按月平均。EYCI/NYCI成交头数不使用该密集日历序列。
au,羊,MLA National Merino Lamb Indicator,2025-02-01,610.8080135449536,A¢/kg cwt,月度,MLA Statistics API / NLRS,澳洲,MLA Statistics API report/5 Australian Livestock Indicators；日度指标按月平均。EYCI/NYCI成交头数不使用该密集日历序列。
au,羊,MLA National Merino Lamb Indicator,2025-03-01,644.7164239299419,A¢/kg cwt,月度,MLA Statistics API / NLRS,澳洲,MLA Statistics API report/5 Australian Livestock Indicators；日度指标按月平均。EYCI/NYCI成交头数不使用该密集日历序列。
au,羊,MLA National Merino Lamb Indicator,2025-04-01,669.45111312803,A¢/kg cwt,月度,MLA Statistics API / NLRS,澳洲,MLA Statistics API report/5 Australian Livestock Indicators；日度指标按月平均。EYCI/NYCI成交头数不使用该密集日历序列。
au,羊,MLA National Merino Lamb Indicator,2025-05-01,730.8776408034936,A¢/kg cwt,月度,MLA Statistics API / NLRS,澳洲,MLA Statistics API report/5 Australian Livestock Indicators；日度指标按月平均。EYCI/NYCI成交头数不使用该密集日历序列。
au,羊,MLA National Merino Lamb Indicator,2025-06-01,851.42590607736,A¢/kg cwt,月度,MLA Statistics API / NLRS,澳洲,MLA Statistics API report/5 Australian Livestock Indicators；日度指标按月平均。EYCI/NYCI成交头数不使用该密集日历序列。
au,羊,MLA National Merino Lamb Indicator,2025-07-01,957.3834790168065,A¢/kg cwt,月度,MLA Statistics API / NLRS,澳洲,MLA Statistics API report/5 Australian Livestock Indicators；日度指标按月平均。EYCI/NYCI成交头数不使用该密集日历序列。
au,羊,MLA National Merino Lamb Indicator,2025-08-01,1016.0558403395258,A¢/kg cwt,月度,MLA Statistics API / NLRS,澳洲,MLA Statistics API report/5 Australian Livestock Indicators；日度指标按月平均。EYCI/NYCI成交头数不使用该密集日历序列。
au,羊,MLA National Merino Lamb Indicator,2025-09-01,1051.8883870625566,A¢/kg cwt,月度,MLA Statistics API / NLRS,澳洲,MLA Statistics API report/5 Australian Livestock Indicators；日度指标按月平均。EYCI/NYCI成交头数不使用该密集日历序列。
au,羊,MLA National Merino Lamb Indicator,2025-10-01,970.1623449247903,A¢/kg cwt,月度,MLA Statistics API / NLRS,澳洲,MLA Statistics API report/5 Australian Livestock Indicators；日度指标按月平均。EYCI/NYCI成交头数不使用该密集日历序列。
au,羊,MLA National Merino Lamb Indicator,2025-11-01,988.6460472968599,A¢/kg cwt,月度,MLA Statistics API / NLRS,澳洲,MLA Statistics API report/5 Australian Livestock Indicators；日度指标按月平均。EYCI/NYCI成交头数不使用该密集日历序列。
au,羊,MLA National Merino Lamb Indicator,2025-12-01,963.1128883708375,A¢/kg cwt,月度,MLA Statistics API / NLRS,澳洲,MLA Statistics API report/5 Australian Livestock Indicators；日度指标按月平均。EYCI/NYCI成交头数不使用该密集日历序列。
au,羊,MLA National Merino Lamb Indicator,2026-01-01,989.3600328209482,A¢/kg cwt,月度,MLA Statistics API / NLRS,澳洲,MLA Statistics API report/5 Australian Livestock Indicators；日度指标按月平均。EYCI/NYCI成交头数不使用该密集日历序列。
au,羊,MLA National Merino Lamb Indicator,2026-02-01,1006.6431351179108,A¢/kg cwt,月度,MLA Statistics API / NLRS,澳洲,MLA Statistics API report/5 Australian Livestock Indicators；日度指标按月平均。EYCI/NYCI成交头数不使用该密集日历序列。
au,羊,MLA National Merino Lamb Indicator,2026-03-01,1061.180818337332,A¢/kg cwt,月度,MLA Statistics API / NLRS,澳洲,MLA Statistics API report/5 Australian Livestock Indicators；日度指标按月平均。EYCI/NYCI成交头数不使用该密集日历序列。
au,羊,MLA National Merino Lamb Indicator,2026-04-01,1087.4782766672333,A¢/kg cwt,月度,MLA Statistics API / NLRS,澳洲,MLA Statistics API report/5 Australian Livestock Indicators；日度指标按月平均。EYCI/NYCI成交头数不使用该密集日历序列。
au,羊,MLA National Merino Lamb Indicator,2026-05-01,1054.5121707112162,A¢/kg cwt,月度,MLA Statistics API / NLRS,澳洲,MLA Statistics API report/5 Australian Livestock Indicators；日度指标按月平均。EYCI/NYCI成交头数不使用该密集日历序列。
au,羊,MLA National Merino Lamb Indicator,2026-06-01,1114.2969813281402,A¢/kg cwt,月度,MLA Statistics API / NLRS,澳洲,MLA Statistics API report/5 Australian Livestock Indicators；日度指标按月平均。EYCI/NYCI成交头数不使用该密集日历序列。
au,羊,MLA National Merino Lamb Indicator,2026-07-01,1131.2082192928258,A¢/kg cwt,月度,MLA Statistics API / NLRS,澳洲,MLA Statistics API report/5 Australian Livestock Indicators；日度指标按月平均。EYCI/NYCI成交头数不使用该密集日历序列。
au,羊,MLA National Mutton Indicator,2024-12-01,381.241773463736,A¢/kg cwt,月度,MLA Statistics API / NLRS,澳洲,MLA Statistics API report/5 Australian Livestock Indicators；日度指标按月平均。EYCI/NYCI成交头数不使用该密集日历序列。
au,羊,MLA National Mutton Indicator,2025-01-01,379.11819823572307,A¢/kg cwt,月度,MLA Statistics API / NLRS,澳洲,MLA Statistics API report/5 Australian Livestock Indicators；日度指标按月平均。EYCI/NYCI成交头数不使用该密集日历序列。
au,羊,MLA National Mutton Indicator,2025-02-01,361.95290052978214,A¢/kg cwt,月度,MLA Statistics API / NLRS,澳洲,MLA Statistics API report/5 Australian Livestock Indicators；日度指标按月平均。EYCI/NYCI成交头数不使用该密集日历序列。
au,羊,MLA National Mutton Indicator,2025-03-01,404.78847021593873,A¢/kg cwt,月度,MLA Statistics API / NLRS,澳洲,MLA Statistics API report/5 Australian Livestock Indicators；日度指标按月平均。EYCI/NYCI成交头数不使用该密集日历序列。
au,羊,MLA National Mutton Indicator,2025-04-01,504.9658754643933,A¢/kg cwt,月度,MLA Statistics API / NLRS,澳洲,MLA Statistics API report/5 Australian Livestock Indicators；日度指标按月平均。EYCI/NYCI成交头数不使用该密集日历序列。
au,羊,MLA National Mutton Indicator,2025-05-01,564.8448037646451,A¢/kg cwt,月度,MLA Statistics API / NLRS,澳洲,MLA Statistics API report/5 Australian Livestock Indicators；日度指标按月平均。EYCI/NYCI成交头数不使用该密集日历序列。
au,羊,MLA National Mutton Indicator,2025-06-01,651.7719509446566,A¢/kg cwt,月度,MLA Statistics API / NLRS,澳洲,MLA Statistics API report/5 Australian Livestock Indicators；日度指标按月平均。EYCI/NYCI成交头数不使用该密集日历序列。
au,羊,MLA National Mutton Indicator,2025-07-01,694.2433466117549,A¢/kg cwt,月度,MLA Statistics API / NLRS,澳洲,MLA Statistics API report/5 Australian Livestock Indicators；日度指标按月平均。EYCI/NYCI成交头数不使用该密集日历序列。
au,羊,MLA National Mutton Indicator,2025-08-01,737.6019061983968,A¢/kg cwt,月度,MLA Statistics API / NLRS,澳洲,MLA Statistics API report/5 Australian Livestock Indicators；日度指标按月平均。EYCI/NYCI成交头数不使用该密集日历序列。
au,羊,MLA National Mutton Indicator,2025-09-01,748.0820385714734,A¢/kg cwt,月度,MLA Statistics API / NLRS,澳洲,MLA Statistics API report/5 Australian Livestock Indicators；日度指标按月平均。EYCI/NYCI成交头数不使用该密集日历序列。
au,羊,MLA National Mutton Indicator,2025-10-01,733.6002403994515,A¢/kg cwt,月度,MLA Statistics API / NLRS,澳洲,MLA Statistics API report/5 Australian Livestock Indicators；日度指标按月平均。EYCI/NYCI成交头数不使用该密集日历序列。
au,羊,MLA National Mutton Indicator,2025-11-01,742.17345424125,A¢/kg cwt,月度,MLA Statistics API / NLRS,澳洲,MLA Statistics API report/5 Australian Livestock Indicators；日度指标按月平均。EYCI/NYCI成交头数不使用该密集日历序列。
au,羊,MLA National Mutton Indicator,2025-12-01,737.2625924668833,A¢/kg cwt,月度,MLA Statistics API / NLRS,澳洲,MLA Statistics API report/5 Australian Livestock Indicators；日度指标按月平均。EYCI/NYCI成交头数不使用该密集日历序列。
au,羊,MLA National Mutton Indicator,2026-01-01,753.1781549038889,A¢/kg cwt,月度,MLA Statistics API / NLRS,澳洲,MLA Statistics API report/5 Australian Livestock Indicators；日度指标按月平均。EYCI/NYCI成交头数不使用该密集日历序列。
au,羊,MLA National Mutton Indicator,2026-02-01,769.5640142278786,A¢/kg cwt,月度,MLA Statistics API / NLRS,澳洲,MLA Statistics API report/5 Australian Livestock Indicators；日度指标按月平均。EYCI/NYCI成交头数不使用该密集日历序列。
au,羊,MLA National Mutton Indicator,2026-03-01,796.2755409105451,A¢/kg cwt,月度,MLA Statistics API / NLRS,澳洲,MLA Statistics API report/5 Australian Livestock Indicators；日度指标按月平均。EYCI/NYCI成交头数不使用该密集日历序列。
au,羊,MLA National Mutton Indicator,2026-04-01,803.9272066788301,A¢/kg cwt,月度,MLA Statistics API / NLRS,澳洲,MLA Statistics API report/5 Australian Livestock Indicators；日度指标按月平均。EYCI/NYCI成交头数不使用该密集日历序列。
au,羊,MLA National Mutton Indicator,2026-05-01,794.7557874258258,A¢/kg cwt,月度,MLA Statistics API / NLRS,澳洲,MLA Statistics API report/5 Australian Livestock Indicators；日度指标按月平均。EYCI/NYCI成交头数不使用该密集日历序列。
au,羊,MLA National Mutton Indicator,2026-06-01,878.01647739471,A¢/kg cwt,月度,MLA Statistics API / NLRS,澳洲,MLA Statistics API report/5 Australian Livestock Indicators；日度指标按月平均。EYCI/NYCI成交头数不使用该密集日历序列。
au,羊,MLA National Mutton Indicator,2026-07-01,905.0656389801742,A¢/kg cwt,月度,MLA Statistics API / NLRS,澳洲,MLA Statistics API report/5 Australian Livestock Indicators；日度指标按月平均。EYCI/NYCI成交头数不使用该密集日历序列。
au,羊,MLA National Restocker Lamb Indicator,2024-12-01,745.5439892756241,A¢/kg cwt,月度,MLA Statistics API / NLRS,澳洲,MLA Statistics API report/5 Australian Livestock Indicators；日度指标按月平均。EYCI/NYCI成交头数不使用该密集日历序列。
au,羊,MLA National Restocker Lamb Indicator,2025-01-01,725.3051736191308,A¢/kg cwt,月度,MLA Statistics API / NLRS,澳洲,MLA Statistics API report/5 Australian Livestock Indicators；日度指标按月平均。EYCI/NYCI成交头数不使用该密集日历序列。
au,羊,MLA National Restocker Lamb Indicator,2025-02-01,689.5275652174607,A¢/kg cwt,月度,MLA Statistics API / NLRS,澳洲,MLA Statistics API report/5 Australian Livestock Indicators；日度指标按月平均。EYCI/NYCI成交头数不使用该密集日历序列。
au,羊,MLA National Restocker Lamb Indicator,2025-03-01,718.4566520372613,A¢/kg cwt,月度,MLA Statistics API / NLRS,澳洲,MLA Statistics API report/5 Australian Livestock Indicators；日度指标按月平均。EYCI/NYCI成交头数不使用该密集日历序列。
au,羊,MLA National Restocker Lamb Indicator,2025-04-01,757.2863261782367,A¢/kg cwt,月度,MLA Statistics API / NLRS,澳洲,MLA Statistics API report/5 Australian Livestock Indicators；日度指标按月平均。EYCI/NYCI成交头数不使用该密集日历序列。
au,羊,MLA National Restocker Lamb Indicator,2025-05-01,785.7809713381258,A¢/kg cwt,月度,MLA Statistics API / NLRS,澳洲,MLA Statistics API report/5 Australian Livestock Indicators；日度指标按月平均。EYCI/NYCI成交头数不使用该密集日历序列。
au,羊,MLA National Restocker Lamb Indicator,2025-06-01,887.9394087729834,A¢/kg cwt,月度,MLA Statistics API / NLRS,澳洲,MLA Statistics API report/5 Australian Livestock Indicators；日度指标按月平均。EYCI/NYCI成交头数不使用该密集日历序列。
au,羊,MLA National Restocker Lamb Indicator,2025-07-01,937.4052135953484,A¢/kg cwt,月度,MLA Statistics API / NLRS,澳洲,MLA Statistics API report/5 Australian Livestock Indicators；日度指标按月平均。EYCI/NYCI成交头数不使用该密集日历序列。
au,羊,MLA National Restocker Lamb Indicator,2025-08-01,1020.9084159225322,A¢/kg cwt,月度,MLA Statistics API / NLRS,澳洲,MLA Statistics API report/5 Australian Livestock Indicators；日度指标按月平均。EYCI/NYCI成交头数不使用该密集日历序列。
au,羊,MLA National Restocker Lamb Indicator,2025-09-01,1123.9035174403366,A¢/kg cwt,月度,MLA Statistics API / NLRS,澳洲,MLA Statistics API report/5 Australian Livestock Indicators；日度指标按月平均。EYCI/NYCI成交头数不使用该密集日历序列。
au,羊,MLA National Restocker Lamb Indicator,2025-10-01,1076.531808808558,A¢/kg cwt,月度,MLA Statistics API / NLRS,澳洲,MLA Statistics API report/5 Australian Livestock Indicators；日度指标按月平均。EYCI/NYCI成交头数不使用该密集日历序列。
au,羊,MLA National Restocker Lamb Indicator,2025-11-01,1124.1736330826568,A¢/kg cwt,月度,MLA Statistics API / NLRS,澳洲,MLA Statistics API report/5 Australian Livestock Indicators；日度指标按月平均。EYCI/NYCI成交头数不使用该密集日历序列。
au,羊,MLA National Restocker Lamb Indicator,2025-12-01,1089.5426249171376,A¢/kg cwt,月度,MLA Statistics API / NLRS,澳洲,MLA Statistics API report/5 Australian Livestock Indicators；日度指标按月平均。EYCI/NYCI成交头数不使用该密集日历序列。
au,羊,MLA National Restocker Lamb Indicator,2026-01-01,1087.6474783424185,A¢/kg cwt,月度,MLA Statistics API / NLRS,澳洲,MLA Statistics API report/5 Australian Livestock Indicators；日度指标按月平均。EYCI/NYCI成交头数不使用该密集日历序列。
au,羊,MLA National Restocker Lamb Indicator,2026-02-01,1110.780166687075,A¢/kg cwt,月度,MLA Statistics API / NLRS,澳洲,MLA Statistics API report/5 Australian Livestock Indicators；日度指标按月平均。EYCI/NYCI成交头数不使用该密集日历序列。
au,羊,MLA National Restocker Lamb Indicator,2026-03-01,1175.3891906403032,A¢/kg cwt,月度,MLA Statistics API / NLRS,澳洲,MLA Statistics API report/5 Australian Livestock Indicators；日度指标按月平均。EYCI/NYCI成交头数不使用该密集日历序列。
au,羊,MLA National Restocker Lamb Indicator,2026-04-01,1191.9230012911635,A¢/kg cwt,月度,MLA Statistics API / NLRS,澳洲,MLA Statistics API report/5 Australian Livestock Indicators；日度指标按月平均。EYCI/NYCI成交头数不使用该密集日历序列。
au,羊,MLA National Restocker Lamb Indicator,2026-05-01,1159.2665212904549,A¢/kg cwt,月度,MLA Statistics API / NLRS,澳洲,MLA Statistics API report/5 Australian Livestock Indicators；日度指标按月平均。EYCI/NYCI成交头数不使用该密集日历序列。
au,羊,MLA National Restocker Lamb Indicator,2026-06-01,1215.08816402207,A¢/kg cwt,月度,MLA Statistics API / NLRS,澳洲,MLA Statistics API report/5 Australian Livestock Indicators；日度指标按月平均。EYCI/NYCI成交头数不使用该密集日历序列。
au,羊,MLA National Restocker Lamb Indicator,2026-07-01,1192.6500593578162,A¢/kg cwt,月度,MLA Statistics API / NLRS,澳洲,MLA Statistics API report/5 Australian Livestock Indicators；日度指标按月平均。EYCI/NYCI成交头数不使用该密集日历序列。
au,羊,MLA National Trade Lamb Indicator,2024-12-01,878.8107541558879,A¢/kg cwt,月度,MLA Statistics API / NLRS,澳洲,MLA Statistics API report/5 Australian Livestock Indicators；日度指标按月平均。EYCI/NYCI成交头数不使用该密集日历序列。
au,羊,MLA National Trade Lamb Indicator,2025-01-01,797.469050830123,A¢/kg cwt,月度,MLA Statistics API / NLRS,澳洲,MLA Statistics API report/5 Australian Livestock Indicators；日度指标按月平均。EYCI/NYCI成交头数不使用该密集日历序列。
au,羊,MLA National Trade Lamb Indicator,2025-02-01,773.4907780153428,A¢/kg cwt,月度,MLA Statistics API / NLRS,澳洲,MLA Statistics API report/5 Australian Livestock Indicators；日度指标按月平均。EYCI/NYCI成交头数不使用该密集日历序列。
au,羊,MLA National Trade Lamb Indicator,2025-03-01,780.5048191204194,A¢/kg cwt,月度,MLA Statistics API / NLRS,澳洲,MLA Statistics API report/5 Australian Livestock Indicators；日度指标按月平均。EYCI/NYCI成交头数不使用该密集日历序列。
au,羊,MLA National Trade Lamb Indicator,2025-04-01,814.5351619080833,A¢/kg cwt,月度,MLA Statistics API / NLRS,澳洲,MLA Statistics API report/5 Australian Livestock Indicators；日度指标按月平均。EYCI/NYCI成交头数不使用该密集日历序列。
au,羊,MLA National Trade Lamb Indicator,2025-05-01,866.325863266158,A¢/kg cwt,月度,MLA Statistics API / NLRS,澳洲,MLA Statistics API report/5 Australian Livestock Indicators；日度指标按月平均。EYCI/NYCI成交头数不使用该密集日历序列。
au,羊,MLA National Trade Lamb Indicator,2025-06-01,1015.7761358874833,A¢/kg cwt,月度,MLA Statistics API / NLRS,澳洲,MLA Statistics API report/5 Australian Livestock Indicators；日度指标按月平均。EYCI/NYCI成交头数不使用该密集日历序列。
au,羊,MLA National Trade Lamb Indicator,2025-07-01,1150.3426341972677,A¢/kg cwt,月度,MLA Statistics API / NLRS,澳洲,MLA Statistics API report/5 Australian Livestock Indicators；日度指标按月平均。EYCI/NYCI成交头数不使用该密集日历序列。
au,羊,MLA National Trade Lamb Indicator,2025-08-01,1168.6257080517419,A¢/kg cwt,月度,MLA Statistics API / NLRS,澳洲,MLA Statistics API report/5 Australian Livestock Indicators；日度指标按月平均。EYCI/NYCI成交头数不使用该密集日历序列。
au,羊,MLA National Trade Lamb Indicator,2025-09-01,1174.8833383811266,A¢/kg cwt,月度,MLA Statistics API / NLRS,澳洲,MLA Statistics API report/5 Australian Livestock Indicators；日度指标按月平均。EYCI/NYCI成交头数不使用该密集日历序列。
au,羊,MLA National Trade Lamb Indicator,2025-10-01,1102.1878379037291,A¢/kg cwt,月度,MLA Statistics API / NLRS,澳洲,MLA Statistics API report/5 Australian Livestock Indicators；日度指标按月平均。EYCI/NYCI成交头数不使用该密集日历序列。
au,羊,MLA National Trade Lamb Indicator,2025-11-01,1129.2985281538233,A¢/kg cwt,月度,MLA Statistics API / NLRS,澳洲,MLA Statistics API report/5 Australian Livestock Indicators；日度指标按月平均。EYCI/NYCI成交头数不使用该密集日历序列。
au,羊,MLA National Trade Lamb Indicator,2025-12-01,1076.8384502259166,A¢/kg cwt,月度,MLA Statistics API / NLRS,澳洲,MLA Statistics API report/5 Australian Livestock Indicators；日度指标按月平均。EYCI/NYCI成交头数不使用该密集日历序列。
au,羊,MLA National Trade Lamb Indicator,2026-01-01,1080.2064912388703,A¢/kg cwt,月度,MLA Statistics API / NLRS,澳洲,MLA Statistics API report/5 Australian Livestock Indicators；日度指标按月平均。EYCI/NYCI成交头数不使用该密集日历序列。
au,羊,MLA National Trade Lamb Indicator,2026-02-01,1105.4339896699287,A¢/kg cwt,月度,MLA Statistics API / NLRS,澳洲,MLA Statistics API report/5 Australian Livestock Indicators；日度指标按月平均。EYCI/NYCI成交头数不使用该密集日历序列。
au,羊,MLA National Trade Lamb Indicator,2026-03-01,1155.2420021728,A¢/kg cwt,月度,MLA Statistics API / NLRS,澳洲,MLA Statistics API report/5 Australian Livestock Indicators；日度指标按月平均。EYCI/NYCI成交头数不使用该密集日历序列。
au,羊,MLA National Trade Lamb Indicator,2026-04-01,1187.38814791712,A¢/kg cwt,月度,MLA Statistics API / NLRS,澳洲,MLA Statistics API report/5 Australian Livestock Indicators；日度指标按月平均。EYCI/NYCI成交头数不使用该密集日历序列。
au,羊,MLA National Trade Lamb Indicator,2026-05-01,1161.2342463562743,A¢/kg cwt,月度,MLA Statistics API / NLRS,澳洲,MLA Statistics API report/5 Australian Livestock Indicators；日度指标按月平均。EYCI/NYCI成交头数不使用该密集日历序列。
au,羊,MLA National Trade Lamb Indicator,2026-06-01,1216.46110864657,A¢/kg cwt,月度,MLA Statistics API / NLRS,澳洲,MLA Statistics API report/5 Australian Livestock Indicators；日度指标按月平均。EYCI/NYCI成交头数不使用该密集日历序列。
au,羊,MLA National Trade Lamb Indicator,2026-07-01,1218.6635145149903,A¢/kg cwt,月度,MLA Statistics API / NLRS,澳洲,MLA Statistics API report/5 Australian Livestock Indicators；日度指标按月平均。EYCI/NYCI成交头数不使用该密集日历序列。
au,羊,MLA Online Lamb Indicator,2024-12-01,122.85017638064,$/head,月度,MLA Statistics API / NLRS,澳洲,MLA Statistics API report/5 Australian Livestock Indicators；日度指标按月平均。EYCI/NYCI成交头数不使用该密集日历序列。
au,羊,MLA Online Lamb Indicator,2025-01-01,120.61158504525599,$/head,月度,MLA Statistics API / NLRS,澳洲,MLA Statistics API report/5 Australian Livestock Indicators；日度指标按月平均。EYCI/NYCI成交头数不使用该密集日历序列。
au,羊,MLA Online Lamb Indicator,2025-02-01,118.392779357,$/head,月度,MLA Statistics API / NLRS,澳洲,MLA Statistics API report/5 Australian Livestock Indicators；日度指标按月平均。EYCI/NYCI成交头数不使用该密集日历序列。
au,羊,MLA Online Lamb Indicator,2025-03-01,126.62790822120645,$/head,月度,MLA Statistics API / NLRS,澳洲,MLA Statistics API report/5 Australian Livestock Indicators；日度指标按月平均。EYCI/NYCI成交头数不使用该密集日历序列。
au,羊,MLA Online Lamb Indicator,2025-04-01,130.14884034231667,$/head,月度,MLA Statistics API / NLRS,澳洲,MLA Statistics API report/5 Australian Livestock Indicators；日度指标按月平均。EYCI/NYCI成交头数不使用该密集日历序列。
au,羊,MLA Online Lamb Indicator,2025-05-01,144.3533194960258,$/head,月度,MLA Statistics API / NLRS,澳洲,MLA Statistics API report/5 Australian Livestock Indicators；日度指标按月平均。EYCI/NYCI成交头数不使用该密集日历序列。
au,羊,MLA Online Lamb Indicator,2025-06-01,151.90125511133664,$/head,月度,MLA Statistics API / NLRS,澳洲,MLA Statistics API report/5 Australian Livestock Indicators；日度指标按月平均。EYCI/NYCI成交头数不使用该密集日历序列。
au,羊,MLA Online Lamb Indicator,2025-07-01,165.0112909964355,$/head,月度,MLA Statistics API / NLRS,澳洲,MLA Statistics API report/5 Australian Livestock Indicators；日度指标按月平均。EYCI/NYCI成交头数不使用该密集日历序列。
au,羊,MLA Online Lamb Indicator,2025-08-01,177.39111899986776,$/head,月度,MLA Statistics API / NLRS,澳洲,MLA Statistics API report/5 Australian Livestock Indicators；日度指标按月平均。EYCI/NYCI成交头数不使用该密集日历序列。
au,羊,MLA Online Lamb Indicator,2025-09-01,188.16974292286667,$/head,月度,MLA Statistics API / NLRS,澳洲,MLA Statistics API report/5 Australian Livestock Indicators；日度指标按月平均。EYCI/NYCI成交头数不使用该密集日历序列。
au,羊,MLA Online Lamb Indicator,2025-10-01,182.4106617346419,$/head,月度,MLA Statistics API / NLRS,澳洲,MLA Statistics API report/5 Australian Livestock Indicators；日度指标按月平均。EYCI/NYCI成交头数不使用该密集日历序列。
au,羊,MLA Online Lamb Indicator,2025-11-01,196.97985969399332,$/head,月度,MLA Statistics API / NLRS,澳洲,MLA Statistics API report/5 Australian Livestock Indicators；日度指标按月平均。EYCI/NYCI成交头数不使用该密集日历序列。
au,羊,MLA Online Lamb Indicator,2025-12-01,193.46253601715185,$/head,月度,MLA Statistics API / NLRS,澳洲,MLA Statistics API report/5 Australian Livestock Indicators；日度指标按月平均。EYCI/NYCI成交头数不使用该密集日历序列。
au,羊,MLA Online Lamb Indicator,2026-01-01,192.8975926387258,$/head,月度,MLA Statistics API / NLRS,澳洲,MLA Statistics API report/5 Australian Livestock Indicators；日度指标按月平均。EYCI/NYCI成交头数不使用该密集日历序列。
au,羊,MLA Online Lamb Indicator,2026-02-01,198.76892922181074,$/head,月度,MLA Statistics API / NLRS,澳洲,MLA Statistics API report/5 Australian Livestock Indicators；日度指标按月平均。EYCI/NYCI成交头数不使用该密集日历序列。
au,羊,MLA Online Lamb Indicator,2026-03-01,212.1916427132032,$/head,月度,MLA Statistics API / NLRS,澳洲,MLA Statistics API report/5 Australian Livestock Indicators；日度指标按月平均。EYCI/NYCI成交头数不使用该密集日历序列。
au,羊,MLA Online Lamb Indicator,2026-04-01,217.00535145012333,$/head,月度,MLA Statistics API / NLRS,澳洲,MLA Statistics API report/5 Australian Livestock Indicators；日度指标按月平均。EYCI/NYCI成交头数不使用该密集日历序列。
au,羊,MLA Online Lamb Indicator,2026-05-01,208.8256601269,$/head,月度,MLA Statistics API / NLRS,澳洲,MLA Statistics API report/5 Australian Livestock Indicators；日度指标按月平均。EYCI/NYCI成交头数不使用该密集日历序列。
au,羊,MLA Online Lamb Indicator,2026-06-01,244.90388545991,$/head,月度,MLA Statistics API / NLRS,澳洲,MLA Statistics API report/5 Australian Livestock Indicators；日度指标按月平均。EYCI/NYCI成交头数不使用该密集日历序列。
au,羊,MLA Online Lamb Indicator,2026-07-01,245.61719807341612,$/head,月度,MLA Statistics API / NLRS,澳洲,MLA Statistics API report/5 Australian Livestock Indicators；日度指标按月平均。EYCI/NYCI成交头数不使用该密集日历序列。
au,羊,MLA Online Sheep Indicator,2024-12-01,150.708511179948,$/head,月度,MLA Statistics API / NLRS,澳洲,MLA Statistics API report/5 Australian Livestock Indicators；日度指标按月平均。EYCI/NYCI成交头数不使用该密集日历序列。
au,羊,MLA Online Sheep Indicator,2025-01-01,132.92520569844402,$/head,月度,MLA Statistics API / NLRS,澳洲,MLA Statistics API report/5 Australian Livestock Indicators；日度指标按月平均。EYCI/NYCI成交头数不使用该密集日历序列。
au,羊,MLA Online Sheep Indicator,2025-02-01,110.47534840124642,$/head,月度,MLA Statistics API / NLRS,澳洲,MLA Statistics API report/5 Australian Livestock Indicators；日度指标按月平均。EYCI/NYCI成交头数不使用该密集日历序列。
au,羊,MLA Online Sheep Indicator,2025-03-01,114.13252059417742,$/head,月度,MLA Statistics API / NLRS,澳洲,MLA Statistics API report/5 Australian Livestock Indicators；日度指标按月平均。EYCI/NYCI成交头数不使用该密集日历序列。
au,羊,MLA Online Sheep Indicator,2025-04-01,123.74786674879,$/head,月度,MLA Statistics API / NLRS,澳洲,MLA Statistics API report/5 Australian Livestock Indicators；日度指标按月平均。EYCI/NYCI成交头数不使用该密集日历序列。
au,羊,MLA Online Sheep Indicator,2025-05-01,128.82472943780968,$/head,月度,MLA Statistics API / NLRS,澳洲,MLA Statistics API report/5 Australian Livestock Indicators；日度指标按月平均。EYCI/NYCI成交头数不使用该密集日历序列。
au,羊,MLA Online Sheep Indicator,2025-06-01,126.53850133147667,$/head,月度,MLA Statistics API / NLRS,澳洲,MLA Statistics API report/5 Australian Livestock Indicators；日度指标按月平均。EYCI/NYCI成交头数不使用该密集日历序列。
au,羊,MLA Online Sheep Indicator,2025-07-01,176.48728928979676,$/head,月度,MLA Statistics API / NLRS,澳洲,MLA Statistics API report/5 Australian Livestock Indicators；日度指标按月平均。EYCI/NYCI成交头数不使用该密集日历序列。
au,羊,MLA Online Sheep Indicator,2025-08-01,223.31241552001936,$/head,月度,MLA Statistics API / NLRS,澳洲,MLA Statistics API report/5 Australian Livestock Indicators；日度指标按月平均。EYCI/NYCI成交头数不使用该密集日历序列。
au,羊,MLA Online Sheep Indicator,2025-09-01,237.91409648010332,$/head,月度,MLA Statistics API / NLRS,澳洲,MLA Statistics API report/5 Australian Livestock Indicators；日度指标按月平均。EYCI/NYCI成交头数不使用该密集日历序列。
au,羊,MLA Online Sheep Indicator,2025-10-01,235.79231127155487,$/head,月度,MLA Statistics API / NLRS,澳洲,MLA Statistics API report/5 Australian Livestock Indicators；日度指标按月平均。EYCI/NYCI成交头数不使用该密集日历序列。
au,羊,MLA Online Sheep Indicator,2025-11-01,246.20877063666333,$/head,月度,MLA Statistics API / NLRS,澳洲,MLA Statistics API report/5 Australian Livestock Indicators；日度指标按月平均。EYCI/NYCI成交头数不使用该密集日历序列。
au,羊,MLA Online Sheep Indicator,2025-12-01,250.335202563276,$/head,月度,MLA Statistics API / NLRS,澳洲,MLA Statistics API report/5 Australian Livestock Indicators；日度指标按月平均。EYCI/NYCI成交头数不使用该密集日历序列。
au,羊,MLA Online Sheep Indicator,2026-01-01,225.0269488937222,$/head,月度,MLA Statistics API / NLRS,澳洲,MLA Statistics API report/5 Australian Livestock Indicators；日度指标按月平均。EYCI/NYCI成交头数不使用该密集日历序列。
au,羊,MLA Online Sheep Indicator,2026-02-01,222.39976845220357,$/head,月度,MLA Statistics API / NLRS,澳洲,MLA Statistics API report/5 Australian Livestock Indicators；日度指标按月平均。EYCI/NYCI成交头数不使用该密集日历序列。
au,羊,MLA Online Sheep Indicator,2026-03-01,223.78667838988065,$/head,月度,MLA Statistics API / NLRS,澳洲,MLA Statistics API report/5 Australian Livestock Indicators；日度指标按月平均。EYCI/NYCI成交头数不使用该密集日历序列。
au,羊,MLA Online Sheep Indicator,2026-04-01,228.27718402016666,$/head,月度,MLA Statistics API / NLRS,澳洲,MLA Statistics API report/5 Australian Livestock Indicators；日度指标按月平均。EYCI/NYCI成交头数不使用该密集日历序列。
au,羊,MLA Online Sheep Indicator,2026-05-01,276.35521527254997,$/head,月度,MLA Statistics API / NLRS,澳洲,MLA Statistics API report/5 Australian Livestock Indicators；日度指标按月平均。EYCI/NYCI成交头数不使用该密集日历序列。
au,羊,MLA Online Sheep Indicator,2026-06-01,240.69233183713334,$/head,月度,MLA Statistics API / NLRS,澳洲,MLA Statistics API report/5 Australian Livestock Indicators；日度指标按月平均。EYCI/NYCI成交头数不使用该密集日历序列。
au,羊,MLA Online Sheep Indicator,2026-07-01,266.3437789848645,$/head,月度,MLA Statistics API / NLRS,澳洲,MLA Statistics API report/5 Australian Livestock Indicators；日度指标按月平均。EYCI/NYCI成交头数不使用该密集日历序列。
au,羊,MLA Saleyard Yardings Lamb Prime 全国汇总,2024-12-01,785408.0,头,月度,MLA Statistics API / NLRS,澳洲saleyard汇总,MLA Statistics API report/4 Australian Saleyard Yardings；默认看板汇总saleyard日度yardings到月度，不展开单个saleyard。
au,羊,MLA Saleyard Yardings Lamb Prime 全国汇总,2025-01-01,836284.0,头,月度,MLA Statistics API / NLRS,澳洲saleyard汇总,MLA Statistics API report/4 Australian Saleyard Yardings；默认看板汇总saleyard日度yardings到月度，不展开单个saleyard。
au,羊,MLA Saleyard Yardings Lamb Prime 全国汇总,2025-02-01,766101.0,头,月度,MLA Statistics API / NLRS,澳洲saleyard汇总,MLA Statistics API report/4 Australian Saleyard Yardings；默认看板汇总saleyard日度yardings到月度，不展开单个saleyard。
au,羊,MLA Saleyard Yardings Lamb Prime 全国汇总,2025-03-01,831812.0,头,月度,MLA Statistics API / NLRS,澳洲saleyard汇总,MLA Statistics API report/4 Australian Saleyard Yardings；默认看板汇总saleyard日度yardings到月度，不展开单个saleyard。
au,羊,MLA Saleyard Yardings Lamb Prime 全国汇总,2025-04-01,782482.0,头,月度,MLA Statistics API / NLRS,澳洲saleyard汇总,MLA Statistics API report/4 Australian Saleyard Yardings；默认看板汇总saleyard日度yardings到月度，不展开单个saleyard。
au,羊,MLA Saleyard Yardings Lamb Prime 全国汇总,2025-05-01,933893.0,头,月度,MLA Statistics API / NLRS,澳洲saleyard汇总,MLA Statistics API report/4 Australian Saleyard Yardings；默认看板汇总saleyard日度yardings到月度，不展开单个saleyard。
au,羊,MLA Saleyard Yardings Lamb Prime 全国汇总,2025-06-01,838178.0,头,月度,MLA Statistics API / NLRS,澳洲saleyard汇总,MLA Statistics API report/4 Australian Saleyard Yardings；默认看板汇总saleyard日度yardings到月度，不展开单个saleyard。
au,羊,MLA Saleyard Yardings Lamb Prime 全国汇总,2025-07-01,886845.0,头,月度,MLA Statistics API / NLRS,澳洲saleyard汇总,MLA Statistics API report/4 Australian Saleyard Yardings；默认看板汇总saleyard日度yardings到月度，不展开单个saleyard。
au,羊,MLA Saleyard Yardings Lamb Prime 全国汇总,2025-08-01,739612.0,头,月度,MLA Statistics API / NLRS,澳洲saleyard汇总,MLA Statistics API report/4 Australian Saleyard Yardings；默认看板汇总saleyard日度yardings到月度，不展开单个saleyard。
au,羊,MLA Saleyard Yardings Lamb Prime 全国汇总,2025-09-01,822561.0,头,月度,MLA Statistics API / NLRS,澳洲saleyard汇总,MLA Statistics API report/4 Australian Saleyard Yardings；默认看板汇总saleyard日度yardings到月度，不展开单个saleyard。
au,羊,MLA Saleyard Yardings Lamb Prime 全国汇总,2025-10-01,862890.0,头,月度,MLA Statistics API / NLRS,澳洲saleyard汇总,MLA Statistics API report/4 Australian Saleyard Yardings；默认看板汇总saleyard日度yardings到月度，不展开单个saleyard。
au,羊,MLA Saleyard Yardings Lamb Prime 全国汇总,2025-11-01,1004348.0,头,月度,MLA Statistics API / NLRS,澳洲saleyard汇总,MLA Statistics API report/4 Australian Saleyard Yardings；默认看板汇总saleyard日度yardings到月度，不展开单个saleyard。
au,羊,MLA Saleyard Yardings Lamb Prime 全国汇总,2025-12-01,810697.0,头,月度,MLA Statistics API / NLRS,澳洲saleyard汇总,MLA Statistics API report/4 Australian Saleyard Yardings；默认看板汇总saleyard日度yardings到月度，不展开单个saleyard。
au,羊,MLA Saleyard Yardings Lamb Prime 全国汇总,2026-01-01,646684.0,头,月度,MLA Statistics API / NLRS,澳洲saleyard汇总,MLA Statistics API report/4 Australian Saleyard Yardings；默认看板汇总saleyard日度yardings到月度，不展开单个saleyard。
au,羊,MLA Saleyard Yardings Lamb Prime 全国汇总,2026-02-01,818267.0,头,月度,MLA Statistics API / NLRS,澳洲saleyard汇总,MLA Statistics API report/4 Australian Saleyard Yardings；默认看板汇总saleyard日度yardings到月度，不展开单个saleyard。
au,羊,MLA Saleyard Yardings Lamb Prime 全国汇总,2026-03-01,846286.0,头,月度,MLA Statistics API / NLRS,澳洲saleyard汇总,MLA Statistics API report/4 Australian Saleyard Yardings；默认看板汇总saleyard日度yardings到月度，不展开单个saleyard。
au,羊,MLA Saleyard Yardings Lamb Prime 全国汇总,2026-04-01,733379.0,头,月度,MLA Statistics API / NLRS,澳洲saleyard汇总,MLA Statistics API report/4 Australian Saleyard Yardings；默认看板汇总saleyard日度yardings到月度，不展开单个saleyard。
au,羊,MLA Saleyard Yardings Lamb Prime 全国汇总,2026-05-01,621083.0,头,月度,MLA Statistics API / NLRS,澳洲saleyard汇总,MLA Statistics API report/4 Australian Saleyard Yardings；默认看板汇总saleyard日度yardings到月度，不展开单个saleyard。
au,羊,MLA Saleyard Yardings Lamb Prime 全国汇总,2026-06-01,571933.0,头,月度,MLA Statistics API / NLRS,澳洲saleyard汇总,MLA Statistics API report/4 Australian Saleyard Yardings；默认看板汇总saleyard日度yardings到月度，不展开单个saleyard。
au,羊,MLA Saleyard Yardings Lamb Prime 全国汇总,2026-07-01,581747.0,头,月度,MLA Statistics API / NLRS,澳洲saleyard汇总,MLA Statistics API report/4 Australian Saleyard Yardings；默认看板汇总saleyard日度yardings到月度，不展开单个saleyard。
au,羊,MLA Saleyard Yardings Lamb Store 全国汇总,2025-01-01,12169.0,头,月度,MLA Statistics API / NLRS,澳洲saleyard汇总,MLA Statistics API report/4 Australian Saleyard Yardings；默认看板汇总saleyard日度yardings到月度，不展开单个saleyard。
au,羊,MLA Saleyard Yardings Lamb Store 全国汇总,2025-02-01,7000.0,头,月度,MLA Statistics API / NLRS,澳洲saleyard汇总,MLA Statistics API report/4 Australian Saleyard Yardings；默认看板汇总saleyard日度yardings到月度，不展开单个saleyard。
au,羊,MLA Saleyard Yardings Lamb Store 全国汇总,2026-01-01,7041.0,头,月度,MLA Statistics API / NLRS,澳洲saleyard汇总,MLA Statistics API report/4 Australian Saleyard Yardings；默认看板汇总saleyard日度yardings到月度，不展开单个saleyard。
au,羊,MLA Saleyard Yardings Lamb Store 全国汇总,2026-02-01,3233.0,头,月度,MLA Statistics API / NLRS,澳洲saleyard汇总,MLA Statistics API report/4 Australian Saleyard Yardings；默认看板汇总saleyard日度yardings到月度，不展开单个saleyard。
au,羊,MLA Saleyard Yardings Sheep Prime 全国汇总,2024-12-01,383308.0,头,月度,MLA Statistics API / NLRS,澳洲saleyard汇总,MLA Statistics API report/4 Australian Saleyard Yardings；默认看板汇总saleyard日度yardings到月度，不展开单个saleyard。
au,羊,MLA Saleyard Yardings Sheep Prime 全国汇总,2025-01-01,450359.0,头,月度,MLA Statistics API / NLRS,澳洲saleyard汇总,MLA Statistics API report/4 Australian Saleyard Yardings；默认看板汇总saleyard日度yardings到月度，不展开单个saleyard。
au,羊,MLA Saleyard Yardings Sheep Prime 全国汇总,2025-02-01,479444.0,头,月度,MLA Statistics API / NLRS,澳洲saleyard汇总,MLA Statistics API report/4 Australian Saleyard Yardings；默认看板汇总saleyard日度yardings到月度，不展开单个saleyard。
au,羊,MLA Saleyard Yardings Sheep Prime 全国汇总,2025-03-01,425351.0,头,月度,MLA Statistics API / NLRS,澳洲saleyard汇总,MLA Statistics API report/4 Australian Saleyard Yardings；默认看板汇总saleyard日度yardings到月度，不展开单个saleyard。
au,羊,MLA Saleyard Yardings Sheep Prime 全国汇总,2025-04-01,468541.0,头,月度,MLA Statistics API / NLRS,澳洲saleyard汇总,MLA Statistics API report/4 Australian Saleyard Yardings；默认看板汇总saleyard日度yardings到月度，不展开单个saleyard。
au,羊,MLA Saleyard Yardings Sheep Prime 全国汇总,2025-05-01,487786.0,头,月度,MLA Statistics API / NLRS,澳洲saleyard汇总,MLA Statistics API report/4 Australian Saleyard Yardings；默认看板汇总saleyard日度yardings到月度，不展开单个saleyard。
au,羊,MLA Saleyard Yardings Sheep Prime 全国汇总,2025-06-01,365610.0,头,月度,MLA Statistics API / NLRS,澳洲saleyard汇总,MLA Statistics API report/4 Australian Saleyard Yardings；默认看板汇总saleyard日度yardings到月度，不展开单个saleyard。
au,羊,MLA Saleyard Yardings Sheep Prime 全国汇总,2025-07-01,361414.0,头,月度,MLA Statistics API / NLRS,澳洲saleyard汇总,MLA Statistics API report/4 Australian Saleyard Yardings；默认看板汇总saleyard日度yardings到月度，不展开单个saleyard。
au,羊,MLA Saleyard Yardings Sheep Prime 全国汇总,2025-08-01,366537.0,头,月度,MLA Statistics API / NLRS,澳洲saleyard汇总,MLA Statistics API report/4 Australian Saleyard Yardings；默认看板汇总saleyard日度yardings到月度，不展开单个saleyard。
au,羊,MLA Saleyard Yardings Sheep Prime 全国汇总,2025-09-01,403077.0,头,月度,MLA Statistics API / NLRS,澳洲saleyard汇总,MLA Statistics API report/4 Australian Saleyard Yardings；默认看板汇总saleyard日度yardings到月度，不展开单个saleyard。
au,羊,MLA Saleyard Yardings Sheep Prime 全国汇总,2025-10-01,488898.0,头,月度,MLA Statistics API / NLRS,澳洲saleyard汇总,MLA Statistics API report/4 Australian Saleyard Yardings；默认看板汇总saleyard日度yardings到月度，不展开单个saleyard。
au,羊,MLA Saleyard Yardings Sheep Prime 全国汇总,2025-11-01,444312.0,头,月度,MLA Statistics API / NLRS,澳洲saleyard汇总,MLA Statistics API report/4 Australian Saleyard Yardings；默认看板汇总saleyard日度yardings到月度，不展开单个saleyard。
au,羊,MLA Saleyard Yardings Sheep Prime 全国汇总,2025-12-01,378346.0,头,月度,MLA Statistics API / NLRS,澳洲saleyard汇总,MLA Statistics API report/4 Australian Saleyard Yardings；默认看板汇总saleyard日度yardings到月度，不展开单个saleyard。
au,羊,MLA Saleyard Yardings Sheep Prime 全国汇总,2026-01-01,335899.0,头,月度,MLA Statistics API / NLRS,澳洲saleyard汇总,MLA Statistics API report/4 Australian Saleyard Yardings；默认看板汇总saleyard日度yardings到月度，不展开单个saleyard。
au,羊,MLA Saleyard Yardings Sheep Prime 全国汇总,2026-02-01,403631.0,头,月度,MLA Statistics API / NLRS,澳洲saleyard汇总,MLA Statistics API report/4 Australian Saleyard Yardings；默认看板汇总saleyard日度yardings到月度，不展开单个saleyard。
au,羊,MLA Saleyard Yardings Sheep Prime 全国汇总,2026-03-01,339770.0,头,月度,MLA Statistics API / NLRS,澳洲saleyard汇总,MLA Statistics API report/4 Australian Saleyard Yardings；默认看板汇总saleyard日度yardings到月度，不展开单个saleyard。
au,羊,MLA Saleyard Yardings Sheep Prime 全国汇总,2026-04-01,288004.0,头,月度,MLA Statistics API / NLRS,澳洲saleyard汇总,MLA Statistics API report/4 Australian Saleyard Yardings；默认看板汇总saleyard日度yardings到月度，不展开单个saleyard。
au,羊,MLA Saleyard Yardings Sheep Prime 全国汇总,2026-05-01,283366.0,头,月度,MLA Statistics API / NLRS,澳洲saleyard汇总,MLA Statistics API report/4 Australian Saleyard Yardings；默认看板汇总saleyard日度yardings到月度，不展开单个saleyard。
au,羊,MLA Saleyard Yardings Sheep Prime 全国汇总,2026-06-01,206039.0,头,月度,MLA Statistics API / NLRS,澳洲saleyard汇总,MLA Statistics API report/4 Australian Saleyard Yardings；默认看板汇总saleyard日度yardings到月度，不展开单个saleyard。
au,羊,MLA Saleyard Yardings Sheep Prime 全国汇总,2026-07-01,194813.0,头,月度,MLA Statistics API / NLRS,澳洲saleyard汇总,MLA Statistics API report/4 Australian Saleyard Yardings；默认看板汇总saleyard日度yardings到月度，不展开单个saleyard。
au,羊,MLA Saleyard Yardings Sheep Store 全国汇总,2025-01-01,46740.0,头,月度,MLA Statistics API / NLRS,澳洲saleyard汇总,MLA Statistics API report/4 Australian Saleyard Yardings；默认看板汇总saleyard日度yardings到月度，不展开单个saleyard。
au,羊,MLA Saleyard Yardings Sheep Store 全国汇总,2025-02-01,3153.0,头,月度,MLA Statistics API / NLRS,澳洲saleyard汇总,MLA Statistics API report/4 Australian Saleyard Yardings；默认看板汇总saleyard日度yardings到月度，不展开单个saleyard。
au,羊,MLA Saleyard Yardings Sheep Store 全国汇总,2026-01-01,0.0,头,月度,MLA Statistics API / NLRS,澳洲saleyard汇总,MLA Statistics API report/4 Australian Saleyard Yardings；默认看板汇总saleyard日度yardings到月度，不展开单个saleyard。
au,羊,MLA Saleyard Yardings Sheep Store 全国汇总,2026-02-01,800.0,头,月度,MLA Statistics API / NLRS,澳洲saleyard汇总,MLA Statistics API report/4 Australian Saleyard Yardings；默认看板汇总saleyard日度yardings到月度，不展开单个saleyard。
au,羊,MLA零售肉价 Lamb,2000-03-31,667.2667,AUD c/kg,季度,MLA PowerBI / ABS Retail Meat Prices,澳洲零售,MLA Statistics Australian Retail Meat Prices PowerBI导出；字段为Average Value，按ABS季度零售肉价展示。
au,羊,MLA零售肉价 Lamb,2000-06-30,681.6474,AUD c/kg,季度,MLA PowerBI / ABS Retail Meat Prices,澳洲零售,MLA Statistics Australian Retail Meat Prices PowerBI导出；字段为Average Value，按ABS季度零售肉价展示。
au,羊,MLA零售肉价 Lamb,2000-09-30,670.1428,AUD c/kg,季度,MLA PowerBI / ABS Retail Meat Prices,澳洲零售,MLA Statistics Australian Retail Meat Prices PowerBI导出；字段为Average Value，按ABS季度零售肉价展示。
au,羊,MLA零售肉价 Lamb,2000-12-31,661.5144,AUD c/kg,季度,MLA PowerBI / ABS Retail Meat Prices,澳洲零售,MLA Statistics Australian Retail Meat Prices PowerBI导出；字段为Average Value，按ABS季度零售肉价展示。
au,羊,MLA零售肉价 Lamb,2001-03-31,708.9708,AUD c/kg,季度,MLA PowerBI / ABS Retail Meat Prices,澳洲零售,MLA Statistics Australian Retail Meat Prices PowerBI导出；字段为Average Value，按ABS季度零售肉价展示。
au,羊,MLA零售肉价 Lamb,2001-06-30,785.1888,AUD c/kg,季度,MLA PowerBI / ABS Retail Meat Prices,澳洲零售,MLA Statistics Australian Retail Meat Prices PowerBI导出；字段为Average Value，按ABS季度零售肉价展示。
au,羊,MLA零售肉价 Lamb,2001-09-30,831.2072,AUD c/kg,季度,MLA PowerBI / ABS Retail Meat Prices,澳洲零售,MLA Statistics Australian Retail Meat Prices PowerBI导出；字段为Average Value，按ABS季度零售肉价展示。
au,羊,MLA零售肉价 Lamb,2001-12-31,852.7783,AUD c/kg,季度,MLA PowerBI / ABS Retail Meat Prices,澳洲零售,MLA Statistics Australian Retail Meat Prices PowerBI导出；字段为Average Value，按ABS季度零售肉价展示。
au,羊,MLA零售肉价 Lamb,2002-03-31,891.6063,AUD c/kg,季度,MLA PowerBI / ABS Retail Meat Prices,澳洲零售,MLA Statistics Australian Retail Meat Prices PowerBI导出；字段为Average Value，按ABS季度零售肉价展示。
au,羊,MLA零售肉价 Lamb,2002-06-30,933.3105,AUD c/kg,季度,MLA PowerBI / ABS Retail Meat Prices,澳洲零售,MLA Statistics Australian Retail Meat Prices PowerBI导出；字段为Average Value，按ABS季度零售肉价展示。
au,羊,MLA零售肉价 Lamb,2002-09-30,907.4252,AUD c/kg,季度,MLA PowerBI / ABS Retail Meat Prices,澳洲零售,MLA Statistics Australian Retail Meat Prices PowerBI导出；字段为Average Value，按ABS季度零售肉价展示。
au,羊,MLA零售肉价 Lamb,2002-12-31,908.8632,AUD c/kg,季度,MLA PowerBI / ABS Retail Meat Prices,澳洲零售,MLA Statistics Australian Retail Meat Prices PowerBI导出；字段为Average Value，按ABS季度零售肉价展示。
au,羊,MLA零售肉价 Lamb,2003-03-31,950.5674,AUD c/kg,季度,MLA PowerBI / ABS Retail Meat Prices,澳洲零售,MLA Statistics Australian Retail Meat Prices PowerBI导出；字段为Average Value，按ABS季度零售肉价展示。
au,羊,MLA零售肉价 Lamb,2003-06-30,996.5858,AUD c/kg,季度,MLA PowerBI / ABS Retail Meat Prices,澳洲零售,MLA Statistics Australian Retail Meat Prices PowerBI导出；字段为Average Value，按ABS季度零售肉价展示。
au,羊,MLA零售肉价 Lamb,2003-09-30,1068.4895,AUD c/kg,季度,MLA PowerBI / ABS Retail Meat Prices,澳洲零售,MLA Statistics Australian Retail Meat Prices PowerBI导出；字段为Average Value，按ABS季度零售肉价展示。
au,羊,MLA零售肉价 Lamb,2003-12-31,1051.2326,AUD c/kg,季度,MLA PowerBI / ABS Retail Meat Prices,澳洲零售,MLA Statistics Australian Retail Meat Prices PowerBI导出；字段为Average Value，按ABS季度零售肉价展示。
au,羊,MLA零售肉价 Lamb,2004-03-31,1059.8611,AUD c/kg,季度,MLA PowerBI / ABS Retail Meat Prices,澳洲零售,MLA Statistics Australian Retail Meat Prices PowerBI导出；字段为Average Value，按ABS季度零售肉价展示。
au,羊,MLA零售肉价 Lamb,2004-06-30,1052.6707,AUD c/kg,季度,MLA PowerBI / ABS Retail Meat Prices,澳洲零售,MLA Statistics Australian Retail Meat Prices PowerBI导出；字段为Average Value，按ABS季度零售肉价展示。
au,羊,MLA零售肉价 Lamb,2004-09-30,1103.0033,AUD c/kg,季度,MLA PowerBI / ABS Retail Meat Prices,澳洲零售,MLA Statistics Australian Retail Meat Prices PowerBI导出；字段为Average Value，按ABS季度零售肉价展示。
au,羊,MLA零售肉价 Lamb,2004-12-31,1069.9276,AUD c/kg,季度,MLA PowerBI / ABS Retail Meat Prices,澳洲零售,MLA Statistics Australian Retail Meat Prices PowerBI导出；字段为Average Value，按ABS季度零售肉价展示。
au,羊,MLA零售肉价 Lamb,2005-03-31,1084.3084,AUD c/kg,季度,MLA PowerBI / ABS Retail Meat Prices,澳洲零售,MLA Statistics Australian Retail Meat Prices PowerBI导出；字段为Average Value，按ABS季度零售肉价展示。
au,羊,MLA零售肉价 Lamb,2005-06-30,1071.3657,AUD c/kg,季度,MLA PowerBI / ABS Retail Meat Prices,澳洲零售,MLA Statistics Australian Retail Meat Prices PowerBI导出；字段为Average Value，按ABS季度零售肉价展示。
au,羊,MLA零售肉价 Lamb,2005-09-30,1137.5171,AUD c/kg,季度,MLA PowerBI / ABS Retail Meat Prices,澳洲零售,MLA Statistics Australian Retail Meat Prices PowerBI导出；字段为Average Value，按ABS季度零售肉价展示。
au,羊,MLA零售肉价 Lamb,2005-12-31,1108.7556,AUD c/kg,季度,MLA PowerBI / ABS Retail Meat Prices,澳洲零售,MLA Statistics Australian Retail Meat Prices PowerBI导出；字段为Average Value，按ABS季度零售肉价展示。
au,羊,MLA零售肉价 Lamb,2006-03-31,1115.946,AUD c/kg,季度,MLA PowerBI / ABS Retail Meat Prices,澳洲零售,MLA Statistics Australian Retail Meat Prices PowerBI导出；字段为Average Value，按ABS季度零售肉价展示。
au,羊,MLA零售肉价 Lamb,2006-06-30,1140.3933,AUD c/kg,季度,MLA PowerBI / ABS Retail Meat Prices,澳洲零售,MLA Statistics Australian Retail Meat Prices PowerBI导出；字段为Average Value，按ABS季度零售肉价展示。
au,羊,MLA零售肉价 Lamb,2006-09-30,1146.1456,AUD c/kg,季度,MLA PowerBI / ABS Retail Meat Prices,澳洲零售,MLA Statistics Australian Retail Meat Prices PowerBI导出；字段为Average Value，按ABS季度零售肉价展示。
au,羊,MLA零售肉价 Lamb,2006-12-31,1138.9552,AUD c/kg,季度,MLA PowerBI / ABS Retail Meat Prices,澳洲零售,MLA Statistics Australian Retail Meat Prices PowerBI导出；字段为Average Value，按ABS季度零售肉价展示。
au,羊,MLA零售肉价 Lamb,2007-03-31,1103.0033,AUD c/kg,季度,MLA PowerBI / ABS Retail Meat Prices,澳洲零售,MLA Statistics Australian Retail Meat Prices PowerBI导出；字段为Average Value，按ABS季度零售肉价展示。
au,羊,MLA零售肉价 Lamb,2007-06-30,1130.3267,AUD c/kg,季度,MLA PowerBI / ABS Retail Meat Prices,澳洲零售,MLA Statistics Australian Retail Meat Prices PowerBI导出；字段为Average Value，按ABS季度零售肉价展示。
au,羊,MLA零售肉价 Lamb,2007-09-30,1131.7648,AUD c/kg,季度,MLA PowerBI / ABS Retail Meat Prices,澳洲零售,MLA Statistics Australian Retail Meat Prices PowerBI导出；字段为Average Value，按ABS季度零售肉价展示。
au,羊,MLA零售肉价 Lamb,2007-12-31,1131.7648,AUD c/kg,季度,MLA PowerBI / ABS Retail Meat Prices,澳洲零售,MLA Statistics Australian Retail Meat Prices PowerBI导出；字段为Average Value，按ABS季度零售肉价展示。
au,羊,MLA零售肉价 Lamb,2008-03-31,1156.2121,AUD c/kg,季度,MLA PowerBI / ABS Retail Meat Prices,澳洲零售,MLA Statistics Australian Retail Meat Prices PowerBI导出；字段为Average Value，按ABS季度零售肉价展示。
au,羊,MLA零售肉价 Lamb,2008-06-30,1179.2213,AUD c/kg,季度,MLA PowerBI / ABS Retail Meat Prices,澳洲零售,MLA Statistics Australian Retail Meat Prices PowerBI导出；字段为Average Value，按ABS季度零售肉价展示。
au,羊,MLA零售肉价 Lamb,2008-09-30,1182.0974,AUD c/kg,季度,MLA PowerBI / ABS Retail Meat Prices,澳洲零售,MLA Statistics Australian Retail Meat Prices PowerBI导出；字段为Average Value，按ABS季度零售肉价展示。
au,羊,MLA零售肉价 Lamb,2008-12-31,1212.297,AUD c/kg,季度,MLA PowerBI / ABS Retail Meat Prices,澳洲零售,MLA Statistics Australian Retail Meat Prices PowerBI导出；字段为Average Value，按ABS季度零售肉价展示。
au,羊,MLA零售肉价 Lamb,2009-03-31,1287.0769,AUD c/kg,季度,MLA PowerBI / ABS Retail Meat Prices,澳洲零售,MLA Statistics Australian Retail Meat Prices PowerBI导出；字段为Average Value，按ABS季度零售肉价展示。
au,羊,MLA零售肉价 Lamb,2009-06-30,1298.5815,AUD c/kg,季度,MLA PowerBI / ABS Retail Meat Prices,澳洲零售,MLA Statistics Australian Retail Meat Prices PowerBI导出；字段为Average Value，按ABS季度零售肉价展示。
au,羊,MLA零售肉价 Lamb,2009-09-30,1294.2673,AUD c/kg,季度,MLA PowerBI / ABS Retail Meat Prices,澳洲零售,MLA Statistics Australian Retail Meat Prices PowerBI导出；字段为Average Value，按ABS季度零售肉价展示。
au,羊,MLA零售肉价 Lamb,2009-12-31,1268.3819,AUD c/kg,季度,MLA PowerBI / ABS Retail Meat Prices,澳洲零售,MLA Statistics Australian Retail Meat Prices PowerBI导出；字段为Average Value，按ABS季度零售肉价展示。
au,羊,MLA零售肉价 Lamb,2010-03-31,1311.5242,AUD c/kg,季度,MLA PowerBI / ABS Retail Meat Prices,澳洲零售,MLA Statistics Australian Retail Meat Prices PowerBI导出；字段为Average Value，按ABS季度零售肉价展示。
au,羊,MLA零售肉价 Lamb,2010-06-30,1343.1618,AUD c/kg,季度,MLA PowerBI / ABS Retail Meat Prices,澳洲零售,MLA Statistics Australian Retail Meat Prices PowerBI导出；字段为Average Value，按ABS季度零售肉价展示。
au,羊,MLA零售肉价 Lamb,2010-09-30,1360.4187,AUD c/kg,季度,MLA PowerBI / ABS Retail Meat Prices,澳洲零售,MLA Statistics Australian Retail Meat Prices PowerBI导出；字段为Average Value，按ABS季度零售肉价展示。
au,羊,MLA零售肉价 Lamb,2010-12-31,1373.3614,AUD c/kg,季度,MLA PowerBI / ABS Retail Meat Prices,澳洲零售,MLA Statistics Australian Retail Meat Prices PowerBI导出；字段为Average Value，按ABS季度零售肉价展示。
au,羊,MLA零售肉价 Lamb,2011-03-31,1463.9601,AUD c/kg,季度,MLA PowerBI / ABS Retail Meat Prices,澳洲零售,MLA Statistics Australian Retail Meat Prices PowerBI导出；字段为Average Value，按ABS季度零售肉价展示。
au,羊,MLA零售肉价 Lamb,2011-06-30,1498.4739,AUD c/kg,季度,MLA PowerBI / ABS Retail Meat Prices,澳洲零售,MLA Statistics Australian Retail Meat Prices PowerBI导出；字段为Average Value，按ABS季度零售肉价展示。
au,羊,MLA零售肉价 Lamb,2011-09-30,1456.7697,AUD c/kg,季度,MLA PowerBI / ABS Retail Meat Prices,澳洲零售,MLA Statistics Australian Retail Meat Prices PowerBI导出；字段为Average Value，按ABS季度零售肉价展示。
au,羊,MLA零售肉价 Lamb,2011-12-31,1429.4463,AUD c/kg,季度,MLA PowerBI / ABS Retail Meat Prices,澳洲零售,MLA Statistics Australian Retail Meat Prices PowerBI导出；字段为Average Value，按ABS季度零售肉价展示。
au,羊,MLA零售肉价 Lamb,2012-03-31,1439.5128,AUD c/kg,季度,MLA PowerBI / ABS Retail Meat Prices,澳洲零售,MLA Statistics Australian Retail Meat Prices PowerBI导出；字段为Average Value，按ABS季度零售肉价展示。
au,羊,MLA零售肉价 Lamb,2012-06-30,1426.5701,AUD c/kg,季度,MLA PowerBI / ABS Retail Meat Prices,澳洲零售,MLA Statistics Australian Retail Meat Prices PowerBI导出；字段为Average Value，按ABS季度零售肉价展示。
au,羊,MLA零售肉价 Lamb,2012-09-30,1393.4944,AUD c/kg,季度,MLA PowerBI / ABS Retail Meat Prices,澳洲零售,MLA Statistics Australian Retail Meat Prices PowerBI导出；字段为Average Value，按ABS季度零售肉价展示。
au,羊,MLA零售肉价 Lamb,2012-12-31,1252.5631,AUD c/kg,季度,MLA PowerBI / ABS Retail Meat Prices,澳洲零售,MLA Statistics Australian Retail Meat Prices PowerBI导出；字段为Average Value，按ABS季度零售肉价展示。
au,羊,MLA零售肉价 Lamb,2013-03-31,1265.5058,AUD c/kg,季度,MLA PowerBI / ABS Retail Meat Prices,澳洲零售,MLA Statistics Australian Retail Meat Prices PowerBI导出；字段为Average Value，按ABS季度零售肉价展示。
au,羊,MLA零售肉价 Lamb,2013-06-30,1249.687,AUD c/kg,季度,MLA PowerBI / ABS Retail Meat Prices,澳洲零售,MLA Statistics Australian Retail Meat Prices PowerBI导出；字段为Average Value，按ABS季度零售肉价展示。
au,羊,MLA零售肉价 Lamb,2013-09-30,1245.4,AUD c/kg,季度,MLA PowerBI / ABS Retail Meat Prices,澳洲零售,MLA Statistics Australian Retail Meat Prices PowerBI导出；字段为Average Value，按ABS季度零售肉价展示。
au,羊,MLA零售肉价 Lamb,2013-12-31,1233.9,AUD c/kg,季度,MLA PowerBI / ABS Retail Meat Prices,澳洲零售,MLA Statistics Australian Retail Meat Prices PowerBI导出；字段为Average Value，按ABS季度零售肉价展示。
au,羊,MLA零售肉价 Lamb,2014-03-31,1246.8068,AUD c/kg,季度,MLA PowerBI / ABS Retail Meat Prices,澳洲零售,MLA Statistics Australian Retail Meat Prices PowerBI导出；字段为Average Value，按ABS季度零售肉价展示。
au,羊,MLA零售肉价 Lamb,2014-06-30,1350.3479,AUD c/kg,季度,MLA PowerBI / ABS Retail Meat Prices,澳洲零售,MLA Statistics Australian Retail Meat Prices PowerBI导出；字段为Average Value，按ABS季度零售肉价展示。
au,羊,MLA零售肉价 Lamb,2014-09-30,1320.1484,AUD c/kg,季度,MLA PowerBI / ABS Retail Meat Prices,澳洲零售,MLA Statistics Australian Retail Meat Prices PowerBI导出；字段为Average Value，按ABS季度零售肉价展示。
au,羊,MLA零售肉价 Lamb,2014-12-31,1271.3,AUD c/kg,季度,MLA PowerBI / ABS Retail Meat Prices,澳洲零售,MLA Statistics Australian Retail Meat Prices PowerBI导出；字段为Average Value，按ABS季度零售肉价展示。
au,羊,MLA零售肉价 Lamb,2015-03-31,1328.8,AUD c/kg,季度,MLA PowerBI / ABS Retail Meat Prices,澳洲零售,MLA Statistics Australian Retail Meat Prices PowerBI导出；字段为Average Value，按ABS季度零售肉价展示。
au,羊,MLA零售肉价 Lamb,2015-06-30,1360.4381,AUD c/kg,季度,MLA PowerBI / ABS Retail Meat Prices,澳洲零售,MLA Statistics Australian Retail Meat Prices PowerBI导出；字段为Average Value，按ABS季度零售肉价展示。
au,羊,MLA零售肉价 Lamb,2015-09-30,1371.9429,AUD c/kg,季度,MLA PowerBI / ABS Retail Meat Prices,澳洲零售,MLA Statistics Australian Retail Meat Prices PowerBI导出；字段为Average Value，按ABS季度零售肉价展示。
au,羊,MLA零售肉价 Lamb,2015-12-31,1423.7143,AUD c/kg,季度,MLA PowerBI / ABS Retail Meat Prices,澳洲零售,MLA Statistics Australian Retail Meat Prices PowerBI导出；字段为Average Value，按ABS季度零售肉价展示。
au,羊,MLA零售肉价 Lamb,2016-03-31,1429.4667,AUD c/kg,季度,MLA PowerBI / ABS Retail Meat Prices,澳洲零售,MLA Statistics Australian Retail Meat Prices PowerBI导出；字段为Average Value，按ABS季度零售肉价展示。
au,羊,MLA零售肉价 Lamb,2016-06-30,1440.9714,AUD c/kg,季度,MLA PowerBI / ABS Retail Meat Prices,澳洲零售,MLA Statistics Australian Retail Meat Prices PowerBI导出；字段为Average Value，按ABS季度零售肉价展示。
au,羊,MLA零售肉价 Lamb,2016-09-30,1482.6762,AUD c/kg,季度,MLA PowerBI / ABS Retail Meat Prices,澳洲零售,MLA Statistics Australian Retail Meat Prices PowerBI导出；字段为Average Value，按ABS季度零售肉价展示。
au,羊,MLA零售肉价 Lamb,2016-12-31,1458.2286,AUD c/kg,季度,MLA PowerBI / ABS Retail Meat Prices,澳洲零售,MLA Statistics Australian Retail Meat Prices PowerBI导出；字段为Average Value，按ABS季度零售肉价展示。
au,羊,MLA零售肉价 Lamb,2017-03-31,1449.6,AUD c/kg,季度,MLA PowerBI / ABS Retail Meat Prices,澳洲零售,MLA Statistics Australian Retail Meat Prices PowerBI导出；字段为Average Value，按ABS季度零售肉价展示。
au,羊,MLA零售肉价 Lamb,2017-06-30,1501.3714,AUD c/kg,季度,MLA PowerBI / ABS Retail Meat Prices,澳洲零售,MLA Statistics Australian Retail Meat Prices PowerBI导出；字段为Average Value，按ABS季度零售肉价展示。
au,羊,MLA零售肉价 Lamb,2017-09-30,1495.619,AUD c/kg,季度,MLA PowerBI / ABS Retail Meat Prices,澳洲零售,MLA Statistics Australian Retail Meat Prices PowerBI导出；字段为Average Value，按ABS季度零售肉价展示。
au,羊,MLA零售肉价 Lamb,2017-12-31,1501.3714,AUD c/kg,季度,MLA PowerBI / ABS Retail Meat Prices,澳洲零售,MLA Statistics Australian Retail Meat Prices PowerBI导出；字段为Average Value，按ABS季度零售肉价展示。
au,羊,MLA零售肉价 Lamb,2018-03-31,1501.3714,AUD c/kg,季度,MLA PowerBI / ABS Retail Meat Prices,澳洲零售,MLA Statistics Australian Retail Meat Prices PowerBI导出；字段为Average Value，按ABS季度零售肉价展示。
au,羊,MLA零售肉价 Lamb,2018-06-30,1533.0095,AUD c/kg,季度,MLA PowerBI / ABS Retail Meat Prices,澳洲零售,MLA Statistics Australian Retail Meat Prices PowerBI导出；字段为Average Value，按ABS季度零售肉价展示。
au,羊,MLA零售肉价 Lamb,2018-09-30,1563.2,AUD c/kg,季度,MLA PowerBI / ABS Retail Meat Prices,澳洲零售,MLA Statistics Australian Retail Meat Prices PowerBI导出；字段为Average Value，按ABS季度零售肉价展示。
au,羊,MLA零售肉价 Lamb,2018-12-31,1669.6184,AUD c/kg,季度,MLA PowerBI / ABS Retail Meat Prices,澳洲零售,MLA Statistics Australian Retail Meat Prices PowerBI导出；字段为Average Value，按ABS季度零售肉价展示。
au,羊,MLA零售肉价 Lamb,2019-03-31,1731.4561,AUD c/kg,季度,MLA PowerBI / ABS Retail Meat Prices,澳洲零售,MLA Statistics Australian Retail Meat Prices PowerBI导出；字段为Average Value，按ABS季度零售肉价展示。
au,羊,MLA零售肉价 Lamb,2019-06-30,1740.0846,AUD c/kg,季度,MLA PowerBI / ABS Retail Meat Prices,澳洲零售,MLA Statistics Australian Retail Meat Prices PowerBI导出；字段为Average Value，按ABS季度零售肉价展示。
au,羊,MLA零售肉价 Lamb,2019-09-30,1786.1034,AUD c/kg,季度,MLA PowerBI / ABS Retail Meat Prices,澳洲零售,MLA Statistics Australian Retail Meat Prices PowerBI导出；字段为Average Value，按ABS季度零售肉价展示。
au,羊,MLA零售肉价 Lamb,2019-12-31,1768.8464,AUD c/kg,季度,MLA PowerBI / ABS Retail Meat Prices,澳洲零售,MLA Statistics Australian Retail Meat Prices PowerBI导出；字段为Average Value，按ABS季度零售肉价展示。
au,羊,MLA零售肉价 Lamb,2020-03-31,1819.1794,AUD c/kg,季度,MLA PowerBI / ABS Retail Meat Prices,澳洲零售,MLA Statistics Australian Retail Meat Prices PowerBI导出；字段为Average Value，按ABS季度零售肉价展示。
au,羊,MLA零售肉价 Lamb,2020-06-30,1823.4937,AUD c/kg,季度,MLA PowerBI / ABS Retail Meat Prices,澳洲零售,MLA Statistics Australian Retail Meat Prices PowerBI导出；字段为Average Value，按ABS季度零售肉价展示。
au,羊,MLA零售肉价 Lamb,2020-09-30,1842.1888,AUD c/kg,季度,MLA PowerBI / ABS Retail Meat Prices,澳洲零售,MLA Statistics Australian Retail Meat Prices PowerBI导出；字段为Average Value，按ABS季度零售肉价展示。
au,羊,MLA零售肉价 Lamb,2020-12-31,1794.7319,AUD c/kg,季度,MLA PowerBI / ABS Retail Meat Prices,澳洲零售,MLA Statistics Australian Retail Meat Prices PowerBI导出；字段为Average Value，按ABS季度零售肉价展示。
au,羊,MLA零售肉价 Lamb,2021-03-31,1849.3792,AUD c/kg,季度,MLA PowerBI / ABS Retail Meat Prices,澳洲零售,MLA Statistics Australian Retail Meat Prices PowerBI导出；字段为Average Value，按ABS季度零售肉价展示。
au,羊,MLA零售肉价 Lamb,2021-06-30,1856.5696,AUD c/kg,季度,MLA PowerBI / ABS Retail Meat Prices,澳洲零售,MLA Statistics Australian Retail Meat Prices PowerBI导出；字段为Average Value，按ABS季度零售肉价展示。
au,羊,MLA零售肉价 Lamb,2021-09-30,1859.4458,AUD c/kg,季度,MLA PowerBI / ABS Retail Meat Prices,澳洲零售,MLA Statistics Australian Retail Meat Prices PowerBI导出；字段为Average Value，按ABS季度零售肉价展示。
au,羊,MLA零售肉价 Lamb,2021-12-31,1853.6935,AUD c/kg,季度,MLA PowerBI / ABS Retail Meat Prices,澳洲零售,MLA Statistics Australian Retail Meat Prices PowerBI导出；字段为Average Value，按ABS季度零售肉价展示。
au,羊,MLA零售肉价 Lamb,2022-03-31,1983.1213,AUD c/kg,季度,MLA PowerBI / ABS Retail Meat Prices,澳洲零售,MLA Statistics Australian Retail Meat Prices PowerBI导出；字段为Average Value，按ABS季度零售肉价展示。
au,羊,MLA零售肉价 Lamb,2022-06-30,1988.8736,AUD c/kg,季度,MLA PowerBI / ABS Retail Meat Prices,澳洲零售,MLA Statistics Australian Retail Meat Prices PowerBI导出；字段为Average Value，按ABS季度零售肉价展示。
au,羊,MLA零售肉价 Lamb,2022-09-30,1961.55,AUD c/kg,季度,MLA PowerBI / ABS Retail Meat Prices,澳洲零售,MLA Statistics Australian Retail Meat Prices PowerBI导出；字段为Average Value，按ABS季度零售肉价展示。
au,羊,MLA零售肉价 Lamb,2022-12-31,1912.655,AUD c/kg,季度,MLA PowerBI / ABS Retail Meat Prices,澳洲零售,MLA Statistics Australian Retail Meat Prices PowerBI导出；字段为Average Value，按ABS季度零售肉价展示。
au,羊,MLA零售肉价 Lamb,2023-03-31,1935.6644,AUD c/kg,季度,MLA PowerBI / ABS Retail Meat Prices,澳洲零售,MLA Statistics Australian Retail Meat Prices PowerBI导出；字段为Average Value，按ABS季度零售肉价展示。
au,羊,MLA零售肉价 Lamb,2023-06-30,1939.9787,AUD c/kg,季度,MLA PowerBI / ABS Retail Meat Prices,澳洲零售,MLA Statistics Australian Retail Meat Prices PowerBI导出；字段为Average Value，按ABS季度零售肉价展示。
au,羊,MLA零售肉价 Lamb,2023-09-30,1849.3792,AUD c/kg,季度,MLA PowerBI / ABS Retail Meat Prices,澳洲零售,MLA Statistics Australian Retail Meat Prices PowerBI导出；字段为Average Value，按ABS季度零售肉价展示。
au,羊,MLA零售肉价 Lamb,2023-12-31,1625.0377,AUD c/kg,季度,MLA PowerBI / ABS Retail Meat Prices,澳洲零售,MLA Statistics Australian Retail Meat Prices PowerBI导出；字段为Average Value，按ABS季度零售肉价展示。
au,羊,MLA零售肉价 Lamb,2024-03-31,1610.6569,AUD c/kg,季度,MLA PowerBI / ABS Retail Meat Prices,澳洲零售,MLA Statistics Australian Retail Meat Prices PowerBI导出；字段为Average Value，按ABS季度零售肉价展示。
au,羊,MLA零售肉价 Lamb,2024-06-30,1728.5799,AUD c/kg,季度,MLA PowerBI / ABS Retail Meat Prices,澳洲零售,MLA Statistics Australian Retail Meat Prices PowerBI导出；字段为Average Value，按ABS季度零售肉价展示。
au,羊,MLA零售肉价 Lamb,2024-09-30,1862.322,AUD c/kg,季度,MLA PowerBI / ABS Retail Meat Prices,澳洲零售,MLA Statistics Australian Retail Meat Prices PowerBI导出；字段为Average Value，按ABS季度零售肉价展示。
au,羊,MLA零售肉价 Lamb,2024-12-31,1906.9027,AUD c/kg,季度,MLA PowerBI / ABS Retail Meat Prices,澳洲零售,MLA Statistics Australian Retail Meat Prices PowerBI导出；字段为Average Value，按ABS季度零售肉价展示。
au,羊,MLA零售肉价 Lamb,2025-03-31,1928.474,AUD c/kg,季度,MLA PowerBI / ABS Retail Meat Prices,澳洲零售,MLA Statistics Australian Retail Meat Prices PowerBI导出；字段为Average Value，按ABS季度零售肉价展示。
au,羊,MLA零售肉价 Lamb,2025-06-30,1937.1025,AUD c/kg,季度,MLA PowerBI / ABS Retail Meat Prices,澳洲零售,MLA Statistics Australian Retail Meat Prices PowerBI导出；字段为Average Value，按ABS季度零售肉价展示。
au,羊,MLA零售肉价 Lamb,2025-09-30,2049.2732,AUD c/kg,季度,MLA PowerBI / ABS Retail Meat Prices,澳洲零售,MLA Statistics Australian Retail Meat Prices PowerBI导出；字段为Average Value，按ABS季度零售肉价展示。
au,饲料,小黑麦澳洲交付价月均(A$/t),2026-03-01,310.0,,月度,,澳洲,
au,饲料,小黑麦澳洲交付价月均(A$/t),2026-04-01,300.0,,月度,,澳洲,
au,饲料,小黑麦澳洲交付价月均(A$/t),2026-05-01,308.0,,月度,,澳洲,
au,饲料,小黑麦澳洲交付价月均(A$/t),2026-06-01,305.0,,月度,,澳洲,
au,饲料,小黑麦澳洲交付价月均(A$/t),2026-07-01,306.0,,月度,,澳洲,
au,饲料,棉籽澳洲交付价月均(A$/t),2026-03-01,557.5,,月度,,澳洲,
au,饲料,棉籽澳洲交付价月均(A$/t),2026-04-01,540.8333333333334,,月度,,澳洲,
au,饲料,棉籽澳洲交付价月均(A$/t),2026-05-01,570.5,,月度,,澳洲,
au,饲料,棉籽澳洲交付价月均(A$/t),2026-06-01,585.0,,月度,,澳洲,
au,饲料,棉籽澳洲交付价月均(A$/t),2026-07-01,638.9,,月度,,澳洲,
au,饲料,油菜粕澳洲交付价月均(A$/t),2026-03-01,487.27272727272725,,月度,,澳洲,
au,饲料,油菜粕澳洲交付价月均(A$/t),2026-04-01,493.60606060606057,,月度,,澳洲,
au,饲料,油菜粕澳洲交付价月均(A$/t),2026-05-01,513.8727272727272,,月度,,澳洲,
au,饲料,油菜粕澳洲交付价月均(A$/t),2026-06-01,544.7727272727273,,月度,,澳洲,
au,饲料,油菜粕澳洲交付价月均(A$/t),2026-07-01,546.2727272727273,,月度,,澳洲,
au,饲料,豆粕澳洲交付价月均(A$/t),2026-03-01,758.5,,月度,,澳洲,
au,饲料,豆粕澳洲交付价月均(A$/t),2026-04-01,754.5,,月度,,澳洲,
au,饲料,豆粕澳洲交付价月均(A$/t),2026-05-01,735.9,,月度,,澳洲,
au,饲料,豆粕澳洲交付价月均(A$/t),2026-06-01,710.75,,月度,,澳洲,
au,饲料,豆粕澳洲交付价月均(A$/t),2026-07-01,732.1,,月度,,澳洲,
au,饲料,饲料大麦澳洲交付价月均(A$/t),2026-03-01,349.27272727272725,,月度,,澳洲,
au,饲料,饲料大麦澳洲交付价月均(A$/t),2026-04-01,360.7878787878788,,月度,,澳洲,
au,饲料,饲料大麦澳洲交付价月均(A$/t),2026-05-01,358.9272727272727,,月度,,澳洲,
au,饲料,饲料大麦澳洲交付价月均(A$/t),2026-06-01,341.9318181818182,,月度,,澳洲,
au,饲料,饲料大麦澳洲交付价月均(A$/t),2026-07-01,341.2363636363636,,月度,,澳洲,
au,饲料,饲料小麦澳洲交付价月均(A$/t),2026-03-01,356.09090909090907,,月度,,澳洲,
au,饲料,饲料小麦澳洲交付价月均(A$/t),2026-04-01,369.0,,月度,,澳洲,
au,饲料,饲料小麦澳洲交付价月均(A$/t),2026-05-01,371.0,,月度,,澳洲,
au,饲料,饲料小麦澳洲交付价月均(A$/t),2026-06-01,357.3636363636364,,月度,,澳洲,
au,饲料,饲料小麦澳洲交付价月均(A$/t),2026-07-01,360.7090909090909,,月度,,澳洲,
au,饲料,饲料燕麦澳洲交付价月均(A$/t),2026-03-01,329.6666666666667,,月度,,澳洲,
au,饲料,饲料燕麦澳洲交付价月均(A$/t),2026-04-01,322.22222222222223,,月度,,澳洲,
au,饲料,饲料燕麦澳洲交付价月均(A$/t),2026-05-01,320.4,,月度,,澳洲,
au,饲料,饲料燕麦澳洲交付价月均(A$/t),2026-06-01,303.3333333333333,,月度,,澳洲,
au,饲料,饲料燕麦澳洲交付价月均(A$/t),2026-07-01,288.46666666666664,,月度,,澳洲,
au,饲料,高粱澳洲交付价月均(A$/t),2026-03-01,375.75,,月度,,澳洲,
au,饲料,高粱澳洲交付价月均(A$/t),2026-04-01,374.1666666666667,,月度,,澳洲,
au,饲料,高粱澳洲交付价月均(A$/t),2026-05-01,373.9,,月度,,澳洲,
au,饲料,高粱澳洲交付价月均(A$/t),2026-06-01,361.0625,,月度,,澳洲,
au,饲料,高粱澳洲交付价月均(A$/t),2026-07-01,364.2,,月度,,澳洲,
au,鸡,MLA ABS Production Chickens Australia,2024-12-01,378124.0,吨,季度,MLA Statistics API / ABS,Australia,MLA Statistics API report/3 Australian Slaughter and Production；按动物类别和地区保留ABS季度值。
au,鸡,MLA ABS Production Chickens Australia,2025-03-01,387731.0,吨,季度,MLA Statistics API / ABS,Australia,MLA Statistics API report/3 Australian Slaughter and Production；按动物类别和地区保留ABS季度值。
au,鸡,MLA ABS Production Chickens Australia,2025-06-01,394818.0,吨,季度,MLA Statistics API / ABS,Australia,MLA Statistics API report/3 Australian Slaughter and Production；按动物类别和地区保留ABS季度值。
au,鸡,MLA ABS Production Chickens Australia,2025-09-01,391524.0,吨,季度,MLA Statistics API / ABS,Australia,MLA Statistics API report/3 Australian Slaughter and Production；按动物类别和地区保留ABS季度值。
au,鸡,MLA ABS Production Chickens Australia,2025-12-01,390908.0,吨,季度,MLA Statistics API / ABS,Australia,MLA Statistics API report/3 Australian Slaughter and Production；按动物类别和地区保留ABS季度值。
au,鸡,MLA ABS Production Chickens New South Wales,2024-12-01,146781.0,吨,季度,MLA Statistics API / ABS,New South Wales,MLA Statistics API report/3 Australian Slaughter and Production；按动物类别和地区保留ABS季度值。
au,鸡,MLA ABS Production Chickens New South Wales,2025-03-01,152574.0,吨,季度,MLA Statistics API / ABS,New South Wales,MLA Statistics API report/3 Australian Slaughter and Production；按动物类别和地区保留ABS季度值。
au,鸡,MLA ABS Production Chickens New South Wales,2025-06-01,154541.0,吨,季度,MLA Statistics API / ABS,New South Wales,MLA Statistics API report/3 Australian Slaughter and Production；按动物类别和地区保留ABS季度值。
au,鸡,MLA ABS Production Chickens New South Wales,2025-09-01,154617.0,吨,季度,MLA Statistics API / ABS,New South Wales,MLA Statistics API report/3 Australian Slaughter and Production；按动物类别和地区保留ABS季度值。
au,鸡,MLA ABS Production Chickens New South Wales,2025-12-01,153282.0,吨,季度,MLA Statistics API / ABS,New South Wales,MLA Statistics API report/3 Australian Slaughter and Production；按动物类别和地区保留ABS季度值。
au,鸡,MLA ABS Production Chickens Queensland,2024-12-01,64017.0,吨,季度,MLA Statistics API / ABS,Queensland,MLA Statistics API report/3 Australian Slaughter and Production；按动物类别和地区保留ABS季度值。
au,鸡,MLA ABS Production Chickens Queensland,2025-03-01,64079.0,吨,季度,MLA Statistics API / ABS,Queensland,MLA Statistics API report/3 Australian Slaughter and Production；按动物类别和地区保留ABS季度值。
au,鸡,MLA ABS Production Chickens Queensland,2025-06-01,65112.0,吨,季度,MLA Statistics API / ABS,Queensland,MLA Statistics API report/3 Australian Slaughter and Production；按动物类别和地区保留ABS季度值。
au,鸡,MLA ABS Production Chickens Queensland,2025-09-01,63543.0,吨,季度,MLA Statistics API / ABS,Queensland,MLA Statistics API report/3 Australian Slaughter and Production；按动物类别和地区保留ABS季度值。
au,鸡,MLA ABS Production Chickens Queensland,2025-12-01,65678.0,吨,季度,MLA Statistics API / ABS,Queensland,MLA Statistics API report/3 Australian Slaughter and Production；按动物类别和地区保留ABS季度值。
au,鸡,MLA ABS Production Chickens South Australia,2024-12-01,0.0,吨,季度,MLA Statistics API / ABS,South Australia,MLA Statistics API report/3 Australian Slaughter and Production；按动物类别和地区保留ABS季度值。
au,鸡,MLA ABS Production Chickens South Australia,2025-03-01,0.0,吨,季度,MLA Statistics API / ABS,South Australia,MLA Statistics API report/3 Australian Slaughter and Production；按动物类别和地区保留ABS季度值。
au,鸡,MLA ABS Production Chickens South Australia,2025-06-01,0.0,吨,季度,MLA Statistics API / ABS,South Australia,MLA Statistics API report/3 Australian Slaughter and Production；按动物类别和地区保留ABS季度值。
au,鸡,MLA ABS Production Chickens South Australia,2025-09-01,0.0,吨,季度,MLA Statistics API / ABS,South Australia,MLA Statistics API report/3 Australian Slaughter and Production；按动物类别和地区保留ABS季度值。
au,鸡,MLA ABS Production Chickens South Australia,2025-12-01,0.0,吨,季度,MLA Statistics API / ABS,South Australia,MLA Statistics API report/3 Australian Slaughter and Production；按动物类别和地区保留ABS季度值。
au,鸡,MLA ABS Production Chickens Victoria,2024-12-01,68888.0,吨,季度,MLA Statistics API / ABS,Victoria,MLA Statistics API report/3 Australian Slaughter and Production；按动物类别和地区保留ABS季度值。
au,鸡,MLA ABS Production Chickens Victoria,2025-03-01,73077.0,吨,季度,MLA Statistics API / ABS,Victoria,MLA Statistics API report/3 Australian Slaughter and Production；按动物类别和地区保留ABS季度值。
au,鸡,MLA ABS Production Chickens Victoria,2025-06-01,73655.0,吨,季度,MLA Statistics API / ABS,Victoria,MLA Statistics API report/3 Australian Slaughter and Production；按动物类别和地区保留ABS季度值。
au,鸡,MLA ABS Production Chickens Victoria,2025-09-01,77142.0,吨,季度,MLA Statistics API / ABS,Victoria,MLA Statistics API report/3 Australian Slaughter and Production；按动物类别和地区保留ABS季度值。
au,鸡,MLA ABS Production Chickens Victoria,2025-12-01,75330.0,吨,季度,MLA Statistics API / ABS,Victoria,MLA Statistics API report/3 Australian Slaughter and Production；按动物类别和地区保留ABS季度值。
au,鸡,MLA ABS Production Chickens Western Australia,2024-12-01,0.0,吨,季度,MLA Statistics API / ABS,Western Australia,MLA Statistics API report/3 Australian Slaughter and Production；按动物类别和地区保留ABS季度值。
au,鸡,MLA ABS Production Chickens Western Australia,2025-03-01,0.0,吨,季度,MLA Statistics API / ABS,Western Australia,MLA Statistics API report/3 Australian Slaughter and Production；按动物类别和地区保留ABS季度值。
au,鸡,MLA ABS Production Chickens Western Australia,2025-06-01,0.0,吨,季度,MLA Statistics API / ABS,Western Australia,MLA Statistics API report/3 Australian Slaughter and Production；按动物类别和地区保留ABS季度值。
au,鸡,MLA ABS Production Chickens Western Australia,2025-09-01,0.0,吨,季度,MLA Statistics API / ABS,Western Australia,MLA Statistics API report/3 Australian Slaughter and Production；按动物类别和地区保留ABS季度值。
au,鸡,MLA ABS Production Chickens Western Australia,2025-12-01,0.0,吨,季度,MLA Statistics API / ABS,Western Australia,MLA Statistics API report/3 Australian Slaughter and Production；按动物类别和地区保留ABS季度值。
au,鸡,MLA ABS Slaughter Chickens Australia,2024-12-01,187326.6,千头,季度,MLA Statistics API / ABS,Australia,MLA Statistics API report/3 Australian Slaughter and Production；按动物类别和地区保留ABS季度值。
au,鸡,MLA ABS Slaughter Chickens Australia,2025-03-01,188234.2,千头,季度,MLA Statistics API / ABS,Australia,MLA Statistics API report/3 Australian Slaughter and Production；按动物类别和地区保留ABS季度值。
au,鸡,MLA ABS Slaughter Chickens Australia,2025-06-01,189935.2,千头,季度,MLA Statistics API / ABS,Australia,MLA Statistics API report/3 Australian Slaughter and Production；按动物类别和地区保留ABS季度值。
au,鸡,MLA ABS Slaughter Chickens Australia,2025-09-01,191521.3,千头,季度,MLA Statistics API / ABS,Australia,MLA Statistics API report/3 Australian Slaughter and Production；按动物类别和地区保留ABS季度值。
au,鸡,MLA ABS Slaughter Chickens Australia,2025-12-01,194098.2,千头,季度,MLA Statistics API / ABS,Australia,MLA Statistics API report/3 Australian Slaughter and Production；按动物类别和地区保留ABS季度值。
au,鸡,MLA ABS Slaughter Chickens New South Wales,2024-12-01,64222.4,千头,季度,MLA Statistics API / ABS,New South Wales,MLA Statistics API report/3 Australian Slaughter and Production；按动物类别和地区保留ABS季度值。
au,鸡,MLA ABS Slaughter Chickens New South Wales,2025-03-01,65634.8,千头,季度,MLA Statistics API / ABS,New South Wales,MLA Statistics API report/3 Australian Slaughter and Production；按动物类别和地区保留ABS季度值。
au,鸡,MLA ABS Slaughter Chickens New South Wales,2025-06-01,66293.2,千头,季度,MLA Statistics API / ABS,New South Wales,MLA Statistics API report/3 Australian Slaughter and Production；按动物类别和地区保留ABS季度值。
au,鸡,MLA ABS Slaughter Chickens New South Wales,2025-09-01,68222.0,千头,季度,MLA Statistics API / ABS,New South Wales,MLA Statistics API report/3 Australian Slaughter and Production；按动物类别和地区保留ABS季度值。
au,鸡,MLA ABS Slaughter Chickens New South Wales,2025-12-01,67837.4,千头,季度,MLA Statistics API / ABS,New South Wales,MLA Statistics API report/3 Australian Slaughter and Production；按动物类别和地区保留ABS季度值。
au,鸡,MLA ABS Slaughter Chickens Queensland,2024-12-01,35133.3,千头,季度,MLA Statistics API / ABS,Queensland,MLA Statistics API report/3 Australian Slaughter and Production；按动物类别和地区保留ABS季度值。
au,鸡,MLA ABS Slaughter Chickens Queensland,2025-03-01,34475.5,千头,季度,MLA Statistics API / ABS,Queensland,MLA Statistics API report/3 Australian Slaughter and Production；按动物类别和地区保留ABS季度值。
au,鸡,MLA ABS Slaughter Chickens Queensland,2025-06-01,34455.9,千头,季度,MLA Statistics API / ABS,Queensland,MLA Statistics API report/3 Australian Slaughter and Production；按动物类别和地区保留ABS季度值。
au,鸡,MLA ABS Slaughter Chickens Queensland,2025-09-01,34154.7,千头,季度,MLA Statistics API / ABS,Queensland,MLA Statistics API report/3 Australian Slaughter and Production；按动物类别和地区保留ABS季度值。
au,鸡,MLA ABS Slaughter Chickens Queensland,2025-12-01,35277.3,千头,季度,MLA Statistics API / ABS,Queensland,MLA Statistics API report/3 Australian Slaughter and Production；按动物类别和地区保留ABS季度值。
au,鸡,MLA ABS Slaughter Chickens South Australia,2024-12-01,0.0,千头,季度,MLA Statistics API / ABS,South Australia,MLA Statistics API report/3 Australian Slaughter and Production；按动物类别和地区保留ABS季度值。
au,鸡,MLA ABS Slaughter Chickens South Australia,2025-03-01,0.0,千头,季度,MLA Statistics API / ABS,South Australia,MLA Statistics API report/3 Australian Slaughter and Production；按动物类别和地区保留ABS季度值。
au,鸡,MLA ABS Slaughter Chickens South Australia,2025-06-01,0.0,千头,季度,MLA Statistics API / ABS,South Australia,MLA Statistics API report/3 Australian Slaughter and Production；按动物类别和地区保留ABS季度值。
au,鸡,MLA ABS Slaughter Chickens South Australia,2025-09-01,0.0,千头,季度,MLA Statistics API / ABS,South Australia,MLA Statistics API report/3 Australian Slaughter and Production；按动物类别和地区保留ABS季度值。
au,鸡,MLA ABS Slaughter Chickens South Australia,2025-12-01,0.0,千头,季度,MLA Statistics API / ABS,South Australia,MLA Statistics API report/3 Australian Slaughter and Production；按动物类别和地区保留ABS季度值。
au,鸡,MLA ABS Slaughter Chickens Victoria,2024-12-01,38183.2,千头,季度,MLA Statistics API / ABS,Victoria,MLA Statistics API report/3 Australian Slaughter and Production；按动物类别和地区保留ABS季度值。
au,鸡,MLA ABS Slaughter Chickens Victoria,2025-03-01,38277.0,千头,季度,MLA Statistics API / ABS,Victoria,MLA Statistics API report/3 Australian Slaughter and Production；按动物类别和地区保留ABS季度值。
au,鸡,MLA ABS Slaughter Chickens Victoria,2025-06-01,38005.5,千头,季度,MLA Statistics API / ABS,Victoria,MLA Statistics API report/3 Australian Slaughter and Production；按动物类别和地区保留ABS季度值。
au,鸡,MLA ABS Slaughter Chickens Victoria,2025-09-01,38835.2,千头,季度,MLA Statistics API / ABS,Victoria,MLA Statistics API report/3 Australian Slaughter and Production；按动物类别和地区保留ABS季度值。
au,鸡,MLA ABS Slaughter Chickens Victoria,2025-12-01,39853.7,千头,季度,MLA Statistics API / ABS,Victoria,MLA Statistics API report/3 Australian Slaughter and Production；按动物类别和地区保留ABS季度值。
au,鸡,MLA ABS Slaughter Chickens Western Australia,2024-12-01,0.0,千头,季度,MLA Statistics API / ABS,Western Australia,MLA Statistics API report/3 Australian Slaughter and Production；按动物类别和地区保留ABS季度值。
au,鸡,MLA ABS Slaughter Chickens Western Australia,2025-03-01,0.0,千头,季度,MLA Statistics API / ABS,Western Australia,MLA Statistics API report/3 Australian Slaughter and Production；按动物类别和地区保留ABS季度值。
au,鸡,MLA ABS Slaughter Chickens Western Australia,2025-06-01,0.0,千头,季度,MLA Statistics API / ABS,Western Australia,MLA Statistics API report/3 Australian Slaughter and Production；按动物类别和地区保留ABS季度值。
au,鸡,MLA ABS Slaughter Chickens Western Australia,2025-09-01,0.0,千头,季度,MLA Statistics API / ABS,Western Australia,MLA Statistics API report/3 Australian Slaughter and Production；按动物类别和地区保留ABS季度值。
au,鸡,MLA ABS Slaughter Chickens Western Australia,2025-12-01,0.0,千头,季度,MLA Statistics API / ABS,Western Australia,MLA Statistics API report/3 Australian Slaughter and Production；按动物类别和地区保留ABS季度值。
au,鸡,MLA零售肉价 Chicken,2000-03-31,486.2719,AUD c/kg,季度,MLA PowerBI / ABS Retail Meat Prices,澳洲零售,MLA Statistics Australian Retail Meat Prices PowerBI导出；字段为Average Value，按ABS季度零售肉价展示。
au,鸡,MLA零售肉价 Chicken,2000-06-30,487.3313,AUD c/kg,季度,MLA PowerBI / ABS Retail Meat Prices,澳洲零售,MLA Statistics Australian Retail Meat Prices PowerBI导出；字段为Average Value，按ABS季度零售肉价展示。
au,鸡,MLA零售肉价 Chicken,2000-09-30,466.143,AUD c/kg,季度,MLA PowerBI / ABS Retail Meat Prices,澳洲零售,MLA Statistics Australian Retail Meat Prices PowerBI导出；字段为Average Value，按ABS季度零售肉价展示。
au,鸡,MLA零售肉价 Chicken,2000-12-31,471.4401,AUD c/kg,季度,MLA PowerBI / ABS Retail Meat Prices,澳洲零售,MLA Statistics Australian Retail Meat Prices PowerBI导出；字段为Average Value，按ABS季度零售肉价展示。
au,鸡,MLA零售肉价 Chicken,2001-03-31,492.0987,AUD c/kg,季度,MLA PowerBI / ABS Retail Meat Prices,澳洲零售,MLA Statistics Australian Retail Meat Prices PowerBI导出；字段为Average Value，按ABS季度零售肉价展示。
au,鸡,MLA零售肉价 Chicken,2001-06-30,495.8066,AUD c/kg,季度,MLA PowerBI / ABS Retail Meat Prices,澳洲零售,MLA Statistics Australian Retail Meat Prices PowerBI导出；字段为Average Value，按ABS季度零售肉价展示。
au,鸡,MLA零售肉价 Chicken,2001-09-30,498.9849,AUD c/kg,季度,MLA PowerBI / ABS Retail Meat Prices,澳洲零售,MLA Statistics Australian Retail Meat Prices PowerBI导出；字段为Average Value，按ABS季度零售肉价展示。
au,鸡,MLA零售肉价 Chicken,2001-12-31,500.0443,AUD c/kg,季度,MLA PowerBI / ABS Retail Meat Prices,澳洲零售,MLA Statistics Australian Retail Meat Prices PowerBI导出；字段为Average Value，按ABS季度零售肉价展示。
au,鸡,MLA零售肉价 Chicken,2002-03-31,518.0544,AUD c/kg,季度,MLA PowerBI / ABS Retail Meat Prices,澳洲零售,MLA Statistics Australian Retail Meat Prices PowerBI导出；字段为Average Value，按ABS季度零售肉价展示。
au,鸡,MLA零售肉价 Chicken,2002-06-30,504.282,AUD c/kg,季度,MLA PowerBI / ABS Retail Meat Prices,澳洲零售,MLA Statistics Australian Retail Meat Prices PowerBI导出；字段为Average Value，按ABS季度零售肉价展示。
au,鸡,MLA零售肉价 Chicken,2002-09-30,497.9255,AUD c/kg,季度,MLA PowerBI / ABS Retail Meat Prices,澳洲零售,MLA Statistics Australian Retail Meat Prices PowerBI导出；字段为Average Value，按ABS季度零售肉价展示。
au,鸡,MLA零售肉价 Chicken,2002-12-31,492.6284,AUD c/kg,季度,MLA PowerBI / ABS Retail Meat Prices,澳洲零售,MLA Statistics Australian Retail Meat Prices PowerBI导出；字段为Average Value，按ABS季度零售肉价展示。
au,鸡,MLA零售肉价 Chicken,2003-03-31,502.1631,AUD c/kg,季度,MLA PowerBI / ABS Retail Meat Prices,澳洲零售,MLA Statistics Australian Retail Meat Prices PowerBI导出；字段为Average Value，按ABS季度零售肉价展示。
au,鸡,MLA零售肉价 Chicken,2003-06-30,501.1037,AUD c/kg,季度,MLA PowerBI / ABS Retail Meat Prices,澳洲零售,MLA Statistics Australian Retail Meat Prices PowerBI导出；字段为Average Value，按ABS季度零售肉价展示。
au,鸡,MLA零售肉价 Chicken,2003-09-30,504.282,AUD c/kg,季度,MLA PowerBI / ABS Retail Meat Prices,澳洲零售,MLA Statistics Australian Retail Meat Prices PowerBI导出；字段为Average Value，按ABS季度零售肉价展示。
au,鸡,MLA零售肉价 Chicken,2003-12-31,529.1782,AUD c/kg,季度,MLA PowerBI / ABS Retail Meat Prices,澳洲零售,MLA Statistics Australian Retail Meat Prices PowerBI导出；字段为Average Value，按ABS季度零售肉价展示。
au,鸡,MLA零售肉价 Chicken,2004-03-31,540.8318,AUD c/kg,季度,MLA PowerBI / ABS Retail Meat Prices,澳洲零售,MLA Statistics Australian Retail Meat Prices PowerBI导出；字段为Average Value，按ABS季度零售肉价展示。
au,鸡,MLA零售肉价 Chicken,2004-06-30,532.3565,AUD c/kg,季度,MLA PowerBI / ABS Retail Meat Prices,澳洲零售,MLA Statistics Australian Retail Meat Prices PowerBI导出；字段为Average Value，按ABS季度零售肉价展示。
au,鸡,MLA零售肉价 Chicken,2004-09-30,531.8268,AUD c/kg,季度,MLA PowerBI / ABS Retail Meat Prices,澳洲零售,MLA Statistics Australian Retail Meat Prices PowerBI导出；字段为Average Value，按ABS季度零售肉价展示。
au,鸡,MLA零售肉价 Chicken,2004-12-31,529.708,AUD c/kg,季度,MLA PowerBI / ABS Retail Meat Prices,澳洲零售,MLA Statistics Australian Retail Meat Prices PowerBI导出；字段为Average Value，按ABS季度零售肉价展示。
au,鸡,MLA零售肉价 Chicken,2005-03-31,527.5891,AUD c/kg,季度,MLA PowerBI / ABS Retail Meat Prices,澳洲零售,MLA Statistics Australian Retail Meat Prices PowerBI导出；字段为Average Value，按ABS季度零售肉价展示。
au,鸡,MLA零售肉价 Chicken,2005-06-30,511.1682,AUD c/kg,季度,MLA PowerBI / ABS Retail Meat Prices,澳洲零售,MLA Statistics Australian Retail Meat Prices PowerBI导出；字段为Average Value，按ABS季度零售肉价展示。
au,鸡,MLA零售肉价 Chicken,2005-09-30,501.6334,AUD c/kg,季度,MLA PowerBI / ABS Retail Meat Prices,澳洲零售,MLA Statistics Australian Retail Meat Prices PowerBI导出；字段为Average Value，按ABS季度零售肉价展示。
au,鸡,MLA零售肉价 Chicken,2005-12-31,498.9849,AUD c/kg,季度,MLA PowerBI / ABS Retail Meat Prices,澳洲零售,MLA Statistics Australian Retail Meat Prices PowerBI导出；字段为Average Value，按ABS季度零售肉价展示。
au,鸡,MLA零售肉价 Chicken,2006-03-31,493.1581,AUD c/kg,季度,MLA PowerBI / ABS Retail Meat Prices,澳洲零售,MLA Statistics Australian Retail Meat Prices PowerBI导出；字段为Average Value，按ABS季度零售肉价展示。
au,鸡,MLA零售肉价 Chicken,2006-06-30,496.8661,AUD c/kg,季度,MLA PowerBI / ABS Retail Meat Prices,澳洲零售,MLA Statistics Australian Retail Meat Prices PowerBI导出；字段为Average Value，按ABS季度零售肉价展示。
au,鸡,MLA零售肉价 Chicken,2006-09-30,485.7422,AUD c/kg,季度,MLA PowerBI / ABS Retail Meat Prices,澳洲零售,MLA Statistics Australian Retail Meat Prices PowerBI导出；字段为Average Value，按ABS季度零售肉价展示。
au,鸡,MLA零售肉价 Chicken,2006-12-31,484.1531,AUD c/kg,季度,MLA PowerBI / ABS Retail Meat Prices,澳洲零售,MLA Statistics Australian Retail Meat Prices PowerBI导出；字段为Average Value，按ABS季度零售肉价展示。
au,鸡,MLA零售肉价 Chicken,2007-03-31,494.2175,AUD c/kg,季度,MLA PowerBI / ABS Retail Meat Prices,澳洲零售,MLA Statistics Australian Retail Meat Prices PowerBI导出；字段为Average Value，按ABS季度零售肉价展示。
au,鸡,MLA零售肉价 Chicken,2007-06-30,497.3958,AUD c/kg,季度,MLA PowerBI / ABS Retail Meat Prices,澳洲零售,MLA Statistics Australian Retail Meat Prices PowerBI导出；字段为Average Value，按ABS季度零售肉价展示。
au,鸡,MLA零售肉价 Chicken,2007-09-30,504.8117,AUD c/kg,季度,MLA PowerBI / ABS Retail Meat Prices,澳洲零售,MLA Statistics Australian Retail Meat Prices PowerBI导出；字段为Average Value，按ABS季度零售肉价展示。
au,鸡,MLA零售肉价 Chicken,2007-12-31,526.0,AUD c/kg,季度,MLA PowerBI / ABS Retail Meat Prices,澳洲零售,MLA Statistics Australian Retail Meat Prices PowerBI导出；字段为Average Value，按ABS季度零售肉价展示。
au,鸡,MLA零售肉价 Chicken,2008-03-31,551.9557,AUD c/kg,季度,MLA PowerBI / ABS Retail Meat Prices,澳洲零售,MLA Statistics Australian Retail Meat Prices PowerBI导出；字段为Average Value，按ABS季度零售肉价展示。
au,鸡,MLA零售肉价 Chicken,2008-06-30,551.9557,AUD c/kg,季度,MLA PowerBI / ABS Retail Meat Prices,澳洲零售,MLA Statistics Australian Retail Meat Prices PowerBI导出；字段为Average Value，按ABS季度零售肉价展示。
au,鸡,MLA零售肉价 Chicken,2008-09-30,548.2477,AUD c/kg,季度,MLA PowerBI / ABS Retail Meat Prices,澳洲零售,MLA Statistics Australian Retail Meat Prices PowerBI导出；字段为Average Value，按ABS季度零售肉价展示。
au,鸡,MLA零售肉价 Chicken,2008-12-31,550.8963,AUD c/kg,季度,MLA PowerBI / ABS Retail Meat Prices,澳洲零售,MLA Statistics Australian Retail Meat Prices PowerBI导出；字段为Average Value，按ABS季度零售肉价展示。
au,鸡,MLA零售肉价 Chicken,2009-03-31,553.5448,AUD c/kg,季度,MLA PowerBI / ABS Retail Meat Prices,澳洲零售,MLA Statistics Australian Retail Meat Prices PowerBI导出；字段为Average Value，按ABS季度零售肉价展示。
au,鸡,MLA零售肉价 Chicken,2009-06-30,541.3615,AUD c/kg,季度,MLA PowerBI / ABS Retail Meat Prices,澳洲零售,MLA Statistics Australian Retail Meat Prices PowerBI导出；字段为Average Value，按ABS季度零售肉价展示。
au,鸡,MLA零售肉价 Chicken,2009-09-30,549.8369,AUD c/kg,季度,MLA PowerBI / ABS Retail Meat Prices,澳洲零售,MLA Statistics Australian Retail Meat Prices PowerBI导出；字段为Average Value，按ABS季度零售肉价展示。
au,鸡,MLA零售肉价 Chicken,2009-12-31,549.8369,AUD c/kg,季度,MLA PowerBI / ABS Retail Meat Prices,澳洲零售,MLA Statistics Australian Retail Meat Prices PowerBI导出；字段为Average Value，按ABS季度零售肉价展示。
au,鸡,MLA零售肉价 Chicken,2010-03-31,540.3021,AUD c/kg,季度,MLA PowerBI / ABS Retail Meat Prices,澳洲零售,MLA Statistics Australian Retail Meat Prices PowerBI导出；字段为Average Value，按ABS季度零售肉价展示。
au,鸡,MLA零售肉价 Chicken,2010-06-30,545.0695,AUD c/kg,季度,MLA PowerBI / ABS Retail Meat Prices,澳洲零售,MLA Statistics Australian Retail Meat Prices PowerBI导出；字段为Average Value，按ABS季度零售肉价展示。
au,鸡,MLA零售肉价 Chicken,2010-09-30,544.0101,AUD c/kg,季度,MLA PowerBI / ABS Retail Meat Prices,澳洲零售,MLA Statistics Australian Retail Meat Prices PowerBI导出；字段为Average Value，按ABS季度零售肉价展示。
au,鸡,MLA零售肉价 Chicken,2010-12-31,553.0151,AUD c/kg,季度,MLA PowerBI / ABS Retail Meat Prices,澳洲零售,MLA Statistics Australian Retail Meat Prices PowerBI导出；字段为Average Value，按ABS季度零售肉价展示。
au,鸡,MLA零售肉价 Chicken,2011-03-31,554.6042,AUD c/kg,季度,MLA PowerBI / ABS Retail Meat Prices,澳洲零售,MLA Statistics Australian Retail Meat Prices PowerBI导出；字段为Average Value，按ABS季度零售肉价展示。
au,鸡,MLA零售肉价 Chicken,2011-06-30,558.3122,AUD c/kg,季度,MLA PowerBI / ABS Retail Meat Prices,澳洲零售,MLA Statistics Australian Retail Meat Prices PowerBI导出；字段为Average Value，按ABS季度零售肉价展示。
au,鸡,MLA零售肉价 Chicken,2011-09-30,550.3666,AUD c/kg,季度,MLA PowerBI / ABS Retail Meat Prices,澳洲零售,MLA Statistics Australian Retail Meat Prices PowerBI导出；字段为Average Value，按ABS季度零售肉价展示。
au,鸡,MLA零售肉价 Chicken,2011-12-31,533.4159,AUD c/kg,季度,MLA PowerBI / ABS Retail Meat Prices,澳洲零售,MLA Statistics Australian Retail Meat Prices PowerBI导出；字段为Average Value，按ABS季度零售肉价展示。
au,鸡,MLA零售肉价 Chicken,2012-03-31,516.4653,AUD c/kg,季度,MLA PowerBI / ABS Retail Meat Prices,澳洲零售,MLA Statistics Australian Retail Meat Prices PowerBI导出；字段为Average Value，按ABS季度零售肉价展示。
au,鸡,MLA零售肉价 Chicken,2012-06-30,518.5841,AUD c/kg,季度,MLA PowerBI / ABS Retail Meat Prices,澳洲零售,MLA Statistics Australian Retail Meat Prices PowerBI导出；字段为Average Value，按ABS季度零售肉价展示。
au,鸡,MLA零售肉价 Chicken,2012-09-30,527.0594,AUD c/kg,季度,MLA PowerBI / ABS Retail Meat Prices,澳洲零售,MLA Statistics Australian Retail Meat Prices PowerBI导出；字段为Average Value，按ABS季度零售肉价展示。
au,鸡,MLA零售肉价 Chicken,2012-12-31,558.8419,AUD c/kg,季度,MLA PowerBI / ABS Retail Meat Prices,澳洲零售,MLA Statistics Australian Retail Meat Prices PowerBI导出；字段为Average Value，按ABS季度零售肉价展示。
au,鸡,MLA零售肉价 Chicken,2013-03-31,559.3716,AUD c/kg,季度,MLA PowerBI / ABS Retail Meat Prices,澳洲零售,MLA Statistics Australian Retail Meat Prices PowerBI导出；字段为Average Value，按ABS季度零售肉价展示。
au,鸡,MLA零售肉价 Chicken,2013-06-30,557.7825,AUD c/kg,季度,MLA PowerBI / ABS Retail Meat Prices,澳洲零售,MLA Statistics Australian Retail Meat Prices PowerBI导出；字段为Average Value，按ABS季度零售肉价展示。
au,鸡,MLA零售肉价 Chicken,2013-09-30,550.9,AUD c/kg,季度,MLA PowerBI / ABS Retail Meat Prices,澳洲零售,MLA Statistics Australian Retail Meat Prices PowerBI导出；字段为Average Value，按ABS季度零售肉价展示。
au,鸡,MLA零售肉价 Chicken,2013-12-31,557.8,AUD c/kg,季度,MLA PowerBI / ABS Retail Meat Prices,澳洲零售,MLA Statistics Australian Retail Meat Prices PowerBI导出；字段为Average Value，按ABS季度零售肉价展示。
au,鸡,MLA零售肉价 Chicken,2014-03-31,558.8419,AUD c/kg,季度,MLA PowerBI / ABS Retail Meat Prices,澳洲零售,MLA Statistics Australian Retail Meat Prices PowerBI导出；字段为Average Value，按ABS季度零售肉价展示。
au,鸡,MLA零售肉价 Chicken,2014-06-30,555.6636,AUD c/kg,季度,MLA PowerBI / ABS Retail Meat Prices,澳洲零售,MLA Statistics Australian Retail Meat Prices PowerBI导出；字段为Average Value，按ABS季度零售肉价展示。
au,鸡,MLA零售肉价 Chicken,2014-09-30,556.7231,AUD c/kg,季度,MLA PowerBI / ABS Retail Meat Prices,澳洲零售,MLA Statistics Australian Retail Meat Prices PowerBI导出；字段为Average Value，按ABS季度零售肉价展示。
au,鸡,MLA零售肉价 Chicken,2014-12-31,558.8,AUD c/kg,季度,MLA PowerBI / ABS Retail Meat Prices,澳洲零售,MLA Statistics Australian Retail Meat Prices PowerBI导出；字段为Average Value，按ABS季度零售肉价展示。
au,鸡,MLA零售肉价 Chicken,2015-03-31,560.4,AUD c/kg,季度,MLA PowerBI / ABS Retail Meat Prices,澳洲零售,MLA Statistics Australian Retail Meat Prices PowerBI导出；字段为Average Value，按ABS季度零售肉价展示。
au,鸡,MLA零售肉价 Chicken,2015-06-30,558.811,AUD c/kg,季度,MLA PowerBI / ABS Retail Meat Prices,澳洲零售,MLA Statistics Australian Retail Meat Prices PowerBI导出；字段为Average Value，按ABS季度零售肉价展示。
au,鸡,MLA零售肉价 Chicken,2015-09-30,548.2174,AUD c/kg,季度,MLA PowerBI / ABS Retail Meat Prices,澳洲零售,MLA Statistics Australian Retail Meat Prices PowerBI导出；字段为Average Value，按ABS季度零售肉价展示。
au,鸡,MLA零售肉价 Chicken,2015-12-31,538.6832,AUD c/kg,季度,MLA PowerBI / ABS Retail Meat Prices,澳洲零售,MLA Statistics Australian Retail Meat Prices PowerBI导出；字段为Average Value，按ABS季度零售肉价展示。
au,鸡,MLA零售肉价 Chicken,2016-03-31,543.98,AUD c/kg,季度,MLA PowerBI / ABS Retail Meat Prices,澳洲零售,MLA Statistics Australian Retail Meat Prices PowerBI导出；字段为Average Value，按ABS季度零售肉价展示。
au,鸡,MLA零售肉价 Chicken,2016-06-30,531.2677,AUD c/kg,季度,MLA PowerBI / ABS Retail Meat Prices,澳洲零售,MLA Statistics Australian Retail Meat Prices PowerBI导出；字段为Average Value，按ABS季度零售肉价展示。
au,鸡,MLA零售肉价 Chicken,2016-09-30,529.6786,AUD c/kg,季度,MLA PowerBI / ABS Retail Meat Prices,澳洲零售,MLA Statistics Australian Retail Meat Prices PowerBI导出；字段为Average Value，按ABS季度零售肉价展示。
au,鸡,MLA零售肉价 Chicken,2016-12-31,532.327,AUD c/kg,季度,MLA PowerBI / ABS Retail Meat Prices,澳洲零售,MLA Statistics Australian Retail Meat Prices PowerBI导出；字段为Average Value，按ABS季度零售肉价展示。
au,鸡,MLA零售肉价 Chicken,2017-03-31,537.6238,AUD c/kg,季度,MLA PowerBI / ABS Retail Meat Prices,澳洲零售,MLA Statistics Australian Retail Meat Prices PowerBI导出；字段为Average Value，按ABS季度零售肉价展示。
au,鸡,MLA零售肉价 Chicken,2017-06-30,531.7974,AUD c/kg,季度,MLA PowerBI / ABS Retail Meat Prices,澳洲零售,MLA Statistics Australian Retail Meat Prices PowerBI导出；字段为Average Value，按ABS季度零售肉价展示。
au,鸡,MLA零售肉价 Chicken,2017-09-30,531.2677,AUD c/kg,季度,MLA PowerBI / ABS Retail Meat Prices,澳洲零售,MLA Statistics Australian Retail Meat Prices PowerBI导出；字段为Average Value，按ABS季度零售肉价展示。
au,鸡,MLA零售肉价 Chicken,2017-12-31,538.1535,AUD c/kg,季度,MLA PowerBI / ABS Retail Meat Prices,澳洲零售,MLA Statistics Australian Retail Meat Prices PowerBI导出；字段为Average Value，按ABS季度零售肉价展示。
au,鸡,MLA零售肉价 Chicken,2018-03-31,540.8019,AUD c/kg,季度,MLA PowerBI / ABS Retail Meat Prices,澳洲零售,MLA Statistics Australian Retail Meat Prices PowerBI导出；字段为Average Value，按ABS季度零售肉价展示。
au,鸡,MLA零售肉价 Chicken,2018-06-30,539.2129,AUD c/kg,季度,MLA PowerBI / ABS Retail Meat Prices,澳洲零售,MLA Statistics Australian Retail Meat Prices PowerBI导出；字段为Average Value，按ABS季度零售肉价展示。
au,鸡,MLA零售肉价 Chicken,2018-09-30,541.3,AUD c/kg,季度,MLA PowerBI / ABS Retail Meat Prices,澳洲零售,MLA Statistics Australian Retail Meat Prices PowerBI导出；字段为Average Value，按ABS季度零售肉价展示。
au,鸡,MLA零售肉价 Chicken,2018-12-31,546.5965,AUD c/kg,季度,MLA PowerBI / ABS Retail Meat Prices,澳洲零售,MLA Statistics Australian Retail Meat Prices PowerBI导出；字段为Average Value，按ABS季度零售肉价展示。
au,鸡,MLA零售肉价 Chicken,2019-03-31,562.4859,AUD c/kg,季度,MLA PowerBI / ABS Retail Meat Prices,澳洲零售,MLA Statistics Australian Retail Meat Prices PowerBI导出；字段为Average Value，按ABS季度零售肉价展示。
au,鸡,MLA零售肉价 Chicken,2019-06-30,561.4266,AUD c/kg,季度,MLA PowerBI / ABS Retail Meat Prices,澳洲零售,MLA Statistics Australian Retail Meat Prices PowerBI导出；字段为Average Value，按ABS季度零售肉价展示。
au,鸡,MLA零售肉价 Chicken,2019-09-30,569.3713,AUD c/kg,季度,MLA PowerBI / ABS Retail Meat Prices,澳洲零售,MLA Statistics Australian Retail Meat Prices PowerBI导出；字段为Average Value，按ABS季度零售肉价展示。
au,鸡,MLA零售肉价 Chicken,2019-12-31,564.0749,AUD c/kg,季度,MLA PowerBI / ABS Retail Meat Prices,澳洲零售,MLA Statistics Australian Retail Meat Prices PowerBI导出；字段为Average Value，按ABS季度零售肉价展示。
au,鸡,MLA零售肉价 Chicken,2020-03-31,569.3713,AUD c/kg,季度,MLA PowerBI / ABS Retail Meat Prices,澳洲零售,MLA Statistics Australian Retail Meat Prices PowerBI导出；字段为Average Value，按ABS季度零售肉价展示。
au,鸡,MLA零售肉价 Chicken,2020-06-30,561.9563,AUD c/kg,季度,MLA PowerBI / ABS Retail Meat Prices,澳洲零售,MLA Statistics Australian Retail Meat Prices PowerBI导出；字段为Average Value，按ABS季度零售肉价展示。
au,鸡,MLA零售肉价 Chicken,2020-09-30,570.9603,AUD c/kg,季度,MLA PowerBI / ABS Retail Meat Prices,澳洲零售,MLA Statistics Australian Retail Meat Prices PowerBI导出；字段为Average Value，按ABS季度零售肉价展示。
au,鸡,MLA零售肉价 Chicken,2020-12-31,564.0749,AUD c/kg,季度,MLA PowerBI / ABS Retail Meat Prices,澳洲零售,MLA Statistics Australian Retail Meat Prices PowerBI导出；字段为Average Value，按ABS季度零售肉价展示。
au,鸡,MLA零售肉价 Chicken,2021-03-31,567.7824,AUD c/kg,季度,MLA PowerBI / ABS Retail Meat Prices,澳洲零售,MLA Statistics Australian Retail Meat Prices PowerBI导出；字段为Average Value，按ABS季度零售肉价展示。
au,鸡,MLA零售肉价 Chicken,2021-06-30,565.1341,AUD c/kg,季度,MLA PowerBI / ABS Retail Meat Prices,澳洲零售,MLA Statistics Australian Retail Meat Prices PowerBI导出；字段为Average Value，按ABS季度零售肉价展示。
au,鸡,MLA零售肉价 Chicken,2021-09-30,568.8417,AUD c/kg,季度,MLA PowerBI / ABS Retail Meat Prices,澳洲零售,MLA Statistics Australian Retail Meat Prices PowerBI导出；字段为Average Value，按ABS季度零售肉价展示。
au,鸡,MLA零售肉价 Chicken,2021-12-31,559.308,AUD c/kg,季度,MLA PowerBI / ABS Retail Meat Prices,澳洲零售,MLA Statistics Australian Retail Meat Prices PowerBI导出；字段为Average Value，按ABS季度零售肉价展示。
au,鸡,MLA零售肉价 Chicken,2022-03-31,588.9683,AUD c/kg,季度,MLA PowerBI / ABS Retail Meat Prices,澳洲零售,MLA Statistics Australian Retail Meat Prices PowerBI导出；字段为Average Value，按ABS季度零售肉价展示。
au,鸡,MLA零售肉价 Chicken,2022-06-30,598.502,AUD c/kg,季度,MLA PowerBI / ABS Retail Meat Prices,澳洲零售,MLA Statistics Australian Retail Meat Prices PowerBI导出；字段为Average Value，按ABS季度零售肉价展示。
au,鸡,MLA零售肉价 Chicken,2022-09-30,617.5693,AUD c/kg,季度,MLA PowerBI / ABS Retail Meat Prices,澳洲零售,MLA Statistics Australian Retail Meat Prices PowerBI导出；字段为Average Value，按ABS季度零售肉价展示。
au,鸡,MLA零售肉价 Chicken,2022-12-31,624.4547,AUD c/kg,季度,MLA PowerBI / ABS Retail Meat Prices,澳洲零售,MLA Statistics Australian Retail Meat Prices PowerBI导出；字段为Average Value，按ABS季度零售肉价展示。
au,鸡,MLA零售肉价 Chicken,2023-03-31,631.8698,AUD c/kg,季度,MLA PowerBI / ABS Retail Meat Prices,澳洲零售,MLA Statistics Australian Retail Meat Prices PowerBI导出；字段为Average Value，按ABS季度零售肉价展示。
au,鸡,MLA零售肉价 Chicken,2023-06-30,645.6406,AUD c/kg,季度,MLA PowerBI / ABS Retail Meat Prices,澳洲零售,MLA Statistics Australian Retail Meat Prices PowerBI导出；字段为Average Value，按ABS季度零售肉价展示。
au,鸡,MLA零售肉价 Chicken,2023-09-30,652.526,AUD c/kg,季度,MLA PowerBI / ABS Retail Meat Prices,澳洲零售,MLA Statistics Australian Retail Meat Prices PowerBI导出；字段为Average Value，按ABS季度零售肉价展示。
au,鸡,MLA零售肉价 Chicken,2023-12-31,643.522,AUD c/kg,季度,MLA PowerBI / ABS Retail Meat Prices,澳洲零售,MLA Statistics Australian Retail Meat Prices PowerBI导出；字段为Average Value，按ABS季度零售肉价展示。
au,鸡,MLA零售肉价 Chicken,2024-03-31,645.111,AUD c/kg,季度,MLA PowerBI / ABS Retail Meat Prices,澳洲零售,MLA Statistics Australian Retail Meat Prices PowerBI导出；字段为Average Value，按ABS季度零售肉价展示。
au,鸡,MLA零售肉价 Chicken,2024-06-30,649.3481,AUD c/kg,季度,MLA PowerBI / ABS Retail Meat Prices,澳洲零售,MLA Statistics Australian Retail Meat Prices PowerBI导出；字段为Average Value，按ABS季度零售肉价展示。
au,鸡,MLA零售肉价 Chicken,2024-09-30,659.4114,AUD c/kg,季度,MLA PowerBI / ABS Retail Meat Prices,澳洲零售,MLA Statistics Australian Retail Meat Prices PowerBI导出；字段为Average Value，按ABS季度零售肉价展示。
au,鸡,MLA零售肉价 Chicken,2024-12-31,659.9411,AUD c/kg,季度,MLA PowerBI / ABS Retail Meat Prices,澳洲零售,MLA Statistics Australian Retail Meat Prices PowerBI导出；字段为Average Value，按ABS季度零售肉价展示。
au,鸡,MLA零售肉价 Chicken,2025-03-31,665.2376,AUD c/kg,季度,MLA PowerBI / ABS Retail Meat Prices,澳洲零售,MLA Statistics Australian Retail Meat Prices PowerBI导出；字段为Average Value，按ABS季度零售肉价展示。
au,鸡,MLA零售肉价 Chicken,2025-06-30,656.2336,AUD c/kg,季度,MLA PowerBI / ABS Retail Meat Prices,澳洲零售,MLA Statistics Australian Retail Meat Prices PowerBI导出；字段为Average Value，按ABS季度零售肉价展示。
au,鸡,MLA零售肉价 Chicken,2025-09-30,656.7632,AUD c/kg,季度,MLA PowerBI / ABS Retail Meat Prices,澳洲零售,MLA Statistics Australian Retail Meat Prices PowerBI导出；字段为Average Value，按ABS季度零售肉价展示。
au,鸡,禽肉CPI指数,1972-09-01,25.66,,月度,,澳洲,
au,鸡,禽肉CPI指数,1972-12-01,25.89,,月度,,澳洲,
au,鸡,禽肉CPI指数,1973-03-01,25.74,,月度,,澳洲,
au,鸡,禽肉CPI指数,1973-06-01,27.76,,月度,,澳洲,
au,鸡,禽肉CPI指数,1973-09-01,29.56,,月度,,澳洲,
au,鸡,禽肉CPI指数,1973-12-01,29.71,,月度,,澳洲,
au,鸡,禽肉CPI指数,1974-03-01,31.59,,月度,,澳洲,
au,鸡,禽肉CPI指数,1974-06-01,32.44,,月度,,澳洲,
au,鸡,禽肉CPI指数,1974-09-01,32.91,,月度,,澳洲,
au,鸡,禽肉CPI指数,1974-12-01,32.44,,月度,,澳洲,
au,鸡,禽肉CPI指数,1975-03-01,32.05,,月度,,澳洲,
au,鸡,禽肉CPI指数,1975-06-01,34.39,,月度,,澳洲,
au,鸡,禽肉CPI指数,1975-09-01,35.41,,月度,,澳洲,
au,鸡,禽肉CPI指数,1975-12-01,35.41,,月度,,澳洲,
au,鸡,禽肉CPI指数,1976-03-01,37.04,,月度,,澳洲,
au,鸡,禽肉CPI指数,1976-06-01,37.12,,月度,,澳洲,
au,鸡,禽肉CPI指数,1976-09-01,36.58,,月度,,澳洲,
au,鸡,禽肉CPI指数,1976-12-01,37.04,,月度,,澳洲,
au,鸡,禽肉CPI指数,1977-03-01,40.16,,月度,,澳洲,
au,鸡,禽肉CPI指数,1977-06-01,40.63,,月度,,澳洲,
au,鸡,禽肉CPI指数,1977-09-01,41.57,,月度,,澳洲,
au,鸡,禽肉CPI指数,1977-12-01,42.27,,月度,,澳洲,
au,鸡,禽肉CPI指数,1978-03-01,42.04,,月度,,澳洲,
au,鸡,禽肉CPI指数,1978-06-01,42.27,,月度,,澳洲,
au,鸡,禽肉CPI指数,1978-09-01,41.65,,月度,,澳洲,
au,鸡,禽肉CPI指数,1978-12-01,42.97,,月度,,澳洲,
au,鸡,禽肉CPI指数,1979-03-01,43.6,,月度,,澳洲,
au,鸡,禽肉CPI指数,1979-06-01,44.3,,月度,,澳洲,
au,鸡,禽肉CPI指数,1979-09-01,46.17,,月度,,澳洲,
au,鸡,禽肉CPI指数,1979-12-01,45.7,,月度,,澳洲,
au,鸡,禽肉CPI指数,1980-03-01,46.17,,月度,,澳洲,
au,鸡,禽肉CPI指数,1980-06-01,48.59,,月度,,澳洲,
au,鸡,禽肉CPI指数,1980-09-01,47.34,,月度,,澳洲,
au,鸡,禽肉CPI指数,1980-12-01,50.93,,月度,,澳洲,
au,鸡,禽肉CPI指数,1981-03-01,53.81,,月度,,澳洲,
au,鸡,禽肉CPI指数,1981-06-01,54.44,,月度,,澳洲,
au,鸡,禽肉CPI指数,1981-09-01,55.68,,月度,,澳洲,
au,鸡,禽肉CPI指数,1981-12-01,57.24,,月度,,澳洲,
au,鸡,禽肉CPI指数,1982-03-01,58.26,,月度,,澳洲,
au,鸡,禽肉CPI指数,1982-06-01,58.1,,月度,,澳洲,
au,鸡,禽肉CPI指数,1982-09-01,59.51,,月度,,澳洲,
au,鸡,禽肉CPI指数,1982-12-01,59.19,,月度,,澳洲,
au,鸡,禽肉CPI指数,1983-03-01,60.83,,月度,,澳洲,
au,鸡,禽肉CPI指数,1983-06-01,60.52,,月度,,澳洲,
au,鸡,禽肉CPI指数,1983-09-01,64.5,,月度,,澳洲,
au,鸡,禽肉CPI指数,1983-12-01,61.3,,月度,,澳洲,
au,鸡,禽肉CPI指数,1984-03-01,61.69,,月度,,澳洲,
au,鸡,禽肉CPI指数,1984-06-01,59.58,,月度,,澳洲,
au,鸡,禽肉CPI指数,1984-09-01,60.36,,月度,,澳洲,
au,鸡,禽肉CPI指数,1984-12-01,62.08,,月度,,澳洲,
au,鸡,禽肉CPI指数,1985-03-01,64.18,,月度,,澳洲,
au,鸡,禽肉CPI指数,1985-06-01,64.11,,月度,,澳洲,
au,鸡,禽肉CPI指数,1985-09-01,63.25,,月度,,澳洲,
au,鸡,禽肉CPI指数,1985-12-01,63.72,,月度,,澳洲,
au,鸡,禽肉CPI指数,1986-03-01,65.82,,月度,,澳洲,
au,鸡,禽肉CPI指数,1986-06-01,65.28,,月度,,澳洲,
au,鸡,禽肉CPI指数,1986-09-01,64.65,,月度,,澳洲,
au,鸡,禽肉CPI指数,1986-12-01,65.43,,月度,,澳洲,
au,鸡,禽肉CPI指数,1987-03-01,67.69,,月度,,澳洲,
au,鸡,禽肉CPI指数,1987-06-01,70.27,,月度,,澳洲,
au,鸡,禽肉CPI指数,1987-09-01,68.16,,月度,,澳洲,
au,鸡,禽肉CPI指数,1987-12-01,68.47,,月度,,澳洲,
au,鸡,禽肉CPI指数,1988-03-01,68.08,,月度,,澳洲,
au,鸡,禽肉CPI指数,1988-06-01,71.52,,月度,,澳洲,
au,鸡,禽肉CPI指数,1988-09-01,70.35,,月度,,澳洲,
au,鸡,禽肉CPI指数,1988-12-01,73.39,,月度,,澳洲,
au,鸡,禽肉CPI指数,1989-03-01,75.02,,月度,,澳洲,
au,鸡,禽肉CPI指数,1989-06-01,77.91,,月度,,澳洲,
au,鸡,禽肉CPI指数,1989-09-01,76.66,,月度,,澳洲,
au,鸡,禽肉CPI指数,1989-12-01,78.92,,月度,,澳洲,
au,鸡,禽肉CPI指数,1990-03-01,78.22,,月度,,澳洲,
au,鸡,禽肉CPI指数,1990-06-01,78.14,,月度,,澳洲,
au,鸡,禽肉CPI指数,1990-09-01,75.49,,月度,,澳洲,
au,鸡,禽肉CPI指数,1990-12-01,75.34,,月度,,澳洲,
au,鸡,禽肉CPI指数,1991-03-01,76.19,,月度,,澳洲,
au,鸡,禽肉CPI指数,1991-06-01,73.93,,月度,,澳洲,
au,鸡,禽肉CPI指数,1991-09-01,72.06,,月度,,澳洲,
au,鸡,禽肉CPI指数,1991-12-01,70.81,,月度,,澳洲,
au,鸡,禽肉CPI指数,1992-03-01,71.2,,月度,,澳洲,
au,鸡,禽肉CPI指数,1992-06-01,69.8,,月度,,澳洲,
au,鸡,禽肉CPI指数,1992-09-01,68.71,,月度,,澳洲,
au,鸡,禽肉CPI指数,1992-12-01,68.86,,月度,,澳洲,
au,鸡,禽肉CPI指数,1993-03-01,68.55,,月度,,澳洲,
au,鸡,禽肉CPI指数,1993-06-01,69.41,,月度,,澳洲,
au,鸡,禽肉CPI指数,1993-09-01,68.63,,月度,,澳洲,
au,鸡,禽肉CPI指数,1993-12-01,67.23,,月度,,澳洲,
au,鸡,禽肉CPI指数,1994-03-01,64.73,,月度,,澳洲,
au,鸡,禽肉CPI指数,1994-06-01,65.2,,月度,,澳洲,
au,鸡,禽肉CPI指数,1994-09-01,63.72,,月度,,澳洲,
au,鸡,禽肉CPI指数,1994-12-01,64.5,,月度,,澳洲,
au,鸡,禽肉CPI指数,1995-03-01,69.41,,月度,,澳洲,
au,鸡,禽肉CPI指数,1995-06-01,69.1,,月度,,澳洲,
au,鸡,禽肉CPI指数,1995-09-01,67.85,,月度,,澳洲,
au,鸡,禽肉CPI指数,1995-12-01,70.66,,月度,,澳洲,
au,鸡,禽肉CPI指数,1996-03-01,71.52,,月度,,澳洲,
au,鸡,禽肉CPI指数,1996-06-01,72.84,,月度,,澳洲,
au,鸡,禽肉CPI指数,1996-09-01,74.17,,月度,,澳洲,
au,鸡,禽肉CPI指数,1996-12-01,75.49,,月度,,澳洲,
au,鸡,禽肉CPI指数,1997-03-01,76.27,,月度,,澳洲,
au,鸡,禽肉CPI指数,1997-06-01,74.4,,月度,,澳洲,
au,鸡,禽肉CPI指数,1997-09-01,76.19,,月度,,澳洲,
au,鸡,禽肉CPI指数,1997-12-01,75.02,,月度,,澳洲,
au,鸡,禽肉CPI指数,1998-03-01,75.1,,月度,,澳洲,
au,鸡,禽肉CPI指数,1998-06-01,74.01,,月度,,澳洲,
au,鸡,禽肉CPI指数,1998-09-01,73.24,,月度,,澳洲,
au,鸡,禽肉CPI指数,1998-12-01,73.67,,月度,,澳洲,
au,鸡,禽肉CPI指数,1999-03-01,74.57,,月度,,澳洲,
au,鸡,禽肉CPI指数,1999-06-01,75.41,,月度,,澳洲,
au,鸡,禽肉CPI指数,1999-09-01,74.82,,月度,,澳洲,
au,鸡,禽肉CPI指数,1999-12-01,74.55,,月度,,澳洲,
au,鸡,禽肉CPI指数,2000-03-01,74.24,,月度,,澳洲,
au,鸡,禽肉CPI指数,2000-06-01,74.4,,月度,,澳洲,
au,鸡,禽肉CPI指数,2000-09-01,71.19,,月度,,澳洲,
au,鸡,禽肉CPI指数,2000-12-01,71.97,,月度,,澳洲,
au,鸡,禽肉CPI指数,2001-03-01,75.17,,月度,,澳洲,
au,鸡,禽肉CPI指数,2001-06-01,75.76,,月度,,澳洲,
au,鸡,禽肉CPI指数,2001-09-01,76.2,,月度,,澳洲,
au,鸡,禽肉CPI指数,2001-12-01,76.41,,月度,,澳洲,
au,鸡,禽肉CPI指数,2002-03-01,79.15,,月度,,澳洲,
au,鸡,禽肉CPI指数,2002-06-01,77.04,,月度,,澳洲,
au,鸡,禽肉CPI指数,2002-09-01,76.02,,月度,,澳洲,
au,鸡,禽肉CPI指数,2002-12-01,75.26,,月度,,澳洲,
au,鸡,禽肉CPI指数,2003-03-01,76.69,,月度,,澳洲,
au,鸡,禽肉CPI指数,2003-06-01,76.55,,月度,,澳洲,
au,鸡,禽肉CPI指数,2003-09-01,76.98,,月度,,澳洲,
au,鸡,禽肉CPI指数,2003-12-01,80.82,,月度,,澳洲,
au,鸡,禽肉CPI指数,2004-03-01,82.56,,月度,,澳洲,
au,鸡,禽肉CPI指数,2004-06-01,81.31,,月度,,澳洲,
au,鸡,禽肉CPI指数,2004-09-01,81.21,,月度,,澳洲,
au,鸡,禽肉CPI指数,2004-12-01,80.88,,月度,,澳洲,
au,鸡,禽肉CPI指数,2005-03-01,80.59,,月度,,澳洲,
au,鸡,禽肉CPI指数,2005-06-01,78.11,,月度,,澳洲,
au,鸡,禽肉CPI指数,2005-09-01,76.65,,月度,,澳洲,
au,鸡,禽肉CPI指数,2005-12-01,76.19,,月度,,澳洲,
au,鸡,禽肉CPI指数,2006-03-01,75.33,,月度,,澳洲,
au,鸡,禽肉CPI指数,2006-06-01,75.85,,月度,,澳洲,
au,鸡,禽肉CPI指数,2006-09-01,74.15,,月度,,澳洲,
au,鸡,禽肉CPI指数,2006-12-01,73.93,,月度,,澳洲,
au,鸡,禽肉CPI指数,2007-03-01,75.5,,月度,,澳洲,
au,鸡,禽肉CPI指数,2007-06-01,75.98,,月度,,澳洲,
au,鸡,禽肉CPI指数,2007-09-01,77.13,,月度,,澳洲,
au,鸡,禽肉CPI指数,2007-12-01,80.34,,月度,,澳洲,
au,鸡,禽肉CPI指数,2008-03-01,84.26,,月度,,澳洲,
au,鸡,禽肉CPI指数,2008-06-01,84.29,,月度,,澳洲,
au,鸡,禽肉CPI指数,2008-09-01,83.75,,月度,,澳洲,
au,鸡,禽肉CPI指数,2008-12-01,84.14,,月度,,澳洲,
au,鸡,禽肉CPI指数,2009-03-01,84.52,,月度,,澳洲,
au,鸡,禽肉CPI指数,2009-06-01,82.71,,月度,,澳洲,
au,鸡,禽肉CPI指数,2009-09-01,83.95,,月度,,澳洲,
au,鸡,禽肉CPI指数,2009-12-01,83.93,,月度,,澳洲,
au,鸡,禽肉CPI指数,2010-03-01,82.48,,月度,,澳洲,
au,鸡,禽肉CPI指数,2010-06-01,83.23,,月度,,澳洲,
au,鸡,禽肉CPI指数,2010-09-01,83.06,,月度,,澳洲,
au,鸡,禽肉CPI指数,2010-12-01,84.43,,月度,,澳洲,
au,鸡,禽肉CPI指数,2011-03-01,84.67,,月度,,澳洲,
au,鸡,禽肉CPI指数,2011-06-01,85.26,,月度,,澳洲,
au,鸡,禽肉CPI指数,2011-09-01,84.02,,月度,,澳洲,
au,鸡,禽肉CPI指数,2011-12-01,81.46,,月度,,澳洲,
au,鸡,禽肉CPI指数,2012-03-01,78.91,,月度,,澳洲,
au,鸡,禽肉CPI指数,2012-06-01,79.21,,月度,,澳洲,
au,鸡,禽肉CPI指数,2012-09-01,80.52,,月度,,澳洲,
au,鸡,禽肉CPI指数,2012-12-01,85.33,,月度,,澳洲,
au,鸡,禽肉CPI指数,2013-03-01,85.45,,月度,,澳洲,
au,鸡,禽肉CPI指数,2013-06-01,85.21,,月度,,澳洲,
au,鸡,禽肉CPI指数,2013-09-01,84.12,,月度,,澳洲,
au,鸡,禽肉CPI指数,2013-12-01,85.16,,月度,,澳洲,
au,鸡,禽肉CPI指数,2014-03-01,85.38,,月度,,澳洲,
au,鸡,禽肉CPI指数,2014-06-01,84.85,,月度,,澳洲,
au,鸡,禽肉CPI指数,2014-09-01,85.05,,月度,,澳洲,
au,鸡,禽肉CPI指数,2014-12-01,85.39,,月度,,澳洲,
au,鸡,禽肉CPI指数,2015-03-01,85.56,,月度,,澳洲,
au,鸡,禽肉CPI指数,2015-06-01,85.39,,月度,,澳洲,
au,鸡,禽肉CPI指数,2015-09-01,83.77,,月度,,澳洲,
au,鸡,禽肉CPI指数,2015-12-01,82.26,,月度,,澳洲,
au,鸡,禽肉CPI指数,2016-03-01,83.09,,月度,,澳洲,
au,鸡,禽肉CPI指数,2016-06-01,81.17,,月度,,澳洲,
au,鸡,禽肉CPI指数,2016-09-01,80.91,,月度,,澳洲,
au,鸡,禽肉CPI指数,2016-12-01,81.32,,月度,,澳洲,
au,鸡,禽肉CPI指数,2017-03-01,82.11,,月度,,澳洲,
au,鸡,禽肉CPI指数,2017-06-01,81.26,,月度,,澳洲,
au,鸡,禽肉CPI指数,2017-09-01,81.12,,月度,,澳洲,
au,鸡,禽肉CPI指数,2017-12-01,82.17,,月度,,澳洲,
au,鸡,禽肉CPI指数,2018-03-01,82.56,,月度,,澳洲,
au,鸡,禽肉CPI指数,2018-06-01,82.38,,月度,,澳洲,
au,鸡,禽肉CPI指数,2018-09-01,82.71,,月度,,澳洲,
au,鸡,禽肉CPI指数,2018-12-01,83.5,,月度,,澳洲,
au,鸡,禽肉CPI指数,2019-03-01,85.93,,月度,,澳洲,
au,鸡,禽肉CPI指数,2019-06-01,85.76,,月度,,澳洲,
au,鸡,禽肉CPI指数,2019-09-01,86.93,,月度,,澳洲,
au,鸡,禽肉CPI指数,2019-12-01,86.16,,月度,,澳洲,
au,鸡,禽肉CPI指数,2020-03-01,86.93,,月度,,澳洲,
au,鸡,禽肉CPI指数,2020-06-01,85.85,,月度,,澳洲,
au,鸡,禽肉CPI指数,2020-09-01,87.22,,月度,,澳洲,
au,鸡,禽肉CPI指数,2020-12-01,86.13,,月度,,澳洲,
au,鸡,禽肉CPI指数,2021-03-01,86.76,,月度,,澳洲,
au,鸡,禽肉CPI指数,2021-06-01,86.34,,月度,,澳洲,
au,鸡,禽肉CPI指数,2021-09-01,86.92,,月度,,澳洲,
au,鸡,禽肉CPI指数,2021-12-01,85.44,,月度,,澳洲,
au,鸡,禽肉CPI指数,2022-03-01,89.99,,月度,,澳洲,
au,鸡,禽肉CPI指数,2022-06-01,91.39,,月度,,澳洲,
au,鸡,禽肉CPI指数,2022-09-01,94.33,,月度,,澳洲,
au,鸡,禽肉CPI指数,2022-12-01,95.42,,月度,,澳洲,
au,鸡,禽肉CPI指数,2023-03-01,96.52,,月度,,澳洲,
au,鸡,禽肉CPI指数,2023-06-01,98.61,,月度,,澳洲,
au,鸡,禽肉CPI指数,2023-09-01,99.7,,月度,,澳洲,
au,鸡,禽肉CPI指数,2023-12-01,98.26,,月度,,澳洲,
au,鸡,禽肉CPI指数,2024-03-01,98.5,,月度,,澳洲,
au,鸡,禽肉CPI指数,2024-06-01,99.17,,月度,,澳洲,
au,鸡,禽肉CPI指数,2024-09-01,100.76,,月度,,澳洲,
au,鸡,禽肉CPI指数,2024-12-01,100.82,,月度,,澳洲,
au,鸡,禽肉CPI指数,2025-03-01,101.65,,月度,,澳洲,
au,鸡,禽肉CPI指数,2025-06-01,100.22,,月度,,澳洲,
au,鸡,禽肉CPI指数,2025-09-01,100.31,,月度,,澳洲,
au,鸡,禽肉CPI指数,2025-12-01,100.25,,月度,,澳洲,
au,鸡,禽肉CPI指数,2026-03-01,101.09,,月度,,澳洲,
au,鸡,禽肉CPI指数,2026-06-01,101.57,,月度,,澳洲,
au,鸡,"鸡屠宰量(千头,季度)",1965-09-01,11073.0,,月度,,澳洲,
au,鸡,"鸡屠宰量(千头,季度)",1965-12-01,12618.0,,月度,,澳洲,
au,鸡,"鸡屠宰量(千头,季度)",1966-03-01,12254.0,,月度,,澳洲,
au,鸡,"鸡屠宰量(千头,季度)",1966-06-01,16061.0,,月度,,澳洲,
au,鸡,"鸡屠宰量(千头,季度)",1966-09-01,15786.0,,月度,,澳洲,
au,鸡,"鸡屠宰量(千头,季度)",1966-12-01,17006.0,,月度,,澳洲,
au,鸡,"鸡屠宰量(千头,季度)",1967-03-01,16120.0,,月度,,澳洲,
au,鸡,"鸡屠宰量(千头,季度)",1967-06-01,17420.0,,月度,,澳洲,
au,鸡,"鸡屠宰量(千头,季度)",1967-09-01,18165.0,,月度,,澳洲,
au,鸡,"鸡屠宰量(千头,季度)",1967-12-01,19754.0,,月度,,澳洲,
au,鸡,"鸡屠宰量(千头,季度)",1968-03-01,18666.0,,月度,,澳洲,
au,鸡,"鸡屠宰量(千头,季度)",1968-06-01,18894.0,,月度,,澳洲,
au,鸡,"鸡屠宰量(千头,季度)",1968-09-01,18371.0,,月度,,澳洲,
au,鸡,"鸡屠宰量(千头,季度)",1968-12-01,18895.0,,月度,,澳洲,
au,鸡,"鸡屠宰量(千头,季度)",1969-03-01,18464.0,,月度,,澳洲,
au,鸡,"鸡屠宰量(千头,季度)",1969-06-01,18445.0,,月度,,澳洲,
au,鸡,"鸡屠宰量(千头,季度)",1969-09-01,19872.0,,月度,,澳洲,
au,鸡,"鸡屠宰量(千头,季度)",1969-12-01,21198.0,,月度,,澳洲,
au,鸡,"鸡屠宰量(千头,季度)",1970-03-01,20398.0,,月度,,澳洲,
au,鸡,"鸡屠宰量(千头,季度)",1970-06-01,22193.0,,月度,,澳洲,
au,鸡,"鸡屠宰量(千头,季度)",1970-09-01,23254.0,,月度,,澳洲,
au,鸡,"鸡屠宰量(千头,季度)",1970-12-01,25596.0,,月度,,澳洲,
au,鸡,"鸡屠宰量(千头,季度)",1971-03-01,26750.0,,月度,,澳洲,
au,鸡,"鸡屠宰量(千头,季度)",1971-06-01,27303.0,,月度,,澳洲,
au,鸡,"鸡屠宰量(千头,季度)",1971-09-01,27967.0,,月度,,澳洲,
au,鸡,"鸡屠宰量(千头,季度)",1971-12-01,27828.0,,月度,,澳洲,
au,鸡,"鸡屠宰量(千头,季度)",1972-03-01,27046.0,,月度,,澳洲,
au,鸡,"鸡屠宰量(千头,季度)",1972-06-01,29054.0,,月度,,澳洲,
au,鸡,"鸡屠宰量(千头,季度)",1972-09-01,28940.0,,月度,,澳洲,
au,鸡,"鸡屠宰量(千头,季度)",1972-12-01,27586.0,,月度,,澳洲,
au,鸡,"鸡屠宰量(千头,季度)",1973-03-01,27097.0,,月度,,澳洲,
au,鸡,"鸡屠宰量(千头,季度)",1973-06-01,28041.0,,月度,,澳洲,
au,鸡,"鸡屠宰量(千头,季度)",1973-09-01,31940.0,,月度,,澳洲,
au,鸡,"鸡屠宰量(千头,季度)",1973-12-01,34513.0,,月度,,澳洲,
au,鸡,"鸡屠宰量(千头,季度)",1974-03-01,34612.0,,月度,,澳洲,
au,鸡,"鸡屠宰量(千头,季度)",1974-06-01,36941.0,,月度,,澳洲,
au,鸡,"鸡屠宰量(千头,季度)",1974-09-01,37109.0,,月度,,澳洲,
au,鸡,"鸡屠宰量(千头,季度)",1974-12-01,32520.0,,月度,,澳洲,
au,鸡,"鸡屠宰量(千头,季度)",1975-03-01,29482.0,,月度,,澳洲,
au,鸡,"鸡屠宰量(千头,季度)",1975-06-01,33170.0,,月度,,澳洲,
au,鸡,"鸡屠宰量(千头,季度)",1975-09-01,35105.0,,月度,,澳洲,
au,鸡,"鸡屠宰量(千头,季度)",1975-12-01,36887.0,,月度,,澳洲,
au,鸡,"鸡屠宰量(千头,季度)",1976-03-01,34519.0,,月度,,澳洲,
au,鸡,"鸡屠宰量(千头,季度)",1976-06-01,36778.0,,月度,,澳洲,
au,鸡,"鸡屠宰量(千头,季度)",1976-09-01,37654.0,,月度,,澳洲,
au,鸡,"鸡屠宰量(千头,季度)",1976-12-01,37789.0,,月度,,澳洲,
au,鸡,"鸡屠宰量(千头,季度)",1977-03-01,37202.0,,月度,,澳洲,
au,鸡,"鸡屠宰量(千头,季度)",1977-06-01,40011.0,,月度,,澳洲,
au,鸡,"鸡屠宰量(千头,季度)",1977-09-01,41716.0,,月度,,澳洲,
au,鸡,"鸡屠宰量(千头,季度)",1977-12-01,43836.0,,月度,,澳洲,
au,鸡,"鸡屠宰量(千头,季度)",1978-03-01,42664.0,,月度,,澳洲,
au,鸡,"鸡屠宰量(千头,季度)",1978-06-01,43619.0,,月度,,澳洲,
au,鸡,"鸡屠宰量(千头,季度)",1978-09-01,44910.0,,月度,,澳洲,
au,鸡,"鸡屠宰量(千头,季度)",1978-12-01,47475.2,,月度,,澳洲,
au,鸡,"鸡屠宰量(千头,季度)",1979-03-01,47479.2,,月度,,澳洲,
au,鸡,"鸡屠宰量(千头,季度)",1979-06-01,48118.8,,月度,,澳洲,
au,鸡,"鸡屠宰量(千头,季度)",1979-09-01,50492.0,,月度,,澳洲,
au,鸡,"鸡屠宰量(千头,季度)",1979-12-01,55895.2,,月度,,澳洲,
au,鸡,"鸡屠宰量(千头,季度)",1980-03-01,56843.7,,月度,,澳洲,
au,鸡,"鸡屠宰量(千头,季度)",1980-06-01,55668.7,,月度,,澳洲,
au,鸡,"鸡屠宰量(千头,季度)",1980-09-01,56858.3,,月度,,澳洲,
au,鸡,"鸡屠宰量(千头,季度)",1980-12-01,56461.2,,月度,,澳洲,
au,鸡,"鸡屠宰量(千头,季度)",1981-03-01,51633.3,,月度,,澳洲,
au,鸡,"鸡屠宰量(千头,季度)",1981-06-01,53026.1,,月度,,澳洲,
au,鸡,"鸡屠宰量(千头,季度)",1981-09-01,51762.2,,月度,,澳洲,
au,鸡,"鸡屠宰量(千头,季度)",1981-12-01,51417.0,,月度,,澳洲,
au,鸡,"鸡屠宰量(千头,季度)",1982-03-01,48387.9,,月度,,澳洲,
au,鸡,"鸡屠宰量(千头,季度)",1982-06-01,51022.3,,月度,,澳洲,
au,鸡,"鸡屠宰量(千头,季度)",1982-09-01,55599.7,,月度,,澳洲,
au,鸡,"鸡屠宰量(千头,季度)",1982-12-01,56952.0,,月度,,澳洲,
au,鸡,"鸡屠宰量(千头,季度)",1983-03-01,53861.6,,月度,,澳洲,
au,鸡,"鸡屠宰量(千头,季度)",1983-06-01,56024.9,,月度,,澳洲,
au,鸡,"鸡屠宰量(千头,季度)",1983-09-01,53663.2,,月度,,澳洲,
au,鸡,"鸡屠宰量(千头,季度)",1983-12-01,51992.9,,月度,,澳洲,
au,鸡,"鸡屠宰量(千头,季度)",1984-03-01,53471.2,,月度,,澳洲,
au,鸡,"鸡屠宰量(千头,季度)",1984-06-01,53480.6,,月度,,澳洲,
au,鸡,"鸡屠宰量(千头,季度)",1984-09-01,56679.7,,月度,,澳洲,
au,鸡,"鸡屠宰量(千头,季度)",1984-12-01,60428.2,,月度,,澳洲,
au,鸡,"鸡屠宰量(千头,季度)",1985-03-01,60288.2,,月度,,澳洲,
au,鸡,"鸡屠宰量(千头,季度)",1985-06-01,62814.1,,月度,,澳洲,
au,鸡,"鸡屠宰量(千头,季度)",1985-09-01,62347.3,,月度,,澳洲,
au,鸡,"鸡屠宰量(千头,季度)",1985-12-01,64723.5,,月度,,澳洲,
au,鸡,"鸡屠宰量(千头,季度)",1986-03-01,63805.8,,月度,,澳洲,
au,鸡,"鸡屠宰量(千头,季度)",1986-06-01,63103.9,,月度,,澳洲,
au,鸡,"鸡屠宰量(千头,季度)",1986-09-01,63688.0,,月度,,澳洲,
au,鸡,"鸡屠宰量(千头,季度)",1986-12-01,66714.9,,月度,,澳洲,
au,鸡,"鸡屠宰量(千头,季度)",1987-03-01,67646.3,,月度,,澳洲,
au,鸡,"鸡屠宰量(千头,季度)",1987-06-01,66762.9,,月度,,澳洲,
au,鸡,"鸡屠宰量(千头,季度)",1987-09-01,68343.4,,月度,,澳洲,
au,鸡,"鸡屠宰量(千头,季度)",1987-12-01,70528.6,,月度,,澳洲,
au,鸡,"鸡屠宰量(千头,季度)",1988-03-01,67011.0,,月度,,澳洲,
au,鸡,"鸡屠宰量(千头,季度)",1988-06-01,67692.5,,月度,,澳洲,
au,鸡,"鸡屠宰量(千头,季度)",1988-09-01,64996.2,,月度,,澳洲,
au,鸡,"鸡屠宰量(千头,季度)",1988-12-01,70577.3,,月度,,澳洲,
au,鸡,"鸡屠宰量(千头,季度)",1989-03-01,68863.6,,月度,,澳洲,
au,鸡,"鸡屠宰量(千头,季度)",1989-06-01,69681.6,,月度,,澳洲,
au,鸡,"鸡屠宰量(千头,季度)",1989-09-01,68744.9,,月度,,澳洲,
au,鸡,"鸡屠宰量(千头,季度)",1989-12-01,72433.0,,月度,,澳洲,
au,鸡,"鸡屠宰量(千头,季度)",1990-03-01,72779.1,,月度,,澳洲,
au,鸡,"鸡屠宰量(千头,季度)",1990-06-01,71549.0,,月度,,澳洲,
au,鸡,"鸡屠宰量(千头,季度)",1990-09-01,70689.1,,月度,,澳洲,
au,鸡,"鸡屠宰量(千头,季度)",1990-12-01,71501.0,,月度,,澳洲,
au,鸡,"鸡屠宰量(千头,季度)",1991-03-01,69603.7,,月度,,澳洲,
au,鸡,"鸡屠宰量(千头,季度)",1991-06-01,71906.7,,月度,,澳洲,
au,鸡,"鸡屠宰量(千头,季度)",1991-09-01,72133.6,,月度,,澳洲,
au,鸡,"鸡屠宰量(千头,季度)",1991-12-01,75950.3,,月度,,澳洲,
au,鸡,"鸡屠宰量(千头,季度)",1992-03-01,71838.3,,月度,,澳洲,
au,鸡,"鸡屠宰量(千头,季度)",1992-06-01,73585.0,,月度,,澳洲,
au,鸡,"鸡屠宰量(千头,季度)",1992-09-01,74082.2,,月度,,澳洲,
au,鸡,"鸡屠宰量(千头,季度)",1992-12-01,75618.5,,月度,,澳洲,
au,鸡,"鸡屠宰量(千头,季度)",1993-03-01,75749.9,,月度,,澳洲,
au,鸡,"鸡屠宰量(千头,季度)",1993-06-01,78677.2,,月度,,澳洲,
au,鸡,"鸡屠宰量(千头,季度)",1993-09-01,76999.9,,月度,,澳洲,
au,鸡,"鸡屠宰量(千头,季度)",1993-12-01,84025.9,,月度,,澳洲,
au,鸡,"鸡屠宰量(千头,季度)",1994-03-01,82884.3,,月度,,澳洲,
au,鸡,"鸡屠宰量(千头,季度)",1994-06-01,85614.6,,月度,,澳洲,
au,鸡,"鸡屠宰量(千头,季度)",1994-09-01,81961.1,,月度,,澳洲,
au,鸡,"鸡屠宰量(千头,季度)",1994-12-01,84946.6,,月度,,澳洲,
au,鸡,"鸡屠宰量(千头,季度)",1995-03-01,83386.6,,月度,,澳洲,
au,鸡,"鸡屠宰量(千头,季度)",1995-06-01,80201.1,,月度,,澳洲,
au,鸡,"鸡屠宰量(千头,季度)",1995-09-01,83934.6,,月度,,澳洲,
au,鸡,"鸡屠宰量(千头,季度)",1995-12-01,84578.1,,月度,,澳洲,
au,鸡,"鸡屠宰量(千头,季度)",1996-03-01,85464.5,,月度,,澳洲,
au,鸡,"鸡屠宰量(千头,季度)",1996-06-01,82402.9,,月度,,澳洲,
au,鸡,"鸡屠宰量(千头,季度)",1996-09-01,83582.9,,月度,,澳洲,
au,鸡,"鸡屠宰量(千头,季度)",1996-12-01,86861.5,,月度,,澳洲,
au,鸡,"鸡屠宰量(千头,季度)",1997-03-01,84421.4,,月度,,澳洲,
au,鸡,"鸡屠宰量(千头,季度)",1997-06-01,86042.0,,月度,,澳洲,
au,鸡,"鸡屠宰量(千头,季度)",1997-09-01,87188.5,,月度,,澳洲,
au,鸡,"鸡屠宰量(千头,季度)",1997-12-01,93793.3,,月度,,澳洲,
au,鸡,"鸡屠宰量(千头,季度)",1998-03-01,91895.7,,月度,,澳洲,
au,鸡,"鸡屠宰量(千头,季度)",1998-06-01,91356.3,,月度,,澳洲,
au,鸡,"鸡屠宰量(千头,季度)",1998-09-01,92959.9,,月度,,澳洲,
au,鸡,"鸡屠宰量(千头,季度)",1998-12-01,95390.8,,月度,,澳洲,
au,鸡,"鸡屠宰量(千头,季度)",1999-03-01,94466.7,,月度,,澳洲,
au,鸡,"鸡屠宰量(千头,季度)",1999-06-01,92162.1,,月度,,澳洲,
au,鸡,"鸡屠宰量(千头,季度)",1999-09-01,94143.4,,月度,,澳洲,
au,鸡,"鸡屠宰量(千头,季度)",1999-12-01,101349.9,,月度,,澳洲,
au,鸡,"鸡屠宰量(千头,季度)",2000-03-01,98678.2,,月度,,澳洲,
au,鸡,"鸡屠宰量(千头,季度)",2000-06-01,99820.3,,月度,,澳洲,
au,鸡,"鸡屠宰量(千头,季度)",2000-09-01,100165.6,,月度,,澳洲,
au,鸡,"鸡屠宰量(千头,季度)",2000-12-01,102953.7,,月度,,澳洲,
au,鸡,"鸡屠宰量(千头,季度)",2001-03-01,99139.6,,月度,,澳洲,
au,鸡,"鸡屠宰量(千头,季度)",2001-06-01,96609.7,,月度,,澳洲,
au,鸡,"鸡屠宰量(千头,季度)",2001-09-01,96828.0,,月度,,澳洲,
au,鸡,"鸡屠宰量(千头,季度)",2001-12-01,104660.4,,月度,,澳洲,
au,鸡,"鸡屠宰量(千头,季度)",2002-03-01,106854.7,,月度,,澳洲,
au,鸡,"鸡屠宰量(千头,季度)",2002-06-01,107212.4,,月度,,澳洲,
au,鸡,"鸡屠宰量(千头,季度)",2002-09-01,105278.6,,月度,,澳洲,
au,鸡,"鸡屠宰量(千头,季度)",2002-12-01,108860.1,,月度,,澳洲,
au,鸡,"鸡屠宰量(千头,季度)",2003-03-01,103360.2,,月度,,澳洲,
au,鸡,"鸡屠宰量(千头,季度)",2003-06-01,101682.1,,月度,,澳洲,
au,鸡,"鸡屠宰量(千头,季度)",2003-09-01,105746.9,,月度,,澳洲,
au,鸡,"鸡屠宰量(千头,季度)",2003-12-01,107480.2,,月度,,澳洲,
au,鸡,"鸡屠宰量(千头,季度)",2004-03-01,106367.5,,月度,,澳洲,
au,鸡,"鸡屠宰量(千头,季度)",2004-06-01,104147.4,,月度,,澳洲,
au,鸡,"鸡屠宰量(千头,季度)",2004-09-01,106408.0,,月度,,澳洲,
au,鸡,"鸡屠宰量(千头,季度)",2004-12-01,118723.1,,月度,,澳洲,
au,鸡,"鸡屠宰量(千头,季度)",2005-03-01,104658.7,,月度,,澳洲,
au,鸡,"鸡屠宰量(千头,季度)",2005-06-01,107851.1,,月度,,澳洲,
au,鸡,"鸡屠宰量(千头,季度)",2005-09-01,108849.6,,月度,,澳洲,
au,鸡,"鸡屠宰量(千头,季度)",2005-12-01,111539.9,,月度,,澳洲,
au,鸡,"鸡屠宰量(千头,季度)",2006-03-01,109826.2,,月度,,澳洲,
au,鸡,"鸡屠宰量(千头,季度)",2006-06-01,107648.8,,月度,,澳洲,
au,鸡,"鸡屠宰量(千头,季度)",2006-09-01,112282.7,,月度,,澳洲,
au,鸡,"鸡屠宰量(千头,季度)",2006-12-01,115061.6,,月度,,澳洲,
au,鸡,"鸡屠宰量(千头,季度)",2007-03-01,114226.4,,月度,,澳洲,
au,鸡,"鸡屠宰量(千头,季度)",2007-06-01,112339.6,,月度,,澳洲,
au,鸡,"鸡屠宰量(千头,季度)",2007-09-01,113435.5,,月度,,澳洲,
au,鸡,"鸡屠宰量(千头,季度)",2007-12-01,118570.7,,月度,,澳洲,
au,鸡,"鸡屠宰量(千头,季度)",2008-03-01,111916.7,,月度,,澳洲,
au,鸡,"鸡屠宰量(千头,季度)",2008-06-01,114140.7,,月度,,澳洲,
au,鸡,"鸡屠宰量(千头,季度)",2008-09-01,115380.7,,月度,,澳洲,
au,鸡,"鸡屠宰量(千头,季度)",2008-12-01,121394.3,,月度,,澳洲,
au,鸡,"鸡屠宰量(千头,季度)",2009-03-01,119183.8,,月度,,澳洲,
au,鸡,"鸡屠宰量(千头,季度)",2009-06-01,118850.7,,月度,,澳洲,
au,鸡,"鸡屠宰量(千头,季度)",2009-09-01,112897.9,,月度,,澳洲,
au,鸡,"鸡屠宰量(千头,季度)",2009-12-01,117779.2,,月度,,澳洲,
au,鸡,"鸡屠宰量(千头,季度)",2010-03-01,115882.3,,月度,,澳洲,
au,鸡,"鸡屠宰量(千头,季度)",2010-06-01,119117.2,,月度,,澳洲,
au,鸡,"鸡屠宰量(千头,季度)",2010-09-01,138314.4,,月度,,澳洲,
au,鸡,"鸡屠宰量(千头,季度)",2010-12-01,138855.7,,月度,,澳洲,
au,鸡,"鸡屠宰量(千头,季度)",2011-03-01,137437.0,,月度,,澳洲,
au,鸡,"鸡屠宰量(千头,季度)",2011-06-01,135283.9,,月度,,澳洲,
au,鸡,"鸡屠宰量(千头,季度)",2011-09-01,135756.3,,月度,,澳洲,
au,鸡,"鸡屠宰量(千头,季度)",2011-12-01,138280.9,,月度,,澳洲,
au,鸡,"鸡屠宰量(千头,季度)",2012-03-01,136645.2,,月度,,澳洲,
au,鸡,"鸡屠宰量(千头,季度)",2012-06-01,140656.9,,月度,,澳洲,
au,鸡,"鸡屠宰量(千头,季度)",2012-09-01,139522.9,,月度,,澳洲,
au,鸡,"鸡屠宰量(千头,季度)",2012-12-01,142626.3,,月度,,澳洲,
au,鸡,"鸡屠宰量(千头,季度)",2013-03-01,139078.7,,月度,,澳洲,
au,鸡,"鸡屠宰量(千头,季度)",2013-06-01,142030.6,,月度,,澳洲,
au,鸡,"鸡屠宰量(千头,季度)",2013-09-01,144836.2,,月度,,澳洲,
au,鸡,"鸡屠宰量(千头,季度)",2013-12-01,146145.8,,月度,,澳洲,
au,鸡,"鸡屠宰量(千头,季度)",2014-03-01,144249.7,,月度,,澳洲,
au,鸡,"鸡屠宰量(千头,季度)",2014-06-01,144649.2,,月度,,澳洲,
au,鸡,"鸡屠宰量(千头,季度)",2014-09-01,146825.6,,月度,,澳洲,
au,鸡,"鸡屠宰量(千头,季度)",2014-12-01,151556.7,,月度,,澳洲,
au,鸡,"鸡屠宰量(千头,季度)",2015-03-01,145638.3,,月度,,澳洲,
au,鸡,"鸡屠宰量(千头,季度)",2015-06-01,146602.1,,月度,,澳洲,
au,鸡,"鸡屠宰量(千头,季度)",2015-09-01,150094.0,,月度,,澳洲,
au,鸡,"鸡屠宰量(千头,季度)",2015-12-01,151860.6,,月度,,澳洲,
au,鸡,"鸡屠宰量(千头,季度)",2016-03-01,158188.0,,月度,,澳洲,
au,鸡,"鸡屠宰量(千头,季度)",2016-06-01,163133.9,,月度,,澳洲,
au,鸡,"鸡屠宰量(千头,季度)",2016-09-01,162455.3,,月度,,澳洲,
au,鸡,"鸡屠宰量(千头,季度)",2016-12-01,162771.4,,月度,,澳洲,
au,鸡,"鸡屠宰量(千头,季度)",2017-03-01,163004.9,,月度,,澳洲,
au,鸡,"鸡屠宰量(千头,季度)",2017-06-01,164448.4,,月度,,澳洲,
au,鸡,"鸡屠宰量(千头,季度)",2017-09-01,159156.2,,月度,,澳洲,
au,鸡,"鸡屠宰量(千头,季度)",2017-12-01,160814.7,,月度,,澳洲,
au,鸡,"鸡屠宰量(千头,季度)",2018-03-01,155609.4,,月度,,澳洲,
au,鸡,"鸡屠宰量(千头,季度)",2018-06-01,160284.1,,月度,,澳洲,
au,鸡,"鸡屠宰量(千头,季度)",2018-09-01,166322.3,,月度,,澳洲,
au,鸡,"鸡屠宰量(千头,季度)",2018-12-01,166322.0,,月度,,澳洲,
au,鸡,"鸡屠宰量(千头,季度)",2019-03-01,163191.2,,月度,,澳洲,
au,鸡,"鸡屠宰量(千头,季度)",2019-06-01,156918.6,,月度,,澳洲,
au,鸡,"鸡屠宰量(千头,季度)",2019-09-01,162122.5,,月度,,澳洲,
au,鸡,"鸡屠宰量(千头,季度)",2019-12-01,167117.9,,月度,,澳洲,
au,鸡,"鸡屠宰量(千头,季度)",2020-03-01,167327.1,,月度,,澳洲,
au,鸡,"鸡屠宰量(千头,季度)",2020-06-01,161693.2,,月度,,澳洲,
au,鸡,"鸡屠宰量(千头,季度)",2020-09-01,164151.3,,月度,,澳洲,
au,鸡,"鸡屠宰量(千头,季度)",2020-12-01,171848.5,,月度,,澳洲,
au,鸡,"鸡屠宰量(千头,季度)",2021-03-01,170565.7,,月度,,澳洲,
au,鸡,"鸡屠宰量(千头,季度)",2021-06-01,171066.0,,月度,,澳洲,
au,鸡,"鸡屠宰量(千头,季度)",2021-09-01,175379.4,,月度,,澳洲,
au,鸡,"鸡屠宰量(千头,季度)",2021-12-01,175925.3,,月度,,澳洲,
au,鸡,"鸡屠宰量(千头,季度)",2022-03-01,172749.5,,月度,,澳洲,
au,鸡,"鸡屠宰量(千头,季度)",2022-06-01,173977.8,,月度,,澳洲,
au,鸡,"鸡屠宰量(千头,季度)",2022-09-01,178232.4,,月度,,澳洲,
au,鸡,"鸡屠宰量(千头,季度)",2022-12-01,175864.5,,月度,,澳洲,
au,鸡,"鸡屠宰量(千头,季度)",2023-03-01,176126.5,,月度,,澳洲,
au,鸡,"鸡屠宰量(千头,季度)",2023-06-01,180872.7,,月度,,澳洲,
au,鸡,"鸡屠宰量(千头,季度)",2023-09-01,183404.6,,月度,,澳洲,
au,鸡,"鸡屠宰量(千头,季度)",2023-12-01,184244.1,,月度,,澳洲,
au,鸡,"鸡屠宰量(千头,季度)",2024-03-01,180495.6,,月度,,澳洲,
au,鸡,"鸡屠宰量(千头,季度)",2024-06-01,186154.9,,月度,,澳洲,
au,鸡,"鸡屠宰量(千头,季度)",2024-09-01,186998.7,,月度,,澳洲,
au,鸡,"鸡屠宰量(千头,季度)",2024-12-01,187326.6,,月度,,澳洲,
au,鸡,"鸡屠宰量(千头,季度)",2025-03-01,188234.2,,月度,,澳洲,
au,鸡,"鸡屠宰量(千头,季度)",2025-06-01,189935.2,,月度,,澳洲,
au,鸡,"鸡屠宰量(千头,季度)",2025-09-01,191521.3,,月度,,澳洲,
au,鸡,"鸡屠宰量(千头,季度)",2025-12-01,194098.2,,月度,,澳洲,
au,鸡,"鸡屠宰量(千头,季度)",2026-03-01,195463.2,,月度,,澳洲,
au,鸡,"鸡屠宰量(千头,季度)",2026-06-01,200584.0,,月度,,澳洲,
au,鸡,"鸡肉产量(吨,季度)",1965-09-01,9606.0,,月度,,澳洲,
au,鸡,"鸡肉产量(吨,季度)",1965-12-01,11007.0,,月度,,澳洲,
au,鸡,"鸡肉产量(吨,季度)",1966-03-01,10891.0,,月度,,澳洲,
au,鸡,"鸡肉产量(吨,季度)",1966-06-01,25758.0,,月度,,澳洲,
au,鸡,"鸡肉产量(吨,季度)",1966-09-01,17572.0,,月度,,澳洲,
au,鸡,"鸡肉产量(吨,季度)",1966-12-01,19165.0,,月度,,澳洲,
au,鸡,"鸡肉产量(吨,季度)",1967-03-01,18189.0,,月度,,澳洲,
au,鸡,"鸡肉产量(吨,季度)",1967-06-01,20443.0,,月度,,澳洲,
au,鸡,"鸡肉产量(吨,季度)",1967-09-01,21153.0,,月度,,澳洲,
au,鸡,"鸡肉产量(吨,季度)",1967-12-01,22755.0,,月度,,澳洲,
au,鸡,"鸡肉产量(吨,季度)",1968-03-01,21872.0,,月度,,澳洲,
au,鸡,"鸡肉产量(吨,季度)",1968-06-01,22711.0,,月度,,澳洲,
au,鸡,"鸡肉产量(吨,季度)",1968-09-01,22798.0,,月度,,澳洲,
au,鸡,"鸡肉产量(吨,季度)",1968-12-01,23707.0,,月度,,澳洲,
au,鸡,"鸡肉产量(吨,季度)",1969-03-01,23011.0,,月度,,澳洲,
au,鸡,"鸡肉产量(吨,季度)",1969-06-01,22918.0,,月度,,澳洲,
au,鸡,"鸡肉产量(吨,季度)",1969-09-01,25058.0,,月度,,澳洲,
au,鸡,"鸡肉产量(吨,季度)",1969-12-01,26418.0,,月度,,澳洲,
au,鸡,"鸡肉产量(吨,季度)",1970-03-01,25361.0,,月度,,澳洲,
au,鸡,"鸡肉产量(吨,季度)",1970-06-01,27409.0,,月度,,澳洲,
au,鸡,"鸡肉产量(吨,季度)",1970-09-01,28834.0,,月度,,澳洲,
au,鸡,"鸡肉产量(吨,季度)",1970-12-01,31732.0,,月度,,澳洲,
au,鸡,"鸡肉产量(吨,季度)",1971-03-01,34125.0,,月度,,澳洲,
au,鸡,"鸡肉产量(吨,季度)",1971-06-01,35024.0,,月度,,澳洲,
au,鸡,"鸡肉产量(吨,季度)",1971-09-01,35069.0,,月度,,澳洲,
au,鸡,"鸡肉产量(吨,季度)",1971-12-01,34549.0,,月度,,澳洲,
au,鸡,"鸡肉产量(吨,季度)",1972-03-01,33898.0,,月度,,澳洲,
au,鸡,"鸡肉产量(吨,季度)",1972-06-01,36614.0,,月度,,澳洲,
au,鸡,"鸡肉产量(吨,季度)",1972-09-01,35880.0,,月度,,澳洲,
au,鸡,"鸡肉产量(吨,季度)",1972-12-01,33368.0,,月度,,澳洲,
au,鸡,"鸡肉产量(吨,季度)",1973-03-01,32732.0,,月度,,澳洲,
au,鸡,"鸡肉产量(吨,季度)",1973-06-01,34491.0,,月度,,澳洲,
au,鸡,"鸡肉产量(吨,季度)",1973-09-01,39265.0,,月度,,澳洲,
au,鸡,"鸡肉产量(吨,季度)",1973-12-01,42044.0,,月度,,澳洲,
au,鸡,"鸡肉产量(吨,季度)",1974-03-01,42186.0,,月度,,澳洲,
au,鸡,"鸡肉产量(吨,季度)",1974-06-01,45814.0,,月度,,澳洲,
au,鸡,"鸡肉产量(吨,季度)",1974-09-01,46668.0,,月度,,澳洲,
au,鸡,"鸡肉产量(吨,季度)",1974-12-01,39388.0,,月度,,澳洲,
au,鸡,"鸡肉产量(吨,季度)",1975-03-01,36138.0,,月度,,澳洲,
au,鸡,"鸡肉产量(吨,季度)",1975-06-01,41450.0,,月度,,澳洲,
au,鸡,"鸡肉产量(吨,季度)",1975-09-01,44284.0,,月度,,澳洲,
au,鸡,"鸡肉产量(吨,季度)",1975-12-01,45488.0,,月度,,澳洲,
au,鸡,"鸡肉产量(吨,季度)",1976-03-01,43744.0,,月度,,澳洲,
au,鸡,"鸡肉产量(吨,季度)",1976-06-01,48059.0,,月度,,澳洲,
au,鸡,"鸡肉产量(吨,季度)",1976-09-01,47571.0,,月度,,澳洲,
au,鸡,"鸡肉产量(吨,季度)",1976-12-01,46755.0,,月度,,澳洲,
au,鸡,"鸡肉产量(吨,季度)",1977-03-01,46088.0,,月度,,澳洲,
au,鸡,"鸡肉产量(吨,季度)",1977-06-01,52108.0,,月度,,澳洲,
au,鸡,"鸡肉产量(吨,季度)",1977-09-01,52242.0,,月度,,澳洲,
au,鸡,"鸡肉产量(吨,季度)",1977-12-01,55086.0,,月度,,澳洲,
au,鸡,"鸡肉产量(吨,季度)",1978-03-01,53951.0,,月度,,澳洲,
au,鸡,"鸡肉产量(吨,季度)",1978-06-01,55554.0,,月度,,澳洲,
au,鸡,"鸡肉产量(吨,季度)",1978-09-01,57047.0,,月度,,澳洲,
au,鸡,"鸡肉产量(吨,季度)",1978-12-01,60155.0,,月度,,澳洲,
au,鸡,"鸡肉产量(吨,季度)",1979-03-01,60482.0,,月度,,澳洲,
au,鸡,"鸡肉产量(吨,季度)",1979-06-01,62542.0,,月度,,澳洲,
au,鸡,"鸡肉产量(吨,季度)",1979-09-01,64276.0,,月度,,澳洲,
au,鸡,"鸡肉产量(吨,季度)",1979-12-01,71450.0,,月度,,澳洲,
au,鸡,"鸡肉产量(吨,季度)",1980-03-01,71962.0,,月度,,澳洲,
au,鸡,"鸡肉产量(吨,季度)",1980-06-01,69780.0,,月度,,澳洲,
au,鸡,"鸡肉产量(吨,季度)",1980-09-01,71638.0,,月度,,澳洲,
au,鸡,"鸡肉产量(吨,季度)",1980-12-01,69734.0,,月度,,澳洲,
au,鸡,"鸡肉产量(吨,季度)",1981-03-01,63497.0,,月度,,澳洲,
au,鸡,"鸡肉产量(吨,季度)",1981-06-01,66749.0,,月度,,澳洲,
au,鸡,"鸡肉产量(吨,季度)",1981-09-01,64323.0,,月度,,澳洲,
au,鸡,"鸡肉产量(吨,季度)",1981-12-01,67037.0,,月度,,澳洲,
au,鸡,"鸡肉产量(吨,季度)",1982-03-01,60419.0,,月度,,澳洲,
au,鸡,"鸡肉产量(吨,季度)",1982-06-01,63737.0,,月度,,澳洲,
au,鸡,"鸡肉产量(吨,季度)",1982-09-01,70961.0,,月度,,澳洲,
au,鸡,"鸡肉产量(吨,季度)",1982-12-01,70074.0,,月度,,澳洲,
au,鸡,"鸡肉产量(吨,季度)",1983-03-01,66411.0,,月度,,澳洲,
au,鸡,"鸡肉产量(吨,季度)",1983-06-01,71117.0,,月度,,澳洲,
au,鸡,"鸡肉产量(吨,季度)",1983-09-01,67065.0,,月度,,澳洲,
au,鸡,"鸡肉产量(吨,季度)",1983-12-01,65684.0,,月度,,澳洲,
au,鸡,"鸡肉产量(吨,季度)",1984-03-01,66882.0,,月度,,澳洲,
au,鸡,"鸡肉产量(吨,季度)",1984-06-01,68100.0,,月度,,澳洲,
au,鸡,"鸡肉产量(吨,季度)",1984-09-01,71449.0,,月度,,澳洲,
au,鸡,"鸡肉产量(吨,季度)",1984-12-01,76793.0,,月度,,澳洲,
au,鸡,"鸡肉产量(吨,季度)",1985-03-01,78447.0,,月度,,澳洲,
au,鸡,"鸡肉产量(吨,季度)",1985-06-01,83910.0,,月度,,澳洲,
au,鸡,"鸡肉产量(吨,季度)",1985-09-01,81472.0,,月度,,澳洲,
au,鸡,"鸡肉产量(吨,季度)",1985-12-01,83753.0,,月度,,澳洲,
au,鸡,"鸡肉产量(吨,季度)",1986-03-01,82537.0,,月度,,澳洲,
au,鸡,"鸡肉产量(吨,季度)",1986-06-01,81088.0,,月度,,澳洲,
au,鸡,"鸡肉产量(吨,季度)",1986-09-01,81695.0,,月度,,澳洲,
au,鸡,"鸡肉产量(吨,季度)",1986-12-01,83988.0,,月度,,澳洲,
au,鸡,"鸡肉产量(吨,季度)",1987-03-01,86186.0,,月度,,澳洲,
au,鸡,"鸡肉产量(吨,季度)",1987-06-01,87423.0,,月度,,澳洲,
au,鸡,"鸡肉产量(吨,季度)",1987-09-01,88627.0,,月度,,澳洲,
au,鸡,"鸡肉产量(吨,季度)",1987-12-01,92397.0,,月度,,澳洲,
au,鸡,"鸡肉产量(吨,季度)",1988-03-01,90681.0,,月度,,澳洲,
au,鸡,"鸡肉产量(吨,季度)",1988-06-01,90584.0,,月度,,澳洲,
au,鸡,"鸡肉产量(吨,季度)",1988-09-01,86369.0,,月度,,澳洲,
au,鸡,"鸡肉产量(吨,季度)",1988-12-01,94816.0,,月度,,澳洲,
au,鸡,"鸡肉产量(吨,季度)",1989-03-01,94306.0,,月度,,澳洲,
au,鸡,"鸡肉产量(吨,季度)",1989-06-01,92859.0,,月度,,澳洲,
au,鸡,"鸡肉产量(吨,季度)",1989-09-01,89387.0,,月度,,澳洲,
au,鸡,"鸡肉产量(吨,季度)",1989-12-01,94909.0,,月度,,澳洲,
au,鸡,"鸡肉产量(吨,季度)",1990-03-01,98096.0,,月度,,澳洲,
au,鸡,"鸡肉产量(吨,季度)",1990-06-01,97461.0,,月度,,澳洲,
au,鸡,"鸡肉产量(吨,季度)",1990-09-01,94681.0,,月度,,澳洲,
au,鸡,"鸡肉产量(吨,季度)",1990-12-01,96837.0,,月度,,澳洲,
au,鸡,"鸡肉产量(吨,季度)",1991-03-01,95662.0,,月度,,澳洲,
au,鸡,"鸡肉产量(吨,季度)",1991-06-01,101062.0,,月度,,澳洲,
au,鸡,"鸡肉产量(吨,季度)",1991-09-01,101241.0,,月度,,澳洲,
au,鸡,"鸡肉产量(吨,季度)",1991-12-01,107640.0,,月度,,澳洲,
au,鸡,"鸡肉产量(吨,季度)",1992-03-01,102808.0,,月度,,澳洲,
au,鸡,"鸡肉产量(吨,季度)",1992-06-01,103880.0,,月度,,澳洲,
au,鸡,"鸡肉产量(吨,季度)",1992-09-01,102927.0,,月度,,澳洲,
au,鸡,"鸡肉产量(吨,季度)",1992-12-01,107077.0,,月度,,澳洲,
au,鸡,"鸡肉产量(吨,季度)",1993-03-01,109833.0,,月度,,澳洲,
au,鸡,"鸡肉产量(吨,季度)",1993-06-01,114879.0,,月度,,澳洲,
au,鸡,"鸡肉产量(吨,季度)",1993-09-01,112066.0,,月度,,澳洲,
au,鸡,"鸡肉产量(吨,季度)",1993-12-01,118429.0,,月度,,澳洲,
au,鸡,"鸡肉产量(吨,季度)",1994-03-01,115552.0,,月度,,澳洲,
au,鸡,"鸡肉产量(吨,季度)",1994-06-01,122676.0,,月度,,澳洲,
au,鸡,"鸡肉产量(吨,季度)",1994-09-01,116677.0,,月度,,澳洲,
au,鸡,"鸡肉产量(吨,季度)",1994-12-01,118657.0,,月度,,澳洲,
au,鸡,"鸡肉产量(吨,季度)",1995-03-01,118978.0,,月度,,澳洲,
au,鸡,"鸡肉产量(吨,季度)",1995-06-01,112239.0,,月度,,澳洲,
au,鸡,"鸡肉产量(吨,季度)",1995-09-01,119695.0,,月度,,澳洲,
au,鸡,"鸡肉产量(吨,季度)",1995-12-01,120585.0,,月度,,澳洲,
au,鸡,"鸡肉产量(吨,季度)",1996-03-01,122434.0,,月度,,澳洲,
au,鸡,"鸡肉产量(吨,季度)",1996-06-01,117829.0,,月度,,澳洲,
au,鸡,"鸡肉产量(吨,季度)",1996-09-01,119439.0,,月度,,澳洲,
au,鸡,"鸡肉产量(吨,季度)",1996-12-01,123583.0,,月度,,澳洲,
au,鸡,"鸡肉产量(吨,季度)",1997-03-01,119745.0,,月度,,澳洲,
au,鸡,"鸡肉产量(吨,季度)",1997-06-01,125162.0,,月度,,澳洲,
au,鸡,"鸡肉产量(吨,季度)",1997-09-01,128313.0,,月度,,澳洲,
au,鸡,"鸡肉产量(吨,季度)",1997-12-01,139024.0,,月度,,澳洲,
au,鸡,"鸡肉产量(吨,季度)",1998-03-01,137919.0,,月度,,澳洲,
au,鸡,"鸡肉产量(吨,季度)",1998-06-01,138549.0,,月度,,澳洲,
au,鸡,"鸡肉产量(吨,季度)",1998-09-01,142747.0,,月度,,澳洲,
au,鸡,"鸡肉产量(吨,季度)",1998-12-01,141603.0,,月度,,澳洲,
au,鸡,"鸡肉产量(吨,季度)",1999-03-01,140851.0,,月度,,澳洲,
au,鸡,"鸡肉产量(吨,季度)",1999-06-01,139070.0,,月度,,澳洲,
au,鸡,"鸡肉产量(吨,季度)",1999-09-01,141684.0,,月度,,澳洲,
au,鸡,"鸡肉产量(吨,季度)",1999-12-01,153397.0,,月度,,澳洲,
au,鸡,"鸡肉产量(吨,季度)",2000-03-01,150476.0,,月度,,澳洲,
au,鸡,"鸡肉产量(吨,季度)",2000-06-01,152123.0,,月度,,澳洲,
au,鸡,"鸡肉产量(吨,季度)",2000-09-01,152454.0,,月度,,澳洲,
au,鸡,"鸡肉产量(吨,季度)",2000-12-01,161639.0,,月度,,澳洲,
au,鸡,"鸡肉产量(吨,季度)",2001-03-01,150536.0,,月度,,澳洲,
au,鸡,"鸡肉产量(吨,季度)",2001-06-01,154777.0,,月度,,澳洲,
au,鸡,"鸡肉产量(吨,季度)",2001-09-01,155611.0,,月度,,澳洲,
au,鸡,"鸡肉产量(吨,季度)",2001-12-01,166416.0,,月度,,澳洲,
au,鸡,"鸡肉产量(吨,季度)",2002-03-01,169187.0,,月度,,澳洲,
au,鸡,"鸡肉产量(吨,季度)",2002-06-01,176257.0,,月度,,澳洲,
au,鸡,"鸡肉产量(吨,季度)",2002-09-01,175634.0,,月度,,澳洲,
au,鸡,"鸡肉产量(吨,季度)",2002-12-01,178450.0,,月度,,澳洲,
au,鸡,"鸡肉产量(吨,季度)",2003-03-01,171463.0,,月度,,澳洲,
au,鸡,"鸡肉产量(吨,季度)",2003-06-01,164280.0,,月度,,澳洲,
au,鸡,"鸡肉产量(吨,季度)",2003-09-01,169979.0,,月度,,澳洲,
au,鸡,"鸡肉产量(吨,季度)",2003-12-01,175765.0,,月度,,澳洲,
au,鸡,"鸡肉产量(吨,季度)",2004-03-01,172068.0,,月度,,澳洲,
au,鸡,"鸡肉产量(吨,季度)",2004-06-01,175791.0,,月度,,澳洲,
au,鸡,"鸡肉产量(吨,季度)",2004-09-01,179282.0,,月度,,澳洲,
au,鸡,"鸡肉产量(吨,季度)",2004-12-01,195330.0,,月度,,澳洲,
au,鸡,"鸡肉产量(吨,季度)",2005-03-01,178055.0,,月度,,澳洲,
au,鸡,"鸡肉产量(吨,季度)",2005-06-01,197362.0,,月度,,澳洲,
au,鸡,"鸡肉产量(吨,季度)",2005-09-01,188782.0,,月度,,澳洲,
au,鸡,"鸡肉产量(吨,季度)",2005-12-01,190998.0,,月度,,澳洲,
au,鸡,"鸡肉产量(吨,季度)",2006-03-01,196658.0,,月度,,澳洲,
au,鸡,"鸡肉产量(吨,季度)",2006-06-01,196175.0,,月度,,澳洲,
au,鸡,"鸡肉产量(吨,季度)",2006-09-01,198358.0,,月度,,澳洲,
au,鸡,"鸡肉产量(吨,季度)",2006-12-01,206225.0,,月度,,澳洲,
au,鸡,"鸡肉产量(吨,季度)",2007-03-01,204254.0,,月度,,澳洲,
au,鸡,"鸡肉产量(吨,季度)",2007-06-01,202754.0,,月度,,澳洲,
au,鸡,"鸡肉产量(吨,季度)",2007-09-01,199865.0,,月度,,澳洲,
au,鸡,"鸡肉产量(吨,季度)",2007-12-01,206012.0,,月度,,澳洲,
au,鸡,"鸡肉产量(吨,季度)",2008-03-01,192383.0,,月度,,澳洲,
au,鸡,"鸡肉产量(吨,季度)",2008-06-01,199020.0,,月度,,澳洲,
au,鸡,"鸡肉产量(吨,季度)",2008-09-01,204359.0,,月度,,澳洲,
au,鸡,"鸡肉产量(吨,季度)",2008-12-01,209611.0,,月度,,澳洲,
au,鸡,"鸡肉产量(吨,季度)",2009-03-01,208725.0,,月度,,澳洲,
au,鸡,"鸡肉产量(吨,季度)",2009-06-01,209761.0,,月度,,澳洲,
au,鸡,"鸡肉产量(吨,季度)",2009-09-01,203116.0,,月度,,澳洲,
au,鸡,"鸡肉产量(吨,季度)",2009-12-01,206992.0,,月度,,澳洲,
au,鸡,"鸡肉产量(吨,季度)",2010-03-01,206710.0,,月度,,澳洲,
au,鸡,"鸡肉产量(吨,季度)",2010-06-01,217591.0,,月度,,澳洲,
au,鸡,"鸡肉产量(吨,季度)",2010-09-01,250448.0,,月度,,澳洲,
au,鸡,"鸡肉产量(吨,季度)",2010-12-01,259603.0,,月度,,澳洲,
au,鸡,"鸡肉产量(吨,季度)",2011-03-01,253482.0,,月度,,澳洲,
au,鸡,"鸡肉产量(吨,季度)",2011-06-01,251445.0,,月度,,澳洲,
au,鸡,"鸡肉产量(吨,季度)",2011-09-01,253261.0,,月度,,澳洲,
au,鸡,"鸡肉产量(吨,季度)",2011-12-01,254354.0,,月度,,澳洲,
au,鸡,"鸡肉产量(吨,季度)",2012-03-01,257293.0,,月度,,澳洲,
au,鸡,"鸡肉产量(吨,季度)",2012-06-01,265223.0,,月度,,澳洲,
au,鸡,"鸡肉产量(吨,季度)",2012-09-01,260674.0,,月度,,澳洲,
au,鸡,"鸡肉产量(吨,季度)",2012-12-01,263518.0,,月度,,澳洲,
au,鸡,"鸡肉产量(吨,季度)",2013-03-01,256652.0,,月度,,澳洲,
au,鸡,"鸡肉产量(吨,季度)",2013-06-01,265325.0,,月度,,澳洲,
au,鸡,"鸡肉产量(吨,季度)",2013-09-01,274037.0,,月度,,澳洲,
au,鸡,"鸡肉产量(吨,季度)",2013-12-01,270492.0,,月度,,澳洲,
au,鸡,"鸡肉产量(吨,季度)",2014-03-01,268510.0,,月度,,澳洲,
au,鸡,"鸡肉产量(吨,季度)",2014-06-01,271238.0,,月度,,澳洲,
au,鸡,"鸡肉产量(吨,季度)",2014-09-01,282202.0,,月度,,澳洲,
au,鸡,"鸡肉产量(吨,季度)",2014-12-01,281119.0,,月度,,澳洲,
au,鸡,"鸡肉产量(吨,季度)",2015-03-01,274399.0,,月度,,澳洲,
au,鸡,"鸡肉产量(吨,季度)",2015-06-01,277823.0,,月度,,澳洲,
au,鸡,"鸡肉产量(吨,季度)",2015-09-01,291629.0,,月度,,澳洲,
au,鸡,"鸡肉产量(吨,季度)",2015-12-01,293432.0,,月度,,澳洲,
au,鸡,"鸡肉产量(吨,季度)",2016-03-01,297217.0,,月度,,澳洲,
au,鸡,"鸡肉产量(吨,季度)",2016-06-01,309044.0,,月度,,澳洲,
au,鸡,"鸡肉产量(吨,季度)",2016-09-01,308441.0,,月度,,澳洲,
au,鸡,"鸡肉产量(吨,季度)",2016-12-01,310573.0,,月度,,澳洲,
au,鸡,"鸡肉产量(吨,季度)",2017-03-01,301998.0,,月度,,澳洲,
au,鸡,"鸡肉产量(吨,季度)",2017-06-01,308493.0,,月度,,澳洲,
au,鸡,"鸡肉产量(吨,季度)",2017-09-01,304273.0,,月度,,澳洲,
au,鸡,"鸡肉产量(吨,季度)",2017-12-01,305384.0,,月度,,澳洲,
au,鸡,"鸡肉产量(吨,季度)",2018-03-01,292341.0,,月度,,澳洲,
au,鸡,"鸡肉产量(吨,季度)",2018-06-01,291469.0,,月度,,澳洲,
au,鸡,"鸡肉产量(吨,季度)",2018-09-01,308581.0,,月度,,澳洲,
au,鸡,"鸡肉产量(吨,季度)",2018-12-01,320158.0,,月度,,澳洲,
au,鸡,"鸡肉产量(吨,季度)",2019-03-01,313447.0,,月度,,澳洲,
au,鸡,"鸡肉产量(吨,季度)",2019-06-01,298028.0,,月度,,澳洲,
au,鸡,"鸡肉产量(吨,季度)",2019-09-01,302249.0,,月度,,澳洲,
au,鸡,"鸡肉产量(吨,季度)",2019-12-01,312877.0,,月度,,澳洲,
au,鸡,"鸡肉产量(吨,季度)",2020-03-01,318820.0,,月度,,澳洲,
au,鸡,"鸡肉产量(吨,季度)",2020-06-01,312598.0,,月度,,澳洲,
au,鸡,"鸡肉产量(吨,季度)",2020-09-01,310627.0,,月度,,澳洲,
au,鸡,"鸡肉产量(吨,季度)",2020-12-01,328723.0,,月度,,澳洲,
au,鸡,"鸡肉产量(吨,季度)",2021-03-01,323198.0,,月度,,澳洲,
au,鸡,"鸡肉产量(吨,季度)",2021-06-01,329692.0,,月度,,澳洲,
au,鸡,"鸡肉产量(吨,季度)",2021-09-01,342185.0,,月度,,澳洲,
au,鸡,"鸡肉产量(吨,季度)",2021-12-01,342242.0,,月度,,澳洲,
au,鸡,"鸡肉产量(吨,季度)",2022-03-01,346294.0,,月度,,澳洲,
au,鸡,"鸡肉产量(吨,季度)",2022-06-01,331184.0,,月度,,澳洲,
au,鸡,"鸡肉产量(吨,季度)",2022-09-01,345231.0,,月度,,澳洲,
au,鸡,"鸡肉产量(吨,季度)",2022-12-01,341462.0,,月度,,澳洲,
au,鸡,"鸡肉产量(吨,季度)",2023-03-01,334664.0,,月度,,澳洲,
au,鸡,"鸡肉产量(吨,季度)",2023-06-01,354929.0,,月度,,澳洲,
au,鸡,"鸡肉产量(吨,季度)",2023-09-01,359541.0,,月度,,澳洲,
au,鸡,"鸡肉产量(吨,季度)",2023-12-01,364055.0,,月度,,澳洲,
au,鸡,"鸡肉产量(吨,季度)",2024-03-01,353266.0,,月度,,澳洲,
au,鸡,"鸡肉产量(吨,季度)",2024-06-01,371835.0,,月度,,澳洲,
au,鸡,"鸡肉产量(吨,季度)",2024-09-01,374460.0,,月度,,澳洲,
au,鸡,"鸡肉产量(吨,季度)",2024-12-01,378124.0,,月度,,澳洲,
au,鸡,"鸡肉产量(吨,季度)",2025-03-01,387731.0,,月度,,澳洲,
au,鸡,"鸡肉产量(吨,季度)",2025-06-01,394818.0,,月度,,澳洲,
au,鸡,"鸡肉产量(吨,季度)",2025-09-01,391524.0,,月度,,澳洲,
au,鸡,"鸡肉产量(吨,季度)",2025-12-01,390908.0,,月度,,澳洲,
au,鸡,"鸡肉产量(吨,季度)",2026-03-01,393384.0,,月度,,澳洲,
au,鸡,"鸡肉产量(吨,季度)",2026-06-01,411509.0,,月度,,澳洲,
au,鸡蛋,鸡蛋CPI指数,1980-09-01,21.28,,月度,,澳洲,
au,鸡蛋,鸡蛋CPI指数,1980-12-01,21.81,,月度,,澳洲,
au,鸡蛋,鸡蛋CPI指数,1981-03-01,22.73,,月度,,澳洲,
au,鸡蛋,鸡蛋CPI指数,1981-06-01,23.86,,月度,,澳洲,
au,鸡蛋,鸡蛋CPI指数,1981-09-01,23.86,,月度,,澳洲,
au,鸡蛋,鸡蛋CPI指数,1981-12-01,23.89,,月度,,澳洲,
au,鸡蛋,鸡蛋CPI指数,1982-03-01,24.17,,月度,,澳洲,
au,鸡蛋,鸡蛋CPI指数,1982-06-01,24.6,,月度,,澳洲,
au,鸡蛋,鸡蛋CPI指数,1982-09-01,25.0,,月度,,澳洲,
au,鸡蛋,鸡蛋CPI指数,1982-12-01,25.8,,月度,,澳洲,
au,鸡蛋,鸡蛋CPI指数,1983-03-01,26.35,,月度,,澳洲,
au,鸡蛋,鸡蛋CPI指数,1983-06-01,26.87,,月度,,澳洲,
au,鸡蛋,鸡蛋CPI指数,1983-09-01,27.27,,月度,,澳洲,
au,鸡蛋,鸡蛋CPI指数,1983-12-01,26.47,,月度,,澳洲,
au,鸡蛋,鸡蛋CPI指数,1984-03-01,26.35,,月度,,澳洲,
au,鸡蛋,鸡蛋CPI指数,1984-06-01,26.35,,月度,,澳洲,
au,鸡蛋,鸡蛋CPI指数,1984-09-01,26.17,,月度,,澳洲,
au,鸡蛋,鸡蛋CPI指数,1984-12-01,26.23,,月度,,澳洲,
au,鸡蛋,鸡蛋CPI指数,1985-03-01,26.69,,月度,,澳洲,
au,鸡蛋,鸡蛋CPI指数,1985-06-01,26.78,,月度,,澳洲,
au,鸡蛋,鸡蛋CPI指数,1985-09-01,27.76,,月度,,澳洲,
au,鸡蛋,鸡蛋CPI指数,1985-12-01,27.86,,月度,,澳洲,
au,鸡蛋,鸡蛋CPI指数,1986-03-01,28.04,,月度,,澳洲,
au,鸡蛋,鸡蛋CPI指数,1986-06-01,27.73,,月度,,澳洲,
au,鸡蛋,鸡蛋CPI指数,1986-09-01,27.52,,月度,,澳洲,
au,鸡蛋,鸡蛋CPI指数,1986-12-01,27.37,,月度,,澳洲,
au,鸡蛋,鸡蛋CPI指数,1987-03-01,27.76,,月度,,澳洲,
au,鸡蛋,鸡蛋CPI指数,1987-06-01,27.83,,月度,,澳洲,
au,鸡蛋,鸡蛋CPI指数,1987-09-01,27.92,,月度,,澳洲,
au,鸡蛋,鸡蛋CPI指数,1987-12-01,27.92,,月度,,澳洲,
au,鸡蛋,鸡蛋CPI指数,1988-03-01,28.47,,月度,,澳洲,
au,鸡蛋,鸡蛋CPI指数,1988-06-01,29.58,,月度,,澳洲,
au,鸡蛋,鸡蛋CPI指数,1988-09-01,31.39,,月度,,澳洲,
au,鸡蛋,鸡蛋CPI指数,1988-12-01,31.66,,月度,,澳洲,
au,鸡蛋,鸡蛋CPI指数,1989-03-01,31.97,,月度,,澳洲,
au,鸡蛋,鸡蛋CPI指数,1989-06-01,32.52,,月度,,澳洲,
au,鸡蛋,鸡蛋CPI指数,1989-09-01,31.14,,月度,,澳洲,
au,鸡蛋,鸡蛋CPI指数,1989-12-01,30.93,,月度,,澳洲,
au,鸡蛋,鸡蛋CPI指数,1990-03-01,30.34,,月度,,澳洲,
au,鸡蛋,鸡蛋CPI指数,1990-06-01,30.47,,月度,,澳洲,
au,鸡蛋,鸡蛋CPI指数,1990-09-01,30.9,,月度,,澳洲,
au,鸡蛋,鸡蛋CPI指数,1990-12-01,30.77,,月度,,澳洲,
au,鸡蛋,鸡蛋CPI指数,1991-03-01,30.47,,月度,,澳洲,
au,鸡蛋,鸡蛋CPI指数,1991-06-01,30.77,,月度,,澳洲,
au,鸡蛋,鸡蛋CPI指数,1991-09-01,30.1,,月度,,澳洲,
au,鸡蛋,鸡蛋CPI指数,1991-12-01,29.67,,月度,,澳洲,
au,鸡蛋,鸡蛋CPI指数,1992-03-01,29.58,,月度,,澳洲,
au,鸡蛋,鸡蛋CPI指数,1992-06-01,30.34,,月度,,澳洲,
au,鸡蛋,鸡蛋CPI指数,1992-09-01,31.14,,月度,,澳洲,
au,鸡蛋,鸡蛋CPI指数,1992-12-01,32.19,,月度,,澳洲,
au,鸡蛋,鸡蛋CPI指数,1993-03-01,31.79,,月度,,澳洲,
au,鸡蛋,鸡蛋CPI指数,1993-06-01,31.57,,月度,,澳洲,
au,鸡蛋,鸡蛋CPI指数,1993-09-01,32.28,,月度,,澳洲,
au,鸡蛋,鸡蛋CPI指数,1993-12-01,32.03,,月度,,澳洲,
au,鸡蛋,鸡蛋CPI指数,1994-03-01,32.16,,月度,,澳洲,
au,鸡蛋,鸡蛋CPI指数,1994-06-01,32.0,,月度,,澳洲,
au,鸡蛋,鸡蛋CPI指数,1994-09-01,32.0,,月度,,澳洲,
au,鸡蛋,鸡蛋CPI指数,1994-12-01,31.82,,月度,,澳洲,
au,鸡蛋,鸡蛋CPI指数,1995-03-01,32.89,,月度,,澳洲,
au,鸡蛋,鸡蛋CPI指数,1995-06-01,34.43,,月度,,澳洲,
au,鸡蛋,鸡蛋CPI指数,1995-09-01,38.64,,月度,,澳洲,
au,鸡蛋,鸡蛋CPI指数,1995-12-01,39.62,,月度,,澳洲,
au,鸡蛋,鸡蛋CPI指数,1996-03-01,40.05,,月度,,澳洲,
au,鸡蛋,鸡蛋CPI指数,1996-06-01,41.59,,月度,,澳洲,
au,鸡蛋,鸡蛋CPI指数,1996-09-01,43.06,,月度,,澳洲,
au,鸡蛋,鸡蛋CPI指数,1996-12-01,43.18,,月度,,澳洲,
au,鸡蛋,鸡蛋CPI指数,1997-03-01,43.15,,月度,,澳洲,
au,鸡蛋,鸡蛋CPI指数,1997-06-01,44.26,,月度,,澳洲,
au,鸡蛋,鸡蛋CPI指数,1997-09-01,44.2,,月度,,澳洲,
au,鸡蛋,鸡蛋CPI指数,1997-12-01,44.81,,月度,,澳洲,
au,鸡蛋,鸡蛋CPI指数,1998-03-01,43.92,,月度,,澳洲,
au,鸡蛋,鸡蛋CPI指数,1998-06-01,44.1,,月度,,澳洲,
au,鸡蛋,鸡蛋CPI指数,1998-09-01,44.7,,月度,,澳洲,
au,鸡蛋,鸡蛋CPI指数,1998-12-01,43.86,,月度,,澳洲,
au,鸡蛋,鸡蛋CPI指数,1999-03-01,44.63,,月度,,澳洲,
au,鸡蛋,鸡蛋CPI指数,1999-06-01,46.01,,月度,,澳洲,
au,鸡蛋,鸡蛋CPI指数,1999-09-01,47.3,,月度,,澳洲,
au,鸡蛋,鸡蛋CPI指数,1999-12-01,46.79,,月度,,澳洲,
au,鸡蛋,鸡蛋CPI指数,2000-03-01,46.68,,月度,,澳洲,
au,鸡蛋,鸡蛋CPI指数,2000-06-01,46.92,,月度,,澳洲,
au,鸡蛋,鸡蛋CPI指数,2000-09-01,46.2,,月度,,澳洲,
au,鸡蛋,鸡蛋CPI指数,2000-12-01,45.43,,月度,,澳洲,
au,鸡蛋,鸡蛋CPI指数,2001-03-01,45.88,,月度,,澳洲,
au,鸡蛋,鸡蛋CPI指数,2001-06-01,48.55,,月度,,澳洲,
au,鸡蛋,鸡蛋CPI指数,2001-09-01,49.94,,月度,,澳洲,
au,鸡蛋,鸡蛋CPI指数,2001-12-01,50.68,,月度,,澳洲,
au,鸡蛋,鸡蛋CPI指数,2002-03-01,50.63,,月度,,澳洲,
au,鸡蛋,鸡蛋CPI指数,2002-06-01,50.82,,月度,,澳洲,
au,鸡蛋,鸡蛋CPI指数,2002-09-01,50.89,,月度,,澳洲,
au,鸡蛋,鸡蛋CPI指数,2002-12-01,48.53,,月度,,澳洲,
au,鸡蛋,鸡蛋CPI指数,2003-03-01,55.28,,月度,,澳洲,
au,鸡蛋,鸡蛋CPI指数,2003-06-01,56.76,,月度,,澳洲,
au,鸡蛋,鸡蛋CPI指数,2003-09-01,56.39,,月度,,澳洲,
au,鸡蛋,鸡蛋CPI指数,2003-12-01,54.81,,月度,,澳洲,
au,鸡蛋,鸡蛋CPI指数,2004-03-01,55.33,,月度,,澳洲,
au,鸡蛋,鸡蛋CPI指数,2004-06-01,54.8,,月度,,澳洲,
au,鸡蛋,鸡蛋CPI指数,2004-09-01,54.34,,月度,,澳洲,
au,鸡蛋,鸡蛋CPI指数,2004-12-01,54.9,,月度,,澳洲,
au,鸡蛋,鸡蛋CPI指数,2005-03-01,53.56,,月度,,澳洲,
au,鸡蛋,鸡蛋CPI指数,2005-06-01,52.44,,月度,,澳洲,
au,鸡蛋,鸡蛋CPI指数,2005-09-01,53.25,,月度,,澳洲,
au,鸡蛋,鸡蛋CPI指数,2005-12-01,54.55,,月度,,澳洲,
au,鸡蛋,鸡蛋CPI指数,2006-03-01,53.82,,月度,,澳洲,
au,鸡蛋,鸡蛋CPI指数,2006-06-01,56.02,,月度,,澳洲,
au,鸡蛋,鸡蛋CPI指数,2006-09-01,56.73,,月度,,澳洲,
au,鸡蛋,鸡蛋CPI指数,2006-12-01,59.43,,月度,,澳洲,
au,鸡蛋,鸡蛋CPI指数,2007-03-01,61.6,,月度,,澳洲,
au,鸡蛋,鸡蛋CPI指数,2007-06-01,62.32,,月度,,澳洲,
au,鸡蛋,鸡蛋CPI指数,2007-09-01,62.3,,月度,,澳洲,
au,鸡蛋,鸡蛋CPI指数,2007-12-01,62.0,,月度,,澳洲,
au,鸡蛋,鸡蛋CPI指数,2008-03-01,65.22,,月度,,澳洲,
au,鸡蛋,鸡蛋CPI指数,2008-06-01,63.27,,月度,,澳洲,
au,鸡蛋,鸡蛋CPI指数,2008-09-01,63.84,,月度,,澳洲,
au,鸡蛋,鸡蛋CPI指数,2008-12-01,63.51,,月度,,澳洲,
au,鸡蛋,鸡蛋CPI指数,2009-03-01,63.99,,月度,,澳洲,
au,鸡蛋,鸡蛋CPI指数,2009-06-01,63.99,,月度,,澳洲,
au,鸡蛋,鸡蛋CPI指数,2009-09-01,63.18,,月度,,澳洲,
au,鸡蛋,鸡蛋CPI指数,2009-12-01,62.71,,月度,,澳洲,
au,鸡蛋,鸡蛋CPI指数,2010-03-01,61.09,,月度,,澳洲,
au,鸡蛋,鸡蛋CPI指数,2010-06-01,61.27,,月度,,澳洲,
au,鸡蛋,鸡蛋CPI指数,2010-09-01,61.46,,月度,,澳洲,
au,鸡蛋,鸡蛋CPI指数,2010-12-01,61.21,,月度,,澳洲,
au,鸡蛋,鸡蛋CPI指数,2011-03-01,61.29,,月度,,澳洲,
au,鸡蛋,鸡蛋CPI指数,2011-06-01,61.16,,月度,,澳洲,
au,鸡蛋,鸡蛋CPI指数,2011-09-01,60.85,,月度,,澳洲,
au,鸡蛋,鸡蛋CPI指数,2011-12-01,60.71,,月度,,澳洲,
au,鸡蛋,鸡蛋CPI指数,2012-03-01,61.65,,月度,,澳洲,
au,鸡蛋,鸡蛋CPI指数,2012-06-01,61.79,,月度,,澳洲,
au,鸡蛋,鸡蛋CPI指数,2012-09-01,62.12,,月度,,澳洲,
au,鸡蛋,鸡蛋CPI指数,2012-12-01,63.41,,月度,,澳洲,
au,鸡蛋,鸡蛋CPI指数,2013-03-01,63.31,,月度,,澳洲,
au,鸡蛋,鸡蛋CPI指数,2013-06-01,63.83,,月度,,澳洲,
au,鸡蛋,鸡蛋CPI指数,2013-09-01,64.05,,月度,,澳洲,
au,鸡蛋,鸡蛋CPI指数,2013-12-01,65.91,,月度,,澳洲,
au,鸡蛋,鸡蛋CPI指数,2014-03-01,66.73,,月度,,澳洲,
au,鸡蛋,鸡蛋CPI指数,2014-06-01,68.57,,月度,,澳洲,
au,鸡蛋,鸡蛋CPI指数,2014-09-01,68.85,,月度,,澳洲,
au,鸡蛋,鸡蛋CPI指数,2014-12-01,67.09,,月度,,澳洲,
au,鸡蛋,鸡蛋CPI指数,2015-03-01,66.64,,月度,,澳洲,
au,鸡蛋,鸡蛋CPI指数,2015-06-01,66.94,,月度,,澳洲,
au,鸡蛋,鸡蛋CPI指数,2015-09-01,66.89,,月度,,澳洲,
au,鸡蛋,鸡蛋CPI指数,2015-12-01,65.73,,月度,,澳洲,
au,鸡蛋,鸡蛋CPI指数,2016-03-01,65.96,,月度,,澳洲,
au,鸡蛋,鸡蛋CPI指数,2016-06-01,66.61,,月度,,澳洲,
au,鸡蛋,鸡蛋CPI指数,2016-09-01,66.81,,月度,,澳洲,
au,鸡蛋,鸡蛋CPI指数,2016-12-01,66.42,,月度,,澳洲,
au,鸡蛋,鸡蛋CPI指数,2017-03-01,66.55,,月度,,澳洲,
au,鸡蛋,鸡蛋CPI指数,2017-06-01,66.01,,月度,,澳洲,
au,鸡蛋,鸡蛋CPI指数,2017-09-01,63.74,,月度,,澳洲,
au,鸡蛋,鸡蛋CPI指数,2017-12-01,63.15,,月度,,澳洲,
au,鸡蛋,鸡蛋CPI指数,2018-03-01,63.2,,月度,,澳洲,
au,鸡蛋,鸡蛋CPI指数,2018-06-01,63.62,,月度,,澳洲,
au,鸡蛋,鸡蛋CPI指数,2018-09-01,63.05,,月度,,澳洲,
au,鸡蛋,鸡蛋CPI指数,2018-12-01,63.36,,月度,,澳洲,
au,鸡蛋,鸡蛋CPI指数,2019-03-01,63.5,,月度,,澳洲,
au,鸡蛋,鸡蛋CPI指数,2019-06-01,64.15,,月度,,澳洲,
au,鸡蛋,鸡蛋CPI指数,2019-09-01,65.85,,月度,,澳洲,
au,鸡蛋,鸡蛋CPI指数,2019-12-01,66.66,,月度,,澳洲,
au,鸡蛋,鸡蛋CPI指数,2020-03-01,67.32,,月度,,澳洲,
au,鸡蛋,鸡蛋CPI指数,2020-06-01,68.65,,月度,,澳洲,
au,鸡蛋,鸡蛋CPI指数,2020-09-01,68.47,,月度,,澳洲,
au,鸡蛋,鸡蛋CPI指数,2020-12-01,67.92,,月度,,澳洲,
au,鸡蛋,鸡蛋CPI指数,2021-03-01,67.93,,月度,,澳洲,
au,鸡蛋,鸡蛋CPI指数,2021-06-01,67.64,,月度,,澳洲,
au,鸡蛋,鸡蛋CPI指数,2021-09-01,68.26,,月度,,澳洲,
au,鸡蛋,鸡蛋CPI指数,2021-12-01,67.99,,月度,,澳洲,
au,鸡蛋,鸡蛋CPI指数,2022-03-01,69.0,,月度,,澳洲,
au,鸡蛋,鸡蛋CPI指数,2022-06-01,71.56,,月度,,澳洲,
au,鸡蛋,鸡蛋CPI指数,2022-09-01,75.35,,月度,,澳洲,
au,鸡蛋,鸡蛋CPI指数,2022-12-01,75.96,,月度,,澳洲,
au,鸡蛋,鸡蛋CPI指数,2023-03-01,77.95,,月度,,澳洲,
au,鸡蛋,鸡蛋CPI指数,2023-06-01,79.57,,月度,,澳洲,
au,鸡蛋,鸡蛋CPI指数,2023-09-01,81.28,,月度,,澳洲,
au,鸡蛋,鸡蛋CPI指数,2023-12-01,84.03,,月度,,澳洲,
au,鸡蛋,鸡蛋CPI指数,2024-03-01,84.21,,月度,,澳洲,
au,鸡蛋,鸡蛋CPI指数,2024-06-01,84.71,,月度,,澳洲,
au,鸡蛋,鸡蛋CPI指数,2024-09-01,88.72,,月度,,澳洲,
au,鸡蛋,鸡蛋CPI指数,2024-12-01,93.48,,月度,,澳洲,
au,鸡蛋,鸡蛋CPI指数,2025-03-01,94.72,,月度,,澳洲,
au,鸡蛋,鸡蛋CPI指数,2025-06-01,100.9,,月度,,澳洲,
au,鸡蛋,鸡蛋CPI指数,2025-09-01,100.86,,月度,,澳洲,
au,鸡蛋,鸡蛋CPI指数,2025-12-01,97.76,,月度,,澳洲,
au,鸡蛋,鸡蛋CPI指数,2026-03-01,97.16,,月度,,澳洲,
au,鸡蛋,鸡蛋CPI指数,2026-06-01,96.44,,月度,,澳洲,
us,牛,MLA全球牛价USA CME Feeder Cattle Index,2024-12-01,185.55395276733773,AUD c/kg lwt,月度,MLA Statistics API / Steiner/NLRS,USA,MLA Statistics API report/7 Global Cattle Prices；按国家和指标月均，来源含NLRS和Steiner Consulting。
us,牛,MLA全球牛价USA CME Feeder Cattle Index,2025-01-01,201.11764731656157,AUD c/kg lwt,月度,MLA Statistics API / Steiner/NLRS,USA,MLA Statistics API report/7 Global Cattle Prices；按国家和指标月均，来源含NLRS和Steiner Consulting。
us,牛,MLA全球牛价USA CME Feeder Cattle Index,2025-02-01,199.51866945814425,AUD c/kg lwt,月度,MLA Statistics API / Steiner/NLRS,USA,MLA Statistics API report/7 Global Cattle Prices；按国家和指标月均，来源含NLRS和Steiner Consulting。
us,牛,MLA全球牛价USA CME Feeder Cattle Index,2025-03-01,202.65370172791464,AUD c/kg lwt,月度,MLA Statistics API / Steiner/NLRS,USA,MLA Statistics API report/7 Global Cattle Prices；按国家和指标月均，来源含NLRS和Steiner Consulting。
us,牛,MLA全球牛价USA CME Feeder Cattle Index,2025-04-01,209.64743475624365,AUD c/kg lwt,月度,MLA Statistics API / Steiner/NLRS,USA,MLA Statistics API report/7 Global Cattle Prices；按国家和指标月均，来源含NLRS和Steiner Consulting。
us,牛,MLA全球牛价USA CME Feeder Cattle Index,2025-05-01,210.1008705253243,AUD c/kg lwt,月度,MLA Statistics API / Steiner/NLRS,USA,MLA Statistics API report/7 Global Cattle Prices；按国家和指标月均，来源含NLRS和Steiner Consulting。
us,牛,MLA全球牛价USA CME Feeder Cattle Index,2025-06-01,217.17447930998978,AUD c/kg lwt,月度,MLA Statistics API / Steiner/NLRS,USA,MLA Statistics API report/7 Global Cattle Prices；按国家和指标月均，来源含NLRS和Steiner Consulting。
us,牛,MLA全球牛价USA CME Feeder Cattle Index,2025-07-01,225.6445034381555,AUD c/kg lwt,月度,MLA Statistics API / Steiner/NLRS,USA,MLA Statistics API report/7 Global Cattle Prices；按国家和指标月均，来源含NLRS和Steiner Consulting。
us,牛,MLA全球牛价USA CME Feeder Cattle Index,2025-08-01,244.00146196904507,AUD c/kg lwt,月度,MLA Statistics API / Steiner/NLRS,USA,MLA Statistics API report/7 Global Cattle Prices；按国家和指标月均，来源含NLRS和Steiner Consulting。
us,牛,MLA全球牛价USA CME Feeder Cattle Index,2025-09-01,249.59858798040955,AUD c/kg lwt,月度,MLA Statistics API / Steiner/NLRS,USA,MLA Statistics API report/7 Global Cattle Prices；按国家和指标月均，来源含NLRS和Steiner Consulting。
us,牛,MLA全球牛价USA CME Feeder Cattle Index,2025-10-01,252.11970531273806,AUD c/kg lwt,月度,MLA Statistics API / Steiner/NLRS,USA,MLA Statistics API report/7 Global Cattle Prices；按国家和指标月均，来源含NLRS和Steiner Consulting。
us,牛,MLA全球牛价USA CME Feeder Cattle Index,2025-11-01,235.2185024362436,AUD c/kg lwt,月度,MLA Statistics API / Steiner/NLRS,USA,MLA Statistics API report/7 Global Cattle Prices；按国家和指标月均，来源含NLRS和Steiner Consulting。
us,牛,MLA全球牛价USA CME Feeder Cattle Index,2025-12-01,237.15685049719985,AUD c/kg lwt,月度,MLA Statistics API / Steiner/NLRS,USA,MLA Statistics API report/7 Global Cattle Prices；按国家和指标月均，来源含NLRS和Steiner Consulting。
us,牛,MLA全球牛价USA CME Feeder Cattle Index,2026-01-01,244.1071597325129,AUD c/kg lwt,月度,MLA Statistics API / Steiner/NLRS,USA,MLA Statistics API report/7 Global Cattle Prices；按国家和指标月均，来源含NLRS和Steiner Consulting。
us,牛,MLA全球牛价USA CME Feeder Cattle Index,2026-02-01,240.35740533452304,AUD c/kg lwt,月度,MLA Statistics API / Steiner/NLRS,USA,MLA Statistics API report/7 Global Cattle Prices；按国家和指标月均，来源含NLRS和Steiner Consulting。
us,牛,MLA全球牛价USA CME Feeder Cattle Index,2026-03-01,233.56505432661226,AUD c/kg lwt,月度,MLA Statistics API / Steiner/NLRS,USA,MLA Statistics API report/7 Global Cattle Prices；按国家和指标月均，来源含NLRS和Steiner Consulting。
us,牛,MLA全球牛价USA CME Feeder Cattle Index,2026-04-01,237.471242212929,AUD c/kg lwt,月度,MLA Statistics API / Steiner/NLRS,USA,MLA Statistics API report/7 Global Cattle Prices；按国家和指标月均，来源含NLRS和Steiner Consulting。
us,牛,MLA全球牛价USA CME Feeder Cattle Index,2026-05-01,234.35688673988764,AUD c/kg lwt,月度,MLA Statistics API / Steiner/NLRS,USA,MLA Statistics API report/7 Global Cattle Prices；按国家和指标月均，来源含NLRS和Steiner Consulting。
us,牛,MLA全球牛价USA CME Feeder Cattle Index,2026-06-01,239.03401577969046,AUD c/kg lwt,月度,MLA Statistics API / Steiner/NLRS,USA,MLA Statistics API report/7 Global Cattle Prices；按国家和指标月均，来源含NLRS和Steiner Consulting。
us,牛,MLA全球牛价USA CME Feeder Cattle Index,2026-07-01,237.09998573653937,AUD c/kg lwt,月度,MLA Statistics API / Steiner/NLRS,USA,MLA Statistics API report/7 Global Cattle Prices；按国家和指标月均，来源含NLRS和Steiner Consulting。
us,牛,"MLA全球牛价USA Fed Steer, 5-Day Average",2024-12-01,138.70538111634863,AUD c/kg lwt,月度,MLA Statistics API / Steiner/NLRS,USA,MLA Statistics API report/7 Global Cattle Prices；按国家和指标月均，来源含NLRS和Steiner Consulting。
us,牛,"MLA全球牛价USA Fed Steer, 5-Day Average",2025-01-01,147.98306870101894,AUD c/kg lwt,月度,MLA Statistics API / Steiner/NLRS,USA,MLA Statistics API report/7 Global Cattle Prices；按国家和指标月均，来源含NLRS和Steiner Consulting。
us,牛,"MLA全球牛价USA Fed Steer, 5-Day Average",2025-02-01,146.00224877109366,AUD c/kg lwt,月度,MLA Statistics API / Steiner/NLRS,USA,MLA Statistics API report/7 Global Cattle Prices；按国家和指标月均，来源含NLRS和Steiner Consulting。
us,牛,"MLA全球牛价USA Fed Steer, 5-Day Average",2025-03-01,146.94248393814638,AUD c/kg lwt,月度,MLA Statistics API / Steiner/NLRS,USA,MLA Statistics API report/7 Global Cattle Prices；按国家和指标月均，来源含NLRS和Steiner Consulting。
us,牛,"MLA全球牛价USA Fed Steer, 5-Day Average",2025-04-01,151.1425060656016,AUD c/kg lwt,月度,MLA Statistics API / Steiner/NLRS,USA,MLA Statistics API report/7 Global Cattle Prices；按国家和指标月均，来源含NLRS和Steiner Consulting。
us,牛,"MLA全球牛价USA Fed Steer, 5-Day Average",2025-05-01,159.78197190460028,AUD c/kg lwt,月度,MLA Statistics API / Steiner/NLRS,USA,MLA Statistics API report/7 Global Cattle Prices；按国家和指标月均，来源含NLRS和Steiner Consulting。
us,牛,"MLA全球牛价USA Fed Steer, 5-Day Average",2025-06-01,163.31662430056275,AUD c/kg lwt,月度,MLA Statistics API / Steiner/NLRS,USA,MLA Statistics API report/7 Global Cattle Prices；按国家和指标月均，来源含NLRS和Steiner Consulting。
us,牛,"MLA全球牛价USA Fed Steer, 5-Day Average",2025-07-01,162.26530098726715,AUD c/kg lwt,月度,MLA Statistics API / Steiner/NLRS,USA,MLA Statistics API report/7 Global Cattle Prices；按国家和指标月均，来源含NLRS和Steiner Consulting。
us,牛,"MLA全球牛价USA Fed Steer, 5-Day Average",2025-08-01,169.9320129923855,AUD c/kg lwt,月度,MLA Statistics API / Steiner/NLRS,USA,MLA Statistics API report/7 Global Cattle Prices；按国家和指标月均，来源含NLRS和Steiner Consulting。
us,牛,"MLA全球牛价USA Fed Steer, 5-Day Average",2025-09-01,164.59716243288767,AUD c/kg lwt,月度,MLA Statistics API / Steiner/NLRS,USA,MLA Statistics API report/7 Global Cattle Prices；按国家和指标月均，来源含NLRS和Steiner Consulting。
us,牛,"MLA全球牛价USA Fed Steer, 5-Day Average",2025-10-01,162.73386646787355,AUD c/kg lwt,月度,MLA Statistics API / Steiner/NLRS,USA,MLA Statistics API report/7 Global Cattle Prices；按国家和指标月均，来源含NLRS和Steiner Consulting。
us,牛,"MLA全球牛价USA Fed Steer, 5-Day Average",2025-11-01,154.56079395106002,AUD c/kg lwt,月度,MLA Statistics API / Steiner/NLRS,USA,MLA Statistics API report/7 Global Cattle Prices；按国家和指标月均，来源含NLRS和Steiner Consulting。
us,牛,"MLA全球牛价USA Fed Steer, 5-Day Average",2025-12-01,154.19948061115173,AUD c/kg lwt,月度,MLA Statistics API / Steiner/NLRS,USA,MLA Statistics API report/7 Global Cattle Prices；按国家和指标月均，来源含NLRS和Steiner Consulting。
us,牛,"MLA全球牛价USA Fed Steer, 5-Day Average",2026-01-01,155.45621627988254,AUD c/kg lwt,月度,MLA Statistics API / Steiner/NLRS,USA,MLA Statistics API report/7 Global Cattle Prices；按国家和指标月均，来源含NLRS和Steiner Consulting。
us,牛,"MLA全球牛价USA Fed Steer, 5-Day Average",2026-02-01,156.74936833285778,AUD c/kg lwt,月度,MLA Statistics API / Steiner/NLRS,USA,MLA Statistics API report/7 Global Cattle Prices；按国家和指标月均，来源含NLRS和Steiner Consulting。
us,牛,"MLA全球牛价USA Fed Steer, 5-Day Average",2026-03-01,153.85881126941533,AUD c/kg lwt,月度,MLA Statistics API / Steiner/NLRS,USA,MLA Statistics API report/7 Global Cattle Prices；按国家和指标月均，来源含NLRS和Steiner Consulting。
us,牛,"MLA全球牛价USA Fed Steer, 5-Day Average",2026-04-01,157.98233133218508,AUD c/kg lwt,月度,MLA Statistics API / Steiner/NLRS,USA,MLA Statistics API report/7 Global Cattle Prices；按国家和指标月均，来源含NLRS和Steiner Consulting。
us,牛,"MLA全球牛价USA Fed Steer, 5-Day Average",2026-05-01,163.57062624478206,AUD c/kg lwt,月度,MLA Statistics API / Steiner/NLRS,USA,MLA Statistics API report/7 Global Cattle Prices；按国家和指标月均，来源含NLRS和Steiner Consulting。
us,牛,"MLA全球牛价USA Fed Steer, 5-Day Average",2026-06-01,166.2082603539131,AUD c/kg lwt,月度,MLA Statistics API / Steiner/NLRS,USA,MLA Statistics API report/7 Global Cattle Prices；按国家和指标月均，来源含NLRS和Steiner Consulting。
us,牛,"MLA全球牛价USA Fed Steer, 5-Day Average",2026-07-01,157.7497802646172,AUD c/kg lwt,月度,MLA Statistics API / Steiner/NLRS,USA,MLA Statistics API report/7 Global Cattle Prices；按国家和指标月均，来源含NLRS和Steiner Consulting。
us,牛,MLA美国牛肉牛价 75CL Trim,2024-12-01,204.875,US c/lb,月度,MLA Statistics API / Steiner,美国,MLA Statistics API report/9 US Imported Meat Prices；按指标月均。
us,牛,MLA美国牛肉牛价 75CL Trim,2025-01-01,211.2,US c/lb,月度,MLA Statistics API / Steiner,美国,MLA Statistics API report/9 US Imported Meat Prices；按指标月均。
us,牛,MLA美国牛肉牛价 75CL Trim,2025-02-01,213.0,US c/lb,月度,MLA Statistics API / Steiner,美国,MLA Statistics API report/9 US Imported Meat Prices；按指标月均。
us,牛,MLA美国牛肉牛价 75CL Trim,2025-03-01,213.125,US c/lb,月度,MLA Statistics API / Steiner,美国,MLA Statistics API report/9 US Imported Meat Prices；按指标月均。
us,牛,MLA美国牛肉牛价 75CL Trim,2025-05-01,225.25,US c/lb,月度,MLA Statistics API / Steiner,美国,MLA Statistics API report/9 US Imported Meat Prices；按指标月均。
us,牛,MLA美国牛肉牛价 75CL Trim,2025-06-01,244.625,US c/lb,月度,MLA Statistics API / Steiner,美国,MLA Statistics API report/9 US Imported Meat Prices；按指标月均。
us,牛,MLA美国牛肉牛价 75CL Trim,2025-07-01,251.75,US c/lb,月度,MLA Statistics API / Steiner,美国,MLA Statistics API report/9 US Imported Meat Prices；按指标月均。
us,牛,MLA美国牛肉牛价 75CL Trim,2025-08-01,257.1,US c/lb,月度,MLA Statistics API / Steiner,美国,MLA Statistics API report/9 US Imported Meat Prices；按指标月均。
us,牛,MLA美国牛肉牛价 75CL Trim,2025-09-01,260.125,US c/lb,月度,MLA Statistics API / Steiner,美国,MLA Statistics API report/9 US Imported Meat Prices；按指标月均。
us,牛,MLA美国牛肉牛价 75CL Trim,2025-10-01,261.0,US c/lb,月度,MLA Statistics API / Steiner,美国,MLA Statistics API report/9 US Imported Meat Prices；按指标月均。
us,牛,MLA美国牛肉牛价 75CL Trim,2025-11-01,274.5,US c/lb,月度,MLA Statistics API / Steiner,美国,MLA Statistics API report/9 US Imported Meat Prices；按指标月均。
us,牛,MLA美国牛肉牛价 75CL Trim,2025-12-01,276.5,US c/lb,月度,MLA Statistics API / Steiner,美国,MLA Statistics API report/9 US Imported Meat Prices；按指标月均。
us,牛,MLA美国牛肉牛价 75CL Trim,2026-01-01,275.1,US c/lb,月度,MLA Statistics API / Steiner,美国,MLA Statistics API report/9 US Imported Meat Prices；按指标月均。
us,牛,MLA美国牛肉牛价 75CL Trim,2026-02-01,283.75,US c/lb,月度,MLA Statistics API / Steiner,美国,MLA Statistics API report/9 US Imported Meat Prices；按指标月均。
us,牛,MLA美国牛肉牛价 75CL Trim,2026-03-01,283.75,US c/lb,月度,MLA Statistics API / Steiner,美国,MLA Statistics API report/9 US Imported Meat Prices；按指标月均。
us,牛,MLA美国牛肉牛价 75CL Trim,2026-04-01,290.375,US c/lb,月度,MLA Statistics API / Steiner,美国,MLA Statistics API report/9 US Imported Meat Prices；按指标月均。
us,牛,MLA美国牛肉牛价 75CL Trim,2026-05-01,282.6,US c/lb,月度,MLA Statistics API / Steiner,美国,MLA Statistics API report/9 US Imported Meat Prices；按指标月均。
us,牛,MLA美国牛肉牛价 75CL Trim,2026-06-01,271.0,US c/lb,月度,MLA Statistics API / Steiner,美国,MLA Statistics API report/9 US Imported Meat Prices；按指标月均。
us,牛,MLA美国牛肉牛价 75CL Trim,2026-07-01,265.3,US c/lb,月度,MLA Statistics API / Steiner,美国,MLA Statistics API report/9 US Imported Meat Prices；按指标月均。
us,牛,MLA美国牛肉牛价 80CL Trim,2024-12-01,245.0,US c/lb,月度,MLA Statistics API / Steiner,美国,MLA Statistics API report/9 US Imported Meat Prices；按指标月均。
us,牛,MLA美国牛肉牛价 80CL Trim,2025-01-01,247.8,US c/lb,月度,MLA Statistics API / Steiner,美国,MLA Statistics API report/9 US Imported Meat Prices；按指标月均。
us,牛,MLA美国牛肉牛价 80CL Trim,2025-02-01,245.5,US c/lb,月度,MLA Statistics API / Steiner,美国,MLA Statistics API report/9 US Imported Meat Prices；按指标月均。
us,牛,MLA美国牛肉牛价 80CL Trim,2025-03-01,246.25,US c/lb,月度,MLA Statistics API / Steiner,美国,MLA Statistics API report/9 US Imported Meat Prices；按指标月均。
us,牛,MLA美国牛肉牛价 80CL Trim,2025-05-01,259.125,US c/lb,月度,MLA Statistics API / Steiner,美国,MLA Statistics API report/9 US Imported Meat Prices；按指标月均。
us,牛,MLA美国牛肉牛价 80CL Trim,2025-06-01,275.25,US c/lb,月度,MLA Statistics API / Steiner,美国,MLA Statistics API report/9 US Imported Meat Prices；按指标月均。
us,牛,MLA美国牛肉牛价 80CL Trim,2025-07-01,281.0,US c/lb,月度,MLA Statistics API / Steiner,美国,MLA Statistics API report/9 US Imported Meat Prices；按指标月均。
us,牛,MLA美国牛肉牛价 80CL Trim,2025-08-01,283.1,US c/lb,月度,MLA Statistics API / Steiner,美国,MLA Statistics API report/9 US Imported Meat Prices；按指标月均。
us,牛,MLA美国牛肉牛价 80CL Trim,2025-09-01,287.375,US c/lb,月度,MLA Statistics API / Steiner,美国,MLA Statistics API report/9 US Imported Meat Prices；按指标月均。
us,牛,MLA美国牛肉牛价 80CL Trim,2025-10-01,288.91999999999996,US c/lb,月度,MLA Statistics API / Steiner,美国,MLA Statistics API report/9 US Imported Meat Prices；按指标月均。
us,牛,MLA美国牛肉牛价 80CL Trim,2025-11-01,305.65,US c/lb,月度,MLA Statistics API / Steiner,美国,MLA Statistics API report/9 US Imported Meat Prices；按指标月均。
us,牛,MLA美国牛肉牛价 80CL Trim,2025-12-01,311.125,US c/lb,月度,MLA Statistics API / Steiner,美国,MLA Statistics API report/9 US Imported Meat Prices；按指标月均。
us,牛,MLA美国牛肉牛价 80CL Trim,2026-01-01,310.3,US c/lb,月度,MLA Statistics API / Steiner,美国,MLA Statistics API report/9 US Imported Meat Prices；按指标月均。
us,牛,MLA美国牛肉牛价 80CL Trim,2026-02-01,315.0,US c/lb,月度,MLA Statistics API / Steiner,美国,MLA Statistics API report/9 US Imported Meat Prices；按指标月均。
us,牛,MLA美国牛肉牛价 80CL Trim,2026-03-01,313.125,US c/lb,月度,MLA Statistics API / Steiner,美国,MLA Statistics API report/9 US Imported Meat Prices；按指标月均。
us,牛,MLA美国牛肉牛价 80CL Trim,2026-04-01,314.375,US c/lb,月度,MLA Statistics API / Steiner,美国,MLA Statistics API report/9 US Imported Meat Prices；按指标月均。
us,牛,MLA美国牛肉牛价 80CL Trim,2026-05-01,312.0,US c/lb,月度,MLA Statistics API / Steiner,美国,MLA Statistics API report/9 US Imported Meat Prices；按指标月均。
us,牛,MLA美国牛肉牛价 80CL Trim,2026-06-01,300.75,US c/lb,月度,MLA Statistics API / Steiner,美国,MLA Statistics API report/9 US Imported Meat Prices；按指标月均。
us,牛,MLA美国牛肉牛价 80CL Trim,2026-07-01,297.1,US c/lb,月度,MLA Statistics API / Steiner,美国,MLA Statistics API report/9 US Imported Meat Prices；按指标月均。
us,牛,MLA美国牛肉牛价 85CL Cow Fores,2024-12-01,277.0,US c/lb,月度,MLA Statistics API / Steiner,美国,MLA Statistics API report/9 US Imported Meat Prices；按指标月均。
us,牛,MLA美国牛肉牛价 85CL Cow Fores,2025-01-01,281.5,US c/lb,月度,MLA Statistics API / Steiner,美国,MLA Statistics API report/9 US Imported Meat Prices；按指标月均。
us,牛,MLA美国牛肉牛价 85CL Cow Fores,2025-02-01,285.875,US c/lb,月度,MLA Statistics API / Steiner,美国,MLA Statistics API report/9 US Imported Meat Prices；按指标月均。
us,牛,MLA美国牛肉牛价 85CL Cow Fores,2025-03-01,292.125,US c/lb,月度,MLA Statistics API / Steiner,美国,MLA Statistics API report/9 US Imported Meat Prices；按指标月均。
us,牛,MLA美国牛肉牛价 85CL Cow Fores,2025-04-01,291.75,US c/lb,月度,MLA Statistics API / Steiner,美国,MLA Statistics API report/9 US Imported Meat Prices；按指标月均。
us,牛,MLA美国牛肉牛价 85CL Cow Fores,2025-05-01,292.8,US c/lb,月度,MLA Statistics API / Steiner,美国,MLA Statistics API report/9 US Imported Meat Prices；按指标月均。
us,牛,MLA美国牛肉牛价 85CL Cow Fores,2025-06-01,298.125,US c/lb,月度,MLA Statistics API / Steiner,美国,MLA Statistics API report/9 US Imported Meat Prices；按指标月均。
us,牛,MLA美国牛肉牛价 85CL Cow Fores,2025-07-01,306.0,US c/lb,月度,MLA Statistics API / Steiner,美国,MLA Statistics API report/9 US Imported Meat Prices；按指标月均。
us,牛,MLA美国牛肉牛价 85CL Cow Fores,2025-08-01,309.1,US c/lb,月度,MLA Statistics API / Steiner,美国,MLA Statistics API report/9 US Imported Meat Prices；按指标月均。
us,牛,MLA美国牛肉牛价 85CL Cow Fores,2025-09-01,310.625,US c/lb,月度,MLA Statistics API / Steiner,美国,MLA Statistics API report/9 US Imported Meat Prices；按指标月均。
us,牛,MLA美国牛肉牛价 85CL Cow Fores,2025-10-01,314.6,US c/lb,月度,MLA Statistics API / Steiner,美国,MLA Statistics API report/9 US Imported Meat Prices；按指标月均。
us,牛,MLA美国牛肉牛价 85CL Cow Fores,2025-11-01,325.875,US c/lb,月度,MLA Statistics API / Steiner,美国,MLA Statistics API report/9 US Imported Meat Prices；按指标月均。
us,牛,MLA美国牛肉牛价 85CL Cow Fores,2025-12-01,330.75,US c/lb,月度,MLA Statistics API / Steiner,美国,MLA Statistics API report/9 US Imported Meat Prices；按指标月均。
us,牛,MLA美国牛肉牛价 85CL Cow Fores,2026-01-01,330.0,US c/lb,月度,MLA Statistics API / Steiner,美国,MLA Statistics API report/9 US Imported Meat Prices；按指标月均。
us,牛,MLA美国牛肉牛价 85CL Cow Fores,2026-02-01,344.5,US c/lb,月度,MLA Statistics API / Steiner,美国,MLA Statistics API report/9 US Imported Meat Prices；按指标月均。
us,牛,MLA美国牛肉牛价 85CL Cow Fores,2026-03-01,350.625,US c/lb,月度,MLA Statistics API / Steiner,美国,MLA Statistics API report/9 US Imported Meat Prices；按指标月均。
us,牛,MLA美国牛肉牛价 85CL Cow Fores,2026-04-01,351.0,US c/lb,月度,MLA Statistics API / Steiner,美国,MLA Statistics API report/9 US Imported Meat Prices；按指标月均。
us,牛,MLA美国牛肉牛价 85CL Cow Fores,2026-05-01,345.6,US c/lb,月度,MLA Statistics API / Steiner,美国,MLA Statistics API report/9 US Imported Meat Prices；按指标月均。
us,牛,MLA美国牛肉牛价 85CL Cow Fores,2026-06-01,341.0,US c/lb,月度,MLA Statistics API / Steiner,美国,MLA Statistics API report/9 US Imported Meat Prices；按指标月均。
us,牛,MLA美国牛肉牛价 85CL Cow Fores,2026-07-01,330.3,US c/lb,月度,MLA Statistics API / Steiner,美国,MLA Statistics API report/9 US Imported Meat Prices；按指标月均。
us,牛,MLA美国牛肉牛价 85CL Trim,2024-12-01,275.375,US c/lb,月度,MLA Statistics API / Steiner,美国,MLA Statistics API report/9 US Imported Meat Prices；按指标月均。
us,牛,MLA美国牛肉牛价 85CL Trim,2025-01-01,280.1,US c/lb,月度,MLA Statistics API / Steiner,美国,MLA Statistics API report/9 US Imported Meat Prices；按指标月均。
us,牛,MLA美国牛肉牛价 85CL Trim,2025-02-01,284.0,US c/lb,月度,MLA Statistics API / Steiner,美国,MLA Statistics API report/9 US Imported Meat Prices；按指标月均。
us,牛,MLA美国牛肉牛价 85CL Trim,2025-03-01,289.875,US c/lb,月度,MLA Statistics API / Steiner,美国,MLA Statistics API report/9 US Imported Meat Prices；按指标月均。
us,牛,MLA美国牛肉牛价 85CL Trim,2025-04-01,290.5,US c/lb,月度,MLA Statistics API / Steiner,美国,MLA Statistics API report/9 US Imported Meat Prices；按指标月均。
us,牛,MLA美国牛肉牛价 85CL Trim,2025-05-01,292.2,US c/lb,月度,MLA Statistics API / Steiner,美国,MLA Statistics API report/9 US Imported Meat Prices；按指标月均。
us,牛,MLA美国牛肉牛价 85CL Trim,2025-06-01,296.75,US c/lb,月度,MLA Statistics API / Steiner,美国,MLA Statistics API report/9 US Imported Meat Prices；按指标月均。
us,牛,MLA美国牛肉牛价 85CL Trim,2025-07-01,304.875,US c/lb,月度,MLA Statistics API / Steiner,美国,MLA Statistics API report/9 US Imported Meat Prices；按指标月均。
us,牛,MLA美国牛肉牛价 85CL Trim,2025-08-01,307.8333333333333,US c/lb,月度,MLA Statistics API / Steiner,美国,MLA Statistics API report/9 US Imported Meat Prices；按指标月均。
us,牛,MLA美国牛肉牛价 85CL Trim,2025-09-01,308.875,US c/lb,月度,MLA Statistics API / Steiner,美国,MLA Statistics API report/9 US Imported Meat Prices；按指标月均。
us,牛,MLA美国牛肉牛价 85CL Trim,2025-10-01,312.7,US c/lb,月度,MLA Statistics API / Steiner,美国,MLA Statistics API report/9 US Imported Meat Prices；按指标月均。
us,牛,MLA美国牛肉牛价 85CL Trim,2025-11-01,325.0,US c/lb,月度,MLA Statistics API / Steiner,美国,MLA Statistics API report/9 US Imported Meat Prices；按指标月均。
us,牛,MLA美国牛肉牛价 85CL Trim,2025-12-01,329.625,US c/lb,月度,MLA Statistics API / Steiner,美国,MLA Statistics API report/9 US Imported Meat Prices；按指标月均。
us,牛,MLA美国牛肉牛价 85CL Trim,2026-01-01,329.1,US c/lb,月度,MLA Statistics API / Steiner,美国,MLA Statistics API report/9 US Imported Meat Prices；按指标月均。
us,牛,MLA美国牛肉牛价 85CL Trim,2026-02-01,342.375,US c/lb,月度,MLA Statistics API / Steiner,美国,MLA Statistics API report/9 US Imported Meat Prices；按指标月均。
us,牛,MLA美国牛肉牛价 85CL Trim,2026-03-01,349.375,US c/lb,月度,MLA Statistics API / Steiner,美国,MLA Statistics API report/9 US Imported Meat Prices；按指标月均。
us,牛,MLA美国牛肉牛价 85CL Trim,2026-04-01,349.75,US c/lb,月度,MLA Statistics API / Steiner,美国,MLA Statistics API report/9 US Imported Meat Prices；按指标月均。
us,牛,MLA美国牛肉牛价 85CL Trim,2026-05-01,343.7,US c/lb,月度,MLA Statistics API / Steiner,美国,MLA Statistics API report/9 US Imported Meat Prices；按指标月均。
us,牛,MLA美国牛肉牛价 85CL Trim,2026-06-01,339.0,US c/lb,月度,MLA Statistics API / Steiner,美国,MLA Statistics API report/9 US Imported Meat Prices；按指标月均。
us,牛,MLA美国牛肉牛价 85CL Trim,2026-07-01,329.7,US c/lb,月度,MLA Statistics API / Steiner,美国,MLA Statistics API report/9 US Imported Meat Prices；按指标月均。
us,牛,"MLA美国牛肉牛价 90CL Boneless Beef, NZ",2024-12-01,295.875,US c/lb,月度,MLA Statistics API / Steiner,美国,MLA Statistics API report/9 US Imported Meat Prices；按指标月均。
us,牛,"MLA美国牛肉牛价 90CL Boneless Beef, NZ",2025-01-01,299.5,US c/lb,月度,MLA Statistics API / Steiner,美国,MLA Statistics API report/9 US Imported Meat Prices；按指标月均。
us,牛,"MLA美国牛肉牛价 90CL Boneless Beef, NZ",2025-02-01,304.625,US c/lb,月度,MLA Statistics API / Steiner,美国,MLA Statistics API report/9 US Imported Meat Prices；按指标月均。
us,牛,"MLA美国牛肉牛价 90CL Boneless Beef, NZ",2025-03-01,310.375,US c/lb,月度,MLA Statistics API / Steiner,美国,MLA Statistics API report/9 US Imported Meat Prices；按指标月均。
us,牛,"MLA美国牛肉牛价 90CL Boneless Beef, NZ",2025-04-01,302.0,US c/lb,月度,MLA Statistics API / Steiner,美国,MLA Statistics API report/9 US Imported Meat Prices；按指标月均。
us,牛,"MLA美国牛肉牛价 90CL Boneless Beef, NZ",2025-05-01,305.0,US c/lb,月度,MLA Statistics API / Steiner,美国,MLA Statistics API report/9 US Imported Meat Prices；按指标月均。
us,牛,"MLA美国牛肉牛价 90CL Boneless Beef, NZ",2025-06-01,312.0,US c/lb,月度,MLA Statistics API / Steiner,美国,MLA Statistics API report/9 US Imported Meat Prices；按指标月均。
us,牛,"MLA美国牛肉牛价 90CL Boneless Beef, NZ",2025-07-01,321.75,US c/lb,月度,MLA Statistics API / Steiner,美国,MLA Statistics API report/9 US Imported Meat Prices；按指标月均。
us,牛,"MLA美国牛肉牛价 90CL Boneless Beef, NZ",2025-08-01,327.1,US c/lb,月度,MLA Statistics API / Steiner,美国,MLA Statistics API report/9 US Imported Meat Prices；按指标月均。
us,牛,"MLA美国牛肉牛价 90CL Boneless Beef, NZ",2025-09-01,334.0,US c/lb,月度,MLA Statistics API / Steiner,美国,MLA Statistics API report/9 US Imported Meat Prices；按指标月均。
us,牛,"MLA美国牛肉牛价 90CL Boneless Beef, NZ",2025-10-01,343.4,US c/lb,月度,MLA Statistics API / Steiner,美国,MLA Statistics API report/9 US Imported Meat Prices；按指标月均。
us,牛,"MLA美国牛肉牛价 90CL Boneless Beef, NZ",2025-11-01,364.625,US c/lb,月度,MLA Statistics API / Steiner,美国,MLA Statistics API report/9 US Imported Meat Prices；按指标月均。
us,牛,"MLA美国牛肉牛价 90CL Boneless Beef, NZ",2025-12-01,365.625,US c/lb,月度,MLA Statistics API / Steiner,美国,MLA Statistics API report/9 US Imported Meat Prices；按指标月均。
us,牛,"MLA美国牛肉牛价 90CL Boneless Beef, NZ",2026-01-01,366.2,US c/lb,月度,MLA Statistics API / Steiner,美国,MLA Statistics API report/9 US Imported Meat Prices；按指标月均。
us,牛,"MLA美国牛肉牛价 90CL Boneless Beef, NZ",2026-02-01,372.125,US c/lb,月度,MLA Statistics API / Steiner,美国,MLA Statistics API report/9 US Imported Meat Prices；按指标月均。
us,牛,"MLA美国牛肉牛价 90CL Boneless Beef, NZ",2026-03-01,374.75,US c/lb,月度,MLA Statistics API / Steiner,美国,MLA Statistics API report/9 US Imported Meat Prices；按指标月均。
us,牛,"MLA美国牛肉牛价 90CL Boneless Beef, NZ",2026-04-01,374.625,US c/lb,月度,MLA Statistics API / Steiner,美国,MLA Statistics API report/9 US Imported Meat Prices；按指标月均。
us,牛,"MLA美国牛肉牛价 90CL Boneless Beef, NZ",2026-05-01,369.9,US c/lb,月度,MLA Statistics API / Steiner,美国,MLA Statistics API report/9 US Imported Meat Prices；按指标月均。
us,牛,"MLA美国牛肉牛价 90CL Boneless Beef, NZ",2026-06-01,357.25,US c/lb,月度,MLA Statistics API / Steiner,美国,MLA Statistics API report/9 US Imported Meat Prices；按指标月均。
us,牛,"MLA美国牛肉牛价 90CL Boneless Beef, NZ",2026-07-01,344.3,US c/lb,月度,MLA Statistics API / Steiner,美国,MLA Statistics API report/9 US Imported Meat Prices；按指标月均。
us,牛,"MLA美国牛肉牛价 90CL Boneless Beef, NZ/Australia",2024-12-01,295.875,US c/lb,月度,MLA Statistics API / Steiner,美国,MLA Statistics API report/9 US Imported Meat Prices；按指标月均。
us,牛,"MLA美国牛肉牛价 90CL Boneless Beef, NZ/Australia",2025-01-01,299.5,US c/lb,月度,MLA Statistics API / Steiner,美国,MLA Statistics API report/9 US Imported Meat Prices；按指标月均。
us,牛,"MLA美国牛肉牛价 90CL Boneless Beef, NZ/Australia",2025-02-01,304.625,US c/lb,月度,MLA Statistics API / Steiner,美国,MLA Statistics API report/9 US Imported Meat Prices；按指标月均。
us,牛,"MLA美国牛肉牛价 90CL Boneless Beef, NZ/Australia",2025-03-01,310.375,US c/lb,月度,MLA Statistics API / Steiner,美国,MLA Statistics API report/9 US Imported Meat Prices；按指标月均。
us,牛,"MLA美国牛肉牛价 90CL Boneless Beef, NZ/Australia",2025-04-01,302.0,US c/lb,月度,MLA Statistics API / Steiner,美国,MLA Statistics API report/9 US Imported Meat Prices；按指标月均。
us,牛,"MLA美国牛肉牛价 90CL Boneless Beef, NZ/Australia",2025-05-01,305.0,US c/lb,月度,MLA Statistics API / Steiner,美国,MLA Statistics API report/9 US Imported Meat Prices；按指标月均。
us,牛,"MLA美国牛肉牛价 90CL Boneless Beef, NZ/Australia",2025-06-01,312.0,US c/lb,月度,MLA Statistics API / Steiner,美国,MLA Statistics API report/9 US Imported Meat Prices；按指标月均。
us,牛,"MLA美国牛肉牛价 90CL Boneless Beef, NZ/Australia",2025-07-01,321.75,US c/lb,月度,MLA Statistics API / Steiner,美国,MLA Statistics API report/9 US Imported Meat Prices；按指标月均。
us,牛,"MLA美国牛肉牛价 90CL Boneless Beef, NZ/Australia",2025-08-01,327.1,US c/lb,月度,MLA Statistics API / Steiner,美国,MLA Statistics API report/9 US Imported Meat Prices；按指标月均。
us,牛,"MLA美国牛肉牛价 90CL Boneless Beef, NZ/Australia",2025-09-01,334.0,US c/lb,月度,MLA Statistics API / Steiner,美国,MLA Statistics API report/9 US Imported Meat Prices；按指标月均。
us,牛,"MLA美国牛肉牛价 90CL Boneless Beef, NZ/Australia",2025-10-01,343.4,US c/lb,月度,MLA Statistics API / Steiner,美国,MLA Statistics API report/9 US Imported Meat Prices；按指标月均。
us,牛,"MLA美国牛肉牛价 90CL Boneless Beef, NZ/Australia",2025-11-01,364.625,US c/lb,月度,MLA Statistics API / Steiner,美国,MLA Statistics API report/9 US Imported Meat Prices；按指标月均。
us,牛,"MLA美国牛肉牛价 90CL Boneless Beef, NZ/Australia",2025-12-01,365.625,US c/lb,月度,MLA Statistics API / Steiner,美国,MLA Statistics API report/9 US Imported Meat Prices；按指标月均。
us,牛,"MLA美国牛肉牛价 90CL Boneless Beef, NZ/Australia",2026-01-01,366.2,US c/lb,月度,MLA Statistics API / Steiner,美国,MLA Statistics API report/9 US Imported Meat Prices；按指标月均。
us,牛,"MLA美国牛肉牛价 90CL Boneless Beef, NZ/Australia",2026-02-01,372.125,US c/lb,月度,MLA Statistics API / Steiner,美国,MLA Statistics API report/9 US Imported Meat Prices；按指标月均。
us,牛,"MLA美国牛肉牛价 90CL Boneless Beef, NZ/Australia",2026-03-01,374.75,US c/lb,月度,MLA Statistics API / Steiner,美国,MLA Statistics API report/9 US Imported Meat Prices；按指标月均。
us,牛,"MLA美国牛肉牛价 90CL Boneless Beef, NZ/Australia",2026-04-01,374.625,US c/lb,月度,MLA Statistics API / Steiner,美国,MLA Statistics API report/9 US Imported Meat Prices；按指标月均。
us,牛,"MLA美国牛肉牛价 90CL Boneless Beef, NZ/Australia",2026-05-01,369.9,US c/lb,月度,MLA Statistics API / Steiner,美国,MLA Statistics API report/9 US Imported Meat Prices；按指标月均。
us,牛,"MLA美国牛肉牛价 90CL Boneless Beef, NZ/Australia",2026-06-01,357.25,US c/lb,月度,MLA Statistics API / Steiner,美国,MLA Statistics API report/9 US Imported Meat Prices；按指标月均。
us,牛,"MLA美国牛肉牛价 90CL Boneless Beef, NZ/Australia",2026-07-01,344.3,US c/lb,月度,MLA Statistics API / Steiner,美国,MLA Statistics API report/9 US Imported Meat Prices；按指标月均。
us,牛,MLA美国牛肉牛价 90CL Shank,2024-12-01,286.25,US c/lb,月度,MLA Statistics API / Steiner,美国,MLA Statistics API report/9 US Imported Meat Prices；按指标月均。
us,牛,MLA美国牛肉牛价 90CL Shank,2025-01-01,291.5,US c/lb,月度,MLA Statistics API / Steiner,美国,MLA Statistics API report/9 US Imported Meat Prices；按指标月均。
us,牛,MLA美国牛肉牛价 90CL Shank,2025-02-01,297.5,US c/lb,月度,MLA Statistics API / Steiner,美国,MLA Statistics API report/9 US Imported Meat Prices；按指标月均。
us,牛,MLA美国牛肉牛价 90CL Shank,2025-03-01,300.875,US c/lb,月度,MLA Statistics API / Steiner,美国,MLA Statistics API report/9 US Imported Meat Prices；按指标月均。
us,牛,MLA美国牛肉牛价 90CL Shank,2025-05-01,306.5,US c/lb,月度,MLA Statistics API / Steiner,美国,MLA Statistics API report/9 US Imported Meat Prices；按指标月均。
us,牛,MLA美国牛肉牛价 90CL Shank,2025-06-01,308.125,US c/lb,月度,MLA Statistics API / Steiner,美国,MLA Statistics API report/9 US Imported Meat Prices；按指标月均。
us,牛,MLA美国牛肉牛价 90CL Shank,2025-07-01,316.0,US c/lb,月度,MLA Statistics API / Steiner,美国,MLA Statistics API report/9 US Imported Meat Prices；按指标月均。
us,牛,MLA美国牛肉牛价 90CL Shank,2025-08-01,320.5,US c/lb,月度,MLA Statistics API / Steiner,美国,MLA Statistics API report/9 US Imported Meat Prices；按指标月均。
us,牛,MLA美国牛肉牛价 90CL Shank,2025-09-01,327.5,US c/lb,月度,MLA Statistics API / Steiner,美国,MLA Statistics API report/9 US Imported Meat Prices；按指标月均。
us,牛,MLA美国牛肉牛价 90CL Shank,2025-10-01,339.0,US c/lb,月度,MLA Statistics API / Steiner,美国,MLA Statistics API report/9 US Imported Meat Prices；按指标月均。
us,牛,MLA美国牛肉牛价 90CL Shank,2025-11-01,357.375,US c/lb,月度,MLA Statistics API / Steiner,美国,MLA Statistics API report/9 US Imported Meat Prices；按指标月均。
us,牛,MLA美国牛肉牛价 90CL Shank,2025-12-01,366.5,US c/lb,月度,MLA Statistics API / Steiner,美国,MLA Statistics API report/9 US Imported Meat Prices；按指标月均。
us,牛,MLA美国牛肉牛价 90CL Shank,2026-01-01,360.0,US c/lb,月度,MLA Statistics API / Steiner,美国,MLA Statistics API report/9 US Imported Meat Prices；按指标月均。
us,牛,MLA美国牛肉牛价 90CL Shank,2026-02-01,362.25,US c/lb,月度,MLA Statistics API / Steiner,美国,MLA Statistics API report/9 US Imported Meat Prices；按指标月均。
us,牛,MLA美国牛肉牛价 90CL Shank,2026-03-01,361.875,US c/lb,月度,MLA Statistics API / Steiner,美国,MLA Statistics API report/9 US Imported Meat Prices；按指标月均。
us,牛,MLA美国牛肉牛价 90CL Shank,2026-04-01,362.875,US c/lb,月度,MLA Statistics API / Steiner,美国,MLA Statistics API report/9 US Imported Meat Prices；按指标月均。
us,牛,MLA美国牛肉牛价 90CL Shank,2026-05-01,357.2,US c/lb,月度,MLA Statistics API / Steiner,美国,MLA Statistics API report/9 US Imported Meat Prices；按指标月均。
us,牛,MLA美国牛肉牛价 90CL Shank,2026-06-01,342.75,US c/lb,月度,MLA Statistics API / Steiner,美国,MLA Statistics API report/9 US Imported Meat Prices；按指标月均。
us,牛,MLA美国牛肉牛价 90CL Shank,2026-07-01,334.2,US c/lb,月度,MLA Statistics API / Steiner,美国,MLA Statistics API report/9 US Imported Meat Prices；按指标月均。
us,牛,"MLA美国牛肉牛价 95CL Bull Meat, East Coast",2024-12-01,314.625,US c/lb,月度,MLA Statistics API / Steiner,美国,MLA Statistics API report/9 US Imported Meat Prices；按指标月均。
us,牛,"MLA美国牛肉牛价 95CL Bull Meat, East Coast",2025-01-01,318.4,US c/lb,月度,MLA Statistics API / Steiner,美国,MLA Statistics API report/9 US Imported Meat Prices；按指标月均。
us,牛,"MLA美国牛肉牛价 95CL Bull Meat, East Coast",2025-02-01,324.375,US c/lb,月度,MLA Statistics API / Steiner,美国,MLA Statistics API report/9 US Imported Meat Prices；按指标月均。
us,牛,"MLA美国牛肉牛价 95CL Bull Meat, East Coast",2025-03-01,330.375,US c/lb,月度,MLA Statistics API / Steiner,美国,MLA Statistics API report/9 US Imported Meat Prices；按指标月均。
us,牛,"MLA美国牛肉牛价 95CL Bull Meat, East Coast",2025-04-01,316.1666666666667,US c/lb,月度,MLA Statistics API / Steiner,美国,MLA Statistics API report/9 US Imported Meat Prices；按指标月均。
us,牛,"MLA美国牛肉牛价 95CL Bull Meat, East Coast",2025-05-01,321.0,US c/lb,月度,MLA Statistics API / Steiner,美国,MLA Statistics API report/9 US Imported Meat Prices；按指标月均。
us,牛,"MLA美国牛肉牛价 95CL Bull Meat, East Coast",2025-06-01,328.25,US c/lb,月度,MLA Statistics API / Steiner,美国,MLA Statistics API report/9 US Imported Meat Prices；按指标月均。
us,牛,"MLA美国牛肉牛价 95CL Bull Meat, East Coast",2025-07-01,338.125,US c/lb,月度,MLA Statistics API / Steiner,美国,MLA Statistics API report/9 US Imported Meat Prices；按指标月均。
us,牛,"MLA美国牛肉牛价 95CL Bull Meat, East Coast",2025-08-01,334.0,US c/lb,月度,MLA Statistics API / Steiner,美国,MLA Statistics API report/9 US Imported Meat Prices；按指标月均。
us,牛,"MLA美国牛肉牛价 95CL Bull Meat, East Coast",2025-09-01,337.375,US c/lb,月度,MLA Statistics API / Steiner,美国,MLA Statistics API report/9 US Imported Meat Prices；按指标月均。
us,牛,"MLA美国牛肉牛价 95CL Bull Meat, East Coast",2025-10-01,343.8,US c/lb,月度,MLA Statistics API / Steiner,美国,MLA Statistics API report/9 US Imported Meat Prices；按指标月均。
us,牛,"MLA美国牛肉牛价 95CL Bull Meat, East Coast",2025-11-01,379.0,US c/lb,月度,MLA Statistics API / Steiner,美国,MLA Statistics API report/9 US Imported Meat Prices；按指标月均。
us,牛,"MLA美国牛肉牛价 95CL Bull Meat, East Coast",2025-12-01,391.625,US c/lb,月度,MLA Statistics API / Steiner,美国,MLA Statistics API report/9 US Imported Meat Prices；按指标月均。
us,牛,"MLA美国牛肉牛价 95CL Bull Meat, East Coast",2026-01-01,386.5,US c/lb,月度,MLA Statistics API / Steiner,美国,MLA Statistics API report/9 US Imported Meat Prices；按指标月均。
us,牛,"MLA美国牛肉牛价 95CL Bull Meat, East Coast",2026-02-01,396.625,US c/lb,月度,MLA Statistics API / Steiner,美国,MLA Statistics API report/9 US Imported Meat Prices；按指标月均。
us,牛,"MLA美国牛肉牛价 95CL Bull Meat, East Coast",2026-03-01,399.625,US c/lb,月度,MLA Statistics API / Steiner,美国,MLA Statistics API report/9 US Imported Meat Prices；按指标月均。
us,牛,"MLA美国牛肉牛价 95CL Bull Meat, East Coast",2026-04-01,398.5,US c/lb,月度,MLA Statistics API / Steiner,美国,MLA Statistics API report/9 US Imported Meat Prices；按指标月均。
us,牛,"MLA美国牛肉牛价 95CL Bull Meat, East Coast",2026-05-01,395.5,US c/lb,月度,MLA Statistics API / Steiner,美国,MLA Statistics API report/9 US Imported Meat Prices；按指标月均。
us,牛,"MLA美国牛肉牛价 95CL Bull Meat, East Coast",2026-06-01,382.25,US c/lb,月度,MLA Statistics API / Steiner,美国,MLA Statistics API report/9 US Imported Meat Prices；按指标月均。
us,牛,"MLA美国牛肉牛价 95CL Bull Meat, East Coast",2026-07-01,376.9,US c/lb,月度,MLA Statistics API / Steiner,美国,MLA Statistics API report/9 US Imported Meat Prices；按指标月均。
us,牛,"MLA美国牛肉牛价 95CL Bull Meat, West Coast",2024-12-01,314.125,US c/lb,月度,MLA Statistics API / Steiner,美国,MLA Statistics API report/9 US Imported Meat Prices；按指标月均。
us,牛,"MLA美国牛肉牛价 95CL Bull Meat, West Coast",2025-01-01,317.7,US c/lb,月度,MLA Statistics API / Steiner,美国,MLA Statistics API report/9 US Imported Meat Prices；按指标月均。
us,牛,"MLA美国牛肉牛价 95CL Bull Meat, West Coast",2025-02-01,323.875,US c/lb,月度,MLA Statistics API / Steiner,美国,MLA Statistics API report/9 US Imported Meat Prices；按指标月均。
us,牛,"MLA美国牛肉牛价 95CL Bull Meat, West Coast",2025-03-01,329.75,US c/lb,月度,MLA Statistics API / Steiner,美国,MLA Statistics API report/9 US Imported Meat Prices；按指标月均。
us,牛,"MLA美国牛肉牛价 95CL Bull Meat, West Coast",2025-04-01,316.1666666666667,US c/lb,月度,MLA Statistics API / Steiner,美国,MLA Statistics API report/9 US Imported Meat Prices；按指标月均。
us,牛,"MLA美国牛肉牛价 95CL Bull Meat, West Coast",2025-05-01,320.1,US c/lb,月度,MLA Statistics API / Steiner,美国,MLA Statistics API report/9 US Imported Meat Prices；按指标月均。
us,牛,"MLA美国牛肉牛价 95CL Bull Meat, West Coast",2025-06-01,327.25,US c/lb,月度,MLA Statistics API / Steiner,美国,MLA Statistics API report/9 US Imported Meat Prices；按指标月均。
us,牛,"MLA美国牛肉牛价 95CL Bull Meat, West Coast",2025-07-01,336.5,US c/lb,月度,MLA Statistics API / Steiner,美国,MLA Statistics API report/9 US Imported Meat Prices；按指标月均。
us,牛,"MLA美国牛肉牛价 95CL Bull Meat, West Coast",2025-08-01,334.0,US c/lb,月度,MLA Statistics API / Steiner,美国,MLA Statistics API report/9 US Imported Meat Prices；按指标月均。
us,牛,"MLA美国牛肉牛价 95CL Bull Meat, West Coast",2025-09-01,336.625,US c/lb,月度,MLA Statistics API / Steiner,美国,MLA Statistics API report/9 US Imported Meat Prices；按指标月均。
us,牛,"MLA美国牛肉牛价 95CL Bull Meat, West Coast",2025-10-01,342.8,US c/lb,月度,MLA Statistics API / Steiner,美国,MLA Statistics API report/9 US Imported Meat Prices；按指标月均。
us,牛,"MLA美国牛肉牛价 95CL Bull Meat, West Coast",2025-11-01,378.0,US c/lb,月度,MLA Statistics API / Steiner,美国,MLA Statistics API report/9 US Imported Meat Prices；按指标月均。
us,牛,"MLA美国牛肉牛价 95CL Bull Meat, West Coast",2025-12-01,390.75,US c/lb,月度,MLA Statistics API / Steiner,美国,MLA Statistics API report/9 US Imported Meat Prices；按指标月均。
us,牛,"MLA美国牛肉牛价 95CL Bull Meat, West Coast",2026-01-01,384.6,US c/lb,月度,MLA Statistics API / Steiner,美国,MLA Statistics API report/9 US Imported Meat Prices；按指标月均。
us,牛,"MLA美国牛肉牛价 95CL Bull Meat, West Coast",2026-02-01,395.375,US c/lb,月度,MLA Statistics API / Steiner,美国,MLA Statistics API report/9 US Imported Meat Prices；按指标月均。
us,牛,"MLA美国牛肉牛价 95CL Bull Meat, West Coast",2026-03-01,398.125,US c/lb,月度,MLA Statistics API / Steiner,美国,MLA Statistics API report/9 US Imported Meat Prices；按指标月均。
us,牛,"MLA美国牛肉牛价 95CL Bull Meat, West Coast",2026-04-01,397.625,US c/lb,月度,MLA Statistics API / Steiner,美国,MLA Statistics API report/9 US Imported Meat Prices；按指标月均。
us,牛,"MLA美国牛肉牛价 95CL Bull Meat, West Coast",2026-05-01,394.8,US c/lb,月度,MLA Statistics API / Steiner,美国,MLA Statistics API report/9 US Imported Meat Prices；按指标月均。
us,牛,"MLA美国牛肉牛价 95CL Bull Meat, West Coast",2026-06-01,381.125,US c/lb,月度,MLA Statistics API / Steiner,美国,MLA Statistics API report/9 US Imported Meat Prices；按指标月均。
us,牛,"MLA美国牛肉牛价 95CL Bull Meat, West Coast",2026-07-01,375.7,US c/lb,月度,MLA Statistics API / Steiner,美国,MLA Statistics API report/9 US Imported Meat Prices；按指标月均。
us,牛,"MLA美国牛肉牛价 Bonner Cows, 85% lean",2024-12-01,228.25,US c/lb cwt,月度,MLA Statistics API / Steiner,美国,MLA Statistics API report/8 US Domestic Cattle Prices；按指标月均。
us,牛,"MLA美国牛肉牛价 Bonner Cows, 85% lean",2025-01-01,235.7,US c/lb cwt,月度,MLA Statistics API / Steiner,美国,MLA Statistics API report/8 US Domestic Cattle Prices；按指标月均。
us,牛,"MLA美国牛肉牛价 Bonner Cows, 85% lean",2025-02-01,243.0,US c/lb cwt,月度,MLA Statistics API / Steiner,美国,MLA Statistics API report/8 US Domestic Cattle Prices；按指标月均。
us,牛,"MLA美国牛肉牛价 Bonner Cows, 85% lean",2025-03-01,246.75,US c/lb cwt,月度,MLA Statistics API / Steiner,美国,MLA Statistics API report/8 US Domestic Cattle Prices；按指标月均。
us,牛,"MLA美国牛肉牛价 Bonner Cows, 85% lean",2025-04-01,250.0,US c/lb cwt,月度,MLA Statistics API / Steiner,美国,MLA Statistics API report/8 US Domestic Cattle Prices；按指标月均。
us,牛,"MLA美国牛肉牛价 Bonner Cows, 85% lean",2025-05-01,259.5,US c/lb cwt,月度,MLA Statistics API / Steiner,美国,MLA Statistics API report/8 US Domestic Cattle Prices；按指标月均。
us,牛,"MLA美国牛肉牛价 Bonner Cows, 85% lean",2025-06-01,264.75,US c/lb cwt,月度,MLA Statistics API / Steiner,美国,MLA Statistics API report/8 US Domestic Cattle Prices；按指标月均。
us,牛,"MLA美国牛肉牛价 Bonner Cows, 85% lean",2025-07-01,274.5,US c/lb cwt,月度,MLA Statistics API / Steiner,美国,MLA Statistics API report/8 US Domestic Cattle Prices；按指标月均。
us,牛,"MLA美国牛肉牛价 Bonner Cows, 85% lean",2025-08-01,287.0,US c/lb cwt,月度,MLA Statistics API / Steiner,美国,MLA Statistics API report/8 US Domestic Cattle Prices；按指标月均。
us,牛,"MLA美国牛肉牛价 Bonner Cows, 85% lean",2025-09-01,288.0,US c/lb cwt,月度,MLA Statistics API / Steiner,美国,MLA Statistics API report/8 US Domestic Cattle Prices；按指标月均。
us,牛,"MLA美国牛肉牛价 Bonner Cows, 85% lean",2025-10-01,279.7,US c/lb cwt,月度,MLA Statistics API / Steiner,美国,MLA Statistics API report/8 US Domestic Cattle Prices；按指标月均。
us,牛,"MLA美国牛肉牛价 Bonner Cows, 85% lean",2025-11-01,275.625,US c/lb cwt,月度,MLA Statistics API / Steiner,美国,MLA Statistics API report/8 US Domestic Cattle Prices；按指标月均。
us,牛,"MLA美国牛肉牛价 Bonner Cows, 85% lean",2025-12-01,270.125,US c/lb cwt,月度,MLA Statistics API / Steiner,美国,MLA Statistics API report/8 US Domestic Cattle Prices；按指标月均。
us,牛,"MLA美国牛肉牛价 Bonner Cows, 85% lean",2026-01-01,278.1,US c/lb cwt,月度,MLA Statistics API / Steiner,美国,MLA Statistics API report/8 US Domestic Cattle Prices；按指标月均。
us,牛,"MLA美国牛肉牛价 Bonner Cows, 85% lean",2026-02-01,287.0,US c/lb cwt,月度,MLA Statistics API / Steiner,美国,MLA Statistics API report/8 US Domestic Cattle Prices；按指标月均。
us,牛,"MLA美国牛肉牛价 Bonner Cows, 85% lean",2026-03-01,293.75,US c/lb cwt,月度,MLA Statistics API / Steiner,美国,MLA Statistics API report/8 US Domestic Cattle Prices；按指标月均。
us,牛,"MLA美国牛肉牛价 Bonner Cows, 85% lean",2026-04-01,304.75,US c/lb cwt,月度,MLA Statistics API / Steiner,美国,MLA Statistics API report/8 US Domestic Cattle Prices；按指标月均。
us,牛,"MLA美国牛肉牛价 Bonner Cows, 85% lean",2026-05-01,308.4,US c/lb cwt,月度,MLA Statistics API / Steiner,美国,MLA Statistics API report/8 US Domestic Cattle Prices；按指标月均。
us,牛,"MLA美国牛肉牛价 Bonner Cows, 85% lean",2026-06-01,311.625,US c/lb cwt,月度,MLA Statistics API / Steiner,美国,MLA Statistics API report/8 US Domestic Cattle Prices；按指标月均。
us,牛,"MLA美国牛肉牛价 Bonner Cows, 85% lean",2026-07-01,314.3,US c/lb cwt,月度,MLA Statistics API / Steiner,美国,MLA Statistics API report/8 US Domestic Cattle Prices；按指标月均。
us,牛,"MLA美国牛肉牛价 Breaker Cows, Carcass Price, 75% lean",2024-12-01,225.875,US c/lb cwt,月度,MLA Statistics API / Steiner,美国,MLA Statistics API report/8 US Domestic Cattle Prices；按指标月均。
us,牛,"MLA美国牛肉牛价 Breaker Cows, Carcass Price, 75% lean",2025-01-01,232.9,US c/lb cwt,月度,MLA Statistics API / Steiner,美国,MLA Statistics API report/8 US Domestic Cattle Prices；按指标月均。
us,牛,"MLA美国牛肉牛价 Breaker Cows, Carcass Price, 75% lean",2025-02-01,241.0,US c/lb cwt,月度,MLA Statistics API / Steiner,美国,MLA Statistics API report/8 US Domestic Cattle Prices；按指标月均。
us,牛,"MLA美国牛肉牛价 Breaker Cows, Carcass Price, 75% lean",2025-03-01,238.0,US c/lb cwt,月度,MLA Statistics API / Steiner,美国,MLA Statistics API report/8 US Domestic Cattle Prices；按指标月均。
us,牛,"MLA美国牛肉牛价 Breaker Cows, Carcass Price, 75% lean",2025-04-01,243.625,US c/lb cwt,月度,MLA Statistics API / Steiner,美国,MLA Statistics API report/8 US Domestic Cattle Prices；按指标月均。
us,牛,"MLA美国牛肉牛价 Breaker Cows, Carcass Price, 75% lean",2025-05-01,265.3,US c/lb cwt,月度,MLA Statistics API / Steiner,美国,MLA Statistics API report/8 US Domestic Cattle Prices；按指标月均。
us,牛,"MLA美国牛肉牛价 Breaker Cows, Carcass Price, 75% lean",2025-06-01,272.0,US c/lb cwt,月度,MLA Statistics API / Steiner,美国,MLA Statistics API report/8 US Domestic Cattle Prices；按指标月均。
us,牛,"MLA美国牛肉牛价 Breaker Cows, Carcass Price, 75% lean",2025-07-01,279.0,US c/lb cwt,月度,MLA Statistics API / Steiner,美国,MLA Statistics API report/8 US Domestic Cattle Prices；按指标月均。
us,牛,"MLA美国牛肉牛价 Breaker Cows, Carcass Price, 75% lean",2025-08-01,285.0,US c/lb cwt,月度,MLA Statistics API / Steiner,美国,MLA Statistics API report/8 US Domestic Cattle Prices；按指标月均。
us,牛,"MLA美国牛肉牛价 Breaker Cows, Carcass Price, 75% lean",2025-09-01,284.625,US c/lb cwt,月度,MLA Statistics API / Steiner,美国,MLA Statistics API report/8 US Domestic Cattle Prices；按指标月均。
us,牛,"MLA美国牛肉牛价 Breaker Cows, Carcass Price, 75% lean",2025-10-01,281.4,US c/lb cwt,月度,MLA Statistics API / Steiner,美国,MLA Statistics API report/8 US Domestic Cattle Prices；按指标月均。
us,牛,"MLA美国牛肉牛价 Breaker Cows, Carcass Price, 75% lean",2025-11-01,280.125,US c/lb cwt,月度,MLA Statistics API / Steiner,美国,MLA Statistics API report/8 US Domestic Cattle Prices；按指标月均。
us,牛,"MLA美国牛肉牛价 Breaker Cows, Carcass Price, 75% lean",2025-12-01,281.0,US c/lb cwt,月度,MLA Statistics API / Steiner,美国,MLA Statistics API report/8 US Domestic Cattle Prices；按指标月均。
us,牛,"MLA美国牛肉牛价 Breaker Cows, Carcass Price, 75% lean",2026-01-01,282.9,US c/lb cwt,月度,MLA Statistics API / Steiner,美国,MLA Statistics API report/8 US Domestic Cattle Prices；按指标月均。
us,牛,"MLA美国牛肉牛价 Breaker Cows, Carcass Price, 75% lean",2026-02-01,279.6666666666667,US c/lb cwt,月度,MLA Statistics API / Steiner,美国,MLA Statistics API report/8 US Domestic Cattle Prices；按指标月均。
us,牛,"MLA美国牛肉牛价 Breaker Cows, Carcass Price, 75% lean",2026-03-01,285.75,US c/lb cwt,月度,MLA Statistics API / Steiner,美国,MLA Statistics API report/8 US Domestic Cattle Prices；按指标月均。
us,牛,"MLA美国牛肉牛价 Breaker Cows, Carcass Price, 75% lean",2026-04-01,298.25,US c/lb cwt,月度,MLA Statistics API / Steiner,美国,MLA Statistics API report/8 US Domestic Cattle Prices；按指标月均。
us,牛,"MLA美国牛肉牛价 Breaker Cows, Carcass Price, 75% lean",2026-05-01,303.6,US c/lb cwt,月度,MLA Statistics API / Steiner,美国,MLA Statistics API report/8 US Domestic Cattle Prices；按指标月均。
us,牛,"MLA美国牛肉牛价 Breaker Cows, Carcass Price, 75% lean",2026-06-01,304.5,US c/lb cwt,月度,MLA Statistics API / Steiner,美国,MLA Statistics API report/8 US Domestic Cattle Prices；按指标月均。
us,牛,"MLA美国牛肉牛价 Breaker Cows, Carcass Price, 75% lean",2026-07-01,304.8,US c/lb cwt,月度,MLA Statistics API / Steiner,美国,MLA Statistics API report/8 US Domestic Cattle Prices；按指标月均。
us,牛,MLA美国牛肉牛价 CME Feeder Cattle Index,2024-12-01,260.135,US c/lb lwt,月度,MLA Statistics API / Steiner,美国,MLA Statistics API report/8 US Domestic Cattle Prices；按指标月均。
us,牛,MLA美国牛肉牛价 CME Feeder Cattle Index,2025-01-01,276.26599999999996,US c/lb lwt,月度,MLA Statistics API / Steiner,美国,MLA Statistics API report/8 US Domestic Cattle Prices；按指标月均。
us,牛,MLA美国牛肉牛价 CME Feeder Cattle Index,2025-02-01,277.295,US c/lb lwt,月度,MLA Statistics API / Steiner,美国,MLA Statistics API report/8 US Domestic Cattle Prices；按指标月均。
us,牛,MLA美国牛肉牛价 CME Feeder Cattle Index,2025-03-01,282.7575,US c/lb lwt,月度,MLA Statistics API / Steiner,美国,MLA Statistics API report/8 US Domestic Cattle Prices；按指标月均。
us,牛,MLA美国牛肉牛价 CME Feeder Cattle Index,2025-04-01,290.3825,US c/lb lwt,月度,MLA Statistics API / Steiner,美国,MLA Statistics API report/8 US Domestic Cattle Prices；按指标月均。
us,牛,MLA美国牛肉牛价 CME Feeder Cattle Index,2025-05-01,297.614,US c/lb lwt,月度,MLA Statistics API / Steiner,美国,MLA Statistics API report/8 US Domestic Cattle Prices；按指标月均。
us,牛,MLA美国牛肉牛价 CME Feeder Cattle Index,2025-06-01,311.555,US c/lb lwt,月度,MLA Statistics API / Steiner,美国,MLA Statistics API report/8 US Domestic Cattle Prices；按指标月均。
us,牛,MLA美国牛肉牛价 CME Feeder Cattle Index,2025-07-01,325.144,US c/lb lwt,月度,MLA Statistics API / Steiner,美国,MLA Statistics API report/8 US Domestic Cattle Prices；按指标月均。
us,牛,MLA美国牛肉牛价 CME Feeder Cattle Index,2025-08-01,349.63,US c/lb lwt,月度,MLA Statistics API / Steiner,美国,MLA Statistics API report/8 US Domestic Cattle Prices；按指标月均。
us,牛,MLA美国牛肉牛价 CME Feeder Cattle Index,2025-09-01,363.1775,US c/lb lwt,月度,MLA Statistics API / Steiner,美国,MLA Statistics API report/8 US Domestic Cattle Prices；按指标月均。
us,牛,MLA美国牛肉牛价 CME Feeder Cattle Index,2025-10-01,364.26599999999996,US c/lb lwt,月度,MLA Statistics API / Steiner,美国,MLA Statistics API report/8 US Domestic Cattle Prices；按指标月均。
us,牛,MLA美国牛肉牛价 CME Feeder Cattle Index,2025-11-01,337.8425,US c/lb lwt,月度,MLA Statistics API / Steiner,美国,MLA Statistics API report/8 US Domestic Cattle Prices；按指标月均。
us,牛,MLA美国牛肉牛价 CME Feeder Cattle Index,2025-12-01,347.4675,US c/lb lwt,月度,MLA Statistics API / Steiner,美国,MLA Statistics API report/8 US Domestic Cattle Prices；按指标月均。
us,牛,MLA美国牛肉牛价 CME Feeder Cattle Index,2026-01-01,364.488,US c/lb lwt,月度,MLA Statistics API / Steiner,美国,MLA Statistics API report/8 US Domestic Cattle Prices；按指标月均。
us,牛,MLA美国牛肉牛价 CME Feeder Cattle Index,2026-02-01,374.635,US c/lb lwt,月度,MLA Statistics API / Steiner,美国,MLA Statistics API report/8 US Domestic Cattle Prices；按指标月均。
us,牛,MLA美国牛肉牛价 CME Feeder Cattle Index,2026-03-01,362.6775,US c/lb lwt,月度,MLA Statistics API / Steiner,美国,MLA Statistics API report/8 US Domestic Cattle Prices；按指标月均。
us,牛,MLA美国牛肉牛价 CME Feeder Cattle Index,2026-04-01,370.9,US c/lb lwt,月度,MLA Statistics API / Steiner,美国,MLA Statistics API report/8 US Domestic Cattle Prices；按指标月均。
us,牛,MLA美国牛肉牛价 CME Feeder Cattle Index,2026-05-01,371.63,US c/lb lwt,月度,MLA Statistics API / Steiner,美国,MLA Statistics API report/8 US Domestic Cattle Prices；按指标月均。
us,牛,MLA美国牛肉牛价 CME Feeder Cattle Index,2026-06-01,369.335,US c/lb lwt,月度,MLA Statistics API / Steiner,美国,MLA Statistics API report/8 US Domestic Cattle Prices；按指标月均。
us,牛,MLA美国牛肉牛价 CME Feeder Cattle Index,2026-07-01,363.8375,US c/lb lwt,月度,MLA Statistics API / Steiner,美国,MLA Statistics API report/8 US Domestic Cattle Prices；按指标月均。
us,牛,MLA美国牛肉牛价 Cap Off Insides,2024-12-01,364.375,US c/lb,月度,MLA Statistics API / Steiner,美国,MLA Statistics API report/9 US Imported Meat Prices；按指标月均。
us,牛,MLA美国牛肉牛价 Cap Off Insides,2025-01-01,370.5,US c/lb,月度,MLA Statistics API / Steiner,美国,MLA Statistics API report/9 US Imported Meat Prices；按指标月均。
us,牛,MLA美国牛肉牛价 Cap Off Insides,2025-02-01,375.625,US c/lb,月度,MLA Statistics API / Steiner,美国,MLA Statistics API report/9 US Imported Meat Prices；按指标月均。
us,牛,MLA美国牛肉牛价 Cap Off Insides,2025-03-01,377.5,US c/lb,月度,MLA Statistics API / Steiner,美国,MLA Statistics API report/9 US Imported Meat Prices；按指标月均。
us,牛,MLA美国牛肉牛价 Cap Off Insides,2025-04-01,388.5,US c/lb,月度,MLA Statistics API / Steiner,美国,MLA Statistics API report/9 US Imported Meat Prices；按指标月均。
us,牛,MLA美国牛肉牛价 Cap Off Insides,2025-05-01,383.5,US c/lb,月度,MLA Statistics API / Steiner,美国,MLA Statistics API report/9 US Imported Meat Prices；按指标月均。
us,牛,MLA美国牛肉牛价 Cap Off Insides,2025-06-01,391.25,US c/lb,月度,MLA Statistics API / Steiner,美国,MLA Statistics API report/9 US Imported Meat Prices；按指标月均。
us,牛,MLA美国牛肉牛价 Cap Off Insides,2025-07-01,390.0,US c/lb,月度,MLA Statistics API / Steiner,美国,MLA Statistics API report/9 US Imported Meat Prices；按指标月均。
us,牛,MLA美国牛肉牛价 Cap Off Insides,2025-08-01,391.5,US c/lb,月度,MLA Statistics API / Steiner,美国,MLA Statistics API report/9 US Imported Meat Prices；按指标月均。
us,牛,MLA美国牛肉牛价 Cap Off Insides,2025-09-01,405.0,US c/lb,月度,MLA Statistics API / Steiner,美国,MLA Statistics API report/9 US Imported Meat Prices；按指标月均。
us,牛,MLA美国牛肉牛价 Cap Off Insides,2025-10-01,412.1,US c/lb,月度,MLA Statistics API / Steiner,美国,MLA Statistics API report/9 US Imported Meat Prices；按指标月均。
us,牛,MLA美国牛肉牛价 Cap Off Insides,2025-11-01,448.0,US c/lb,月度,MLA Statistics API / Steiner,美国,MLA Statistics API report/9 US Imported Meat Prices；按指标月均。
us,牛,MLA美国牛肉牛价 Cap Off Insides,2025-12-01,452.875,US c/lb,月度,MLA Statistics API / Steiner,美国,MLA Statistics API report/9 US Imported Meat Prices；按指标月均。
us,牛,MLA美国牛肉牛价 Cap Off Insides,2026-01-01,444.2,US c/lb,月度,MLA Statistics API / Steiner,美国,MLA Statistics API report/9 US Imported Meat Prices；按指标月均。
us,牛,MLA美国牛肉牛价 Cap Off Insides,2026-02-01,452.5,US c/lb,月度,MLA Statistics API / Steiner,美国,MLA Statistics API report/9 US Imported Meat Prices；按指标月均。
us,牛,MLA美国牛肉牛价 Cap Off Insides,2026-03-01,447.625,US c/lb,月度,MLA Statistics API / Steiner,美国,MLA Statistics API report/9 US Imported Meat Prices；按指标月均。
us,牛,MLA美国牛肉牛价 Cap Off Insides,2026-04-01,452.5,US c/lb,月度,MLA Statistics API / Steiner,美国,MLA Statistics API report/9 US Imported Meat Prices；按指标月均。
us,牛,MLA美国牛肉牛价 Cap Off Insides,2026-05-01,452.7,US c/lb,月度,MLA Statistics API / Steiner,美国,MLA Statistics API report/9 US Imported Meat Prices；按指标月均。
us,牛,MLA美国牛肉牛价 Cap Off Insides,2026-06-01,442.0,US c/lb,月度,MLA Statistics API / Steiner,美国,MLA Statistics API report/9 US Imported Meat Prices；按指标月均。
us,牛,MLA美国牛肉牛价 Cap Off Insides,2026-07-01,444.0,US c/lb,月度,MLA Statistics API / Steiner,美国,MLA Statistics API report/9 US Imported Meat Prices；按指标月均。
us,牛,MLA美国牛肉牛价 Cutter Cow Carcass Cutout,2024-12-01,256.5875,US c/lb cwt,月度,MLA Statistics API / Steiner,美国,MLA Statistics API report/8 US Domestic Cattle Prices；按指标月均。
us,牛,MLA美国牛肉牛价 Cutter Cow Carcass Cutout,2025-01-01,276.8,US c/lb cwt,月度,MLA Statistics API / Steiner,美国,MLA Statistics API report/8 US Domestic Cattle Prices；按指标月均。
us,牛,MLA美国牛肉牛价 Cutter Cow Carcass Cutout,2025-02-01,291.765,US c/lb cwt,月度,MLA Statistics API / Steiner,美国,MLA Statistics API report/8 US Domestic Cattle Prices；按指标月均。
us,牛,MLA美国牛肉牛价 Cutter Cow Carcass Cutout,2025-03-01,297.3,US c/lb cwt,月度,MLA Statistics API / Steiner,美国,MLA Statistics API report/8 US Domestic Cattle Prices；按指标月均。
us,牛,MLA美国牛肉牛价 Cutter Cow Carcass Cutout,2025-04-01,295.4,US c/lb cwt,月度,MLA Statistics API / Steiner,美国,MLA Statistics API report/8 US Domestic Cattle Prices；按指标月均。
us,牛,MLA美国牛肉牛价 Cutter Cow Carcass Cutout,2025-05-01,294.59000000000003,US c/lb cwt,月度,MLA Statistics API / Steiner,美国,MLA Statistics API report/8 US Domestic Cattle Prices；按指标月均。
us,牛,MLA美国牛肉牛价 Cutter Cow Carcass Cutout,2025-06-01,308.2525,US c/lb cwt,月度,MLA Statistics API / Steiner,美国,MLA Statistics API report/8 US Domestic Cattle Prices；按指标月均。
us,牛,MLA美国牛肉牛价 Cutter Cow Carcass Cutout,2025-07-01,323.75,US c/lb cwt,月度,MLA Statistics API / Steiner,美国,MLA Statistics API report/8 US Domestic Cattle Prices；按指标月均。
us,牛,MLA美国牛肉牛价 Cutter Cow Carcass Cutout,2025-08-01,330.03599999999994,US c/lb cwt,月度,MLA Statistics API / Steiner,美国,MLA Statistics API report/8 US Domestic Cattle Prices；按指标月均。
us,牛,MLA美国牛肉牛价 Cutter Cow Carcass Cutout,2025-09-01,338.9525,US c/lb cwt,月度,MLA Statistics API / Steiner,美国,MLA Statistics API report/8 US Domestic Cattle Prices；按指标月均。
us,牛,MLA美国牛肉牛价 Cutter Cow Carcass Cutout,2025-10-01,328.22799999999995,US c/lb cwt,月度,MLA Statistics API / Steiner,美国,MLA Statistics API report/8 US Domestic Cattle Prices；按指标月均。
us,牛,MLA美国牛肉牛价 Cutter Cow Carcass Cutout,2025-11-01,317.0475,US c/lb cwt,月度,MLA Statistics API / Steiner,美国,MLA Statistics API report/8 US Domestic Cattle Prices；按指标月均。
us,牛,MLA美国牛肉牛价 Cutter Cow Carcass Cutout,2025-12-01,310.15250000000003,US c/lb cwt,月度,MLA Statistics API / Steiner,美国,MLA Statistics API report/8 US Domestic Cattle Prices；按指标月均。
us,牛,MLA美国牛肉牛价 Cutter Cow Carcass Cutout,2026-01-01,315.59000000000003,US c/lb cwt,月度,MLA Statistics API / Steiner,美国,MLA Statistics API report/8 US Domestic Cattle Prices；按指标月均。
us,牛,MLA美国牛肉牛价 Cutter Cow Carcass Cutout,2026-02-01,329.82,US c/lb cwt,月度,MLA Statistics API / Steiner,美国,MLA Statistics API report/8 US Domestic Cattle Prices；按指标月均。
us,牛,MLA美国牛肉牛价 Cutter Cow Carcass Cutout,2026-03-01,341.45,US c/lb cwt,月度,MLA Statistics API / Steiner,美国,MLA Statistics API report/8 US Domestic Cattle Prices；按指标月均。
us,牛,MLA美国牛肉牛价 Cutter Cow Carcass Cutout,2026-04-01,348.8275,US c/lb cwt,月度,MLA Statistics API / Steiner,美国,MLA Statistics API report/8 US Domestic Cattle Prices；按指标月均。
us,牛,MLA美国牛肉牛价 Cutter Cow Carcass Cutout,2026-05-01,357.65,US c/lb cwt,月度,MLA Statistics API / Steiner,美国,MLA Statistics API report/8 US Domestic Cattle Prices；按指标月均。
us,牛,MLA美国牛肉牛价 Cutter Cow Carcass Cutout,2026-06-01,359.635,US c/lb cwt,月度,MLA Statistics API / Steiner,美国,MLA Statistics API report/8 US Domestic Cattle Prices；按指标月均。
us,牛,MLA美国牛肉牛价 Cutter Cow Carcass Cutout,2026-07-01,357.36800000000005,US c/lb cwt,月度,MLA Statistics API / Steiner,美国,MLA Statistics API report/8 US Domestic Cattle Prices；按指标月均。
us,牛,"MLA美国牛肉牛价 Cutter Cow, Carcass Price, 90% Lean",2024-12-01,226.875,US c/lb cwt,月度,MLA Statistics API / Steiner,美国,MLA Statistics API report/8 US Domestic Cattle Prices；按指标月均。
us,牛,"MLA美国牛肉牛价 Cutter Cow, Carcass Price, 90% Lean",2025-01-01,231.1,US c/lb cwt,月度,MLA Statistics API / Steiner,美国,MLA Statistics API report/8 US Domestic Cattle Prices；按指标月均。
us,牛,"MLA美国牛肉牛价 Cutter Cow, Carcass Price, 90% Lean",2025-02-01,242.625,US c/lb cwt,月度,MLA Statistics API / Steiner,美国,MLA Statistics API report/8 US Domestic Cattle Prices；按指标月均。
us,牛,"MLA美国牛肉牛价 Cutter Cow, Carcass Price, 90% Lean",2025-03-01,243.5,US c/lb cwt,月度,MLA Statistics API / Steiner,美国,MLA Statistics API report/8 US Domestic Cattle Prices；按指标月均。
us,牛,"MLA美国牛肉牛价 Cutter Cow, Carcass Price, 90% Lean",2025-04-01,247.5,US c/lb cwt,月度,MLA Statistics API / Steiner,美国,MLA Statistics API report/8 US Domestic Cattle Prices；按指标月均。
us,牛,"MLA美国牛肉牛价 Cutter Cow, Carcass Price, 90% Lean",2025-05-01,251.5,US c/lb cwt,月度,MLA Statistics API / Steiner,美国,MLA Statistics API report/8 US Domestic Cattle Prices；按指标月均。
us,牛,"MLA美国牛肉牛价 Cutter Cow, Carcass Price, 90% Lean",2025-06-01,252.25,US c/lb cwt,月度,MLA Statistics API / Steiner,美国,MLA Statistics API report/8 US Domestic Cattle Prices；按指标月均。
us,牛,"MLA美国牛肉牛价 Cutter Cow, Carcass Price, 90% Lean",2025-07-01,262.5,US c/lb cwt,月度,MLA Statistics API / Steiner,美国,MLA Statistics API report/8 US Domestic Cattle Prices；按指标月均。
us,牛,"MLA美国牛肉牛价 Cutter Cow, Carcass Price, 90% Lean",2025-08-01,265.8,US c/lb cwt,月度,MLA Statistics API / Steiner,美国,MLA Statistics API report/8 US Domestic Cattle Prices；按指标月均。
us,牛,"MLA美国牛肉牛价 Cutter Cow, Carcass Price, 90% Lean",2025-09-01,276.5,US c/lb cwt,月度,MLA Statistics API / Steiner,美国,MLA Statistics API report/8 US Domestic Cattle Prices；按指标月均。
us,牛,"MLA美国牛肉牛价 Cutter Cow, Carcass Price, 90% Lean",2025-10-01,271.6,US c/lb cwt,月度,MLA Statistics API / Steiner,美国,MLA Statistics API report/8 US Domestic Cattle Prices；按指标月均。
us,牛,"MLA美国牛肉牛价 Cutter Cow, Carcass Price, 90% Lean",2025-11-01,264.5,US c/lb cwt,月度,MLA Statistics API / Steiner,美国,MLA Statistics API report/8 US Domestic Cattle Prices；按指标月均。
us,牛,"MLA美国牛肉牛价 Cutter Cow, Carcass Price, 90% Lean",2025-12-01,263.875,US c/lb cwt,月度,MLA Statistics API / Steiner,美国,MLA Statistics API report/8 US Domestic Cattle Prices；按指标月均。
us,牛,"MLA美国牛肉牛价 Cutter Cow, Carcass Price, 90% Lean",2026-01-01,265.4,US c/lb cwt,月度,MLA Statistics API / Steiner,美国,MLA Statistics API report/8 US Domestic Cattle Prices；按指标月均。
us,牛,"MLA美国牛肉牛价 Cutter Cow, Carcass Price, 90% Lean",2026-02-01,268.3333333333333,US c/lb cwt,月度,MLA Statistics API / Steiner,美国,MLA Statistics API report/8 US Domestic Cattle Prices；按指标月均。
us,牛,"MLA美国牛肉牛价 Cutter Cow, Carcass Price, 90% Lean",2026-03-01,277.125,US c/lb cwt,月度,MLA Statistics API / Steiner,美国,MLA Statistics API report/8 US Domestic Cattle Prices；按指标月均。
us,牛,"MLA美国牛肉牛价 Cutter Cow, Carcass Price, 90% Lean",2026-04-01,292.75,US c/lb cwt,月度,MLA Statistics API / Steiner,美国,MLA Statistics API report/8 US Domestic Cattle Prices；按指标月均。
us,牛,"MLA美国牛肉牛价 Cutter Cow, Carcass Price, 90% Lean",2026-05-01,304.5,US c/lb cwt,月度,MLA Statistics API / Steiner,美国,MLA Statistics API report/8 US Domestic Cattle Prices；按指标月均。
us,牛,"MLA美国牛肉牛价 Cutter Cow, Carcass Price, 90% Lean",2026-06-01,305.625,US c/lb cwt,月度,MLA Statistics API / Steiner,美国,MLA Statistics API report/8 US Domestic Cattle Prices；按指标月均。
us,牛,"MLA美国牛肉牛价 Cutter Cow, Carcass Price, 90% Lean",2026-07-01,308.4,US c/lb cwt,月度,MLA Statistics API / Steiner,美国,MLA Statistics API report/8 US Domestic Cattle Prices；按指标月均。
us,牛,"MLA美国牛肉牛价 Fed Steer, 5-Day Average",2024-12-01,193.1575,US c/lb lwt,月度,MLA Statistics API / Steiner,美国,MLA Statistics API report/8 US Domestic Cattle Prices；按指标月均。
us,牛,"MLA美国牛肉牛价 Fed Steer, 5-Day Average",2025-01-01,202.91400000000002,US c/lb lwt,月度,MLA Statistics API / Steiner,美国,MLA Statistics API report/8 US Domestic Cattle Prices；按指标月均。
us,牛,"MLA美国牛肉牛价 Fed Steer, 5-Day Average",2025-02-01,203.01999999999998,US c/lb lwt,月度,MLA Statistics API / Steiner,美国,MLA Statistics API report/8 US Domestic Cattle Prices；按指标月均。
us,牛,"MLA美国牛肉牛价 Fed Steer, 5-Day Average",2025-03-01,204.2625,US c/lb lwt,月度,MLA Statistics API / Steiner,美国,MLA Statistics API report/8 US Domestic Cattle Prices；按指标月均。
us,牛,"MLA美国牛肉牛价 Fed Steer, 5-Day Average",2025-04-01,211.0775,US c/lb lwt,月度,MLA Statistics API / Steiner,美国,MLA Statistics API report/8 US Domestic Cattle Prices；按指标月均。
us,牛,"MLA美国牛肉牛价 Fed Steer, 5-Day Average",2025-05-01,225.71800000000002,US c/lb lwt,月度,MLA Statistics API / Steiner,美国,MLA Statistics API report/8 US Domestic Cattle Prices；按指标月均。
us,牛,"MLA美国牛肉牛价 Fed Steer, 5-Day Average",2025-06-01,234.6625,US c/lb lwt,月度,MLA Statistics API / Steiner,美国,MLA Statistics API report/8 US Domestic Cattle Prices；按指标月均。
us,牛,"MLA美国牛肉牛价 Fed Steer, 5-Day Average",2025-07-01,234.92,US c/lb lwt,月度,MLA Statistics API / Steiner,美国,MLA Statistics API report/8 US Domestic Cattle Prices；按指标月均。
us,牛,"MLA美国牛肉牛价 Fed Steer, 5-Day Average",2025-08-01,242.81,US c/lb lwt,月度,MLA Statistics API / Steiner,美国,MLA Statistics API report/8 US Domestic Cattle Prices；按指标月均。
us,牛,"MLA美国牛肉牛价 Fed Steer, 5-Day Average",2025-09-01,238.95999999999998,US c/lb lwt,月度,MLA Statistics API / Steiner,美国,MLA Statistics API report/8 US Domestic Cattle Prices；按指标月均。
us,牛,"MLA美国牛肉牛价 Fed Steer, 5-Day Average",2025-10-01,234.718,US c/lb lwt,月度,MLA Statistics API / Steiner,美国,MLA Statistics API report/8 US Domestic Cattle Prices；按指标月均。
us,牛,"MLA美国牛肉牛价 Fed Steer, 5-Day Average",2025-11-01,221.445,US c/lb lwt,月度,MLA Statistics API / Steiner,美国,MLA Statistics API report/8 US Domestic Cattle Prices；按指标月均。
us,牛,"MLA美国牛肉牛价 Fed Steer, 5-Day Average",2025-12-01,225.9675,US c/lb lwt,月度,MLA Statistics API / Steiner,美国,MLA Statistics API report/8 US Domestic Cattle Prices；按指标月均。
us,牛,"MLA美国牛肉牛价 Fed Steer, 5-Day Average",2026-01-01,232.748,US c/lb lwt,月度,MLA Statistics API / Steiner,美国,MLA Statistics API report/8 US Domestic Cattle Prices；按指标月均。
us,牛,"MLA美国牛肉牛价 Fed Steer, 5-Day Average",2026-02-01,243.29250000000002,US c/lb lwt,月度,MLA Statistics API / Steiner,美国,MLA Statistics API report/8 US Domestic Cattle Prices；按指标月均。
us,牛,"MLA美国牛肉牛价 Fed Steer, 5-Day Average",2026-03-01,237.875,US c/lb lwt,月度,MLA Statistics API / Steiner,美国,MLA Statistics API report/8 US Domestic Cattle Prices；按指标月均。
us,牛,"MLA美国牛肉牛价 Fed Steer, 5-Day Average",2026-04-01,246.1675,US c/lb lwt,月度,MLA Statistics API / Steiner,美国,MLA Statistics API report/8 US Domestic Cattle Prices；按指标月均。
us,牛,"MLA美国牛肉牛价 Fed Steer, 5-Day Average",2026-05-01,259.168,US c/lb lwt,月度,MLA Statistics API / Steiner,美国,MLA Statistics API report/8 US Domestic Cattle Prices；按指标月均。
us,牛,"MLA美国牛肉牛价 Fed Steer, 5-Day Average",2026-06-01,257.2825,US c/lb lwt,月度,MLA Statistics API / Steiner,美国,MLA Statistics API report/8 US Domestic Cattle Prices；按指标月均。
us,牛,"MLA美国牛肉牛价 Fed Steer, 5-Day Average",2026-07-01,242.16,US c/lb lwt,月度,MLA Statistics API / Steiner,美国,MLA Statistics API report/8 US Domestic Cattle Prices；按指标月均。
us,牛,MLA美国牛肉牛价 Steer Flats,2024-12-01,326.25,US c/lb,月度,MLA Statistics API / Steiner,美国,MLA Statistics API report/9 US Imported Meat Prices；按指标月均。
us,牛,MLA美国牛肉牛价 Steer Flats,2025-01-01,334.0,US c/lb,月度,MLA Statistics API / Steiner,美国,MLA Statistics API report/9 US Imported Meat Prices；按指标月均。
us,牛,MLA美国牛肉牛价 Steer Flats,2025-02-01,328.75,US c/lb,月度,MLA Statistics API / Steiner,美国,MLA Statistics API report/9 US Imported Meat Prices；按指标月均。
us,牛,MLA美国牛肉牛价 Steer Flats,2025-03-01,323.125,US c/lb,月度,MLA Statistics API / Steiner,美国,MLA Statistics API report/9 US Imported Meat Prices；按指标月均。
us,牛,MLA美国牛肉牛价 Steer Flats,2025-04-01,331.0,US c/lb,月度,MLA Statistics API / Steiner,美国,MLA Statistics API report/9 US Imported Meat Prices；按指标月均。
us,牛,MLA美国牛肉牛价 Steer Flats,2025-05-01,330.0,US c/lb,月度,MLA Statistics API / Steiner,美国,MLA Statistics API report/9 US Imported Meat Prices；按指标月均。
us,牛,MLA美国牛肉牛价 Steer Flats,2025-06-01,342.5,US c/lb,月度,MLA Statistics API / Steiner,美国,MLA Statistics API report/9 US Imported Meat Prices；按指标月均。
us,牛,MLA美国牛肉牛价 Steer Flats,2025-07-01,357.5,US c/lb,月度,MLA Statistics API / Steiner,美国,MLA Statistics API report/9 US Imported Meat Prices；按指标月均。
us,牛,MLA美国牛肉牛价 Steer Flats,2025-08-01,355.2,US c/lb,月度,MLA Statistics API / Steiner,美国,MLA Statistics API report/9 US Imported Meat Prices；按指标月均。
us,牛,MLA美国牛肉牛价 Steer Flats,2025-09-01,364.375,US c/lb,月度,MLA Statistics API / Steiner,美国,MLA Statistics API report/9 US Imported Meat Prices；按指标月均。
us,牛,MLA美国牛肉牛价 Steer Flats,2025-10-01,365.95,US c/lb,月度,MLA Statistics API / Steiner,美国,MLA Statistics API report/9 US Imported Meat Prices；按指标月均。
us,牛,MLA美国牛肉牛价 Steer Flats,2025-11-01,389.1875,US c/lb,月度,MLA Statistics API / Steiner,美国,MLA Statistics API report/9 US Imported Meat Prices；按指标月均。
us,牛,MLA美国牛肉牛价 Steer Flats,2025-12-01,374.5875,US c/lb,月度,MLA Statistics API / Steiner,美国,MLA Statistics API report/9 US Imported Meat Prices；按指标月均。
us,牛,MLA美国牛肉牛价 Steer Flats,2026-01-01,371.5,US c/lb,月度,MLA Statistics API / Steiner,美国,MLA Statistics API report/9 US Imported Meat Prices；按指标月均。
us,牛,MLA美国牛肉牛价 Steer Flats,2026-02-01,383.5,US c/lb,月度,MLA Statistics API / Steiner,美国,MLA Statistics API report/9 US Imported Meat Prices；按指标月均。
us,牛,MLA美国牛肉牛价 Steer Flats,2026-03-01,376.375,US c/lb,月度,MLA Statistics API / Steiner,美国,MLA Statistics API report/9 US Imported Meat Prices；按指标月均。
us,牛,MLA美国牛肉牛价 Steer Flats,2026-04-01,374.375,US c/lb,月度,MLA Statistics API / Steiner,美国,MLA Statistics API report/9 US Imported Meat Prices；按指标月均。
us,牛,MLA美国牛肉牛价 Steer Flats,2026-05-01,371.3,US c/lb,月度,MLA Statistics API / Steiner,美国,MLA Statistics API report/9 US Imported Meat Prices；按指标月均。
us,牛,MLA美国牛肉牛价 Steer Flats,2026-06-01,371.0,US c/lb,月度,MLA Statistics API / Steiner,美国,MLA Statistics API report/9 US Imported Meat Prices；按指标月均。
us,牛,MLA美国牛肉牛价 Steer Flats,2026-07-01,376.5,US c/lb,月度,MLA Statistics API / Steiner,美国,MLA Statistics API report/9 US Imported Meat Prices；按指标月均。
us,牛,MLA美国牛肉牛价 Steer Knuckles,2024-12-01,330.0,US c/lb,月度,MLA Statistics API / Steiner,美国,MLA Statistics API report/9 US Imported Meat Prices；按指标月均。
us,牛,MLA美国牛肉牛价 Steer Knuckles,2025-01-01,339.5,US c/lb,月度,MLA Statistics API / Steiner,美国,MLA Statistics API report/9 US Imported Meat Prices；按指标月均。
us,牛,MLA美国牛肉牛价 Steer Knuckles,2025-02-01,334.375,US c/lb,月度,MLA Statistics API / Steiner,美国,MLA Statistics API report/9 US Imported Meat Prices；按指标月均。
us,牛,MLA美国牛肉牛价 Steer Knuckles,2025-03-01,342.5,US c/lb,月度,MLA Statistics API / Steiner,美国,MLA Statistics API report/9 US Imported Meat Prices；按指标月均。
us,牛,MLA美国牛肉牛价 Steer Knuckles,2025-04-01,335.0,US c/lb,月度,MLA Statistics API / Steiner,美国,MLA Statistics API report/9 US Imported Meat Prices；按指标月均。
us,牛,MLA美国牛肉牛价 Steer Knuckles,2025-05-01,331.0,US c/lb,月度,MLA Statistics API / Steiner,美国,MLA Statistics API report/9 US Imported Meat Prices；按指标月均。
us,牛,MLA美国牛肉牛价 Steer Knuckles,2025-06-01,337.5,US c/lb,月度,MLA Statistics API / Steiner,美国,MLA Statistics API report/9 US Imported Meat Prices；按指标月均。
us,牛,MLA美国牛肉牛价 Steer Knuckles,2025-07-01,349.875,US c/lb,月度,MLA Statistics API / Steiner,美国,MLA Statistics API report/9 US Imported Meat Prices；按指标月均。
us,牛,MLA美国牛肉牛价 Steer Knuckles,2025-08-01,341.5,US c/lb,月度,MLA Statistics API / Steiner,美国,MLA Statistics API report/9 US Imported Meat Prices；按指标月均。
us,牛,MLA美国牛肉牛价 Steer Knuckles,2025-09-01,358.375,US c/lb,月度,MLA Statistics API / Steiner,美国,MLA Statistics API report/9 US Imported Meat Prices；按指标月均。
us,牛,MLA美国牛肉牛价 Steer Knuckles,2025-10-01,359.9,US c/lb,月度,MLA Statistics API / Steiner,美国,MLA Statistics API report/9 US Imported Meat Prices；按指标月均。
us,牛,MLA美国牛肉牛价 Steer Knuckles,2025-11-01,389.5,US c/lb,月度,MLA Statistics API / Steiner,美国,MLA Statistics API report/9 US Imported Meat Prices；按指标月均。
us,牛,MLA美国牛肉牛价 Steer Knuckles,2025-12-01,386.25,US c/lb,月度,MLA Statistics API / Steiner,美国,MLA Statistics API report/9 US Imported Meat Prices；按指标月均。
us,牛,MLA美国牛肉牛价 Steer Knuckles,2026-01-01,389.2,US c/lb,月度,MLA Statistics API / Steiner,美国,MLA Statistics API report/9 US Imported Meat Prices；按指标月均。
us,牛,MLA美国牛肉牛价 Steer Knuckles,2026-02-01,393.75,US c/lb,月度,MLA Statistics API / Steiner,美国,MLA Statistics API report/9 US Imported Meat Prices；按指标月均。
us,牛,MLA美国牛肉牛价 Steer Knuckles,2026-03-01,403.875,US c/lb,月度,MLA Statistics API / Steiner,美国,MLA Statistics API report/9 US Imported Meat Prices；按指标月均。
us,牛,MLA美国牛肉牛价 Steer Knuckles,2026-04-01,412.5,US c/lb,月度,MLA Statistics API / Steiner,美国,MLA Statistics API report/9 US Imported Meat Prices；按指标月均。
us,牛,MLA美国牛肉牛价 Steer Knuckles,2026-05-01,413.2,US c/lb,月度,MLA Statistics API / Steiner,美国,MLA Statistics API report/9 US Imported Meat Prices；按指标月均。
us,牛,MLA美国牛肉牛价 Steer Knuckles,2026-06-01,406.375,US c/lb,月度,MLA Statistics API / Steiner,美国,MLA Statistics API report/9 US Imported Meat Prices；按指标月均。
us,牛,MLA美国牛肉牛价 Steer Knuckles,2026-07-01,408.5,US c/lb,月度,MLA Statistics API / Steiner,美国,MLA Statistics API report/9 US Imported Meat Prices；按指标月均。
,牛,EYCI月均(c/kg cwt),2000-01-01,249.1297696535449,,,,,
,牛,EYCI月均(c/kg cwt),2000-02-01,248.42278020199072,,,,,
,牛,EYCI月均(c/kg cwt),2000-03-01,253.59954681623583,,,,,
,牛,EYCI月均(c/kg cwt),2000-04-01,261.4826090028384,,,,,
,牛,EYCI月均(c/kg cwt),2000-05-01,260.4309165248782,,,,,
,牛,EYCI月均(c/kg cwt),2000-06-01,257.8779507342169,,,,,
,牛,EYCI月均(c/kg cwt),2000-07-01,266.8933796419149,,,,,
,牛,EYCI月均(c/kg cwt),2000-08-01,274.513615605923,,,,,
,牛,EYCI月均(c/kg cwt),2000-09-01,272.7168846752536,,,,,
,牛,EYCI月均(c/kg cwt),2000-10-01,265.4879500494753,,,,,
,牛,EYCI月均(c/kg cwt),2000-11-01,291.4822977922945,,,,,
,牛,EYCI月均(c/kg cwt),2000-12-01,297.3938849089947,,,,,
,牛,EYCI月均(c/kg cwt),2001-01-01,289.23052954459484,,,,,
,牛,EYCI月均(c/kg cwt),2001-02-01,299.7070657219559,,,,,
,牛,EYCI月均(c/kg cwt),2001-03-01,314.10276447752534,,,,,
,牛,EYCI月均(c/kg cwt),2001-04-01,330.74833594563324,,,,,
,牛,EYCI月均(c/kg cwt),2001-05-01,323.48843614389205,,,,,
,牛,EYCI月均(c/kg cwt),2001-06-01,324.1407368791168,,,,,
,牛,EYCI月均(c/kg cwt),2001-07-01,332.10344104575864,,,,,
,牛,EYCI月均(c/kg cwt),2001-08-01,363.01782903116623,,,,,
,牛,EYCI月均(c/kg cwt),2001-09-01,379.7786859806554,,,,,
,牛,EYCI月均(c/kg cwt),2001-10-01,340.9379658455264,,,,,
,牛,EYCI月均(c/kg cwt),2001-11-01,356.3957116483003,,,,,
,牛,EYCI月均(c/kg cwt),2001-12-01,362.3140328964827,,,,,
,牛,EYCI月均(c/kg cwt),2002-01-01,333.9806616804297,,,,,
,牛,EYCI月均(c/kg cwt),2002-02-01,329.7027161811408,,,,,
,牛,EYCI月均(c/kg cwt),2002-03-01,331.46899360192776,,,,,
,牛,EYCI月均(c/kg cwt),2002-04-01,318.1823126933043,,,,,
,牛,EYCI月均(c/kg cwt),2002-05-01,283.56137378960983,,,,,
,牛,EYCI月均(c/kg cwt),2002-06-01,266.2226900260349,,,,,
,牛,EYCI月均(c/kg cwt),2002-07-01,254.7625264895126,,,,,
,牛,EYCI月均(c/kg cwt),2002-08-01,245.759486964837,,,,,
,牛,EYCI月均(c/kg cwt),2002-09-01,266.40192073102054,,,,,
,牛,EYCI月均(c/kg cwt),2002-10-01,242.5888554432863,,,,,
,牛,EYCI月均(c/kg cwt),2002-11-01,227.47474797685524,,,,,
,牛,EYCI月均(c/kg cwt),2002-12-01,246.5632959854884,,,,,
,牛,EYCI月均(c/kg cwt),2003-01-01,253.017526148683,,,,,
,牛,EYCI月均(c/kg cwt),2003-02-01,266.30427980340943,,,,,
,牛,EYCI月均(c/kg cwt),2003-03-01,321.69401075123346,,,,,
,牛,EYCI月均(c/kg cwt),2003-04-01,321.9861153634619,,,,,
,牛,EYCI月均(c/kg cwt),2003-05-01,308.0094034593137,,,,,
,牛,EYCI月均(c/kg cwt),2003-06-01,302.771299685107,,,,,
,牛,EYCI月均(c/kg cwt),2003-07-01,317.5630600145424,,,,,
,牛,EYCI月均(c/kg cwt),2003-08-01,332.86126278818534,,,,,
,牛,EYCI月均(c/kg cwt),2003-09-01,335.10210987367986,,,,,
,牛,EYCI月均(c/kg cwt),2003-10-01,335.37333269174366,,,,,
,牛,EYCI月均(c/kg cwt),2003-11-01,322.7881621236296,,,,,
,牛,EYCI月均(c/kg cwt),2003-12-01,310.7973563088576,,,,,
,牛,EYCI月均(c/kg cwt),2004-01-01,324.6551533135536,,,,,
,牛,EYCI月均(c/kg cwt),2004-02-01,328.7779767180374,,,,,
,牛,EYCI月均(c/kg cwt),2004-03-01,325.2261313638322,,,,,
,牛,EYCI月均(c/kg cwt),2004-04-01,316.6031719481555,,,,,
,牛,EYCI月均(c/kg cwt),2004-05-01,318.44265283362967,,,,,
,牛,EYCI月均(c/kg cwt),2004-06-01,335.5431758121796,,,,,
,牛,EYCI月均(c/kg cwt),2004-07-01,356.2760296156792,,,,,
,牛,EYCI月均(c/kg cwt),2004-08-01,373.90703277679,,,,,
,牛,EYCI月均(c/kg cwt),2004-09-01,382.3481699339457,,,,,
,牛,EYCI月均(c/kg cwt),2004-10-01,373.4181358406368,,,,,
,牛,EYCI月均(c/kg cwt),2004-11-01,371.34316484044905,,,,,
,牛,EYCI月均(c/kg cwt),2004-12-01,369.1389211261819,,,,,
,牛,EYCI月均(c/kg cwt),2005-01-01,380.54543388745367,,,,,
,牛,EYCI月均(c/kg cwt),2005-02-01,376.84783312240927,,,,,
,牛,EYCI月均(c/kg cwt),2005-03-01,369.3419224204032,,,,,
,牛,EYCI月均(c/kg cwt),2005-04-01,340.9526686147992,,,,,
,牛,EYCI月均(c/kg cwt),2005-05-01,333.3784020936848,,,,,
,牛,EYCI月均(c/kg cwt),2005-06-01,344.3471496481243,,,,,
,牛,EYCI月均(c/kg cwt),2005-07-01,398.7640763164182,,,,,
,牛,EYCI月均(c/kg cwt),2005-08-01,410.9651369554245,,,,,
,牛,EYCI月均(c/kg cwt),2005-09-01,411.3202401162496,,,,,
,牛,EYCI月均(c/kg cwt),2005-10-01,397.9161821886555,,,,,
,牛,EYCI月均(c/kg cwt),2005-11-01,375.833012723845,,,,,
,牛,EYCI月均(c/kg cwt),2005-12-01,369.7345536271438,,,,,
,牛,EYCI月均(c/kg cwt),2006-01-01,352.4081739386185,,,,,
,牛,EYCI月均(c/kg cwt),2006-02-01,360.8148973982155,,,,,
,牛,EYCI月均(c/kg cwt),2006-03-01,363.69754736354633,,,,,
,牛,EYCI月均(c/kg cwt),2006-04-01,359.33138746623354,,,,,
,牛,EYCI月均(c/kg cwt),2006-05-01,349.92380888728144,,,,,
,牛,EYCI月均(c/kg cwt),2006-06-01,348.2272982707896,,,,,
,牛,EYCI月均(c/kg cwt),2006-07-01,368.8196719341693,,,,,
,牛,EYCI月均(c/kg cwt),2006-08-01,371.79331622811736,,,,,
,牛,EYCI月均(c/kg cwt),2006-09-01,350.4099623037187,,,,,
,牛,EYCI月均(c/kg cwt),2006-10-01,296.03588351584983,,,,,
,牛,EYCI月均(c/kg cwt),2006-11-01,297.444086272823,,,,,
,牛,EYCI月均(c/kg cwt),2006-12-01,270.3748475986812,,,,,
,牛,EYCI月均(c/kg cwt),2007-01-01,299.31442215848193,,,,,
,牛,EYCI月均(c/kg cwt),2007-02-01,317.55586410284974,,,,,
,牛,EYCI月均(c/kg cwt),2007-03-01,341.1848652325272,,,,,
,牛,EYCI月均(c/kg cwt),2007-04-01,317.5054624204269,,,,,
,牛,EYCI月均(c/kg cwt),2007-05-01,324.39349439974313,,,,,
,牛,EYCI月均(c/kg cwt),2007-06-01,334.33842941059487,,,,,
,牛,EYCI月均(c/kg cwt),2007-07-01,340.12540428937893,,,,,
,牛,EYCI月均(c/kg cwt),2007-08-01,335.74733287702503,,,,,
,牛,EYCI月均(c/kg cwt),2007-09-01,314.7244092346629,,,,,
,牛,EYCI月均(c/kg cwt),2007-10-01,280.34676483905525,,,,,
,牛,EYCI月均(c/kg cwt),2007-11-01,293.0496414605519,,,,,
,牛,EYCI月均(c/kg cwt),2007-12-01,312.489910747365,,,,,
,牛,EYCI月均(c/kg cwt),2008-01-01,323.89905974483713,,,,,
,牛,EYCI月均(c/kg cwt),2008-02-01,339.81037557908684,,,,,
,牛,EYCI月均(c/kg cwt),2008-03-01,324.23572808653887,,,,,
,牛,EYCI月均(c/kg cwt),2008-04-01,317.2022684402956,,,,,
,牛,EYCI月均(c/kg cwt),2008-05-01,313.119082180531,,,,,
,牛,EYCI月均(c/kg cwt),2008-06-01,329.4998012987489,,,,,
,牛,EYCI月均(c/kg cwt),2008-07-01,340.95019880961354,,,,,
,牛,EYCI月均(c/kg cwt),2008-08-01,348.95342821511923,,,,,
,牛,EYCI月均(c/kg cwt),2008-09-01,355.6807006847418,,,,,
,牛,EYCI月均(c/kg cwt),2008-10-01,347.37889939553406,,,,,
,牛,EYCI月均(c/kg cwt),2008-11-01,327.4188419260251,,,,,
,牛,EYCI月均(c/kg cwt),2008-12-01,327.77108040185817,,,,,
,牛,EYCI月均(c/kg cwt),2009-01-01,324.83674559386094,,,,,
,牛,EYCI月均(c/kg cwt),2009-02-01,304.9050278068368,,,,,
,牛,EYCI月均(c/kg cwt),2009-03-01,316.8798943471966,,,,,
,牛,EYCI月均(c/kg cwt),2009-04-01,317.16302286542134,,,,,
,牛,EYCI月均(c/kg cwt),2009-05-01,314.5857723248644,,,,,
,牛,EYCI月均(c/kg cwt),2009-06-01,331.142508165784,,,,,
,牛,EYCI月均(c/kg cwt),2009-07-01,339.69303918440977,,,,,
,牛,EYCI月均(c/kg cwt),2009-08-01,331.67867694640205,,,,,
,牛,EYCI月均(c/kg cwt),2009-09-01,321.3828905937424,,,,,
,牛,EYCI月均(c/kg cwt),2009-10-01,308.9044467366885,,,,,
,牛,EYCI月均(c/kg cwt),2009-11-01,300.3148061255599,,,,,
,牛,EYCI月均(c/kg cwt),2009-12-01,285.5066482811632,,,,,
,牛,EYCI月均(c/kg cwt),2010-01-01,313.4955095653283,,,,,
,牛,EYCI月均(c/kg cwt),2010-02-01,329.60347220313423,,,,,
,牛,EYCI月均(c/kg cwt),2010-03-01,348.68919907742827,,,,,
,牛,EYCI月均(c/kg cwt),2010-04-01,348.2318543836775,,,,,
,牛,EYCI月均(c/kg cwt),2010-05-01,344.2384365749516,,,,,
,牛,EYCI月均(c/kg cwt),2010-06-01,348.7652981131945,,,,,
,牛,EYCI月均(c/kg cwt),2010-07-01,352.3884543295205,,,,,
,牛,EYCI月均(c/kg cwt),2010-08-01,364.8320583977245,,,,,
,牛,EYCI月均(c/kg cwt),2010-09-01,369.9284683707567,,,,,
,牛,EYCI月均(c/kg cwt),2010-10-01,367.9291684256287,,,,,
,牛,EYCI月均(c/kg cwt),2010-11-01,370.61732949719794,,,,,
,牛,EYCI月均(c/kg cwt),2010-12-01,385.4070894432076,,,,,
,牛,EYCI月均(c/kg cwt),2011-01-01,404.6360467937794,,,,,
,牛,EYCI月均(c/kg cwt),2011-02-01,393.3794627774784,,,,,
,牛,EYCI月均(c/kg cwt),2011-03-01,412.5414712945693,,,,,
,牛,EYCI月均(c/kg cwt),2011-04-01,416.1695819861149,,,,,
,牛,EYCI月均(c/kg cwt),2011-05-01,393.05602031675534,,,,,
,牛,EYCI月均(c/kg cwt),2011-06-01,380.8585487861439,,,,,
,牛,EYCI月均(c/kg cwt),2011-07-01,375.70223878724846,,,,,
,牛,EYCI月均(c/kg cwt),2011-08-01,384.4353735846704,,,,,
,牛,EYCI月均(c/kg cwt),2011-09-01,400.8022765859666,,,,,
,牛,EYCI月均(c/kg cwt),2011-10-01,399.0343366718057,,,,,
,牛,EYCI月均(c/kg cwt),2011-11-01,402.72020278903045,,,,,
,牛,EYCI月均(c/kg cwt),2011-12-01,405.57843663856215,,,,,
,牛,EYCI月均(c/kg cwt),2012-01-01,406.0644753638412,,,,,
,牛,EYCI月均(c/kg cwt),2012-02-01,389.31089539387926,,,,,
,牛,EYCI月均(c/kg cwt),2012-03-01,393.9415233922748,,,,,
,牛,EYCI月均(c/kg cwt),2012-04-01,380.2638259541004,,,,,
,牛,EYCI月均(c/kg cwt),2012-05-01,369.7704624409123,,,,,
,牛,EYCI月均(c/kg cwt),2012-06-01,372.4896266068066,,,,,
,牛,EYCI月均(c/kg cwt),2012-07-01,382.7616818312971,,,,,
,牛,EYCI月均(c/kg cwt),2012-08-01,381.34575866679006,,,,,
,牛,EYCI月均(c/kg cwt),2012-09-01,363.48186641403936,,,,,
,牛,EYCI月均(c/kg cwt),2012-10-01,353.1731990546159,,,,,
,牛,EYCI月均(c/kg cwt),2012-11-01,341.75107621408137,,,,,
,牛,EYCI月均(c/kg cwt),2012-12-01,324.3580257881322,,,,,
,牛,EYCI月均(c/kg cwt),2013-01-01,315.64357235469896,,,,,
,牛,EYCI月均(c/kg cwt),2013-02-01,329.27409641273,,,,,
,牛,EYCI月均(c/kg cwt),2013-03-01,333.14046205681615,,,,,
,牛,EYCI月均(c/kg cwt),2013-04-01,314.46660106117184,,,,,
,牛,EYCI月均(c/kg cwt),2013-05-01,290.74626480019657,,,,,
,牛,EYCI月均(c/kg cwt),2013-06-01,309.7743591683343,,,,,
,牛,EYCI月均(c/kg cwt),2013-07-01,325.2961971489325,,,,,
,牛,EYCI月均(c/kg cwt),2013-08-01,322.8941340313096,,,,,
,牛,EYCI月均(c/kg cwt),2013-09-01,313.1341593328795,,,,,
,牛,EYCI月均(c/kg cwt),2013-10-01,301.3554457386098,,,,,
,牛,EYCI月均(c/kg cwt),2013-11-01,310.92300480519674,,,,,
,牛,EYCI月均(c/kg cwt),2013-12-01,316.64995441733186,,,,,
,牛,EYCI月均(c/kg cwt),2014-01-01,291.4825525116432,,,,,
,牛,EYCI月均(c/kg cwt),2014-02-01,296.2351679136299,,,,,
,牛,EYCI月均(c/kg cwt),2014-03-01,313.5955154709805,,,,,
,牛,EYCI月均(c/kg cwt),2014-04-01,352.2003022739416,,,,,
,牛,EYCI月均(c/kg cwt),2014-05-01,335.7581487722031,,,,,
,牛,EYCI月均(c/kg cwt),2014-06-01,333.7419751072279,,,,,
,牛,EYCI月均(c/kg cwt),2014-07-01,336.4160937384869,,,,,
,牛,EYCI月均(c/kg cwt),2014-08-01,344.98028767952826,,,,,
,牛,EYCI月均(c/kg cwt),2014-09-01,360.8761542979359,,,,,
,牛,EYCI月均(c/kg cwt),2014-10-01,355.1489954598044,,,,,
,牛,EYCI月均(c/kg cwt),2014-11-01,336.5555976456136,,,,,
,牛,EYCI月均(c/kg cwt),2014-12-01,370.9697596837839,,,,,
,牛,EYCI月均(c/kg cwt),2015-01-01,423.4766565009862,,,,,
,牛,EYCI月均(c/kg cwt),2015-02-01,445.8544770087352,,,,,
,牛,EYCI月均(c/kg cwt),2015-03-01,425.3024405192791,,,,,
,牛,EYCI月均(c/kg cwt),2015-04-01,440.0627393531886,,,,,
,牛,EYCI月均(c/kg cwt),2015-05-01,480.19922346357487,,,,,
,牛,EYCI月均(c/kg cwt),2015-06-01,494.599706740545,,,,,
,牛,EYCI月均(c/kg cwt),2015-07-01,541.9813797941345,,,,,
,牛,EYCI月均(c/kg cwt),2015-08-01,566.9918375584659,,,,,
,牛,EYCI月均(c/kg cwt),2015-09-01,586.2115173189502,,,,,
,牛,EYCI月均(c/kg cwt),2015-10-01,548.200671847664,,,,,
,牛,EYCI月均(c/kg cwt),2015-11-01,584.8002523443316,,,,,
,牛,EYCI月均(c/kg cwt),2015-12-01,590.9918267735219,,,,,
,牛,EYCI月均(c/kg cwt),2016-01-01,586.3689151380997,,,,,
,牛,EYCI月均(c/kg cwt),2016-02-01,596.822849191752,,,,,
,牛,EYCI月均(c/kg cwt),2016-03-01,588.6845629267416,,,,,
,牛,EYCI月均(c/kg cwt),2016-04-01,556.6038254147852,,,,,
,牛,EYCI月均(c/kg cwt),2016-05-01,567.5767661821986,,,,,
,牛,EYCI月均(c/kg cwt),2016-06-01,618.9129873577017,,,,,
,牛,EYCI月均(c/kg cwt),2016-07-01,661.5967914424742,,,,,
,牛,EYCI月均(c/kg cwt),2016-08-01,712.657121108933,,,,,
,牛,EYCI月均(c/kg cwt),2016-09-01,712.2680104183986,,,,,
,牛,EYCI月均(c/kg cwt),2016-10-01,697.2828600044365,,,,,
,牛,EYCI月均(c/kg cwt),2016-11-01,652.2087550285721,,,,,
,牛,EYCI月均(c/kg cwt),2016-12-01,633.3589575902259,,,,,
,牛,EYCI月均(c/kg cwt),2017-01-01,647.9890551030683,,,,,
,牛,EYCI月均(c/kg cwt),2017-02-01,635.8964715195572,,,,,
,牛,EYCI月均(c/kg cwt),2017-03-01,621.1024370018207,,,,,
,牛,EYCI月均(c/kg cwt),2017-04-01,659.9784516629911,,,,,
,牛,EYCI月均(c/kg cwt),2017-05-01,645.4393062356617,,,,,
,牛,EYCI月均(c/kg cwt),2017-06-01,638.0839035846734,,,,,
,牛,EYCI月均(c/kg cwt),2017-07-01,598.0871302240441,,,,,
,牛,EYCI月均(c/kg cwt),2017-08-01,551.4737005492921,,,,,
,牛,EYCI月均(c/kg cwt),2017-09-01,524.9592252277838,,,,,
,牛,EYCI月均(c/kg cwt),2017-10-01,547.0891175849438,,,,,
,牛,EYCI月均(c/kg cwt),2017-11-01,578.3666273800374,,,,,
,牛,EYCI月均(c/kg cwt),2017-12-01,570.3519484867242,,,,,
,牛,EYCI月均(c/kg cwt),2018-01-01,552.0938162064615,,,,,
,牛,EYCI月均(c/kg cwt),2018-02-01,529.0939773172065,,,,,
,牛,EYCI月均(c/kg cwt),2018-03-01,551.0956394247673,,,,,
,牛,EYCI月均(c/kg cwt),2018-04-01,513.4380761531928,,,,,
,牛,EYCI月均(c/kg cwt),2018-05-01,483.6390893808548,,,,,
,牛,EYCI月均(c/kg cwt),2018-06-01,479.3803765276987,,,,,
,牛,EYCI月均(c/kg cwt),2018-07-01,500.6279142763286,,,,,
,牛,EYCI月均(c/kg cwt),2018-08-01,464.0679450654674,,,,,
,牛,EYCI月均(c/kg cwt),2018-09-01,492.6762932107254,,,,,
,牛,EYCI月均(c/kg cwt),2018-10-01,511.2787066867528,,,,,
,牛,EYCI月均(c/kg cwt),2018-11-01,523.458097192688,,,,,
,牛,EYCI月均(c/kg cwt),2018-12-01,521.4383516717593,,,,,
,牛,EYCI月均(c/kg cwt),2019-01-01,485.3851724313136,,,,,
,牛,EYCI月均(c/kg cwt),2019-02-01,456.0897683225089,,,,,
,牛,EYCI月均(c/kg cwt),2019-03-01,429.7777697356936,,,,,
,牛,EYCI月均(c/kg cwt),2019-04-01,476.0583006808834,,,,,
,牛,EYCI月均(c/kg cwt),2019-05-01,475.4802692054101,,,,,
,牛,EYCI月均(c/kg cwt),2019-06-01,483.2366194231208,,,,,
,牛,EYCI月均(c/kg cwt),2019-07-01,512.0801432143165,,,,,
,牛,EYCI月均(c/kg cwt),2019-08-01,522.1080603310974,,,,,
,牛,EYCI月均(c/kg cwt),2019-09-01,486.5279253481838,,,,,
,牛,EYCI月均(c/kg cwt),2019-10-01,497.7563682741962,,,,,
,牛,EYCI月均(c/kg cwt),2019-11-01,513.9215407188129,,,,,
,牛,EYCI月均(c/kg cwt),2019-12-01,489.30857836755456,,,,,
,牛,EYCI月均(c/kg cwt),2020-01-01,520.4535333902479,,,,,
,牛,EYCI月均(c/kg cwt),2020-02-01,665.4174734589857,,,,,
,牛,EYCI月均(c/kg cwt),2020-03-01,730.9874676953588,,,,,
,牛,EYCI月均(c/kg cwt),2020-04-01,713.0620225307056,,,,,
,牛,EYCI月均(c/kg cwt),2020-05-01,732.737884678458,,,,,
,牛,EYCI月均(c/kg cwt),2020-06-01,758.4743195522896,,,,,
,牛,EYCI月均(c/kg cwt),2020-07-01,750.4097993544339,,,,,
,牛,EYCI月均(c/kg cwt),2020-08-01,769.7684489436342,,,,,
,牛,EYCI月均(c/kg cwt),2020-09-01,771.0491107110994,,,,,
,牛,EYCI月均(c/kg cwt),2020-10-01,796.4862175854494,,,,,
,牛,EYCI月均(c/kg cwt),2020-11-01,820.136853802035,,,,,
,牛,EYCI月均(c/kg cwt),2020-12-01,802.4068495022033,,,,,
,牛,EYCI月均(c/kg cwt),2021-01-01,836.9699780902679,,,,,
,牛,EYCI月均(c/kg cwt),2021-02-01,871.952082686277,,,,,
,牛,EYCI月均(c/kg cwt),2021-03-01,866.1767646215958,,,,,
,牛,EYCI月均(c/kg cwt),2021-04-01,889.7962352911459,,,,,
,牛,EYCI月均(c/kg cwt),2021-05-01,891.3642620996571,,,,,
,牛,EYCI月均(c/kg cwt),2021-06-01,912.1025352969608,,,,,
,牛,EYCI月均(c/kg cwt),2021-07-01,976.6468559753856,,,,,
,牛,EYCI月均(c/kg cwt),2021-08-01,1005.2227971921412,,,,,
,牛,EYCI月均(c/kg cwt),2021-09-01,1023.099624918504,,,,,
,牛,EYCI月均(c/kg cwt),2021-10-01,1054.3483437041373,,,,,
,牛,EYCI月均(c/kg cwt),2021-11-01,1085.3548931138455,,,,,
,牛,EYCI月均(c/kg cwt),2021-12-01,1141.7434057128405,,,,,
,牛,EYCI月均(c/kg cwt),2022-01-01,1131.365682551345,,,,,
,牛,EYCI月均(c/kg cwt),2022-02-01,1124.8204794995474,,,,,
,牛,EYCI月均(c/kg cwt),2022-03-01,1115.652843219364,,,,,
,牛,EYCI月均(c/kg cwt),2022-04-01,1086.819102076088,,,,,
,牛,EYCI月均(c/kg cwt),2022-05-01,1103.1301797666088,,,,,
,牛,EYCI月均(c/kg cwt),2022-06-01,1083.1844623507586,,,,,
,牛,EYCI月均(c/kg cwt),2022-07-01,953.8369293624622,,,,,
,牛,EYCI月均(c/kg cwt),2022-08-01,992.444962478516,,,,,
,牛,EYCI月均(c/kg cwt),2022-09-01,1051.0619475647002,,,,,
,牛,EYCI月均(c/kg cwt),2022-10-01,1040.522867227471,,,,,
,牛,EYCI月均(c/kg cwt),2022-11-01,977.3138080975164,,,,,
,牛,EYCI月均(c/kg cwt),2022-12-01,873.5542210626414,,,,,
,牛,EYCI月均(c/kg cwt),2023-01-01,795.0453441764159,,,,,
,牛,EYCI月均(c/kg cwt),2023-02-01,746.270334390282,,,,,
,牛,EYCI月均(c/kg cwt),2023-03-01,686.4767360548024,,,,,
,牛,EYCI月均(c/kg cwt),2023-04-01,687.1562393611198,,,,,
,牛,EYCI月均(c/kg cwt),2023-05-01,618.7640828294274,,,,,
,牛,EYCI月均(c/kg cwt),2023-06-01,567.2592047150453,,,,,
,牛,EYCI月均(c/kg cwt),2023-07-01,566.2198403293492,,,,,
,牛,EYCI月均(c/kg cwt),2023-08-01,533.465613562133,,,,,
,牛,EYCI月均(c/kg cwt),2023-09-01,416.6046731570209,,,,,
,牛,EYCI月均(c/kg cwt),2023-10-01,357.7413255453542,,,,,
,牛,EYCI月均(c/kg cwt),2023-11-01,433.13448245024864,,,,,
,牛,EYCI月均(c/kg cwt),2023-12-01,532.3262673473208,,,,,
,牛,EYCI月均(c/kg cwt),2024-01-01,616.8824612933099,,,,,
,牛,EYCI月均(c/kg cwt),2024-02-01,644.2599822900079,,,,,
,牛,EYCI月均(c/kg cwt),2024-03-01,593.7190178627873,,,,,
,牛,EYCI月均(c/kg cwt),2024-04-01,600.6706104811382,,,,,
,牛,EYCI月均(c/kg cwt),2024-05-01,611.9145412180152,,,,,
,牛,EYCI月均(c/kg cwt),2024-06-01,594.1926262505046,,,,,
,牛,EYCI月均(c/kg cwt),2024-07-01,633.4674976906894,,,,,
,牛,EYCI月均(c/kg cwt),2024-08-01,672.1480676346291,,,,,
,牛,EYCI月均(c/kg cwt),2024-09-01,665.7941940984566,,,,,
,牛,EYCI月均(c/kg cwt),2024-10-01,627.128326245615,,,,,
,牛,EYCI月均(c/kg cwt),2024-11-01,627.9040204229019,,,,,
,牛,EYCI月均(c/kg cwt),2024-12-01,671.6122005411806,,,,,
,牛,EYCI月均(c/kg cwt),2025-01-01,691.6216833608316,,,,,
,牛,EYCI月均(c/kg cwt),2025-02-01,651.1549689148615,,,,,
,牛,EYCI月均(c/kg cwt),2025-03-01,652.4146496686512,,,,,
,牛,EYCI月均(c/kg cwt),2025-04-01,702.9243322164343,,,,,
,牛,EYCI月均(c/kg cwt),2025-05-01,694.8213427005614,,,,,
,牛,EYCI月均(c/kg cwt),2025-06-01,710.3054838043024,,,,,
,牛,EYCI月均(c/kg cwt),2025-07-01,754.3370434272578,,,,,
,牛,EYCI月均(c/kg cwt),2025-08-01,863.7431790034874,,,,,
,牛,EYCI月均(c/kg cwt),2025-09-01,892.757027561673,,,,,
,牛,EYCI月均(c/kg cwt),2025-10-01,839.1305378288329,,,,,
,牛,EYCI月均(c/kg cwt),2025-11-01,889.2224343876231,,,,,
,牛,EYCI月均(c/kg cwt),2025-12-01,856.070950520794,,,,,
,牛,EYCI月均(c/kg cwt),2026-01-01,855.5702273856122,,,,,
,牛,EYCI月均(c/kg cwt),2026-02-01,851.7941917209968,,,,,
,牛,EYCI月均(c/kg cwt),2026-03-01,874.5027039104239,,,,,
,牛,EYCI月均(c/kg cwt),2026-04-01,797.1609819954084,,,,,
,牛,EYCI月均(c/kg cwt),2026-05-01,856.7897238116177,,,,,
,牛,EYCI月均(c/kg cwt),2026-06-01,987.7276800420696,,,,,
,牛,EYCI月均(c/kg cwt)($/Head),2000-01-01,433.3819823234792,,,,,
,牛,EYCI月均(c/kg cwt)($/Head),2000-02-01,418.22633532865234,,,,,
,牛,EYCI月均(c/kg cwt)($/Head),2000-03-01,429.7184349986746,,,,,
,牛,EYCI月均(c/kg cwt)($/Head),2000-04-01,438.13792161327154,,,,,
,牛,EYCI月均(c/kg cwt)($/Head),2000-05-01,433.75520458899774,,,,,
,牛,EYCI月均(c/kg cwt)($/Head),2000-06-01,437.2809239329854,,,,,
,牛,EYCI月均(c/kg cwt)($/Head),2000-07-01,460.6004220295377,,,,,
,牛,EYCI月均(c/kg cwt)($/Head),2000-08-01,473.2577158130897,,,,,
,牛,EYCI月均(c/kg cwt)($/Head),2000-09-01,468.4376315705845,,,,,
,牛,EYCI月均(c/kg cwt)($/Head),2000-10-01,460.1963954187797,,,,,
,牛,EYCI月均(c/kg cwt)($/Head),2000-11-01,511.371634360771,,,,,
,牛,EYCI月均(c/kg cwt)($/Head),2000-12-01,517.2142990070098,,,,,
,牛,EYCI月均(c/kg cwt)($/Head),2001-01-01,502.61502290973135,,,,,
,牛,EYCI月均(c/kg cwt)($/Head),2001-02-01,521.6502803019108,,,,,
,牛,EYCI月均(c/kg cwt)($/Head),2001-03-01,536.7413486433965,,,,,
,牛,EYCI月均(c/kg cwt)($/Head),2001-04-01,547.6545146948258,,,,,
,牛,EYCI月均(c/kg cwt)($/Head),2001-05-01,525.6115406971879,,,,,
,牛,EYCI月均(c/kg cwt)($/Head),2001-06-01,537.1348584759123,,,,,
,牛,EYCI月均(c/kg cwt)($/Head),2001-07-01,555.2707839134436,,,,,
,牛,EYCI月均(c/kg cwt)($/Head),2001-08-01,621.392976965686,,,,,
,牛,EYCI月均(c/kg cwt)($/Head),2001-09-01,653.8216020344336,,,,,
,牛,EYCI月均(c/kg cwt)($/Head),2001-10-01,595.3973970917914,,,,,
,牛,EYCI月均(c/kg cwt)($/Head),2001-11-01,615.1064248039388,,,,,
,牛,EYCI月均(c/kg cwt)($/Head),2001-12-01,616.4143105274698,,,,,
,牛,EYCI月均(c/kg cwt)($/Head),2002-01-01,575.9134920526609,,,,,
,牛,EYCI月均(c/kg cwt)($/Head),2002-02-01,553.0239100806381,,,,,
,牛,EYCI月均(c/kg cwt)($/Head),2002-03-01,543.9677503773486,,,,,
,牛,EYCI月均(c/kg cwt)($/Head),2002-04-01,513.2835649813653,,,,,
,牛,EYCI月均(c/kg cwt)($/Head),2002-05-01,460.2465942303721,,,,,
,牛,EYCI月均(c/kg cwt)($/Head),2002-06-01,436.1292354451695,,,,,
,牛,EYCI月均(c/kg cwt)($/Head),2002-07-01,424.7924302257285,,,,,
,牛,EYCI月均(c/kg cwt)($/Head),2002-08-01,409.6282095137403,,,,,
,牛,EYCI月均(c/kg cwt)($/Head),2002-09-01,456.5996864126435,,,,,
,牛,EYCI月均(c/kg cwt)($/Head),2002-10-01,414.7549730556747,,,,,
,牛,EYCI月均(c/kg cwt)($/Head),2002-11-01,391.9246180408179,,,,,
,牛,EYCI月均(c/kg cwt)($/Head),2002-12-01,441.0567517266553,,,,,
,牛,EYCI月均(c/kg cwt)($/Head),2003-01-01,440.3166573283893,,,,,
,牛,EYCI月均(c/kg cwt)($/Head),2003-02-01,451.4144820559881,,,,,
,牛,EYCI月均(c/kg cwt)($/Head),2003-03-01,556.8374963979849,,,,,
,牛,EYCI月均(c/kg cwt)($/Head),2003-04-01,539.7272920700917,,,,,
,牛,EYCI月均(c/kg cwt)($/Head),2003-05-01,497.8394293919724,,,,,
,牛,EYCI月均(c/kg cwt)($/Head),2003-06-01,495.38653345344846,,,,,
,牛,EYCI月均(c/kg cwt)($/Head),2003-07-01,542.5491483938031,,,,,
,牛,EYCI月均(c/kg cwt)($/Head),2003-08-01,572.3203449219596,,,,,
,牛,EYCI月均(c/kg cwt)($/Head),2003-09-01,594.7917695980832,,,,,
,牛,EYCI月均(c/kg cwt)($/Head),2003-10-01,604.4429812136083,,,,,
,牛,EYCI月均(c/kg cwt)($/Head),2003-11-01,578.0099808514152,,,,,
,牛,EYCI月均(c/kg cwt)($/Head),2003-12-01,560.6310810616798,,,,,
,牛,EYCI月均(c/kg cwt)($/Head),2004-01-01,587.8590899959083,,,,,
,牛,EYCI月均(c/kg cwt)($/Head),2004-02-01,592.7217191999744,,,,,
,牛,EYCI月均(c/kg cwt)($/Head),2004-03-01,576.1344665614453,,,,,
,牛,EYCI月均(c/kg cwt)($/Head),2004-04-01,562.3863778594686,,,,,
,牛,EYCI月均(c/kg cwt)($/Head),2004-05-01,555.5846193743411,,,,,
,牛,EYCI月均(c/kg cwt)($/Head),2004-06-01,588.1768847818388,,,,,
,牛,EYCI月均(c/kg cwt)($/Head),2004-07-01,641.3959992408486,,,,,
,牛,EYCI月均(c/kg cwt)($/Head),2004-08-01,671.7980279836776,,,,,
,牛,EYCI月均(c/kg cwt)($/Head),2004-09-01,691.2852244024784,,,,,
,牛,EYCI月均(c/kg cwt)($/Head),2004-10-01,680.1924407829019,,,,,
,牛,EYCI月均(c/kg cwt)($/Head),2004-11-01,677.8322192746917,,,,,
,牛,EYCI月均(c/kg cwt)($/Head),2004-12-01,671.3927981612197,,,,,
,牛,EYCI月均(c/kg cwt)($/Head),2005-01-01,677.8352103759196,,,,,
,牛,EYCI月均(c/kg cwt)($/Head),2005-02-01,661.8623714662915,,,,,
,牛,EYCI月均(c/kg cwt)($/Head),2005-03-01,645.4307531692547,,,,,
,牛,EYCI月均(c/kg cwt)($/Head),2005-04-01,586.9092591915951,,,,,
,牛,EYCI月均(c/kg cwt)($/Head),2005-05-01,572.2505091876803,,,,,
,牛,EYCI月均(c/kg cwt)($/Head),2005-06-01,592.52354041428,,,,,
,牛,EYCI月均(c/kg cwt)($/Head),2005-07-01,691.2198099973045,,,,,
,牛,EYCI月均(c/kg cwt)($/Head),2005-08-01,726.4174049177794,,,,,
,牛,EYCI月均(c/kg cwt)($/Head),2005-09-01,730.8242422348502,,,,,
,牛,EYCI月均(c/kg cwt)($/Head),2005-10-01,707.8280016578213,,,,,
,牛,EYCI月均(c/kg cwt)($/Head),2005-11-01,668.5683922832994,,,,,
,牛,EYCI月均(c/kg cwt)($/Head),2005-12-01,648.4092713054382,,,,,
,牛,EYCI月均(c/kg cwt)($/Head),2006-01-01,624.9273759456707,,,,,
,牛,EYCI月均(c/kg cwt)($/Head),2006-02-01,643.5102630532842,,,,,
,牛,EYCI月均(c/kg cwt)($/Head),2006-03-01,627.9660792984179,,,,,
,牛,EYCI月均(c/kg cwt)($/Head),2006-04-01,603.1540866510965,,,,,
,牛,EYCI月均(c/kg cwt)($/Head),2006-05-01,602.0663991148145,,,,,
,牛,EYCI月均(c/kg cwt)($/Head),2006-06-01,590.9092626870452,,,,,
,牛,EYCI月均(c/kg cwt)($/Head),2006-07-01,646.8119963068966,,,,,
,牛,EYCI月均(c/kg cwt)($/Head),2006-08-01,664.169604843686,,,,,
,牛,EYCI月均(c/kg cwt)($/Head),2006-09-01,629.8739315660024,,,,,
,牛,EYCI月均(c/kg cwt)($/Head),2006-10-01,515.4364478135332,,,,,
,牛,EYCI月均(c/kg cwt)($/Head),2006-11-01,537.5133203925029,,,,,
,牛,EYCI月均(c/kg cwt)($/Head),2006-12-01,496.3101114014046,,,,,
,牛,EYCI月均(c/kg cwt)($/Head),2007-01-01,545.7340691912001,,,,,
,牛,EYCI月均(c/kg cwt)($/Head),2007-02-01,567.9149633907094,,,,,
,牛,EYCI月均(c/kg cwt)($/Head),2007-03-01,589.8755664481029,,,,,
,牛,EYCI月均(c/kg cwt)($/Head),2007-04-01,532.773022624305,,,,,
,牛,EYCI月均(c/kg cwt)($/Head),2007-05-01,548.2526383009226,,,,,
,牛,EYCI月均(c/kg cwt)($/Head),2007-06-01,562.5284838361038,,,,,
,牛,EYCI月均(c/kg cwt)($/Head),2007-07-01,584.2837483161866,,,,,
,牛,EYCI月均(c/kg cwt)($/Head),2007-08-01,588.3259284326306,,,,,
,牛,EYCI月均(c/kg cwt)($/Head),2007-09-01,548.6317684416023,,,,,
,牛,EYCI月均(c/kg cwt)($/Head),2007-10-01,509.6238943506128,,,,,
,牛,EYCI月均(c/kg cwt)($/Head),2007-11-01,532.3894053081236,,,,,
,牛,EYCI月均(c/kg cwt)($/Head),2007-12-01,562.115287223362,,,,,
,牛,EYCI月均(c/kg cwt)($/Head),2008-01-01,604.1281984486817,,,,,
,牛,EYCI月均(c/kg cwt)($/Head),2008-02-01,629.8238028828229,,,,,
,牛,EYCI月均(c/kg cwt)($/Head),2008-03-01,576.5953133938918,,,,,
,牛,EYCI月均(c/kg cwt)($/Head),2008-04-01,564.7338380350665,,,,,
,牛,EYCI月均(c/kg cwt)($/Head),2008-05-01,552.1422882401284,,,,,
,牛,EYCI月均(c/kg cwt)($/Head),2008-06-01,574.1132741869799,,,,,
,牛,EYCI月均(c/kg cwt)($/Head),2008-07-01,614.464592596199,,,,,
,牛,EYCI月均(c/kg cwt)($/Head),2008-08-01,633.2178634538694,,,,,
,牛,EYCI月均(c/kg cwt)($/Head),2008-09-01,658.8465285996876,,,,,
,牛,EYCI月均(c/kg cwt)($/Head),2008-10-01,639.1075704017284,,,,,
,牛,EYCI月均(c/kg cwt)($/Head),2008-11-01,609.6806250053446,,,,,
,牛,EYCI月均(c/kg cwt)($/Head),2008-12-01,610.0989613904758,,,,,
,牛,EYCI月均(c/kg cwt)($/Head),2009-01-01,588.6399260530218,,,,,
,牛,EYCI月均(c/kg cwt)($/Head),2009-02-01,541.0757535426934,,,,,
,牛,EYCI月均(c/kg cwt)($/Head),2009-03-01,556.4800381836682,,,,,
,牛,EYCI月均(c/kg cwt)($/Head),2009-04-01,550.1401970460521,,,,,
,牛,EYCI月均(c/kg cwt)($/Head),2009-05-01,531.0269150950344,,,,,
,牛,EYCI月均(c/kg cwt)($/Head),2009-06-01,559.2605777077886,,,,,
,牛,EYCI月均(c/kg cwt)($/Head),2009-07-01,587.8064137381333,,,,,
,牛,EYCI月均(c/kg cwt)($/Head),2009-08-01,579.7870541129715,,,,,
,牛,EYCI月均(c/kg cwt)($/Head),2009-09-01,577.9483926339263,,,,,
,牛,EYCI月均(c/kg cwt)($/Head),2009-10-01,567.6911192146046,,,,,
,牛,EYCI月均(c/kg cwt)($/Head),2009-11-01,553.4109428938219,,,,,
,牛,EYCI月均(c/kg cwt)($/Head),2009-12-01,525.1377926251813,,,,,
,牛,EYCI月均(c/kg cwt)($/Head),2010-01-01,577.317630428699,,,,,
,牛,EYCI月均(c/kg cwt)($/Head),2010-02-01,601.12319368616,,,,,
,牛,EYCI月均(c/kg cwt)($/Head),2010-03-01,624.3052029005541,,,,,
,牛,EYCI月均(c/kg cwt)($/Head),2010-04-01,606.1670057587211,,,,,
,牛,EYCI月均(c/kg cwt)($/Head),2010-05-01,605.3284420151366,,,,,
,牛,EYCI月均(c/kg cwt)($/Head),2010-06-01,607.3936000625804,,,,,
,牛,EYCI月均(c/kg cwt)($/Head),2010-07-01,632.9878101679402,,,,,
,牛,EYCI月均(c/kg cwt)($/Head),2010-08-01,653.8835056906776,,,,,
,牛,EYCI月均(c/kg cwt)($/Head),2010-09-01,660.1745670571192,,,,,
,牛,EYCI月均(c/kg cwt)($/Head),2010-10-01,661.7818465710702,,,,,
,牛,EYCI月均(c/kg cwt)($/Head),2010-11-01,676.7829922360972,,,,,
,牛,EYCI月均(c/kg cwt)($/Head),2010-12-01,735.6575703220362,,,,,
,牛,EYCI月均(c/kg cwt)($/Head),2011-01-01,748.4938484209293,,,,,
,牛,EYCI月均(c/kg cwt)($/Head),2011-02-01,737.6856396010462,,,,,
,牛,EYCI月均(c/kg cwt)($/Head),2011-03-01,767.4826358875372,,,,,
,牛,EYCI月均(c/kg cwt)($/Head),2011-04-01,737.2191282154251,,,,,
,牛,EYCI月均(c/kg cwt)($/Head),2011-05-01,683.1999183409793,,,,,
,牛,EYCI月均(c/kg cwt)($/Head),2011-06-01,653.0029777848016,,,,,
,牛,EYCI月均(c/kg cwt)($/Head),2011-07-01,644.7836204156922,,,,,
,牛,EYCI月均(c/kg cwt)($/Head),2011-08-01,670.1469704206758,,,,,
,牛,EYCI月均(c/kg cwt)($/Head),2011-09-01,711.5034145571873,,,,,
,牛,EYCI月均(c/kg cwt)($/Head),2011-10-01,725.609017586439,,,,,
,牛,EYCI月均(c/kg cwt)($/Head),2011-11-01,728.0152406462562,,,,,
,牛,EYCI月均(c/kg cwt)($/Head),2011-12-01,754.1293798957669,,,,,
,牛,EYCI月均(c/kg cwt)($/Head),2012-01-01,718.6740739606477,,,,,
,牛,EYCI月均(c/kg cwt)($/Head),2012-02-01,713.0993747120458,,,,,
,牛,EYCI月均(c/kg cwt)($/Head),2012-03-01,705.2510352824993,,,,,
,牛,EYCI月均(c/kg cwt)($/Head),2012-04-01,666.006801060561,,,,,
,牛,EYCI月均(c/kg cwt)($/Head),2012-05-01,647.3648453247988,,,,,
,牛,EYCI月均(c/kg cwt)($/Head),2012-06-01,642.0321475431593,,,,,
,牛,EYCI月均(c/kg cwt)($/Head),2012-07-01,674.8304349321614,,,,,
,牛,EYCI月均(c/kg cwt)($/Head),2012-08-01,686.451868203478,,,,,
,牛,EYCI月均(c/kg cwt)($/Head),2012-09-01,663.5468129487298,,,,,
,牛,EYCI月均(c/kg cwt)($/Head),2012-10-01,649.7056567585171,,,,,
,牛,EYCI月均(c/kg cwt)($/Head),2012-11-01,622.8333825370914,,,,,
,牛,EYCI月均(c/kg cwt)($/Head),2012-12-01,587.3477279796599,,,,,
,牛,EYCI月均(c/kg cwt)($/Head),2013-01-01,575.7093119456373,,,,,
,牛,EYCI月均(c/kg cwt)($/Head),2013-02-01,608.5652281648305,,,,,
,牛,EYCI月均(c/kg cwt)($/Head),2013-03-01,605.3602120811984,,,,,
,牛,EYCI月均(c/kg cwt)($/Head),2013-04-01,561.0086626839394,,,,,
,牛,EYCI月均(c/kg cwt)($/Head),2013-05-01,511.60534638109726,,,,,
,牛,EYCI月均(c/kg cwt)($/Head),2013-06-01,543.1683428496389,,,,,
,牛,EYCI月均(c/kg cwt)($/Head),2013-07-01,588.4545958232517,,,,,
,牛,EYCI月均(c/kg cwt)($/Head),2013-08-01,593.3131199871084,,,,,
,牛,EYCI月均(c/kg cwt)($/Head),2013-09-01,598.9902571179298,,,,,
,牛,EYCI月均(c/kg cwt)($/Head),2013-10-01,577.6617369653791,,,,,
,牛,EYCI月均(c/kg cwt)($/Head),2013-11-01,595.9825397220652,,,,,
,牛,EYCI月均(c/kg cwt)($/Head),2013-12-01,604.2756124636676,,,,,
,牛,EYCI月均(c/kg cwt)($/Head),2014-01-01,541.3748217995732,,,,,
,牛,EYCI月均(c/kg cwt)($/Head),2014-02-01,542.2009428484549,,,,,
,牛,EYCI月均(c/kg cwt)($/Head),2014-03-01,579.0948068764114,,,,,
,牛,EYCI月均(c/kg cwt)($/Head),2014-04-01,646.4551841607658,,,,,
,牛,EYCI月均(c/kg cwt)($/Head),2014-05-01,618.831865690363,,,,,
,牛,EYCI月均(c/kg cwt)($/Head),2014-06-01,607.7058565147356,,,,,
,牛,EYCI月均(c/kg cwt)($/Head),2014-07-01,632.2335543515547,,,,,
,牛,EYCI月均(c/kg cwt)($/Head),2014-08-01,661.4590874671652,,,,,
,牛,EYCI月均(c/kg cwt)($/Head),2014-09-01,695.3111952201724,,,,,
,牛,EYCI月均(c/kg cwt)($/Head),2014-10-01,678.5544280274207,,,,,
,牛,EYCI月均(c/kg cwt)($/Head),2014-11-01,636.8069924780704,,,,,
,牛,EYCI月均(c/kg cwt)($/Head),2014-12-01,718.7934245031919,,,,,
,牛,EYCI月均(c/kg cwt)($/Head),2015-01-01,814.4636698658305,,,,,
,牛,EYCI月均(c/kg cwt)($/Head),2015-02-01,863.6750929568403,,,,,
,牛,EYCI月均(c/kg cwt)($/Head),2015-03-01,796.1540001001175,,,,,
,牛,EYCI月均(c/kg cwt)($/Head),2015-04-01,818.7297591840303,,,,,
,牛,EYCI月均(c/kg cwt)($/Head),2015-05-01,883.6345333077238,,,,,
,牛,EYCI月均(c/kg cwt)($/Head),2015-06-01,886.4774254296744,,,,,
,牛,EYCI月均(c/kg cwt)($/Head),2015-07-01,1004.3584884565312,,,,,
,牛,EYCI月均(c/kg cwt)($/Head),2015-08-01,1069.392298773118,,,,,
,牛,EYCI月均(c/kg cwt)($/Head),2015-09-01,1118.4421286629645,,,,,
,牛,EYCI月均(c/kg cwt)($/Head),2015-10-01,1036.7624775697589,,,,,
,牛,EYCI月均(c/kg cwt)($/Head),2015-11-01,1111.5715372860816,,,,,
,牛,EYCI月均(c/kg cwt)($/Head),2015-12-01,1091.1326544636286,,,,,
,牛,EYCI月均(c/kg cwt)($/Head),2016-01-01,1092.3782688656756,,,,,
,牛,EYCI月均(c/kg cwt)($/Head),2016-02-01,1102.7778860053636,,,,,
,牛,EYCI月均(c/kg cwt)($/Head),2016-03-01,1074.7019290208566,,,,,
,牛,EYCI月均(c/kg cwt)($/Head),2016-04-01,993.0567980017752,,,,,
,牛,EYCI月均(c/kg cwt)($/Head),2016-05-01,1002.298858276504,,,,,
,牛,EYCI月均(c/kg cwt)($/Head),2016-06-01,1096.2955567621964,,,,,
,牛,EYCI月均(c/kg cwt)($/Head),2016-07-01,1170.8702088613372,,,,,
,牛,EYCI月均(c/kg cwt)($/Head),2016-08-01,1286.2992931803592,,,,,
,牛,EYCI月均(c/kg cwt)($/Head),2016-09-01,1304.285258660024,,,,,
,牛,EYCI月均(c/kg cwt)($/Head),2016-10-01,1288.297869642398,,,,,
,牛,EYCI月均(c/kg cwt)($/Head),2016-11-01,1209.48050526125,,,,,
,牛,EYCI月均(c/kg cwt)($/Head),2016-12-01,1187.959585045268,,,,,
,牛,EYCI月均(c/kg cwt)($/Head),2017-01-01,1165.9483541771683,,,,,
,牛,EYCI月均(c/kg cwt)($/Head),2017-02-01,1159.7027240763016,,,,,
,牛,EYCI月均(c/kg cwt)($/Head),2017-03-01,1104.7478463972218,,,,,
,牛,EYCI月均(c/kg cwt)($/Head),2017-04-01,1152.8828675125862,,,,,
,牛,EYCI月均(c/kg cwt)($/Head),2017-05-01,1128.109621400244,,,,,
,牛,EYCI月均(c/kg cwt)($/Head),2017-06-01,1076.5167221048434,,,,,
,牛,EYCI月均(c/kg cwt)($/Head),2017-07-01,1028.586321165529,,,,,
,牛,EYCI月均(c/kg cwt)($/Head),2017-08-01,976.711016799136,,,,,
,牛,EYCI月均(c/kg cwt)($/Head),2017-09-01,944.9324265850724,,,,,
,牛,EYCI月均(c/kg cwt)($/Head),2017-10-01,1018.0519106483936,,,,,
,牛,EYCI月均(c/kg cwt)($/Head),2017-11-01,1092.1367315560904,,,,,
,牛,EYCI月均(c/kg cwt)($/Head),2017-12-01,1051.1057606673012,,,,,
,牛,EYCI月均(c/kg cwt)($/Head),2018-01-01,971.1303027171748,,,,,
,牛,EYCI月均(c/kg cwt)($/Head),2018-02-01,938.5519108312996,,,,,
,牛,EYCI月均(c/kg cwt)($/Head),2018-03-01,1000.8937875934944,,,,,
,牛,EYCI月均(c/kg cwt)($/Head),2018-04-01,884.6072839149266,,,,,
,牛,EYCI月均(c/kg cwt)($/Head),2018-05-01,825.0615560665211,,,,,
,牛,EYCI月均(c/kg cwt)($/Head),2018-06-01,811.3390231548711,,,,,
,牛,EYCI月均(c/kg cwt)($/Head),2018-07-01,868.6621387997789,,,,,
,牛,EYCI月均(c/kg cwt)($/Head),2018-08-01,779.713949156025,,,,,
,牛,EYCI月均(c/kg cwt)($/Head),2018-09-01,871.2564755194643,,,,,
,牛,EYCI月均(c/kg cwt)($/Head),2018-10-01,886.7385053614755,,,,,
,牛,EYCI月均(c/kg cwt)($/Head),2018-11-01,923.8826006962254,,,,,
,牛,EYCI月均(c/kg cwt)($/Head),2018-12-01,911.9376093759588,,,,,
,牛,EYCI月均(c/kg cwt)($/Head),2019-01-01,891.7626041098373,,,,,
,牛,EYCI月均(c/kg cwt)($/Head),2019-02-01,791.1692180526038,,,,,
,牛,EYCI月均(c/kg cwt)($/Head),2019-03-01,732.825048119198,,,,,
,牛,EYCI月均(c/kg cwt)($/Head),2019-04-01,814.8922991028707,,,,,
,牛,EYCI月均(c/kg cwt)($/Head),2019-05-01,804.2711791989419,,,,,
,牛,EYCI月均(c/kg cwt)($/Head),2019-06-01,811.1813862592569,,,,,
,牛,EYCI月均(c/kg cwt)($/Head),2019-07-01,880.2117124658508,,,,,
,牛,EYCI月均(c/kg cwt)($/Head),2019-08-01,907.6511854835738,,,,,
,牛,EYCI月均(c/kg cwt)($/Head),2019-09-01,861.0722030505426,,,,,
,牛,EYCI月均(c/kg cwt)($/Head),2019-10-01,889.2274606892952,,,,,
,牛,EYCI月均(c/kg cwt)($/Head),2019-11-01,929.8067530603996,,,,,
,牛,EYCI月均(c/kg cwt)($/Head),2019-12-01,879.9668582479951,,,,,
,牛,EYCI月均(c/kg cwt)($/Head),2020-01-01,955.731260809452,,,,,
,牛,EYCI月均(c/kg cwt)($/Head),2020-02-01,1218.8517796278147,,,,,
,牛,EYCI月均(c/kg cwt)($/Head),2020-03-01,1293.9647359488183,,,,,
,牛,EYCI月均(c/kg cwt)($/Head),2020-04-01,1201.1153208922012,,,,,
,牛,EYCI月均(c/kg cwt)($/Head),2020-05-01,1248.0328080974766,,,,,
,牛,EYCI月均(c/kg cwt)($/Head),2020-06-01,1300.1098419678094,,,,,
,牛,EYCI月均(c/kg cwt)($/Head),2020-07-01,1317.1963521303348,,,,,
,牛,EYCI月均(c/kg cwt)($/Head),2020-08-01,1352.6222909157382,,,,,
,牛,EYCI月均(c/kg cwt)($/Head),2020-09-01,1383.6449955052176,,,,,
,牛,EYCI月均(c/kg cwt)($/Head),2020-10-01,1459.5994845960886,,,,,
,牛,EYCI月均(c/kg cwt)($/Head),2020-11-01,1527.1064650019696,,,,,
,牛,EYCI月均(c/kg cwt)($/Head),2020-12-01,1456.402237784686,,,,,
,牛,EYCI月均(c/kg cwt)($/Head),2021-01-01,1617.2698952476655,,,,,
,牛,EYCI月均(c/kg cwt)($/Head),2021-02-01,1636.2602410246805,,,,,
,牛,EYCI月均(c/kg cwt)($/Head),2021-03-01,1617.7291352387947,,,,,
,牛,EYCI月均(c/kg cwt)($/Head),2021-04-01,1646.3652123203883,,,,,
,牛,EYCI月均(c/kg cwt)($/Head),2021-05-01,1637.7318430106448,,,,,
,牛,EYCI月均(c/kg cwt)($/Head),2021-06-01,1666.8449212258638,,,,,
,牛,EYCI月均(c/kg cwt)($/Head),2021-07-01,1748.17281071619,,,,,
,牛,EYCI月均(c/kg cwt)($/Head),2021-08-01,1827.7045546248453,,,,,
,牛,EYCI月均(c/kg cwt)($/Head),2021-09-01,1859.5596472290704,,,,,
,牛,EYCI月均(c/kg cwt)($/Head),2021-10-01,1959.9399455394864,,,,,
,牛,EYCI月均(c/kg cwt)($/Head),2021-11-01,2052.722972396452,,,,,
,牛,EYCI月均(c/kg cwt)($/Head),2021-12-01,2164.5707691179823,,,,,
,牛,EYCI月均(c/kg cwt)($/Head),2022-01-01,2082.091637137571,,,,,
,牛,EYCI月均(c/kg cwt)($/Head),2022-02-01,2129.3713383906284,,,,,
,牛,EYCI月均(c/kg cwt)($/Head),2022-03-01,2132.061566701824,,,,,
,牛,EYCI月均(c/kg cwt)($/Head),2022-04-01,2030.173087641292,,,,,
,牛,EYCI月均(c/kg cwt)($/Head),2022-05-01,2033.503282717796,,,,,
,牛,EYCI月均(c/kg cwt)($/Head),2022-06-01,1901.5671703080088,,,,,
,牛,EYCI月均(c/kg cwt)($/Head),2022-07-01,1701.047715055106,,,,,
,牛,EYCI月均(c/kg cwt)($/Head),2022-08-01,1753.418784978512,,,,,
,牛,EYCI月均(c/kg cwt)($/Head),2022-09-01,1918.820433563572,,,,,
,牛,EYCI月均(c/kg cwt)($/Head),2022-10-01,1945.8826761484763,,,,,
,牛,EYCI月均(c/kg cwt)($/Head),2022-11-01,1837.912571271856,,,,,
,牛,EYCI月均(c/kg cwt)($/Head),2022-12-01,1679.4079492587832,,,,,
,牛,EYCI月均(c/kg cwt)($/Head),2023-01-01,1580.1517809330037,,,,,
,牛,EYCI月均(c/kg cwt)($/Head),2023-02-01,1440.3439776669122,,,,,
,牛,EYCI月均(c/kg cwt)($/Head),2023-03-01,1270.1016122155866,,,,,
,牛,EYCI月均(c/kg cwt)($/Head),2023-04-01,1245.8345728120323,,,,,
,牛,EYCI月均(c/kg cwt)($/Head),2023-05-01,1133.9944203292523,,,,,
,牛,EYCI月均(c/kg cwt)($/Head),2023-06-01,1012.8086133004196,,,,,
,牛,EYCI月均(c/kg cwt)($/Head),2023-07-01,1007.3016967229056,,,,,
,牛,EYCI月均(c/kg cwt)($/Head),2023-08-01,986.9257791503496,,,,,
,牛,EYCI月均(c/kg cwt)($/Head),2023-09-01,769.5977546240609,,,,,
,牛,EYCI月均(c/kg cwt)($/Head),2023-10-01,663.9914535627448,,,,,
,牛,EYCI月均(c/kg cwt)($/Head),2023-11-01,825.2148447371546,,,,,
,牛,EYCI月均(c/kg cwt)($/Head),2023-12-01,1021.6984113357051,,,,,
,牛,EYCI月均(c/kg cwt)($/Head),2024-01-01,1194.7985004063307,,,,,
,牛,EYCI月均(c/kg cwt)($/Head),2024-02-01,1229.300222172243,,,,,
,牛,EYCI月均(c/kg cwt)($/Head),2024-03-01,1117.3056124159375,,,,,
,牛,EYCI月均(c/kg cwt)($/Head),2024-04-01,1110.6861063086235,,,,,
,牛,EYCI月均(c/kg cwt)($/Head),2024-05-01,1105.542878242012,,,,,
,牛,EYCI月均(c/kg cwt)($/Head),2024-06-01,1082.453315033756,,,,,
,牛,EYCI月均(c/kg cwt)($/Head),2024-07-01,1162.3860885328486,,,,,
,牛,EYCI月均(c/kg cwt)($/Head),2024-08-01,1267.0728663373754,,,,,
,牛,EYCI月均(c/kg cwt)($/Head),2024-09-01,1263.18095100381,,,,,
,牛,EYCI月均(c/kg cwt)($/Head),2024-10-01,1204.498504658501,,,,,
,牛,EYCI月均(c/kg cwt)($/Head),2024-11-01,1217.2700402166442,,,,,
,牛,EYCI月均(c/kg cwt)($/Head),2024-12-01,1285.9856283363138,,,,,
,牛,EYCI月均(c/kg cwt)($/Head),2025-01-01,1346.639518190206,,,,,
,牛,EYCI月均(c/kg cwt)($/Head),2025-02-01,1243.067559699757,,,,,
,牛,EYCI月均(c/kg cwt)($/Head),2025-03-01,1259.4037659526705,,,,,
,牛,EYCI月均(c/kg cwt)($/Head),2025-04-01,1330.1198884439052,,,,,
,牛,EYCI月均(c/kg cwt)($/Head),2025-05-01,1260.464461159776,,,,,
,牛,EYCI月均(c/kg cwt)($/Head),2025-06-01,1302.1334111140293,,,,,
,牛,EYCI月均(c/kg cwt)($/Head),2025-07-01,1398.939028324991,,,,,
,牛,EYCI月均(c/kg cwt)($/Head),2025-08-01,1616.8677237771708,,,,,
,牛,EYCI月均(c/kg cwt)($/Head),2025-09-01,1712.278067038734,,,,,
,牛,EYCI月均(c/kg cwt)($/Head),2025-10-01,1622.259703606493,,,,,
,牛,EYCI月均(c/kg cwt)($/Head),2025-11-01,1735.58088890239,,,,,
,牛,EYCI月均(c/kg cwt)($/Head),2025-12-01,1604.145522311879,,,,,
,牛,EYCI月均(c/kg cwt)($/Head),2026-01-01,1605.0962168441145,,,,,
,牛,EYCI月均(c/kg cwt)($/Head),2026-02-01,1616.992285203975,,,,,
,牛,EYCI月均(c/kg cwt)($/Head),2026-03-01,1615.8979754915126,,,,,
,牛,EYCI月均(c/kg cwt)($/Head),2026-04-01,1427.555646228626,,,,,
,牛,EYCI月均(c/kg cwt)($/Head),2026-05-01,1561.7040984041405,,,,,
,牛,EYCI月均(c/kg cwt)($/Head),2026-06-01,1734.9168380172696,,,,,
,牛,EYCI月成交头数,2000-01-01,57228.0,,,,,
,牛,EYCI月成交头数,2000-02-01,73895.0,,,,,
,牛,EYCI月成交头数,2000-03-01,78197.0,,,,,
,牛,EYCI月成交头数,2000-04-01,61104.0,,,,,
,牛,EYCI月成交头数,2000-05-01,99621.0,,,,,
,牛,EYCI月成交头数,2000-06-01,74743.0,,,,,
,牛,EYCI月成交头数,2000-07-01,76814.0,,,,,
,牛,EYCI月成交头数,2000-08-01,73594.0,,,,,
,牛,EYCI月成交头数,2000-09-01,76048.0,,,,,
,牛,EYCI月成交头数,2000-10-01,68969.0,,,,,
,牛,EYCI月成交头数,2000-11-01,72536.0,,,,,
,牛,EYCI月成交头数,2000-12-01,50904.0,,,,,
,牛,EYCI月成交头数,2001-01-01,61412.0,,,,,
,牛,EYCI月成交头数,2001-02-01,65823.0,,,,,
,牛,EYCI月成交头数,2001-03-01,83478.0,,,,,
,牛,EYCI月成交头数,2001-04-01,66943.0,,,,,
,牛,EYCI月成交头数,2001-05-01,105470.0,,,,,
,牛,EYCI月成交头数,2001-06-01,69232.0,,,,,
,牛,EYCI月成交头数,2001-07-01,78169.0,,,,,
,牛,EYCI月成交头数,2001-08-01,67123.0,,,,,
,牛,EYCI月成交头数,2001-09-01,69312.0,,,,,
,牛,EYCI月成交头数,2001-10-01,63041.0,,,,,
,牛,EYCI月成交头数,2001-11-01,70048.0,,,,,
,牛,EYCI月成交头数,2001-12-01,39962.0,,,,,
,牛,EYCI月成交头数,2002-01-01,64192.0,,,,,
,牛,EYCI月成交头数,2002-02-01,64772.0,,,,,
,牛,EYCI月成交头数,2002-03-01,81246.0,,,,,
,牛,EYCI月成交头数,2002-04-01,72567.0,,,,,
,牛,EYCI月成交头数,2002-05-01,83297.0,,,,,
,牛,EYCI月成交头数,2002-06-01,52606.0,,,,,
,牛,EYCI月成交头数,2002-07-01,83946.0,,,,,
,牛,EYCI月成交头数,2002-08-01,77616.0,,,,,
,牛,EYCI月成交头数,2002-09-01,71801.0,,,,,
,牛,EYCI月成交头数,2002-10-01,72784.0,,,,,
,牛,EYCI月成交头数,2002-11-01,73917.0,,,,,
,牛,EYCI月成交头数,2002-12-01,50527.0,,,,,
,牛,EYCI月成交头数,2003-01-01,52602.0,,,,,
,牛,EYCI月成交头数,2003-02-01,73682.0,,,,,
,牛,EYCI月成交头数,2003-03-01,71947.0,,,,,
,牛,EYCI月成交头数,2003-04-01,51650.0,,,,,
,牛,EYCI月成交头数,2003-05-01,69888.0,,,,,
,牛,EYCI月成交头数,2003-06-01,69645.0,,,,,
,牛,EYCI月成交头数,2003-07-01,94712.0,,,,,
,牛,EYCI月成交头数,2003-08-01,81684.0,,,,,
,牛,EYCI月成交头数,2003-09-01,121378.0,,,,,
,牛,EYCI月成交头数,2003-10-01,107719.0,,,,,
,牛,EYCI月成交头数,2003-11-01,124300.0,,,,,
,牛,EYCI月成交头数,2003-12-01,80159.0,,,,,
,牛,EYCI月成交头数,2004-01-01,101086.0,,,,,
,牛,EYCI月成交头数,2004-02-01,97819.0,,,,,
,牛,EYCI月成交头数,2004-03-01,124048.0,,,,,
,牛,EYCI月成交头数,2004-04-01,96647.0,,,,,
,牛,EYCI月成交头数,2004-05-01,113151.0,,,,,
,牛,EYCI月成交头数,2004-06-01,91057.0,,,,,
,牛,EYCI月成交头数,2004-07-01,112092.0,,,,,
,牛,EYCI月成交头数,2004-08-01,88262.0,,,,,
,牛,EYCI月成交头数,2004-09-01,101255.0,,,,,
,牛,EYCI月成交头数,2004-10-01,95934.0,,,,,
,牛,EYCI月成交头数,2004-11-01,110033.0,,,,,
,牛,EYCI月成交头数,2004-12-01,90146.0,,,,,
,牛,EYCI月成交头数,2005-01-01,104870.0,,,,,
,牛,EYCI月成交头数,2005-02-01,101951.0,,,,,
,牛,EYCI月成交头数,2005-03-01,114116.0,,,,,
,牛,EYCI月成交头数,2005-04-01,106514.0,,,,,
,牛,EYCI月成交头数,2005-05-01,135260.0,,,,,
,牛,EYCI月成交头数,2005-06-01,81608.0,,,,,
,牛,EYCI月成交头数,2005-07-01,87406.0,,,,,
,牛,EYCI月成交头数,2005-08-01,114420.0,,,,,
,牛,EYCI月成交头数,2005-09-01,88621.0,,,,,
,牛,EYCI月成交头数,2005-10-01,91012.0,,,,,
,牛,EYCI月成交头数,2005-11-01,99737.0,,,,,
,牛,EYCI月成交头数,2005-12-01,87299.0,,,,,
,牛,EYCI月成交头数,2006-01-01,92171.0,,,,,
,牛,EYCI月成交头数,2006-02-01,108219.0,,,,,
,牛,EYCI月成交头数,2006-03-01,128831.0,,,,,
,牛,EYCI月成交头数,2006-04-01,90377.0,,,,,
,牛,EYCI月成交头数,2006-05-01,149482.0,,,,,
,牛,EYCI月成交头数,2006-06-01,105401.0,,,,,
,牛,EYCI月成交头数,2006-07-01,100387.0,,,,,
,牛,EYCI月成交头数,2006-08-01,107909.0,,,,,
,牛,EYCI月成交头数,2006-09-01,96136.0,,,,,
,牛,EYCI月成交头数,2006-10-01,123710.0,,,,,
,牛,EYCI月成交头数,2006-11-01,170482.0,,,,,
,牛,EYCI月成交头数,2006-12-01,84408.0,,,,,
,牛,EYCI月成交头数,2007-01-01,110999.0,,,,,
,牛,EYCI月成交头数,2007-02-01,111442.0,,,,,
,牛,EYCI月成交头数,2007-03-01,129730.0,,,,,
,牛,EYCI月成交头数,2007-04-01,86644.0,,,,,
,牛,EYCI月成交头数,2007-05-01,123082.0,,,,,
,牛,EYCI月成交头数,2007-06-01,90873.0,,,,,
,牛,EYCI月成交头数,2007-07-01,105512.0,,,,,
,牛,EYCI月成交头数,2007-08-01,88605.0,,,,,
,牛,EYCI月成交头数,2007-09-01,108548.0,,,,,
,牛,EYCI月成交头数,2007-10-01,114083.0,,,,,
,牛,EYCI月成交头数,2007-11-01,150848.0,,,,,
,牛,EYCI月成交头数,2007-12-01,102850.0,,,,,
,牛,EYCI月成交头数,2008-01-01,106852.0,,,,,
,牛,EYCI月成交头数,2008-02-01,136559.0,,,,,
,牛,EYCI月成交头数,2008-03-01,102433.0,,,,,
,牛,EYCI月成交头数,2008-04-01,130094.0,,,,,
,牛,EYCI月成交头数,2008-05-01,148491.0,,,,,
,牛,EYCI月成交头数,2008-06-01,103783.0,,,,,
,牛,EYCI月成交头数,2008-07-01,119918.0,,,,,
,牛,EYCI月成交头数,2008-08-01,105104.0,,,,,
,牛,EYCI月成交头数,2008-09-01,114473.0,,,,,
,牛,EYCI月成交头数,2008-10-01,131689.0,,,,,
,牛,EYCI月成交头数,2008-11-01,121368.0,,,,,
,牛,EYCI月成交头数,2008-12-01,85132.0,,,,,
,牛,EYCI月成交头数,2009-01-01,102842.0,,,,,
,牛,EYCI月成交头数,2009-02-01,115904.0,,,,,
,牛,EYCI月成交头数,2009-03-01,170674.0,,,,,
,牛,EYCI月成交头数,2009-04-01,138576.0,,,,,
,牛,EYCI月成交头数,2009-05-01,144832.0,,,,,
,牛,EYCI月成交头数,2009-06-01,115104.0,,,,,
,牛,EYCI月成交头数,2009-07-01,139438.0,,,,,
,牛,EYCI月成交头数,2009-08-01,126655.0,,,,,
,牛,EYCI月成交头数,2009-09-01,138154.0,,,,,
,牛,EYCI月成交头数,2009-10-01,130269.0,,,,,
,牛,EYCI月成交头数,2009-11-01,131933.0,,,,,
,牛,EYCI月成交头数,2009-12-01,93868.0,,,,,
,牛,EYCI月成交头数,2010-01-01,77031.0,,,,,
,牛,EYCI月成交头数,2010-02-01,165687.0,,,,,
,牛,EYCI月成交头数,2010-03-01,168385.0,,,,,
,牛,EYCI月成交头数,2010-04-01,184242.0,,,,,
,牛,EYCI月成交头数,2010-05-01,197037.0,,,,,
,牛,EYCI月成交头数,2010-06-01,162469.0,,,,,
,牛,EYCI月成交头数,2010-07-01,157917.0,,,,,
,牛,EYCI月成交头数,2010-08-01,139477.0,,,,,
,牛,EYCI月成交头数,2010-09-01,158201.0,,,,,
,牛,EYCI月成交头数,2010-10-01,151152.0,,,,,
,牛,EYCI月成交头数,2010-11-01,178303.0,,,,,
,牛,EYCI月成交头数,2010-12-01,104188.0,,,,,
,牛,EYCI月成交头数,2011-01-01,136070.0,,,,,
,牛,EYCI月成交头数,2011-02-01,202230.0,,,,,
,牛,EYCI月成交头数,2011-03-01,206256.0,,,,,
,牛,EYCI月成交头数,2011-04-01,153811.0,,,,,
,牛,EYCI月成交头数,2011-05-01,193401.0,,,,,
,牛,EYCI月成交头数,2011-06-01,144870.0,,,,,
,牛,EYCI月成交头数,2011-07-01,154085.0,,,,,
,牛,EYCI月成交头数,2011-08-01,140619.0,,,,,
,牛,EYCI月成交头数,2011-09-01,172745.0,,,,,
,牛,EYCI月成交头数,2011-10-01,139826.0,,,,,
,牛,EYCI月成交头数,2011-11-01,183310.0,,,,,
,牛,EYCI月成交头数,2011-12-01,103616.0,,,,,
,牛,EYCI月成交头数,2012-01-01,147471.0,,,,,
,牛,EYCI月成交头数,2012-02-01,128319.0,,,,,
,牛,EYCI月成交头数,2012-03-01,196680.0,,,,,
,牛,EYCI月成交头数,2012-04-01,144778.0,,,,,
,牛,EYCI月成交头数,2012-05-01,197908.0,,,,,
,牛,EYCI月成交头数,2012-06-01,135822.0,,,,,
,牛,EYCI月成交头数,2012-07-01,187667.0,,,,,
,牛,EYCI月成交头数,2012-08-01,134070.0,,,,,
,牛,EYCI月成交头数,2012-09-01,140726.0,,,,,
,牛,EYCI月成交头数,2012-10-01,133777.0,,,,,
,牛,EYCI月成交头数,2012-11-01,152595.0,,,,,
,牛,EYCI月成交头数,2012-12-01,86679.0,,,,,
,牛,EYCI月成交头数,2013-01-01,101240.0,,,,,
,牛,EYCI月成交头数,2013-02-01,139613.0,,,,,
,牛,EYCI月成交头数,2013-03-01,134886.0,,,,,
,牛,EYCI月成交头数,2013-04-01,132621.0,,,,,
,牛,EYCI月成交头数,2013-05-01,180534.0,,,,,
,牛,EYCI月成交头数,2013-06-01,140087.0,,,,,
,牛,EYCI月成交头数,2013-07-01,159347.0,,,,,
,牛,EYCI月成交头数,2013-08-01,141913.0,,,,,
,牛,EYCI月成交头数,2013-09-01,128420.0,,,,,
,牛,EYCI月成交头数,2013-10-01,158657.0,,,,,
,牛,EYCI月成交头数,2013-11-01,175705.0,,,,,
,牛,EYCI月成交头数,2013-12-01,141078.0,,,,,
,牛,EYCI月成交头数,2014-01-01,128599.0,,,,,
,牛,EYCI月成交头数,2014-02-01,143232.0,,,,,
,牛,EYCI月成交头数,2014-03-01,177223.0,,,,,
,牛,EYCI月成交头数,2014-04-01,121997.0,,,,,
,牛,EYCI月成交头数,2014-05-01,216499.0,,,,,
,牛,EYCI月成交头数,2014-06-01,155821.0,,,,,
,牛,EYCI月成交头数,2014-07-01,195269.0,,,,,
,牛,EYCI月成交头数,2014-08-01,153124.0,,,,,
,牛,EYCI月成交头数,2014-09-01,230390.0,,,,,
,牛,EYCI月成交头数,2014-10-01,213348.0,,,,,
,牛,EYCI月成交头数,2014-11-01,187837.0,,,,,
,牛,EYCI月成交头数,2014-12-01,120356.0,,,,,
,牛,EYCI月成交头数,2015-01-01,155079.0,,,,,
,牛,EYCI月成交头数,2015-02-01,252643.0,,,,,
,牛,EYCI月成交头数,2015-03-01,207042.0,,,,,
,牛,EYCI月成交头数,2015-04-01,188209.0,,,,,
,牛,EYCI月成交头数,2015-05-01,230527.0,,,,,
,牛,EYCI月成交头数,2015-06-01,159455.0,,,,,
,牛,EYCI月成交头数,2015-07-01,246209.0,,,,,
,牛,EYCI月成交头数,2015-08-01,182416.0,,,,,
,牛,EYCI月成交头数,2015-09-01,212385.0,,,,,
,牛,EYCI月成交头数,2015-10-01,207620.0,,,,,
,牛,EYCI月成交头数,2015-11-01,208278.0,,,,,
,牛,EYCI月成交头数,2015-12-01,146425.0,,,,,
,牛,EYCI月成交头数,2016-01-01,139078.0,,,,,
,牛,EYCI月成交头数,2016-02-01,198866.0,,,,,
,牛,EYCI月成交头数,2016-03-01,223552.0,,,,,
,牛,EYCI月成交头数,2016-04-01,187943.0,,,,,
,牛,EYCI月成交头数,2016-05-01,210120.0,,,,,
,牛,EYCI月成交头数,2016-06-01,148061.0,,,,,
,牛,EYCI月成交头数,2016-07-01,177465.0,,,,,
,牛,EYCI月成交头数,2016-08-01,163866.0,,,,,
,牛,EYCI月成交头数,2016-09-01,135746.0,,,,,
,牛,EYCI月成交头数,2016-10-01,168684.0,,,,,
,牛,EYCI月成交头数,2016-11-01,238984.0,,,,,
,牛,EYCI月成交头数,2016-12-01,93384.0,,,,,
,牛,EYCI月成交头数,2017-01-01,144500.0,,,,,
,牛,EYCI月成交头数,2017-02-01,217703.0,,,,,
,牛,EYCI月成交头数,2017-03-01,168240.0,,,,,
,牛,EYCI月成交头数,2017-04-01,125822.0,,,,,
,牛,EYCI月成交头数,2017-05-01,254869.0,,,,,
,牛,EYCI月成交头数,2017-06-01,205403.0,,,,,
,牛,EYCI月成交头数,2017-07-01,195263.0,,,,,
,牛,EYCI月成交头数,2017-08-01,157287.0,,,,,
,牛,EYCI月成交头数,2017-09-01,186419.0,,,,,
,牛,EYCI月成交头数,2017-10-01,136481.0,,,,,
,牛,EYCI月成交头数,2017-11-01,232112.0,,,,,
,牛,EYCI月成交头数,2017-12-01,121093.0,,,,,
,牛,EYCI月成交头数,2018-01-01,147383.0,,,,,
,牛,EYCI月成交头数,2018-02-01,163829.0,,,,,
,牛,EYCI月成交头数,2018-03-01,225142.0,,,,,
,牛,EYCI月成交头数,2018-04-01,203203.0,,,,,
,牛,EYCI月成交头数,2018-05-01,208861.0,,,,,
,牛,EYCI月成交头数,2018-06-01,132297.0,,,,,
,牛,EYCI月成交头数,2018-07-01,237272.0,,,,,
,牛,EYCI月成交头数,2018-08-01,137261.0,,,,,
,牛,EYCI月成交头数,2018-09-01,149827.0,,,,,
,牛,EYCI月成交头数,2018-10-01,113311.0,,,,,
,牛,EYCI月成交头数,2018-11-01,193522.0,,,,,
,牛,EYCI月成交头数,2018-12-01,107418.0,,,,,
,牛,EYCI月成交头数,2019-01-01,135948.0,,,,,
,牛,EYCI月成交头数,2019-02-01,179780.0,,,,,
,牛,EYCI月成交头数,2019-03-01,137864.0,,,,,
,牛,EYCI月成交头数,2019-04-01,155806.0,,,,,
,牛,EYCI月成交头数,2019-05-01,173602.0,,,,,
,牛,EYCI月成交头数,2019-06-01,155987.0,,,,,
,牛,EYCI月成交头数,2019-07-01,206514.0,,,,,
,牛,EYCI月成交头数,2019-08-01,191356.0,,,,,
,牛,EYCI月成交头数,2019-09-01,186858.0,,,,,
,牛,EYCI月成交头数,2019-10-01,152702.0,,,,,
,牛,EYCI月成交头数,2019-11-01,168062.0,,,,,
,牛,EYCI月成交头数,2019-12-01,119906.0,,,,,
,牛,EYCI月成交头数,2020-01-01,103831.0,,,,,
,牛,EYCI月成交头数,2020-02-01,139129.0,,,,,
,牛,EYCI月成交头数,2020-03-01,159023.0,,,,,
,牛,EYCI月成交头数,2020-04-01,83074.0,,,,,
,牛,EYCI月成交头数,2020-05-01,125128.0,,,,,
,牛,EYCI月成交头数,2020-06-01,121427.0,,,,,
,牛,EYCI月成交头数,2020-07-01,131551.0,,,,,
,牛,EYCI月成交头数,2020-08-01,106384.0,,,,,
,牛,EYCI月成交头数,2020-09-01,141071.0,,,,,
,牛,EYCI月成交头数,2020-10-01,117573.0,,,,,
,牛,EYCI月成交头数,2020-11-01,159163.0,,,,,
,牛,EYCI月成交头数,2020-12-01,72533.0,,,,,
,牛,EYCI月成交头数,2021-01-01,49089.0,,,,,
,牛,EYCI月成交头数,2021-02-01,128907.0,,,,,
,牛,EYCI月成交头数,2021-03-01,128547.0,,,,,
,牛,EYCI月成交头数,2021-04-01,114449.0,,,,,
,牛,EYCI月成交头数,2021-05-01,131886.0,,,,,
,牛,EYCI月成交头数,2021-06-01,111355.0,,,,,
,牛,EYCI月成交头数,2021-07-01,144636.0,,,,,
,牛,EYCI月成交头数,2021-08-01,129775.0,,,,,
,牛,EYCI月成交头数,2021-09-01,123237.0,,,,,
,牛,EYCI月成交头数,2021-10-01,131805.0,,,,,
,牛,EYCI月成交头数,2021-11-01,152660.0,,,,,
,牛,EYCI月成交头数,2021-12-01,91410.0,,,,,
,牛,EYCI月成交头数,2022-01-01,84843.0,,,,,
,牛,EYCI月成交头数,2022-02-01,116597.0,,,,,
,牛,EYCI月成交头数,2022-03-01,140059.0,,,,,
,牛,EYCI月成交头数,2022-04-01,97517.0,,,,,
,牛,EYCI月成交头数,2022-05-01,111946.0,,,,,
,牛,EYCI月成交头数,2022-06-01,152196.0,,,,,
,牛,EYCI月成交头数,2022-07-01,134991.0,,,,,
,牛,EYCI月成交头数,2022-08-01,100554.0,,,,,
,牛,EYCI月成交头数,2022-09-01,100300.0,,,,,
,牛,EYCI月成交头数,2022-10-01,121486.0,,,,,
,牛,EYCI月成交头数,2022-11-01,179499.0,,,,,
,牛,EYCI月成交头数,2022-12-01,68373.0,,,,,
,牛,EYCI月成交头数,2023-01-01,75432.0,,,,,
,牛,EYCI月成交头数,2023-02-01,149518.0,,,,,
,牛,EYCI月成交头数,2023-03-01,148824.0,,,,,
,牛,EYCI月成交头数,2023-04-01,101215.0,,,,,
,牛,EYCI月成交头数,2023-05-01,196956.0,,,,,
,牛,EYCI月成交头数,2023-06-01,159585.0,,,,,
,牛,EYCI月成交头数,2023-07-01,142438.0,,,,,
,牛,EYCI月成交头数,2023-08-01,191768.0,,,,,
,牛,EYCI月成交头数,2023-09-01,147199.0,,,,,
,牛,EYCI月成交头数,2023-10-01,137534.0,,,,,
,牛,EYCI月成交头数,2023-11-01,131203.0,,,,,
,牛,EYCI月成交头数,2023-12-01,162335.0,,,,,
,牛,EYCI月成交头数,2024-01-01,106991.0,,,,,
,牛,EYCI月成交头数,2024-02-01,206850.0,,,,,
,牛,EYCI月成交头数,2024-03-01,171032.0,,,,,
,牛,EYCI月成交头数,2024-04-01,163318.0,,,,,
,牛,EYCI月成交头数,2024-05-01,212007.0,,,,,
,牛,EYCI月成交头数,2024-06-01,168233.0,,,,,
,牛,EYCI月成交头数,2024-07-01,186628.0,,,,,
,牛,EYCI月成交头数,2024-08-01,194870.0,,,,,
,牛,EYCI月成交头数,2024-09-01,208674.0,,,,,
,牛,EYCI月成交头数,2024-10-01,191278.0,,,,,
,牛,EYCI月成交头数,2024-11-01,207822.0,,,,,
,牛,EYCI月成交头数,2024-12-01,123131.0,,,,,
,牛,EYCI月成交头数,2025-01-01,169569.0,,,,,
,牛,EYCI月成交头数,2025-02-01,196688.0,,,,,
,牛,EYCI月成交头数,2025-03-01,206335.0,,,,,
,牛,EYCI月成交头数,2025-04-01,174682.0,,,,,
,牛,EYCI月成交头数,2025-05-01,225316.0,,,,,
,牛,EYCI月成交头数,2025-06-01,200349.0,,,,,
,牛,EYCI月成交头数,2025-07-01,223034.0,,,,,
,牛,EYCI月成交头数,2025-08-01,178303.0,,,,,
,牛,EYCI月成交头数,2025-09-01,241279.0,,,,,
,牛,EYCI月成交头数,2025-10-01,213753.0,,,,,
,牛,EYCI月成交头数,2025-11-01,267362.0,,,,,
,牛,EYCI月成交头数,2025-12-01,152902.0,,,,,
,牛,EYCI月成交头数,2026-01-01,161332.0,,,,,
,牛,EYCI月成交头数,2026-02-01,193849.0,,,,,
,牛,EYCI月成交头数,2026-03-01,227325.0,,,,,
,牛,EYCI月成交头数,2026-04-01,231468.0,,,,,
,牛,EYCI月成交头数,2026-05-01,179616.0,,,,,
,牛,EYCI月成交头数,2026-06-01,205194.0,,,,,
,牛,Feeder Steer月均(c/kg lwt),2003-06-01,161.9612040586387,,,,,
,牛,Feeder Steer月均(c/kg lwt),2003-07-01,167.69111799357194,,,,,
,牛,Feeder Steer月均(c/kg lwt),2003-08-01,176.9524926490023,,,,,
,牛,Feeder Steer月均(c/kg lwt),2003-09-01,180.8721210546026,,,,,
,牛,Feeder Steer月均(c/kg lwt),2003-10-01,180.75772344015533,,,,,
,牛,Feeder Steer月均(c/kg lwt),2003-11-01,173.67282981667785,,,,,
,牛,Feeder Steer月均(c/kg lwt),2003-12-01,169.03890132705004,,,,,
,牛,Feeder Steer月均(c/kg lwt),2004-01-01,169.97872877924857,,,,,
,牛,Feeder Steer月均(c/kg lwt),2004-02-01,171.0995527448358,,,,,
,牛,Feeder Steer月均(c/kg lwt),2004-03-01,169.10287458627766,,,,,
,牛,Feeder Steer月均(c/kg lwt),2004-04-01,166.57262531203358,,,,,
,牛,Feeder Steer月均(c/kg lwt),2004-05-01,164.6802796196139,,,,,
,牛,Feeder Steer月均(c/kg lwt),2004-06-01,174.6575292562321,,,,,
,牛,Feeder Steer月均(c/kg lwt),2004-07-01,185.2374951741186,,,,,
,牛,Feeder Steer月均(c/kg lwt),2004-08-01,193.82884779204448,,,,,
,牛,Feeder Steer月均(c/kg lwt),2004-09-01,200.43287301022232,,,,,
,牛,Feeder Steer月均(c/kg lwt),2004-10-01,195.30596159149536,,,,,
,牛,Feeder Steer月均(c/kg lwt),2004-11-01,194.2054587212735,,,,,
,牛,Feeder Steer月均(c/kg lwt),2004-12-01,192.93403974545743,,,,,
,牛,Feeder Steer月均(c/kg lwt),2005-01-01,191.1172626283976,,,,,
,牛,Feeder Steer月均(c/kg lwt),2005-02-01,190.63037617862992,,,,,
,牛,Feeder Steer月均(c/kg lwt),2005-03-01,188.12957967825224,,,,,
,牛,Feeder Steer月均(c/kg lwt),2005-04-01,180.93075522952023,,,,,
,牛,Feeder Steer月均(c/kg lwt),2005-05-01,177.83829063608266,,,,,
,牛,Feeder Steer月均(c/kg lwt),2005-06-01,177.85300739080148,,,,,
,牛,Feeder Steer月均(c/kg lwt),2005-07-01,208.75184217867587,,,,,
,牛,Feeder Steer月均(c/kg lwt),2005-08-01,220.45980962345067,,,,,
,牛,Feeder Steer月均(c/kg lwt),2005-09-01,213.6118091140097,,,,,
,牛,Feeder Steer月均(c/kg lwt),2005-10-01,207.33284585609223,,,,,
,牛,Feeder Steer月均(c/kg lwt),2005-11-01,193.46869024090185,,,,,
,牛,Feeder Steer月均(c/kg lwt),2005-12-01,189.91360799577623,,,,,
,牛,Feeder Steer月均(c/kg lwt),2006-01-01,182.8125736486245,,,,,
,牛,Feeder Steer月均(c/kg lwt),2006-02-01,182.9509720189604,,,,,
,牛,Feeder Steer月均(c/kg lwt),2006-03-01,187.9780849706808,,,,,
,牛,Feeder Steer月均(c/kg lwt),2006-04-01,186.4709959344919,,,,,
,牛,Feeder Steer月均(c/kg lwt),2006-05-01,185.11719468363907,,,,,
,牛,Feeder Steer月均(c/kg lwt),2006-06-01,180.82234181784284,,,,,
,牛,Feeder Steer月均(c/kg lwt),2006-07-01,190.7319140761612,,,,,
,牛,Feeder Steer月均(c/kg lwt),2006-08-01,198.2100759541892,,,,,
,牛,Feeder Steer月均(c/kg lwt),2006-09-01,186.7015147479798,,,,,
,牛,Feeder Steer月均(c/kg lwt),2006-10-01,161.00311428239405,,,,,
,牛,Feeder Steer月均(c/kg lwt),2006-11-01,162.1388785195771,,,,,
,牛,Feeder Steer月均(c/kg lwt),2006-12-01,151.72005906028963,,,,,
,牛,Feeder Steer月均(c/kg lwt),2007-01-01,159.04038762061006,,,,,
,牛,Feeder Steer月均(c/kg lwt),2007-02-01,167.2929977948474,,,,,
,牛,Feeder Steer月均(c/kg lwt),2007-03-01,176.13190201658884,,,,,
,牛,Feeder Steer月均(c/kg lwt),2007-04-01,168.73618496508334,,,,,
,牛,Feeder Steer月均(c/kg lwt),2007-05-01,170.2901898583882,,,,,
,牛,Feeder Steer月均(c/kg lwt),2007-06-01,171.24539234491778,,,,,
,牛,Feeder Steer月均(c/kg lwt),2007-07-01,177.75585162786524,,,,,
,牛,Feeder Steer月均(c/kg lwt),2007-08-01,175.00663364257352,,,,,
,牛,Feeder Steer月均(c/kg lwt),2007-09-01,165.46883921341887,,,,,
,牛,Feeder Steer月均(c/kg lwt),2007-10-01,147.0568846338726,,,,,
,牛,Feeder Steer月均(c/kg lwt),2007-11-01,154.49250507731213,,,,,
,牛,Feeder Steer月均(c/kg lwt),2007-12-01,162.2403612866503,,,,,
,牛,Feeder Steer月均(c/kg lwt),2008-01-01,169.4395813916745,,,,,
,牛,Feeder Steer月均(c/kg lwt),2008-02-01,177.49295987519648,,,,,
,牛,Feeder Steer月均(c/kg lwt),2008-03-01,168.4535809771824,,,,,
,牛,Feeder Steer月均(c/kg lwt),2008-04-01,165.3337661405102,,,,,
,牛,Feeder Steer月均(c/kg lwt),2008-05-01,161.1658808633805,,,,,
,牛,Feeder Steer月均(c/kg lwt),2008-06-01,167.07562321202064,,,,,
,牛,Feeder Steer月均(c/kg lwt),2008-07-01,174.08518276824168,,,,,
,牛,Feeder Steer月均(c/kg lwt),2008-08-01,178.23037747845655,,,,,
,牛,Feeder Steer月均(c/kg lwt),2008-09-01,185.35214488783708,,,,,
,牛,Feeder Steer月均(c/kg lwt),2008-10-01,185.95747693414472,,,,,
,牛,Feeder Steer月均(c/kg lwt),2008-11-01,171.18880119390005,,,,,
,牛,Feeder Steer月均(c/kg lwt),2008-12-01,173.42621570599778,,,,,
,牛,Feeder Steer月均(c/kg lwt),2009-01-01,171.68800178771588,,,,,
,牛,Feeder Steer月均(c/kg lwt),2009-02-01,158.15717852605806,,,,,
,牛,Feeder Steer月均(c/kg lwt),2009-03-01,162.86222175828146,,,,,
,牛,Feeder Steer月均(c/kg lwt),2009-04-01,164.3854492346519,,,,,
,牛,Feeder Steer月均(c/kg lwt),2009-05-01,162.8081942724395,,,,,
,牛,Feeder Steer月均(c/kg lwt),2009-06-01,170.15616492579858,,,,,
,牛,Feeder Steer月均(c/kg lwt),2009-07-01,175.83519554046453,,,,,
,牛,Feeder Steer月均(c/kg lwt),2009-08-01,175.4206327353381,,,,,
,牛,Feeder Steer月均(c/kg lwt),2009-09-01,170.55149915070416,,,,,
,牛,Feeder Steer月均(c/kg lwt),2009-10-01,164.344592647838,,,,,
,牛,Feeder Steer月均(c/kg lwt),2009-11-01,158.95719375810702,,,,,
,牛,Feeder Steer月均(c/kg lwt),2009-12-01,149.37677231454103,,,,,
,牛,Feeder Steer月均(c/kg lwt),2010-01-01,162.25618724205276,,,,,
,牛,Feeder Steer月均(c/kg lwt),2010-02-01,174.27056555300442,,,,,
,牛,Feeder Steer月均(c/kg lwt),2010-03-01,180.92315706421493,,,,,
,牛,Feeder Steer月均(c/kg lwt),2010-04-01,179.1783319376171,,,,,
,牛,Feeder Steer月均(c/kg lwt),2010-05-01,178.91591509101957,,,,,
,牛,Feeder Steer月均(c/kg lwt),2010-06-01,180.27053193116333,,,,,
,牛,Feeder Steer月均(c/kg lwt),2010-07-01,181.96600294081023,,,,,
,牛,Feeder Steer月均(c/kg lwt),2010-08-01,188.01396582097425,,,,,
,牛,Feeder Steer月均(c/kg lwt),2010-09-01,190.2166422138352,,,,,
,牛,Feeder Steer月均(c/kg lwt),2010-10-01,191.900189442549,,,,,
,牛,Feeder Steer月均(c/kg lwt),2010-11-01,189.38184300169064,,,,,
,牛,Feeder Steer月均(c/kg lwt),2010-12-01,199.43508490126112,,,,,
,牛,Feeder Steer月均(c/kg lwt),2011-01-01,205.9531694244684,,,,,
,牛,Feeder Steer月均(c/kg lwt),2011-02-01,200.60095333226985,,,,,
,牛,Feeder Steer月均(c/kg lwt),2011-03-01,208.66513315336064,,,,,
,牛,Feeder Steer月均(c/kg lwt),2011-04-01,210.1936806088348,,,,,
,牛,Feeder Steer月均(c/kg lwt),2011-05-01,195.5376182916784,,,,,
,牛,Feeder Steer月均(c/kg lwt),2011-06-01,191.9164260171488,,,,,
,牛,Feeder Steer月均(c/kg lwt),2011-07-01,188.6279379940245,,,,,
,牛,Feeder Steer月均(c/kg lwt),2011-08-01,191.632317543162,,,,,
,牛,Feeder Steer月均(c/kg lwt),2011-09-01,201.1804788423909,,,,,
,牛,Feeder Steer月均(c/kg lwt),2011-10-01,203.37182434208484,,,,,
,牛,Feeder Steer月均(c/kg lwt),2011-11-01,209.2173874163887,,,,,
,牛,Feeder Steer月均(c/kg lwt),2011-12-01,213.7144030166631,,,,,
,牛,Feeder Steer月均(c/kg lwt),2012-01-01,213.0044820514138,,,,,
,牛,Feeder Steer月均(c/kg lwt),2012-02-01,200.9249489218589,,,,,
,牛,Feeder Steer月均(c/kg lwt),2012-03-01,197.330332233534,,,,,
,牛,Feeder Steer月均(c/kg lwt),2012-04-01,193.6574047824301,,,,,
,牛,Feeder Steer月均(c/kg lwt),2012-05-01,189.1821819494268,,,,,
,牛,Feeder Steer月均(c/kg lwt),2012-06-01,192.3223467014515,,,,,
,牛,Feeder Steer月均(c/kg lwt),2012-07-01,198.474460654512,,,,,
,牛,Feeder Steer月均(c/kg lwt),2012-08-01,199.48745074838607,,,,,
,牛,Feeder Steer月均(c/kg lwt),2012-09-01,191.4860305325702,,,,,
,牛,Feeder Steer月均(c/kg lwt),2012-10-01,185.33123703288604,,,,,
,牛,Feeder Steer月均(c/kg lwt),2012-11-01,179.6349425307073,,,,,
,牛,Feeder Steer月均(c/kg lwt),2012-12-01,173.8183075281807,,,,,
,牛,Feeder Steer月均(c/kg lwt),2013-01-01,165.39389957324164,,,,,
,牛,Feeder Steer月均(c/kg lwt),2013-02-01,170.78295024348367,,,,,
,牛,Feeder Steer月均(c/kg lwt),2013-03-01,172.00162202096527,,,,,
,牛,Feeder Steer月均(c/kg lwt),2013-04-01,163.0795231999322,,,,,
,牛,Feeder Steer月均(c/kg lwt),2013-05-01,153.04091009903237,,,,,
,牛,Feeder Steer月均(c/kg lwt),2013-06-01,162.64407659793326,,,,,
,牛,Feeder Steer月均(c/kg lwt),2013-07-01,170.06561111437944,,,,,
,牛,Feeder Steer月均(c/kg lwt),2013-08-01,171.70100962313674,,,,,
,牛,Feeder Steer月均(c/kg lwt),2013-09-01,165.65585677834844,,,,,
,牛,Feeder Steer月均(c/kg lwt),2013-10-01,165.015342238933,,,,,
,牛,Feeder Steer月均(c/kg lwt),2013-11-01,167.0046571186058,,,,,
,牛,Feeder Steer月均(c/kg lwt),2013-12-01,176.2744493587851,,,,,
,牛,Feeder Steer月均(c/kg lwt),2014-01-01,162.292012518641,,,,,
,牛,Feeder Steer月均(c/kg lwt),2014-02-01,159.15581166018552,,,,,
,牛,Feeder Steer月均(c/kg lwt),2014-03-01,168.23732045482944,,,,,
,牛,Feeder Steer月均(c/kg lwt),2014-04-01,188.12883861764035,,,,,
,牛,Feeder Steer月均(c/kg lwt),2014-05-01,184.8651831203249,,,,,
,牛,Feeder Steer月均(c/kg lwt),2014-06-01,180.79839040730727,,,,,
,牛,Feeder Steer月均(c/kg lwt),2014-07-01,180.7845755178662,,,,,
,牛,Feeder Steer月均(c/kg lwt),2014-08-01,188.12416546709733,,,,,
,牛,Feeder Steer月均(c/kg lwt),2014-09-01,197.8661385431763,,,,,
,牛,Feeder Steer月均(c/kg lwt),2014-10-01,200.9243966123563,,,,,
,牛,Feeder Steer月均(c/kg lwt),2014-11-01,190.01888845392008,,,,,
,牛,Feeder Steer月均(c/kg lwt),2014-12-01,203.61895528651365,,,,,
,牛,Feeder Steer月均(c/kg lwt),2015-01-01,231.65280596827463,,,,,
,牛,Feeder Steer月均(c/kg lwt),2015-02-01,244.6587636002564,,,,,
,牛,Feeder Steer月均(c/kg lwt),2015-03-01,234.06792728284069,,,,,
,牛,Feeder Steer月均(c/kg lwt),2015-04-01,236.05106951195617,,,,,
,牛,Feeder Steer月均(c/kg lwt),2015-05-01,257.2600500154198,,,,,
,牛,Feeder Steer月均(c/kg lwt),2015-06-01,265.22038365731555,,,,,
,牛,Feeder Steer月均(c/kg lwt),2015-07-01,288.9885970828732,,,,,
,牛,Feeder Steer月均(c/kg lwt),2015-08-01,296.6148611025515,,,,,
,牛,Feeder Steer月均(c/kg lwt),2015-09-01,312.52287187030726,,,,,
,牛,Feeder Steer月均(c/kg lwt),2015-10-01,303.1668771827466,,,,,
,牛,Feeder Steer月均(c/kg lwt),2015-11-01,311.2602144585019,,,,,
,牛,Feeder Steer月均(c/kg lwt),2015-12-01,315.6192966810105,,,,,
,牛,Feeder Steer月均(c/kg lwt),2016-01-01,311.0120887953849,,,,,
,牛,Feeder Steer月均(c/kg lwt),2016-02-01,315.5693094438439,,,,,
,牛,Feeder Steer月均(c/kg lwt),2016-03-01,314.49914642514534,,,,,
,牛,Feeder Steer月均(c/kg lwt),2016-04-01,300.228087821849,,,,,
,牛,Feeder Steer月均(c/kg lwt),2016-05-01,299.30323345510703,,,,,
,牛,Feeder Steer月均(c/kg lwt),2016-06-01,325.3821629742415,,,,,
,牛,Feeder Steer月均(c/kg lwt),2016-07-01,352.3173656737364,,,,,
,牛,Feeder Steer月均(c/kg lwt),2016-08-01,368.1805429691737,,,,,
,牛,Feeder Steer月均(c/kg lwt),2016-09-01,362.1278299753776,,,,,
,牛,Feeder Steer月均(c/kg lwt),2016-10-01,357.56539261670906,,,,,
,牛,Feeder Steer月均(c/kg lwt),2016-11-01,337.1933814151513,,,,,
,牛,Feeder Steer月均(c/kg lwt),2016-12-01,332.7067180389409,,,,,
,牛,Feeder Steer月均(c/kg lwt),2017-01-01,333.9304490291874,,,,,
,牛,Feeder Steer月均(c/kg lwt),2017-02-01,334.58103509755824,,,,,
,牛,Feeder Steer月均(c/kg lwt),2017-03-01,315.66344559696205,,,,,
,牛,Feeder Steer月均(c/kg lwt),2017-04-01,339.5722775690579,,,,,
,牛,Feeder Steer月均(c/kg lwt),2017-05-01,334.73701906817735,,,,,
,牛,Feeder Steer月均(c/kg lwt),2017-06-01,333.96770110351287,,,,,
,牛,Feeder Steer月均(c/kg lwt),2017-07-01,321.6381518978081,,,,,
,牛,Feeder Steer月均(c/kg lwt),2017-08-01,298.13543187571923,,,,,
,牛,Feeder Steer月均(c/kg lwt),2017-09-01,287.25068912259974,,,,,
,牛,Feeder Steer月均(c/kg lwt),2017-10-01,281.9581762091851,,,,,
,牛,Feeder Steer月均(c/kg lwt),2017-11-01,302.96703913180414,,,,,
,牛,Feeder Steer月均(c/kg lwt),2017-12-01,293.85604486453184,,,,,
,牛,Feeder Steer月均(c/kg lwt),2018-01-01,291.4242946308931,,,,,
,牛,Feeder Steer月均(c/kg lwt),2018-02-01,279.242301011253,,,,,
,牛,Feeder Steer月均(c/kg lwt),2018-03-01,288.5186275280917,,,,,
,牛,Feeder Steer月均(c/kg lwt),2018-04-01,280.8822406786222,,,,,
,牛,Feeder Steer月均(c/kg lwt),2018-05-01,268.51907956793303,,,,,
,牛,Feeder Steer月均(c/kg lwt),2018-06-01,265.81604871546614,,,,,
,牛,Feeder Steer月均(c/kg lwt),2018-07-01,282.17216478632474,,,,,
,牛,Feeder Steer月均(c/kg lwt),2018-08-01,260.27476692097014,,,,,
,牛,Feeder Steer月均(c/kg lwt),2018-09-01,272.27169564803114,,,,,
,牛,Feeder Steer月均(c/kg lwt),2018-10-01,278.1720962657753,,,,,
,牛,Feeder Steer月均(c/kg lwt),2018-11-01,292.61891322229087,,,,,
,牛,Feeder Steer月均(c/kg lwt),2018-12-01,286.9361766564498,,,,,
,牛,Feeder Steer月均(c/kg lwt),2019-01-01,268.48087154788334,,,,,
,牛,Feeder Steer月均(c/kg lwt),2019-02-01,261.050432456821,,,,,
,牛,Feeder Steer月均(c/kg lwt),2019-03-01,245.86376585786047,,,,,
,牛,Feeder Steer月均(c/kg lwt),2019-04-01,271.51113878876083,,,,,
,牛,Feeder Steer月均(c/kg lwt),2019-05-01,276.8138336684266,,,,,
,牛,Feeder Steer月均(c/kg lwt),2019-06-01,276.58198822684926,,,,,
,牛,Feeder Steer月均(c/kg lwt),2019-07-01,292.07316440398256,,,,,
,牛,Feeder Steer月均(c/kg lwt),2019-08-01,297.6879919506662,,,,,
,牛,Feeder Steer月均(c/kg lwt),2019-09-01,276.6124054104045,,,,,
,牛,Feeder Steer月均(c/kg lwt),2019-10-01,281.3911510729097,,,,,
,牛,Feeder Steer月均(c/kg lwt),2019-11-01,289.3292779222253,,,,,
,牛,Feeder Steer月均(c/kg lwt),2019-12-01,277.43652429663445,,,,,
,牛,Feeder Steer月均(c/kg lwt),2020-01-01,280.3667338916387,,,,,
,牛,Feeder Steer月均(c/kg lwt),2020-02-01,339.7070993710173,,,,,
,牛,Feeder Steer月均(c/kg lwt),2020-03-01,379.8044234748367,,,,,
,牛,Feeder Steer月均(c/kg lwt),2020-04-01,342.69860759694456,,,,,
,牛,Feeder Steer月均(c/kg lwt),2020-05-01,356.47238118978464,,,,,
,牛,Feeder Steer月均(c/kg lwt),2020-06-01,379.955899813731,,,,,
,牛,Feeder Steer月均(c/kg lwt),2020-07-01,382.62662175937857,,,,,
,牛,Feeder Steer月均(c/kg lwt),2020-08-01,379.2926832971235,,,,,
,牛,Feeder Steer月均(c/kg lwt),2020-09-01,385.9545202497914,,,,,
,牛,Feeder Steer月均(c/kg lwt),2020-10-01,399.41171088814457,,,,,
,牛,Feeder Steer月均(c/kg lwt),2020-11-01,416.5373848526695,,,,,
,牛,Feeder Steer月均(c/kg lwt),2020-12-01,402.3230913134296,,,,,
,牛,Feeder Steer月均(c/kg lwt),2021-01-01,423.5628398839341,,,,,
,牛,Feeder Steer月均(c/kg lwt),2021-02-01,441.31120945493694,,,,,
,牛,Feeder Steer月均(c/kg lwt),2021-03-01,425.8423649288038,,,,,
,牛,Feeder Steer月均(c/kg lwt),2021-04-01,440.6848141804793,,,,,
,牛,Feeder Steer月均(c/kg lwt),2021-05-01,433.5566932251959,,,,,
,牛,Feeder Steer月均(c/kg lwt),2021-06-01,445.5752224459845,,,,,
,牛,Feeder Steer月均(c/kg lwt),2021-07-01,470.72970193421577,,,,,
,牛,Feeder Steer月均(c/kg lwt),2021-08-01,492.3052662782338,,,,,
,牛,Feeder Steer月均(c/kg lwt),2021-09-01,510.37376629595417,,,,,
,牛,Feeder Steer月均(c/kg lwt),2021-10-01,521.2568842497035,,,,,
,牛,Feeder Steer月均(c/kg lwt),2021-11-01,541.7146302987686,,,,,
,牛,Feeder Steer月均(c/kg lwt),2021-12-01,568.2395075613115,,,,,
,牛,Feeder Steer月均(c/kg lwt),2022-01-01,543.295936766076,,,,,
,牛,Feeder Steer月均(c/kg lwt),2022-02-01,564.4534955342114,,,,,
,牛,Feeder Steer月均(c/kg lwt),2022-03-01,553.6347609796297,,,,,
,牛,Feeder Steer月均(c/kg lwt),2022-04-01,536.4144588044003,,,,,
,牛,Feeder Steer月均(c/kg lwt),2022-05-01,541.9277733848284,,,,,
,牛,Feeder Steer月均(c/kg lwt),2022-06-01,545.48548361946,,,,,
,牛,Feeder Steer月均(c/kg lwt),2022-07-01,487.583422223399,,,,,
,牛,Feeder Steer月均(c/kg lwt),2022-08-01,471.3496734256307,,,,,
,牛,Feeder Steer月均(c/kg lwt),2022-09-01,510.8746428371784,,,,,
,牛,Feeder Steer月均(c/kg lwt),2022-10-01,514.4629899412009,,,,,
,牛,Feeder Steer月均(c/kg lwt),2022-11-01,491.4898567563932,,,,,
,牛,Feeder Steer月均(c/kg lwt),2022-12-01,446.0007759208698,,,,,
,牛,Feeder Steer月均(c/kg lwt),2023-01-01,405.0059832503248,,,,,
,牛,Feeder Steer月均(c/kg lwt),2023-02-01,389.8506959246433,,,,,
,牛,Feeder Steer月均(c/kg lwt),2023-03-01,362.6652705481586,,,,,
,牛,Feeder Steer月均(c/kg lwt),2023-04-01,355.99816395833534,,,,,
,牛,Feeder Steer月均(c/kg lwt),2023-05-01,340.22394865790943,,,,,
,牛,Feeder Steer月均(c/kg lwt),2023-06-01,312.0297026245893,,,,,
,牛,Feeder Steer月均(c/kg lwt),2023-07-01,316.1283735265361,,,,,
,牛,Feeder Steer月均(c/kg lwt),2023-08-01,312.23082424652483,,,,,
,牛,Feeder Steer月均(c/kg lwt),2023-09-01,262.0230628787234,,,,,
,牛,Feeder Steer月均(c/kg lwt),2023-10-01,215.84184333699827,,,,,
,牛,Feeder Steer月均(c/kg lwt),2023-11-01,223.61046522515807,,,,,
,牛,Feeder Steer月均(c/kg lwt),2023-12-01,284.7615481951662,,,,,
,牛,Feeder Steer月均(c/kg lwt),2024-01-01,297.91291417658425,,,,,
,牛,Feeder Steer月均(c/kg lwt),2024-02-01,344.0261281345207,,,,,
,牛,Feeder Steer月均(c/kg lwt),2024-03-01,321.31181866546706,,,,,
,牛,Feeder Steer月均(c/kg lwt),2024-04-01,321.99891740559974,,,,,
,牛,Feeder Steer月均(c/kg lwt),2024-05-01,320.6397076284548,,,,,
,牛,Feeder Steer月均(c/kg lwt),2024-06-01,324.7753103834372,,,,,
,牛,Feeder Steer月均(c/kg lwt),2024-07-01,337.9962170054347,,,,,
,牛,Feeder Steer月均(c/kg lwt),2024-08-01,362.7977529921602,,,,,
,牛,Feeder Steer月均(c/kg lwt),2024-09-01,364.8917096874308,,,,,
,牛,Feeder Steer月均(c/kg lwt),2024-10-01,346.2026242634155,,,,,
,牛,Feeder Steer月均(c/kg lwt),2024-11-01,341.3919065961178,,,,,
,牛,Feeder Steer月均(c/kg lwt),2024-12-01,354.9060702453731,,,,,
,牛,Feeder Steer月均(c/kg lwt),2025-01-01,376.3677695780208,,,,,
,牛,Feeder Steer月均(c/kg lwt),2025-02-01,354.5358657289621,,,,,
,牛,Feeder Steer月均(c/kg lwt),2025-03-01,358.55312239856664,,,,,
,牛,Feeder Steer月均(c/kg lwt),2025-04-01,381.97358038808153,,,,,
,牛,Feeder Steer月均(c/kg lwt),2025-05-01,375.2699473348684,,,,,
,牛,Feeder Steer月均(c/kg lwt),2025-06-01,385.3391405875085,,,,,
,牛,Feeder Steer月均(c/kg lwt),2025-07-01,411.5954819748501,,,,,
,牛,Feeder Steer月均(c/kg lwt),2025-08-01,451.2496696820352,,,,,
,牛,Feeder Steer月均(c/kg lwt),2025-09-01,476.34642790198086,,,,,
,牛,Feeder Steer月均(c/kg lwt),2025-10-01,463.67288733098246,,,,,
,牛,Feeder Steer月均(c/kg lwt),2025-11-01,474.1798441162053,,,,,
,牛,Feeder Steer月均(c/kg lwt),2025-12-01,470.5495177442467,,,,,
,牛,Feeder Steer月均(c/kg lwt),2026-01-01,464.9522316724288,,,,,
,牛,Feeder Steer月均(c/kg lwt),2026-02-01,466.8848396382126,,,,,
,牛,Feeder Steer月均(c/kg lwt),2026-03-01,479.9620894807648,,,,,
,牛,Feeder Steer月均(c/kg lwt),2026-04-01,457.6687669502074,,,,,
,牛,Feeder Steer月均(c/kg lwt),2026-05-01,464.5343469480663,,,,,
,牛,Feeder Steer月均(c/kg lwt),2026-06-01,516.4501402109795,,,,,
,牛,Heavy Steer月均(c/kg lwt),2000-01-01,124.40543945318836,,,,,
,牛,Heavy Steer月均(c/kg lwt),2000-02-01,123.14811483869248,,,,,
,牛,Heavy Steer月均(c/kg lwt),2000-03-01,127.10988361336186,,,,,
,牛,Heavy Steer月均(c/kg lwt),2000-04-01,131.61426648078424,,,,,
,牛,Heavy Steer月均(c/kg lwt),2000-05-01,136.73267577190302,,,,,
,牛,Heavy Steer月均(c/kg lwt),2000-06-01,131.95706028000254,,,,,
,牛,Heavy Steer月均(c/kg lwt),2000-07-01,134.0021875914032,,,,,
,牛,Heavy Steer月均(c/kg lwt),2000-08-01,138.64014045392082,,,,,
,牛,Heavy Steer月均(c/kg lwt),2000-09-01,138.86252427574937,,,,,
,牛,Heavy Steer月均(c/kg lwt),2000-10-01,135.60131583017147,,,,,
,牛,Heavy Steer月均(c/kg lwt),2000-11-01,152.17189757449594,,,,,
,牛,Heavy Steer月均(c/kg lwt),2000-12-01,150.8138810474347,,,,,
,牛,Heavy Steer月均(c/kg lwt),2001-01-01,144.97570683829642,,,,,
,牛,Heavy Steer月均(c/kg lwt),2001-02-01,148.56724098609573,,,,,
,牛,Heavy Steer月均(c/kg lwt),2001-03-01,158.64916839700638,,,,,
,牛,Heavy Steer月均(c/kg lwt),2001-04-01,168.54539398474043,,,,,
,牛,Heavy Steer月均(c/kg lwt),2001-05-01,170.28210920104823,,,,,
,牛,Heavy Steer月均(c/kg lwt),2001-06-01,164.9859468760297,,,,,
,牛,Heavy Steer月均(c/kg lwt),2001-07-01,171.70610966284974,,,,,
,牛,Heavy Steer月均(c/kg lwt),2001-08-01,187.08903453871343,,,,,
,牛,Heavy Steer月均(c/kg lwt),2001-09-01,202.2498911547624,,,,,
,牛,Heavy Steer月均(c/kg lwt),2001-10-01,179.80587867746735,,,,,
,牛,Heavy Steer月均(c/kg lwt),2001-11-01,188.37703134688152,,,,,
,牛,Heavy Steer月均(c/kg lwt),2001-12-01,176.39451099301755,,,,,
,牛,Heavy Steer月均(c/kg lwt),2002-01-01,164.97217935628373,,,,,
,牛,Heavy Steer月均(c/kg lwt),2002-02-01,162.37540460326468,,,,,
,牛,Heavy Steer月均(c/kg lwt),2002-03-01,167.78749694518493,,,,,
,牛,Heavy Steer月均(c/kg lwt),2002-04-01,156.78425052780383,,,,,
,牛,Heavy Steer月均(c/kg lwt),2002-05-01,143.05802711196804,,,,,
,牛,Heavy Steer月均(c/kg lwt),2002-06-01,131.59027390405006,,,,,
,牛,Heavy Steer月均(c/kg lwt),2002-07-01,131.9989501775491,,,,,
,牛,Heavy Steer月均(c/kg lwt),2002-08-01,135.6478182626903,,,,,
,牛,Heavy Steer月均(c/kg lwt),2002-09-01,147.11617993580498,,,,,
,牛,Heavy Steer月均(c/kg lwt),2002-10-01,144.6238301760669,,,,,
,牛,Heavy Steer月均(c/kg lwt),2002-11-01,138.57830309907993,,,,,
,牛,Heavy Steer月均(c/kg lwt),2002-12-01,139.71043932395335,,,,,
,牛,Heavy Steer月均(c/kg lwt),2003-01-01,144.2679636638106,,,,,
,牛,Heavy Steer月均(c/kg lwt),2003-02-01,145.234419268279,,,,,
,牛,Heavy Steer月均(c/kg lwt),2003-03-01,171.3770470214237,,,,,
,牛,Heavy Steer月均(c/kg lwt),2003-04-01,168.87786551876863,,,,,
,牛,Heavy Steer月均(c/kg lwt),2003-05-01,157.40340722550343,,,,,
,牛,Heavy Steer月均(c/kg lwt),2003-06-01,152.98559661080816,,,,,
,牛,Heavy Steer月均(c/kg lwt),2003-07-01,156.88301929610253,,,,,
,牛,Heavy Steer月均(c/kg lwt),2003-08-01,163.2369730428057,,,,,
,牛,Heavy Steer月均(c/kg lwt),2003-09-01,167.92811156686068,,,,,
,牛,Heavy Steer月均(c/kg lwt),2003-10-01,173.5215825010402,,,,,
,牛,Heavy Steer月均(c/kg lwt),2003-11-01,169.58658366660896,,,,,
,牛,Heavy Steer月均(c/kg lwt),2003-12-01,156.1074484539953,,,,,
,牛,Heavy Steer月均(c/kg lwt),2004-01-01,159.61573803270227,,,,,
,牛,Heavy Steer月均(c/kg lwt),2004-02-01,163.02020473288545,,,,,
,牛,Heavy Steer月均(c/kg lwt),2004-03-01,157.204924982293,,,,,
,牛,Heavy Steer月均(c/kg lwt),2004-04-01,155.05152281368646,,,,,
,牛,Heavy Steer月均(c/kg lwt),2004-05-01,157.09606482422396,,,,,
,牛,Heavy Steer月均(c/kg lwt),2004-06-01,166.71945615189975,,,,,
,牛,Heavy Steer月均(c/kg lwt),2004-07-01,171.95259392067203,,,,,
,牛,Heavy Steer月均(c/kg lwt),2004-08-01,180.70946430241165,,,,,
,牛,Heavy Steer月均(c/kg lwt),2004-09-01,188.59493942809007,,,,,
,牛,Heavy Steer月均(c/kg lwt),2004-10-01,184.65681780183468,,,,,
,牛,Heavy Steer月均(c/kg lwt),2004-11-01,184.9305525454496,,,,,
,牛,Heavy Steer月均(c/kg lwt),2004-12-01,174.45571354169843,,,,,
,牛,Heavy Steer月均(c/kg lwt),2005-01-01,173.08511366302565,,,,,
,牛,Heavy Steer月均(c/kg lwt),2005-02-01,173.60083913891222,,,,,
,牛,Heavy Steer月均(c/kg lwt),2005-03-01,172.2160795232361,,,,,
,牛,Heavy Steer月均(c/kg lwt),2005-04-01,166.42100383892102,,,,,
,牛,Heavy Steer月均(c/kg lwt),2005-05-01,165.5134317621575,,,,,
,牛,Heavy Steer月均(c/kg lwt),2005-06-01,161.77859184570602,,,,,
,牛,Heavy Steer月均(c/kg lwt),2005-07-01,183.1930919269496,,,,,
,牛,Heavy Steer月均(c/kg lwt),2005-08-01,188.71718967555728,,,,,
,牛,Heavy Steer月均(c/kg lwt),2005-09-01,184.8373577476059,,,,,
,牛,Heavy Steer月均(c/kg lwt),2005-10-01,180.9890741280253,,,,,
,牛,Heavy Steer月均(c/kg lwt),2005-11-01,177.81574571131222,,,,,
,牛,Heavy Steer月均(c/kg lwt),2005-12-01,171.33368528454506,,,,,
,牛,Heavy Steer月均(c/kg lwt),2006-01-01,165.12062644835893,,,,,
,牛,Heavy Steer月均(c/kg lwt),2006-02-01,172.9669514316003,,,,,
,牛,Heavy Steer月均(c/kg lwt),2006-03-01,176.81199507918103,,,,,
,牛,Heavy Steer月均(c/kg lwt),2006-04-01,176.1164184736635,,,,,
,牛,Heavy Steer月均(c/kg lwt),2006-05-01,176.88908473304753,,,,,
,牛,Heavy Steer月均(c/kg lwt),2006-06-01,175.0309086298809,,,,,
,牛,Heavy Steer月均(c/kg lwt),2006-07-01,177.89743496750407,,,,,
,牛,Heavy Steer月均(c/kg lwt),2006-08-01,182.5142565346694,,,,,
,牛,Heavy Steer月均(c/kg lwt),2006-09-01,178.40137394854486,,,,,
,牛,Heavy Steer月均(c/kg lwt),2006-10-01,162.56717287501849,,,,,
,牛,Heavy Steer月均(c/kg lwt),2006-11-01,165.28586163408795,,,,,
,牛,Heavy Steer月均(c/kg lwt),2006-12-01,145.36720835877873,,,,,
,牛,Heavy Steer月均(c/kg lwt),2007-01-01,151.74357902807213,,,,,
,牛,Heavy Steer月均(c/kg lwt),2007-02-01,162.45409828590263,,,,,
,牛,Heavy Steer月均(c/kg lwt),2007-03-01,168.54318452691825,,,,,
,牛,Heavy Steer月均(c/kg lwt),2007-04-01,162.21633723215564,,,,,
,牛,Heavy Steer月均(c/kg lwt),2007-05-01,162.98468939997255,,,,,
,牛,Heavy Steer月均(c/kg lwt),2007-06-01,166.88319471911203,,,,,
,牛,Heavy Steer月均(c/kg lwt),2007-07-01,172.61006125044923,,,,,
,牛,Heavy Steer月均(c/kg lwt),2007-08-01,169.98165744619664,,,,,
,牛,Heavy Steer月均(c/kg lwt),2007-09-01,167.55257301081616,,,,,
,牛,Heavy Steer月均(c/kg lwt),2007-10-01,154.4291031012257,,,,,
,牛,Heavy Steer月均(c/kg lwt),2007-11-01,155.25408583390126,,,,,
,牛,Heavy Steer月均(c/kg lwt),2007-12-01,153.37951369591275,,,,,
,牛,Heavy Steer月均(c/kg lwt),2008-01-01,153.49414668823297,,,,,
,牛,Heavy Steer月均(c/kg lwt),2008-02-01,162.96526366639443,,,,,
,牛,Heavy Steer月均(c/kg lwt),2008-03-01,158.42821850238477,,,,,
,牛,Heavy Steer月均(c/kg lwt),2008-04-01,159.4956372955159,,,,,
,牛,Heavy Steer月均(c/kg lwt),2008-05-01,158.21155508996884,,,,,
,牛,Heavy Steer月均(c/kg lwt),2008-06-01,168.31733130930476,,,,,
,牛,Heavy Steer月均(c/kg lwt),2008-07-01,172.75014507073865,,,,,
,牛,Heavy Steer月均(c/kg lwt),2008-08-01,180.318629798714,,,,,
,牛,Heavy Steer月均(c/kg lwt),2008-09-01,189.3984404657532,,,,,
,牛,Heavy Steer月均(c/kg lwt),2008-10-01,186.87792959173072,,,,,
,牛,Heavy Steer月均(c/kg lwt),2008-11-01,168.12174164667155,,,,,
,牛,Heavy Steer月均(c/kg lwt),2008-12-01,166.80527740515902,,,,,
,牛,Heavy Steer月均(c/kg lwt),2009-01-01,163.74413834748955,,,,,
,牛,Heavy Steer月均(c/kg lwt),2009-02-01,153.65417261737596,,,,,
,牛,Heavy Steer月均(c/kg lwt),2009-03-01,159.20046361545133,,,,,
,牛,Heavy Steer月均(c/kg lwt),2009-04-01,155.557317683834,,,,,
,牛,Heavy Steer月均(c/kg lwt),2009-05-01,157.6718601529341,,,,,
,牛,Heavy Steer月均(c/kg lwt),2009-06-01,162.96975212514502,,,,,
,牛,Heavy Steer月均(c/kg lwt),2009-07-01,170.98421638799698,,,,,
,牛,Heavy Steer月均(c/kg lwt),2009-08-01,169.4627778904081,,,,,
,牛,Heavy Steer月均(c/kg lwt),2009-09-01,167.13835822603428,,,,,
,牛,Heavy Steer月均(c/kg lwt),2009-10-01,160.42390879495505,,,,,
,牛,Heavy Steer月均(c/kg lwt),2009-11-01,153.6279265164112,,,,,
,牛,Heavy Steer月均(c/kg lwt),2009-12-01,146.7150657441718,,,,,
,牛,Heavy Steer月均(c/kg lwt),2010-01-01,151.78286962501494,,,,,
,牛,Heavy Steer月均(c/kg lwt),2010-02-01,162.64026566359465,,,,,
,牛,Heavy Steer月均(c/kg lwt),2010-03-01,174.03874834162607,,,,,
,牛,Heavy Steer月均(c/kg lwt),2010-04-01,171.06364070395557,,,,,
,牛,Heavy Steer月均(c/kg lwt),2010-05-01,171.74019475078987,,,,,
,牛,Heavy Steer月均(c/kg lwt),2010-06-01,174.27802699223977,,,,,
,牛,Heavy Steer月均(c/kg lwt),2010-07-01,172.3478163865687,,,,,
,牛,Heavy Steer月均(c/kg lwt),2010-08-01,176.26517593083793,,,,,
,牛,Heavy Steer月均(c/kg lwt),2010-09-01,181.22533774971976,,,,,
,牛,Heavy Steer月均(c/kg lwt),2010-10-01,178.1252228903005,,,,,
,牛,Heavy Steer月均(c/kg lwt),2010-11-01,176.0116628168128,,,,,
,牛,Heavy Steer月均(c/kg lwt),2010-12-01,179.725359315979,,,,,
,牛,Heavy Steer月均(c/kg lwt),2011-01-01,188.02300409711592,,,,,
,牛,Heavy Steer月均(c/kg lwt),2011-02-01,190.8304011251484,,,,,
,牛,Heavy Steer月均(c/kg lwt),2011-03-01,200.50321372673253,,,,,
,牛,Heavy Steer月均(c/kg lwt),2011-04-01,198.3705951247979,,,,,
,牛,Heavy Steer月均(c/kg lwt),2011-05-01,178.41707578171594,,,,,
,牛,Heavy Steer月均(c/kg lwt),2011-06-01,175.08775888820242,,,,,
,牛,Heavy Steer月均(c/kg lwt),2011-07-01,169.61891498848345,,,,,
,牛,Heavy Steer月均(c/kg lwt),2011-08-01,174.83680936248987,,,,,
,牛,Heavy Steer月均(c/kg lwt),2011-09-01,185.4614885827355,,,,,
,牛,Heavy Steer月均(c/kg lwt),2011-10-01,190.0309449082933,,,,,
,牛,Heavy Steer月均(c/kg lwt),2011-11-01,186.85490590469308,,,,,
,牛,Heavy Steer月均(c/kg lwt),2011-12-01,189.17274414195165,,,,,
,牛,Heavy Steer月均(c/kg lwt),2012-01-01,184.05603905720096,,,,,
,牛,Heavy Steer月均(c/kg lwt),2012-02-01,178.5136171850581,,,,,
,牛,Heavy Steer月均(c/kg lwt),2012-03-01,184.04948006493808,,,,,
,牛,Heavy Steer月均(c/kg lwt),2012-04-01,179.19626661424996,,,,,
,牛,Heavy Steer月均(c/kg lwt),2012-05-01,176.50659354441396,,,,,
,牛,Heavy Steer月均(c/kg lwt),2012-06-01,177.57735981397204,,,,,
,牛,Heavy Steer月均(c/kg lwt),2012-07-01,183.5422975603031,,,,,
,牛,Heavy Steer月均(c/kg lwt),2012-08-01,181.3188144709649,,,,,
,牛,Heavy Steer月均(c/kg lwt),2012-09-01,181.82835759578904,,,,,
,牛,Heavy Steer月均(c/kg lwt),2012-10-01,180.84117256955363,,,,,
,牛,Heavy Steer月均(c/kg lwt),2012-11-01,174.38921230538534,,,,,
,牛,Heavy Steer月均(c/kg lwt),2012-12-01,167.5726945090109,,,,,
,牛,Heavy Steer月均(c/kg lwt),2013-01-01,161.47659075837112,,,,,
,牛,Heavy Steer月均(c/kg lwt),2013-02-01,166.35555998348667,,,,,
,牛,Heavy Steer月均(c/kg lwt),2013-03-01,168.11998280143715,,,,,
,牛,Heavy Steer月均(c/kg lwt),2013-04-01,166.33123392714384,,,,,
,牛,Heavy Steer月均(c/kg lwt),2013-05-01,162.71126966865722,,,,,
,牛,Heavy Steer月均(c/kg lwt),2013-06-01,166.8696065555523,,,,,
,牛,Heavy Steer月均(c/kg lwt),2013-07-01,174.02337291084962,,,,,
,牛,Heavy Steer月均(c/kg lwt),2013-08-01,175.64367296355283,,,,,
,牛,Heavy Steer月均(c/kg lwt),2013-09-01,180.8229949834752,,,,,
,牛,Heavy Steer月均(c/kg lwt),2013-10-01,179.85856659313848,,,,,
,牛,Heavy Steer月均(c/kg lwt),2013-11-01,172.37618366881557,,,,,
,牛,Heavy Steer月均(c/kg lwt),2013-12-01,168.94723731840392,,,,,
,牛,Heavy Steer月均(c/kg lwt),2014-01-01,158.08941229464244,,,,,
,牛,Heavy Steer月均(c/kg lwt),2014-02-01,161.79454127611194,,,,,
,牛,Heavy Steer月均(c/kg lwt),2014-03-01,172.16112273563414,,,,,
,牛,Heavy Steer月均(c/kg lwt),2014-04-01,193.50804030945136,,,,,
,牛,Heavy Steer月均(c/kg lwt),2014-05-01,188.19405691450845,,,,,
,牛,Heavy Steer月均(c/kg lwt),2014-06-01,186.97147749613072,,,,,
,牛,Heavy Steer月均(c/kg lwt),2014-07-01,188.97396775258989,,,,,
,牛,Heavy Steer月均(c/kg lwt),2014-08-01,190.58752325770084,,,,,
,牛,Heavy Steer月均(c/kg lwt),2014-09-01,197.69899215354155,,,,,
,牛,Heavy Steer月均(c/kg lwt),2014-10-01,195.82160115013605,,,,,
,牛,Heavy Steer月均(c/kg lwt),2014-11-01,179.5442100259604,,,,,
,牛,Heavy Steer月均(c/kg lwt),2014-12-01,182.6908689877121,,,,,
,牛,Heavy Steer月均(c/kg lwt),2015-01-01,215.62893633561248,,,,,
,牛,Heavy Steer月均(c/kg lwt),2015-02-01,224.3685369216984,,,,,
,牛,Heavy Steer月均(c/kg lwt),2015-03-01,219.4269523280348,,,,,
,牛,Heavy Steer月均(c/kg lwt),2015-04-01,232.0502240208868,,,,,
,牛,Heavy Steer月均(c/kg lwt),2015-05-01,259.05865469755145,,,,,
,牛,Heavy Steer月均(c/kg lwt),2015-06-01,266.6062747830281,,,,,
,牛,Heavy Steer月均(c/kg lwt),2015-07-01,286.549005972298,,,,,
,牛,Heavy Steer月均(c/kg lwt),2015-08-01,304.93497960489333,,,,,
,牛,Heavy Steer月均(c/kg lwt),2015-09-01,308.50276415410286,,,,,
,牛,Heavy Steer月均(c/kg lwt),2015-10-01,290.5397502659181,,,,,
,牛,Heavy Steer月均(c/kg lwt),2015-11-01,288.3043066220859,,,,,
,牛,Heavy Steer月均(c/kg lwt),2015-12-01,277.6316461871256,,,,,
,牛,Heavy Steer月均(c/kg lwt),2016-01-01,270.0236544073791,,,,,
,牛,Heavy Steer月均(c/kg lwt),2016-02-01,284.6677664875202,,,,,
,牛,Heavy Steer月均(c/kg lwt),2016-03-01,285.24349377909607,,,,,
,牛,Heavy Steer月均(c/kg lwt),2016-04-01,281.0942336743685,,,,,
,牛,Heavy Steer月均(c/kg lwt),2016-05-01,285.1002342843016,,,,,
,牛,Heavy Steer月均(c/kg lwt),2016-06-01,306.55465489979844,,,,,
,牛,Heavy Steer月均(c/kg lwt),2016-07-01,333.9264161572996,,,,,
,牛,Heavy Steer月均(c/kg lwt),2016-08-01,335.40240330908864,,,,,
,牛,Heavy Steer月均(c/kg lwt),2016-09-01,338.6585664832278,,,,,
,牛,Heavy Steer月均(c/kg lwt),2016-10-01,326.0666791787174,,,,,
,牛,Heavy Steer月均(c/kg lwt),2016-11-01,303.2007582986077,,,,,
,牛,Heavy Steer月均(c/kg lwt),2016-12-01,293.57560198053824,,,,,
,牛,Heavy Steer月均(c/kg lwt),2017-01-01,307.0218987390533,,,,,
,牛,Heavy Steer月均(c/kg lwt),2017-02-01,303.25716376026696,,,,,
,牛,Heavy Steer月均(c/kg lwt),2017-03-01,293.645337881079,,,,,
,牛,Heavy Steer月均(c/kg lwt),2017-04-01,307.7182771921722,,,,,
,牛,Heavy Steer月均(c/kg lwt),2017-05-01,304.94722098793216,,,,,
,牛,Heavy Steer月均(c/kg lwt),2017-06-01,295.94308437217313,,,,,
,牛,Heavy Steer月均(c/kg lwt),2017-07-01,289.22793158603093,,,,,
,牛,Heavy Steer月均(c/kg lwt),2017-08-01,274.03881401507954,,,,,
,牛,Heavy Steer月均(c/kg lwt),2017-09-01,270.55253799499513,,,,,
,牛,Heavy Steer月均(c/kg lwt),2017-10-01,267.69127538663963,,,,,
,牛,Heavy Steer月均(c/kg lwt),2017-11-01,277.04451296626115,,,,,
,牛,Heavy Steer月均(c/kg lwt),2017-12-01,264.4390564370565,,,,,
,牛,Heavy Steer月均(c/kg lwt),2018-01-01,258.4160666271154,,,,,
,牛,Heavy Steer月均(c/kg lwt),2018-02-01,255.83478147426635,,,,,
,牛,Heavy Steer月均(c/kg lwt),2018-03-01,264.50313661606606,,,,,
,牛,Heavy Steer月均(c/kg lwt),2018-04-01,263.5063962675464,,,,,
,牛,Heavy Steer月均(c/kg lwt),2018-05-01,264.7704063981629,,,,,
,牛,Heavy Steer月均(c/kg lwt),2018-06-01,265.74862720132484,,,,,
,牛,Heavy Steer月均(c/kg lwt),2018-07-01,280.0306665735608,,,,,
,牛,Heavy Steer月均(c/kg lwt),2018-08-01,266.3440155710724,,,,,
,牛,Heavy Steer月均(c/kg lwt),2018-09-01,280.72168812044794,,,,,
,牛,Heavy Steer月均(c/kg lwt),2018-10-01,278.86919198400534,,,,,
,牛,Heavy Steer月均(c/kg lwt),2018-11-01,282.2571757808473,,,,,
,牛,Heavy Steer月均(c/kg lwt),2018-12-01,269.38590432557737,,,,,
,牛,Heavy Steer月均(c/kg lwt),2019-01-01,268.9440494645929,,,,,
,牛,Heavy Steer月均(c/kg lwt),2019-02-01,260.7646535296337,,,,,
,牛,Heavy Steer月均(c/kg lwt),2019-03-01,260.02038164648405,,,,,
,牛,Heavy Steer月均(c/kg lwt),2019-04-01,275.95749563258823,,,,,
,牛,Heavy Steer月均(c/kg lwt),2019-05-01,281.1770348140892,,,,,
,牛,Heavy Steer月均(c/kg lwt),2019-06-01,287.4795788159568,,,,,
,牛,Heavy Steer月均(c/kg lwt),2019-07-01,303.4022605983872,,,,,
,牛,Heavy Steer月均(c/kg lwt),2019-08-01,307.92347455380707,,,,,
,牛,Heavy Steer月均(c/kg lwt),2019-09-01,304.99859300925107,,,,,
,牛,Heavy Steer月均(c/kg lwt),2019-10-01,304.2425828364049,,,,,
,牛,Heavy Steer月均(c/kg lwt),2019-11-01,300.93075374797104,,,,,
,牛,Heavy Steer月均(c/kg lwt),2019-12-01,273.5500555965283,,,,,
,牛,Heavy Steer月均(c/kg lwt),2020-01-01,269.1655841935073,,,,,
,牛,Heavy Steer月均(c/kg lwt),2020-02-01,303.0746490805008,,,,,
,牛,Heavy Steer月均(c/kg lwt),2020-03-01,332.14445004182886,,,,,
,牛,Heavy Steer月均(c/kg lwt),2020-04-01,303.4563777926588,,,,,
,牛,Heavy Steer月均(c/kg lwt),2020-05-01,326.0028475107049,,,,,
,牛,Heavy Steer月均(c/kg lwt),2020-06-01,354.19578102735886,,,,,
,牛,Heavy Steer月均(c/kg lwt),2020-07-01,354.8557887223409,,,,,
,牛,Heavy Steer月均(c/kg lwt),2020-08-01,355.263873458059,,,,,
,牛,Heavy Steer月均(c/kg lwt),2020-09-01,353.560888104222,,,,,
,牛,Heavy Steer月均(c/kg lwt),2020-10-01,367.56319661769663,,,,,
,牛,Heavy Steer月均(c/kg lwt),2020-11-01,372.8219113470128,,,,,
,牛,Heavy Steer月均(c/kg lwt),2020-12-01,347.5421120647999,,,,,
,牛,Heavy Steer月均(c/kg lwt),2021-01-01,374.0085416773072,,,,,
,牛,Heavy Steer月均(c/kg lwt),2021-02-01,374.8983396144271,,,,,
,牛,Heavy Steer月均(c/kg lwt),2021-03-01,372.3643801451693,,,,,
,牛,Heavy Steer月均(c/kg lwt),2021-04-01,374.80801647496986,,,,,
,牛,Heavy Steer月均(c/kg lwt),2021-05-01,378.6244651789555,,,,,
,牛,Heavy Steer月均(c/kg lwt),2021-06-01,390.1729171993124,,,,,
,牛,Heavy Steer月均(c/kg lwt),2021-07-01,402.30369405291896,,,,,
,牛,Heavy Steer月均(c/kg lwt),2021-08-01,417.8231530502071,,,,,
,牛,Heavy Steer月均(c/kg lwt),2021-09-01,433.3001776719937,,,,,
,牛,Heavy Steer月均(c/kg lwt),2021-10-01,452.4257750642555,,,,,
,牛,Heavy Steer月均(c/kg lwt),2021-11-01,450.6005347397939,,,,,
,牛,Heavy Steer月均(c/kg lwt),2021-12-01,447.5761769813107,,,,,
,牛,Heavy Steer月均(c/kg lwt),2022-01-01,424.6682149574706,,,,,
,牛,Heavy Steer月均(c/kg lwt),2022-02-01,444.8385395216163,,,,,
,牛,Heavy Steer月均(c/kg lwt),2022-03-01,448.4079069231669,,,,,
,牛,Heavy Steer月均(c/kg lwt),2022-04-01,437.6182656378585,,,,,
,牛,Heavy Steer月均(c/kg lwt),2022-05-01,450.4862452978309,,,,,
,牛,Heavy Steer月均(c/kg lwt),2022-06-01,442.7436192225776,,,,,
,牛,Heavy Steer月均(c/kg lwt),2022-07-01,409.0244448727436,,,,,
,牛,Heavy Steer月均(c/kg lwt),2022-08-01,406.7567135257511,,,,,
,牛,Heavy Steer月均(c/kg lwt),2022-09-01,444.37478891926594,,,,,
,牛,Heavy Steer月均(c/kg lwt),2022-10-01,450.2061935155157,,,,,
,牛,Heavy Steer月均(c/kg lwt),2022-11-01,430.38159951366873,,,,,
,牛,Heavy Steer月均(c/kg lwt),2022-12-01,377.951318956002,,,,,
,牛,Heavy Steer月均(c/kg lwt),2023-01-01,368.2982400476952,,,,,
,牛,Heavy Steer月均(c/kg lwt),2023-02-01,354.0476363302406,,,,,
,牛,Heavy Steer月均(c/kg lwt),2023-03-01,332.01342950284334,,,,,
,牛,Heavy Steer月均(c/kg lwt),2023-04-01,325.39242579966395,,,,,
,牛,Heavy Steer月均(c/kg lwt),2023-05-01,307.4040212128189,,,,,
,牛,Heavy Steer月均(c/kg lwt),2023-06-01,275.8416525157426,,,,,
,牛,Heavy Steer月均(c/kg lwt),2023-07-01,287.22834664354525,,,,,
,牛,Heavy Steer月均(c/kg lwt),2023-08-01,269.38945591717004,,,,,
,牛,Heavy Steer月均(c/kg lwt),2023-09-01,255.3514248227189,,,,,
,牛,Heavy Steer月均(c/kg lwt),2023-10-01,213.18390821836948,,,,,
,牛,Heavy Steer月均(c/kg lwt),2023-11-01,209.0733762103625,,,,,
,牛,Heavy Steer月均(c/kg lwt),2023-12-01,240.45146784893456,,,,,
,牛,Heavy Steer月均(c/kg lwt),2024-01-01,268.7926091788286,,,,,
,牛,Heavy Steer月均(c/kg lwt),2024-02-01,296.7993905077716,,,,,
,牛,Heavy Steer月均(c/kg lwt),2024-03-01,284.125029140191,,,,,
,牛,Heavy Steer月均(c/kg lwt),2024-04-01,295.99425913741925,,,,,
,牛,Heavy Steer月均(c/kg lwt),2024-05-01,296.0796307251333,,,,,
,牛,Heavy Steer月均(c/kg lwt),2024-06-01,293.4206815840665,,,,,
,牛,Heavy Steer月均(c/kg lwt),2024-07-01,323.5456142389368,,,,,
,牛,Heavy Steer月均(c/kg lwt),2024-08-01,338.9940123584609,,,,,
,牛,Heavy Steer月均(c/kg lwt),2024-09-01,346.8778130795963,,,,,
,牛,Heavy Steer月均(c/kg lwt),2024-10-01,330.66850080830886,,,,,
,牛,Heavy Steer月均(c/kg lwt),2024-11-01,327.99700985580574,,,,,
,牛,Heavy Steer月均(c/kg lwt),2024-12-01,325.5826832735531,,,,,
,牛,Heavy Steer月均(c/kg lwt),2025-01-01,355.27045806072493,,,,,
,牛,Heavy Steer月均(c/kg lwt),2025-02-01,340.3645370009251,,,,,
,牛,Heavy Steer月均(c/kg lwt),2025-03-01,345.5637373389163,,,,,
,牛,Heavy Steer月均(c/kg lwt),2025-04-01,364.9488922325738,,,,,
,牛,Heavy Steer月均(c/kg lwt),2025-05-01,342.3692337385432,,,,,
,牛,Heavy Steer月均(c/kg lwt),2025-06-01,356.22990745329395,,,,,
,牛,Heavy Steer月均(c/kg lwt),2025-07-01,367.11484080582494,,,,,
,牛,Heavy Steer月均(c/kg lwt),2025-08-01,405.8744716207849,,,,,
,牛,Heavy Steer月均(c/kg lwt),2025-09-01,430.6919029262176,,,,,
,牛,Heavy Steer月均(c/kg lwt),2025-10-01,427.0024468027,,,,,
,牛,Heavy Steer月均(c/kg lwt),2025-11-01,447.3965048799857,,,,,
,牛,Heavy Steer月均(c/kg lwt),2025-12-01,446.358789172936,,,,,
,牛,Heavy Steer月均(c/kg lwt),2026-01-01,449.0223396390121,,,,,
,牛,Heavy Steer月均(c/kg lwt),2026-02-01,440.1941119932044,,,,,
,牛,Heavy Steer月均(c/kg lwt),2026-03-01,453.1086820920809,,,,,
,牛,Heavy Steer月均(c/kg lwt),2026-04-01,416.62459646527526,,,,,
,牛,Heavy Steer月均(c/kg lwt),2026-05-01,430.3095577380676,,,,,
,牛,Heavy Steer月均(c/kg lwt),2026-06-01,454.6287559595913,,,,,
,牛,NYCI月均(c/kg lwt),2000-01-01,131.76463014563578,,,,,
,牛,NYCI月均(c/kg lwt),2000-02-01,133.35385152753483,,,,,
,牛,NYCI月均(c/kg lwt),2000-03-01,136.60655351765328,,,,,
,牛,NYCI月均(c/kg lwt),2000-04-01,140.12677775631244,,,,,
,牛,NYCI月均(c/kg lwt),2000-05-01,140.4031994931922,,,,,
,牛,NYCI月均(c/kg lwt),2000-06-01,135.64595549612957,,,,,
,牛,NYCI月均(c/kg lwt),2000-07-01,140.05421885390206,,,,,
,牛,NYCI月均(c/kg lwt),2000-08-01,143.81580170028911,,,,,
,牛,NYCI月均(c/kg lwt),2000-09-01,142.84364287303515,,,,,
,牛,NYCI月均(c/kg lwt),2000-10-01,139.8180163229489,,,,,
,牛,NYCI月均(c/kg lwt),2000-11-01,148.0233205577294,,,,,
,牛,NYCI月均(c/kg lwt),2000-12-01,152.66480792106032,,,,,
,牛,NYCI月均(c/kg lwt),2001-01-01,150.49969449833316,,,,,
,牛,NYCI月均(c/kg lwt),2001-02-01,155.0280994304146,,,,,
,牛,NYCI月均(c/kg lwt),2001-03-01,163.5627520111071,,,,,
,牛,NYCI月均(c/kg lwt),2001-04-01,174.17349515381656,,,,,
,牛,NYCI月均(c/kg lwt),2001-05-01,169.4407492031777,,,,,
,牛,NYCI月均(c/kg lwt),2001-06-01,168.3542973877843,,,,,
,牛,NYCI月均(c/kg lwt),2001-07-01,173.87902596731394,,,,,
,牛,NYCI月均(c/kg lwt),2001-08-01,186.51382380804503,,,,,
,牛,NYCI月均(c/kg lwt),2001-09-01,197.22372088749336,,,,,
,牛,NYCI月均(c/kg lwt),2001-10-01,178.14046580925523,,,,,
,牛,NYCI月均(c/kg lwt),2001-11-01,189.94820651749868,,,,,
,牛,NYCI月均(c/kg lwt),2001-12-01,187.5363543595801,,,,,
,牛,NYCI月均(c/kg lwt),2002-01-01,176.8444900668441,,,,,
,牛,NYCI月均(c/kg lwt),2002-02-01,172.67228257373796,,,,,
,牛,NYCI月均(c/kg lwt),2002-03-01,177.46408525517893,,,,,
,牛,NYCI月均(c/kg lwt),2002-04-01,166.55028193389063,,,,,
,牛,NYCI月均(c/kg lwt),2002-05-01,148.93840448083907,,,,,
,牛,NYCI月均(c/kg lwt),2002-06-01,141.51677327157142,,,,,
,牛,NYCI月均(c/kg lwt),2002-07-01,128.428041223421,,,,,
,牛,NYCI月均(c/kg lwt),2002-08-01,125.06045673953578,,,,,
,牛,NYCI月均(c/kg lwt),2002-09-01,127.26827834730798,,,,,
,牛,NYCI月均(c/kg lwt),2002-10-01,114.06147171889393,,,,,
,牛,NYCI月均(c/kg lwt),2002-11-01,115.17820808430383,,,,,
,牛,NYCI月均(c/kg lwt),2002-12-01,127.27188000753172,,,,,
,牛,NYCI月均(c/kg lwt),2003-01-01,127.36390947029275,,,,,
,牛,NYCI月均(c/kg lwt),2003-02-01,132.8271244178032,,,,,
,牛,NYCI月均(c/kg lwt),2003-03-01,154.63009612476066,,,,,
,牛,NYCI月均(c/kg lwt),2003-04-01,151.4374198213201,,,,,
,牛,NYCI月均(c/kg lwt),2003-05-01,150.78353366633067,,,,,
,牛,NYCI月均(c/kg lwt),2003-06-01,150.95151709201036,,,,,
,牛,NYCI月均(c/kg lwt),2003-07-01,156.92889136323714,,,,,
,牛,NYCI月均(c/kg lwt),2003-08-01,167.91003867876285,,,,,
,牛,NYCI月均(c/kg lwt),2003-09-01,173.03827557484786,,,,,
,牛,NYCI月均(c/kg lwt),2003-10-01,172.30237468044314,,,,,
,牛,NYCI月均(c/kg lwt),2003-11-01,168.25330496625182,,,,,
,牛,NYCI月均(c/kg lwt),2003-12-01,160.84855676737376,,,,,
,牛,NYCI月均(c/kg lwt),2004-01-01,166.41475440441107,,,,,
,牛,NYCI月均(c/kg lwt),2004-02-01,167.35789829505086,,,,,
,牛,NYCI月均(c/kg lwt),2004-03-01,168.33229085817,,,,,
,牛,NYCI月均(c/kg lwt),2004-04-01,163.65488389321052,,,,,
,牛,NYCI月均(c/kg lwt),2004-05-01,165.66823883583524,,,,,
,牛,NYCI月均(c/kg lwt),2004-06-01,174.1550163433099,,,,,
,牛,NYCI月均(c/kg lwt),2004-07-01,182.932447266799,,,,,
,牛,NYCI月均(c/kg lwt),2004-08-01,190.9853842690337,,,,,
,牛,NYCI月均(c/kg lwt),2004-09-01,190.93102304338387,,,,,
,牛,NYCI月均(c/kg lwt),2004-10-01,186.9859374103789,,,,,
,牛,NYCI月均(c/kg lwt),2004-11-01,189.21135801121747,,,,,
,牛,NYCI月均(c/kg lwt),2004-12-01,186.347793969893,,,,,
,牛,NYCI月均(c/kg lwt),2005-01-01,191.8266877642349,,,,,
,牛,NYCI月均(c/kg lwt),2005-02-01,192.5674532406519,,,,,
,牛,NYCI月均(c/kg lwt),2005-03-01,195.2704809895769,,,,,
,牛,NYCI月均(c/kg lwt),2005-04-01,180.0241726724489,,,,,
,牛,NYCI月均(c/kg lwt),2005-05-01,175.1899973570265,,,,,
,牛,NYCI月均(c/kg lwt),2005-06-01,177.87604379910078,,,,,
,牛,NYCI月均(c/kg lwt),2005-07-01,208.04118153675293,,,,,
,牛,NYCI月均(c/kg lwt),2005-08-01,212.134577647168,,,,,
,牛,NYCI月均(c/kg lwt),2005-09-01,206.0440235863403,,,,,
,牛,NYCI月均(c/kg lwt),2005-10-01,204.00997647686088,,,,,
,牛,NYCI月均(c/kg lwt),2005-11-01,197.1233987044193,,,,,
,牛,NYCI月均(c/kg lwt),2005-12-01,186.4941563705381,,,,,
,牛,NYCI月均(c/kg lwt),2006-01-01,179.73158187915098,,,,,
,牛,NYCI月均(c/kg lwt),2006-02-01,191.5357831860481,,,,,
,牛,NYCI月均(c/kg lwt),2006-03-01,193.6600193992152,,,,,
,牛,NYCI月均(c/kg lwt),2006-04-01,190.96080275966864,,,,,
,牛,NYCI月均(c/kg lwt),2006-05-01,184.9261985554167,,,,,
,牛,NYCI月均(c/kg lwt),2006-06-01,180.86034178731808,,,,,
,牛,NYCI月均(c/kg lwt),2006-07-01,190.85371910584576,,,,,
,牛,NYCI月均(c/kg lwt),2006-08-01,195.71298061054867,,,,,
,牛,NYCI月均(c/kg lwt),2006-09-01,175.24747952412395,,,,,
,牛,NYCI月均(c/kg lwt),2006-10-01,146.4622790364675,,,,,
,牛,NYCI月均(c/kg lwt),2006-11-01,152.11102806309523,,,,,
,牛,NYCI月均(c/kg lwt),2006-12-01,144.15436604466498,,,,,
,牛,NYCI月均(c/kg lwt),2007-01-01,149.3827333036957,,,,,
,牛,NYCI月均(c/kg lwt),2007-02-01,164.559422132142,,,,,
,牛,NYCI月均(c/kg lwt),2007-03-01,178.7375881540289,,,,,
,牛,NYCI月均(c/kg lwt),2007-04-01,160.16518922281756,,,,,
,牛,NYCI月均(c/kg lwt),2007-05-01,165.5138084172889,,,,,
,牛,NYCI月均(c/kg lwt),2007-06-01,173.4261283713947,,,,,
,牛,NYCI月均(c/kg lwt),2007-07-01,177.4895330490655,,,,,
,牛,NYCI月均(c/kg lwt),2007-08-01,172.23430172623912,,,,,
,牛,NYCI月均(c/kg lwt),2007-09-01,162.39586509661427,,,,,
,牛,NYCI月均(c/kg lwt),2007-10-01,143.65542961547004,,,,,
,牛,NYCI月均(c/kg lwt),2007-11-01,154.899797145869,,,,,
,牛,NYCI月均(c/kg lwt),2007-12-01,161.9694741137428,,,,,
,牛,NYCI月均(c/kg lwt),2008-01-01,165.19474330494106,,,,,
,牛,NYCI月均(c/kg lwt),2008-02-01,171.76792844127718,,,,,
,牛,NYCI月均(c/kg lwt),2008-03-01,166.4248104883959,,,,,
,牛,NYCI月均(c/kg lwt),2008-04-01,164.91584513240787,,,,,
,牛,NYCI月均(c/kg lwt),2008-05-01,162.4226631551201,,,,,
,牛,NYCI月均(c/kg lwt),2008-06-01,165.658498717651,,,,,
,牛,NYCI月均(c/kg lwt),2008-07-01,168.4921320093537,,,,,
,牛,NYCI月均(c/kg lwt),2008-08-01,170.81750211548294,,,,,
,牛,NYCI月均(c/kg lwt),2008-09-01,176.46218253564473,,,,,
,牛,NYCI月均(c/kg lwt),2008-10-01,170.68825042731072,,,,,
,牛,NYCI月均(c/kg lwt),2008-11-01,169.9779978687984,,,,,
,牛,NYCI月均(c/kg lwt),2008-12-01,173.72986381760492,,,,,
,牛,NYCI月均(c/kg lwt),2009-01-01,165.39995473261243,,,,,
,牛,NYCI月均(c/kg lwt),2009-02-01,156.8486972148227,,,,,
,牛,NYCI月均(c/kg lwt),2009-03-01,166.9781939145332,,,,,
,牛,NYCI月均(c/kg lwt),2009-04-01,161.70239092205998,,,,,
,牛,NYCI月均(c/kg lwt),2009-05-01,159.4325773848669,,,,,
,牛,NYCI月均(c/kg lwt),2009-06-01,168.9230599372125,,,,,
,牛,NYCI月均(c/kg lwt),2009-07-01,175.14999099486593,,,,,
,牛,NYCI月均(c/kg lwt),2009-08-01,169.71911417989264,,,,,
,牛,NYCI月均(c/kg lwt),2009-09-01,165.25574811641755,,,,,
,牛,NYCI月均(c/kg lwt),2009-10-01,158.7005022717499,,,,,
,牛,NYCI月均(c/kg lwt),2009-11-01,154.262428244777,,,,,
,牛,NYCI月均(c/kg lwt),2009-12-01,140.12001704770262,,,,,
,牛,NYCI月均(c/kg lwt),2010-01-01,152.8991627398868,,,,,
,牛,NYCI月均(c/kg lwt),2010-02-01,168.2740884798896,,,,,
,牛,NYCI月均(c/kg lwt),2010-03-01,182.5783716385237,,,,,
,牛,NYCI月均(c/kg lwt),2010-04-01,187.1674240690681,,,,,
,牛,NYCI月均(c/kg lwt),2010-05-01,182.64788881574555,,,,,
,牛,NYCI月均(c/kg lwt),2010-06-01,184.9106841201672,,,,,
,牛,NYCI月均(c/kg lwt),2010-07-01,188.9000110714684,,,,,
,牛,NYCI月均(c/kg lwt),2010-08-01,197.42001776024628,,,,,
,牛,NYCI月均(c/kg lwt),2010-09-01,196.69050168242347,,,,,
,牛,NYCI月均(c/kg lwt),2010-10-01,198.6844246556265,,,,,
,牛,NYCI月均(c/kg lwt),2010-11-01,201.3870673769187,,,,,
,牛,NYCI月均(c/kg lwt),2010-12-01,206.37741298939176,,,,,
,牛,NYCI月均(c/kg lwt),2011-01-01,212.0851918014261,,,,,
,牛,NYCI月均(c/kg lwt),2011-02-01,213.37628696426583,,,,,
,牛,NYCI月均(c/kg lwt),2011-03-01,226.2686318545241,,,,,
,牛,NYCI月均(c/kg lwt),2011-04-01,228.671613381748,,,,,
,牛,NYCI月均(c/kg lwt),2011-05-01,212.8643238478268,,,,,
,牛,NYCI月均(c/kg lwt),2011-06-01,202.2908679832788,,,,,
,牛,NYCI月均(c/kg lwt),2011-07-01,202.3851814956273,,,,,
,牛,NYCI月均(c/kg lwt),2011-08-01,206.12565732776665,,,,,
,牛,NYCI月均(c/kg lwt),2011-09-01,219.75376330391973,,,,,
,牛,NYCI月均(c/kg lwt),2011-10-01,218.47107838607755,,,,,
,牛,NYCI月均(c/kg lwt),2011-11-01,219.6556597891393,,,,,
,牛,NYCI月均(c/kg lwt),2011-12-01,218.0672294113901,,,,,
,牛,NYCI月均(c/kg lwt),2012-01-01,220.4685530911364,,,,,
,牛,NYCI月均(c/kg lwt),2012-02-01,207.0894669728304,,,,,
,牛,NYCI月均(c/kg lwt),2012-03-01,214.3485785269916,,,,,
,牛,NYCI月均(c/kg lwt),2012-04-01,204.44369176109805,,,,,
,牛,NYCI月均(c/kg lwt),2012-05-01,198.71355438927284,,,,,
,牛,NYCI月均(c/kg lwt),2012-06-01,199.02582298707,,,,,
,牛,NYCI月均(c/kg lwt),2012-07-01,204.52484306357096,,,,,
,牛,NYCI月均(c/kg lwt),2012-08-01,203.21298589357264,,,,,
,牛,NYCI月均(c/kg lwt),2012-09-01,189.45988492501428,,,,,
,牛,NYCI月均(c/kg lwt),2012-10-01,182.3965598271793,,,,,
,牛,NYCI月均(c/kg lwt),2012-11-01,178.91041133368185,,,,,
,牛,NYCI月均(c/kg lwt),2012-12-01,173.55931988737535,,,,,
,牛,NYCI月均(c/kg lwt),2013-01-01,163.15430662048797,,,,,
,牛,NYCI月均(c/kg lwt),2013-02-01,170.86884602022985,,,,,
,牛,NYCI月均(c/kg lwt),2013-03-01,173.1746299862596,,,,,
,牛,NYCI月均(c/kg lwt),2013-04-01,159.14756861355602,,,,,
,牛,NYCI月均(c/kg lwt),2013-05-01,148.92315543223847,,,,,
,牛,NYCI月均(c/kg lwt),2013-06-01,161.05874008328493,,,,,
,牛,NYCI月均(c/kg lwt),2013-07-01,163.43876763755966,,,,,
,牛,NYCI月均(c/kg lwt),2013-08-01,161.87788820577313,,,,,
,牛,NYCI月均(c/kg lwt),2013-09-01,153.39098624699716,,,,,
,牛,NYCI月均(c/kg lwt),2013-10-01,147.68840028258802,,,,,
,牛,NYCI月均(c/kg lwt),2013-11-01,158.02059842920835,,,,,
,牛,NYCI月均(c/kg lwt),2013-12-01,162.51580325253383,,,,,
,牛,NYCI月均(c/kg lwt),2014-01-01,154.46962442180367,,,,,
,牛,NYCI月均(c/kg lwt),2014-02-01,149.0424687124657,,,,,
,牛,NYCI月均(c/kg lwt),2014-03-01,149.1603993974136,,,,,
,牛,NYCI月均(c/kg lwt),2014-04-01,180.05951718008333,,,,,
,牛,NYCI月均(c/kg lwt),2014-05-01,168.97578423218357,,,,,
,牛,NYCI月均(c/kg lwt),2014-06-01,168.16867824777657,,,,,
,牛,NYCI月均(c/kg lwt),2014-07-01,168.32684685906693,,,,,
,牛,NYCI月均(c/kg lwt),2014-08-01,174.24364340725225,,,,,
,牛,NYCI月均(c/kg lwt),2014-09-01,188.5108089068365,,,,,
,牛,NYCI月均(c/kg lwt),2014-10-01,184.85936921644284,,,,,
,牛,NYCI月均(c/kg lwt),2014-11-01,177.5079077771777,,,,,
,牛,NYCI月均(c/kg lwt),2014-12-01,201.1936734251199,,,,,
,牛,NYCI月均(c/kg lwt),2015-01-01,223.7714136244014,,,,,
,牛,NYCI月均(c/kg lwt),2015-02-01,231.33676342169045,,,,,
,牛,NYCI月均(c/kg lwt),2015-03-01,216.91678075018044,,,,,
,牛,NYCI月均(c/kg lwt),2015-04-01,223.888472601722,,,,,
,牛,NYCI月均(c/kg lwt),2015-05-01,239.0021688886866,,,,,
,牛,NYCI月均(c/kg lwt),2015-06-01,244.7222987659187,,,,,
,牛,NYCI月均(c/kg lwt),2015-07-01,271.87848034093923,,,,,
,牛,NYCI月均(c/kg lwt),2015-08-01,280.9717818277292,,,,,
,牛,NYCI月均(c/kg lwt),2015-09-01,304.1555556375622,,,,,
,牛,NYCI月均(c/kg lwt),2015-10-01,286.9872884046772,,,,,
,牛,NYCI月均(c/kg lwt),2015-11-01,319.736711330188,,,,,
,牛,NYCI月均(c/kg lwt),2015-12-01,304.5792551655728,,,,,
,牛,NYCI月均(c/kg lwt),2016-01-01,312.2297895930252,,,,,
,牛,NYCI月均(c/kg lwt),2016-02-01,323.8697615765368,,,,,
,牛,NYCI月均(c/kg lwt),2016-03-01,322.4748117062221,,,,,
,牛,NYCI月均(c/kg lwt),2016-04-01,300.2567602638758,,,,,
,牛,NYCI月均(c/kg lwt),2016-05-01,302.3713814833748,,,,,
,牛,NYCI月均(c/kg lwt),2016-06-01,331.4065630927876,,,,,
,牛,NYCI月均(c/kg lwt),2016-07-01,353.4646572867903,,,,,
,牛,NYCI月均(c/kg lwt),2016-08-01,379.9260867116968,,,,,
,牛,NYCI月均(c/kg lwt),2016-09-01,383.3954175245719,,,,,
,牛,NYCI月均(c/kg lwt),2016-10-01,386.66615816859206,,,,,
,牛,NYCI月均(c/kg lwt),2016-11-01,363.3938465719934,,,,,
,牛,NYCI月均(c/kg lwt),2016-12-01,355.88789245172387,,,,,
,牛,NYCI月均(c/kg lwt),2017-01-01,355.4246486510736,,,,,
,牛,NYCI月均(c/kg lwt),2017-02-01,351.32706125887324,,,,,
,牛,NYCI月均(c/kg lwt),2017-03-01,343.48665704981426,,,,,
,牛,NYCI月均(c/kg lwt),2017-04-01,367.6963169750157,,,,,
,牛,NYCI月均(c/kg lwt),2017-05-01,360.29555904192085,,,,,
,牛,NYCI月均(c/kg lwt),2017-06-01,355.2777894065322,,,,,
,牛,NYCI月均(c/kg lwt),2017-07-01,331.6273128001007,,,,,
,牛,NYCI月均(c/kg lwt),2017-08-01,303.89234730128896,,,,,
,牛,NYCI月均(c/kg lwt),2017-09-01,294.235859362286,,,,,
,牛,NYCI月均(c/kg lwt),2017-10-01,310.9292962625808,,,,,
,牛,NYCI月均(c/kg lwt),2017-11-01,326.5772258007906,,,,,
,牛,NYCI月均(c/kg lwt),2017-12-01,317.1635414943049,,,,,
,牛,NYCI月均(c/kg lwt),2018-01-01,306.5906891904051,,,,,
,牛,NYCI月均(c/kg lwt),2018-02-01,296.5469241139526,,,,,
,牛,NYCI月均(c/kg lwt),2018-03-01,310.1389988076468,,,,,
,牛,NYCI月均(c/kg lwt),2018-04-01,282.5286093649071,,,,,
,牛,NYCI月均(c/kg lwt),2018-05-01,257.46022618714187,,,,,
,牛,NYCI月均(c/kg lwt),2018-06-01,251.0017119544937,,,,,
,牛,NYCI月均(c/kg lwt),2018-07-01,257.3967183566765,,,,,
,牛,NYCI月均(c/kg lwt),2018-08-01,235.234026970066,,,,,
,牛,NYCI月均(c/kg lwt),2018-09-01,249.7932160617329,,,,,
,牛,NYCI月均(c/kg lwt),2018-10-01,269.5510198340187,,,,,
,牛,NYCI月均(c/kg lwt),2018-11-01,273.399695109853,,,,,
,牛,NYCI月均(c/kg lwt),2018-12-01,274.4022574221731,,,,,
,牛,NYCI月均(c/kg lwt),2019-01-01,257.52358822513514,,,,,
,牛,NYCI月均(c/kg lwt),2019-02-01,240.58052415532947,,,,,
,牛,NYCI月均(c/kg lwt),2019-03-01,216.1719840453511,,,,,
,牛,NYCI月均(c/kg lwt),2019-04-01,242.72315102365803,,,,,
,牛,NYCI月均(c/kg lwt),2019-05-01,245.22439122642487,,,,,
,牛,NYCI月均(c/kg lwt),2019-06-01,244.9746411455736,,,,,
,牛,NYCI月均(c/kg lwt),2019-07-01,259.95679899143937,,,,,
,牛,NYCI月均(c/kg lwt),2019-08-01,260.87099834382,,,,,
,牛,NYCI月均(c/kg lwt),2019-09-01,238.7709808490179,,,,,
,牛,NYCI月均(c/kg lwt),2019-10-01,249.408542558442,,,,,
,牛,NYCI月均(c/kg lwt),2019-11-01,263.68662141033207,,,,,
,牛,NYCI月均(c/kg lwt),2019-12-01,252.27628633304963,,,,,
,牛,NYCI月均(c/kg lwt),2020-01-01,268.0435457102263,,,,,
,牛,NYCI月均(c/kg lwt),2020-02-01,360.7247875759169,,,,,
,牛,NYCI月均(c/kg lwt),2020-03-01,384.513391718864,,,,,
,牛,NYCI月均(c/kg lwt),2020-04-01,375.1278700692943,,,,,
,牛,NYCI月均(c/kg lwt),2020-05-01,397.9038097938623,,,,,
,牛,NYCI月均(c/kg lwt),2020-06-01,404.8776627802495,,,,,
,牛,NYCI月均(c/kg lwt),2020-07-01,399.76811901217496,,,,,
,牛,NYCI月均(c/kg lwt),2020-08-01,417.9746477241172,,,,,
,牛,NYCI月均(c/kg lwt),2020-09-01,418.9926430758954,,,,,
,牛,NYCI月均(c/kg lwt),2020-10-01,437.3538748827363,,,,,
,牛,NYCI月均(c/kg lwt),2020-11-01,453.2358315447666,,,,,
,牛,NYCI月均(c/kg lwt),2020-12-01,421.9238685958143,,,,,
,牛,NYCI月均(c/kg lwt),2021-01-01,461.79003464360846,,,,,
,牛,NYCI月均(c/kg lwt),2021-02-01,486.3308456484184,,,,,
,牛,NYCI月均(c/kg lwt),2021-03-01,490.4261321710642,,,,,
,牛,NYCI月均(c/kg lwt),2021-04-01,499.21526368158936,,,,,
,牛,NYCI月均(c/kg lwt),2021-05-01,495.078404224904,,,,,
,牛,NYCI月均(c/kg lwt),2021-06-01,507.2358103330652,,,,,
,牛,NYCI月均(c/kg lwt),2021-07-01,536.6817342423111,,,,,
,牛,NYCI月均(c/kg lwt),2021-08-01,552.7380553649155,,,,,
,牛,NYCI月均(c/kg lwt),2021-09-01,568.2022240731707,,,,,
,牛,NYCI月均(c/kg lwt),2021-10-01,582.9914191653207,,,,,
,牛,NYCI月均(c/kg lwt),2021-11-01,616.7195968639312,,,,,
,牛,NYCI月均(c/kg lwt),2021-12-01,637.0122540921343,,,,,
,牛,NYCI月均(c/kg lwt),2022-01-01,608.557546839041,,,,,
,牛,NYCI月均(c/kg lwt),2022-02-01,641.1448483008945,,,,,
,牛,NYCI月均(c/kg lwt),2022-03-01,636.740917603401,,,,,
,牛,NYCI月均(c/kg lwt),2022-04-01,607.3736679691553,,,,,
,牛,NYCI月均(c/kg lwt),2022-05-01,631.1516959743511,,,,,
,牛,NYCI月均(c/kg lwt),2022-06-01,601.3610833153413,,,,,
,牛,NYCI月均(c/kg lwt),2022-07-01,528.2203864113759,,,,,
,牛,NYCI月均(c/kg lwt),2022-08-01,546.5998890181777,,,,,
,牛,NYCI月均(c/kg lwt),2022-09-01,587.974147514675,,,,,
,牛,NYCI月均(c/kg lwt),2022-10-01,589.1937821492204,,,,,
,牛,NYCI月均(c/kg lwt),2022-11-01,558.4473249993584,,,,,
,牛,NYCI月均(c/kg lwt),2022-12-01,488.71238614851904,,,,,
,牛,NYCI月均(c/kg lwt),2023-01-01,455.5219055872483,,,,,
,牛,NYCI月均(c/kg lwt),2023-02-01,425.4808530051696,,,,,
,牛,NYCI月均(c/kg lwt),2023-03-01,391.31151602310615,,,,,
,牛,NYCI月均(c/kg lwt),2023-04-01,382.2238936207317,,,,,
,牛,NYCI月均(c/kg lwt),2023-05-01,344.7387349087887,,,,,
,牛,NYCI月均(c/kg lwt),2023-06-01,308.6989206112881,,,,,
,牛,NYCI月均(c/kg lwt),2023-07-01,303.67704497084685,,,,,
,牛,NYCI月均(c/kg lwt),2023-08-01,278.6796066338397,,,,,
,牛,NYCI月均(c/kg lwt),2023-09-01,226.2586842787533,,,,,
,牛,NYCI月均(c/kg lwt),2023-10-01,193.81893977553685,,,,,
,牛,NYCI月均(c/kg lwt),2023-11-01,240.09436794660297,,,,,
,牛,NYCI月均(c/kg lwt),2023-12-01,275.08901617489585,,,,,
,牛,NYCI月均(c/kg lwt),2024-01-01,316.92672276637467,,,,,
,牛,NYCI月均(c/kg lwt),2024-02-01,342.08179314574267,,,,,
,牛,NYCI月均(c/kg lwt),2024-03-01,316.62568706220264,,,,,
,牛,NYCI月均(c/kg lwt),2024-04-01,317.8849315301682,,,,,
,牛,NYCI月均(c/kg lwt),2024-05-01,322.2055303574511,,,,,
,牛,NYCI月均(c/kg lwt),2024-06-01,315.2380266108222,,,,,
,牛,NYCI月均(c/kg lwt),2024-07-01,330.4046225360421,,,,,
,牛,NYCI月均(c/kg lwt),2024-08-01,349.47054411052,,,,,
,牛,NYCI月均(c/kg lwt),2024-09-01,354.61085488262654,,,,,
,牛,NYCI月均(c/kg lwt),2024-10-01,328.54158733932525,,,,,
,牛,NYCI月均(c/kg lwt),2024-11-01,333.14050347631803,,,,,
,牛,NYCI月均(c/kg lwt),2024-12-01,358.4398304052849,,,,,
,牛,NYCI月均(c/kg lwt),2025-01-01,356.740765197425,,,,,
,牛,NYCI月均(c/kg lwt),2025-02-01,349.91291522061545,,,,,
,牛,NYCI月均(c/kg lwt),2025-03-01,349.23700313949456,,,,,
,牛,NYCI月均(c/kg lwt),2025-04-01,378.27623979147785,,,,,
,牛,NYCI月均(c/kg lwt),2025-05-01,367.93747144657465,,,,,
,牛,NYCI月均(c/kg lwt),2025-06-01,382.0493840296558,,,,,
,牛,NYCI月均(c/kg lwt),2025-07-01,396.9166018440728,,,,,
,牛,NYCI月均(c/kg lwt),2025-08-01,458.6311651537175,,,,,
,牛,NYCI月均(c/kg lwt),2025-09-01,470.24319546981775,,,,,
,牛,NYCI月均(c/kg lwt),2025-10-01,442.08354669953866,,,,,
,牛,NYCI月均(c/kg lwt),2025-11-01,473.6144792204679,,,,,
,牛,NYCI月均(c/kg lwt),2025-12-01,468.6258294595207,,,,,
,牛,NYCI月均(c/kg lwt),2026-01-01,458.0127148529584,,,,,
,牛,NYCI月均(c/kg lwt),2026-02-01,456.7721367243992,,,,,
,牛,NYCI月均(c/kg lwt),2026-03-01,472.6083938365778,,,,,
,牛,NYCI月均(c/kg lwt),2026-04-01,420.83217122995495,,,,,
,牛,NYCI月均(c/kg lwt),2026-05-01,450.2984651825296,,,,,
,牛,NYCI月均(c/kg lwt),2026-06-01,523.6646234919024,,,,,
,牛,NYCI月均(c/kg lwt)($/Head),2000-01-01,404.780997027207,,,,,
,牛,NYCI月均(c/kg lwt)($/Head),2000-02-01,406.0359138499342,,,,,
,牛,NYCI月均(c/kg lwt)($/Head),2000-03-01,411.2652814859565,,,,,
,牛,NYCI月均(c/kg lwt)($/Head),2000-04-01,422.86269627471177,,,,,
,牛,NYCI月均(c/kg lwt)($/Head),2000-05-01,407.3697786579411,,,,,
,牛,NYCI月均(c/kg lwt)($/Head),2000-06-01,401.7645899978388,,,,,
,牛,NYCI月均(c/kg lwt)($/Head),2000-07-01,422.67392176058274,,,,,
,牛,NYCI月均(c/kg lwt)($/Head),2000-08-01,435.1579679315437,,,,,
,牛,NYCI月均(c/kg lwt)($/Head),2000-09-01,423.50598361174144,,,,,
,牛,NYCI月均(c/kg lwt)($/Head),2000-10-01,418.1119935425059,,,,,
,牛,NYCI月均(c/kg lwt)($/Head),2000-11-01,456.8793867341404,,,,,
,牛,NYCI月均(c/kg lwt)($/Head),2000-12-01,467.88982372008894,,,,,
,牛,NYCI月均(c/kg lwt)($/Head),2001-01-01,462.3181832561568,,,,,
,牛,NYCI月均(c/kg lwt)($/Head),2001-02-01,468.4201084262832,,,,,
,牛,NYCI月均(c/kg lwt)($/Head),2001-03-01,482.8221567720689,,,,,
,牛,NYCI月均(c/kg lwt)($/Head),2001-04-01,498.039941428366,,,,,
,牛,NYCI月均(c/kg lwt)($/Head),2001-05-01,485.11759972812536,,,,,
,牛,NYCI月均(c/kg lwt)($/Head),2001-06-01,476.2839496231339,,,,,
,牛,NYCI月均(c/kg lwt)($/Head),2001-07-01,491.80659619832727,,,,,
,牛,NYCI月均(c/kg lwt)($/Head),2001-08-01,523.443966307226,,,,,
,牛,NYCI月均(c/kg lwt)($/Head),2001-09-01,553.1929006176036,,,,,
,牛,NYCI月均(c/kg lwt)($/Head),2001-10-01,532.6445816844848,,,,,
,牛,NYCI月均(c/kg lwt)($/Head),2001-11-01,576.5041554805022,,,,,
,牛,NYCI月均(c/kg lwt)($/Head),2001-12-01,592.0642498548991,,,,,
,牛,NYCI月均(c/kg lwt)($/Head),2002-01-01,560.0010968281023,,,,,
,牛,NYCI月均(c/kg lwt)($/Head),2002-02-01,525.4888735315484,,,,,
,牛,NYCI月均(c/kg lwt)($/Head),2002-03-01,517.7944812458398,,,,,
,牛,NYCI月均(c/kg lwt)($/Head),2002-04-01,473.5371798203159,,,,,
,牛,NYCI月均(c/kg lwt)($/Head),2002-05-01,423.22360672898463,,,,,
,牛,NYCI月均(c/kg lwt)($/Head),2002-06-01,390.1724544724842,,,,,
,牛,NYCI月均(c/kg lwt)($/Head),2002-07-01,352.034881438584,,,,,
,牛,NYCI月均(c/kg lwt)($/Head),2002-08-01,343.9913884798229,,,,,
,牛,NYCI月均(c/kg lwt)($/Head),2002-09-01,353.83090841273435,,,,,
,牛,NYCI月均(c/kg lwt)($/Head),2002-10-01,322.7552878760191,,,,,
,牛,NYCI月均(c/kg lwt)($/Head),2002-11-01,336.529441722233,,,,,
,牛,NYCI月均(c/kg lwt)($/Head),2002-12-01,376.7889449583024,,,,,
,牛,NYCI月均(c/kg lwt)($/Head),2003-01-01,375.9895914363357,,,,,
,牛,NYCI月均(c/kg lwt)($/Head),2003-02-01,373.7056289324179,,,,,
,牛,NYCI月均(c/kg lwt)($/Head),2003-03-01,436.65221141146486,,,,,
,牛,NYCI月均(c/kg lwt)($/Head),2003-04-01,422.3193238179236,,,,,
,牛,NYCI月均(c/kg lwt)($/Head),2003-05-01,422.5627414445741,,,,,
,牛,NYCI月均(c/kg lwt)($/Head),2003-06-01,421.3214125953704,,,,,
,牛,NYCI月均(c/kg lwt)($/Head),2003-07-01,445.54625847251896,,,,,
,牛,NYCI月均(c/kg lwt)($/Head),2003-08-01,474.261090260054,,,,,
,牛,NYCI月均(c/kg lwt)($/Head),2003-09-01,499.2316681421159,,,,,
,牛,NYCI月均(c/kg lwt)($/Head),2003-10-01,502.2328630322883,,,,,
,牛,NYCI月均(c/kg lwt)($/Head),2003-11-01,510.9927978952922,,,,,
,牛,NYCI月均(c/kg lwt)($/Head),2003-12-01,517.5064034157895,,,,,
,牛,NYCI月均(c/kg lwt)($/Head),2004-01-01,529.5734856292224,,,,,
,牛,NYCI月均(c/kg lwt)($/Head),2004-02-01,518.5223623513988,,,,,
,牛,NYCI月均(c/kg lwt)($/Head),2004-03-01,507.6800721462405,,,,,
,牛,NYCI月均(c/kg lwt)($/Head),2004-04-01,484.61905750255664,,,,,
,牛,NYCI月均(c/kg lwt)($/Head),2004-05-01,476.0674638042661,,,,,
,牛,NYCI月均(c/kg lwt)($/Head),2004-06-01,493.5665057973826,,,,,
,牛,NYCI月均(c/kg lwt)($/Head),2004-07-01,504.00992654984697,,,,,
,牛,NYCI月均(c/kg lwt)($/Head),2004-08-01,541.1689430507192,,,,,
,牛,NYCI月均(c/kg lwt)($/Head),2004-09-01,546.8178895714415,,,,,
,牛,NYCI月均(c/kg lwt)($/Head),2004-10-01,562.3842883392391,,,,,
,牛,NYCI月均(c/kg lwt)($/Head),2004-11-01,574.1756379635478,,,,,
,牛,NYCI月均(c/kg lwt)($/Head),2004-12-01,564.7262581013764,,,,,
,牛,NYCI月均(c/kg lwt)($/Head),2005-01-01,577.5081117440867,,,,,
,牛,NYCI月均(c/kg lwt)($/Head),2005-02-01,583.7191606734498,,,,,
,牛,NYCI月均(c/kg lwt)($/Head),2005-03-01,572.1758457764021,,,,,
,牛,NYCI月均(c/kg lwt)($/Head),2005-04-01,523.8662837454297,,,,,
,牛,NYCI月均(c/kg lwt)($/Head),2005-05-01,492.0915633722218,,,,,
,牛,NYCI月均(c/kg lwt)($/Head),2005-06-01,492.61212210222055,,,,,
,牛,NYCI月均(c/kg lwt)($/Head),2005-07-01,575.9055945029334,,,,,
,牛,NYCI月均(c/kg lwt)($/Head),2005-08-01,583.2799784682635,,,,,
,牛,NYCI月均(c/kg lwt)($/Head),2005-09-01,580.3400696519282,,,,,
,牛,NYCI月均(c/kg lwt)($/Head),2005-10-01,593.0992710726028,,,,,
,牛,NYCI月均(c/kg lwt)($/Head),2005-11-01,582.2517485722706,,,,,
,牛,NYCI月均(c/kg lwt)($/Head),2005-12-01,573.8825610433793,,,,,
,牛,NYCI月均(c/kg lwt)($/Head),2006-01-01,551.4763464371604,,,,,
,牛,NYCI月均(c/kg lwt)($/Head),2006-02-01,559.1454351856435,,,,,
,牛,NYCI月均(c/kg lwt)($/Head),2006-03-01,550.1041107037543,,,,,
,牛,NYCI月均(c/kg lwt)($/Head),2006-04-01,539.4305743317675,,,,,
,牛,NYCI月均(c/kg lwt)($/Head),2006-05-01,511.9899785833204,,,,,
,牛,NYCI月均(c/kg lwt)($/Head),2006-06-01,496.0774403598846,,,,,
,牛,NYCI月均(c/kg lwt)($/Head),2006-07-01,523.0589347394732,,,,,
,牛,NYCI月均(c/kg lwt)($/Head),2006-08-01,550.1799007521231,,,,,
,牛,NYCI月均(c/kg lwt)($/Head),2006-09-01,509.329174839776,,,,,
,牛,NYCI月均(c/kg lwt)($/Head),2006-10-01,410.6484698839382,,,,,
,牛,NYCI月均(c/kg lwt)($/Head),2006-11-01,433.7662079406031,,,,,
,牛,NYCI月均(c/kg lwt)($/Head),2006-12-01,419.3474259955991,,,,,
,牛,NYCI月均(c/kg lwt)($/Head),2007-01-01,445.0104183084948,,,,,
,牛,NYCI月均(c/kg lwt)($/Head),2007-02-01,470.07540404168304,,,,,
,牛,NYCI月均(c/kg lwt)($/Head),2007-03-01,500.4602394441359,,,,,
,牛,NYCI月均(c/kg lwt)($/Head),2007-04-01,436.9350229611576,,,,,
,牛,NYCI月均(c/kg lwt)($/Head),2007-05-01,465.2738314743543,,,,,
,牛,NYCI月均(c/kg lwt)($/Head),2007-06-01,480.7231737261769,,,,,
,牛,NYCI月均(c/kg lwt)($/Head),2007-07-01,487.3560194376782,,,,,
,牛,NYCI月均(c/kg lwt)($/Head),2007-08-01,486.96239026513416,,,,,
,牛,NYCI月均(c/kg lwt)($/Head),2007-09-01,461.4856770899969,,,,,
,牛,NYCI月均(c/kg lwt)($/Head),2007-10-01,413.9702673675301,,,,,
,牛,NYCI月均(c/kg lwt)($/Head),2007-11-01,468.8238121472351,,,,,
,牛,NYCI月均(c/kg lwt)($/Head),2007-12-01,489.7129949605444,,,,,
,牛,NYCI月均(c/kg lwt)($/Head),2008-01-01,528.2090494597659,,,,,
,牛,NYCI月均(c/kg lwt)($/Head),2008-02-01,531.4340411293383,,,,,
,牛,NYCI月均(c/kg lwt)($/Head),2008-03-01,499.5096156591184,,,,,
,牛,NYCI月均(c/kg lwt)($/Head),2008-04-01,499.3724978687711,,,,,
,牛,NYCI月均(c/kg lwt)($/Head),2008-05-01,469.8791392236217,,,,,
,牛,NYCI月均(c/kg lwt)($/Head),2008-06-01,477.2505972224537,,,,,
,牛,NYCI月均(c/kg lwt)($/Head),2008-07-01,487.3036721690991,,,,,
,牛,NYCI月均(c/kg lwt)($/Head),2008-08-01,495.7434278334586,,,,,
,牛,NYCI月均(c/kg lwt)($/Head),2008-09-01,533.7577376124626,,,,,
,牛,NYCI月均(c/kg lwt)($/Head),2008-10-01,515.6954613400027,,,,,
,牛,NYCI月均(c/kg lwt)($/Head),2008-11-01,524.262927085959,,,,,
,牛,NYCI月均(c/kg lwt)($/Head),2008-12-01,528.1212663428754,,,,,
,牛,NYCI月均(c/kg lwt)($/Head),2009-01-01,513.3160754690733,,,,,
,牛,NYCI月均(c/kg lwt)($/Head),2009-02-01,476.0644553221582,,,,,
,牛,NYCI月均(c/kg lwt)($/Head),2009-03-01,494.3395916683169,,,,,
,牛,NYCI月均(c/kg lwt)($/Head),2009-04-01,471.5400960142386,,,,,
,牛,NYCI月均(c/kg lwt)($/Head),2009-05-01,455.5322797253284,,,,,
,牛,NYCI月均(c/kg lwt)($/Head),2009-06-01,469.96935826018193,,,,,
,牛,NYCI月均(c/kg lwt)($/Head),2009-07-01,481.9095319990402,,,,,
,牛,NYCI月均(c/kg lwt)($/Head),2009-08-01,488.1536071528868,,,,,
,牛,NYCI月均(c/kg lwt)($/Head),2009-09-01,484.0503817407407,,,,,
,牛,NYCI月均(c/kg lwt)($/Head),2009-10-01,473.0707170146573,,,,,
,牛,NYCI月均(c/kg lwt)($/Head),2009-11-01,469.6036548125039,,,,,
,牛,NYCI月均(c/kg lwt)($/Head),2009-12-01,432.26287213901344,,,,,
,牛,NYCI月均(c/kg lwt)($/Head),2010-01-01,467.47236409210905,,,,,
,牛,NYCI月均(c/kg lwt)($/Head),2010-02-01,512.821763872326,,,,,
,牛,NYCI月均(c/kg lwt)($/Head),2010-03-01,544.7066509643441,,,,,
,牛,NYCI月均(c/kg lwt)($/Head),2010-04-01,558.5274321288563,,,,,
,牛,NYCI月均(c/kg lwt)($/Head),2010-05-01,547.1823799387611,,,,,
,牛,NYCI月均(c/kg lwt)($/Head),2010-06-01,539.53565606384,,,,,
,牛,NYCI月均(c/kg lwt)($/Head),2010-07-01,538.147957666371,,,,,
,牛,NYCI月均(c/kg lwt)($/Head),2010-08-01,564.9481548436589,,,,,
,牛,NYCI月均(c/kg lwt)($/Head),2010-09-01,565.1495638401282,,,,,
,牛,NYCI月均(c/kg lwt)($/Head),2010-10-01,578.8445985561373,,,,,
,牛,NYCI月均(c/kg lwt)($/Head),2010-11-01,591.2102992590792,,,,,
,牛,NYCI月均(c/kg lwt)($/Head),2010-12-01,641.3896429427195,,,,,
,牛,NYCI月均(c/kg lwt)($/Head),2011-01-01,662.6031403415178,,,,,
,牛,NYCI月均(c/kg lwt)($/Head),2011-02-01,663.8707080229552,,,,,
,牛,NYCI月均(c/kg lwt)($/Head),2011-03-01,683.0975194709972,,,,,
,牛,NYCI月均(c/kg lwt)($/Head),2011-04-01,662.1817795993014,,,,,
,牛,NYCI月均(c/kg lwt)($/Head),2011-05-01,603.4289680053017,,,,,
,牛,NYCI月均(c/kg lwt)($/Head),2011-06-01,573.4427684563369,,,,,
,牛,NYCI月均(c/kg lwt)($/Head),2011-07-01,567.7455679007273,,,,,
,牛,NYCI月均(c/kg lwt)($/Head),2011-08-01,570.4893390889561,,,,,
,牛,NYCI月均(c/kg lwt)($/Head),2011-09-01,606.8924574902004,,,,,
,牛,NYCI月均(c/kg lwt)($/Head),2011-10-01,625.8801879317062,,,,,
,牛,NYCI月均(c/kg lwt)($/Head),2011-11-01,643.9049773589693,,,,,
,牛,NYCI月均(c/kg lwt)($/Head),2011-12-01,684.309796027319,,,,,
,牛,NYCI月均(c/kg lwt)($/Head),2012-01-01,650.2863064796875,,,,,
,牛,NYCI月均(c/kg lwt)($/Head),2012-02-01,633.2643322484714,,,,,
,牛,NYCI月均(c/kg lwt)($/Head),2012-03-01,646.018066245155,,,,,
,牛,NYCI月均(c/kg lwt)($/Head),2012-04-01,602.9295482748502,,,,,
,牛,NYCI月均(c/kg lwt)($/Head),2012-05-01,583.4285167144334,,,,,
,牛,NYCI月均(c/kg lwt)($/Head),2012-06-01,562.752474032391,,,,,
,牛,NYCI月均(c/kg lwt)($/Head),2012-07-01,589.8009765671846,,,,,
,牛,NYCI月均(c/kg lwt)($/Head),2012-08-01,579.5562676290916,,,,,
,牛,NYCI月均(c/kg lwt)($/Head),2012-09-01,552.6490882575508,,,,,
,牛,NYCI月均(c/kg lwt)($/Head),2012-10-01,527.3091273662911,,,,,
,牛,NYCI月均(c/kg lwt)($/Head),2012-11-01,527.136229511667,,,,,
,牛,NYCI月均(c/kg lwt)($/Head),2012-12-01,516.8048237371587,,,,,
,牛,NYCI月均(c/kg lwt)($/Head),2013-01-01,493.2061374904959,,,,,
,牛,NYCI月均(c/kg lwt)($/Head),2013-02-01,514.6473901527336,,,,,
,牛,NYCI月均(c/kg lwt)($/Head),2013-03-01,510.2047597182593,,,,,
,牛,NYCI月均(c/kg lwt)($/Head),2013-04-01,472.1025888400914,,,,,
,牛,NYCI月均(c/kg lwt)($/Head),2013-05-01,432.06258027011313,,,,,
,牛,NYCI月均(c/kg lwt)($/Head),2013-06-01,454.6063544936832,,,,,
,牛,NYCI月均(c/kg lwt)($/Head),2013-07-01,469.6188601789936,,,,,
,牛,NYCI月均(c/kg lwt)($/Head),2013-08-01,453.5542434785352,,,,,
,牛,NYCI月均(c/kg lwt)($/Head),2013-09-01,427.5448042974509,,,,,
,牛,NYCI月均(c/kg lwt)($/Head),2013-10-01,418.4872478906639,,,,,
,牛,NYCI月均(c/kg lwt)($/Head),2013-11-01,441.3617416044918,,,,,
,牛,NYCI月均(c/kg lwt)($/Head),2013-12-01,473.39084406683,,,,,
,牛,NYCI月均(c/kg lwt)($/Head),2014-01-01,468.3715735637085,,,,,
,牛,NYCI月均(c/kg lwt)($/Head),2014-02-01,421.585634661384,,,,,
,牛,NYCI月均(c/kg lwt)($/Head),2014-03-01,419.0087977944624,,,,,
,牛,NYCI月均(c/kg lwt)($/Head),2014-04-01,517.6659565260384,,,,,
,牛,NYCI月均(c/kg lwt)($/Head),2014-05-01,488.1233654778784,,,,,
,牛,NYCI月均(c/kg lwt)($/Head),2014-06-01,473.0076823388184,,,,,
,牛,NYCI月均(c/kg lwt)($/Head),2014-07-01,469.72303147194776,,,,,
,牛,NYCI月均(c/kg lwt)($/Head),2014-08-01,489.5636533887704,,,,,
,牛,NYCI月均(c/kg lwt)($/Head),2014-09-01,544.4598183332114,,,,,
,牛,NYCI月均(c/kg lwt)($/Head),2014-10-01,525.0667696524349,,,,,
,牛,NYCI月均(c/kg lwt)($/Head),2014-11-01,496.0901737591574,,,,,
,牛,NYCI月均(c/kg lwt)($/Head),2014-12-01,592.4927034607532,,,,,
,牛,NYCI月均(c/kg lwt)($/Head),2015-01-01,655.535269054458,,,,,
,牛,NYCI月均(c/kg lwt)($/Head),2015-02-01,658.940538188601,,,,,
,牛,NYCI月均(c/kg lwt)($/Head),2015-03-01,610.1121881572248,,,,,
,牛,NYCI月均(c/kg lwt)($/Head),2015-04-01,616.1385165843841,,,,,
,牛,NYCI月均(c/kg lwt)($/Head),2015-05-01,663.8969442341087,,,,,
,牛,NYCI月均(c/kg lwt)($/Head),2015-06-01,661.6487805813289,,,,,
,牛,NYCI月均(c/kg lwt)($/Head),2015-07-01,744.5251192947547,,,,,
,牛,NYCI月均(c/kg lwt)($/Head),2015-08-01,772.1308398826556,,,,,
,牛,NYCI月均(c/kg lwt)($/Head),2015-09-01,830.4653322721748,,,,,
,牛,NYCI月均(c/kg lwt)($/Head),2015-10-01,795.7545362958643,,,,,
,牛,NYCI月均(c/kg lwt)($/Head),2015-11-01,911.4485417364556,,,,,
,牛,NYCI月均(c/kg lwt)($/Head),2015-12-01,894.4622867536526,,,,,
,牛,NYCI月均(c/kg lwt)($/Head),2016-01-01,896.9427788355109,,,,,
,牛,NYCI月均(c/kg lwt)($/Head),2016-02-01,935.1607586048794,,,,,
,牛,NYCI月均(c/kg lwt)($/Head),2016-03-01,905.3962894534618,,,,,
,牛,NYCI月均(c/kg lwt)($/Head),2016-04-01,825.68999646927,,,,,
,牛,NYCI月均(c/kg lwt)($/Head),2016-05-01,825.5468138478215,,,,,
,牛,NYCI月均(c/kg lwt)($/Head),2016-06-01,882.4942560334651,,,,,
,牛,NYCI月均(c/kg lwt)($/Head),2016-07-01,943.9151134020644,,,,,
,牛,NYCI月均(c/kg lwt)($/Head),2016-08-01,1050.4963090406652,,,,,
,牛,NYCI月均(c/kg lwt)($/Head),2016-09-01,1074.485551397738,,,,,
,牛,NYCI月均(c/kg lwt)($/Head),2016-10-01,1111.7077600556547,,,,,
,牛,NYCI月均(c/kg lwt)($/Head),2016-11-01,1045.2556786882649,,,,,
,牛,NYCI月均(c/kg lwt)($/Head),2016-12-01,1081.4217422100455,,,,,
,牛,NYCI月均(c/kg lwt)($/Head),2017-01-01,1072.0311688463994,,,,,
,牛,NYCI月均(c/kg lwt)($/Head),2017-02-01,1038.033297707325,,,,,
,牛,NYCI月均(c/kg lwt)($/Head),2017-03-01,1011.9819673319986,,,,,
,牛,NYCI月均(c/kg lwt)($/Head),2017-04-01,1056.6992496806076,,,,,
,牛,NYCI月均(c/kg lwt)($/Head),2017-05-01,1046.031435197787,,,,,
,牛,NYCI月均(c/kg lwt)($/Head),2017-06-01,992.0473470356804,,,,,
,牛,NYCI月均(c/kg lwt)($/Head),2017-07-01,909.800449933364,,,,,
,牛,NYCI月均(c/kg lwt)($/Head),2017-08-01,848.3391573047874,,,,,
,牛,NYCI月均(c/kg lwt)($/Head),2017-09-01,809.6816761092641,,,,,
,牛,NYCI月均(c/kg lwt)($/Head),2017-10-01,903.144182807736,,,,,
,牛,NYCI月均(c/kg lwt)($/Head),2017-11-01,978.4715081070632,,,,,
,牛,NYCI月均(c/kg lwt)($/Head),2017-12-01,976.8762510520304,,,,,
,牛,NYCI月均(c/kg lwt)($/Head),2018-01-01,919.4105800857084,,,,,
,牛,NYCI月均(c/kg lwt)($/Head),2018-02-01,836.238979891305,,,,,
,牛,NYCI月均(c/kg lwt)($/Head),2018-03-01,895.8430796980423,,,,,
,牛,NYCI月均(c/kg lwt)($/Head),2018-04-01,784.4631927523035,,,,,
,牛,NYCI月均(c/kg lwt)($/Head),2018-05-01,711.1361125366492,,,,,
,牛,NYCI月均(c/kg lwt)($/Head),2018-06-01,674.9785716970041,,,,,
,牛,NYCI月均(c/kg lwt)($/Head),2018-07-01,697.1797797336233,,,,,
,牛,NYCI月均(c/kg lwt)($/Head),2018-08-01,621.082243616473,,,,,
,牛,NYCI月均(c/kg lwt)($/Head),2018-09-01,664.5961448111279,,,,,
,牛,NYCI月均(c/kg lwt)($/Head),2018-10-01,737.0140907328092,,,,,
,牛,NYCI月均(c/kg lwt)($/Head),2018-11-01,755.3935909399629,,,,,
,牛,NYCI月均(c/kg lwt)($/Head),2018-12-01,794.4274281799288,,,,,
,牛,NYCI月均(c/kg lwt)($/Head),2019-01-01,751.7616268726521,,,,,
,牛,NYCI月均(c/kg lwt)($/Head),2019-02-01,671.2392895576675,,,,,
,牛,NYCI月均(c/kg lwt)($/Head),2019-03-01,589.1708840902537,,,,,
,牛,NYCI月均(c/kg lwt)($/Head),2019-04-01,668.5887405705015,,,,,
,牛,NYCI月均(c/kg lwt)($/Head),2019-05-01,658.120370229337,,,,,
,牛,NYCI月均(c/kg lwt)($/Head),2019-06-01,658.2679421300763,,,,,
,牛,NYCI月均(c/kg lwt)($/Head),2019-07-01,708.1681103017867,,,,,
,牛,NYCI月均(c/kg lwt)($/Head),2019-08-01,725.4462365063519,,,,,
,牛,NYCI月均(c/kg lwt)($/Head),2019-09-01,656.9224076379965,,,,,
,牛,NYCI月均(c/kg lwt)($/Head),2019-10-01,691.9104356513334,,,,,
,牛,NYCI月均(c/kg lwt)($/Head),2019-11-01,747.1040087323437,,,,,
,牛,NYCI月均(c/kg lwt)($/Head),2019-12-01,738.5103635485422,,,,,
,牛,NYCI月均(c/kg lwt)($/Head),2020-01-01,789.9986593710778,,,,,
,牛,NYCI月均(c/kg lwt)($/Head),2020-02-01,1076.7632405319591,,,,,
,牛,NYCI月均(c/kg lwt)($/Head),2020-03-01,1134.802461278322,,,,,
,牛,NYCI月均(c/kg lwt)($/Head),2020-04-01,1101.3023089766357,,,,,
,牛,NYCI月均(c/kg lwt)($/Head),2020-05-01,1171.0656109084605,,,,,
,牛,NYCI月均(c/kg lwt)($/Head),2020-06-01,1200.5600430323882,,,,,
,牛,NYCI月均(c/kg lwt)($/Head),2020-07-01,1177.8734305200428,,,,,
,牛,NYCI月均(c/kg lwt)($/Head),2020-08-01,1248.9237133221652,,,,,
,牛,NYCI月均(c/kg lwt)($/Head),2020-09-01,1293.8121736489322,,,,,
,牛,NYCI月均(c/kg lwt)($/Head),2020-10-01,1350.3229572494586,,,,,
,牛,NYCI月均(c/kg lwt)($/Head),2020-11-01,1379.1428193329762,,,,,
,牛,NYCI月均(c/kg lwt)($/Head),2020-12-01,1449.05008033783,,,,,
,牛,NYCI月均(c/kg lwt)($/Head),2021-01-01,1597.6987740160766,,,,,
,牛,NYCI月均(c/kg lwt)($/Head),2021-02-01,1546.1018549762618,,,,,
,牛,NYCI月均(c/kg lwt)($/Head),2021-03-01,1538.9413508881878,,,,,
,牛,NYCI月均(c/kg lwt)($/Head),2021-04-01,1550.2045538652524,,,,,
,牛,NYCI月均(c/kg lwt)($/Head),2021-05-01,1528.841335830443,,,,,
,牛,NYCI月均(c/kg lwt)($/Head),2021-06-01,1573.0321944575082,,,,,
,牛,NYCI月均(c/kg lwt)($/Head),2021-07-01,1640.6698144850802,,,,,
,牛,NYCI月均(c/kg lwt)($/Head),2021-08-01,1656.5428555487422,,,,,
,牛,NYCI月均(c/kg lwt)($/Head),2021-09-01,1739.2429916135363,,,,,
,牛,NYCI月均(c/kg lwt)($/Head),2021-10-01,1812.221993294107,,,,,
,牛,NYCI月均(c/kg lwt)($/Head),2021-11-01,1942.1846019143472,,,,,
,牛,NYCI月均(c/kg lwt)($/Head),2021-12-01,2100.523631599457,,,,,
,牛,NYCI月均(c/kg lwt)($/Head),2022-01-01,2044.2004911062872,,,,,
,牛,NYCI月均(c/kg lwt)($/Head),2022-02-01,2123.600352570533,,,,,
,牛,NYCI月均(c/kg lwt)($/Head),2022-03-01,2073.291000212397,,,,,
,牛,NYCI月均(c/kg lwt)($/Head),2022-04-01,1922.9800278285209,,,,,
,牛,NYCI月均(c/kg lwt)($/Head),2022-05-01,1972.1894745944137,,,,,
,牛,NYCI月均(c/kg lwt)($/Head),2022-06-01,1806.856229188548,,,,,
,牛,NYCI月均(c/kg lwt)($/Head),2022-07-01,1590.4100834047529,,,,,
,牛,NYCI月均(c/kg lwt)($/Head),2022-08-01,1657.4746504142029,,,,,
,牛,NYCI月均(c/kg lwt)($/Head),2022-09-01,1887.9707568256288,,,,,
,牛,NYCI月均(c/kg lwt)($/Head),2022-10-01,1915.882051365707,,,,,
,牛,NYCI月均(c/kg lwt)($/Head),2022-11-01,1801.767669766427,,,,,
,牛,NYCI月均(c/kg lwt)($/Head),2022-12-01,1778.4373094242828,,,,,
,牛,NYCI月均(c/kg lwt)($/Head),2023-01-01,1632.993195760009,,,,,
,牛,NYCI月均(c/kg lwt)($/Head),2023-02-01,1405.651940616217,,,,,
,牛,NYCI月均(c/kg lwt)($/Head),2023-03-01,1233.7213744153469,,,,,
,牛,NYCI月均(c/kg lwt)($/Head),2023-04-01,1174.7700222659432,,,,,
,牛,NYCI月均(c/kg lwt)($/Head),2023-05-01,1057.681849832211,,,,,
,牛,NYCI月均(c/kg lwt)($/Head),2023-06-01,922.1964961999242,,,,,
,牛,NYCI月均(c/kg lwt)($/Head),2023-07-01,883.0200692998168,,,,,
,牛,NYCI月均(c/kg lwt)($/Head),2023-08-01,828.4279303777715,,,,,
,牛,NYCI月均(c/kg lwt)($/Head),2023-09-01,657.625171875508,,,,,
,牛,NYCI月均(c/kg lwt)($/Head),2023-10-01,574.5925144669759,,,,,
,牛,NYCI月均(c/kg lwt)($/Head),2023-11-01,742.7782881599655,,,,,
,牛,NYCI月均(c/kg lwt)($/Head),2023-12-01,891.5435528112938,,,,,
,牛,NYCI月均(c/kg lwt)($/Head),2024-01-01,1138.8760979347392,,,,,
,牛,NYCI月均(c/kg lwt)($/Head),2024-02-01,1104.3730902143643,,,,,
,牛,NYCI月均(c/kg lwt)($/Head),2024-03-01,995.1292341701244,,,,,
,牛,NYCI月均(c/kg lwt)($/Head),2024-04-01,975.3510009474252,,,,,
,牛,NYCI月均(c/kg lwt)($/Head),2024-05-01,983.5658832755074,,,,,
,牛,NYCI月均(c/kg lwt)($/Head),2024-06-01,959.8153259483,,,,,
,牛,NYCI月均(c/kg lwt)($/Head),2024-07-01,977.3182548777588,,,,,
,牛,NYCI月均(c/kg lwt)($/Head),2024-08-01,1073.1880949149668,,,,,
,牛,NYCI月均(c/kg lwt)($/Head),2024-09-01,1095.8225221521798,,,,,
,牛,NYCI月均(c/kg lwt)($/Head),2024-10-01,1020.4958287649756,,,,,
,牛,NYCI月均(c/kg lwt)($/Head),2024-11-01,1037.8376437417571,,,,,
,牛,NYCI月均(c/kg lwt)($/Head),2024-12-01,1171.332561877589,,,,,
,牛,NYCI月均(c/kg lwt)($/Head),2025-01-01,1175.730743982567,,,,,
,牛,NYCI月均(c/kg lwt)($/Head),2025-02-01,1111.8981569133134,,,,,
,牛,NYCI月均(c/kg lwt)($/Head),2025-03-01,1114.4922556261083,,,,,
,牛,NYCI月均(c/kg lwt)($/Head),2025-04-01,1175.5579658325405,,,,,
,牛,NYCI月均(c/kg lwt)($/Head),2025-05-01,1118.994357982924,,,,,
,牛,NYCI月均(c/kg lwt)($/Head),2025-06-01,1151.6394973818044,,,,,
,牛,NYCI月均(c/kg lwt)($/Head),2025-07-01,1214.913486167535,,,,,
,牛,NYCI月均(c/kg lwt)($/Head),2025-08-01,1403.0138244577213,,,,,
,牛,NYCI月均(c/kg lwt)($/Head),2025-09-01,1469.779246621378,,,,,
,牛,NYCI月均(c/kg lwt)($/Head),2025-10-01,1388.2634729195945,,,,,
,牛,NYCI月均(c/kg lwt)($/Head),2025-11-01,1514.7395890936657,,,,,
,牛,NYCI月均(c/kg lwt)($/Head),2025-12-01,1648.3617216987348,,,,,
,牛,NYCI月均(c/kg lwt)($/Head),2026-01-01,1454.659539904988,,,,,
,牛,NYCI月均(c/kg lwt)($/Head),2026-02-01,1412.6407424475171,,,,,
,牛,NYCI月均(c/kg lwt)($/Head),2026-03-01,1445.1721870651252,,,,,
,牛,NYCI月均(c/kg lwt)($/Head),2026-04-01,1251.6027565861937,,,,,
,牛,NYCI月均(c/kg lwt)($/Head),2026-05-01,1320.1164791132965,,,,,
,牛,NYCI月均(c/kg lwt)($/Head),2026-06-01,1560.3962423114615,,,,,
,牛,NYCI月成交头数,2000-01-01,43759.0,,,,,
,牛,NYCI月成交头数,2000-02-01,41536.0,,,,,
,牛,NYCI月成交头数,2000-03-01,39196.0,,,,,
,牛,NYCI月成交头数,2000-04-01,34718.0,,,,,
,牛,NYCI月成交头数,2000-05-01,54480.0,,,,,
,牛,NYCI月成交头数,2000-06-01,45368.0,,,,,
,牛,NYCI月成交头数,2000-07-01,34744.0,,,,,
,牛,NYCI月成交头数,2000-08-01,33944.0,,,,,
,牛,NYCI月成交头数,2000-09-01,34146.0,,,,,
,牛,NYCI月成交头数,2000-10-01,36842.0,,,,,
,牛,NYCI月成交头数,2000-11-01,36190.0,,,,,
,牛,NYCI月成交头数,2000-12-01,28487.0,,,,,
,牛,NYCI月成交头数,2001-01-01,33704.0,,,,,
,牛,NYCI月成交头数,2001-02-01,33619.0,,,,,
,牛,NYCI月成交头数,2001-03-01,46001.0,,,,,
,牛,NYCI月成交头数,2001-04-01,34242.0,,,,,
,牛,NYCI月成交头数,2001-05-01,58042.0,,,,,
,牛,NYCI月成交头数,2001-06-01,30918.0,,,,,
,牛,NYCI月成交头数,2001-07-01,36376.0,,,,,
,牛,NYCI月成交头数,2001-08-01,30608.0,,,,,
,牛,NYCI月成交头数,2001-09-01,31898.0,,,,,
,牛,NYCI月成交头数,2001-10-01,32911.0,,,,,
,牛,NYCI月成交头数,2001-11-01,44252.0,,,,,
,牛,NYCI月成交头数,2001-12-01,33341.0,,,,,
,牛,NYCI月成交头数,2002-01-01,57106.0,,,,,
,牛,NYCI月成交头数,2002-02-01,53204.0,,,,,
,牛,NYCI月成交头数,2002-03-01,52941.0,,,,,
,牛,NYCI月成交头数,2002-04-01,52399.0,,,,,
,牛,NYCI月成交头数,2002-05-01,55915.0,,,,,
,牛,NYCI月成交头数,2002-06-01,36790.0,,,,,
,牛,NYCI月成交头数,2002-07-01,53721.0,,,,,
,牛,NYCI月成交头数,2002-08-01,51637.0,,,,,
,牛,NYCI月成交头数,2002-09-01,43403.0,,,,,
,牛,NYCI月成交头数,2002-10-01,51602.0,,,,,
,牛,NYCI月成交头数,2002-11-01,53793.0,,,,,
,牛,NYCI月成交头数,2002-12-01,40559.0,,,,,
,牛,NYCI月成交头数,2003-01-01,51663.0,,,,,
,牛,NYCI月成交头数,2003-02-01,51253.0,,,,,
,牛,NYCI月成交头数,2003-03-01,46382.0,,,,,
,牛,NYCI月成交头数,2003-04-01,32878.0,,,,,
,牛,NYCI月成交头数,2003-05-01,57444.0,,,,,
,牛,NYCI月成交头数,2003-06-01,48020.0,,,,,
,牛,NYCI月成交头数,2003-07-01,41336.0,,,,,
,牛,NYCI月成交头数,2003-08-01,38524.0,,,,,
,牛,NYCI月成交头数,2003-09-01,42681.0,,,,,
,牛,NYCI月成交头数,2003-10-01,34205.0,,,,,
,牛,NYCI月成交头数,2003-11-01,39813.0,,,,,
,牛,NYCI月成交头数,2003-12-01,41427.0,,,,,
,牛,NYCI月成交头数,2004-01-01,49911.0,,,,,
,牛,NYCI月成交头数,2004-02-01,54212.0,,,,,
,牛,NYCI月成交头数,2004-03-01,47578.0,,,,,
,牛,NYCI月成交头数,2004-04-01,37309.0,,,,,
,牛,NYCI月成交头数,2004-05-01,56427.0,,,,,
,牛,NYCI月成交头数,2004-06-01,35844.0,,,,,
,牛,NYCI月成交头数,2004-07-01,37731.0,,,,,
,牛,NYCI月成交头数,2004-08-01,35861.0,,,,,
,牛,NYCI月成交头数,2004-09-01,30839.0,,,,,
,牛,NYCI月成交头数,2004-10-01,38889.0,,,,,
,牛,NYCI月成交头数,2004-11-01,45162.0,,,,,
,牛,NYCI月成交头数,2004-12-01,39226.0,,,,,
,牛,NYCI月成交头数,2005-01-01,49339.0,,,,,
,牛,NYCI月成交头数,2005-02-01,45888.0,,,,,
,牛,NYCI月成交头数,2005-03-01,47892.0,,,,,
,牛,NYCI月成交头数,2005-04-01,57065.0,,,,,
,牛,NYCI月成交头数,2005-05-01,72185.0,,,,,
,牛,NYCI月成交头数,2005-06-01,44204.0,,,,,
,牛,NYCI月成交头数,2005-07-01,38361.0,,,,,
,牛,NYCI月成交头数,2005-08-01,35302.0,,,,,
,牛,NYCI月成交头数,2005-09-01,29122.0,,,,,
,牛,NYCI月成交头数,2005-10-01,40195.0,,,,,
,牛,NYCI月成交头数,2005-11-01,40224.0,,,,,
,牛,NYCI月成交头数,2005-12-01,38867.0,,,,,
,牛,NYCI月成交头数,2006-01-01,43027.0,,,,,
,牛,NYCI月成交头数,2006-02-01,48686.0,,,,,
,牛,NYCI月成交头数,2006-03-01,69548.0,,,,,
,牛,NYCI月成交头数,2006-04-01,42723.0,,,,,
,牛,NYCI月成交头数,2006-05-01,77710.0,,,,,
,牛,NYCI月成交头数,2006-06-01,48856.0,,,,,
,牛,NYCI月成交头数,2006-07-01,37047.0,,,,,
,牛,NYCI月成交头数,2006-08-01,34784.0,,,,,
,牛,NYCI月成交头数,2006-09-01,35893.0,,,,,
,牛,NYCI月成交头数,2006-10-01,52013.0,,,,,
,牛,NYCI月成交头数,2006-11-01,52969.0,,,,,
,牛,NYCI月成交头数,2006-12-01,32859.0,,,,,
,牛,NYCI月成交头数,2007-01-01,37887.0,,,,,
,牛,NYCI月成交头数,2007-02-01,42195.0,,,,,
,牛,NYCI月成交头数,2007-03-01,38805.0,,,,,
,牛,NYCI月成交头数,2007-04-01,33485.0,,,,,
,牛,NYCI月成交头数,2007-05-01,40838.0,,,,,
,牛,NYCI月成交头数,2007-06-01,44459.0,,,,,
,牛,NYCI月成交头数,2007-07-01,34942.0,,,,,
,牛,NYCI月成交头数,2007-08-01,27116.0,,,,,
,牛,NYCI月成交头数,2007-09-01,32824.0,,,,,
,牛,NYCI月成交头数,2007-10-01,37677.0,,,,,
,牛,NYCI月成交头数,2007-11-01,43790.0,,,,,
,牛,NYCI月成交头数,2007-12-01,35188.0,,,,,
,牛,NYCI月成交头数,2008-01-01,36571.0,,,,,
,牛,NYCI月成交头数,2008-02-01,51480.0,,,,,
,牛,NYCI月成交头数,2008-03-01,38782.0,,,,,
,牛,NYCI月成交头数,2008-04-01,49005.0,,,,,
,牛,NYCI月成交头数,2008-05-01,57411.0,,,,,
,牛,NYCI月成交头数,2008-06-01,53925.0,,,,,
,牛,NYCI月成交头数,2008-07-01,41268.0,,,,,
,牛,NYCI月成交头数,2008-08-01,33160.0,,,,,
,牛,NYCI月成交头数,2008-09-01,39526.0,,,,,
,牛,NYCI月成交头数,2008-10-01,40809.0,,,,,
,牛,NYCI月成交头数,2008-11-01,38431.0,,,,,
,牛,NYCI月成交头数,2008-12-01,35031.0,,,,,
,牛,NYCI月成交头数,2009-01-01,38832.0,,,,,
,牛,NYCI月成交头数,2009-02-01,41469.0,,,,,
,牛,NYCI月成交头数,2009-03-01,60957.0,,,,,
,牛,NYCI月成交头数,2009-04-01,47952.0,,,,,
,牛,NYCI月成交头数,2009-05-01,48819.0,,,,,
,牛,NYCI月成交头数,2009-06-01,55559.0,,,,,
,牛,NYCI月成交头数,2009-07-01,44974.0,,,,,
,牛,NYCI月成交头数,2009-08-01,44043.0,,,,,
,牛,NYCI月成交头数,2009-09-01,39700.0,,,,,
,牛,NYCI月成交头数,2009-10-01,40990.0,,,,,
,牛,NYCI月成交头数,2009-11-01,41788.0,,,,,
,牛,NYCI月成交头数,2009-12-01,36723.0,,,,,
,牛,NYCI月成交头数,2010-01-01,41021.0,,,,,
,牛,NYCI月成交头数,2010-02-01,46550.0,,,,,
,牛,NYCI月成交头数,2010-03-01,79156.0,,,,,
,牛,NYCI月成交头数,2010-04-01,95239.0,,,,,
,牛,NYCI月成交头数,2010-05-01,104804.0,,,,,
,牛,NYCI月成交头数,2010-06-01,86838.0,,,,,
,牛,NYCI月成交头数,2010-07-01,67653.0,,,,,
,牛,NYCI月成交头数,2010-08-01,57096.0,,,,,
,牛,NYCI月成交头数,2010-09-01,45095.0,,,,,
,牛,NYCI月成交头数,2010-10-01,62490.0,,,,,
,牛,NYCI月成交头数,2010-11-01,71319.0,,,,,
,牛,NYCI月成交头数,2010-12-01,44363.0,,,,,
,牛,NYCI月成交头数,2011-01-01,47407.0,,,,,
,牛,NYCI月成交头数,2011-02-01,63828.0,,,,,
,牛,NYCI月成交头数,2011-03-01,66412.0,,,,,
,牛,NYCI月成交头数,2011-04-01,57880.0,,,,,
,牛,NYCI月成交头数,2011-05-01,89847.0,,,,,
,牛,NYCI月成交头数,2011-06-01,69966.0,,,,,
,牛,NYCI月成交头数,2011-07-01,68326.0,,,,,
,牛,NYCI月成交头数,2011-08-01,48423.0,,,,,
,牛,NYCI月成交头数,2011-09-01,74741.0,,,,,
,牛,NYCI月成交头数,2011-10-01,54036.0,,,,,
,牛,NYCI月成交头数,2011-11-01,75787.0,,,,,
,牛,NYCI月成交头数,2011-12-01,40898.0,,,,,
,牛,NYCI月成交头数,2012-01-01,51388.0,,,,,
,牛,NYCI月成交头数,2012-02-01,62790.0,,,,,
,牛,NYCI月成交头数,2012-03-01,88773.0,,,,,
,牛,NYCI月成交头数,2012-04-01,80338.0,,,,,
,牛,NYCI月成交头数,2012-05-01,93421.0,,,,,
,牛,NYCI月成交头数,2012-06-01,82618.0,,,,,
,牛,NYCI月成交头数,2012-07-01,69515.0,,,,,
,牛,NYCI月成交头数,2012-08-01,75012.0,,,,,
,牛,NYCI月成交头数,2012-09-01,66547.0,,,,,
,牛,NYCI月成交头数,2012-10-01,67045.0,,,,,
,牛,NYCI月成交头数,2012-11-01,76806.0,,,,,
,牛,NYCI月成交头数,2012-12-01,57463.0,,,,,
,牛,NYCI月成交头数,2013-01-01,59148.0,,,,,
,牛,NYCI月成交头数,2013-02-01,71257.0,,,,,
,牛,NYCI月成交头数,2013-03-01,90902.0,,,,,
,牛,NYCI月成交头数,2013-04-01,95607.0,,,,,
,牛,NYCI月成交头数,2013-05-01,115485.0,,,,,
,牛,NYCI月成交头数,2013-06-01,88364.0,,,,,
,牛,NYCI月成交头数,2013-07-01,109826.0,,,,,
,牛,NYCI月成交头数,2013-08-01,79633.0,,,,,
,牛,NYCI月成交头数,2013-09-01,64401.0,,,,,
,牛,NYCI月成交头数,2013-10-01,68847.0,,,,,
,牛,NYCI月成交头数,2013-11-01,69435.0,,,,,
,牛,NYCI月成交头数,2013-12-01,71503.0,,,,,
,牛,NYCI月成交头数,2014-01-01,77055.0,,,,,
,牛,NYCI月成交头数,2014-02-01,73620.0,,,,,
,牛,NYCI月成交头数,2014-03-01,87338.0,,,,,
,牛,NYCI月成交头数,2014-04-01,75657.0,,,,,
,牛,NYCI月成交头数,2014-05-01,97687.0,,,,,
,牛,NYCI月成交头数,2014-06-01,81340.0,,,,,
,牛,NYCI月成交头数,2014-07-01,102375.0,,,,,
,牛,NYCI月成交头数,2014-08-01,66192.0,,,,,
,牛,NYCI月成交头数,2014-09-01,79012.0,,,,,
,牛,NYCI月成交头数,2014-10-01,88420.0,,,,,
,牛,NYCI月成交头数,2014-11-01,93802.0,,,,,
,牛,NYCI月成交头数,2014-12-01,59523.0,,,,,
,牛,NYCI月成交头数,2015-01-01,61749.0,,,,,
,牛,NYCI月成交头数,2015-02-01,118369.0,,,,,
,牛,NYCI月成交头数,2015-03-01,117190.0,,,,,
,牛,NYCI月成交头数,2015-04-01,79610.0,,,,,
,牛,NYCI月成交头数,2015-05-01,113864.0,,,,,
,牛,NYCI月成交头数,2015-06-01,110379.0,,,,,
,牛,NYCI月成交头数,2015-07-01,145980.0,,,,,
,牛,NYCI月成交头数,2015-08-01,115803.0,,,,,
,牛,NYCI月成交头数,2015-09-01,111817.0,,,,,
,牛,NYCI月成交头数,2015-10-01,140612.0,,,,,
,牛,NYCI月成交头数,2015-11-01,121531.0,,,,,
,牛,NYCI月成交头数,2015-12-01,97397.0,,,,,
,牛,NYCI月成交头数,2016-01-01,79293.0,,,,,
,牛,NYCI月成交头数,2016-02-01,115694.0,,,,,
,牛,NYCI月成交头数,2016-03-01,155363.0,,,,,
,牛,NYCI月成交头数,2016-04-01,130539.0,,,,,
,牛,NYCI月成交头数,2016-05-01,144791.0,,,,,
,牛,NYCI月成交头数,2016-06-01,114404.0,,,,,
,牛,NYCI月成交头数,2016-07-01,174726.0,,,,,
,牛,NYCI月成交头数,2016-08-01,154838.0,,,,,
,牛,NYCI月成交头数,2016-09-01,106783.0,,,,,
,牛,NYCI月成交头数,2016-10-01,151614.0,,,,,
,牛,NYCI月成交头数,2016-11-01,137563.0,,,,,
,牛,NYCI月成交头数,2016-12-01,107934.0,,,,,
,牛,NYCI月成交头数,2017-01-01,89806.0,,,,,
,牛,NYCI月成交头数,2017-02-01,159898.0,,,,,
,牛,NYCI月成交头数,2017-03-01,176541.0,,,,,
,牛,NYCI月成交头数,2017-04-01,141425.0,,,,,
,牛,NYCI月成交头数,2017-05-01,212319.0,,,,,
,牛,NYCI月成交头数,2017-06-01,153993.0,,,,,
,牛,NYCI月成交头数,2017-07-01,187097.0,,,,,
,牛,NYCI月成交头数,2017-08-01,126465.0,,,,,
,牛,NYCI月成交头数,2017-09-01,127413.0,,,,,
,牛,NYCI月成交头数,2017-10-01,119373.0,,,,,
,牛,NYCI月成交头数,2017-11-01,163539.0,,,,,
,牛,NYCI月成交头数,2017-12-01,109664.0,,,,,
,牛,NYCI月成交头数,2018-01-01,118127.0,,,,,
,牛,NYCI月成交头数,2018-02-01,190538.0,,,,,
,牛,NYCI月成交头数,2018-03-01,200644.0,,,,,
,牛,NYCI月成交头数,2018-04-01,201307.0,,,,,
,牛,NYCI月成交头数,2018-05-01,265478.0,,,,,
,牛,NYCI月成交头数,2018-06-01,188314.0,,,,,
,牛,NYCI月成交头数,2018-07-01,192849.0,,,,,
,牛,NYCI月成交头数,2018-08-01,190489.0,,,,,
,牛,NYCI月成交头数,2018-09-01,157871.0,,,,,
,牛,NYCI月成交头数,2018-10-01,177067.0,,,,,
,牛,NYCI月成交头数,2018-11-01,198974.0,,,,,
,牛,NYCI月成交头数,2018-12-01,112120.0,,,,,
,牛,NYCI月成交头数,2019-01-01,132112.0,,,,,
,牛,NYCI月成交头数,2019-02-01,157673.0,,,,,
,牛,NYCI月成交头数,2019-03-01,222896.0,,,,,
,牛,NYCI月成交头数,2019-04-01,152800.0,,,,,
,牛,NYCI月成交头数,2019-05-01,181971.0,,,,,
,牛,NYCI月成交头数,2019-06-01,149575.0,,,,,
,牛,NYCI月成交头数,2019-07-01,198063.0,,,,,
,牛,NYCI月成交头数,2019-08-01,178081.0,,,,,
,牛,NYCI月成交头数,2019-09-01,154088.0,,,,,
,牛,NYCI月成交头数,2019-10-01,111393.0,,,,,
,牛,NYCI月成交头数,2019-11-01,187319.0,,,,,
,牛,NYCI月成交头数,2019-12-01,103171.0,,,,,
,牛,NYCI月成交头数,2020-01-01,74895.0,,,,,
,牛,NYCI月成交头数,2020-02-01,148023.0,,,,,
,牛,NYCI月成交头数,2020-03-01,298108.0,,,,,
,牛,NYCI月成交头数,2020-04-01,168113.0,,,,,
,牛,NYCI月成交头数,2020-05-01,255739.0,,,,,
,牛,NYCI月成交头数,2020-06-01,232603.0,,,,,
,牛,NYCI月成交头数,2020-07-01,231086.0,,,,,
,牛,NYCI月成交头数,2020-08-01,198812.0,,,,,
,牛,NYCI月成交头数,2020-09-01,211997.0,,,,,
,牛,NYCI月成交头数,2020-10-01,202421.0,,,,,
,牛,NYCI月成交头数,2020-11-01,244043.0,,,,,
,牛,NYCI月成交头数,2020-12-01,126809.0,,,,,
,牛,NYCI月成交头数,2021-01-01,105109.0,,,,,
,牛,NYCI月成交头数,2021-02-01,207430.0,,,,,
,牛,NYCI月成交头数,2021-03-01,251434.0,,,,,
,牛,NYCI月成交头数,2021-04-01,220688.0,,,,,
,牛,NYCI月成交头数,2021-05-01,262139.0,,,,,
,牛,NYCI月成交头数,2021-06-01,148570.0,,,,,
,牛,NYCI月成交头数,2021-07-01,241105.0,,,,,
,牛,NYCI月成交头数,2021-08-01,208978.0,,,,,
,牛,NYCI月成交头数,2021-09-01,254766.0,,,,,
,牛,NYCI月成交头数,2021-10-01,208167.0,,,,,
,牛,NYCI月成交头数,2021-11-01,223202.0,,,,,
,牛,NYCI月成交头数,2021-12-01,159035.0,,,,,
,牛,NYCI月成交头数,2022-01-01,127131.0,,,,,
,牛,NYCI月成交头数,2022-02-01,236190.0,,,,,
,牛,NYCI月成交头数,2022-03-01,265142.0,,,,,
,牛,NYCI月成交头数,2022-04-01,154520.0,,,,,
,牛,NYCI月成交头数,2022-05-01,217420.0,,,,,
,牛,NYCI月成交头数,2022-06-01,199106.0,,,,,
,牛,NYCI月成交头数,2022-07-01,203503.0,,,,,
,牛,NYCI月成交头数,2022-08-01,144285.0,,,,,
,牛,NYCI月成交头数,2022-09-01,199754.0,,,,,
,牛,NYCI月成交头数,2022-10-01,209981.0,,,,,
,牛,NYCI月成交头数,2022-11-01,260506.0,,,,,
,牛,NYCI月成交头数,2022-12-01,114873.0,,,,,
,牛,NYCI月成交头数,2023-01-01,90304.0,,,,,
,牛,NYCI月成交头数,2023-02-01,149681.0,,,,,
,牛,NYCI月成交头数,2023-03-01,177738.0,,,,,
,牛,NYCI月成交头数,2023-04-01,156513.0,,,,,
,牛,NYCI月成交头数,2023-05-01,210470.0,,,,,
,牛,NYCI月成交头数,2023-06-01,165636.0,,,,,
,牛,NYCI月成交头数,2023-07-01,177610.0,,,,,
,牛,NYCI月成交头数,2023-08-01,157324.0,,,,,
,牛,NYCI月成交头数,2023-09-01,154315.0,,,,,
,牛,NYCI月成交头数,2023-10-01,142520.0,,,,,
,牛,NYCI月成交头数,2023-11-01,134697.0,,,,,
,牛,NYCI月成交头数,2023-12-01,184573.0,,,,,
,牛,NYCI月成交头数,2024-01-01,127386.0,,,,,
,牛,NYCI月成交头数,2024-02-01,231429.0,,,,,
,牛,NYCI月成交头数,2024-03-01,227894.0,,,,,
,牛,NYCI月成交头数,2024-04-01,196673.0,,,,,
,牛,NYCI月成交头数,2024-05-01,271854.0,,,,,
,牛,NYCI月成交头数,2024-06-01,248201.0,,,,,
,牛,NYCI月成交头数,2024-07-01,205874.0,,,,,
,牛,NYCI月成交头数,2024-08-01,203651.0,,,,,
,牛,NYCI月成交头数,2024-09-01,217772.0,,,,,
,牛,NYCI月成交头数,2024-10-01,187750.0,,,,,
,牛,NYCI月成交头数,2024-11-01,182192.0,,,,,
,牛,NYCI月成交头数,2024-12-01,164629.0,,,,,
,牛,NYCI月成交头数,2025-01-01,149209.0,,,,,
,牛,NYCI月成交头数,2025-02-01,192777.0,,,,,
,牛,NYCI月成交头数,2025-03-01,217344.0,,,,,
,牛,NYCI月成交头数,2025-04-01,160014.0,,,,,
,牛,NYCI月成交头数,2025-05-01,343707.0,,,,,
,牛,NYCI月成交头数,2025-06-01,257464.0,,,,,
,牛,NYCI月成交头数,2025-07-01,232288.0,,,,,
,牛,NYCI月成交头数,2025-08-01,236819.0,,,,,
,牛,NYCI月成交头数,2025-09-01,249547.0,,,,,
,牛,NYCI月成交头数,2025-10-01,203999.0,,,,,
,牛,NYCI月成交头数,2025-11-01,254461.0,,,,,
,牛,NYCI月成交头数,2025-12-01,175821.0,,,,,
,牛,NYCI月成交头数,2026-01-01,116603.0,,,,,
,牛,NYCI月成交头数,2026-02-01,171446.0,,,,,
,牛,NYCI月成交头数,2026-03-01,312787.0,,,,,
,牛,NYCI月成交头数,2026-04-01,237114.0,,,,,
,牛,NYCI月成交头数,2026-05-01,253353.0,,,,,
,牛,NYCI月成交头数,2026-06-01,253623.0,,,,,
,牛,"牛屠宰量(千头,季度)",1972-09-01,1712.8,,,,,
,牛,"牛屠宰量(千头,季度)",1972-12-01,1550.4,,,,,
,牛,"牛屠宰量(千头,季度)",1973-03-01,1774.5,,,,,
,牛,"牛屠宰量(千头,季度)",1973-06-01,1796.1,,,,,
,牛,"牛屠宰量(千头,季度)",1973-09-01,1929.0,,,,,
,牛,"牛屠宰量(千头,季度)",1973-12-01,1586.0,,,,,
,牛,"牛屠宰量(千头,季度)",1974-03-01,1233.9,,,,,
,牛,"牛屠宰量(千头,季度)",1974-06-01,1316.1,,,,,
,牛,"牛屠宰量(千头,季度)",1974-09-01,1338.0,,,,,
,牛,"牛屠宰量(千头,季度)",1974-12-01,1857.1,,,,,
,牛,"牛屠宰量(千头,季度)",1975-03-01,1718.0,,,,,
,牛,"牛屠宰量(千头,季度)",1975-06-01,2002.4,,,,,
,牛,"牛屠宰量(千头,季度)",1975-09-01,2065.0,,,,,
,牛,"牛屠宰量(千头,季度)",1975-12-01,1929.9,,,,,
,牛,"牛屠宰量(千头,季度)",1976-03-01,2107.3,,,,,
,牛,"牛屠宰量(千头,季度)",1976-06-01,2404.3,,,,,
,牛,"牛屠宰量(千头,季度)",1976-09-01,2350.8,,,,,
,牛,"牛屠宰量(千头,季度)",1976-12-01,2075.5,,,,,
,牛,"牛屠宰量(千头,季度)",1977-03-01,2411.1,,,,,
,牛,"牛屠宰量(千头,季度)",1977-06-01,2661.3,,,,,
,牛,"牛屠宰量(千头,季度)",1977-09-01,2723.9,,,,,
,牛,"牛屠宰量(千头,季度)",1977-12-01,2531.1,,,,,
,牛,"牛屠宰量(千头,季度)",1978-03-01,2487.3,,,,,
,牛,"牛屠宰量(千头,季度)",1978-06-01,2692.1,,,,,
,牛,"牛屠宰量(千头,季度)",1978-09-01,2521.5,,,,,
,牛,"牛屠宰量(千头,季度)",1978-12-01,2457.8,,,,,
,牛,"牛屠宰量(千头,季度)",1979-03-01,2463.4,,,,,
,牛,"牛屠宰量(千头,季度)",1979-06-01,2083.9,,,,,
,牛,"牛屠宰量(千头,季度)",1979-09-01,1917.5,,,,,
,牛,"牛屠宰量(千头,季度)",1979-12-01,1797.3,,,,,
,牛,"牛屠宰量(千头,季度)",1980-03-01,1628.5,,,,,
,牛,"牛屠宰量(千头,季度)",1980-06-01,2008.1,,,,,
,牛,"牛屠宰量(千头,季度)",1980-09-01,2007.9,,,,,
,牛,"牛屠宰量(千头,季度)",1980-12-01,1675.8,,,,,
,牛,"牛屠宰量(千头,季度)",1981-03-01,1439.8,,,,,
,牛,"牛屠宰量(千头,季度)",1981-06-01,1849.5,,,,,
,牛,"牛屠宰量(千头,季度)",1981-09-01,1757.9,,,,,
,牛,"牛屠宰量(千头,季度)",1981-12-01,1604.4,,,,,
,牛,"牛屠宰量(千头,季度)",1982-03-01,1813.4,,,,,
,牛,"牛屠宰量(千头,季度)",1982-06-01,2042.6,,,,,
,牛,"牛屠宰量(千头,季度)",1982-09-01,2139.8,,,,,
,牛,"牛屠宰量(千头,季度)",1982-12-01,1794.6,,,,,
,牛,"牛屠宰量(千头,季度)",1983-03-01,1743.8,,,,,
,牛,"牛屠宰量(千头,季度)",1983-06-01,1694.4,,,,,
,牛,"牛屠宰量(千头,季度)",1983-09-01,1771.8,,,,,
,牛,"牛屠宰量(千头,季度)",1983-12-01,1435.0,,,,,
,牛,"牛屠宰量(千头,季度)",1984-03-01,1330.7,,,,,
,牛,"牛屠宰量(千头,季度)",1984-06-01,1492.9,,,,,
,牛,"牛屠宰量(千头,季度)",1984-09-01,1530.4,,,,,
,牛,"牛屠宰量(千头,季度)",1984-12-01,1253.8,,,,,
,牛,"牛屠宰量(千头,季度)",1985-03-01,1388.9,,,,,
,牛,"牛屠宰量(千头,季度)",1985-06-01,1650.3,,,,,
,牛,"牛屠宰量(千头,季度)",1985-09-01,1513.7,,,,,
,牛,"牛屠宰量(千头,季度)",1985-12-01,1405.1,,,,,
,牛,"牛屠宰量(千头,季度)",1986-03-01,1498.7,,,,,
,牛,"牛屠宰量(千头,季度)",1986-06-01,1739.2,,,,,
,牛,"牛屠宰量(千头,季度)",1986-09-01,1722.6,,,,,
,牛,"牛屠宰量(千头,季度)",1986-12-01,1650.7,,,,,
,牛,"牛屠宰量(千头,季度)",1987-03-01,1599.9,,,,,
,牛,"牛屠宰量(千头,季度)",1987-06-01,1790.2,,,,,
,牛,"牛屠宰量(千头,季度)",1987-09-01,1733.0,,,,,
,牛,"牛屠宰量(千头,季度)",1987-12-01,1737.3,,,,,
,牛,"牛屠宰量(千头,季度)",1988-03-01,1761.9,,,,,
,牛,"牛屠宰量(千头,季度)",1988-06-01,1694.8,,,,,
,牛,"牛屠宰量(千头,季度)",1988-09-01,1670.7,,,,,
,牛,"牛屠宰量(千头,季度)",1988-12-01,1569.1,,,,,
,牛,"牛屠宰量(千头,季度)",1989-03-01,1436.8,,,,,
,牛,"牛屠宰量(千头,季度)",1989-06-01,1594.7,,,,,
,牛,"牛屠宰量(千头,季度)",1989-09-01,1747.0,,,,,
,牛,"牛屠宰量(千头,季度)",1989-12-01,1732.4,,,,,
,牛,"牛屠宰量(千头,季度)",1990-03-01,1713.0,,,,,
,牛,"牛屠宰量(千头,季度)",1990-06-01,1753.1,,,,,
,牛,"牛屠宰量(千头,季度)",1990-09-01,1870.5,,,,,
,牛,"牛屠宰量(千头,季度)",1990-12-01,1868.8,,,,,
,牛,"牛屠宰量(千头,季度)",1991-03-01,1643.3,,,,,
,牛,"牛屠宰量(千头,季度)",1991-06-01,1966.3,,,,,
,牛,"牛屠宰量(千头,季度)",1991-09-01,1891.2,,,,,
,牛,"牛屠宰量(千头,季度)",1991-12-01,1884.3,,,,,
,牛,"牛屠宰量(千头,季度)",1992-03-01,1858.7,,,,,
,牛,"牛屠宰量(千头,季度)",1992-06-01,2015.8,,,,,
,牛,"牛屠宰量(千头,季度)",1992-09-01,1945.9,,,,,
,牛,"牛屠宰量(千头,季度)",1992-12-01,1892.9,,,,,
,牛,"牛屠宰量(千头,季度)",1993-03-01,1707.8,,,,,
,牛,"牛屠宰量(千头,季度)",1993-06-01,1896.1,,,,,
,牛,"牛屠宰量(千头,季度)",1993-09-01,1922.6,,,,,
,牛,"牛屠宰量(千头,季度)",1993-12-01,1826.6,,,,,
,牛,"牛屠宰量(千头,季度)",1994-03-01,1721.7,,,,,
,牛,"牛屠宰量(千头,季度)",1994-06-01,1819.2,,,,,
,牛,"牛屠宰量(千头,季度)",1994-09-01,1904.9,,,,,
,牛,"牛屠宰量(千头,季度)",1994-12-01,1853.1,,,,,
,牛,"牛屠宰量(千头,季度)",1995-03-01,1617.9,,,,,
,牛,"牛屠宰量(千头,季度)",1995-06-01,1844.2,,,,,
,牛,"牛屠宰量(千头,季度)",1995-09-01,1757.3,,,,,
,牛,"牛屠宰量(千头,季度)",1995-12-01,1695.0,,,,,
,牛,"牛屠宰量(千头,季度)",1996-03-01,1733.9,,,,,
,牛,"牛屠宰量(千头,季度)",1996-06-01,1763.5,,,,,
,牛,"牛屠宰量(千头,季度)",1996-09-01,1682.0,,,,,
,牛,"牛屠宰量(千头,季度)",1996-12-01,1717.9,,,,,
,牛,"牛屠宰量(千头,季度)",1997-03-01,1786.2,,,,,
,牛,"牛屠宰量(千头,季度)",1997-06-01,2084.4,,,,,
,牛,"牛屠宰量(千头,季度)",1997-09-01,2056.7,,,,,
,牛,"牛屠宰量(千头,季度)",1997-12-01,1941.1,,,,,
,牛,"牛屠宰量(千头,季度)",1998-03-01,1945.3,,,,,
,牛,"牛屠宰量(千头,季度)",1998-06-01,2108.6,,,,,
,牛,"牛屠宰量(千头,季度)",1998-09-01,2050.9,,,,,
,牛,"牛屠宰量(千头,季度)",1998-12-01,2000.6,,,,,
,牛,"牛屠宰量(千头,季度)",1999-03-01,1940.3,,,,,
,牛,"牛屠宰量(千头,季度)",1999-06-01,1947.3,,,,,
,牛,"牛屠宰量(千头,季度)",1999-09-01,1918.8,,,,,
,牛,"牛屠宰量(千头,季度)",1999-12-01,1846.6,,,,,
,牛,"牛屠宰量(千头,季度)",2000-03-01,1806.3,,,,,
,牛,"牛屠宰量(千头,季度)",2000-06-01,1948.3,,,,,
,牛,"牛屠宰量(千头,季度)",2000-09-01,1993.1,,,,,
,牛,"牛屠宰量(千头,季度)",2000-12-01,1954.6,,,,,
,牛,"牛屠宰量(千头,季度)",2001-03-01,1913.0,,,,,
,牛,"牛屠宰量(千头,季度)",2001-06-01,2079.9,,,,,
,牛,"牛屠宰量(千头,季度)",2001-09-01,2029.4,,,,,
,牛,"牛屠宰量(千头,季度)",2001-12-01,1786.0,,,,,
,牛,"牛屠宰量(千头,季度)",2002-03-01,1720.9,,,,,
,牛,"牛屠宰量(千头,季度)",2002-06-01,2087.9,,,,,
,牛,"牛屠宰量(千头,季度)",2002-09-01,2077.7,,,,,
,牛,"牛屠宰量(千头,季度)",2002-12-01,2082.3,,,,,
,牛,"牛屠宰量(千头,季度)",2003-03-01,1891.9,,,,,
,牛,"牛屠宰量(千头,季度)",2003-06-01,2030.9,,,,,
,牛,"牛屠宰量(千头,季度)",2003-09-01,1949.1,,,,,
,牛,"牛屠宰量(千头,季度)",2003-12-01,1934.2,,,,,
,牛,"牛屠宰量(千头,季度)",2004-03-01,1848.8,,,,,
,牛,"牛屠宰量(千头,季度)",2004-06-01,2020.8,,,,,
,牛,"牛屠宰量(千头,季度)",2004-09-01,2089.3,,,,,
,牛,"牛屠宰量(千头,季度)",2004-12-01,1934.6,,,,,
,牛,"牛屠宰量(千头,季度)",2005-03-01,1815.2,,,,,
,牛,"牛屠宰量(千头,季度)",2005-06-01,2146.5,,,,,
,牛,"牛屠宰量(千头,季度)",2005-09-01,1874.7,,,,,
,牛,"牛屠宰量(千头,季度)",2005-12-01,1806.9,,,,,
,牛,"牛屠宰量(千头,季度)",2006-03-01,1883.6,,,,,
,牛,"牛屠宰量(千头,季度)",2006-06-01,2014.8,,,,,
,牛,"牛屠宰量(千头,季度)",2006-09-01,1996.0,,,,,
,牛,"牛屠宰量(千头,季度)",2006-12-01,2091.1,,,,,
,牛,"牛屠宰量(千头,季度)",2007-03-01,2033.1,,,,,
,牛,"牛屠宰量(千头,季度)",2007-06-01,2041.5,,,,,
,牛,"牛屠宰量(千头,季度)",2007-09-01,1959.2,,,,,
,牛,"牛屠宰量(千头,季度)",2007-12-01,1965.8,,,,,
,牛,"牛屠宰量(千头,季度)",2008-03-01,1778.2,,,,,
,牛,"牛屠宰量(千头,季度)",2008-06-01,2130.1,,,,,
,牛,"牛屠宰量(千头,季度)",2008-09-01,1982.0,,,,,
,牛,"牛屠宰量(千头,季度)",2008-12-01,1963.9,,,,,
,牛,"牛屠宰量(千头,季度)",2009-03-01,1879.1,,,,,
,牛,"牛屠宰量(千头,季度)",2009-06-01,1964.2,,,,,
,牛,"牛屠宰量(千头,季度)",2009-09-01,1967.8,,,,,
,牛,"牛屠宰量(千头,季度)",2009-12-01,1771.7,,,,,
,牛,"牛屠宰量(千头,季度)",2010-03-01,1732.2,,,,,
,牛,"牛屠宰量(千头,季度)",2010-06-01,1988.9,,,,,
,牛,"牛屠宰量(千头,季度)",2010-09-01,1912.1,,,,,
,牛,"牛屠宰量(千头,季度)",2010-12-01,1838.6,,,,,
,牛,"牛屠宰量(千头,季度)",2011-03-01,1728.3,,,,,
,牛,"牛屠宰量(千头,季度)",2011-06-01,1889.6,,,,,
,牛,"牛屠宰量(千头,季度)",2011-09-01,1825.0,,,,,
,牛,"牛屠宰量(千头,季度)",2011-12-01,1817.8,,,,,
,牛,"牛屠宰量(千头,季度)",2012-03-01,1745.8,,,,,
,牛,"牛屠宰量(千头,季度)",2012-06-01,1812.6,,,,,
,牛,"牛屠宰量(千头,季度)",2012-09-01,1887.1,,,,,
,牛,"牛屠宰量(千头,季度)",2012-12-01,1906.9,,,,,
,牛,"牛屠宰量(千头,季度)",2013-03-01,1867.2,,,,,
,牛,"牛屠宰量(千头,季度)",2013-06-01,2150.0,,,,,
,牛,"牛屠宰量(千头,季度)",2013-09-01,2210.0,,,,,
,牛,"牛屠宰量(千头,季度)",2013-12-01,2117.0,,,,,
,牛,"牛屠宰量(千头,季度)",2014-03-01,2172.6,,,,,
,牛,"牛屠宰量(千头,季度)",2014-06-01,2264.4,,,,,
,牛,"牛屠宰量(千头,季度)",2014-09-01,2464.9,,,,,
,牛,"牛屠宰量(千头,季度)",2014-12-01,2324.3,,,,,
,牛,"牛屠宰量(千头,季度)",2015-03-01,2263.2,,,,,
,牛,"牛屠宰量(千头,季度)",2015-06-01,2367.6,,,,,
,牛,"牛屠宰量(千头,季度)",2015-09-01,2321.7,,,,,
,牛,"牛屠宰量(千头,季度)",2015-12-01,2054.8,,,,,
,牛,"牛屠宰量(千头,季度)",2016-03-01,1824.2,,,,,
,牛,"牛屠宰量(千头,季度)",2016-06-01,1988.1,,,,,
,牛,"牛屠宰量(千头,季度)",2016-09-01,1717.6,,,,,
,牛,"牛屠宰量(千头,季度)",2016-12-01,1758.1,,,,,
,牛,"牛屠宰量(千头,季度)",2017-03-01,1673.8,,,,,
,牛,"牛屠宰量(千头,季度)",2017-06-01,1831.9,,,,,
,牛,"牛屠宰量(千头,季度)",2017-09-01,1923.1,,,,,
,牛,"牛屠宰量(千头,季度)",2017-12-01,1729.7,,,,,
,牛,"牛屠宰量(千头,季度)",2018-03-01,1765.4,,,,,
,牛,"牛屠宰量(千头,季度)",2018-06-01,2060.9,,,,,
,牛,"牛屠宰量(千头,季度)",2018-09-01,2114.7,,,,,
,牛,"牛屠宰量(千头,季度)",2018-12-01,1932.1,,,,,
,牛,"牛屠宰量(千头,季度)",2019-03-01,2010.4,,,,,
,牛,"牛屠宰量(千头,季度)",2019-06-01,2113.3,,,,,
,牛,"牛屠宰量(千头,季度)",2019-09-01,2229.7,,,,,
,牛,"牛屠宰量(千头,季度)",2019-12-01,2128.6,,,,,
,牛,"牛屠宰量(千头,季度)",2020-03-01,1935.2,,,,,
,牛,"牛屠宰量(千头,季度)",2020-06-01,1885.8,,,,,
,牛,"牛屠宰量(千头,季度)",2020-09-01,1761.5,,,,,
,牛,"牛屠宰量(千头,季度)",2020-12-01,1562.7,,,,,
,牛,"牛屠宰量(千头,季度)",2021-03-01,1417.8,,,,,
,牛,"牛屠宰量(千头,季度)",2021-06-01,1538.2,,,,,
,牛,"牛屠宰量(千头,季度)",2021-09-01,1597.1,,,,,
,牛,"牛屠宰量(千头,季度)",2021-12-01,1464.8,,,,,
,牛,"牛屠宰量(千头,季度)",2022-03-01,1339.5,,,,,
,牛,"牛屠宰量(千头,季度)",2022-06-01,1490.4,,,,,
,牛,"牛屠宰量(千头,季度)",2022-09-01,1557.3,,,,,
,牛,"牛屠宰量(千头,季度)",2022-12-01,1462.4,,,,,
,牛,"牛屠宰量(千头,季度)",2023-03-01,1542.4,,,,,
,牛,"牛屠宰量(千头,季度)",2023-06-01,1728.1,,,,,
,牛,"牛屠宰量(千头,季度)",2023-09-01,1908.6,,,,,
,牛,"牛屠宰量(千头,季度)",2023-12-01,1841.1,,,,,
,牛,"牛屠宰量(千头,季度)",2024-03-01,1806.6,,,,,
,牛,"牛屠宰量(千头,季度)",2024-06-01,2123.4,,,,,
,牛,"牛屠宰量(千头,季度)",2024-09-01,2241.2,,,,,
,牛,"牛屠宰量(千头,季度)",2024-12-01,2124.6,,,,,
,牛,"牛屠宰量(千头,季度)",2025-03-01,2172.4,,,,,
,牛,"牛屠宰量(千头,季度)",2025-06-01,2338.2,,,,,
,牛,"牛屠宰量(千头,季度)",2025-09-01,2475.3,,,,,
,牛,"牛屠宰量(千头,季度)",2025-12-01,2298.0,,,,,
,牛,"牛屠宰量(千头,季度)",2026-03-01,2302.3,,,,,
,牛,"牛肉产量(吨,季度)",1972-09-01,360638.0,,,,,
,牛,"牛肉产量(吨,季度)",1972-12-01,315925.0,,,,,
,牛,"牛肉产量(吨,季度)",1973-03-01,355431.0,,,,,
,牛,"牛肉产量(吨,季度)",1973-06-01,364024.0,,,,,
,牛,"牛肉产量(吨,季度)",1973-09-01,406631.0,,,,,
,牛,"牛肉产量(吨,季度)",1973-12-01,337391.0,,,,,
,牛,"牛肉产量(吨,季度)",1974-03-01,256128.0,,,,,
,牛,"牛肉产量(吨,季度)",1974-06-01,278962.0,,,,,
,牛,"牛肉产量(吨,季度)",1974-09-01,289538.0,,,,,
,牛,"牛肉产量(吨,季度)",1974-12-01,411261.0,,,,,
,牛,"牛肉产量(吨,季度)",1975-03-01,367106.0,,,,,
,牛,"牛肉产量(吨,季度)",1975-06-01,424874.0,,,,,
,牛,"牛肉产量(吨,季度)",1975-09-01,442037.0,,,,,
,牛,"牛肉产量(吨,季度)",1975-12-01,401928.0,,,,,
,牛,"牛肉产量(吨,季度)",1976-03-01,425955.0,,,,,
,牛,"牛肉产量(吨,季度)",1976-06-01,486669.0,,,,,
,牛,"牛肉产量(吨,季度)",1976-09-01,472746.0,,,,,
,牛,"牛肉产量(吨,季度)",1976-12-01,414203.0,,,,,
,牛,"牛肉产量(吨,季度)",1977-03-01,474426.0,,,,,
,牛,"牛肉产量(吨,季度)",1977-06-01,528426.0,,,,,
,牛,"牛肉产量(吨,季度)",1977-09-01,547524.0,,,,,
,牛,"牛肉产量(吨,季度)",1977-12-01,507887.0,,,,,
,牛,"牛肉产量(吨,季度)",1978-03-01,489735.0,,,,,
,牛,"牛肉产量(吨,季度)",1978-06-01,534747.0,,,,,
,牛,"牛肉产量(吨,季度)",1978-09-01,511288.0,,,,,
,牛,"牛肉产量(吨,季度)",1978-12-01,505760.0,,,,,
,牛,"牛肉产量(吨,季度)",1979-03-01,505437.0,,,,,
,牛,"牛肉产量(吨,季度)",1979-06-01,425076.0,,,,,
,牛,"牛肉产量(吨,季度)",1979-09-01,402814.0,,,,,
,牛,"牛肉产量(吨,季度)",1979-12-01,377869.0,,,,,
,牛,"牛肉产量(吨,季度)",1980-03-01,331486.0,,,,,
,牛,"牛肉产量(吨,季度)",1980-06-01,398256.0,,,,,
,牛,"牛肉产量(吨,季度)",1980-09-01,412821.0,,,,,
,牛,"牛肉产量(吨,季度)",1980-12-01,338748.0,,,,,
,牛,"牛肉产量(吨,季度)",1981-03-01,294621.0,,,,,
,牛,"牛肉产量(吨,季度)",1981-06-01,371473.0,,,,,
,牛,"牛肉产量(吨,季度)",1981-09-01,366800.0,,,,,
,牛,"牛肉产量(吨,季度)",1981-12-01,340636.0,,,,,
,牛,"牛肉产量(吨,季度)",1982-03-01,384526.0,,,,,
,牛,"牛肉产量(吨,季度)",1982-06-01,434277.0,,,,,
,牛,"牛肉产量(吨,季度)",1982-09-01,445863.0,,,,,
,牛,"牛肉产量(吨,季度)",1982-12-01,356667.0,,,,,
,牛,"牛肉产量(吨,季度)",1983-03-01,341172.0,,,,,
,牛,"牛肉产量(吨,季度)",1983-06-01,337934.0,,,,,
,牛,"牛肉产量(吨,季度)",1983-09-01,375000.0,,,,,
,牛,"牛肉产量(吨,季度)",1983-12-01,308305.0,,,,,
,牛,"牛肉产量(吨,季度)",1984-03-01,293777.0,,,,,
,牛,"牛肉产量(吨,季度)",1984-06-01,326148.0,,,,,
,牛,"牛肉产量(吨,季度)",1984-09-01,338982.0,,,,,
,牛,"牛肉产量(吨,季度)",1984-12-01,273817.0,,,,,
,牛,"牛肉产量(吨,季度)",1985-03-01,304875.0,,,,,
,牛,"牛肉产量(吨,季度)",1985-06-01,352879.0,,,,,
,牛,"牛肉产量(吨,季度)",1985-09-01,330243.0,,,,,
,牛,"牛肉产量(吨,季度)",1985-12-01,310879.0,,,,,
,牛,"牛肉产量(吨,季度)",1986-03-01,331836.0,,,,,
,牛,"牛肉产量(吨,季度)",1986-06-01,371125.0,,,,,
,牛,"牛肉产量(吨,季度)",1986-09-01,374185.0,,,,,
,牛,"牛肉产量(吨,季度)",1986-12-01,361440.0,,,,,
,牛,"牛肉产量(吨,季度)",1987-03-01,353548.0,,,,,
,牛,"牛肉产量(吨,季度)",1987-06-01,391918.0,,,,,
,牛,"牛肉产量(吨,季度)",1987-09-01,386945.0,,,,,
,牛,"牛肉产量(吨,季度)",1987-12-01,393960.0,,,,,
,牛,"牛肉产量(吨,季度)",1988-03-01,395282.0,,,,,
,牛,"牛肉产量(吨,季度)",1988-06-01,372996.0,,,,,
,牛,"牛肉产量(吨,季度)",1988-09-01,380430.0,,,,,
,牛,"牛肉产量(吨,季度)",1988-12-01,367466.0,,,,,
,牛,"牛肉产量(吨,季度)",1989-03-01,337993.0,,,,,
,牛,"牛肉产量(吨,季度)",1989-06-01,373481.0,,,,,
,牛,"牛肉产量(吨,季度)",1989-09-01,413550.0,,,,,
,牛,"牛肉产量(吨,季度)",1989-12-01,414436.0,,,,,
,牛,"牛肉产量(吨,季度)",1990-03-01,410232.0,,,,,
,牛,"牛肉产量(吨,季度)",1990-06-01,403299.0,,,,,
,牛,"牛肉产量(吨,季度)",1990-09-01,441988.0,,,,,
,牛,"牛肉产量(吨,季度)",1990-12-01,446148.0,,,,,
,牛,"牛肉产量(吨,季度)",1991-03-01,382596.0,,,,,
,牛,"牛肉产量(吨,季度)",1991-06-01,452503.0,,,,,
,牛,"牛肉产量(吨,季度)",1991-09-01,437553.0,,,,,
,牛,"牛肉产量(吨,季度)",1991-12-01,438743.0,,,,,
,牛,"牛肉产量(吨,季度)",1992-03-01,423358.0,,,,,
,牛,"牛肉产量(吨,季度)",1992-06-01,453100.0,,,,,
,牛,"牛肉产量(吨,季度)",1992-09-01,460275.0,,,,,
,牛,"牛肉产量(吨,季度)",1992-12-01,460863.0,,,,,
,牛,"牛肉产量(吨,季度)",1993-03-01,412292.0,,,,,
,牛,"牛肉产量(吨,季度)",1993-06-01,453429.0,,,,,
,牛,"牛肉产量(吨,季度)",1993-09-01,465519.0,,,,,
,牛,"牛肉产量(吨,季度)",1993-12-01,442566.0,,,,,
,牛,"牛肉产量(吨,季度)",1994-03-01,428537.0,,,,,
,牛,"牛肉产量(吨,季度)",1994-06-01,449601.0,,,,,
,牛,"牛肉产量(吨,季度)",1994-09-01,474989.0,,,,,
,牛,"牛肉产量(吨,季度)",1994-12-01,452480.0,,,,,
,牛,"牛肉产量(吨,季度)",1995-03-01,396034.0,,,,,
,牛,"牛肉产量(吨,季度)",1995-06-01,442103.0,,,,,
,牛,"牛肉产量(吨,季度)",1995-09-01,427485.0,,,,,
,牛,"牛肉产量(吨,季度)",1995-12-01,418880.0,,,,,
,牛,"牛肉产量(吨,季度)",1996-03-01,430972.0,,,,,
,牛,"牛肉产量(吨,季度)",1996-06-01,433585.0,,,,,
,牛,"牛肉产量(吨,季度)",1996-09-01,410151.0,,,,,
,牛,"牛肉产量(吨,季度)",1996-12-01,423732.0,,,,,
,牛,"牛肉产量(吨,季度)",1997-03-01,438374.0,,,,,
,牛,"牛肉产量(吨,季度)",1997-06-01,499940.0,,,,,
,牛,"牛肉产量(吨,季度)",1997-09-01,491677.0,,,,,
,牛,"牛肉产量(吨,季度)",1997-12-01,466695.0,,,,,
,牛,"牛肉产量(吨,季度)",1998-03-01,462312.0,,,,,
,牛,"牛肉产量(吨,季度)",1998-06-01,490405.0,,,,,
,牛,"牛肉产量(吨,季度)",1998-09-01,496205.0,,,,,
,牛,"牛肉产量(吨,季度)",1998-12-01,495768.0,,,,,
,牛,"牛肉产量(吨,季度)",1999-03-01,491261.0,,,,,
,牛,"牛肉产量(吨,季度)",1999-06-01,489502.0,,,,,
,牛,"牛肉产量(吨,季度)",1999-09-01,492430.0,,,,,
,牛,"牛肉产量(吨,季度)",1999-12-01,482582.0,,,,,
,牛,"牛肉产量(吨,季度)",2000-03-01,472298.0,,,,,
,牛,"牛肉产量(吨,季度)",2000-06-01,505010.0,,,,,
,牛,"牛肉产量(吨,季度)",2000-09-01,521904.0,,,,,
,牛,"牛肉产量(吨,季度)",2000-12-01,519295.0,,,,,
,牛,"牛肉产量(吨,季度)",2001-03-01,502131.0,,,,,
,牛,"牛肉产量(吨,季度)",2001-06-01,542621.0,,,,,
,牛,"牛肉产量(吨,季度)",2001-09-01,534564.0,,,,,
,牛,"牛肉产量(吨,季度)",2001-12-01,468951.0,,,,,
,牛,"牛肉产量(吨,季度)",2002-03-01,450941.0,,,,,
,牛,"牛肉产量(吨,季度)",2002-06-01,541710.0,,,,,
,牛,"牛肉产量(吨,季度)",2002-09-01,534915.0,,,,,
,牛,"牛肉产量(吨,季度)",2002-12-01,527190.0,,,,,
,牛,"牛肉产量(吨,季度)",2003-03-01,473184.0,,,,,
,牛,"牛肉产量(吨,季度)",2003-06-01,499323.0,,,,,
,牛,"牛肉产量(吨,季度)",2003-09-01,489378.0,,,,,
,牛,"牛肉产量(吨,季度)",2003-12-01,497502.0,,,,,
,牛,"牛肉产量(吨,季度)",2004-03-01,483454.0,,,,,
,牛,"牛肉产量(吨,季度)",2004-06-01,527514.0,,,,,
,牛,"牛肉产量(吨,季度)",2004-09-01,551747.0,,,,,
,牛,"牛肉产量(吨,季度)",2004-12-01,518616.0,,,,,
,牛,"牛肉产量(吨,季度)",2005-03-01,490359.0,,,,,
,牛,"牛肉产量(吨,季度)",2005-06-01,572088.0,,,,,
,牛,"牛肉产量(吨,季度)",2005-09-01,504729.0,,,,,
,牛,"牛肉产量(吨,季度)",2005-12-01,495343.0,,,,,
,牛,"牛肉产量(吨,季度)",2006-03-01,510562.0,,,,,
,牛,"牛肉产量(吨,季度)",2006-06-01,538887.0,,,,,
,牛,"牛肉产量(吨,季度)",2006-09-01,549188.0,,,,,
,牛,"牛肉产量(吨,季度)",2006-12-01,560541.0,,,,,
,牛,"牛肉产量(吨,季度)",2007-03-01,548468.0,,,,,
,牛,"牛肉产量(吨,季度)",2007-06-01,537517.0,,,,,
,牛,"牛肉产量(吨,季度)",2007-09-01,525489.0,,,,,
,牛,"牛肉产量(吨,季度)",2007-12-01,528201.0,,,,,
,牛,"牛肉产量(吨,季度)",2008-03-01,481069.0,,,,,
,牛,"牛肉产量(吨,季度)",2008-06-01,570947.0,,,,,
,牛,"牛肉产量(吨,季度)",2008-09-01,533556.0,,,,,
,牛,"牛肉产量(吨,季度)",2008-12-01,528032.0,,,,,
,牛,"牛肉产量(吨,季度)",2009-03-01,511754.0,,,,,
,牛,"牛肉产量(吨,季度)",2009-06-01,525273.0,,,,,
,牛,"牛肉产量(吨,季度)",2009-09-01,540227.0,,,,,
,牛,"牛肉产量(吨,季度)",2009-12-01,489129.0,,,,,
,牛,"牛肉产量(吨,季度)",2010-03-01,481093.0,,,,,
,牛,"牛肉产量(吨,季度)",2010-06-01,546065.0,,,,,
,牛,"牛肉产量(吨,季度)",2010-09-01,529817.0,,,,,
,牛,"牛肉产量(吨,季度)",2010-12-01,523983.0,,,,,
,牛,"牛肉产量(吨,季度)",2011-03-01,495994.0,,,,,
,牛,"牛肉产量(吨,季度)",2011-06-01,539439.0,,,,,
,牛,"牛肉产量(吨,季度)",2011-09-01,525500.0,,,,,
,牛,"牛肉产量(吨,季度)",2011-12-01,525331.0,,,,,
,牛,"牛肉产量(吨,季度)",2012-03-01,504657.0,,,,,
,牛,"牛肉产量(吨,季度)",2012-06-01,518327.0,,,,,
,牛,"牛肉产量(吨,季度)",2012-09-01,541585.0,,,,,
,牛,"牛肉产量(吨,季度)",2012-12-01,548562.0,,,,,
,牛,"牛肉产量(吨,季度)",2013-03-01,524548.0,,,,,
,牛,"牛肉产量(吨,季度)",2013-06-01,591436.0,,,,,
,牛,"牛肉产量(吨,季度)",2013-09-01,613256.0,,,,,
,牛,"牛肉产量(吨,季度)",2013-12-01,589460.0,,,,,
,牛,"牛肉产量(吨,季度)",2014-03-01,601295.0,,,,,
,牛,"牛肉产量(吨,季度)",2014-06-01,618688.0,,,,,
,牛,"牛肉产量(吨,季度)",2014-09-01,678127.0,,,,,
,牛,"牛肉产量(吨,季度)",2014-12-01,655694.0,,,,,
,牛,"牛肉产量(吨,季度)",2015-03-01,633699.0,,,,,
,牛,"牛肉产量(吨,季度)",2015-06-01,654837.0,,,,,
,牛,"牛肉产量(吨,季度)",2015-09-01,643326.0,,,,,
,牛,"牛肉产量(吨,季度)",2015-12-01,582036.0,,,,,
,牛,"牛肉产量(吨,季度)",2016-03-01,527763.0,,,,,
,牛,"牛肉产量(吨,季度)",2016-06-01,562868.0,,,,,
,牛,"牛肉产量(吨,季度)",2016-09-01,496113.0,,,,,
,牛,"牛肉产量(吨,季度)",2016-12-01,514107.0,,,,,
,牛,"牛肉产量(吨,季度)",2017-03-01,494227.0,,,,,
,牛,"牛肉产量(吨,季度)",2017-06-01,544070.0,,,,,
,牛,"牛肉产量(吨,季度)",2017-09-01,570847.0,,,,,
,牛,"牛肉产量(吨,季度)",2017-12-01,521072.0,,,,,
,牛,"牛肉产量(吨,季度)",2018-03-01,530989.0,,,,,
,牛,"牛肉产量(吨,季度)",2018-06-01,596196.0,,,,,
,牛,"牛肉产量(吨,季度)",2018-09-01,604238.0,,,,,
,牛,"牛肉产量(吨,季度)",2018-12-01,557798.0,,,,,
,牛,"牛肉产量(吨,季度)",2019-03-01,574263.0,,,,,
,牛,"牛肉产量(吨,季度)",2019-06-01,591554.0,,,,,
,牛,"牛肉产量(吨,季度)",2019-09-01,629660.0,,,,,
,牛,"牛肉产量(吨,季度)",2019-12-01,608483.0,,,,,
,牛,"牛肉产量(吨,季度)",2020-03-01,567339.0,,,,,
,牛,"牛肉产量(吨,季度)",2020-06-01,540443.0,,,,,
,牛,"牛肉产量(吨,季度)",2020-09-01,517663.0,,,,,
,牛,"牛肉产量(吨,季度)",2020-12-01,477409.0,,,,,
,牛,"牛肉产量(吨,季度)",2021-03-01,444575.0,,,,,
,牛,"牛肉产量(吨,季度)",2021-06-01,477864.0,,,,,
,牛,"牛肉产量(吨,季度)",2021-09-01,496903.0,,,,,
,牛,"牛肉产量(吨,季度)",2021-12-01,463933.0,,,,,
,牛,"牛肉产量(吨,季度)",2022-03-01,434175.0,,,,,
,牛,"牛肉产量(吨,季度)",2022-06-01,473394.0,,,,,
,牛,"牛肉产量(吨,季度)",2022-09-01,493222.0,,,,,
,牛,"牛肉产量(吨,季度)",2022-12-01,468197.0,,,,,
,牛,"牛肉产量(吨,季度)",2023-03-01,498314.0,,,,,
,牛,"牛肉产量(吨,季度)",2023-06-01,544346.0,,,,,
,牛,"牛肉产量(吨,季度)",2023-09-01,588985.0,,,,,
,牛,"牛肉产量(吨,季度)",2023-12-01,577310.0,,,,,
,牛,"牛肉产量(吨,季度)",2024-03-01,569350.0,,,,,
,牛,"牛肉产量(吨,季度)",2024-06-01,648178.0,,,,,
,牛,"牛肉产量(吨,季度)",2024-09-01,690694.0,,,,,
,牛,"牛肉产量(吨,季度)",2024-12-01,660899.0,,,,,
,牛,"牛肉产量(吨,季度)",2025-03-01,679048.0,,,,,
,牛,"牛肉产量(吨,季度)",2025-06-01,717891.0,,,,,
,牛,"牛肉产量(吨,季度)",2025-09-01,759270.0,,,,,
,牛,"牛肉产量(吨,季度)",2025-12-01,714573.0,,,,,
,牛,"牛肉产量(吨,季度)",2026-03-01,730077.0,,,,,
,牛,牛肉小牛肉CPI指数,1972-09-01,7.19,,,,,
,牛,牛肉小牛肉CPI指数,1972-12-01,7.3,,,,,
,牛,牛肉小牛肉CPI指数,1973-03-01,7.74,,,,,
,牛,牛肉小牛肉CPI指数,1973-06-01,8.48,,,,,
,牛,牛肉小牛肉CPI指数,1973-09-01,8.96,,,,,
,牛,牛肉小牛肉CPI指数,1973-12-01,9.3,,,,,
,牛,牛肉小牛肉CPI指数,1974-03-01,9.67,,,,,
,牛,牛肉小牛肉CPI指数,1974-06-01,9.54,,,,,
,牛,牛肉小牛肉CPI指数,1974-09-01,8.76,,,,,
,牛,牛肉小牛肉CPI指数,1974-12-01,7.98,,,,,
,牛,牛肉小牛肉CPI指数,1975-03-01,7.6,,,,,
,牛,牛肉小牛肉CPI指数,1975-06-01,7.6,,,,,
,牛,牛肉小牛肉CPI指数,1975-09-01,7.5,,,,,
,牛,牛肉小牛肉CPI指数,1975-12-01,7.94,,,,,
,牛,牛肉小牛肉CPI指数,1976-03-01,8.14,,,,,
,牛,牛肉小牛肉CPI指数,1976-06-01,8.21,,,,,
,牛,牛肉小牛肉CPI指数,1976-09-01,8.59,,,,,
,牛,牛肉小牛肉CPI指数,1976-12-01,8.86,,,,,
,牛,牛肉小牛肉CPI指数,1977-03-01,8.89,,,,,
,牛,牛肉小牛肉CPI指数,1977-06-01,9.37,,,,,
,牛,牛肉小牛肉CPI指数,1977-09-01,9.4,,,,,
,牛,牛肉小牛肉CPI指数,1977-12-01,9.4,,,,,
,牛,牛肉小牛肉CPI指数,1978-03-01,9.64,,,,,
,牛,牛肉小牛肉CPI指数,1978-06-01,10.18,,,,,
,牛,牛肉小牛肉CPI指数,1978-09-01,11.17,,,,,
,牛,牛肉小牛肉CPI指数,1978-12-01,11.54,,,,,
,牛,牛肉小牛肉CPI指数,1979-03-01,13.54,,,,,
,牛,牛肉小牛肉CPI指数,1979-06-01,17.61,,,,,
,牛,牛肉小牛肉CPI指数,1979-09-01,18.63,,,,,
,牛,牛肉小牛肉CPI指数,1979-12-01,18.5,,,,,
,牛,牛肉小牛肉CPI指数,1980-03-01,19.55,,,,,
,牛,牛肉小牛肉CPI指数,1980-06-01,19.68,,,,,
,牛,牛肉小牛肉CPI指数,1980-09-01,19.72,,,,,
,牛,牛肉小牛肉CPI指数,1980-12-01,19.58,,,,,
,牛,牛肉小牛肉CPI指数,1981-03-01,19.55,,,,,
,牛,牛肉小牛肉CPI指数,1981-06-01,19.45,,,,,
,牛,牛肉小牛肉CPI指数,1981-09-01,19.51,,,,,
,牛,牛肉小牛肉CPI指数,1981-12-01,19.51,,,,,
,牛,牛肉小牛肉CPI指数,1982-03-01,19.17,,,,,
,牛,牛肉小牛肉CPI指数,1982-06-01,19.55,,,,,
,牛,牛肉小牛肉CPI指数,1982-09-01,19.68,,,,,
,牛,牛肉小牛肉CPI指数,1982-12-01,20.12,,,,,
,牛,牛肉小牛肉CPI指数,1983-03-01,20.36,,,,,
,牛,牛肉小牛肉CPI指数,1983-06-01,23.11,,,,,
,牛,牛肉小牛肉CPI指数,1983-09-01,23.01,,,,,
,牛,牛肉小牛肉CPI指数,1983-12-01,22.67,,,,,
,牛,牛肉小牛肉CPI指数,1984-03-01,23.04,,,,,
,牛,牛肉小牛肉CPI指数,1984-06-01,23.25,,,,,
,牛,牛肉小牛肉CPI指数,1984-09-01,23.76,,,,,
,牛,牛肉小牛肉CPI指数,1984-12-01,24.06,,,,,
,牛,牛肉小牛肉CPI指数,1985-03-01,23.93,,,,,
,牛,牛肉小牛肉CPI指数,1985-06-01,24.71,,,,,
,牛,牛肉小牛肉CPI指数,1985-09-01,24.77,,,,,
,牛,牛肉小牛肉CPI指数,1985-12-01,24.81,,,,,
,牛,牛肉小牛肉CPI指数,1986-03-01,24.94,,,,,
,牛,牛肉小牛肉CPI指数,1986-06-01,25.25,,,,,
,牛,牛肉小牛肉CPI指数,1986-09-01,25.62,,,,,
,牛,牛肉小牛肉CPI指数,1986-12-01,26.13,,,,,
,牛,牛肉小牛肉CPI指数,1987-03-01,26.4,,,,,
,牛,牛肉小牛肉CPI指数,1987-06-01,26.67,,,,,
,牛,牛肉小牛肉CPI指数,1987-09-01,27.25,,,,,
,牛,牛肉小牛肉CPI指数,1987-12-01,27.22,,,,,
,牛,牛肉小牛肉CPI指数,1988-03-01,27.69,,,,,
,牛,牛肉小牛肉CPI指数,1988-06-01,29.05,,,,,
,牛,牛肉小牛肉CPI指数,1988-09-01,30.2,,,,,
,牛,牛肉小牛肉CPI指数,1988-12-01,30.31,,,,,
,牛,牛肉小牛肉CPI指数,1989-03-01,31.05,,,,,
,牛,牛肉小牛肉CPI指数,1989-06-01,32.85,,,,,
,牛,牛肉小牛肉CPI指数,1989-09-01,33.6,,,,,
,牛,牛肉小牛肉CPI指数,1989-12-01,33.36,,,,,
,牛,牛肉小牛肉CPI指数,1990-03-01,33.97,,,,,
,牛,牛肉小牛肉CPI指数,1990-06-01,34.79,,,,,
,牛,牛肉小牛肉CPI指数,1990-09-01,34.85,,,,,
,牛,牛肉小牛肉CPI指数,1990-12-01,34.82,,,,,
,牛,牛肉小牛肉CPI指数,1991-03-01,34.99,,,,,
,牛,牛肉小牛肉CPI指数,1991-06-01,35.16,,,,,
,牛,牛肉小牛肉CPI指数,1991-09-01,35.23,,,,,
,牛,牛肉小牛肉CPI指数,1991-12-01,34.89,,,,,
,牛,牛肉小牛肉CPI指数,1992-03-01,34.99,,,,,
,牛,牛肉小牛肉CPI指数,1992-06-01,35.09,,,,,
,牛,牛肉小牛肉CPI指数,1992-09-01,34.65,,,,,
,牛,牛肉小牛肉CPI指数,1992-12-01,34.04,,,,,
,牛,牛肉小牛肉CPI指数,1993-03-01,34.17,,,,,
,牛,牛肉小牛肉CPI指数,1993-06-01,34.28,,,,,
,牛,牛肉小牛肉CPI指数,1993-09-01,35.02,,,,,
,牛,牛肉小牛肉CPI指数,1993-12-01,35.29,,,,,
,牛,牛肉小牛肉CPI指数,1994-03-01,35.67,,,,,
,牛,牛肉小牛肉CPI指数,1994-06-01,36.07,,,,,
,牛,牛肉小牛肉CPI指数,1994-09-01,36.11,,,,,
,牛,牛肉小牛肉CPI指数,1994-12-01,35.77,,,,,
,牛,牛肉小牛肉CPI指数,1995-03-01,35.7,,,,,
,牛,牛肉小牛肉CPI指数,1995-06-01,36.07,,,,,
,牛,牛肉小牛肉CPI指数,1995-09-01,36.89,,,,,
,牛,牛肉小牛肉CPI指数,1995-12-01,36.48,,,,,
,牛,牛肉小牛肉CPI指数,1996-03-01,36.35,,,,,
,牛,牛肉小牛肉CPI指数,1996-06-01,35.91,,,,,
,牛,牛肉小牛肉CPI指数,1996-09-01,35.23,,,,,
,牛,牛肉小牛肉CPI指数,1996-12-01,35.23,,,,,
,牛,牛肉小牛肉CPI指数,1997-03-01,35.02,,,,,
,牛,牛肉小牛肉CPI指数,1997-06-01,35.19,,,,,
,牛,牛肉小牛肉CPI指数,1997-09-01,35.23,,,,,
,牛,牛肉小牛肉CPI指数,1997-12-01,35.4,,,,,
,牛,牛肉小牛肉CPI指数,1998-03-01,35.5,,,,,
,牛,牛肉小牛肉CPI指数,1998-06-01,35.43,,,,,
,牛,牛肉小牛肉CPI指数,1998-09-01,35.4,,,,,
,牛,牛肉小牛肉CPI指数,1998-12-01,35.13,,,,,
,牛,牛肉小牛肉CPI指数,1999-03-01,35.44,,,,,
,牛,牛肉小牛肉CPI指数,1999-06-01,36.59,,,,,
,牛,牛肉小牛肉CPI指数,1999-09-01,36.66,,,,,
,牛,牛肉小牛肉CPI指数,1999-12-01,36.89,,,,,
,牛,牛肉小牛肉CPI指数,2000-03-01,37.73,,,,,
,牛,牛肉小牛肉CPI指数,2000-06-01,38.67,,,,,
,牛,牛肉小牛肉CPI指数,2000-09-01,38.04,,,,,
,牛,牛肉小牛肉CPI指数,2000-12-01,38.33,,,,,
,牛,牛肉小牛肉CPI指数,2001-03-01,40.1,,,,,
,牛,牛肉小牛肉CPI指数,2001-06-01,43.71,,,,,
,牛,牛肉小牛肉CPI指数,2001-09-01,45.12,,,,,
,牛,牛肉小牛肉CPI指数,2001-12-01,47.62,,,,,
,牛,牛肉小牛肉CPI指数,2002-03-01,47.82,,,,,
,牛,牛肉小牛肉CPI指数,2002-06-01,48.22,,,,,
,牛,牛肉小牛肉CPI指数,2002-09-01,46.72,,,,,
,牛,牛肉小牛肉CPI指数,2002-12-01,47.41,,,,,
,牛,牛肉小牛肉CPI指数,2003-03-01,47.72,,,,,
,牛,牛肉小牛肉CPI指数,2003-06-01,48.99,,,,,
,牛,牛肉小牛肉CPI指数,2003-09-01,50.07,,,,,
,牛,牛肉小牛肉CPI指数,2003-12-01,50.16,,,,,
,牛,牛肉小牛肉CPI指数,2004-03-01,50.27,,,,,
,牛,牛肉小牛肉CPI指数,2004-06-01,50.15,,,,,
,牛,牛肉小牛肉CPI指数,2004-09-01,49.71,,,,,
,牛,牛肉小牛肉CPI指数,2004-12-01,51.5,,,,,
,牛,牛肉小牛肉CPI指数,2005-03-01,53.08,,,,,
,牛,牛肉小牛肉CPI指数,2005-06-01,54.32,,,,,
,牛,牛肉小牛肉CPI指数,2005-09-01,54.22,,,,,
,牛,牛肉小牛肉CPI指数,2005-12-01,55.29,,,,,
,牛,牛肉小牛肉CPI指数,2006-03-01,55.84,,,,,
,牛,牛肉小牛肉CPI指数,2006-06-01,56.34,,,,,
,牛,牛肉小牛肉CPI指数,2006-09-01,56.16,,,,,
,牛,牛肉小牛肉CPI指数,2006-12-01,55.11,,,,,
,牛,牛肉小牛肉CPI指数,2007-03-01,54.58,,,,,
,牛,牛肉小牛肉CPI指数,2007-06-01,55.61,,,,,
,牛,牛肉小牛肉CPI指数,2007-09-01,55.39,,,,,
,牛,牛肉小牛肉CPI指数,2007-12-01,55.14,,,,,
,牛,牛肉小牛肉CPI指数,2008-03-01,56.84,,,,,
,牛,牛肉小牛肉CPI指数,2008-06-01,56.56,,,,,
,牛,牛肉小牛肉CPI指数,2008-09-01,56.61,,,,,
,牛,牛肉小牛肉CPI指数,2008-12-01,57.43,,,,,
,牛,牛肉小牛肉CPI指数,2009-03-01,58.57,,,,,
,牛,牛肉小牛肉CPI指数,2009-06-01,58.32,,,,,
,牛,牛肉小牛肉CPI指数,2009-09-01,57.78,,,,,
,牛,牛肉小牛肉CPI指数,2009-12-01,57.74,,,,,
,牛,牛肉小牛肉CPI指数,2010-03-01,58.09,,,,,
,牛,牛肉小牛肉CPI指数,2010-06-01,57.9,,,,,
,牛,牛肉小牛肉CPI指数,2010-09-01,58.45,,,,,
,牛,牛肉小牛肉CPI指数,2010-12-01,56.32,,,,,
,牛,牛肉小牛肉CPI指数,2011-03-01,55.98,,,,,
,牛,牛肉小牛肉CPI指数,2011-06-01,56.09,,,,,
,牛,牛肉小牛肉CPI指数,2011-09-01,55.44,,,,,
,牛,牛肉小牛肉CPI指数,2011-12-01,55.26,,,,,
,牛,牛肉小牛肉CPI指数,2012-03-01,55.93,,,,,
,牛,牛肉小牛肉CPI指数,2012-06-01,56.16,,,,,
,牛,牛肉小牛肉CPI指数,2012-09-01,56.36,,,,,
,牛,牛肉小牛肉CPI指数,2012-12-01,56.16,,,,,
,牛,牛肉小牛肉CPI指数,2013-03-01,56.09,,,,,
,牛,牛肉小牛肉CPI指数,2013-06-01,55.8,,,,,
,牛,牛肉小牛肉CPI指数,2013-09-01,54.37,,,,,
,牛,牛肉小牛肉CPI指数,2013-12-01,54.51,,,,,
,牛,牛肉小牛肉CPI指数,2014-03-01,55.81,,,,,
,牛,牛肉小牛肉CPI指数,2014-06-01,57.57,,,,,
,牛,牛肉小牛肉CPI指数,2014-09-01,58.79,,,,,
,牛,牛肉小牛肉CPI指数,2014-12-01,59.75,,,,,
,牛,牛肉小牛肉CPI指数,2015-03-01,60.99,,,,,
,牛,牛肉小牛肉CPI指数,2015-06-01,62.2,,,,,
,牛,牛肉小牛肉CPI指数,2015-09-01,64.0,,,,,
,牛,牛肉小牛肉CPI指数,2015-12-01,66.66,,,,,
,牛,牛肉小牛肉CPI指数,2016-03-01,68.99,,,,,
,牛,牛肉小牛肉CPI指数,2016-06-01,68.99,,,,,
,牛,牛肉小牛肉CPI指数,2016-09-01,69.68,,,,,
,牛,牛肉小牛肉CPI指数,2016-12-01,69.84,,,,,
,牛,牛肉小牛肉CPI指数,2017-03-01,69.16,,,,,
,牛,牛肉小牛肉CPI指数,2017-06-01,69.39,,,,,
,牛,牛肉小牛肉CPI指数,2017-09-01,69.45,,,,,
,牛,牛肉小牛肉CPI指数,2017-10-01,69.41,,,,,
,牛,牛肉小牛肉CPI指数,2017-11-01,69.22,,,,,
,牛,牛肉小牛肉CPI指数,2017-12-01,69.64,,,,,
,牛,牛肉小牛肉CPI指数,2018-01-01,69.73,,,,,
,牛,牛肉小牛肉CPI指数,2018-02-01,69.78,,,,,
,牛,牛肉小牛肉CPI指数,2018-03-01,70.31,,,,,
,牛,牛肉小牛肉CPI指数,2018-04-01,69.29,,,,,
,牛,牛肉小牛肉CPI指数,2018-05-01,68.4,,,,,
,牛,牛肉小牛肉CPI指数,2018-06-01,69.06,,,,,
,牛,牛肉小牛肉CPI指数,2018-07-01,67.97,,,,,
,牛,牛肉小牛肉CPI指数,2018-08-01,69.51,,,,,
,牛,牛肉小牛肉CPI指数,2018-09-01,69.58,,,,,
,牛,牛肉小牛肉CPI指数,2018-10-01,69.98,,,,,
,牛,牛肉小牛肉CPI指数,2018-11-01,70.44,,,,,
,牛,牛肉小牛肉CPI指数,2018-12-01,70.88,,,,,
,牛,牛肉小牛肉CPI指数,2019-01-01,71.52,,,,,
,牛,牛肉小牛肉CPI指数,2019-02-01,72.73,,,,,
,牛,牛肉小牛肉CPI指数,2019-03-01,72.97,,,,,
,牛,牛肉小牛肉CPI指数,2019-04-01,72.36,,,,,
,牛,牛肉小牛肉CPI指数,2019-05-01,72.98,,,,,
,牛,牛肉小牛肉CPI指数,2019-06-01,73.23,,,,,
,牛,牛肉小牛肉CPI指数,2019-07-01,73.06,,,,,
,牛,牛肉小牛肉CPI指数,2019-08-01,73.56,,,,,
,牛,牛肉小牛肉CPI指数,2019-09-01,74.54,,,,,
,牛,牛肉小牛肉CPI指数,2019-10-01,76.05,,,,,
,牛,牛肉小牛肉CPI指数,2019-11-01,75.8,,,,,
,牛,牛肉小牛肉CPI指数,2019-12-01,76.7,,,,,
,牛,牛肉小牛肉CPI指数,2020-01-01,77.84,,,,,
,牛,牛肉小牛肉CPI指数,2020-02-01,77.91,,,,,
,牛,牛肉小牛肉CPI指数,2020-03-01,79.39,,,,,
,牛,牛肉小牛肉CPI指数,2020-04-01,75.88,,,,,
,牛,牛肉小牛肉CPI指数,2020-05-01,78.88,,,,,
,牛,牛肉小牛肉CPI指数,2020-06-01,78.46,,,,,
,牛,牛肉小牛肉CPI指数,2020-07-01,79.95,,,,,
,牛,牛肉小牛肉CPI指数,2020-08-01,80.38,,,,,
,牛,牛肉小牛肉CPI指数,2020-09-01,80.53,,,,,
,牛,牛肉小牛肉CPI指数,2020-10-01,80.96,,,,,
,牛,牛肉小牛肉CPI指数,2020-11-01,82.11,,,,,
,牛,牛肉小牛肉CPI指数,2020-12-01,82.94,,,,,
,牛,牛肉小牛肉CPI指数,2021-01-01,84.48,,,,,
,牛,牛肉小牛肉CPI指数,2021-02-01,85.45,,,,,
,牛,牛肉小牛肉CPI指数,2021-03-01,86.0,,,,,
,牛,牛肉小牛肉CPI指数,2021-04-01,88.16,,,,,
,牛,牛肉小牛肉CPI指数,2021-05-01,89.29,,,,,
,牛,牛肉小牛肉CPI指数,2021-06-01,89.08,,,,,
,牛,牛肉小牛肉CPI指数,2021-07-01,89.56,,,,,
,牛,牛肉小牛肉CPI指数,2021-08-01,89.33,,,,,
,牛,牛肉小牛肉CPI指数,2021-09-01,89.32,,,,,
,牛,牛肉小牛肉CPI指数,2021-10-01,88.78,,,,,
,牛,牛肉小牛肉CPI指数,2021-11-01,88.96,,,,,
,牛,牛肉小牛肉CPI指数,2021-12-01,89.64,,,,,
,牛,牛肉小牛肉CPI指数,2022-01-01,94.98,,,,,
,牛,牛肉小牛肉CPI指数,2022-02-01,96.18,,,,,
,牛,牛肉小牛肉CPI指数,2022-03-01,96.38,,,,,
,牛,牛肉小牛肉CPI指数,2022-04-01,97.24,,,,,
,牛,牛肉小牛肉CPI指数,2022-05-01,97.64,,,,,
,牛,牛肉小牛肉CPI指数,2022-06-01,97.46,,,,,
,牛,牛肉小牛肉CPI指数,2022-07-01,97.63,,,,,
,牛,牛肉小牛肉CPI指数,2022-08-01,97.62,,,,,
,牛,牛肉小牛肉CPI指数,2022-09-01,97.62,,,,,
,牛,牛肉小牛肉CPI指数,2022-10-01,97.38,,,,,
,牛,牛肉小牛肉CPI指数,2022-11-01,97.04,,,,,
,牛,牛肉小牛肉CPI指数,2022-12-01,97.35,,,,,
,牛,牛肉小牛肉CPI指数,2023-01-01,97.4,,,,,
,牛,牛肉小牛肉CPI指数,2023-02-01,97.17,,,,,
,牛,牛肉小牛肉CPI指数,2023-03-01,97.12,,,,,
,牛,牛肉小牛肉CPI指数,2023-04-01,96.47,,,,,
,牛,牛肉小牛肉CPI指数,2023-05-01,95.71,,,,,
,牛,牛肉小牛肉CPI指数,2023-06-01,95.54,,,,,
,牛,牛肉小牛肉CPI指数,2023-07-01,94.5,,,,,
,牛,牛肉小牛肉CPI指数,2023-08-01,95.0,,,,,
,牛,牛肉小牛肉CPI指数,2023-09-01,94.33,,,,,
,牛,牛肉小牛肉CPI指数,2023-10-01,93.33,,,,,
,牛,牛肉小牛肉CPI指数,2023-11-01,92.96,,,,,
,牛,牛肉小牛肉CPI指数,2023-12-01,92.95,,,,,
,牛,牛肉小牛肉CPI指数,2024-01-01,92.32,,,,,
,牛,牛肉小牛肉CPI指数,2024-02-01,90.9,,,,,
,牛,牛肉小牛肉CPI指数,2024-03-01,91.5,,,,,
,牛,牛肉小牛肉CPI指数,2024-04-01,91.83,,,,,
,牛,牛肉小牛肉CPI指数,2024-05-01,92.51,,,,,
,牛,牛肉小牛肉CPI指数,2024-06-01,92.06,,,,,
,牛,牛肉小牛肉CPI指数,2024-07-01,92.21,,,,,
,牛,牛肉小牛肉CPI指数,2024-08-01,92.95,,,,,
,牛,牛肉小牛肉CPI指数,2024-09-01,92.78,,,,,
,牛,牛肉小牛肉CPI指数,2024-10-01,93.09,,,,,
,牛,牛肉小牛肉CPI指数,2024-11-01,93.59,,,,,
,牛,牛肉小牛肉CPI指数,2024-12-01,93.5,,,,,
,牛,牛肉小牛肉CPI指数,2025-01-01,94.9,,,,,
,牛,牛肉小牛肉CPI指数,2025-02-01,93.91,,,,,
,牛,牛肉小牛肉CPI指数,2025-03-01,94.9,,,,,
,牛,牛肉小牛肉CPI指数,2025-04-01,95.61,,,,,
,牛,牛肉小牛肉CPI指数,2025-05-01,95.85,,,,,
,牛,牛肉小牛肉CPI指数,2025-06-01,96.29,,,,,
,牛,牛肉小牛肉CPI指数,2025-07-01,96.87,,,,,
,牛,牛肉小牛肉CPI指数,2025-08-01,98.52,,,,,
,牛,牛肉小牛肉CPI指数,2025-09-01,98.46,,,,,
,牛,牛肉小牛肉CPI指数,2025-10-01,102.86,,,,,
,牛,牛肉小牛肉CPI指数,2025-11-01,104.21,,,,,
,牛,牛肉小牛肉CPI指数,2025-12-01,103.67,,,,,
,牛,牛肉小牛肉CPI指数,2026-01-01,105.56,,,,,
,牛,牛肉小牛肉CPI指数,2026-02-01,106.6,,,,,
,牛,牛肉小牛肉CPI指数,2026-03-01,106.47,,,,,
,牛,牛肉小牛肉CPI指数,2026-04-01,107.02,,,,,
,猪,猪价 Buyers NAT 60.1-75kg平均(c/kg HSCW),2023-07-01,361.75,,,,,
,猪,猪价 Buyers NAT 60.1-75kg平均(c/kg HSCW),2023-08-01,355.75,,,,,
,猪,猪价 Buyers NAT 60.1-75kg平均(c/kg HSCW),2023-09-01,363.6,,,,,
,猪,猪价 Buyers NAT 60.1-75kg平均(c/kg HSCW),2023-10-01,378.25,,,,,
,猪,猪价 Buyers NAT 60.1-75kg平均(c/kg HSCW),2023-11-01,391.0,,,,,
,猪,猪价 Buyers NAT 60.1-75kg平均(c/kg HSCW),2023-12-01,400.6666666666667,,,,,
,猪,猪价 Buyers NAT 60.1-75kg平均(c/kg HSCW),2024-01-01,411.5,,,,,
,猪,猪价 Buyers NAT 60.1-75kg平均(c/kg HSCW),2024-02-01,418.75,,,,,
,猪,猪价 Buyers NAT 60.1-75kg平均(c/kg HSCW),2024-03-01,419.0,,,,,
,猪,猪价 Buyers NAT 60.1-75kg平均(c/kg HSCW),2024-04-01,418.25,,,,,
,猪,猪价 Buyers NAT 60.1-75kg平均(c/kg HSCW),2024-05-01,413.8,,,,,
,猪,猪价 Buyers NAT 60.1-75kg平均(c/kg HSCW),2024-06-01,410.5,,,,,
,猪,猪价 Buyers NAT 60.1-75kg平均(c/kg HSCW),2024-07-01,408.75,,,,,
,猪,猪价 Buyers NAT 60.1-75kg平均(c/kg HSCW),2024-08-01,413.6,,,,,
,猪,猪价 Buyers NAT 60.1-75kg平均(c/kg HSCW),2024-09-01,421.5,,,,,
,猪,猪价 Buyers NAT 60.1-75kg平均(c/kg HSCW),2024-10-01,430.0,,,,,
,猪,猪价 Buyers NAT 60.1-75kg平均(c/kg HSCW),2024-11-01,443.4,,,,,
,猪,猪价 Buyers NAT 60.1-75kg平均(c/kg HSCW),2024-12-01,453.0,,,,,
,猪,猪价 Buyers NAT 60.1-75kg平均(c/kg HSCW),2025-01-01,453.0,,,,,
,猪,猪价 Buyers NAT 60.1-75kg平均(c/kg HSCW),2025-02-01,452.0,,,,,
,猪,猪价 Buyers NAT 60.1-75kg平均(c/kg HSCW),2025-03-01,451.25,,,,,
,猪,猪价 Buyers NAT 60.1-75kg平均(c/kg HSCW),2025-04-01,448.25,,,,,
,猪,猪价 Buyers NAT 60.1-75kg平均(c/kg HSCW),2025-05-01,446.0,,,,,
,猪,猪价 Buyers NAT 60.1-75kg平均(c/kg HSCW),2025-06-01,451.5,,,,,
,猪,猪价 Buyers NAT 60.1-75kg平均(c/kg HSCW),2025-07-01,451.75,,,,,
,猪,猪价 Buyers NAT 60.1-75kg平均(c/kg HSCW),2025-08-01,456.8,,,,,
,猪,猪价 Buyers NAT 60.1-75kg平均(c/kg HSCW),2025-09-01,461.25,,,,,
,猪,猪价 Buyers NAT 60.1-75kg平均(c/kg HSCW),2025-10-01,461.2,,,,,
,猪,猪价 Buyers NAT 60.1-75kg平均(c/kg HSCW),2025-11-01,464.25,,,,,
,猪,猪价 Buyers NAT 60.1-75kg平均(c/kg HSCW),2025-12-01,468.5,,,,,
,猪,猪价 Buyers NAT 60.1-75kg平均(c/kg HSCW),2026-01-01,468.2,,,,,
,猪,猪价 Buyers NAT 60.1-75kg平均(c/kg HSCW),2026-02-01,468.0,,,,,
,猪,猪价 Buyers NAT 60.1-75kg平均(c/kg HSCW),2026-03-01,465.0,,,,,
,猪,猪价 Buyers NAT 60.1-75kg平均(c/kg HSCW),2026-04-01,454.25,,,,,
,猪,猪价 Buyers NAT 60.1-75kg平均(c/kg HSCW),2026-05-01,433.8,,,,,
,猪,猪价 Buyers NAT 60.1-75kg平均(c/kg HSCW),2026-06-01,420.75,,,,,
,猪,猪价 Buyers NAT 60.1-75kg最高(c/kg HSCW),2023-07-01,410.0,,,,,
,猪,猪价 Buyers NAT 60.1-75kg最高(c/kg HSCW),2023-08-01,410.0,,,,,
,猪,猪价 Buyers NAT 60.1-75kg最高(c/kg HSCW),2023-09-01,411.0,,,,,
,猪,猪价 Buyers NAT 60.1-75kg最高(c/kg HSCW),2023-10-01,418.75,,,,,
,猪,猪价 Buyers NAT 60.1-75kg最高(c/kg HSCW),2023-11-01,430.0,,,,,
,猪,猪价 Buyers NAT 60.1-75kg最高(c/kg HSCW),2023-12-01,445.0,,,,,
,猪,猪价 Buyers NAT 60.1-75kg最高(c/kg HSCW),2024-01-01,450.0,,,,,
,猪,猪价 Buyers NAT 60.1-75kg最高(c/kg HSCW),2024-02-01,460.0,,,,,
,猪,猪价 Buyers NAT 60.1-75kg最高(c/kg HSCW),2024-03-01,460.0,,,,,
,猪,猪价 Buyers NAT 60.1-75kg最高(c/kg HSCW),2024-04-01,460.0,,,,,
,猪,猪价 Buyers NAT 60.1-75kg最高(c/kg HSCW),2024-05-01,454.0,,,,,
,猪,猪价 Buyers NAT 60.1-75kg最高(c/kg HSCW),2024-06-01,443.75,,,,,
,猪,猪价 Buyers NAT 60.1-75kg最高(c/kg HSCW),2024-07-01,440.0,,,,,
,猪,猪价 Buyers NAT 60.1-75kg最高(c/kg HSCW),2024-08-01,444.0,,,,,
,猪,猪价 Buyers NAT 60.1-75kg最高(c/kg HSCW),2024-09-01,461.25,,,,,
,猪,猪价 Buyers NAT 60.1-75kg最高(c/kg HSCW),2024-10-01,475.0,,,,,
,猪,猪价 Buyers NAT 60.1-75kg最高(c/kg HSCW),2024-11-01,486.0,,,,,
,猪,猪价 Buyers NAT 60.1-75kg最高(c/kg HSCW),2024-12-01,500.0,,,,,
,猪,猪价 Buyers NAT 60.1-75kg最高(c/kg HSCW),2025-01-01,490.0,,,,,
,猪,猪价 Buyers NAT 60.1-75kg最高(c/kg HSCW),2025-02-01,490.0,,,,,
,猪,猪价 Buyers NAT 60.1-75kg最高(c/kg HSCW),2025-03-01,490.0,,,,,
,猪,猪价 Buyers NAT 60.1-75kg最高(c/kg HSCW),2025-04-01,490.0,,,,,
,猪,猪价 Buyers NAT 60.1-75kg最高(c/kg HSCW),2025-05-01,490.0,,,,,
,猪,猪价 Buyers NAT 60.1-75kg最高(c/kg HSCW),2025-06-01,490.0,,,,,
,猪,猪价 Buyers NAT 60.1-75kg最高(c/kg HSCW),2025-07-01,490.0,,,,,
,猪,猪价 Buyers NAT 60.1-75kg最高(c/kg HSCW),2025-08-01,496.0,,,,,
,猪,猪价 Buyers NAT 60.1-75kg最高(c/kg HSCW),2025-09-01,500.0,,,,,
,猪,猪价 Buyers NAT 60.1-75kg最高(c/kg HSCW),2025-10-01,500.0,,,,,
,猪,猪价 Buyers NAT 60.1-75kg最高(c/kg HSCW),2025-11-01,505.0,,,,,
,猪,猪价 Buyers NAT 60.1-75kg最高(c/kg HSCW),2025-12-01,510.0,,,,,
,猪,猪价 Buyers NAT 60.1-75kg最高(c/kg HSCW),2026-01-01,510.0,,,,,
,猪,猪价 Buyers NAT 60.1-75kg最高(c/kg HSCW),2026-02-01,510.0,,,,,
,猪,猪价 Buyers NAT 60.1-75kg最高(c/kg HSCW),2026-03-01,510.0,,,,,
,猪,猪价 Buyers NAT 60.1-75kg最高(c/kg HSCW),2026-04-01,510.0,,,,,
,猪,猪价 Buyers NAT 60.1-75kg最高(c/kg HSCW),2026-05-01,510.0,,,,,
,猪,猪价 Buyers NAT 60.1-75kg最高(c/kg HSCW),2026-06-01,495.0,,,,,
,猪,猪价周变化(c/kg),2023-07-01,-2.25,,,,,
,猪,猪价周变化(c/kg),2023-08-01,0.25,,,,,
,猪,猪价周变化(c/kg),2023-09-01,3.8,,,,,
,猪,猪价周变化(c/kg),2023-10-01,2.25,,,,,
,猪,猪价周变化(c/kg),2023-11-01,2.5,,,,,
,猪,猪价周变化(c/kg),2023-12-01,2.333333333333333,,,,,
,猪,猪价周变化(c/kg),2024-01-01,4.0,,,,,
,猪,猪价周变化(c/kg),2024-02-01,0.25,,,,,
,猪,猪价周变化(c/kg),2024-03-01,0.0,,,,,
,猪,猪价周变化(c/kg),2024-04-01,-1.25,,,,,
,猪,猪价周变化(c/kg),2024-05-01,-0.2,,,,,
,猪,猪价周变化(c/kg),2024-06-01,-1.25,,,,,
,猪,猪价周变化(c/kg),2024-07-01,0.25,,,,,
,猪,猪价周变化(c/kg),2024-08-01,1.8,,,,,
,猪,猪价周变化(c/kg),2024-09-01,1.75,,,,,
,猪,猪价周变化(c/kg),2024-10-01,2.5,,,,,
,猪,猪价周变化(c/kg),2024-11-01,3.2,,,,,
,猪,猪价周变化(c/kg),2024-12-01,1.0,,,,,
,猪,猪价周变化(c/kg),2025-01-01,0.4,,,,,
,猪,猪价周变化(c/kg),2025-02-01,-0.25,,,,,
,猪,猪价周变化(c/kg),2025-03-01,-1.0,,,,,
,猪,猪价周变化(c/kg),2025-04-01,-0.75,,,,,
,猪,猪价周变化(c/kg),2025-05-01,-0.2,,,,,
,猪,猪价周变化(c/kg),2025-06-01,1.5,,,,,
,猪,猪价周变化(c/kg),2025-07-01,0.0,,,,,
,猪,猪价周变化(c/kg),2025-08-01,1.4,,,,,
,猪,猪价周变化(c/kg),2025-09-01,0.0,,,,,
,猪,猪价周变化(c/kg),2025-10-01,0.0,,,,,
,猪,猪价周变化(c/kg),2025-11-01,1.75,,,,,
,猪,猪价周变化(c/kg),2025-12-01,0.5,,,,,
,猪,猪价周变化(c/kg),2026-01-01,0.2,,,,,
,猪,猪价周变化(c/kg),2026-02-01,-1.0,,,,,
,猪,猪价周变化(c/kg),2026-03-01,-1.3333333333333333,,,,,
,猪,猪价周变化(c/kg),2026-04-01,-4.75,,,,,
,猪,猪价周变化(c/kg),2026-05-01,-3.0,,,,,
,猪,猪价周变化(c/kg),2026-06-01,-3.0,,,,,
,猪,"猪屠宰量(千头,季度)",1972-09-01,1153.8,,,,,
,猪,"猪屠宰量(千头,季度)",1972-12-01,1204.1,,,,,
,猪,"猪屠宰量(千头,季度)",1973-03-01,1138.7,,,,,
,猪,"猪屠宰量(千头,季度)",1973-06-01,1246.6,,,,,
,猪,"猪屠宰量(千头,季度)",1973-09-01,1207.9,,,,,
,猪,"猪屠宰量(千头,季度)",1973-12-01,1117.4,,,,,
,猪,"猪屠宰量(千头,季度)",1974-03-01,907.9,,,,,
,猪,"猪屠宰量(千头,季度)",1974-06-01,936.7,,,,,
,猪,"猪屠宰量(千头,季度)",1974-09-01,929.9,,,,,
,猪,"猪屠宰量(千头,季度)",1974-12-01,932.5,,,,,
,猪,"猪屠宰量(千头,季度)",1975-03-01,765.1,,,,,
,猪,"猪屠宰量(千头,季度)",1975-06-01,826.0,,,,,
,猪,"猪屠宰量(千头,季度)",1975-09-01,831.9,,,,,
,猪,"猪屠宰量(千头,季度)",1975-12-01,879.4,,,,,
,猪,"猪屠宰量(千头,季度)",1976-03-01,754.8,,,,,
,猪,"猪屠宰量(千头,季度)",1976-06-01,828.8,,,,,
,猪,"猪屠宰量(千头,季度)",1976-09-01,894.8,,,,,
,猪,"猪屠宰量(千头,季度)",1976-12-01,905.2,,,,,
,猪,"猪屠宰量(千头,季度)",1977-03-01,796.6,,,,,
,猪,"猪屠宰量(千头,季度)",1977-06-01,881.3,,,,,
,猪,"猪屠宰量(千头,季度)",1977-09-01,959.7,,,,,
,猪,"猪屠宰量(千头,季度)",1977-12-01,957.1,,,,,
,猪,"猪屠宰量(千头,季度)",1978-03-01,833.0,,,,,
,猪,"猪屠宰量(千头,季度)",1978-06-01,943.4,,,,,
,猪,"猪屠宰量(千头,季度)",1978-09-01,929.9,,,,,
,猪,"猪屠宰量(千头,季度)",1978-12-01,939.4,,,,,
,猪,"猪屠宰量(千头,季度)",1979-03-01,820.5,,,,,
,猪,"猪屠宰量(千头,季度)",1979-06-01,898.9,,,,,
,猪,"猪屠宰量(千头,季度)",1979-09-01,943.2,,,,,
,猪,"猪屠宰量(千头,季度)",1979-12-01,998.4,,,,,
,猪,"猪屠宰量(千头,季度)",1980-03-01,871.8,,,,,
,猪,"猪屠宰量(千头,季度)",1980-06-01,1064.6,,,,,
,猪,"猪屠宰量(千头,季度)",1980-09-01,1104.2,,,,,
,猪,"猪屠宰量(千头,季度)",1980-12-01,1114.0,,,,,
,猪,"猪屠宰量(千头,季度)",1981-03-01,938.9,,,,,
,猪,"猪屠宰量(千头,季度)",1981-06-01,1059.0,,,,,
,猪,"猪屠宰量(千头,季度)",1981-09-01,1081.5,,,,,
,猪,"猪屠宰量(千头,季度)",1981-12-01,1073.7,,,,,
,猪,"猪屠宰量(千头,季度)",1982-03-01,909.4,,,,,
,猪,"猪屠宰量(千头,季度)",1982-06-01,994.0,,,,,
,猪,"猪屠宰量(千头,季度)",1982-09-01,1037.6,,,,,
,猪,"猪屠宰量(千头,季度)",1982-12-01,1075.6,,,,,
,猪,"猪屠宰量(千头,季度)",1983-03-01,963.9,,,,,
,猪,"猪屠宰量(千头,季度)",1983-06-01,1084.4,,,,,
,猪,"猪屠宰量(千头,季度)",1983-09-01,1101.5,,,,,
,猪,"猪屠宰量(千头,季度)",1983-12-01,1142.7,,,,,
,猪,"猪屠宰量(千头,季度)",1984-03-01,1034.2,,,,,
,猪,"猪屠宰量(千头,季度)",1984-06-01,1122.5,,,,,
,猪,"猪屠宰量(千头,季度)",1984-09-01,1142.8,,,,,
,猪,"猪屠宰量(千头,季度)",1984-12-01,1173.9,,,,,
,猪,"猪屠宰量(千头,季度)",1985-03-01,1050.7,,,,,
,猪,"猪屠宰量(千头,季度)",1985-06-01,1122.4,,,,,
,猪,"猪屠宰量(千头,季度)",1985-09-01,1149.9,,,,,
,猪,"猪屠宰量(千头,季度)",1985-12-01,1216.0,,,,,
,猪,"猪屠宰量(千头,季度)",1986-03-01,1036.8,,,,,
,猪,"猪屠宰量(千头,季度)",1986-06-01,1147.0,,,,,
,猪,"猪屠宰量(千头,季度)",1986-09-01,1217.8,,,,,
,猪,"猪屠宰量(千头,季度)",1986-12-01,1231.6,,,,,
,猪,"猪屠宰量(千头,季度)",1987-03-01,1089.6,,,,,
,猪,"猪屠宰量(千头,季度)",1987-06-01,1196.6,,,,,
,猪,"猪屠宰量(千头,季度)",1987-09-01,1231.1,,,,,
,猪,"猪屠宰量(千头,季度)",1987-12-01,1275.8,,,,,
,猪,"猪屠宰量(千头,季度)",1988-03-01,1167.8,,,,,
,猪,"猪屠宰量(千头,季度)",1988-06-01,1248.6,,,,,
,猪,"猪屠宰量(千头,季度)",1988-09-01,1269.7,,,,,
,猪,"猪屠宰量(千头,季度)",1988-12-01,1276.0,,,,,
,猪,"猪屠宰量(千头,季度)",1989-03-01,1170.6,,,,,
,猪,"猪屠宰量(千头,季度)",1989-06-01,1290.4,,,,,
,猪,"猪屠宰量(千头,季度)",1989-09-01,1246.7,,,,,
,猪,"猪屠宰量(千头,季度)",1989-12-01,1232.7,,,,,
,猪,"猪屠宰量(千头,季度)",1990-03-01,1179.9,,,,,
,猪,"猪屠宰量(千头,季度)",1990-06-01,1283.0,,,,,
,猪,"猪屠宰量(千头,季度)",1990-09-01,1244.6,,,,,
,猪,"猪屠宰量(千头,季度)",1990-12-01,1241.2,,,,,
,猪,"猪屠宰量(千头,季度)",1991-03-01,1148.2,,,,,
,猪,"猪屠宰量(千头,季度)",1991-06-01,1231.3,,,,,
,猪,"猪屠宰量(千头,季度)",1991-09-01,1268.4,,,,,
,猪,"猪屠宰量(千头,季度)",1991-12-01,1294.1,,,,,
,猪,"猪屠宰量(千头,季度)",1992-03-01,1243.0,,,,,
,猪,"猪屠宰量(千头,季度)",1992-06-01,1326.9,,,,,
,猪,"猪屠宰量(千头,季度)",1992-09-01,1321.2,,,,,
,猪,"猪屠宰量(千头,季度)",1992-12-01,1337.2,,,,,
,猪,"猪屠宰量(千头,季度)",1993-03-01,1207.0,,,,,
,猪,"猪屠宰量(千头,季度)",1993-06-01,1338.5,,,,,
,猪,"猪屠宰量(千头,季度)",1993-09-01,1366.4,,,,,
,猪,"猪屠宰量(千头,季度)",1993-12-01,1348.3,,,,,
,猪,"猪屠宰量(千头,季度)",1994-03-01,1283.8,,,,,
,猪,"猪屠宰量(千头,季度)",1994-06-01,1375.2,,,,,
,猪,"猪屠宰量(千头,季度)",1994-09-01,1339.1,,,,,
,猪,"猪屠宰量(千头,季度)",1994-12-01,1367.3,,,,,
,猪,"猪屠宰量(千头,季度)",1995-03-01,1256.6,,,,,
,猪,"猪屠宰量(千头,季度)",1995-06-01,1354.5,,,,,
,猪,"猪屠宰量(千头,季度)",1995-09-01,1294.9,,,,,
,猪,"猪屠宰量(千头,季度)",1995-12-01,1284.8,,,,,
,猪,"猪屠宰量(千头,季度)",1996-03-01,1195.3,,,,,
,猪,"猪屠宰量(千头,季度)",1996-06-01,1241.9,,,,,
,猪,"猪屠宰量(千头,季度)",1996-09-01,1208.5,,,,,
,猪,"猪屠宰量(千头,季度)",1996-12-01,1194.2,,,,,
,猪,"猪屠宰量(千头,季度)",1997-03-01,1128.0,,,,,
,猪,"猪屠宰量(千头,季度)",1997-06-01,1265.0,,,,,
,猪,"猪屠宰量(千头,季度)",1997-09-01,1255.2,,,,,
,猪,"猪屠宰量(千头,季度)",1997-12-01,1250.6,,,,,
,猪,"猪屠宰量(千头,季度)",1998-03-01,1224.9,,,,,
,猪,"猪屠宰量(千头,季度)",1998-06-01,1360.6,,,,,
,猪,"猪屠宰量(千头,季度)",1998-09-01,1325.4,,,,,
,猪,"猪屠宰量(千头,季度)",1998-12-01,1301.4,,,,,
,猪,"猪屠宰量(千头,季度)",1999-03-01,1238.0,,,,,
,猪,"猪屠宰量(千头,季度)",1999-06-01,1311.4,,,,,
,猪,"猪屠宰量(千头,季度)",1999-09-01,1253.6,,,,,
,猪,"猪屠宰量(千头,季度)",1999-12-01,1234.2,,,,,
,猪,"猪屠宰量(千头,季度)",2000-03-01,1229.4,,,,,
,猪,"猪屠宰量(千头,季度)",2000-06-01,1307.5,,,,,
,猪,"猪屠宰量(千头,季度)",2000-09-01,1238.0,,,,,
,猪,"猪屠宰量(千头,季度)",2000-12-01,1239.6,,,,,
,猪,"猪屠宰量(千头,季度)",2001-03-01,1217.9,,,,,
,猪,"猪屠宰量(千头,季度)",2001-06-01,1320.8,,,,,
,猪,"猪屠宰量(千头,季度)",2001-09-01,1311.2,,,,,
,猪,"猪屠宰量(千头,季度)",2001-12-01,1321.6,,,,,
,猪,"猪屠宰量(千头,季度)",2002-03-01,1307.6,,,,,
,猪,"猪屠宰量(千头,季度)",2002-06-01,1462.0,,,,,
,猪,"猪屠宰量(千头,季度)",2002-09-01,1439.5,,,,,
,猪,"猪屠宰量(千头,季度)",2002-12-01,1393.7,,,,,
,猪,"猪屠宰量(千头,季度)",2003-03-01,1408.4,,,,,
,猪,"猪屠宰量(千头,季度)",2003-06-01,1500.1,,,,,
,猪,"猪屠宰量(千头,季度)",2003-09-01,1437.9,,,,,
,猪,"猪屠宰量(千头,季度)",2003-12-01,1376.9,,,,,
,猪,"猪屠宰量(千头,季度)",2004-03-01,1352.3,,,,,
,猪,"猪屠宰量(千头,季度)",2004-06-01,1424.1,,,,,
,猪,"猪屠宰量(千头,季度)",2004-09-01,1360.1,,,,,
,猪,"猪屠宰量(千头,季度)",2004-12-01,1303.7,,,,,
,猪,"猪屠宰量(千头,季度)",2005-03-01,1298.6,,,,,
,猪,"猪屠宰量(千头,季度)",2005-06-01,1380.0,,,,,
,猪,"猪屠宰量(千头,季度)",2005-09-01,1349.1,,,,,
,猪,"猪屠宰量(千头,季度)",2005-12-01,1344.6,,,,,
,猪,"猪屠宰量(千头,季度)",2006-03-01,1294.9,,,,,
,猪,"猪屠宰量(千头,季度)",2006-06-01,1381.5,,,,,
,猪,"猪屠宰量(千头,季度)",2006-09-01,1329.2,,,,,
,猪,"猪屠宰量(千头,季度)",2006-12-01,1314.2,,,,,
,猪,"猪屠宰量(千头,季度)",2007-03-01,1319.8,,,,,
,猪,"猪屠宰量(千头,季度)",2007-06-01,1358.7,,,,,
,猪,"猪屠宰量(千头,季度)",2007-09-01,1337.0,,,,,
,猪,"猪屠宰量(千头,季度)",2007-12-01,1311.4,,,,,
,猪,"猪屠宰量(千头,季度)",2008-03-01,1252.0,,,,,
,猪,"猪屠宰量(千头,季度)",2008-06-01,1271.0,,,,,
,猪,"猪屠宰量(千头,季度)",2008-09-01,1143.2,,,,,
,猪,"猪屠宰量(千头,季度)",2008-12-01,1130.1,,,,,
,猪,"猪屠宰量(千头,季度)",2009-03-01,1056.2,,,,,
,猪,"猪屠宰量(千头,季度)",2009-06-01,1146.8,,,,,
,猪,"猪屠宰量(千头,季度)",2009-09-01,1146.2,,,,,
,猪,"猪屠宰量(千头,季度)",2009-12-01,1151.0,,,,,
,猪,"猪屠宰量(千头,季度)",2010-03-01,1090.4,,,,,
,猪,"猪屠宰量(千头,季度)",2010-06-01,1173.4,,,,,
,猪,"猪屠宰量(千头,季度)",2010-09-01,1201.3,,,,,
,猪,"猪屠宰量(千头,季度)",2010-12-01,1151.6,,,,,
,猪,"猪屠宰量(千头,季度)",2011-03-01,1095.7,,,,,
,猪,"猪屠宰量(千头,季度)",2011-06-01,1194.4,,,,,
,猪,"猪屠宰量(千头,季度)",2011-09-01,1202.2,,,,,
,猪,"猪屠宰量(千头,季度)",2011-12-01,1170.5,,,,,
,猪,"猪屠宰量(千头,季度)",2012-03-01,1153.6,,,,,
,猪,"猪屠宰量(千头,季度)",2012-06-01,1206.0,,,,,
,猪,"猪屠宰量(千头,季度)",2012-09-01,1170.2,,,,,
,猪,"猪屠宰量(千头,季度)",2012-12-01,1198.1,,,,,
,猪,"猪屠宰量(千头,季度)",2013-03-01,1140.1,,,,,
,猪,"猪屠宰量(千头,季度)",2013-06-01,1237.0,,,,,
,猪,"猪屠宰量(千头,季度)",2013-09-01,1230.3,,,,,
,猪,"猪屠宰量(千头,季度)",2013-12-01,1169.8,,,,,
,猪,"猪屠宰量(千头,季度)",2014-03-01,1155.0,,,,,
,猪,"猪屠宰量(千头,季度)",2014-06-01,1223.0,,,,,
,猪,"猪屠宰量(千头,季度)",2014-09-01,1233.4,,,,,
,猪,"猪屠宰量(千头,季度)",2014-12-01,1200.3,,,,,
,猪,"猪屠宰量(千头,季度)",2015-03-01,1215.6,,,,,
,猪,"猪屠宰量(千头,季度)",2015-06-01,1274.9,,,,,
,猪,"猪屠宰量(千头,季度)",2015-09-01,1243.2,,,,,
,猪,"猪屠宰量(千头,季度)",2015-12-01,1223.9,,,,,
,猪,"猪屠宰量(千头,季度)",2016-03-01,1210.1,,,,,
,猪,"猪屠宰量(千头,季度)",2016-06-01,1322.4,,,,,
,猪,"猪屠宰量(千头,季度)",2016-09-01,1301.2,,,,,
,猪,"猪屠宰量(千头,季度)",2016-12-01,1246.0,,,,,
,猪,"猪屠宰量(千头,季度)",2017-03-01,1269.8,,,,,
,猪,"猪屠宰量(千头,季度)",2017-06-01,1342.9,,,,,
,猪,"猪屠宰量(千头,季度)",2017-09-01,1352.4,,,,,
,猪,"猪屠宰量(千头,季度)",2017-12-01,1309.5,,,,,
,猪,"猪屠宰量(千头,季度)",2018-03-01,1321.2,,,,,
,猪,"猪屠宰量(千头,季度)",2018-06-01,1395.0,,,,,
,猪,"猪屠宰量(千头,季度)",2018-09-01,1383.0,,,,,
,猪,"猪屠宰量(千头,季度)",2018-12-01,1325.2,,,,,
,猪,"猪屠宰量(千头,季度)",2019-03-01,1280.4,,,,,
,猪,"猪屠宰量(千头,季度)",2019-06-01,1327.4,,,,,
,猪,"猪屠宰量(千头,季度)",2019-09-01,1283.1,,,,,
,猪,"猪屠宰量(千头,季度)",2019-12-01,1250.1,,,,,
,猪,"猪屠宰量(千头,季度)",2020-03-01,1289.3,,,,,
,猪,"猪屠宰量(千头,季度)",2020-06-01,1344.7,,,,,
,猪,"猪屠宰量(千头,季度)",2020-09-01,1356.1,,,,,
,猪,"猪屠宰量(千头,季度)",2020-12-01,1356.3,,,,,
,猪,"猪屠宰量(千头,季度)",2021-03-01,1357.8,,,,,
,猪,"猪屠宰量(千头,季度)",2021-06-01,1419.3,,,,,
,猪,"猪屠宰量(千头,季度)",2021-09-01,1412.2,,,,,
,猪,"猪屠宰量(千头,季度)",2021-12-01,1379.1,,,,,
,猪,"猪屠宰量(千头,季度)",2022-03-01,1309.3,,,,,
,猪,"猪屠宰量(千头,季度)",2022-06-01,1389.6,,,,,
,猪,"猪屠宰量(千头,季度)",2022-09-01,1378.0,,,,,
,猪,"猪屠宰量(千头,季度)",2022-12-01,1360.0,,,,,
,猪,"猪屠宰量(千头,季度)",2023-03-01,1427.7,,,,,
,猪,"猪屠宰量(千头,季度)",2023-06-01,1478.7,,,,,
,猪,"猪屠宰量(千头,季度)",2023-09-01,1471.5,,,,,
,猪,"猪屠宰量(千头,季度)",2023-12-01,1424.0,,,,,
,猪,"猪屠宰量(千头,季度)",2024-03-01,1419.7,,,,,
,猪,"猪屠宰量(千头,季度)",2024-06-01,1483.7,,,,,
,猪,"猪屠宰量(千头,季度)",2024-09-01,1463.8,,,,,
,猪,"猪屠宰量(千头,季度)",2024-12-01,1419.9,,,,,
,猪,"猪屠宰量(千头,季度)",2025-03-01,1397.3,,,,,
,猪,"猪屠宰量(千头,季度)",2025-06-01,1477.5,,,,,
,猪,"猪屠宰量(千头,季度)",2025-09-01,1466.8,,,,,
,猪,"猪屠宰量(千头,季度)",2025-12-01,1411.6,,,,,
,猪,"猪屠宰量(千头,季度)",2026-03-01,1395.0,,,,,
,猪,猪肉CPI指数,1980-09-01,26.46,,,,,
,猪,猪肉CPI指数,1980-12-01,27.82,,,,,
,猪,猪肉CPI指数,1981-03-01,28.71,,,,,
,猪,猪肉CPI指数,1981-06-01,28.88,,,,,
,猪,猪肉CPI指数,1981-09-01,29.94,,,,,
,猪,猪肉CPI指数,1981-12-01,31.17,,,,,
,猪,猪肉CPI指数,1982-03-01,31.76,,,,,
,猪,猪肉CPI指数,1982-06-01,32.65,,,,,
,猪,猪肉CPI指数,1982-09-01,34.05,,,,,
,猪,猪肉CPI指数,1982-12-01,34.52,,,,,
,猪,猪肉CPI指数,1983-03-01,35.19,,,,,
,猪,猪肉CPI指数,1983-06-01,35.28,,,,,
,猪,猪肉CPI指数,1983-09-01,34.3,,,,,
,猪,猪肉CPI指数,1983-12-01,34.22,,,,,
,猪,猪肉CPI指数,1984-03-01,33.84,,,,,
,猪,猪肉CPI指数,1984-06-01,34.13,,,,,
,猪,猪肉CPI指数,1984-09-01,34.39,,,,,
,猪,猪肉CPI指数,1984-12-01,34.9,,,,,
,猪,猪肉CPI指数,1985-03-01,35.7,,,,,
,猪,猪肉CPI指数,1985-06-01,35.75,,,,,
,猪,猪肉CPI指数,1985-09-01,36.09,,,,,
,猪,猪肉CPI指数,1985-12-01,36.04,,,,,
,猪,猪肉CPI指数,1986-03-01,36.47,,,,,
,猪,猪肉CPI指数,1986-06-01,36.51,,,,,
,猪,猪肉CPI指数,1986-09-01,35.96,,,,,
,猪,猪肉CPI指数,1986-12-01,37.61,,,,,
,猪,猪肉CPI指数,1987-03-01,37.06,,,,,
,猪,猪肉CPI指数,1987-06-01,36.89,,,,,
,猪,猪肉CPI指数,1987-09-01,37.1,,,,,
,猪,猪肉CPI指数,1987-12-01,37.74,,,,,
,猪,猪肉CPI指数,1988-03-01,37.87,,,,,
,猪,猪肉CPI指数,1988-06-01,37.99,,,,,
,猪,猪肉CPI指数,1988-09-01,37.95,,,,,
,猪,猪肉CPI指数,1988-12-01,39.48,,,,,
,猪,猪肉CPI指数,1989-03-01,40.66,,,,,
,猪,猪肉CPI指数,1989-06-01,40.88,,,,,
,猪,猪肉CPI指数,1989-09-01,41.39,,,,,
,猪,猪肉CPI指数,1989-12-01,42.7,,,,,
,猪,猪肉CPI指数,1990-03-01,42.66,,,,,
,猪,猪肉CPI指数,1990-06-01,42.83,,,,,
,猪,猪肉CPI指数,1990-09-01,42.28,,,,,
,猪,猪肉CPI指数,1990-12-01,43.08,,,,,
,猪,猪肉CPI指数,1991-03-01,43.55,,,,,
,猪,猪肉CPI指数,1991-06-01,43.55,,,,,
,猪,猪肉CPI指数,1991-09-01,42.7,,,,,
,猪,猪肉CPI指数,1991-12-01,43.29,,,,,
,猪,猪肉CPI指数,1992-03-01,43.51,,,,,
,猪,猪肉CPI指数,1992-06-01,43.12,,,,,
,猪,猪肉CPI指数,1992-09-01,43.29,,,,,
,猪,猪肉CPI指数,1992-12-01,43.12,,,,,
,猪,猪肉CPI指数,1993-03-01,43.68,,,,,
,猪,猪肉CPI指数,1993-06-01,43.89,,,,,
,猪,猪肉CPI指数,1993-09-01,44.1,,,,,
,猪,猪肉CPI指数,1993-12-01,45.12,,,,,
,猪,猪肉CPI指数,1994-03-01,44.99,,,,,
,猪,猪肉CPI指数,1994-06-01,44.44,,,,,
,猪,猪肉CPI指数,1994-09-01,43.76,,,,,
,猪,猪肉CPI指数,1994-12-01,44.35,,,,,
,猪,猪肉CPI指数,1995-03-01,44.78,,,,,
,猪,猪肉CPI指数,1995-06-01,44.52,,,,,
,猪,猪肉CPI指数,1995-09-01,45.12,,,,,
,猪,猪肉CPI指数,1995-12-01,45.33,,,,,
,猪,猪肉CPI指数,1996-03-01,45.8,,,,,
,猪,猪肉CPI指数,1996-06-01,46.86,,,,,
,猪,猪肉CPI指数,1996-09-01,47.49,,,,,
,猪,猪肉CPI指数,1996-12-01,48.51,,,,,
,猪,猪肉CPI指数,1997-03-01,48.89,,,,,
,猪,猪肉CPI指数,1997-06-01,48.64,,,,,
,猪,猪肉CPI指数,1997-09-01,47.92,,,,,
,猪,猪肉CPI指数,1997-12-01,48.3,,,,,
,猪,猪肉CPI指数,1998-03-01,48.42,,,,,
,猪,猪肉CPI指数,1998-06-01,47.79,,,,,
,猪,猪肉CPI指数,1998-09-01,47.36,,,,,
,猪,猪肉CPI指数,1998-12-01,47.19,,,,,
,猪,猪肉CPI指数,1999-03-01,47.66,,,,,
,猪,猪肉CPI指数,1999-06-01,47.32,,,,,
,猪,猪肉CPI指数,1999-09-01,48.09,,,,,
,猪,猪肉CPI指数,1999-12-01,50.37,,,,,
,猪,猪肉CPI指数,2000-03-01,50.8,,,,,
,猪,猪肉CPI指数,2000-06-01,49.7,,,,,
,猪,猪肉CPI指数,2000-09-01,49.78,,,,,
,猪,猪肉CPI指数,2000-12-01,50.54,,,,,
,猪,猪肉CPI指数,2001-03-01,52.37,,,,,
,猪,猪肉CPI指数,2001-06-01,54.4,,,,,
,猪,猪肉CPI指数,2001-09-01,56.99,,,,,
,猪,猪肉CPI指数,2001-12-01,58.09,,,,,
,猪,猪肉CPI指数,2002-03-01,60.38,,,,,
,猪,猪肉CPI指数,2002-06-01,59.36,,,,,
,猪,猪肉CPI指数,2002-09-01,59.15,,,,,
,猪,猪肉CPI指数,2002-12-01,58.26,,,,,
,猪,猪肉CPI指数,2003-03-01,58.73,,,,,
,猪,猪肉CPI指数,2003-06-01,59.36,,,,,
,猪,猪肉CPI指数,2003-09-01,58.56,,,,,
,猪,猪肉CPI指数,2003-12-01,60.3,,,,,
,猪,猪肉CPI指数,2004-03-01,60.17,,,,,
,猪,猪肉CPI指数,2004-06-01,59.15,,,,,
,猪,猪肉CPI指数,2004-09-01,56.35,,,,,
,猪,猪肉CPI指数,2004-12-01,60.76,,,,,
,猪,猪肉CPI指数,2005-03-01,61.06,,,,,
,猪,猪肉CPI指数,2005-06-01,63.1,,,,,
,猪,猪肉CPI指数,2005-09-01,62.88,,,,,
,猪,猪肉CPI指数,2005-12-01,61.99,,,,,
,猪,猪肉CPI指数,2006-03-01,63.56,,,,,
,猪,猪肉CPI指数,2006-06-01,63.35,,,,,
,猪,猪肉CPI指数,2006-09-01,63.77,,,,,
,猪,猪肉CPI指数,2006-12-01,65.47,,,,,
,猪,猪肉CPI指数,2007-03-01,66.83,,,,,
,猪,猪肉CPI指数,2007-06-01,65.09,,,,,
,猪,猪肉CPI指数,2007-09-01,64.5,,,,,
,猪,猪肉CPI指数,2007-12-01,65.13,,,,,
,猪,猪肉CPI指数,2008-03-01,67.04,,,,,
,猪,猪肉CPI指数,2008-06-01,66.79,,,,,
,猪,猪肉CPI指数,2008-09-01,65.6,,,,,
,猪,猪肉CPI指数,2008-12-01,68.95,,,,,
,猪,猪肉CPI指数,2009-03-01,72.51,,,,,
,猪,猪肉CPI指数,2009-06-01,72.0,,,,,
,猪,猪肉CPI指数,2009-09-01,71.03,,,,,
,猪,猪肉CPI指数,2009-12-01,68.65,,,,,
,猪,猪肉CPI指数,2010-03-01,71.79,,,,,
,猪,猪肉CPI指数,2010-06-01,70.77,,,,,
,猪,猪肉CPI指数,2010-09-01,70.86,,,,,
,猪,猪肉CPI指数,2010-12-01,72.81,,,,,
,猪,猪肉CPI指数,2011-03-01,73.4,,,,,
,猪,猪肉CPI指数,2011-06-01,73.02,,,,,
,猪,猪肉CPI指数,2011-09-01,72.64,,,,,
,猪,猪肉CPI指数,2011-12-01,70.97,,,,,
,猪,猪肉CPI指数,2012-03-01,71.93,,,,,
,猪,猪肉CPI指数,2012-06-01,70.76,,,,,
,猪,猪肉CPI指数,2012-09-01,71.0,,,,,
,猪,猪肉CPI指数,2012-12-01,71.49,,,,,
,猪,猪肉CPI指数,2013-03-01,72.07,,,,,
,猪,猪肉CPI指数,2013-06-01,72.09,,,,,
,猪,猪肉CPI指数,2013-09-01,72.17,,,,,
,猪,猪肉CPI指数,2013-12-01,71.63,,,,,
,猪,猪肉CPI指数,2014-03-01,73.9,,,,,
,猪,猪肉CPI指数,2014-06-01,74.52,,,,,
,猪,猪肉CPI指数,2014-09-01,74.44,,,,,
,猪,猪肉CPI指数,2014-12-01,75.71,,,,,
,猪,猪肉CPI指数,2015-03-01,77.8,,,,,
,猪,猪肉CPI指数,2015-06-01,77.91,,,,,
,猪,猪肉CPI指数,2015-09-01,78.24,,,,,
,猪,猪肉CPI指数,2015-12-01,79.33,,,,,
,猪,猪肉CPI指数,2016-03-01,80.36,,,,,
,猪,猪肉CPI指数,2016-06-01,79.7,,,,,
,猪,猪肉CPI指数,2016-09-01,78.8,,,,,
,猪,猪肉CPI指数,2016-12-01,80.06,,,,,
,猪,猪肉CPI指数,2017-03-01,79.9,,,,,
,猪,猪肉CPI指数,2017-06-01,77.49,,,,,
,猪,猪肉CPI指数,2017-09-01,77.87,,,,,
,猪,猪肉CPI指数,2017-10-01,77.84,,,,,
,猪,猪肉CPI指数,2017-11-01,77.69,,,,,
,猪,猪肉CPI指数,2017-12-01,78.26,,,,,
,猪,猪肉CPI指数,2018-01-01,77.97,,,,,
,猪,猪肉CPI指数,2018-02-01,78.21,,,,,
,猪,猪肉CPI指数,2018-03-01,78.6,,,,,
,猪,猪肉CPI指数,2018-04-01,77.85,,,,,
,猪,猪肉CPI指数,2018-05-01,77.5,,,,,
,猪,猪肉CPI指数,2018-06-01,77.79,,,,,
,猪,猪肉CPI指数,2018-07-01,76.75,,,,,
,猪,猪肉CPI指数,2018-08-01,76.98,,,,,
,猪,猪肉CPI指数,2018-09-01,77.11,,,,,
,猪,猪肉CPI指数,2018-10-01,76.69,,,,,
,猪,猪肉CPI指数,2018-11-01,77.44,,,,,
,猪,猪肉CPI指数,2018-12-01,77.79,,,,,
,猪,猪肉CPI指数,2019-01-01,77.87,,,,,
,猪,猪肉CPI指数,2019-02-01,78.35,,,,,
,猪,猪肉CPI指数,2019-03-01,78.42,,,,,
,猪,猪肉CPI指数,2019-04-01,78.01,,,,,
,猪,猪肉CPI指数,2019-05-01,78.34,,,,,
,猪,猪肉CPI指数,2019-06-01,78.7,,,,,
,猪,猪肉CPI指数,2019-07-01,78.95,,,,,
,猪,猪肉CPI指数,2019-08-01,79.82,,,,,
,猪,猪肉CPI指数,2019-09-01,80.14,,,,,
,猪,猪肉CPI指数,2019-10-01,83.23,,,,,
,猪,猪肉CPI指数,2019-11-01,83.95,,,,,
,猪,猪肉CPI指数,2019-12-01,83.96,,,,,
,猪,猪肉CPI指数,2020-01-01,84.0,,,,,
,猪,猪肉CPI指数,2020-02-01,84.3,,,,,
,猪,猪肉CPI指数,2020-03-01,85.12,,,,,
,猪,猪肉CPI指数,2020-04-01,86.82,,,,,
,猪,猪肉CPI指数,2020-05-01,86.25,,,,,
,猪,猪肉CPI指数,2020-06-01,86.17,,,,,
,猪,猪肉CPI指数,2020-07-01,86.22,,,,,
,猪,猪肉CPI指数,2020-08-01,86.81,,,,,
,猪,猪肉CPI指数,2020-09-01,86.38,,,,,
,猪,猪肉CPI指数,2020-10-01,86.65,,,,,
,猪,猪肉CPI指数,2020-11-01,87.2,,,,,
,猪,猪肉CPI指数,2020-12-01,86.7,,,,,
,猪,猪肉CPI指数,2021-01-01,87.18,,,,,
,猪,猪肉CPI指数,2021-02-01,87.34,,,,,
,猪,猪肉CPI指数,2021-03-01,86.78,,,,,
,猪,猪肉CPI指数,2021-04-01,85.59,,,,,
,猪,猪肉CPI指数,2021-05-01,86.07,,,,,
,猪,猪肉CPI指数,2021-06-01,85.78,,,,,
,猪,猪肉CPI指数,2021-07-01,85.2,,,,,
,猪,猪肉CPI指数,2021-08-01,86.29,,,,,
,猪,猪肉CPI指数,2021-09-01,86.03,,,,,
,猪,猪肉CPI指数,2021-10-01,86.82,,,,,
,猪,猪肉CPI指数,2021-11-01,87.94,,,,,
,猪,猪肉CPI指数,2021-12-01,87.26,,,,,
,猪,猪肉CPI指数,2022-01-01,89.05,,,,,
,猪,猪肉CPI指数,2022-02-01,90.7,,,,,
,猪,猪肉CPI指数,2022-03-01,89.64,,,,,
,猪,猪肉CPI指数,2022-04-01,88.82,,,,,
,猪,猪肉CPI指数,2022-05-01,89.84,,,,,
,猪,猪肉CPI指数,2022-06-01,89.18,,,,,
,猪,猪肉CPI指数,2022-07-01,89.13,,,,,
,猪,猪肉CPI指数,2022-08-01,89.38,,,,,
,猪,猪肉CPI指数,2022-09-01,89.33,,,,,
,猪,猪肉CPI指数,2022-10-01,90.28,,,,,
,猪,猪肉CPI指数,2022-11-01,91.47,,,,,
,猪,猪肉CPI指数,2022-12-01,91.38,,,,,
,猪,猪肉CPI指数,2023-01-01,92.45,,,,,
,猪,猪肉CPI指数,2023-02-01,93.4,,,,,
,猪,猪肉CPI指数,2023-03-01,93.11,,,,,
,猪,猪肉CPI指数,2023-04-01,92.68,,,,,
,猪,猪肉CPI指数,2023-05-01,92.77,,,,,
,猪,猪肉CPI指数,2023-06-01,92.49,,,,,
,猪,猪肉CPI指数,2023-07-01,92.76,,,,,
,猪,猪肉CPI指数,2023-08-01,93.33,,,,,
,猪,猪肉CPI指数,2023-09-01,93.36,,,,,
,猪,猪肉CPI指数,2023-10-01,95.99,,,,,
,猪,猪肉CPI指数,2023-11-01,96.88,,,,,
,猪,猪肉CPI指数,2023-12-01,96.39,,,,,
,猪,猪肉CPI指数,2024-01-01,97.2,,,,,
,猪,猪肉CPI指数,2024-02-01,96.66,,,,,
,猪,猪肉CPI指数,2024-03-01,96.94,,,,,
,猪,猪肉CPI指数,2024-04-01,97.17,,,,,
,猪,猪肉CPI指数,2024-05-01,97.3,,,,,
,猪,猪肉CPI指数,2024-06-01,96.86,,,,,
,猪,猪肉CPI指数,2024-07-01,96.49,,,,,
,猪,猪肉CPI指数,2024-08-01,96.76,,,,,
,猪,猪肉CPI指数,2024-09-01,96.67,,,,,
,猪,猪肉CPI指数,2024-10-01,98.23,,,,,
,猪,猪肉CPI指数,2024-11-01,99.14,,,,,
,猪,猪肉CPI指数,2024-12-01,98.81,,,,,
,猪,猪肉CPI指数,2025-01-01,100.28,,,,,
,猪,猪肉CPI指数,2025-02-01,100.34,,,,,
,猪,猪肉CPI指数,2025-03-01,100.59,,,,,
,猪,猪肉CPI指数,2025-04-01,99.47,,,,,
,猪,猪肉CPI指数,2025-05-01,100.64,,,,,
,猪,猪肉CPI指数,2025-06-01,99.85,,,,,
,猪,猪肉CPI指数,2025-07-01,99.86,,,,,
,猪,猪肉CPI指数,2025-08-01,100.16,,,,,
,猪,猪肉CPI指数,2025-09-01,100.01,,,,,
,猪,猪肉CPI指数,2025-10-01,99.61,,,,,
,猪,猪肉CPI指数,2025-11-01,100.39,,,,,
,猪,猪肉CPI指数,2025-12-01,99.92,,,,,
,猪,猪肉CPI指数,2026-01-01,100.78,,,,,
,猪,猪肉CPI指数,2026-02-01,100.87,,,,,
,猪,猪肉CPI指数,2026-03-01,100.9,,,,,
,猪,猪肉CPI指数,2026-04-01,101.2,,,,,
,猪,"猪肉产量(吨,季度)",1972-09-01,56837.0,,,,,
,猪,"猪肉产量(吨,季度)",1972-12-01,58464.0,,,,,
,猪,"猪肉产量(吨,季度)",1973-03-01,57220.0,,,,,
,猪,"猪肉产量(吨,季度)",1973-06-01,63652.0,,,,,
,猪,"猪肉产量(吨,季度)",1973-09-01,61633.0,,,,,
,猪,"猪肉产量(吨,季度)",1973-12-01,55817.0,,,,,
,猪,"猪肉产量(吨,季度)",1974-03-01,46244.0,,,,,
,猪,"猪肉产量(吨,季度)",1974-06-01,47342.0,,,,,
,猪,"猪肉产量(吨,季度)",1974-09-01,46003.0,,,,,
,猪,"猪肉产量(吨,季度)",1974-12-01,46887.0,,,,,
,猪,"猪肉产量(吨,季度)",1975-03-01,39192.0,,,,,
,猪,"猪肉产量(吨,季度)",1975-06-01,42989.0,,,,,
,猪,"猪肉产量(吨,季度)",1975-09-01,44068.0,,,,,
,猪,"猪肉产量(吨,季度)",1975-12-01,45574.0,,,,,
,猪,"猪肉产量(吨,季度)",1976-03-01,39997.0,,,,,
,猪,"猪肉产量(吨,季度)",1976-06-01,44186.0,,,,,
,猪,"猪肉产量(吨,季度)",1976-09-01,47960.0,,,,,
,猪,"猪肉产量(吨,季度)",1976-12-01,47220.0,,,,,
,猪,"猪肉产量(吨,季度)",1977-03-01,42412.0,,,,,
,猪,"猪肉产量(吨,季度)",1977-06-01,47491.0,,,,,
,猪,"猪肉产量(吨,季度)",1977-09-01,52120.0,,,,,
,猪,"猪肉产量(吨,季度)",1977-12-01,50443.0,,,,,
,猪,"猪肉产量(吨,季度)",1978-03-01,44819.0,,,,,
,猪,"猪肉产量(吨,季度)",1978-06-01,51698.0,,,,,
,猪,"猪肉产量(吨,季度)",1978-09-01,51225.0,,,,,
,猪,"猪肉产量(吨,季度)",1978-12-01,51365.0,,,,,
,猪,"猪肉产量(吨,季度)",1979-03-01,45201.0,,,,,
,猪,"猪肉产量(吨,季度)",1979-06-01,50771.0,,,,,
,猪,"猪肉产量(吨,季度)",1979-09-01,54213.0,,,,,
,猪,"猪肉产量(吨,季度)",1979-12-01,55025.0,,,,,
,猪,"猪肉产量(吨,季度)",1980-03-01,48640.0,,,,,
,猪,"猪肉产量(吨,季度)",1980-06-01,60173.0,,,,,
,猪,"猪肉产量(吨,季度)",1980-09-01,61285.0,,,,,
,猪,"猪肉产量(吨,季度)",1980-12-01,60816.0,,,,,
,猪,"猪肉产量(吨,季度)",1981-03-01,52078.0,,,,,
,猪,"猪肉产量(吨,季度)",1981-06-01,58817.0,,,,,
,猪,"猪肉产量(吨,季度)",1981-09-01,60758.0,,,,,
,猪,"猪肉产量(吨,季度)",1981-12-01,58863.0,,,,,
,猪,"猪肉产量(吨,季度)",1982-03-01,51122.0,,,,,
,猪,"猪肉产量(吨,季度)",1982-06-01,57681.0,,,,,
,猪,"猪肉产量(吨,季度)",1982-09-01,60129.0,,,,,
,猪,"猪肉产量(吨,季度)",1982-12-01,60888.0,,,,,
,猪,"猪肉产量(吨,季度)",1983-03-01,54542.0,,,,,
,猪,"猪肉产量(吨,季度)",1983-06-01,63511.0,,,,,
,猪,"猪肉产量(吨,季度)",1983-09-01,63811.0,,,,,
,猪,"猪肉产量(吨,季度)",1983-12-01,65159.0,,,,,
,猪,"猪肉产量(吨,季度)",1984-03-01,59453.0,,,,,
,猪,"猪肉产量(吨,季度)",1984-06-01,64855.0,,,,,
,猪,"猪肉产量(吨,季度)",1984-09-01,67248.0,,,,,
,猪,"猪肉产量(吨,季度)",1984-12-01,65350.0,,,,,
,猪,"猪肉产量(吨,季度)",1985-03-01,61217.0,,,,,
,猪,"猪肉产量(吨,季度)",1985-06-01,66505.0,,,,,
,猪,"猪肉产量(吨,季度)",1985-09-01,69777.0,,,,,
,猪,"猪肉产量(吨,季度)",1985-12-01,70633.0,,,,,
,猪,"猪肉产量(吨,季度)",1986-03-01,61445.0,,,,,
,猪,"猪肉产量(吨,季度)",1986-06-01,69060.0,,,,,
,猪,"猪肉产量(吨,季度)",1986-09-01,72979.0,,,,,
,猪,"猪肉产量(吨,季度)",1986-12-01,72250.0,,,,,
,猪,"猪肉产量(吨,季度)",1987-03-01,65062.0,,,,,
,猪,"猪肉产量(吨,季度)",1987-06-01,72540.0,,,,,
,猪,"猪肉产量(吨,季度)",1987-09-01,75262.0,,,,,
,猪,"猪肉产量(吨,季度)",1987-12-01,75437.0,,,,,
,猪,"猪肉产量(吨,季度)",1988-03-01,69836.0,,,,,
,猪,"猪肉产量(吨,季度)",1988-06-01,76237.0,,,,,
,猪,"猪肉产量(吨,季度)",1988-09-01,77153.0,,,,,
,猪,"猪肉产量(吨,季度)",1988-12-01,78193.0,,,,,
,猪,"猪肉产量(吨,季度)",1989-03-01,71660.0,,,,,
,猪,"猪肉产量(吨,季度)",1989-06-01,81136.0,,,,,
,猪,"猪肉产量(吨,季度)",1989-09-01,79216.0,,,,,
,猪,"猪肉产量(吨,季度)",1989-12-01,78095.0,,,,,
,猪,"猪肉产量(吨,季度)",1990-03-01,75756.0,,,,,
,猪,"猪肉产量(吨,季度)",1990-06-01,84050.0,,,,,
,猪,"猪肉产量(吨,季度)",1990-09-01,80716.0,,,,,
,猪,"猪肉产量(吨,季度)",1990-12-01,78854.0,,,,,
,猪,"猪肉产量(吨,季度)",1991-03-01,73514.0,,,,,
,猪,"猪肉产量(吨,季度)",1991-06-01,79032.0,,,,,
,猪,"猪肉产量(吨,季度)",1991-09-01,84238.0,,,,,
,猪,"猪肉产量(吨,季度)",1991-12-01,84095.0,,,,,
,猪,"猪肉产量(吨,季度)",1992-03-01,80700.0,,,,,
,猪,"猪肉产量(吨,季度)",1992-06-01,86753.0,,,,,
,猪,"猪肉产量(吨,季度)",1992-09-01,88248.0,,,,,
,猪,"猪肉产量(吨,季度)",1992-12-01,86087.0,,,,,
,猪,"猪肉产量(吨,季度)",1993-03-01,77203.0,,,,,
,猪,"猪肉产量(吨,季度)",1993-06-01,88496.0,,,,,
,猪,"猪肉产量(吨,季度)",1993-09-01,90899.0,,,,,
,猪,"猪肉产量(吨,季度)",1993-12-01,88040.0,,,,,
,猪,"猪肉产量(吨,季度)",1994-03-01,84824.0,,,,,
,猪,"猪肉产量(吨,季度)",1994-06-01,93065.0,,,,,
,猪,"猪肉产量(吨,季度)",1994-09-01,90843.0,,,,,
,猪,"猪肉产量(吨,季度)",1994-12-01,92035.0,,,,,
,猪,"猪肉产量(吨,季度)",1995-03-01,84674.0,,,,,
,猪,"猪肉产量(吨,季度)",1995-06-01,97315.0,,,,,
,猪,"猪肉产量(吨,季度)",1995-09-01,91402.0,,,,,
,猪,"猪肉产量(吨,季度)",1995-12-01,87560.0,,,,,
,猪,"猪肉产量(吨,季度)",1996-03-01,80929.0,,,,,
,猪,"猪肉产量(吨,季度)",1996-06-01,87220.0,,,,,
,猪,"猪肉产量(吨,季度)",1996-09-01,84334.0,,,,,
,猪,"猪肉产量(吨,季度)",1996-12-01,82937.0,,,,,
,猪,"猪肉产量(吨,季度)",1997-03-01,77786.0,,,,,
,猪,"猪肉产量(吨,季度)",1997-06-01,90540.0,,,,,
,猪,"猪肉产量(吨,季度)",1997-09-01,88879.0,,,,,
,猪,"猪肉产量(吨,季度)",1997-12-01,86964.0,,,,,
,猪,"猪肉产量(吨,季度)",1998-03-01,84918.0,,,,,
,猪,"猪肉产量(吨,季度)",1998-06-01,97729.0,,,,,
,猪,"猪肉产量(吨,季度)",1998-09-01,95075.0,,,,,
,猪,"猪肉产量(吨,季度)",1998-12-01,91314.0,,,,,
,猪,"猪肉产量(吨,季度)",1999-03-01,86948.0,,,,,
,猪,"猪肉产量(吨,季度)",1999-06-01,96514.0,,,,,
,猪,"猪肉产量(吨,季度)",1999-09-01,90382.0,,,,,
,猪,"猪肉产量(吨,季度)",1999-12-01,88357.0,,,,,
,猪,"猪肉产量(吨,季度)",2000-03-01,88130.0,,,,,
,猪,"猪肉产量(吨,季度)",2000-06-01,95985.0,,,,,
,猪,"猪肉产量(吨,季度)",2000-09-01,90708.0,,,,,
,猪,"猪肉产量(吨,季度)",2000-12-01,89541.0,,,,,
,猪,"猪肉产量(吨,季度)",2001-03-01,87319.0,,,,,
,猪,"猪肉产量(吨,季度)",2001-06-01,97600.0,,,,,
,猪,"猪肉产量(吨,季度)",2001-09-01,98210.0,,,,,
,猪,"猪肉产量(吨,季度)",2001-12-01,95401.0,,,,,
,猪,"猪肉产量(吨,季度)",2002-03-01,94360.0,,,,,
,猪,"猪肉产量(吨,季度)",2002-06-01,107563.0,,,,,
,猪,"猪肉产量(吨,季度)",2002-09-01,105343.0,,,,,
,猪,"猪肉产量(吨,季度)",2002-12-01,100008.0,,,,,
,猪,"猪肉产量(吨,季度)",2003-03-01,102714.0,,,,,
,猪,"猪肉产量(吨,季度)",2003-06-01,111490.0,,,,,
,猪,"猪肉产量(吨,季度)",2003-09-01,106120.0,,,,,
,猪,"猪肉产量(吨,季度)",2003-12-01,98551.0,,,,,
,猪,"猪肉产量(吨,季度)",2004-03-01,96531.0,,,,,
,猪,"猪肉产量(吨,季度)",2004-06-01,104697.0,,,,,
,猪,"猪肉产量(吨,季度)",2004-09-01,99416.0,,,,,
,猪,"猪肉产量(吨,季度)",2004-12-01,94180.0,,,,,
,猪,"猪肉产量(吨,季度)",2005-03-01,93109.0,,,,,
,猪,"猪肉产量(吨,季度)",2005-06-01,101894.0,,,,,
,猪,"猪肉产量(吨,季度)",2005-09-01,99727.0,,,,,
,猪,"猪肉产量(吨,季度)",2005-12-01,95607.0,,,,,
,猪,"猪肉产量(吨,季度)",2006-03-01,92078.0,,,,,
,猪,"猪肉产量(吨,季度)",2006-06-01,101451.0,,,,,
,猪,"猪肉产量(吨,季度)",2006-09-01,96384.0,,,,,
,猪,"猪肉产量(吨,季度)",2006-12-01,92769.0,,,,,
,猪,"猪肉产量(吨,季度)",2007-03-01,92959.0,,,,,
,猪,"猪肉产量(吨,季度)",2007-06-01,99754.0,,,,,
,猪,"猪肉产量(吨,季度)",2007-09-01,97533.0,,,,,
,猪,"猪肉产量(吨,季度)",2007-12-01,94341.0,,,,,
,猪,"猪肉产量(吨,季度)",2008-03-01,90260.0,,,,,
,猪,"猪肉产量(吨,季度)",2008-06-01,92275.0,,,,,
,猪,"猪肉产量(吨,季度)",2008-09-01,82355.0,,,,,
,猪,"猪肉产量(吨,季度)",2008-12-01,80186.0,,,,,
,猪,"猪肉产量(吨,季度)",2009-03-01,75305.0,,,,,
,猪,"猪肉产量(吨,季度)",2009-06-01,83159.0,,,,,
,猪,"猪肉产量(吨,季度)",2009-09-01,83912.0,,,,,
,猪,"猪肉产量(吨,季度)",2009-12-01,81294.0,,,,,
,猪,"猪肉产量(吨,季度)",2010-03-01,78857.0,,,,,
,猪,"猪肉产量(吨,季度)",2010-06-01,87198.0,,,,,
,猪,"猪肉产量(吨,季度)",2010-09-01,89599.0,,,,,
,猪,"猪肉产量(吨,季度)",2010-12-01,83081.0,,,,,
,猪,"猪肉产量(吨,季度)",2011-03-01,79766.0,,,,,
,猪,"猪肉产量(吨,季度)",2011-06-01,89655.0,,,,,
,猪,"猪肉产量(吨,季度)",2011-09-01,90271.0,,,,,
,猪,"猪肉产量(吨,季度)",2011-12-01,84575.0,,,,,
,猪,"猪肉产量(吨,季度)",2012-03-01,84468.0,,,,,
,猪,"猪肉产量(吨,季度)",2012-06-01,91199.0,,,,,
,猪,"猪肉产量(吨,季度)",2012-09-01,88680.0,,,,,
,猪,"猪肉产量(吨,季度)",2012-12-01,87390.0,,,,,
,猪,"猪肉产量(吨,季度)",2013-03-01,84568.0,,,,,
,猪,"猪肉产量(吨,季度)",2013-06-01,95186.0,,,,,
,猪,"猪肉产量(吨,季度)",2013-09-01,93722.0,,,,,
,猪,"猪肉产量(吨,季度)",2013-12-01,86427.0,,,,,
,猪,"猪肉产量(吨,季度)",2014-03-01,86045.0,,,,,
,猪,"猪肉产量(吨,季度)",2014-06-01,93647.0,,,,,
,猪,"猪肉产量(吨,季度)",2014-09-01,93822.0,,,,,
,猪,"猪肉产量(吨,季度)",2014-12-01,88679.0,,,,,
,猪,"猪肉产量(吨,季度)",2015-03-01,90985.0,,,,,
,猪,"猪肉产量(吨,季度)",2015-06-01,97677.0,,,,,
,猪,"猪肉产量(吨,季度)",2015-09-01,95731.0,,,,,
,猪,"猪肉产量(吨,季度)",2015-12-01,89722.0,,,,,
,猪,"猪肉产量(吨,季度)",2016-03-01,90190.0,,,,,
,猪,"猪肉产量(吨,季度)",2016-06-01,101998.0,,,,,
,猪,"猪肉产量(吨,季度)",2016-09-01,100152.0,,,,,
,猪,"猪肉产量(吨,季度)",2016-12-01,93715.0,,,,,
,猪,"猪肉产量(吨,季度)",2017-03-01,97015.0,,,,,
,猪,"猪肉产量(吨,季度)",2017-06-01,106258.0,,,,,
,猪,"猪肉产量(吨,季度)",2017-09-01,105684.0,,,,,
,猪,"猪肉产量(吨,季度)",2017-12-01,99015.0,,,,,
,猪,"猪肉产量(吨,季度)",2018-03-01,101184.0,,,,,
,猪,"猪肉产量(吨,季度)",2018-06-01,111543.0,,,,,
,猪,"猪肉产量(吨,季度)",2018-09-01,110099.0,,,,,
,猪,"猪肉产量(吨,季度)",2018-12-01,101387.0,,,,,
,猪,"猪肉产量(吨,季度)",2019-03-01,98075.0,,,,,
,猪,"猪肉产量(吨,季度)",2019-06-01,104908.0,,,,,
,猪,"猪肉产量(吨,季度)",2019-09-01,99965.0,,,,,
,猪,"猪肉产量(吨,季度)",2019-12-01,94787.0,,,,,
,猪,"猪肉产量(吨,季度)",2020-03-01,100141.0,,,,,
,猪,"猪肉产量(吨,季度)",2020-06-01,107811.0,,,,,
,猪,"猪肉产量(吨,季度)",2020-09-01,106904.0,,,,,
,猪,"猪肉产量(吨,季度)",2020-12-01,103870.0,,,,,
,猪,"猪肉产量(吨,季度)",2021-03-01,106222.0,,,,,
,猪,"猪肉产量(吨,季度)",2021-06-01,115250.0,,,,,
,猪,"猪肉产量(吨,季度)",2021-09-01,114040.0,,,,,
,猪,"猪肉产量(吨,季度)",2021-12-01,107714.0,,,,,
,猪,"猪肉产量(吨,季度)",2022-03-01,103691.0,,,,,
,猪,"猪肉产量(吨,季度)",2022-06-01,113182.0,,,,,
,猪,"猪肉产量(吨,季度)",2022-09-01,112151.0,,,,,
,猪,"猪肉产量(吨,季度)",2022-12-01,107250.0,,,,,
,猪,"猪肉产量(吨,季度)",2023-03-01,113026.0,,,,,
,猪,"猪肉产量(吨,季度)",2023-06-01,120999.0,,,,,
,猪,"猪肉产量(吨,季度)",2023-09-01,119673.0,,,,,
,猪,"猪肉产量(吨,季度)",2023-12-01,113088.0,,,,,
,猪,"猪肉产量(吨,季度)",2024-03-01,112706.0,,,,,
,猪,"猪肉产量(吨,季度)",2024-06-01,122966.0,,,,,
,猪,"猪肉产量(吨,季度)",2024-09-01,121157.0,,,,,
,猪,"猪肉产量(吨,季度)",2024-12-01,113673.0,,,,,
,猪,"猪肉产量(吨,季度)",2025-03-01,114652.0,,,,,
,猪,"猪肉产量(吨,季度)",2025-06-01,123346.0,,,,,
,猪,"猪肉产量(吨,季度)",2025-09-01,123030.0,,,,,
,猪,"猪肉产量(吨,季度)",2025-12-01,114043.0,,,,,
,猪,"猪肉产量(吨,季度)",2026-03-01,112976.0,,,,,
,生鲜乳,牛奶CPI指数,1980-09-01,22.73,,,,,
,生鲜乳,牛奶CPI指数,1980-12-01,23.98,,,,,
,生鲜乳,牛奶CPI指数,1981-03-01,24.66,,,,,
,生鲜乳,牛奶CPI指数,1981-06-01,25.26,,,,,
,生鲜乳,牛奶CPI指数,1981-09-01,25.83,,,,,
,生鲜乳,牛奶CPI指数,1981-12-01,26.67,,,,,
,生鲜乳,牛奶CPI指数,1982-03-01,25.87,,,,,
,生鲜乳,牛奶CPI指数,1982-06-01,26.36,,,,,
,生鲜乳,牛奶CPI指数,1982-09-01,26.78,,,,,
,生鲜乳,牛奶CPI指数,1982-12-01,27.31,,,,,
,生鲜乳,牛奶CPI指数,1983-03-01,27.35,,,,,
,生鲜乳,牛奶CPI指数,1983-06-01,27.65,,,,,
,生鲜乳,牛奶CPI指数,1983-09-01,27.76,,,,,
,生鲜乳,牛奶CPI指数,1983-12-01,28.64,,,,,
,生鲜乳,牛奶CPI指数,1984-03-01,28.98,,,,,
,生鲜乳,牛奶CPI指数,1984-06-01,29.05,,,,,
,生鲜乳,牛奶CPI指数,1984-09-01,29.05,,,,,
,生鲜乳,牛奶CPI指数,1984-12-01,29.01,,,,,
,生鲜乳,牛奶CPI指数,1985-03-01,29.85,,,,,
,生鲜乳,牛奶CPI指数,1985-06-01,30.19,,,,,
,生鲜乳,牛奶CPI指数,1985-09-01,30.6,,,,,
,生鲜乳,牛奶CPI指数,1985-12-01,31.17,,,,,
,生鲜乳,牛奶CPI指数,1986-03-01,31.67,,,,,
,生鲜乳,牛奶CPI指数,1986-06-01,32.31,,,,,
,生鲜乳,牛奶CPI指数,1986-09-01,32.76,,,,,
,生鲜乳,牛奶CPI指数,1986-12-01,32.92,,,,,
,生鲜乳,牛奶CPI指数,1987-03-01,33.14,,,,,
,生鲜乳,牛奶CPI指数,1987-06-01,33.56,,,,,
,生鲜乳,牛奶CPI指数,1987-09-01,34.13,,,,,
,生鲜乳,牛奶CPI指数,1987-12-01,34.47,,,,,
,生鲜乳,牛奶CPI指数,1988-03-01,34.85,,,,,
,生鲜乳,牛奶CPI指数,1988-06-01,35.26,,,,,
,生鲜乳,牛奶CPI指数,1988-09-01,35.6,,,,,
,生鲜乳,牛奶CPI指数,1988-12-01,36.1,,,,,
,生鲜乳,牛奶CPI指数,1989-03-01,37.12,,,,,
,生鲜乳,牛奶CPI指数,1989-06-01,36.97,,,,,
,生鲜乳,牛奶CPI指数,1989-09-01,36.97,,,,,
,生鲜乳,牛奶CPI指数,1989-12-01,37.61,,,,,
,生鲜乳,牛奶CPI指数,1990-03-01,38.26,,,,,
,生鲜乳,牛奶CPI指数,1990-06-01,38.67,,,,,
,生鲜乳,牛奶CPI指数,1990-09-01,39.01,,,,,
,生鲜乳,牛奶CPI指数,1990-12-01,39.81,,,,,
,生鲜乳,牛奶CPI指数,1991-03-01,40.64,,,,,
,生鲜乳,牛奶CPI指数,1991-06-01,41.25,,,,,
,生鲜乳,牛奶CPI指数,1991-09-01,42.2,,,,,
,生鲜乳,牛奶CPI指数,1991-12-01,42.8,,,,,
,生鲜乳,牛奶CPI指数,1992-03-01,42.92,,,,,
,生鲜乳,牛奶CPI指数,1992-06-01,43.45,,,,,
,生鲜乳,牛奶CPI指数,1992-09-01,43.48,,,,,
,生鲜乳,牛奶CPI指数,1992-12-01,43.71,,,,,
,生鲜乳,牛奶CPI指数,1993-03-01,44.32,,,,,
,生鲜乳,牛奶CPI指数,1993-06-01,45.23,,,,,
,生鲜乳,牛奶CPI指数,1993-09-01,45.64,,,,,
,生鲜乳,牛奶CPI指数,1993-12-01,45.98,,,,,
,生鲜乳,牛奶CPI指数,1994-03-01,46.48,,,,,
,生鲜乳,牛奶CPI指数,1994-06-01,46.7,,,,,
,生鲜乳,牛奶CPI指数,1994-09-01,47.23,,,,,
,生鲜乳,牛奶CPI指数,1994-12-01,47.91,,,,,
,生鲜乳,牛奶CPI指数,1995-03-01,48.67,,,,,
,生鲜乳,牛奶CPI指数,1995-06-01,49.43,,,,,
,生鲜乳,牛奶CPI指数,1995-09-01,50.34,,,,,
,生鲜乳,牛奶CPI指数,1995-12-01,50.76,,,,,
,生鲜乳,牛奶CPI指数,1996-03-01,51.63,,,,,
,生鲜乳,牛奶CPI指数,1996-06-01,52.04,,,,,
,生鲜乳,牛奶CPI指数,1996-09-01,52.88,,,,,
,生鲜乳,牛奶CPI指数,1996-12-01,53.26,,,,,
,生鲜乳,牛奶CPI指数,1997-03-01,54.32,,,,,
,生鲜乳,牛奶CPI指数,1997-06-01,54.66,,,,,
,生鲜乳,牛奶CPI指数,1997-09-01,55.04,,,,,
,生鲜乳,牛奶CPI指数,1997-12-01,55.68,,,,,
,生鲜乳,牛奶CPI指数,1998-03-01,56.29,,,,,
,生鲜乳,牛奶CPI指数,1998-06-01,56.4,,,,,
,生鲜乳,牛奶CPI指数,1998-09-01,56.48,,,,,
,生鲜乳,牛奶CPI指数,1998-12-01,56.88,,,,,
,生鲜乳,牛奶CPI指数,1999-03-01,57.61,,,,,
,生鲜乳,牛奶CPI指数,1999-06-01,57.79,,,,,
,生鲜乳,牛奶CPI指数,1999-09-01,58.31,,,,,
,生鲜乳,牛奶CPI指数,1999-12-01,59.7,,,,,
,生鲜乳,牛奶CPI指数,2000-03-01,60.49,,,,,
,生鲜乳,牛奶CPI指数,2000-06-01,61.61,,,,,
,生鲜乳,牛奶CPI指数,2000-09-01,60.05,,,,,
,生鲜乳,牛奶CPI指数,2000-12-01,58.06,,,,,
,生鲜乳,牛奶CPI指数,2001-03-01,58.18,,,,,
,生鲜乳,牛奶CPI指数,2001-06-01,58.44,,,,,
,生鲜乳,牛奶CPI指数,2001-09-01,59.15,,,,,
,生鲜乳,牛奶CPI指数,2001-12-01,61.53,,,,,
,生鲜乳,牛奶CPI指数,2002-03-01,61.76,,,,,
,生鲜乳,牛奶CPI指数,2002-06-01,62.23,,,,,
,生鲜乳,牛奶CPI指数,2002-09-01,62.51,,,,,
,生鲜乳,牛奶CPI指数,2002-12-01,64.09,,,,,
,生鲜乳,牛奶CPI指数,2003-03-01,64.83,,,,,
,生鲜乳,牛奶CPI指数,2003-06-01,65.33,,,,,
,生鲜乳,牛奶CPI指数,2003-09-01,65.11,,,,,
,生鲜乳,牛奶CPI指数,2003-12-01,65.57,,,,,
,生鲜乳,牛奶CPI指数,2004-03-01,65.84,,,,,
,生鲜乳,牛奶CPI指数,2004-06-01,66.65,,,,,
,生鲜乳,牛奶CPI指数,2004-09-01,67.08,,,,,
,生鲜乳,牛奶CPI指数,2004-12-01,67.25,,,,,
,生鲜乳,牛奶CPI指数,2005-03-01,68.46,,,,,
,生鲜乳,牛奶CPI指数,2005-06-01,69.74,,,,,
,生鲜乳,牛奶CPI指数,2005-09-01,69.55,,,,,
,生鲜乳,牛奶CPI指数,2005-12-01,71.16,,,,,
,生鲜乳,牛奶CPI指数,2006-03-01,71.37,,,,,
,生鲜乳,牛奶CPI指数,2006-06-01,72.06,,,,,
,生鲜乳,牛奶CPI指数,2006-09-01,72.64,,,,,
,生鲜乳,牛奶CPI指数,2006-12-01,73.46,,,,,
,生鲜乳,牛奶CPI指数,2007-03-01,74.19,,,,,
,生鲜乳,牛奶CPI指数,2007-06-01,74.75,,,,,
,生鲜乳,牛奶CPI指数,2007-09-01,76.59,,,,,
,生鲜乳,牛奶CPI指数,2007-12-01,80.88,,,,,
,生鲜乳,牛奶CPI指数,2008-03-01,82.82,,,,,
,生鲜乳,牛奶CPI指数,2008-06-01,83.8,,,,,
,生鲜乳,牛奶CPI指数,2008-09-01,84.95,,,,,
,生鲜乳,牛奶CPI指数,2008-12-01,85.99,,,,,
,生鲜乳,牛奶CPI指数,2009-03-01,84.66,,,,,
,生鲜乳,牛奶CPI指数,2009-06-01,82.12,,,,,
,生鲜乳,牛奶CPI指数,2009-09-01,81.72,,,,,
,生鲜乳,牛奶CPI指数,2009-12-01,81.88,,,,,
,生鲜乳,牛奶CPI指数,2010-03-01,81.97,,,,,
,生鲜乳,牛奶CPI指数,2010-06-01,82.21,,,,,
,生鲜乳,牛奶CPI指数,2010-09-01,82.21,,,,,
,生鲜乳,牛奶CPI指数,2010-12-01,81.9,,,,,
,生鲜乳,牛奶CPI指数,2011-03-01,76.84,,,,,
,生鲜乳,牛奶CPI指数,2011-06-01,73.32,,,,,
,生鲜乳,牛奶CPI指数,2011-09-01,73.54,,,,,
,生鲜乳,牛奶CPI指数,2011-12-01,73.59,,,,,
,生鲜乳,牛奶CPI指数,2012-03-01,73.79,,,,,
,生鲜乳,牛奶CPI指数,2012-06-01,73.66,,,,,
,生鲜乳,牛奶CPI指数,2012-09-01,73.29,,,,,
,生鲜乳,牛奶CPI指数,2012-12-01,72.99,,,,,
,生鲜乳,牛奶CPI指数,2013-03-01,71.9,,,,,
,生鲜乳,牛奶CPI指数,2013-06-01,71.23,,,,,
,生鲜乳,牛奶CPI指数,2013-09-01,71.55,,,,,
,生鲜乳,牛奶CPI指数,2013-12-01,71.85,,,,,
,生鲜乳,牛奶CPI指数,2014-03-01,71.95,,,,,
,生鲜乳,牛奶CPI指数,2014-06-01,71.95,,,,,
,生鲜乳,牛奶CPI指数,2014-09-01,71.83,,,,,
,生鲜乳,牛奶CPI指数,2014-12-01,71.92,,,,,
,生鲜乳,牛奶CPI指数,2015-03-01,71.88,,,,,
,生鲜乳,牛奶CPI指数,2015-06-01,71.55,,,,,
,生鲜乳,牛奶CPI指数,2015-09-01,71.37,,,,,
,生鲜乳,牛奶CPI指数,2015-12-01,71.03,,,,,
,生鲜乳,牛奶CPI指数,2016-03-01,71.15,,,,,
,生鲜乳,牛奶CPI指数,2016-06-01,71.16,,,,,
,生鲜乳,牛奶CPI指数,2016-09-01,71.14,,,,,
,生鲜乳,牛奶CPI指数,2016-12-01,70.97,,,,,
,生鲜乳,牛奶CPI指数,2017-03-01,71.24,,,,,
,生鲜乳,牛奶CPI指数,2017-06-01,71.07,,,,,
,生鲜乳,牛奶CPI指数,2017-09-01,70.96,,,,,
,生鲜乳,牛奶CPI指数,2017-10-01,70.86,,,,,
,生鲜乳,牛奶CPI指数,2017-11-01,71.18,,,,,
,生鲜乳,牛奶CPI指数,2017-12-01,71.41,,,,,
,生鲜乳,牛奶CPI指数,2018-01-01,71.29,,,,,
,生鲜乳,牛奶CPI指数,2018-02-01,71.1,,,,,
,生鲜乳,牛奶CPI指数,2018-03-01,71.32,,,,,
,生鲜乳,牛奶CPI指数,2018-04-01,71.69,,,,,
,生鲜乳,牛奶CPI指数,2018-05-01,71.33,,,,,
,生鲜乳,牛奶CPI指数,2018-06-01,71.78,,,,,
,生鲜乳,牛奶CPI指数,2018-07-01,71.4,,,,,
,生鲜乳,牛奶CPI指数,2018-08-01,70.98,,,,,
,生鲜乳,牛奶CPI指数,2018-09-01,71.34,,,,,
,生鲜乳,牛奶CPI指数,2018-10-01,72.15,,,,,
,生鲜乳,牛奶CPI指数,2018-11-01,72.38,,,,,
,生鲜乳,牛奶CPI指数,2018-12-01,72.8,,,,,
,生鲜乳,牛奶CPI指数,2019-01-01,72.74,,,,,
,生鲜乳,牛奶CPI指数,2019-02-01,71.84,,,,,
,生鲜乳,牛奶CPI指数,2019-03-01,72.5,,,,,
,生鲜乳,牛奶CPI指数,2019-04-01,73.8,,,,,
,生鲜乳,牛奶CPI指数,2019-05-01,73.51,,,,,
,生鲜乳,牛奶CPI指数,2019-06-01,73.9,,,,,
,生鲜乳,牛奶CPI指数,2019-07-01,74.43,,,,,
,生鲜乳,牛奶CPI指数,2019-08-01,76.27,,,,,
,生鲜乳,牛奶CPI指数,2019-09-01,76.16,,,,,
,生鲜乳,牛奶CPI指数,2019-10-01,76.81,,,,,
,生鲜乳,牛奶CPI指数,2019-11-01,77.21,,,,,
,生鲜乳,牛奶CPI指数,2019-12-01,77.47,,,,,
,生鲜乳,牛奶CPI指数,2020-01-01,78.04,,,,,
,生鲜乳,牛奶CPI指数,2020-02-01,77.4,,,,,
,生鲜乳,牛奶CPI指数,2020-03-01,78.09,,,,,
,生鲜乳,牛奶CPI指数,2020-04-01,79.54,,,,,
,生鲜乳,牛奶CPI指数,2020-05-01,78.93,,,,,
,生鲜乳,牛奶CPI指数,2020-06-01,78.62,,,,,
,生鲜乳,牛奶CPI指数,2020-07-01,78.62,,,,,
,生鲜乳,牛奶CPI指数,2020-08-01,78.65,,,,,
,生鲜乳,牛奶CPI指数,2020-09-01,78.37,,,,,
,生鲜乳,牛奶CPI指数,2020-10-01,78.73,,,,,
,生鲜乳,牛奶CPI指数,2020-11-01,78.82,,,,,
,生鲜乳,牛奶CPI指数,2020-12-01,78.91,,,,,
,生鲜乳,牛奶CPI指数,2021-01-01,79.21,,,,,
,生鲜乳,牛奶CPI指数,2021-02-01,78.71,,,,,
,生鲜乳,牛奶CPI指数,2021-03-01,78.7,,,,,
,生鲜乳,牛奶CPI指数,2021-04-01,79.03,,,,,
,生鲜乳,牛奶CPI指数,2021-05-01,78.53,,,,,
,生鲜乳,牛奶CPI指数,2021-06-01,78.61,,,,,
,生鲜乳,牛奶CPI指数,2021-07-01,79.31,,,,,
,生鲜乳,牛奶CPI指数,2021-08-01,79.28,,,,,
,生鲜乳,牛奶CPI指数,2021-09-01,78.88,,,,,
,生鲜乳,牛奶CPI指数,2021-10-01,78.97,,,,,
,生鲜乳,牛奶CPI指数,2021-11-01,79.12,,,,,
,生鲜乳,牛奶CPI指数,2021-12-01,79.96,,,,,
,生鲜乳,牛奶CPI指数,2022-01-01,82.46,,,,,
,生鲜乳,牛奶CPI指数,2022-02-01,82.18,,,,,
,生鲜乳,牛奶CPI指数,2022-03-01,82.13,,,,,
,生鲜乳,牛奶CPI指数,2022-04-01,83.28,,,,,
,生鲜乳,牛奶CPI指数,2022-05-01,82.27,,,,,
,生鲜乳,牛奶CPI指数,2022-06-01,82.8,,,,,
,生鲜乳,牛奶CPI指数,2022-07-01,88.88,,,,,
,生鲜乳,牛奶CPI指数,2022-08-01,92.71,,,,,
,生鲜乳,牛奶CPI指数,2022-09-01,91.63,,,,,
,生鲜乳,牛奶CPI指数,2022-10-01,92.92,,,,,
,生鲜乳,牛奶CPI指数,2022-11-01,94.22,,,,,
,生鲜乳,牛奶CPI指数,2022-12-01,94.26,,,,,
,生鲜乳,牛奶CPI指数,2023-01-01,94.73,,,,,
,生鲜乳,牛奶CPI指数,2023-02-01,95.11,,,,,
,生鲜乳,牛奶CPI指数,2023-03-01,95.38,,,,,
,生鲜乳,牛奶CPI指数,2023-04-01,95.41,,,,,
,生鲜乳,牛奶CPI指数,2023-05-01,95.28,,,,,
,生鲜乳,牛奶CPI指数,2023-06-01,95.44,,,,,
,生鲜乳,牛奶CPI指数,2023-07-01,96.77,,,,,
,生鲜乳,牛奶CPI指数,2023-08-01,97.05,,,,,
,生鲜乳,牛奶CPI指数,2023-09-01,96.65,,,,,
,生鲜乳,牛奶CPI指数,2023-10-01,97.85,,,,,
,生鲜乳,牛奶CPI指数,2023-11-01,97.63,,,,,
,生鲜乳,牛奶CPI指数,2023-12-01,97.95,,,,,
,生鲜乳,牛奶CPI指数,2024-01-01,97.82,,,,,
,生鲜乳,牛奶CPI指数,2024-02-01,97.3,,,,,
,生鲜乳,牛奶CPI指数,2024-03-01,97.78,,,,,
,生鲜乳,牛奶CPI指数,2024-04-01,97.8,,,,,
,生鲜乳,牛奶CPI指数,2024-05-01,97.36,,,,,
,生鲜乳,牛奶CPI指数,2024-06-01,97.59,,,,,
,生鲜乳,牛奶CPI指数,2024-07-01,97.28,,,,,
,生鲜乳,牛奶CPI指数,2024-08-01,98.22,,,,,
,生鲜乳,牛奶CPI指数,2024-09-01,97.77,,,,,
,生鲜乳,牛奶CPI指数,2024-10-01,96.35,,,,,
,生鲜乳,牛奶CPI指数,2024-11-01,97.4,,,,,
,生鲜乳,牛奶CPI指数,2024-12-01,97.22,,,,,
,生鲜乳,牛奶CPI指数,2025-01-01,97.52,,,,,
,生鲜乳,牛奶CPI指数,2025-02-01,96.99,,,,,
,生鲜乳,牛奶CPI指数,2025-03-01,97.23,,,,,
,生鲜乳,牛奶CPI指数,2025-04-01,97.54,,,,,
,生鲜乳,牛奶CPI指数,2025-05-01,97.16,,,,,
,生鲜乳,牛奶CPI指数,2025-06-01,97.57,,,,,
,生鲜乳,牛奶CPI指数,2025-07-01,97.62,,,,,
,生鲜乳,牛奶CPI指数,2025-08-01,99.6,,,,,
,生鲜乳,牛奶CPI指数,2025-09-01,99.07,,,,,
,生鲜乳,牛奶CPI指数,2025-10-01,99.56,,,,,
,生鲜乳,牛奶CPI指数,2025-11-01,101.45,,,,,
,生鲜乳,牛奶CPI指数,2025-12-01,100.93,,,,,
,生鲜乳,牛奶CPI指数,2026-01-01,101.37,,,,,
,生鲜乳,牛奶CPI指数,2026-02-01,100.54,,,,,
,生鲜乳,牛奶CPI指数,2026-03-01,101.0,,,,,
,生鲜乳,牛奶CPI指数,2026-04-01,101.41,,,,,
,饲料,小黑麦澳洲交付价月均(A$/t),2023-07-01,367.5,,,,,
,饲料,小黑麦澳洲交付价月均(A$/t),2023-08-01,373.0625,,,,,
,饲料,小黑麦澳洲交付价月均(A$/t),2023-09-01,374.7,,,,,
,饲料,小黑麦澳洲交付价月均(A$/t),2023-10-01,377.5,,,,,
,饲料,小黑麦澳洲交付价月均(A$/t),2023-11-01,381.3125,,,,,
,饲料,小黑麦澳洲交付价月均(A$/t),2023-12-01,373.8333333333333,,,,,
,饲料,小黑麦澳洲交付价月均(A$/t),2024-01-01,369.75,,,,,
,饲料,小黑麦澳洲交付价月均(A$/t),2024-02-01,372.75,,,,,
,饲料,小黑麦澳洲交付价月均(A$/t),2024-03-01,377.0,,,,,
,饲料,小黑麦澳洲交付价月均(A$/t),2024-04-01,388.75,,,,,
,饲料,小黑麦澳洲交付价月均(A$/t),2024-05-01,402.5,,,,,
,饲料,小黑麦澳洲交付价月均(A$/t),2024-06-01,382.8125,,,,,
,饲料,小黑麦澳洲交付价月均(A$/t),2024-07-01,404.0625,,,,,
,饲料,小黑麦澳洲交付价月均(A$/t),2024-08-01,411.5,,,,,
,饲料,小黑麦澳洲交付价月均(A$/t),2024-09-01,413.75,,,,,
,饲料,小黑麦澳洲交付价月均(A$/t),2024-10-01,415.0,,,,,
,饲料,小黑麦澳洲交付价月均(A$/t),2024-11-01,415.0,,,,,
,饲料,小黑麦澳洲交付价月均(A$/t),2024-12-01,415.0,,,,,
,饲料,小黑麦澳洲交付价月均(A$/t),2025-01-01,418.0,,,,,
,饲料,小黑麦澳洲交付价月均(A$/t),2025-02-01,420.0,,,,,
,饲料,小黑麦澳洲交付价月均(A$/t),2025-03-01,361.25,,,,,
,饲料,小黑麦澳洲交付价月均(A$/t),2025-04-01,332.5,,,,,
,饲料,小黑麦澳洲交付价月均(A$/t),2025-05-01,342.0,,,,,
,饲料,小黑麦澳洲交付价月均(A$/t),2025-06-01,340.0,,,,,
,饲料,小黑麦澳洲交付价月均(A$/t),2025-07-01,342.5,,,,,
,饲料,小黑麦澳洲交付价月均(A$/t),2025-08-01,344.0,,,,,
,饲料,小黑麦澳洲交付价月均(A$/t),2025-09-01,340.0,,,,,
,饲料,小黑麦澳洲交付价月均(A$/t),2025-10-01,340.0,,,,,
,饲料,小黑麦澳洲交付价月均(A$/t),2025-11-01,341.25,,,,,
,饲料,小黑麦澳洲交付价月均(A$/t),2025-12-01,345.0,,,,,
,饲料,小黑麦澳洲交付价月均(A$/t),2026-01-01,330.0,,,,,
,饲料,小黑麦澳洲交付价月均(A$/t),2026-02-01,315.0,,,,,
,饲料,小黑麦澳洲交付价月均(A$/t),2026-03-01,313.3333333333333,,,,,
,饲料,小黑麦澳洲交付价月均(A$/t),2026-04-01,301.25,,,,,
,饲料,小黑麦澳洲交付价月均(A$/t),2026-05-01,308.0,,,,,
,饲料,小黑麦澳洲交付价月均(A$/t),2026-06-01,305.0,,,,,
,饲料,棉籽澳洲交付价月均(A$/t),2023-07-01,657.0,,,,,
,饲料,棉籽澳洲交付价月均(A$/t),2023-08-01,686.25,,,,,
,饲料,棉籽澳洲交付价月均(A$/t),2023-09-01,727.3,,,,,
,饲料,棉籽澳洲交付价月均(A$/t),2023-10-01,704.75,,,,,
,饲料,棉籽澳洲交付价月均(A$/t),2023-11-01,663.75,,,,,
,饲料,棉籽澳洲交付价月均(A$/t),2023-12-01,660.8333333333334,,,,,
,饲料,棉籽澳洲交付价月均(A$/t),2024-01-01,685.5,,,,,
,饲料,棉籽澳洲交付价月均(A$/t),2024-02-01,721.0,,,,,
,饲料,棉籽澳洲交付价月均(A$/t),2024-03-01,705.3,,,,,
,饲料,棉籽澳洲交付价月均(A$/t),2024-04-01,663.0,,,,,
,饲料,棉籽澳洲交付价月均(A$/t),2024-05-01,627.5,,,,,
,饲料,棉籽澳洲交付价月均(A$/t),2024-06-01,609.75,,,,,
,饲料,棉籽澳洲交付价月均(A$/t),2024-07-01,596.75,,,,,
,饲料,棉籽澳洲交付价月均(A$/t),2024-08-01,584.9,,,,,
,饲料,棉籽澳洲交付价月均(A$/t),2024-09-01,445.0,,,,,
,饲料,棉籽澳洲交付价月均(A$/t),2024-10-01,442.5,,,,,
,饲料,棉籽澳洲交付价月均(A$/t),2024-11-01,441.5,,,,,
,饲料,棉籽澳洲交付价月均(A$/t),2024-12-01,467.5,,,,,
,饲料,棉籽澳洲交付价月均(A$/t),2025-01-01,468.5,,,,,
,饲料,棉籽澳洲交付价月均(A$/t),2025-02-01,431.75,,,,,
,饲料,棉籽澳洲交付价月均(A$/t),2025-03-01,454.25,,,,,
,饲料,棉籽澳洲交付价月均(A$/t),2025-04-01,460.0,,,,,
,饲料,棉籽澳洲交付价月均(A$/t),2025-05-01,480.7,,,,,
,饲料,棉籽澳洲交付价月均(A$/t),2025-06-01,489.75,,,,,
,饲料,棉籽澳洲交付价月均(A$/t),2025-07-01,475.5,,,,,
,饲料,棉籽澳洲交付价月均(A$/t),2025-08-01,450.5,,,,,
,饲料,棉籽澳洲交付价月均(A$/t),2025-09-01,452.5,,,,,
,饲料,棉籽澳洲交付价月均(A$/t),2025-10-01,463.5,,,,,
,饲料,棉籽澳洲交付价月均(A$/t),2025-11-01,515.0,,,,,
,饲料,棉籽澳洲交付价月均(A$/t),2025-12-01,542.5,,,,,
,饲料,棉籽澳洲交付价月均(A$/t),2026-01-01,581.5,,,,,
,饲料,棉籽澳洲交付价月均(A$/t),2026-02-01,602.5,,,,,
,饲料,棉籽澳洲交付价月均(A$/t),2026-03-01,559.1666666666666,,,,,
,饲料,棉籽澳洲交付价月均(A$/t),2026-04-01,542.5,,,,,
,饲料,棉籽澳洲交付价月均(A$/t),2026-05-01,570.5,,,,,
,饲料,棉籽澳洲交付价月均(A$/t),2026-06-01,585.0,,,,,
,饲料,油菜粕澳洲交付价月均(A$/t),2023-07-01,561.8863636363636,,,,,
,饲料,油菜粕澳洲交付价月均(A$/t),2023-08-01,563.5227272727273,,,,,
,饲料,油菜粕澳洲交付价月均(A$/t),2023-09-01,565.4,,,,,
,饲料,油菜粕澳洲交付价月均(A$/t),2023-10-01,590.6136363636364,,,,,
,饲料,油菜粕澳洲交付价月均(A$/t),2023-11-01,596.590909090909,,,,,
,饲料,油菜粕澳洲交付价月均(A$/t),2023-12-01,590.6060606060606,,,,,
,饲料,油菜粕澳洲交付价月均(A$/t),2024-01-01,578.8863636363636,,,,,
,饲料,油菜粕澳洲交付价月均(A$/t),2024-02-01,540.6818181818182,,,,,
,饲料,油菜粕澳洲交付价月均(A$/t),2024-03-01,524.5454545454545,,,,,
,饲料,油菜粕澳洲交付价月均(A$/t),2024-04-01,508.8636363636364,,,,,
,饲料,油菜粕澳洲交付价月均(A$/t),2024-05-01,544.5454545454545,,,,,
,饲料,油菜粕澳洲交付价月均(A$/t),2024-06-01,563.2954545454545,,,,,
,饲料,油菜粕澳洲交付价月均(A$/t),2024-07-01,572.0454545454545,,,,,
,饲料,油菜粕澳洲交付价月均(A$/t),2024-08-01,572.5454545454545,,,,,
,饲料,油菜粕澳洲交付价月均(A$/t),2024-09-01,559.5454545454545,,,,,
,饲料,油菜粕澳洲交付价月均(A$/t),2024-10-01,554.5454545454545,,,,,
,饲料,油菜粕澳洲交付价月均(A$/t),2024-11-01,506.5454545454545,,,,,
,饲料,油菜粕澳洲交付价月均(A$/t),2024-12-01,484.54545454545456,,,,,
,饲料,油菜粕澳洲交付价月均(A$/t),2025-01-01,481.7272727272727,,,,,
,饲料,油菜粕澳洲交付价月均(A$/t),2025-02-01,479.77272727272725,,,,,
,饲料,油菜粕澳洲交付价月均(A$/t),2025-03-01,479.77272727272725,,,,,
,饲料,油菜粕澳洲交付价月均(A$/t),2025-04-01,482.77272727272725,,,,,
,饲料,油菜粕澳洲交付价月均(A$/t),2025-05-01,505.2727272727272,,,,,
,饲料,油菜粕澳洲交付价月均(A$/t),2025-06-01,522.2727272727273,,,,,
,饲料,油菜粕澳洲交付价月均(A$/t),2025-07-01,527.2727272727273,,,,,
,饲料,油菜粕澳洲交付价月均(A$/t),2025-08-01,540.2727272727273,,,,,
,饲料,油菜粕澳洲交付价月均(A$/t),2025-09-01,516.0227272727273,,,,,
,饲料,油菜粕澳洲交付价月均(A$/t),2025-10-01,489.2727272727272,,,,,
,饲料,油菜粕澳洲交付价月均(A$/t),2025-11-01,463.52272727272725,,,,,
,饲料,油菜粕澳洲交付价月均(A$/t),2025-12-01,462.27272727272725,,,,,
,饲料,油菜粕澳洲交付价月均(A$/t),2026-01-01,469.4727272727272,,,,,
,饲料,油菜粕澳洲交付价月均(A$/t),2026-02-01,485.27272727272725,,,,,
,饲料,油菜粕澳洲交付价月均(A$/t),2026-03-01,485.93939393939394,,,,,
,饲料,油菜粕澳洲交付价月均(A$/t),2026-04-01,492.02272727272725,,,,,
,饲料,油菜粕澳洲交付价月均(A$/t),2026-05-01,513.8727272727272,,,,,
,饲料,油菜粕澳洲交付价月均(A$/t),2026-06-01,544.7727272727273,,,,,
,饲料,豆粕澳洲交付价月均(A$/t),2023-07-01,899.75,,,,,
,饲料,豆粕澳洲交付价月均(A$/t),2023-08-01,953.0,,,,,
,饲料,豆粕澳洲交付价月均(A$/t),2023-09-01,942.9,,,,,
,饲料,豆粕澳洲交付价月均(A$/t),2023-10-01,982.5,,,,,
,饲料,豆粕澳洲交付价月均(A$/t),2023-11-01,1032.5,,,,,
,饲料,豆粕澳洲交付价月均(A$/t),2023-12-01,943.1666666666666,,,,,
,饲料,豆粕澳洲交付价月均(A$/t),2024-01-01,846.5,,,,,
,饲料,豆粕澳洲交付价月均(A$/t),2024-02-01,827.75,,,,,
,饲料,豆粕澳洲交付价月均(A$/t),2024-03-01,815.5,,,,,
,饲料,豆粕澳洲交付价月均(A$/t),2024-04-01,839.25,,,,,
,饲料,豆粕澳洲交付价月均(A$/t),2024-05-01,867.9,,,,,
,饲料,豆粕澳洲交付价月均(A$/t),2024-06-01,876.0,,,,,
,饲料,豆粕澳洲交付价月均(A$/t),2024-07-01,818.75,,,,,
,饲料,豆粕澳洲交付价月均(A$/t),2024-08-01,779.3,,,,,
,饲料,豆粕澳洲交付价月均(A$/t),2024-09-01,781.25,,,,,
,饲料,豆粕澳洲交付价月均(A$/t),2024-10-01,761.0,,,,,
,饲料,豆粕澳洲交付价月均(A$/t),2024-11-01,709.5,,,,,
,饲料,豆粕澳洲交付价月均(A$/t),2024-12-01,704.5,,,,,
,饲料,豆粕澳洲交付价月均(A$/t),2025-01-01,739.7,,,,,
,饲料,豆粕澳洲交付价月均(A$/t),2025-02-01,717.25,,,,,
,饲料,豆粕澳洲交付价月均(A$/t),2025-03-01,733.0,,,,,
,饲料,豆粕澳洲交付价月均(A$/t),2025-04-01,726.75,,,,,
,饲料,豆粕澳洲交付价月均(A$/t),2025-05-01,691.1,,,,,
,饲料,豆粕澳洲交付价月均(A$/t),2025-06-01,683.25,,,,,
,饲料,豆粕澳洲交付价月均(A$/t),2025-07-01,661.0,,,,,
,饲料,豆粕澳洲交付价月均(A$/t),2025-08-01,678.9,,,,,
,饲料,豆粕澳洲交付价月均(A$/t),2025-09-01,668.5,,,,,
,饲料,豆粕澳洲交付价月均(A$/t),2025-10-01,665.5,,,,,
,饲料,豆粕澳洲交付价月均(A$/t),2025-11-01,669.25,,,,,
,饲料,豆粕澳洲交付价月均(A$/t),2025-12-01,703.0,,,,,
,饲料,豆粕澳洲交付价月均(A$/t),2026-01-01,726.7,,,,,
,饲料,豆粕澳洲交付价月均(A$/t),2026-02-01,712.5,,,,,
,饲料,豆粕澳洲交付价月均(A$/t),2026-03-01,747.1666666666666,,,,,
,饲料,豆粕澳洲交付价月均(A$/t),2026-04-01,755.5,,,,,
,饲料,豆粕澳洲交付价月均(A$/t),2026-05-01,735.9,,,,,
,饲料,豆粕澳洲交付价月均(A$/t),2026-06-01,710.75,,,,,
,饲料,饲料大麦澳洲交付价月均(A$/t),2023-07-01,352.2045454545455,,,,,
,饲料,饲料大麦澳洲交付价月均(A$/t),2023-08-01,366.02272727272725,,,,,
,饲料,饲料大麦澳洲交付价月均(A$/t),2023-09-01,378.74545454545455,,,,,
,饲料,饲料大麦澳洲交付价月均(A$/t),2023-10-01,375.79545454545456,,,,,
,饲料,饲料大麦澳洲交付价月均(A$/t),2023-11-01,369.52272727272725,,,,,
,饲料,饲料大麦澳洲交付价月均(A$/t),2023-12-01,369.27272727272725,,,,,
,饲料,饲料大麦澳洲交付价月均(A$/t),2024-01-01,356.1818181818182,,,,,
,饲料,饲料大麦澳洲交付价月均(A$/t),2024-02-01,338.1136363636364,,,,,
,饲料,饲料大麦澳洲交付价月均(A$/t),2024-03-01,327.8909090909091,,,,,
,饲料,饲料大麦澳洲交付价月均(A$/t),2024-04-01,344.52272727272725,,,,,
,饲料,饲料大麦澳洲交付价月均(A$/t),2024-05-01,361.5090909090909,,,,,
,饲料,饲料大麦澳洲交付价月均(A$/t),2024-06-01,343.27272727272725,,,,,
,饲料,饲料大麦澳洲交付价月均(A$/t),2024-07-01,331.6818181818182,,,,,
,饲料,饲料大麦澳洲交付价月均(A$/t),2024-08-01,304.03636363636366,,,,,
,饲料,饲料大麦澳洲交付价月均(A$/t),2024-09-01,293.0681818181818,,,,,
,饲料,饲料大麦澳洲交付价月均(A$/t),2024-10-01,300.20454545454544,,,,,
,饲料,饲料大麦澳洲交付价月均(A$/t),2024-11-01,300.94545454545454,,,,,
,饲料,饲料大麦澳洲交付价月均(A$/t),2024-12-01,303.5454545454545,,,,,
,饲料,饲料大麦澳洲交付价月均(A$/t),2025-01-01,311.0,,,,,
,饲料,饲料大麦澳洲交付价月均(A$/t),2025-02-01,322.75,,,,,
,饲料,饲料大麦澳洲交付价月均(A$/t),2025-03-01,329.3181818181818,,,,,
,饲料,饲料大麦澳洲交付价月均(A$/t),2025-04-01,332.79545454545456,,,,,
,饲料,饲料大麦澳洲交付价月均(A$/t),2025-05-01,336.0,,,,,
,饲料,饲料大麦澳洲交付价月均(A$/t),2025-06-01,331.79545454545456,,,,,
,饲料,饲料大麦澳洲交付价月均(A$/t),2025-07-01,326.8181818181818,,,,,
,饲料,饲料大麦澳洲交付价月均(A$/t),2025-08-01,313.7818181818182,,,,,
,饲料,饲料大麦澳洲交付价月均(A$/t),2025-09-01,300.9318181818182,,,,,
,饲料,饲料大麦澳洲交付价月均(A$/t),2025-10-01,305.27272727272725,,,,,
,饲料,饲料大麦澳洲交付价月均(A$/t),2025-11-01,309.47727272727275,,,,,
,饲料,饲料大麦澳洲交付价月均(A$/t),2025-12-01,309.90909090909093,,,,,
,饲料,饲料大麦澳洲交付价月均(A$/t),2026-01-01,312.6363636363636,,,,,
,饲料,饲料大麦澳洲交付价月均(A$/t),2026-02-01,321.8181818181818,,,,,
,饲料,饲料大麦澳洲交付价月均(A$/t),2026-03-01,342.8181818181818,,,,,
,饲料,饲料大麦澳洲交付价月均(A$/t),2026-04-01,358.72727272727275,,,,,
,饲料,饲料大麦澳洲交付价月均(A$/t),2026-05-01,358.9272727272727,,,,,
,饲料,饲料大麦澳洲交付价月均(A$/t),2026-06-01,341.9318181818182,,,,,
,饲料,饲料小麦澳洲交付价月均(A$/t),2023-07-01,388.04545454545456,,,,,
,饲料,饲料小麦澳洲交付价月均(A$/t),2023-08-01,402.0,,,,,
,饲料,饲料小麦澳洲交付价月均(A$/t),2023-09-01,413.5090909090909,,,,,
,饲料,饲料小麦澳洲交付价月均(A$/t),2023-10-01,415.1818181818182,,,,,
,饲料,饲料小麦澳洲交付价月均(A$/t),2023-11-01,407.29545454545456,,,,,
,饲料,饲料小麦澳洲交付价月均(A$/t),2023-12-01,393.2121212121212,,,,,
,饲料,饲料小麦澳洲交付价月均(A$/t),2024-01-01,375.0909090909091,,,,,
,饲料,饲料小麦澳洲交付价月均(A$/t),2024-02-01,356.3181818181818,,,,,
,饲料,饲料小麦澳洲交付价月均(A$/t),2024-03-01,346.05454545454546,,,,,
,饲料,饲料小麦澳洲交付价月均(A$/t),2024-04-01,359.70454545454544,,,,,
,饲料,饲料小麦澳洲交付价月均(A$/t),2024-05-01,384.54545454545456,,,,,
,饲料,饲料小麦澳洲交付价月均(A$/t),2024-06-01,372.20454545454544,,,,,
,饲料,饲料小麦澳洲交付价月均(A$/t),2024-07-01,355.47727272727275,,,,,
,饲料,饲料小麦澳洲交付价月均(A$/t),2024-08-01,331.6363636363636,,,,,
,饲料,饲料小麦澳洲交付价月均(A$/t),2024-09-01,329.54545454545456,,,,,
,饲料,饲料小麦澳洲交付价月均(A$/t),2024-10-01,333.9318181818182,,,,,
,饲料,饲料小麦澳洲交付价月均(A$/t),2024-11-01,331.72727272727275,,,,,
,饲料,饲料小麦澳洲交付价月均(A$/t),2024-12-01,333.3636363636364,,,,,
,饲料,饲料小麦澳洲交付价月均(A$/t),2025-01-01,339.7818181818182,,,,,
,饲料,饲料小麦澳洲交付价月均(A$/t),2025-02-01,348.20454545454544,,,,,
,饲料,饲料小麦澳洲交付价月均(A$/t),2025-03-01,351.1363636363636,,,,,
,饲料,饲料小麦澳洲交付价月均(A$/t),2025-04-01,356.59090909090907,,,,,
,饲料,饲料小麦澳洲交付价月均(A$/t),2025-05-01,355.9272727272727,,,,,
,饲料,饲料小麦澳洲交付价月均(A$/t),2025-06-01,350.0,,,,,
,饲料,饲料小麦澳洲交付价月均(A$/t),2025-07-01,345.77272727272725,,,,,
,饲料,饲料小麦澳洲交付价月均(A$/t),2025-08-01,335.5272727272727,,,,,
,饲料,饲料小麦澳洲交付价月均(A$/t),2025-09-01,325.5681818181818,,,,,
,饲料,饲料小麦澳洲交付价月均(A$/t),2025-10-01,332.9818181818182,,,,,
,饲料,饲料小麦澳洲交付价月均(A$/t),2025-11-01,338.04545454545456,,,,,
,饲料,饲料小麦澳洲交付价月均(A$/t),2025-12-01,335.8181818181818,,,,,
,饲料,饲料小麦澳洲交付价月均(A$/t),2026-01-01,332.25454545454545,,,,,
,饲料,饲料小麦澳洲交付价月均(A$/t),2026-02-01,334.0,,,,,
,饲料,饲料小麦澳洲交付价月均(A$/t),2026-03-01,349.3636363636363,,,,,
,饲料,饲料小麦澳洲交付价月均(A$/t),2026-04-01,366.3181818181818,,,,,
,饲料,饲料小麦澳洲交付价月均(A$/t),2026-05-01,371.0,,,,,
,饲料,饲料小麦澳洲交付价月均(A$/t),2026-06-01,357.3636363636364,,,,,
,饲料,饲料燕麦澳洲交付价月均(A$/t),2023-07-01,340.8333333333333,,,,,
,饲料,饲料燕麦澳洲交付价月均(A$/t),2023-08-01,330.83333333333337,,,,,
,饲料,饲料燕麦澳洲交付价月均(A$/t),2023-09-01,332.66666666666663,,,,,
,饲料,饲料燕麦澳洲交付价月均(A$/t),2023-10-01,351.6666666666667,,,,,
,饲料,饲料燕麦澳洲交付价月均(A$/t),2023-11-01,369.33333333333337,,,,,
,饲料,饲料燕麦澳洲交付价月均(A$/t),2023-12-01,391.4444444444444,,,,,
,饲料,饲料燕麦澳洲交付价月均(A$/t),2024-01-01,412.0833333333333,,,,,
,饲料,饲料燕麦澳洲交付价月均(A$/t),2024-02-01,415.83333333333337,,,,,
,饲料,饲料燕麦澳洲交付价月均(A$/t),2024-03-01,446.33333333333337,,,,,
,饲料,饲料燕麦澳洲交付价月均(A$/t),2024-04-01,476.6666666666667,,,,,
,饲料,饲料燕麦澳洲交付价月均(A$/t),2024-05-01,454.3333333333333,,,,,
,饲料,饲料燕麦澳洲交付价月均(A$/t),2024-06-01,451.6666666666667,,,,,
,饲料,饲料燕麦澳洲交付价月均(A$/t),2024-07-01,460.4166666666666,,,,,
,饲料,饲料燕麦澳洲交付价月均(A$/t),2024-08-01,456.6666666666667,,,,,
,饲料,饲料燕麦澳洲交付价月均(A$/t),2024-09-01,431.6666666666667,,,,,
,饲料,饲料燕麦澳洲交付价月均(A$/t),2024-10-01,404.75,,,,,
,饲料,饲料燕麦澳洲交付价月均(A$/t),2024-11-01,376.6666666666666,,,,,
,饲料,饲料燕麦澳洲交付价月均(A$/t),2024-12-01,378.1666666666666,,,,,
,饲料,饲料燕麦澳洲交付价月均(A$/t),2025-01-01,387.33333333333337,,,,,
,饲料,饲料燕麦澳洲交付价月均(A$/t),2025-02-01,405.58333333333337,,,,,
,饲料,饲料燕麦澳洲交付价月均(A$/t),2025-03-01,394.5,,,,,
,饲料,饲料燕麦澳洲交付价月均(A$/t),2025-04-01,393.9166666666666,,,,,
,饲料,饲料燕麦澳洲交付价月均(A$/t),2025-05-01,395.6666666666666,,,,,
,饲料,饲料燕麦澳洲交付价月均(A$/t),2025-06-01,395.4166666666667,,,,,
,饲料,饲料燕麦澳洲交付价月均(A$/t),2025-07-01,392.5,,,,,
,饲料,饲料燕麦澳洲交付价月均(A$/t),2025-08-01,386.0,,,,,
,饲料,饲料燕麦澳洲交付价月均(A$/t),2025-09-01,368.33333333333337,,,,,
,饲料,饲料燕麦澳洲交付价月均(A$/t),2025-10-01,359.8666666666667,,,,,
,饲料,饲料燕麦澳洲交付价月均(A$/t),2025-11-01,351.75,,,,,
,饲料,饲料燕麦澳洲交付价月均(A$/t),2025-12-01,349.66666666666663,,,,,
,饲料,饲料燕麦澳洲交付价月均(A$/t),2026-01-01,344.6,,,,,
,饲料,饲料燕麦澳洲交付价月均(A$/t),2026-02-01,333.0,,,,,
,饲料,饲料燕麦澳洲交付价月均(A$/t),2026-03-01,329.11111111111114,,,,,
,饲料,饲料燕麦澳洲交付价月均(A$/t),2026-04-01,322.5,,,,,
,饲料,饲料燕麦澳洲交付价月均(A$/t),2026-05-01,320.4,,,,,
,饲料,饲料燕麦澳洲交付价月均(A$/t),2026-06-01,303.3333333333333,,,,,
,饲料,高粱澳洲交付价月均(A$/t),2023-07-01,387.875,,,,,
,饲料,高粱澳洲交付价月均(A$/t),2023-08-01,411.25,,,,,
,饲料,高粱澳洲交付价月均(A$/t),2023-09-01,422.0,,,,,
,饲料,高粱澳洲交付价月均(A$/t),2023-10-01,430.5,,,,,
,饲料,高粱澳洲交付价月均(A$/t),2023-11-01,417.125,,,,,
,饲料,高粱澳洲交付价月均(A$/t),2023-12-01,397.0,,,,,
,饲料,高粱澳洲交付价月均(A$/t),2024-01-01,392.625,,,,,
,饲料,高粱澳洲交付价月均(A$/t),2024-02-01,356.375,,,,,
,饲料,高粱澳洲交付价月均(A$/t),2024-03-01,352.25,,,,,
,饲料,高粱澳洲交付价月均(A$/t),2024-04-01,362.0625,,,,,
,饲料,高粱澳洲交付价月均(A$/t),2024-05-01,363.7,,,,,
,饲料,高粱澳洲交付价月均(A$/t),2024-06-01,355.6875,,,,,
,饲料,高粱澳洲交付价月均(A$/t),2024-07-01,338.0625,,,,,
,饲料,高粱澳洲交付价月均(A$/t),2024-08-01,328.7,,,,,
,饲料,高粱澳洲交付价月均(A$/t),2024-09-01,298.875,,,,,
,饲料,高粱澳洲交付价月均(A$/t),2024-10-01,317.25,,,,,
,饲料,高粱澳洲交付价月均(A$/t),2024-11-01,327.6,,,,,
,饲料,高粱澳洲交付价月均(A$/t),2024-12-01,323.375,,,,,
,饲料,高粱澳洲交付价月均(A$/t),2025-01-01,333.65,,,,,
,饲料,高粱澳洲交付价月均(A$/t),2025-02-01,337.4375,,,,,
,饲料,高粱澳洲交付价月均(A$/t),2025-03-01,360.625,,,,,
,饲料,高粱澳洲交付价月均(A$/t),2025-04-01,374.3125,,,,,
,饲料,高粱澳洲交付价月均(A$/t),2025-05-01,364.65,,,,,
,饲料,高粱澳洲交付价月均(A$/t),2025-06-01,358.625,,,,,
,饲料,高粱澳洲交付价月均(A$/t),2025-07-01,361.375,,,,,
,饲料,高粱澳洲交付价月均(A$/t),2025-08-01,353.9,,,,,
,饲料,高粱澳洲交付价月均(A$/t),2025-09-01,330.625,,,,,
,饲料,高粱澳洲交付价月均(A$/t),2025-10-01,327.15,,,,,
,饲料,高粱澳洲交付价月均(A$/t),2025-11-01,327.1875,,,,,
,饲料,高粱澳洲交付价月均(A$/t),2025-12-01,339.0,,,,,
,饲料,高粱澳洲交付价月均(A$/t),2026-01-01,345.5,,,,,
,饲料,高粱澳洲交付价月均(A$/t),2026-02-01,348.0,,,,,
,饲料,高粱澳洲交付价月均(A$/t),2026-03-01,370.3333333333333,,,,,
,饲料,高粱澳洲交付价月均(A$/t),2026-04-01,374.5,,,,,
,饲料,高粱澳洲交付价月均(A$/t),2026-05-01,373.9,,,,,
,饲料,高粱澳洲交付价月均(A$/t),2026-06-01,361.0625,,,,,
,鸡,禽肉CPI指数,1972-09-01,25.66,,,,,
,鸡,禽肉CPI指数,1972-12-01,25.89,,,,,
,鸡,禽肉CPI指数,1973-03-01,25.74,,,,,
,鸡,禽肉CPI指数,1973-06-01,27.76,,,,,
,鸡,禽肉CPI指数,1973-09-01,29.56,,,,,
,鸡,禽肉CPI指数,1973-12-01,29.71,,,,,
,鸡,禽肉CPI指数,1974-03-01,31.59,,,,,
,鸡,禽肉CPI指数,1974-06-01,32.44,,,,,
,鸡,禽肉CPI指数,1974-09-01,32.91,,,,,
,鸡,禽肉CPI指数,1974-12-01,32.44,,,,,
,鸡,禽肉CPI指数,1975-03-01,32.05,,,,,
,鸡,禽肉CPI指数,1975-06-01,34.39,,,,,
,鸡,禽肉CPI指数,1975-09-01,35.41,,,,,
,鸡,禽肉CPI指数,1975-12-01,35.41,,,,,
,鸡,禽肉CPI指数,1976-03-01,37.04,,,,,
,鸡,禽肉CPI指数,1976-06-01,37.12,,,,,
,鸡,禽肉CPI指数,1976-09-01,36.58,,,,,
,鸡,禽肉CPI指数,1976-12-01,37.04,,,,,
,鸡,禽肉CPI指数,1977-03-01,40.16,,,,,
,鸡,禽肉CPI指数,1977-06-01,40.63,,,,,
,鸡,禽肉CPI指数,1977-09-01,41.57,,,,,
,鸡,禽肉CPI指数,1977-12-01,42.27,,,,,
,鸡,禽肉CPI指数,1978-03-01,42.04,,,,,
,鸡,禽肉CPI指数,1978-06-01,42.27,,,,,
,鸡,禽肉CPI指数,1978-09-01,41.65,,,,,
,鸡,禽肉CPI指数,1978-12-01,42.97,,,,,
,鸡,禽肉CPI指数,1979-03-01,43.6,,,,,
,鸡,禽肉CPI指数,1979-06-01,44.3,,,,,
,鸡,禽肉CPI指数,1979-09-01,46.17,,,,,
,鸡,禽肉CPI指数,1979-12-01,45.7,,,,,
,鸡,禽肉CPI指数,1980-03-01,46.17,,,,,
,鸡,禽肉CPI指数,1980-06-01,48.59,,,,,
,鸡,禽肉CPI指数,1980-09-01,47.34,,,,,
,鸡,禽肉CPI指数,1980-12-01,50.93,,,,,
,鸡,禽肉CPI指数,1981-03-01,53.81,,,,,
,鸡,禽肉CPI指数,1981-06-01,54.44,,,,,
,鸡,禽肉CPI指数,1981-09-01,55.68,,,,,
,鸡,禽肉CPI指数,1981-12-01,57.24,,,,,
,鸡,禽肉CPI指数,1982-03-01,58.26,,,,,
,鸡,禽肉CPI指数,1982-06-01,58.1,,,,,
,鸡,禽肉CPI指数,1982-09-01,59.51,,,,,
,鸡,禽肉CPI指数,1982-12-01,59.19,,,,,
,鸡,禽肉CPI指数,1983-03-01,60.83,,,,,
,鸡,禽肉CPI指数,1983-06-01,60.52,,,,,
,鸡,禽肉CPI指数,1983-09-01,64.5,,,,,
,鸡,禽肉CPI指数,1983-12-01,61.3,,,,,
,鸡,禽肉CPI指数,1984-03-01,61.69,,,,,
,鸡,禽肉CPI指数,1984-06-01,59.58,,,,,
,鸡,禽肉CPI指数,1984-09-01,60.36,,,,,
,鸡,禽肉CPI指数,1984-12-01,62.08,,,,,
,鸡,禽肉CPI指数,1985-03-01,64.18,,,,,
,鸡,禽肉CPI指数,1985-06-01,64.11,,,,,
,鸡,禽肉CPI指数,1985-09-01,63.25,,,,,
,鸡,禽肉CPI指数,1985-12-01,63.72,,,,,
,鸡,禽肉CPI指数,1986-03-01,65.82,,,,,
,鸡,禽肉CPI指数,1986-06-01,65.28,,,,,
,鸡,禽肉CPI指数,1986-09-01,64.65,,,,,
,鸡,禽肉CPI指数,1986-12-01,65.43,,,,,
,鸡,禽肉CPI指数,1987-03-01,67.69,,,,,
,鸡,禽肉CPI指数,1987-06-01,70.27,,,,,
,鸡,禽肉CPI指数,1987-09-01,68.16,,,,,
,鸡,禽肉CPI指数,1987-12-01,68.47,,,,,
,鸡,禽肉CPI指数,1988-03-01,68.08,,,,,
,鸡,禽肉CPI指数,1988-06-01,71.52,,,,,
,鸡,禽肉CPI指数,1988-09-01,70.35,,,,,
,鸡,禽肉CPI指数,1988-12-01,73.39,,,,,
,鸡,禽肉CPI指数,1989-03-01,75.02,,,,,
,鸡,禽肉CPI指数,1989-06-01,77.91,,,,,
,鸡,禽肉CPI指数,1989-09-01,76.66,,,,,
,鸡,禽肉CPI指数,1989-12-01,78.92,,,,,
,鸡,禽肉CPI指数,1990-03-01,78.22,,,,,
,鸡,禽肉CPI指数,1990-06-01,78.14,,,,,
,鸡,禽肉CPI指数,1990-09-01,75.49,,,,,
,鸡,禽肉CPI指数,1990-12-01,75.34,,,,,
,鸡,禽肉CPI指数,1991-03-01,76.19,,,,,
,鸡,禽肉CPI指数,1991-06-01,73.93,,,,,
,鸡,禽肉CPI指数,1991-09-01,72.06,,,,,
,鸡,禽肉CPI指数,1991-12-01,70.81,,,,,
,鸡,禽肉CPI指数,1992-03-01,71.2,,,,,
,鸡,禽肉CPI指数,1992-06-01,69.8,,,,,
,鸡,禽肉CPI指数,1992-09-01,68.71,,,,,
,鸡,禽肉CPI指数,1992-12-01,68.86,,,,,
,鸡,禽肉CPI指数,1993-03-01,68.55,,,,,
,鸡,禽肉CPI指数,1993-06-01,69.41,,,,,
,鸡,禽肉CPI指数,1993-09-01,68.63,,,,,
,鸡,禽肉CPI指数,1993-12-01,67.23,,,,,
,鸡,禽肉CPI指数,1994-03-01,64.73,,,,,
,鸡,禽肉CPI指数,1994-06-01,65.2,,,,,
,鸡,禽肉CPI指数,1994-09-01,63.72,,,,,
,鸡,禽肉CPI指数,1994-12-01,64.5,,,,,
,鸡,禽肉CPI指数,1995-03-01,69.41,,,,,
,鸡,禽肉CPI指数,1995-06-01,69.1,,,,,
,鸡,禽肉CPI指数,1995-09-01,67.85,,,,,
,鸡,禽肉CPI指数,1995-12-01,70.66,,,,,
,鸡,禽肉CPI指数,1996-03-01,71.52,,,,,
,鸡,禽肉CPI指数,1996-06-01,72.84,,,,,
,鸡,禽肉CPI指数,1996-09-01,74.17,,,,,
,鸡,禽肉CPI指数,1996-12-01,75.49,,,,,
,鸡,禽肉CPI指数,1997-03-01,76.27,,,,,
,鸡,禽肉CPI指数,1997-06-01,74.4,,,,,
,鸡,禽肉CPI指数,1997-09-01,76.19,,,,,
,鸡,禽肉CPI指数,1997-12-01,75.02,,,,,
,鸡,禽肉CPI指数,1998-03-01,75.1,,,,,
,鸡,禽肉CPI指数,1998-06-01,74.01,,,,,
,鸡,禽肉CPI指数,1998-09-01,73.24,,,,,
,鸡,禽肉CPI指数,1998-12-01,73.67,,,,,
,鸡,禽肉CPI指数,1999-03-01,74.57,,,,,
,鸡,禽肉CPI指数,1999-06-01,75.41,,,,,
,鸡,禽肉CPI指数,1999-09-01,74.82,,,,,
,鸡,禽肉CPI指数,1999-12-01,74.55,,,,,
,鸡,禽肉CPI指数,2000-03-01,74.24,,,,,
,鸡,禽肉CPI指数,2000-06-01,74.4,,,,,
,鸡,禽肉CPI指数,2000-09-01,71.19,,,,,
,鸡,禽肉CPI指数,2000-12-01,71.97,,,,,
,鸡,禽肉CPI指数,2001-03-01,75.17,,,,,
,鸡,禽肉CPI指数,2001-06-01,75.76,,,,,
,鸡,禽肉CPI指数,2001-09-01,76.2,,,,,
,鸡,禽肉CPI指数,2001-12-01,76.41,,,,,
,鸡,禽肉CPI指数,2002-03-01,79.15,,,,,
,鸡,禽肉CPI指数,2002-06-01,77.04,,,,,
,鸡,禽肉CPI指数,2002-09-01,76.02,,,,,
,鸡,禽肉CPI指数,2002-12-01,75.26,,,,,
,鸡,禽肉CPI指数,2003-03-01,76.69,,,,,
,鸡,禽肉CPI指数,2003-06-01,76.55,,,,,
,鸡,禽肉CPI指数,2003-09-01,76.98,,,,,
,鸡,禽肉CPI指数,2003-12-01,80.82,,,,,
,鸡,禽肉CPI指数,2004-03-01,82.56,,,,,
,鸡,禽肉CPI指数,2004-06-01,81.31,,,,,
,鸡,禽肉CPI指数,2004-09-01,81.21,,,,,
,鸡,禽肉CPI指数,2004-12-01,80.88,,,,,
,鸡,禽肉CPI指数,2005-03-01,80.59,,,,,
,鸡,禽肉CPI指数,2005-06-01,78.11,,,,,
,鸡,禽肉CPI指数,2005-09-01,76.65,,,,,
,鸡,禽肉CPI指数,2005-12-01,76.19,,,,,
,鸡,禽肉CPI指数,2006-03-01,75.33,,,,,
,鸡,禽肉CPI指数,2006-06-01,75.85,,,,,
,鸡,禽肉CPI指数,2006-09-01,74.15,,,,,
,鸡,禽肉CPI指数,2006-12-01,73.93,,,,,
,鸡,禽肉CPI指数,2007-03-01,75.5,,,,,
,鸡,禽肉CPI指数,2007-06-01,75.98,,,,,
,鸡,禽肉CPI指数,2007-09-01,77.13,,,,,
,鸡,禽肉CPI指数,2007-12-01,80.34,,,,,
,鸡,禽肉CPI指数,2008-03-01,84.26,,,,,
,鸡,禽肉CPI指数,2008-06-01,84.29,,,,,
,鸡,禽肉CPI指数,2008-09-01,83.75,,,,,
,鸡,禽肉CPI指数,2008-12-01,84.14,,,,,
,鸡,禽肉CPI指数,2009-03-01,84.52,,,,,
,鸡,禽肉CPI指数,2009-06-01,82.71,,,,,
,鸡,禽肉CPI指数,2009-09-01,83.95,,,,,
,鸡,禽肉CPI指数,2009-12-01,83.93,,,,,
,鸡,禽肉CPI指数,2010-03-01,82.48,,,,,
,鸡,禽肉CPI指数,2010-06-01,83.23,,,,,
,鸡,禽肉CPI指数,2010-09-01,83.06,,,,,
,鸡,禽肉CPI指数,2010-12-01,84.43,,,,,
,鸡,禽肉CPI指数,2011-03-01,84.67,,,,,
,鸡,禽肉CPI指数,2011-06-01,85.26,,,,,
,鸡,禽肉CPI指数,2011-09-01,84.02,,,,,
,鸡,禽肉CPI指数,2011-12-01,81.46,,,,,
,鸡,禽肉CPI指数,2012-03-01,78.91,,,,,
,鸡,禽肉CPI指数,2012-06-01,79.21,,,,,
,鸡,禽肉CPI指数,2012-09-01,80.52,,,,,
,鸡,禽肉CPI指数,2012-12-01,85.33,,,,,
,鸡,禽肉CPI指数,2013-03-01,85.45,,,,,
,鸡,禽肉CPI指数,2013-06-01,85.21,,,,,
,鸡,禽肉CPI指数,2013-09-01,84.12,,,,,
,鸡,禽肉CPI指数,2013-12-01,85.16,,,,,
,鸡,禽肉CPI指数,2014-03-01,85.38,,,,,
,鸡,禽肉CPI指数,2014-06-01,84.85,,,,,
,鸡,禽肉CPI指数,2014-09-01,85.05,,,,,
,鸡,禽肉CPI指数,2014-12-01,85.39,,,,,
,鸡,禽肉CPI指数,2015-03-01,85.56,,,,,
,鸡,禽肉CPI指数,2015-06-01,85.39,,,,,
,鸡,禽肉CPI指数,2015-09-01,83.77,,,,,
,鸡,禽肉CPI指数,2015-12-01,82.26,,,,,
,鸡,禽肉CPI指数,2016-03-01,83.09,,,,,
,鸡,禽肉CPI指数,2016-06-01,81.17,,,,,
,鸡,禽肉CPI指数,2016-09-01,80.91,,,,,
,鸡,禽肉CPI指数,2016-12-01,81.32,,,,,
,鸡,禽肉CPI指数,2017-03-01,82.11,,,,,
,鸡,禽肉CPI指数,2017-06-01,81.26,,,,,
,鸡,禽肉CPI指数,2017-09-01,81.12,,,,,
,鸡,禽肉CPI指数,2017-10-01,81.65,,,,,
,鸡,禽肉CPI指数,2017-11-01,82.25,,,,,
,鸡,禽肉CPI指数,2017-12-01,82.17,,,,,
,鸡,禽肉CPI指数,2018-01-01,82.45,,,,,
,鸡,禽肉CPI指数,2018-02-01,82.34,,,,,
,鸡,禽肉CPI指数,2018-03-01,82.56,,,,,
,鸡,禽肉CPI指数,2018-04-01,82.08,,,,,
,鸡,禽肉CPI指数,2018-05-01,81.69,,,,,
,鸡,禽肉CPI指数,2018-06-01,82.38,,,,,
,鸡,禽肉CPI指数,2018-07-01,83.13,,,,,
,鸡,禽肉CPI指数,2018-08-01,82.51,,,,,
,鸡,禽肉CPI指数,2018-09-01,82.71,,,,,
,鸡,禽肉CPI指数,2018-10-01,82.65,,,,,
,鸡,禽肉CPI指数,2018-11-01,83.3,,,,,
,鸡,禽肉CPI指数,2018-12-01,83.5,,,,,
,鸡,禽肉CPI指数,2019-01-01,85.62,,,,,
,鸡,禽肉CPI指数,2019-02-01,86.2,,,,,
,鸡,禽肉CPI指数,2019-03-01,85.93,,,,,
,鸡,禽肉CPI指数,2019-04-01,85.24,,,,,
,鸡,禽肉CPI指数,2019-05-01,85.77,,,,,
,鸡,禽肉CPI指数,2019-06-01,85.76,,,,,
,鸡,禽肉CPI指数,2019-07-01,86.56,,,,,
,鸡,禽肉CPI指数,2019-08-01,87.55,,,,,
,鸡,禽肉CPI指数,2019-09-01,86.93,,,,,
,鸡,禽肉CPI指数,2019-10-01,86.21,,,,,
,鸡,禽肉CPI指数,2019-11-01,86.26,,,,,
,鸡,禽肉CPI指数,2019-12-01,86.16,,,,,
,鸡,禽肉CPI指数,2020-01-01,86.59,,,,,
,鸡,禽肉CPI指数,2020-02-01,86.51,,,,,
,鸡,禽肉CPI指数,2020-03-01,86.93,,,,,
,鸡,禽肉CPI指数,2020-04-01,85.87,,,,,
,鸡,禽肉CPI指数,2020-05-01,85.81,,,,,
,鸡,禽肉CPI指数,2020-06-01,85.85,,,,,
,鸡,禽肉CPI指数,2020-07-01,87.05,,,,,
,鸡,禽肉CPI指数,2020-08-01,87.41,,,,,
,鸡,禽肉CPI指数,2020-09-01,87.22,,,,,
,鸡,禽肉CPI指数,2020-10-01,85.93,,,,,
,鸡,禽肉CPI指数,2020-11-01,86.21,,,,,
,鸡,禽肉CPI指数,2020-12-01,86.13,,,,,
,鸡,禽肉CPI指数,2021-01-01,87.56,,,,,
,鸡,禽肉CPI指数,2021-02-01,87.5,,,,,
,鸡,禽肉CPI指数,2021-03-01,86.76,,,,,
,鸡,禽肉CPI指数,2021-04-01,87.3,,,,,
,鸡,禽肉CPI指数,2021-05-01,86.78,,,,,
,鸡,禽肉CPI指数,2021-06-01,86.34,,,,,
,鸡,禽肉CPI指数,2021-07-01,86.97,,,,,
,鸡,禽肉CPI指数,2021-08-01,86.67,,,,,
,鸡,禽肉CPI指数,2021-09-01,86.92,,,,,
,鸡,禽肉CPI指数,2021-10-01,86.4,,,,,
,鸡,禽肉CPI指数,2021-11-01,86.13,,,,,
,鸡,禽肉CPI指数,2021-12-01,85.44,,,,,
,鸡,禽肉CPI指数,2022-01-01,88.54,,,,,
,鸡,禽肉CPI指数,2022-02-01,90.38,,,,,
,鸡,禽肉CPI指数,2022-03-01,89.99,,,,,
,鸡,禽肉CPI指数,2022-04-01,91.28,,,,,
,鸡,禽肉CPI指数,2022-05-01,91.88,,,,,
,鸡,禽肉CPI指数,2022-06-01,91.39,,,,,
,鸡,禽肉CPI指数,2022-07-01,92.6,,,,,
,鸡,禽肉CPI指数,2022-08-01,94.61,,,,,
,鸡,禽肉CPI指数,2022-09-01,94.33,,,,,
,鸡,禽肉CPI指数,2022-10-01,94.95,,,,,
,鸡,禽肉CPI指数,2022-11-01,95.3,,,,,
,鸡,禽肉CPI指数,2022-12-01,95.42,,,,,
,鸡,禽肉CPI指数,2023-01-01,95.95,,,,,
,鸡,禽肉CPI指数,2023-02-01,96.43,,,,,
,鸡,禽肉CPI指数,2023-03-01,96.52,,,,,
,鸡,禽肉CPI指数,2023-04-01,98.15,,,,,
,鸡,禽肉CPI指数,2023-05-01,99.21,,,,,
,鸡,禽肉CPI指数,2023-06-01,98.61,,,,,
,鸡,禽肉CPI指数,2023-07-01,99.37,,,,,
,鸡,禽肉CPI指数,2023-08-01,99.99,,,,,
,鸡,禽肉CPI指数,2023-09-01,99.7,,,,,
,鸡,禽肉CPI指数,2023-10-01,99.0,,,,,
,鸡,禽肉CPI指数,2023-11-01,98.06,,,,,
,鸡,禽肉CPI指数,2023-12-01,98.26,,,,,
,鸡,禽肉CPI指数,2024-01-01,98.36,,,,,
,鸡,禽肉CPI指数,2024-02-01,98.32,,,,,
,鸡,禽肉CPI指数,2024-03-01,98.5,,,,,
,鸡,禽肉CPI指数,2024-04-01,99.11,,,,,
,鸡,禽肉CPI指数,2024-05-01,99.57,,,,,
,鸡,禽肉CPI指数,2024-06-01,99.17,,,,,
,鸡,禽肉CPI指数,2024-07-01,100.77,,,,,
,鸡,禽肉CPI指数,2024-08-01,101.1,,,,,
,鸡,禽肉CPI指数,2024-09-01,100.76,,,,,
,鸡,禽肉CPI指数,2024-10-01,101.15,,,,,
,鸡,禽肉CPI指数,2024-11-01,100.85,,,,,
,鸡,禽肉CPI指数,2024-12-01,100.82,,,,,
,鸡,禽肉CPI指数,2025-01-01,101.94,,,,,
,鸡,禽肉CPI指数,2025-02-01,101.61,,,,,
,鸡,禽肉CPI指数,2025-03-01,101.65,,,,,
,鸡,禽肉CPI指数,2025-04-01,100.13,,,,,
,鸡,禽肉CPI指数,2025-05-01,100.6,,,,,
,鸡,禽肉CPI指数,2025-06-01,100.22,,,,,
,鸡,禽肉CPI指数,2025-07-01,100.21,,,,,
,鸡,禽肉CPI指数,2025-08-01,100.72,,,,,
,鸡,禽肉CPI指数,2025-09-01,100.31,,,,,
,鸡,禽肉CPI指数,2025-10-01,100.06,,,,,
,鸡,禽肉CPI指数,2025-11-01,100.06,,,,,
,鸡,禽肉CPI指数,2025-12-01,100.25,,,,,
,鸡,禽肉CPI指数,2026-01-01,100.77,,,,,
,鸡,禽肉CPI指数,2026-02-01,100.95,,,,,
,鸡,禽肉CPI指数,2026-03-01,101.09,,,,,
,鸡,禽肉CPI指数,2026-04-01,101.14,,,,,
,鸡,"鸡屠宰量(千头,季度)",1965-09-01,11073.0,,,,,
,鸡,"鸡屠宰量(千头,季度)",1965-12-01,12618.0,,,,,
,鸡,"鸡屠宰量(千头,季度)",1966-03-01,12254.0,,,,,
,鸡,"鸡屠宰量(千头,季度)",1966-06-01,16061.0,,,,,
,鸡,"鸡屠宰量(千头,季度)",1966-09-01,15786.0,,,,,
,鸡,"鸡屠宰量(千头,季度)",1966-12-01,17006.0,,,,,
,鸡,"鸡屠宰量(千头,季度)",1967-03-01,16120.0,,,,,
,鸡,"鸡屠宰量(千头,季度)",1967-06-01,17420.0,,,,,
,鸡,"鸡屠宰量(千头,季度)",1967-09-01,18165.0,,,,,
,鸡,"鸡屠宰量(千头,季度)",1967-12-01,19754.0,,,,,
,鸡,"鸡屠宰量(千头,季度)",1968-03-01,18666.0,,,,,
,鸡,"鸡屠宰量(千头,季度)",1968-06-01,18894.0,,,,,
,鸡,"鸡屠宰量(千头,季度)",1968-09-01,18371.0,,,,,
,鸡,"鸡屠宰量(千头,季度)",1968-12-01,18895.0,,,,,
,鸡,"鸡屠宰量(千头,季度)",1969-03-01,18464.0,,,,,
,鸡,"鸡屠宰量(千头,季度)",1969-06-01,18445.0,,,,,
,鸡,"鸡屠宰量(千头,季度)",1969-09-01,19872.0,,,,,
,鸡,"鸡屠宰量(千头,季度)",1969-12-01,21198.0,,,,,
,鸡,"鸡屠宰量(千头,季度)",1970-03-01,20398.0,,,,,
,鸡,"鸡屠宰量(千头,季度)",1970-06-01,22193.0,,,,,
,鸡,"鸡屠宰量(千头,季度)",1970-09-01,23254.0,,,,,
,鸡,"鸡屠宰量(千头,季度)",1970-12-01,25596.0,,,,,
,鸡,"鸡屠宰量(千头,季度)",1971-03-01,26750.0,,,,,
,鸡,"鸡屠宰量(千头,季度)",1971-06-01,27303.0,,,,,
,鸡,"鸡屠宰量(千头,季度)",1971-09-01,27967.0,,,,,
,鸡,"鸡屠宰量(千头,季度)",1971-12-01,27828.0,,,,,
,鸡,"鸡屠宰量(千头,季度)",1972-03-01,27046.0,,,,,
,鸡,"鸡屠宰量(千头,季度)",1972-06-01,29054.0,,,,,
,鸡,"鸡屠宰量(千头,季度)",1972-09-01,28940.0,,,,,
,鸡,"鸡屠宰量(千头,季度)",1972-12-01,27586.0,,,,,
,鸡,"鸡屠宰量(千头,季度)",1973-03-01,27097.0,,,,,
,鸡,"鸡屠宰量(千头,季度)",1973-06-01,28041.0,,,,,
,鸡,"鸡屠宰量(千头,季度)",1973-09-01,31940.0,,,,,
,鸡,"鸡屠宰量(千头,季度)",1973-12-01,34513.0,,,,,
,鸡,"鸡屠宰量(千头,季度)",1974-03-01,34612.0,,,,,
,鸡,"鸡屠宰量(千头,季度)",1974-06-01,36941.0,,,,,
,鸡,"鸡屠宰量(千头,季度)",1974-09-01,37109.0,,,,,
,鸡,"鸡屠宰量(千头,季度)",1974-12-01,32520.0,,,,,
,鸡,"鸡屠宰量(千头,季度)",1975-03-01,29482.0,,,,,
,鸡,"鸡屠宰量(千头,季度)",1975-06-01,33170.0,,,,,
,鸡,"鸡屠宰量(千头,季度)",1975-09-01,35105.0,,,,,
,鸡,"鸡屠宰量(千头,季度)",1975-12-01,36887.0,,,,,
,鸡,"鸡屠宰量(千头,季度)",1976-03-01,34519.0,,,,,
,鸡,"鸡屠宰量(千头,季度)",1976-06-01,36778.0,,,,,
,鸡,"鸡屠宰量(千头,季度)",1976-09-01,37654.0,,,,,
,鸡,"鸡屠宰量(千头,季度)",1976-12-01,37789.0,,,,,
,鸡,"鸡屠宰量(千头,季度)",1977-03-01,37202.0,,,,,
,鸡,"鸡屠宰量(千头,季度)",1977-06-01,40011.0,,,,,
,鸡,"鸡屠宰量(千头,季度)",1977-09-01,41716.0,,,,,
,鸡,"鸡屠宰量(千头,季度)",1977-12-01,43836.0,,,,,
,鸡,"鸡屠宰量(千头,季度)",1978-03-01,42664.0,,,,,
,鸡,"鸡屠宰量(千头,季度)",1978-06-01,43619.0,,,,,
,鸡,"鸡屠宰量(千头,季度)",1978-09-01,44910.0,,,,,
,鸡,"鸡屠宰量(千头,季度)",1978-12-01,47475.2,,,,,
,鸡,"鸡屠宰量(千头,季度)",1979-03-01,47479.2,,,,,
,鸡,"鸡屠宰量(千头,季度)",1979-06-01,48118.8,,,,,
,鸡,"鸡屠宰量(千头,季度)",1979-09-01,50492.0,,,,,
,鸡,"鸡屠宰量(千头,季度)",1979-12-01,55895.2,,,,,
,鸡,"鸡屠宰量(千头,季度)",1980-03-01,56843.7,,,,,
,鸡,"鸡屠宰量(千头,季度)",1980-06-01,55668.7,,,,,
,鸡,"鸡屠宰量(千头,季度)",1980-09-01,56858.3,,,,,
,鸡,"鸡屠宰量(千头,季度)",1980-12-01,56461.2,,,,,
,鸡,"鸡屠宰量(千头,季度)",1981-03-01,51633.3,,,,,
,鸡,"鸡屠宰量(千头,季度)",1981-06-01,53026.1,,,,,
,鸡,"鸡屠宰量(千头,季度)",1981-09-01,51762.2,,,,,
,鸡,"鸡屠宰量(千头,季度)",1981-12-01,51417.0,,,,,
,鸡,"鸡屠宰量(千头,季度)",1982-03-01,48387.9,,,,,
,鸡,"鸡屠宰量(千头,季度)",1982-06-01,51022.3,,,,,
,鸡,"鸡屠宰量(千头,季度)",1982-09-01,55599.7,,,,,
,鸡,"鸡屠宰量(千头,季度)",1982-12-01,56952.0,,,,,
,鸡,"鸡屠宰量(千头,季度)",1983-03-01,53861.6,,,,,
,鸡,"鸡屠宰量(千头,季度)",1983-06-01,56024.9,,,,,
,鸡,"鸡屠宰量(千头,季度)",1983-09-01,53663.2,,,,,
,鸡,"鸡屠宰量(千头,季度)",1983-12-01,51992.9,,,,,
,鸡,"鸡屠宰量(千头,季度)",1984-03-01,53471.2,,,,,
,鸡,"鸡屠宰量(千头,季度)",1984-06-01,53480.6,,,,,
,鸡,"鸡屠宰量(千头,季度)",1984-09-01,56679.7,,,,,
,鸡,"鸡屠宰量(千头,季度)",1984-12-01,60428.2,,,,,
,鸡,"鸡屠宰量(千头,季度)",1985-03-01,60288.2,,,,,
,鸡,"鸡屠宰量(千头,季度)",1985-06-01,62814.1,,,,,
,鸡,"鸡屠宰量(千头,季度)",1985-09-01,62347.3,,,,,
,鸡,"鸡屠宰量(千头,季度)",1985-12-01,64723.5,,,,,
,鸡,"鸡屠宰量(千头,季度)",1986-03-01,63805.8,,,,,
,鸡,"鸡屠宰量(千头,季度)",1986-06-01,63103.9,,,,,
,鸡,"鸡屠宰量(千头,季度)",1986-09-01,63688.0,,,,,
,鸡,"鸡屠宰量(千头,季度)",1986-12-01,66714.9,,,,,
,鸡,"鸡屠宰量(千头,季度)",1987-03-01,67646.3,,,,,
,鸡,"鸡屠宰量(千头,季度)",1987-06-01,66762.9,,,,,
,鸡,"鸡屠宰量(千头,季度)",1987-09-01,68343.4,,,,,
,鸡,"鸡屠宰量(千头,季度)",1987-12-01,70528.6,,,,,
,鸡,"鸡屠宰量(千头,季度)",1988-03-01,67011.0,,,,,
,鸡,"鸡屠宰量(千头,季度)",1988-06-01,67692.5,,,,,
,鸡,"鸡屠宰量(千头,季度)",1988-09-01,64996.2,,,,,
,鸡,"鸡屠宰量(千头,季度)",1988-12-01,70577.3,,,,,
,鸡,"鸡屠宰量(千头,季度)",1989-03-01,68863.6,,,,,
,鸡,"鸡屠宰量(千头,季度)",1989-06-01,69681.6,,,,,
,鸡,"鸡屠宰量(千头,季度)",1989-09-01,68744.9,,,,,
,鸡,"鸡屠宰量(千头,季度)",1989-12-01,72433.0,,,,,
,鸡,"鸡屠宰量(千头,季度)",1990-03-01,72779.1,,,,,
,鸡,"鸡屠宰量(千头,季度)",1990-06-01,71549.0,,,,,
,鸡,"鸡屠宰量(千头,季度)",1990-09-01,70689.1,,,,,
,鸡,"鸡屠宰量(千头,季度)",1990-12-01,71501.0,,,,,
,鸡,"鸡屠宰量(千头,季度)",1991-03-01,69603.7,,,,,
,鸡,"鸡屠宰量(千头,季度)",1991-06-01,71906.7,,,,,
,鸡,"鸡屠宰量(千头,季度)",1991-09-01,72133.6,,,,,
,鸡,"鸡屠宰量(千头,季度)",1991-12-01,75950.3,,,,,
,鸡,"鸡屠宰量(千头,季度)",1992-03-01,71838.3,,,,,
,鸡,"鸡屠宰量(千头,季度)",1992-06-01,73585.0,,,,,
,鸡,"鸡屠宰量(千头,季度)",1992-09-01,74082.2,,,,,
,鸡,"鸡屠宰量(千头,季度)",1992-12-01,75618.5,,,,,
,鸡,"鸡屠宰量(千头,季度)",1993-03-01,75749.9,,,,,
,鸡,"鸡屠宰量(千头,季度)",1993-06-01,78677.2,,,,,
,鸡,"鸡屠宰量(千头,季度)",1993-09-01,76999.9,,,,,
,鸡,"鸡屠宰量(千头,季度)",1993-12-01,84025.9,,,,,
,鸡,"鸡屠宰量(千头,季度)",1994-03-01,82884.3,,,,,
,鸡,"鸡屠宰量(千头,季度)",1994-06-01,85614.6,,,,,
,鸡,"鸡屠宰量(千头,季度)",1994-09-01,81961.1,,,,,
,鸡,"鸡屠宰量(千头,季度)",1994-12-01,84946.6,,,,,
,鸡,"鸡屠宰量(千头,季度)",1995-03-01,83386.6,,,,,
,鸡,"鸡屠宰量(千头,季度)",1995-06-01,80201.1,,,,,
,鸡,"鸡屠宰量(千头,季度)",1995-09-01,83934.6,,,,,
,鸡,"鸡屠宰量(千头,季度)",1995-12-01,84578.1,,,,,
,鸡,"鸡屠宰量(千头,季度)",1996-03-01,85464.5,,,,,
,鸡,"鸡屠宰量(千头,季度)",1996-06-01,82402.9,,,,,
,鸡,"鸡屠宰量(千头,季度)",1996-09-01,83582.9,,,,,
,鸡,"鸡屠宰量(千头,季度)",1996-12-01,86861.5,,,,,
,鸡,"鸡屠宰量(千头,季度)",1997-03-01,84421.4,,,,,
,鸡,"鸡屠宰量(千头,季度)",1997-06-01,86042.0,,,,,
,鸡,"鸡屠宰量(千头,季度)",1997-09-01,87188.5,,,,,
,鸡,"鸡屠宰量(千头,季度)",1997-12-01,93793.3,,,,,
,鸡,"鸡屠宰量(千头,季度)",1998-03-01,91895.7,,,,,
,鸡,"鸡屠宰量(千头,季度)",1998-06-01,91356.3,,,,,
,鸡,"鸡屠宰量(千头,季度)",1998-09-01,92959.9,,,,,
,鸡,"鸡屠宰量(千头,季度)",1998-12-01,95390.8,,,,,
,鸡,"鸡屠宰量(千头,季度)",1999-03-01,94466.7,,,,,
,鸡,"鸡屠宰量(千头,季度)",1999-06-01,92162.1,,,,,
,鸡,"鸡屠宰量(千头,季度)",1999-09-01,94143.4,,,,,
,鸡,"鸡屠宰量(千头,季度)",1999-12-01,101349.9,,,,,
,鸡,"鸡屠宰量(千头,季度)",2000-03-01,98678.2,,,,,
,鸡,"鸡屠宰量(千头,季度)",2000-06-01,99820.3,,,,,
,鸡,"鸡屠宰量(千头,季度)",2000-09-01,100165.6,,,,,
,鸡,"鸡屠宰量(千头,季度)",2000-12-01,102953.7,,,,,
,鸡,"鸡屠宰量(千头,季度)",2001-03-01,99139.6,,,,,
,鸡,"鸡屠宰量(千头,季度)",2001-06-01,96609.7,,,,,
,鸡,"鸡屠宰量(千头,季度)",2001-09-01,96828.0,,,,,
,鸡,"鸡屠宰量(千头,季度)",2001-12-01,104660.4,,,,,
,鸡,"鸡屠宰量(千头,季度)",2002-03-01,106854.7,,,,,
,鸡,"鸡屠宰量(千头,季度)",2002-06-01,107212.4,,,,,
,鸡,"鸡屠宰量(千头,季度)",2002-09-01,105278.6,,,,,
,鸡,"鸡屠宰量(千头,季度)",2002-12-01,108860.1,,,,,
,鸡,"鸡屠宰量(千头,季度)",2003-03-01,103360.2,,,,,
,鸡,"鸡屠宰量(千头,季度)",2003-06-01,101682.1,,,,,
,鸡,"鸡屠宰量(千头,季度)",2003-09-01,105746.9,,,,,
,鸡,"鸡屠宰量(千头,季度)",2003-12-01,107480.2,,,,,
,鸡,"鸡屠宰量(千头,季度)",2004-03-01,106367.5,,,,,
,鸡,"鸡屠宰量(千头,季度)",2004-06-01,104147.4,,,,,
,鸡,"鸡屠宰量(千头,季度)",2004-09-01,106408.0,,,,,
,鸡,"鸡屠宰量(千头,季度)",2004-12-01,118723.1,,,,,
,鸡,"鸡屠宰量(千头,季度)",2005-03-01,104658.7,,,,,
,鸡,"鸡屠宰量(千头,季度)",2005-06-01,107851.1,,,,,
,鸡,"鸡屠宰量(千头,季度)",2005-09-01,108849.6,,,,,
,鸡,"鸡屠宰量(千头,季度)",2005-12-01,111539.9,,,,,
,鸡,"鸡屠宰量(千头,季度)",2006-03-01,109826.2,,,,,
,鸡,"鸡屠宰量(千头,季度)",2006-06-01,107648.8,,,,,
,鸡,"鸡屠宰量(千头,季度)",2006-09-01,112282.7,,,,,
,鸡,"鸡屠宰量(千头,季度)",2006-12-01,115061.6,,,,,
,鸡,"鸡屠宰量(千头,季度)",2007-03-01,114226.4,,,,,
,鸡,"鸡屠宰量(千头,季度)",2007-06-01,112339.6,,,,,
,鸡,"鸡屠宰量(千头,季度)",2007-09-01,113435.5,,,,,
,鸡,"鸡屠宰量(千头,季度)",2007-12-01,118570.7,,,,,
,鸡,"鸡屠宰量(千头,季度)",2008-03-01,111916.7,,,,,
,鸡,"鸡屠宰量(千头,季度)",2008-06-01,114140.7,,,,,
,鸡,"鸡屠宰量(千头,季度)",2008-09-01,115380.7,,,,,
,鸡,"鸡屠宰量(千头,季度)",2008-12-01,121394.3,,,,,
,鸡,"鸡屠宰量(千头,季度)",2009-03-01,119183.8,,,,,
,鸡,"鸡屠宰量(千头,季度)",2009-06-01,118850.7,,,,,
,鸡,"鸡屠宰量(千头,季度)",2009-09-01,112897.9,,,,,
,鸡,"鸡屠宰量(千头,季度)",2009-12-01,117779.2,,,,,
,鸡,"鸡屠宰量(千头,季度)",2010-03-01,115882.3,,,,,
,鸡,"鸡屠宰量(千头,季度)",2010-06-01,119117.2,,,,,
,鸡,"鸡屠宰量(千头,季度)",2010-09-01,138314.4,,,,,
,鸡,"鸡屠宰量(千头,季度)",2010-12-01,138855.7,,,,,
,鸡,"鸡屠宰量(千头,季度)",2011-03-01,137437.0,,,,,
,鸡,"鸡屠宰量(千头,季度)",2011-06-01,135283.9,,,,,
,鸡,"鸡屠宰量(千头,季度)",2011-09-01,135756.3,,,,,
,鸡,"鸡屠宰量(千头,季度)",2011-12-01,138280.9,,,,,
,鸡,"鸡屠宰量(千头,季度)",2012-03-01,136645.2,,,,,
,鸡,"鸡屠宰量(千头,季度)",2012-06-01,140656.9,,,,,
,鸡,"鸡屠宰量(千头,季度)",2012-09-01,139522.9,,,,,
,鸡,"鸡屠宰量(千头,季度)",2012-12-01,142626.3,,,,,
,鸡,"鸡屠宰量(千头,季度)",2013-03-01,139078.7,,,,,
,鸡,"鸡屠宰量(千头,季度)",2013-06-01,142030.6,,,,,
,鸡,"鸡屠宰量(千头,季度)",2013-09-01,144836.2,,,,,
,鸡,"鸡屠宰量(千头,季度)",2013-12-01,146145.8,,,,,
,鸡,"鸡屠宰量(千头,季度)",2014-03-01,144249.7,,,,,
,鸡,"鸡屠宰量(千头,季度)",2014-06-01,144649.2,,,,,
,鸡,"鸡屠宰量(千头,季度)",2014-09-01,146825.6,,,,,
,鸡,"鸡屠宰量(千头,季度)",2014-12-01,151556.7,,,,,
,鸡,"鸡屠宰量(千头,季度)",2015-03-01,145638.3,,,,,
,鸡,"鸡屠宰量(千头,季度)",2015-06-01,146602.1,,,,,
,鸡,"鸡屠宰量(千头,季度)",2015-09-01,150094.0,,,,,
,鸡,"鸡屠宰量(千头,季度)",2015-12-01,151860.6,,,,,
,鸡,"鸡屠宰量(千头,季度)",2016-03-01,158188.0,,,,,
,鸡,"鸡屠宰量(千头,季度)",2016-06-01,163133.9,,,,,
,鸡,"鸡屠宰量(千头,季度)",2016-09-01,162455.3,,,,,
,鸡,"鸡屠宰量(千头,季度)",2016-12-01,162771.4,,,,,
,鸡,"鸡屠宰量(千头,季度)",2017-03-01,163004.9,,,,,
,鸡,"鸡屠宰量(千头,季度)",2017-06-01,164448.4,,,,,
,鸡,"鸡屠宰量(千头,季度)",2017-09-01,159156.2,,,,,
,鸡,"鸡屠宰量(千头,季度)",2017-12-01,160814.7,,,,,
,鸡,"鸡屠宰量(千头,季度)",2018-03-01,155609.4,,,,,
,鸡,"鸡屠宰量(千头,季度)",2018-06-01,160284.1,,,,,
,鸡,"鸡屠宰量(千头,季度)",2018-09-01,166322.3,,,,,
,鸡,"鸡屠宰量(千头,季度)",2018-12-01,166322.0,,,,,
,鸡,"鸡屠宰量(千头,季度)",2019-03-01,163191.2,,,,,
,鸡,"鸡屠宰量(千头,季度)",2019-06-01,156918.6,,,,,
,鸡,"鸡屠宰量(千头,季度)",2019-09-01,162122.5,,,,,
,鸡,"鸡屠宰量(千头,季度)",2019-12-01,167117.9,,,,,
,鸡,"鸡屠宰量(千头,季度)",2020-03-01,167327.1,,,,,
,鸡,"鸡屠宰量(千头,季度)",2020-06-01,161693.2,,,,,
,鸡,"鸡屠宰量(千头,季度)",2020-09-01,164151.3,,,,,
,鸡,"鸡屠宰量(千头,季度)",2020-12-01,171848.5,,,,,
,鸡,"鸡屠宰量(千头,季度)",2021-03-01,170565.7,,,,,
,鸡,"鸡屠宰量(千头,季度)",2021-06-01,171066.0,,,,,
,鸡,"鸡屠宰量(千头,季度)",2021-09-01,175379.4,,,,,
,鸡,"鸡屠宰量(千头,季度)",2021-12-01,175925.3,,,,,
,鸡,"鸡屠宰量(千头,季度)",2022-03-01,172749.5,,,,,
,鸡,"鸡屠宰量(千头,季度)",2022-06-01,173977.8,,,,,
,鸡,"鸡屠宰量(千头,季度)",2022-09-01,178232.4,,,,,
,鸡,"鸡屠宰量(千头,季度)",2022-12-01,175864.5,,,,,
,鸡,"鸡屠宰量(千头,季度)",2023-03-01,176126.5,,,,,
,鸡,"鸡屠宰量(千头,季度)",2023-06-01,180872.7,,,,,
,鸡,"鸡屠宰量(千头,季度)",2023-09-01,183404.6,,,,,
,鸡,"鸡屠宰量(千头,季度)",2023-12-01,184244.1,,,,,
,鸡,"鸡屠宰量(千头,季度)",2024-03-01,180495.6,,,,,
,鸡,"鸡屠宰量(千头,季度)",2024-06-01,186154.9,,,,,
,鸡,"鸡屠宰量(千头,季度)",2024-09-01,186998.7,,,,,
,鸡,"鸡屠宰量(千头,季度)",2024-12-01,187326.6,,,,,
,鸡,"鸡屠宰量(千头,季度)",2025-03-01,188234.2,,,,,
,鸡,"鸡屠宰量(千头,季度)",2025-06-01,189935.2,,,,,
,鸡,"鸡屠宰量(千头,季度)",2025-09-01,191521.3,,,,,
,鸡,"鸡屠宰量(千头,季度)",2025-12-01,194098.2,,,,,
,鸡,"鸡屠宰量(千头,季度)",2026-03-01,195463.2,,,,,
,鸡,"鸡肉产量(吨,季度)",1965-09-01,9606.0,,,,,
,鸡,"鸡肉产量(吨,季度)",1965-12-01,11007.0,,,,,
,鸡,"鸡肉产量(吨,季度)",1966-03-01,10891.0,,,,,
,鸡,"鸡肉产量(吨,季度)",1966-06-01,25758.0,,,,,
,鸡,"鸡肉产量(吨,季度)",1966-09-01,17572.0,,,,,
,鸡,"鸡肉产量(吨,季度)",1966-12-01,19165.0,,,,,
,鸡,"鸡肉产量(吨,季度)",1967-03-01,18189.0,,,,,
,鸡,"鸡肉产量(吨,季度)",1967-06-01,20443.0,,,,,
,鸡,"鸡肉产量(吨,季度)",1967-09-01,21153.0,,,,,
,鸡,"鸡肉产量(吨,季度)",1967-12-01,22755.0,,,,,
,鸡,"鸡肉产量(吨,季度)",1968-03-01,21872.0,,,,,
,鸡,"鸡肉产量(吨,季度)",1968-06-01,22711.0,,,,,
,鸡,"鸡肉产量(吨,季度)",1968-09-01,22798.0,,,,,
,鸡,"鸡肉产量(吨,季度)",1968-12-01,23707.0,,,,,
,鸡,"鸡肉产量(吨,季度)",1969-03-01,23011.0,,,,,
,鸡,"鸡肉产量(吨,季度)",1969-06-01,22918.0,,,,,
,鸡,"鸡肉产量(吨,季度)",1969-09-01,25058.0,,,,,
,鸡,"鸡肉产量(吨,季度)",1969-12-01,26418.0,,,,,
,鸡,"鸡肉产量(吨,季度)",1970-03-01,25361.0,,,,,
,鸡,"鸡肉产量(吨,季度)",1970-06-01,27409.0,,,,,
,鸡,"鸡肉产量(吨,季度)",1970-09-01,28834.0,,,,,
,鸡,"鸡肉产量(吨,季度)",1970-12-01,31732.0,,,,,
,鸡,"鸡肉产量(吨,季度)",1971-03-01,34125.0,,,,,
,鸡,"鸡肉产量(吨,季度)",1971-06-01,35024.0,,,,,
,鸡,"鸡肉产量(吨,季度)",1971-09-01,35069.0,,,,,
,鸡,"鸡肉产量(吨,季度)",1971-12-01,34549.0,,,,,
,鸡,"鸡肉产量(吨,季度)",1972-03-01,33898.0,,,,,
,鸡,"鸡肉产量(吨,季度)",1972-06-01,36614.0,,,,,
,鸡,"鸡肉产量(吨,季度)",1972-09-01,35880.0,,,,,
,鸡,"鸡肉产量(吨,季度)",1972-12-01,33368.0,,,,,
,鸡,"鸡肉产量(吨,季度)",1973-03-01,32732.0,,,,,
,鸡,"鸡肉产量(吨,季度)",1973-06-01,34491.0,,,,,
,鸡,"鸡肉产量(吨,季度)",1973-09-01,39265.0,,,,,
,鸡,"鸡肉产量(吨,季度)",1973-12-01,42044.0,,,,,
,鸡,"鸡肉产量(吨,季度)",1974-03-01,42186.0,,,,,
,鸡,"鸡肉产量(吨,季度)",1974-06-01,45814.0,,,,,
,鸡,"鸡肉产量(吨,季度)",1974-09-01,46668.0,,,,,
,鸡,"鸡肉产量(吨,季度)",1974-12-01,39388.0,,,,,
,鸡,"鸡肉产量(吨,季度)",1975-03-01,36138.0,,,,,
,鸡,"鸡肉产量(吨,季度)",1975-06-01,41450.0,,,,,
,鸡,"鸡肉产量(吨,季度)",1975-09-01,44284.0,,,,,
,鸡,"鸡肉产量(吨,季度)",1975-12-01,45488.0,,,,,
,鸡,"鸡肉产量(吨,季度)",1976-03-01,43744.0,,,,,
,鸡,"鸡肉产量(吨,季度)",1976-06-01,48059.0,,,,,
,鸡,"鸡肉产量(吨,季度)",1976-09-01,47571.0,,,,,
,鸡,"鸡肉产量(吨,季度)",1976-12-01,46755.0,,,,,
,鸡,"鸡肉产量(吨,季度)",1977-03-01,46088.0,,,,,
,鸡,"鸡肉产量(吨,季度)",1977-06-01,52108.0,,,,,
,鸡,"鸡肉产量(吨,季度)",1977-09-01,52242.0,,,,,
,鸡,"鸡肉产量(吨,季度)",1977-12-01,55086.0,,,,,
,鸡,"鸡肉产量(吨,季度)",1978-03-01,53951.0,,,,,
,鸡,"鸡肉产量(吨,季度)",1978-06-01,55554.0,,,,,
,鸡,"鸡肉产量(吨,季度)",1978-09-01,57047.0,,,,,
,鸡,"鸡肉产量(吨,季度)",1978-12-01,60155.0,,,,,
,鸡,"鸡肉产量(吨,季度)",1979-03-01,60482.0,,,,,
,鸡,"鸡肉产量(吨,季度)",1979-06-01,62542.0,,,,,
,鸡,"鸡肉产量(吨,季度)",1979-09-01,64276.0,,,,,
,鸡,"鸡肉产量(吨,季度)",1979-12-01,71450.0,,,,,
,鸡,"鸡肉产量(吨,季度)",1980-03-01,71962.0,,,,,
,鸡,"鸡肉产量(吨,季度)",1980-06-01,69780.0,,,,,
,鸡,"鸡肉产量(吨,季度)",1980-09-01,71638.0,,,,,
,鸡,"鸡肉产量(吨,季度)",1980-12-01,69734.0,,,,,
,鸡,"鸡肉产量(吨,季度)",1981-03-01,63497.0,,,,,
,鸡,"鸡肉产量(吨,季度)",1981-06-01,66749.0,,,,,
,鸡,"鸡肉产量(吨,季度)",1981-09-01,64323.0,,,,,
,鸡,"鸡肉产量(吨,季度)",1981-12-01,67037.0,,,,,
,鸡,"鸡肉产量(吨,季度)",1982-03-01,60419.0,,,,,
,鸡,"鸡肉产量(吨,季度)",1982-06-01,63737.0,,,,,
,鸡,"鸡肉产量(吨,季度)",1982-09-01,70961.0,,,,,
,鸡,"鸡肉产量(吨,季度)",1982-12-01,70074.0,,,,,
,鸡,"鸡肉产量(吨,季度)",1983-03-01,66411.0,,,,,
,鸡,"鸡肉产量(吨,季度)",1983-06-01,71117.0,,,,,
,鸡,"鸡肉产量(吨,季度)",1983-09-01,67065.0,,,,,
,鸡,"鸡肉产量(吨,季度)",1983-12-01,65684.0,,,,,
,鸡,"鸡肉产量(吨,季度)",1984-03-01,66882.0,,,,,
,鸡,"鸡肉产量(吨,季度)",1984-06-01,68100.0,,,,,
,鸡,"鸡肉产量(吨,季度)",1984-09-01,71449.0,,,,,
,鸡,"鸡肉产量(吨,季度)",1984-12-01,76793.0,,,,,
,鸡,"鸡肉产量(吨,季度)",1985-03-01,78447.0,,,,,
,鸡,"鸡肉产量(吨,季度)",1985-06-01,83910.0,,,,,
,鸡,"鸡肉产量(吨,季度)",1985-09-01,81472.0,,,,,
,鸡,"鸡肉产量(吨,季度)",1985-12-01,83753.0,,,,,
,鸡,"鸡肉产量(吨,季度)",1986-03-01,82537.0,,,,,
,鸡,"鸡肉产量(吨,季度)",1986-06-01,81088.0,,,,,
,鸡,"鸡肉产量(吨,季度)",1986-09-01,81695.0,,,,,
,鸡,"鸡肉产量(吨,季度)",1986-12-01,83988.0,,,,,
,鸡,"鸡肉产量(吨,季度)",1987-03-01,86186.0,,,,,
,鸡,"鸡肉产量(吨,季度)",1987-06-01,87423.0,,,,,
,鸡,"鸡肉产量(吨,季度)",1987-09-01,88627.0,,,,,
,鸡,"鸡肉产量(吨,季度)",1987-12-01,92397.0,,,,,
,鸡,"鸡肉产量(吨,季度)",1988-03-01,90681.0,,,,,
,鸡,"鸡肉产量(吨,季度)",1988-06-01,90584.0,,,,,
,鸡,"鸡肉产量(吨,季度)",1988-09-01,86369.0,,,,,
,鸡,"鸡肉产量(吨,季度)",1988-12-01,94816.0,,,,,
,鸡,"鸡肉产量(吨,季度)",1989-03-01,94306.0,,,,,
,鸡,"鸡肉产量(吨,季度)",1989-06-01,92859.0,,,,,
,鸡,"鸡肉产量(吨,季度)",1989-09-01,89387.0,,,,,
,鸡,"鸡肉产量(吨,季度)",1989-12-01,94909.0,,,,,
,鸡,"鸡肉产量(吨,季度)",1990-03-01,98096.0,,,,,
,鸡,"鸡肉产量(吨,季度)",1990-06-01,97461.0,,,,,
,鸡,"鸡肉产量(吨,季度)",1990-09-01,94681.0,,,,,
,鸡,"鸡肉产量(吨,季度)",1990-12-01,96837.0,,,,,
,鸡,"鸡肉产量(吨,季度)",1991-03-01,95662.0,,,,,
,鸡,"鸡肉产量(吨,季度)",1991-06-01,101062.0,,,,,
,鸡,"鸡肉产量(吨,季度)",1991-09-01,101241.0,,,,,
,鸡,"鸡肉产量(吨,季度)",1991-12-01,107640.0,,,,,
,鸡,"鸡肉产量(吨,季度)",1992-03-01,102808.0,,,,,
,鸡,"鸡肉产量(吨,季度)",1992-06-01,103880.0,,,,,
,鸡,"鸡肉产量(吨,季度)",1992-09-01,102927.0,,,,,
,鸡,"鸡肉产量(吨,季度)",1992-12-01,107077.0,,,,,
,鸡,"鸡肉产量(吨,季度)",1993-03-01,109833.0,,,,,
,鸡,"鸡肉产量(吨,季度)",1993-06-01,114879.0,,,,,
,鸡,"鸡肉产量(吨,季度)",1993-09-01,112066.0,,,,,
,鸡,"鸡肉产量(吨,季度)",1993-12-01,118429.0,,,,,
,鸡,"鸡肉产量(吨,季度)",1994-03-01,115552.0,,,,,
,鸡,"鸡肉产量(吨,季度)",1994-06-01,122676.0,,,,,
,鸡,"鸡肉产量(吨,季度)",1994-09-01,116677.0,,,,,
,鸡,"鸡肉产量(吨,季度)",1994-12-01,118657.0,,,,,
,鸡,"鸡肉产量(吨,季度)",1995-03-01,118978.0,,,,,
,鸡,"鸡肉产量(吨,季度)",1995-06-01,112239.0,,,,,
,鸡,"鸡肉产量(吨,季度)",1995-09-01,119695.0,,,,,
,鸡,"鸡肉产量(吨,季度)",1995-12-01,120585.0,,,,,
,鸡,"鸡肉产量(吨,季度)",1996-03-01,122434.0,,,,,
,鸡,"鸡肉产量(吨,季度)",1996-06-01,117829.0,,,,,
,鸡,"鸡肉产量(吨,季度)",1996-09-01,119439.0,,,,,
,鸡,"鸡肉产量(吨,季度)",1996-12-01,123583.0,,,,,
,鸡,"鸡肉产量(吨,季度)",1997-03-01,119745.0,,,,,
,鸡,"鸡肉产量(吨,季度)",1997-06-01,125162.0,,,,,
,鸡,"鸡肉产量(吨,季度)",1997-09-01,128313.0,,,,,
,鸡,"鸡肉产量(吨,季度)",1997-12-01,139024.0,,,,,
,鸡,"鸡肉产量(吨,季度)",1998-03-01,137919.0,,,,,
,鸡,"鸡肉产量(吨,季度)",1998-06-01,138549.0,,,,,
,鸡,"鸡肉产量(吨,季度)",1998-09-01,142747.0,,,,,
,鸡,"鸡肉产量(吨,季度)",1998-12-01,141603.0,,,,,
,鸡,"鸡肉产量(吨,季度)",1999-03-01,140851.0,,,,,
,鸡,"鸡肉产量(吨,季度)",1999-06-01,139070.0,,,,,
,鸡,"鸡肉产量(吨,季度)",1999-09-01,141684.0,,,,,
,鸡,"鸡肉产量(吨,季度)",1999-12-01,153397.0,,,,,
,鸡,"鸡肉产量(吨,季度)",2000-03-01,150476.0,,,,,
,鸡,"鸡肉产量(吨,季度)",2000-06-01,152123.0,,,,,
,鸡,"鸡肉产量(吨,季度)",2000-09-01,152454.0,,,,,
,鸡,"鸡肉产量(吨,季度)",2000-12-01,161639.0,,,,,
,鸡,"鸡肉产量(吨,季度)",2001-03-01,150536.0,,,,,
,鸡,"鸡肉产量(吨,季度)",2001-06-01,154777.0,,,,,
,鸡,"鸡肉产量(吨,季度)",2001-09-01,155611.0,,,,,
,鸡,"鸡肉产量(吨,季度)",2001-12-01,166416.0,,,,,
,鸡,"鸡肉产量(吨,季度)",2002-03-01,169187.0,,,,,
,鸡,"鸡肉产量(吨,季度)",2002-06-01,176257.0,,,,,
,鸡,"鸡肉产量(吨,季度)",2002-09-01,175634.0,,,,,
,鸡,"鸡肉产量(吨,季度)",2002-12-01,178450.0,,,,,
,鸡,"鸡肉产量(吨,季度)",2003-03-01,171463.0,,,,,
,鸡,"鸡肉产量(吨,季度)",2003-06-01,164280.0,,,,,
,鸡,"鸡肉产量(吨,季度)",2003-09-01,169979.0,,,,,
,鸡,"鸡肉产量(吨,季度)",2003-12-01,175765.0,,,,,
,鸡,"鸡肉产量(吨,季度)",2004-03-01,172068.0,,,,,
,鸡,"鸡肉产量(吨,季度)",2004-06-01,175791.0,,,,,
,鸡,"鸡肉产量(吨,季度)",2004-09-01,179282.0,,,,,
,鸡,"鸡肉产量(吨,季度)",2004-12-01,195330.0,,,,,
,鸡,"鸡肉产量(吨,季度)",2005-03-01,178055.0,,,,,
,鸡,"鸡肉产量(吨,季度)",2005-06-01,197362.0,,,,,
,鸡,"鸡肉产量(吨,季度)",2005-09-01,188782.0,,,,,
,鸡,"鸡肉产量(吨,季度)",2005-12-01,190998.0,,,,,
,鸡,"鸡肉产量(吨,季度)",2006-03-01,196658.0,,,,,
,鸡,"鸡肉产量(吨,季度)",2006-06-01,196175.0,,,,,
,鸡,"鸡肉产量(吨,季度)",2006-09-01,198358.0,,,,,
,鸡,"鸡肉产量(吨,季度)",2006-12-01,206225.0,,,,,
,鸡,"鸡肉产量(吨,季度)",2007-03-01,204254.0,,,,,
,鸡,"鸡肉产量(吨,季度)",2007-06-01,202754.0,,,,,
,鸡,"鸡肉产量(吨,季度)",2007-09-01,199865.0,,,,,
,鸡,"鸡肉产量(吨,季度)",2007-12-01,206012.0,,,,,
,鸡,"鸡肉产量(吨,季度)",2008-03-01,192383.0,,,,,
,鸡,"鸡肉产量(吨,季度)",2008-06-01,199020.0,,,,,
,鸡,"鸡肉产量(吨,季度)",2008-09-01,204359.0,,,,,
,鸡,"鸡肉产量(吨,季度)",2008-12-01,209611.0,,,,,
,鸡,"鸡肉产量(吨,季度)",2009-03-01,208725.0,,,,,
,鸡,"鸡肉产量(吨,季度)",2009-06-01,209761.0,,,,,
,鸡,"鸡肉产量(吨,季度)",2009-09-01,203116.0,,,,,
,鸡,"鸡肉产量(吨,季度)",2009-12-01,206992.0,,,,,
,鸡,"鸡肉产量(吨,季度)",2010-03-01,206710.0,,,,,
,鸡,"鸡肉产量(吨,季度)",2010-06-01,217591.0,,,,,
,鸡,"鸡肉产量(吨,季度)",2010-09-01,250448.0,,,,,
,鸡,"鸡肉产量(吨,季度)",2010-12-01,259603.0,,,,,
,鸡,"鸡肉产量(吨,季度)",2011-03-01,253482.0,,,,,
,鸡,"鸡肉产量(吨,季度)",2011-06-01,251445.0,,,,,
,鸡,"鸡肉产量(吨,季度)",2011-09-01,253261.0,,,,,
,鸡,"鸡肉产量(吨,季度)",2011-12-01,254354.0,,,,,
,鸡,"鸡肉产量(吨,季度)",2012-03-01,257293.0,,,,,
,鸡,"鸡肉产量(吨,季度)",2012-06-01,265223.0,,,,,
,鸡,"鸡肉产量(吨,季度)",2012-09-01,260674.0,,,,,
,鸡,"鸡肉产量(吨,季度)",2012-12-01,263518.0,,,,,
,鸡,"鸡肉产量(吨,季度)",2013-03-01,256652.0,,,,,
,鸡,"鸡肉产量(吨,季度)",2013-06-01,265325.0,,,,,
,鸡,"鸡肉产量(吨,季度)",2013-09-01,274037.0,,,,,
,鸡,"鸡肉产量(吨,季度)",2013-12-01,270492.0,,,,,
,鸡,"鸡肉产量(吨,季度)",2014-03-01,268510.0,,,,,
,鸡,"鸡肉产量(吨,季度)",2014-06-01,271238.0,,,,,
,鸡,"鸡肉产量(吨,季度)",2014-09-01,282202.0,,,,,
,鸡,"鸡肉产量(吨,季度)",2014-12-01,281119.0,,,,,
,鸡,"鸡肉产量(吨,季度)",2015-03-01,274399.0,,,,,
,鸡,"鸡肉产量(吨,季度)",2015-06-01,277823.0,,,,,
,鸡,"鸡肉产量(吨,季度)",2015-09-01,291629.0,,,,,
,鸡,"鸡肉产量(吨,季度)",2015-12-01,293432.0,,,,,
,鸡,"鸡肉产量(吨,季度)",2016-03-01,297217.0,,,,,
,鸡,"鸡肉产量(吨,季度)",2016-06-01,309044.0,,,,,
,鸡,"鸡肉产量(吨,季度)",2016-09-01,308441.0,,,,,
,鸡,"鸡肉产量(吨,季度)",2016-12-01,310573.0,,,,,
,鸡,"鸡肉产量(吨,季度)",2017-03-01,301998.0,,,,,
,鸡,"鸡肉产量(吨,季度)",2017-06-01,308493.0,,,,,
,鸡,"鸡肉产量(吨,季度)",2017-09-01,304273.0,,,,,
,鸡,"鸡肉产量(吨,季度)",2017-12-01,305384.0,,,,,
,鸡,"鸡肉产量(吨,季度)",2018-03-01,292341.0,,,,,
,鸡,"鸡肉产量(吨,季度)",2018-06-01,291469.0,,,,,
,鸡,"鸡肉产量(吨,季度)",2018-09-01,308581.0,,,,,
,鸡,"鸡肉产量(吨,季度)",2018-12-01,320158.0,,,,,
,鸡,"鸡肉产量(吨,季度)",2019-03-01,313447.0,,,,,
,鸡,"鸡肉产量(吨,季度)",2019-06-01,298028.0,,,,,
,鸡,"鸡肉产量(吨,季度)",2019-09-01,302249.0,,,,,
,鸡,"鸡肉产量(吨,季度)",2019-12-01,312877.0,,,,,
,鸡,"鸡肉产量(吨,季度)",2020-03-01,318820.0,,,,,
,鸡,"鸡肉产量(吨,季度)",2020-06-01,312598.0,,,,,
,鸡,"鸡肉产量(吨,季度)",2020-09-01,310627.0,,,,,
,鸡,"鸡肉产量(吨,季度)",2020-12-01,328723.0,,,,,
,鸡,"鸡肉产量(吨,季度)",2021-03-01,323198.0,,,,,
,鸡,"鸡肉产量(吨,季度)",2021-06-01,329692.0,,,,,
,鸡,"鸡肉产量(吨,季度)",2021-09-01,342185.0,,,,,
,鸡,"鸡肉产量(吨,季度)",2021-12-01,342242.0,,,,,
,鸡,"鸡肉产量(吨,季度)",2022-03-01,346294.0,,,,,
,鸡,"鸡肉产量(吨,季度)",2022-06-01,331184.0,,,,,
,鸡,"鸡肉产量(吨,季度)",2022-09-01,345231.0,,,,,
,鸡,"鸡肉产量(吨,季度)",2022-12-01,341462.0,,,,,
,鸡,"鸡肉产量(吨,季度)",2023-03-01,334664.0,,,,,
,鸡,"鸡肉产量(吨,季度)",2023-06-01,354929.0,,,,,
,鸡,"鸡肉产量(吨,季度)",2023-09-01,359541.0,,,,,
,鸡,"鸡肉产量(吨,季度)",2023-12-01,364055.0,,,,,
,鸡,"鸡肉产量(吨,季度)",2024-03-01,353266.0,,,,,
,鸡,"鸡肉产量(吨,季度)",2024-06-01,371835.0,,,,,
,鸡,"鸡肉产量(吨,季度)",2024-09-01,374460.0,,,,,
,鸡,"鸡肉产量(吨,季度)",2024-12-01,378124.0,,,,,
,鸡,"鸡肉产量(吨,季度)",2025-03-01,387731.0,,,,,
,鸡,"鸡肉产量(吨,季度)",2025-06-01,394818.0,,,,,
,鸡,"鸡肉产量(吨,季度)",2025-09-01,391524.0,,,,,
,鸡,"鸡肉产量(吨,季度)",2025-12-01,390908.0,,,,,
,鸡,"鸡肉产量(吨,季度)",2026-03-01,393384.0,,,,,
,鸡蛋,鸡蛋CPI指数,1980-09-01,21.28,,,,,
,鸡蛋,鸡蛋CPI指数,1980-12-01,21.81,,,,,
,鸡蛋,鸡蛋CPI指数,1981-03-01,22.73,,,,,
,鸡蛋,鸡蛋CPI指数,1981-06-01,23.86,,,,,
,鸡蛋,鸡蛋CPI指数,1981-09-01,23.86,,,,,
,鸡蛋,鸡蛋CPI指数,1981-12-01,23.89,,,,,
,鸡蛋,鸡蛋CPI指数,1982-03-01,24.17,,,,,
,鸡蛋,鸡蛋CPI指数,1982-06-01,24.6,,,,,
,鸡蛋,鸡蛋CPI指数,1982-09-01,25.0,,,,,
,鸡蛋,鸡蛋CPI指数,1982-12-01,25.8,,,,,
,鸡蛋,鸡蛋CPI指数,1983-03-01,26.35,,,,,
,鸡蛋,鸡蛋CPI指数,1983-06-01,26.87,,,,,
,鸡蛋,鸡蛋CPI指数,1983-09-01,27.27,,,,,
,鸡蛋,鸡蛋CPI指数,1983-12-01,26.47,,,,,
,鸡蛋,鸡蛋CPI指数,1984-03-01,26.35,,,,,
,鸡蛋,鸡蛋CPI指数,1984-06-01,26.35,,,,,
,鸡蛋,鸡蛋CPI指数,1984-09-01,26.17,,,,,
,鸡蛋,鸡蛋CPI指数,1984-12-01,26.23,,,,,
,鸡蛋,鸡蛋CPI指数,1985-03-01,26.69,,,,,
,鸡蛋,鸡蛋CPI指数,1985-06-01,26.78,,,,,
,鸡蛋,鸡蛋CPI指数,1985-09-01,27.76,,,,,
,鸡蛋,鸡蛋CPI指数,1985-12-01,27.86,,,,,
,鸡蛋,鸡蛋CPI指数,1986-03-01,28.04,,,,,
,鸡蛋,鸡蛋CPI指数,1986-06-01,27.73,,,,,
,鸡蛋,鸡蛋CPI指数,1986-09-01,27.52,,,,,
,鸡蛋,鸡蛋CPI指数,1986-12-01,27.37,,,,,
,鸡蛋,鸡蛋CPI指数,1987-03-01,27.76,,,,,
,鸡蛋,鸡蛋CPI指数,1987-06-01,27.83,,,,,
,鸡蛋,鸡蛋CPI指数,1987-09-01,27.92,,,,,
,鸡蛋,鸡蛋CPI指数,1987-12-01,27.92,,,,,
,鸡蛋,鸡蛋CPI指数,1988-03-01,28.47,,,,,
,鸡蛋,鸡蛋CPI指数,1988-06-01,29.58,,,,,
,鸡蛋,鸡蛋CPI指数,1988-09-01,31.39,,,,,
,鸡蛋,鸡蛋CPI指数,1988-12-01,31.66,,,,,
,鸡蛋,鸡蛋CPI指数,1989-03-01,31.97,,,,,
,鸡蛋,鸡蛋CPI指数,1989-06-01,32.52,,,,,
,鸡蛋,鸡蛋CPI指数,1989-09-01,31.14,,,,,
,鸡蛋,鸡蛋CPI指数,1989-12-01,30.93,,,,,
,鸡蛋,鸡蛋CPI指数,1990-03-01,30.34,,,,,
,鸡蛋,鸡蛋CPI指数,1990-06-01,30.47,,,,,
,鸡蛋,鸡蛋CPI指数,1990-09-01,30.9,,,,,
,鸡蛋,鸡蛋CPI指数,1990-12-01,30.77,,,,,
,鸡蛋,鸡蛋CPI指数,1991-03-01,30.47,,,,,
,鸡蛋,鸡蛋CPI指数,1991-06-01,30.77,,,,,
,鸡蛋,鸡蛋CPI指数,1991-09-01,30.1,,,,,
,鸡蛋,鸡蛋CPI指数,1991-12-01,29.67,,,,,
,鸡蛋,鸡蛋CPI指数,1992-03-01,29.58,,,,,
,鸡蛋,鸡蛋CPI指数,1992-06-01,30.34,,,,,
,鸡蛋,鸡蛋CPI指数,1992-09-01,31.14,,,,,
,鸡蛋,鸡蛋CPI指数,1992-12-01,32.19,,,,,
,鸡蛋,鸡蛋CPI指数,1993-03-01,31.79,,,,,
,鸡蛋,鸡蛋CPI指数,1993-06-01,31.57,,,,,
,鸡蛋,鸡蛋CPI指数,1993-09-01,32.28,,,,,
,鸡蛋,鸡蛋CPI指数,1993-12-01,32.03,,,,,
,鸡蛋,鸡蛋CPI指数,1994-03-01,32.16,,,,,
,鸡蛋,鸡蛋CPI指数,1994-06-01,32.0,,,,,
,鸡蛋,鸡蛋CPI指数,1994-09-01,32.0,,,,,
,鸡蛋,鸡蛋CPI指数,1994-12-01,31.82,,,,,
,鸡蛋,鸡蛋CPI指数,1995-03-01,32.89,,,,,
,鸡蛋,鸡蛋CPI指数,1995-06-01,34.43,,,,,
,鸡蛋,鸡蛋CPI指数,1995-09-01,38.64,,,,,
,鸡蛋,鸡蛋CPI指数,1995-12-01,39.62,,,,,
,鸡蛋,鸡蛋CPI指数,1996-03-01,40.05,,,,,
,鸡蛋,鸡蛋CPI指数,1996-06-01,41.59,,,,,
,鸡蛋,鸡蛋CPI指数,1996-09-01,43.06,,,,,
,鸡蛋,鸡蛋CPI指数,1996-12-01,43.18,,,,,
,鸡蛋,鸡蛋CPI指数,1997-03-01,43.15,,,,,
,鸡蛋,鸡蛋CPI指数,1997-06-01,44.26,,,,,
,鸡蛋,鸡蛋CPI指数,1997-09-01,44.2,,,,,
,鸡蛋,鸡蛋CPI指数,1997-12-01,44.81,,,,,
,鸡蛋,鸡蛋CPI指数,1998-03-01,43.92,,,,,
,鸡蛋,鸡蛋CPI指数,1998-06-01,44.1,,,,,
,鸡蛋,鸡蛋CPI指数,1998-09-01,44.7,,,,,
,鸡蛋,鸡蛋CPI指数,1998-12-01,43.86,,,,,
,鸡蛋,鸡蛋CPI指数,1999-03-01,44.63,,,,,
,鸡蛋,鸡蛋CPI指数,1999-06-01,46.01,,,,,
,鸡蛋,鸡蛋CPI指数,1999-09-01,47.3,,,,,
,鸡蛋,鸡蛋CPI指数,1999-12-01,46.79,,,,,
,鸡蛋,鸡蛋CPI指数,2000-03-01,46.68,,,,,
,鸡蛋,鸡蛋CPI指数,2000-06-01,46.92,,,,,
,鸡蛋,鸡蛋CPI指数,2000-09-01,46.2,,,,,
,鸡蛋,鸡蛋CPI指数,2000-12-01,45.43,,,,,
,鸡蛋,鸡蛋CPI指数,2001-03-01,45.88,,,,,
,鸡蛋,鸡蛋CPI指数,2001-06-01,48.55,,,,,
,鸡蛋,鸡蛋CPI指数,2001-09-01,49.94,,,,,
,鸡蛋,鸡蛋CPI指数,2001-12-01,50.68,,,,,
,鸡蛋,鸡蛋CPI指数,2002-03-01,50.63,,,,,
,鸡蛋,鸡蛋CPI指数,2002-06-01,50.82,,,,,
,鸡蛋,鸡蛋CPI指数,2002-09-01,50.89,,,,,
,鸡蛋,鸡蛋CPI指数,2002-12-01,48.53,,,,,
,鸡蛋,鸡蛋CPI指数,2003-03-01,55.28,,,,,
,鸡蛋,鸡蛋CPI指数,2003-06-01,56.76,,,,,
,鸡蛋,鸡蛋CPI指数,2003-09-01,56.39,,,,,
,鸡蛋,鸡蛋CPI指数,2003-12-01,54.81,,,,,
,鸡蛋,鸡蛋CPI指数,2004-03-01,55.33,,,,,
,鸡蛋,鸡蛋CPI指数,2004-06-01,54.8,,,,,
,鸡蛋,鸡蛋CPI指数,2004-09-01,54.34,,,,,
,鸡蛋,鸡蛋CPI指数,2004-12-01,54.9,,,,,
,鸡蛋,鸡蛋CPI指数,2005-03-01,53.56,,,,,
,鸡蛋,鸡蛋CPI指数,2005-06-01,52.44,,,,,
,鸡蛋,鸡蛋CPI指数,2005-09-01,53.25,,,,,
,鸡蛋,鸡蛋CPI指数,2005-12-01,54.55,,,,,
,鸡蛋,鸡蛋CPI指数,2006-03-01,53.82,,,,,
,鸡蛋,鸡蛋CPI指数,2006-06-01,56.02,,,,,
,鸡蛋,鸡蛋CPI指数,2006-09-01,56.73,,,,,
,鸡蛋,鸡蛋CPI指数,2006-12-01,59.43,,,,,
,鸡蛋,鸡蛋CPI指数,2007-03-01,61.6,,,,,
,鸡蛋,鸡蛋CPI指数,2007-06-01,62.32,,,,,
,鸡蛋,鸡蛋CPI指数,2007-09-01,62.3,,,,,
,鸡蛋,鸡蛋CPI指数,2007-12-01,62.0,,,,,
,鸡蛋,鸡蛋CPI指数,2008-03-01,65.22,,,,,
,鸡蛋,鸡蛋CPI指数,2008-06-01,63.27,,,,,
,鸡蛋,鸡蛋CPI指数,2008-09-01,63.84,,,,,
,鸡蛋,鸡蛋CPI指数,2008-12-01,63.51,,,,,
,鸡蛋,鸡蛋CPI指数,2009-03-01,63.99,,,,,
,鸡蛋,鸡蛋CPI指数,2009-06-01,63.99,,,,,
,鸡蛋,鸡蛋CPI指数,2009-09-01,63.18,,,,,
,鸡蛋,鸡蛋CPI指数,2009-12-01,62.71,,,,,
,鸡蛋,鸡蛋CPI指数,2010-03-01,61.09,,,,,
,鸡蛋,鸡蛋CPI指数,2010-06-01,61.27,,,,,
,鸡蛋,鸡蛋CPI指数,2010-09-01,61.46,,,,,
,鸡蛋,鸡蛋CPI指数,2010-12-01,61.21,,,,,
,鸡蛋,鸡蛋CPI指数,2011-03-01,61.29,,,,,
,鸡蛋,鸡蛋CPI指数,2011-06-01,61.16,,,,,
,鸡蛋,鸡蛋CPI指数,2011-09-01,60.85,,,,,
,鸡蛋,鸡蛋CPI指数,2011-12-01,60.71,,,,,
,鸡蛋,鸡蛋CPI指数,2012-03-01,61.65,,,,,
,鸡蛋,鸡蛋CPI指数,2012-06-01,61.79,,,,,
,鸡蛋,鸡蛋CPI指数,2012-09-01,62.12,,,,,
,鸡蛋,鸡蛋CPI指数,2012-12-01,63.41,,,,,
,鸡蛋,鸡蛋CPI指数,2013-03-01,63.31,,,,,
,鸡蛋,鸡蛋CPI指数,2013-06-01,63.83,,,,,
,鸡蛋,鸡蛋CPI指数,2013-09-01,64.05,,,,,
,鸡蛋,鸡蛋CPI指数,2013-12-01,65.91,,,,,
,鸡蛋,鸡蛋CPI指数,2014-03-01,66.73,,,,,
,鸡蛋,鸡蛋CPI指数,2014-06-01,68.57,,,,,
,鸡蛋,鸡蛋CPI指数,2014-09-01,68.85,,,,,
,鸡蛋,鸡蛋CPI指数,2014-12-01,67.09,,,,,
,鸡蛋,鸡蛋CPI指数,2015-03-01,66.64,,,,,
,鸡蛋,鸡蛋CPI指数,2015-06-01,66.94,,,,,
,鸡蛋,鸡蛋CPI指数,2015-09-01,66.89,,,,,
,鸡蛋,鸡蛋CPI指数,2015-12-01,65.73,,,,,
,鸡蛋,鸡蛋CPI指数,2016-03-01,65.96,,,,,
,鸡蛋,鸡蛋CPI指数,2016-06-01,66.61,,,,,
,鸡蛋,鸡蛋CPI指数,2016-09-01,66.81,,,,,
,鸡蛋,鸡蛋CPI指数,2016-12-01,66.42,,,,,
,鸡蛋,鸡蛋CPI指数,2017-03-01,66.55,,,,,
,鸡蛋,鸡蛋CPI指数,2017-06-01,66.01,,,,,
,鸡蛋,鸡蛋CPI指数,2017-09-01,63.74,,,,,
,鸡蛋,鸡蛋CPI指数,2017-10-01,62.94,,,,,
,鸡蛋,鸡蛋CPI指数,2017-11-01,63.23,,,,,
,鸡蛋,鸡蛋CPI指数,2017-12-01,63.15,,,,,
,鸡蛋,鸡蛋CPI指数,2018-01-01,62.86,,,,,
,鸡蛋,鸡蛋CPI指数,2018-02-01,63.14,,,,,
,鸡蛋,鸡蛋CPI指数,2018-03-01,63.2,,,,,
,鸡蛋,鸡蛋CPI指数,2018-04-01,63.93,,,,,
,鸡蛋,鸡蛋CPI指数,2018-05-01,63.4,,,,,
,鸡蛋,鸡蛋CPI指数,2018-06-01,63.62,,,,,
,鸡蛋,鸡蛋CPI指数,2018-07-01,63.26,,,,,
,鸡蛋,鸡蛋CPI指数,2018-08-01,63.09,,,,,
,鸡蛋,鸡蛋CPI指数,2018-09-01,63.05,,,,,
,鸡蛋,鸡蛋CPI指数,2018-10-01,63.3,,,,,
,鸡蛋,鸡蛋CPI指数,2018-11-01,63.33,,,,,
,鸡蛋,鸡蛋CPI指数,2018-12-01,63.36,,,,,
,鸡蛋,鸡蛋CPI指数,2019-01-01,63.65,,,,,
,鸡蛋,鸡蛋CPI指数,2019-02-01,63.45,,,,,
,鸡蛋,鸡蛋CPI指数,2019-03-01,63.5,,,,,
,鸡蛋,鸡蛋CPI指数,2019-04-01,64.14,,,,,
,鸡蛋,鸡蛋CPI指数,2019-05-01,64.21,,,,,
,鸡蛋,鸡蛋CPI指数,2019-06-01,64.15,,,,,
,鸡蛋,鸡蛋CPI指数,2019-07-01,65.45,,,,,
,鸡蛋,鸡蛋CPI指数,2019-08-01,66.1,,,,,
,鸡蛋,鸡蛋CPI指数,2019-09-01,65.85,,,,,
,鸡蛋,鸡蛋CPI指数,2019-10-01,66.74,,,,,
,鸡蛋,鸡蛋CPI指数,2019-11-01,66.73,,,,,
,鸡蛋,鸡蛋CPI指数,2019-12-01,66.66,,,,,
,鸡蛋,鸡蛋CPI指数,2020-01-01,66.97,,,,,
,鸡蛋,鸡蛋CPI指数,2020-02-01,67.31,,,,,
,鸡蛋,鸡蛋CPI指数,2020-03-01,67.32,,,,,
,鸡蛋,鸡蛋CPI指数,2020-04-01,68.81,,,,,
,鸡蛋,鸡蛋CPI指数,2020-05-01,68.69,,,,,
,鸡蛋,鸡蛋CPI指数,2020-06-01,68.65,,,,,
,鸡蛋,鸡蛋CPI指数,2020-07-01,68.57,,,,,
,鸡蛋,鸡蛋CPI指数,2020-08-01,68.54,,,,,
,鸡蛋,鸡蛋CPI指数,2020-09-01,68.47,,,,,
,鸡蛋,鸡蛋CPI指数,2020-10-01,68.12,,,,,
,鸡蛋,鸡蛋CPI指数,2020-11-01,67.8,,,,,
,鸡蛋,鸡蛋CPI指数,2020-12-01,67.92,,,,,
,鸡蛋,鸡蛋CPI指数,2021-01-01,68.25,,,,,
,鸡蛋,鸡蛋CPI指数,2021-02-01,68.26,,,,,
,鸡蛋,鸡蛋CPI指数,2021-03-01,67.93,,,,,
,鸡蛋,鸡蛋CPI指数,2021-04-01,67.72,,,,,
,鸡蛋,鸡蛋CPI指数,2021-05-01,67.71,,,,,
,鸡蛋,鸡蛋CPI指数,2021-06-01,67.64,,,,,
,鸡蛋,鸡蛋CPI指数,2021-07-01,68.53,,,,,
,鸡蛋,鸡蛋CPI指数,2021-08-01,68.57,,,,,
,鸡蛋,鸡蛋CPI指数,2021-09-01,68.26,,,,,
,鸡蛋,鸡蛋CPI指数,2021-10-01,68.58,,,,,
,鸡蛋,鸡蛋CPI指数,2021-11-01,67.85,,,,,
,鸡蛋,鸡蛋CPI指数,2021-12-01,67.99,,,,,
,鸡蛋,鸡蛋CPI指数,2022-01-01,68.72,,,,,
,鸡蛋,鸡蛋CPI指数,2022-02-01,69.05,,,,,
,鸡蛋,鸡蛋CPI指数,2022-03-01,69.0,,,,,
,鸡蛋,鸡蛋CPI指数,2022-04-01,70.0,,,,,
,鸡蛋,鸡蛋CPI指数,2022-05-01,70.36,,,,,
,鸡蛋,鸡蛋CPI指数,2022-06-01,71.56,,,,,
,鸡蛋,鸡蛋CPI指数,2022-07-01,74.8,,,,,
,鸡蛋,鸡蛋CPI指数,2022-08-01,75.5,,,,,
,鸡蛋,鸡蛋CPI指数,2022-09-01,75.35,,,,,
,鸡蛋,鸡蛋CPI指数,2022-10-01,75.87,,,,,
,鸡蛋,鸡蛋CPI指数,2022-11-01,75.97,,,,,
,鸡蛋,鸡蛋CPI指数,2022-12-01,75.96,,,,,
,鸡蛋,鸡蛋CPI指数,2023-01-01,76.24,,,,,
,鸡蛋,鸡蛋CPI指数,2023-02-01,78.63,,,,,
,鸡蛋,鸡蛋CPI指数,2023-03-01,77.95,,,,,
,鸡蛋,鸡蛋CPI指数,2023-04-01,79.02,,,,,
,鸡蛋,鸡蛋CPI指数,2023-05-01,79.5,,,,,
,鸡蛋,鸡蛋CPI指数,2023-06-01,79.57,,,,,
,鸡蛋,鸡蛋CPI指数,2023-07-01,80.59,,,,,
,鸡蛋,鸡蛋CPI指数,2023-08-01,80.72,,,,,
,鸡蛋,鸡蛋CPI指数,2023-09-01,81.28,,,,,
,鸡蛋,鸡蛋CPI指数,2023-10-01,84.07,,,,,
,鸡蛋,鸡蛋CPI指数,2023-11-01,83.88,,,,,
,鸡蛋,鸡蛋CPI指数,2023-12-01,84.03,,,,,
,鸡蛋,鸡蛋CPI指数,2024-01-01,84.0,,,,,
,鸡蛋,鸡蛋CPI指数,2024-02-01,84.2,,,,,
,鸡蛋,鸡蛋CPI指数,2024-03-01,84.21,,,,,
,鸡蛋,鸡蛋CPI指数,2024-04-01,84.4,,,,,
,鸡蛋,鸡蛋CPI指数,2024-05-01,84.71,,,,,
,鸡蛋,鸡蛋CPI指数,2024-06-01,84.71,,,,,
,鸡蛋,鸡蛋CPI指数,2024-07-01,86.0,,,,,
,鸡蛋,鸡蛋CPI指数,2024-08-01,87.97,,,,,
,鸡蛋,鸡蛋CPI指数,2024-09-01,88.72,,,,,
,鸡蛋,鸡蛋CPI指数,2024-10-01,93.08,,,,,
,鸡蛋,鸡蛋CPI指数,2024-11-01,93.59,,,,,
,鸡蛋,鸡蛋CPI指数,2024-12-01,93.48,,,,,
,鸡蛋,鸡蛋CPI指数,2025-01-01,94.13,,,,,
,鸡蛋,鸡蛋CPI指数,2025-02-01,94.24,,,,,
,鸡蛋,鸡蛋CPI指数,2025-03-01,94.72,,,,,
,鸡蛋,鸡蛋CPI指数,2025-04-01,100.1,,,,,
,鸡蛋,鸡蛋CPI指数,2025-05-01,101.04,,,,,
,鸡蛋,鸡蛋CPI指数,2025-06-01,100.9,,,,,
,鸡蛋,鸡蛋CPI指数,2025-07-01,101.42,,,,,
,鸡蛋,鸡蛋CPI指数,2025-08-01,101.15,,,,,
,鸡蛋,鸡蛋CPI指数,2025-09-01,100.86,,,,,
,鸡蛋,鸡蛋CPI指数,2025-10-01,98.85,,,,,
,鸡蛋,鸡蛋CPI指数,2025-11-01,97.74,,,,,
,鸡蛋,鸡蛋CPI指数,2025-12-01,97.76,,,,,
,鸡蛋,鸡蛋CPI指数,2026-01-01,96.62,,,,,
,鸡蛋,鸡蛋CPI指数,2026-02-01,97.39,,,,,
,鸡蛋,鸡蛋CPI指数,2026-03-01,97.16,,,,,
,鸡蛋,鸡蛋CPI指数,2026-04-01,96.46,,,,,
