品类,date,美制单位,年,价格_美制,价格_元每公斤,环比,同比
牛肉·活牛,1909-08-01,$ / CWT,1909,5.41,0.807,,
牛肉·活牛,1909-09-01,$ / CWT,1909,5.49,0.819,0.0148,
牛肉·活牛,1909-10-01,$ / CWT,1909,5.36,0.8,-0.0237,
牛肉·活牛,1909-11-01,$ / CWT,1909,5.19,0.775,-0.0317,
牛肉·活牛,1909-12-01,$ / CWT,1909,5.05,0.754,-0.027,
牛肉·活牛,1910-01-01,$ / CWT,1910,4.78,0.713,-0.0535,
牛肉·活牛,1910-02-01,$ / CWT,1910,4.73,0.706,-0.0105,
牛肉·活牛,1910-03-01,$ / CWT,1910,5.06,0.755,0.0698,
牛肉·活牛,1910-04-01,$ / CWT,1910,5.46,0.815,0.0791,
牛肉·活牛,1910-05-01,$ / CWT,1910,5.32,0.794,-0.0256,
牛肉·活牛,1910-06-01,$ / CWT,1910,5.31,0.793,-0.0019,
牛肉·活牛,1910-07-01,$ / CWT,1910,4.93,0.736,-0.0716,
牛肉·活牛,1910-08-01,$ / CWT,1910,4.67,0.697,-0.0527,-0.1368
牛肉·活牛,1910-09-01,$ / CWT,1910,4.77,0.712,0.0214,-0.1311
牛肉·活牛,1910-10-01,$ / CWT,1910,4.73,0.706,-0.0084,-0.1175
牛肉·活牛,1910-11-01,$ / CWT,1910,4.53,0.676,-0.0423,-0.1272
牛肉·活牛,1910-12-01,$ / CWT,1910,4.51,0.673,-0.0044,-0.1069
牛肉·活牛,1911-01-01,$ / CWT,1911,4.67,0.697,0.0355,-0.023
牛肉·活牛,1911-02-01,$ / CWT,1911,4.67,0.697,0.0,-0.0127
牛肉·活牛,1911-03-01,$ / CWT,1911,4.78,0.713,0.0236,-0.0553
牛肉·活牛,1911-04-01,$ / CWT,1911,4.78,0.713,0.0,-0.1245
牛肉·活牛,1911-05-01,$ / CWT,1911,4.7,0.701,-0.0167,-0.1165
牛肉·活牛,1911-06-01,$ / CWT,1911,4.55,0.679,-0.0319,-0.1431
牛肉·活牛,1911-07-01,$ / CWT,1911,4.41,0.658,-0.0308,-0.1055
牛肉·活牛,1911-08-01,$ / CWT,1911,4.5,0.672,0.0204,-0.0364
牛肉·活牛,1911-09-01,$ / CWT,1911,4.58,0.684,0.0178,-0.0398
牛肉·活牛,1911-10-01,$ / CWT,1911,4.44,0.663,-0.0306,-0.0613
牛肉·活牛,1911-11-01,$ / CWT,1911,4.5,0.672,0.0135,-0.0066
牛肉·活牛,1911-12-01,$ / CWT,1911,4.54,0.678,0.0089,0.0067
牛肉·活牛,1912-01-01,$ / CWT,1912,4.66,0.696,0.0264,-0.0021
牛肉·活牛,1912-02-01,$ / CWT,1912,4.82,0.719,0.0343,0.0321
牛肉·活牛,1912-03-01,$ / CWT,1912,4.96,0.74,0.029,0.0377
牛肉·活牛,1912-04-01,$ / CWT,1912,5.39,0.804,0.0867,0.1276
牛肉·活牛,1912-05-01,$ / CWT,1912,5.6,0.836,0.039,0.1915
牛肉·活牛,1912-06-01,$ / CWT,1912,5.5,0.821,-0.0179,0.2088
牛肉·活牛,1912-07-01,$ / CWT,1912,5.45,0.813,-0.0091,0.2358
牛肉·活牛,1912-08-01,$ / CWT,1912,5.68,0.848,0.0422,0.2622
牛肉·活牛,1912-09-01,$ / CWT,1912,5.66,0.845,-0.0035,0.2358
牛肉·活牛,1912-10-01,$ / CWT,1912,5.67,0.846,0.0018,0.277
牛肉·活牛,1912-11-01,$ / CWT,1912,5.49,0.819,-0.0317,0.22
牛肉·活牛,1912-12-01,$ / CWT,1912,5.65,0.843,0.0291,0.2445
牛肉·活牛,1913-01-01,$ / CWT,1913,5.7,0.851,0.0088,0.2232
牛肉·活牛,1913-02-01,$ / CWT,1913,5.87,0.876,0.0298,0.2178
牛肉·活牛,1913-03-01,$ / CWT,1913,6.22,0.928,0.0596,0.254
牛肉·活牛,1913-04-01,$ / CWT,1913,6.42,0.958,0.0322,0.1911
牛肉·活牛,1913-05-01,$ / CWT,1913,6.31,0.942,-0.0171,0.1268
牛肉·活牛,1913-06-01,$ / CWT,1913,6.34,0.946,0.0048,0.1527
牛肉·活牛,1913-07-01,$ / CWT,1913,6.27,0.936,-0.011,0.1505
牛肉·活牛,1913-08-01,$ / CWT,1913,6.18,0.922,-0.0144,0.088
牛肉·活牛,1913-09-01,$ / CWT,1913,6.2,0.925,0.0032,0.0954
牛肉·活牛,1913-10-01,$ / CWT,1913,6.29,0.939,0.0145,0.1093
牛肉·活牛,1913-11-01,$ / CWT,1913,6.26,0.934,-0.0048,0.1403
牛肉·活牛,1913-12-01,$ / CWT,1913,6.21,0.927,-0.008,0.0991
牛肉·活牛,1914-01-01,$ / CWT,1914,6.32,0.943,0.0177,0.1088
牛肉·活牛,1914-02-01,$ / CWT,1914,6.47,0.966,0.0237,0.1022
牛肉·活牛,1914-03-01,$ / CWT,1914,6.57,0.981,0.0155,0.0563
牛肉·活牛,1914-04-01,$ / CWT,1914,6.58,0.982,0.0015,0.0249
牛肉·活牛,1914-05-01,$ / CWT,1914,6.61,0.987,0.0046,0.0475
牛肉·活牛,1914-06-01,$ / CWT,1914,6.55,0.978,-0.0091,0.0331
牛肉·活牛,1914-07-01,$ / CWT,1914,6.64,0.991,0.0137,0.059
牛肉·活牛,1914-08-01,$ / CWT,1914,6.79,1.013,0.0226,0.0987
牛肉·活牛,1914-09-01,$ / CWT,1914,6.66,0.994,-0.0191,0.0742
牛肉·活牛,1914-10-01,$ / CWT,1914,6.49,0.969,-0.0255,0.0318
牛肉·活牛,1914-11-01,$ / CWT,1914,6.32,0.943,-0.0262,0.0096
牛肉·活牛,1914-12-01,$ / CWT,1914,6.26,0.934,-0.0095,0.0081
牛肉·活牛,1915-01-01,$ / CWT,1915,6.18,0.922,-0.0128,-0.0222
牛肉·活牛,1915-02-01,$ / CWT,1915,6.09,0.909,-0.0146,-0.0587
牛肉·活牛,1915-03-01,$ / CWT,1915,6.1,0.91,0.0016,-0.0715
牛肉·活牛,1915-04-01,$ / CWT,1915,6.15,0.918,0.0082,-0.0653
牛肉·活牛,1915-05-01,$ / CWT,1915,6.39,0.954,0.039,-0.0333
牛肉·活牛,1915-06-01,$ / CWT,1915,6.45,0.963,0.0094,-0.0153
牛肉·活牛,1915-07-01,$ / CWT,1915,6.69,0.999,0.0372,0.0075
牛肉·活牛,1915-08-01,$ / CWT,1915,6.45,0.963,-0.0359,-0.0501
牛肉·活牛,1915-09-01,$ / CWT,1915,6.31,0.942,-0.0217,-0.0526
牛肉·活牛,1915-10-01,$ / CWT,1915,6.3,0.94,-0.0016,-0.0293
牛肉·活牛,1915-11-01,$ / CWT,1915,6.07,0.906,-0.0365,-0.0396
牛肉·活牛,1915-12-01,$ / CWT,1915,5.95,0.888,-0.0198,-0.0495
牛肉·活牛,1916-01-01,$ / CWT,1916,6.07,0.906,0.0202,-0.0178
牛肉·活牛,1916-02-01,$ / CWT,1916,6.23,0.93,0.0264,0.023
牛肉·活牛,1916-03-01,$ / CWT,1916,6.68,0.997,0.0722,0.0951
牛肉·活牛,1916-04-01,$ / CWT,1916,6.95,1.037,0.0404,0.1301
牛肉·活牛,1916-05-01,$ / CWT,1916,7.02,1.048,0.0101,0.0986
牛肉·活牛,1916-06-01,$ / CWT,1916,7.28,1.087,0.037,0.1287
牛肉·活牛,1916-07-01,$ / CWT,1916,7.11,1.061,-0.0234,0.0628
牛肉·活牛,1916-08-01,$ / CWT,1916,6.8,1.015,-0.0436,0.0543
牛肉·活牛,1916-09-01,$ / CWT,1916,6.84,1.021,0.0059,0.084
牛肉·活牛,1916-10-01,$ / CWT,1916,6.65,0.993,-0.0278,0.0556
牛肉·活牛,1916-11-01,$ / CWT,1916,6.71,1.001,0.009,0.1054
牛肉·活牛,1916-12-01,$ / CWT,1916,6.86,1.024,0.0224,0.1529
牛肉·活牛,1917-01-01,$ / CWT,1917,7.21,1.076,0.051,0.1878
牛肉·活牛,1917-02-01,$ / CWT,1917,7.75,1.157,0.0749,0.244
牛肉·活牛,1917-03-01,$ / CWT,1917,8.23,1.228,0.0619,0.232
牛肉·活牛,1917-04-01,$ / CWT,1917,8.96,1.337,0.0887,0.2892
牛肉·活牛,1917-05-01,$ / CWT,1917,9.04,1.349,0.0089,0.2877
牛肉·活牛,1917-06-01,$ / CWT,1917,9.02,1.346,-0.0022,0.239
牛肉·活牛,1917-07-01,$ / CWT,1917,8.68,1.296,-0.0377,0.2208
牛肉·活牛,1917-08-01,$ / CWT,1917,8.54,1.275,-0.0161,0.2559
牛肉·活牛,1917-09-01,$ / CWT,1917,8.77,1.309,0.0269,0.2822
牛肉·活牛,1917-10-01,$ / CWT,1917,8.72,1.301,-0.0057,0.3113
牛肉·活牛,1917-11-01,$ / CWT,1917,8.54,1.275,-0.0206,0.2727
牛肉·活牛,1917-12-01,$ / CWT,1917,8.53,1.273,-0.0012,0.2434
牛肉·活牛,1918-01-01,$ / CWT,1918,8.61,1.285,0.0094,0.1942
牛肉·活牛,1918-02-01,$ / CWT,1918,8.83,1.318,0.0256,0.1394
牛肉·活牛,1918-03-01,$ / CWT,1918,9.17,1.369,0.0385,0.1142
牛肉·活牛,1918-04-01,$ / CWT,1918,10.2,1.522,0.1123,0.1384
牛肉·活牛,1918-05-01,$ / CWT,1918,10.9,1.627,0.0686,0.2058
牛肉·活牛,1918-06-01,$ / CWT,1918,10.8,1.612,-0.0092,0.1973
牛肉·活牛,1918-07-01,$ / CWT,1918,10.5,1.567,-0.0278,0.2097
牛肉·活牛,1918-08-01,$ / CWT,1918,10.2,1.522,-0.0286,0.1944
牛肉·活牛,1918-09-01,$ / CWT,1918,10.1,1.507,-0.0098,0.1517
牛肉·活牛,1918-10-01,$ / CWT,1918,9.72,1.451,-0.0376,0.1147
牛肉·活牛,1918-11-01,$ / CWT,1918,9.53,1.422,-0.0195,0.1159
牛肉·活牛,1918-12-01,$ / CWT,1918,9.77,1.458,0.0252,0.1454
牛肉·活牛,1919-01-01,$ / CWT,1919,10.1,1.507,0.0338,0.1731
牛肉·活牛,1919-02-01,$ / CWT,1919,10.6,1.582,0.0495,0.2005
牛肉·活牛,1919-03-01,$ / CWT,1919,10.9,1.627,0.0283,0.1887
牛肉·活牛,1919-04-01,$ / CWT,1919,11.4,1.701,0.0459,0.1176
牛肉·活牛,1919-05-01,$ / CWT,1919,11.4,1.701,0.0,0.0459
牛肉·活牛,1919-06-01,$ / CWT,1919,10.6,1.582,-0.0702,-0.0185
牛肉·活牛,1919-07-01,$ / CWT,1919,10.4,1.552,-0.0189,-0.0095
牛肉·活牛,1919-08-01,$ / CWT,1919,10.3,1.537,-0.0096,0.0098
牛肉·活牛,1919-09-01,$ / CWT,1919,9.35,1.396,-0.0922,-0.0743
牛肉·活牛,1919-10-01,$ / CWT,1919,8.92,1.331,-0.046,-0.0823
牛肉·活牛,1919-11-01,$ / CWT,1919,9.05,1.351,0.0146,-0.0504
牛肉·活牛,1919-12-01,$ / CWT,1919,9.01,1.345,-0.0044,-0.0778
牛肉·活牛,1920-01-01,$ / CWT,1920,9.39,1.401,0.0422,-0.0703
牛肉·活牛,1920-02-01,$ / CWT,1920,9.24,1.379,-0.016,-0.1283
牛肉·活牛,1920-03-01,$ / CWT,1920,9.36,1.397,0.013,-0.1413
牛肉·活牛,1920-04-01,$ / CWT,1920,9.48,1.415,0.0128,-0.1684
牛肉·活牛,1920-05-01,$ / CWT,1920,9.25,1.381,-0.0243,-0.1886
牛肉·活牛,1920-06-01,$ / CWT,1920,9.74,1.454,0.053,-0.0811
牛肉·活牛,1920-07-01,$ / CWT,1920,9.25,1.381,-0.0503,-0.1106
牛肉·活牛,1920-08-01,$ / CWT,1920,8.87,1.324,-0.0411,-0.1388
牛肉·活牛,1920-09-01,$ / CWT,1920,8.68,1.296,-0.0214,-0.0717
牛肉·活牛,1920-10-01,$ / CWT,1920,8.07,1.204,-0.0703,-0.0953
牛肉·活牛,1920-11-01,$ / CWT,1920,7.38,1.101,-0.0855,-0.1845
牛肉·活牛,1920-12-01,$ / CWT,1920,6.48,0.967,-0.122,-0.2808
牛肉·活牛,1921-01-01,$ / CWT,1921,6.47,0.966,-0.0015,-0.311
牛肉·活牛,1921-02-01,$ / CWT,1921,6.11,0.912,-0.0556,-0.3387
牛肉·活牛,1921-03-01,$ / CWT,1921,6.56,0.979,0.0736,-0.2991
牛肉·活牛,1921-04-01,$ / CWT,1921,6.22,0.928,-0.0518,-0.3439
牛肉·活牛,1921-05-01,$ / CWT,1921,6.14,0.916,-0.0129,-0.3362
牛肉·活牛,1921-06-01,$ / CWT,1921,5.78,0.863,-0.0586,-0.4066
牛肉·活牛,1921-07-01,$ / CWT,1921,5.57,0.831,-0.0363,-0.3978
牛肉·活牛,1921-08-01,$ / CWT,1921,5.6,0.836,0.0054,-0.3687
牛肉·活牛,1921-09-01,$ / CWT,1921,5.17,0.772,-0.0768,-0.4044
牛肉·活牛,1921-10-01,$ / CWT,1921,4.99,0.745,-0.0348,-0.3817
牛肉·活牛,1921-11-01,$ / CWT,1921,4.83,0.721,-0.0321,-0.3455
牛肉·活牛,1921-12-01,$ / CWT,1921,4.8,0.716,-0.0062,-0.2593
牛肉·活牛,1922-01-01,$ / CWT,1922,4.93,0.736,0.0271,-0.238
牛肉·活牛,1922-02-01,$ / CWT,1922,5.3,0.791,0.0751,-0.1326
牛肉·活牛,1922-03-01,$ / CWT,1922,5.71,0.852,0.0774,-0.1296
牛肉·活牛,1922-04-01,$ / CWT,1922,5.75,0.858,0.007,-0.0756
牛肉·活牛,1922-05-01,$ / CWT,1922,5.95,0.888,0.0348,-0.0309
牛肉·活牛,1922-06-01,$ / CWT,1922,6.13,0.915,0.0303,0.0606
牛肉·活牛,1922-07-01,$ / CWT,1922,6.08,0.907,-0.0082,0.0916
牛肉·活牛,1922-08-01,$ / CWT,1922,5.83,0.87,-0.0411,0.0411
牛肉·活牛,1922-09-01,$ / CWT,1922,5.8,0.866,-0.0051,0.1219
牛肉·活牛,1922-10-01,$ / CWT,1922,5.87,0.876,0.0121,0.1764
牛肉·活牛,1922-11-01,$ / CWT,1922,5.62,0.839,-0.0426,0.1636
牛肉·活牛,1922-12-01,$ / CWT,1922,5.61,0.837,-0.0018,0.1688
牛肉·活牛,1923-01-01,$ / CWT,1923,5.77,0.861,0.0285,0.1704
牛肉·活牛,1923-02-01,$ / CWT,1923,5.8,0.866,0.0052,0.0943
牛肉·活牛,1923-03-01,$ / CWT,1923,5.85,0.873,0.0086,0.0245
牛肉·活牛,1923-04-01,$ / CWT,1923,6.03,0.9,0.0308,0.0487
牛肉·活牛,1923-05-01,$ / CWT,1923,6.03,0.9,0.0,0.0134
牛肉·活牛,1923-06-01,$ / CWT,1923,6.1,0.91,0.0116,-0.0049
牛肉·活牛,1923-07-01,$ / CWT,1923,6.01,0.897,-0.0148,-0.0115
牛肉·活牛,1923-08-01,$ / CWT,1923,5.88,0.878,-0.0216,0.0086
牛肉·活牛,1923-09-01,$ / CWT,1923,6.01,0.897,0.0221,0.0362
牛肉·活牛,1923-10-01,$ / CWT,1923,5.75,0.858,-0.0433,-0.0204
牛肉·活牛,1923-11-01,$ / CWT,1923,5.47,0.816,-0.0487,-0.0267
牛肉·活牛,1923-12-01,$ / CWT,1923,5.52,0.824,0.0091,-0.016
牛肉·活牛,1924-01-01,$ / CWT,1924,5.62,0.839,0.0181,-0.026
牛肉·活牛,1924-02-01,$ / CWT,1924,5.71,0.852,0.016,-0.0155
牛肉·活牛,1924-03-01,$ / CWT,1924,5.9,0.881,0.0333,0.0085
牛肉·活牛,1924-04-01,$ / CWT,1924,6.09,0.909,0.0322,0.01
牛肉·活牛,1924-05-01,$ / CWT,1924,6.22,0.928,0.0213,0.0315
牛肉·活牛,1924-06-01,$ / CWT,1924,6.06,0.904,-0.0257,-0.0066
牛肉·活牛,1924-07-01,$ / CWT,1924,5.92,0.884,-0.0231,-0.015
牛肉·活牛,1924-08-01,$ / CWT,1924,6.01,0.897,0.0152,0.0221
牛肉·活牛,1924-09-01,$ / CWT,1924,5.86,0.875,-0.025,-0.025
牛肉·活牛,1924-10-01,$ / CWT,1924,5.79,0.864,-0.0119,0.007
牛肉·活牛,1924-11-01,$ / CWT,1924,5.69,0.849,-0.0173,0.0402
牛肉·活牛,1924-12-01,$ / CWT,1924,5.64,0.842,-0.0088,0.0217
牛肉·活牛,1925-01-01,$ / CWT,1925,5.88,0.878,0.0426,0.0463
牛肉·活牛,1925-02-01,$ / CWT,1925,5.95,0.888,0.0119,0.042
牛肉·活牛,1925-03-01,$ / CWT,1925,6.45,0.963,0.084,0.0932
牛肉·活牛,1925-04-01,$ / CWT,1925,6.81,1.016,0.0558,0.1182
牛肉·活牛,1925-05-01,$ / CWT,1925,6.73,1.004,-0.0117,0.082
牛肉·活牛,1925-06-01,$ / CWT,1925,6.73,1.004,0.0,0.1106
牛肉·活牛,1925-07-01,$ / CWT,1925,6.88,1.027,0.0223,0.1622
牛肉·活牛,1925-08-01,$ / CWT,1925,6.95,1.037,0.0102,0.1564
牛肉·活牛,1925-09-01,$ / CWT,1925,6.58,0.982,-0.0532,0.1229
牛肉·活牛,1925-10-01,$ / CWT,1925,6.59,0.984,0.0015,0.1382
牛肉·活牛,1925-11-01,$ / CWT,1925,6.41,0.957,-0.0273,0.1265
牛肉·活牛,1925-12-01,$ / CWT,1925,6.46,0.964,0.0078,0.1454
牛肉·活牛,1926-01-01,$ / CWT,1926,6.69,0.999,0.0356,0.1378
牛肉·活牛,1926-02-01,$ / CWT,1926,6.75,1.007,0.009,0.1345
牛肉·活牛,1926-03-01,$ / CWT,1926,6.96,1.039,0.0311,0.0791
牛肉·活牛,1926-04-01,$ / CWT,1926,6.97,1.04,0.0014,0.0235
牛肉·活牛,1926-05-01,$ / CWT,1926,6.87,1.025,-0.0143,0.0208
牛肉·活牛,1926-06-01,$ / CWT,1926,6.9,1.03,0.0044,0.0253
牛肉·活牛,1926-07-01,$ / CWT,1926,6.79,1.013,-0.0159,-0.0131
牛肉·活牛,1926-08-01,$ / CWT,1926,6.61,0.987,-0.0265,-0.0489
牛肉·活牛,1926-09-01,$ / CWT,1926,6.79,1.013,0.0272,0.0319
牛肉·活牛,1926-10-01,$ / CWT,1926,6.76,1.009,-0.0044,0.0258
牛肉·活牛,1926-11-01,$ / CWT,1926,6.63,0.99,-0.0192,0.0343
牛肉·活牛,1926-12-01,$ / CWT,1926,6.68,0.997,0.0075,0.0341
牛肉·活牛,1927-01-01,$ / CWT,1927,6.71,1.001,0.0045,0.003
牛肉·活牛,1927-02-01,$ / CWT,1927,6.95,1.037,0.0358,0.0296
牛肉·活牛,1927-03-01,$ / CWT,1927,7.17,1.07,0.0317,0.0302
牛肉·活牛,1927-04-01,$ / CWT,1927,7.47,1.115,0.0418,0.0717
牛肉·活牛,1927-05-01,$ / CWT,1927,7.52,1.122,0.0067,0.0946
牛肉·活牛,1927-06-01,$ / CWT,1927,7.45,1.112,-0.0093,0.0797
牛肉·活牛,1927-07-01,$ / CWT,1927,7.52,1.122,0.0094,0.1075
牛肉·活牛,1927-08-01,$ / CWT,1927,7.56,1.128,0.0053,0.1437
牛肉·活牛,1927-09-01,$ / CWT,1927,7.81,1.166,0.0331,0.1502
牛肉·活牛,1927-10-01,$ / CWT,1927,7.96,1.188,0.0192,0.1775
牛肉·活牛,1927-11-01,$ / CWT,1927,8.43,1.258,0.059,0.2715
牛肉·活牛,1927-12-01,$ / CWT,1927,8.75,1.306,0.038,0.3099
牛肉·活牛,1928-01-01,$ / CWT,1928,8.88,1.325,0.0149,0.3234
牛肉·活牛,1928-02-01,$ / CWT,1928,9.09,1.357,0.0236,0.3079
牛肉·活牛,1928-03-01,$ / CWT,1928,9.14,1.364,0.0055,0.2748
牛肉·活牛,1928-04-01,$ / CWT,1928,9.18,1.37,0.0044,0.2289
牛肉·活牛,1928-05-01,$ / CWT,1928,9.32,1.391,0.0153,0.2394
牛肉·活牛,1928-06-01,$ / CWT,1928,9.39,1.401,0.0075,0.2604
牛肉·活牛,1928-07-01,$ / CWT,1928,9.56,1.427,0.0181,0.2713
牛肉·活牛,1928-08-01,$ / CWT,1928,9.87,1.473,0.0324,0.3056
牛肉·活牛,1928-09-01,$ / CWT,1928,10.4,1.552,0.0537,0.3316
牛肉·活牛,1928-10-01,$ / CWT,1928,9.99,1.491,-0.0394,0.255
牛肉·活牛,1928-11-01,$ / CWT,1928,9.55,1.425,-0.044,0.1329
牛肉·活牛,1928-12-01,$ / CWT,1928,9.25,1.381,-0.0314,0.0571
牛肉·活牛,1929-01-01,$ / CWT,1929,9.3,1.388,0.0054,0.0473
牛肉·活牛,1929-02-01,$ / CWT,1929,9.16,1.367,-0.0151,0.0077
牛肉·活牛,1929-03-01,$ / CWT,1929,9.43,1.407,0.0295,0.0317
牛肉·活牛,1929-04-01,$ / CWT,1929,9.81,1.464,0.0403,0.0686
牛肉·活牛,1929-05-01,$ / CWT,1929,10.0,1.493,0.0194,0.073
牛肉·活牛,1929-06-01,$ / CWT,1929,10.0,1.493,0.0,0.065
牛肉·活牛,1929-07-01,$ / CWT,1929,10.2,1.522,0.02,0.0669
牛肉·活牛,1929-08-01,$ / CWT,1929,9.96,1.487,-0.0235,0.0091
牛肉·活牛,1929-09-01,$ / CWT,1929,9.53,1.422,-0.0432,-0.0837
牛肉·活牛,1929-10-01,$ / CWT,1929,9.21,1.375,-0.0336,-0.0781
牛肉·活牛,1929-11-01,$ / CWT,1929,8.92,1.331,-0.0315,-0.066
牛肉·活牛,1929-12-01,$ / CWT,1929,8.81,1.315,-0.0123,-0.0476
牛肉·活牛,1930-01-01,$ / CWT,1930,9.07,1.354,0.0295,-0.0247
牛肉·活牛,1930-02-01,$ / CWT,1930,9.05,1.351,-0.0022,-0.012
牛肉·活牛,1930-03-01,$ / CWT,1930,9.11,1.36,0.0066,-0.0339
牛肉·活牛,1930-04-01,$ / CWT,1930,8.96,1.337,-0.0165,-0.0866
牛肉·活牛,1930-05-01,$ / CWT,1930,8.64,1.29,-0.0357,-0.136
牛肉·活牛,1930-06-01,$ / CWT,1930,8.45,1.261,-0.022,-0.155
牛肉·活牛,1930-07-01,$ / CWT,1930,7.33,1.094,-0.1325,-0.2814
牛肉·活牛,1930-08-01,$ / CWT,1930,6.51,0.972,-0.1119,-0.3464
牛肉·活牛,1930-09-01,$ / CWT,1930,6.99,1.043,0.0737,-0.2665
牛肉·活牛,1930-10-01,$ / CWT,1930,6.87,1.025,-0.0172,-0.2541
牛肉·活牛,1930-11-01,$ / CWT,1930,6.75,1.007,-0.0175,-0.2433
牛肉·活牛,1930-12-01,$ / CWT,1930,6.68,0.997,-0.0104,-0.2418
牛肉·活牛,1931-01-01,$ / CWT,1931,6.72,1.003,0.006,-0.2591
牛肉·活牛,1931-02-01,$ / CWT,1931,6.25,0.933,-0.0699,-0.3094
牛肉·活牛,1931-03-01,$ / CWT,1931,6.22,0.928,-0.0048,-0.3172
牛肉·活牛,1931-04-01,$ / CWT,1931,6.18,0.922,-0.0064,-0.3103
牛肉·活牛,1931-05-01,$ / CWT,1931,5.82,0.869,-0.0583,-0.3264
牛肉·活牛,1931-06-01,$ / CWT,1931,5.43,0.81,-0.067,-0.3574
牛肉·活牛,1931-07-01,$ / CWT,1931,5.33,0.796,-0.0184,-0.2729
牛肉·活牛,1931-08-01,$ / CWT,1931,5.32,0.794,-0.0019,-0.1828
牛肉·活牛,1931-09-01,$ / CWT,1931,5.25,0.784,-0.0132,-0.2489
牛肉·活牛,1931-10-01,$ / CWT,1931,5.01,0.748,-0.0457,-0.2707
牛肉·活牛,1931-11-01,$ / CWT,1931,5.1,0.761,0.018,-0.2444
牛肉·活牛,1931-12-01,$ / CWT,1931,4.59,0.685,-0.1,-0.3129
牛肉·活牛,1932-01-01,$ / CWT,1932,4.49,0.67,-0.0218,-0.3318
牛肉·活牛,1932-02-01,$ / CWT,1932,4.21,0.628,-0.0624,-0.3264
牛肉·活牛,1932-03-01,$ / CWT,1932,4.4,0.657,0.0451,-0.2926
牛肉·活牛,1932-04-01,$ / CWT,1932,4.35,0.649,-0.0114,-0.2961
牛肉·活牛,1932-05-01,$ / CWT,1932,4.03,0.601,-0.0736,-0.3076
牛肉·活牛,1932-06-01,$ / CWT,1932,3.99,0.596,-0.0099,-0.2652
牛肉·活牛,1932-07-01,$ / CWT,1932,4.8,0.716,0.203,-0.0994
牛肉·活牛,1932-08-01,$ / CWT,1932,4.61,0.688,-0.0396,-0.1335
牛肉·活牛,1932-09-01,$ / CWT,1932,4.55,0.679,-0.013,-0.1333
牛肉·活牛,1932-10-01,$ / CWT,1932,4.18,0.624,-0.0813,-0.1657
牛肉·活牛,1932-11-01,$ / CWT,1932,3.99,0.596,-0.0455,-0.2176
牛肉·活牛,1932-12-01,$ / CWT,1932,3.63,0.542,-0.0902,-0.2092
牛肉·活牛,1933-01-01,$ / CWT,1933,3.42,0.51,-0.0579,-0.2383
牛肉·活牛,1933-02-01,$ / CWT,1933,3.46,0.516,0.0117,-0.1781
牛肉·活牛,1933-03-01,$ / CWT,1933,3.57,0.533,0.0318,-0.1886
牛肉·活牛,1933-04-01,$ / CWT,1933,3.66,0.546,0.0252,-0.1586
牛肉·活牛,1933-05-01,$ / CWT,1933,4.09,0.61,0.1175,0.0149
牛肉·活牛,1933-06-01,$ / CWT,1933,4.17,0.622,0.0196,0.0451
牛肉·活牛,1933-07-01,$ / CWT,1933,4.11,0.613,-0.0144,-0.1437
牛肉·活牛,1933-08-01,$ / CWT,1933,3.96,0.591,-0.0365,-0.141
牛肉·活牛,1933-09-01,$ / CWT,1933,3.81,0.569,-0.0379,-0.1626
牛肉·活牛,1933-10-01,$ / CWT,1933,3.71,0.554,-0.0262,-0.1124
牛肉·活牛,1933-11-01,$ / CWT,1933,3.5,0.522,-0.0566,-0.1228
牛肉·活牛,1933-12-01,$ / CWT,1933,3.28,0.49,-0.0629,-0.0964
牛肉·活牛,1934-01-01,$ / CWT,1934,3.48,0.519,0.061,0.0175
牛肉·活牛,1934-02-01,$ / CWT,1934,3.86,0.576,0.1092,0.1156
牛肉·活牛,1934-03-01,$ / CWT,1934,3.97,0.593,0.0285,0.112
牛肉·活牛,1934-04-01,$ / CWT,1934,4.06,0.606,0.0227,0.1093
牛肉·活牛,1934-05-01,$ / CWT,1934,4.37,0.652,0.0764,0.0685
牛肉·活牛,1934-06-01,$ / CWT,1934,4.26,0.636,-0.0252,0.0216
牛肉·活牛,1934-07-01,$ / CWT,1934,4.16,0.621,-0.0235,0.0122
牛肉·活牛,1934-08-01,$ / CWT,1934,3.99,0.596,-0.0409,0.0076
牛肉·活牛,1934-09-01,$ / CWT,1934,4.55,0.679,0.1404,0.1942
牛肉·活牛,1934-10-01,$ / CWT,1934,4.26,0.636,-0.0637,0.1482
牛肉·活牛,1934-11-01,$ / CWT,1934,4.09,0.61,-0.0399,0.1686
牛肉·活牛,1934-12-01,$ / CWT,1934,4.13,0.616,0.0098,0.2591
牛肉·活牛,1935-01-01,$ / CWT,1935,5.17,0.772,0.2518,0.4856
牛肉·活牛,1935-02-01,$ / CWT,1935,5.93,0.885,0.147,0.5363
牛肉·活牛,1935-03-01,$ / CWT,1935,6.57,0.981,0.1079,0.6549
牛肉·活牛,1935-04-01,$ / CWT,1935,6.94,1.036,0.0563,0.7094
牛肉·活牛,1935-05-01,$ / CWT,1935,7.1,1.06,0.0231,0.6247
牛肉·活牛,1935-06-01,$ / CWT,1935,6.8,1.015,-0.0423,0.5962
牛肉·活牛,1935-07-01,$ / CWT,1935,6.27,0.936,-0.0779,0.5072
牛肉·活牛,1935-08-01,$ / CWT,1935,6.18,0.922,-0.0144,0.5489
牛肉·活牛,1935-09-01,$ / CWT,1935,6.08,0.907,-0.0162,0.3363
牛肉·活牛,1935-10-01,$ / CWT,1935,5.81,0.867,-0.0444,0.3638
牛肉·活牛,1935-11-01,$ / CWT,1935,5.67,0.846,-0.0241,0.3863
牛肉·活牛,1935-12-01,$ / CWT,1935,5.95,0.888,0.0494,0.4407
牛肉·活牛,1936-01-01,$ / CWT,1936,6.11,0.912,0.0269,0.1818
牛肉·活牛,1936-02-01,$ / CWT,1936,6.03,0.9,-0.0131,0.0169
牛肉·活牛,1936-03-01,$ / CWT,1936,6.04,0.901,0.0017,-0.0807
牛肉·活牛,1936-04-01,$ / CWT,1936,6.29,0.939,0.0414,-0.0937
牛肉·活牛,1936-05-01,$ / CWT,1936,6.2,0.925,-0.0143,-0.1268
牛肉·活牛,1936-06-01,$ / CWT,1936,5.98,0.893,-0.0355,-0.1206
牛肉·活牛,1936-07-01,$ / CWT,1936,5.6,0.836,-0.0635,-0.1069
牛肉·活牛,1936-08-01,$ / CWT,1936,5.52,0.824,-0.0143,-0.1068
牛肉·活牛,1936-09-01,$ / CWT,1936,5.72,0.854,0.0362,-0.0592
牛肉·活牛,1936-10-01,$ / CWT,1936,5.58,0.833,-0.0245,-0.0396
牛肉·活牛,1936-11-01,$ / CWT,1936,5.68,0.848,0.0179,0.0018
牛肉·活牛,1936-12-01,$ / CWT,1936,6.01,0.897,0.0581,0.0101
牛肉·活牛,1937-01-01,$ / CWT,1937,6.6,0.985,0.0982,0.0802
牛肉·活牛,1937-02-01,$ / CWT,1937,6.63,0.99,0.0045,0.0995
牛肉·活牛,1937-03-01,$ / CWT,1937,7.02,1.048,0.0588,0.1623
牛肉·活牛,1937-04-01,$ / CWT,1937,7.26,1.084,0.0342,0.1542
牛肉·活牛,1937-05-01,$ / CWT,1937,7.46,1.113,0.0275,0.2032
牛肉·活牛,1937-06-01,$ / CWT,1937,7.48,1.116,0.0027,0.2508
牛肉·活牛,1937-07-01,$ / CWT,1937,7.67,1.145,0.0254,0.3696
牛肉·活牛,1937-08-01,$ / CWT,1937,7.4,1.104,-0.0352,0.3406
牛肉·活牛,1937-09-01,$ / CWT,1937,7.36,1.099,-0.0054,0.2867
牛肉·活牛,1937-10-01,$ / CWT,1937,6.79,1.013,-0.0774,0.2168
牛肉·活牛,1937-11-01,$ / CWT,1937,6.33,0.945,-0.0677,0.1144
牛肉·活牛,1937-12-01,$ / CWT,1937,6.15,0.918,-0.0284,0.0233
牛肉·活牛,1938-01-01,$ / CWT,1938,6.21,0.927,0.0098,-0.0591
牛肉·活牛,1938-02-01,$ / CWT,1938,6.02,0.899,-0.0306,-0.092
牛肉·活牛,1938-03-01,$ / CWT,1938,6.35,0.948,0.0548,-0.0954
牛肉·活牛,1938-04-01,$ / CWT,1938,6.52,0.973,0.0268,-0.1019
牛肉·活牛,1938-05-01,$ / CWT,1938,6.5,0.97,-0.0031,-0.1287
牛肉·活牛,1938-06-01,$ / CWT,1938,6.65,0.993,0.0231,-0.111
牛肉·活牛,1938-07-01,$ / CWT,1938,7.14,1.066,0.0737,-0.0691
牛肉·活牛,1938-08-01,$ / CWT,1938,6.7,1.0,-0.0616,-0.0946
牛肉·活牛,1938-09-01,$ / CWT,1938,6.79,1.013,0.0134,-0.0774
牛肉·活牛,1938-10-01,$ / CWT,1938,6.63,0.99,-0.0236,-0.0236
牛肉·活牛,1938-11-01,$ / CWT,1938,6.62,0.988,-0.0015,0.0458
牛肉·活牛,1938-12-01,$ / CWT,1938,6.67,0.996,0.0076,0.0846
牛肉·活牛,1939-01-01,$ / CWT,1939,6.97,1.04,0.045,0.1224
牛肉·活牛,1939-02-01,$ / CWT,1939,7.12,1.063,0.0215,0.1827
牛肉·活牛,1939-03-01,$ / CWT,1939,7.26,1.084,0.0197,0.1433
牛肉·活牛,1939-04-01,$ / CWT,1939,7.35,1.097,0.0124,0.1273
牛肉·活牛,1939-05-01,$ / CWT,1939,7.33,1.094,-0.0027,0.1277
牛肉·活牛,1939-06-01,$ / CWT,1939,7.05,1.052,-0.0382,0.0602
牛肉·活牛,1939-07-01,$ / CWT,1939,6.91,1.031,-0.0199,-0.0322
牛肉·活牛,1939-08-01,$ / CWT,1939,6.74,1.006,-0.0246,0.006
牛肉·活牛,1939-09-01,$ / CWT,1939,7.36,1.099,0.092,0.0839
牛肉·活牛,1939-10-01,$ / CWT,1939,7.25,1.082,-0.0149,0.0935
牛肉·活牛,1939-11-01,$ / CWT,1939,7.14,1.066,-0.0152,0.0785
牛肉·活牛,1939-12-01,$ / CWT,1939,7.11,1.061,-0.0042,0.066
牛肉·活牛,1940-01-01,$ / CWT,1940,7.19,1.073,0.0113,0.0316
牛肉·活牛,1940-02-01,$ / CWT,1940,7.03,1.049,-0.0223,-0.0126
牛肉·活牛,1940-03-01,$ / CWT,1940,7.16,1.069,0.0185,-0.0138
牛肉·活牛,1940-04-01,$ / CWT,1940,7.32,1.093,0.0223,-0.0041
牛肉·活牛,1940-05-01,$ / CWT,1940,7.51,1.121,0.026,0.0246
牛肉·活牛,1940-06-01,$ / CWT,1940,7.28,1.087,-0.0306,0.0326
牛肉·活牛,1940-07-01,$ / CWT,1940,7.48,1.116,0.0275,0.0825
牛肉·活牛,1940-08-01,$ / CWT,1940,7.51,1.121,0.004,0.1142
牛肉·活牛,1940-09-01,$ / CWT,1940,7.77,1.16,0.0346,0.0557
牛肉·活牛,1940-10-01,$ / CWT,1940,7.78,1.161,0.0013,0.0731
牛肉·活牛,1940-11-01,$ / CWT,1940,7.88,1.176,0.0129,0.1036
牛肉·活牛,1940-12-01,$ / CWT,1940,7.84,1.17,-0.0051,0.1027
牛肉·活牛,1941-01-01,$ / CWT,1941,8.37,1.249,0.0676,0.1641
牛肉·活牛,1941-02-01,$ / CWT,1941,8.31,1.24,-0.0072,0.1821
牛肉·活牛,1941-03-01,$ / CWT,1941,8.27,1.234,-0.0048,0.155
牛肉·活牛,1941-04-01,$ / CWT,1941,8.55,1.276,0.0339,0.168
牛肉·活牛,1941-05-01,$ / CWT,1941,8.51,1.27,-0.0047,0.1332
牛肉·活牛,1941-06-01,$ / CWT,1941,8.61,1.285,0.0118,0.1827
牛肉·活牛,1941-07-01,$ / CWT,1941,8.73,1.303,0.0139,0.1671
牛肉·活牛,1941-08-01,$ / CWT,1941,9.04,1.349,0.0355,0.2037
牛肉·活牛,1941-09-01,$ / CWT,1941,9.32,1.391,0.031,0.1995
牛肉·活牛,1941-10-01,$ / CWT,1941,9.14,1.364,-0.0193,0.1748
牛肉·活牛,1941-11-01,$ / CWT,1941,8.82,1.316,-0.035,0.1193
牛肉·活牛,1941-12-01,$ / CWT,1941,9.34,1.394,0.059,0.1913
牛肉·活牛,1942-01-01,$ / CWT,1942,9.72,1.451,0.0407,0.1613
牛肉·活牛,1942-02-01,$ / CWT,1942,9.89,1.476,0.0175,0.1901
牛肉·活牛,1942-03-01,$ / CWT,1942,10.1,1.507,0.0212,0.2213
牛肉·活牛,1942-04-01,$ / CWT,1942,10.5,1.567,0.0396,0.2281
牛肉·活牛,1942-05-01,$ / CWT,1942,10.6,1.582,0.0095,0.2456
牛肉·活牛,1942-06-01,$ / CWT,1942,10.7,1.597,0.0094,0.2427
牛肉·活牛,1942-07-01,$ / CWT,1942,10.7,1.597,0.0,0.2257
牛肉·活牛,1942-08-01,$ / CWT,1942,11.1,1.657,0.0374,0.2279
牛肉·活牛,1942-09-01,$ / CWT,1942,11.0,1.642,-0.009,0.1803
牛肉·活牛,1942-10-01,$ / CWT,1942,11.0,1.642,0.0,0.2035
牛肉·活牛,1942-11-01,$ / CWT,1942,11.0,1.642,0.0,0.2472
牛肉·活牛,1942-12-01,$ / CWT,1942,11.2,1.672,0.0182,0.1991
牛肉·活牛,1943-01-01,$ / CWT,1943,11.8,1.761,0.0536,0.214
牛肉·活牛,1943-02-01,$ / CWT,1943,12.3,1.836,0.0424,0.2437
牛肉·活牛,1943-03-01,$ / CWT,1943,12.8,1.91,0.0407,0.2673
牛肉·活牛,1943-04-01,$ / CWT,1943,13.0,1.94,0.0156,0.2381
牛肉·活牛,1943-05-01,$ / CWT,1943,12.9,1.925,-0.0077,0.217
牛肉·活牛,1943-06-01,$ / CWT,1943,12.7,1.896,-0.0155,0.1869
牛肉·活牛,1943-07-01,$ / CWT,1943,12.4,1.851,-0.0236,0.1589
牛肉·活牛,1943-08-01,$ / CWT,1943,12.0,1.791,-0.0323,0.0811
牛肉·活牛,1943-09-01,$ / CWT,1943,11.7,1.746,-0.025,0.0636
牛肉·活牛,1943-10-01,$ / CWT,1943,11.1,1.657,-0.0513,0.0091
牛肉·活牛,1943-11-01,$ / CWT,1943,10.6,1.582,-0.045,-0.0364
牛肉·活牛,1943-12-01,$ / CWT,1943,10.9,1.627,0.0283,-0.0268
牛肉·活牛,1944-01-01,$ / CWT,1944,11.2,1.672,0.0275,-0.0508
牛肉·活牛,1944-02-01,$ / CWT,1944,11.6,1.731,0.0357,-0.0569
牛肉·活牛,1944-03-01,$ / CWT,1944,12.0,1.791,0.0345,-0.0625
牛肉·活牛,1944-04-01,$ / CWT,1944,12.1,1.806,0.0083,-0.0692
牛肉·活牛,1944-05-01,$ / CWT,1944,12.0,1.791,-0.0083,-0.0698
牛肉·活牛,1944-06-01,$ / CWT,1944,11.7,1.746,-0.025,-0.0787
牛肉·活牛,1944-07-01,$ / CWT,1944,10.9,1.627,-0.0684,-0.121
牛肉·活牛,1944-08-01,$ / CWT,1944,10.3,1.537,-0.055,-0.1417
牛肉·活牛,1944-09-01,$ / CWT,1944,10.1,1.507,-0.0194,-0.1368
牛肉·活牛,1944-10-01,$ / CWT,1944,9.71,1.449,-0.0386,-0.1252
牛肉·活牛,1944-11-01,$ / CWT,1944,9.79,1.461,0.0082,-0.0764
牛肉·活牛,1944-12-01,$ / CWT,1944,10.1,1.507,0.0317,-0.0734
牛肉·活牛,1945-01-01,$ / CWT,1945,11.0,1.642,0.0891,-0.0179
牛肉·活牛,1945-02-01,$ / CWT,1945,11.6,1.731,0.0545,0.0
牛肉·活牛,1945-03-01,$ / CWT,1945,12.5,1.866,0.0776,0.0417
牛肉·活牛,1945-04-01,$ / CWT,1945,13.1,1.955,0.048,0.0826
牛肉·活牛,1945-05-01,$ / CWT,1945,13.4,2.0,0.0229,0.1167
牛肉·活牛,1945-06-01,$ / CWT,1945,13.4,2.0,0.0,0.1453
牛肉·活牛,1945-07-01,$ / CWT,1945,13.0,1.94,-0.0299,0.1927
牛肉·活牛,1945-08-01,$ / CWT,1945,12.4,1.851,-0.0462,0.2039
牛肉·活牛,1945-09-01,$ / CWT,1945,11.8,1.761,-0.0484,0.1683
牛肉·活牛,1945-10-01,$ / CWT,1945,11.5,1.716,-0.0254,0.1843
牛肉·活牛,1945-11-01,$ / CWT,1945,11.3,1.687,-0.0174,0.1542
牛肉·活牛,1945-12-01,$ / CWT,1945,11.5,1.716,0.0177,0.1386
牛肉·活牛,1946-01-01,$ / CWT,1946,12.0,1.791,0.0435,0.0909
牛肉·活牛,1946-02-01,$ / CWT,1946,12.6,1.881,0.05,0.0862
牛肉·活牛,1946-03-01,$ / CWT,1946,13.1,1.955,0.0397,0.048
牛肉·活牛,1946-04-01,$ / CWT,1946,13.6,2.03,0.0382,0.0382
牛肉·活牛,1946-05-01,$ / CWT,1946,13.7,2.045,0.0074,0.0224
牛肉·活牛,1946-06-01,$ / CWT,1946,13.8,2.06,0.0073,0.0299
牛肉·活牛,1946-07-01,$ / CWT,1946,15.7,2.343,0.1377,0.2077
牛肉·活牛,1946-08-01,$ / CWT,1946,15.7,2.343,0.0,0.2661
牛肉·活牛,1946-09-01,$ / CWT,1946,13.8,2.06,-0.121,0.1695
牛肉·活牛,1946-10-01,$ / CWT,1946,16.0,2.388,0.1594,0.3913
牛肉·活牛,1946-11-01,$ / CWT,1946,16.2,2.418,0.0125,0.4336
牛肉·活牛,1946-12-01,$ / CWT,1946,16.5,2.463,0.0185,0.4348
牛肉·活牛,1947-01-01,$ / CWT,1947,16.7,2.493,0.0121,0.3917
牛肉·活牛,1947-02-01,$ / CWT,1947,17.0,2.537,0.018,0.3492
牛肉·活牛,1947-03-01,$ / CWT,1947,18.0,2.687,0.0588,0.374
牛肉·活牛,1947-04-01,$ / CWT,1947,18.3,2.731,0.0167,0.3456
牛肉·活牛,1947-05-01,$ / CWT,1947,18.8,2.806,0.0273,0.3723
牛肉·活牛,1947-06-01,$ / CWT,1947,19.3,2.881,0.0266,0.3986
牛肉·活牛,1947-07-01,$ / CWT,1947,19.5,2.91,0.0104,0.242
牛肉·活牛,1947-08-01,$ / CWT,1947,19.0,2.836,-0.0256,0.2102
牛肉·活牛,1947-09-01,$ / CWT,1947,19.0,2.836,0.0,0.3768
牛肉·活牛,1947-10-01,$ / CWT,1947,18.3,2.731,-0.0368,0.1438
牛肉·活牛,1947-11-01,$ / CWT,1947,18.2,2.716,-0.0055,0.1235
牛肉·活牛,1947-12-01,$ / CWT,1947,19.5,2.91,0.0714,0.1818
牛肉·活牛,1948-01-01,$ / CWT,1948,21.3,3.179,0.0923,0.2754
牛肉·活牛,1948-02-01,$ / CWT,1948,20.1,3.0,-0.0563,0.1824
牛肉·活牛,1948-03-01,$ / CWT,1948,21.5,3.209,0.0697,0.1944
牛肉·活牛,1948-04-01,$ / CWT,1948,22.5,3.358,0.0465,0.2295
牛肉·活牛,1948-05-01,$ / CWT,1948,23.9,3.567,0.0622,0.2713
牛肉·活牛,1948-06-01,$ / CWT,1948,24.4,3.642,0.0209,0.2642
牛肉·活牛,1948-07-01,$ / CWT,1948,25.2,3.761,0.0328,0.2923
牛肉·活牛,1948-08-01,$ / CWT,1948,23.7,3.537,-0.0595,0.2474
牛肉·活牛,1948-09-01,$ / CWT,1948,23.3,3.478,-0.0169,0.2263
牛肉·活牛,1948-10-01,$ / CWT,1948,21.2,3.164,-0.0901,0.1585
牛肉·活牛,1948-11-01,$ / CWT,1948,20.8,3.104,-0.0189,0.1429
牛肉·活牛,1948-12-01,$ / CWT,1948,20.4,3.045,-0.0192,0.0462
牛肉·活牛,1949-01-01,$ / CWT,1949,20.2,3.015,-0.0098,-0.0516
牛肉·活牛,1949-02-01,$ / CWT,1949,18.9,2.821,-0.0644,-0.0597
牛肉·活牛,1949-03-01,$ / CWT,1949,20.7,3.09,0.0952,-0.0372
牛肉·活牛,1949-04-01,$ / CWT,1949,21.0,3.134,0.0145,-0.0667
牛肉·活牛,1949-05-01,$ / CWT,1949,21.1,3.149,0.0048,-0.1172
牛肉·活牛,1949-06-01,$ / CWT,1949,20.9,3.119,-0.0095,-0.1434
牛肉·活牛,1949-07-01,$ / CWT,1949,20.0,2.985,-0.0431,-0.2063
牛肉·活牛,1949-08-01,$ / CWT,1949,19.4,2.896,-0.03,-0.1814
牛肉·活牛,1949-09-01,$ / CWT,1949,19.7,2.94,0.0155,-0.1545
牛肉·活牛,1949-10-01,$ / CWT,1949,19.2,2.866,-0.0254,-0.0943
牛肉·活牛,1949-11-01,$ / CWT,1949,18.9,2.821,-0.0156,-0.0913
牛肉·活牛,1949-12-01,$ / CWT,1949,19.0,2.836,0.0053,-0.0686
牛肉·活牛,1950-01-01,$ / CWT,1950,19.7,2.94,0.0368,-0.0248
牛肉·活牛,1950-02-01,$ / CWT,1950,20.5,3.06,0.0406,0.0847
牛肉·活牛,1950-03-01,$ / CWT,1950,21.2,3.164,0.0341,0.0242
牛肉·活牛,1950-04-01,$ / CWT,1950,21.9,3.269,0.033,0.0429
牛肉·活牛,1950-05-01,$ / CWT,1950,23.1,3.448,0.0548,0.0948
牛肉·活牛,1950-06-01,$ / CWT,1950,23.7,3.537,0.026,0.134
牛肉·活牛,1950-07-01,$ / CWT,1950,24.4,3.642,0.0295,0.22
牛肉·活牛,1950-08-01,$ / CWT,1950,24.2,3.612,-0.0082,0.2474
牛肉·活牛,1950-09-01,$ / CWT,1950,24.6,3.672,0.0165,0.2487
牛肉·活牛,1950-10-01,$ / CWT,1950,24.2,3.612,-0.0163,0.2604
牛肉·活牛,1950-11-01,$ / CWT,1950,24.6,3.672,0.0165,0.3016
牛肉·活牛,1950-12-01,$ / CWT,1950,25.2,3.761,0.0244,0.3263
牛肉·活牛,1951-01-01,$ / CWT,1951,27.1,4.045,0.0754,0.3756
牛肉·活牛,1951-02-01,$ / CWT,1951,19.1,2.851,-0.2952,-0.0683
牛肉·活牛,1951-03-01,$ / CWT,1951,29.8,4.448,0.5602,0.4057
牛肉·活牛,1951-04-01,$ / CWT,1951,30.3,4.522,0.0168,0.3836
牛肉·活牛,1951-05-01,$ / CWT,1951,29.7,4.433,-0.0198,0.2857
牛肉·活牛,1951-06-01,$ / CWT,1951,29.5,4.403,-0.0067,0.2447
牛肉·活牛,1951-07-01,$ / CWT,1951,29.0,4.328,-0.0169,0.1885
牛肉·活牛,1951-08-01,$ / CWT,1951,28.9,4.313,-0.0034,0.1942
牛肉·活牛,1951-09-01,$ / CWT,1951,29.2,4.358,0.0104,0.187
牛肉·活牛,1951-10-01,$ / CWT,1951,28.4,4.239,-0.0274,0.1736
牛肉·活牛,1951-11-01,$ / CWT,1951,27.5,4.104,-0.0317,0.1179
牛肉·活牛,1951-12-01,$ / CWT,1951,27.3,4.075,-0.0073,0.0833
牛肉·活牛,1952-01-01,$ / CWT,1952,27.2,4.06,-0.0037,0.0037
牛肉·活牛,1952-02-01,$ / CWT,1952,27.5,4.104,0.011,0.4398
牛肉·活牛,1952-03-01,$ / CWT,1952,27.5,4.104,0.0,-0.0772
牛肉·活牛,1952-04-01,$ / CWT,1952,27.7,4.134,0.0073,-0.0858
牛肉·活牛,1952-05-01,$ / CWT,1952,27.8,4.149,0.0036,-0.064
牛肉·活牛,1952-06-01,$ / CWT,1952,26.2,3.91,-0.0576,-0.1119
牛肉·活牛,1952-07-01,$ / CWT,1952,25.6,3.821,-0.0229,-0.1172
牛肉·活牛,1952-08-01,$ / CWT,1952,24.6,3.672,-0.0391,-0.1488
牛肉·活牛,1952-09-01,$ / CWT,1952,23.2,3.463,-0.0569,-0.2055
牛肉·活牛,1952-10-01,$ / CWT,1952,21.4,3.194,-0.0776,-0.2465
牛肉·活牛,1952-11-01,$ / CWT,1952,20.3,3.03,-0.0514,-0.2618
牛肉·活牛,1952-12-01,$ / CWT,1952,19.0,2.836,-0.064,-0.304
牛肉·活牛,1953-01-01,$ / CWT,1953,19.1,2.851,0.0053,-0.2978
牛肉·活牛,1953-02-01,$ / CWT,1953,18.5,2.761,-0.0314,-0.3273
牛肉·活牛,1953-03-01,$ / CWT,1953,17.7,2.642,-0.0432,-0.3564
牛肉·活牛,1953-04-01,$ / CWT,1953,17.3,2.582,-0.0226,-0.3755
牛肉·活牛,1953-05-01,$ / CWT,1953,17.5,2.612,0.0116,-0.3705
牛肉·活牛,1953-06-01,$ / CWT,1953,16.0,2.388,-0.0857,-0.3893
牛肉·活牛,1953-07-01,$ / CWT,1953,17.1,2.552,0.0688,-0.332
牛肉·活牛,1953-08-01,$ / CWT,1953,16.1,2.403,-0.0585,-0.3455
牛肉·活牛,1953-09-01,$ / CWT,1953,15.6,2.328,-0.0311,-0.3276
牛肉·活牛,1953-10-01,$ / CWT,1953,14.6,2.179,-0.0641,-0.3178
牛肉·活牛,1953-11-01,$ / CWT,1953,14.5,2.164,-0.0068,-0.2857
牛肉·活牛,1953-12-01,$ / CWT,1953,14.8,2.209,0.0207,-0.2211
牛肉·活牛,1954-01-01,$ / CWT,1954,15.9,2.373,0.0743,-0.1675
牛肉·活牛,1954-02-01,$ / CWT,1954,16.1,2.403,0.0126,-0.1297
牛肉·活牛,1954-03-01,$ / CWT,1954,16.4,2.448,0.0186,-0.0734
牛肉·活牛,1954-04-01,$ / CWT,1954,16.9,2.522,0.0305,-0.0231
牛肉·活牛,1954-05-01,$ / CWT,1954,17.4,2.597,0.0296,-0.0057
牛肉·活牛,1954-06-01,$ / CWT,1954,16.6,2.478,-0.046,0.0375
牛肉·活牛,1954-07-01,$ / CWT,1954,15.5,2.313,-0.0663,-0.0936
牛肉·活牛,1954-08-01,$ / CWT,1954,15.7,2.343,0.0129,-0.0248
牛肉·活牛,1954-09-01,$ / CWT,1954,15.8,2.358,0.0064,0.0128
牛肉·活牛,1954-10-01,$ / CWT,1954,15.6,2.328,-0.0127,0.0685
牛肉·活牛,1954-11-01,$ / CWT,1954,15.1,2.254,-0.0321,0.0414
牛肉·活牛,1954-12-01,$ / CWT,1954,15.2,2.269,0.0066,0.027
牛肉·活牛,1955-01-01,$ / CWT,1955,16.0,2.388,0.0526,0.0063
牛肉·活牛,1955-02-01,$ / CWT,1955,16.2,2.418,0.0125,0.0062
牛肉·活牛,1955-03-01,$ / CWT,1955,16.4,2.448,0.0123,0.0
牛肉·活牛,1955-04-01,$ / CWT,1955,16.7,2.493,0.0183,-0.0118
牛肉·活牛,1955-05-01,$ / CWT,1955,16.3,2.433,-0.024,-0.0632
牛肉·活牛,1955-06-01,$ / CWT,1955,16.4,2.448,0.0061,-0.012
牛肉·活牛,1955-07-01,$ / CWT,1955,16.1,2.403,-0.0183,0.0387
牛肉·活牛,1955-08-01,$ / CWT,1955,15.7,2.343,-0.0248,0.0
牛肉·活牛,1955-09-01,$ / CWT,1955,15.6,2.328,-0.0064,-0.0127
牛肉·活牛,1955-10-01,$ / CWT,1955,15.2,2.269,-0.0256,-0.0256
牛肉·活牛,1955-11-01,$ / CWT,1955,14.0,2.09,-0.0789,-0.0728
牛肉·活牛,1955-12-01,$ / CWT,1955,13.5,2.015,-0.0357,-0.1118
牛肉·活牛,1956-01-01,$ / CWT,1956,14.0,2.09,0.037,-0.125
牛肉·活牛,1956-02-01,$ / CWT,1956,14.1,2.104,0.0071,-0.1296
牛肉·活牛,1956-03-01,$ / CWT,1956,14.5,2.164,0.0284,-0.1159
牛肉·活牛,1956-04-01,$ / CWT,1956,15.0,2.239,0.0345,-0.1018
牛肉·活牛,1956-05-01,$ / CWT,1956,15.3,2.284,0.02,-0.0613
牛肉·活牛,1956-06-01,$ / CWT,1956,15.4,2.298,0.0065,-0.061
牛肉·活牛,1956-07-01,$ / CWT,1956,15.3,2.284,-0.0065,-0.0497
牛肉·活牛,1956-08-01,$ / CWT,1956,16.1,2.403,0.0523,0.0255
牛肉·活牛,1956-09-01,$ / CWT,1956,16.1,2.403,0.0,0.0321
牛肉·活牛,1956-10-01,$ / CWT,1956,15.1,2.254,-0.0621,-0.0066
牛肉·活牛,1956-11-01,$ / CWT,1956,14.5,2.164,-0.0397,0.0357
牛肉·活牛,1956-12-01,$ / CWT,1956,14.0,2.09,-0.0345,0.037
牛肉·活牛,1957-01-01,$ / CWT,1957,14.8,2.209,0.0571,0.0571
牛肉·活牛,1957-02-01,$ / CWT,1957,14.9,2.224,0.0068,0.0567
牛肉·活牛,1957-03-01,$ / CWT,1957,16.0,2.388,0.0738,0.1034
牛肉·活牛,1957-04-01,$ / CWT,1957,16.9,2.522,0.0562,0.1267
牛肉·活牛,1957-05-01,$ / CWT,1957,17.6,2.627,0.0414,0.1503
牛肉·活牛,1957-06-01,$ / CWT,1957,17.8,2.657,0.0114,0.1558
牛肉·活牛,1957-07-01,$ / CWT,1957,18.4,2.746,0.0337,0.2026
牛肉·活牛,1957-08-01,$ / CWT,1957,18.2,2.716,-0.0109,0.1304
牛肉·活牛,1957-09-01,$ / CWT,1957,17.7,2.642,-0.0275,0.0994
牛肉·活牛,1957-10-01,$ / CWT,1957,17.4,2.597,-0.0169,0.1523
牛肉·活牛,1957-11-01,$ / CWT,1957,17.8,2.657,0.023,0.2276
牛肉·活牛,1957-12-01,$ / CWT,1957,18.6,2.776,0.0449,0.3286
牛肉·活牛,1958-01-01,$ / CWT,1958,19.7,2.94,0.0591,0.3311
牛肉·活牛,1958-02-01,$ / CWT,1958,20.6,3.075,0.0457,0.3826
牛肉·活牛,1958-03-01,$ / CWT,1958,21.8,3.254,0.0583,0.3625
牛肉·活牛,1958-04-01,$ / CWT,1958,22.3,3.328,0.0229,0.3195
牛肉·活牛,1958-05-01,$ / CWT,1958,23.1,3.448,0.0359,0.3125
牛肉·活牛,1958-06-01,$ / CWT,1958,22.5,3.358,-0.026,0.264
牛肉·活牛,1958-07-01,$ / CWT,1958,22.3,3.328,-0.0089,0.212
牛肉·活牛,1958-08-01,$ / CWT,1958,21.6,3.224,-0.0314,0.1868
牛肉·活牛,1958-09-01,$ / CWT,1958,22.4,3.343,0.037,0.2655
牛肉·活牛,1958-10-01,$ / CWT,1958,22.5,3.358,0.0045,0.2931
牛肉·活牛,1958-11-01,$ / CWT,1958,22.4,3.343,-0.0044,0.2584
牛肉·活牛,1958-12-01,$ / CWT,1958,22.5,3.358,0.0045,0.2097
牛肉·活牛,1959-01-01,$ / CWT,1959,23.2,3.463,0.0311,0.1777
牛肉·活牛,1959-02-01,$ / CWT,1959,23.0,3.433,-0.0086,0.1165
牛肉·活牛,1959-03-01,$ / CWT,1959,23.6,3.522,0.0261,0.0826
牛肉·活牛,1959-04-01,$ / CWT,1959,24.2,3.612,0.0254,0.0852
牛肉·活牛,1959-05-01,$ / CWT,1959,24.4,3.642,0.0083,0.0563
牛肉·活牛,1959-06-01,$ / CWT,1959,23.8,3.552,-0.0246,0.0578
牛肉·活牛,1959-07-01,$ / CWT,1959,23.3,3.478,-0.021,0.0448
牛肉·活牛,1959-08-01,$ / CWT,1959,22.9,3.418,-0.0172,0.0602
牛肉·活牛,1959-09-01,$ / CWT,1959,22.7,3.388,-0.0087,0.0134
牛肉·活牛,1959-10-01,$ / CWT,1959,21.5,3.209,-0.0529,-0.0444
牛肉·活牛,1959-11-01,$ / CWT,1959,20.2,3.015,-0.0605,-0.0982
牛肉·活牛,1959-12-01,$ / CWT,1959,19.8,2.955,-0.0198,-0.12
牛肉·活牛,1960-01-01,$ / CWT,1960,20.5,3.06,0.0354,-0.1164
牛肉·活牛,1960-02-01,$ / CWT,1960,20.9,3.119,0.0195,-0.0913
牛肉·活牛,1960-03-01,$ / CWT,1960,21.8,3.254,0.0431,-0.0763
牛肉·活牛,1960-04-01,$ / CWT,1960,21.8,3.254,0.0,-0.0992
牛肉·活牛,1960-05-01,$ / CWT,1960,21.7,3.239,-0.0046,-0.1107
牛肉·活牛,1960-06-01,$ / CWT,1960,20.8,3.104,-0.0415,-0.1261
牛肉·活牛,1960-07-01,$ / CWT,1960,20.3,3.03,-0.024,-0.1288
牛肉·活牛,1960-08-01,$ / CWT,1960,19.6,2.925,-0.0345,-0.1441
牛肉·活牛,1960-09-01,$ / CWT,1960,19.4,2.896,-0.0102,-0.1454
牛肉·活牛,1960-10-01,$ / CWT,1960,19.0,2.836,-0.0206,-0.1163
牛肉·活牛,1960-11-01,$ / CWT,1960,19.2,2.866,0.0105,-0.0495
牛肉·活牛,1960-12-01,$ / CWT,1960,20.2,3.015,0.0521,0.0202
牛肉·活牛,1961-01-01,$ / CWT,1961,20.9,3.119,0.0347,0.0195
牛肉·活牛,1961-02-01,$ / CWT,1961,20.7,3.09,-0.0096,-0.0096
牛肉·活牛,1961-03-01,$ / CWT,1961,20.8,3.104,0.0048,-0.0459
牛肉·活牛,1961-04-01,$ / CWT,1961,20.5,3.06,-0.0144,-0.0596
牛肉·活牛,1961-05-01,$ / CWT,1961,19.7,2.94,-0.039,-0.0922
牛肉·活牛,1961-06-01,$ / CWT,1961,19.4,2.896,-0.0152,-0.0673
牛肉·活牛,1961-07-01,$ / CWT,1961,19.2,2.866,-0.0103,-0.0542
牛肉·活牛,1961-08-01,$ / CWT,1961,20.1,3.0,0.0469,0.0255
牛肉·活牛,1961-09-01,$ / CWT,1961,20.2,3.015,0.005,0.0412
牛肉·活牛,1961-10-01,$ / CWT,1961,20.0,2.985,-0.0099,0.0526
牛肉·活牛,1961-11-01,$ / CWT,1961,20.1,3.0,0.005,0.0469
牛肉·活牛,1961-12-01,$ / CWT,1961,20.5,3.06,0.0199,0.0149
牛肉·活牛,1962-01-01,$ / CWT,1962,20.8,3.104,0.0146,-0.0048
牛肉·活牛,1962-02-01,$ / CWT,1962,21.0,3.134,0.0096,0.0145
牛肉·活牛,1962-03-01,$ / CWT,1962,21.1,3.149,0.0048,0.0144
牛肉·活牛,1962-04-01,$ / CWT,1962,21.3,3.179,0.0095,0.039
牛肉·活牛,1962-05-01,$ / CWT,1962,21.3,3.179,0.0,0.0812
牛肉·活牛,1962-06-01,$ / CWT,1962,20.9,3.119,-0.0188,0.0773
牛肉·活牛,1962-07-01,$ / CWT,1962,21.0,3.134,0.0048,0.0938
牛肉·活牛,1962-08-01,$ / CWT,1962,21.6,3.224,0.0286,0.0746
牛肉·活牛,1962-09-01,$ / CWT,1962,22.0,3.284,0.0185,0.0891
牛肉·活牛,1962-10-01,$ / CWT,1962,21.7,3.239,-0.0136,0.085
牛肉·活牛,1962-11-01,$ / CWT,1962,21.5,3.209,-0.0092,0.0697
牛肉·活牛,1962-12-01,$ / CWT,1962,21.5,3.209,0.0,0.0488
牛肉·活牛,1963-01-01,$ / CWT,1963,21.7,3.239,0.0093,0.0433
牛肉·活牛,1963-02-01,$ / CWT,1963,20.4,3.045,-0.0599,-0.0286
牛肉·活牛,1963-03-01,$ / CWT,1963,19.7,2.94,-0.0343,-0.0664
牛肉·活牛,1963-04-01,$ / CWT,1963,20.5,3.06,0.0406,-0.0376
牛肉·活牛,1963-05-01,$ / CWT,1963,19.7,2.94,-0.039,-0.0751
牛肉·活牛,1963-06-01,$ / CWT,1963,19.7,2.94,0.0,-0.0574
牛肉·活牛,1963-07-01,$ / CWT,1963,20.7,3.09,0.0508,-0.0143
牛肉·活牛,1963-08-01,$ / CWT,1963,20.4,3.045,-0.0145,-0.0556
牛肉·活牛,1963-09-01,$ / CWT,1963,20.1,3.0,-0.0147,-0.0864
牛肉·活牛,1963-10-01,$ / CWT,1963,19.6,2.925,-0.0249,-0.0968
牛肉·活牛,1963-11-01,$ / CWT,1963,18.6,2.776,-0.051,-0.1349
牛肉·活牛,1963-12-01,$ / CWT,1963,17.6,2.627,-0.0538,-0.1814
牛肉·活牛,1964-01-01,$ / CWT,1964,18.7,2.791,0.0625,-0.1382
牛肉·活牛,1964-02-01,$ / CWT,1964,18.3,2.731,-0.0214,-0.1029
牛肉·活牛,1964-03-01,$ / CWT,1964,18.8,2.806,0.0273,-0.0457
牛肉·活牛,1964-04-01,$ / CWT,1964,18.2,2.716,-0.0319,-0.1122
牛肉·活牛,1964-05-01,$ / CWT,1964,17.6,2.627,-0.033,-0.1066
牛肉·活牛,1964-06-01,$ / CWT,1964,17.5,2.612,-0.0057,-0.1117
牛肉·活牛,1964-07-01,$ / CWT,1964,18.1,2.701,0.0343,-0.1256
牛肉·活牛,1964-08-01,$ / CWT,1964,18.2,2.716,0.0055,-0.1078
牛肉·活牛,1964-09-01,$ / CWT,1964,18.6,2.776,0.022,-0.0746
牛肉·活牛,1964-10-01,$ / CWT,1964,17.8,2.657,-0.043,-0.0918
牛肉·活牛,1964-11-01,$ / CWT,1964,17.5,2.612,-0.0169,-0.0591
牛肉·活牛,1964-12-01,$ / CWT,1964,17.4,2.597,-0.0057,-0.0114
牛肉·活牛,1965-01-01,$ / CWT,1965,18.0,2.687,0.0345,-0.0374
牛肉·活牛,1965-02-01,$ / CWT,1965,18.2,2.716,0.0111,-0.0055
牛肉·活牛,1965-03-01,$ / CWT,1965,18.6,2.776,0.022,-0.0106
牛肉·活牛,1965-04-01,$ / CWT,1965,19.2,2.866,0.0323,0.0549
牛肉·活牛,1965-05-01,$ / CWT,1965,20.5,3.06,0.0677,0.1648
牛肉·活牛,1965-06-01,$ / CWT,1965,21.3,3.179,0.039,0.2171
牛肉·活牛,1965-07-01,$ / CWT,1965,21.0,3.134,-0.0141,0.1602
牛肉·活牛,1965-08-01,$ / CWT,1965,20.6,3.075,-0.019,0.1319
牛肉·活牛,1965-09-01,$ / CWT,1965,20.6,3.075,0.0,0.1075
牛肉·活牛,1965-10-01,$ / CWT,1965,20.1,3.0,-0.0243,0.1292
牛肉·活牛,1965-11-01,$ / CWT,1965,19.7,2.94,-0.0199,0.1257
牛肉·活牛,1965-12-01,$ / CWT,1965,20.3,3.03,0.0305,0.1667
牛肉·活牛,1966-01-01,$ / CWT,1966,21.1,3.149,0.0394,0.1722
牛肉·活牛,1966-02-01,$ / CWT,1966,22.4,3.343,0.0616,0.2308
牛肉·活牛,1966-03-01,$ / CWT,1966,23.8,3.552,0.0625,0.2796
牛肉·活牛,1966-04-01,$ / CWT,1966,23.6,3.522,-0.0084,0.2292
牛肉·活牛,1966-05-01,$ / CWT,1966,23.0,3.433,-0.0254,0.122
牛肉·活牛,1966-06-01,$ / CWT,1966,22.5,3.358,-0.0217,0.0563
牛肉·活牛,1966-07-01,$ / CWT,1966,21.9,3.269,-0.0267,0.0429
牛肉·活牛,1966-08-01,$ / CWT,1966,22.4,3.343,0.0228,0.0874
牛肉·活牛,1966-09-01,$ / CWT,1966,22.5,3.358,0.0045,0.0922
牛肉·活牛,1966-10-01,$ / CWT,1966,21.9,3.269,-0.0267,0.0896
牛肉·活牛,1966-11-01,$ / CWT,1966,20.9,3.119,-0.0457,0.0609
牛肉·活牛,1966-12-01,$ / CWT,1966,21.0,3.134,0.0048,0.0345
牛肉·活牛,1967-01-01,$ / CWT,1967,21.8,3.254,0.0381,0.0332
牛肉·活牛,1967-02-01,$ / CWT,1967,21.7,3.239,-0.0046,-0.0312
牛肉·活牛,1967-03-01,$ / CWT,1967,21.5,3.209,-0.0092,-0.0966
牛肉·活牛,1967-04-01,$ / CWT,1967,21.8,3.254,0.014,-0.0763
牛肉·活牛,1967-05-01,$ / CWT,1967,22.3,3.328,0.0229,-0.0304
牛肉·活牛,1967-06-01,$ / CWT,1967,23.0,3.433,0.0314,0.0222
牛肉·活牛,1967-07-01,$ / CWT,1967,23.2,3.463,0.0087,0.0594
牛肉·活牛,1967-08-01,$ / CWT,1967,23.3,3.478,0.0043,0.0402
牛肉·活牛,1967-09-01,$ / CWT,1967,23.0,3.433,-0.0129,0.0222
牛肉·活牛,1967-10-01,$ / CWT,1967,22.3,3.328,-0.0304,0.0183
牛肉·活牛,1967-11-01,$ / CWT,1967,21.4,3.194,-0.0404,0.0239
牛肉·活牛,1967-12-01,$ / CWT,1967,21.7,3.239,0.014,0.0333
牛肉·活牛,1968-01-01,$ / CWT,1968,21.9,3.269,0.0092,0.0046
牛肉·活牛,1968-02-01,$ / CWT,1968,22.9,3.418,0.0457,0.0553
牛肉·活牛,1968-03-01,$ / CWT,1968,23.4,3.493,0.0218,0.0884
牛肉·活牛,1968-04-01,$ / CWT,1968,23.6,3.522,0.0085,0.0826
牛肉·活牛,1968-05-01,$ / CWT,1968,23.7,3.537,0.0042,0.0628
牛肉·活牛,1968-06-01,$ / CWT,1968,23.8,3.552,0.0042,0.0348
牛肉·活牛,1968-07-01,$ / CWT,1968,24.0,3.582,0.0084,0.0345
牛肉·活牛,1968-08-01,$ / CWT,1968,23.9,3.567,-0.0042,0.0258
牛肉·活牛,1968-09-01,$ / CWT,1968,23.6,3.522,-0.0126,0.0261
牛肉·活牛,1968-10-01,$ / CWT,1968,23.0,3.433,-0.0254,0.0314
牛肉·活牛,1968-11-01,$ / CWT,1968,23.0,3.433,0.0,0.0748
牛肉·活牛,1968-12-01,$ / CWT,1968,23.5,3.507,0.0217,0.0829
牛肉·活牛,1969-01-01,$ / CWT,1969,23.8,3.552,0.0128,0.0868
牛肉·活牛,1969-02-01,$ / CWT,1969,24.3,3.627,0.021,0.0611
牛肉·活牛,1969-03-01,$ / CWT,1969,25.4,3.791,0.0453,0.0855
牛肉·活牛,1969-04-01,$ / CWT,1969,26.7,3.985,0.0512,0.1314
牛肉·活牛,1969-05-01,$ / CWT,1969,28.6,4.269,0.0712,0.2068
牛肉·活牛,1969-06-01,$ / CWT,1969,29.4,4.388,0.028,0.2353
牛肉·活牛,1969-07-01,$ / CWT,1969,27.9,4.164,-0.051,0.1625
牛肉·活牛,1969-08-01,$ / CWT,1969,26.9,4.015,-0.0358,0.1255
牛肉·活牛,1969-09-01,$ / CWT,1969,26.1,3.896,-0.0297,0.1059
牛肉·活牛,1969-10-01,$ / CWT,1969,25.4,3.791,-0.0268,0.1043
牛肉·活牛,1969-11-01,$ / CWT,1969,24.9,3.716,-0.0197,0.0826
牛肉·活牛,1969-12-01,$ / CWT,1969,25.6,3.821,0.0281,0.0894
牛肉·活牛,1970-01-01,$ / CWT,1970,26.4,3.94,0.0312,0.1092
牛肉·活牛,1970-02-01,$ / CWT,1970,27.4,4.09,0.0379,0.1276
牛肉·活牛,1970-03-01,$ / CWT,1970,29.0,4.328,0.0584,0.1417
牛肉·活牛,1970-04-01,$ / CWT,1970,28.7,4.284,-0.0103,0.0749
牛肉·活牛,1970-05-01,$ / CWT,1970,27.9,4.164,-0.0279,-0.0245
牛肉·活牛,1970-06-01,$ / CWT,1970,28.1,4.194,0.0072,-0.0442
牛肉·活牛,1970-07-01,$ / CWT,1970,28.1,4.194,0.0,0.0072
牛肉·活牛,1970-08-01,$ / CWT,1970,27.1,4.045,-0.0356,0.0074
牛肉·活牛,1970-09-01,$ / CWT,1970,26.8,4.0,-0.0111,0.0268
牛肉·活牛,1970-10-01,$ / CWT,1970,26.5,3.955,-0.0112,0.0433
牛肉·活牛,1970-11-01,$ / CWT,1970,25.1,3.746,-0.0528,0.008
牛肉·活牛,1970-12-01,$ / CWT,1970,24.4,3.642,-0.0279,-0.0469
牛肉·活牛,1971-01-01,$ / CWT,1971,26.1,3.896,0.0697,-0.0114
牛肉·活牛,1971-02-01,$ / CWT,1971,28.9,4.313,0.1073,0.0547
牛肉·活牛,1971-03-01,$ / CWT,1971,28.8,4.298,-0.0035,-0.0069
牛肉·活牛,1971-04-01,$ / CWT,1971,29.1,4.343,0.0104,0.0139
牛肉·活牛,1971-05-01,$ / CWT,1971,29.5,4.403,0.0137,0.0573
牛肉·活牛,1971-06-01,$ / CWT,1971,28.9,4.313,-0.0203,0.0285
牛肉·活牛,1971-07-01,$ / CWT,1971,28.5,4.254,-0.0138,0.0142
牛肉·活牛,1971-08-01,$ / CWT,1971,29.3,4.373,0.0281,0.0812
牛肉·活牛,1971-09-01,$ / CWT,1971,29.2,4.358,-0.0034,0.0896
牛肉·活牛,1971-10-01,$ / CWT,1971,29.3,4.373,0.0034,0.1057
牛肉·活牛,1971-11-01,$ / CWT,1971,29.9,4.463,0.0205,0.1912
牛肉·活牛,1971-12-01,$ / CWT,1971,30.3,4.522,0.0134,0.2418
牛肉·活牛,1972-01-01,$ / CWT,1972,31.8,4.746,0.0495,0.2184
牛肉·活牛,1972-02-01,$ / CWT,1972,32.9,4.91,0.0346,0.1384
牛肉·活牛,1972-03-01,$ / CWT,1972,32.5,4.851,-0.0122,0.1285
牛肉·活牛,1972-04-01,$ / CWT,1972,32.2,4.806,-0.0092,0.1065
牛肉·活牛,1972-05-01,$ / CWT,1972,33.3,4.97,0.0342,0.1288
牛肉·活牛,1972-06-01,$ / CWT,1972,34.5,5.149,0.036,0.1938
牛肉·活牛,1972-07-01,$ / CWT,1972,34.6,5.164,0.0029,0.214
牛肉·活牛,1972-08-01,$ / CWT,1972,33.6,5.015,-0.0289,0.1468
牛肉·活牛,1972-09-01,$ / CWT,1972,34.0,5.075,0.0119,0.1644
牛肉·活牛,1972-10-01,$ / CWT,1972,34.4,5.134,0.0118,0.1741
牛肉·活牛,1972-11-01,$ / CWT,1972,33.0,4.925,-0.0407,0.1037
牛肉·活牛,1972-12-01,$ / CWT,1972,34.8,5.194,0.0545,0.1485
牛肉·活牛,1973-01-01,$ / CWT,1973,37.9,5.657,0.0891,0.1918
牛肉·活牛,1973-02-01,$ / CWT,1973,40.7,6.075,0.0739,0.2371
牛肉·活牛,1973-03-01,$ / CWT,1973,43.8,6.537,0.0762,0.3477
牛肉·活牛,1973-04-01,$ / CWT,1973,42.8,6.388,-0.0228,0.3292
牛肉·活牛,1973-05-01,$ / CWT,1973,43.6,6.507,0.0187,0.3093
牛肉·活牛,1973-06-01,$ / CWT,1973,43.9,6.552,0.0069,0.2725
牛肉·活牛,1973-07-01,$ / CWT,1973,44.6,6.657,0.0159,0.289
牛肉·活牛,1973-08-01,$ / CWT,1973,51.7,7.716,0.1592,0.5387
牛肉·活牛,1973-09-01,$ / CWT,1973,46.7,6.97,-0.0967,0.3735
牛肉·活牛,1973-10-01,$ / CWT,1973,42.7,6.373,-0.0857,0.2413
牛肉·活牛,1973-11-01,$ / CWT,1973,39.6,5.91,-0.0726,0.2
牛肉·活牛,1973-12-01,$ / CWT,1973,37.7,5.627,-0.048,0.0833
牛肉·活牛,1974-01-01,$ / CWT,1974,44.2,6.597,0.1724,0.1662
牛肉·活牛,1974-02-01,$ / CWT,1974,43.6,6.507,-0.0136,0.0713
牛肉·活牛,1974-03-01,$ / CWT,1974,40.7,6.075,-0.0665,-0.0708
牛肉·活牛,1974-04-01,$ / CWT,1974,39.2,5.851,-0.0369,-0.0841
牛肉·活牛,1974-05-01,$ / CWT,1974,37.3,5.567,-0.0485,-0.1445
牛肉·活牛,1974-06-01,$ / CWT,1974,32.6,4.866,-0.126,-0.2574
牛肉·活牛,1974-07-01,$ / CWT,1974,35.3,5.269,0.0828,-0.2085
牛肉·活牛,1974-08-01,$ / CWT,1974,37.0,5.522,0.0482,-0.2843
牛肉·活牛,1974-09-01,$ / CWT,1974,32.6,4.866,-0.1189,-0.3019
牛肉·活牛,1974-10-01,$ / CWT,1974,30.6,4.567,-0.0613,-0.2834
牛肉·活牛,1974-11-01,$ / CWT,1974,28.2,4.209,-0.0784,-0.2879
牛肉·活牛,1974-12-01,$ / CWT,1974,27.7,4.134,-0.0177,-0.2653
牛肉·活牛,1975-01-01,$ / CWT,1975,27.4,4.09,-0.0108,-0.3801
牛肉·活牛,1975-02-01,$ / CWT,1975,26.8,4.0,-0.0219,-0.3853
牛肉·活牛,1975-03-01,$ / CWT,1975,27.8,4.149,0.0373,-0.317
牛肉·活牛,1975-04-01,$ / CWT,1975,31.6,4.716,0.1367,-0.1939
牛肉·活牛,1975-05-01,$ / CWT,1975,35.3,5.269,0.1171,-0.0536
牛肉·活牛,1975-06-01,$ / CWT,1975,36.8,5.493,0.0425,0.1288
牛肉·活牛,1975-07-01,$ / CWT,1975,35.2,5.254,-0.0435,-0.0028
牛肉·活牛,1975-08-01,$ / CWT,1975,32.3,4.821,-0.0824,-0.127
牛肉·活牛,1975-09-01,$ / CWT,1975,34.0,5.075,0.0526,0.0429
牛肉·活牛,1975-10-01,$ / CWT,1975,33.4,4.985,-0.0176,0.0915
牛肉·活牛,1975-11-01,$ / CWT,1975,32.3,4.821,-0.0329,0.1454
牛肉·活牛,1975-12-01,$ / CWT,1975,33.5,5.0,0.0372,0.2094
牛肉·活牛,1976-01-01,$ / CWT,1976,32.8,4.896,-0.0209,0.1971
牛肉·活牛,1976-02-01,$ / CWT,1976,33.9,5.06,0.0335,0.2649
牛肉·活牛,1976-03-01,$ / CWT,1976,33.4,4.985,-0.0147,0.2014
牛肉·活牛,1976-04-01,$ / CWT,1976,38.0,5.672,0.1377,0.2025
牛肉·活牛,1976-05-01,$ / CWT,1976,37.1,5.537,-0.0237,0.051
牛肉·活牛,1976-06-01,$ / CWT,1976,36.4,5.433,-0.0189,-0.0109
牛肉·活牛,1976-07-01,$ / CWT,1976,33.6,5.015,-0.0769,-0.0455
牛肉·活牛,1976-08-01,$ / CWT,1976,33.0,4.925,-0.0179,0.0217
牛肉·活牛,1976-09-01,$ / CWT,1976,32.3,4.821,-0.0212,-0.05
牛肉·活牛,1976-10-01,$ / CWT,1976,32.2,4.806,-0.0031,-0.0359
牛肉·活牛,1976-11-01,$ / CWT,1976,31.2,4.657,-0.0311,-0.0341
牛肉·活牛,1976-12-01,$ / CWT,1976,32.4,4.836,0.0385,-0.0328
牛肉·活牛,1977-01-01,$ / CWT,1977,32.2,4.806,-0.0062,-0.0183
牛肉·活牛,1977-02-01,$ / CWT,1977,33.2,4.955,0.0311,-0.0206
牛肉·活牛,1977-03-01,$ / CWT,1977,33.8,5.045,0.0181,0.012
牛肉·活牛,1977-04-01,$ / CWT,1977,35.3,5.269,0.0444,-0.0711
牛肉·活牛,1977-05-01,$ / CWT,1977,36.3,5.418,0.0283,-0.0216
牛肉·活牛,1977-06-01,$ / CWT,1977,34.0,5.075,-0.0634,-0.0659
牛肉·活牛,1977-07-01,$ / CWT,1977,34.9,5.209,0.0265,0.0387
牛肉·活牛,1977-08-01,$ / CWT,1977,34.5,5.149,-0.0115,0.0455
牛肉·活牛,1977-09-01,$ / CWT,1977,34.7,5.179,0.0058,0.0743
牛肉·活牛,1977-10-01,$ / CWT,1977,35.1,5.239,0.0115,0.0901
牛肉·活牛,1977-11-01,$ / CWT,1977,34.3,5.119,-0.0228,0.0994
牛肉·活牛,1977-12-01,$ / CWT,1977,35.5,5.298,0.035,0.0957
牛肉·活牛,1978-01-01,$ / CWT,1978,37.7,5.627,0.062,0.1708
牛肉·活牛,1978-02-01,$ / CWT,1978,40.5,6.045,0.0743,0.2199
牛肉·活牛,1978-03-01,$ / CWT,1978,44.0,6.567,0.0864,0.3018
牛肉·活牛,1978-04-01,$ / CWT,1978,47.2,7.045,0.0727,0.3371
牛肉·活牛,1978-05-01,$ / CWT,1978,50.5,7.537,0.0699,0.3912
牛肉·活牛,1978-06-01,$ / CWT,1978,51.1,7.627,0.0119,0.5029
牛肉·活牛,1978-07-01,$ / CWT,1978,50.1,7.478,-0.0196,0.4355
牛肉·活牛,1978-08-01,$ / CWT,1978,49.3,7.358,-0.016,0.429
牛肉·活牛,1978-09-01,$ / CWT,1978,52.2,7.791,0.0588,0.5043
牛肉·活牛,1978-10-01,$ / CWT,1978,53.2,7.94,0.0192,0.5157
牛肉·活牛,1978-11-01,$ / CWT,1978,51.9,7.746,-0.0244,0.5131
牛肉·活牛,1978-12-01,$ / CWT,1978,54.6,8.149,0.052,0.538
牛肉·活牛,1979-01-01,$ / CWT,1979,60.2,8.985,0.1026,0.5968
牛肉·活牛,1979-02-01,$ / CWT,1979,64.7,9.657,0.0748,0.5975
牛肉·活牛,1979-03-01,$ / CWT,1979,70.6,10.537,0.0912,0.6045
牛肉·活牛,1979-04-01,$ / CWT,1979,73.4,10.955,0.0397,0.5551
牛肉·活牛,1979-05-01,$ / CWT,1979,71.9,10.731,-0.0204,0.4238
牛肉·活牛,1979-06-01,$ / CWT,1979,66.8,9.97,-0.0709,0.3072
牛肉·活牛,1979-07-01,$ / CWT,1979,65.5,9.776,-0.0195,0.3074
牛肉·活牛,1979-08-01,$ / CWT,1979,62.2,9.284,-0.0504,0.2617
牛肉·活牛,1979-09-01,$ / CWT,1979,66.8,9.97,0.074,0.2797
牛肉·活牛,1979-10-01,$ / CWT,1979,64.6,9.642,-0.0329,0.2143
牛肉·活牛,1979-11-01,$ / CWT,1979,63.9,9.537,-0.0108,0.2312
牛肉·活牛,1979-12-01,$ / CWT,1979,64.4,9.612,0.0078,0.1795
牛肉·活牛,1980-01-01,$ / CWT,1980,63.8,9.522,-0.0093,0.0598
牛肉·活牛,1980-02-01,$ / CWT,1980,67.0,10.0,0.0502,0.0355
牛肉·活牛,1980-03-01,$ / CWT,1980,64.4,9.612,-0.0388,-0.0878
牛肉·活牛,1980-04-01,$ / CWT,1980,60.6,9.045,-0.059,-0.1744
牛肉·活牛,1980-05-01,$ / CWT,1980,60.7,9.06,0.0017,-0.1558
牛肉·活牛,1980-06-01,$ / CWT,1980,61.1,9.119,0.0066,-0.0853
牛肉·活牛,1980-07-01,$ / CWT,1980,63.2,9.433,0.0344,-0.0351
牛肉·活牛,1980-08-01,$ / CWT,1980,64.4,9.612,0.019,0.0354
牛肉·活牛,1980-09-01,$ / CWT,1980,63.0,9.403,-0.0217,-0.0569
牛肉·活牛,1980-10-01,$ / CWT,1980,62.1,9.269,-0.0143,-0.0387
牛肉·活牛,1980-11-01,$ / CWT,1980,60.0,8.955,-0.0338,-0.061
牛肉·活牛,1980-12-01,$ / CWT,1980,59.4,8.866,-0.01,-0.0776
牛肉·活牛,1981-01-01,$ / CWT,1981,60.4,9.015,0.0168,-0.0533
牛肉·活牛,1981-02-01,$ / CWT,1981,59.4,8.866,-0.0166,-0.1134
牛肉·活牛,1981-03-01,$ / CWT,1981,58.2,8.687,-0.0202,-0.0963
牛肉·活牛,1981-04-01,$ / CWT,1981,61.0,9.104,0.0481,0.0066
牛肉·活牛,1981-05-01,$ / CWT,1981,60.5,9.03,-0.0082,-0.0033
牛肉·活牛,1981-06-01,$ / CWT,1981,61.4,9.164,0.0149,0.0049
牛肉·活牛,1981-07-01,$ / CWT,1981,60.5,9.03,-0.0147,-0.0427
牛肉·活牛,1981-08-01,$ / CWT,1981,59.7,8.91,-0.0132,-0.073
牛肉·活牛,1981-09-01,$ / CWT,1981,58.8,8.776,-0.0151,-0.0667
牛肉·活牛,1981-10-01,$ / CWT,1981,55.7,8.313,-0.0527,-0.1031
牛肉·活牛,1981-11-01,$ / CWT,1981,54.5,8.134,-0.0215,-0.0917
牛肉·活牛,1981-12-01,$ / CWT,1981,52.0,7.761,-0.0459,-0.1246
牛肉·活牛,1982-01-01,$ / CWT,1982,53.5,7.985,0.0288,-0.1142
牛肉·活牛,1982-02-01,$ / CWT,1982,56.3,8.403,0.0523,-0.0522
牛肉·活牛,1982-03-01,$ / CWT,1982,58.6,8.746,0.0409,0.0069
牛肉·活牛,1982-04-01,$ / CWT,1982,60.1,8.97,0.0256,-0.0148
牛肉·活牛,1982-05-01,$ / CWT,1982,62.6,9.343,0.0416,0.0347
牛肉·活牛,1982-06-01,$ / CWT,1982,61.1,9.119,-0.024,-0.0049
牛肉·活牛,1982-07-01,$ / CWT,1982,58.8,8.776,-0.0376,-0.0281
牛肉·活牛,1982-08-01,$ / CWT,1982,58.1,8.672,-0.0119,-0.0268
牛肉·活牛,1982-09-01,$ / CWT,1982,55.6,8.298,-0.043,-0.0544
牛肉·活牛,1982-10-01,$ / CWT,1982,53.8,8.03,-0.0324,-0.0341
牛肉·活牛,1982-11-01,$ / CWT,1982,52.6,7.851,-0.0223,-0.0349
牛肉·活牛,1982-12-01,$ / CWT,1982,52.5,7.836,-0.0019,0.0096
牛肉·活牛,1983-01-01,$ / CWT,1983,54.3,8.104,0.0343,0.015
牛肉·活牛,1983-02-01,$ / CWT,1983,57.1,8.522,0.0516,0.0142
牛肉·活牛,1983-03-01,$ / CWT,1983,59.7,8.91,0.0455,0.0188
牛肉·活牛,1983-04-01,$ / CWT,1983,61.0,9.104,0.0218,0.015
牛肉·活牛,1983-05-01,$ / CWT,1983,59.9,8.94,-0.018,-0.0431
牛肉·活牛,1983-06-01,$ / CWT,1983,58.3,8.701,-0.0267,-0.0458
牛肉·活牛,1983-07-01,$ / CWT,1983,55.8,8.328,-0.0429,-0.051
牛肉·活牛,1983-08-01,$ / CWT,1983,54.2,8.09,-0.0287,-0.0671
牛肉·活牛,1983-09-01,$ / CWT,1983,52.3,7.806,-0.0351,-0.0594
牛肉·活牛,1983-10-01,$ / CWT,1983,51.7,7.716,-0.0115,-0.039
牛肉·活牛,1983-11-01,$ / CWT,1983,51.2,7.642,-0.0097,-0.0266
牛肉·活牛,1983-12-01,$ / CWT,1983,54.5,8.134,0.0645,0.0381
牛肉·活牛,1984-01-01,$ / CWT,1984,57.2,8.537,0.0495,0.0534
牛肉·活牛,1984-02-01,$ / CWT,1984,59.7,8.91,0.0437,0.0455
牛肉·活牛,1984-03-01,$ / CWT,1984,61.7,9.209,0.0335,0.0335
牛肉·活牛,1984-04-01,$ / CWT,1984,60.1,8.97,-0.0259,-0.0148
牛肉·活牛,1984-05-01,$ / CWT,1984,58.6,8.746,-0.025,-0.0217
牛肉·活牛,1984-06-01,$ / CWT,1984,57.6,8.597,-0.0171,-0.012
牛肉·活牛,1984-07-01,$ / CWT,1984,57.6,8.597,0.0,0.0323
牛肉·活牛,1984-08-01,$ / CWT,1984,56.6,8.448,-0.0174,0.0443
牛肉·活牛,1984-09-01,$ / CWT,1984,55.7,8.313,-0.0159,0.065
牛肉·活牛,1984-10-01,$ / CWT,1984,54.1,8.075,-0.0287,0.0464
牛肉·活牛,1984-11-01,$ / CWT,1984,54.8,8.179,0.0129,0.0703
牛肉·活牛,1984-12-01,$ / CWT,1984,57.0,8.507,0.0401,0.0459
牛肉·活牛,1985-01-01,$ / CWT,1985,57.4,8.567,0.007,0.0035
牛肉·活牛,1985-02-01,$ / CWT,1985,58.5,8.731,0.0192,-0.0201
牛肉·活牛,1985-03-01,$ / CWT,1985,57.3,8.552,-0.0205,-0.0713
牛肉·活牛,1985-04-01,$ / CWT,1985,56.2,8.388,-0.0192,-0.0649
牛肉·活牛,1985-05-01,$ / CWT,1985,55.3,8.254,-0.016,-0.0563
牛肉·活牛,1985-06-01,$ / CWT,1985,53.6,8.0,-0.0307,-0.0694
牛肉·活牛,1985-07-01,$ / CWT,1985,50.2,7.493,-0.0634,-0.1285
牛肉·活牛,1985-08-01,$ / CWT,1985,49.4,7.373,-0.0159,-0.1272
牛肉·活牛,1985-09-01,$ / CWT,1985,49.1,7.328,-0.0061,-0.1185
牛肉·活牛,1985-10-01,$ / CWT,1985,52.1,7.776,0.0611,-0.037
牛肉·活牛,1985-11-01,$ / CWT,1985,54.7,8.164,0.0499,-0.0018
牛肉·活牛,1985-12-01,$ / CWT,1985,53.7,8.015,-0.0183,-0.0579
牛肉·活牛,1986-01-01,$ / CWT,1986,53.2,7.94,-0.0093,-0.0732
牛肉·活牛,1986-02-01,$ / CWT,1986,53.0,7.91,-0.0038,-0.094
牛肉·活牛,1986-03-01,$ / CWT,1986,52.4,7.821,-0.0113,-0.0855
牛肉·活牛,1986-04-01,$ / CWT,1986,50.3,7.507,-0.0401,-0.105
牛肉·活牛,1986-05-01,$ / CWT,1986,51.0,7.612,0.0139,-0.0778
牛肉·活牛,1986-06-01,$ / CWT,1986,50.1,7.478,-0.0176,-0.0653
牛肉·活牛,1986-07-01,$ / CWT,1986,52.9,7.895,0.0559,0.0538
牛肉·活牛,1986-08-01,$ / CWT,1986,54.4,8.119,0.0284,0.1012
牛肉·活牛,1986-09-01,$ / CWT,1986,54.6,8.149,0.0037,0.112
牛肉·活牛,1986-10-01,$ / CWT,1986,54.4,8.119,-0.0037,0.0441
牛肉·活牛,1986-11-01,$ / CWT,1986,54.6,8.149,0.0037,-0.0018
牛肉·活牛,1986-12-01,$ / CWT,1986,53.2,7.94,-0.0256,-0.0093
牛肉·活牛,1987-01-01,$ / CWT,1987,56.4,8.418,0.0602,0.0602
牛肉·活牛,1987-02-01,$ / CWT,1987,58.8,8.776,0.0426,0.1094
牛肉·活牛,1987-03-01,$ / CWT,1987,59.3,8.851,0.0085,0.1317
牛肉·活牛,1987-04-01,$ / CWT,1987,62.6,9.343,0.0556,0.2445
牛肉·活牛,1987-05-01,$ / CWT,1987,63.0,9.403,0.0064,0.2353
牛肉·活牛,1987-06-01,$ / CWT,1987,62.5,9.328,-0.0079,0.2475
牛肉·活牛,1987-07-01,$ / CWT,1987,61.1,9.119,-0.0224,0.155
牛肉·活牛,1987-08-01,$ / CWT,1987,61.9,9.239,0.0131,0.1379
牛肉·活牛,1987-09-01,$ / CWT,1987,63.7,9.507,0.0291,0.1667
牛肉·活牛,1987-10-01,$ / CWT,1987,62.9,9.388,-0.0126,0.1562
牛肉·活牛,1987-11-01,$ / CWT,1987,62.0,9.254,-0.0143,0.1355
牛肉·活牛,1987-12-01,$ / CWT,1987,62.2,9.284,0.0032,0.1692
牛肉·活牛,1988-01-01,$ / CWT,1988,65.4,9.761,0.0514,0.1596
牛肉·活牛,1988-02-01,$ / CWT,1988,67.4,10.06,0.0306,0.1463
牛肉·活牛,1988-03-01,$ / CWT,1988,68.3,10.194,0.0134,0.1518
牛肉·活牛,1988-04-01,$ / CWT,1988,69.0,10.298,0.0102,0.1022
牛肉·活牛,1988-05-01,$ / CWT,1988,69.3,10.343,0.0043,0.1
牛肉·活牛,1988-06-01,$ / CWT,1988,65.0,9.701,-0.062,0.04
牛肉·活牛,1988-07-01,$ / CWT,1988,63.2,9.433,-0.0277,0.0344
牛肉·活牛,1988-08-01,$ / CWT,1988,65.9,9.836,0.0427,0.0646
牛肉·活牛,1988-09-01,$ / CWT,1988,67.2,10.03,0.0197,0.0549
牛肉·活牛,1988-10-01,$ / CWT,1988,67.0,10.0,-0.003,0.0652
牛肉·活牛,1988-11-01,$ / CWT,1988,66.7,9.955,-0.0045,0.0758
牛肉·活牛,1988-12-01,$ / CWT,1988,67.2,10.03,0.0075,0.0804
牛肉·活牛,1989-01-01,$ / CWT,1989,70.6,10.537,0.0506,0.0795
牛肉·活牛,1989-02-01,$ / CWT,1989,71.6,10.687,0.0142,0.0623
牛肉·活牛,1989-03-01,$ / CWT,1989,72.0,10.746,0.0056,0.0542
牛肉·活牛,1989-04-01,$ / CWT,1989,70.1,10.463,-0.0264,0.0159
牛肉·活牛,1989-05-01,$ / CWT,1989,68.8,10.269,-0.0185,-0.0072
牛肉·活牛,1989-06-01,$ / CWT,1989,67.6,10.09,-0.0174,0.04
牛肉·活牛,1989-07-01,$ / CWT,1989,68.0,10.149,0.0059,0.0759
牛肉·活牛,1989-08-01,$ / CWT,1989,69.7,10.403,0.025,0.0577
牛肉·活牛,1989-09-01,$ / CWT,1989,68.2,10.179,-0.0215,0.0149
牛肉·活牛,1989-10-01,$ / CWT,1989,68.7,10.254,0.0073,0.0254
牛肉·活牛,1989-11-01,$ / CWT,1989,69.8,10.418,0.016,0.0465
牛肉·活牛,1989-12-01,$ / CWT,1989,71.0,10.597,0.0172,0.0565
牛肉·活牛,1990-01-01,$ / CWT,1990,73.6,10.985,0.0366,0.0425
牛肉·活牛,1990-02-01,$ / CWT,1990,74.6,11.134,0.0136,0.0419
牛肉·活牛,1990-03-01,$ / CWT,1990,74.3,11.09,-0.004,0.0319
牛肉·活牛,1990-04-01,$ / CWT,1990,74.7,11.149,0.0054,0.0656
牛肉·活牛,1990-05-01,$ / CWT,1990,74.6,11.134,-0.0013,0.0843
牛肉·活牛,1990-06-01,$ / CWT,1990,74.2,11.075,-0.0054,0.0976
牛肉·活牛,1990-07-01,$ / CWT,1990,73.6,10.985,-0.0081,0.0824
牛肉·活牛,1990-08-01,$ / CWT,1990,76.0,11.343,0.0326,0.0904
牛肉·活牛,1990-09-01,$ / CWT,1990,75.0,11.194,-0.0132,0.0997
牛肉·活牛,1990-10-01,$ / CWT,1990,75.5,11.269,0.0067,0.099
牛肉·活牛,1990-11-01,$ / CWT,1990,75.3,11.239,-0.0026,0.0788
牛肉·活牛,1990-12-01,$ / CWT,1990,76.1,11.358,0.0106,0.0718
牛肉·活牛,1991-01-01,$ / CWT,1991,76.6,11.433,0.0066,0.0408
牛肉·活牛,1991-02-01,$ / CWT,1991,77.0,11.492,0.0052,0.0322
牛肉·活牛,1991-03-01,$ / CWT,1991,78.5,11.716,0.0195,0.0565
牛肉·活牛,1991-04-01,$ / CWT,1991,78.0,11.642,-0.0064,0.0442
牛肉·活牛,1991-05-01,$ / CWT,1991,75.9,11.328,-0.0269,0.0174
牛肉·活牛,1991-06-01,$ / CWT,1991,73.6,10.985,-0.0303,-0.0081
牛肉·活牛,1991-07-01,$ / CWT,1991,71.6,10.687,-0.0272,-0.0272
牛肉·活牛,1991-08-01,$ / CWT,1991,68.8,10.269,-0.0391,-0.0947
牛肉·活牛,1991-09-01,$ / CWT,1991,68.7,10.254,-0.0015,-0.084
牛肉·活牛,1991-10-01,$ / CWT,1991,70.4,10.507,0.0247,-0.0675
牛肉·活牛,1991-11-01,$ / CWT,1991,67.9,10.134,-0.0355,-0.0983
牛肉·活牛,1991-12-01,$ / CWT,1991,67.4,10.06,-0.0074,-0.1143
牛肉·活牛,1992-01-01,$ / CWT,1992,68.9,10.284,0.0223,-0.1005
牛肉·活牛,1992-02-01,$ / CWT,1992,72.5,10.821,0.0522,-0.0584
牛肉·活牛,1992-03-01,$ / CWT,1992,72.8,10.866,0.0041,-0.0726
牛肉·活牛,1992-04-01,$ / CWT,1992,72.6,10.836,-0.0027,-0.0692
牛肉·活牛,1992-05-01,$ / CWT,1992,71.9,10.731,-0.0096,-0.0527
牛肉·活牛,1992-06-01,$ / CWT,1992,70.2,10.478,-0.0236,-0.0462
牛肉·活牛,1992-07-01,$ / CWT,1992,70.6,10.537,0.0057,-0.014
牛肉·活牛,1992-08-01,$ / CWT,1992,71.8,10.716,0.017,0.0436
牛肉·活牛,1992-09-01,$ / CWT,1992,71.8,10.716,0.0,0.0451
牛肉·活牛,1992-10-01,$ / CWT,1992,71.8,10.716,0.0,0.0199
牛肉·活牛,1992-11-01,$ / CWT,1992,70.2,10.478,-0.0223,0.0339
牛肉·活牛,1992-12-01,$ / CWT,1992,70.8,10.567,0.0085,0.0504
牛肉·活牛,1993-01-01,$ / CWT,1993,75.1,11.209,0.0607,0.09
牛肉·活牛,1993-02-01,$ / CWT,1993,75.8,11.313,0.0093,0.0455
牛肉·活牛,1993-03-01,$ / CWT,1993,77.2,11.522,0.0185,0.0604
牛肉·活牛,1993-04-01,$ / CWT,1993,77.3,11.537,0.0013,0.0647
牛肉·活牛,1993-05-01,$ / CWT,1993,77.1,11.507,-0.0026,0.0723
牛肉·活牛,1993-06-01,$ / CWT,1993,74.5,11.119,-0.0337,0.0613
牛肉·活牛,1993-07-01,$ / CWT,1993,72.5,10.821,-0.0268,0.0269
牛肉·活牛,1993-08-01,$ / CWT,1993,72.7,10.851,0.0028,0.0125
牛肉·活牛,1993-09-01,$ / CWT,1993,71.4,10.657,-0.0179,-0.0056
牛肉·活牛,1993-10-01,$ / CWT,1993,69.1,10.313,-0.0322,-0.0376
牛肉·活牛,1993-11-01,$ / CWT,1993,69.3,10.343,0.0029,-0.0128
牛肉·活牛,1993-12-01,$ / CWT,1993,68.5,10.224,-0.0115,-0.0325
牛肉·活牛,1994-01-01,$ / CWT,1994,69.9,10.433,0.0204,-0.0692
牛肉·活牛,1994-02-01,$ / CWT,1994,70.1,10.463,0.0029,-0.0752
牛肉·活牛,1994-03-01,$ / CWT,1994,72.3,10.791,0.0314,-0.0635
牛肉·活牛,1994-04-01,$ / CWT,1994,72.0,10.746,-0.0041,-0.0686
牛肉·活牛,1994-05-01,$ / CWT,1994,67.2,10.03,-0.0667,-0.1284
牛肉·活牛,1994-06-01,$ / CWT,1994,62.7,9.358,-0.067,-0.1584
牛肉·活牛,1994-07-01,$ / CWT,1994,62.9,9.388,0.0032,-0.1324
牛肉·活牛,1994-08-01,$ / CWT,1994,65.9,9.836,0.0477,-0.0935
牛肉·活牛,1994-09-01,$ / CWT,1994,63.5,9.478,-0.0364,-0.1106
牛肉·活牛,1994-10-01,$ / CWT,1994,62.9,9.388,-0.0094,-0.0897
牛肉·活牛,1994-11-01,$ / CWT,1994,64.4,9.612,0.0238,-0.0707
牛肉·活牛,1994-12-01,$ / CWT,1994,64.4,9.612,0.0,-0.0599
牛肉·活牛,1995-01-01,$ / CWT,1995,67.6,10.09,0.0497,-0.0329
牛肉·活牛,1995-02-01,$ / CWT,1995,68.8,10.269,0.0178,-0.0185
牛肉·活牛,1995-03-01,$ / CWT,1995,66.9,9.985,-0.0276,-0.0747
牛肉·活牛,1995-04-01,$ / CWT,1995,63.3,9.448,-0.0538,-0.1208
牛肉·活牛,1995-05-01,$ / CWT,1995,60.8,9.075,-0.0395,-0.0952
牛肉·活牛,1995-06-01,$ / CWT,1995,60.9,9.09,0.0016,-0.0287
牛肉·活牛,1995-07-01,$ / CWT,1995,59.5,8.881,-0.023,-0.0541
牛肉·活牛,1995-08-01,$ / CWT,1995,59.4,8.866,-0.0017,-0.0986
牛肉·活牛,1995-09-01,$ / CWT,1995,59.1,8.821,-0.0051,-0.0693
牛肉·活牛,1995-10-01,$ / CWT,1995,58.8,8.776,-0.0051,-0.0652
牛肉·活牛,1995-11-01,$ / CWT,1995,60.7,9.06,0.0323,-0.0575
牛肉·活牛,1995-12-01,$ / CWT,1995,60.6,9.045,-0.0016,-0.059
牛肉·活牛,1996-01-01,$ / CWT,1996,59.0,8.806,-0.0264,-0.1272
牛肉·活牛,1996-02-01,$ / CWT,1996,57.9,8.642,-0.0186,-0.1584
牛肉·活牛,1996-03-01,$ / CWT,1996,56.8,8.478,-0.019,-0.151
牛肉·活牛,1996-04-01,$ / CWT,1996,54.9,8.194,-0.0335,-0.1327
牛肉·活牛,1996-05-01,$ / CWT,1996,54.7,8.164,-0.0036,-0.1003
牛肉·活牛,1996-06-01,$ / CWT,1996,56.4,8.418,0.0311,-0.0739
牛肉·活牛,1996-07-01,$ / CWT,1996,59.1,8.821,0.0479,-0.0067
牛肉·活牛,1996-08-01,$ / CWT,1996,61.3,9.149,0.0372,0.032
牛肉·活牛,1996-09-01,$ / CWT,1996,63.8,9.522,0.0408,0.0795
牛肉·活牛,1996-10-01,$ / CWT,1996,63.3,9.448,-0.0078,0.0765
牛肉·活牛,1996-11-01,$ / CWT,1996,63.4,9.463,0.0016,0.0445
牛肉·活牛,1996-12-01,$ / CWT,1996,61.0,9.104,-0.0379,0.0066
牛肉·活牛,1997-01-01,$ / CWT,1997,61.4,9.164,0.0066,0.0407
牛肉·活牛,1997-02-01,$ / CWT,1997,61.9,9.239,0.0081,0.0691
牛肉·活牛,1997-03-01,$ / CWT,1997,64.8,9.672,0.0468,0.1408
牛肉·活牛,1997-04-01,$ / CWT,1997,64.8,9.672,0.0,0.1803
牛肉·活牛,1997-05-01,$ / CWT,1997,65.1,9.716,0.0046,0.1901
牛肉·活牛,1997-06-01,$ / CWT,1997,62.3,9.298,-0.043,0.1046
牛肉·活牛,1997-07-01,$ / CWT,1997,62.8,9.373,0.008,0.0626
牛肉·活牛,1997-08-01,$ / CWT,1997,63.9,9.537,0.0175,0.0424
牛肉·活牛,1997-09-01,$ / CWT,1997,63.6,9.492,-0.0047,-0.0031
牛肉·活牛,1997-10-01,$ / CWT,1997,63.3,9.448,-0.0047,0.0
牛肉·活牛,1997-11-01,$ / CWT,1997,63.3,9.448,0.0,-0.0016
牛肉·活牛,1997-12-01,$ / CWT,1997,62.9,9.388,-0.0063,0.0311
牛肉·活牛,1998-01-01,$ / CWT,1998,62.5,9.328,-0.0064,0.0179
牛肉·活牛,1998-02-01,$ / CWT,1998,60.4,9.015,-0.0336,-0.0242
牛肉·活牛,1998-03-01,$ / CWT,1998,61.3,9.149,0.0149,-0.054
牛肉·活牛,1998-04-01,$ / CWT,1998,63.0,9.403,0.0277,-0.0278
牛肉·活牛,1998-05-01,$ / CWT,1998,63.0,9.403,0.0,-0.0323
牛肉·活牛,1998-06-01,$ / CWT,1998,61.8,9.224,-0.019,-0.008
牛肉·活牛,1998-07-01,$ / CWT,1998,58.4,8.716,-0.055,-0.0701
牛肉·活牛,1998-08-01,$ / CWT,1998,57.4,8.567,-0.0171,-0.1017
牛肉·活牛,1998-09-01,$ / CWT,1998,56.1,8.373,-0.0226,-0.1179
牛肉·活牛,1998-10-01,$ / CWT,1998,58.0,8.657,0.0339,-0.0837
牛肉·活牛,1998-11-01,$ / CWT,1998,58.1,8.672,0.0017,-0.0821
牛肉·活牛,1998-12-01,$ / CWT,1998,56.8,8.478,-0.0224,-0.097
牛肉·活牛,1999-01-01,$ / CWT,1999,59.0,8.806,0.0387,-0.056
牛肉·活牛,1999-02-01,$ / CWT,1999,60.6,9.045,0.0271,0.0033
牛肉·活牛,1999-03-01,$ / CWT,1999,62.4,9.313,0.0297,0.0179
牛肉·活牛,1999-04-01,$ / CWT,1999,62.7,9.358,0.0048,-0.0048
牛肉·活牛,1999-05-01,$ / CWT,1999,62.1,9.269,-0.0096,-0.0143
牛肉·活牛,1999-06-01,$ / CWT,1999,63.7,9.507,0.0258,0.0307
牛肉·活牛,1999-07-01,$ / CWT,1999,62.6,9.343,-0.0173,0.0719
牛肉·活牛,1999-08-01,$ / CWT,1999,63.5,9.478,0.0144,0.1063
牛肉·活牛,1999-09-01,$ / CWT,1999,63.8,9.522,0.0047,0.1373
牛肉·活牛,1999-10-01,$ / CWT,1999,66.2,9.881,0.0376,0.1414
牛肉·活牛,1999-11-01,$ / CWT,1999,66.2,9.881,0.0,0.1394
牛肉·活牛,1999-12-01,$ / CWT,1999,66.6,9.94,0.006,0.1725
牛肉·活牛,2000-01-01,$ / CWT,2000,67.6,10.09,0.015,0.1458
牛肉·活牛,2000-02-01,$ / CWT,2000,67.9,10.134,0.0044,0.1205
牛肉·活牛,2000-03-01,$ / CWT,2000,69.8,10.418,0.028,0.1186
牛肉·活牛,2000-04-01,$ / CWT,2000,71.3,10.642,0.0215,0.1372
牛肉·活牛,2000-05-01,$ / CWT,2000,69.4,10.358,-0.0266,0.1176
牛肉·活牛,2000-06-01,$ / CWT,2000,68.4,10.209,-0.0144,0.0738
牛肉·活牛,2000-07-01,$ / CWT,2000,67.8,10.119,-0.0088,0.0831
牛肉·活牛,2000-08-01,$ / CWT,2000,66.1,9.866,-0.0251,0.0409
牛肉·活牛,2000-09-01,$ / CWT,2000,65.0,9.701,-0.0166,0.0188
牛肉·活牛,2000-10-01,$ / CWT,2000,66.5,9.925,0.0231,0.0045
牛肉·活牛,2000-11-01,$ / CWT,2000,69.1,10.313,0.0391,0.0438
牛肉·活牛,2000-12-01,$ / CWT,2000,71.8,10.716,0.0391,0.0781
牛肉·活牛,2001-01-01,$ / CWT,2001,74.6,11.134,0.039,0.1036
牛肉·活牛,2001-02-01,$ / CWT,2001,74.7,11.149,0.0013,0.1001
牛肉·活牛,2001-03-01,$ / CWT,2001,76.0,11.343,0.0174,0.0888
牛肉·活牛,2001-04-01,$ / CWT,2001,75.4,11.254,-0.0079,0.0575
牛肉·活牛,2001-05-01,$ / CWT,2001,73.6,10.985,-0.0239,0.0605
牛肉·活牛,2001-06-01,$ / CWT,2001,73.6,10.985,0.0,0.076
牛肉·活牛,2001-07-01,$ / CWT,2001,71.8,10.716,-0.0245,0.059
牛肉·活牛,2001-08-01,$ / CWT,2001,70.6,10.537,-0.0167,0.0681
牛肉·活牛,2001-09-01,$ / CWT,2001,69.0,10.298,-0.0227,0.0615
牛肉·活牛,2001-10-01,$ / CWT,2001,66.5,9.925,-0.0362,0.0
牛肉·活牛,2001-11-01,$ / CWT,2001,64.0,9.552,-0.0376,-0.0738
牛肉·活牛,2001-12-01,$ / CWT,2001,64.7,9.657,0.0109,-0.0989
牛肉·活牛,2002-01-01,$ / CWT,2002,67.4,10.06,0.0417,-0.0965
牛肉·活牛,2002-02-01,$ / CWT,2002,70.0,10.448,0.0386,-0.0629
牛肉·活牛,2002-03-01,$ / CWT,2002,70.6,10.537,0.0086,-0.0711
牛肉·活牛,2002-04-01,$ / CWT,2002,67.3,10.045,-0.0467,-0.1074
牛肉·活牛,2002-05-01,$ / CWT,2002,65.1,9.716,-0.0327,-0.1155
牛肉·活牛,2002-06-01,$ / CWT,2002,64.0,9.552,-0.0169,-0.1304
牛肉·活牛,2002-07-01,$ / CWT,2002,63.7,9.507,-0.0047,-0.1128
牛肉·活牛,2002-08-01,$ / CWT,2002,64.4,9.612,0.011,-0.0878
牛肉·活牛,2002-09-01,$ / CWT,2002,64.5,9.627,0.0016,-0.0652
牛肉·活牛,2002-10-01,$ / CWT,2002,64.6,9.642,0.0016,-0.0286
牛肉·活牛,2002-11-01,$ / CWT,2002,67.3,10.045,0.0418,0.0516
牛肉·活牛,2002-12-01,$ / CWT,2002,70.4,10.507,0.0461,0.0881
牛肉·活牛,2003-01-01,$ / CWT,2003,72.9,10.881,0.0355,0.0816
牛肉·活牛,2003-02-01,$ / CWT,2003,73.9,11.03,0.0137,0.0557
牛肉·活牛,2003-03-01,$ / CWT,2003,72.6,10.836,-0.0176,0.0283
牛肉·活牛,2003-04-01,$ / CWT,2003,74.5,11.119,0.0262,0.107
牛肉·活牛,2003-05-01,$ / CWT,2003,75.5,11.269,0.0134,0.1598
牛肉·活牛,2003-06-01,$ / CWT,2003,74.9,11.179,-0.0079,0.1703
牛肉·活牛,2003-07-01,$ / CWT,2003,75.8,11.313,0.012,0.19
牛肉·活牛,2003-08-01,$ / CWT,2003,79.3,11.836,0.0462,0.2314
牛肉·活牛,2003-09-01,$ / CWT,2003,84.9,12.672,0.0706,0.3163
牛肉·活牛,2003-10-01,$ / CWT,2003,91.5,13.657,0.0777,0.4164
牛肉·活牛,2003-11-01,$ / CWT,2003,93.4,13.94,0.0208,0.3878
牛肉·活牛,2003-12-01,$ / CWT,2003,90.4,13.492,-0.0321,0.2841
牛肉·活牛,2004-01-01,$ / CWT,2004,81.1,12.104,-0.1029,0.1125
牛肉·活牛,2004-02-01,$ / CWT,2004,78.5,11.716,-0.0321,0.0622
牛肉·活牛,2004-03-01,$ / CWT,2004,83.7,12.492,0.0662,0.1529
牛肉·活牛,2004-04-01,$ / CWT,2004,84.9,12.672,0.0143,0.1396
牛肉·活牛,2004-05-01,$ / CWT,2004,88.5,13.209,0.0424,0.1722
牛肉·活牛,2004-06-01,$ / CWT,2004,89.8,13.403,0.0147,0.1989
牛肉·活牛,2004-07-01,$ / CWT,2004,88.0,13.134,-0.02,0.1609
牛肉·活牛,2004-08-01,$ / CWT,2004,87.6,13.075,-0.0045,0.1047
牛肉·活牛,2004-09-01,$ / CWT,2004,85.9,12.821,-0.0194,0.0118
牛肉·活牛,2004-10-01,$ / CWT,2004,86.5,12.91,0.007,-0.0546
牛肉·活牛,2004-11-01,$ / CWT,2004,85.3,12.731,-0.0139,-0.0867
牛肉·活牛,2004-12-01,$ / CWT,2004,86.7,12.94,0.0164,-0.0409
牛肉·活牛,2005-01-01,$ / CWT,2005,89.1,13.298,0.0277,0.0986
牛肉·活牛,2005-02-01,$ / CWT,2005,88.8,13.254,-0.0034,0.1312
牛肉·活牛,2005-03-01,$ / CWT,2005,91.0,13.582,0.0248,0.0872
牛肉·活牛,2005-04-01,$ / CWT,2005,93.7,13.985,0.0297,0.1037
牛肉·活牛,2005-05-01,$ / CWT,2005,92.1,13.746,-0.0171,0.0407
牛肉·活牛,2005-06-01,$ / CWT,2005,88.0,13.134,-0.0445,-0.02
牛肉·活牛,2005-07-01,$ / CWT,2005,85.0,12.687,-0.0341,-0.0341
牛肉·活牛,2005-08-01,$ / CWT,2005,84.4,12.597,-0.0071,-0.0365
牛肉·活牛,2005-09-01,$ / CWT,2005,88.0,13.134,0.0427,0.0244
牛肉·活牛,2005-10-01,$ / CWT,2005,90.4,13.492,0.0273,0.0451
牛肉·活牛,2005-11-01,$ / CWT,2005,90.8,13.552,0.0044,0.0645
牛肉·活牛,2005-12-01,$ / CWT,2005,93.3,13.925,0.0275,0.0761
牛肉·活牛,2006-01-01,$ / CWT,2006,95.0,14.179,0.0182,0.0662
牛肉·活牛,2006-02-01,$ / CWT,2006,92.4,13.791,-0.0274,0.0405
牛肉·活牛,2006-03-01,$ / CWT,2006,87.9,13.119,-0.0487,-0.0341
牛肉·活牛,2006-04-01,$ / CWT,2006,84.8,12.657,-0.0353,-0.095
牛肉·活牛,2006-05-01,$ / CWT,2006,82.2,12.269,-0.0307,-0.1075
牛肉·活牛,2006-06-01,$ / CWT,2006,84.0,12.537,0.0219,-0.0455
牛肉·活牛,2006-07-01,$ / CWT,2006,85.8,12.806,0.0214,0.0094
牛肉·活牛,2006-08-01,$ / CWT,2006,87.2,13.015,0.0163,0.0332
牛肉·活牛,2006-09-01,$ / CWT,2006,90.0,13.433,0.0321,0.0227
牛肉·活牛,2006-10-01,$ / CWT,2006,88.3,13.179,-0.0189,-0.0232
牛肉·活牛,2006-11-01,$ / CWT,2006,84.4,12.597,-0.0442,-0.0705
牛肉·活牛,2006-12-01,$ / CWT,2006,83.1,12.403,-0.0154,-0.1093
牛肉·活牛,2007-01-01,$ / CWT,2007,83.7,12.492,0.0072,-0.1189
牛肉·活牛,2007-02-01,$ / CWT,2007,86.1,12.851,0.0287,-0.0682
牛肉·活牛,2007-03-01,$ / CWT,2007,91.6,13.672,0.0639,0.0421
牛肉·活牛,2007-04-01,$ / CWT,2007,93.7,13.985,0.0229,0.105
牛肉·活牛,2007-05-01,$ / CWT,2007,92.8,13.851,-0.0096,0.129
牛肉·活牛,2007-06-01,$ / CWT,2007,88.8,13.254,-0.0431,0.0571
牛肉·活牛,2007-07-01,$ / CWT,2007,89.0,13.284,0.0023,0.0373
牛肉·活牛,2007-08-01,$ / CWT,2007,91.4,13.642,0.027,0.0482
牛肉·活牛,2007-09-01,$ / CWT,2007,93.1,13.895,0.0186,0.0344
牛肉·活牛,2007-10-01,$ / CWT,2007,90.9,13.567,-0.0236,0.0294
牛肉·活牛,2007-11-01,$ / CWT,2007,89.9,13.418,-0.011,0.0652
牛肉·活牛,2007-12-01,$ / CWT,2007,89.2,13.313,-0.0078,0.0734
牛肉·活牛,2008-01-01,$ / CWT,2008,87.5,13.06,-0.0191,0.0454
牛肉·活牛,2008-02-01,$ / CWT,2008,89.0,13.284,0.0171,0.0337
牛肉·活牛,2008-03-01,$ / CWT,2008,87.9,13.119,-0.0124,-0.0404
牛肉·活牛,2008-04-01,$ / CWT,2008,86.8,12.955,-0.0125,-0.0736
牛肉·活牛,2008-05-01,$ / CWT,2008,91.3,13.627,0.0518,-0.0162
牛肉·活牛,2008-06-01,$ / CWT,2008,91.9,13.716,0.0066,0.0349
牛肉·活牛,2008-07-01,$ / CWT,2008,95.0,14.179,0.0337,0.0674
牛肉·活牛,2008-08-01,$ / CWT,2008,95.8,14.298,0.0084,0.0481
牛肉·活牛,2008-09-01,$ / CWT,2008,94.2,14.06,-0.0167,0.0118
牛肉·活牛,2008-10-01,$ / CWT,2008,87.4,13.045,-0.0722,-0.0385
牛肉·活牛,2008-11-01,$ / CWT,2008,84.3,12.582,-0.0355,-0.0623
牛肉·活牛,2008-12-01,$ / CWT,2008,79.7,11.895,-0.0546,-0.1065
牛肉·活牛,2009-01-01,$ / CWT,2009,80.1,11.955,0.005,-0.0846
牛肉·活牛,2009-02-01,$ / CWT,2009,78.9,11.776,-0.015,-0.1135
牛肉·活牛,2009-03-01,$ / CWT,2009,79.1,11.806,0.0025,-0.1001
牛肉·活牛,2009-04-01,$ / CWT,2009,83.8,12.507,0.0594,-0.0346
牛肉·活牛,2009-05-01,$ / CWT,2009,83.2,12.418,-0.0072,-0.0887
牛肉·活牛,2009-06-01,$ / CWT,2009,80.1,11.955,-0.0373,-0.1284
牛肉·活牛,2009-07-01,$ / CWT,2009,80.9,12.075,0.01,-0.1484
牛肉·活牛,2009-08-01,$ / CWT,2009,80.4,12.0,-0.0062,-0.1608
牛肉·活牛,2009-09-01,$ / CWT,2009,80.5,12.015,0.0012,-0.1454
牛肉·活牛,2009-10-01,$ / CWT,2009,79.2,11.821,-0.0161,-0.0938
牛肉·活牛,2009-11-01,$ / CWT,2009,79.6,11.881,0.0051,-0.0558
牛肉·活牛,2009-12-01,$ / CWT,2009,78.5,11.716,-0.0138,-0.0151
牛肉·活牛,2010-01-01,$ / CWT,2010,82.3,12.284,0.0484,0.0275
牛肉·活牛,2010-02-01,$ / CWT,2010,85.7,12.791,0.0413,0.0862
牛肉·活牛,2010-03-01,$ / CWT,2010,90.4,13.492,0.0548,0.1429
牛肉·活牛,2010-04-01,$ / CWT,2010,95.6,14.269,0.0575,0.1408
牛肉·活牛,2010-05-01,$ / CWT,2010,94.7,14.134,-0.0094,0.1382
牛肉·活牛,2010-06-01,$ / CWT,2010,90.4,13.492,-0.0454,0.1286
牛肉·活牛,2010-07-01,$ / CWT,2010,91.7,13.687,0.0144,0.1335
牛肉·活牛,2010-08-01,$ / CWT,2010,93.5,13.955,0.0196,0.1629
牛肉·活牛,2010-09-01,$ / CWT,2010,94.1,14.045,0.0064,0.1689
牛肉·活牛,2010-10-01,$ / CWT,2010,93.1,13.895,-0.0106,0.1755
牛肉·活牛,2010-11-01,$ / CWT,2010,94.0,14.03,0.0097,0.1809
牛肉·活牛,2010-12-01,$ / CWT,2010,98.1,14.642,0.0436,0.2497
牛肉·活牛,2011-01-01,$ / CWT,2011,107.0,15.97,0.0907,0.3001
牛肉·活牛,2011-02-01,$ / CWT,2011,108.0,16.119,0.0093,0.2602
牛肉·活牛,2011-03-01,$ / CWT,2011,115.0,17.164,0.0648,0.2721
牛肉·活牛,2011-04-01,$ / CWT,2011,119.0,17.761,0.0348,0.2448
牛肉·活牛,2011-05-01,$ / CWT,2011,112.0,16.716,-0.0588,0.1827
牛肉·活牛,2011-06-01,$ / CWT,2011,107.0,15.97,-0.0446,0.1836
牛肉·活牛,2011-07-01,$ / CWT,2011,111.0,16.567,0.0374,0.2105
牛肉·活牛,2011-08-01,$ / CWT,2011,111.0,16.567,0.0,0.1872
牛肉·活牛,2011-09-01,$ / CWT,2011,112.0,16.716,0.009,0.1902
牛肉·活牛,2011-10-01,$ / CWT,2011,117.0,17.463,0.0446,0.2567
牛肉·活牛,2011-11-01,$ / CWT,2011,120.0,17.91,0.0256,0.2766
牛肉·活牛,2011-12-01,$ / CWT,2011,120.0,17.91,0.0,0.2232
牛肉·活牛,2012-01-01,$ / CWT,2012,122.0,18.209,0.0167,0.1402
牛肉·活牛,2012-02-01,$ / CWT,2012,124.0,18.507,0.0164,0.1481
牛肉·活牛,2012-03-01,$ / CWT,2012,126.0,18.806,0.0161,0.0957
牛肉·活牛,2012-04-01,$ / CWT,2012,122.0,18.209,-0.0317,0.0252
牛肉·活牛,2012-05-01,$ / CWT,2012,121.0,18.06,-0.0082,0.0804
牛肉·活牛,2012-06-01,$ / CWT,2012,120.0,17.91,-0.0083,0.1215
牛肉·活牛,2012-07-01,$ / CWT,2012,115.0,17.164,-0.0417,0.036
牛肉·活牛,2012-08-01,$ / CWT,2012,117.0,17.463,0.0174,0.0541
牛肉·活牛,2012-09-01,$ / CWT,2012,121.0,18.06,0.0342,0.0804
牛肉·活牛,2012-10-01,$ / CWT,2012,122.0,18.209,0.0083,0.0427
牛肉·活牛,2012-11-01,$ / CWT,2012,124.0,18.507,0.0164,0.0333
牛肉·活牛,2012-12-01,$ / CWT,2012,124.0,18.507,0.0,0.0333
牛肉·活牛,2013-01-01,$ / CWT,2013,125.0,18.657,0.0081,0.0246
牛肉·活牛,2013-02-01,$ / CWT,2013,123.0,18.358,-0.016,-0.0081
牛肉·活牛,2013-03-01,$ / CWT,2013,125.0,18.657,0.0163,-0.0079
牛肉·活牛,2013-04-01,$ / CWT,2013,125.0,18.657,0.0,0.0246
牛肉·活牛,2013-05-01,$ / CWT,2013,126.0,18.806,0.008,0.0413
牛肉·活牛,2013-06-01,$ / CWT,2013,122.0,18.209,-0.0317,0.0167
牛肉·活牛,2013-07-01,$ / CWT,2013,120.0,17.91,-0.0164,0.0435
牛肉·活牛,2013-08-01,$ / CWT,2013,121.0,18.06,0.0083,0.0342
牛肉·活牛,2013-09-01,$ / CWT,2013,122.0,18.209,0.0083,0.0083
牛肉·活牛,2013-10-01,$ / CWT,2013,127.0,18.955,0.041,0.041
牛肉·活牛,2013-11-01,$ / CWT,2013,130.0,19.403,0.0236,0.0484
牛肉·活牛,2013-12-01,$ / CWT,2013,130.0,19.403,0.0,0.0484
牛肉·活牛,2014-01-01,$ / CWT,2014,138.0,20.597,0.0615,0.104
牛肉·活牛,2014-02-01,$ / CWT,2014,144.0,21.492,0.0435,0.1707
牛肉·活牛,2014-03-01,$ / CWT,2014,148.0,22.089,0.0278,0.184
牛肉·活牛,2014-04-01,$ / CWT,2014,148.0,22.089,0.0,0.184
牛肉·活牛,2014-05-01,$ / CWT,2014,146.0,21.791,-0.0135,0.1587
牛肉·活牛,2014-06-01,$ / CWT,2014,147.0,21.94,0.0068,0.2049
牛肉·活牛,2014-07-01,$ / CWT,2014,156.0,23.283,0.0612,0.3
牛肉·活牛,2014-08-01,$ / CWT,2014,158.0,23.582,0.0128,0.3058
牛肉·活牛,2014-09-01,$ / CWT,2014,157.0,23.433,-0.0063,0.2869
牛肉·活牛,2014-10-01,$ / CWT,2014,161.0,24.03,0.0255,0.2677
牛肉·活牛,2014-11-01,$ / CWT,2014,167.0,24.925,0.0373,0.2846
牛肉·活牛,2014-12-01,$ / CWT,2014,164.0,24.478,-0.018,0.2615
牛肉·活牛,2015-01-01,$ / CWT,2015,164.0,24.478,0.0,0.1884
牛肉·活牛,2015-02-01,$ / CWT,2015,159.0,23.731,-0.0305,0.1042
牛肉·活牛,2015-03-01,$ / CWT,2015,160.0,23.88,0.0063,0.0811
牛肉·活牛,2015-04-01,$ / CWT,2015,162.0,24.179,0.0125,0.0946
牛肉·活牛,2015-05-01,$ / CWT,2015,160.0,23.88,-0.0123,0.0959
牛肉·活牛,2015-06-01,$ / CWT,2015,155.0,23.134,-0.0312,0.0544
牛肉·活牛,2015-07-01,$ / CWT,2015,149.0,22.239,-0.0387,-0.0449
牛肉·活牛,2015-08-01,$ / CWT,2015,148.0,22.089,-0.0067,-0.0633
牛肉·活牛,2015-09-01,$ / CWT,2015,139.0,20.746,-0.0608,-0.1146
牛肉·活牛,2015-10-01,$ / CWT,2015,128.0,19.104,-0.0791,-0.205
牛肉·活牛,2015-11-01,$ / CWT,2015,129.0,19.254,0.0078,-0.2275
牛肉·活牛,2015-12-01,$ / CWT,2015,122.0,18.209,-0.0543,-0.2561
牛肉·活牛,2016-01-01,$ / CWT,2016,130.0,19.403,0.0656,-0.2073
牛肉·活牛,2016-02-01,$ / CWT,2016,132.0,19.701,0.0154,-0.1698
牛肉·活牛,2016-03-01,$ / CWT,2016,135.0,20.149,0.0227,-0.1562
牛肉·活牛,2016-04-01,$ / CWT,2016,131.0,19.552,-0.0296,-0.1914
牛肉·活牛,2016-05-01,$ / CWT,2016,128.0,19.104,-0.0229,-0.2
牛肉·活牛,2016-06-01,$ / CWT,2016,125.0,18.657,-0.0234,-0.1935
牛肉·活牛,2016-07-01,$ / CWT,2016,119.0,17.761,-0.048,-0.2013
牛肉·活牛,2016-08-01,$ / CWT,2016,117.0,17.463,-0.0168,-0.2095
牛肉·活牛,2016-09-01,$ / CWT,2016,108.0,16.119,-0.0769,-0.223
牛肉·活牛,2016-10-01,$ / CWT,2016,101.0,15.075,-0.0648,-0.2109
牛肉·活牛,2016-11-01,$ / CWT,2016,104.0,15.522,0.0297,-0.1938
牛肉·活牛,2016-12-01,$ / CWT,2016,111.0,16.567,0.0673,-0.0902
牛肉·活牛,2017-01-01,$ / CWT,2017,117.0,17.463,0.0541,-0.1
牛肉·活牛,2017-02-01,$ / CWT,2017,119.0,17.761,0.0171,-0.0985
牛肉·活牛,2017-03-01,$ / CWT,2017,125.0,18.657,0.0504,-0.0741
牛肉·活牛,2017-04-01,$ / CWT,2017,128.0,19.104,0.024,-0.0229
牛肉·活牛,2017-05-01,$ / CWT,2017,136.0,20.298,0.0625,0.0625
牛肉·活牛,2017-06-01,$ / CWT,2017,132.0,19.701,-0.0294,0.056
牛肉·活牛,2017-07-01,$ / CWT,2017,120.0,17.91,-0.0909,0.0084
牛肉·活牛,2017-08-01,$ / CWT,2017,114.0,17.015,-0.05,-0.0256
牛肉·活牛,2017-09-01,$ / CWT,2017,105.0,15.672,-0.0789,-0.0278
牛肉·活牛,2017-10-01,$ / CWT,2017,109.0,16.269,0.0381,0.0792
牛肉·活牛,2017-11-01,$ / CWT,2017,119.0,17.761,0.0917,0.1442
牛肉·活牛,2017-12-01,$ / CWT,2017,118.0,17.612,-0.0084,0.0631
牛肉·活牛,2018-01-01,$ / CWT,2018,120.0,17.91,0.0169,0.0256
牛肉·活牛,2018-02-01,$ / CWT,2018,125.0,18.657,0.0417,0.0504
牛肉·活牛,2018-03-01,$ / CWT,2018,125.0,18.657,0.0,0.0
牛肉·活牛,2018-04-01,$ / CWT,2018,119.0,17.761,-0.048,-0.0703
牛肉·活牛,2018-05-01,$ / CWT,2018,120.0,17.91,0.0084,-0.1176
牛肉·活牛,2018-06-01,$ / CWT,2018,112.0,16.716,-0.0667,-0.1515
牛肉·活牛,2018-07-01,$ / CWT,2018,110.0,16.418,-0.0179,-0.0833
牛肉·活牛,2018-08-01,$ / CWT,2018,110.0,16.418,0.0,-0.0351
牛肉·活牛,2018-09-01,$ / CWT,2018,108.0,16.119,-0.0182,0.0286
牛肉·活牛,2018-10-01,$ / CWT,2018,110.0,16.418,0.0185,0.0092
牛肉·活牛,2018-11-01,$ / CWT,2018,113.0,16.866,0.0273,-0.0504
牛肉·活牛,2018-12-01,$ / CWT,2018,117.0,17.463,0.0354,-0.0085
牛肉·活牛,2019-01-01,$ / CWT,2019,121.0,18.06,0.0342,0.0083
牛肉·活牛,2019-02-01,$ / CWT,2019,123.0,18.358,0.0165,-0.016
牛肉·活牛,2019-03-01,$ / CWT,2019,126.0,18.806,0.0244,0.008
牛肉·活牛,2019-04-01,$ / CWT,2019,125.0,18.657,-0.0079,0.0504
牛肉·活牛,2019-05-01,$ / CWT,2019,120.0,17.91,-0.04,0.0
牛肉·活牛,2019-06-01,$ / CWT,2019,114.0,17.015,-0.05,0.0179
牛肉·活牛,2019-07-01,$ / CWT,2019,112.0,16.716,-0.0175,0.0182
牛肉·活牛,2019-08-01,$ / CWT,2019,111.0,16.567,-0.0089,0.0091
牛肉·活牛,2019-09-01,$ / CWT,2019,103.0,15.373,-0.0721,-0.0463
牛肉·活牛,2019-10-01,$ / CWT,2019,107.0,15.97,0.0388,-0.0273
牛肉·活牛,2019-11-01,$ / CWT,2019,113.0,16.866,0.0561,0.0
牛肉·活牛,2019-12-01,$ / CWT,2019,118.0,17.612,0.0442,0.0085
牛肉·活牛,2020-01-01,$ / CWT,2020,122.0,18.209,0.0339,0.0083
牛肉·活牛,2020-02-01,$ / CWT,2020,120.0,17.91,-0.0164,-0.0244
牛肉·活牛,2020-03-01,$ / CWT,2020,113.0,16.866,-0.0583,-0.1032
牛肉·活牛,2020-04-01,$ / CWT,2020,108.0,16.119,-0.0442,-0.136
牛肉·活牛,2020-05-01,$ / CWT,2020,109.0,16.269,0.0093,-0.0917
牛肉·活牛,2020-06-01,$ / CWT,2020,109.0,16.269,0.0,-0.0439
牛肉·活牛,2020-07-01,$ / CWT,2020,97.1,14.492,-0.1092,-0.133
牛肉·活牛,2020-08-01,$ / CWT,2020,103.0,15.373,0.0608,-0.0721
牛肉·活牛,2020-09-01,$ / CWT,2020,104.0,15.522,0.0097,0.0097
牛肉·活牛,2020-10-01,$ / CWT,2020,106.0,15.821,0.0192,-0.0093
牛肉·活牛,2020-11-01,$ / CWT,2020,107.0,15.97,0.0094,-0.0531
牛肉·活牛,2020-12-01,$ / CWT,2020,108.0,16.119,0.0093,-0.0847
牛肉·活牛,2021-01-01,$ / CWT,2021,110.0,16.418,0.0185,-0.0984
牛肉·活牛,2021-02-01,$ / CWT,2021,112.0,16.716,0.0182,-0.0667
牛肉·活牛,2021-03-01,$ / CWT,2021,113.0,16.866,0.0089,0.0
牛肉·活牛,2021-04-01,$ / CWT,2021,118.0,17.612,0.0442,0.0926
牛肉·活牛,2021-05-01,$ / CWT,2021,118.0,17.612,0.0,0.0826
牛肉·活牛,2021-06-01,$ / CWT,2021,121.0,18.06,0.0254,0.1101
牛肉·活牛,2021-07-01,$ / CWT,2021,122.0,18.209,0.0083,0.2564
牛肉·活牛,2021-08-01,$ / CWT,2021,123.0,18.358,0.0082,0.1942
牛肉·活牛,2021-09-01,$ / CWT,2021,124.0,18.507,0.0081,0.1923
牛肉·活牛,2021-10-01,$ / CWT,2021,123.0,18.358,-0.0081,0.1604
牛肉·活牛,2021-11-01,$ / CWT,2021,129.0,19.254,0.0488,0.2056
牛肉·活牛,2021-12-01,$ / CWT,2021,137.0,20.448,0.062,0.2685
牛肉·活牛,2022-01-01,$ / CWT,2022,135.0,20.149,-0.0146,0.2273
牛肉·活牛,2022-02-01,$ / CWT,2022,137.0,20.448,0.0148,0.2232
牛肉·活牛,2022-03-01,$ / CWT,2022,139.0,20.746,0.0146,0.2301
牛肉·活牛,2022-04-01,$ / CWT,2022,139.0,20.746,0.0,0.178
牛肉·活牛,2022-05-01,$ / CWT,2022,141.0,21.045,0.0144,0.1949
牛肉·活牛,2022-06-01,$ / CWT,2022,140.0,20.895,-0.0071,0.157
牛肉·活牛,2022-07-01,$ / CWT,2022,142.0,21.194,0.0143,0.1639
牛肉·活牛,2022-08-01,$ / CWT,2022,141.0,21.045,-0.007,0.1463
牛肉·活牛,2022-09-01,$ / CWT,2022,143.0,21.343,0.0142,0.1532
牛肉·活牛,2022-10-01,$ / CWT,2022,145.0,21.642,0.014,0.1789
牛肉·活牛,2022-11-01,$ / CWT,2022,151.0,22.537,0.0414,0.1705
牛肉·活牛,2022-12-01,$ / CWT,2022,154.0,22.985,0.0199,0.1241
牛肉·活牛,2023-01-01,$ / CWT,2023,156.0,23.283,0.013,0.1556
牛肉·活牛,2023-02-01,$ / CWT,2023,158.0,23.582,0.0128,0.1533
牛肉·活牛,2023-03-01,$ / CWT,2023,164.0,24.478,0.038,0.1799
牛肉·活牛,2023-04-01,$ / CWT,2023,171.0,25.522,0.0427,0.2302
牛肉·活牛,2023-05-01,$ / CWT,2023,173.0,25.821,0.0117,0.227
牛肉·活牛,2023-06-01,$ / CWT,2023,181.0,27.015,0.0462,0.2929
牛肉·活牛,2023-07-01,$ / CWT,2023,181.0,27.015,0.0,0.2746
牛肉·活牛,2023-08-01,$ / CWT,2023,182.0,27.164,0.0055,0.2908
牛肉·活牛,2023-09-01,$ / CWT,2023,181.0,27.015,-0.0055,0.2657
牛肉·活牛,2023-10-01,$ / CWT,2023,182.0,27.164,0.0055,0.2552
牛肉·活牛,2023-11-01,$ / CWT,2023,180.0,26.866,-0.011,0.1921
牛肉·活牛,2023-12-01,$ / CWT,2023,172.0,25.672,-0.0444,0.1169
牛肉·活牛,2024-01-01,$ / CWT,2024,172.0,25.672,0.0,0.1026
牛肉·活牛,2024-02-01,$ / CWT,2024,178.0,26.567,0.0349,0.1266
牛肉·活牛,2024-03-01,$ / CWT,2024,185.0,27.612,0.0393,0.128
牛肉·活牛,2024-04-01,$ / CWT,2024,185.0,27.612,0.0,0.0819
牛肉·活牛,2024-05-01,$ / CWT,2024,186.0,27.761,0.0054,0.0751
牛肉·活牛,2024-06-01,$ / CWT,2024,189.0,28.209,0.0161,0.0442
牛肉·活牛,2024-07-01,$ / CWT,2024,193.0,28.806,0.0212,0.0663
牛肉·活牛,2024-08-01,$ / CWT,2024,190.0,28.358,-0.0155,0.044
牛肉·活牛,2024-09-01,$ / CWT,2024,183.0,27.313,-0.0368,0.011
牛肉·活牛,2024-10-01,$ / CWT,2024,187.0,27.91,0.0219,0.0275
牛肉·活牛,2024-11-01,$ / CWT,2024,188.0,28.06,0.0053,0.0444
牛肉·活牛,2024-12-01,$ / CWT,2024,190.0,28.358,0.0106,0.1047
牛肉·活牛,2025-01-01,$ / CWT,2025,199.0,29.701,0.0474,0.157
牛肉·活牛,2025-02-01,$ / CWT,2025,203.0,30.298,0.0201,0.1404
牛肉·活牛,2025-03-01,$ / CWT,2025,202.0,30.149,-0.0049,0.0919
牛肉·活牛,2025-04-01,$ / CWT,2025,208.0,31.045,0.0297,0.1243
牛肉·活牛,2025-05-01,$ / CWT,2025,219.0,32.686,0.0529,0.1774
牛肉·活牛,2025-06-01,$ / CWT,2025,228.0,34.03,0.0411,0.2063
牛肉·活牛,2025-07-01,$ / CWT,2025,229.0,34.179,0.0044,0.1865
牛肉·活牛,2025-08-01,$ / CWT,2025,236.0,35.224,0.0306,0.2421
牛肉·活牛,2025-09-01,$ / CWT,2025,238.0,35.522,0.0085,0.3005
牛肉·活牛,2025-10-01,$ / CWT,2025,232.0,34.627,-0.0252,0.2406
牛肉·活牛,2025-11-01,$ / CWT,2025,226.0,33.731,-0.0259,0.2021
牛肉·活牛,2025-12-01,$ / CWT,2025,221.0,32.985,-0.0221,0.1632
牛肉·活牛,2026-01-01,$ / CWT,2026,230.0,34.328,0.0407,0.1558
牛肉·活牛,2026-02-01,$ / CWT,2026,239.0,35.671,0.0391,0.1773
牛肉·活牛,2026-03-01,$ / CWT,2026,236.0,35.224,-0.0126,0.1683
牛肉·活牛,2026-04-01,$ / CWT,2026,242.0,36.119,0.0254,0.1635
牛肉·活牛,2026-05-01,$ / CWT,2026,252.0,37.612,0.0413,0.1507
牛肉·活牛,2026-06-01,$ / CWT,2026,254.0,37.91,0.0079,0.114
生猪,1909-08-01,$ / CWT,1909,6.97,1.04,,
生猪,1909-09-01,$ / CWT,1909,7.18,1.072,0.0301,
生猪,1909-10-01,$ / CWT,1909,7.04,1.051,-0.0195,
生猪,1909-11-01,$ / CWT,1909,7.23,1.079,0.027,
生猪,1909-12-01,$ / CWT,1909,7.54,1.125,0.0429,
生猪,1910-01-01,$ / CWT,1910,7.84,1.17,0.0398,
生猪,1910-02-01,$ / CWT,1910,7.97,1.19,0.0166,
生猪,1910-03-01,$ / CWT,1910,9.29,1.387,0.1656,
生猪,1910-04-01,$ / CWT,1910,9.44,1.409,0.0161,
生猪,1910-05-01,$ / CWT,1910,8.65,1.291,-0.0837,
生猪,1910-06-01,$ / CWT,1910,8.65,1.291,0.0,
生猪,1910-07-01,$ / CWT,1910,8.2,1.224,-0.052,
生猪,1910-08-01,$ / CWT,1910,7.73,1.154,-0.0573,0.109
生猪,1910-09-01,$ / CWT,1910,8.38,1.251,0.0841,0.1671
生猪,1910-10-01,$ / CWT,1910,8.05,1.201,-0.0394,0.1435
生猪,1910-11-01,$ / CWT,1910,7.14,1.066,-0.113,-0.0124
生猪,1910-12-01,$ / CWT,1910,6.97,1.04,-0.0238,-0.0756
生猪,1911-01-01,$ / CWT,1911,7.38,1.101,0.0588,-0.0587
生猪,1911-02-01,$ / CWT,1911,6.93,1.034,-0.061,-0.1305
生猪,1911-03-01,$ / CWT,1911,6.5,0.97,-0.062,-0.3003
生猪,1911-04-01,$ / CWT,1911,5.95,0.888,-0.0846,-0.3697
生猪,1911-05-01,$ / CWT,1911,5.52,0.824,-0.0723,-0.3618
生猪,1911-06-01,$ / CWT,1911,5.49,0.819,-0.0054,-0.3653
生猪,1911-07-01,$ / CWT,1911,5.86,0.875,0.0674,-0.2854
生猪,1911-08-01,$ / CWT,1911,6.64,0.991,0.1331,-0.141
生猪,1911-09-01,$ / CWT,1911,6.55,0.978,-0.0136,-0.2184
生猪,1911-10-01,$ / CWT,1911,5.97,0.891,-0.0885,-0.2584
生猪,1911-11-01,$ / CWT,1911,5.74,0.857,-0.0385,-0.1961
生猪,1911-12-01,$ / CWT,1911,5.62,0.839,-0.0209,-0.1937
生猪,1912-01-01,$ / CWT,1912,5.69,0.849,0.0125,-0.229
生猪,1912-02-01,$ / CWT,1912,5.73,0.855,0.007,-0.1732
生猪,1912-03-01,$ / CWT,1912,5.95,0.888,0.0384,-0.0846
生猪,1912-04-01,$ / CWT,1912,6.97,1.04,0.1714,0.1714
生猪,1912-05-01,$ / CWT,1912,6.96,1.039,-0.0014,0.2609
生猪,1912-06-01,$ / CWT,1912,6.79,1.013,-0.0244,0.2368
生猪,1912-07-01,$ / CWT,1912,6.78,1.012,-0.0015,0.157
生猪,1912-08-01,$ / CWT,1912,7.34,1.096,0.0826,0.1054
生猪,1912-09-01,$ / CWT,1912,7.7,1.149,0.049,0.1756
生猪,1912-10-01,$ / CWT,1912,7.99,1.193,0.0377,0.3384
生猪,1912-11-01,$ / CWT,1912,7.17,1.07,-0.1026,0.2491
生猪,1912-12-01,$ / CWT,1912,6.95,1.037,-0.0307,0.2367
生猪,1913-01-01,$ / CWT,1913,6.83,1.019,-0.0173,0.2004
生猪,1913-02-01,$ / CWT,1913,7.33,1.094,0.0732,0.2792
生猪,1913-03-01,$ / CWT,1913,7.89,1.178,0.0764,0.3261
生猪,1913-04-01,$ / CWT,1913,8.26,1.233,0.0469,0.1851
生猪,1913-05-01,$ / CWT,1913,7.63,1.139,-0.0763,0.0963
生猪,1913-06-01,$ / CWT,1913,7.83,1.169,0.0262,0.1532
生猪,1913-07-01,$ / CWT,1913,8.07,1.204,0.0307,0.1903
生猪,1913-08-01,$ / CWT,1913,7.9,1.179,-0.0211,0.0763
生猪,1913-09-01,$ / CWT,1913,7.75,1.157,-0.019,0.0065
生猪,1913-10-01,$ / CWT,1913,7.61,1.136,-0.0181,-0.0476
生猪,1913-11-01,$ / CWT,1913,7.27,1.085,-0.0447,0.0139
生猪,1913-12-01,$ / CWT,1913,7.09,1.058,-0.0248,0.0201
生猪,1914-01-01,$ / CWT,1914,7.49,1.118,0.0564,0.0966
生猪,1914-02-01,$ / CWT,1914,7.86,1.173,0.0494,0.0723
生猪,1914-03-01,$ / CWT,1914,7.93,1.184,0.0089,0.0051
生猪,1914-04-01,$ / CWT,1914,7.95,1.187,0.0025,-0.0375
生猪,1914-05-01,$ / CWT,1914,7.72,1.152,-0.0289,0.0118
生猪,1914-06-01,$ / CWT,1914,7.46,1.113,-0.0337,-0.0473
生猪,1914-07-01,$ / CWT,1914,7.84,1.17,0.0509,-0.0285
生猪,1914-08-01,$ / CWT,1914,8.24,1.23,0.051,0.043
生猪,1914-09-01,$ / CWT,1914,8.19,1.222,-0.0061,0.0568
生猪,1914-10-01,$ / CWT,1914,7.29,1.088,-0.1099,-0.042
生猪,1914-11-01,$ / CWT,1914,6.86,1.024,-0.059,-0.0564
生猪,1914-12-01,$ / CWT,1914,6.51,0.972,-0.051,-0.0818
生猪,1915-01-01,$ / CWT,1915,6.42,0.958,-0.0138,-0.1429
生猪,1915-02-01,$ / CWT,1915,6.19,0.924,-0.0358,-0.2125
生猪,1915-03-01,$ / CWT,1915,6.21,0.927,0.0032,-0.2169
生猪,1915-04-01,$ / CWT,1915,6.44,0.961,0.037,-0.1899
生猪,1915-05-01,$ / CWT,1915,6.8,1.015,0.0559,-0.1192
生猪,1915-06-01,$ / CWT,1915,6.85,1.022,0.0074,-0.0818
生猪,1915-07-01,$ / CWT,1915,6.85,1.022,0.0,-0.1263
生猪,1915-08-01,$ / CWT,1915,6.53,0.975,-0.0467,-0.2075
生猪,1915-09-01,$ / CWT,1915,6.76,1.009,0.0352,-0.1746
生猪,1915-10-01,$ / CWT,1915,7.3,1.09,0.0799,0.0014
生猪,1915-11-01,$ / CWT,1915,6.2,0.925,-0.1507,-0.0962
生猪,1915-12-01,$ / CWT,1915,5.86,0.875,-0.0548,-0.0998
生猪,1916-01-01,$ / CWT,1916,6.24,0.931,0.0648,-0.028
生猪,1916-02-01,$ / CWT,1916,7.25,1.082,0.1619,0.1712
生猪,1916-03-01,$ / CWT,1916,8.58,1.281,0.1834,0.3816
生猪,1916-04-01,$ / CWT,1916,8.62,1.287,0.0047,0.3385
生猪,1916-05-01,$ / CWT,1916,8.77,1.309,0.0174,0.2897
生猪,1916-06-01,$ / CWT,1916,8.54,1.275,-0.0262,0.2467
生猪,1916-07-01,$ / CWT,1916,8.8,1.313,0.0304,0.2847
生猪,1916-08-01,$ / CWT,1916,9.01,1.345,0.0239,0.3798
生猪,1916-09-01,$ / CWT,1916,9.65,1.44,0.071,0.4275
生猪,1916-10-01,$ / CWT,1916,8.82,1.316,-0.086,0.2082
生猪,1916-11-01,$ / CWT,1916,8.9,1.328,0.0091,0.4355
生猪,1916-12-01,$ / CWT,1916,8.95,1.336,0.0056,0.5273
生猪,1917-01-01,$ / CWT,1917,9.52,1.421,0.0637,0.5256
生猪,1917-02-01,$ / CWT,1917,11.0,1.642,0.1555,0.5172
生猪,1917-03-01,$ / CWT,1917,13.3,1.985,0.2091,0.5501
生猪,1917-04-01,$ / CWT,1917,14.6,2.179,0.0977,0.6937
生猪,1917-05-01,$ / CWT,1917,14.6,2.179,0.0,0.6648
生猪,1917-06-01,$ / CWT,1917,14.4,2.149,-0.0137,0.6862
生猪,1917-07-01,$ / CWT,1917,14.1,2.104,-0.0208,0.6023
生猪,1917-08-01,$ / CWT,1917,15.2,2.269,0.078,0.687
生猪,1917-09-01,$ / CWT,1917,16.5,2.463,0.0855,0.7098
生猪,1917-10-01,$ / CWT,1917,16.7,2.493,0.0121,0.8934
生猪,1917-11-01,$ / CWT,1917,15.6,2.328,-0.0659,0.7528
生猪,1917-12-01,$ / CWT,1917,16.0,2.388,0.0256,0.7877
生猪,1918-01-01,$ / CWT,1918,15.4,2.298,-0.0375,0.6176
生猪,1918-02-01,$ / CWT,1918,15.2,2.269,-0.013,0.3818
生猪,1918-03-01,$ / CWT,1918,15.9,2.373,0.0461,0.1955
生猪,1918-04-01,$ / CWT,1918,16.1,2.403,0.0126,0.1027
生猪,1918-05-01,$ / CWT,1918,16.3,2.433,0.0124,0.1164
生猪,1918-06-01,$ / CWT,1918,15.7,2.343,-0.0368,0.0903
生猪,1918-07-01,$ / CWT,1918,16.0,2.388,0.0191,0.1348
生猪,1918-08-01,$ / CWT,1918,17.6,2.627,0.1,0.1579
生猪,1918-09-01,$ / CWT,1918,18.2,2.716,0.0341,0.103
生猪,1918-10-01,$ / CWT,1918,16.8,2.507,-0.0769,0.006
生猪,1918-11-01,$ / CWT,1918,16.1,2.403,-0.0417,0.0321
生猪,1918-12-01,$ / CWT,1918,16.1,2.403,0.0,0.0063
生猪,1919-01-01,$ / CWT,1919,16.1,2.403,0.0,0.0455
生猪,1919-02-01,$ / CWT,1919,16.0,2.388,-0.0062,0.0526
生猪,1919-03-01,$ / CWT,1919,16.8,2.507,0.05,0.0566
生猪,1919-04-01,$ / CWT,1919,18.3,2.731,0.0893,0.1366
生猪,1919-05-01,$ / CWT,1919,18.9,2.821,0.0328,0.1595
生猪,1919-06-01,$ / CWT,1919,18.7,2.791,-0.0106,0.1911
生猪,1919-07-01,$ / CWT,1919,20.1,3.0,0.0749,0.2563
生猪,1919-08-01,$ / CWT,1919,19.9,2.97,-0.01,0.1307
生猪,1919-09-01,$ / CWT,1919,15.8,2.358,-0.206,-0.1319
生猪,1919-10-01,$ / CWT,1919,13.7,2.045,-0.1329,-0.1845
生猪,1919-11-01,$ / CWT,1919,13.3,1.985,-0.0292,-0.1739
生猪,1919-12-01,$ / CWT,1919,12.4,1.851,-0.0677,-0.2298
生猪,1920-01-01,$ / CWT,1920,13.3,1.985,0.0726,-0.1739
生猪,1920-02-01,$ / CWT,1920,13.6,2.03,0.0226,-0.15
生猪,1920-03-01,$ / CWT,1920,13.7,2.045,0.0074,-0.1845
生猪,1920-04-01,$ / CWT,1920,13.7,2.045,0.0,-0.2514
生猪,1920-05-01,$ / CWT,1920,13.4,2.0,-0.0219,-0.291
生猪,1920-06-01,$ / CWT,1920,13.2,1.97,-0.0149,-0.2941
生猪,1920-07-01,$ / CWT,1920,13.8,2.06,0.0455,-0.3134
生猪,1920-08-01,$ / CWT,1920,13.8,2.06,0.0,-0.3065
生猪,1920-09-01,$ / CWT,1920,14.3,2.134,0.0362,-0.0949
生猪,1920-10-01,$ / CWT,1920,13.7,2.045,-0.042,0.0
生猪,1920-11-01,$ / CWT,1920,11.6,1.731,-0.1533,-0.1278
生猪,1920-12-01,$ / CWT,1920,8.5,1.269,-0.2672,-0.3145
生猪,1921-01-01,$ / CWT,1921,8.38,1.251,-0.0141,-0.3699
生猪,1921-02-01,$ / CWT,1921,8.37,1.249,-0.0012,-0.3846
生猪,1921-03-01,$ / CWT,1921,9.16,1.367,0.0944,-0.3314
生猪,1921-04-01,$ / CWT,1921,7.74,1.155,-0.155,-0.435
生猪,1921-05-01,$ / CWT,1921,7.47,1.115,-0.0349,-0.4425
生猪,1921-06-01,$ / CWT,1921,7.01,1.046,-0.0616,-0.4689
生猪,1921-07-01,$ / CWT,1921,8.16,1.218,0.1641,-0.4087
生猪,1921-08-01,$ / CWT,1921,8.87,1.324,0.087,-0.3572
生猪,1921-09-01,$ / CWT,1921,7.24,1.081,-0.1838,-0.4937
生猪,1921-10-01,$ / CWT,1921,6.99,1.043,-0.0345,-0.4898
生猪,1921-11-01,$ / CWT,1921,6.28,0.937,-0.1016,-0.4586
生猪,1921-12-01,$ / CWT,1921,6.15,0.918,-0.0207,-0.2765
生猪,1922-01-01,$ / CWT,1922,6.78,1.012,0.1024,-0.1909
生猪,1922-02-01,$ / CWT,1922,8.54,1.275,0.2596,0.0203
生猪,1922-03-01,$ / CWT,1922,9.4,1.403,0.1007,0.0262
生猪,1922-04-01,$ / CWT,1922,9.14,1.364,-0.0277,0.1809
生猪,1922-05-01,$ / CWT,1922,9.35,1.396,0.023,0.2517
生猪,1922-06-01,$ / CWT,1922,9.38,1.4,0.0032,0.3381
生猪,1922-07-01,$ / CWT,1922,9.31,1.39,-0.0075,0.1409
生猪,1922-08-01,$ / CWT,1922,8.52,1.272,-0.0849,-0.0395
生猪,1922-09-01,$ / CWT,1922,8.12,1.212,-0.0469,0.1215
生猪,1922-10-01,$ / CWT,1922,8.28,1.236,0.0197,0.1845
生猪,1922-11-01,$ / CWT,1922,7.53,1.124,-0.0906,0.199
生猪,1922-12-01,$ / CWT,1922,7.45,1.112,-0.0106,0.2114
生猪,1923-01-01,$ / CWT,1923,7.68,1.146,0.0309,0.1327
生猪,1923-02-01,$ / CWT,1923,7.55,1.127,-0.0169,-0.1159
生猪,1923-03-01,$ / CWT,1923,7.44,1.11,-0.0146,-0.2085
生猪,1923-04-01,$ / CWT,1923,7.39,1.103,-0.0067,-0.1915
生猪,1923-05-01,$ / CWT,1923,6.99,1.043,-0.0541,-0.2524
生猪,1923-06-01,$ / CWT,1923,6.09,0.909,-0.1288,-0.3507
生猪,1923-07-01,$ / CWT,1923,6.45,0.963,0.0591,-0.3072
生猪,1923-08-01,$ / CWT,1923,6.72,1.003,0.0419,-0.2113
生猪,1923-09-01,$ / CWT,1923,7.81,1.166,0.1622,-0.0382
生猪,1923-10-01,$ / CWT,1923,7.03,1.049,-0.0999,-0.151
生猪,1923-11-01,$ / CWT,1923,6.34,0.946,-0.0982,-0.158
生猪,1923-12-01,$ / CWT,1923,6.08,0.907,-0.041,-0.1839
生猪,1924-01-01,$ / CWT,1924,6.42,0.958,0.0559,-0.1641
生猪,1924-02-01,$ / CWT,1924,6.37,0.951,-0.0078,-0.1563
生猪,1924-03-01,$ / CWT,1924,6.5,0.97,0.0204,-0.1263
生猪,1924-04-01,$ / CWT,1924,6.6,0.985,0.0154,-0.1069
生猪,1924-05-01,$ / CWT,1924,6.59,0.984,-0.0015,-0.0572
生猪,1924-06-01,$ / CWT,1924,6.43,0.96,-0.0243,0.0558
生猪,1924-07-01,$ / CWT,1924,6.5,0.97,0.0109,0.0078
生猪,1924-08-01,$ / CWT,1924,8.62,1.287,0.3262,0.2827
生猪,1924-09-01,$ / CWT,1924,8.57,1.279,-0.0058,0.0973
生猪,1924-10-01,$ / CWT,1924,9.61,1.434,0.1214,0.367
生猪,1924-11-01,$ / CWT,1924,8.54,1.275,-0.1113,0.347
生猪,1924-12-01,$ / CWT,1924,8.27,1.234,-0.0316,0.3602
生猪,1925-01-01,$ / CWT,1925,9.32,1.391,0.127,0.4517
生猪,1925-02-01,$ / CWT,1925,9.66,1.442,0.0365,0.5165
生猪,1925-03-01,$ / CWT,1925,12.2,1.821,0.2629,0.8769
生猪,1925-04-01,$ / CWT,1925,11.9,1.776,-0.0246,0.803
生猪,1925-05-01,$ / CWT,1925,10.9,1.627,-0.084,0.654
生猪,1925-06-01,$ / CWT,1925,10.9,1.627,0.0,0.6952
生猪,1925-07-01,$ / CWT,1925,12.3,1.836,0.1284,0.8923
生猪,1925-08-01,$ / CWT,1925,12.4,1.851,0.0081,0.4385
生猪,1925-09-01,$ / CWT,1925,11.6,1.731,-0.0645,0.3536
生猪,1925-10-01,$ / CWT,1925,11.1,1.657,-0.0431,0.155
生猪,1925-11-01,$ / CWT,1925,10.5,1.567,-0.0541,0.2295
生猪,1925-12-01,$ / CWT,1925,10.4,1.552,-0.0095,0.2576
生猪,1926-01-01,$ / CWT,1926,11.0,1.642,0.0577,0.1803
生猪,1926-02-01,$ / CWT,1926,11.9,1.776,0.0818,0.2319
生猪,1926-03-01,$ / CWT,1926,11.8,1.761,-0.0084,-0.0328
生猪,1926-04-01,$ / CWT,1926,11.5,1.716,-0.0254,-0.0336
生猪,1926-05-01,$ / CWT,1926,12.1,1.806,0.0522,0.1101
生猪,1926-06-01,$ / CWT,1926,13.0,1.94,0.0744,0.1927
生猪,1926-07-01,$ / CWT,1926,12.8,1.91,-0.0154,0.0407
生猪,1926-08-01,$ / CWT,1926,11.6,1.731,-0.0938,-0.0645
生猪,1926-09-01,$ / CWT,1926,12.1,1.806,0.0431,0.0431
生猪,1926-10-01,$ / CWT,1926,12.1,1.806,0.0,0.0901
生猪,1926-11-01,$ / CWT,1926,11.4,1.701,-0.0579,0.0857
生猪,1926-12-01,$ / CWT,1926,10.9,1.627,-0.0439,0.0481
生猪,1927-01-01,$ / CWT,1927,11.0,1.642,0.0092,0.0
生猪,1927-02-01,$ / CWT,1927,11.2,1.672,0.0182,-0.0588
生猪,1927-03-01,$ / CWT,1927,10.9,1.627,-0.0268,-0.0763
生猪,1927-04-01,$ / CWT,1927,10.4,1.552,-0.0459,-0.0957
生猪,1927-05-01,$ / CWT,1927,9.35,1.396,-0.101,-0.2273
生猪,1927-06-01,$ / CWT,1927,8.23,1.228,-0.1198,-0.3669
生猪,1927-07-01,$ / CWT,1927,8.45,1.261,0.0267,-0.3398
生猪,1927-08-01,$ / CWT,1927,9.18,1.37,0.0864,-0.2086
生猪,1927-09-01,$ / CWT,1927,9.78,1.46,0.0654,-0.1917
生猪,1927-10-01,$ / CWT,1927,10.2,1.522,0.0429,-0.157
生猪,1927-11-01,$ / CWT,1927,8.9,1.328,-0.1275,-0.2193
生猪,1927-12-01,$ / CWT,1927,8.01,1.196,-0.1,-0.2651
生猪,1928-01-01,$ / CWT,1928,7.72,1.152,-0.0362,-0.2982
生猪,1928-02-01,$ / CWT,1928,7.55,1.127,-0.022,-0.3259
生猪,1928-03-01,$ / CWT,1928,7.45,1.112,-0.0132,-0.3165
生猪,1928-04-01,$ / CWT,1928,7.84,1.17,0.0523,-0.2462
生猪,1928-05-01,$ / CWT,1928,8.95,1.336,0.1416,-0.0428
生猪,1928-06-01,$ / CWT,1928,8.18,1.221,-0.086,-0.0061
生猪,1928-07-01,$ / CWT,1928,9.81,1.464,0.1993,0.1609
生猪,1928-08-01,$ / CWT,1928,10.2,1.522,0.0398,0.1111
生猪,1928-09-01,$ / CWT,1928,11.4,1.701,0.1176,0.1656
生猪,1928-10-01,$ / CWT,1928,9.55,1.425,-0.1623,-0.0637
生猪,1928-11-01,$ / CWT,1928,8.46,1.263,-0.1141,-0.0494
生猪,1928-12-01,$ / CWT,1928,7.89,1.178,-0.0674,-0.015
生猪,1929-01-01,$ / CWT,1929,8.18,1.221,0.0368,0.0596
生猪,1929-02-01,$ / CWT,1929,8.99,1.342,0.099,0.1907
生猪,1929-03-01,$ / CWT,1929,10.3,1.537,0.1457,0.3826
生猪,1929-04-01,$ / CWT,1929,10.5,1.567,0.0194,0.3393
生猪,1929-05-01,$ / CWT,1929,10.1,1.507,-0.0381,0.1285
生猪,1929-06-01,$ / CWT,1929,9.92,1.481,-0.0178,0.2127
生猪,1929-07-01,$ / CWT,1929,10.5,1.567,0.0585,0.0703
生猪,1929-08-01,$ / CWT,1929,10.4,1.552,-0.0095,0.0196
生猪,1929-09-01,$ / CWT,1929,9.56,1.427,-0.0808,-0.1614
生猪,1929-10-01,$ / CWT,1929,9.08,1.355,-0.0502,-0.0492
生猪,1929-11-01,$ / CWT,1929,8.48,1.266,-0.0661,0.0024
生猪,1929-12-01,$ / CWT,1929,8.5,1.269,0.0024,0.0773
生猪,1930-01-01,$ / CWT,1930,8.84,1.319,0.04,0.0807
生猪,1930-02-01,$ / CWT,1930,9.55,1.425,0.0803,0.0623
生猪,1930-03-01,$ / CWT,1930,9.71,1.449,0.0168,-0.0573
生猪,1930-04-01,$ / CWT,1930,9.26,1.382,-0.0463,-0.1181
生猪,1930-05-01,$ / CWT,1930,9.06,1.352,-0.0216,-0.103
生猪,1930-06-01,$ / CWT,1930,9.17,1.369,0.0121,-0.0756
生猪,1930-07-01,$ / CWT,1930,8.38,1.251,-0.0862,-0.2019
生猪,1930-08-01,$ / CWT,1930,8.58,1.281,0.0239,-0.175
生猪,1930-09-01,$ / CWT,1930,9.55,1.425,0.1131,-0.001
生猪,1930-10-01,$ / CWT,1930,8.82,1.316,-0.0764,-0.0286
生猪,1930-11-01,$ / CWT,1930,8.17,1.219,-0.0737,-0.0366
生猪,1930-12-01,$ / CWT,1930,7.4,1.104,-0.0942,-0.1294
生猪,1931-01-01,$ / CWT,1931,7.21,1.076,-0.0257,-0.1844
生猪,1931-02-01,$ / CWT,1931,6.74,1.006,-0.0652,-0.2942
生猪,1931-03-01,$ / CWT,1931,6.91,1.031,0.0252,-0.2884
生猪,1931-04-01,$ / CWT,1931,6.88,1.027,-0.0043,-0.257
生猪,1931-05-01,$ / CWT,1931,6.26,0.934,-0.0901,-0.3091
生猪,1931-06-01,$ / CWT,1931,5.58,0.833,-0.1086,-0.3915
生猪,1931-07-01,$ / CWT,1931,6.16,0.919,0.1039,-0.2649
生猪,1931-08-01,$ / CWT,1931,6.2,0.925,0.0065,-0.2774
生猪,1931-09-01,$ / CWT,1931,5.35,0.799,-0.1371,-0.4398
生猪,1931-10-01,$ / CWT,1931,4.58,0.684,-0.1439,-0.4807
生猪,1931-11-01,$ / CWT,1931,4.21,0.628,-0.0808,-0.4847
生猪,1931-12-01,$ / CWT,1931,3.58,0.534,-0.1496,-0.5162
生猪,1932-01-01,$ / CWT,1932,3.61,0.539,0.0084,-0.4993
生猪,1932-02-01,$ / CWT,1932,3.4,0.507,-0.0582,-0.4955
生猪,1932-03-01,$ / CWT,1932,3.87,0.578,0.1382,-0.4399
生猪,1932-04-01,$ / CWT,1932,3.51,0.524,-0.093,-0.4898
生猪,1932-05-01,$ / CWT,1932,2.83,0.422,-0.1937,-0.5479
生猪,1932-06-01,$ / CWT,1932,2.71,0.404,-0.0424,-0.5143
生猪,1932-07-01,$ / CWT,1932,4.27,0.637,0.5756,-0.3068
生猪,1932-08-01,$ / CWT,1932,4.05,0.604,-0.0515,-0.3468
生猪,1932-09-01,$ / CWT,1932,3.73,0.557,-0.079,-0.3028
生猪,1932-10-01,$ / CWT,1932,3.14,0.469,-0.1582,-0.3144
生猪,1932-11-01,$ / CWT,1932,2.55,0.381,-0.1879,-0.3943
生猪,1932-12-01,$ / CWT,1932,2.6,0.388,0.0196,-0.2737
生猪,1933-01-01,$ / CWT,1933,2.59,0.387,-0.0038,-0.2825
生猪,1933-02-01,$ / CWT,1933,2.92,0.436,0.1274,-0.1412
生猪,1933-03-01,$ / CWT,1933,3.21,0.479,0.0993,-0.1705
生猪,1933-04-01,$ / CWT,1933,3.2,0.478,-0.0031,-0.0883
生猪,1933-05-01,$ / CWT,1933,3.94,0.588,0.2312,0.3922
生猪,1933-06-01,$ / CWT,1933,3.99,0.596,0.0127,0.4723
生猪,1933-07-01,$ / CWT,1933,4.0,0.597,0.0025,-0.0632
生猪,1933-08-01,$ / CWT,1933,3.77,0.563,-0.0575,-0.0691
生猪,1933-09-01,$ / CWT,1933,3.7,0.552,-0.0186,-0.008
生猪,1933-10-01,$ / CWT,1933,4.19,0.625,0.1324,0.3344
生猪,1933-11-01,$ / CWT,1933,3.66,0.546,-0.1265,0.4353
生猪,1933-12-01,$ / CWT,1933,2.7,0.403,-0.2623,0.0385
生猪,1934-01-01,$ / CWT,1934,2.95,0.44,0.0926,0.139
生猪,1934-02-01,$ / CWT,1934,3.86,0.576,0.3085,0.3219
生猪,1934-03-01,$ / CWT,1934,3.85,0.575,-0.0026,0.1994
生猪,1934-04-01,$ / CWT,1934,3.42,0.51,-0.1117,0.0687
生猪,1934-05-01,$ / CWT,1934,3.06,0.457,-0.1053,-0.2234
生猪,1934-06-01,$ / CWT,1934,3.48,0.519,0.1373,-0.1278
生猪,1934-07-01,$ / CWT,1934,3.98,0.594,0.1437,-0.005
生猪,1934-08-01,$ / CWT,1934,4.68,0.699,0.1759,0.2414
生猪,1934-09-01,$ / CWT,1934,6.1,0.91,0.3034,0.6486
生猪,1934-10-01,$ / CWT,1934,5.13,0.766,-0.159,0.2243
生猪,1934-11-01,$ / CWT,1934,4.98,0.743,-0.0292,0.3607
生猪,1934-12-01,$ / CWT,1934,5.1,0.761,0.0241,0.8889
生猪,1935-01-01,$ / CWT,1935,7.05,1.052,0.3824,1.3898
生猪,1935-02-01,$ / CWT,1935,7.36,1.099,0.044,0.9067
生猪,1935-03-01,$ / CWT,1935,8.46,1.263,0.1495,1.1974
生猪,1935-04-01,$ / CWT,1935,8.17,1.219,-0.0343,1.3889
生猪,1935-05-01,$ / CWT,1935,8.23,1.228,0.0073,1.6895
生猪,1935-06-01,$ / CWT,1935,8.66,1.293,0.0522,1.4885
生猪,1935-07-01,$ / CWT,1935,8.72,1.301,0.0069,1.191
生猪,1935-08-01,$ / CWT,1935,10.6,1.582,0.2156,1.265
生猪,1935-09-01,$ / CWT,1935,10.6,1.582,0.0,0.7377
生猪,1935-10-01,$ / CWT,1935,9.71,1.449,-0.084,0.8928
生猪,1935-11-01,$ / CWT,1935,8.57,1.279,-0.1174,0.7209
生猪,1935-12-01,$ / CWT,1935,8.8,1.313,0.0268,0.7255
生猪,1936-01-01,$ / CWT,1936,9.09,1.357,0.033,0.2894
生猪,1936-02-01,$ / CWT,1936,9.62,1.436,0.0583,0.3071
生猪,1936-03-01,$ / CWT,1936,9.44,1.409,-0.0187,0.1158
生猪,1936-04-01,$ / CWT,1936,9.68,1.445,0.0254,0.1848
生猪,1936-05-01,$ / CWT,1936,8.71,1.3,-0.1002,0.0583
生猪,1936-06-01,$ / CWT,1936,9.1,1.358,0.0448,0.0508
生猪,1936-07-01,$ / CWT,1936,9.84,1.469,0.0813,0.1284
生猪,1936-08-01,$ / CWT,1936,10.1,1.507,0.0264,-0.0472
生猪,1936-09-01,$ / CWT,1936,9.84,1.469,-0.0257,-0.0717
生猪,1936-10-01,$ / CWT,1936,9.24,1.379,-0.061,-0.0484
生猪,1936-11-01,$ / CWT,1936,8.78,1.31,-0.0498,0.0245
生猪,1936-12-01,$ / CWT,1936,9.19,1.372,0.0467,0.0443
生猪,1937-01-01,$ / CWT,1937,9.58,1.43,0.0424,0.0539
生猪,1937-02-01,$ / CWT,1937,9.38,1.4,-0.0209,-0.0249
生猪,1937-03-01,$ / CWT,1937,9.38,1.4,0.0,-0.0064
生猪,1937-04-01,$ / CWT,1937,9.21,1.375,-0.0181,-0.0486
生猪,1937-05-01,$ / CWT,1937,9.63,1.437,0.0456,0.1056
生猪,1937-06-01,$ / CWT,1937,10.2,1.522,0.0592,0.1209
生猪,1937-07-01,$ / CWT,1937,11.0,1.642,0.0784,0.1179
生猪,1937-08-01,$ / CWT,1937,11.8,1.761,0.0727,0.1683
生猪,1937-09-01,$ / CWT,1937,10.8,1.612,-0.0847,0.0976
生猪,1937-10-01,$ / CWT,1937,9.92,1.481,-0.0815,0.0736
生猪,1937-11-01,$ / CWT,1937,8.26,1.233,-0.1673,-0.0592
生猪,1937-12-01,$ / CWT,1937,7.55,1.127,-0.086,-0.1785
生猪,1938-01-01,$ / CWT,1938,7.66,1.143,0.0146,-0.2004
生猪,1938-02-01,$ / CWT,1938,7.83,1.169,0.0222,-0.1652
生猪,1938-03-01,$ / CWT,1938,8.53,1.273,0.0894,-0.0906
生猪,1938-04-01,$ / CWT,1938,7.85,1.172,-0.0797,-0.1477
生猪,1938-05-01,$ / CWT,1938,7.43,1.109,-0.0535,-0.2285
生猪,1938-06-01,$ / CWT,1938,8.14,1.215,0.0956,-0.202
生猪,1938-07-01,$ / CWT,1938,8.71,1.3,0.07,-0.2082
生猪,1938-08-01,$ / CWT,1938,7.85,1.172,-0.0987,-0.3347
生猪,1938-09-01,$ / CWT,1938,8.19,1.222,0.0433,-0.2417
生猪,1938-10-01,$ / CWT,1938,7.25,1.082,-0.1148,-0.2692
生猪,1938-11-01,$ / CWT,1938,7.27,1.085,0.0028,-0.1199
生猪,1938-12-01,$ / CWT,1938,6.91,1.031,-0.0495,-0.0848
生猪,1939-01-01,$ / CWT,1939,6.97,1.04,0.0087,-0.0901
生猪,1939-02-01,$ / CWT,1939,7.3,1.09,0.0473,-0.0677
生猪,1939-03-01,$ / CWT,1939,7.14,1.066,-0.0219,-0.163
生猪,1939-04-01,$ / CWT,1939,6.59,0.984,-0.077,-0.1605
生猪,1939-05-01,$ / CWT,1939,6.34,0.946,-0.0379,-0.1467
生猪,1939-06-01,$ / CWT,1939,5.91,0.882,-0.0678,-0.274
生猪,1939-07-01,$ / CWT,1939,5.96,0.89,0.0085,-0.3157
生猪,1939-08-01,$ / CWT,1939,5.3,0.791,-0.1107,-0.3248
生猪,1939-09-01,$ / CWT,1939,6.88,1.027,0.2981,-0.16
生猪,1939-10-01,$ / CWT,1939,6.5,0.97,-0.0552,-0.1034
生猪,1939-11-01,$ / CWT,1939,5.82,0.869,-0.1046,-0.1994
生猪,1939-12-01,$ / CWT,1939,4.97,0.742,-0.146,-0.2808
生猪,1940-01-01,$ / CWT,1940,5.17,0.772,0.0402,-0.2582
生猪,1940-02-01,$ / CWT,1940,4.96,0.74,-0.0406,-0.3205
生猪,1940-03-01,$ / CWT,1940,4.87,0.727,-0.0181,-0.3179
生猪,1940-04-01,$ / CWT,1940,4.91,0.733,0.0082,-0.2549
生猪,1940-05-01,$ / CWT,1940,5.37,0.801,0.0937,-0.153
生猪,1940-06-01,$ / CWT,1940,4.78,0.713,-0.1099,-0.1912
生猪,1940-07-01,$ / CWT,1940,5.84,0.872,0.2218,-0.0201
生猪,1940-08-01,$ / CWT,1940,5.9,0.881,0.0103,0.1132
生猪,1940-09-01,$ / CWT,1940,6.2,0.925,0.0508,-0.0988
生猪,1940-10-01,$ / CWT,1940,5.85,0.873,-0.0565,-0.1
生猪,1940-11-01,$ / CWT,1940,5.61,0.837,-0.041,-0.0361
生猪,1940-12-01,$ / CWT,1940,5.61,0.837,0.0,0.1288
生猪,1941-01-01,$ / CWT,1941,7.47,1.115,0.3316,0.4449
生猪,1941-02-01,$ / CWT,1941,7.29,1.088,-0.0241,0.4698
生猪,1941-03-01,$ / CWT,1941,7.16,1.069,-0.0178,0.4702
生猪,1941-04-01,$ / CWT,1941,8.16,1.218,0.1397,0.6619
生猪,1941-05-01,$ / CWT,1941,8.31,1.24,0.0184,0.5475
生猪,1941-06-01,$ / CWT,1941,9.12,1.361,0.0975,0.9079
生猪,1941-07-01,$ / CWT,1941,10.3,1.537,0.1294,0.7637
生猪,1941-08-01,$ / CWT,1941,10.5,1.567,0.0194,0.7797
生猪,1941-09-01,$ / CWT,1941,11.2,1.672,0.0667,0.8065
生猪,1941-10-01,$ / CWT,1941,10.1,1.507,-0.0982,0.7265
生猪,1941-11-01,$ / CWT,1941,9.7,1.448,-0.0396,0.7291
生猪,1941-12-01,$ / CWT,1941,10.3,1.537,0.0619,0.836
生猪,1942-01-01,$ / CWT,1942,10.7,1.597,0.0388,0.4324
生猪,1942-02-01,$ / CWT,1942,11.9,1.776,0.1121,0.6324
生猪,1942-03-01,$ / CWT,1942,12.5,1.866,0.0504,0.7458
生猪,1942-04-01,$ / CWT,1942,13.5,2.015,0.08,0.6544
生猪,1942-05-01,$ / CWT,1942,13.3,1.985,-0.0148,0.6005
生猪,1942-06-01,$ / CWT,1942,13.4,2.0,0.0075,0.4693
生猪,1942-07-01,$ / CWT,1942,13.8,2.06,0.0299,0.3398
生猪,1942-08-01,$ / CWT,1942,14.1,2.104,0.0217,0.3429
生猪,1942-09-01,$ / CWT,1942,13.6,2.03,-0.0355,0.2143
生猪,1942-10-01,$ / CWT,1942,14.1,2.104,0.0368,0.396
生猪,1942-11-01,$ / CWT,1942,13.4,2.0,-0.0496,0.3814
生猪,1942-12-01,$ / CWT,1942,13.3,1.985,-0.0075,0.2913
生猪,1943-01-01,$ / CWT,1943,14.1,2.104,0.0602,0.3178
生猪,1943-02-01,$ / CWT,1943,14.6,2.179,0.0355,0.2269
生猪,1943-03-01,$ / CWT,1943,14.7,2.194,0.0068,0.176
生猪,1943-04-01,$ / CWT,1943,14.3,2.134,-0.0272,0.0593
生猪,1943-05-01,$ / CWT,1943,13.9,2.075,-0.028,0.0451
生猪,1943-06-01,$ / CWT,1943,13.6,2.03,-0.0216,0.0149
生猪,1943-07-01,$ / CWT,1943,13.2,1.97,-0.0294,-0.0435
生猪,1943-08-01,$ / CWT,1943,13.7,2.045,0.0379,-0.0284
生猪,1943-09-01,$ / CWT,1943,14.1,2.104,0.0292,0.0368
生猪,1943-10-01,$ / CWT,1943,14.0,2.09,-0.0071,-0.0071
生猪,1943-11-01,$ / CWT,1943,12.9,1.925,-0.0786,-0.0373
生猪,1943-12-01,$ / CWT,1943,12.8,1.91,-0.0078,-0.0376
生猪,1944-01-01,$ / CWT,1944,12.8,1.91,0.0,-0.0922
生猪,1944-02-01,$ / CWT,1944,12.9,1.925,0.0078,-0.1164
生猪,1944-03-01,$ / CWT,1944,12.9,1.925,0.0,-0.1224
生猪,1944-04-01,$ / CWT,1944,13.0,1.94,0.0078,-0.0909
生猪,1944-05-01,$ / CWT,1944,12.7,1.896,-0.0231,-0.0863
生猪,1944-06-01,$ / CWT,1944,12.6,1.881,-0.0079,-0.0735
生猪,1944-07-01,$ / CWT,1944,12.7,1.896,0.0079,-0.0379
生猪,1944-08-01,$ / CWT,1944,13.5,2.015,0.063,-0.0146
生猪,1944-09-01,$ / CWT,1944,13.6,2.03,0.0074,-0.0355
生猪,1944-10-01,$ / CWT,1944,13.8,2.06,0.0147,-0.0143
生猪,1944-11-01,$ / CWT,1944,13.5,2.015,-0.0217,0.0465
生猪,1944-12-01,$ / CWT,1944,13.4,2.0,-0.0074,0.0469
生猪,1945-01-01,$ / CWT,1945,13.8,2.06,0.0299,0.0781
生猪,1945-02-01,$ / CWT,1945,14.0,2.09,0.0145,0.0853
生猪,1945-03-01,$ / CWT,1945,14.0,2.09,0.0,0.0853
生猪,1945-04-01,$ / CWT,1945,14.1,2.104,0.0071,0.0846
生猪,1945-05-01,$ / CWT,1945,14.1,2.104,0.0,0.1102
生猪,1945-06-01,$ / CWT,1945,14.1,2.104,0.0,0.119
生猪,1945-07-01,$ / CWT,1945,14.1,2.104,0.0,0.1102
生猪,1945-08-01,$ / CWT,1945,14.0,2.09,-0.0071,0.037
生猪,1945-09-01,$ / CWT,1945,14.1,2.104,0.0071,0.0368
生猪,1945-10-01,$ / CWT,1945,14.1,2.104,0.0,0.0217
生猪,1945-11-01,$ / CWT,1945,14.2,2.119,0.0071,0.0519
生猪,1945-12-01,$ / CWT,1945,14.2,2.119,0.0,0.0597
生猪,1946-01-01,$ / CWT,1946,14.1,2.104,-0.007,0.0217
生猪,1946-02-01,$ / CWT,1946,14.2,2.119,0.0071,0.0143
生猪,1946-03-01,$ / CWT,1946,14.2,2.119,0.0,0.0143
生猪,1946-04-01,$ / CWT,1946,14.2,2.119,0.0,0.0071
生猪,1946-05-01,$ / CWT,1946,14.3,2.134,0.007,0.0142
生猪,1946-06-01,$ / CWT,1946,14.3,2.134,0.0,0.0142
生猪,1946-07-01,$ / CWT,1946,17.2,2.567,0.2028,0.2199
生猪,1946-08-01,$ / CWT,1946,20.8,3.104,0.2093,0.4857
生猪,1946-09-01,$ / CWT,1946,16.1,2.403,-0.226,0.1418
生猪,1946-10-01,$ / CWT,1946,22.2,3.313,0.3789,0.5745
生猪,1946-11-01,$ / CWT,1946,23.0,3.433,0.036,0.6197
生猪,1946-12-01,$ / CWT,1946,22.8,3.403,-0.0087,0.6056
生猪,1947-01-01,$ / CWT,1947,21.9,3.269,-0.0395,0.5532
生猪,1947-02-01,$ / CWT,1947,24.3,3.627,0.1096,0.7113
生猪,1947-03-01,$ / CWT,1947,26.5,3.955,0.0905,0.8662
生猪,1947-04-01,$ / CWT,1947,23.9,3.567,-0.0981,0.6831
生猪,1947-05-01,$ / CWT,1947,22.2,3.313,-0.0711,0.5524
生猪,1947-06-01,$ / CWT,1947,22.1,3.298,-0.0045,0.5455
生猪,1947-07-01,$ / CWT,1947,22.0,3.284,-0.0045,0.2791
生猪,1947-08-01,$ / CWT,1947,23.6,3.522,0.0727,0.1346
生猪,1947-09-01,$ / CWT,1947,26.7,3.985,0.1314,0.6584
生猪,1947-10-01,$ / CWT,1947,27.1,4.045,0.015,0.2207
生猪,1947-11-01,$ / CWT,1947,24.3,3.627,-0.1033,0.0565
生猪,1947-12-01,$ / CWT,1947,25.2,3.761,0.037,0.1053
生猪,1948-01-01,$ / CWT,1948,26.6,3.97,0.0556,0.2146
生猪,1948-02-01,$ / CWT,1948,21.6,3.224,-0.188,-0.1111
生猪,1948-03-01,$ / CWT,1948,21.5,3.209,-0.0046,-0.1887
生猪,1948-04-01,$ / CWT,1948,20.3,3.03,-0.0558,-0.1506
生猪,1948-05-01,$ / CWT,1948,19.9,2.97,-0.0197,-0.1036
生猪,1948-06-01,$ / CWT,1948,22.9,3.418,0.1508,0.0362
生猪,1948-07-01,$ / CWT,1948,25.2,3.761,0.1004,0.1455
生猪,1948-08-01,$ / CWT,1948,26.9,4.015,0.0675,0.1398
生猪,1948-09-01,$ / CWT,1948,27.4,4.09,0.0186,0.0262
生猪,1948-10-01,$ / CWT,1948,24.7,3.687,-0.0985,-0.0886
生猪,1948-11-01,$ / CWT,1948,21.8,3.254,-0.1174,-0.1029
生猪,1948-12-01,$ / CWT,1948,20.9,3.119,-0.0413,-0.1706
生猪,1949-01-01,$ / CWT,1949,19.6,2.925,-0.0622,-0.2632
生猪,1949-02-01,$ / CWT,1949,19.3,2.881,-0.0153,-0.1065
生猪,1949-03-01,$ / CWT,1949,20.0,2.985,0.0363,-0.0698
生猪,1949-04-01,$ / CWT,1949,18.3,2.731,-0.085,-0.0985
生猪,1949-05-01,$ / CWT,1949,17.9,2.672,-0.0219,-0.1005
生猪,1949-06-01,$ / CWT,1949,18.8,2.806,0.0503,-0.179
生猪,1949-07-01,$ / CWT,1949,18.6,2.776,-0.0106,-0.2619
生猪,1949-08-01,$ / CWT,1949,19.4,2.896,0.043,-0.2788
生猪,1949-09-01,$ / CWT,1949,19.8,2.955,0.0206,-0.2774
生猪,1949-10-01,$ / CWT,1949,17.6,2.627,-0.1111,-0.2874
生猪,1949-11-01,$ / CWT,1949,15.6,2.328,-0.1136,-0.2844
生猪,1949-12-01,$ / CWT,1949,14.8,2.209,-0.0513,-0.2919
生猪,1950-01-01,$ / CWT,1950,15.1,2.254,0.0203,-0.2296
生猪,1950-02-01,$ / CWT,1950,16.6,2.478,0.0993,-0.1399
生猪,1950-03-01,$ / CWT,1950,16.0,2.388,-0.0361,-0.2
生猪,1950-04-01,$ / CWT,1950,15.7,2.343,-0.0188,-0.1421
生猪,1950-05-01,$ / CWT,1950,18.3,2.731,0.1656,0.0223
生猪,1950-06-01,$ / CWT,1950,18.2,2.716,-0.0055,-0.0319
生猪,1950-07-01,$ / CWT,1950,20.9,3.119,0.1484,0.1237
生猪,1950-08-01,$ / CWT,1950,21.7,3.239,0.0383,0.1186
生猪,1950-09-01,$ / CWT,1950,21.3,3.179,-0.0184,0.0758
生猪,1950-10-01,$ / CWT,1950,19.2,2.866,-0.0986,0.0909
生猪,1950-11-01,$ / CWT,1950,17.8,2.657,-0.0729,0.141
生猪,1950-12-01,$ / CWT,1950,17.8,2.657,0.0,0.2027
生猪,1951-01-01,$ / CWT,1951,20.0,2.985,0.1236,0.3245
生猪,1951-02-01,$ / CWT,1951,21.9,3.269,0.095,0.3193
生猪,1951-03-01,$ / CWT,1951,21.2,3.164,-0.032,0.325
生猪,1951-04-01,$ / CWT,1951,20.6,3.075,-0.0283,0.3121
生猪,1951-05-01,$ / CWT,1951,20.4,3.045,-0.0097,0.1148
生猪,1951-06-01,$ / CWT,1951,20.9,3.119,0.0245,0.1484
生猪,1951-07-01,$ / CWT,1951,20.5,3.06,-0.0191,-0.0191
生猪,1951-08-01,$ / CWT,1951,20.9,3.119,0.0195,-0.0369
生猪,1951-09-01,$ / CWT,1951,19.8,2.955,-0.0526,-0.0704
生猪,1951-10-01,$ / CWT,1951,20.2,3.015,0.0202,0.0521
生猪,1951-11-01,$ / CWT,1951,18.1,2.701,-0.104,0.0169
生猪,1951-12-01,$ / CWT,1951,17.6,2.627,-0.0276,-0.0112
生猪,1952-01-01,$ / CWT,1952,17.3,2.582,-0.017,-0.135
生猪,1952-02-01,$ / CWT,1952,17.1,2.552,-0.0116,-0.2192
生猪,1952-03-01,$ / CWT,1952,16.6,2.478,-0.0292,-0.217
生猪,1952-04-01,$ / CWT,1952,16.4,2.448,-0.012,-0.2039
生猪,1952-05-01,$ / CWT,1952,19.2,2.866,0.1707,-0.0588
生猪,1952-06-01,$ / CWT,1952,19.4,2.896,0.0104,-0.0718
生猪,1952-07-01,$ / CWT,1952,19.7,2.94,0.0155,-0.039
生猪,1952-08-01,$ / CWT,1952,20.6,3.075,0.0457,-0.0144
生猪,1952-09-01,$ / CWT,1952,19.0,2.836,-0.0777,-0.0404
生猪,1952-10-01,$ / CWT,1952,18.5,2.761,-0.0263,-0.0842
生猪,1952-11-01,$ / CWT,1952,16.6,2.478,-0.1027,-0.0829
生猪,1952-12-01,$ / CWT,1952,16.1,2.403,-0.0301,-0.0852
生猪,1953-01-01,$ / CWT,1953,17.9,2.672,0.1118,0.0347
生猪,1953-02-01,$ / CWT,1953,19.3,2.881,0.0782,0.1287
生猪,1953-03-01,$ / CWT,1953,20.2,3.015,0.0466,0.2169
生猪,1953-04-01,$ / CWT,1953,21.0,3.134,0.0396,0.2805
生猪,1953-05-01,$ / CWT,1953,23.1,3.448,0.1,0.2031
生猪,1953-06-01,$ / CWT,1953,22.8,3.403,-0.013,0.1753
生猪,1953-07-01,$ / CWT,1953,23.7,3.537,0.0395,0.203
生猪,1953-08-01,$ / CWT,1953,23.3,3.478,-0.0169,0.1311
生猪,1953-09-01,$ / CWT,1953,23.9,3.567,0.0258,0.2579
生猪,1953-10-01,$ / CWT,1953,21.3,3.179,-0.1088,0.1514
生猪,1953-11-01,$ / CWT,1953,20.3,3.03,-0.0469,0.2229
生猪,1953-12-01,$ / CWT,1953,23.0,3.433,0.133,0.4286
生猪,1954-01-01,$ / CWT,1954,24.7,3.687,0.0739,0.3799
生猪,1954-02-01,$ / CWT,1954,25.3,3.776,0.0243,0.3109
生猪,1954-03-01,$ / CWT,1954,25.0,3.731,-0.0119,0.2376
生猪,1954-04-01,$ / CWT,1954,26.4,3.94,0.056,0.2571
生猪,1954-05-01,$ / CWT,1954,24.7,3.687,-0.0644,0.0693
生猪,1954-06-01,$ / CWT,1954,21.5,3.209,-0.1296,-0.057
生猪,1954-07-01,$ / CWT,1954,20.4,3.045,-0.0512,-0.1392
生猪,1954-08-01,$ / CWT,1954,21.1,3.149,0.0343,-0.0944
生猪,1954-09-01,$ / CWT,1954,19.7,2.94,-0.0664,-0.1757
生猪,1954-10-01,$ / CWT,1954,18.4,2.746,-0.066,-0.1362
生猪,1954-11-01,$ / CWT,1954,18.5,2.761,0.0054,-0.0887
生猪,1954-12-01,$ / CWT,1954,17.0,2.537,-0.0811,-0.2609
生猪,1955-01-01,$ / CWT,1955,16.8,2.507,-0.0118,-0.3198
生猪,1955-02-01,$ / CWT,1955,16.3,2.433,-0.0298,-0.3557
生猪,1955-03-01,$ / CWT,1955,15.5,2.313,-0.0491,-0.38
生猪,1955-04-01,$ / CWT,1955,16.6,2.478,0.071,-0.3712
生猪,1955-05-01,$ / CWT,1955,16.4,2.448,-0.012,-0.336
生猪,1955-06-01,$ / CWT,1955,17.7,2.642,0.0793,-0.1767
生猪,1955-07-01,$ / CWT,1955,16.4,2.448,-0.0734,-0.1961
生猪,1955-08-01,$ / CWT,1955,15.7,2.343,-0.0427,-0.2559
生猪,1955-09-01,$ / CWT,1955,15.7,2.343,0.0,-0.203
生猪,1955-10-01,$ / CWT,1955,14.5,2.164,-0.0764,-0.212
生猪,1955-11-01,$ / CWT,1955,12.1,1.806,-0.1655,-0.3459
生猪,1955-12-01,$ / CWT,1955,10.6,1.582,-0.124,-0.3765
生猪,1956-01-01,$ / CWT,1956,11.0,1.642,0.0377,-0.3452
生猪,1956-02-01,$ / CWT,1956,12.1,1.806,0.1,-0.2577
生猪,1956-03-01,$ / CWT,1956,12.4,1.851,0.0248,-0.2
生猪,1956-04-01,$ / CWT,1956,14.4,2.149,0.1613,-0.1325
生猪,1956-05-01,$ / CWT,1956,15.4,2.298,0.0694,-0.061
生猪,1956-06-01,$ / CWT,1956,15.7,2.343,0.0195,-0.113
生猪,1956-07-01,$ / CWT,1956,15.3,2.284,-0.0255,-0.0671
生猪,1956-08-01,$ / CWT,1956,16.2,2.418,0.0588,0.0318
生猪,1956-09-01,$ / CWT,1956,15.7,2.343,-0.0309,0.0
生猪,1956-10-01,$ / CWT,1956,15.5,2.313,-0.0127,0.069
生猪,1956-11-01,$ / CWT,1956,14.3,2.134,-0.0774,0.1818
生猪,1956-12-01,$ / CWT,1956,16.2,2.418,0.1329,0.5283
生猪,1957-01-01,$ / CWT,1957,17.3,2.582,0.0679,0.5727
生猪,1957-02-01,$ / CWT,1957,16.8,2.507,-0.0289,0.3884
生猪,1957-03-01,$ / CWT,1957,16.9,2.522,0.006,0.3629
生猪,1957-04-01,$ / CWT,1957,17.4,2.597,0.0296,0.2083
生猪,1957-05-01,$ / CWT,1957,17.4,2.597,0.0,0.1299
生猪,1957-06-01,$ / CWT,1957,18.4,2.746,0.0575,0.172
生猪,1957-07-01,$ / CWT,1957,19.3,2.881,0.0489,0.2614
生猪,1957-08-01,$ / CWT,1957,20.2,3.015,0.0466,0.2469
生猪,1957-09-01,$ / CWT,1957,19.1,2.851,-0.0545,0.2166
生猪,1957-10-01,$ / CWT,1957,17.0,2.537,-0.1099,0.0968
生猪,1957-11-01,$ / CWT,1957,16.6,2.478,-0.0235,0.1608
生猪,1957-12-01,$ / CWT,1957,17.8,2.657,0.0723,0.0988
生猪,1958-01-01,$ / CWT,1958,18.5,2.761,0.0393,0.0694
生猪,1958-02-01,$ / CWT,1958,19.5,2.91,0.0541,0.1607
生猪,1958-03-01,$ / CWT,1958,20.3,3.03,0.041,0.2012
生猪,1958-04-01,$ / CWT,1958,20.2,3.015,-0.0049,0.1609
生猪,1958-05-01,$ / CWT,1958,21.1,3.149,0.0446,0.2126
生猪,1958-06-01,$ / CWT,1958,21.6,3.224,0.0237,0.1739
生猪,1958-07-01,$ / CWT,1958,21.7,3.239,0.0046,0.1244
生猪,1958-08-01,$ / CWT,1958,20.8,3.104,-0.0415,0.0297
生猪,1958-09-01,$ / CWT,1958,19.9,2.97,-0.0433,0.0419
生猪,1958-10-01,$ / CWT,1958,18.5,2.761,-0.0704,0.0882
生猪,1958-11-01,$ / CWT,1958,17.9,2.672,-0.0324,0.0783
生猪,1958-12-01,$ / CWT,1958,17.5,2.612,-0.0223,-0.0169
生猪,1959-01-01,$ / CWT,1959,16.4,2.448,-0.0629,-0.1135
生猪,1959-02-01,$ / CWT,1959,15.4,2.298,-0.061,-0.2103
生猪,1959-03-01,$ / CWT,1959,15.5,2.313,0.0065,-0.2365
生猪,1959-04-01,$ / CWT,1959,15.5,2.313,0.0,-0.2327
生猪,1959-05-01,$ / CWT,1959,15.4,2.298,-0.0065,-0.2701
生猪,1959-06-01,$ / CWT,1959,14.9,2.224,-0.0325,-0.3102
生猪,1959-07-01,$ / CWT,1959,13.4,2.0,-0.1007,-0.3825
生猪,1959-08-01,$ / CWT,1959,13.8,2.06,0.0299,-0.3365
生猪,1959-09-01,$ / CWT,1959,13.3,1.985,-0.0362,-0.3317
生猪,1959-10-01,$ / CWT,1959,12.6,1.881,-0.0526,-0.3189
生猪,1959-11-01,$ / CWT,1959,12.1,1.806,-0.0397,-0.324
生猪,1959-12-01,$ / CWT,1959,11.3,1.687,-0.0661,-0.3543
生猪,1960-01-01,$ / CWT,1960,12.1,1.806,0.0708,-0.2622
生猪,1960-02-01,$ / CWT,1960,13.0,1.94,0.0744,-0.1558
生猪,1960-03-01,$ / CWT,1960,15.0,2.239,0.1538,-0.0323
生猪,1960-04-01,$ / CWT,1960,15.5,2.313,0.0333,0.0
生猪,1960-05-01,$ / CWT,1960,15.4,2.298,-0.0065,0.0
生猪,1960-06-01,$ / CWT,1960,16.0,2.388,0.039,0.0738
生猪,1960-07-01,$ / CWT,1960,16.6,2.478,0.0375,0.2388
生猪,1960-08-01,$ / CWT,1960,16.3,2.433,-0.0181,0.1812
生猪,1960-09-01,$ / CWT,1960,15.7,2.343,-0.0368,0.1805
生猪,1960-10-01,$ / CWT,1960,16.7,2.493,0.0637,0.3254
生猪,1960-11-01,$ / CWT,1960,16.6,2.478,-0.006,0.3719
生猪,1960-12-01,$ / CWT,1960,16.5,2.463,-0.006,0.4602
生猪,1961-01-01,$ / CWT,1961,16.7,2.493,0.0121,0.3802
生猪,1961-02-01,$ / CWT,1961,17.6,2.627,0.0539,0.3538
生猪,1961-03-01,$ / CWT,1961,17.1,2.552,-0.0284,0.14
生猪,1961-04-01,$ / CWT,1961,16.8,2.507,-0.0175,0.0839
生猪,1961-05-01,$ / CWT,1961,16.1,2.403,-0.0417,0.0455
生猪,1961-06-01,$ / CWT,1961,15.8,2.358,-0.0186,-0.0125
生猪,1961-07-01,$ / CWT,1961,16.6,2.478,0.0506,0.0
生猪,1961-08-01,$ / CWT,1961,17.3,2.582,0.0422,0.0613
生猪,1961-09-01,$ / CWT,1961,17.5,2.612,0.0116,0.1146
生猪,1961-10-01,$ / CWT,1961,16.6,2.478,-0.0514,-0.006
生猪,1961-11-01,$ / CWT,1961,15.7,2.343,-0.0542,-0.0542
生猪,1961-12-01,$ / CWT,1961,16.1,2.403,0.0255,-0.0242
生猪,1962-01-01,$ / CWT,1962,16.5,2.463,0.0248,-0.012
生猪,1962-02-01,$ / CWT,1962,16.3,2.433,-0.0121,-0.0739
生猪,1962-03-01,$ / CWT,1962,15.9,2.373,-0.0245,-0.0702
生猪,1962-04-01,$ / CWT,1962,15.5,2.313,-0.0252,-0.0774
生猪,1962-05-01,$ / CWT,1962,15.2,2.269,-0.0194,-0.0559
生猪,1962-06-01,$ / CWT,1962,15.9,2.373,0.0461,0.0063
生猪,1962-07-01,$ / CWT,1962,17.0,2.537,0.0692,0.0241
生猪,1962-08-01,$ / CWT,1962,17.5,2.612,0.0294,0.0116
生猪,1962-09-01,$ / CWT,1962,18.1,2.701,0.0343,0.0343
生猪,1962-10-01,$ / CWT,1962,16.6,2.478,-0.0829,0.0
生猪,1962-11-01,$ / CWT,1962,16.2,2.418,-0.0241,0.0318
生猪,1962-12-01,$ / CWT,1962,15.7,2.343,-0.0309,-0.0248
生猪,1963-01-01,$ / CWT,1963,15.4,2.298,-0.0191,-0.0667
生猪,1963-02-01,$ / CWT,1963,14.8,2.209,-0.039,-0.092
生猪,1963-03-01,$ / CWT,1963,13.8,2.06,-0.0676,-0.1321
生猪,1963-04-01,$ / CWT,1963,13.5,2.015,-0.0217,-0.129
生猪,1963-05-01,$ / CWT,1963,14.4,2.149,0.0667,-0.0526
生猪,1963-06-01,$ / CWT,1963,16.1,2.403,0.1181,0.0126
生猪,1963-07-01,$ / CWT,1963,17.1,2.552,0.0621,0.0059
生猪,1963-08-01,$ / CWT,1963,16.7,2.493,-0.0234,-0.0457
生猪,1963-09-01,$ / CWT,1963,15.5,2.313,-0.0719,-0.1436
生猪,1963-10-01,$ / CWT,1963,15.2,2.269,-0.0194,-0.0843
生猪,1963-11-01,$ / CWT,1963,14.2,2.119,-0.0658,-0.1235
生猪,1963-12-01,$ / CWT,1963,13.6,2.03,-0.0423,-0.1338
生猪,1964-01-01,$ / CWT,1964,14.3,2.134,0.0515,-0.0714
生猪,1964-02-01,$ / CWT,1964,14.3,2.134,0.0,-0.0338
生猪,1964-03-01,$ / CWT,1964,14.2,2.119,-0.007,0.029
生猪,1964-04-01,$ / CWT,1964,14.0,2.09,-0.0141,0.037
生猪,1964-05-01,$ / CWT,1964,14.3,2.134,0.0214,-0.0069
生猪,1964-06-01,$ / CWT,1964,14.9,2.224,0.042,-0.0745
生猪,1964-07-01,$ / CWT,1964,16.0,2.388,0.0738,-0.0643
生猪,1964-08-01,$ / CWT,1964,15.8,2.358,-0.0125,-0.0539
生猪,1964-09-01,$ / CWT,1964,16.2,2.418,0.0253,0.0452
生猪,1964-10-01,$ / CWT,1964,15.1,2.254,-0.0679,-0.0066
生猪,1964-11-01,$ / CWT,1964,14.0,2.09,-0.0728,-0.0141
生猪,1964-12-01,$ / CWT,1964,14.8,2.209,0.0571,0.0882
生猪,1965-01-01,$ / CWT,1965,15.5,2.313,0.0473,0.0839
生猪,1965-02-01,$ / CWT,1965,16.4,2.448,0.0581,0.1469
生猪,1965-03-01,$ / CWT,1965,16.4,2.448,0.0,0.1549
生猪,1965-04-01,$ / CWT,1965,16.9,2.522,0.0305,0.2071
生猪,1965-05-01,$ / CWT,1965,19.7,2.94,0.1657,0.3776
生猪,1965-06-01,$ / CWT,1965,22.4,3.343,0.1371,0.5034
生猪,1965-07-01,$ / CWT,1965,23.2,3.463,0.0357,0.45
生猪,1965-08-01,$ / CWT,1965,23.7,3.537,0.0216,0.5
生猪,1965-09-01,$ / CWT,1965,22.1,3.298,-0.0675,0.3642
生猪,1965-10-01,$ / CWT,1965,22.9,3.418,0.0362,0.5166
生猪,1965-11-01,$ / CWT,1965,23.5,3.507,0.0262,0.6786
生猪,1965-12-01,$ / CWT,1965,26.9,4.015,0.1447,0.8176
生猪,1966-01-01,$ / CWT,1966,27.3,4.075,0.0149,0.7613
生猪,1966-02-01,$ / CWT,1966,27.2,4.06,-0.0037,0.6585
生猪,1966-03-01,$ / CWT,1966,24.0,3.582,-0.1176,0.4634
生猪,1966-04-01,$ / CWT,1966,22.1,3.298,-0.0792,0.3077
生猪,1966-05-01,$ / CWT,1966,22.3,3.328,0.009,0.132
生猪,1966-06-01,$ / CWT,1966,23.2,3.463,0.0404,0.0357
生猪,1966-07-01,$ / CWT,1966,23.2,3.463,0.0,0.0
生猪,1966-08-01,$ / CWT,1966,24.5,3.657,0.056,0.0338
生猪,1966-09-01,$ / CWT,1966,22.3,3.328,-0.0898,0.009
生猪,1966-10-01,$ / CWT,1966,21.2,3.164,-0.0493,-0.0742
生猪,1966-11-01,$ / CWT,1966,19.3,2.881,-0.0896,-0.1787
生猪,1966-12-01,$ / CWT,1966,18.9,2.821,-0.0207,-0.2974
生猪,1967-01-01,$ / CWT,1967,19.0,2.836,0.0053,-0.304
生猪,1967-02-01,$ / CWT,1967,18.9,2.821,-0.0053,-0.3051
生猪,1967-03-01,$ / CWT,1967,17.9,2.672,-0.0529,-0.2542
生猪,1967-04-01,$ / CWT,1967,17.0,2.537,-0.0503,-0.2308
生猪,1967-05-01,$ / CWT,1967,21.5,3.209,0.2647,-0.0359
生猪,1967-06-01,$ / CWT,1967,21.1,3.149,-0.0186,-0.0905
生猪,1967-07-01,$ / CWT,1967,21.5,3.209,0.019,-0.0733
生猪,1967-08-01,$ / CWT,1967,20.4,3.045,-0.0512,-0.1673
生猪,1967-09-01,$ / CWT,1967,19.1,2.851,-0.0637,-0.1435
生猪,1967-10-01,$ / CWT,1967,18.0,2.687,-0.0576,-0.1509
生猪,1967-11-01,$ / CWT,1967,17.1,2.552,-0.05,-0.114
生猪,1967-12-01,$ / CWT,1967,16.7,2.493,-0.0234,-0.1164
生猪,1968-01-01,$ / CWT,1968,17.6,2.627,0.0539,-0.0737
生猪,1968-02-01,$ / CWT,1968,18.9,2.821,0.0739,0.0
生猪,1968-03-01,$ / CWT,1968,18.6,2.776,-0.0159,0.0391
生猪,1968-04-01,$ / CWT,1968,18.5,2.761,-0.0054,0.0882
生猪,1968-05-01,$ / CWT,1968,18.3,2.731,-0.0108,-0.1488
生猪,1968-06-01,$ / CWT,1968,19.4,2.896,0.0601,-0.0806
生猪,1968-07-01,$ / CWT,1968,20.8,3.104,0.0722,-0.0326
生猪,1968-08-01,$ / CWT,1968,19.2,2.866,-0.0769,-0.0588
生猪,1968-09-01,$ / CWT,1968,19.5,2.91,0.0156,0.0209
生猪,1968-10-01,$ / CWT,1968,17.9,2.672,-0.0821,-0.0056
生猪,1968-11-01,$ / CWT,1968,17.5,2.612,-0.0223,0.0234
生猪,1968-12-01,$ / CWT,1968,17.8,2.657,0.0171,0.0659
生猪,1969-01-01,$ / CWT,1969,18.7,2.791,0.0506,0.0625
生猪,1969-02-01,$ / CWT,1969,19.6,2.925,0.0481,0.037
生猪,1969-03-01,$ / CWT,1969,20.0,2.985,0.0204,0.0753
生猪,1969-04-01,$ / CWT,1969,19.7,2.94,-0.015,0.0649
生猪,1969-05-01,$ / CWT,1969,22.3,3.328,0.132,0.2186
生猪,1969-06-01,$ / CWT,1969,24.0,3.582,0.0762,0.2371
生猪,1969-07-01,$ / CWT,1969,24.9,3.716,0.0375,0.1971
生猪,1969-08-01,$ / CWT,1969,25.9,3.866,0.0402,0.349
生猪,1969-09-01,$ / CWT,1969,24.9,3.716,-0.0386,0.2769
生猪,1969-10-01,$ / CWT,1969,24.8,3.701,-0.004,0.3855
生猪,1969-11-01,$ / CWT,1969,25.0,3.731,0.0081,0.4286
生猪,1969-12-01,$ / CWT,1969,25.8,3.851,0.032,0.4494
生猪,1970-01-01,$ / CWT,1970,26.4,3.94,0.0233,0.4118
生猪,1970-02-01,$ / CWT,1970,27.5,4.104,0.0417,0.4031
生猪,1970-03-01,$ / CWT,1970,25.6,3.821,-0.0691,0.28
生猪,1970-04-01,$ / CWT,1970,23.8,3.552,-0.0703,0.2081
生猪,1970-05-01,$ / CWT,1970,23.0,3.433,-0.0336,0.0314
生猪,1970-06-01,$ / CWT,1970,23.2,3.463,0.0087,-0.0333
生猪,1970-07-01,$ / CWT,1970,23.8,3.552,0.0259,-0.0442
生猪,1970-08-01,$ / CWT,1970,21.6,3.224,-0.0924,-0.166
生猪,1970-09-01,$ / CWT,1970,19.7,2.94,-0.088,-0.2088
生猪,1970-10-01,$ / CWT,1970,17.9,2.672,-0.0914,-0.2782
生猪,1970-11-01,$ / CWT,1970,15.4,2.298,-0.1397,-0.384
生猪,1970-12-01,$ / CWT,1970,15.1,2.254,-0.0195,-0.4147
生猪,1971-01-01,$ / CWT,1971,15.3,2.284,0.0132,-0.4205
生猪,1971-02-01,$ / CWT,1971,19.1,2.851,0.2484,-0.3055
生猪,1971-03-01,$ / CWT,1971,16.9,2.522,-0.1152,-0.3398
生猪,1971-04-01,$ / CWT,1971,15.9,2.373,-0.0592,-0.3319
生猪,1971-05-01,$ / CWT,1971,17.0,2.537,0.0692,-0.2609
生猪,1971-06-01,$ / CWT,1971,17.5,2.612,0.0294,-0.2457
生猪,1971-07-01,$ / CWT,1971,19.0,2.836,0.0857,-0.2017
生猪,1971-08-01,$ / CWT,1971,18.5,2.761,-0.0263,-0.1435
生猪,1971-09-01,$ / CWT,1971,17.9,2.672,-0.0324,-0.0914
生猪,1971-10-01,$ / CWT,1971,19.5,2.91,0.0894,0.0894
生猪,1971-11-01,$ / CWT,1971,18.8,2.806,-0.0359,0.2208
生猪,1971-12-01,$ / CWT,1971,19.7,2.94,0.0479,0.3046
生猪,1972-01-01,$ / CWT,1972,22.8,3.403,0.1574,0.4902
生猪,1972-02-01,$ / CWT,1972,25.6,3.821,0.1228,0.3403
生猪,1972-03-01,$ / CWT,1972,23.3,3.478,-0.0898,0.3787
生猪,1972-04-01,$ / CWT,1972,22.5,3.358,-0.0343,0.4151
生猪,1972-05-01,$ / CWT,1972,24.9,3.716,0.1067,0.4647
生猪,1972-06-01,$ / CWT,1972,25.6,3.821,0.0281,0.4629
生猪,1972-07-01,$ / CWT,1972,27.5,4.104,0.0742,0.4474
生猪,1972-08-01,$ / CWT,1972,28.0,4.179,0.0182,0.5135
生猪,1972-09-01,$ / CWT,1972,28.1,4.194,0.0036,0.5698
生猪,1972-10-01,$ / CWT,1972,27.4,4.09,-0.0249,0.4051
生猪,1972-11-01,$ / CWT,1972,26.8,4.0,-0.0219,0.4255
生猪,1972-12-01,$ / CWT,1972,29.6,4.418,0.1045,0.5025
生猪,1973-01-01,$ / CWT,1973,31.0,4.627,0.0473,0.3596
生猪,1973-02-01,$ / CWT,1973,34.3,5.119,0.1065,0.3398
生猪,1973-03-01,$ / CWT,1973,38.2,5.701,0.1137,0.6395
生猪,1973-04-01,$ / CWT,1973,35.1,5.239,-0.0812,0.56
生猪,1973-05-01,$ / CWT,1973,35.3,5.269,0.0057,0.4177
生猪,1973-06-01,$ / CWT,1973,37.3,5.567,0.0567,0.457
生猪,1973-07-01,$ / CWT,1973,41.3,6.164,0.1072,0.5018
生猪,1973-08-01,$ / CWT,1973,56.3,8.403,0.3632,1.0107
生猪,1973-09-01,$ / CWT,1973,43.8,6.537,-0.222,0.5587
生猪,1973-10-01,$ / CWT,1973,40.9,6.104,-0.0662,0.4927
生猪,1973-11-01,$ / CWT,1973,40.5,6.045,-0.0098,0.5112
生猪,1973-12-01,$ / CWT,1973,38.2,5.701,-0.0568,0.2905
生猪,1974-01-01,$ / CWT,1974,40.1,5.985,0.0497,0.2935
生猪,1974-02-01,$ / CWT,1974,39.3,5.866,-0.02,0.1458
生猪,1974-03-01,$ / CWT,1974,35.0,5.224,-0.1094,-0.0838
生猪,1974-04-01,$ / CWT,1974,30.6,4.567,-0.1257,-0.1282
生猪,1974-05-01,$ / CWT,1974,26.3,3.925,-0.1405,-0.255
生猪,1974-06-01,$ / CWT,1974,24.2,3.612,-0.0798,-0.3512
生猪,1974-07-01,$ / CWT,1974,34.3,5.119,0.4174,-0.1695
生猪,1974-08-01,$ / CWT,1974,36.0,5.373,0.0496,-0.3606
生猪,1974-09-01,$ / CWT,1974,33.7,5.03,-0.0639,-0.2306
生猪,1974-10-01,$ / CWT,1974,37.1,5.537,0.1009,-0.0929
生猪,1974-11-01,$ / CWT,1974,36.8,5.493,-0.0081,-0.0914
生猪,1974-12-01,$ / CWT,1974,38.4,5.731,0.0435,0.0052
生猪,1975-01-01,$ / CWT,1975,38.2,5.701,-0.0052,-0.0474
生猪,1975-02-01,$ / CWT,1975,38.5,5.746,0.0079,-0.0204
生猪,1975-03-01,$ / CWT,1975,38.6,5.761,0.0026,0.1029
生猪,1975-04-01,$ / CWT,1975,39.3,5.866,0.0181,0.2843
生猪,1975-05-01,$ / CWT,1975,45.1,6.731,0.1476,0.7148
生猪,1975-06-01,$ / CWT,1975,47.4,7.075,0.051,0.9587
生猪,1975-07-01,$ / CWT,1975,53.9,8.045,0.1371,0.5714
生猪,1975-08-01,$ / CWT,1975,56.1,8.373,0.0408,0.5583
生猪,1975-09-01,$ / CWT,1975,58.6,8.746,0.0446,0.7389
生猪,1975-10-01,$ / CWT,1975,58.3,8.701,-0.0051,0.5714
生猪,1975-11-01,$ / CWT,1975,49.1,7.328,-0.1578,0.3342
生猪,1975-12-01,$ / CWT,1975,47.6,7.104,-0.0305,0.2396
生猪,1976-01-01,$ / CWT,1976,47.7,7.119,0.0021,0.2487
生猪,1976-02-01,$ / CWT,1976,48.0,7.164,0.0063,0.2468
生猪,1976-03-01,$ / CWT,1976,45.6,6.806,-0.05,0.1813
生猪,1976-04-01,$ / CWT,1976,47.0,7.015,0.0307,0.1959
生猪,1976-05-01,$ / CWT,1976,47.6,7.104,0.0128,0.0554
生猪,1976-06-01,$ / CWT,1976,49.2,7.343,0.0336,0.038
生猪,1976-07-01,$ / CWT,1976,47.6,7.104,-0.0325,-0.1169
生猪,1976-08-01,$ / CWT,1976,42.6,6.358,-0.105,-0.2406
生猪,1976-09-01,$ / CWT,1976,39.7,5.925,-0.0681,-0.3225
生猪,1976-10-01,$ / CWT,1976,32.9,4.91,-0.1713,-0.4357
生猪,1976-11-01,$ / CWT,1976,31.2,4.657,-0.0517,-0.3646
生猪,1976-12-01,$ / CWT,1976,36.6,5.463,0.1731,-0.2311
生猪,1977-01-01,$ / CWT,1977,38.1,5.687,0.041,-0.2013
生猪,1977-02-01,$ / CWT,1977,39.4,5.881,0.0341,-0.1792
生猪,1977-03-01,$ / CWT,1977,37.2,5.552,-0.0558,-0.1842
生猪,1977-04-01,$ / CWT,1977,36.0,5.373,-0.0323,-0.234
生猪,1977-05-01,$ / CWT,1977,40.7,6.075,0.1306,-0.145
生猪,1977-06-01,$ / CWT,1977,42.0,6.269,0.0319,-0.1463
生猪,1977-07-01,$ / CWT,1977,44.8,6.687,0.0667,-0.0588
生猪,1977-08-01,$ / CWT,1977,42.8,6.388,-0.0446,0.0047
生猪,1977-09-01,$ / CWT,1977,40.3,6.015,-0.0584,0.0151
生猪,1977-10-01,$ / CWT,1977,39.9,5.955,-0.0099,0.2128
生猪,1977-11-01,$ / CWT,1977,37.8,5.642,-0.0526,0.2115
生猪,1977-12-01,$ / CWT,1977,41.8,6.239,0.1058,0.1421
生猪,1978-01-01,$ / CWT,1978,43.9,6.552,0.0502,0.1522
生猪,1978-02-01,$ / CWT,1978,47.4,7.075,0.0797,0.203
生猪,1978-03-01,$ / CWT,1978,46.4,6.925,-0.0211,0.2473
生猪,1978-04-01,$ / CWT,1978,45.0,6.716,-0.0302,0.25
生猪,1978-05-01,$ / CWT,1978,47.9,7.149,0.0644,0.1769
生猪,1978-06-01,$ / CWT,1978,47.6,7.104,-0.0063,0.1333
生猪,1978-07-01,$ / CWT,1978,45.4,6.776,-0.0462,0.0134
生猪,1978-08-01,$ / CWT,1978,47.4,7.075,0.0441,0.1075
生猪,1978-09-01,$ / CWT,1978,48.0,7.164,0.0127,0.1911
生猪,1978-10-01,$ / CWT,1978,50.8,7.582,0.0583,0.2732
生猪,1978-11-01,$ / CWT,1978,47.3,7.06,-0.0689,0.2513
生猪,1978-12-01,$ / CWT,1978,48.0,7.164,0.0148,0.1483
生猪,1979-01-01,$ / CWT,1979,50.7,7.567,0.0563,0.1549
生猪,1979-02-01,$ / CWT,1979,52.6,7.851,0.0375,0.1097
生猪,1979-03-01,$ / CWT,1979,48.3,7.209,-0.0817,0.0409
生猪,1979-04-01,$ / CWT,1979,44.1,6.582,-0.087,-0.02
生猪,1979-05-01,$ / CWT,1979,43.2,6.448,-0.0204,-0.0981
生猪,1979-06-01,$ / CWT,1979,39.6,5.91,-0.0833,-0.1681
生猪,1979-07-01,$ / CWT,1979,37.9,5.657,-0.0429,-0.1652
生猪,1979-08-01,$ / CWT,1979,36.2,5.403,-0.0449,-0.2363
生猪,1979-09-01,$ / CWT,1979,37.2,5.552,0.0276,-0.225
生猪,1979-10-01,$ / CWT,1979,33.8,5.045,-0.0914,-0.3346
生猪,1979-11-01,$ / CWT,1979,34.5,5.149,0.0207,-0.2706
生猪,1979-12-01,$ / CWT,1979,36.9,5.507,0.0696,-0.2313
生猪,1980-01-01,$ / CWT,1980,36.2,5.403,-0.019,-0.286
生猪,1980-02-01,$ / CWT,1980,36.7,5.478,0.0138,-0.3023
生猪,1980-03-01,$ / CWT,1980,33.4,4.985,-0.0899,-0.3085
生猪,1980-04-01,$ / CWT,1980,28.0,4.179,-0.1617,-0.3651
生猪,1980-05-01,$ / CWT,1980,28.6,4.269,0.0214,-0.338
生猪,1980-06-01,$ / CWT,1980,33.1,4.94,0.1573,-0.1641
生猪,1980-07-01,$ / CWT,1980,41.2,6.149,0.2447,0.0871
生猪,1980-08-01,$ / CWT,1980,46.2,6.895,0.1214,0.2762
生猪,1980-09-01,$ / CWT,1980,46.1,6.881,-0.0022,0.2392
生猪,1980-10-01,$ / CWT,1980,47.2,7.045,0.0239,0.3964
生猪,1980-11-01,$ / CWT,1980,45.6,6.806,-0.0339,0.3217
生猪,1980-12-01,$ / CWT,1980,43.8,6.537,-0.0395,0.187
生猪,1981-01-01,$ / CWT,1981,40.9,6.104,-0.0662,0.1298
生猪,1981-02-01,$ / CWT,1981,41.3,6.164,0.0098,0.1253
生猪,1981-03-01,$ / CWT,1981,38.8,5.791,-0.0605,0.1617
生猪,1981-04-01,$ / CWT,1981,39.0,5.821,0.0052,0.3929
生猪,1981-05-01,$ / CWT,1981,40.9,6.104,0.0487,0.4301
生猪,1981-06-01,$ / CWT,1981,47.4,7.075,0.1589,0.432
生猪,1981-07-01,$ / CWT,1981,49.3,7.358,0.0401,0.1966
生猪,1981-08-01,$ / CWT,1981,49.2,7.343,-0.002,0.0649
生猪,1981-09-01,$ / CWT,1981,48.6,7.254,-0.0122,0.0542
生猪,1981-10-01,$ / CWT,1981,45.0,6.716,-0.0741,-0.0466
生猪,1981-11-01,$ / CWT,1981,41.5,6.194,-0.0778,-0.0899
生猪,1981-12-01,$ / CWT,1981,39.0,5.821,-0.0602,-0.1096
生猪,1982-01-01,$ / CWT,1982,43.4,6.478,0.1128,0.0611
生猪,1982-02-01,$ / CWT,1982,48.3,7.209,0.1129,0.1695
生猪,1982-03-01,$ / CWT,1982,48.6,7.254,0.0062,0.2526
生猪,1982-04-01,$ / CWT,1982,51.2,7.642,0.0535,0.3128
生猪,1982-05-01,$ / CWT,1982,56.7,8.463,0.1074,0.3863
生猪,1982-06-01,$ / CWT,1982,57.5,8.582,0.0141,0.2131
生猪,1982-07-01,$ / CWT,1982,57.8,8.627,0.0052,0.1724
生猪,1982-08-01,$ / CWT,1982,61.2,9.134,0.0588,0.2439
生猪,1982-09-01,$ / CWT,1982,61.3,9.149,0.0016,0.2613
生猪,1982-10-01,$ / CWT,1982,55.8,8.328,-0.0897,0.24
生猪,1982-11-01,$ / CWT,1982,52.5,7.836,-0.0591,0.2651
生猪,1982-12-01,$ / CWT,1982,53.6,8.0,0.021,0.3744
生猪,1983-01-01,$ / CWT,1983,55.3,8.254,0.0317,0.2742
生猪,1983-02-01,$ / CWT,1983,56.1,8.373,0.0145,0.1615
生猪,1983-03-01,$ / CWT,1983,50.4,7.522,-0.1016,0.037
生猪,1983-04-01,$ / CWT,1983,46.9,7.0,-0.0694,-0.084
生猪,1983-05-01,$ / CWT,1983,45.9,6.851,-0.0213,-0.1905
生猪,1983-06-01,$ / CWT,1983,43.9,6.552,-0.0436,-0.2365
生猪,1983-07-01,$ / CWT,1983,43.4,6.478,-0.0114,-0.2491
生猪,1983-08-01,$ / CWT,1983,46.7,6.97,0.076,-0.2369
生猪,1983-09-01,$ / CWT,1983,44.1,6.582,-0.0557,-0.2806
生猪,1983-10-01,$ / CWT,1983,40.4,6.03,-0.0839,-0.276
生猪,1983-11-01,$ / CWT,1983,37.5,5.597,-0.0718,-0.2857
生猪,1983-12-01,$ / CWT,1983,44.2,6.597,0.1787,-0.1754
生猪,1984-01-01,$ / CWT,1984,48.4,7.224,0.095,-0.1248
生猪,1984-02-01,$ / CWT,1984,45.4,6.776,-0.062,-0.1907
生猪,1984-03-01,$ / CWT,1984,45.8,6.836,0.0088,-0.0913
生猪,1984-04-01,$ / CWT,1984,47.5,7.09,0.0371,0.0128
生猪,1984-05-01,$ / CWT,1984,47.2,7.045,-0.0063,0.0283
生猪,1984-06-01,$ / CWT,1984,49.0,7.313,0.0381,0.1162
生猪,1984-07-01,$ / CWT,1984,52.0,7.761,0.0612,0.1982
生猪,1984-08-01,$ / CWT,1984,50.5,7.537,-0.0288,0.0814
生猪,1984-09-01,$ / CWT,1984,46.3,6.91,-0.0832,0.0499
生猪,1984-10-01,$ / CWT,1984,43.6,6.507,-0.0583,0.0792
生猪,1984-11-01,$ / CWT,1984,47.0,7.015,0.078,0.2533
生猪,1984-12-01,$ / CWT,1984,48.6,7.254,0.034,0.0995
生猪,1985-01-01,$ / CWT,1985,48.4,7.224,-0.0041,0.0
生猪,1985-02-01,$ / CWT,1985,48.3,7.209,-0.0021,0.0639
生猪,1985-03-01,$ / CWT,1985,43.6,6.507,-0.0973,-0.048
生猪,1985-04-01,$ / CWT,1985,41.2,6.149,-0.055,-0.1326
生猪,1985-05-01,$ / CWT,1985,41.4,6.179,0.0049,-0.1229
生猪,1985-06-01,$ / CWT,1985,44.6,6.657,0.0773,-0.0898
生猪,1985-07-01,$ / CWT,1985,45.7,6.821,0.0247,-0.1212
生猪,1985-08-01,$ / CWT,1985,42.5,6.343,-0.07,-0.1584
生猪,1985-09-01,$ / CWT,1985,39.7,5.925,-0.0659,-0.1425
生猪,1985-10-01,$ / CWT,1985,43.1,6.433,0.0856,-0.0115
生猪,1985-11-01,$ / CWT,1985,43.2,6.448,0.0023,-0.0809
生猪,1985-12-01,$ / CWT,1985,45.3,6.761,0.0486,-0.0679
生猪,1986-01-01,$ / CWT,1986,44.3,6.612,-0.0221,-0.0847
生猪,1986-02-01,$ / CWT,1986,42.8,6.388,-0.0339,-0.1139
生猪,1986-03-01,$ / CWT,1986,40.4,6.03,-0.0561,-0.0734
生猪,1986-04-01,$ / CWT,1986,39.7,5.925,-0.0173,-0.0364
生猪,1986-05-01,$ / CWT,1986,45.8,6.836,0.1537,0.1063
生猪,1986-06-01,$ / CWT,1986,52.6,7.851,0.1485,0.1794
生猪,1986-07-01,$ / CWT,1986,59.0,8.806,0.1217,0.291
生猪,1986-08-01,$ / CWT,1986,62.1,9.269,0.0525,0.4612
生猪,1986-09-01,$ / CWT,1986,58.3,8.701,-0.0612,0.4685
生猪,1986-10-01,$ / CWT,1986,53.1,7.925,-0.0892,0.232
生猪,1986-11-01,$ / CWT,1986,52.8,7.881,-0.0056,0.2222
生猪,1986-12-01,$ / CWT,1986,50.6,7.552,-0.0417,0.117
生猪,1987-01-01,$ / CWT,1987,47.2,7.045,-0.0672,0.0655
生猪,1987-02-01,$ / CWT,1987,48.2,7.194,0.0212,0.1262
生猪,1987-03-01,$ / CWT,1987,47.4,7.075,-0.0166,0.1733
生猪,1987-04-01,$ / CWT,1987,50.8,7.582,0.0717,0.2796
生猪,1987-05-01,$ / CWT,1987,54.4,8.119,0.0709,0.1878
生猪,1987-06-01,$ / CWT,1987,59.2,8.836,0.0882,0.1255
生猪,1987-07-01,$ / CWT,1987,59.6,8.895,0.0068,0.0102
生猪,1987-08-01,$ / CWT,1987,58.6,8.746,-0.0168,-0.0564
生猪,1987-09-01,$ / CWT,1987,54.3,8.104,-0.0734,-0.0686
生猪,1987-10-01,$ / CWT,1987,48.9,7.298,-0.0994,-0.0791
生猪,1987-11-01,$ / CWT,1987,40.6,6.06,-0.1697,-0.2311
生猪,1987-12-01,$ / CWT,1987,40.3,6.015,-0.0074,-0.2036
生猪,1988-01-01,$ / CWT,1988,43.0,6.418,0.067,-0.089
生猪,1988-02-01,$ / CWT,1988,45.8,6.836,0.0651,-0.0498
生猪,1988-03-01,$ / CWT,1988,42.2,6.298,-0.0786,-0.1097
生猪,1988-04-01,$ / CWT,1988,41.9,6.254,-0.0071,-0.1752
生猪,1988-05-01,$ / CWT,1988,46.3,6.91,0.105,-0.1489
生猪,1988-06-01,$ / CWT,1988,47.1,7.03,0.0173,-0.2044
生猪,1988-07-01,$ / CWT,1988,44.1,6.582,-0.0637,-0.2601
生猪,1988-08-01,$ / CWT,1988,44.7,6.672,0.0136,-0.2372
生猪,1988-09-01,$ / CWT,1988,40.7,6.075,-0.0895,-0.2505
生猪,1988-10-01,$ / CWT,1988,38.7,5.776,-0.0491,-0.2086
生猪,1988-11-01,$ / CWT,1988,36.2,5.403,-0.0646,-0.1084
生猪,1988-12-01,$ / CWT,1988,39.7,5.925,0.0967,-0.0149
生猪,1989-01-01,$ / CWT,1989,40.9,6.104,0.0302,-0.0488
生猪,1989-02-01,$ / CWT,1989,40.4,6.03,-0.0122,-0.1179
生猪,1989-03-01,$ / CWT,1989,39.3,5.866,-0.0272,-0.0687
生猪,1989-04-01,$ / CWT,1989,36.9,5.507,-0.0611,-0.1193
生猪,1989-05-01,$ / CWT,1989,41.6,6.209,0.1274,-0.1015
生猪,1989-06-01,$ / CWT,1989,45.1,6.731,0.0841,-0.0425
生猪,1989-07-01,$ / CWT,1989,45.9,6.851,0.0177,0.0408
生猪,1989-08-01,$ / CWT,1989,45.6,6.806,-0.0065,0.0201
生猪,1989-09-01,$ / CWT,1989,43.4,6.478,-0.0482,0.0663
生猪,1989-10-01,$ / CWT,1989,46.6,6.955,0.0737,0.2041
生猪,1989-11-01,$ / CWT,1989,45.0,6.716,-0.0343,0.2431
生猪,1989-12-01,$ / CWT,1989,48.2,7.194,0.0711,0.2141
生猪,1990-01-01,$ / CWT,1990,47.3,7.06,-0.0187,0.1565
生猪,1990-02-01,$ / CWT,1990,48.2,7.194,0.019,0.1931
生猪,1990-03-01,$ / CWT,1990,51.3,7.657,0.0643,0.3053
生猪,1990-04-01,$ / CWT,1990,53.8,8.03,0.0487,0.458
生猪,1990-05-01,$ / CWT,1990,61.2,9.134,0.1375,0.4712
生猪,1990-06-01,$ / CWT,1990,60.3,9.0,-0.0147,0.337
生猪,1990-07-01,$ / CWT,1990,60.8,9.075,0.0083,0.3246
生猪,1990-08-01,$ / CWT,1990,55.9,8.343,-0.0806,0.2259
生猪,1990-09-01,$ / CWT,1990,54.3,8.104,-0.0286,0.2512
生猪,1990-10-01,$ / CWT,1990,56.8,8.478,0.046,0.2189
生猪,1990-11-01,$ / CWT,1990,50.2,7.493,-0.1162,0.1156
生猪,1990-12-01,$ / CWT,1990,47.8,7.134,-0.0478,-0.0083
生猪,1991-01-01,$ / CWT,1991,50.0,7.463,0.046,0.0571
生猪,1991-02-01,$ / CWT,1991,52.2,7.791,0.044,0.083
生猪,1991-03-01,$ / CWT,1991,51.5,7.687,-0.0134,0.0039
生猪,1991-04-01,$ / CWT,1991,50.9,7.597,-0.0117,-0.0539
生猪,1991-05-01,$ / CWT,1991,54.1,8.075,0.0629,-0.116
生猪,1991-06-01,$ / CWT,1991,54.7,8.164,0.0111,-0.0929
生猪,1991-07-01,$ / CWT,1991,54.2,8.09,-0.0091,-0.1086
生猪,1991-08-01,$ / CWT,1991,51.2,7.642,-0.0554,-0.0841
生猪,1991-09-01,$ / CWT,1991,46.4,6.925,-0.0938,-0.1455
生猪,1991-10-01,$ / CWT,1991,43.6,6.507,-0.0603,-0.2324
生猪,1991-11-01,$ / CWT,1991,38.0,5.672,-0.1284,-0.243
生猪,1991-12-01,$ / CWT,1991,38.6,5.761,0.0158,-0.1925
生猪,1992-01-01,$ / CWT,1992,36.8,5.493,-0.0466,-0.264
生猪,1992-02-01,$ / CWT,1992,40.2,6.0,0.0924,-0.2299
生猪,1992-03-01,$ / CWT,1992,39.1,5.836,-0.0274,-0.2408
生猪,1992-04-01,$ / CWT,1992,41.0,6.119,0.0486,-0.1945
生猪,1992-05-01,$ / CWT,1992,45.1,6.731,0.1,-0.1664
生猪,1992-06-01,$ / CWT,1992,46.7,6.97,0.0355,-0.1463
生猪,1992-07-01,$ / CWT,1992,44.6,6.657,-0.045,-0.1771
生猪,1992-08-01,$ / CWT,1992,44.1,6.582,-0.0112,-0.1387
生猪,1992-09-01,$ / CWT,1992,42.1,6.284,-0.0454,-0.0927
生猪,1992-10-01,$ / CWT,1992,42.0,6.269,-0.0024,-0.0367
生猪,1992-11-01,$ / CWT,1992,41.1,6.134,-0.0214,0.0816
生猪,1992-12-01,$ / CWT,1992,41.7,6.224,0.0146,0.0803
生猪,1993-01-01,$ / CWT,1993,41.2,6.149,-0.012,0.1196
生猪,1993-02-01,$ / CWT,1993,44.0,6.567,0.068,0.0945
生猪,1993-03-01,$ / CWT,1993,46.5,6.94,0.0568,0.1893
生猪,1993-04-01,$ / CWT,1993,45.4,6.776,-0.0237,0.1073
生猪,1993-05-01,$ / CWT,1993,46.9,7.0,0.033,0.0399
生猪,1993-06-01,$ / CWT,1993,48.1,7.179,0.0256,0.03
生猪,1993-07-01,$ / CWT,1993,45.7,6.821,-0.0499,0.0247
生猪,1993-08-01,$ / CWT,1993,47.3,7.06,0.035,0.0726
生猪,1993-09-01,$ / CWT,1993,47.8,7.134,0.0106,0.1354
生猪,1993-10-01,$ / CWT,1993,46.9,7.0,-0.0188,0.1167
生猪,1993-11-01,$ / CWT,1993,42.5,6.343,-0.0938,0.0341
生猪,1993-12-01,$ / CWT,1993,40.4,6.03,-0.0494,-0.0312
生猪,1994-01-01,$ / CWT,1994,43.5,6.493,0.0767,0.0558
生猪,1994-02-01,$ / CWT,1994,47.9,7.149,0.1011,0.0886
生猪,1994-03-01,$ / CWT,1994,44.4,6.627,-0.0731,-0.0452
生猪,1994-04-01,$ / CWT,1994,42.7,6.373,-0.0383,-0.0595
生猪,1994-05-01,$ / CWT,1994,42.7,6.373,0.0,-0.0896
生猪,1994-06-01,$ / CWT,1994,42.7,6.373,0.0,-0.1123
生猪,1994-07-01,$ / CWT,1994,42.2,6.298,-0.0117,-0.0766
生猪,1994-08-01,$ / CWT,1994,41.8,6.239,-0.0095,-0.1163
生猪,1994-09-01,$ / CWT,1994,35.4,5.284,-0.1531,-0.2594
生猪,1994-10-01,$ / CWT,1994,31.8,4.746,-0.1017,-0.322
生猪,1994-11-01,$ / CWT,1994,28.0,4.179,-0.1195,-0.3412
生猪,1994-12-01,$ / CWT,1994,30.9,4.612,0.1036,-0.2351
生猪,1995-01-01,$ / CWT,1995,36.8,5.493,0.1909,-0.154
生猪,1995-02-01,$ / CWT,1995,39.1,5.836,0.0625,-0.1837
生猪,1995-03-01,$ / CWT,1995,37.8,5.642,-0.0332,-0.1486
生猪,1995-04-01,$ / CWT,1995,35.6,5.313,-0.0582,-0.1663
生猪,1995-05-01,$ / CWT,1995,37.1,5.537,0.0421,-0.1311
生猪,1995-06-01,$ / CWT,1995,42.2,6.298,0.1375,-0.0117
生猪,1995-07-01,$ / CWT,1995,46.3,6.91,0.0972,0.0972
生猪,1995-08-01,$ / CWT,1995,48.6,7.254,0.0497,0.1627
生猪,1995-09-01,$ / CWT,1995,48.4,7.224,-0.0041,0.3672
生猪,1995-10-01,$ / CWT,1995,45.7,6.821,-0.0558,0.4371
生猪,1995-11-01,$ / CWT,1995,39.9,5.955,-0.1269,0.425
生猪,1995-12-01,$ / CWT,1995,43.5,6.493,0.0902,0.4078
生猪,1996-01-01,$ / CWT,1996,42.6,6.358,-0.0207,0.1576
生猪,1996-02-01,$ / CWT,1996,46.5,6.94,0.0915,0.1893
生猪,1996-03-01,$ / CWT,1996,48.7,7.269,0.0473,0.2884
生猪,1996-04-01,$ / CWT,1996,49.7,7.418,0.0205,0.3961
生猪,1996-05-01,$ / CWT,1996,56.8,8.478,0.1429,0.531
生猪,1996-06-01,$ / CWT,1996,56.4,8.418,-0.007,0.3365
生猪,1996-07-01,$ / CWT,1996,58.6,8.746,0.039,0.2657
生猪,1996-08-01,$ / CWT,1996,59.7,8.91,0.0188,0.2284
生猪,1996-09-01,$ / CWT,1996,54.7,8.164,-0.0838,0.1302
生猪,1996-10-01,$ / CWT,1996,55.6,8.298,0.0165,0.2166
生猪,1996-11-01,$ / CWT,1996,54.4,8.119,-0.0216,0.3634
生猪,1996-12-01,$ / CWT,1996,55.6,8.298,0.0221,0.2782
生猪,1997-01-01,$ / CWT,1997,53.8,8.03,-0.0324,0.2629
生猪,1997-02-01,$ / CWT,1997,52.8,7.881,-0.0186,0.1355
生猪,1997-03-01,$ / CWT,1997,49.4,7.373,-0.0644,0.0144
生猪,1997-04-01,$ / CWT,1997,53.8,8.03,0.0891,0.0825
生猪,1997-05-01,$ / CWT,1997,58.2,8.687,0.0818,0.0246
生猪,1997-06-01,$ / CWT,1997,57.8,8.627,-0.0069,0.0248
生猪,1997-07-01,$ / CWT,1997,58.9,8.791,0.019,0.0051
生猪,1997-08-01,$ / CWT,1997,55.3,8.254,-0.0611,-0.0737
生猪,1997-09-01,$ / CWT,1997,50.4,7.522,-0.0886,-0.0786
生猪,1997-10-01,$ / CWT,1997,47.3,7.06,-0.0615,-0.1493
生猪,1997-11-01,$ / CWT,1997,45.1,6.731,-0.0465,-0.171
生猪,1997-12-01,$ / CWT,1997,41.6,6.209,-0.0776,-0.2518
生猪,1998-01-01,$ / CWT,1998,36.0,5.373,-0.1346,-0.3309
生猪,1998-02-01,$ / CWT,1998,35.9,5.358,-0.0028,-0.3201
生猪,1998-03-01,$ / CWT,1998,34.9,5.209,-0.0279,-0.2935
生猪,1998-04-01,$ / CWT,1998,35.6,5.313,0.0201,-0.3383
生猪,1998-05-01,$ / CWT,1998,42.4,6.328,0.191,-0.2715
生猪,1998-06-01,$ / CWT,1998,42.5,6.343,0.0024,-0.2647
生猪,1998-07-01,$ / CWT,1998,36.9,5.507,-0.1318,-0.3735
生猪,1998-08-01,$ / CWT,1998,35.2,5.254,-0.0461,-0.3635
生猪,1998-09-01,$ / CWT,1998,29.5,4.403,-0.1619,-0.4147
生猪,1998-10-01,$ / CWT,1998,27.8,4.149,-0.0576,-0.4123
生猪,1998-11-01,$ / CWT,1998,18.9,2.821,-0.3201,-0.5809
生猪,1998-12-01,$ / CWT,1998,15.0,2.239,-0.2063,-0.6394
生猪,1999-01-01,$ / CWT,1999,26.5,3.955,0.7667,-0.2639
生猪,1999-02-01,$ / CWT,1999,27.7,4.134,0.0453,-0.2284
生猪,1999-03-01,$ / CWT,1999,28.0,4.179,0.0108,-0.1977
生猪,1999-04-01,$ / CWT,1999,30.1,4.493,0.075,-0.1545
生猪,1999-05-01,$ / CWT,1999,36.6,5.463,0.2159,-0.1368
生猪,1999-06-01,$ / CWT,1999,34.1,5.09,-0.0683,-0.1976
生猪,1999-07-01,$ / CWT,1999,31.6,4.716,-0.0733,-0.1436
生猪,1999-08-01,$ / CWT,1999,36.2,5.403,0.1456,0.0284
生猪,1999-09-01,$ / CWT,1999,33.9,5.06,-0.0635,0.1492
生猪,1999-10-01,$ / CWT,1999,34.2,5.104,0.0088,0.2302
生猪,1999-11-01,$ / CWT,1999,33.4,4.985,-0.0234,0.7672
生猪,1999-12-01,$ / CWT,1999,35.7,5.328,0.0689,1.38
生猪,2000-01-01,$ / CWT,2000,36.8,5.493,0.0308,0.3887
生猪,2000-02-01,$ / CWT,2000,39.9,5.955,0.0842,0.4404
生猪,2000-03-01,$ / CWT,2000,41.7,6.224,0.0451,0.4893
生猪,2000-04-01,$ / CWT,2000,47.4,7.075,0.1367,0.5748
生猪,2000-05-01,$ / CWT,2000,48.3,7.209,0.019,0.3197
生猪,2000-06-01,$ / CWT,2000,48.9,7.298,0.0124,0.434
生猪,2000-07-01,$ / CWT,2000,48.3,7.209,-0.0123,0.5285
生猪,2000-08-01,$ / CWT,2000,43.8,6.537,-0.0932,0.2099
生猪,2000-09-01,$ / CWT,2000,41.6,6.209,-0.0502,0.2271
生猪,2000-10-01,$ / CWT,2000,41.4,6.179,-0.0048,0.2105
生猪,2000-11-01,$ / CWT,2000,36.8,5.493,-0.1111,0.1018
生猪,2000-12-01,$ / CWT,2000,39.7,5.925,0.0788,0.112
生猪,2001-01-01,$ / CWT,2001,37.2,5.552,-0.063,0.0109
生猪,2001-02-01,$ / CWT,2001,39.2,5.851,0.0538,-0.0175
生猪,2001-03-01,$ / CWT,2001,45.9,6.851,0.1709,0.1007
生猪,2001-04-01,$ / CWT,2001,47.8,7.134,0.0414,0.0084
生猪,2001-05-01,$ / CWT,2001,50.4,7.522,0.0544,0.0435
生猪,2001-06-01,$ / CWT,2001,52.2,7.791,0.0357,0.0675
生猪,2001-07-01,$ / CWT,2001,51.7,7.716,-0.0096,0.0704
生猪,2001-08-01,$ / CWT,2001,50.8,7.582,-0.0174,0.1598
生猪,2001-09-01,$ / CWT,2001,45.2,6.746,-0.1102,0.0865
生猪,2001-10-01,$ / CWT,2001,40.2,6.0,-0.1106,-0.029
生猪,2001-11-01,$ / CWT,2001,35.0,5.224,-0.1294,-0.0489
生猪,2001-12-01,$ / CWT,2001,33.3,4.97,-0.0486,-0.1612
生猪,2002-01-01,$ / CWT,2002,37.6,5.612,0.1291,0.0108
生猪,2002-02-01,$ / CWT,2002,38.5,5.746,0.0239,-0.0179
生猪,2002-03-01,$ / CWT,2002,36.0,5.373,-0.0649,-0.2157
生猪,2002-04-01,$ / CWT,2002,31.7,4.731,-0.1194,-0.3368
生猪,2002-05-01,$ / CWT,2002,33.2,4.955,0.0473,-0.3413
生猪,2002-06-01,$ / CWT,2002,35.8,5.343,0.0783,-0.3142
生猪,2002-07-01,$ / CWT,2002,39.2,5.851,0.095,-0.2418
生猪,2002-08-01,$ / CWT,2002,31.9,4.761,-0.1862,-0.372
生猪,2002-09-01,$ / CWT,2002,26.5,3.955,-0.1693,-0.4137
生猪,2002-10-01,$ / CWT,2002,30.8,4.597,0.1623,-0.2338
生猪,2002-11-01,$ / CWT,2002,27.8,4.149,-0.0974,-0.2057
生猪,2002-12-01,$ / CWT,2002,30.3,4.522,0.0899,-0.0901
生猪,2003-01-01,$ / CWT,2003,32.9,4.91,0.0858,-0.125
生猪,2003-02-01,$ / CWT,2003,34.3,5.119,0.0426,-0.1091
生猪,2003-03-01,$ / CWT,2003,34.7,5.179,0.0117,-0.0361
生猪,2003-04-01,$ / CWT,2003,34.8,5.194,0.0029,0.0978
生猪,2003-05-01,$ / CWT,2003,41.3,6.164,0.1868,0.244
生猪,2003-06-01,$ / CWT,2003,45.0,6.716,0.0896,0.257
生猪,2003-07-01,$ / CWT,2003,42.7,6.373,-0.0511,0.0893
生猪,2003-08-01,$ / CWT,2003,39.6,5.91,-0.0726,0.2414
生猪,2003-09-01,$ / CWT,2003,39.7,5.925,0.0025,0.4981
生猪,2003-10-01,$ / CWT,2003,36.7,5.478,-0.0756,0.1916
生猪,2003-11-01,$ / CWT,2003,34.7,5.179,-0.0545,0.2482
生猪,2003-12-01,$ / CWT,2003,34.1,5.09,-0.0173,0.1254
生猪,2004-01-01,$ / CWT,2004,36.6,5.463,0.0733,0.1125
生猪,2004-02-01,$ / CWT,2004,42.6,6.358,0.1639,0.242
生猪,2004-03-01,$ / CWT,2004,47.2,7.045,0.108,0.3602
生猪,2004-04-01,$ / CWT,2004,47.4,7.075,0.0042,0.3621
生猪,2004-05-01,$ / CWT,2004,56.6,8.448,0.1941,0.3705
生猪,2004-06-01,$ / CWT,2004,56.7,8.463,0.0018,0.26
生猪,2004-07-01,$ / CWT,2004,57.1,8.522,0.0071,0.3372
生猪,2004-08-01,$ / CWT,2004,55.3,8.254,-0.0315,0.3965
生猪,2004-09-01,$ / CWT,2004,54.8,8.179,-0.009,0.3804
生猪,2004-10-01,$ / CWT,2004,52.2,7.791,-0.0474,0.4223
生猪,2004-11-01,$ / CWT,2004,55.6,8.298,0.0651,0.6023
生猪,2004-12-01,$ / CWT,2004,52.3,7.806,-0.0594,0.5337
生猪,2005-01-01,$ / CWT,2005,53.0,7.91,0.0134,0.4481
生猪,2005-02-01,$ / CWT,2005,50.7,7.567,-0.0434,0.1901
生猪,2005-03-01,$ / CWT,2005,51.2,7.642,0.0099,0.0847
生猪,2005-04-01,$ / CWT,2005,51.1,7.627,-0.002,0.0781
生猪,2005-05-01,$ / CWT,2005,54.9,8.194,0.0744,-0.03
生猪,2005-06-01,$ / CWT,2005,49.5,7.388,-0.0984,-0.127
生猪,2005-07-01,$ / CWT,2005,49.8,7.433,0.0061,-0.1278
生猪,2005-08-01,$ / CWT,2005,51.0,7.612,0.0241,-0.0778
生猪,2005-09-01,$ / CWT,2005,49.4,7.373,-0.0314,-0.0985
生猪,2005-10-01,$ / CWT,2005,47.0,7.015,-0.0486,-0.0996
生猪,2005-11-01,$ / CWT,2005,43.5,6.493,-0.0745,-0.2176
生猪,2005-12-01,$ / CWT,2005,44.2,6.597,0.0161,-0.1549
生猪,2006-01-01,$ / CWT,2006,40.7,6.075,-0.0792,-0.2321
生猪,2006-02-01,$ / CWT,2006,42.6,6.358,0.0467,-0.1598
生猪,2006-03-01,$ / CWT,2006,42.8,6.388,0.0047,-0.1641
生猪,2006-04-01,$ / CWT,2006,41.3,6.164,-0.035,-0.1918
生猪,2006-05-01,$ / CWT,2006,48.2,7.194,0.1671,-0.122
生猪,2006-06-01,$ / CWT,2006,53.8,8.03,0.1162,0.0869
生猪,2006-07-01,$ / CWT,2006,50.2,7.493,-0.0669,0.008
生猪,2006-08-01,$ / CWT,2006,51.6,7.701,0.0279,0.0118
生猪,2006-09-01,$ / CWT,2006,48.9,7.298,-0.0523,-0.0101
生猪,2006-10-01,$ / CWT,2006,46.5,6.94,-0.0491,-0.0106
生猪,2006-11-01,$ / CWT,2006,44.9,6.701,-0.0344,0.0322
生猪,2006-12-01,$ / CWT,2006,43.5,6.493,-0.0312,-0.0158
生猪,2007-01-01,$ / CWT,2007,42.6,6.358,-0.0207,0.0467
生猪,2007-02-01,$ / CWT,2007,47.5,7.09,0.115,0.115
生猪,2007-03-01,$ / CWT,2007,44.9,6.701,-0.0547,0.0491
生猪,2007-04-01,$ / CWT,2007,47.3,7.06,0.0535,0.1453
生猪,2007-05-01,$ / CWT,2007,53.1,7.925,0.1226,0.1017
生猪,2007-06-01,$ / CWT,2007,54.3,8.104,0.0226,0.0093
生猪,2007-07-01,$ / CWT,2007,52.2,7.791,-0.0387,0.0398
生猪,2007-08-01,$ / CWT,2007,51.3,7.657,-0.0172,-0.0058
生猪,2007-09-01,$ / CWT,2007,46.8,6.985,-0.0877,-0.0429
生猪,2007-10-01,$ / CWT,2007,42.4,6.328,-0.094,-0.0882
生猪,2007-11-01,$ / CWT,2007,37.9,5.657,-0.1061,-0.1559
生猪,2007-12-01,$ / CWT,2007,39.8,5.94,0.0501,-0.0851
生猪,2008-01-01,$ / CWT,2008,37.4,5.582,-0.0603,-0.1221
生猪,2008-02-01,$ / CWT,2008,42.2,6.298,0.1283,-0.1116
生猪,2008-03-01,$ / CWT,2008,40.3,6.015,-0.045,-0.1024
生猪,2008-04-01,$ / CWT,2008,44.4,6.627,0.1017,-0.0613
生猪,2008-05-01,$ / CWT,2008,55.3,8.254,0.2455,0.0414
生猪,2008-06-01,$ / CWT,2008,53.4,7.97,-0.0344,-0.0166
生猪,2008-07-01,$ / CWT,2008,54.3,8.104,0.0169,0.0402
生猪,2008-08-01,$ / CWT,2008,60.7,9.06,0.1179,0.1832
生猪,2008-09-01,$ / CWT,2008,52.6,7.851,-0.1334,0.1239
生猪,2008-10-01,$ / CWT,2008,48.5,7.239,-0.0779,0.1439
生猪,2008-11-01,$ / CWT,2008,40.7,6.075,-0.1608,0.0739
生猪,2008-12-01,$ / CWT,2008,42.0,6.269,0.0319,0.0553
生猪,2009-01-01,$ / CWT,2009,42.8,6.388,0.019,0.1444
生猪,2009-02-01,$ / CWT,2009,43.8,6.537,0.0234,0.0379
生猪,2009-03-01,$ / CWT,2009,43.9,6.552,0.0023,0.0893
生猪,2009-04-01,$ / CWT,2009,44.0,6.567,0.0023,-0.009
生猪,2009-05-01,$ / CWT,2009,44.6,6.657,0.0136,-0.1935
生猪,2009-06-01,$ / CWT,2009,43.3,6.463,-0.0291,-0.1891
生猪,2009-07-01,$ / CWT,2009,43.3,6.463,0.0,-0.2026
生猪,2009-08-01,$ / CWT,2009,37.3,5.567,-0.1386,-0.3855
生猪,2009-09-01,$ / CWT,2009,37.7,5.627,0.0107,-0.2833
生猪,2009-10-01,$ / CWT,2009,37.8,5.642,0.0027,-0.2206
生猪,2009-11-01,$ / CWT,2009,40.3,6.015,0.0661,-0.0098
生猪,2009-12-01,$ / CWT,2009,45.1,6.731,0.1191,0.0738
生猪,2010-01-01,$ / CWT,2010,48.4,7.224,0.0732,0.1308
生猪,2010-02-01,$ / CWT,2010,48.9,7.298,0.0103,0.1164
生猪,2010-03-01,$ / CWT,2010,52.1,7.776,0.0654,0.1868
生猪,2010-04-01,$ / CWT,2010,56.5,8.433,0.0845,0.2841
生猪,2010-05-01,$ / CWT,2010,62.2,9.284,0.1009,0.3946
生猪,2010-06-01,$ / CWT,2010,58.2,8.687,-0.0643,0.3441
生猪,2010-07-01,$ / CWT,2010,58.5,8.731,0.0052,0.351
生猪,2010-08-01,$ / CWT,2010,61.3,9.149,0.0479,0.6434
生猪,2010-09-01,$ / CWT,2010,61.0,9.104,-0.0049,0.618
生猪,2010-10-01,$ / CWT,2010,53.3,7.955,-0.1262,0.4101
生猪,2010-11-01,$ / CWT,2010,47.8,7.134,-0.1032,0.1861
生猪,2010-12-01,$ / CWT,2010,52.4,7.821,0.0962,0.1619
生猪,2011-01-01,$ / CWT,2011,56.0,8.358,0.0687,0.157
生猪,2011-02-01,$ / CWT,2011,61.4,9.164,0.0964,0.2556
生猪,2011-03-01,$ / CWT,2011,62.9,9.388,0.0244,0.2073
生猪,2011-04-01,$ / CWT,2011,67.8,10.119,0.0779,0.2
生猪,2011-05-01,$ / CWT,2011,68.6,10.239,0.0118,0.1029
生猪,2011-06-01,$ / CWT,2011,69.7,10.403,0.016,0.1976
生猪,2011-07-01,$ / CWT,2011,71.7,10.701,0.0287,0.2256
生猪,2011-08-01,$ / CWT,2011,75.8,11.313,0.0572,0.2365
生猪,2011-09-01,$ / CWT,2011,67.1,10.015,-0.1148,0.1
生猪,2011-10-01,$ / CWT,2011,68.7,10.254,0.0238,0.2889
生猪,2011-11-01,$ / CWT,2011,64.4,9.612,-0.0626,0.3473
生猪,2011-12-01,$ / CWT,2011,63.5,9.478,-0.014,0.2118
生猪,2012-01-01,$ / CWT,2012,63.5,9.478,0.0,0.1339
生猪,2012-02-01,$ / CWT,2012,65.5,9.776,0.0315,0.0668
生猪,2012-03-01,$ / CWT,2012,65.2,9.731,-0.0046,0.0366
生猪,2012-04-01,$ / CWT,2012,62.8,9.373,-0.0368,-0.0737
生猪,2012-05-01,$ / CWT,2012,62.8,9.373,0.0,-0.0845
生猪,2012-06-01,$ / CWT,2012,70.2,10.478,0.1178,0.0072
生猪,2012-07-01,$ / CWT,2012,72.1,10.761,0.0271,0.0056
生猪,2012-08-01,$ / CWT,2012,66.9,9.985,-0.0721,-0.1174
生猪,2012-09-01,$ / CWT,2012,55.7,8.313,-0.1674,-0.1699
生猪,2012-10-01,$ / CWT,2012,62.0,9.254,0.1131,-0.0975
生猪,2012-11-01,$ / CWT,2012,61.1,9.119,-0.0145,-0.0512
生猪,2012-12-01,$ / CWT,2012,62.4,9.313,0.0213,-0.0173
生猪,2013-01-01,$ / CWT,2013,63.8,9.522,0.0224,0.0047
生猪,2013-02-01,$ / CWT,2013,64.5,9.627,0.011,-0.0153
生猪,2013-03-01,$ / CWT,2013,59.2,8.836,-0.0822,-0.092
生猪,2013-04-01,$ / CWT,2013,61.8,9.224,0.0439,-0.0159
生猪,2013-05-01,$ / CWT,2013,68.6,10.239,0.11,0.0924
生猪,2013-06-01,$ / CWT,2013,74.4,11.104,0.0845,0.0598
生猪,2013-07-01,$ / CWT,2013,75.8,11.313,0.0188,0.0513
生猪,2013-08-01,$ / CWT,2013,74.2,11.075,-0.0211,0.1091
生猪,2013-09-01,$ / CWT,2013,70.7,10.552,-0.0472,0.2693
生猪,2013-10-01,$ / CWT,2013,68.5,10.224,-0.0311,0.1048
生猪,2013-11-01,$ / CWT,2013,63.6,9.492,-0.0715,0.0409
生猪,2013-12-01,$ / CWT,2013,61.5,9.179,-0.033,-0.0144
生猪,2014-01-01,$ / CWT,2014,61.2,9.134,-0.0049,-0.0408
生猪,2014-02-01,$ / CWT,2014,65.5,9.776,0.0703,0.0155
生猪,2014-03-01,$ / CWT,2014,81.9,12.224,0.2504,0.3834
生猪,2014-04-01,$ / CWT,2014,88.8,13.254,0.0842,0.4369
生猪,2014-05-01,$ / CWT,2014,82.8,12.358,-0.0676,0.207
生猪,2014-06-01,$ / CWT,2014,84.8,12.657,0.0242,0.1398
生猪,2014-07-01,$ / CWT,2014,93.3,13.925,0.1002,0.2309
生猪,2014-08-01,$ / CWT,2014,83.2,12.418,-0.1083,0.1213
生猪,2014-09-01,$ / CWT,2014,75.7,11.298,-0.0901,0.0707
生猪,2014-10-01,$ / CWT,2014,77.0,11.492,0.0172,0.1241
生猪,2014-11-01,$ / CWT,2014,66.7,9.955,-0.1338,0.0487
生猪,2014-12-01,$ / CWT,2014,64.3,9.597,-0.036,0.0455
生猪,2015-01-01,$ / CWT,2015,57.4,8.567,-0.1073,-0.0621
生猪,2015-02-01,$ / CWT,2015,50.4,7.522,-0.122,-0.2305
生猪,2015-03-01,$ / CWT,2015,50.3,7.507,-0.002,-0.3858
生猪,2015-04-01,$ / CWT,2015,49.0,7.313,-0.0258,-0.4482
生猪,2015-05-01,$ / CWT,2015,58.9,8.791,0.202,-0.2886
生猪,2015-06-01,$ / CWT,2015,59.9,8.94,0.017,-0.2936
生猪,2015-07-01,$ / CWT,2015,58.7,8.761,-0.02,-0.3708
生猪,2015-08-01,$ / CWT,2015,59.0,8.806,0.0051,-0.2909
生猪,2015-09-01,$ / CWT,2015,54.5,8.134,-0.0763,-0.2801
生猪,2015-10-01,$ / CWT,2015,55.5,8.284,0.0183,-0.2792
生猪,2015-11-01,$ / CWT,2015,45.9,6.851,-0.173,-0.3118
生猪,2015-12-01,$ / CWT,2015,42.8,6.388,-0.0675,-0.3344
生猪,2016-01-01,$ / CWT,2016,43.6,6.507,0.0187,-0.2404
生猪,2016-02-01,$ / CWT,2016,49.6,7.403,0.1376,-0.0159
生猪,2016-03-01,$ / CWT,2016,50.0,7.463,0.0081,-0.006
生猪,2016-04-01,$ / CWT,2016,51.0,7.612,0.02,0.0408
生猪,2016-05-01,$ / CWT,2016,57.2,8.537,0.1216,-0.0289
生猪,2016-06-01,$ / CWT,2016,60.6,9.045,0.0594,0.0117
生猪,2016-07-01,$ / CWT,2016,59.4,8.866,-0.0198,0.0119
生猪,2016-08-01,$ / CWT,2016,52.6,7.851,-0.1145,-0.1085
生猪,2016-09-01,$ / CWT,2016,47.8,7.134,-0.0913,-0.1229
生猪,2016-10-01,$ / CWT,2016,41.7,6.224,-0.1276,-0.2486
生猪,2016-11-01,$ / CWT,2016,39.0,5.821,-0.0647,-0.1503
生猪,2016-12-01,$ / CWT,2016,43.1,6.433,0.1051,0.007
生猪,2017-01-01,$ / CWT,2017,48.1,7.179,0.116,0.1032
生猪,2017-02-01,$ / CWT,2017,54.4,8.119,0.131,0.0968
生猪,2017-03-01,$ / CWT,2017,53.0,7.91,-0.0257,0.06
生猪,2017-04-01,$ / CWT,2017,48.4,7.224,-0.0868,-0.051
生猪,2017-05-01,$ / CWT,2017,53.6,8.0,0.1074,-0.0629
生猪,2017-06-01,$ / CWT,2017,62.1,9.269,0.1586,0.0248
生猪,2017-07-01,$ / CWT,2017,67.3,10.045,0.0837,0.133
生猪,2017-08-01,$ / CWT,2017,61.5,9.179,-0.0862,0.1692
生猪,2017-09-01,$ / CWT,2017,48.9,7.298,-0.2049,0.023
生猪,2017-10-01,$ / CWT,2017,47.3,7.06,-0.0327,0.1343
生猪,2017-11-01,$ / CWT,2017,50.0,7.463,0.0571,0.2821
生猪,2017-12-01,$ / CWT,2017,48.6,7.254,-0.028,0.1276
生猪,2018-01-01,$ / CWT,2018,52.5,7.836,0.0802,0.0915
生猪,2018-02-01,$ / CWT,2018,54.6,8.149,0.04,0.0037
生猪,2018-03-01,$ / CWT,2018,50.0,7.463,-0.0842,-0.0566
生猪,2018-04-01,$ / CWT,2018,45.3,6.761,-0.094,-0.064
生猪,2018-05-01,$ / CWT,2018,51.5,7.687,0.1369,-0.0392
生猪,2018-06-01,$ / CWT,2018,59.1,8.821,0.1476,-0.0483
生猪,2018-07-01,$ / CWT,2018,58.6,8.746,-0.0085,-0.1293
生猪,2018-08-01,$ / CWT,2018,44.3,6.612,-0.244,-0.2797
生猪,2018-09-01,$ / CWT,2018,43.2,6.448,-0.0248,-0.1166
生猪,2018-10-01,$ / CWT,2018,50.3,7.507,0.1644,0.0634
生猪,2018-11-01,$ / CWT,2018,46.2,6.895,-0.0815,-0.076
生猪,2018-12-01,$ / CWT,2018,43.4,6.478,-0.0606,-0.107
生猪,2019-01-01,$ / CWT,2019,44.6,6.657,0.0276,-0.1505
生猪,2019-02-01,$ / CWT,2019,43.4,6.478,-0.0269,-0.2051
生猪,2019-03-01,$ / CWT,2019,46.5,6.94,0.0714,-0.07
生猪,2019-04-01,$ / CWT,2019,59.4,8.866,0.2774,0.3113
生猪,2019-05-01,$ / CWT,2019,62.3,9.298,0.0488,0.2097
生猪,2019-06-01,$ / CWT,2019,59.5,8.881,-0.0449,0.0068
生猪,2019-07-01,$ / CWT,2019,56.6,8.448,-0.0487,-0.0341
生猪,2019-08-01,$ / CWT,2019,58.5,8.731,0.0336,0.3205
生猪,2019-09-01,$ / CWT,2019,47.7,7.119,-0.1846,0.1042
生猪,2019-10-01,$ / CWT,2019,49.1,7.328,0.0294,-0.0239
生猪,2019-11-01,$ / CWT,2019,48.0,7.164,-0.0224,0.039
生猪,2019-12-01,$ / CWT,2019,47.3,7.06,-0.0146,0.0899
生猪,2020-01-01,$ / CWT,2020,47.8,7.134,0.0106,0.0717
生猪,2020-02-01,$ / CWT,2020,45.5,6.791,-0.0481,0.0484
生猪,2020-03-01,$ / CWT,2020,47.7,7.119,0.0484,0.0258
生猪,2020-04-01,$ / CWT,2020,42.3,6.313,-0.1132,-0.2879
生猪,2020-05-01,$ / CWT,2020,51.0,7.612,0.2057,-0.1814
生猪,2020-06-01,$ / CWT,2020,41.3,6.164,-0.1902,-0.3059
生猪,2020-07-01,$ / CWT,2020,39.9,5.955,-0.0339,-0.2951
生猪,2020-08-01,$ / CWT,2020,42.9,6.403,0.0752,-0.2667
生猪,2020-09-01,$ / CWT,2020,49.7,7.418,0.1585,0.0419
生猪,2020-10-01,$ / CWT,2020,56.3,8.403,0.1328,0.1466
生猪,2020-11-01,$ / CWT,2020,51.9,7.746,-0.0782,0.0813
生猪,2020-12-01,$ / CWT,2020,49.1,7.328,-0.0539,0.0381
生猪,2021-01-01,$ / CWT,2021,50.2,7.493,0.0224,0.0502
生猪,2021-02-01,$ / CWT,2021,56.4,8.418,0.1235,0.2396
生猪,2021-03-01,$ / CWT,2021,67.2,10.03,0.1915,0.4088
生猪,2021-04-01,$ / CWT,2021,75.6,11.284,0.125,0.7872
生猪,2021-05-01,$ / CWT,2021,79.3,11.836,0.0489,0.5549
生猪,2021-06-01,$ / CWT,2021,82.7,12.343,0.0429,1.0024
生猪,2021-07-01,$ / CWT,2021,80.0,11.94,-0.0326,1.005
生猪,2021-08-01,$ / CWT,2021,79.0,11.791,-0.0125,0.8415
生猪,2021-09-01,$ / CWT,2021,70.8,10.567,-0.1038,0.4245
生猪,2021-10-01,$ / CWT,2021,65.5,9.776,-0.0749,0.1634
生猪,2021-11-01,$ / CWT,2021,58.6,8.746,-0.1053,0.1291
生猪,2021-12-01,$ / CWT,2021,56.5,8.433,-0.0358,0.1507
生猪,2022-01-01,$ / CWT,2022,58.8,8.776,0.0407,0.1713
生猪,2022-02-01,$ / CWT,2022,68.6,10.239,0.1667,0.2163
生猪,2022-03-01,$ / CWT,2022,75.1,11.209,0.0948,0.1176
生猪,2022-04-01,$ / CWT,2022,76.2,11.373,0.0146,0.0079
生猪,2022-05-01,$ / CWT,2022,75.9,11.328,-0.0039,-0.0429
生猪,2022-06-01,$ / CWT,2022,78.7,11.746,0.0369,-0.0484
生猪,2022-07-01,$ / CWT,2022,83.0,12.388,0.0546,0.0375
生猪,2022-08-01,$ / CWT,2022,85.8,12.806,0.0337,0.0861
生猪,2022-09-01,$ / CWT,2022,73.8,11.015,-0.1399,0.0424
生猪,2022-10-01,$ / CWT,2022,70.5,10.522,-0.0447,0.0763
生猪,2022-11-01,$ / CWT,2022,66.7,9.955,-0.0539,0.1382
生猪,2022-12-01,$ / CWT,2022,62.5,9.328,-0.063,0.1062
生猪,2023-01-01,$ / CWT,2023,58.5,8.731,-0.064,-0.0051
生猪,2023-02-01,$ / CWT,2023,59.6,8.895,0.0188,-0.1312
生猪,2023-03-01,$ / CWT,2023,61.7,9.209,0.0352,-0.1784
生猪,2023-04-01,$ / CWT,2023,57.0,8.507,-0.0762,-0.252
生猪,2023-05-01,$ / CWT,2023,58.8,8.776,0.0316,-0.2253
生猪,2023-06-01,$ / CWT,2023,64.6,9.642,0.0986,-0.1792
生猪,2023-07-01,$ / CWT,2023,74.3,11.09,0.1502,-0.1048
生猪,2023-08-01,$ / CWT,2023,73.7,11.0,-0.0081,-0.141
生猪,2023-09-01,$ / CWT,2023,64.9,9.687,-0.1194,-0.1206
生猪,2023-10-01,$ / CWT,2023,60.4,9.015,-0.0693,-0.1433
生猪,2023-11-01,$ / CWT,2023,57.5,8.582,-0.048,-0.1379
生猪,2023-12-01,$ / CWT,2023,53.3,7.955,-0.073,-0.1472
生猪,2024-01-01,$ / CWT,2024,53.0,7.91,-0.0056,-0.094
生猪,2024-02-01,$ / CWT,2024,58.2,8.687,0.0981,-0.0235
生猪,2024-03-01,$ / CWT,2024,62.8,9.373,0.079,0.0178
生猪,2024-04-01,$ / CWT,2024,66.9,9.985,0.0653,0.1737
生猪,2024-05-01,$ / CWT,2024,67.9,10.134,0.0149,0.1548
生猪,2024-06-01,$ / CWT,2024,68.8,10.269,0.0133,0.065
生猪,2024-07-01,$ / CWT,2024,68.4,10.209,-0.0058,-0.0794
生猪,2024-08-01,$ / CWT,2024,67.8,10.119,-0.0088,-0.0801
生猪,2024-09-01,$ / CWT,2024,64.3,9.597,-0.0516,-0.0092
生猪,2024-10-01,$ / CWT,2024,63.9,9.537,-0.0062,0.0579
生猪,2024-11-01,$ / CWT,2024,65.4,9.761,0.0235,0.1374
生猪,2024-12-01,$ / CWT,2024,62.3,9.298,-0.0474,0.1689
生猪,2025-01-01,$ / CWT,2025,61.1,9.119,-0.0193,0.1528
生猪,2025-02-01,$ / CWT,2025,66.0,9.851,0.0802,0.134
生猪,2025-03-01,$ / CWT,2025,67.0,10.0,0.0152,0.0669
生猪,2025-04-01,$ / CWT,2025,65.5,9.776,-0.0224,-0.0209
生猪,2025-05-01,$ / CWT,2025,68.4,10.209,0.0443,0.0074
生猪,2025-06-01,$ / CWT,2025,76.7,11.448,0.1213,0.1148
生猪,2025-07-01,$ / CWT,2025,79.8,11.91,0.0404,0.1667
生猪,2025-08-01,$ / CWT,2025,79.8,11.91,0.0,0.177
生猪,2025-09-01,$ / CWT,2025,77.2,11.522,-0.0326,0.2006
生猪,2025-10-01,$ / CWT,2025,71.3,10.642,-0.0764,0.1158
生猪,2025-11-01,$ / CWT,2025,65.1,9.716,-0.087,-0.0046
生猪,2025-12-01,$ / CWT,2025,62.3,9.298,-0.043,0.0
生猪,2026-01-01,$ / CWT,2026,62.2,9.284,-0.0016,0.018
生猪,2026-02-01,$ / CWT,2026,65.9,9.836,0.0595,-0.0015
生猪,2026-03-01,$ / CWT,2026,68.7,10.254,0.0425,0.0254
生猪,2026-04-01,$ / CWT,2026,67.8,10.119,-0.0131,0.0351
生猪,2026-05-01,$ / CWT,2026,68.5,10.224,0.0103,0.0015
生猪,2026-06-01,$ / CWT,2026,69.4,10.358,0.0131,-0.0952
生鲜乳,1980-01-01,$ / CWT,1980,12.8,1.91,,
生鲜乳,1980-02-01,$ / CWT,1980,12.8,1.91,0.0,
生鲜乳,1980-03-01,$ / CWT,1980,12.8,1.91,0.0,
生鲜乳,1980-04-01,$ / CWT,1980,12.7,1.896,-0.0078,
生鲜乳,1980-05-01,$ / CWT,1980,12.6,1.881,-0.0079,
生鲜乳,1980-06-01,$ / CWT,1980,12.5,1.866,-0.0079,
生鲜乳,1980-07-01,$ / CWT,1980,12.6,1.881,0.008,
生鲜乳,1980-08-01,$ / CWT,1980,12.8,1.91,0.0159,
生鲜乳,1980-09-01,$ / CWT,1980,13.2,1.97,0.0312,
生鲜乳,1980-10-01,$ / CWT,1980,13.7,2.045,0.0379,
生鲜乳,1980-11-01,$ / CWT,1980,14.0,2.09,0.0219,
生鲜乳,1980-12-01,$ / CWT,1980,14.1,2.104,0.0071,
生鲜乳,1981-01-01,$ / CWT,1981,14.1,2.104,0.0,0.1016
生鲜乳,1981-02-01,$ / CWT,1981,14.0,2.09,-0.0071,0.0938
生鲜乳,1981-03-01,$ / CWT,1981,13.8,2.06,-0.0143,0.0781
生鲜乳,1981-04-01,$ / CWT,1981,13.7,2.045,-0.0072,0.0787
生鲜乳,1981-05-01,$ / CWT,1981,13.5,2.015,-0.0146,0.0714
生鲜乳,1981-06-01,$ / CWT,1981,13.4,2.0,-0.0074,0.072
生鲜乳,1981-07-01,$ / CWT,1981,13.4,2.0,0.0,0.0635
生鲜乳,1981-08-01,$ / CWT,1981,13.5,2.015,0.0075,0.0547
生鲜乳,1981-09-01,$ / CWT,1981,13.7,2.045,0.0148,0.0379
生鲜乳,1981-10-01,$ / CWT,1981,14.0,2.09,0.0219,0.0219
生鲜乳,1981-11-01,$ / CWT,1981,14.0,2.09,0.0,0.0
生鲜乳,1981-12-01,$ / CWT,1981,14.0,2.09,0.0,-0.0071
生鲜乳,1982-01-01,$ / CWT,1982,14.0,2.09,0.0,-0.0071
生鲜乳,1982-02-01,$ / CWT,1982,13.8,2.06,-0.0143,-0.0143
生鲜乳,1982-03-01,$ / CWT,1982,13.7,2.045,-0.0072,-0.0072
生鲜乳,1982-04-01,$ / CWT,1982,13.5,2.015,-0.0146,-0.0146
生鲜乳,1982-05-01,$ / CWT,1982,13.2,1.97,-0.0222,-0.0222
生鲜乳,1982-06-01,$ / CWT,1982,13.2,1.97,0.0,-0.0149
生鲜乳,1982-07-01,$ / CWT,1982,13.2,1.97,0.0,-0.0149
生鲜乳,1982-08-01,$ / CWT,1982,13.3,1.985,0.0076,-0.0148
生鲜乳,1982-09-01,$ / CWT,1982,13.6,2.03,0.0226,-0.0073
生鲜乳,1982-10-01,$ / CWT,1982,13.8,2.06,0.0147,-0.0143
生鲜乳,1982-11-01,$ / CWT,1982,13.9,2.075,0.0072,-0.0071
生鲜乳,1982-12-01,$ / CWT,1982,13.9,2.075,0.0,-0.0071
生鲜乳,1983-01-01,$ / CWT,1983,13.9,2.075,0.0,-0.0071
生鲜乳,1983-02-01,$ / CWT,1983,13.8,2.06,-0.0072,0.0
生鲜乳,1983-03-01,$ / CWT,1983,13.6,2.03,-0.0145,-0.0073
生鲜乳,1983-04-01,$ / CWT,1983,13.6,2.03,0.0,0.0074
生鲜乳,1983-05-01,$ / CWT,1983,13.3,1.985,-0.0221,0.0076
生鲜乳,1983-06-01,$ / CWT,1983,13.2,1.97,-0.0075,0.0
生鲜乳,1983-07-01,$ / CWT,1983,13.2,1.97,0.0,0.0
生鲜乳,1983-08-01,$ / CWT,1983,13.3,1.985,0.0076,0.0
生鲜乳,1983-09-01,$ / CWT,1983,13.5,2.015,0.015,-0.0074
生鲜乳,1983-10-01,$ / CWT,1983,13.8,2.06,0.0222,0.0
生鲜乳,1983-11-01,$ / CWT,1983,13.9,2.075,0.0072,0.0
生鲜乳,1983-12-01,$ / CWT,1983,13.7,2.045,-0.0144,-0.0144
生鲜乳,1984-01-01,$ / CWT,1984,13.6,2.03,-0.0073,-0.0216
生鲜乳,1984-02-01,$ / CWT,1984,13.4,2.0,-0.0147,-0.029
生鲜乳,1984-03-01,$ / CWT,1984,13.3,1.985,-0.0075,-0.0221
生鲜乳,1984-04-01,$ / CWT,1984,13.1,1.955,-0.015,-0.0368
生鲜乳,1984-05-01,$ / CWT,1984,13.0,1.94,-0.0076,-0.0226
生鲜乳,1984-06-01,$ / CWT,1984,12.9,1.925,-0.0077,-0.0227
生鲜乳,1984-07-01,$ / CWT,1984,13.0,1.94,0.0078,-0.0152
生鲜乳,1984-08-01,$ / CWT,1984,13.2,1.97,0.0154,-0.0075
生鲜乳,1984-09-01,$ / CWT,1984,13.6,2.03,0.0303,0.0074
生鲜乳,1984-10-01,$ / CWT,1984,14.0,2.09,0.0294,0.0145
生鲜乳,1984-11-01,$ / CWT,1984,14.3,2.134,0.0214,0.0288
生鲜乳,1984-12-01,$ / CWT,1984,14.0,2.09,-0.021,0.0219
生鲜乳,1985-01-01,$ / CWT,1985,13.9,2.075,-0.0071,0.0221
生鲜乳,1985-02-01,$ / CWT,1985,13.7,2.045,-0.0144,0.0224
生鲜乳,1985-03-01,$ / CWT,1985,13.3,1.985,-0.0292,0.0
生鲜乳,1985-04-01,$ / CWT,1985,12.9,1.925,-0.0301,-0.0153
生鲜乳,1985-05-01,$ / CWT,1985,12.5,1.866,-0.031,-0.0385
生鲜乳,1985-06-01,$ / CWT,1985,12.2,1.821,-0.024,-0.0543
生鲜乳,1985-07-01,$ / CWT,1985,12.1,1.806,-0.0082,-0.0692
生鲜乳,1985-08-01,$ / CWT,1985,12.1,1.806,0.0,-0.0833
生鲜乳,1985-09-01,$ / CWT,1985,12.3,1.836,0.0165,-0.0956
生鲜乳,1985-10-01,$ / CWT,1985,12.6,1.881,0.0244,-0.1
生鲜乳,1985-11-01,$ / CWT,1985,12.6,1.881,0.0,-0.1189
生鲜乳,1985-12-01,$ / CWT,1985,12.6,1.881,0.0,-0.1
生鲜乳,1986-01-01,$ / CWT,1986,12.5,1.866,-0.0079,-0.1007
生鲜乳,1986-02-01,$ / CWT,1986,12.4,1.851,-0.008,-0.0949
生鲜乳,1986-03-01,$ / CWT,1986,12.2,1.821,-0.0161,-0.0827
生鲜乳,1986-04-01,$ / CWT,1986,12.1,1.806,-0.0082,-0.062
生鲜乳,1986-05-01,$ / CWT,1986,12.0,1.791,-0.0083,-0.04
生鲜乳,1986-06-01,$ / CWT,1986,11.9,1.776,-0.0083,-0.0246
生鲜乳,1986-07-01,$ / CWT,1986,12.0,1.791,0.0084,-0.0083
生鲜乳,1986-08-01,$ / CWT,1986,12.3,1.836,0.025,0.0165
生鲜乳,1986-09-01,$ / CWT,1986,12.8,1.91,0.0407,0.0407
生鲜乳,1986-10-01,$ / CWT,1986,13.2,1.97,0.0312,0.0476
生鲜乳,1986-11-01,$ / CWT,1986,13.4,2.0,0.0152,0.0635
生鲜乳,1986-12-01,$ / CWT,1986,13.4,2.0,0.0,0.0635
生鲜乳,1987-01-01,$ / CWT,1987,13.2,1.97,-0.0149,0.056
生鲜乳,1987-02-01,$ / CWT,1987,12.9,1.925,-0.0227,0.0403
生鲜乳,1987-03-01,$ / CWT,1987,12.5,1.866,-0.031,0.0246
生鲜乳,1987-04-01,$ / CWT,1987,12.2,1.821,-0.024,0.0083
生鲜乳,1987-05-01,$ / CWT,1987,11.9,1.776,-0.0246,-0.0083
生鲜乳,1987-06-01,$ / CWT,1987,11.9,1.776,0.0,0.0
生鲜乳,1987-07-01,$ / CWT,1987,12.0,1.791,0.0084,0.0
生鲜乳,1987-08-01,$ / CWT,1987,12.2,1.821,0.0167,-0.0081
生鲜乳,1987-09-01,$ / CWT,1987,12.6,1.881,0.0328,-0.0156
生鲜乳,1987-10-01,$ / CWT,1987,12.9,1.925,0.0238,-0.0227
生鲜乳,1987-11-01,$ / CWT,1987,12.9,1.925,0.0,-0.0373
生鲜乳,1987-12-01,$ / CWT,1987,12.7,1.896,-0.0155,-0.0522
生鲜乳,1988-01-01,$ / CWT,1988,12.5,1.866,-0.0157,-0.053
生鲜乳,1988-02-01,$ / CWT,1988,12.2,1.821,-0.024,-0.0543
生鲜乳,1988-03-01,$ / CWT,1988,11.9,1.776,-0.0246,-0.048
生鲜乳,1988-04-01,$ / CWT,1988,11.6,1.731,-0.0252,-0.0492
生鲜乳,1988-05-01,$ / CWT,1988,11.4,1.701,-0.0172,-0.042
生鲜乳,1988-06-01,$ / CWT,1988,11.3,1.687,-0.0088,-0.0504
生鲜乳,1988-07-01,$ / CWT,1988,11.4,1.701,0.0088,-0.05
生鲜乳,1988-08-01,$ / CWT,1988,11.8,1.761,0.0351,-0.0328
生鲜乳,1988-09-01,$ / CWT,1988,12.4,1.851,0.0508,-0.0159
生鲜乳,1988-10-01,$ / CWT,1988,13.0,1.94,0.0484,0.0078
生鲜乳,1988-11-01,$ / CWT,1988,13.4,2.0,0.0308,0.0388
生鲜乳,1988-12-01,$ / CWT,1988,13.5,2.015,0.0075,0.063
生鲜乳,1989-01-01,$ / CWT,1989,13.5,2.015,0.0,0.08
生鲜乳,1989-02-01,$ / CWT,1989,13.2,1.97,-0.0222,0.082
生鲜乳,1989-03-01,$ / CWT,1989,12.7,1.896,-0.0379,0.0672
生鲜乳,1989-04-01,$ / CWT,1989,12.4,1.851,-0.0236,0.069
生鲜乳,1989-05-01,$ / CWT,1989,12.3,1.836,-0.0081,0.0789
生鲜乳,1989-06-01,$ / CWT,1989,12.4,1.851,0.0081,0.0973
生鲜乳,1989-07-01,$ / CWT,1989,12.6,1.881,0.0161,0.1053
生鲜乳,1989-08-01,$ / CWT,1989,13.2,1.97,0.0476,0.1186
生鲜乳,1989-09-01,$ / CWT,1989,14.0,2.09,0.0606,0.129
生鲜乳,1989-10-01,$ / CWT,1989,14.8,2.209,0.0571,0.1385
生鲜乳,1989-11-01,$ / CWT,1989,15.6,2.328,0.0541,0.1642
生鲜乳,1989-12-01,$ / CWT,1989,16.0,2.388,0.0256,0.1852
生鲜乳,1990-01-01,$ / CWT,1990,15.5,2.313,-0.0312,0.1481
生鲜乳,1990-02-01,$ / CWT,1990,14.5,2.164,-0.0645,0.0985
生鲜乳,1990-03-01,$ / CWT,1990,13.9,2.075,-0.0414,0.0945
生鲜乳,1990-04-01,$ / CWT,1990,13.4,2.0,-0.036,0.0806
生鲜乳,1990-05-01,$ / CWT,1990,13.5,2.015,0.0075,0.0976
生鲜乳,1990-06-01,$ / CWT,1990,13.8,2.06,0.0222,0.1129
生鲜乳,1990-07-01,$ / CWT,1990,14.0,2.09,0.0145,0.1111
生鲜乳,1990-08-01,$ / CWT,1990,14.2,2.119,0.0143,0.0758
生鲜乳,1990-09-01,$ / CWT,1990,13.9,2.075,-0.0211,-0.0071
生鲜乳,1990-10-01,$ / CWT,1990,13.1,1.955,-0.0576,-0.1149
生鲜乳,1990-11-01,$ / CWT,1990,12.7,1.896,-0.0305,-0.1859
生鲜乳,1990-12-01,$ / CWT,1990,11.7,1.746,-0.0787,-0.2688
生鲜乳,1991-01-01,$ / CWT,1991,11.7,1.746,0.0,-0.2452
生鲜乳,1991-02-01,$ / CWT,1991,11.6,1.731,-0.0085,-0.2
生鲜乳,1991-03-01,$ / CWT,1991,11.4,1.701,-0.0172,-0.1799
生鲜乳,1991-04-01,$ / CWT,1991,11.3,1.687,-0.0088,-0.1567
生鲜乳,1991-05-01,$ / CWT,1991,11.3,1.687,0.0,-0.163
生鲜乳,1991-06-01,$ / CWT,1991,11.4,1.701,0.0088,-0.1739
生鲜乳,1991-07-01,$ / CWT,1991,11.8,1.761,0.0351,-0.1571
生鲜乳,1991-08-01,$ / CWT,1991,12.4,1.851,0.0508,-0.1268
生鲜乳,1991-09-01,$ / CWT,1991,12.8,1.91,0.0323,-0.0791
生鲜乳,1991-10-01,$ / CWT,1991,13.5,2.015,0.0547,0.0305
生鲜乳,1991-11-01,$ / CWT,1991,13.9,2.075,0.0296,0.0945
生鲜乳,1991-12-01,$ / CWT,1991,13.8,2.06,-0.0072,0.1795
生鲜乳,1992-01-01,$ / CWT,1992,13.4,2.0,-0.029,0.1453
生鲜乳,1992-02-01,$ / CWT,1992,12.9,1.925,-0.0373,0.1121
生鲜乳,1992-03-01,$ / CWT,1992,12.5,1.866,-0.031,0.0965
生鲜乳,1992-04-01,$ / CWT,1992,12.6,1.881,0.008,0.115
生鲜乳,1992-05-01,$ / CWT,1992,12.8,1.91,0.0159,0.1327
生鲜乳,1992-06-01,$ / CWT,1992,13.2,1.97,0.0312,0.1579
生鲜乳,1992-07-01,$ / CWT,1992,13.4,2.0,0.0152,0.1356
生鲜乳,1992-08-01,$ / CWT,1992,13.5,2.015,0.0075,0.0887
生鲜乳,1992-09-01,$ / CWT,1992,13.5,2.015,0.0,0.0547
生鲜乳,1992-10-01,$ / CWT,1992,13.4,2.0,-0.0074,-0.0074
生鲜乳,1992-11-01,$ / CWT,1992,13.1,1.955,-0.0224,-0.0576
生鲜乳,1992-12-01,$ / CWT,1992,12.8,1.91,-0.0229,-0.0725
生鲜乳,1993-01-01,$ / CWT,1993,12.5,1.866,-0.0234,-0.0672
生鲜乳,1993-02-01,$ / CWT,1993,12.2,1.821,-0.024,-0.0543
生鲜乳,1993-03-01,$ / CWT,1993,12.2,1.821,0.0,-0.024
生鲜乳,1993-04-01,$ / CWT,1993,12.6,1.881,0.0328,0.0
生鲜乳,1993-05-01,$ / CWT,1993,12.9,1.925,0.0238,0.0078
生鲜乳,1993-06-01,$ / CWT,1993,13.0,1.94,0.0078,-0.0152
生鲜乳,1993-07-01,$ / CWT,1993,12.8,1.91,-0.0154,-0.0448
生鲜乳,1993-08-01,$ / CWT,1993,12.4,1.851,-0.0312,-0.0815
生鲜乳,1993-09-01,$ / CWT,1993,12.8,1.91,0.0323,-0.0519
生鲜乳,1993-10-01,$ / CWT,1993,13.1,1.955,0.0234,-0.0224
生鲜乳,1993-11-01,$ / CWT,1993,13.6,2.03,0.0382,0.0382
生鲜乳,1993-12-01,$ / CWT,1993,13.5,2.015,-0.0074,0.0547
生鲜乳,1994-01-01,$ / CWT,1994,13.6,2.03,0.0074,0.088
生鲜乳,1994-02-01,$ / CWT,1994,13.4,2.0,-0.0147,0.0984
生鲜乳,1994-03-01,$ / CWT,1994,13.5,2.015,0.0075,0.1066
生鲜乳,1994-04-01,$ / CWT,1994,13.4,2.0,-0.0074,0.0635
生鲜乳,1994-05-01,$ / CWT,1994,12.8,1.91,-0.0448,-0.0078
生鲜乳,1994-06-01,$ / CWT,1994,12.6,1.881,-0.0156,-0.0308
生鲜乳,1994-07-01,$ / CWT,1994,12.2,1.821,-0.0317,-0.0469
生鲜乳,1994-08-01,$ / CWT,1994,12.4,1.851,0.0164,0.0
生鲜乳,1994-09-01,$ / CWT,1994,12.8,1.91,0.0323,0.0
生鲜乳,1994-10-01,$ / CWT,1994,13.0,1.94,0.0156,-0.0076
生鲜乳,1994-11-01,$ / CWT,1994,13.1,1.955,0.0077,-0.0368
生鲜乳,1994-12-01,$ / CWT,1994,12.8,1.91,-0.0229,-0.0519
生鲜乳,1995-01-01,$ / CWT,1995,12.6,1.881,-0.0156,-0.0735
生鲜乳,1995-02-01,$ / CWT,1995,12.5,1.866,-0.0079,-0.0672
生鲜乳,1995-03-01,$ / CWT,1995,12.6,1.881,0.008,-0.0667
生鲜乳,1995-04-01,$ / CWT,1995,12.3,1.836,-0.0238,-0.0821
生鲜乳,1995-05-01,$ / CWT,1995,12.3,1.836,0.0,-0.0391
生鲜乳,1995-06-01,$ / CWT,1995,12.1,1.806,-0.0163,-0.0397
生鲜乳,1995-07-01,$ / CWT,1995,12.0,1.791,-0.0083,-0.0164
生鲜乳,1995-08-01,$ / CWT,1995,12.4,1.851,0.0333,0.0
生鲜乳,1995-09-01,$ / CWT,1995,12.8,1.91,0.0323,0.0
生鲜乳,1995-10-01,$ / CWT,1995,13.4,2.0,0.0469,0.0308
生鲜乳,1995-11-01,$ / CWT,1995,14.0,2.09,0.0448,0.0687
生鲜乳,1995-12-01,$ / CWT,1995,13.9,2.075,-0.0071,0.0859
生鲜乳,1996-01-01,$ / CWT,1996,14.1,2.104,0.0144,0.119
生鲜乳,1996-02-01,$ / CWT,1996,13.9,2.075,-0.0142,0.112
生鲜乳,1996-03-01,$ / CWT,1996,13.8,2.06,-0.0072,0.0952
生鲜乳,1996-04-01,$ / CWT,1996,13.9,2.075,0.0072,0.1301
生鲜乳,1996-05-01,$ / CWT,1996,14.3,2.134,0.0288,0.1626
生鲜乳,1996-06-01,$ / CWT,1996,14.8,2.209,0.035,0.2231
生鲜乳,1996-07-01,$ / CWT,1996,15.4,2.298,0.0405,0.2833
生鲜乳,1996-08-01,$ / CWT,1996,15.9,2.373,0.0325,0.2823
生鲜乳,1996-09-01,$ / CWT,1996,16.5,2.463,0.0377,0.2891
生鲜乳,1996-10-01,$ / CWT,1996,16.4,2.448,-0.0061,0.2239
生鲜乳,1996-11-01,$ / CWT,1996,15.2,2.269,-0.0732,0.0857
生鲜乳,1996-12-01,$ / CWT,1996,14.3,2.134,-0.0592,0.0288
生鲜乳,1997-01-01,$ / CWT,1997,13.5,2.015,-0.0559,-0.0426
生鲜乳,1997-02-01,$ / CWT,1997,13.4,2.0,-0.0074,-0.036
生鲜乳,1997-03-01,$ / CWT,1997,13.6,2.03,0.0149,-0.0145
生鲜乳,1997-04-01,$ / CWT,1997,13.2,1.97,-0.0294,-0.0504
生鲜乳,1997-05-01,$ / CWT,1997,12.7,1.896,-0.0379,-0.1119
生鲜乳,1997-06-01,$ / CWT,1997,12.2,1.821,-0.0394,-0.1757
生鲜乳,1997-07-01,$ / CWT,1997,12.1,1.806,-0.0082,-0.2143
生鲜乳,1997-08-01,$ / CWT,1997,12.7,1.896,0.0496,-0.2013
生鲜乳,1997-09-01,$ / CWT,1997,13.1,1.955,0.0315,-0.2061
生鲜乳,1997-10-01,$ / CWT,1997,14.1,2.104,0.0763,-0.1402
生鲜乳,1997-11-01,$ / CWT,1997,14.7,2.194,0.0426,-0.0329
生鲜乳,1997-12-01,$ / CWT,1997,14.8,2.209,0.0068,0.035
生鲜乳,1998-01-01,$ / CWT,1998,14.7,2.194,-0.0068,0.0889
生鲜乳,1998-02-01,$ / CWT,1998,14.9,2.224,0.0136,0.1119
生鲜乳,1998-03-01,$ / CWT,1998,14.5,2.164,-0.0268,0.0662
生鲜乳,1998-04-01,$ / CWT,1998,14.0,2.09,-0.0345,0.0606
生鲜乳,1998-05-01,$ / CWT,1998,13.3,1.985,-0.05,0.0472
生鲜乳,1998-06-01,$ / CWT,1998,14.2,2.119,0.0677,0.1639
生鲜乳,1998-07-01,$ / CWT,1998,14.3,2.134,0.007,0.1818
生鲜乳,1998-08-01,$ / CWT,1998,15.5,2.313,0.0839,0.2205
生鲜乳,1998-09-01,$ / CWT,1998,16.8,2.507,0.0839,0.2824
生鲜乳,1998-10-01,$ / CWT,1998,17.8,2.657,0.0595,0.2624
生鲜乳,1998-11-01,$ / CWT,1998,17.9,2.672,0.0056,0.2177
生鲜乳,1998-12-01,$ / CWT,1998,18.1,2.701,0.0112,0.223
生鲜乳,1999-01-01,$ / CWT,1999,17.4,2.597,-0.0387,0.1837
生鲜乳,1999-02-01,$ / CWT,1999,15.2,2.269,-0.1264,0.0201
生鲜乳,1999-03-01,$ / CWT,1999,15.2,2.269,0.0,0.0483
生鲜乳,1999-04-01,$ / CWT,1999,12.6,1.881,-0.1711,-0.1
生鲜乳,1999-05-01,$ / CWT,1999,12.8,1.91,0.0159,-0.0376
生鲜乳,1999-06-01,$ / CWT,1999,13.1,1.955,0.0234,-0.0775
生鲜乳,1999-07-01,$ / CWT,1999,13.8,2.06,0.0534,-0.035
生鲜乳,1999-08-01,$ / CWT,1999,15.0,2.239,0.087,-0.0323
生鲜乳,1999-09-01,$ / CWT,1999,15.7,2.343,0.0467,-0.0655
生鲜乳,1999-10-01,$ / CWT,1999,14.9,2.224,-0.051,-0.1629
生鲜乳,1999-11-01,$ / CWT,1999,14.4,2.149,-0.0336,-0.1955
生鲜乳,1999-12-01,$ / CWT,1999,12.2,1.821,-0.1528,-0.326
生鲜乳,2000-01-01,$ / CWT,2000,12.0,1.791,-0.0164,-0.3103
生鲜乳,2000-02-01,$ / CWT,2000,11.8,1.761,-0.0167,-0.2237
生鲜乳,2000-03-01,$ / CWT,2000,11.8,1.761,0.0,-0.2237
生鲜乳,2000-04-01,$ / CWT,2000,11.9,1.776,0.0085,-0.0556
生鲜乳,2000-05-01,$ / CWT,2000,12.0,1.791,0.0084,-0.0625
生鲜乳,2000-06-01,$ / CWT,2000,12.3,1.836,0.025,-0.0611
生鲜乳,2000-07-01,$ / CWT,2000,12.6,1.881,0.0244,-0.087
生鲜乳,2000-08-01,$ / CWT,2000,12.5,1.866,-0.0079,-0.1667
生鲜乳,2000-09-01,$ / CWT,2000,12.9,1.925,0.032,-0.1783
生鲜乳,2000-10-01,$ / CWT,2000,12.5,1.866,-0.031,-0.1611
生鲜乳,2000-11-01,$ / CWT,2000,12.5,1.866,0.0,-0.1319
生鲜乳,2000-12-01,$ / CWT,2000,13.0,1.94,0.04,0.0656
生鲜乳,2001-01-01,$ / CWT,2001,13.0,1.94,0.0,0.0833
生鲜乳,2001-02-01,$ / CWT,2001,13.1,1.955,0.0077,0.1102
生鲜乳,2001-03-01,$ / CWT,2001,13.9,2.075,0.0611,0.178
生鲜乳,2001-04-01,$ / CWT,2001,14.6,2.179,0.0504,0.2269
生鲜乳,2001-05-01,$ / CWT,2001,15.5,2.313,0.0616,0.2917
生鲜乳,2001-06-01,$ / CWT,2001,16.2,2.418,0.0452,0.3171
生鲜乳,2001-07-01,$ / CWT,2001,16.2,2.418,0.0,0.2857
生鲜乳,2001-08-01,$ / CWT,2001,16.5,2.463,0.0185,0.32
生鲜乳,2001-09-01,$ / CWT,2001,17.1,2.552,0.0364,0.3256
生鲜乳,2001-10-01,$ / CWT,2001,15.6,2.328,-0.0877,0.248
生鲜乳,2001-11-01,$ / CWT,2001,14.4,2.149,-0.0769,0.152
生鲜乳,2001-12-01,$ / CWT,2001,13.5,2.015,-0.0625,0.0385
生鲜乳,2002-01-01,$ / CWT,2002,13.6,2.03,0.0074,0.0462
生鲜乳,2002-02-01,$ / CWT,2002,13.1,1.955,-0.0368,0.0
生鲜乳,2002-03-01,$ / CWT,2002,12.6,1.881,-0.0382,-0.0935
生鲜乳,2002-04-01,$ / CWT,2002,12.5,1.866,-0.0079,-0.1438
生鲜乳,2002-05-01,$ / CWT,2002,12.1,1.806,-0.032,-0.2194
生鲜乳,2002-06-01,$ / CWT,2002,11.5,1.716,-0.0496,-0.2901
生鲜乳,2002-07-01,$ / CWT,2002,11.1,1.657,-0.0348,-0.3148
生鲜乳,2002-08-01,$ / CWT,2002,11.3,1.687,0.018,-0.3152
生鲜乳,2002-09-01,$ / CWT,2002,11.6,1.731,0.0265,-0.3216
生鲜乳,2002-10-01,$ / CWT,2002,12.1,1.806,0.0431,-0.2244
生鲜乳,2002-11-01,$ / CWT,2002,11.9,1.776,-0.0165,-0.1736
生鲜乳,2002-12-01,$ / CWT,2002,11.9,1.776,0.0,-0.1185
生鲜乳,2003-01-01,$ / CWT,2003,11.8,1.761,-0.0084,-0.1324
生鲜乳,2003-02-01,$ / CWT,2003,11.3,1.687,-0.0424,-0.1374
生鲜乳,2003-03-01,$ / CWT,2003,11.0,1.642,-0.0265,-0.127
生鲜乳,2003-04-01,$ / CWT,2003,11.0,1.642,0.0,-0.12
生鲜乳,2003-05-01,$ / CWT,2003,11.0,1.642,0.0,-0.0909
生鲜乳,2003-06-01,$ / CWT,2003,11.0,1.642,0.0,-0.0435
生鲜乳,2003-07-01,$ / CWT,2003,12.1,1.806,0.1,0.0901
生鲜乳,2003-08-01,$ / CWT,2003,13.3,1.985,0.0992,0.177
生鲜乳,2003-09-01,$ / CWT,2003,14.5,2.164,0.0902,0.25
生鲜乳,2003-10-01,$ / CWT,2003,15.0,2.239,0.0345,0.2397
生鲜乳,2003-11-01,$ / CWT,2003,14.4,2.149,-0.04,0.2101
生鲜乳,2003-12-01,$ / CWT,2003,13.8,2.06,-0.0417,0.1597
生鲜乳,2004-01-01,$ / CWT,2004,13.2,1.97,-0.0435,0.1186
生鲜乳,2004-02-01,$ / CWT,2004,13.6,2.03,0.0303,0.2035
生鲜乳,2004-03-01,$ / CWT,2004,15.5,2.313,0.1397,0.4091
生鲜乳,2004-04-01,$ / CWT,2004,18.1,2.701,0.1677,0.6455
生鲜乳,2004-05-01,$ / CWT,2004,19.3,2.881,0.0663,0.7545
生鲜乳,2004-06-01,$ / CWT,2004,18.2,2.716,-0.057,0.6545
生鲜乳,2004-07-01,$ / CWT,2004,16.1,2.403,-0.1154,0.3306
生鲜乳,2004-08-01,$ / CWT,2004,14.9,2.224,-0.0745,0.1203
生鲜乳,2004-09-01,$ / CWT,2004,15.5,2.313,0.0403,0.069
生鲜乳,2004-10-01,$ / CWT,2004,15.6,2.328,0.0065,0.04
生鲜乳,2004-11-01,$ / CWT,2004,16.2,2.418,0.0385,0.125
生鲜乳,2004-12-01,$ / CWT,2004,16.4,2.448,0.0123,0.1884
生鲜乳,2005-01-01,$ / CWT,2005,16.1,2.403,-0.0183,0.2197
生鲜乳,2005-02-01,$ / CWT,2005,15.4,2.298,-0.0435,0.1324
生鲜乳,2005-03-01,$ / CWT,2005,15.5,2.313,0.0065,0.0
生鲜乳,2005-04-01,$ / CWT,2005,15.2,2.269,-0.0194,-0.1602
生鲜乳,2005-05-01,$ / CWT,2005,14.7,2.194,-0.0329,-0.2383
生鲜乳,2005-06-01,$ / CWT,2005,14.4,2.149,-0.0204,-0.2088
生鲜乳,2005-07-01,$ / CWT,2005,14.8,2.209,0.0278,-0.0807
生鲜乳,2005-08-01,$ / CWT,2005,14.8,2.209,0.0,-0.0067
生鲜乳,2005-09-01,$ / CWT,2005,15.3,2.284,0.0338,-0.0129
生鲜乳,2005-10-01,$ / CWT,2005,15.5,2.313,0.0131,-0.0064
生鲜乳,2005-11-01,$ / CWT,2005,15.1,2.254,-0.0258,-0.0679
生鲜乳,2005-12-01,$ / CWT,2005,14.8,2.209,-0.0199,-0.0976
生鲜乳,2006-01-01,$ / CWT,2006,14.4,2.149,-0.027,-0.1056
生鲜乳,2006-02-01,$ / CWT,2006,13.5,2.015,-0.0625,-0.1234
生鲜乳,2006-03-01,$ / CWT,2006,12.6,1.881,-0.0667,-0.1871
生鲜乳,2006-04-01,$ / CWT,2006,12.0,1.791,-0.0476,-0.2105
生鲜乳,2006-05-01,$ / CWT,2006,11.9,1.776,-0.0083,-0.1905
生鲜乳,2006-06-01,$ / CWT,2006,11.9,1.776,0.0,-0.1736
生鲜乳,2006-07-01,$ / CWT,2006,11.7,1.746,-0.0168,-0.2095
生鲜乳,2006-08-01,$ / CWT,2006,12.0,1.791,0.0256,-0.1892
生鲜乳,2006-09-01,$ / CWT,2006,13.0,1.94,0.0833,-0.1503
生鲜乳,2006-10-01,$ / CWT,2006,13.5,2.015,0.0385,-0.129
生鲜乳,2006-11-01,$ / CWT,2006,13.9,2.075,0.0296,-0.0795
生鲜乳,2006-12-01,$ / CWT,2006,14.2,2.119,0.0216,-0.0405
生鲜乳,2007-01-01,$ / CWT,2007,14.5,2.164,0.0211,0.0069
生鲜乳,2007-02-01,$ / CWT,2007,14.9,2.224,0.0276,0.1037
生鲜乳,2007-03-01,$ / CWT,2007,15.6,2.328,0.047,0.2381
生鲜乳,2007-04-01,$ / CWT,2007,16.5,2.463,0.0577,0.375
生鲜乳,2007-05-01,$ / CWT,2007,18.0,2.687,0.0909,0.5126
生鲜乳,2007-06-01,$ / CWT,2007,20.2,3.015,0.1222,0.6975
生鲜乳,2007-07-01,$ / CWT,2007,21.6,3.224,0.0693,0.8462
生鲜乳,2007-08-01,$ / CWT,2007,21.6,3.224,0.0,0.8
生鲜乳,2007-09-01,$ / CWT,2007,21.8,3.254,0.0093,0.6769
生鲜乳,2007-10-01,$ / CWT,2007,21.4,3.194,-0.0183,0.5852
生鲜乳,2007-11-01,$ / CWT,2007,21.9,3.269,0.0234,0.5755
生鲜乳,2007-12-01,$ / CWT,2007,21.5,3.209,-0.0183,0.5141
生鲜乳,2008-01-01,$ / CWT,2008,20.5,3.06,-0.0465,0.4138
生鲜乳,2008-02-01,$ / CWT,2008,19.1,2.851,-0.0683,0.2819
生鲜乳,2008-03-01,$ / CWT,2008,18.1,2.701,-0.0524,0.1603
生鲜乳,2008-04-01,$ / CWT,2008,18.1,2.701,0.0,0.097
生鲜乳,2008-05-01,$ / CWT,2008,18.4,2.746,0.0166,0.0222
生鲜乳,2008-06-01,$ / CWT,2008,19.3,2.881,0.0489,-0.0446
生鲜乳,2008-07-01,$ / CWT,2008,19.4,2.896,0.0052,-0.1019
生鲜乳,2008-08-01,$ / CWT,2008,18.4,2.746,-0.0515,-0.1481
生鲜乳,2008-09-01,$ / CWT,2008,18.2,2.716,-0.0109,-0.1651
生鲜乳,2008-10-01,$ / CWT,2008,17.8,2.657,-0.022,-0.1682
生鲜乳,2008-11-01,$ / CWT,2008,17.1,2.552,-0.0393,-0.2192
生鲜乳,2008-12-01,$ / CWT,2008,15.5,2.313,-0.0936,-0.2791
生鲜乳,2009-01-01,$ / CWT,2009,13.3,1.985,-0.1419,-0.3512
生鲜乳,2009-02-01,$ / CWT,2009,11.6,1.731,-0.1278,-0.3927
生鲜乳,2009-03-01,$ / CWT,2009,11.7,1.746,0.0086,-0.3536
生鲜乳,2009-04-01,$ / CWT,2009,11.9,1.776,0.0171,-0.3425
生鲜乳,2009-05-01,$ / CWT,2009,11.6,1.731,-0.0252,-0.3696
生鲜乳,2009-06-01,$ / CWT,2009,11.3,1.687,-0.0259,-0.4145
生鲜乳,2009-07-01,$ / CWT,2009,11.3,1.687,0.0,-0.4175
生鲜乳,2009-08-01,$ / CWT,2009,12.1,1.806,0.0708,-0.3424
生鲜乳,2009-09-01,$ / CWT,2009,13.0,1.94,0.0744,-0.2857
生鲜乳,2009-10-01,$ / CWT,2009,14.3,2.134,0.1,-0.1966
生鲜乳,2009-11-01,$ / CWT,2009,15.4,2.298,0.0769,-0.0994
生鲜乳,2009-12-01,$ / CWT,2009,16.5,2.463,0.0714,0.0645
生鲜乳,2010-01-01,$ / CWT,2010,16.1,2.403,-0.0242,0.2105
生鲜乳,2010-02-01,$ / CWT,2010,15.8,2.358,-0.0186,0.3621
生鲜乳,2010-03-01,$ / CWT,2010,14.8,2.209,-0.0633,0.265
生鲜乳,2010-04-01,$ / CWT,2010,14.6,2.179,-0.0135,0.2269
生鲜乳,2010-05-01,$ / CWT,2010,15.0,2.239,0.0274,0.2931
生鲜乳,2010-06-01,$ / CWT,2010,15.4,2.298,0.0267,0.3628
生鲜乳,2010-07-01,$ / CWT,2010,15.9,2.373,0.0325,0.4071
生鲜乳,2010-08-01,$ / CWT,2010,16.7,2.493,0.0503,0.3802
生鲜乳,2010-09-01,$ / CWT,2010,17.7,2.642,0.0599,0.3615
生鲜乳,2010-10-01,$ / CWT,2010,18.5,2.761,0.0452,0.2937
生鲜乳,2010-11-01,$ / CWT,2010,17.9,2.672,-0.0324,0.1623
生鲜乳,2010-12-01,$ / CWT,2010,16.7,2.493,-0.067,0.0121
生鲜乳,2011-01-01,$ / CWT,2011,16.7,2.493,0.0,0.0373
生鲜乳,2011-02-01,$ / CWT,2011,19.1,2.851,0.1437,0.2089
生鲜乳,2011-03-01,$ / CWT,2011,20.4,3.045,0.0681,0.3784
生鲜乳,2011-04-01,$ / CWT,2011,19.6,2.925,-0.0392,0.3425
生鲜乳,2011-05-01,$ / CWT,2011,19.6,2.925,0.0,0.3067
生鲜乳,2011-06-01,$ / CWT,2011,21.1,3.149,0.0765,0.3701
生鲜乳,2011-07-01,$ / CWT,2011,21.8,3.254,0.0332,0.3711
生鲜乳,2011-08-01,$ / CWT,2011,22.1,3.298,0.0138,0.3234
生鲜乳,2011-09-01,$ / CWT,2011,21.1,3.149,-0.0452,0.1921
生鲜乳,2011-10-01,$ / CWT,2011,20.0,2.985,-0.0521,0.0811
生鲜乳,2011-11-01,$ / CWT,2011,20.5,3.06,0.025,0.1453
生鲜乳,2011-12-01,$ / CWT,2011,19.7,2.94,-0.039,0.1796
生鲜乳,2012-01-01,$ / CWT,2012,18.9,2.821,-0.0406,0.1317
生鲜乳,2012-02-01,$ / CWT,2012,17.6,2.627,-0.0688,-0.0785
生鲜乳,2012-03-01,$ / CWT,2012,17.2,2.567,-0.0227,-0.1569
生鲜乳,2012-04-01,$ / CWT,2012,16.8,2.507,-0.0233,-0.1429
生鲜乳,2012-05-01,$ / CWT,2012,16.2,2.418,-0.0357,-0.1735
生鲜乳,2012-06-01,$ / CWT,2012,16.2,2.418,0.0,-0.2322
生鲜乳,2012-07-01,$ / CWT,2012,16.9,2.522,0.0432,-0.2248
生鲜乳,2012-08-01,$ / CWT,2012,18.2,2.716,0.0769,-0.1765
生鲜乳,2012-09-01,$ / CWT,2012,19.7,2.94,0.0824,-0.0664
生鲜乳,2012-10-01,$ / CWT,2012,21.6,3.224,0.0964,0.08
生鲜乳,2012-11-01,$ / CWT,2012,22.1,3.298,0.0231,0.078
生鲜乳,2012-12-01,$ / CWT,2012,20.8,3.104,-0.0588,0.0558
生鲜乳,2013-01-01,$ / CWT,2013,20.0,2.985,-0.0385,0.0582
生鲜乳,2013-02-01,$ / CWT,2013,19.5,2.91,-0.025,0.108
生鲜乳,2013-03-01,$ / CWT,2013,19.1,2.851,-0.0205,0.1105
生鲜乳,2013-04-01,$ / CWT,2013,19.5,2.91,0.0209,0.1607
生鲜乳,2013-05-01,$ / CWT,2013,19.7,2.94,0.0103,0.216
生鲜乳,2013-06-01,$ / CWT,2013,19.5,2.91,-0.0102,0.2037
生鲜乳,2013-07-01,$ / CWT,2013,19.1,2.851,-0.0205,0.1302
生鲜乳,2013-08-01,$ / CWT,2013,19.6,2.925,0.0262,0.0769
生鲜乳,2013-09-01,$ / CWT,2013,20.1,3.0,0.0255,0.0203
生鲜乳,2013-10-01,$ / CWT,2013,20.9,3.119,0.0398,-0.0324
生鲜乳,2013-11-01,$ / CWT,2013,21.6,3.224,0.0335,-0.0226
生鲜乳,2013-12-01,$ / CWT,2013,22.0,3.284,0.0185,0.0577
生鲜乳,2014-01-01,$ / CWT,2014,23.5,3.507,0.0682,0.175
生鲜乳,2014-02-01,$ / CWT,2014,24.8,3.701,0.0553,0.2718
生鲜乳,2014-03-01,$ / CWT,2014,25.1,3.746,0.0121,0.3141
生鲜乳,2014-04-01,$ / CWT,2014,25.3,3.776,0.008,0.2974
生鲜乳,2014-05-01,$ / CWT,2014,24.2,3.612,-0.0435,0.2284
生鲜乳,2014-06-01,$ / CWT,2014,23.2,3.463,-0.0413,0.1897
生鲜乳,2014-07-01,$ / CWT,2014,23.3,3.478,0.0043,0.2199
生鲜乳,2014-08-01,$ / CWT,2014,24.2,3.612,0.0386,0.2347
生鲜乳,2014-09-01,$ / CWT,2014,25.7,3.836,0.062,0.2786
生鲜乳,2014-10-01,$ / CWT,2014,24.9,3.716,-0.0311,0.1914
生鲜乳,2014-11-01,$ / CWT,2014,23.0,3.433,-0.0763,0.0648
生鲜乳,2014-12-01,$ / CWT,2014,20.4,3.045,-0.113,-0.0727
生鲜乳,2015-01-01,$ / CWT,2015,17.5,2.612,-0.1422,-0.2553
生鲜乳,2015-02-01,$ / CWT,2015,16.9,2.522,-0.0343,-0.3185
生鲜乳,2015-03-01,$ / CWT,2015,16.6,2.478,-0.0178,-0.3386
生鲜乳,2015-04-01,$ / CWT,2015,16.6,2.478,0.0,-0.3439
生鲜乳,2015-05-01,$ / CWT,2015,16.8,2.507,0.012,-0.3058
生鲜乳,2015-06-01,$ / CWT,2015,16.9,2.522,0.006,-0.2716
生鲜乳,2015-07-01,$ / CWT,2015,16.6,2.478,-0.0178,-0.2876
生鲜乳,2015-08-01,$ / CWT,2015,16.8,2.507,0.012,-0.3058
生鲜乳,2015-09-01,$ / CWT,2015,17.6,2.627,0.0476,-0.3152
生鲜乳,2015-10-01,$ / CWT,2015,17.7,2.642,0.0057,-0.2892
生鲜乳,2015-11-01,$ / CWT,2015,18.3,2.731,0.0339,-0.2043
生鲜乳,2015-12-01,$ / CWT,2015,17.3,2.582,-0.0546,-0.152
生鲜乳,2016-01-01,$ / CWT,2016,16.1,2.403,-0.0694,-0.08
生鲜乳,2016-02-01,$ / CWT,2016,15.7,2.343,-0.0248,-0.071
生鲜乳,2016-03-01,$ / CWT,2016,15.3,2.284,-0.0255,-0.0783
生鲜乳,2016-04-01,$ / CWT,2016,15.1,2.254,-0.0131,-0.0904
生鲜乳,2016-05-01,$ / CWT,2016,14.5,2.164,-0.0397,-0.1369
生鲜乳,2016-06-01,$ / CWT,2016,14.8,2.209,0.0207,-0.1243
生鲜乳,2016-07-01,$ / CWT,2016,16.1,2.403,0.0878,-0.0301
生鲜乳,2016-08-01,$ / CWT,2016,17.2,2.567,0.0683,0.0238
生鲜乳,2016-09-01,$ / CWT,2016,17.4,2.597,0.0116,-0.0114
生鲜乳,2016-10-01,$ / CWT,2016,16.7,2.493,-0.0402,-0.0565
生鲜乳,2016-11-01,$ / CWT,2016,17.8,2.657,0.0659,-0.0273
生鲜乳,2016-12-01,$ / CWT,2016,18.9,2.821,0.0618,0.0925
生鲜乳,2017-01-01,$ / CWT,2017,18.9,2.821,0.0,0.1739
生鲜乳,2017-02-01,$ / CWT,2017,18.4,2.746,-0.0265,0.172
生鲜乳,2017-03-01,$ / CWT,2017,17.3,2.582,-0.0598,0.1307
生鲜乳,2017-04-01,$ / CWT,2017,16.5,2.463,-0.0462,0.0927
生鲜乳,2017-05-01,$ / CWT,2017,16.7,2.493,0.0121,0.1517
生鲜乳,2017-06-01,$ / CWT,2017,17.3,2.582,0.0359,0.1689
生鲜乳,2017-07-01,$ / CWT,2017,17.2,2.567,-0.0058,0.0683
生鲜乳,2017-08-01,$ / CWT,2017,18.1,2.701,0.0523,0.0523
生鲜乳,2017-09-01,$ / CWT,2017,17.9,2.672,-0.011,0.0287
生鲜乳,2017-10-01,$ / CWT,2017,18.1,2.701,0.0112,0.0838
生鲜乳,2017-11-01,$ / CWT,2017,18.2,2.716,0.0055,0.0225
生鲜乳,2017-12-01,$ / CWT,2017,17.2,2.567,-0.0549,-0.0899
生鲜乳,2018-01-01,$ / CWT,2018,16.2,2.418,-0.0581,-0.1429
生鲜乳,2018-02-01,$ / CWT,2018,15.3,2.284,-0.0556,-0.1685
生鲜乳,2018-03-01,$ / CWT,2018,15.6,2.328,0.0196,-0.0983
生鲜乳,2018-04-01,$ / CWT,2018,15.8,2.358,0.0128,-0.0424
生鲜乳,2018-05-01,$ / CWT,2018,16.2,2.418,0.0253,-0.0299
生鲜乳,2018-06-01,$ / CWT,2018,16.3,2.433,0.0062,-0.0578
生鲜乳,2018-07-01,$ / CWT,2018,15.5,2.313,-0.0491,-0.0988
生鲜乳,2018-08-01,$ / CWT,2018,16.1,2.403,0.0387,-0.1105
生鲜乳,2018-09-01,$ / CWT,2018,16.9,2.522,0.0497,-0.0559
生鲜乳,2018-10-01,$ / CWT,2018,17.5,2.612,0.0355,-0.0331
生鲜乳,2018-11-01,$ / CWT,2018,17.2,2.567,-0.0171,-0.0549
生鲜乳,2018-12-01,$ / CWT,2018,16.6,2.478,-0.0349,-0.0349
生鲜乳,2019-01-01,$ / CWT,2019,16.6,2.478,0.0,0.0247
生鲜乳,2019-02-01,$ / CWT,2019,16.8,2.507,0.012,0.098
生鲜乳,2019-03-01,$ / CWT,2019,17.6,2.627,0.0476,0.1282
生鲜乳,2019-04-01,$ / CWT,2019,17.7,2.642,0.0057,0.1203
生鲜乳,2019-05-01,$ / CWT,2019,18.0,2.687,0.0169,0.1111
生鲜乳,2019-06-01,$ / CWT,2019,18.1,2.701,0.0056,0.1104
生鲜乳,2019-07-01,$ / CWT,2019,18.7,2.791,0.0331,0.2065
生鲜乳,2019-08-01,$ / CWT,2019,18.9,2.821,0.0107,0.1739
生鲜乳,2019-09-01,$ / CWT,2019,19.3,2.881,0.0212,0.142
生鲜乳,2019-10-01,$ / CWT,2019,20.2,3.015,0.0466,0.1543
生鲜乳,2019-11-01,$ / CWT,2019,21.2,3.164,0.0495,0.2326
生鲜乳,2019-12-01,$ / CWT,2019,20.7,3.09,-0.0236,0.247
生鲜乳,2020-01-01,$ / CWT,2020,19.5,2.91,-0.058,0.1747
生鲜乳,2020-02-01,$ / CWT,2020,18.8,2.806,-0.0359,0.119
生鲜乳,2020-03-01,$ / CWT,2020,17.8,2.657,-0.0532,0.0114
生鲜乳,2020-04-01,$ / CWT,2020,14.3,2.134,-0.1966,-0.1921
生鲜乳,2020-05-01,$ / CWT,2020,13.6,2.03,-0.049,-0.2444
生鲜乳,2020-06-01,$ / CWT,2020,18.1,2.701,0.3309,0.0
生鲜乳,2020-07-01,$ / CWT,2020,20.5,3.06,0.1326,0.0963
生鲜乳,2020-08-01,$ / CWT,2020,18.5,2.761,-0.0976,-0.0212
生鲜乳,2020-09-01,$ / CWT,2020,17.6,2.627,-0.0486,-0.0881
生鲜乳,2020-10-01,$ / CWT,2020,19.8,2.955,0.125,-0.0198
生鲜乳,2020-11-01,$ / CWT,2020,21.0,3.134,0.0606,-0.0094
生鲜乳,2020-12-01,$ / CWT,2020,18.1,2.701,-0.1381,-0.1256
生鲜乳,2021-01-01,$ / CWT,2021,17.1,2.552,-0.0552,-0.1231
生鲜乳,2021-02-01,$ / CWT,2021,16.7,2.493,-0.0234,-0.1117
生鲜乳,2021-03-01,$ / CWT,2021,17.3,2.582,0.0359,-0.0281
生鲜乳,2021-04-01,$ / CWT,2021,18.3,2.731,0.0578,0.2797
生鲜乳,2021-05-01,$ / CWT,2021,19.1,2.851,0.0437,0.4044
生鲜乳,2021-06-01,$ / CWT,2021,18.2,2.716,-0.0471,0.0055
生鲜乳,2021-07-01,$ / CWT,2021,17.8,2.657,-0.022,-0.1317
生鲜乳,2021-08-01,$ / CWT,2021,17.6,2.627,-0.0112,-0.0486
生鲜乳,2021-09-01,$ / CWT,2021,18.3,2.731,0.0398,0.0398
生鲜乳,2021-10-01,$ / CWT,2021,19.6,2.925,0.071,-0.0101
生鲜乳,2021-11-01,$ / CWT,2021,20.7,3.09,0.0561,-0.0143
生鲜乳,2021-12-01,$ / CWT,2021,21.7,3.239,0.0483,0.1989
生鲜乳,2022-01-01,$ / CWT,2022,23.9,3.567,0.1014,0.3977
生鲜乳,2022-02-01,$ / CWT,2022,24.5,3.657,0.0251,0.4671
生鲜乳,2022-03-01,$ / CWT,2022,25.6,3.821,0.0449,0.4798
生鲜乳,2022-04-01,$ / CWT,2022,27.0,4.03,0.0547,0.4754
生鲜乳,2022-05-01,$ / CWT,2022,27.2,4.06,0.0074,0.4241
生鲜乳,2022-06-01,$ / CWT,2022,26.7,3.985,-0.0184,0.467
生鲜乳,2022-07-01,$ / CWT,2022,25.5,3.806,-0.0449,0.4326
生鲜乳,2022-08-01,$ / CWT,2022,24.1,3.597,-0.0549,0.3693
生鲜乳,2022-09-01,$ / CWT,2022,24.1,3.597,0.0,0.3169
生鲜乳,2022-10-01,$ / CWT,2022,25.6,3.821,0.0622,0.3061
生鲜乳,2022-11-01,$ / CWT,2022,25.4,3.791,-0.0078,0.2271
生鲜乳,2022-12-01,$ / CWT,2022,24.5,3.657,-0.0354,0.129
生鲜乳,2023-01-01,$ / CWT,2023,22.9,3.418,-0.0653,-0.0418
生鲜乳,2023-02-01,$ / CWT,2023,21.4,3.194,-0.0655,-0.1265
生鲜乳,2023-03-01,$ / CWT,2023,21.0,3.134,-0.0187,-0.1797
生鲜乳,2023-04-01,$ / CWT,2023,20.6,3.075,-0.019,-0.237
生鲜乳,2023-05-01,$ / CWT,2023,19.1,2.851,-0.0728,-0.2978
生鲜乳,2023-06-01,$ / CWT,2023,17.8,2.657,-0.0681,-0.3333
生鲜乳,2023-07-01,$ / CWT,2023,17.3,2.582,-0.0281,-0.3216
生鲜乳,2023-08-01,$ / CWT,2023,19.6,2.925,0.1329,-0.1867
生鲜乳,2023-09-01,$ / CWT,2023,20.9,3.119,0.0663,-0.1328
生鲜乳,2023-10-01,$ / CWT,2023,21.5,3.209,0.0287,-0.1602
生鲜乳,2023-11-01,$ / CWT,2023,21.6,3.224,0.0047,-0.1496
生鲜乳,2023-12-01,$ / CWT,2023,20.4,3.045,-0.0556,-0.1673
生鲜乳,2024-01-01,$ / CWT,2024,19.9,2.97,-0.0245,-0.131
生鲜乳,2024-02-01,$ / CWT,2024,20.4,3.045,0.0251,-0.0467
生鲜乳,2024-03-01,$ / CWT,2024,20.6,3.075,0.0098,-0.019
生鲜乳,2024-04-01,$ / CWT,2024,20.4,3.045,-0.0097,-0.0097
生鲜乳,2024-05-01,$ / CWT,2024,22.0,3.284,0.0784,0.1518
生鲜乳,2024-06-01,$ / CWT,2024,22.8,3.403,0.0364,0.2809
生鲜乳,2024-07-01,$ / CWT,2024,22.8,3.403,0.0,0.3179
生鲜乳,2024-08-01,$ / CWT,2024,23.6,3.522,0.0351,0.2041
生鲜乳,2024-09-01,$ / CWT,2024,25.5,3.806,0.0805,0.2201
生鲜乳,2024-10-01,$ / CWT,2024,25.1,3.746,-0.0157,0.1674
生鲜乳,2024-11-01,$ / CWT,2024,24.2,3.612,-0.0359,0.1204
生鲜乳,2024-12-01,$ / CWT,2024,23.3,3.478,-0.0372,0.1422
生鲜乳,2025-01-01,$ / CWT,2025,24.1,3.597,0.0343,0.2111
生鲜乳,2025-02-01,$ / CWT,2025,23.6,3.522,-0.0207,0.1569
生鲜乳,2025-03-01,$ / CWT,2025,22.0,3.284,-0.0678,0.068
生鲜乳,2025-04-01,$ / CWT,2025,21.1,3.149,-0.0409,0.0343
生鲜乳,2025-05-01,$ / CWT,2025,21.4,3.194,0.0142,-0.0273
生鲜乳,2025-06-01,$ / CWT,2025,21.3,3.179,-0.0047,-0.0658
生鲜乳,2025-07-01,$ / CWT,2025,20.8,3.104,-0.0235,-0.0877
生鲜乳,2025-08-01,$ / CWT,2025,20.9,3.119,0.0048,-0.1144
生鲜乳,2025-09-01,$ / CWT,2025,20.4,3.045,-0.0239,-0.2
生鲜乳,2025-10-01,$ / CWT,2025,19.9,2.97,-0.0245,-0.2072
生鲜乳,2025-11-01,$ / CWT,2025,19.6,2.925,-0.0151,-0.1901
生鲜乳,2025-12-01,$ / CWT,2025,19.0,2.836,-0.0306,-0.1845
生鲜乳,2026-01-01,$ / CWT,2026,17.5,2.612,-0.0789,-0.2739
生鲜乳,2026-02-01,$ / CWT,2026,18.3,2.731,0.0457,-0.2246
生鲜乳,2026-03-01,$ / CWT,2026,19.7,2.94,0.0765,-0.1045
生鲜乳,2026-04-01,$ / CWT,2026,20.8,3.104,0.0558,-0.0142
生鲜乳,2026-05-01,$ / CWT,2026,21.3,3.179,0.024,-0.0047
生鲜乳,2026-06-01,$ / CWT,2026,21.1,3.149,-0.0094,-0.0094
鸡蛋,1998-12-01,$ / DOZEN,1998,0.754,7.507,,
鸡蛋,1999-01-01,$ / DOZEN,1999,0.724,7.208,-0.0398,
鸡蛋,1999-02-01,$ / DOZEN,1999,0.66,6.571,-0.0884,
鸡蛋,1999-03-01,$ / DOZEN,1999,0.685,6.82,0.0379,
鸡蛋,1999-04-01,$ / DOZEN,1999,0.602,5.993,-0.1212,
鸡蛋,1999-05-01,$ / DOZEN,1999,0.548,5.456,-0.0897,
鸡蛋,1999-06-01,$ / DOZEN,1999,0.562,5.595,0.0255,
鸡蛋,1999-07-01,$ / DOZEN,1999,0.587,5.844,0.0445,
鸡蛋,1999-08-01,$ / DOZEN,1999,0.596,5.934,0.0153,
鸡蛋,1999-09-01,$ / DOZEN,1999,0.574,5.715,-0.0369,
鸡蛋,1999-10-01,$ / DOZEN,1999,0.519,5.167,-0.0958,
鸡蛋,1999-11-01,$ / DOZEN,1999,0.64,6.372,0.2331,
鸡蛋,1999-12-01,$ / DOZEN,1999,0.603,6.003,-0.0578,-0.2003
鸡蛋,2000-01-01,$ / DOZEN,2000,0.577,5.745,-0.0431,-0.203
鸡蛋,2000-02-01,$ / DOZEN,2000,0.679,6.76,0.1768,0.0288
鸡蛋,2000-03-01,$ / DOZEN,2000,0.568,5.655,-0.1635,-0.1708
鸡蛋,2000-04-01,$ / DOZEN,2000,0.647,6.441,0.1391,0.0748
鸡蛋,2000-05-01,$ / DOZEN,2000,0.519,5.167,-0.1978,-0.0529
鸡蛋,2000-06-01,$ / DOZEN,2000,0.617,6.143,0.1888,0.0979
鸡蛋,2000-07-01,$ / DOZEN,2000,0.564,5.615,-0.0859,-0.0392
鸡蛋,2000-08-01,$ / DOZEN,2000,0.663,6.601,0.1755,0.1124
鸡蛋,2000-09-01,$ / DOZEN,2000,0.591,5.884,-0.1086,0.0296
鸡蛋,2000-10-01,$ / DOZEN,2000,0.667,6.641,0.1286,0.2852
鸡蛋,2000-11-01,$ / DOZEN,2000,0.719,7.158,0.078,0.1234
鸡蛋,2000-12-01,$ / DOZEN,2000,0.806,8.024,0.121,0.3367
鸡蛋,2001-01-01,$ / DOZEN,2001,0.668,6.651,-0.1712,0.1577
鸡蛋,2001-02-01,$ / DOZEN,2001,0.665,6.621,-0.0045,-0.0206
鸡蛋,2001-03-01,$ / DOZEN,2001,0.676,6.73,0.0165,0.1901
鸡蛋,2001-04-01,$ / DOZEN,2001,0.649,6.461,-0.0399,0.0031
鸡蛋,2001-05-01,$ / DOZEN,2001,0.552,5.496,-0.1495,0.0636
鸡蛋,2001-06-01,$ / DOZEN,2001,0.549,5.466,-0.0054,-0.1102
鸡蛋,2001-07-01,$ / DOZEN,2001,0.539,5.366,-0.0182,-0.0443
鸡蛋,2001-08-01,$ / DOZEN,2001,0.565,5.625,0.0482,-0.1478
鸡蛋,2001-09-01,$ / DOZEN,2001,0.554,5.516,-0.0195,-0.0626
鸡蛋,2001-10-01,$ / DOZEN,2001,0.597,5.944,0.0776,-0.1049
鸡蛋,2001-11-01,$ / DOZEN,2001,0.641,6.382,0.0737,-0.1085
鸡蛋,2001-12-01,$ / DOZEN,2001,0.677,6.74,0.0562,-0.16
鸡蛋,2002-01-01,$ / DOZEN,2002,0.744,7.407,0.099,0.1138
鸡蛋,2002-02-01,$ / DOZEN,2002,0.554,5.516,-0.2554,-0.1669
鸡蛋,2002-03-01,$ / DOZEN,2002,0.676,6.73,0.2202,0.0
鸡蛋,2002-04-01,$ / DOZEN,2002,0.521,5.187,-0.2293,-0.1972
鸡蛋,2002-05-01,$ / DOZEN,2002,0.505,5.028,-0.0307,-0.0851
鸡蛋,2002-06-01,$ / DOZEN,2002,0.62,6.173,0.2277,0.1293
鸡蛋,2002-07-01,$ / DOZEN,2002,0.564,5.615,-0.0903,0.0464
鸡蛋,2002-08-01,$ / DOZEN,2002,0.61,6.073,0.0816,0.0796
鸡蛋,2002-09-01,$ / DOZEN,2002,0.57,5.675,-0.0656,0.0289
鸡蛋,2002-10-01,$ / DOZEN,2002,0.532,5.297,-0.0667,-0.1089
鸡蛋,2002-11-01,$ / DOZEN,2002,0.706,7.029,0.3271,0.1014
鸡蛋,2002-12-01,$ / DOZEN,2002,0.676,6.73,-0.0425,-0.0015
鸡蛋,2003-01-01,$ / DOZEN,2003,0.691,6.88,0.0222,-0.0712
鸡蛋,2003-02-01,$ / DOZEN,2003,0.637,6.342,-0.0781,0.1498
鸡蛋,2003-03-01,$ / DOZEN,2003,0.685,6.82,0.0754,0.0133
鸡蛋,2003-04-01,$ / DOZEN,2003,0.686,6.83,0.0015,0.3167
鸡蛋,2003-05-01,$ / DOZEN,2003,0.587,5.844,-0.1443,0.1624
鸡蛋,2003-06-01,$ / DOZEN,2003,0.672,6.69,0.1448,0.0839
鸡蛋,2003-07-01,$ / DOZEN,2003,0.687,6.84,0.0223,0.2181
鸡蛋,2003-08-01,$ / DOZEN,2003,0.808,8.044,0.1761,0.3246
鸡蛋,2003-09-01,$ / DOZEN,2003,0.776,7.726,-0.0396,0.3614
鸡蛋,2003-10-01,$ / DOZEN,2003,0.838,8.343,0.0799,0.5752
鸡蛋,2003-11-01,$ / DOZEN,2003,1.02,10.155,0.2172,0.4448
鸡蛋,2003-12-01,$ / DOZEN,2003,0.864,8.602,-0.1529,0.2781
鸡蛋,2004-01-01,$ / DOZEN,2004,0.928,9.239,0.0741,0.343
鸡蛋,2004-02-01,$ / DOZEN,2004,0.877,8.731,-0.055,0.3768
鸡蛋,2004-03-01,$ / DOZEN,2004,1.09,10.852,0.2429,0.5912
鸡蛋,2004-04-01,$ / DOZEN,2004,0.766,7.626,-0.2972,0.1166
鸡蛋,2004-05-01,$ / DOZEN,2004,0.644,6.412,-0.1593,0.0971
鸡蛋,2004-06-01,$ / DOZEN,2004,0.665,6.621,0.0326,-0.0104
鸡蛋,2004-07-01,$ / DOZEN,2004,0.582,5.794,-0.1248,-0.1528
鸡蛋,2004-08-01,$ / DOZEN,2004,0.526,5.237,-0.0962,-0.349
鸡蛋,2004-09-01,$ / DOZEN,2004,0.538,5.356,0.0228,-0.3067
鸡蛋,2004-10-01,$ / DOZEN,2004,0.494,4.918,-0.0818,-0.4105
鸡蛋,2004-11-01,$ / DOZEN,2004,0.604,6.013,0.2227,-0.4078
鸡蛋,2004-12-01,$ / DOZEN,2004,0.653,6.501,0.0811,-0.2442
鸡蛋,2005-01-01,$ / DOZEN,2005,0.562,5.595,-0.1394,-0.3944
鸡蛋,2005-02-01,$ / DOZEN,2005,0.553,5.506,-0.016,-0.3694
鸡蛋,2005-03-01,$ / DOZEN,2005,0.528,5.257,-0.0452,-0.5156
鸡蛋,2005-04-01,$ / DOZEN,2005,0.475,4.729,-0.1004,-0.3799
鸡蛋,2005-05-01,$ / DOZEN,2005,0.457,4.55,-0.0379,-0.2904
鸡蛋,2005-06-01,$ / DOZEN,2005,0.453,4.51,-0.0088,-0.3188
鸡蛋,2005-07-01,$ / DOZEN,2005,0.528,5.257,0.1656,-0.0928
鸡蛋,2005-08-01,$ / DOZEN,2005,0.472,4.699,-0.1061,-0.1027
鸡蛋,2005-09-01,$ / DOZEN,2005,0.637,6.342,0.3496,0.184
鸡蛋,2005-10-01,$ / DOZEN,2005,0.512,5.097,-0.1962,0.0364
鸡蛋,2005-11-01,$ / DOZEN,2005,0.651,6.481,0.2715,0.0778
鸡蛋,2005-12-01,$ / DOZEN,2005,0.716,7.128,0.0998,0.0965
鸡蛋,2006-01-01,$ / DOZEN,2006,0.613,6.103,-0.1439,0.0907
鸡蛋,2006-02-01,$ / DOZEN,2006,0.495,4.928,-0.1925,-0.1049
鸡蛋,2006-03-01,$ / DOZEN,2006,0.663,6.601,0.3394,0.2557
鸡蛋,2006-04-01,$ / DOZEN,2006,0.514,5.117,-0.2247,0.0821
鸡蛋,2006-05-01,$ / DOZEN,2006,0.446,4.44,-0.1323,-0.0241
鸡蛋,2006-06-01,$ / DOZEN,2006,0.562,5.595,0.2601,0.2406
鸡蛋,2006-07-01,$ / DOZEN,2006,0.456,4.54,-0.1886,-0.1364
鸡蛋,2006-08-01,$ / DOZEN,2006,0.577,5.745,0.2654,0.2225
鸡蛋,2006-09-01,$ / DOZEN,2006,0.56,5.575,-0.0295,-0.1209
鸡蛋,2006-10-01,$ / DOZEN,2006,0.569,5.665,0.0161,0.1113
鸡蛋,2006-11-01,$ / DOZEN,2006,0.814,8.104,0.4306,0.2504
鸡蛋,2006-12-01,$ / DOZEN,2006,0.816,8.124,0.0025,0.1397
鸡蛋,2007-01-01,$ / DOZEN,2007,0.918,9.14,0.125,0.4976
鸡蛋,2007-02-01,$ / DOZEN,2007,0.784,7.805,-0.146,0.5838
鸡蛋,2007-03-01,$ / DOZEN,2007,0.83,8.263,0.0587,0.2519
鸡蛋,2007-04-01,$ / DOZEN,2007,0.728,7.248,-0.1229,0.4163
鸡蛋,2007-05-01,$ / DOZEN,2007,0.78,7.766,0.0714,0.7489
鸡蛋,2007-06-01,$ / DOZEN,2007,0.679,6.76,-0.1295,0.2082
鸡蛋,2007-07-01,$ / DOZEN,2007,0.945,9.408,0.3918,1.0724
鸡蛋,2007-08-01,$ / DOZEN,2007,0.867,8.632,-0.0825,0.5026
鸡蛋,2007-09-01,$ / DOZEN,2007,1.07,10.653,0.2341,0.9107
鸡蛋,2007-10-01,$ / DOZEN,2007,0.936,9.319,-0.1252,0.645
鸡蛋,2007-11-01,$ / DOZEN,2007,1.26,12.544,0.3462,0.5479
鸡蛋,2007-12-01,$ / DOZEN,2007,1.35,13.44,0.0714,0.6544
鸡蛋,2008-01-01,$ / DOZEN,2008,1.3,12.943,-0.037,0.4161
鸡蛋,2008-02-01,$ / DOZEN,2008,1.31,13.042,0.0077,0.6709
鸡蛋,2008-03-01,$ / DOZEN,2008,1.37,13.64,0.0458,0.6506
鸡蛋,2008-04-01,$ / DOZEN,2008,1.03,10.255,-0.2482,0.4148
鸡蛋,2008-05-01,$ / DOZEN,2008,0.868,8.642,-0.1573,0.1128
鸡蛋,2008-06-01,$ / DOZEN,2008,1.06,10.553,0.2212,0.5611
鸡蛋,2008-07-01,$ / DOZEN,2008,0.841,8.373,-0.2066,-0.1101
鸡蛋,2008-08-01,$ / DOZEN,2008,0.964,9.597,0.1463,0.1119
鸡蛋,2008-09-01,$ / DOZEN,2008,0.996,9.916,0.0332,-0.0692
鸡蛋,2008-10-01,$ / DOZEN,2008,1.02,10.155,0.0241,0.0897
鸡蛋,2008-11-01,$ / DOZEN,2008,1.02,10.155,0.0,-0.1905
鸡蛋,2008-12-01,$ / DOZEN,2008,0.996,9.916,-0.0235,-0.2622
鸡蛋,2009-01-01,$ / DOZEN,2009,1.03,10.255,0.0341,-0.2077
鸡蛋,2009-02-01,$ / DOZEN,2009,0.811,8.074,-0.2126,-0.3809
鸡蛋,2009-03-01,$ / DOZEN,2009,0.813,8.094,0.0025,-0.4066
鸡蛋,2009-04-01,$ / DOZEN,2009,0.921,9.169,0.1328,-0.1058
鸡蛋,2009-05-01,$ / DOZEN,2009,0.619,6.163,-0.3279,-0.2869
鸡蛋,2009-06-01,$ / DOZEN,2009,0.595,5.924,-0.0388,-0.4387
鸡蛋,2009-07-01,$ / DOZEN,2009,0.709,7.059,0.1916,-0.157
鸡蛋,2009-08-01,$ / DOZEN,2009,0.76,7.566,0.0719,-0.2116
鸡蛋,2009-09-01,$ / DOZEN,2009,0.745,7.417,-0.0197,-0.252
鸡蛋,2009-10-01,$ / DOZEN,2009,0.801,7.975,0.0752,-0.2147
鸡蛋,2009-11-01,$ / DOZEN,2009,1.01,10.055,0.2609,-0.0098
鸡蛋,2009-12-01,$ / DOZEN,2009,1.06,10.553,0.0495,0.0643
鸡蛋,2010-01-01,$ / DOZEN,2010,1.03,10.255,-0.0283,0.0
鸡蛋,2010-02-01,$ / DOZEN,2010,0.92,9.159,-0.1068,0.1344
鸡蛋,2010-03-01,$ / DOZEN,2010,1.16,11.549,0.2609,0.4268
鸡蛋,2010-04-01,$ / DOZEN,2010,0.769,7.656,-0.3371,-0.165
鸡蛋,2010-05-01,$ / DOZEN,2010,0.636,6.332,-0.173,0.0275
鸡蛋,2010-06-01,$ / DOZEN,2010,0.618,6.153,-0.0283,0.0387
鸡蛋,2010-07-01,$ / DOZEN,2010,0.71,7.069,0.1489,0.0014
鸡蛋,2010-08-01,$ / DOZEN,2010,0.79,7.865,0.1127,0.0395
鸡蛋,2010-09-01,$ / DOZEN,2010,0.635,6.322,-0.1962,-0.1477
鸡蛋,2010-10-01,$ / DOZEN,2010,0.814,8.104,0.2819,0.0162
鸡蛋,2010-11-01,$ / DOZEN,2010,1.13,11.25,0.3882,0.1188
鸡蛋,2010-12-01,$ / DOZEN,2010,1.07,10.653,-0.0531,0.0094
鸡蛋,2011-01-01,$ / DOZEN,2011,0.848,8.443,-0.2075,-0.1767
鸡蛋,2011-02-01,$ / DOZEN,2011,0.949,9.448,0.1191,0.0315
鸡蛋,2011-03-01,$ / DOZEN,2011,0.843,8.393,-0.1117,-0.2733
鸡蛋,2011-04-01,$ / DOZEN,2011,1.05,10.454,0.2456,0.3654
鸡蛋,2011-05-01,$ / DOZEN,2011,0.821,8.174,-0.2181,0.2909
鸡蛋,2011-06-01,$ / DOZEN,2011,0.884,8.801,0.0767,0.4304
鸡蛋,2011-07-01,$ / DOZEN,2011,0.878,8.741,-0.0068,0.2366
鸡蛋,2011-08-01,$ / DOZEN,2011,1.14,11.35,0.2984,0.443
鸡蛋,2011-09-01,$ / DOZEN,2011,0.944,9.398,-0.1719,0.4866
鸡蛋,2011-10-01,$ / DOZEN,2011,1.02,10.155,0.0805,0.2531
鸡蛋,2011-11-01,$ / DOZEN,2011,1.02,10.155,0.0,-0.0973
鸡蛋,2011-12-01,$ / DOZEN,2011,1.22,12.146,0.1961,0.1402
鸡蛋,2012-01-01,$ / DOZEN,2012,0.881,8.771,-0.2779,0.0389
鸡蛋,2012-02-01,$ / DOZEN,2012,0.887,8.831,0.0068,-0.0653
鸡蛋,2012-03-01,$ / DOZEN,2012,0.99,9.856,0.1161,0.1744
鸡蛋,2012-04-01,$ / DOZEN,2012,0.862,8.582,-0.1293,-0.179
鸡蛋,2012-05-01,$ / DOZEN,2012,0.826,8.224,-0.0418,0.0061
鸡蛋,2012-06-01,$ / DOZEN,2012,0.905,9.01,0.0956,0.0238
鸡蛋,2012-07-01,$ / DOZEN,2012,0.967,9.627,0.0685,0.1014
鸡蛋,2012-08-01,$ / DOZEN,2012,1.12,11.151,0.1582,-0.0175
鸡蛋,2012-09-01,$ / DOZEN,2012,1.22,12.146,0.0893,0.2924
鸡蛋,2012-10-01,$ / DOZEN,2012,1.02,10.155,-0.1639,0.0
鸡蛋,2012-11-01,$ / DOZEN,2012,1.18,11.748,0.1569,0.1569
鸡蛋,2012-12-01,$ / DOZEN,2012,1.12,11.151,-0.0508,-0.082
鸡蛋,2013-01-01,$ / DOZEN,2013,1.06,10.553,-0.0536,0.2032
鸡蛋,2013-02-01,$ / DOZEN,2013,0.989,9.846,-0.067,0.115
鸡蛋,2013-03-01,$ / DOZEN,2013,1.14,11.35,0.1527,0.1515
鸡蛋,2013-04-01,$ / DOZEN,2013,0.877,8.731,-0.2307,0.0174
鸡蛋,2013-05-01,$ / DOZEN,2013,1.17,11.648,0.3341,0.4165
鸡蛋,2013-06-01,$ / DOZEN,2013,0.924,9.199,-0.2103,0.021
鸡蛋,2013-07-01,$ / DOZEN,2013,1.03,10.255,0.1147,0.0651
鸡蛋,2013-08-01,$ / DOZEN,2013,1.07,10.653,0.0388,-0.0446
鸡蛋,2013-09-01,$ / DOZEN,2013,1.03,10.255,-0.0374,-0.1557
鸡蛋,2013-10-01,$ / DOZEN,2013,1.04,10.354,0.0097,0.0196
鸡蛋,2013-11-01,$ / DOZEN,2013,1.32,13.142,0.2692,0.1186
鸡蛋,2013-12-01,$ / DOZEN,2013,1.37,13.64,0.0379,0.2232
鸡蛋,2014-01-01,$ / DOZEN,2014,1.11,11.051,-0.1898,0.0472
鸡蛋,2014-02-01,$ / DOZEN,2014,1.4,13.938,0.2613,0.4156
鸡蛋,2014-03-01,$ / DOZEN,2014,1.23,12.246,-0.1214,0.0789
鸡蛋,2014-04-01,$ / DOZEN,2014,1.27,12.644,0.0325,0.4481
鸡蛋,2014-05-01,$ / DOZEN,2014,1.17,11.648,-0.0787,0.0
鸡蛋,2014-06-01,$ / DOZEN,2014,1.09,10.852,-0.0684,0.1797
鸡蛋,2014-07-01,$ / DOZEN,2014,1.24,12.345,0.1376,0.2039
鸡蛋,2014-08-01,$ / DOZEN,2014,1.07,10.653,-0.1371,0.0
鸡蛋,2014-09-01,$ / DOZEN,2014,1.04,10.354,-0.028,0.0097
鸡蛋,2014-10-01,$ / DOZEN,2014,1.14,11.35,0.0962,0.0962
鸡蛋,2014-11-01,$ / DOZEN,2014,1.51,15.033,0.3246,0.1439
鸡蛋,2014-12-01,$ / DOZEN,2014,1.75,17.423,0.1589,0.2774
鸡蛋,2015-01-01,$ / DOZEN,2015,1.24,12.345,-0.2914,0.1171
鸡蛋,2015-02-01,$ / DOZEN,2015,1.29,12.843,0.0403,-0.0786
鸡蛋,2015-03-01,$ / DOZEN,2015,1.54,15.332,0.1938,0.252
鸡蛋,2015-04-01,$ / DOZEN,2015,1.08,10.752,-0.2987,-0.1496
鸡蛋,2015-05-01,$ / DOZEN,2015,1.73,17.224,0.6019,0.4786
鸡蛋,2015-06-01,$ / DOZEN,2015,2.0,19.912,0.1561,0.8349
鸡蛋,2015-07-01,$ / DOZEN,2015,1.9,18.916,-0.05,0.5323
鸡蛋,2015-08-01,$ / DOZEN,2015,2.39,23.795,0.2579,1.2336
鸡蛋,2015-09-01,$ / DOZEN,2015,1.89,18.817,-0.2092,0.8173
鸡蛋,2015-10-01,$ / DOZEN,2015,1.43,14.237,-0.2434,0.2544
鸡蛋,2015-11-01,$ / DOZEN,2015,2.0,19.912,0.3986,0.3245
鸡蛋,2015-12-01,$ / DOZEN,2015,1.24,12.345,-0.38,-0.2914
鸡蛋,2016-01-01,$ / DOZEN,2016,1.18,11.748,-0.0484,-0.0484
鸡蛋,2016-02-01,$ / DOZEN,2016,1.08,10.752,-0.0847,-0.1628
鸡蛋,2016-03-01,$ / DOZEN,2016,0.97,9.657,-0.1019,-0.3701
鸡蛋,2016-04-01,$ / DOZEN,2016,0.68,6.77,-0.299,-0.3704
鸡蛋,2016-05-01,$ / DOZEN,2016,0.552,5.496,-0.1882,-0.6809
鸡蛋,2016-06-01,$ / DOZEN,2016,0.541,5.386,-0.0199,-0.7295
鸡蛋,2016-07-01,$ / DOZEN,2016,0.651,6.481,0.2033,-0.6574
鸡蛋,2016-08-01,$ / DOZEN,2016,0.654,6.511,0.0046,-0.7264
鸡蛋,2016-09-01,$ / DOZEN,2016,0.604,6.013,-0.0765,-0.6804
鸡蛋,2016-10-01,$ / DOZEN,2016,0.513,5.107,-0.1507,-0.6413
鸡蛋,2016-11-01,$ / DOZEN,2016,0.591,5.884,0.152,-0.7045
鸡蛋,2016-12-01,$ / DOZEN,2016,1.21,12.047,1.0474,-0.0242
鸡蛋,2017-01-01,$ / DOZEN,2017,0.813,8.094,-0.3281,-0.311
鸡蛋,2017-02-01,$ / DOZEN,2017,0.621,6.183,-0.2362,-0.425
鸡蛋,2017-03-01,$ / DOZEN,2017,0.783,7.795,0.2609,-0.1928
鸡蛋,2017-04-01,$ / DOZEN,2017,0.629,6.262,-0.1967,-0.075
鸡蛋,2017-05-01,$ / DOZEN,2017,0.615,6.123,-0.0223,0.1141
鸡蛋,2017-06-01,$ / DOZEN,2017,0.631,6.282,0.026,0.1664
鸡蛋,2017-07-01,$ / DOZEN,2017,0.819,8.154,0.2979,0.2581
鸡蛋,2017-08-01,$ / DOZEN,2017,0.744,7.407,-0.0916,0.1376
鸡蛋,2017-09-01,$ / DOZEN,2017,1.09,10.852,0.4651,0.8046
鸡蛋,2017-10-01,$ / DOZEN,2017,0.895,8.911,-0.1789,0.7446
鸡蛋,2017-11-01,$ / DOZEN,2017,1.38,13.739,0.5419,1.335
鸡蛋,2017-12-01,$ / DOZEN,2017,1.29,12.843,-0.0652,0.0661
鸡蛋,2018-01-01,$ / DOZEN,2018,1.15,11.449,-0.1085,0.4145
鸡蛋,2018-02-01,$ / DOZEN,2018,1.32,13.142,0.1478,1.1256
鸡蛋,2018-03-01,$ / DOZEN,2018,1.89,18.817,0.4318,1.4138
鸡蛋,2018-04-01,$ / DOZEN,2018,1.16,11.549,-0.3862,0.8442
鸡蛋,2018-05-01,$ / DOZEN,2018,0.848,8.443,-0.269,0.3789
鸡蛋,2018-06-01,$ / DOZEN,2018,0.931,9.269,0.0979,0.4754
鸡蛋,2018-07-01,$ / DOZEN,2018,1.05,10.454,0.1278,0.2821
鸡蛋,2018-08-01,$ / DOZEN,2018,1.01,10.055,-0.0381,0.3575
鸡蛋,2018-09-01,$ / DOZEN,2018,0.91,9.06,-0.099,-0.1651
鸡蛋,2018-10-01,$ / DOZEN,2018,0.953,9.488,0.0473,0.0648
鸡蛋,2018-11-01,$ / DOZEN,2018,1.08,10.752,0.1333,-0.2174
鸡蛋,2018-12-01,$ / DOZEN,2018,1.08,10.752,0.0,-0.1628
鸡蛋,2019-01-01,$ / DOZEN,2019,0.983,9.787,-0.0898,-0.1452
鸡蛋,2019-02-01,$ / DOZEN,2019,0.888,8.841,-0.0966,-0.3273
鸡蛋,2019-03-01,$ / DOZEN,2019,0.818,8.144,-0.0788,-0.5672
鸡蛋,2019-04-01,$ / DOZEN,2019,0.614,6.113,-0.2494,-0.4707
鸡蛋,2019-05-01,$ / DOZEN,2019,0.483,4.809,-0.2134,-0.4304
鸡蛋,2019-06-01,$ / DOZEN,2019,0.654,6.511,0.354,-0.2975
鸡蛋,2019-07-01,$ / DOZEN,2019,0.507,5.048,-0.2248,-0.5171
鸡蛋,2019-08-01,$ / DOZEN,2019,0.808,8.044,0.5937,-0.2
鸡蛋,2019-09-01,$ / DOZEN,2019,0.7,6.969,-0.1337,-0.2308
鸡蛋,2019-10-01,$ / DOZEN,2019,0.684,6.81,-0.0229,-0.2823
鸡蛋,2019-11-01,$ / DOZEN,2019,1.11,11.051,0.6228,0.0278
鸡蛋,2019-12-01,$ / DOZEN,2019,0.93,9.259,-0.1622,-0.1389
鸡蛋,2020-01-01,$ / DOZEN,2020,0.752,7.487,-0.1914,-0.235
鸡蛋,2020-02-01,$ / DOZEN,2020,0.891,8.871,0.1848,0.0034
鸡蛋,2020-03-01,$ / DOZEN,2020,1.72,17.124,0.9304,1.1027
鸡蛋,2020-04-01,$ / DOZEN,2020,1.03,10.255,-0.4012,0.6775
鸡蛋,2020-05-01,$ / DOZEN,2020,0.771,7.676,-0.2515,0.5963
鸡蛋,2020-06-01,$ / DOZEN,2020,0.715,7.118,-0.0726,0.0933
鸡蛋,2020-07-01,$ / DOZEN,2020,0.756,7.527,0.0573,0.4911
鸡蛋,2020-08-01,$ / DOZEN,2020,0.77,7.666,0.0185,-0.047
鸡蛋,2020-09-01,$ / DOZEN,2020,0.829,8.253,0.0766,0.1843
鸡蛋,2020-10-01,$ / DOZEN,2020,0.994,9.896,0.199,0.4532
鸡蛋,2020-11-01,$ / DOZEN,2020,0.966,9.617,-0.0282,-0.1297
鸡蛋,2020-12-01,$ / DOZEN,2020,0.73,7.268,-0.2443,-0.2151
鸡蛋,2021-01-01,$ / DOZEN,2021,0.931,9.269,0.2753,0.238
鸡蛋,2021-02-01,$ / DOZEN,2021,0.989,9.846,0.0623,0.11
鸡蛋,2021-03-01,$ / DOZEN,2021,1.14,11.35,0.1527,-0.3372
鸡蛋,2021-04-01,$ / DOZEN,2021,0.853,8.492,-0.2518,-0.1718
鸡蛋,2021-05-01,$ / DOZEN,2021,0.824,8.204,-0.034,0.0687
鸡蛋,2021-06-01,$ / DOZEN,2021,0.803,7.995,-0.0255,0.1231
鸡蛋,2021-07-01,$ / DOZEN,2021,0.861,8.572,0.0722,0.1389
鸡蛋,2021-08-01,$ / DOZEN,2021,1.07,10.653,0.2427,0.3896
鸡蛋,2021-09-01,$ / DOZEN,2021,1.03,10.255,-0.0374,0.2425
鸡蛋,2021-10-01,$ / DOZEN,2021,0.895,8.911,-0.1311,-0.0996
鸡蛋,2021-11-01,$ / DOZEN,2021,1.09,10.852,0.2179,0.1284
鸡蛋,2021-12-01,$ / DOZEN,2021,1.36,13.54,0.2477,0.863
鸡蛋,2022-01-01,$ / DOZEN,2022,1.47,14.635,0.0809,0.5789
鸡蛋,2022-02-01,$ / DOZEN,2022,1.43,14.237,-0.0272,0.4459
鸡蛋,2022-03-01,$ / DOZEN,2022,1.59,15.83,0.1119,0.3947
鸡蛋,2022-04-01,$ / DOZEN,2022,2.3,22.899,0.4465,1.6964
鸡蛋,2022-05-01,$ / DOZEN,2022,2.01,20.011,-0.1261,1.4393
鸡蛋,2022-06-01,$ / DOZEN,2022,2.03,20.21,0.01,1.528
鸡蛋,2022-07-01,$ / DOZEN,2022,2.64,26.284,0.3005,2.0662
鸡蛋,2022-08-01,$ / DOZEN,2022,1.94,19.314,-0.2652,0.8131
鸡蛋,2022-09-01,$ / DOZEN,2022,2.65,26.383,0.366,1.5728
鸡蛋,2022-10-01,$ / DOZEN,2022,2.82,28.076,0.0642,2.1508
鸡蛋,2022-11-01,$ / DOZEN,2022,3.34,33.253,0.1844,2.0642
鸡蛋,2022-12-01,$ / DOZEN,2022,4.49,44.702,0.3443,2.3015
鸡蛋,2023-01-01,$ / DOZEN,2023,3.0,29.868,-0.3318,1.0408
鸡蛋,2023-02-01,$ / DOZEN,2023,2.61,25.985,-0.13,0.8252
鸡蛋,2023-03-01,$ / DOZEN,2023,2.79,27.777,0.069,0.7547
鸡蛋,2023-04-01,$ / DOZEN,2023,1.57,15.631,-0.4373,-0.3174
鸡蛋,2023-05-01,$ / DOZEN,2023,1.08,10.752,-0.3121,-0.4627
鸡蛋,2023-06-01,$ / DOZEN,2023,1.27,12.644,0.1759,-0.3744
鸡蛋,2023-07-01,$ / DOZEN,2023,1.22,12.146,-0.0394,-0.5379
鸡蛋,2023-08-01,$ / DOZEN,2023,1.35,13.44,0.1066,-0.3041
鸡蛋,2023-09-01,$ / DOZEN,2023,1.21,12.047,-0.1037,-0.5434
鸡蛋,2023-10-01,$ / DOZEN,2023,1.19,11.847,-0.0165,-0.578
鸡蛋,2023-11-01,$ / DOZEN,2023,1.78,17.721,0.4958,-0.4671
鸡蛋,2023-12-01,$ / DOZEN,2023,1.87,18.618,0.0506,-0.5835
鸡蛋,2024-01-01,$ / DOZEN,2024,2.13,21.206,0.139,-0.29
鸡蛋,2024-02-01,$ / DOZEN,2024,2.38,23.695,0.1174,-0.0881
鸡蛋,2024-03-01,$ / DOZEN,2024,2.26,22.5,-0.0504,-0.19
鸡蛋,2024-04-01,$ / DOZEN,2024,1.95,19.414,-0.1372,0.242
鸡蛋,2024-05-01,$ / DOZEN,2024,1.73,17.224,-0.1128,0.6019
鸡蛋,2024-06-01,$ / DOZEN,2024,2.09,20.808,0.2081,0.6457
鸡蛋,2024-07-01,$ / DOZEN,2024,2.4,23.894,0.1483,0.9672
鸡蛋,2024-08-01,$ / DOZEN,2024,3.21,31.958,0.3375,1.3778
鸡蛋,2024-09-01,$ / DOZEN,2024,2.06,20.509,-0.3583,0.7025
鸡蛋,2024-10-01,$ / DOZEN,2024,2.72,27.08,0.3204,1.2857
鸡蛋,2024-11-01,$ / DOZEN,2024,3.14,31.261,0.1544,0.764
鸡蛋,2024-12-01,$ / DOZEN,2024,4.33,43.109,0.379,1.3155
鸡蛋,2025-01-01,$ / DOZEN,2025,5.98,59.536,0.3811,1.8075
鸡蛋,2025-02-01,$ / DOZEN,2025,6.77,67.401,0.1321,1.8445
鸡蛋,2025-03-01,$ / DOZEN,2025,5.48,54.558,-0.1905,1.4248
鸡蛋,2025-04-01,$ / DOZEN,2025,3.59,35.742,-0.3449,0.841
鸡蛋,2025-05-01,$ / DOZEN,2025,3.34,33.253,-0.0696,0.9306
鸡蛋,2025-06-01,$ / DOZEN,2025,2.84,28.275,-0.1497,0.3589
鸡蛋,2025-07-01,$ / DOZEN,2025,2.89,28.772,0.0176,0.2042
鸡蛋,2025-08-01,$ / DOZEN,2025,2.27,22.6,-0.2145,-0.2928
鸡蛋,2025-09-01,$ / DOZEN,2025,2.04,20.31,-0.1013,-0.0097
鸡蛋,2025-10-01,$ / DOZEN,2025,1.64,16.328,-0.1961,-0.3971
鸡蛋,2025-11-01,$ / DOZEN,2025,2.19,21.803,0.3354,-0.3025
鸡蛋,2025-12-01,$ / DOZEN,2025,1.66,16.527,-0.242,-0.6166
鸡蛋,2026-01-01,$ / DOZEN,2026,1.09,10.852,-0.3434,-0.8177
鸡蛋,2026-02-01,$ / DOZEN,2026,1.22,12.146,0.1193,-0.8198
鸡蛋,2026-03-01,$ / DOZEN,2026,1.45,14.436,0.1885,-0.7354
鸡蛋,2026-04-01,$ / DOZEN,2026,0.855,8.512,-0.4103,-0.7618
鸡蛋,2026-05-01,$ / DOZEN,2026,0.856,8.522,0.0012,-0.7437
鸡蛋,2026-06-01,$ / DOZEN,2026,0.833,8.293,-0.0269,-0.7067
鸡肉,1991-01-01,$ / LB,1991,0.305,4.552,,
鸡肉,1991-02-01,$ / LB,1991,0.302,4.507,-0.0098,
鸡肉,1991-03-01,$ / LB,1991,0.301,4.493,-0.0033,
鸡肉,1991-04-01,$ / LB,1991,0.307,4.582,0.0199,
鸡肉,1991-05-01,$ / LB,1991,0.311,4.642,0.013,
鸡肉,1991-06-01,$ / LB,1991,0.315,4.701,0.0129,
鸡肉,1991-07-01,$ / LB,1991,0.323,4.821,0.0254,
鸡肉,1991-08-01,$ / LB,1991,0.324,4.836,0.0031,
鸡肉,1991-09-01,$ / LB,1991,0.321,4.791,-0.0093,
鸡肉,1991-10-01,$ / LB,1991,0.31,4.627,-0.0343,
鸡肉,1991-11-01,$ / LB,1991,0.295,4.403,-0.0484,
鸡肉,1991-12-01,$ / LB,1991,0.295,4.403,0.0,
鸡肉,1992-01-01,$ / LB,1992,0.298,4.448,0.0102,-0.023
鸡肉,1992-02-01,$ / LB,1992,0.299,4.463,0.0034,-0.0099
鸡肉,1992-03-01,$ / LB,1992,0.3,4.478,0.0033,-0.0033
鸡肉,1992-04-01,$ / LB,1992,0.297,4.433,-0.01,-0.0326
鸡肉,1992-05-01,$ / LB,1992,0.326,4.866,0.0976,0.0482
鸡肉,1992-06-01,$ / LB,1992,0.319,4.761,-0.0215,0.0127
鸡肉,1992-07-01,$ / LB,1992,0.341,5.09,0.069,0.0557
鸡肉,1992-08-01,$ / LB,1992,0.343,5.119,0.0059,0.0586
鸡肉,1992-09-01,$ / LB,1992,0.32,4.776,-0.0671,-0.0031
鸡肉,1992-10-01,$ / LB,1992,0.331,4.94,0.0344,0.0677
鸡肉,1992-11-01,$ / LB,1992,0.333,4.97,0.006,0.1288
鸡肉,1992-12-01,$ / LB,1992,0.315,4.701,-0.0541,0.0678
鸡肉,1993-01-01,$ / LB,1993,0.318,4.746,0.0095,0.0671
鸡肉,1993-02-01,$ / LB,1993,0.322,4.806,0.0126,0.0769
鸡肉,1993-03-01,$ / LB,1993,0.33,4.925,0.0248,0.1
鸡肉,1993-04-01,$ / LB,1993,0.338,5.045,0.0242,0.138
鸡肉,1993-05-01,$ / LB,1993,0.352,5.254,0.0414,0.0798
鸡肉,1993-06-01,$ / LB,1993,0.35,5.224,-0.0057,0.0972
鸡肉,1993-07-01,$ / LB,1993,0.355,5.298,0.0143,0.0411
鸡肉,1993-08-01,$ / LB,1993,0.364,5.433,0.0254,0.0612
鸡肉,1993-09-01,$ / LB,1993,0.365,5.448,0.0027,0.1406
鸡肉,1993-10-01,$ / LB,1993,0.35,5.224,-0.0411,0.0574
鸡肉,1993-11-01,$ / LB,1993,0.348,5.194,-0.0057,0.045
鸡肉,1993-12-01,$ / LB,1993,0.339,5.06,-0.0259,0.0762
鸡肉,1994-01-01,$ / LB,1994,0.337,5.03,-0.0059,0.0597
鸡肉,1994-02-01,$ / LB,1994,0.344,5.134,0.0208,0.0683
鸡肉,1994-03-01,$ / LB,1994,0.353,5.269,0.0262,0.0697
鸡肉,1994-04-01,$ / LB,1994,0.356,5.313,0.0085,0.0533
鸡肉,1994-05-01,$ / LB,1994,0.376,5.612,0.0562,0.0682
鸡肉,1994-06-01,$ / LB,1994,0.375,5.597,-0.0027,0.0714
鸡肉,1994-07-01,$ / LB,1994,0.364,5.433,-0.0293,0.0254
鸡肉,1994-08-01,$ / LB,1994,0.351,5.239,-0.0357,-0.0357
鸡肉,1994-09-01,$ / LB,1994,0.351,5.239,0.0,-0.0384
鸡肉,1994-10-01,$ / LB,1994,0.339,5.06,-0.0342,-0.0314
鸡肉,1994-11-01,$ / LB,1994,0.323,4.821,-0.0472,-0.0718
鸡肉,1994-12-01,$ / LB,1994,0.325,4.851,0.0062,-0.0413
鸡肉,1995-01-01,$ / LB,1995,0.324,4.836,-0.0031,-0.0386
鸡肉,1995-02-01,$ / LB,1995,0.325,4.851,0.0031,-0.0552
鸡肉,1995-03-01,$ / LB,1995,0.327,4.881,0.0062,-0.0737
鸡肉,1995-04-01,$ / LB,1995,0.323,4.821,-0.0122,-0.0927
鸡肉,1995-05-01,$ / LB,1995,0.319,4.761,-0.0124,-0.1516
鸡肉,1995-06-01,$ / LB,1995,0.332,4.955,0.0408,-0.1147
鸡肉,1995-07-01,$ / LB,1995,0.347,5.179,0.0452,-0.0467
鸡肉,1995-08-01,$ / LB,1995,0.374,5.582,0.0778,0.0655
鸡肉,1995-09-01,$ / LB,1995,0.381,5.687,0.0187,0.0855
鸡肉,1995-10-01,$ / LB,1995,0.368,5.493,-0.0341,0.0855
鸡肉,1995-11-01,$ / LB,1995,0.376,5.612,0.0217,0.1641
鸡肉,1995-12-01,$ / LB,1995,0.362,5.403,-0.0372,0.1138
鸡肉,1996-01-01,$ / LB,1996,0.372,5.552,0.0276,0.1481
鸡肉,1996-02-01,$ / LB,1996,0.353,5.269,-0.0511,0.0862
鸡肉,1996-03-01,$ / LB,1996,0.341,5.09,-0.034,0.0428
鸡肉,1996-04-01,$ / LB,1996,0.349,5.209,0.0235,0.0805
鸡肉,1996-05-01,$ / LB,1996,0.378,5.642,0.0831,0.185
鸡肉,1996-06-01,$ / LB,1996,0.406,6.06,0.0741,0.2229
鸡肉,1996-07-01,$ / LB,1996,0.405,6.045,-0.0025,0.1671
鸡肉,1996-08-01,$ / LB,1996,0.403,6.015,-0.0049,0.0775
鸡肉,1996-09-01,$ / LB,1996,0.402,6.0,-0.0025,0.0551
鸡肉,1996-10-01,$ / LB,1996,0.395,5.895,-0.0174,0.0734
鸡肉,1996-11-01,$ / LB,1996,0.404,6.03,0.0228,0.0745
鸡肉,1996-12-01,$ / LB,1996,0.407,6.075,0.0074,0.1243
鸡肉,1997-01-01,$ / LB,1997,0.39,5.821,-0.0418,0.0484
鸡肉,1997-02-01,$ / LB,1997,0.377,5.627,-0.0333,0.068
鸡肉,1997-03-01,$ / LB,1997,0.369,5.507,-0.0212,0.0821
鸡肉,1997-04-01,$ / LB,1997,0.367,5.478,-0.0054,0.0516
鸡肉,1997-05-01,$ / LB,1997,0.368,5.493,0.0027,-0.0265
鸡肉,1997-06-01,$ / LB,1997,0.374,5.582,0.0163,-0.0788
鸡肉,1997-07-01,$ / LB,1997,0.4,5.97,0.0695,-0.0123
鸡肉,1997-08-01,$ / LB,1997,0.399,5.955,-0.0025,-0.0099
鸡肉,1997-09-01,$ / LB,1997,0.382,5.701,-0.0426,-0.0498
鸡肉,1997-10-01,$ / LB,1997,0.347,5.179,-0.0916,-0.1215
鸡肉,1997-11-01,$ / LB,1997,0.337,5.03,-0.0288,-0.1658
鸡肉,1997-12-01,$ / LB,1997,0.324,4.836,-0.0386,-0.2039
鸡肉,1998-01-01,$ / LB,1998,0.336,5.015,0.037,-0.1385
鸡肉,1998-02-01,$ / LB,1998,0.343,5.119,0.0208,-0.0902
鸡肉,1998-03-01,$ / LB,1998,0.354,5.284,0.0321,-0.0407
鸡肉,1998-04-01,$ / LB,1998,0.364,5.433,0.0282,-0.0082
鸡肉,1998-05-01,$ / LB,1998,0.375,5.597,0.0302,0.019
鸡肉,1998-06-01,$ / LB,1998,0.406,6.06,0.0827,0.0856
鸡肉,1998-07-01,$ / LB,1998,0.44,6.567,0.0837,0.1
鸡肉,1998-08-01,$ / LB,1998,0.468,6.985,0.0636,0.1729
鸡肉,1998-09-01,$ / LB,1998,0.459,6.851,-0.0192,0.2016
鸡肉,1998-10-01,$ / LB,1998,0.434,6.478,-0.0545,0.2507
鸡肉,1998-11-01,$ / LB,1998,0.413,6.164,-0.0484,0.2255
鸡肉,1998-12-01,$ / LB,1998,0.385,5.746,-0.0678,0.1883
鸡肉,1999-01-01,$ / LB,1999,0.38,5.672,-0.013,0.131
鸡肉,1999-02-01,$ / LB,1999,0.364,5.433,-0.0421,0.0612
鸡肉,1999-03-01,$ / LB,1999,0.35,5.224,-0.0385,-0.0113
鸡肉,1999-04-01,$ / LB,1999,0.354,5.284,0.0114,-0.0275
鸡肉,1999-05-01,$ / LB,1999,0.38,5.672,0.0734,0.0133
鸡肉,1999-06-01,$ / LB,1999,0.387,5.776,0.0184,-0.0468
鸡肉,1999-07-01,$ / LB,1999,0.38,5.672,-0.0181,-0.1364
鸡肉,1999-08-01,$ / LB,1999,0.372,5.552,-0.0211,-0.2051
鸡肉,1999-09-01,$ / LB,1999,0.359,5.358,-0.0349,-0.2179
鸡肉,1999-10-01,$ / LB,1999,0.343,5.119,-0.0446,-0.2097
鸡肉,1999-11-01,$ / LB,1999,0.38,5.672,0.1079,-0.0799
鸡肉,1999-12-01,$ / LB,1999,0.36,5.373,-0.0526,-0.0649
鸡肉,2000-01-01,$ / LB,2000,0.33,4.925,-0.0833,-0.1316
鸡肉,2000-02-01,$ / LB,2000,0.3,4.478,-0.0909,-0.1758
鸡肉,2000-03-01,$ / LB,2000,0.32,4.776,0.0667,-0.0857
鸡肉,2000-04-01,$ / LB,2000,0.34,5.075,0.0625,-0.0395
鸡肉,2000-05-01,$ / LB,2000,0.34,5.075,0.0,-0.1053
鸡肉,2000-06-01,$ / LB,2000,0.34,5.075,0.0,-0.1214
鸡肉,2000-07-01,$ / LB,2000,0.35,5.224,0.0294,-0.0789
鸡肉,2000-08-01,$ / LB,2000,0.33,4.925,-0.0571,-0.1129
鸡肉,2000-09-01,$ / LB,2000,0.38,5.672,0.1515,0.0585
鸡肉,2000-10-01,$ / LB,2000,0.35,5.224,-0.0789,0.0204
鸡肉,2000-11-01,$ / LB,2000,0.38,5.672,0.0857,0.0
鸡肉,2000-12-01,$ / LB,2000,0.35,5.224,-0.0789,-0.0278
鸡肉,2001-01-01,$ / LB,2001,0.34,5.075,-0.0286,0.0303
鸡肉,2001-02-01,$ / LB,2001,0.37,5.522,0.0882,0.2333
鸡肉,2001-03-01,$ / LB,2001,0.39,5.821,0.0541,0.2188
鸡肉,2001-04-01,$ / LB,2001,0.39,5.821,0.0,0.1471
鸡肉,2001-05-01,$ / LB,2001,0.4,5.97,0.0256,0.1765
鸡肉,2001-06-01,$ / LB,2001,0.41,6.119,0.025,0.2059
鸡肉,2001-07-01,$ / LB,2001,0.42,6.269,0.0244,0.2
鸡肉,2001-08-01,$ / LB,2001,0.42,6.269,0.0,0.2727
鸡肉,2001-09-01,$ / LB,2001,0.43,6.418,0.0238,0.1316
鸡肉,2001-10-01,$ / LB,2001,0.41,6.119,-0.0465,0.1714
鸡肉,2001-11-01,$ / LB,2001,0.39,5.821,-0.0488,0.0263
鸡肉,2001-12-01,$ / LB,2001,0.32,4.776,-0.1795,-0.0857
鸡肉,2002-01-01,$ / LB,2002,0.33,4.925,0.0312,-0.0294
鸡肉,2002-02-01,$ / LB,2002,0.32,4.776,-0.0303,-0.1351
鸡肉,2002-03-01,$ / LB,2002,0.3,4.478,-0.0625,-0.2308
鸡肉,2002-04-01,$ / LB,2002,0.28,4.179,-0.0667,-0.2821
鸡肉,2002-05-01,$ / LB,2002,0.3,4.478,0.0714,-0.25
鸡肉,2002-06-01,$ / LB,2002,0.32,4.776,0.0667,-0.2195
鸡肉,2002-07-01,$ / LB,2002,0.3,4.478,-0.0625,-0.2857
鸡肉,2002-08-01,$ / LB,2002,0.29,4.328,-0.0333,-0.3095
鸡肉,2002-09-01,$ / LB,2002,0.29,4.328,0.0,-0.3256
鸡肉,2002-10-01,$ / LB,2002,0.27,4.03,-0.069,-0.3415
鸡肉,2002-11-01,$ / LB,2002,0.28,4.179,0.037,-0.2821
鸡肉,2002-12-01,$ / LB,2002,0.29,4.328,0.0357,-0.0938
鸡肉,2003-01-01,$ / LB,2003,0.35,5.224,0.2069,0.0606
鸡肉,2003-02-01,$ / LB,2003,0.34,5.075,-0.0286,0.0625
鸡肉,2003-03-01,$ / LB,2003,0.33,4.925,-0.0294,0.1
鸡肉,2003-04-01,$ / LB,2003,0.31,4.627,-0.0606,0.1071
鸡肉,2003-05-01,$ / LB,2003,0.34,5.075,0.0968,0.1333
鸡肉,2003-06-01,$ / LB,2003,0.36,5.373,0.0588,0.125
鸡肉,2003-07-01,$ / LB,2003,0.36,5.373,0.0,0.2
鸡肉,2003-08-01,$ / LB,2003,0.36,5.373,0.0,0.2414
鸡肉,2003-09-01,$ / LB,2003,0.37,5.522,0.0278,0.2759
鸡肉,2003-10-01,$ / LB,2003,0.37,5.522,0.0,0.3704
鸡肉,2003-11-01,$ / LB,2003,0.37,5.522,0.0,0.3214
鸡肉,2003-12-01,$ / LB,2003,0.38,5.672,0.027,0.3103
鸡肉,2004-01-01,$ / LB,2004,0.43,6.418,0.1316,0.2286
鸡肉,2004-02-01,$ / LB,2004,0.47,7.015,0.093,0.3824
鸡肉,2004-03-01,$ / LB,2004,0.47,7.015,0.0,0.4242
鸡肉,2004-04-01,$ / LB,2004,0.48,7.164,0.0213,0.5484
鸡肉,2004-05-01,$ / LB,2004,0.5,7.463,0.0417,0.4706
鸡肉,2004-06-01,$ / LB,2004,0.52,7.761,0.04,0.4444
鸡肉,2004-07-01,$ / LB,2004,0.52,7.761,0.0,0.4444
鸡肉,2004-08-01,$ / LB,2004,0.46,6.866,-0.1154,0.2778
鸡肉,2004-09-01,$ / LB,2004,0.4,5.97,-0.1304,0.0811
鸡肉,2004-10-01,$ / LB,2004,0.39,5.821,-0.025,0.0541
鸡肉,2004-11-01,$ / LB,2004,0.39,5.821,0.0,0.0541
鸡肉,2004-12-01,$ / LB,2004,0.39,5.821,0.0,0.0263
鸡肉,2005-01-01,$ / LB,2005,0.43,6.418,0.1026,0.0
鸡肉,2005-02-01,$ / LB,2005,0.43,6.418,0.0,-0.0851
鸡肉,2005-03-01,$ / LB,2005,0.44,6.567,0.0233,-0.0638
鸡肉,2005-04-01,$ / LB,2005,0.44,6.567,0.0,-0.0833
鸡肉,2005-05-01,$ / LB,2005,0.44,6.567,0.0,-0.12
鸡肉,2005-06-01,$ / LB,2005,0.44,6.567,0.0,-0.1538
鸡肉,2005-07-01,$ / LB,2005,0.44,6.567,0.0,-0.1538
鸡肉,2005-08-01,$ / LB,2005,0.44,6.567,0.0,-0.0435
鸡肉,2005-09-01,$ / LB,2005,0.46,6.866,0.0455,0.15
鸡肉,2005-10-01,$ / LB,2005,0.43,6.418,-0.0652,0.1026
鸡肉,2005-11-01,$ / LB,2005,0.42,6.269,-0.0233,0.0769
鸡肉,2005-12-01,$ / LB,2005,0.36,5.373,-0.1429,-0.0769
鸡肉,2006-01-01,$ / LB,2006,0.36,5.373,0.0,-0.1628
鸡肉,2006-02-01,$ / LB,2006,0.35,5.224,-0.0278,-0.186
鸡肉,2006-03-01,$ / LB,2006,0.34,5.075,-0.0286,-0.2273
鸡肉,2006-04-01,$ / LB,2006,0.32,4.776,-0.0588,-0.2727
鸡肉,2006-05-01,$ / LB,2006,0.33,4.925,0.0312,-0.25
鸡肉,2006-06-01,$ / LB,2006,0.36,5.373,0.0909,-0.1818
鸡肉,2006-07-01,$ / LB,2006,0.38,5.672,0.0556,-0.1364
鸡肉,2006-08-01,$ / LB,2006,0.39,5.821,0.0263,-0.1136
鸡肉,2006-09-01,$ / LB,2006,0.39,5.821,0.0,-0.1522
鸡肉,2006-10-01,$ / LB,2006,0.37,5.522,-0.0513,-0.1395
鸡肉,2006-11-01,$ / LB,2006,0.37,5.522,0.0,-0.119
鸡肉,2006-12-01,$ / LB,2006,0.37,5.522,0.0,0.0278
鸡肉,2007-01-01,$ / LB,2007,0.39,5.821,0.0541,0.0833
鸡肉,2007-02-01,$ / LB,2007,0.44,6.567,0.1282,0.2571
鸡肉,2007-03-01,$ / LB,2007,0.45,6.716,0.0227,0.3235
鸡肉,2007-04-01,$ / LB,2007,0.46,6.866,0.0222,0.4375
鸡肉,2007-05-01,$ / LB,2007,0.47,7.015,0.0217,0.4242
鸡肉,2007-06-01,$ / LB,2007,0.47,7.015,0.0,0.3056
鸡肉,2007-07-01,$ / LB,2007,0.47,7.015,0.0,0.2368
鸡肉,2007-08-01,$ / LB,2007,0.46,6.866,-0.0213,0.1795
鸡肉,2007-09-01,$ / LB,2007,0.45,6.716,-0.0217,0.1538
鸡肉,2007-10-01,$ / LB,2007,0.4,5.97,-0.1111,0.0811
鸡肉,2007-11-01,$ / LB,2007,0.41,6.119,0.025,0.1081
鸡肉,2007-12-01,$ / LB,2007,0.4,5.97,-0.0244,0.0811
鸡肉,2008-01-01,$ / LB,2008,0.44,6.567,0.1,0.1282
鸡肉,2008-02-01,$ / LB,2008,0.46,6.866,0.0455,0.0455
鸡肉,2008-03-01,$ / LB,2008,0.46,6.866,0.0,0.0222
鸡肉,2008-04-01,$ / LB,2008,0.46,6.866,0.0,0.0
鸡肉,2008-05-01,$ / LB,2008,0.48,7.164,0.0435,0.0213
鸡肉,2008-06-01,$ / LB,2008,0.48,7.164,0.0,0.0213
鸡肉,2008-07-01,$ / LB,2008,0.5,7.463,0.0417,0.0638
鸡肉,2008-08-01,$ / LB,2008,0.47,7.015,-0.06,0.0217
鸡肉,2008-09-01,$ / LB,2008,0.45,6.716,-0.0426,0.0
鸡肉,2008-10-01,$ / LB,2008,0.45,6.716,0.0,0.125
鸡肉,2008-11-01,$ / LB,2008,0.46,6.866,0.0222,0.122
鸡肉,2008-12-01,$ / LB,2008,0.48,7.164,0.0435,0.2
鸡肉,2009-01-01,$ / LB,2009,0.48,7.164,0.0,0.0909
鸡肉,2009-02-01,$ / LB,2009,0.47,7.015,-0.0208,0.0217
鸡肉,2009-03-01,$ / LB,2009,0.45,6.716,-0.0426,-0.0217
鸡肉,2009-04-01,$ / LB,2009,0.45,6.716,0.0,-0.0217
鸡肉,2009-05-01,$ / LB,2009,0.49,7.313,0.0889,0.0208
鸡肉,2009-06-01,$ / LB,2009,0.51,7.612,0.0408,0.0625
鸡肉,2009-07-01,$ / LB,2009,0.49,7.313,-0.0392,-0.02
鸡肉,2009-08-01,$ / LB,2009,0.43,6.418,-0.1224,-0.0851
鸡肉,2009-09-01,$ / LB,2009,0.42,6.269,-0.0233,-0.0667
鸡肉,2009-10-01,$ / LB,2009,0.4,5.97,-0.0476,-0.1111
鸡肉,2009-11-01,$ / LB,2009,0.41,6.119,0.025,-0.1087
鸡肉,2009-12-01,$ / LB,2009,0.43,6.418,0.0488,-0.1042
鸡肉,2010-01-01,$ / LB,2010,0.48,7.164,0.1163,0.0
鸡肉,2010-02-01,$ / LB,2010,0.48,7.164,0.0,0.0213
鸡肉,2010-03-01,$ / LB,2010,0.5,7.463,0.0417,0.1111
鸡肉,2010-04-01,$ / LB,2010,0.49,7.313,-0.02,0.0889
鸡肉,2010-05-01,$ / LB,2010,0.52,7.761,0.0612,0.0612
鸡肉,2010-06-01,$ / LB,2010,0.52,7.761,0.0,0.0196
鸡肉,2010-07-01,$ / LB,2010,0.52,7.761,0.0,0.0612
鸡肉,2010-08-01,$ / LB,2010,0.49,7.313,-0.0577,0.1395
鸡肉,2010-09-01,$ / LB,2010,0.49,7.313,0.0,0.1667
鸡肉,2010-10-01,$ / LB,2010,0.48,7.164,-0.0204,0.2
鸡肉,2010-11-01,$ / LB,2010,0.48,7.164,0.0,0.1707
鸡肉,2010-12-01,$ / LB,2010,0.45,6.716,-0.0625,0.0465
鸡肉,2011-01-01,$ / LB,2011,0.44,6.567,-0.0222,-0.0833
鸡肉,2011-02-01,$ / LB,2011,0.43,6.418,-0.0227,-0.1042
鸡肉,2011-03-01,$ / LB,2011,0.48,7.164,0.1163,-0.04
鸡肉,2011-04-01,$ / LB,2011,0.48,7.164,0.0,-0.0204
鸡肉,2011-05-01,$ / LB,2011,0.49,7.313,0.0208,-0.0577
鸡肉,2011-06-01,$ / LB,2011,0.49,7.313,0.0,-0.0577
鸡肉,2011-07-01,$ / LB,2011,0.47,7.015,-0.0408,-0.0962
鸡肉,2011-08-01,$ / LB,2011,0.47,7.015,0.0,-0.0408
鸡肉,2011-09-01,$ / LB,2011,0.43,6.418,-0.0851,-0.1224
鸡肉,2011-10-01,$ / LB,2011,0.42,6.269,-0.0233,-0.125
鸡肉,2011-11-01,$ / LB,2011,0.45,6.716,0.0714,-0.0625
鸡肉,2011-12-01,$ / LB,2011,0.46,6.866,0.0222,0.0222
鸡肉,2012-01-01,$ / LB,2012,0.47,7.015,0.0217,0.0682
鸡肉,2012-02-01,$ / LB,2012,0.51,7.612,0.0851,0.186
鸡肉,2012-03-01,$ / LB,2012,0.56,8.358,0.098,0.1667
鸡肉,2012-04-01,$ / LB,2012,0.5,7.463,-0.1071,0.0417
鸡肉,2012-05-01,$ / LB,2012,0.52,7.761,0.04,0.0612
鸡肉,2012-06-01,$ / LB,2012,0.5,7.463,-0.0385,0.0204
鸡肉,2012-07-01,$ / LB,2012,0.47,7.015,-0.06,0.0
鸡肉,2012-08-01,$ / LB,2012,0.48,7.164,0.0213,0.0213
鸡肉,2012-09-01,$ / LB,2012,0.48,7.164,0.0,0.1163
鸡肉,2012-10-01,$ / LB,2012,0.49,7.313,0.0208,0.1667
鸡肉,2012-11-01,$ / LB,2012,0.56,8.358,0.1429,0.2444
鸡肉,2012-12-01,$ / LB,2012,0.59,8.806,0.0536,0.2826
鸡肉,2013-01-01,$ / LB,2013,0.62,9.254,0.0508,0.3191
鸡肉,2013-02-01,$ / LB,2013,0.62,9.254,0.0,0.2157
鸡肉,2013-03-01,$ / LB,2013,0.66,9.851,0.0645,0.1786
鸡肉,2013-04-01,$ / LB,2013,0.66,9.851,0.0,0.32
鸡肉,2013-05-01,$ / LB,2013,0.68,10.149,0.0303,0.3077
鸡肉,2013-06-01,$ / LB,2013,0.67,10.0,-0.0147,0.34
鸡肉,2013-07-01,$ / LB,2013,0.6,8.955,-0.1045,0.2766
鸡肉,2013-08-01,$ / LB,2013,0.54,8.06,-0.1,0.125
鸡肉,2013-09-01,$ / LB,2013,0.55,8.209,0.0185,0.1458
鸡肉,2013-10-01,$ / LB,2013,0.53,7.91,-0.0364,0.0816
鸡肉,2013-11-01,$ / LB,2013,0.56,8.358,0.0566,0.0
鸡肉,2013-12-01,$ / LB,2013,0.56,8.358,0.0,-0.0508
鸡肉,2014-01-01,$ / LB,2014,0.57,8.507,0.0179,-0.0806
鸡肉,2014-02-01,$ / LB,2014,0.55,8.209,-0.0351,-0.1129
鸡肉,2014-03-01,$ / LB,2014,0.65,9.701,0.1818,-0.0152
鸡肉,2014-04-01,$ / LB,2014,0.68,10.149,0.0462,0.0303
鸡肉,2014-05-01,$ / LB,2014,0.73,10.895,0.0735,0.0735
鸡肉,2014-06-01,$ / LB,2014,0.7,10.448,-0.0411,0.0448
鸡肉,2014-07-01,$ / LB,2014,0.66,9.851,-0.0571,0.1
鸡肉,2014-08-01,$ / LB,2014,0.6,8.955,-0.0909,0.1111
鸡肉,2014-09-01,$ / LB,2014,0.66,9.851,0.1,0.2
鸡肉,2014-10-01,$ / LB,2014,0.65,9.701,-0.0152,0.2264
鸡肉,2014-11-01,$ / LB,2014,0.63,9.403,-0.0308,0.125
鸡肉,2014-12-01,$ / LB,2014,0.58,8.657,-0.0794,0.0357
鸡肉,2015-01-01,$ / LB,2015,0.6,8.955,0.0345,0.0526
鸡肉,2015-02-01,$ / LB,2015,0.54,8.06,-0.1,-0.0182
鸡肉,2015-03-01,$ / LB,2015,0.59,8.806,0.0926,-0.0923
鸡肉,2015-04-01,$ / LB,2015,0.64,9.552,0.0847,-0.0588
鸡肉,2015-05-01,$ / LB,2015,0.65,9.701,0.0156,-0.1096
鸡肉,2015-06-01,$ / LB,2015,0.62,9.254,-0.0462,-0.1143
鸡肉,2015-07-01,$ / LB,2015,0.51,7.612,-0.1774,-0.2273
鸡肉,2015-08-01,$ / LB,2015,0.47,7.015,-0.0784,-0.2167
鸡肉,2015-09-01,$ / LB,2015,0.43,6.418,-0.0851,-0.3485
鸡肉,2015-10-01,$ / LB,2015,0.41,6.119,-0.0465,-0.3692
鸡肉,2015-11-01,$ / LB,2015,0.42,6.269,0.0244,-0.3333
鸡肉,2015-12-01,$ / LB,2015,0.47,7.015,0.119,-0.1897
鸡肉,2016-01-01,$ / LB,2016,0.5,7.463,0.0638,-0.1667
鸡肉,2016-02-01,$ / LB,2016,0.46,6.866,-0.08,-0.1481
鸡肉,2016-03-01,$ / LB,2016,0.48,7.164,0.0435,-0.1864
鸡肉,2016-04-01,$ / LB,2016,0.51,7.612,0.0625,-0.2031
鸡肉,2016-05-01,$ / LB,2016,0.56,8.358,0.098,-0.1385
鸡肉,2016-06-01,$ / LB,2016,0.57,8.507,0.0179,-0.0806
鸡肉,2016-07-01,$ / LB,2016,0.51,7.612,-0.1053,0.0
鸡肉,2016-08-01,$ / LB,2016,0.44,6.567,-0.1373,-0.0638
鸡肉,2016-09-01,$ / LB,2016,0.42,6.269,-0.0455,-0.0233
鸡肉,2016-10-01,$ / LB,2016,0.37,5.522,-0.119,-0.0976
鸡肉,2016-11-01,$ / LB,2016,0.44,6.567,0.1892,0.0476
鸡肉,2016-12-01,$ / LB,2016,0.48,7.164,0.0909,0.0213
鸡肉,2017-01-01,$ / LB,2017,0.49,7.313,0.0208,-0.02
鸡肉,2017-02-01,$ / LB,2017,0.48,7.164,-0.0204,0.0435
鸡肉,2017-03-01,$ / LB,2017,0.55,8.209,0.1458,0.1458
鸡肉,2017-04-01,$ / LB,2017,0.57,8.507,0.0364,0.1176
鸡肉,2017-05-01,$ / LB,2017,0.66,9.851,0.1579,0.1786
鸡肉,2017-06-01,$ / LB,2017,0.66,9.851,0.0,0.1579
鸡肉,2017-07-01,$ / LB,2017,0.62,9.254,-0.0606,0.2157
鸡肉,2017-08-01,$ / LB,2017,0.54,8.06,-0.129,0.2273
鸡肉,2017-09-01,$ / LB,2017,0.51,7.612,-0.0556,0.2143
鸡肉,2017-10-01,$ / LB,2017,0.48,7.164,-0.0588,0.2973
鸡肉,2017-11-01,$ / LB,2017,0.49,7.313,0.0208,0.1136
鸡肉,2017-12-01,$ / LB,2017,0.5,7.463,0.0204,0.0417
鸡肉,2018-01-01,$ / LB,2018,0.53,7.91,0.06,0.0816
鸡肉,2018-02-01,$ / LB,2018,0.52,7.761,-0.0189,0.0833
鸡肉,2018-03-01,$ / LB,2018,0.6,8.955,0.1538,0.0909
鸡肉,2018-04-01,$ / LB,2018,0.65,9.701,0.0833,0.1404
鸡肉,2018-05-01,$ / LB,2018,0.72,10.746,0.1077,0.0909
鸡肉,2018-06-01,$ / LB,2018,0.73,10.895,0.0139,0.1061
鸡肉,2018-07-01,$ / LB,2018,0.67,10.0,-0.0822,0.0806
鸡肉,2018-08-01,$ / LB,2018,0.49,7.313,-0.2687,-0.0926
鸡肉,2018-09-01,$ / LB,2018,0.46,6.866,-0.0612,-0.098
鸡肉,2018-10-01,$ / LB,2018,0.46,6.866,0.0,-0.0417
鸡肉,2018-11-01,$ / LB,2018,0.49,7.313,0.0652,0.0
鸡肉,2018-12-01,$ / LB,2018,0.51,7.612,0.0408,0.02
鸡肉,2019-01-01,$ / LB,2019,0.56,8.358,0.098,0.0566
鸡肉,2019-02-01,$ / LB,2019,0.49,7.313,-0.125,-0.0577
鸡肉,2019-03-01,$ / LB,2019,0.51,7.612,0.0408,-0.15
鸡肉,2019-04-01,$ / LB,2019,0.55,8.209,0.0784,-0.1538
鸡肉,2019-05-01,$ / LB,2019,0.57,8.507,0.0364,-0.2083
鸡肉,2019-06-01,$ / LB,2019,0.54,8.06,-0.0526,-0.2603
鸡肉,2019-07-01,$ / LB,2019,0.487,7.269,-0.0981,-0.2731
鸡肉,2019-08-01,$ / LB,2019,0.421,6.284,-0.1355,-0.1408
鸡肉,2019-09-01,$ / LB,2019,0.391,5.836,-0.0713,-0.15
鸡肉,2019-10-01,$ / LB,2019,0.41,6.119,0.0486,-0.1087
鸡肉,2019-11-01,$ / LB,2019,0.403,6.015,-0.0171,-0.1776
鸡肉,2019-12-01,$ / LB,2019,0.449,6.701,0.1141,-0.1196
鸡肉,2020-01-01,$ / LB,2020,0.494,7.373,0.1002,-0.1179
鸡肉,2020-02-01,$ / LB,2020,0.419,6.254,-0.1518,-0.1449
鸡肉,2020-03-01,$ / LB,2020,0.43,6.418,0.0263,-0.1569
鸡肉,2020-04-01,$ / LB,2020,0.226,3.373,-0.4744,-0.5891
鸡肉,2020-05-01,$ / LB,2020,0.345,5.149,0.5265,-0.3947
鸡肉,2020-06-01,$ / LB,2020,0.366,5.463,0.0609,-0.3222
鸡肉,2020-07-01,$ / LB,2020,0.345,5.149,-0.0574,-0.2916
鸡肉,2020-08-01,$ / LB,2020,0.309,4.612,-0.1043,-0.266
鸡肉,2020-09-01,$ / LB,2020,0.292,4.358,-0.055,-0.2532
鸡肉,2020-10-01,$ / LB,2020,0.315,4.701,0.0788,-0.2317
鸡肉,2020-11-01,$ / LB,2020,0.391,5.836,0.2413,-0.0298
鸡肉,2020-12-01,$ / LB,2020,0.43,6.418,0.0997,-0.0423
鸡肉,2021-01-01,$ / LB,2021,0.417,6.224,-0.0302,-0.1559
鸡肉,2021-02-01,$ / LB,2021,0.423,6.313,0.0144,0.0095
鸡肉,2021-03-01,$ / LB,2021,0.431,6.433,0.0189,0.0023
鸡肉,2021-04-01,$ / LB,2021,0.548,8.179,0.2715,1.4248
鸡肉,2021-05-01,$ / LB,2021,0.593,8.851,0.0821,0.7188
鸡肉,2021-06-01,$ / LB,2021,0.6,8.955,0.0118,0.6393
鸡肉,2021-07-01,$ / LB,2021,0.593,8.851,-0.0117,0.7188
鸡肉,2021-08-01,$ / LB,2021,0.587,8.761,-0.0101,0.8997
鸡肉,2021-09-01,$ / LB,2021,0.595,8.881,0.0136,1.0377
鸡肉,2021-10-01,$ / LB,2021,0.578,8.627,-0.0286,0.8349
鸡肉,2021-11-01,$ / LB,2021,0.592,8.836,0.0242,0.5141
鸡肉,2021-12-01,$ / LB,2021,0.735,10.97,0.2416,0.7093
鸡肉,2022-01-01,$ / LB,2022,0.78,11.642,0.0612,0.8705
鸡肉,2022-02-01,$ / LB,2022,0.739,11.03,-0.0526,0.747
鸡肉,2022-03-01,$ / LB,2022,0.885,13.209,0.1976,1.0534
鸡肉,2022-04-01,$ / LB,2022,1.037,15.478,0.1718,0.8923
鸡肉,2022-05-01,$ / LB,2022,1.069,15.955,0.0309,0.8027
鸡肉,2022-06-01,$ / LB,2022,1.045,15.597,-0.0225,0.7417
鸡肉,2022-07-01,$ / LB,2022,0.963,14.373,-0.0785,0.6239
鸡肉,2022-08-01,$ / LB,2022,0.78,11.642,-0.19,0.3288
鸡肉,2022-09-01,$ / LB,2022,0.733,10.94,-0.0603,0.2319
鸡肉,2022-10-01,$ / LB,2022,0.711,10.612,-0.03,0.2301
鸡肉,2022-11-01,$ / LB,2022,0.729,10.881,0.0253,0.2314
鸡肉,2022-12-01,$ / LB,2022,0.726,10.836,-0.0041,-0.0122
鸡肉,2023-01-01,$ / LB,2023,0.69,10.298,-0.0496,-0.1154
鸡肉,2023-02-01,$ / LB,2023,0.693,10.343,0.0043,-0.0622
鸡肉,2023-03-01,$ / LB,2023,0.755,11.269,0.0895,-0.1469
鸡肉,2023-04-01,$ / LB,2023,0.831,12.403,0.1007,-0.1986
鸡肉,2023-05-01,$ / LB,2023,0.849,12.672,0.0217,-0.2058
鸡肉,2023-06-01,$ / LB,2023,0.806,12.03,-0.0506,-0.2287
鸡肉,2023-07-01,$ / LB,2023,0.67,10.0,-0.1687,-0.3043
鸡肉,2023-08-01,$ / LB,2023,0.607,9.06,-0.094,-0.2218
鸡肉,2023-09-01,$ / LB,2023,0.649,9.687,0.0692,-0.1146
鸡肉,2023-10-01,$ / LB,2023,0.634,9.463,-0.0231,-0.1083
鸡肉,2023-11-01,$ / LB,2023,0.65,9.701,0.0252,-0.1084
鸡肉,2023-12-01,$ / LB,2023,0.722,10.776,0.1108,-0.0055
鸡肉,2024-01-01,$ / LB,2024,0.735,10.97,0.018,0.0652
鸡肉,2024-02-01,$ / LB,2024,0.719,10.731,-0.0218,0.0375
鸡肉,2024-03-01,$ / LB,2024,0.744,11.104,0.0348,-0.0146
鸡肉,2024-04-01,$ / LB,2024,0.768,11.463,0.0323,-0.0758
鸡肉,2024-05-01,$ / LB,2024,0.765,11.418,-0.0039,-0.0989
鸡肉,2024-06-01,$ / LB,2024,0.76,11.343,-0.0065,-0.0571
鸡肉,2024-07-01,$ / LB,2024,0.759,11.328,-0.0013,0.1328
鸡肉,2024-08-01,$ / LB,2024,0.712,10.627,-0.0619,0.173
鸡肉,2024-09-01,$ / LB,2024,0.727,10.851,0.0211,0.1202
鸡肉,2024-10-01,$ / LB,2024,0.741,11.06,0.0193,0.1688
鸡肉,2024-11-01,$ / LB,2024,0.741,11.06,0.0,0.14
鸡肉,2024-12-01,$ / LB,2024,0.76,11.343,0.0256,0.0526
鸡肉,2025-01-01,$ / LB,2025,0.774,11.552,0.0184,0.0531
鸡肉,2025-02-01,$ / LB,2025,0.726,10.836,-0.062,0.0097
鸡肉,2025-03-01,$ / LB,2025,0.763,11.388,0.051,0.0255
鸡肉,2025-04-01,$ / LB,2025,0.791,11.806,0.0367,0.0299
鸡肉,2025-05-01,$ / LB,2025,0.789,11.776,-0.0025,0.0314
鸡肉,2025-06-01,$ / LB,2025,0.801,11.955,0.0152,0.0539
鸡肉,2025-07-01,$ / LB,2025,0.759,11.328,-0.0524,0.0
鸡肉,2025-08-01,$ / LB,2025,0.667,9.955,-0.1212,-0.0632
鸡肉,2025-09-01,$ / LB,2025,0.639,9.537,-0.042,-0.121
鸡肉,2025-10-01,$ / LB,2025,0.582,8.687,-0.0892,-0.2146
鸡肉,2025-11-01,$ / LB,2025,0.588,8.776,0.0103,-0.2065
鸡肉,2025-12-01,$ / LB,2025,0.646,9.642,0.0986,-0.15
鸡肉,2026-01-01,$ / LB,2026,0.677,10.104,0.048,-0.1253
鸡肉,2026-02-01,$ / LB,2026,0.663,9.895,-0.0207,-0.0868
鸡肉,2026-03-01,$ / LB,2026,0.672,10.03,0.0136,-0.1193
鸡肉,2026-04-01,$ / LB,2026,0.684,10.209,0.0179,-0.1353
鸡肉,2026-05-01,$ / LB,2026,0.705,10.522,0.0307,-0.1065
鸡肉,2026-06-01,$ / LB,2026,0.698,10.418,-0.0099,-0.1286
玉米,1908-01-01,$ / BU,1908,0.55,0.147,,
玉米,1908-02-01,$ / BU,1908,0.57,0.152,0.0364,
玉米,1908-03-01,$ / BU,1908,0.596,0.159,0.0456,
玉米,1908-04-01,$ / BU,1908,0.63,0.168,0.057,
玉米,1908-05-01,$ / BU,1908,0.692,0.184,0.0984,
玉米,1908-06-01,$ / BU,1908,0.747,0.199,0.0795,
玉米,1908-07-01,$ / BU,1908,0.769,0.205,0.0295,
玉米,1908-08-01,$ / BU,1908,0.773,0.206,0.0052,
玉米,1908-09-01,$ / BU,1908,0.744,0.198,-0.0375,
玉米,1908-10-01,$ / BU,1908,0.679,0.181,-0.0874,
玉米,1908-11-01,$ / BU,1908,0.62,0.165,-0.0869,
玉米,1908-12-01,$ / BU,1908,0.606,0.162,-0.0226,
玉米,1909-01-01,$ / BU,1909,0.61,0.163,0.0066,0.1091
玉米,1909-02-01,$ / BU,1909,0.63,0.168,0.0328,0.1053
玉米,1909-03-01,$ / BU,1909,0.661,0.176,0.0492,0.1091
玉米,1909-04-01,$ / BU,1909,0.697,0.186,0.0545,0.1063
玉米,1909-05-01,$ / BU,1909,0.741,0.197,0.0631,0.0708
玉米,1909-06-01,$ / BU,1909,0.766,0.204,0.0337,0.0254
玉米,1909-07-01,$ / BU,1909,0.761,0.203,-0.0065,-0.0104
玉米,1909-08-01,$ / BU,1909,0.731,0.195,-0.0394,-0.0543
玉米,1909-09-01,$ / BU,1909,0.69,0.184,-0.0561,-0.0726
玉米,1909-10-01,$ / BU,1909,0.646,0.172,-0.0638,-0.0486
玉米,1909-11-01,$ / BU,1909,0.6,0.16,-0.0712,-0.0323
玉米,1909-12-01,$ / BU,1909,0.601,0.16,0.0017,-0.0083
玉米,1910-01-01,$ / BU,1910,0.638,0.17,0.0616,0.0459
玉米,1910-02-01,$ / BU,1910,0.656,0.175,0.0282,0.0413
玉米,1910-03-01,$ / BU,1910,0.657,0.175,0.0015,-0.0061
玉米,1910-04-01,$ / BU,1910,0.645,0.172,-0.0183,-0.0746
玉米,1910-05-01,$ / BU,1910,0.644,0.172,-0.0016,-0.1309
玉米,1910-06-01,$ / BU,1910,0.657,0.175,0.0202,-0.1423
玉米,1910-07-01,$ / BU,1910,0.667,0.178,0.0152,-0.1235
玉米,1910-08-01,$ / BU,1910,0.668,0.178,0.0015,-0.0862
玉米,1910-09-01,$ / BU,1910,0.637,0.17,-0.0464,-0.0768
玉米,1910-10-01,$ / BU,1910,0.568,0.151,-0.1083,-0.1207
玉米,1910-11-01,$ / BU,1910,0.503,0.134,-0.1144,-0.1617
玉米,1910-12-01,$ / BU,1910,0.481,0.128,-0.0437,-0.1997
玉米,1911-01-01,$ / BU,1911,0.486,0.13,0.0104,-0.2382
玉米,1911-02-01,$ / BU,1911,0.49,0.131,0.0082,-0.253
玉米,1911-03-01,$ / BU,1911,0.493,0.131,0.0061,-0.2496
玉米,1911-04-01,$ / BU,1911,0.508,0.135,0.0304,-0.2124
玉米,1911-05-01,$ / BU,1911,0.534,0.142,0.0512,-0.1708
玉米,1911-06-01,$ / BU,1911,0.576,0.154,0.0787,-0.1233
玉米,1911-07-01,$ / BU,1911,0.629,0.168,0.092,-0.057
玉米,1911-08-01,$ / BU,1911,0.658,0.175,0.0461,-0.015
玉米,1911-09-01,$ / BU,1911,0.658,0.175,0.0,0.033
玉米,1911-10-01,$ / BU,1911,0.652,0.174,-0.0091,0.1479
玉米,1911-11-01,$ / BU,1911,0.632,0.168,-0.0307,0.2565
玉米,1911-12-01,$ / BU,1911,0.62,0.165,-0.019,0.289
玉米,1912-01-01,$ / BU,1912,0.634,0.169,0.0226,0.3045
玉米,1912-02-01,$ / BU,1912,0.656,0.175,0.0347,0.3388
玉米,1912-03-01,$ / BU,1912,0.688,0.183,0.0488,0.3955
玉米,1912-04-01,$ / BU,1912,0.752,0.2,0.093,0.4803
玉米,1912-05-01,$ / BU,1912,0.81,0.216,0.0771,0.5169
玉米,1912-06-01,$ / BU,1912,0.818,0.218,0.0099,0.4201
玉米,1912-07-01,$ / BU,1912,0.802,0.214,-0.0196,0.275
玉米,1912-08-01,$ / BU,1912,0.784,0.209,-0.0224,0.1915
玉米,1912-09-01,$ / BU,1912,0.739,0.197,-0.0574,0.1231
玉米,1912-10-01,$ / BU,1912,0.643,0.171,-0.1299,-0.0138
玉米,1912-11-01,$ / BU,1912,0.536,0.143,-0.1664,-0.1519
玉米,1912-12-01,$ / BU,1912,0.488,0.13,-0.0896,-0.2129
玉米,1913-01-01,$ / BU,1913,0.498,0.133,0.0205,-0.2145
玉米,1913-02-01,$ / BU,1913,0.514,0.137,0.0321,-0.2165
玉米,1913-03-01,$ / BU,1913,0.53,0.141,0.0311,-0.2297
玉米,1913-04-01,$ / BU,1913,0.552,0.147,0.0415,-0.266
玉米,1913-05-01,$ / BU,1913,0.587,0.156,0.0634,-0.2753
玉米,1913-06-01,$ / BU,1913,0.619,0.165,0.0545,-0.2433
玉米,1913-07-01,$ / BU,1913,0.643,0.171,0.0388,-0.1983
玉米,1913-08-01,$ / BU,1913,0.704,0.188,0.0949,-0.102
玉米,1913-09-01,$ / BU,1913,0.754,0.201,0.071,0.0203
玉米,1913-10-01,$ / BU,1913,0.73,0.195,-0.0318,0.1353
玉米,1913-11-01,$ / BU,1913,0.699,0.186,-0.0425,0.3041
玉米,1913-12-01,$ / BU,1913,0.694,0.185,-0.0072,0.4221
玉米,1914-01-01,$ / BU,1914,0.69,0.184,-0.0058,0.3855
玉米,1914-02-01,$ / BU,1914,0.687,0.183,-0.0043,0.3366
玉米,1914-03-01,$ / BU,1914,0.699,0.186,0.0175,0.3189
玉米,1914-04-01,$ / BU,1914,0.714,0.19,0.0215,0.2935
玉米,1914-05-01,$ / BU,1914,0.736,0.196,0.0308,0.2538
玉米,1914-06-01,$ / BU,1914,0.752,0.2,0.0217,0.2149
玉米,1914-07-01,$ / BU,1914,0.762,0.203,0.0133,0.1851
玉米,1914-08-01,$ / BU,1914,0.792,0.211,0.0394,0.125
玉米,1914-09-01,$ / BU,1914,0.798,0.213,0.0076,0.0584
玉米,1914-10-01,$ / BU,1914,0.744,0.198,-0.0677,0.0192
玉米,1914-11-01,$ / BU,1914,0.675,0.18,-0.0927,-0.0343
玉米,1914-12-01,$ / BU,1914,0.653,0.174,-0.0326,-0.0591
玉米,1915-01-01,$ / BU,1915,0.695,0.185,0.0643,0.0072
玉米,1915-02-01,$ / BU,1915,0.74,0.197,0.0647,0.0771
玉米,1915-03-01,$ / BU,1915,0.751,0.2,0.0149,0.0744
玉米,1915-04-01,$ / BU,1915,0.764,0.204,0.0173,0.07
玉米,1915-05-01,$ / BU,1915,0.778,0.207,0.0183,0.0571
玉米,1915-06-01,$ / BU,1915,0.778,0.207,0.0,0.0346
玉米,1915-07-01,$ / BU,1915,0.783,0.209,0.0064,0.0276
玉米,1915-08-01,$ / BU,1915,0.781,0.208,-0.0026,-0.0139
玉米,1915-09-01,$ / BU,1915,0.739,0.197,-0.0538,-0.0739
玉米,1915-10-01,$ / BU,1915,0.662,0.176,-0.1042,-0.1102
玉米,1915-11-01,$ / BU,1915,0.597,0.159,-0.0982,-0.1156
玉米,1915-12-01,$ / BU,1915,0.598,0.159,0.0017,-0.0842
玉米,1916-01-01,$ / BU,1916,0.644,0.172,0.0769,-0.0734
玉米,1916-02-01,$ / BU,1916,0.674,0.18,0.0466,-0.0892
玉米,1916-03-01,$ / BU,1916,0.692,0.184,0.0267,-0.0786
玉米,1916-04-01,$ / BU,1916,0.713,0.19,0.0303,-0.0668
玉米,1916-05-01,$ / BU,1916,0.732,0.195,0.0266,-0.0591
玉米,1916-06-01,$ / BU,1916,0.748,0.199,0.0219,-0.0386
玉米,1916-07-01,$ / BU,1916,0.774,0.206,0.0348,-0.0115
玉米,1916-08-01,$ / BU,1916,0.815,0.217,0.053,0.0435
玉米,1916-09-01,$ / BU,1916,0.83,0.221,0.0184,0.1231
玉米,1916-10-01,$ / BU,1916,0.836,0.223,0.0072,0.2628
玉米,1916-11-01,$ / BU,1916,0.87,0.232,0.0407,0.4573
玉米,1916-12-01,$ / BU,1916,0.894,0.238,0.0276,0.495
玉米,1917-01-01,$ / BU,1917,0.929,0.248,0.0391,0.4425
玉米,1917-02-01,$ / BU,1917,0.984,0.262,0.0592,0.4599
玉米,1917-03-01,$ / BU,1917,1.07,0.285,0.0874,0.5462
玉米,1917-04-01,$ / BU,1917,1.32,0.352,0.2336,0.8513
玉米,1917-05-01,$ / BU,1917,1.55,0.413,0.1742,1.1175
玉米,1917-06-01,$ / BU,1917,1.62,0.432,0.0452,1.1658
玉米,1917-07-01,$ / BU,1917,1.81,0.482,0.1173,1.3385
玉米,1917-08-01,$ / BU,1917,1.86,0.496,0.0276,1.2822
玉米,1917-09-01,$ / BU,1917,1.75,0.466,-0.0591,1.1084
玉米,1917-10-01,$ / BU,1917,1.61,0.429,-0.08,0.9258
玉米,1917-11-01,$ / BU,1917,1.37,0.365,-0.1491,0.5747
玉米,1917-12-01,$ / BU,1917,1.31,0.349,-0.0438,0.4653
玉米,1918-01-01,$ / BU,1918,1.37,0.365,0.0458,0.4747
玉米,1918-02-01,$ / BU,1918,1.47,0.392,0.073,0.4939
玉米,1918-03-01,$ / BU,1918,1.54,0.41,0.0476,0.4393
玉米,1918-04-01,$ / BU,1918,1.55,0.413,0.0065,0.1742
玉米,1918-05-01,$ / BU,1918,1.54,0.41,-0.0065,-0.0065
玉米,1918-06-01,$ / BU,1918,1.53,0.408,-0.0065,-0.0556
玉米,1918-07-01,$ / BU,1918,1.57,0.418,0.0261,-0.1326
玉米,1918-08-01,$ / BU,1918,1.63,0.434,0.0382,-0.1237
玉米,1918-09-01,$ / BU,1918,1.63,0.434,0.0,-0.0686
玉米,1918-10-01,$ / BU,1918,1.5,0.4,-0.0798,-0.0683
玉米,1918-11-01,$ / BU,1918,1.38,0.368,-0.08,0.0073
玉米,1918-12-01,$ / BU,1918,1.41,0.376,0.0217,0.0763
玉米,1919-01-01,$ / BU,1919,1.41,0.376,0.0,0.0292
玉米,1919-02-01,$ / BU,1919,1.38,0.368,-0.0213,-0.0612
玉米,1919-03-01,$ / BU,1919,1.43,0.381,0.0362,-0.0714
玉米,1919-04-01,$ / BU,1919,1.56,0.416,0.0909,0.0065
玉米,1919-05-01,$ / BU,1919,1.67,0.445,0.0705,0.0844
玉米,1919-06-01,$ / BU,1919,1.74,0.464,0.0419,0.1373
玉米,1919-07-01,$ / BU,1919,1.84,0.49,0.0575,0.172
玉米,1919-08-01,$ / BU,1919,1.88,0.501,0.0217,0.1534
玉米,1919-09-01,$ / BU,1919,1.7,0.453,-0.0957,0.0429
玉米,1919-10-01,$ / BU,1919,1.44,0.384,-0.1529,-0.04
玉米,1919-11-01,$ / BU,1919,1.34,0.357,-0.0694,-0.029
玉米,1919-12-01,$ / BU,1919,1.37,0.365,0.0224,-0.0284
玉米,1920-01-01,$ / BU,1920,1.44,0.384,0.0511,0.0213
玉米,1920-02-01,$ / BU,1920,1.48,0.394,0.0278,0.0725
玉米,1920-03-01,$ / BU,1920,1.54,0.41,0.0405,0.0769
玉米,1920-04-01,$ / BU,1920,1.64,0.437,0.0649,0.0513
玉米,1920-05-01,$ / BU,1920,1.77,0.472,0.0793,0.0599
玉米,1920-06-01,$ / BU,1920,1.85,0.493,0.0452,0.0632
玉米,1920-07-01,$ / BU,1920,1.75,0.466,-0.0541,-0.0489
玉米,1920-08-01,$ / BU,1920,1.6,0.426,-0.0857,-0.1489
玉米,1920-09-01,$ / BU,1920,1.38,0.368,-0.1375,-0.1882
玉米,1920-10-01,$ / BU,1920,1.04,0.277,-0.2464,-0.2778
玉米,1920-11-01,$ / BU,1920,0.772,0.206,-0.2577,-0.4239
玉米,1920-12-01,$ / BU,1920,0.668,0.178,-0.1347,-0.5124
玉米,1921-01-01,$ / BU,1921,0.646,0.172,-0.0329,-0.5514
玉米,1921-02-01,$ / BU,1921,0.634,0.169,-0.0186,-0.5716
玉米,1921-03-01,$ / BU,1921,0.638,0.17,0.0063,-0.5857
玉米,1921-04-01,$ / BU,1921,0.612,0.163,-0.0408,-0.6268
玉米,1921-05-01,$ / BU,1921,0.61,0.163,-0.0033,-0.6554
玉米,1921-06-01,$ / BU,1921,0.624,0.166,0.023,-0.6627
玉米,1921-07-01,$ / BU,1921,0.62,0.165,-0.0064,-0.6457
玉米,1921-08-01,$ / BU,1921,0.59,0.157,-0.0484,-0.6313
玉米,1921-09-01,$ / BU,1921,0.536,0.143,-0.0915,-0.6116
玉米,1921-10-01,$ / BU,1921,0.46,0.123,-0.1418,-0.5577
玉米,1921-11-01,$ / BU,1921,0.417,0.111,-0.0935,-0.4598
玉米,1921-12-01,$ / BU,1921,0.428,0.114,0.0264,-0.3593
玉米,1922-01-01,$ / BU,1922,0.446,0.119,0.0421,-0.3096
玉米,1922-02-01,$ / BU,1922,0.503,0.134,0.1278,-0.2066
玉米,1922-03-01,$ / BU,1922,0.558,0.149,0.1093,-0.1254
玉米,1922-04-01,$ / BU,1922,0.583,0.155,0.0448,-0.0474
玉米,1922-05-01,$ / BU,1922,0.606,0.162,0.0395,-0.0066
玉米,1922-06-01,$ / BU,1922,0.619,0.165,0.0215,-0.008
玉米,1922-07-01,$ / BU,1922,0.633,0.169,0.0226,0.021
玉米,1922-08-01,$ / BU,1922,0.636,0.17,0.0047,0.078
玉米,1922-09-01,$ / BU,1922,0.622,0.166,-0.022,0.1604
玉米,1922-10-01,$ / BU,1922,0.622,0.166,0.0,0.3522
玉米,1922-11-01,$ / BU,1922,0.644,0.172,0.0354,0.5444
玉米,1922-12-01,$ / BU,1922,0.676,0.18,0.0497,0.5794
玉米,1923-01-01,$ / BU,1923,0.702,0.187,0.0385,0.574
玉米,1923-02-01,$ / BU,1923,0.725,0.193,0.0328,0.4414
玉米,1923-03-01,$ / BU,1923,0.753,0.201,0.0386,0.3495
玉米,1923-04-01,$ / BU,1923,0.796,0.212,0.0571,0.3654
玉米,1923-05-01,$ / BU,1923,0.84,0.224,0.0553,0.3861
玉米,1923-06-01,$ / BU,1923,0.858,0.229,0.0214,0.3861
玉米,1923-07-01,$ / BU,1923,0.87,0.232,0.014,0.3744
玉米,1923-08-01,$ / BU,1923,0.87,0.232,0.0,0.3679
玉米,1923-09-01,$ / BU,1923,0.862,0.23,-0.0092,0.3859
玉米,1923-10-01,$ / BU,1923,0.848,0.226,-0.0162,0.3633
玉米,1923-11-01,$ / BU,1923,0.783,0.209,-0.0767,0.2158
玉米,1923-12-01,$ / BU,1923,0.722,0.192,-0.0779,0.068
玉米,1924-01-01,$ / BU,1924,0.736,0.196,0.0194,0.0484
玉米,1924-02-01,$ / BU,1924,0.765,0.204,0.0394,0.0552
玉米,1924-03-01,$ / BU,1924,0.772,0.206,0.0092,0.0252
玉米,1924-04-01,$ / BU,1924,0.782,0.208,0.013,-0.0176
玉米,1924-05-01,$ / BU,1924,0.786,0.209,0.0051,-0.0643
玉米,1924-06-01,$ / BU,1924,0.808,0.215,0.028,-0.0583
玉米,1924-07-01,$ / BU,1924,0.983,0.262,0.2166,0.1299
玉米,1924-08-01,$ / BU,1924,1.07,0.285,0.0885,0.2299
玉米,1924-09-01,$ / BU,1924,1.1,0.293,0.028,0.2761
玉米,1924-10-01,$ / BU,1924,1.09,0.291,-0.0091,0.2854
玉米,1924-11-01,$ / BU,1924,0.996,0.265,-0.0862,0.272
玉米,1924-12-01,$ / BU,1924,1.06,0.283,0.0643,0.4681
玉米,1925-01-01,$ / BU,1925,1.12,0.299,0.0566,0.5217
玉米,1925-02-01,$ / BU,1925,1.14,0.304,0.0179,0.4902
玉米,1925-03-01,$ / BU,1925,1.12,0.299,-0.0175,0.4508
玉米,1925-04-01,$ / BU,1925,1.04,0.277,-0.0714,0.3299
玉米,1925-05-01,$ / BU,1925,1.08,0.288,0.0385,0.374
玉米,1925-06-01,$ / BU,1925,1.11,0.296,0.0278,0.3738
玉米,1925-07-01,$ / BU,1925,1.04,0.277,-0.0631,0.058
玉米,1925-08-01,$ / BU,1925,1.07,0.285,0.0288,0.0
玉米,1925-09-01,$ / BU,1925,0.988,0.263,-0.0766,-0.1018
玉米,1925-10-01,$ / BU,1925,0.83,0.221,-0.1599,-0.2385
玉米,1925-11-01,$ / BU,1925,0.746,0.199,-0.1012,-0.251
玉米,1925-12-01,$ / BU,1925,0.707,0.188,-0.0523,-0.333
玉米,1926-01-01,$ / BU,1926,0.696,0.185,-0.0156,-0.3786
玉米,1926-02-01,$ / BU,1926,0.685,0.183,-0.0158,-0.3991
玉米,1926-03-01,$ / BU,1926,0.666,0.178,-0.0277,-0.4054
玉米,1926-04-01,$ / BU,1926,0.657,0.175,-0.0135,-0.3683
玉米,1926-05-01,$ / BU,1926,0.671,0.179,0.0213,-0.3787
玉米,1926-06-01,$ / BU,1926,0.686,0.183,0.0224,-0.382
玉米,1926-07-01,$ / BU,1926,0.715,0.191,0.0423,-0.3125
玉米,1926-08-01,$ / BU,1926,0.795,0.212,0.1119,-0.257
玉米,1926-09-01,$ / BU,1926,0.762,0.203,-0.0415,-0.2287
玉米,1926-10-01,$ / BU,1926,0.745,0.199,-0.0223,-0.1024
玉米,1926-11-01,$ / BU,1926,0.66,0.176,-0.1141,-0.1153
玉米,1926-12-01,$ / BU,1926,0.645,0.172,-0.0227,-0.0877
玉米,1927-01-01,$ / BU,1927,0.643,0.171,-0.0031,-0.0761
玉米,1927-02-01,$ / BU,1927,0.665,0.177,0.0342,-0.0292
玉米,1927-03-01,$ / BU,1927,0.652,0.174,-0.0195,-0.021
玉米,1927-04-01,$ / BU,1927,0.656,0.175,0.0061,-0.0015
玉米,1927-05-01,$ / BU,1927,0.73,0.195,0.1128,0.0879
玉米,1927-06-01,$ / BU,1927,0.889,0.237,0.2178,0.2959
玉米,1927-07-01,$ / BU,1927,0.924,0.246,0.0394,0.2923
玉米,1927-08-01,$ / BU,1927,0.977,0.26,0.0574,0.2289
玉米,1927-09-01,$ / BU,1927,0.953,0.254,-0.0246,0.2507
玉米,1927-10-01,$ / BU,1927,0.876,0.233,-0.0808,0.1758
玉米,1927-11-01,$ / BU,1927,0.737,0.196,-0.1587,0.1167
玉米,1927-12-01,$ / BU,1927,0.751,0.2,0.019,0.1643
玉米,1928-01-01,$ / BU,1928,0.752,0.2,0.0013,0.1695
玉米,1928-02-01,$ / BU,1928,0.79,0.211,0.0505,0.188
玉米,1928-03-01,$ / BU,1928,0.862,0.23,0.0911,0.3221
玉米,1928-04-01,$ / BU,1928,0.919,0.245,0.0661,0.4009
玉米,1928-05-01,$ / BU,1928,1.02,0.272,0.1099,0.3973
玉米,1928-06-01,$ / BU,1928,1.02,0.272,0.0,0.1474
玉米,1928-07-01,$ / BU,1928,1.02,0.272,0.0,0.1039
玉米,1928-08-01,$ / BU,1928,0.982,0.262,-0.0373,0.0051
玉米,1928-09-01,$ / BU,1928,0.951,0.253,-0.0316,-0.0021
玉米,1928-10-01,$ / BU,1928,0.847,0.226,-0.1094,-0.0331
玉米,1928-11-01,$ / BU,1928,0.754,0.201,-0.1098,0.0231
玉米,1928-12-01,$ / BU,1928,0.761,0.203,0.0093,0.0133
玉米,1929-01-01,$ / BU,1929,0.802,0.214,0.0539,0.0665
玉米,1929-02-01,$ / BU,1929,0.868,0.231,0.0823,0.0987
玉米,1929-03-01,$ / BU,1929,0.887,0.236,0.0219,0.029
玉米,1929-04-01,$ / BU,1929,0.875,0.233,-0.0135,-0.0479
玉米,1929-05-01,$ / BU,1929,0.862,0.23,-0.0149,-0.1549
玉米,1929-06-01,$ / BU,1929,0.869,0.232,0.0081,-0.148
玉米,1929-07-01,$ / BU,1929,0.912,0.243,0.0495,-0.1059
玉米,1929-08-01,$ / BU,1929,0.959,0.256,0.0515,-0.0234
玉米,1929-09-01,$ / BU,1929,0.972,0.259,0.0136,0.0221
玉米,1929-10-01,$ / BU,1929,0.919,0.245,-0.0545,0.085
玉米,1929-11-01,$ / BU,1929,0.81,0.216,-0.1186,0.0743
玉米,1929-12-01,$ / BU,1929,0.78,0.208,-0.037,0.025
玉米,1930-01-01,$ / BU,1930,0.773,0.206,-0.009,-0.0362
玉米,1930-02-01,$ / BU,1930,0.774,0.206,0.0013,-0.1083
玉米,1930-03-01,$ / BU,1930,0.745,0.199,-0.0375,-0.1601
玉米,1930-04-01,$ / BU,1930,0.783,0.209,0.051,-0.1051
玉米,1930-05-01,$ / BU,1930,0.778,0.207,-0.0064,-0.0974
玉米,1930-06-01,$ / BU,1930,0.79,0.211,0.0154,-0.0909
玉米,1930-07-01,$ / BU,1930,0.771,0.205,-0.0241,-0.1546
玉米,1930-08-01,$ / BU,1930,0.9,0.24,0.1673,-0.0615
玉米,1930-09-01,$ / BU,1930,0.917,0.244,0.0189,-0.0566
玉米,1930-10-01,$ / BU,1930,0.819,0.218,-0.1069,-0.1088
玉米,1930-11-01,$ / BU,1930,0.663,0.177,-0.1905,-0.1815
玉米,1930-12-01,$ / BU,1930,0.649,0.173,-0.0211,-0.1679
玉米,1931-01-01,$ / BU,1931,0.617,0.164,-0.0493,-0.2018
玉米,1931-02-01,$ / BU,1931,0.586,0.156,-0.0502,-0.2429
玉米,1931-03-01,$ / BU,1931,0.575,0.153,-0.0188,-0.2282
玉米,1931-04-01,$ / BU,1931,0.577,0.154,0.0035,-0.2631
玉米,1931-05-01,$ / BU,1931,0.563,0.15,-0.0243,-0.2763
玉米,1931-06-01,$ / BU,1931,0.538,0.143,-0.0444,-0.319
玉米,1931-07-01,$ / BU,1931,0.54,0.144,0.0037,-0.2996
玉米,1931-08-01,$ / BU,1931,0.508,0.135,-0.0593,-0.4356
玉米,1931-09-01,$ / BU,1931,0.432,0.115,-0.1496,-0.5289
玉米,1931-10-01,$ / BU,1931,0.334,0.089,-0.2269,-0.5922
玉米,1931-11-01,$ / BU,1931,0.366,0.098,0.0958,-0.448
玉米,1931-12-01,$ / BU,1931,0.345,0.092,-0.0574,-0.4684
玉米,1932-01-01,$ / BU,1932,0.337,0.09,-0.0232,-0.4538
玉米,1932-02-01,$ / BU,1932,0.324,0.086,-0.0386,-0.4471
玉米,1932-03-01,$ / BU,1932,0.322,0.086,-0.0062,-0.44
玉米,1932-04-01,$ / BU,1932,0.314,0.084,-0.0248,-0.4558
玉米,1932-05-01,$ / BU,1932,0.301,0.08,-0.0414,-0.4654
玉米,1932-06-01,$ / BU,1932,0.294,0.078,-0.0233,-0.4535
玉米,1932-07-01,$ / BU,1932,0.299,0.08,0.017,-0.4463
玉米,1932-08-01,$ / BU,1932,0.302,0.08,0.01,-0.4055
玉米,1932-09-01,$ / BU,1932,0.28,0.075,-0.0728,-0.3519
玉米,1932-10-01,$ / BU,1932,0.216,0.058,-0.2286,-0.3533
玉米,1932-11-01,$ / BU,1932,0.194,0.052,-0.1019,-0.4699
玉米,1932-12-01,$ / BU,1932,0.188,0.05,-0.0309,-0.4551
玉米,1933-01-01,$ / BU,1933,0.191,0.051,0.016,-0.4332
玉米,1933-02-01,$ / BU,1933,0.194,0.052,0.0157,-0.4012
玉米,1933-03-01,$ / BU,1933,0.206,0.055,0.0619,-0.3602
玉米,1933-04-01,$ / BU,1933,0.282,0.075,0.3689,-0.1019
玉米,1933-05-01,$ / BU,1933,0.389,0.104,0.3794,0.2924
玉米,1933-06-01,$ / BU,1933,0.402,0.107,0.0334,0.3673
玉米,1933-07-01,$ / BU,1933,0.554,0.148,0.3781,0.8528
玉米,1933-08-01,$ / BU,1933,0.488,0.13,-0.1191,0.6159
玉米,1933-09-01,$ / BU,1933,0.465,0.124,-0.0471,0.6607
玉米,1933-10-01,$ / BU,1933,0.388,0.103,-0.1656,0.7963
玉米,1933-11-01,$ / BU,1933,0.406,0.108,0.0464,1.0928
玉米,1933-12-01,$ / BU,1933,0.42,0.112,0.0345,1.234
玉米,1934-01-01,$ / BU,1934,0.439,0.117,0.0452,1.2984
玉米,1934-02-01,$ / BU,1934,0.456,0.122,0.0387,1.3505
玉米,1934-03-01,$ / BU,1934,0.471,0.126,0.0329,1.2864
玉米,1934-04-01,$ / BU,1934,0.471,0.126,0.0,0.6702
玉米,1934-05-01,$ / BU,1934,0.486,0.13,0.0318,0.2494
玉米,1934-06-01,$ / BU,1934,0.56,0.149,0.1523,0.393
玉米,1934-07-01,$ / BU,1934,0.592,0.158,0.0571,0.0686
玉米,1934-08-01,$ / BU,1934,0.727,0.194,0.228,0.4898
玉米,1934-09-01,$ / BU,1934,0.774,0.206,0.0646,0.6645
玉米,1934-10-01,$ / BU,1934,0.767,0.204,-0.009,0.9768
玉米,1934-11-01,$ / BU,1934,0.757,0.202,-0.013,0.8645
玉米,1934-12-01,$ / BU,1934,0.853,0.227,0.1268,1.031
玉米,1935-01-01,$ / BU,1935,0.853,0.227,0.0,0.9431
玉米,1935-02-01,$ / BU,1935,0.845,0.225,-0.0094,0.8531
玉米,1935-03-01,$ / BU,1935,0.827,0.22,-0.0213,0.7558
玉米,1935-04-01,$ / BU,1935,0.852,0.227,0.0302,0.8089
玉米,1935-05-01,$ / BU,1935,0.848,0.226,-0.0047,0.7449
玉米,1935-06-01,$ / BU,1935,0.833,0.222,-0.0177,0.4875
玉米,1935-07-01,$ / BU,1935,0.824,0.22,-0.0108,0.3919
玉米,1935-08-01,$ / BU,1935,0.808,0.215,-0.0194,0.1114
玉米,1935-09-01,$ / BU,1935,0.78,0.208,-0.0347,0.0078
玉米,1935-10-01,$ / BU,1935,0.718,0.191,-0.0795,-0.0639
玉米,1935-11-01,$ / BU,1935,0.564,0.15,-0.2145,-0.255
玉米,1935-12-01,$ / BU,1935,0.53,0.141,-0.0603,-0.3787
玉米,1936-01-01,$ / BU,1936,0.535,0.143,0.0094,-0.3728
玉米,1936-02-01,$ / BU,1936,0.555,0.148,0.0374,-0.3432
玉米,1936-03-01,$ / BU,1936,0.564,0.15,0.0162,-0.318
玉米,1936-04-01,$ / BU,1936,0.572,0.152,0.0142,-0.3286
玉米,1936-05-01,$ / BU,1936,0.6,0.16,0.049,-0.2925
玉米,1936-06-01,$ / BU,1936,0.613,0.163,0.0217,-0.2641
玉米,1936-07-01,$ / BU,1936,0.802,0.214,0.3083,-0.0267
玉米,1936-08-01,$ / BU,1936,1.04,0.277,0.2968,0.2871
玉米,1936-09-01,$ / BU,1936,1.05,0.28,0.0096,0.3462
玉米,1936-10-01,$ / BU,1936,0.979,0.261,-0.0676,0.3635
玉米,1936-11-01,$ / BU,1936,0.946,0.252,-0.0337,0.6773
玉米,1936-12-01,$ / BU,1936,0.956,0.255,0.0106,0.8038
玉米,1937-01-01,$ / BU,1937,1.01,0.269,0.0565,0.8879
玉米,1937-02-01,$ / BU,1937,1.04,0.277,0.0297,0.8739
玉米,1937-03-01,$ / BU,1937,1.05,0.28,0.0096,0.8617
玉米,1937-04-01,$ / BU,1937,1.19,0.317,0.1333,1.0804
玉米,1937-05-01,$ / BU,1937,1.21,0.322,0.0168,1.0167
玉米,1937-06-01,$ / BU,1937,1.17,0.312,-0.0331,0.9086
玉米,1937-07-01,$ / BU,1937,1.18,0.314,0.0085,0.4713
玉米,1937-08-01,$ / BU,1937,1.03,0.275,-0.1271,-0.0096
玉米,1937-09-01,$ / BU,1937,0.939,0.25,-0.0883,-0.1057
玉米,1937-10-01,$ / BU,1937,0.589,0.157,-0.3727,-0.3984
玉米,1937-11-01,$ / BU,1937,0.48,0.128,-0.1851,-0.4926
玉米,1937-12-01,$ / BU,1937,0.485,0.129,0.0104,-0.4927
玉米,1938-01-01,$ / BU,1938,0.522,0.139,0.0763,-0.4832
玉米,1938-02-01,$ / BU,1938,0.517,0.138,-0.0096,-0.5029
玉米,1938-03-01,$ / BU,1938,0.513,0.137,-0.0077,-0.5114
玉米,1938-04-01,$ / BU,1938,0.527,0.14,0.0273,-0.5571
玉米,1938-05-01,$ / BU,1938,0.527,0.14,0.0,-0.5645
玉米,1938-06-01,$ / BU,1938,0.523,0.139,-0.0076,-0.553
玉米,1938-07-01,$ / BU,1938,0.537,0.143,0.0268,-0.5449
玉米,1938-08-01,$ / BU,1938,0.485,0.129,-0.0968,-0.5291
玉米,1938-09-01,$ / BU,1938,0.48,0.128,-0.0103,-0.4888
玉米,1938-10-01,$ / BU,1938,0.419,0.112,-0.1271,-0.2886
玉米,1938-11-01,$ / BU,1938,0.4,0.107,-0.0453,-0.1667
玉米,1938-12-01,$ / BU,1938,0.431,0.115,0.0775,-0.1113
玉米,1939-01-01,$ / BU,1939,0.451,0.12,0.0464,-0.136
玉米,1939-02-01,$ / BU,1939,0.439,0.117,-0.0266,-0.1509
玉米,1939-03-01,$ / BU,1939,0.444,0.118,0.0114,-0.1345
玉米,1939-04-01,$ / BU,1939,0.454,0.121,0.0225,-0.1385
玉米,1939-05-01,$ / BU,1939,0.483,0.129,0.0639,-0.0835
玉米,1939-06-01,$ / BU,1939,0.499,0.133,0.0331,-0.0459
玉米,1939-07-01,$ / BU,1939,0.478,0.127,-0.0421,-0.1099
玉米,1939-08-01,$ / BU,1939,0.457,0.122,-0.0439,-0.0577
玉米,1939-09-01,$ / BU,1939,0.562,0.15,0.2298,0.1708
玉米,1939-10-01,$ / BU,1939,0.476,0.127,-0.153,0.136
玉米,1939-11-01,$ / BU,1939,0.468,0.125,-0.0168,0.17
玉米,1939-12-01,$ / BU,1939,0.503,0.134,0.0748,0.1671
玉米,1940-01-01,$ / BU,1940,0.532,0.142,0.0577,0.1796
玉米,1940-02-01,$ / BU,1940,0.547,0.146,0.0282,0.246
玉米,1940-03-01,$ / BU,1940,0.56,0.149,0.0238,0.2613
玉米,1940-04-01,$ / BU,1940,0.586,0.156,0.0464,0.2907
玉米,1940-05-01,$ / BU,1940,0.634,0.169,0.0819,0.3126
玉米,1940-06-01,$ / BU,1940,0.635,0.169,0.0016,0.2725
玉米,1940-07-01,$ / BU,1940,0.631,0.168,-0.0063,0.3201
玉米,1940-08-01,$ / BU,1940,0.631,0.168,0.0,0.3807
玉米,1940-09-01,$ / BU,1940,0.619,0.165,-0.019,0.1014
玉米,1940-10-01,$ / BU,1940,0.594,0.158,-0.0404,0.2479
玉米,1940-11-01,$ / BU,1940,0.568,0.151,-0.0438,0.2137
玉米,1940-12-01,$ / BU,1940,0.545,0.145,-0.0405,0.0835
玉米,1941-01-01,$ / BU,1941,0.56,0.149,0.0275,0.0526
玉米,1941-02-01,$ / BU,1941,0.56,0.149,0.0,0.0238
玉米,1941-03-01,$ / BU,1941,0.571,0.152,0.0196,0.0196
玉米,1941-04-01,$ / BU,1941,0.62,0.165,0.0858,0.058
玉米,1941-05-01,$ / BU,1941,0.659,0.176,0.0629,0.0394
玉米,1941-06-01,$ / BU,1941,0.683,0.182,0.0364,0.0756
玉米,1941-07-01,$ / BU,1941,0.696,0.185,0.019,0.103
玉米,1941-08-01,$ / BU,1941,0.7,0.187,0.0057,0.1094
玉米,1941-09-01,$ / BU,1941,0.708,0.189,0.0114,0.1438
玉米,1941-10-01,$ / BU,1941,0.649,0.173,-0.0833,0.0926
玉米,1941-11-01,$ / BU,1941,0.637,0.17,-0.0185,0.1215
玉米,1941-12-01,$ / BU,1941,0.669,0.178,0.0502,0.2275
玉米,1942-01-01,$ / BU,1942,0.727,0.194,0.0867,0.2982
玉米,1942-02-01,$ / BU,1942,0.766,0.204,0.0536,0.3679
玉米,1942-03-01,$ / BU,1942,0.784,0.209,0.0235,0.373
玉米,1942-04-01,$ / BU,1942,0.797,0.212,0.0166,0.2855
玉米,1942-05-01,$ / BU,1942,0.814,0.217,0.0213,0.2352
玉米,1942-06-01,$ / BU,1942,0.819,0.218,0.0061,0.1991
玉米,1942-07-01,$ / BU,1942,0.831,0.221,0.0147,0.194
玉米,1942-08-01,$ / BU,1942,0.834,0.222,0.0036,0.1914
玉米,1942-09-01,$ / BU,1942,0.826,0.22,-0.0096,0.1667
玉米,1942-10-01,$ / BU,1942,0.775,0.207,-0.0617,0.1941
玉米,1942-11-01,$ / BU,1942,0.759,0.202,-0.0206,0.1915
玉米,1942-12-01,$ / BU,1942,0.802,0.214,0.0567,0.1988
玉米,1943-01-01,$ / BU,1943,0.88,0.235,0.0973,0.2105
玉米,1943-02-01,$ / BU,1943,0.904,0.241,0.0273,0.1802
玉米,1943-03-01,$ / BU,1943,0.948,0.253,0.0487,0.2092
玉米,1943-04-01,$ / BU,1943,1.0,0.267,0.0549,0.2547
玉米,1943-05-01,$ / BU,1943,1.03,0.275,0.03,0.2654
玉米,1943-06-01,$ / BU,1943,1.06,0.283,0.0291,0.2943
玉米,1943-07-01,$ / BU,1943,1.08,0.288,0.0189,0.2996
玉米,1943-08-01,$ / BU,1943,1.09,0.291,0.0093,0.307
玉米,1943-09-01,$ / BU,1943,1.09,0.291,0.0,0.3196
玉米,1943-10-01,$ / BU,1943,1.07,0.285,-0.0183,0.3806
玉米,1943-11-01,$ / BU,1943,1.05,0.28,-0.0187,0.3834
玉米,1943-12-01,$ / BU,1943,1.11,0.296,0.0571,0.384
玉米,1944-01-01,$ / BU,1944,1.13,0.301,0.018,0.2841
玉米,1944-02-01,$ / BU,1944,1.13,0.301,0.0,0.25
玉米,1944-03-01,$ / BU,1944,1.14,0.304,0.0088,0.2025
玉米,1944-04-01,$ / BU,1944,1.15,0.307,0.0088,0.15
玉米,1944-05-01,$ / BU,1944,1.15,0.307,0.0,0.1165
玉米,1944-06-01,$ / BU,1944,1.15,0.307,0.0,0.0849
玉米,1944-07-01,$ / BU,1944,1.17,0.312,0.0174,0.0833
玉米,1944-08-01,$ / BU,1944,1.17,0.312,0.0,0.0734
玉米,1944-09-01,$ / BU,1944,1.16,0.309,-0.0085,0.0642
玉米,1944-10-01,$ / BU,1944,1.13,0.301,-0.0259,0.0561
玉米,1944-11-01,$ / BU,1944,1.06,0.283,-0.0619,0.0095
玉米,1944-12-01,$ / BU,1944,1.06,0.283,0.0,-0.045
玉米,1945-01-01,$ / BU,1945,1.07,0.285,0.0094,-0.0531
玉米,1945-02-01,$ / BU,1945,1.06,0.283,-0.0093,-0.0619
玉米,1945-03-01,$ / BU,1945,1.07,0.285,0.0094,-0.0614
玉米,1945-04-01,$ / BU,1945,1.07,0.285,0.0,-0.0696
玉米,1945-05-01,$ / BU,1945,1.08,0.288,0.0093,-0.0609
玉米,1945-06-01,$ / BU,1945,1.11,0.296,0.0278,-0.0348
玉米,1945-07-01,$ / BU,1945,1.12,0.299,0.009,-0.0427
玉米,1945-08-01,$ / BU,1945,1.13,0.301,0.0089,-0.0342
玉米,1945-09-01,$ / BU,1945,1.12,0.299,-0.0088,-0.0345
玉米,1945-10-01,$ / BU,1945,1.13,0.301,0.0089,0.0
玉米,1945-11-01,$ / BU,1945,1.11,0.296,-0.0177,0.0472
玉米,1945-12-01,$ / BU,1945,1.09,0.291,-0.018,0.0283
玉米,1946-01-01,$ / BU,1946,1.1,0.293,0.0092,0.028
玉米,1946-02-01,$ / BU,1946,1.11,0.296,0.0091,0.0472
玉米,1946-03-01,$ / BU,1946,1.14,0.304,0.027,0.0654
玉米,1946-04-01,$ / BU,1946,1.16,0.309,0.0175,0.0841
玉米,1946-05-01,$ / BU,1946,1.35,0.36,0.1638,0.25
玉米,1946-06-01,$ / BU,1946,1.42,0.378,0.0519,0.2793
玉米,1946-07-01,$ / BU,1946,1.96,0.522,0.3803,0.75
玉米,1946-08-01,$ / BU,1946,1.8,0.48,-0.0816,0.5929
玉米,1946-09-01,$ / BU,1946,1.73,0.461,-0.0389,0.5446
玉米,1946-10-01,$ / BU,1946,1.69,0.45,-0.0231,0.4956
玉米,1946-11-01,$ / BU,1946,1.27,0.338,-0.2485,0.1441
玉米,1946-12-01,$ / BU,1946,1.22,0.325,-0.0394,0.1193
玉米,1947-01-01,$ / BU,1947,1.21,0.322,-0.0082,0.1
玉米,1947-02-01,$ / BU,1947,1.23,0.328,0.0165,0.1081
玉米,1947-03-01,$ / BU,1947,1.5,0.4,0.2195,0.3158
玉米,1947-04-01,$ / BU,1947,1.63,0.434,0.0867,0.4052
玉米,1947-05-01,$ / BU,1947,1.59,0.424,-0.0245,0.1778
玉米,1947-06-01,$ / BU,1947,1.85,0.493,0.1635,0.3028
玉米,1947-07-01,$ / BU,1947,2.01,0.536,0.0865,0.0255
玉米,1947-08-01,$ / BU,1947,2.19,0.584,0.0896,0.2167
玉米,1947-09-01,$ / BU,1947,2.4,0.64,0.0959,0.3873
玉米,1947-10-01,$ / BU,1947,2.23,0.594,-0.0708,0.3195
玉米,1947-11-01,$ / BU,1947,2.19,0.584,-0.0179,0.7244
玉米,1947-12-01,$ / BU,1947,2.37,0.632,0.0822,0.9426
玉米,1948-01-01,$ / BU,1948,2.46,0.656,0.038,1.0331
玉米,1948-02-01,$ / BU,1948,1.92,0.512,-0.2195,0.561
玉米,1948-03-01,$ / BU,1948,2.11,0.562,0.099,0.4067
玉米,1948-04-01,$ / BU,1948,2.19,0.584,0.0379,0.3436
玉米,1948-05-01,$ / BU,1948,2.16,0.576,-0.0137,0.3585
玉米,1948-06-01,$ / BU,1948,2.16,0.576,0.0,0.1676
玉米,1948-07-01,$ / BU,1948,2.02,0.538,-0.0648,0.005
玉米,1948-08-01,$ / BU,1948,1.91,0.509,-0.0545,-0.1279
玉米,1948-09-01,$ / BU,1948,1.78,0.474,-0.0681,-0.2583
玉米,1948-10-01,$ / BU,1948,1.38,0.368,-0.2247,-0.3812
玉米,1948-11-01,$ / BU,1948,1.21,0.322,-0.1232,-0.4475
玉米,1948-12-01,$ / BU,1948,1.23,0.328,0.0165,-0.481
玉米,1949-01-01,$ / BU,1949,1.25,0.333,0.0163,-0.4919
玉米,1949-02-01,$ / BU,1949,1.12,0.299,-0.104,-0.4167
玉米,1949-03-01,$ / BU,1949,1.18,0.314,0.0536,-0.4408
玉米,1949-04-01,$ / BU,1949,1.22,0.325,0.0339,-0.4429
玉米,1949-05-01,$ / BU,1949,1.22,0.325,0.0,-0.4352
玉米,1949-06-01,$ / BU,1949,1.21,0.322,-0.0082,-0.4398
玉米,1949-07-01,$ / BU,1949,1.25,0.333,0.0331,-0.3812
玉米,1949-08-01,$ / BU,1949,1.18,0.314,-0.056,-0.3822
玉米,1949-09-01,$ / BU,1949,1.16,0.309,-0.0169,-0.3483
玉米,1949-10-01,$ / BU,1949,1.09,0.291,-0.0603,-0.2101
玉米,1949-11-01,$ / BU,1949,1.02,0.272,-0.0642,-0.157
玉米,1949-12-01,$ / BU,1949,1.13,0.301,0.1078,-0.0813
玉米,1950-01-01,$ / BU,1950,1.15,0.307,0.0177,-0.08
玉米,1950-02-01,$ / BU,1950,1.16,0.309,0.0087,0.0357
玉米,1950-03-01,$ / BU,1950,1.19,0.317,0.0259,0.0085
玉米,1950-04-01,$ / BU,1950,1.26,0.336,0.0588,0.0328
玉米,1950-05-01,$ / BU,1950,1.34,0.357,0.0635,0.0984
玉米,1950-06-01,$ / BU,1950,1.36,0.362,0.0149,0.124
玉米,1950-07-01,$ / BU,1950,1.44,0.384,0.0588,0.152
玉米,1950-08-01,$ / BU,1950,1.44,0.384,0.0,0.2203
玉米,1950-09-01,$ / BU,1950,1.44,0.384,0.0,0.2414
玉米,1950-10-01,$ / BU,1950,1.37,0.365,-0.0486,0.2569
玉米,1950-11-01,$ / BU,1950,1.37,0.365,0.0,0.3431
玉米,1950-12-01,$ / BU,1950,1.45,0.386,0.0584,0.2832
玉米,1951-01-01,$ / BU,1951,1.54,0.41,0.0621,0.3391
玉米,1951-02-01,$ / BU,1951,1.6,0.426,0.039,0.3793
玉米,1951-03-01,$ / BU,1951,1.6,0.426,0.0,0.3445
玉米,1951-04-01,$ / BU,1951,1.62,0.432,0.0125,0.2857
玉米,1951-05-01,$ / BU,1951,1.64,0.437,0.0123,0.2239
玉米,1951-06-01,$ / BU,1951,1.62,0.432,-0.0122,0.1912
玉米,1951-07-01,$ / BU,1951,1.63,0.434,0.0062,0.1319
玉米,1951-08-01,$ / BU,1951,1.65,0.44,0.0123,0.1458
玉米,1951-09-01,$ / BU,1951,1.65,0.44,0.0,0.1458
玉米,1951-10-01,$ / BU,1951,1.64,0.437,-0.0061,0.1971
玉米,1951-11-01,$ / BU,1951,1.61,0.429,-0.0183,0.1752
玉米,1951-12-01,$ / BU,1951,1.68,0.448,0.0435,0.1586
玉米,1952-01-01,$ / BU,1952,1.68,0.448,0.0,0.0909
玉米,1952-02-01,$ / BU,1952,1.65,0.44,-0.0179,0.0312
玉米,1952-03-01,$ / BU,1952,1.65,0.44,0.0,0.0312
玉米,1952-04-01,$ / BU,1952,1.68,0.448,0.0182,0.037
玉米,1952-05-01,$ / BU,1952,1.7,0.453,0.0119,0.0366
玉米,1952-06-01,$ / BU,1952,1.73,0.461,0.0176,0.0679
玉米,1952-07-01,$ / BU,1952,1.73,0.461,0.0,0.0613
玉米,1952-08-01,$ / BU,1952,1.73,0.461,0.0,0.0485
玉米,1952-09-01,$ / BU,1952,1.71,0.456,-0.0116,0.0364
玉米,1952-10-01,$ / BU,1952,1.53,0.408,-0.1053,-0.0671
玉米,1952-11-01,$ / BU,1952,1.45,0.386,-0.0523,-0.0994
玉米,1952-12-01,$ / BU,1952,1.5,0.4,0.0345,-0.1071
玉米,1953-01-01,$ / BU,1953,1.48,0.394,-0.0133,-0.119
玉米,1953-02-01,$ / BU,1953,1.43,0.381,-0.0338,-0.1333
玉米,1953-03-01,$ / BU,1953,1.46,0.389,0.021,-0.1152
玉米,1953-04-01,$ / BU,1953,1.46,0.389,0.0,-0.131
玉米,1953-05-01,$ / BU,1953,1.49,0.397,0.0205,-0.1235
玉米,1953-06-01,$ / BU,1953,1.46,0.389,-0.0201,-0.1561
玉米,1953-07-01,$ / BU,1953,1.47,0.392,0.0068,-0.1503
玉米,1953-08-01,$ / BU,1953,1.48,0.394,0.0068,-0.1445
玉米,1953-09-01,$ / BU,1953,1.5,0.4,0.0135,-0.1228
玉米,1953-10-01,$ / BU,1953,1.34,0.357,-0.1067,-0.1242
玉米,1953-11-01,$ / BU,1953,1.33,0.354,-0.0075,-0.0828
玉米,1953-12-01,$ / BU,1953,1.41,0.376,0.0602,-0.06
玉米,1954-01-01,$ / BU,1954,1.42,0.378,0.0071,-0.0405
玉米,1954-02-01,$ / BU,1954,1.43,0.381,0.007,0.0
玉米,1954-03-01,$ / BU,1954,1.44,0.384,0.007,-0.0137
玉米,1954-04-01,$ / BU,1954,1.45,0.386,0.0069,-0.0068
玉米,1954-05-01,$ / BU,1954,1.47,0.392,0.0138,-0.0134
玉米,1954-06-01,$ / BU,1954,1.49,0.397,0.0136,0.0205
玉米,1954-07-01,$ / BU,1954,1.5,0.4,0.0067,0.0204
玉米,1954-08-01,$ / BU,1954,1.53,0.408,0.02,0.0338
玉米,1954-09-01,$ / BU,1954,1.53,0.408,0.0,0.02
玉米,1954-10-01,$ / BU,1954,1.45,0.386,-0.0523,0.0821
玉米,1954-11-01,$ / BU,1954,1.37,0.365,-0.0552,0.0301
玉米,1954-12-01,$ / BU,1954,1.39,0.37,0.0146,-0.0142
玉米,1955-01-01,$ / BU,1955,1.4,0.373,0.0072,-0.0141
玉米,1955-02-01,$ / BU,1955,1.4,0.373,0.0,-0.021
玉米,1955-03-01,$ / BU,1955,1.36,0.362,-0.0286,-0.0556
玉米,1955-04-01,$ / BU,1955,1.36,0.362,0.0,-0.0621
玉米,1955-05-01,$ / BU,1955,1.4,0.373,0.0294,-0.0476
玉米,1955-06-01,$ / BU,1955,1.4,0.373,0.0,-0.0604
玉米,1955-07-01,$ / BU,1955,1.4,0.373,0.0,-0.0667
玉米,1955-08-01,$ / BU,1955,1.3,0.346,-0.0714,-0.1503
玉米,1955-09-01,$ / BU,1955,1.24,0.33,-0.0462,-0.1895
玉米,1955-10-01,$ / BU,1955,1.14,0.304,-0.0806,-0.2138
玉米,1955-11-01,$ / BU,1955,1.09,0.291,-0.0439,-0.2044
玉米,1955-12-01,$ / BU,1955,1.15,0.307,0.055,-0.1727
玉米,1956-01-01,$ / BU,1956,1.16,0.309,0.0087,-0.1714
玉米,1956-02-01,$ / BU,1956,1.18,0.314,0.0172,-0.1571
玉米,1956-03-01,$ / BU,1956,1.2,0.32,0.0169,-0.1176
玉米,1956-04-01,$ / BU,1956,1.32,0.352,0.1,-0.0294
玉米,1956-05-01,$ / BU,1956,1.39,0.37,0.053,-0.0071
玉米,1956-06-01,$ / BU,1956,1.42,0.378,0.0216,0.0143
玉米,1956-07-01,$ / BU,1956,1.43,0.381,0.007,0.0214
玉米,1956-08-01,$ / BU,1956,1.45,0.386,0.014,0.1154
玉米,1956-09-01,$ / BU,1956,1.43,0.381,-0.0138,0.1532
玉米,1956-10-01,$ / BU,1956,1.19,0.317,-0.1678,0.0439
玉米,1956-11-01,$ / BU,1956,1.21,0.322,0.0168,0.1101
玉米,1956-12-01,$ / BU,1956,1.22,0.325,0.0083,0.0609
玉米,1957-01-01,$ / BU,1957,1.23,0.328,0.0082,0.0603
玉米,1957-02-01,$ / BU,1957,1.19,0.317,-0.0325,0.0085
玉米,1957-03-01,$ / BU,1957,1.2,0.32,0.0084,0.0
玉米,1957-04-01,$ / BU,1957,1.21,0.322,0.0083,-0.0833
玉米,1957-05-01,$ / BU,1957,1.23,0.328,0.0165,-0.1151
玉米,1957-06-01,$ / BU,1957,1.22,0.325,-0.0081,-0.1408
玉米,1957-07-01,$ / BU,1957,1.23,0.328,0.0082,-0.1399
玉米,1957-08-01,$ / BU,1957,1.23,0.328,0.0,-0.1517
玉米,1957-09-01,$ / BU,1957,1.15,0.307,-0.065,-0.1958
玉米,1957-10-01,$ / BU,1957,1.06,0.283,-0.0783,-0.1092
玉米,1957-11-01,$ / BU,1957,0.985,0.263,-0.0708,-0.186
玉米,1957-12-01,$ / BU,1957,0.984,0.262,-0.001,-0.1934
玉米,1958-01-01,$ / BU,1958,0.931,0.248,-0.0539,-0.2431
玉米,1958-02-01,$ / BU,1958,0.958,0.255,0.029,-0.195
玉米,1958-03-01,$ / BU,1958,1.0,0.267,0.0438,-0.1667
玉米,1958-04-01,$ / BU,1958,1.12,0.299,0.12,-0.0744
玉米,1958-05-01,$ / BU,1958,1.15,0.307,0.0268,-0.065
玉米,1958-06-01,$ / BU,1958,1.19,0.317,0.0348,-0.0246
玉米,1958-07-01,$ / BU,1958,1.18,0.314,-0.0084,-0.0407
玉米,1958-08-01,$ / BU,1958,1.18,0.314,0.0,-0.0407
玉米,1958-09-01,$ / BU,1958,1.13,0.301,-0.0424,-0.0174
玉米,1958-10-01,$ / BU,1958,1.04,0.277,-0.0796,-0.0189
玉米,1958-11-01,$ / BU,1958,0.942,0.251,-0.0942,-0.0437
玉米,1958-12-01,$ / BU,1958,1.02,0.272,0.0828,0.0366
玉米,1959-01-01,$ / BU,1959,1.03,0.275,0.0098,0.1063
玉米,1959-02-01,$ / BU,1959,1.04,0.277,0.0097,0.0856
玉米,1959-03-01,$ / BU,1959,1.06,0.283,0.0192,0.06
玉米,1959-04-01,$ / BU,1959,1.13,0.301,0.066,0.0089
玉米,1959-05-01,$ / BU,1959,1.16,0.309,0.0265,0.0087
玉米,1959-06-01,$ / BU,1959,1.16,0.309,0.0,-0.0252
玉米,1959-07-01,$ / BU,1959,1.13,0.301,-0.0259,-0.0424
玉米,1959-08-01,$ / BU,1959,1.13,0.301,0.0,-0.0424
玉米,1959-09-01,$ / BU,1959,1.09,0.291,-0.0354,-0.0354
玉米,1959-10-01,$ / BU,1959,0.991,0.264,-0.0908,-0.0471
玉米,1959-11-01,$ / BU,1959,0.988,0.263,-0.003,0.0488
玉米,1959-12-01,$ / BU,1959,0.978,0.261,-0.0101,-0.0412
玉米,1960-01-01,$ / BU,1960,0.999,0.266,0.0215,-0.0301
玉米,1960-02-01,$ / BU,1960,1.01,0.269,0.011,-0.0288
玉米,1960-03-01,$ / BU,1960,1.02,0.272,0.0099,-0.0377
玉米,1960-04-01,$ / BU,1960,1.06,0.283,0.0392,-0.0619
玉米,1960-05-01,$ / BU,1960,1.08,0.288,0.0189,-0.069
玉米,1960-06-01,$ / BU,1960,1.09,0.291,0.0093,-0.0603
玉米,1960-07-01,$ / BU,1960,1.09,0.291,0.0,-0.0354
玉米,1960-08-01,$ / BU,1960,1.07,0.285,-0.0183,-0.0531
玉米,1960-09-01,$ / BU,1960,1.06,0.283,-0.0093,-0.0275
玉米,1960-10-01,$ / BU,1960,0.992,0.264,-0.0642,0.001
玉米,1960-11-01,$ / BU,1960,0.902,0.24,-0.0907,-0.087
玉米,1960-12-01,$ / BU,1960,0.919,0.245,0.0188,-0.0603
玉米,1961-01-01,$ / BU,1961,0.97,0.259,0.0555,-0.029
玉米,1961-02-01,$ / BU,1961,1.01,0.269,0.0412,0.0
玉米,1961-03-01,$ / BU,1961,1.01,0.269,0.0,-0.0098
玉米,1961-04-01,$ / BU,1961,0.968,0.258,-0.0416,-0.0868
玉米,1961-05-01,$ / BU,1961,1.02,0.272,0.0537,-0.0556
玉米,1961-06-01,$ / BU,1961,1.03,0.275,0.0098,-0.055
玉米,1961-07-01,$ / BU,1961,1.05,0.28,0.0194,-0.0367
玉米,1961-08-01,$ / BU,1961,1.04,0.277,-0.0095,-0.028
玉米,1961-09-01,$ / BU,1961,1.04,0.277,0.0,-0.0189
玉米,1961-10-01,$ / BU,1961,1.02,0.272,-0.0192,0.0282
玉米,1961-11-01,$ / BU,1961,0.992,0.264,-0.0275,0.0998
玉米,1961-12-01,$ / BU,1961,0.994,0.265,0.002,0.0816
玉米,1962-01-01,$ / BU,1962,0.993,0.265,-0.001,0.0237
玉米,1962-02-01,$ / BU,1962,0.996,0.265,0.003,-0.0139
玉米,1962-03-01,$ / BU,1962,1.0,0.267,0.004,-0.0099
玉米,1962-04-01,$ / BU,1962,1.02,0.272,0.02,0.0537
玉米,1962-05-01,$ / BU,1962,1.04,0.277,0.0196,0.0196
玉米,1962-06-01,$ / BU,1962,1.04,0.277,0.0,0.0097
玉米,1962-07-01,$ / BU,1962,1.05,0.28,0.0096,0.0
玉米,1962-08-01,$ / BU,1962,1.03,0.275,-0.019,-0.0096
玉米,1962-09-01,$ / BU,1962,1.04,0.277,0.0097,0.0
玉米,1962-10-01,$ / BU,1962,1.03,0.275,-0.0096,0.0098
玉米,1962-11-01,$ / BU,1962,0.987,0.263,-0.0417,-0.005
玉米,1962-12-01,$ / BU,1962,1.04,0.277,0.0537,0.0463
玉米,1963-01-01,$ / BU,1963,1.07,0.285,0.0288,0.0775
玉米,1963-02-01,$ / BU,1963,1.09,0.291,0.0187,0.0944
玉米,1963-03-01,$ / BU,1963,1.1,0.293,0.0092,0.1
玉米,1963-04-01,$ / BU,1963,1.1,0.293,0.0,0.0784
玉米,1963-05-01,$ / BU,1963,1.11,0.296,0.0091,0.0673
玉米,1963-06-01,$ / BU,1963,1.16,0.309,0.045,0.1154
玉米,1963-07-01,$ / BU,1963,1.19,0.317,0.0259,0.1333
玉米,1963-08-01,$ / BU,1963,1.19,0.317,0.0,0.1553
玉米,1963-09-01,$ / BU,1963,1.21,0.322,0.0168,0.1635
玉米,1963-10-01,$ / BU,1963,1.11,0.296,-0.0826,0.0777
玉米,1963-11-01,$ / BU,1963,1.05,0.28,-0.0541,0.0638
玉米,1963-12-01,$ / BU,1963,1.09,0.291,0.0381,0.0481
玉米,1964-01-01,$ / BU,1964,1.12,0.299,0.0275,0.0467
玉米,1964-02-01,$ / BU,1964,1.11,0.296,-0.0089,0.0183
玉米,1964-03-01,$ / BU,1964,1.13,0.301,0.018,0.0273
玉米,1964-04-01,$ / BU,1964,1.15,0.307,0.0177,0.0455
玉米,1964-05-01,$ / BU,1964,1.17,0.312,0.0174,0.0541
玉米,1964-06-01,$ / BU,1964,1.16,0.309,-0.0085,0.0
玉米,1964-07-01,$ / BU,1964,1.12,0.299,-0.0345,-0.0588
玉米,1964-08-01,$ / BU,1964,1.12,0.299,0.0,-0.0588
玉米,1964-09-01,$ / BU,1964,1.17,0.312,0.0446,-0.0331
玉米,1964-10-01,$ / BU,1964,1.13,0.301,-0.0342,0.018
玉米,1964-11-01,$ / BU,1964,1.07,0.285,-0.0531,0.019
玉米,1964-12-01,$ / BU,1964,1.16,0.309,0.0841,0.0642
玉米,1965-01-01,$ / BU,1965,1.18,0.314,0.0172,0.0536
玉米,1965-02-01,$ / BU,1965,1.2,0.32,0.0169,0.0811
玉米,1965-03-01,$ / BU,1965,1.21,0.322,0.0083,0.0708
玉米,1965-04-01,$ / BU,1965,1.23,0.328,0.0165,0.0696
玉米,1965-05-01,$ / BU,1965,1.26,0.336,0.0244,0.0769
玉米,1965-06-01,$ / BU,1965,1.25,0.333,-0.0079,0.0776
玉米,1965-07-01,$ / BU,1965,1.22,0.325,-0.024,0.0893
玉米,1965-08-01,$ / BU,1965,1.18,0.314,-0.0328,0.0536
玉米,1965-09-01,$ / BU,1965,1.18,0.314,0.0,0.0085
玉米,1965-10-01,$ / BU,1965,1.1,0.293,-0.0678,-0.0265
玉米,1965-11-01,$ / BU,1965,1.04,0.277,-0.0545,-0.028
玉米,1965-12-01,$ / BU,1965,1.13,0.301,0.0865,-0.0259
玉米,1966-01-01,$ / BU,1966,1.19,0.317,0.0531,0.0085
玉米,1966-02-01,$ / BU,1966,1.2,0.32,0.0084,0.0
玉米,1966-03-01,$ / BU,1966,1.17,0.312,-0.025,-0.0331
玉米,1966-04-01,$ / BU,1966,1.19,0.317,0.0171,-0.0325
玉米,1966-05-01,$ / BU,1966,1.21,0.322,0.0168,-0.0397
玉米,1966-06-01,$ / BU,1966,1.2,0.32,-0.0083,-0.04
玉米,1966-07-01,$ / BU,1966,1.27,0.338,0.0583,0.041
玉米,1966-08-01,$ / BU,1966,1.34,0.357,0.0551,0.1356
玉米,1966-09-01,$ / BU,1966,1.35,0.36,0.0075,0.1441
玉米,1966-10-01,$ / BU,1966,1.29,0.344,-0.0444,0.1727
玉米,1966-11-01,$ / BU,1966,1.26,0.336,-0.0233,0.2115
玉米,1966-12-01,$ / BU,1966,1.29,0.344,0.0238,0.1416
玉米,1967-01-01,$ / BU,1967,1.28,0.341,-0.0078,0.0756
玉米,1967-02-01,$ / BU,1967,1.26,0.336,-0.0156,0.05
玉米,1967-03-01,$ / BU,1967,1.28,0.341,0.0159,0.094
玉米,1967-04-01,$ / BU,1967,1.26,0.336,-0.0156,0.0588
玉米,1967-05-01,$ / BU,1967,1.25,0.333,-0.0079,0.0331
玉米,1967-06-01,$ / BU,1967,1.26,0.336,0.008,0.05
玉米,1967-07-01,$ / BU,1967,1.21,0.322,-0.0397,-0.0472
玉米,1967-08-01,$ / BU,1967,1.11,0.296,-0.0826,-0.1716
玉米,1967-09-01,$ / BU,1967,1.12,0.299,0.009,-0.1704
玉米,1967-10-01,$ / BU,1967,1.04,0.277,-0.0714,-0.1938
玉米,1967-11-01,$ / BU,1967,0.975,0.26,-0.0625,-0.2262
玉米,1967-12-01,$ / BU,1967,1.03,0.275,0.0564,-0.2016
玉米,1968-01-01,$ / BU,1968,1.04,0.277,0.0097,-0.1875
玉米,1968-02-01,$ / BU,1968,1.06,0.283,0.0192,-0.1587
玉米,1968-03-01,$ / BU,1968,1.06,0.283,0.0,-0.1719
玉米,1968-04-01,$ / BU,1968,1.06,0.283,0.0,-0.1587
玉米,1968-05-01,$ / BU,1968,1.09,0.291,0.0283,-0.128
玉米,1968-06-01,$ / BU,1968,1.07,0.285,-0.0183,-0.1508
玉米,1968-07-01,$ / BU,1968,1.04,0.277,-0.028,-0.1405
玉米,1968-08-01,$ / BU,1968,0.986,0.263,-0.0519,-0.1117
玉米,1968-09-01,$ / BU,1968,1.01,0.269,0.0243,-0.0982
玉米,1968-10-01,$ / BU,1968,0.962,0.256,-0.0475,-0.075
玉米,1968-11-01,$ / BU,1968,1.04,0.277,0.0811,0.0667
玉米,1968-12-01,$ / BU,1968,1.05,0.28,0.0096,0.0194
玉米,1969-01-01,$ / BU,1969,1.08,0.288,0.0286,0.0385
玉米,1969-02-01,$ / BU,1969,1.09,0.291,0.0093,0.0283
玉米,1969-03-01,$ / BU,1969,1.09,0.291,0.0,0.0283
玉米,1969-04-01,$ / BU,1969,1.12,0.299,0.0275,0.0566
玉米,1969-05-01,$ / BU,1969,1.19,0.317,0.0625,0.0917
玉米,1969-06-01,$ / BU,1969,1.18,0.314,-0.0084,0.1028
玉米,1969-07-01,$ / BU,1969,1.18,0.314,0.0,0.1346
玉米,1969-08-01,$ / BU,1969,1.18,0.314,0.0,0.1968
玉米,1969-09-01,$ / BU,1969,1.15,0.307,-0.0254,0.1386
玉米,1969-10-01,$ / BU,1969,1.12,0.299,-0.0261,0.1642
玉米,1969-11-01,$ / BU,1969,1.07,0.285,-0.0446,0.0288
玉米,1969-12-01,$ / BU,1969,1.09,0.291,0.0187,0.0381
玉米,1970-01-01,$ / BU,1970,1.12,0.299,0.0275,0.037
玉米,1970-02-01,$ / BU,1970,1.14,0.304,0.0179,0.0459
玉米,1970-03-01,$ / BU,1970,1.13,0.301,-0.0088,0.0367
玉米,1970-04-01,$ / BU,1970,1.15,0.307,0.0177,0.0268
玉米,1970-05-01,$ / BU,1970,1.18,0.314,0.0261,-0.0084
玉米,1970-06-01,$ / BU,1970,1.21,0.322,0.0254,0.0254
玉米,1970-07-01,$ / BU,1970,1.24,0.33,0.0248,0.0508
玉米,1970-08-01,$ / BU,1970,1.27,0.338,0.0242,0.0763
玉米,1970-09-01,$ / BU,1970,1.38,0.368,0.0866,0.2
玉米,1970-10-01,$ / BU,1970,1.34,0.357,-0.029,0.1964
玉米,1970-11-01,$ / BU,1970,1.29,0.344,-0.0373,0.2056
玉米,1970-12-01,$ / BU,1970,1.36,0.362,0.0543,0.2477
玉米,1971-01-01,$ / BU,1971,1.42,0.378,0.0441,0.2679
玉米,1971-02-01,$ / BU,1971,1.43,0.381,0.007,0.2544
玉米,1971-03-01,$ / BU,1971,1.43,0.381,0.0,0.2655
玉米,1971-04-01,$ / BU,1971,1.41,0.376,-0.014,0.2261
玉米,1971-05-01,$ / BU,1971,1.38,0.368,-0.0213,0.1695
玉米,1971-06-01,$ / BU,1971,1.43,0.381,0.0362,0.1818
玉米,1971-07-01,$ / BU,1971,1.36,0.362,-0.049,0.0968
玉米,1971-08-01,$ / BU,1971,1.19,0.317,-0.125,-0.063
玉米,1971-09-01,$ / BU,1971,1.11,0.296,-0.0672,-0.1957
玉米,1971-10-01,$ / BU,1971,1.0,0.267,-0.0991,-0.2537
玉米,1971-11-01,$ / BU,1971,0.974,0.26,-0.026,-0.245
玉米,1971-12-01,$ / BU,1971,1.08,0.288,0.1088,-0.2059
玉米,1972-01-01,$ / BU,1972,1.09,0.291,0.0093,-0.2324
玉米,1972-02-01,$ / BU,1972,1.09,0.291,0.0,-0.2378
玉米,1972-03-01,$ / BU,1972,1.1,0.293,0.0092,-0.2308
玉米,1972-04-01,$ / BU,1972,1.13,0.301,0.0273,-0.1986
玉米,1972-05-01,$ / BU,1972,1.15,0.307,0.0177,-0.1667
玉米,1972-06-01,$ / BU,1972,1.13,0.301,-0.0174,-0.2098
玉米,1972-07-01,$ / BU,1972,1.14,0.304,0.0088,-0.1618
玉米,1972-08-01,$ / BU,1972,1.15,0.307,0.0088,-0.0336
玉米,1972-09-01,$ / BU,1972,1.22,0.325,0.0609,0.0991
玉米,1972-10-01,$ / BU,1972,1.19,0.317,-0.0246,0.19
玉米,1972-11-01,$ / BU,1972,1.2,0.32,0.0084,0.232
玉米,1972-12-01,$ / BU,1972,1.42,0.378,0.1833,0.3148
玉米,1973-01-01,$ / BU,1973,1.39,0.37,-0.0211,0.2752
玉米,1973-02-01,$ / BU,1973,1.35,0.36,-0.0288,0.2385
玉米,1973-03-01,$ / BU,1973,1.37,0.365,0.0148,0.2455
玉米,1973-04-01,$ / BU,1973,1.42,0.378,0.0365,0.2566
玉米,1973-05-01,$ / BU,1973,1.61,0.429,0.1338,0.4
玉米,1973-06-01,$ / BU,1973,1.99,0.53,0.236,0.7611
玉米,1973-07-01,$ / BU,1973,2.03,0.541,0.0201,0.7807
玉米,1973-08-01,$ / BU,1973,2.68,0.714,0.3202,1.3304
玉米,1973-09-01,$ / BU,1973,2.15,0.573,-0.1978,0.7623
玉米,1973-10-01,$ / BU,1973,2.17,0.578,0.0093,0.8235
玉米,1973-11-01,$ / BU,1973,2.18,0.581,0.0046,0.8167
玉米,1973-12-01,$ / BU,1973,2.39,0.637,0.0963,0.6831
玉米,1974-01-01,$ / BU,1974,2.59,0.69,0.0837,0.8633
玉米,1974-02-01,$ / BU,1974,2.76,0.736,0.0656,1.0444
玉米,1974-03-01,$ / BU,1974,2.68,0.714,-0.029,0.9562
玉米,1974-04-01,$ / BU,1974,2.41,0.642,-0.1007,0.6972
玉米,1974-05-01,$ / BU,1974,2.45,0.653,0.0166,0.5217
玉米,1974-06-01,$ / BU,1974,2.57,0.685,0.049,0.2915
玉米,1974-07-01,$ / BU,1974,2.91,0.776,0.1323,0.4335
玉米,1974-08-01,$ / BU,1974,3.37,0.898,0.1581,0.2575
玉米,1974-09-01,$ / BU,1974,3.3,0.88,-0.0208,0.5349
玉米,1974-10-01,$ / BU,1974,3.45,0.92,0.0455,0.5899
玉米,1974-11-01,$ / BU,1974,3.32,0.885,-0.0377,0.5229
玉米,1974-12-01,$ / BU,1974,3.27,0.872,-0.0151,0.3682
玉米,1975-01-01,$ / BU,1975,3.07,0.818,-0.0612,0.1853
玉米,1975-02-01,$ / BU,1975,2.86,0.762,-0.0684,0.0362
玉米,1975-03-01,$ / BU,1975,2.67,0.712,-0.0664,-0.0037
玉米,1975-04-01,$ / BU,1975,2.68,0.714,0.0037,0.112
玉米,1975-05-01,$ / BU,1975,2.66,0.709,-0.0075,0.0857
玉米,1975-06-01,$ / BU,1975,2.68,0.714,0.0075,0.0428
玉米,1975-07-01,$ / BU,1975,2.72,0.725,0.0149,-0.0653
玉米,1975-08-01,$ / BU,1975,2.95,0.786,0.0846,-0.1246
玉米,1975-09-01,$ / BU,1975,2.76,0.736,-0.0644,-0.1636
玉米,1975-10-01,$ / BU,1975,2.62,0.698,-0.0507,-0.2406
玉米,1975-11-01,$ / BU,1975,2.33,0.621,-0.1107,-0.2982
玉米,1975-12-01,$ / BU,1975,2.37,0.632,0.0172,-0.2752
玉米,1976-01-01,$ / BU,1976,2.44,0.65,0.0295,-0.2052
玉米,1976-02-01,$ / BU,1976,2.48,0.661,0.0164,-0.1329
玉米,1976-03-01,$ / BU,1976,2.5,0.666,0.0081,-0.0637
玉米,1976-04-01,$ / BU,1976,2.46,0.656,-0.016,-0.0821
玉米,1976-05-01,$ / BU,1976,2.61,0.696,0.061,-0.0188
玉米,1976-06-01,$ / BU,1976,2.74,0.73,0.0498,0.0224
玉米,1976-07-01,$ / BU,1976,2.82,0.752,0.0292,0.0368
玉米,1976-08-01,$ / BU,1976,2.64,0.704,-0.0638,-0.1051
玉米,1976-09-01,$ / BU,1976,2.6,0.693,-0.0152,-0.058
玉米,1976-10-01,$ / BU,1976,2.33,0.621,-0.1038,-0.1107
玉米,1976-11-01,$ / BU,1976,2.02,0.538,-0.133,-0.133
玉米,1976-12-01,$ / BU,1976,2.24,0.597,0.1089,-0.0549
玉米,1977-01-01,$ / BU,1977,2.34,0.624,0.0446,-0.041
玉米,1977-02-01,$ / BU,1977,2.34,0.624,0.0,-0.0565
玉米,1977-03-01,$ / BU,1977,2.35,0.626,0.0043,-0.06
玉米,1977-04-01,$ / BU,1977,2.31,0.616,-0.017,-0.061
玉米,1977-05-01,$ / BU,1977,2.25,0.6,-0.026,-0.1379
玉米,1977-06-01,$ / BU,1977,2.12,0.565,-0.0578,-0.2263
玉米,1977-07-01,$ / BU,1977,1.88,0.501,-0.1132,-0.3333
玉米,1977-08-01,$ / BU,1977,1.63,0.434,-0.133,-0.3826
玉米,1977-09-01,$ / BU,1977,1.6,0.426,-0.0184,-0.3846
玉米,1977-10-01,$ / BU,1977,1.67,0.445,0.0437,-0.2833
玉米,1977-11-01,$ / BU,1977,1.88,0.501,0.1257,-0.0693
玉米,1977-12-01,$ / BU,1977,1.97,0.525,0.0479,-0.1205
玉米,1978-01-01,$ / BU,1978,2.0,0.533,0.0152,-0.1453
玉米,1978-02-01,$ / BU,1978,2.03,0.541,0.015,-0.1325
玉米,1978-03-01,$ / BU,1978,2.15,0.573,0.0591,-0.0851
玉米,1978-04-01,$ / BU,1978,2.24,0.597,0.0419,-0.0303
玉米,1978-05-01,$ / BU,1978,2.29,0.61,0.0223,0.0178
玉米,1978-06-01,$ / BU,1978,2.28,0.608,-0.0044,0.0755
玉米,1978-07-01,$ / BU,1978,2.16,0.576,-0.0526,0.1489
玉米,1978-08-01,$ / BU,1978,2.01,0.536,-0.0694,0.2331
玉米,1978-09-01,$ / BU,1978,1.98,0.528,-0.0149,0.2375
玉米,1978-10-01,$ / BU,1978,1.97,0.525,-0.0051,0.1796
玉米,1978-11-01,$ / BU,1978,2.02,0.538,0.0254,0.0745
玉米,1978-12-01,$ / BU,1978,2.09,0.557,0.0347,0.0609
玉米,1979-01-01,$ / BU,1979,2.11,0.562,0.0096,0.055
玉米,1979-02-01,$ / BU,1979,2.18,0.581,0.0332,0.0739
玉米,1979-03-01,$ / BU,1979,2.22,0.592,0.0183,0.0326
玉米,1979-04-01,$ / BU,1979,2.27,0.605,0.0225,0.0134
玉米,1979-05-01,$ / BU,1979,2.35,0.626,0.0352,0.0262
玉米,1979-06-01,$ / BU,1979,2.49,0.664,0.0596,0.0921
玉米,1979-07-01,$ / BU,1979,2.64,0.704,0.0602,0.2222
玉米,1979-08-01,$ / BU,1979,2.54,0.677,-0.0379,0.2637
玉米,1979-09-01,$ / BU,1979,2.51,0.669,-0.0118,0.2677
玉米,1979-10-01,$ / BU,1979,2.41,0.642,-0.0398,0.2234
玉米,1979-11-01,$ / BU,1979,2.27,0.605,-0.0581,0.1238
玉米,1979-12-01,$ / BU,1979,2.38,0.634,0.0485,0.1388
玉米,1980-01-01,$ / BU,1980,2.45,0.653,0.0294,0.1611
玉米,1980-02-01,$ / BU,1980,2.39,0.637,-0.0245,0.0963
玉米,1980-03-01,$ / BU,1980,2.4,0.64,0.0042,0.0811
玉米,1980-04-01,$ / BU,1980,2.36,0.629,-0.0167,0.0396
玉米,1980-05-01,$ / BU,1980,2.42,0.645,0.0254,0.0298
玉米,1980-06-01,$ / BU,1980,2.49,0.664,0.0289,0.0
玉米,1980-07-01,$ / BU,1980,2.73,0.728,0.0964,0.0341
玉米,1980-08-01,$ / BU,1980,2.92,0.778,0.0696,0.1496
玉米,1980-09-01,$ / BU,1980,3.01,0.802,0.0308,0.1992
玉米,1980-10-01,$ / BU,1980,2.99,0.797,-0.0066,0.2407
玉米,1980-11-01,$ / BU,1980,3.1,0.826,0.0368,0.3656
玉米,1980-12-01,$ / BU,1980,3.19,0.85,0.029,0.3403
玉米,1981-01-01,$ / BU,1981,3.19,0.85,0.0,0.302
玉米,1981-02-01,$ / BU,1981,3.22,0.858,0.0094,0.3473
玉米,1981-03-01,$ / BU,1981,3.25,0.866,0.0093,0.3542
玉米,1981-04-01,$ / BU,1981,3.24,0.864,-0.0031,0.3729
玉米,1981-05-01,$ / BU,1981,3.24,0.864,0.0,0.3388
玉米,1981-06-01,$ / BU,1981,3.17,0.845,-0.0216,0.2731
玉米,1981-07-01,$ / BU,1981,3.14,0.837,-0.0095,0.1502
玉米,1981-08-01,$ / BU,1981,2.87,0.765,-0.086,-0.0171
玉米,1981-09-01,$ / BU,1981,2.55,0.68,-0.1115,-0.1528
玉米,1981-10-01,$ / BU,1981,2.45,0.653,-0.0392,-0.1806
玉米,1981-11-01,$ / BU,1981,2.34,0.624,-0.0449,-0.2452
玉米,1981-12-01,$ / BU,1981,2.39,0.637,0.0214,-0.2508
玉米,1982-01-01,$ / BU,1982,2.54,0.677,0.0628,-0.2038
玉米,1982-02-01,$ / BU,1982,2.44,0.65,-0.0394,-0.2422
玉米,1982-03-01,$ / BU,1982,2.46,0.656,0.0082,-0.2431
玉米,1982-04-01,$ / BU,1982,2.55,0.68,0.0366,-0.213
玉米,1982-05-01,$ / BU,1982,2.6,0.693,0.0196,-0.1975
玉米,1982-06-01,$ / BU,1982,2.57,0.685,-0.0115,-0.1893
玉米,1982-07-01,$ / BU,1982,2.5,0.666,-0.0272,-0.2038
玉米,1982-08-01,$ / BU,1982,2.3,0.613,-0.08,-0.1986
玉米,1982-09-01,$ / BU,1982,2.15,0.573,-0.0652,-0.1569
玉米,1982-10-01,$ / BU,1982,1.98,0.528,-0.0791,-0.1918
玉米,1982-11-01,$ / BU,1982,2.13,0.568,0.0758,-0.0897
玉米,1982-12-01,$ / BU,1982,2.26,0.602,0.061,-0.0544
玉米,1983-01-01,$ / BU,1983,2.36,0.629,0.0442,-0.0709
玉米,1983-02-01,$ / BU,1983,2.56,0.682,0.0847,0.0492
玉米,1983-03-01,$ / BU,1983,2.71,0.722,0.0586,0.1016
玉米,1983-04-01,$ / BU,1983,2.95,0.786,0.0886,0.1569
玉米,1983-05-01,$ / BU,1983,3.03,0.808,0.0271,0.1654
玉米,1983-06-01,$ / BU,1983,3.04,0.81,0.0033,0.1829
玉米,1983-07-01,$ / BU,1983,3.13,0.834,0.0296,0.252
玉米,1983-08-01,$ / BU,1983,3.35,0.893,0.0703,0.4565
玉米,1983-09-01,$ / BU,1983,3.32,0.885,-0.009,0.5442
玉米,1983-10-01,$ / BU,1983,3.15,0.84,-0.0512,0.5909
玉米,1983-11-01,$ / BU,1983,3.17,0.845,0.0063,0.4883
玉米,1983-12-01,$ / BU,1983,3.15,0.84,-0.0063,0.3938
玉米,1984-01-01,$ / BU,1984,3.15,0.84,0.0,0.3347
玉米,1984-02-01,$ / BU,1984,3.11,0.829,-0.0127,0.2148
玉米,1984-03-01,$ / BU,1984,3.21,0.856,0.0322,0.1845
玉米,1984-04-01,$ / BU,1984,3.32,0.885,0.0343,0.1254
玉米,1984-05-01,$ / BU,1984,3.34,0.89,0.006,0.1023
玉米,1984-06-01,$ / BU,1984,3.36,0.896,0.006,0.1053
玉米,1984-07-01,$ / BU,1984,3.3,0.88,-0.0179,0.0543
玉米,1984-08-01,$ / BU,1984,3.12,0.832,-0.0545,-0.0687
玉米,1984-09-01,$ / BU,1984,2.9,0.773,-0.0705,-0.1265
玉米,1984-10-01,$ / BU,1984,2.65,0.706,-0.0862,-0.1587
玉米,1984-11-01,$ / BU,1984,2.55,0.68,-0.0377,-0.1956
玉米,1984-12-01,$ / BU,1984,2.56,0.682,0.0039,-0.1873
玉米,1985-01-01,$ / BU,1985,2.64,0.704,0.0312,-0.1619
玉米,1985-02-01,$ / BU,1985,2.62,0.698,-0.0076,-0.1576
玉米,1985-03-01,$ / BU,1985,2.67,0.712,0.0191,-0.1682
玉米,1985-04-01,$ / BU,1985,2.7,0.72,0.0112,-0.1867
玉米,1985-05-01,$ / BU,1985,2.68,0.714,-0.0074,-0.1976
玉米,1985-06-01,$ / BU,1985,2.64,0.704,-0.0149,-0.2143
玉米,1985-07-01,$ / BU,1985,2.6,0.693,-0.0152,-0.2121
玉米,1985-08-01,$ / BU,1985,2.44,0.65,-0.0615,-0.2179
玉米,1985-09-01,$ / BU,1985,2.29,0.61,-0.0615,-0.2103
玉米,1985-10-01,$ / BU,1985,2.11,0.562,-0.0786,-0.2038
玉米,1985-11-01,$ / BU,1985,2.21,0.589,0.0474,-0.1333
玉米,1985-12-01,$ / BU,1985,2.29,0.61,0.0362,-0.1055
玉米,1986-01-01,$ / BU,1986,2.33,0.621,0.0175,-0.1174
玉米,1986-02-01,$ / BU,1986,2.32,0.618,-0.0043,-0.1145
玉米,1986-03-01,$ / BU,1986,2.29,0.61,-0.0129,-0.1423
玉米,1986-04-01,$ / BU,1986,2.3,0.613,0.0044,-0.1481
玉米,1986-05-01,$ / BU,1986,2.39,0.637,0.0391,-0.1082
玉米,1986-06-01,$ / BU,1986,2.32,0.618,-0.0293,-0.1212
玉米,1986-07-01,$ / BU,1986,2.0,0.533,-0.1379,-0.2308
玉米,1986-08-01,$ / BU,1986,1.73,0.461,-0.135,-0.291
玉米,1986-09-01,$ / BU,1986,1.45,0.386,-0.1618,-0.3668
玉米,1986-10-01,$ / BU,1986,1.4,0.373,-0.0345,-0.3365
玉米,1986-11-01,$ / BU,1986,1.47,0.392,0.05,-0.3348
玉米,1986-12-01,$ / BU,1986,1.5,0.4,0.0204,-0.345
玉米,1987-01-01,$ / BU,1987,1.48,0.394,-0.0133,-0.3648
玉米,1987-02-01,$ / BU,1987,1.42,0.378,-0.0405,-0.3879
玉米,1987-03-01,$ / BU,1987,1.47,0.392,0.0352,-0.3581
玉米,1987-04-01,$ / BU,1987,1.52,0.405,0.034,-0.3391
玉米,1987-05-01,$ / BU,1987,1.66,0.442,0.0921,-0.3054
玉米,1987-06-01,$ / BU,1987,1.69,0.45,0.0181,-0.2716
玉米,1987-07-01,$ / BU,1987,1.6,0.426,-0.0533,-0.2
玉米,1987-08-01,$ / BU,1987,1.47,0.392,-0.0813,-0.1503
玉米,1987-09-01,$ / BU,1987,1.49,0.397,0.0136,0.0276
玉米,1987-10-01,$ / BU,1987,1.55,0.413,0.0403,0.1071
玉米,1987-11-01,$ / BU,1987,1.61,0.429,0.0387,0.0952
玉米,1987-12-01,$ / BU,1987,1.72,0.458,0.0683,0.1467
玉米,1988-01-01,$ / BU,1988,1.77,0.472,0.0291,0.1959
玉米,1988-02-01,$ / BU,1988,1.83,0.488,0.0339,0.2887
玉米,1988-03-01,$ / BU,1988,1.86,0.496,0.0164,0.2653
玉米,1988-04-01,$ / BU,1988,1.88,0.501,0.0108,0.2368
玉米,1988-05-01,$ / BU,1988,1.94,0.517,0.0319,0.1687
玉米,1988-06-01,$ / BU,1988,2.41,0.642,0.2423,0.426
玉米,1988-07-01,$ / BU,1988,2.72,0.725,0.1286,0.7
玉米,1988-08-01,$ / BU,1988,2.65,0.706,-0.0257,0.8027
玉米,1988-09-01,$ / BU,1988,2.6,0.693,-0.0189,0.745
玉米,1988-10-01,$ / BU,1988,2.58,0.688,-0.0077,0.6645
玉米,1988-11-01,$ / BU,1988,2.51,0.669,-0.0271,0.559
玉米,1988-12-01,$ / BU,1988,2.53,0.674,0.008,0.4709
玉米,1989-01-01,$ / BU,1989,2.6,0.693,0.0277,0.4689
玉米,1989-02-01,$ / BU,1989,2.59,0.69,-0.0038,0.4153
玉米,1989-03-01,$ / BU,1989,2.6,0.693,0.0039,0.3978
玉米,1989-04-01,$ / BU,1989,2.56,0.682,-0.0154,0.3617
玉米,1989-05-01,$ / BU,1989,2.58,0.688,0.0078,0.3299
玉米,1989-06-01,$ / BU,1989,2.52,0.672,-0.0233,0.0456
玉米,1989-07-01,$ / BU,1989,2.47,0.658,-0.0198,-0.0919
玉米,1989-08-01,$ / BU,1989,2.27,0.605,-0.081,-0.1434
玉米,1989-09-01,$ / BU,1989,2.29,0.61,0.0088,-0.1192
玉米,1989-10-01,$ / BU,1989,2.22,0.592,-0.0306,-0.1395
玉米,1989-11-01,$ / BU,1989,2.24,0.597,0.009,-0.1076
玉米,1989-12-01,$ / BU,1989,2.27,0.605,0.0134,-0.1028
玉米,1990-01-01,$ / BU,1990,2.31,0.616,0.0176,-0.1115
玉米,1990-02-01,$ / BU,1990,2.32,0.618,0.0043,-0.1042
玉米,1990-03-01,$ / BU,1990,2.37,0.632,0.0216,-0.0885
玉米,1990-04-01,$ / BU,1990,2.51,0.669,0.0591,-0.0195
玉米,1990-05-01,$ / BU,1990,2.62,0.698,0.0438,0.0155
玉米,1990-06-01,$ / BU,1990,2.63,0.701,0.0038,0.0437
玉米,1990-07-01,$ / BU,1990,2.62,0.698,-0.0038,0.0607
玉米,1990-08-01,$ / BU,1990,2.51,0.669,-0.042,0.1057
玉米,1990-09-01,$ / BU,1990,2.32,0.618,-0.0757,0.0131
玉米,1990-10-01,$ / BU,1990,2.19,0.584,-0.056,-0.0135
玉米,1990-11-01,$ / BU,1990,2.16,0.576,-0.0137,-0.0357
玉米,1990-12-01,$ / BU,1990,2.22,0.592,0.0278,-0.022
玉米,1991-01-01,$ / BU,1991,2.27,0.605,0.0225,-0.0173
玉米,1991-02-01,$ / BU,1991,2.32,0.618,0.022,0.0
玉米,1991-03-01,$ / BU,1991,2.39,0.637,0.0302,0.0084
玉米,1991-04-01,$ / BU,1991,2.42,0.645,0.0126,-0.0359
玉米,1991-05-01,$ / BU,1991,2.38,0.634,-0.0165,-0.0916
玉米,1991-06-01,$ / BU,1991,2.31,0.616,-0.0294,-0.1217
玉米,1991-07-01,$ / BU,1991,2.27,0.605,-0.0173,-0.1336
玉米,1991-08-01,$ / BU,1991,2.33,0.621,0.0264,-0.0717
玉米,1991-09-01,$ / BU,1991,2.33,0.621,0.0,0.0043
玉米,1991-10-01,$ / BU,1991,2.31,0.616,-0.0086,0.0548
玉米,1991-11-01,$ / BU,1991,2.29,0.61,-0.0087,0.0602
玉米,1991-12-01,$ / BU,1991,2.33,0.621,0.0175,0.0495
玉米,1992-01-01,$ / BU,1992,2.4,0.64,0.03,0.0573
玉米,1992-02-01,$ / BU,1992,2.46,0.656,0.025,0.0603
玉米,1992-03-01,$ / BU,1992,2.49,0.664,0.0122,0.0418
玉米,1992-04-01,$ / BU,1992,2.48,0.661,-0.004,0.0248
玉米,1992-05-01,$ / BU,1992,2.49,0.664,0.004,0.0462
玉米,1992-06-01,$ / BU,1992,2.47,0.658,-0.008,0.0693
玉米,1992-07-01,$ / BU,1992,2.33,0.621,-0.0567,0.0264
玉米,1992-08-01,$ / BU,1992,2.15,0.573,-0.0773,-0.0773
玉米,1992-09-01,$ / BU,1992,2.16,0.576,0.0047,-0.073
玉米,1992-10-01,$ / BU,1992,2.05,0.546,-0.0509,-0.1126
玉米,1992-11-01,$ / BU,1992,1.98,0.528,-0.0341,-0.1354
玉米,1992-12-01,$ / BU,1992,1.97,0.525,-0.0051,-0.1545
玉米,1993-01-01,$ / BU,1993,2.03,0.541,0.0305,-0.1542
玉米,1993-02-01,$ / BU,1993,2.0,0.533,-0.0148,-0.187
玉米,1993-03-01,$ / BU,1993,2.1,0.56,0.05,-0.1566
玉米,1993-04-01,$ / BU,1993,2.16,0.576,0.0286,-0.129
玉米,1993-05-01,$ / BU,1993,2.14,0.57,-0.0093,-0.1406
玉米,1993-06-01,$ / BU,1993,2.09,0.557,-0.0234,-0.1538
玉米,1993-07-01,$ / BU,1993,2.22,0.592,0.0622,-0.0472
玉米,1993-08-01,$ / BU,1993,2.25,0.6,0.0135,0.0465
玉米,1993-09-01,$ / BU,1993,2.21,0.589,-0.0178,0.0231
玉米,1993-10-01,$ / BU,1993,2.28,0.608,0.0317,0.1122
玉米,1993-11-01,$ / BU,1993,2.45,0.653,0.0746,0.2374
玉米,1993-12-01,$ / BU,1993,2.67,0.712,0.0898,0.3553
玉米,1994-01-01,$ / BU,1994,2.7,0.72,0.0112,0.33
玉米,1994-02-01,$ / BU,1994,2.79,0.744,0.0333,0.395
玉米,1994-03-01,$ / BU,1994,2.74,0.73,-0.0179,0.3048
玉米,1994-04-01,$ / BU,1994,2.65,0.706,-0.0328,0.2269
玉米,1994-05-01,$ / BU,1994,2.6,0.693,-0.0189,0.215
玉米,1994-06-01,$ / BU,1994,2.61,0.696,0.0038,0.2488
玉米,1994-07-01,$ / BU,1994,2.29,0.61,-0.1226,0.0315
玉米,1994-08-01,$ / BU,1994,2.16,0.576,-0.0568,-0.04
玉米,1994-09-01,$ / BU,1994,2.19,0.584,0.0139,-0.009
玉米,1994-10-01,$ / BU,1994,2.06,0.549,-0.0594,-0.0965
玉米,1994-11-01,$ / BU,1994,1.99,0.53,-0.034,-0.1878
玉米,1994-12-01,$ / BU,1994,2.13,0.568,0.0704,-0.2022
玉米,1995-01-01,$ / BU,1995,2.19,0.584,0.0282,-0.1889
玉米,1995-02-01,$ / BU,1995,2.23,0.594,0.0183,-0.2007
玉米,1995-03-01,$ / BU,1995,2.3,0.613,0.0314,-0.1606
玉米,1995-04-01,$ / BU,1995,2.36,0.629,0.0261,-0.1094
玉米,1995-05-01,$ / BU,1995,2.42,0.645,0.0254,-0.0692
玉米,1995-06-01,$ / BU,1995,2.51,0.669,0.0372,-0.0383
玉米,1995-07-01,$ / BU,1995,2.63,0.701,0.0478,0.1485
玉米,1995-08-01,$ / BU,1995,2.63,0.701,0.0,0.2176
玉米,1995-09-01,$ / BU,1995,2.69,0.717,0.0228,0.2283
玉米,1995-10-01,$ / BU,1995,2.79,0.744,0.0372,0.3544
玉米,1995-11-01,$ / BU,1995,2.87,0.765,0.0287,0.4422
玉米,1995-12-01,$ / BU,1995,3.07,0.818,0.0697,0.4413
玉米,1996-01-01,$ / BU,1996,3.09,0.824,0.0065,0.411
玉米,1996-02-01,$ / BU,1996,3.37,0.898,0.0906,0.5112
玉米,1996-03-01,$ / BU,1996,3.51,0.935,0.0415,0.5261
玉米,1996-04-01,$ / BU,1996,3.85,1.026,0.0969,0.6314
玉米,1996-05-01,$ / BU,1996,4.14,1.103,0.0753,0.7107
玉米,1996-06-01,$ / BU,1996,4.2,1.119,0.0145,0.6733
玉米,1996-07-01,$ / BU,1996,4.43,1.181,0.0548,0.6844
玉米,1996-08-01,$ / BU,1996,4.3,1.146,-0.0293,0.635
玉米,1996-09-01,$ / BU,1996,3.56,0.949,-0.1721,0.3234
玉米,1996-10-01,$ / BU,1996,2.88,0.768,-0.191,0.0323
玉米,1996-11-01,$ / BU,1996,2.66,0.709,-0.0764,-0.0732
玉米,1996-12-01,$ / BU,1996,2.63,0.701,-0.0113,-0.1433
玉米,1997-01-01,$ / BU,1997,2.69,0.717,0.0228,-0.1294
玉米,1997-02-01,$ / BU,1997,2.65,0.706,-0.0149,-0.2136
玉米,1997-03-01,$ / BU,1997,2.79,0.744,0.0528,-0.2051
玉米,1997-04-01,$ / BU,1997,2.8,0.746,0.0036,-0.2727
玉米,1997-05-01,$ / BU,1997,2.69,0.717,-0.0393,-0.3502
玉米,1997-06-01,$ / BU,1997,2.56,0.682,-0.0483,-0.3905
玉米,1997-07-01,$ / BU,1997,2.42,0.645,-0.0547,-0.4537
玉米,1997-08-01,$ / BU,1997,2.5,0.666,0.0331,-0.4186
玉米,1997-09-01,$ / BU,1997,2.52,0.672,0.008,-0.2921
玉米,1997-10-01,$ / BU,1997,2.54,0.677,0.0079,-0.1181
玉米,1997-11-01,$ / BU,1997,2.51,0.669,-0.0118,-0.0564
玉米,1997-12-01,$ / BU,1997,2.52,0.672,0.004,-0.0418
玉米,1998-01-01,$ / BU,1998,2.56,0.682,0.0159,-0.0483
玉米,1998-02-01,$ / BU,1998,2.55,0.68,-0.0039,-0.0377
玉米,1998-03-01,$ / BU,1998,2.55,0.68,0.0,-0.086
玉米,1998-04-01,$ / BU,1998,2.41,0.642,-0.0549,-0.1393
玉米,1998-05-01,$ / BU,1998,2.34,0.624,-0.029,-0.1301
玉米,1998-06-01,$ / BU,1998,2.28,0.608,-0.0256,-0.1094
玉米,1998-07-01,$ / BU,1998,2.19,0.584,-0.0395,-0.095
玉米,1998-08-01,$ / BU,1998,1.89,0.504,-0.137,-0.244
玉米,1998-09-01,$ / BU,1998,1.84,0.49,-0.0265,-0.2698
玉米,1998-10-01,$ / BU,1998,1.91,0.509,0.038,-0.248
玉米,1998-11-01,$ / BU,1998,1.93,0.514,0.0105,-0.2311
玉米,1998-12-01,$ / BU,1998,2.0,0.533,0.0363,-0.2063
玉米,1999-01-01,$ / BU,1999,2.06,0.549,0.03,-0.1953
玉米,1999-02-01,$ / BU,1999,2.05,0.546,-0.0049,-0.1961
玉米,1999-03-01,$ / BU,1999,2.06,0.549,0.0049,-0.1922
玉米,1999-04-01,$ / BU,1999,2.04,0.544,-0.0097,-0.1535
玉米,1999-05-01,$ / BU,1999,1.99,0.53,-0.0245,-0.1496
玉米,1999-06-01,$ / BU,1999,1.97,0.525,-0.0101,-0.136
玉米,1999-07-01,$ / BU,1999,1.74,0.464,-0.1168,-0.2055
玉米,1999-08-01,$ / BU,1999,1.75,0.466,0.0057,-0.0741
玉米,1999-09-01,$ / BU,1999,1.75,0.466,0.0,-0.0489
玉米,1999-10-01,$ / BU,1999,1.69,0.45,-0.0343,-0.1152
玉米,1999-11-01,$ / BU,1999,1.7,0.453,0.0059,-0.1192
玉米,1999-12-01,$ / BU,1999,1.82,0.485,0.0706,-0.09
玉米,2000-01-01,$ / BU,2000,1.91,0.509,0.0495,-0.0728
玉米,2000-02-01,$ / BU,2000,1.98,0.528,0.0366,-0.0341
玉米,2000-03-01,$ / BU,2000,2.03,0.541,0.0253,-0.0146
玉米,2000-04-01,$ / BU,2000,2.03,0.541,0.0,-0.0049
玉米,2000-05-01,$ / BU,2000,2.11,0.562,0.0394,0.0603
玉米,2000-06-01,$ / BU,2000,1.91,0.509,-0.0948,-0.0305
玉米,2000-07-01,$ / BU,2000,1.64,0.437,-0.1414,-0.0575
玉米,2000-08-01,$ / BU,2000,1.52,0.405,-0.0732,-0.1314
玉米,2000-09-01,$ / BU,2000,1.61,0.429,0.0592,-0.08
玉米,2000-10-01,$ / BU,2000,1.74,0.464,0.0807,0.0296
玉米,2000-11-01,$ / BU,2000,1.86,0.496,0.069,0.0941
玉米,2000-12-01,$ / BU,2000,1.97,0.525,0.0591,0.0824
玉米,2001-01-01,$ / BU,2001,1.98,0.528,0.0051,0.0366
玉米,2001-02-01,$ / BU,2001,1.96,0.522,-0.0101,-0.0101
玉米,2001-03-01,$ / BU,2001,1.96,0.522,0.0,-0.0345
玉米,2001-04-01,$ / BU,2001,1.89,0.504,-0.0357,-0.069
玉米,2001-05-01,$ / BU,2001,1.82,0.485,-0.037,-0.1374
玉米,2001-06-01,$ / BU,2001,1.76,0.469,-0.033,-0.0785
玉米,2001-07-01,$ / BU,2001,1.87,0.498,0.0625,0.1402
玉米,2001-08-01,$ / BU,2001,1.9,0.506,0.016,0.25
玉米,2001-09-01,$ / BU,2001,1.91,0.509,0.0053,0.1863
玉米,2001-10-01,$ / BU,2001,1.84,0.49,-0.0366,0.0575
玉米,2001-11-01,$ / BU,2001,1.85,0.493,0.0054,-0.0054
玉米,2001-12-01,$ / BU,2001,1.98,0.528,0.0703,0.0051
玉米,2002-01-01,$ / BU,2002,1.97,0.525,-0.0051,-0.0051
玉米,2002-02-01,$ / BU,2002,1.93,0.514,-0.0203,-0.0153
玉米,2002-03-01,$ / BU,2002,1.94,0.517,0.0052,-0.0102
玉米,2002-04-01,$ / BU,2002,1.91,0.509,-0.0155,0.0106
玉米,2002-05-01,$ / BU,2002,1.93,0.514,0.0105,0.0604
玉米,2002-06-01,$ / BU,2002,1.97,0.525,0.0207,0.1193
玉米,2002-07-01,$ / BU,2002,2.13,0.568,0.0812,0.139
玉米,2002-08-01,$ / BU,2002,2.38,0.634,0.1174,0.2526
玉米,2002-09-01,$ / BU,2002,2.47,0.658,0.0378,0.2932
玉米,2002-10-01,$ / BU,2002,2.34,0.624,-0.0526,0.2717
玉米,2002-11-01,$ / BU,2002,2.28,0.608,-0.0256,0.2324
玉米,2002-12-01,$ / BU,2002,2.32,0.618,0.0175,0.1717
玉米,2003-01-01,$ / BU,2003,2.33,0.621,0.0043,0.1827
玉米,2003-02-01,$ / BU,2003,2.34,0.624,0.0043,0.2124
玉米,2003-03-01,$ / BU,2003,2.33,0.621,-0.0043,0.201
玉米,2003-04-01,$ / BU,2003,2.34,0.624,0.0043,0.2251
玉米,2003-05-01,$ / BU,2003,2.38,0.634,0.0171,0.2332
玉米,2003-06-01,$ / BU,2003,2.34,0.624,-0.0168,0.1878
玉米,2003-07-01,$ / BU,2003,2.17,0.578,-0.0726,0.0188
玉米,2003-08-01,$ / BU,2003,2.15,0.573,-0.0092,-0.0966
玉米,2003-09-01,$ / BU,2003,2.2,0.586,0.0233,-0.1093
玉米,2003-10-01,$ / BU,2003,2.12,0.565,-0.0364,-0.094
玉米,2003-11-01,$ / BU,2003,2.2,0.586,0.0377,-0.0351
玉米,2003-12-01,$ / BU,2003,2.31,0.616,0.05,-0.0043
玉米,2004-01-01,$ / BU,2004,2.39,0.637,0.0346,0.0258
玉米,2004-02-01,$ / BU,2004,2.61,0.696,0.0921,0.1154
玉米,2004-03-01,$ / BU,2004,2.75,0.733,0.0536,0.1803
玉米,2004-04-01,$ / BU,2004,2.89,0.77,0.0509,0.235
玉米,2004-05-01,$ / BU,2004,2.87,0.765,-0.0069,0.2059
玉米,2004-06-01,$ / BU,2004,2.79,0.744,-0.0279,0.1923
玉米,2004-07-01,$ / BU,2004,2.51,0.669,-0.1004,0.1567
玉米,2004-08-01,$ / BU,2004,2.34,0.624,-0.0677,0.0884
玉米,2004-09-01,$ / BU,2004,2.2,0.586,-0.0598,0.0
玉米,2004-10-01,$ / BU,2004,2.14,0.57,-0.0273,0.0094
玉米,2004-11-01,$ / BU,2004,2.05,0.546,-0.0421,-0.0682
玉米,2004-12-01,$ / BU,2004,2.04,0.544,-0.0049,-0.1169
玉米,2005-01-01,$ / BU,2005,2.12,0.565,0.0392,-0.113
玉米,2005-02-01,$ / BU,2005,1.95,0.52,-0.0802,-0.2529
玉米,2005-03-01,$ / BU,2005,2.02,0.538,0.0359,-0.2655
玉米,2005-04-01,$ / BU,2005,2.0,0.533,-0.0099,-0.308
玉米,2005-05-01,$ / BU,2005,1.98,0.528,-0.01,-0.3101
玉米,2005-06-01,$ / BU,2005,2.03,0.541,0.0253,-0.2724
玉米,2005-07-01,$ / BU,2005,2.11,0.562,0.0394,-0.1594
玉米,2005-08-01,$ / BU,2005,1.95,0.52,-0.0758,-0.1667
玉米,2005-09-01,$ / BU,2005,1.9,0.506,-0.0256,-0.1364
玉米,2005-10-01,$ / BU,2005,1.82,0.485,-0.0421,-0.1495
玉米,2005-11-01,$ / BU,2005,1.77,0.472,-0.0275,-0.1366
玉米,2005-12-01,$ / BU,2005,1.92,0.512,0.0847,-0.0588
玉米,2006-01-01,$ / BU,2006,2.0,0.533,0.0417,-0.0566
玉米,2006-02-01,$ / BU,2006,2.02,0.538,0.01,0.0359
玉米,2006-03-01,$ / BU,2006,2.06,0.549,0.0198,0.0198
玉米,2006-04-01,$ / BU,2006,2.11,0.562,0.0243,0.055
玉米,2006-05-01,$ / BU,2006,2.17,0.578,0.0284,0.096
玉米,2006-06-01,$ / BU,2006,2.14,0.57,-0.0138,0.0542
玉米,2006-07-01,$ / BU,2006,2.14,0.57,0.0,0.0142
玉米,2006-08-01,$ / BU,2006,2.09,0.557,-0.0234,0.0718
玉米,2006-09-01,$ / BU,2006,2.2,0.586,0.0526,0.1579
玉米,2006-10-01,$ / BU,2006,2.55,0.68,0.1591,0.4011
玉米,2006-11-01,$ / BU,2006,2.88,0.768,0.1294,0.6271
玉米,2006-12-01,$ / BU,2006,3.01,0.802,0.0451,0.5677
玉米,2007-01-01,$ / BU,2007,3.05,0.813,0.0133,0.525
玉米,2007-02-01,$ / BU,2007,3.44,0.917,0.1279,0.703
玉米,2007-03-01,$ / BU,2007,3.43,0.914,-0.0029,0.665
玉米,2007-04-01,$ / BU,2007,3.39,0.904,-0.0117,0.6066
玉米,2007-05-01,$ / BU,2007,3.49,0.93,0.0295,0.6083
玉米,2007-06-01,$ / BU,2007,3.53,0.941,0.0115,0.6495
玉米,2007-07-01,$ / BU,2007,3.32,0.885,-0.0595,0.5514
玉米,2007-08-01,$ / BU,2007,3.26,0.869,-0.0181,0.5598
玉米,2007-09-01,$ / BU,2007,3.28,0.874,0.0061,0.4909
玉米,2007-10-01,$ / BU,2007,3.29,0.877,0.003,0.2902
玉米,2007-11-01,$ / BU,2007,3.44,0.917,0.0456,0.1944
玉米,2007-12-01,$ / BU,2007,3.77,1.005,0.0959,0.2525
玉米,2008-01-01,$ / BU,2008,3.98,1.061,0.0557,0.3049
玉米,2008-02-01,$ / BU,2008,4.54,1.21,0.1407,0.3198
玉米,2008-03-01,$ / BU,2008,4.7,1.253,0.0352,0.3703
玉米,2008-04-01,$ / BU,2008,5.14,1.37,0.0936,0.5162
玉米,2008-05-01,$ / BU,2008,5.27,1.405,0.0253,0.51
玉米,2008-06-01,$ / BU,2008,5.47,1.458,0.038,0.5496
玉米,2008-07-01,$ / BU,2008,5.25,1.399,-0.0402,0.5813
玉米,2008-08-01,$ / BU,2008,5.26,1.402,0.0019,0.6135
玉米,2008-09-01,$ / BU,2008,5.01,1.335,-0.0475,0.5274
玉米,2008-10-01,$ / BU,2008,4.37,1.165,-0.1277,0.3283
玉米,2008-11-01,$ / BU,2008,4.26,1.135,-0.0252,0.2384
玉米,2008-12-01,$ / BU,2008,4.11,1.095,-0.0352,0.0902
玉米,2009-01-01,$ / BU,2009,4.36,1.162,0.0608,0.0955
玉米,2009-02-01,$ / BU,2009,3.87,1.031,-0.1124,-0.1476
玉米,2009-03-01,$ / BU,2009,3.85,1.026,-0.0052,-0.1809
玉米,2009-04-01,$ / BU,2009,3.85,1.026,0.0,-0.251
玉米,2009-05-01,$ / BU,2009,3.96,1.055,0.0286,-0.2486
玉米,2009-06-01,$ / BU,2009,4.01,1.069,0.0126,-0.2669
玉米,2009-07-01,$ / BU,2009,3.6,0.959,-0.1022,-0.3143
玉米,2009-08-01,$ / BU,2009,3.33,0.888,-0.075,-0.3669
玉米,2009-09-01,$ / BU,2009,3.25,0.866,-0.024,-0.3513
玉米,2009-10-01,$ / BU,2009,3.61,0.962,0.1108,-0.1739
玉米,2009-11-01,$ / BU,2009,3.65,0.973,0.0111,-0.1432
玉米,2009-12-01,$ / BU,2009,3.6,0.959,-0.0137,-0.1241
玉米,2010-01-01,$ / BU,2010,3.66,0.975,0.0167,-0.1606
玉米,2010-02-01,$ / BU,2010,3.55,0.946,-0.0301,-0.0827
玉米,2010-03-01,$ / BU,2010,3.55,0.946,0.0,-0.0779
玉米,2010-04-01,$ / BU,2010,3.41,0.909,-0.0394,-0.1143
玉米,2010-05-01,$ / BU,2010,3.48,0.927,0.0205,-0.1212
玉米,2010-06-01,$ / BU,2010,3.41,0.909,-0.0201,-0.1496
玉米,2010-07-01,$ / BU,2010,3.49,0.93,0.0235,-0.0306
玉米,2010-08-01,$ / BU,2010,3.65,0.973,0.0458,0.0961
玉米,2010-09-01,$ / BU,2010,4.08,1.087,0.1178,0.2554
玉米,2010-10-01,$ / BU,2010,4.32,1.151,0.0588,0.1967
玉米,2010-11-01,$ / BU,2010,4.55,1.213,0.0532,0.2466
玉米,2010-12-01,$ / BU,2010,4.82,1.285,0.0593,0.3389
玉米,2011-01-01,$ / BU,2011,4.94,1.317,0.0249,0.3497
玉米,2011-02-01,$ / BU,2011,5.65,1.506,0.1437,0.5915
玉米,2011-03-01,$ / BU,2011,5.53,1.474,-0.0212,0.5577
玉米,2011-04-01,$ / BU,2011,6.36,1.695,0.1501,0.8651
玉米,2011-05-01,$ / BU,2011,6.32,1.684,-0.0063,0.8161
玉米,2011-06-01,$ / BU,2011,6.38,1.7,0.0095,0.871
玉米,2011-07-01,$ / BU,2011,6.33,1.687,-0.0078,0.8138
玉米,2011-08-01,$ / BU,2011,6.88,1.834,0.0869,0.8849
玉米,2011-09-01,$ / BU,2011,6.38,1.7,-0.0727,0.5637
玉米,2011-10-01,$ / BU,2011,5.73,1.527,-0.1019,0.3264
玉米,2011-11-01,$ / BU,2011,5.83,1.554,0.0175,0.2813
玉米,2011-12-01,$ / BU,2011,5.86,1.562,0.0051,0.2158
玉米,2012-01-01,$ / BU,2012,6.07,1.618,0.0358,0.2287
玉米,2012-02-01,$ / BU,2012,6.28,1.674,0.0346,0.1115
玉米,2012-03-01,$ / BU,2012,6.35,1.692,0.0111,0.1483
玉米,2012-04-01,$ / BU,2012,6.34,1.69,-0.0016,-0.0031
玉米,2012-05-01,$ / BU,2012,6.34,1.69,0.0,0.0032
玉米,2012-06-01,$ / BU,2012,6.37,1.698,0.0047,-0.0016
玉米,2012-07-01,$ / BU,2012,7.14,1.903,0.1209,0.128
玉米,2012-08-01,$ / BU,2012,7.63,2.034,0.0686,0.109
玉米,2012-09-01,$ / BU,2012,6.89,1.836,-0.097,0.0799
玉米,2012-10-01,$ / BU,2012,6.78,1.807,-0.016,0.1832
玉米,2012-11-01,$ / BU,2012,7.01,1.868,0.0339,0.2024
玉米,2012-12-01,$ / BU,2012,6.87,1.831,-0.02,0.1724
玉米,2013-01-01,$ / BU,2013,6.96,1.855,0.0131,0.1466
玉米,2013-02-01,$ / BU,2013,7.04,1.876,0.0115,0.121
玉米,2013-03-01,$ / BU,2013,7.13,1.9,0.0128,0.1228
玉米,2013-04-01,$ / BU,2013,6.97,1.858,-0.0224,0.0994
玉米,2013-05-01,$ / BU,2013,6.97,1.858,0.0,0.0994
玉米,2013-06-01,$ / BU,2013,6.97,1.858,0.0,0.0942
玉米,2013-07-01,$ / BU,2013,6.79,1.81,-0.0258,-0.049
玉米,2013-08-01,$ / BU,2013,6.21,1.655,-0.0854,-0.1861
玉米,2013-09-01,$ / BU,2013,5.4,1.439,-0.1304,-0.2163
玉米,2013-10-01,$ / BU,2013,4.63,1.234,-0.1426,-0.3171
玉米,2013-11-01,$ / BU,2013,4.37,1.165,-0.0562,-0.3766
玉米,2013-12-01,$ / BU,2013,4.41,1.175,0.0092,-0.3581
玉米,2014-01-01,$ / BU,2014,4.42,1.178,0.0023,-0.3649
玉米,2014-02-01,$ / BU,2014,4.35,1.159,-0.0158,-0.3821
玉米,2014-03-01,$ / BU,2014,4.52,1.205,0.0391,-0.3661
玉米,2014-04-01,$ / BU,2014,4.71,1.255,0.042,-0.3242
玉米,2014-05-01,$ / BU,2014,4.71,1.255,0.0,-0.3242
玉米,2014-06-01,$ / BU,2014,4.5,1.199,-0.0446,-0.3544
玉米,2014-07-01,$ / BU,2014,4.06,1.082,-0.0978,-0.4021
玉米,2014-08-01,$ / BU,2014,3.63,0.967,-0.1059,-0.4155
玉米,2014-09-01,$ / BU,2014,3.49,0.93,-0.0386,-0.3537
玉米,2014-10-01,$ / BU,2014,3.57,0.951,0.0229,-0.2289
玉米,2014-11-01,$ / BU,2014,3.6,0.959,0.0084,-0.1762
玉米,2014-12-01,$ / BU,2014,3.79,1.01,0.0528,-0.1406
玉米,2015-01-01,$ / BU,2015,3.82,1.018,0.0079,-0.1357
玉米,2015-02-01,$ / BU,2015,3.79,1.01,-0.0079,-0.1287
玉米,2015-03-01,$ / BU,2015,3.81,1.015,0.0053,-0.1571
玉米,2015-04-01,$ / BU,2015,3.75,0.999,-0.0157,-0.2038
玉米,2015-05-01,$ / BU,2015,3.64,0.97,-0.0293,-0.2272
玉米,2015-06-01,$ / BU,2015,3.59,0.957,-0.0137,-0.2022
玉米,2015-07-01,$ / BU,2015,3.8,1.013,0.0585,-0.064
玉米,2015-08-01,$ / BU,2015,3.68,0.981,-0.0316,0.0138
玉米,2015-09-01,$ / BU,2015,3.68,0.981,0.0,0.0544
玉米,2015-10-01,$ / BU,2015,3.67,0.978,-0.0027,0.028
玉米,2015-11-01,$ / BU,2015,3.59,0.957,-0.0218,-0.0028
玉米,2015-12-01,$ / BU,2015,3.65,0.973,0.0167,-0.0369
玉米,2016-01-01,$ / BU,2016,3.66,0.975,0.0027,-0.0419
玉米,2016-02-01,$ / BU,2016,3.58,0.954,-0.0219,-0.0554
玉米,2016-03-01,$ / BU,2016,3.56,0.949,-0.0056,-0.0656
玉米,2016-04-01,$ / BU,2016,3.56,0.949,0.0,-0.0507
玉米,2016-05-01,$ / BU,2016,3.68,0.981,0.0337,0.011
玉米,2016-06-01,$ / BU,2016,3.82,1.018,0.038,0.0641
玉米,2016-07-01,$ / BU,2016,3.6,0.959,-0.0576,-0.0526
玉米,2016-08-01,$ / BU,2016,3.21,0.856,-0.1083,-0.1277
玉米,2016-09-01,$ / BU,2016,3.22,0.858,0.0031,-0.125
玉米,2016-10-01,$ / BU,2016,3.29,0.877,0.0217,-0.1035
玉米,2016-11-01,$ / BU,2016,3.24,0.864,-0.0152,-0.0975
玉米,2016-12-01,$ / BU,2016,3.32,0.885,0.0247,-0.0904
玉米,2017-01-01,$ / BU,2017,3.4,0.906,0.0241,-0.071
玉米,2017-02-01,$ / BU,2017,3.44,0.917,0.0118,-0.0391
玉米,2017-03-01,$ / BU,2017,3.49,0.93,0.0145,-0.0197
玉米,2017-04-01,$ / BU,2017,3.43,0.914,-0.0172,-0.0365
玉米,2017-05-01,$ / BU,2017,3.45,0.92,0.0058,-0.0625
玉米,2017-06-01,$ / BU,2017,3.43,0.914,-0.0058,-0.1021
玉米,2017-07-01,$ / BU,2017,3.49,0.93,0.0175,-0.0306
玉米,2017-08-01,$ / BU,2017,3.27,0.872,-0.063,0.0187
玉米,2017-09-01,$ / BU,2017,3.27,0.872,0.0,0.0155
玉米,2017-10-01,$ / BU,2017,3.26,0.869,-0.0031,-0.0091
玉米,2017-11-01,$ / BU,2017,3.15,0.84,-0.0337,-0.0278
玉米,2017-12-01,$ / BU,2017,3.23,0.861,0.0254,-0.0271
玉米,2018-01-01,$ / BU,2018,3.29,0.877,0.0186,-0.0324
玉米,2018-02-01,$ / BU,2018,3.38,0.901,0.0274,-0.0174
玉米,2018-03-01,$ / BU,2018,3.51,0.935,0.0385,0.0057
玉米,2018-04-01,$ / BU,2018,3.58,0.954,0.0199,0.0437
玉米,2018-05-01,$ / BU,2018,3.68,0.981,0.0279,0.0667
玉米,2018-06-01,$ / BU,2018,3.58,0.954,-0.0272,0.0437
玉米,2018-07-01,$ / BU,2018,3.47,0.925,-0.0307,-0.0057
玉米,2018-08-01,$ / BU,2018,3.36,0.896,-0.0317,0.0275
玉米,2018-09-01,$ / BU,2018,3.4,0.906,0.0119,0.0398
玉米,2018-10-01,$ / BU,2018,3.42,0.912,0.0059,0.0491
玉米,2018-11-01,$ / BU,2018,3.41,0.909,-0.0029,0.0825
玉米,2018-12-01,$ / BU,2018,3.54,0.943,0.0381,0.096
玉米,2019-01-01,$ / BU,2019,3.56,0.949,0.0056,0.0821
玉米,2019-02-01,$ / BU,2019,3.6,0.959,0.0112,0.0651
玉米,2019-03-01,$ / BU,2019,3.61,0.962,0.0028,0.0285
玉米,2019-04-01,$ / BU,2019,3.53,0.941,-0.0222,-0.014
玉米,2019-05-01,$ / BU,2019,3.63,0.967,0.0283,-0.0136
玉米,2019-06-01,$ / BU,2019,3.98,1.061,0.0964,0.1117
玉米,2019-07-01,$ / BU,2019,4.16,1.109,0.0452,0.1988
玉米,2019-08-01,$ / BU,2019,3.93,1.047,-0.0553,0.1696
玉米,2019-09-01,$ / BU,2019,3.8,1.013,-0.0331,0.1176
玉米,2019-10-01,$ / BU,2019,3.85,1.026,0.0132,0.1257
玉米,2019-11-01,$ / BU,2019,3.68,0.981,-0.0442,0.0792
玉米,2019-12-01,$ / BU,2019,3.71,0.989,0.0082,0.048
玉米,2020-01-01,$ / BU,2020,3.79,1.01,0.0216,0.0646
玉米,2020-02-01,$ / BU,2020,3.78,1.007,-0.0026,0.05
玉米,2020-03-01,$ / BU,2020,3.68,0.981,-0.0265,0.0194
玉米,2020-04-01,$ / BU,2020,3.29,0.877,-0.106,-0.068
玉米,2020-05-01,$ / BU,2020,3.2,0.853,-0.0274,-0.1185
玉米,2020-06-01,$ / BU,2020,3.16,0.842,-0.0125,-0.206
玉米,2020-07-01,$ / BU,2020,3.21,0.856,0.0158,-0.2284
玉米,2020-08-01,$ / BU,2020,3.12,0.832,-0.028,-0.2061
玉米,2020-09-01,$ / BU,2020,3.41,0.909,0.0929,-0.1026
玉米,2020-10-01,$ / BU,2020,3.61,0.962,0.0587,-0.0623
玉米,2020-11-01,$ / BU,2020,3.79,1.01,0.0499,0.0299
玉米,2020-12-01,$ / BU,2020,3.97,1.058,0.0475,0.0701
玉米,2021-01-01,$ / BU,2021,4.24,1.13,0.068,0.1187
玉米,2021-02-01,$ / BU,2021,4.75,1.266,0.1203,0.2566
玉米,2021-03-01,$ / BU,2021,4.89,1.303,0.0295,0.3288
玉米,2021-04-01,$ / BU,2021,5.31,1.415,0.0859,0.614
玉米,2021-05-01,$ / BU,2021,5.91,1.575,0.113,0.8469
玉米,2021-06-01,$ / BU,2021,6.0,1.599,0.0152,0.8987
玉米,2021-07-01,$ / BU,2021,6.12,1.631,0.02,0.9065
玉米,2021-08-01,$ / BU,2021,6.32,1.684,0.0327,1.0256
玉米,2021-09-01,$ / BU,2021,5.47,1.458,-0.1345,0.6041
玉米,2021-10-01,$ / BU,2021,5.02,1.338,-0.0823,0.3906
玉米,2021-11-01,$ / BU,2021,5.26,1.402,0.0478,0.3879
玉米,2021-12-01,$ / BU,2021,5.47,1.458,0.0399,0.3778
玉米,2022-01-01,$ / BU,2022,5.58,1.487,0.0201,0.316
玉米,2022-02-01,$ / BU,2022,6.09,1.623,0.0914,0.2821
玉米,2022-03-01,$ / BU,2022,6.56,1.748,0.0772,0.3415
玉米,2022-04-01,$ / BU,2022,7.07,1.884,0.0777,0.3315
玉米,2022-05-01,$ / BU,2022,7.26,1.935,0.0269,0.2284
玉米,2022-06-01,$ / BU,2022,7.38,1.967,0.0165,0.23
玉米,2022-07-01,$ / BU,2022,7.25,1.932,-0.0176,0.1846
玉米,2022-08-01,$ / BU,2022,7.24,1.93,-0.0014,0.1456
玉米,2022-09-01,$ / BU,2022,7.09,1.89,-0.0207,0.2962
玉米,2022-10-01,$ / BU,2022,6.49,1.73,-0.0846,0.2928
玉米,2022-11-01,$ / BU,2022,6.49,1.73,0.0,0.2338
玉米,2022-12-01,$ / BU,2022,6.58,1.754,0.0139,0.2029
玉米,2023-01-01,$ / BU,2023,6.63,1.767,0.0076,0.1882
玉米,2023-02-01,$ / BU,2023,6.8,1.812,0.0256,0.1166
玉米,2023-03-01,$ / BU,2023,6.67,1.778,-0.0191,0.0168
玉米,2023-04-01,$ / BU,2023,6.7,1.786,0.0045,-0.0523
玉米,2023-05-01,$ / BU,2023,6.54,1.743,-0.0239,-0.0992
玉米,2023-06-01,$ / BU,2023,6.49,1.73,-0.0076,-0.1206
玉米,2023-07-01,$ / BU,2023,6.22,1.658,-0.0416,-0.1421
玉米,2023-08-01,$ / BU,2023,5.73,1.527,-0.0788,-0.2086
玉米,2023-09-01,$ / BU,2023,5.21,1.389,-0.0908,-0.2652
玉米,2023-10-01,$ / BU,2023,4.93,1.314,-0.0537,-0.2404
玉米,2023-11-01,$ / BU,2023,4.66,1.242,-0.0548,-0.282
玉米,2023-12-01,$ / BU,2023,4.8,1.279,0.03,-0.2705
玉米,2024-01-01,$ / BU,2024,4.74,1.263,-0.0125,-0.2851
玉米,2024-02-01,$ / BU,2024,4.36,1.162,-0.0802,-0.3588
玉米,2024-03-01,$ / BU,2024,4.36,1.162,0.0,-0.3463
玉米,2024-04-01,$ / BU,2024,4.39,1.17,0.0069,-0.3448
玉米,2024-05-01,$ / BU,2024,4.51,1.202,0.0273,-0.3104
玉米,2024-06-01,$ / BU,2024,4.48,1.194,-0.0067,-0.3097
玉米,2024-07-01,$ / BU,2024,4.23,1.127,-0.0558,-0.3199
玉米,2024-08-01,$ / BU,2024,3.84,1.023,-0.0922,-0.3298
玉米,2024-09-01,$ / BU,2024,3.97,1.058,0.0339,-0.238
玉米,2024-10-01,$ / BU,2024,3.99,1.063,0.005,-0.1907
玉米,2024-11-01,$ / BU,2024,4.07,1.085,0.0201,-0.1266
玉米,2024-12-01,$ / BU,2024,4.23,1.127,0.0393,-0.1187
玉米,2025-01-01,$ / BU,2025,4.29,1.143,0.0142,-0.0949
玉米,2025-02-01,$ / BU,2025,4.58,1.221,0.0676,0.0505
玉米,2025-03-01,$ / BU,2025,4.57,1.218,-0.0022,0.0482
玉米,2025-04-01,$ / BU,2025,4.62,1.231,0.0109,0.0524
玉米,2025-05-01,$ / BU,2025,4.64,1.237,0.0043,0.0288
玉米,2025-06-01,$ / BU,2025,4.47,1.191,-0.0366,-0.0022
玉米,2025-07-01,$ / BU,2025,4.29,1.143,-0.0403,0.0142
玉米,2025-08-01,$ / BU,2025,3.96,1.055,-0.0769,0.0312
玉米,2025-09-01,$ / BU,2025,4.0,1.066,0.0101,0.0076
玉米,2025-10-01,$ / BU,2025,3.93,1.047,-0.0175,-0.015
玉米,2025-11-01,$ / BU,2025,3.98,1.061,0.0127,-0.0221
玉米,2025-12-01,$ / BU,2025,4.1,1.093,0.0302,-0.0307
玉米,2026-01-01,$ / BU,2026,4.1,1.093,0.0,-0.0443
玉米,2026-02-01,$ / BU,2026,4.11,1.095,0.0024,-0.1026
玉米,2026-03-01,$ / BU,2026,4.27,1.138,0.0389,-0.0656
玉米,2026-04-01,$ / BU,2026,4.31,1.149,0.0094,-0.0671
玉米,2026-05-01,$ / BU,2026,4.48,1.194,0.0394,-0.0345
玉米,2026-06-01,$ / BU,2026,4.28,1.141,-0.0446,-0.0425
大豆,1913-10-01,$ / BU,1913,1.96,0.488,,
大豆,1913-11-01,$ / BU,1913,1.57,0.391,-0.199,
大豆,1913-12-01,$ / BU,1913,1.72,0.428,0.0955,
大豆,1914-01-01,$ / BU,1914,1.96,0.488,0.1395,
大豆,1914-02-01,$ / BU,1914,1.8,0.448,-0.0816,
大豆,1914-10-01,$ / BU,1914,2.08,0.517,0.1556,
大豆,1914-11-01,$ / BU,1914,2.15,0.535,0.0337,
大豆,1914-12-01,$ / BU,1914,2.24,0.557,0.0419,
大豆,1915-01-01,$ / BU,1915,2.35,0.585,0.0491,
大豆,1915-02-01,$ / BU,1915,2.26,0.562,-0.0383,
大豆,1915-10-01,$ / BU,1915,1.88,0.468,-0.1681,
大豆,1915-11-01,$ / BU,1915,2.08,0.517,0.1064,
大豆,1915-12-01,$ / BU,1915,2.23,0.555,0.0721,0.1378
大豆,1916-01-01,$ / BU,1916,2.31,0.575,0.0359,0.4713
大豆,1916-02-01,$ / BU,1916,2.39,0.595,0.0346,0.3895
大豆,1916-10-01,$ / BU,1916,2.13,0.53,-0.1088,0.0867
大豆,1916-11-01,$ / BU,1916,2.13,0.53,0.0,0.1833
大豆,1916-12-01,$ / BU,1916,2.18,0.542,0.0235,0.0481
大豆,1917-01-01,$ / BU,1917,2.2,0.547,0.0092,0.0233
大豆,1917-02-01,$ / BU,1917,2.45,0.609,0.1136,0.0938
大豆,1917-10-01,$ / BU,1917,2.73,0.679,0.1143,0.1617
大豆,1917-11-01,$ / BU,1917,2.86,0.711,0.0476,0.2655
大豆,1917-12-01,$ / BU,1917,3.33,0.828,0.1643,0.7713
大豆,1918-01-01,$ / BU,1918,3.47,0.863,0.042,0.6683
大豆,1918-02-01,$ / BU,1918,3.82,0.95,0.1009,0.713
大豆,1918-10-01,$ / BU,1918,3.36,0.836,-0.1204,0.4545
大豆,1918-11-01,$ / BU,1918,3.2,0.796,-0.0476,0.3389
大豆,1918-12-01,$ / BU,1918,3.29,0.818,0.0281,0.5446
大豆,1919-01-01,$ / BU,1919,3.0,0.746,-0.0881,0.4085
大豆,1919-02-01,$ / BU,1919,3.0,0.746,0.0,0.3761
大豆,1919-10-01,$ / BU,1919,3.34,0.831,0.1133,0.5182
大豆,1919-11-01,$ / BU,1919,3.35,0.833,0.003,0.3673
大豆,1919-12-01,$ / BU,1919,3.44,0.856,0.0269,0.2601
大豆,1920-01-01,$ / BU,1920,3.76,0.935,0.093,0.3147
大豆,1920-02-01,$ / BU,1920,4.05,1.007,0.0771,0.2162
大豆,1920-10-01,$ / BU,1920,3.41,0.848,-0.158,-0.0173
大豆,1920-11-01,$ / BU,1920,3.0,0.746,-0.1202,-0.2147
大豆,1920-12-01,$ / BU,1920,2.28,0.567,-0.24,-0.3214
大豆,1921-01-01,$ / BU,1921,2.18,0.542,-0.0439,-0.3188
大豆,1921-02-01,$ / BU,1921,2.17,0.54,-0.0046,-0.3404
大豆,1921-10-01,$ / BU,1921,2.2,0.547,0.0138,-0.2667
大豆,1921-11-01,$ / BU,1921,2.22,0.552,0.0091,-0.26
大豆,1921-12-01,$ / BU,1921,2.08,0.517,-0.0631,-0.3772
大豆,1922-01-01,$ / BU,1922,2.11,0.525,0.0144,-0.3701
大豆,1922-02-01,$ / BU,1922,2.16,0.537,0.0237,-0.3721
大豆,1922-10-01,$ / BU,1922,1.89,0.47,-0.125,-0.4973
大豆,1922-11-01,$ / BU,1922,2.0,0.498,0.0582,-0.5062
大豆,1922-12-01,$ / BU,1922,1.97,0.49,-0.015,-0.4223
大豆,1923-01-01,$ / BU,1923,2.07,0.515,0.0508,-0.31
大豆,1923-02-01,$ / BU,1923,2.13,0.53,0.029,-0.0658
大豆,1923-09-01,$ / BU,1923,2.25,0.56,0.0563,0.0321
大豆,1923-10-01,$ / BU,1923,2.09,0.52,-0.0711,-0.0369
大豆,1923-11-01,$ / BU,1923,2.1,0.522,0.0048,-0.0455
大豆,1923-12-01,$ / BU,1923,2.11,0.525,0.0048,-0.0495
大豆,1924-01-01,$ / BU,1924,2.23,0.555,0.0569,0.0721
大豆,1924-02-01,$ / BU,1924,2.26,0.562,0.0135,0.0711
大豆,1924-03-01,$ / BU,1924,2.41,0.6,0.0664,0.1157
大豆,1924-04-01,$ / BU,1924,2.4,0.597,-0.0041,0.2698
大豆,1924-05-01,$ / BU,1924,2.44,0.607,0.0167,0.22
大豆,1924-06-01,$ / BU,1924,2.49,0.619,0.0205,0.264
大豆,1924-07-01,$ / BU,1924,2.6,0.647,0.0442,0.256
大豆,1924-08-01,$ / BU,1924,2.51,0.624,-0.0346,0.1784
大豆,1924-09-01,$ / BU,1924,2.33,0.58,-0.0717,0.0356
大豆,1924-10-01,$ / BU,1924,2.23,0.555,-0.0429,0.067
大豆,1924-11-01,$ / BU,1924,2.16,0.537,-0.0314,0.0286
大豆,1924-12-01,$ / BU,1924,2.36,0.587,0.0926,0.1185
大豆,1925-01-01,$ / BU,1925,2.59,0.644,0.0975,0.1614
大豆,1925-02-01,$ / BU,1925,2.64,0.657,0.0193,0.1681
大豆,1925-03-01,$ / BU,1925,2.76,0.687,0.0455,0.1452
大豆,1925-04-01,$ / BU,1925,2.77,0.689,0.0036,0.1542
大豆,1925-05-01,$ / BU,1925,2.81,0.699,0.0144,0.1516
大豆,1925-06-01,$ / BU,1925,2.7,0.672,-0.0391,0.0843
大豆,1925-07-01,$ / BU,1925,2.71,0.674,0.0037,0.0423
大豆,1925-08-01,$ / BU,1925,2.4,0.597,-0.1144,-0.0438
大豆,1925-09-01,$ / BU,1925,2.38,0.592,-0.0083,0.0215
大豆,1925-10-01,$ / BU,1925,2.27,0.565,-0.0462,0.0179
大豆,1925-11-01,$ / BU,1925,2.18,0.542,-0.0396,0.0093
大豆,1925-12-01,$ / BU,1925,2.17,0.54,-0.0046,-0.0805
大豆,1926-01-01,$ / BU,1926,2.38,0.592,0.0968,-0.0811
大豆,1926-02-01,$ / BU,1926,2.33,0.58,-0.021,-0.1174
大豆,1926-03-01,$ / BU,1926,2.39,0.595,0.0258,-0.1341
大豆,1926-04-01,$ / BU,1926,2.27,0.565,-0.0502,-0.1805
大豆,1926-05-01,$ / BU,1926,2.37,0.59,0.0441,-0.1566
大豆,1926-06-01,$ / BU,1926,2.67,0.664,0.1266,-0.0111
大豆,1926-07-01,$ / BU,1926,2.71,0.674,0.015,0.0
大豆,1926-08-01,$ / BU,1926,2.31,0.575,-0.1476,-0.0375
大豆,1926-09-01,$ / BU,1926,2.27,0.565,-0.0173,-0.0462
大豆,1926-10-01,$ / BU,1926,1.97,0.49,-0.1322,-0.1322
大豆,1926-11-01,$ / BU,1926,1.85,0.46,-0.0609,-0.1514
大豆,1926-12-01,$ / BU,1926,1.83,0.455,-0.0108,-0.1567
大豆,1927-01-01,$ / BU,1927,1.9,0.473,0.0383,-0.2017
大豆,1927-02-01,$ / BU,1927,2.03,0.505,0.0684,-0.1288
大豆,1927-03-01,$ / BU,1927,1.98,0.493,-0.0246,-0.1715
大豆,1927-04-01,$ / BU,1927,2.07,0.515,0.0455,-0.0881
大豆,1927-05-01,$ / BU,1927,2.15,0.535,0.0386,-0.0928
大豆,1927-06-01,$ / BU,1927,2.2,0.547,0.0233,-0.176
大豆,1927-07-01,$ / BU,1927,2.14,0.532,-0.0273,-0.2103
大豆,1927-08-01,$ / BU,1927,2.06,0.512,-0.0374,-0.1082
大豆,1927-09-01,$ / BU,1927,1.91,0.475,-0.0728,-0.1586
大豆,1927-10-01,$ / BU,1927,1.86,0.463,-0.0262,-0.0558
大豆,1927-11-01,$ / BU,1927,1.69,0.42,-0.0914,-0.0865
大豆,1927-12-01,$ / BU,1927,1.61,0.4,-0.0473,-0.1202
大豆,1928-01-01,$ / BU,1928,1.7,0.423,0.0559,-0.1053
大豆,1928-02-01,$ / BU,1928,1.69,0.42,-0.0059,-0.1675
大豆,1928-03-01,$ / BU,1928,1.85,0.46,0.0947,-0.0657
大豆,1928-04-01,$ / BU,1928,1.93,0.48,0.0432,-0.0676
大豆,1928-05-01,$ / BU,1928,2.06,0.512,0.0674,-0.0419
大豆,1928-06-01,$ / BU,1928,2.13,0.53,0.034,-0.0318
大豆,1928-07-01,$ / BU,1928,2.12,0.527,-0.0047,-0.0093
大豆,1928-08-01,$ / BU,1928,2.01,0.5,-0.0519,-0.0243
大豆,1928-09-01,$ / BU,1928,1.89,0.47,-0.0597,-0.0105
大豆,1928-10-01,$ / BU,1928,1.72,0.428,-0.0899,-0.0753
大豆,1928-11-01,$ / BU,1928,1.69,0.42,-0.0174,0.0
大豆,1928-12-01,$ / BU,1928,1.7,0.423,0.0059,0.0559
大豆,1929-01-01,$ / BU,1929,1.82,0.453,0.0706,0.0706
大豆,1929-02-01,$ / BU,1929,1.93,0.48,0.0604,0.142
大豆,1929-03-01,$ / BU,1929,2.13,0.53,0.1036,0.1514
大豆,1929-04-01,$ / BU,1929,2.19,0.545,0.0282,0.1347
大豆,1929-05-01,$ / BU,1929,2.3,0.572,0.0502,0.1165
大豆,1929-06-01,$ / BU,1929,2.41,0.6,0.0478,0.1315
大豆,1929-07-01,$ / BU,1929,2.46,0.612,0.0207,0.1604
大豆,1929-08-01,$ / BU,1929,2.15,0.535,-0.126,0.0697
大豆,1929-09-01,$ / BU,1929,1.87,0.465,-0.1302,-0.0106
大豆,1929-10-01,$ / BU,1929,1.79,0.445,-0.0428,0.0407
大豆,1929-11-01,$ / BU,1929,1.7,0.423,-0.0503,0.0059
大豆,1929-12-01,$ / BU,1929,1.72,0.428,0.0118,0.0118
大豆,1930-01-01,$ / BU,1930,1.85,0.46,0.0756,0.0165
大豆,1930-02-01,$ / BU,1930,1.91,0.475,0.0324,-0.0104
大豆,1930-03-01,$ / BU,1930,2.0,0.498,0.0471,-0.061
大豆,1930-04-01,$ / BU,1930,2.07,0.515,0.035,-0.0548
大豆,1930-05-01,$ / BU,1930,2.11,0.525,0.0193,-0.0826
大豆,1930-06-01,$ / BU,1930,2.16,0.537,0.0237,-0.1037
大豆,1930-07-01,$ / BU,1930,1.96,0.488,-0.0926,-0.2033
大豆,1930-08-01,$ / BU,1930,1.9,0.473,-0.0306,-0.1163
大豆,1930-09-01,$ / BU,1930,1.8,0.448,-0.0526,-0.0374
大豆,1930-10-01,$ / BU,1930,1.64,0.408,-0.0889,-0.0838
大豆,1930-11-01,$ / BU,1930,1.48,0.368,-0.0976,-0.1294
大豆,1930-12-01,$ / BU,1930,1.44,0.358,-0.027,-0.1628
大豆,1931-01-01,$ / BU,1931,1.46,0.363,0.0139,-0.2108
大豆,1931-02-01,$ / BU,1931,1.4,0.348,-0.0411,-0.267
大豆,1931-03-01,$ / BU,1931,1.42,0.353,0.0143,-0.29
大豆,1931-04-01,$ / BU,1931,1.38,0.343,-0.0282,-0.3333
大豆,1931-05-01,$ / BU,1931,1.39,0.346,0.0072,-0.3412
大豆,1931-06-01,$ / BU,1931,1.29,0.321,-0.0719,-0.4028
大豆,1931-07-01,$ / BU,1931,1.12,0.279,-0.1318,-0.4286
大豆,1931-08-01,$ / BU,1931,0.94,0.234,-0.1607,-0.5053
大豆,1931-09-01,$ / BU,1931,0.82,0.204,-0.1277,-0.5444
大豆,1931-10-01,$ / BU,1931,0.52,0.129,-0.3659,-0.6829
大豆,1931-11-01,$ / BU,1931,0.47,0.117,-0.0962,-0.6824
大豆,1931-12-01,$ / BU,1931,0.47,0.117,0.0,-0.6736
大豆,1932-01-01,$ / BU,1932,0.47,0.117,0.0,-0.6781
大豆,1932-02-01,$ / BU,1932,0.48,0.119,0.0213,-0.6571
大豆,1932-03-01,$ / BU,1932,0.51,0.127,0.0625,-0.6408
大豆,1932-04-01,$ / BU,1932,0.51,0.127,0.0,-0.6304
大豆,1932-05-01,$ / BU,1932,0.52,0.129,0.0196,-0.6259
大豆,1932-06-01,$ / BU,1932,0.51,0.127,-0.0192,-0.6047
大豆,1932-07-01,$ / BU,1932,0.47,0.117,-0.0784,-0.5804
大豆,1932-08-01,$ / BU,1932,0.47,0.117,0.0,-0.5
大豆,1932-09-01,$ / BU,1932,0.47,0.117,0.0,-0.4268
大豆,1932-10-01,$ / BU,1932,0.46,0.114,-0.0213,-0.1154
大豆,1932-11-01,$ / BU,1932,0.45,0.112,-0.0217,-0.0426
大豆,1932-12-01,$ / BU,1932,0.44,0.109,-0.0222,-0.0638
大豆,1933-01-01,$ / BU,1933,0.45,0.112,0.0227,-0.0426
大豆,1933-02-01,$ / BU,1933,0.45,0.112,0.0,-0.0625
大豆,1933-03-01,$ / BU,1933,0.48,0.119,0.0667,-0.0588
大豆,1933-04-01,$ / BU,1933,0.58,0.144,0.2083,0.1373
大豆,1933-05-01,$ / BU,1933,0.86,0.214,0.4828,0.6538
大豆,1933-06-01,$ / BU,1933,0.98,0.244,0.1395,0.9216
大豆,1933-07-01,$ / BU,1933,1.04,0.259,0.0612,1.2128
大豆,1933-08-01,$ / BU,1933,0.94,0.234,-0.0962,1.0
大豆,1933-09-01,$ / BU,1933,0.85,0.211,-0.0957,0.8085
大豆,1933-10-01,$ / BU,1933,0.68,0.169,-0.2,0.4783
大豆,1933-11-01,$ / BU,1933,0.69,0.172,0.0147,0.5333
大豆,1933-12-01,$ / BU,1933,0.73,0.182,0.058,0.6591
大豆,1934-01-01,$ / BU,1934,0.81,0.201,0.1096,0.8
大豆,1934-02-01,$ / BU,1934,1.01,0.251,0.2469,1.2444
大豆,1934-03-01,$ / BU,1934,1.16,0.289,0.1485,1.4167
大豆,1934-04-01,$ / BU,1934,1.26,0.313,0.0862,1.1724
大豆,1934-05-01,$ / BU,1934,1.25,0.311,-0.0079,0.4535
大豆,1934-06-01,$ / BU,1934,1.45,0.361,0.16,0.4796
大豆,1934-07-01,$ / BU,1934,1.54,0.383,0.0621,0.4808
大豆,1934-08-01,$ / BU,1934,1.25,0.311,-0.1883,0.3298
大豆,1934-09-01,$ / BU,1934,1.05,0.261,-0.16,0.2353
大豆,1934-10-01,$ / BU,1934,0.95,0.236,-0.0952,0.3971
大豆,1934-11-01,$ / BU,1934,0.89,0.221,-0.0632,0.2899
大豆,1934-12-01,$ / BU,1934,1.11,0.276,0.2472,0.5205
大豆,1935-01-01,$ / BU,1935,1.19,0.296,0.0721,0.4691
大豆,1935-02-01,$ / BU,1935,1.27,0.316,0.0672,0.2574
大豆,1935-03-01,$ / BU,1935,1.2,0.299,-0.0551,0.0345
大豆,1935-04-01,$ / BU,1935,1.18,0.294,-0.0167,-0.0635
大豆,1935-05-01,$ / BU,1935,1.21,0.301,0.0254,-0.032
大豆,1935-06-01,$ / BU,1935,1.19,0.296,-0.0165,-0.1793
大豆,1935-07-01,$ / BU,1935,0.98,0.244,-0.1765,-0.3636
大豆,1935-08-01,$ / BU,1935,0.73,0.182,-0.2551,-0.416
大豆,1935-09-01,$ / BU,1935,0.69,0.172,-0.0548,-0.3429
大豆,1935-10-01,$ / BU,1935,0.68,0.169,-0.0145,-0.2842
大豆,1935-11-01,$ / BU,1935,0.69,0.172,0.0147,-0.2247
大豆,1935-12-01,$ / BU,1935,0.72,0.179,0.0435,-0.3514
大豆,1936-01-01,$ / BU,1936,0.76,0.189,0.0556,-0.3613
大豆,1936-02-01,$ / BU,1936,0.77,0.192,0.0132,-0.3937
大豆,1936-03-01,$ / BU,1936,0.78,0.194,0.013,-0.35
大豆,1936-04-01,$ / BU,1936,0.78,0.194,0.0,-0.339
大豆,1936-05-01,$ / BU,1936,0.83,0.206,0.0641,-0.314
大豆,1936-06-01,$ / BU,1936,0.85,0.211,0.0241,-0.2857
大豆,1936-07-01,$ / BU,1936,1.05,0.261,0.2353,0.0714
大豆,1936-08-01,$ / BU,1936,1.19,0.296,0.1333,0.6301
大豆,1936-09-01,$ / BU,1936,1.1,0.274,-0.0756,0.5942
大豆,1936-10-01,$ / BU,1936,1.07,0.266,-0.0273,0.5735
大豆,1936-11-01,$ / BU,1936,1.12,0.279,0.0467,0.6232
大豆,1936-12-01,$ / BU,1936,1.3,0.323,0.1607,0.8056
大豆,1937-01-01,$ / BU,1937,1.43,0.356,0.1,0.8816
大豆,1937-02-01,$ / BU,1937,1.5,0.373,0.049,0.9481
大豆,1937-03-01,$ / BU,1937,1.52,0.378,0.0133,0.9487
大豆,1937-04-01,$ / BU,1937,1.66,0.413,0.0921,1.1282
大豆,1937-05-01,$ / BU,1937,1.74,0.433,0.0482,1.0964
大豆,1937-06-01,$ / BU,1937,1.5,0.373,-0.1379,0.7647
大豆,1937-07-01,$ / BU,1937,1.32,0.328,-0.12,0.2571
大豆,1937-08-01,$ / BU,1937,1.02,0.254,-0.2273,-0.1429
大豆,1937-09-01,$ / BU,1937,0.9,0.224,-0.1176,-0.1818
大豆,1937-10-01,$ / BU,1937,0.86,0.214,-0.0444,-0.1963
大豆,1937-11-01,$ / BU,1937,0.83,0.206,-0.0349,-0.2589
大豆,1937-12-01,$ / BU,1937,0.83,0.206,0.0,-0.3615
大豆,1938-01-01,$ / BU,1938,0.88,0.219,0.0602,-0.3846
大豆,1938-02-01,$ / BU,1938,0.93,0.231,0.0568,-0.38
大豆,1938-03-01,$ / BU,1938,0.89,0.221,-0.043,-0.4145
大豆,1938-04-01,$ / BU,1938,0.85,0.211,-0.0449,-0.488
大豆,1938-05-01,$ / BU,1938,0.87,0.216,0.0235,-0.5
大豆,1938-06-01,$ / BU,1938,0.86,0.214,-0.0115,-0.4267
大豆,1938-07-01,$ / BU,1938,0.85,0.211,-0.0116,-0.3561
大豆,1938-08-01,$ / BU,1938,0.75,0.187,-0.1176,-0.2647
大豆,1938-09-01,$ / BU,1938,0.71,0.177,-0.0533,-0.2111
大豆,1938-10-01,$ / BU,1938,0.64,0.159,-0.0986,-0.2558
大豆,1938-11-01,$ / BU,1938,0.63,0.157,-0.0156,-0.241
大豆,1938-12-01,$ / BU,1938,0.67,0.167,0.0635,-0.1928
大豆,1939-01-01,$ / BU,1939,0.72,0.179,0.0746,-0.1818
大豆,1939-02-01,$ / BU,1939,0.69,0.172,-0.0417,-0.2581
大豆,1939-03-01,$ / BU,1939,0.73,0.182,0.058,-0.1798
大豆,1939-04-01,$ / BU,1939,0.78,0.194,0.0685,-0.0824
大豆,1939-05-01,$ / BU,1939,0.87,0.216,0.1154,0.0
大豆,1939-06-01,$ / BU,1939,0.83,0.206,-0.046,-0.0349
大豆,1939-07-01,$ / BU,1939,0.75,0.187,-0.0964,-0.1176
大豆,1939-08-01,$ / BU,1939,0.64,0.159,-0.1467,-0.1467
大豆,1939-09-01,$ / BU,1939,0.73,0.182,0.1406,0.0282
大豆,1939-10-01,$ / BU,1939,0.73,0.182,0.0,0.1406
大豆,1939-11-01,$ / BU,1939,0.82,0.204,0.1233,0.3016
大豆,1939-12-01,$ / BU,1939,0.97,0.241,0.1829,0.4478
大豆,1940-01-01,$ / BU,1940,1.03,0.256,0.0619,0.4306
大豆,1940-02-01,$ / BU,1940,0.96,0.239,-0.068,0.3913
大豆,1940-03-01,$ / BU,1940,1.01,0.251,0.0521,0.3836
大豆,1940-04-01,$ / BU,1940,1.0,0.249,-0.0099,0.2821
大豆,1940-05-01,$ / BU,1940,0.96,0.239,-0.04,0.1034
大豆,1940-06-01,$ / BU,1940,0.79,0.197,-0.1771,-0.0482
大豆,1940-07-01,$ / BU,1940,0.73,0.182,-0.0759,-0.0267
大豆,1940-08-01,$ / BU,1940,0.67,0.167,-0.0822,0.0469
大豆,1940-09-01,$ / BU,1940,0.69,0.172,0.0299,-0.0548
大豆,1940-10-01,$ / BU,1940,0.67,0.167,-0.029,-0.0822
大豆,1940-11-01,$ / BU,1940,0.84,0.209,0.2537,0.0244
大豆,1940-12-01,$ / BU,1940,0.81,0.201,-0.0357,-0.1649
大豆,1941-01-01,$ / BU,1941,0.89,0.221,0.0988,-0.1359
大豆,1941-02-01,$ / BU,1941,0.84,0.209,-0.0562,-0.125
大豆,1941-03-01,$ / BU,1941,0.89,0.221,0.0595,-0.1188
大豆,1941-04-01,$ / BU,1941,1.07,0.266,0.2022,0.07
大豆,1941-05-01,$ / BU,1941,1.19,0.296,0.1121,0.2396
大豆,1941-06-01,$ / BU,1941,1.23,0.306,0.0336,0.557
大豆,1941-07-01,$ / BU,1941,1.3,0.323,0.0569,0.7808
大豆,1941-08-01,$ / BU,1941,1.29,0.321,-0.0077,0.9254
大豆,1941-09-01,$ / BU,1941,1.61,0.4,0.2481,1.3333
大豆,1941-10-01,$ / BU,1941,1.42,0.353,-0.118,1.1194
大豆,1941-11-01,$ / BU,1941,1.43,0.356,0.007,0.7024
大豆,1941-12-01,$ / BU,1941,1.47,0.366,0.028,0.8148
大豆,1942-01-01,$ / BU,1942,1.65,0.41,0.1224,0.8539
大豆,1942-02-01,$ / BU,1942,1.78,0.443,0.0788,1.119
大豆,1942-03-01,$ / BU,1942,1.79,0.445,0.0056,1.0112
大豆,1942-04-01,$ / BU,1942,1.76,0.438,-0.0168,0.6449
大豆,1942-05-01,$ / BU,1942,1.73,0.43,-0.017,0.4538
大豆,1942-06-01,$ / BU,1942,1.63,0.405,-0.0578,0.3252
大豆,1942-07-01,$ / BU,1942,1.62,0.403,-0.0061,0.2462
大豆,1942-08-01,$ / BU,1942,1.58,0.393,-0.0247,0.2248
大豆,1942-09-01,$ / BU,1942,1.57,0.391,-0.0063,-0.0248
大豆,1942-10-01,$ / BU,1942,1.58,0.393,0.0064,0.1127
大豆,1942-11-01,$ / BU,1942,1.58,0.393,0.0,0.1049
大豆,1942-12-01,$ / BU,1942,1.59,0.396,0.0063,0.0816
大豆,1943-01-01,$ / BU,1943,1.59,0.396,0.0,-0.0364
大豆,1943-02-01,$ / BU,1943,1.6,0.398,0.0063,-0.1011
大豆,1943-03-01,$ / BU,1943,1.65,0.41,0.0312,-0.0782
大豆,1943-04-01,$ / BU,1943,1.67,0.415,0.0121,-0.0511
大豆,1943-05-01,$ / BU,1943,1.72,0.428,0.0299,-0.0058
大豆,1943-06-01,$ / BU,1943,1.73,0.43,0.0058,0.0613
大豆,1943-07-01,$ / BU,1943,1.7,0.423,-0.0173,0.0494
大豆,1943-08-01,$ / BU,1943,1.68,0.418,-0.0118,0.0633
大豆,1943-09-01,$ / BU,1943,1.69,0.42,0.006,0.0764
大豆,1943-10-01,$ / BU,1943,1.8,0.448,0.0651,0.1392
大豆,1943-11-01,$ / BU,1943,1.8,0.448,0.0,0.1392
大豆,1943-12-01,$ / BU,1943,1.81,0.45,0.0056,0.1384
大豆,1944-01-01,$ / BU,1944,1.82,0.453,0.0055,0.1447
大豆,1944-02-01,$ / BU,1944,1.85,0.46,0.0165,0.1562
大豆,1944-03-01,$ / BU,1944,1.89,0.47,0.0216,0.1455
大豆,1944-04-01,$ / BU,1944,1.91,0.475,0.0106,0.1437
大豆,1944-05-01,$ / BU,1944,1.93,0.48,0.0105,0.1221
大豆,1944-06-01,$ / BU,1944,1.93,0.48,0.0,0.1156
大豆,1944-07-01,$ / BU,1944,1.91,0.475,-0.0104,0.1235
大豆,1944-08-01,$ / BU,1944,1.9,0.473,-0.0052,0.131
大豆,1944-09-01,$ / BU,1944,1.93,0.48,0.0158,0.142
大豆,1944-10-01,$ / BU,1944,2.04,0.507,0.057,0.1333
大豆,1944-11-01,$ / BU,1944,2.05,0.51,0.0049,0.1389
大豆,1944-12-01,$ / BU,1944,2.05,0.51,0.0,0.1326
大豆,1945-01-01,$ / BU,1945,2.06,0.512,0.0049,0.1319
大豆,1945-02-01,$ / BU,1945,2.1,0.522,0.0194,0.1351
大豆,1945-03-01,$ / BU,1945,2.13,0.53,0.0143,0.127
大豆,1945-04-01,$ / BU,1945,2.13,0.53,0.0,0.1152
大豆,1945-05-01,$ / BU,1945,2.15,0.535,0.0094,0.114
大豆,1945-06-01,$ / BU,1945,2.17,0.54,0.0093,0.1244
大豆,1945-07-01,$ / BU,1945,2.16,0.537,-0.0046,0.1309
大豆,1945-08-01,$ / BU,1945,2.12,0.527,-0.0185,0.1158
大豆,1945-09-01,$ / BU,1945,2.07,0.515,-0.0236,0.0725
大豆,1945-10-01,$ / BU,1945,2.06,0.512,-0.0048,0.0098
大豆,1945-11-01,$ / BU,1945,2.09,0.52,0.0146,0.0195
大豆,1945-12-01,$ / BU,1945,2.09,0.52,0.0,0.0195
大豆,1946-01-01,$ / BU,1946,2.09,0.52,0.0,0.0146
大豆,1946-02-01,$ / BU,1946,2.11,0.525,0.0096,0.0048
大豆,1946-03-01,$ / BU,1946,2.12,0.527,0.0047,-0.0047
大豆,1946-04-01,$ / BU,1946,2.14,0.532,0.0094,0.0047
大豆,1946-05-01,$ / BU,1946,2.16,0.537,0.0093,0.0047
大豆,1946-06-01,$ / BU,1946,2.17,0.54,0.0046,0.0
大豆,1946-07-01,$ / BU,1946,2.31,0.575,0.0645,0.0694
大豆,1946-08-01,$ / BU,1946,2.35,0.585,0.0173,0.1085
大豆,1946-09-01,$ / BU,1946,2.13,0.53,-0.0936,0.029
大豆,1946-10-01,$ / BU,1946,2.28,0.567,0.0704,0.1068
大豆,1946-11-01,$ / BU,1946,3.09,0.769,0.3553,0.4785
大豆,1946-12-01,$ / BU,1946,2.75,0.684,-0.11,0.3158
大豆,1947-01-01,$ / BU,1947,2.93,0.729,0.0655,0.4019
大豆,1947-02-01,$ / BU,1947,3.0,0.746,0.0239,0.4218
大豆,1947-03-01,$ / BU,1947,3.67,0.913,0.2233,0.7311
大豆,1947-04-01,$ / BU,1947,3.62,0.9,-0.0136,0.6916
大豆,1947-05-01,$ / BU,1947,3.01,0.749,-0.1685,0.3935
大豆,1947-06-01,$ / BU,1947,3.07,0.764,0.0199,0.4147
大豆,1947-07-01,$ / BU,1947,3.09,0.769,0.0065,0.3377
大豆,1947-08-01,$ / BU,1947,3.07,0.764,-0.0065,0.3064
大豆,1947-09-01,$ / BU,1947,3.05,0.759,-0.0065,0.4319
大豆,1947-10-01,$ / BU,1947,3.11,0.774,0.0197,0.364
大豆,1947-11-01,$ / BU,1947,3.43,0.853,0.1029,0.11
大豆,1947-12-01,$ / BU,1947,3.69,0.918,0.0758,0.3418
大豆,1948-01-01,$ / BU,1948,4.11,1.022,0.1138,0.4027
大豆,1948-02-01,$ / BU,1948,2.97,0.739,-0.2774,-0.01
大豆,1948-03-01,$ / BU,1948,3.23,0.803,0.0875,-0.1199
大豆,1948-04-01,$ / BU,1948,3.64,0.905,0.1269,0.0055
大豆,1948-05-01,$ / BU,1948,3.74,0.93,0.0275,0.2425
大豆,1948-06-01,$ / BU,1948,3.9,0.97,0.0428,0.2704
大豆,1948-07-01,$ / BU,1948,3.66,0.91,-0.0615,0.1845
大豆,1948-08-01,$ / BU,1948,2.91,0.724,-0.2049,-0.0521
大豆,1948-09-01,$ / BU,1948,2.45,0.609,-0.1581,-0.1967
大豆,1948-10-01,$ / BU,1948,2.27,0.565,-0.0735,-0.2701
大豆,1948-11-01,$ / BU,1948,2.36,0.587,0.0396,-0.312
大豆,1948-12-01,$ / BU,1948,2.36,0.587,0.0,-0.3604
大豆,1949-01-01,$ / BU,1949,2.27,0.565,-0.0381,-0.4477
大豆,1949-02-01,$ / BU,1949,2.05,0.51,-0.0969,-0.3098
大豆,1949-03-01,$ / BU,1949,2.12,0.527,0.0341,-0.3437
大豆,1949-04-01,$ / BU,1949,2.08,0.517,-0.0189,-0.4286
大豆,1949-05-01,$ / BU,1949,2.18,0.542,0.0481,-0.4171
大豆,1949-06-01,$ / BU,1949,2.1,0.522,-0.0367,-0.4615
大豆,1949-07-01,$ / BU,1949,2.27,0.565,0.081,-0.3798
大豆,1949-08-01,$ / BU,1949,2.6,0.647,0.1454,-0.1065
大豆,1949-09-01,$ / BU,1949,2.14,0.532,-0.1769,-0.1265
大豆,1949-10-01,$ / BU,1949,2.09,0.52,-0.0234,-0.0793
大豆,1949-11-01,$ / BU,1949,1.95,0.485,-0.067,-0.1737
大豆,1949-12-01,$ / BU,1949,2.09,0.52,0.0718,-0.1144
大豆,1950-01-01,$ / BU,1950,2.11,0.525,0.0096,-0.0705
大豆,1950-02-01,$ / BU,1950,2.12,0.527,0.0047,0.0341
大豆,1950-03-01,$ / BU,1950,2.25,0.56,0.0613,0.0613
大豆,1950-04-01,$ / BU,1950,2.48,0.617,0.1022,0.1923
大豆,1950-05-01,$ / BU,1950,2.71,0.674,0.0927,0.2431
大豆,1950-06-01,$ / BU,1950,2.8,0.697,0.0332,0.3333
大豆,1950-07-01,$ / BU,1950,2.93,0.729,0.0464,0.2907
大豆,1950-08-01,$ / BU,1950,2.42,0.602,-0.1741,-0.0692
大豆,1950-09-01,$ / BU,1950,2.26,0.562,-0.0661,0.0561
大豆,1950-10-01,$ / BU,1950,2.03,0.505,-0.1018,-0.0287
大豆,1950-11-01,$ / BU,1950,2.54,0.632,0.2512,0.3026
大豆,1950-12-01,$ / BU,1950,2.7,0.672,0.063,0.2919
大豆,1951-01-01,$ / BU,1951,2.9,0.721,0.0741,0.3744
大豆,1951-02-01,$ / BU,1951,3.08,0.766,0.0621,0.4528
大豆,1951-03-01,$ / BU,1951,3.1,0.771,0.0065,0.3778
大豆,1951-04-01,$ / BU,1951,3.12,0.776,0.0065,0.2581
大豆,1951-05-01,$ / BU,1951,3.13,0.779,0.0032,0.155
大豆,1951-06-01,$ / BU,1951,2.98,0.741,-0.0479,0.0643
大豆,1951-07-01,$ / BU,1951,2.86,0.711,-0.0403,-0.0239
大豆,1951-08-01,$ / BU,1951,2.71,0.674,-0.0524,0.1198
大豆,1951-09-01,$ / BU,1951,2.59,0.644,-0.0443,0.146
大豆,1951-10-01,$ / BU,1951,2.62,0.652,0.0116,0.2906
大豆,1951-11-01,$ / BU,1951,2.77,0.689,0.0573,0.0906
大豆,1951-12-01,$ / BU,1951,2.83,0.704,0.0217,0.0481
大豆,1952-01-01,$ / BU,1952,2.78,0.692,-0.0177,-0.0414
大豆,1952-02-01,$ / BU,1952,2.78,0.692,0.0,-0.0974
大豆,1952-03-01,$ / BU,1952,2.76,0.687,-0.0072,-0.1097
大豆,1952-04-01,$ / BU,1952,2.72,0.677,-0.0145,-0.1282
大豆,1952-05-01,$ / BU,1952,2.77,0.689,0.0184,-0.115
大豆,1952-06-01,$ / BU,1952,3.02,0.751,0.0903,0.0134
大豆,1952-07-01,$ / BU,1952,3.0,0.746,-0.0066,0.049
大豆,1952-08-01,$ / BU,1952,3.05,0.759,0.0167,0.1255
大豆,1952-09-01,$ / BU,1952,2.83,0.704,-0.0721,0.0927
大豆,1952-10-01,$ / BU,1952,2.71,0.674,-0.0424,0.0344
大豆,1952-11-01,$ / BU,1952,2.71,0.674,0.0,-0.0217
大豆,1952-12-01,$ / BU,1952,2.75,0.684,0.0148,-0.0283
大豆,1953-01-01,$ / BU,1953,2.69,0.669,-0.0218,-0.0324
大豆,1953-02-01,$ / BU,1953,2.63,0.654,-0.0223,-0.054
大豆,1953-03-01,$ / BU,1953,2.81,0.699,0.0684,0.0181
大豆,1953-04-01,$ / BU,1953,2.81,0.699,0.0,0.0331
大豆,1953-05-01,$ / BU,1953,2.78,0.692,-0.0107,0.0036
大豆,1953-06-01,$ / BU,1953,2.66,0.662,-0.0432,-0.1192
大豆,1953-07-01,$ / BU,1953,2.44,0.607,-0.0827,-0.1867
大豆,1953-08-01,$ / BU,1953,2.4,0.597,-0.0164,-0.2131
大豆,1953-09-01,$ / BU,1953,2.33,0.58,-0.0292,-0.1767
大豆,1953-10-01,$ / BU,1953,2.41,0.6,0.0343,-0.1107
大豆,1953-11-01,$ / BU,1953,2.6,0.647,0.0788,-0.0406
大豆,1953-12-01,$ / BU,1953,2.81,0.699,0.0808,0.0218
大豆,1954-01-01,$ / BU,1954,2.83,0.704,0.0071,0.052
大豆,1954-02-01,$ / BU,1954,2.97,0.739,0.0495,0.1293
大豆,1954-03-01,$ / BU,1954,3.22,0.801,0.0842,0.1459
大豆,1954-04-01,$ / BU,1954,3.52,0.876,0.0932,0.2527
大豆,1954-05-01,$ / BU,1954,3.55,0.883,0.0085,0.277
大豆,1954-06-01,$ / BU,1954,3.49,0.868,-0.0169,0.312
大豆,1954-07-01,$ / BU,1954,3.47,0.863,-0.0057,0.4221
大豆,1954-08-01,$ / BU,1954,3.23,0.803,-0.0692,0.3458
大豆,1954-09-01,$ / BU,1954,2.51,0.624,-0.2229,0.0773
大豆,1954-10-01,$ / BU,1954,2.54,0.632,0.012,0.0539
大豆,1954-11-01,$ / BU,1954,2.57,0.639,0.0118,-0.0115
大豆,1954-12-01,$ / BU,1954,2.57,0.639,0.0,-0.0854
大豆,1955-01-01,$ / BU,1955,2.58,0.642,0.0039,-0.0883
大豆,1955-02-01,$ / BU,1955,2.61,0.649,0.0116,-0.1212
大豆,1955-03-01,$ / BU,1955,2.54,0.632,-0.0268,-0.2112
大豆,1955-04-01,$ / BU,1955,2.42,0.602,-0.0472,-0.3125
大豆,1955-05-01,$ / BU,1955,2.36,0.587,-0.0248,-0.3352
大豆,1955-06-01,$ / BU,1955,2.32,0.577,-0.0169,-0.3352
大豆,1955-07-01,$ / BU,1955,2.23,0.555,-0.0388,-0.3573
大豆,1955-08-01,$ / BU,1955,2.2,0.547,-0.0135,-0.3189
大豆,1955-09-01,$ / BU,1955,2.0,0.498,-0.0909,-0.2032
大豆,1955-10-01,$ / BU,1955,2.08,0.517,0.04,-0.1811
大豆,1955-11-01,$ / BU,1955,2.06,0.512,-0.0096,-0.1984
大豆,1955-12-01,$ / BU,1955,2.11,0.525,0.0243,-0.179
大豆,1956-01-01,$ / BU,1956,2.19,0.545,0.0379,-0.1512
大豆,1956-02-01,$ / BU,1956,2.25,0.56,0.0274,-0.1379
大豆,1956-03-01,$ / BU,1956,2.38,0.592,0.0578,-0.063
大豆,1956-04-01,$ / BU,1956,2.63,0.654,0.105,0.0868
大豆,1956-05-01,$ / BU,1956,2.98,0.741,0.1331,0.2627
大豆,1956-06-01,$ / BU,1956,2.87,0.714,-0.0369,0.2371
大豆,1956-07-01,$ / BU,1956,2.47,0.614,-0.1394,0.1076
大豆,1956-08-01,$ / BU,1956,2.33,0.58,-0.0567,0.0591
大豆,1956-09-01,$ / BU,1956,2.07,0.515,-0.1116,0.035
大豆,1956-10-01,$ / BU,1956,2.07,0.515,0.0,-0.0048
大豆,1956-11-01,$ / BU,1956,2.27,0.565,0.0966,0.1019
大豆,1956-12-01,$ / BU,1956,2.27,0.565,0.0,0.0758
大豆,1957-01-01,$ / BU,1957,2.31,0.575,0.0176,0.0548
大豆,1957-02-01,$ / BU,1957,2.25,0.56,-0.026,0.0
大豆,1957-03-01,$ / BU,1957,2.26,0.562,0.0044,-0.0504
大豆,1957-04-01,$ / BU,1957,2.24,0.557,-0.0088,-0.1483
大豆,1957-05-01,$ / BU,1957,2.23,0.555,-0.0045,-0.2517
大豆,1957-06-01,$ / BU,1957,2.18,0.542,-0.0224,-0.2404
大豆,1957-07-01,$ / BU,1957,2.24,0.557,0.0275,-0.0931
大豆,1957-08-01,$ / BU,1957,2.27,0.565,0.0134,-0.0258
大豆,1957-09-01,$ / BU,1957,2.13,0.53,-0.0617,0.029
大豆,1957-10-01,$ / BU,1957,2.04,0.507,-0.0423,-0.0145
大豆,1957-11-01,$ / BU,1957,2.04,0.507,0.0,-0.1013
大豆,1957-12-01,$ / BU,1957,2.06,0.512,0.0098,-0.0925
大豆,1958-01-01,$ / BU,1958,2.05,0.51,-0.0049,-0.1126
大豆,1958-02-01,$ / BU,1958,2.05,0.51,0.0,-0.0889
大豆,1958-03-01,$ / BU,1958,2.1,0.522,0.0244,-0.0708
大豆,1958-04-01,$ / BU,1958,2.16,0.537,0.0286,-0.0357
大豆,1958-05-01,$ / BU,1958,2.13,0.53,-0.0139,-0.0448
大豆,1958-06-01,$ / BU,1958,2.13,0.53,0.0,-0.0229
大豆,1958-07-01,$ / BU,1958,2.11,0.525,-0.0094,-0.058
大豆,1958-08-01,$ / BU,1958,2.11,0.525,0.0,-0.0705
大豆,1958-09-01,$ / BU,1958,1.98,0.493,-0.0616,-0.0704
大豆,1958-10-01,$ / BU,1958,1.93,0.48,-0.0253,-0.0539
大豆,1958-11-01,$ / BU,1958,1.89,0.47,-0.0207,-0.0735
大豆,1958-12-01,$ / BU,1958,1.97,0.49,0.0423,-0.0437
大豆,1959-01-01,$ / BU,1959,2.02,0.502,0.0254,-0.0146
大豆,1959-02-01,$ / BU,1959,2.05,0.51,0.0149,0.0
大豆,1959-03-01,$ / BU,1959,2.07,0.515,0.0098,-0.0143
大豆,1959-04-01,$ / BU,1959,2.1,0.522,0.0145,-0.0278
大豆,1959-05-01,$ / BU,1959,2.13,0.53,0.0143,0.0
大豆,1959-06-01,$ / BU,1959,2.09,0.52,-0.0188,-0.0188
大豆,1959-07-01,$ / BU,1959,2.05,0.51,-0.0191,-0.0284
大豆,1959-08-01,$ / BU,1959,1.98,0.493,-0.0341,-0.0616
大豆,1959-09-01,$ / BU,1959,1.9,0.473,-0.0404,-0.0404
大豆,1959-10-01,$ / BU,1959,1.93,0.48,0.0158,0.0
大豆,1959-11-01,$ / BU,1959,2.0,0.498,0.0363,0.0582
大豆,1959-12-01,$ / BU,1959,1.98,0.493,-0.01,0.0051
大豆,1960-01-01,$ / BU,1960,2.01,0.5,0.0152,-0.005
大豆,1960-02-01,$ / BU,1960,1.99,0.495,-0.01,-0.0293
大豆,1960-03-01,$ / BU,1960,1.99,0.495,0.0,-0.0386
大豆,1960-04-01,$ / BU,1960,2.02,0.502,0.0151,-0.0381
大豆,1960-05-01,$ / BU,1960,2.0,0.498,-0.0099,-0.061
大豆,1960-06-01,$ / BU,1960,1.97,0.49,-0.015,-0.0574
大豆,1960-07-01,$ / BU,1960,1.97,0.49,0.0,-0.039
大豆,1960-08-01,$ / BU,1960,1.99,0.495,0.0102,0.0051
大豆,1960-09-01,$ / BU,1960,1.97,0.49,-0.0101,0.0368
大豆,1960-10-01,$ / BU,1960,1.94,0.483,-0.0152,0.0052
大豆,1960-11-01,$ / BU,1960,1.96,0.488,0.0103,-0.02
大豆,1960-12-01,$ / BU,1960,1.99,0.495,0.0153,0.0051
大豆,1961-01-01,$ / BU,1961,2.23,0.555,0.1206,0.1095
大豆,1961-02-01,$ / BU,1961,2.48,0.617,0.1121,0.2462
大豆,1961-03-01,$ / BU,1961,2.68,0.667,0.0806,0.3467
大豆,1961-04-01,$ / BU,1961,3.02,0.751,0.1269,0.495
大豆,1961-05-01,$ / BU,1961,2.96,0.736,-0.0199,0.48
大豆,1961-06-01,$ / BU,1961,2.6,0.647,-0.1216,0.3198
大豆,1961-07-01,$ / BU,1961,2.48,0.617,-0.0462,0.2589
大豆,1961-08-01,$ / BU,1961,2.49,0.619,0.004,0.2513
大豆,1961-09-01,$ / BU,1961,2.34,0.582,-0.0602,0.1878
大豆,1961-10-01,$ / BU,1961,2.2,0.547,-0.0598,0.134
大豆,1961-11-01,$ / BU,1961,2.27,0.565,0.0318,0.1582
大豆,1961-12-01,$ / BU,1961,2.3,0.572,0.0132,0.1558
大豆,1962-01-01,$ / BU,1962,2.32,0.577,0.0087,0.0404
大豆,1962-02-01,$ / BU,1962,2.32,0.577,0.0,-0.0645
大豆,1962-03-01,$ / BU,1962,2.34,0.582,0.0086,-0.1269
大豆,1962-04-01,$ / BU,1962,2.38,0.592,0.0171,-0.2119
大豆,1962-05-01,$ / BU,1962,2.36,0.587,-0.0084,-0.2027
大豆,1962-06-01,$ / BU,1962,2.34,0.582,-0.0085,-0.1
大豆,1962-07-01,$ / BU,1962,2.35,0.585,0.0043,-0.0524
大豆,1962-08-01,$ / BU,1962,2.33,0.58,-0.0085,-0.0643
大豆,1962-09-01,$ / BU,1962,2.25,0.56,-0.0343,-0.0385
大豆,1962-10-01,$ / BU,1962,2.23,0.555,-0.0089,0.0136
大豆,1962-11-01,$ / BU,1962,2.3,0.572,0.0314,0.0132
大豆,1962-12-01,$ / BU,1962,2.35,0.585,0.0217,0.0217
大豆,1963-01-01,$ / BU,1963,2.41,0.6,0.0255,0.0388
大豆,1963-02-01,$ / BU,1963,2.5,0.622,0.0373,0.0776
大豆,1963-03-01,$ / BU,1963,2.51,0.624,0.004,0.0726
大豆,1963-04-01,$ / BU,1963,2.45,0.609,-0.0239,0.0294
大豆,1963-05-01,$ / BU,1963,2.47,0.614,0.0082,0.0466
大豆,1963-06-01,$ / BU,1963,2.48,0.617,0.004,0.0598
大豆,1963-07-01,$ / BU,1963,2.44,0.607,-0.0161,0.0383
大豆,1963-08-01,$ / BU,1963,2.45,0.609,0.0041,0.0515
大豆,1963-09-01,$ / BU,1963,2.44,0.607,-0.0041,0.0844
大豆,1963-10-01,$ / BU,1963,2.56,0.637,0.0492,0.148
大豆,1963-11-01,$ / BU,1963,2.66,0.662,0.0391,0.1565
大豆,1963-12-01,$ / BU,1963,2.58,0.642,-0.0301,0.0979
大豆,1964-01-01,$ / BU,1964,2.65,0.659,0.0271,0.0996
大豆,1964-02-01,$ / BU,1964,2.57,0.639,-0.0302,0.028
大豆,1964-03-01,$ / BU,1964,2.55,0.634,-0.0078,0.0159
大豆,1964-04-01,$ / BU,1964,2.45,0.609,-0.0392,0.0
大豆,1964-05-01,$ / BU,1964,2.36,0.587,-0.0367,-0.0445
大豆,1964-06-01,$ / BU,1964,2.35,0.585,-0.0042,-0.0524
大豆,1964-07-01,$ / BU,1964,2.34,0.582,-0.0043,-0.041
大豆,1964-08-01,$ / BU,1964,2.35,0.585,0.0043,-0.0408
大豆,1964-09-01,$ / BU,1964,2.51,0.624,0.0681,0.0287
大豆,1964-10-01,$ / BU,1964,2.55,0.634,0.0159,-0.0039
大豆,1964-11-01,$ / BU,1964,2.57,0.639,0.0078,-0.0338
大豆,1964-12-01,$ / BU,1964,2.71,0.674,0.0545,0.0504
大豆,1965-01-01,$ / BU,1965,2.73,0.679,0.0074,0.0302
大豆,1965-02-01,$ / BU,1965,2.81,0.699,0.0293,0.0934
大豆,1965-03-01,$ / BU,1965,2.85,0.709,0.0142,0.1176
大豆,1965-04-01,$ / BU,1965,2.85,0.709,0.0,0.1633
大豆,1965-05-01,$ / BU,1965,2.72,0.677,-0.0456,0.1525
大豆,1965-06-01,$ / BU,1965,2.74,0.682,0.0074,0.166
大豆,1965-07-01,$ / BU,1965,2.69,0.669,-0.0182,0.1496
大豆,1965-08-01,$ / BU,1965,2.53,0.629,-0.0595,0.0766
大豆,1965-09-01,$ / BU,1965,2.35,0.585,-0.0711,-0.0637
大豆,1965-10-01,$ / BU,1965,2.31,0.575,-0.017,-0.0941
大豆,1965-11-01,$ / BU,1965,2.36,0.587,0.0216,-0.0817
大豆,1965-12-01,$ / BU,1965,2.48,0.617,0.0508,-0.0849
大豆,1966-01-01,$ / BU,1966,2.67,0.664,0.0766,-0.022
大豆,1966-02-01,$ / BU,1966,2.77,0.689,0.0375,-0.0142
大豆,1966-03-01,$ / BU,1966,2.71,0.674,-0.0217,-0.0491
大豆,1966-04-01,$ / BU,1966,2.78,0.692,0.0258,-0.0246
大豆,1966-05-01,$ / BU,1966,2.9,0.721,0.0432,0.0662
大豆,1966-06-01,$ / BU,1966,3.04,0.756,0.0483,0.1095
大豆,1966-07-01,$ / BU,1966,3.37,0.838,0.1086,0.2528
大豆,1966-08-01,$ / BU,1966,3.49,0.868,0.0356,0.3794
大豆,1966-09-01,$ / BU,1966,2.97,0.739,-0.149,0.2638
大豆,1966-10-01,$ / BU,1966,2.78,0.692,-0.064,0.2035
大豆,1966-11-01,$ / BU,1966,2.8,0.697,0.0072,0.1864
大豆,1966-12-01,$ / BU,1966,2.82,0.701,0.0071,0.1371
大豆,1967-01-01,$ / BU,1967,2.77,0.689,-0.0177,0.0375
大豆,1967-02-01,$ / BU,1967,2.71,0.674,-0.0217,-0.0217
大豆,1967-03-01,$ / BU,1967,2.74,0.682,0.0111,0.0111
大豆,1967-04-01,$ / BU,1967,2.71,0.674,-0.0109,-0.0252
大豆,1967-05-01,$ / BU,1967,2.69,0.669,-0.0074,-0.0724
大豆,1967-06-01,$ / BU,1967,2.71,0.674,0.0074,-0.1086
大豆,1967-07-01,$ / BU,1967,2.66,0.662,-0.0185,-0.2107
大豆,1967-08-01,$ / BU,1967,2.56,0.637,-0.0376,-0.2665
大豆,1967-09-01,$ / BU,1967,2.53,0.629,-0.0117,-0.1481
大豆,1967-10-01,$ / BU,1967,2.44,0.607,-0.0356,-0.1223
大豆,1967-11-01,$ / BU,1967,2.43,0.604,-0.0041,-0.1321
大豆,1967-12-01,$ / BU,1967,2.48,0.617,0.0206,-0.1206
大豆,1968-01-01,$ / BU,1968,2.53,0.629,0.0202,-0.0866
大豆,1968-02-01,$ / BU,1968,2.57,0.639,0.0158,-0.0517
大豆,1968-03-01,$ / BU,1968,2.57,0.639,0.0,-0.062
大豆,1968-04-01,$ / BU,1968,2.56,0.637,-0.0039,-0.0554
大豆,1968-05-01,$ / BU,1968,2.58,0.642,0.0078,-0.0409
大豆,1968-06-01,$ / BU,1968,2.54,0.632,-0.0155,-0.0627
大豆,1968-07-01,$ / BU,1968,2.52,0.627,-0.0079,-0.0526
大豆,1968-08-01,$ / BU,1968,2.51,0.624,-0.004,-0.0195
大豆,1968-09-01,$ / BU,1968,2.4,0.597,-0.0438,-0.0514
大豆,1968-10-01,$ / BU,1968,2.32,0.577,-0.0333,-0.0492
大豆,1968-11-01,$ / BU,1968,2.4,0.597,0.0345,-0.0123
大豆,1968-12-01,$ / BU,1968,2.42,0.602,0.0083,-0.0242
大豆,1969-01-01,$ / BU,1969,2.46,0.612,0.0165,-0.0277
大豆,1969-02-01,$ / BU,1969,2.48,0.617,0.0081,-0.035
大豆,1969-03-01,$ / BU,1969,2.48,0.617,0.0,-0.035
大豆,1969-04-01,$ / BU,1969,2.51,0.624,0.0121,-0.0195
大豆,1969-05-01,$ / BU,1969,2.56,0.637,0.0199,-0.0078
大豆,1969-06-01,$ / BU,1969,2.52,0.627,-0.0156,-0.0079
大豆,1969-07-01,$ / BU,1969,2.52,0.627,0.0,0.0
大豆,1969-08-01,$ / BU,1969,2.51,0.624,-0.004,0.0
大豆,1969-09-01,$ / BU,1969,2.28,0.567,-0.0916,-0.05
大豆,1969-10-01,$ / BU,1969,2.23,0.555,-0.0219,-0.0388
大豆,1969-11-01,$ / BU,1969,2.3,0.572,0.0314,-0.0417
大豆,1969-12-01,$ / BU,1969,2.3,0.572,0.0,-0.0496
大豆,1970-01-01,$ / BU,1970,2.36,0.587,0.0261,-0.0407
大豆,1970-02-01,$ / BU,1970,2.4,0.597,0.0169,-0.0323
大豆,1970-03-01,$ / BU,1970,2.42,0.602,0.0083,-0.0242
大豆,1970-04-01,$ / BU,1970,2.48,0.617,0.0248,-0.012
大豆,1970-05-01,$ / BU,1970,2.52,0.627,0.0161,-0.0156
大豆,1970-06-01,$ / BU,1970,2.6,0.647,0.0317,0.0317
大豆,1970-07-01,$ / BU,1970,2.72,0.677,0.0462,0.0794
大豆,1970-08-01,$ / BU,1970,2.65,0.659,-0.0257,0.0558
大豆,1970-09-01,$ / BU,1970,2.66,0.662,0.0038,0.1667
大豆,1970-10-01,$ / BU,1970,2.77,0.689,0.0414,0.2422
大豆,1970-11-01,$ / BU,1970,2.86,0.711,0.0325,0.2435
大豆,1970-12-01,$ / BU,1970,2.77,0.689,-0.0315,0.2043
大豆,1971-01-01,$ / BU,1971,2.86,0.711,0.0325,0.2119
大豆,1971-02-01,$ / BU,1971,2.92,0.726,0.021,0.2167
大豆,1971-03-01,$ / BU,1971,2.91,0.724,-0.0034,0.2025
大豆,1971-04-01,$ / BU,1971,2.8,0.697,-0.0378,0.129
大豆,1971-05-01,$ / BU,1971,2.85,0.709,0.0179,0.131
大豆,1971-06-01,$ / BU,1971,2.98,0.741,0.0456,0.1462
大豆,1971-07-01,$ / BU,1971,3.18,0.791,0.0671,0.1691
大豆,1971-08-01,$ / BU,1971,3.09,0.769,-0.0283,0.166
大豆,1971-09-01,$ / BU,1971,2.95,0.734,-0.0453,0.109
大豆,1971-10-01,$ / BU,1971,2.96,0.736,0.0034,0.0686
大豆,1971-11-01,$ / BU,1971,2.84,0.706,-0.0405,-0.007
大豆,1971-12-01,$ / BU,1971,2.93,0.729,0.0317,0.0578
大豆,1972-01-01,$ / BU,1972,2.92,0.726,-0.0034,0.021
大豆,1972-02-01,$ / BU,1972,3.0,0.746,0.0274,0.0274
大豆,1972-03-01,$ / BU,1972,3.2,0.796,0.0667,0.0997
大豆,1972-04-01,$ / BU,1972,3.37,0.838,0.0531,0.2036
大豆,1972-05-01,$ / BU,1972,3.35,0.833,-0.0059,0.1754
大豆,1972-06-01,$ / BU,1972,3.32,0.826,-0.009,0.1141
大豆,1972-07-01,$ / BU,1972,3.34,0.831,0.006,0.0503
大豆,1972-08-01,$ / BU,1972,3.36,0.836,0.006,0.0874
大豆,1972-09-01,$ / BU,1972,3.26,0.811,-0.0298,0.1051
大豆,1972-10-01,$ / BU,1972,3.13,0.779,-0.0399,0.0574
大豆,1972-11-01,$ / BU,1972,3.38,0.841,0.0799,0.1901
大豆,1972-12-01,$ / BU,1972,3.95,0.983,0.1686,0.3481
大豆,1973-01-01,$ / BU,1973,4.11,1.022,0.0405,0.4075
大豆,1973-02-01,$ / BU,1973,5.49,1.366,0.3358,0.83
大豆,1973-03-01,$ / BU,1973,6.04,1.502,0.1002,0.8875
大豆,1973-04-01,$ / BU,1973,6.14,1.527,0.0166,0.822
大豆,1973-05-01,$ / BU,1973,8.27,2.057,0.3469,1.4687
大豆,1973-06-01,$ / BU,1973,10.0,2.488,0.2092,2.012
大豆,1973-07-01,$ / BU,1973,6.69,1.664,-0.331,1.003
大豆,1973-08-01,$ / BU,1973,8.99,2.236,0.3438,1.6756
大豆,1973-09-01,$ / BU,1973,5.81,1.445,-0.3537,0.7822
大豆,1973-10-01,$ / BU,1973,5.63,1.4,-0.031,0.7987
大豆,1973-11-01,$ / BU,1973,5.14,1.279,-0.087,0.5207
大豆,1973-12-01,$ / BU,1973,5.65,1.405,0.0992,0.4304
大豆,1974-01-01,$ / BU,1974,5.87,1.46,0.0389,0.4282
大豆,1974-02-01,$ / BU,1974,6.07,1.51,0.0341,0.1056
大豆,1974-03-01,$ / BU,1974,5.96,1.483,-0.0181,-0.0132
大豆,1974-04-01,$ / BU,1974,5.15,1.281,-0.1359,-0.1612
大豆,1974-05-01,$ / BU,1974,5.21,1.296,0.0117,-0.37
大豆,1974-06-01,$ / BU,1974,5.13,1.276,-0.0154,-0.487
大豆,1974-07-01,$ / BU,1974,6.11,1.52,0.191,-0.0867
大豆,1974-08-01,$ / BU,1974,7.55,1.878,0.2357,-0.1602
大豆,1974-09-01,$ / BU,1974,7.32,1.821,-0.0305,0.2599
大豆,1974-10-01,$ / BU,1974,8.17,2.032,0.1161,0.4512
大豆,1974-11-01,$ / BU,1974,7.44,1.851,-0.0894,0.4475
大豆,1974-12-01,$ / BU,1974,7.03,1.749,-0.0551,0.2442
大豆,1975-01-01,$ / BU,1975,6.3,1.567,-0.1038,0.0733
大豆,1975-02-01,$ / BU,1975,5.72,1.423,-0.0921,-0.0577
大豆,1975-03-01,$ / BU,1975,5.31,1.321,-0.0717,-0.1091
大豆,1975-04-01,$ / BU,1975,5.6,1.393,0.0546,0.0874
大豆,1975-05-01,$ / BU,1975,5.0,1.244,-0.1071,-0.0403
大豆,1975-06-01,$ / BU,1975,4.9,1.219,-0.02,-0.0448
大豆,1975-07-01,$ / BU,1975,5.28,1.313,0.0776,-0.1358
大豆,1975-08-01,$ / BU,1975,5.8,1.443,0.0985,-0.2318
大豆,1975-09-01,$ / BU,1975,5.32,1.323,-0.0828,-0.2732
大豆,1975-10-01,$ / BU,1975,4.92,1.224,-0.0752,-0.3978
大豆,1975-11-01,$ / BU,1975,4.45,1.107,-0.0955,-0.4019
大豆,1975-12-01,$ / BU,1975,4.28,1.065,-0.0382,-0.3912
大豆,1976-01-01,$ / BU,1976,4.46,1.109,0.0421,-0.2921
大豆,1976-02-01,$ / BU,1976,4.5,1.119,0.009,-0.2133
大豆,1976-03-01,$ / BU,1976,4.46,1.109,-0.0089,-0.1601
大豆,1976-04-01,$ / BU,1976,4.52,1.124,0.0135,-0.1929
大豆,1976-05-01,$ / BU,1976,4.87,1.211,0.0774,-0.026
大豆,1976-06-01,$ / BU,1976,6.16,1.532,0.2649,0.2571
大豆,1976-07-01,$ / BU,1976,6.73,1.674,0.0925,0.2746
大豆,1976-08-01,$ / BU,1976,6.07,1.51,-0.0981,0.0466
大豆,1976-09-01,$ / BU,1976,6.65,1.654,0.0956,0.25
大豆,1976-10-01,$ / BU,1976,5.9,1.468,-0.1128,0.1992
大豆,1976-11-01,$ / BU,1976,6.11,1.52,0.0356,0.373
大豆,1976-12-01,$ / BU,1976,6.56,1.632,0.0736,0.5327
大豆,1977-01-01,$ / BU,1977,6.81,1.694,0.0381,0.5269
大豆,1977-02-01,$ / BU,1977,7.06,1.756,0.0367,0.5689
大豆,1977-03-01,$ / BU,1977,7.83,1.948,0.1091,0.7556
大豆,1977-04-01,$ / BU,1977,9.05,2.251,0.1558,1.0022
大豆,1977-05-01,$ / BU,1977,9.24,2.298,0.021,0.8973
大豆,1977-06-01,$ / BU,1977,8.13,2.022,-0.1201,0.3198
大豆,1977-07-01,$ / BU,1977,6.52,1.622,-0.198,-0.0312
大豆,1977-08-01,$ / BU,1977,5.48,1.363,-0.1595,-0.0972
大豆,1977-09-01,$ / BU,1977,5.17,1.286,-0.0566,-0.2226
大豆,1977-10-01,$ / BU,1977,5.28,1.313,0.0213,-0.1051
大豆,1977-11-01,$ / BU,1977,5.61,1.396,0.0625,-0.0818
大豆,1977-12-01,$ / BU,1977,5.68,1.413,0.0125,-0.1341
大豆,1978-01-01,$ / BU,1978,5.75,1.43,0.0123,-0.1557
大豆,1978-02-01,$ / BU,1978,5.53,1.376,-0.0383,-0.2167
大豆,1978-03-01,$ / BU,1978,6.2,1.542,0.1212,-0.2082
大豆,1978-04-01,$ / BU,1978,6.49,1.614,0.0468,-0.2829
大豆,1978-05-01,$ / BU,1978,6.77,1.684,0.0431,-0.2673
大豆,1978-06-01,$ / BU,1978,6.69,1.664,-0.0118,-0.1771
大豆,1978-07-01,$ / BU,1978,6.4,1.592,-0.0433,-0.0184
大豆,1978-08-01,$ / BU,1978,6.21,1.545,-0.0297,0.1332
大豆,1978-09-01,$ / BU,1978,6.2,1.542,-0.0016,0.1992
大豆,1978-10-01,$ / BU,1978,6.26,1.557,0.0097,0.1856
大豆,1978-11-01,$ / BU,1978,6.41,1.595,0.024,0.1426
大豆,1978-12-01,$ / BU,1978,6.49,1.614,0.0125,0.1426
大豆,1979-01-01,$ / BU,1979,6.58,1.637,0.0139,0.1443
大豆,1979-02-01,$ / BU,1979,6.99,1.739,0.0623,0.264
大豆,1979-03-01,$ / BU,1979,7.16,1.781,0.0243,0.1548
大豆,1979-04-01,$ / BU,1979,7.06,1.756,-0.014,0.0878
大豆,1979-05-01,$ / BU,1979,7.06,1.756,0.0,0.0428
大豆,1979-06-01,$ / BU,1979,7.36,1.831,0.0425,0.1001
大豆,1979-07-01,$ / BU,1979,7.36,1.831,0.0,0.15
大豆,1979-08-01,$ / BU,1979,7.07,1.759,-0.0394,0.1385
大豆,1979-09-01,$ / BU,1979,6.81,1.694,-0.0368,0.0984
大豆,1979-10-01,$ / BU,1979,6.35,1.58,-0.0675,0.0144
大豆,1979-11-01,$ / BU,1979,6.3,1.567,-0.0079,-0.0172
大豆,1979-12-01,$ / BU,1979,6.27,1.56,-0.0048,-0.0339
大豆,1980-01-01,$ / BU,1980,6.39,1.59,0.0191,-0.0289
大豆,1980-02-01,$ / BU,1980,6.2,1.542,-0.0297,-0.113
大豆,1980-03-01,$ / BU,1980,5.94,1.478,-0.0419,-0.1704
大豆,1980-04-01,$ / BU,1980,5.63,1.4,-0.0522,-0.2025
大豆,1980-05-01,$ / BU,1980,5.76,1.433,0.0231,-0.1841
大豆,1980-06-01,$ / BU,1980,5.91,1.47,0.026,-0.197
大豆,1980-07-01,$ / BU,1980,6.75,1.679,0.1421,-0.0829
大豆,1980-08-01,$ / BU,1980,7.18,1.786,0.0637,0.0156
大豆,1980-09-01,$ / BU,1980,7.59,1.888,0.0571,0.1145
大豆,1980-10-01,$ / BU,1980,7.68,1.91,0.0119,0.2094
大豆,1980-11-01,$ / BU,1980,8.18,2.035,0.0651,0.2984
大豆,1980-12-01,$ / BU,1980,7.8,1.94,-0.0465,0.244
大豆,1981-01-01,$ / BU,1981,7.8,1.94,0.0,0.2207
大豆,1981-02-01,$ / BU,1981,7.5,1.866,-0.0385,0.2097
大豆,1981-03-01,$ / BU,1981,7.59,1.888,0.012,0.2778
大豆,1981-04-01,$ / BU,1981,7.6,1.891,0.0013,0.3499
大豆,1981-05-01,$ / BU,1981,7.4,1.841,-0.0263,0.2847
大豆,1981-06-01,$ / BU,1981,7.05,1.754,-0.0473,0.1929
大豆,1981-07-01,$ / BU,1981,7.13,1.774,0.0113,0.0563
大豆,1981-08-01,$ / BU,1981,6.71,1.669,-0.0589,-0.0655
大豆,1981-09-01,$ / BU,1981,6.21,1.545,-0.0745,-0.1818
大豆,1981-10-01,$ / BU,1981,6.06,1.507,-0.0242,-0.2109
大豆,1981-11-01,$ / BU,1981,6.04,1.502,-0.0033,-0.2616
大豆,1981-12-01,$ / BU,1981,6.0,1.493,-0.0066,-0.2308
大豆,1982-01-01,$ / BU,1982,6.13,1.525,0.0217,-0.2141
大豆,1982-02-01,$ / BU,1982,6.04,1.502,-0.0147,-0.1947
大豆,1982-03-01,$ / BU,1982,5.99,1.49,-0.0083,-0.2108
大豆,1982-04-01,$ / BU,1982,6.17,1.535,0.0301,-0.1882
大豆,1982-05-01,$ / BU,1982,6.27,1.56,0.0162,-0.1527
大豆,1982-06-01,$ / BU,1982,6.12,1.522,-0.0239,-0.1319
大豆,1982-07-01,$ / BU,1982,5.99,1.49,-0.0212,-0.1599
大豆,1982-08-01,$ / BU,1982,5.59,1.391,-0.0668,-0.1669
大豆,1982-09-01,$ / BU,1982,5.22,1.299,-0.0662,-0.1594
大豆,1982-10-01,$ / BU,1982,5.06,1.259,-0.0307,-0.165
大豆,1982-11-01,$ / BU,1982,5.34,1.328,0.0553,-0.1159
大豆,1982-12-01,$ / BU,1982,5.46,1.358,0.0225,-0.09
大豆,1983-01-01,$ / BU,1983,5.56,1.383,0.0183,-0.093
大豆,1983-02-01,$ / BU,1983,5.66,1.408,0.018,-0.0629
大豆,1983-03-01,$ / BU,1983,5.82,1.448,0.0283,-0.0284
大豆,1983-04-01,$ / BU,1983,6.09,1.515,0.0464,-0.013
大豆,1983-05-01,$ / BU,1983,6.06,1.507,-0.0049,-0.0335
大豆,1983-06-01,$ / BU,1983,5.9,1.468,-0.0264,-0.0359
大豆,1983-07-01,$ / BU,1983,6.27,1.56,0.0627,0.0467
大豆,1983-08-01,$ / BU,1983,7.57,1.883,0.2073,0.3542
大豆,1983-09-01,$ / BU,1983,8.28,2.06,0.0938,0.5862
大豆,1983-10-01,$ / BU,1983,7.96,1.98,-0.0386,0.5731
大豆,1983-11-01,$ / BU,1983,7.81,1.943,-0.0188,0.4625
大豆,1983-12-01,$ / BU,1983,7.75,1.928,-0.0077,0.4194
大豆,1984-01-01,$ / BU,1984,7.85,1.953,0.0129,0.4119
大豆,1984-02-01,$ / BU,1984,7.28,1.811,-0.0726,0.2862
大豆,1984-03-01,$ / BU,1984,7.68,1.91,0.0549,0.3196
大豆,1984-04-01,$ / BU,1984,7.83,1.948,0.0195,0.2857
大豆,1984-05-01,$ / BU,1984,8.12,2.02,0.037,0.3399
大豆,1984-06-01,$ / BU,1984,7.99,1.988,-0.016,0.3542
大豆,1984-07-01,$ / BU,1984,6.95,1.729,-0.1302,0.1085
大豆,1984-08-01,$ / BU,1984,6.5,1.617,-0.0647,-0.1413
大豆,1984-09-01,$ / BU,1984,6.09,1.515,-0.0631,-0.2645
大豆,1984-10-01,$ / BU,1984,6.07,1.51,-0.0033,-0.2374
大豆,1984-11-01,$ / BU,1984,6.01,1.495,-0.0099,-0.2305
大豆,1984-12-01,$ / BU,1984,5.82,1.448,-0.0316,-0.249
大豆,1985-01-01,$ / BU,1985,5.91,1.47,0.0155,-0.2471
大豆,1985-02-01,$ / BU,1985,5.77,1.435,-0.0237,-0.2074
大豆,1985-03-01,$ / BU,1985,5.88,1.463,0.0191,-0.2344
大豆,1985-04-01,$ / BU,1985,5.88,1.463,0.0,-0.249
大豆,1985-05-01,$ / BU,1985,5.7,1.418,-0.0306,-0.298
大豆,1985-06-01,$ / BU,1985,5.62,1.398,-0.014,-0.2966
大豆,1985-07-01,$ / BU,1985,5.42,1.348,-0.0356,-0.2201
大豆,1985-08-01,$ / BU,1985,5.1,1.269,-0.059,-0.2154
大豆,1985-09-01,$ / BU,1985,4.99,1.241,-0.0216,-0.1806
大豆,1985-10-01,$ / BU,1985,4.85,1.206,-0.0281,-0.201
大豆,1985-11-01,$ / BU,1985,4.92,1.224,0.0144,-0.1814
大豆,1985-12-01,$ / BU,1985,5.01,1.246,0.0183,-0.1392
大豆,1986-01-01,$ / BU,1986,5.16,1.284,0.0299,-0.1269
大豆,1986-02-01,$ / BU,1986,5.18,1.289,0.0039,-0.1023
大豆,1986-03-01,$ / BU,1986,5.23,1.301,0.0097,-0.1105
大豆,1986-04-01,$ / BU,1986,5.23,1.301,0.0,-0.1105
大豆,1986-05-01,$ / BU,1986,5.25,1.306,0.0038,-0.0789
大豆,1986-06-01,$ / BU,1986,5.19,1.291,-0.0114,-0.0765
大豆,1986-07-01,$ / BU,1986,5.11,1.271,-0.0154,-0.0572
大豆,1986-08-01,$ / BU,1986,4.99,1.241,-0.0235,-0.0216
大豆,1986-09-01,$ / BU,1986,4.85,1.206,-0.0281,-0.0281
大豆,1986-10-01,$ / BU,1986,4.55,1.132,-0.0619,-0.0619
大豆,1986-11-01,$ / BU,1986,4.64,1.154,0.0198,-0.0569
大豆,1986-12-01,$ / BU,1986,4.67,1.162,0.0065,-0.0679
大豆,1987-01-01,$ / BU,1987,4.7,1.169,0.0064,-0.0891
大豆,1987-02-01,$ / BU,1987,4.69,1.167,-0.0021,-0.0946
大豆,1987-03-01,$ / BU,1987,4.73,1.177,0.0085,-0.0956
大豆,1987-04-01,$ / BU,1987,4.9,1.219,0.0359,-0.0631
大豆,1987-05-01,$ / BU,1987,5.2,1.294,0.0612,-0.0095
大豆,1987-06-01,$ / BU,1987,5.36,1.333,0.0308,0.0328
大豆,1987-07-01,$ / BU,1987,5.25,1.306,-0.0205,0.0274
大豆,1987-08-01,$ / BU,1987,5.02,1.249,-0.0438,0.006
大豆,1987-09-01,$ / BU,1987,5.02,1.249,0.0,0.0351
大豆,1987-10-01,$ / BU,1987,5.04,1.254,0.004,0.1077
大豆,1987-11-01,$ / BU,1987,5.36,1.333,0.0635,0.1552
大豆,1987-12-01,$ / BU,1987,5.63,1.4,0.0504,0.2056
大豆,1988-01-01,$ / BU,1988,5.73,1.425,0.0178,0.2191
大豆,1988-02-01,$ / BU,1988,5.96,1.483,0.0401,0.2708
大豆,1988-03-01,$ / BU,1988,6.05,1.505,0.0151,0.2791
大豆,1988-04-01,$ / BU,1988,6.39,1.59,0.0562,0.3041
大豆,1988-05-01,$ / BU,1988,6.98,1.736,0.0923,0.3423
大豆,1988-06-01,$ / BU,1988,8.18,2.035,0.1719,0.5261
大豆,1988-07-01,$ / BU,1988,8.5,2.114,0.0391,0.619
大豆,1988-08-01,$ / BU,1988,8.33,2.072,-0.02,0.6594
大豆,1988-09-01,$ / BU,1988,7.93,1.973,-0.048,0.5797
大豆,1988-10-01,$ / BU,1988,7.53,1.873,-0.0504,0.494
大豆,1988-11-01,$ / BU,1988,7.43,1.848,-0.0133,0.3862
大豆,1988-12-01,$ / BU,1988,7.53,1.873,0.0135,0.3375
大豆,1989-01-01,$ / BU,1989,7.69,1.913,0.0212,0.3421
大豆,1989-02-01,$ / BU,1989,7.41,1.843,-0.0364,0.2433
大豆,1989-03-01,$ / BU,1989,7.51,1.868,0.0135,0.2413
大豆,1989-04-01,$ / BU,1989,7.29,1.813,-0.0293,0.1408
大豆,1989-05-01,$ / BU,1989,7.2,1.791,-0.0123,0.0315
大豆,1989-06-01,$ / BU,1989,7.05,1.754,-0.0208,-0.1381
大豆,1989-07-01,$ / BU,1989,6.83,1.699,-0.0312,-0.1965
大豆,1989-08-01,$ / BU,1989,6.07,1.51,-0.1113,-0.2713
大豆,1989-09-01,$ / BU,1989,5.7,1.418,-0.061,-0.2812
大豆,1989-10-01,$ / BU,1989,5.55,1.381,-0.0263,-0.2629
大豆,1989-11-01,$ / BU,1989,5.66,1.408,0.0198,-0.2382
大豆,1989-12-01,$ / BU,1989,5.64,1.403,-0.0035,-0.251
大豆,1990-01-01,$ / BU,1990,5.65,1.405,0.0018,-0.2653
大豆,1990-02-01,$ / BU,1990,5.56,1.383,-0.0159,-0.2497
大豆,1990-03-01,$ / BU,1990,5.65,1.405,0.0162,-0.2477
大豆,1990-04-01,$ / BU,1990,5.82,1.448,0.0301,-0.2016
大豆,1990-05-01,$ / BU,1990,5.97,1.485,0.0258,-0.1708
大豆,1990-06-01,$ / BU,1990,5.88,1.463,-0.0151,-0.166
大豆,1990-07-01,$ / BU,1990,5.97,1.485,0.0153,-0.1259
大豆,1990-08-01,$ / BU,1990,6.0,1.493,0.005,-0.0115
大豆,1990-09-01,$ / BU,1990,5.99,1.49,-0.0017,0.0509
大豆,1990-10-01,$ / BU,1990,5.88,1.463,-0.0184,0.0595
大豆,1990-11-01,$ / BU,1990,5.78,1.438,-0.017,0.0212
大豆,1990-12-01,$ / BU,1990,5.72,1.423,-0.0104,0.0142
大豆,1991-01-01,$ / BU,1991,5.71,1.42,-0.0017,0.0106
大豆,1991-02-01,$ / BU,1991,5.65,1.405,-0.0105,0.0162
大豆,1991-03-01,$ / BU,1991,5.76,1.433,0.0195,0.0195
大豆,1991-04-01,$ / BU,1991,5.77,1.435,0.0017,-0.0086
大豆,1991-05-01,$ / BU,1991,5.67,1.41,-0.0173,-0.0503
大豆,1991-06-01,$ / BU,1991,5.56,1.383,-0.0194,-0.0544
大豆,1991-07-01,$ / BU,1991,5.36,1.333,-0.036,-0.1022
大豆,1991-08-01,$ / BU,1991,5.66,1.408,0.056,-0.0567
大豆,1991-09-01,$ / BU,1991,5.64,1.403,-0.0035,-0.0584
大豆,1991-10-01,$ / BU,1991,5.48,1.363,-0.0284,-0.068
大豆,1991-11-01,$ / BU,1991,5.48,1.363,0.0,-0.0519
大豆,1991-12-01,$ / BU,1991,5.45,1.356,-0.0055,-0.0472
大豆,1992-01-01,$ / BU,1992,5.54,1.378,0.0165,-0.0298
大豆,1992-02-01,$ / BU,1992,5.59,1.391,0.009,-0.0106
大豆,1992-03-01,$ / BU,1992,5.67,1.41,0.0143,-0.0156
大豆,1992-04-01,$ / BU,1992,5.66,1.408,-0.0018,-0.0191
大豆,1992-05-01,$ / BU,1992,5.87,1.46,0.0371,0.0353
大豆,1992-06-01,$ / BU,1992,5.94,1.478,0.0119,0.0683
大豆,1992-07-01,$ / BU,1992,5.59,1.391,-0.0589,0.0429
大豆,1992-08-01,$ / BU,1992,5.4,1.343,-0.034,-0.0459
大豆,1992-09-01,$ / BU,1992,5.36,1.333,-0.0074,-0.0496
大豆,1992-10-01,$ / BU,1992,5.26,1.308,-0.0187,-0.0401
大豆,1992-11-01,$ / BU,1992,5.36,1.333,0.019,-0.0219
大豆,1992-12-01,$ / BU,1992,5.61,1.396,0.0466,0.0294
大豆,1993-01-01,$ / BU,1993,5.58,1.388,-0.0053,0.0072
大豆,1993-02-01,$ / BU,1993,5.56,1.383,-0.0036,-0.0054
大豆,1993-03-01,$ / BU,1993,5.65,1.405,0.0162,-0.0035
大豆,1993-04-01,$ / BU,1993,5.73,1.425,0.0142,0.0124
大豆,1993-05-01,$ / BU,1993,5.81,1.445,0.014,-0.0102
大豆,1993-06-01,$ / BU,1993,5.9,1.468,0.0155,-0.0067
大豆,1993-07-01,$ / BU,1993,6.56,1.632,0.1119,0.1735
大豆,1993-08-01,$ / BU,1993,6.56,1.632,0.0,0.2148
大豆,1993-09-01,$ / BU,1993,6.21,1.545,-0.0534,0.1586
大豆,1993-10-01,$ / BU,1993,6.01,1.495,-0.0322,0.1426
大豆,1993-11-01,$ / BU,1993,6.32,1.572,0.0516,0.1791
大豆,1993-12-01,$ / BU,1993,6.64,1.652,0.0506,0.1836
大豆,1994-01-01,$ / BU,1994,6.72,1.672,0.012,0.2043
大豆,1994-02-01,$ / BU,1994,6.71,1.669,-0.0015,0.2068
大豆,1994-03-01,$ / BU,1994,6.73,1.674,0.003,0.1912
大豆,1994-04-01,$ / BU,1994,6.57,1.634,-0.0238,0.1466
大豆,1994-05-01,$ / BU,1994,6.77,1.684,0.0304,0.1652
大豆,1994-06-01,$ / BU,1994,6.72,1.672,-0.0074,0.139
大豆,1994-07-01,$ / BU,1994,5.92,1.473,-0.119,-0.0976
大豆,1994-08-01,$ / BU,1994,5.58,1.388,-0.0574,-0.1494
大豆,1994-09-01,$ / BU,1994,5.47,1.361,-0.0197,-0.1192
大豆,1994-10-01,$ / BU,1994,5.3,1.318,-0.0311,-0.1181
大豆,1994-11-01,$ / BU,1994,5.36,1.333,0.0113,-0.1519
大豆,1994-12-01,$ / BU,1994,5.41,1.346,0.0093,-0.1852
大豆,1995-01-01,$ / BU,1995,5.47,1.361,0.0111,-0.186
大豆,1995-02-01,$ / BU,1995,5.4,1.343,-0.0128,-0.1952
大豆,1995-03-01,$ / BU,1995,5.51,1.371,0.0204,-0.1813
大豆,1995-04-01,$ / BU,1995,5.55,1.381,0.0073,-0.1553
大豆,1995-05-01,$ / BU,1995,5.56,1.383,0.0018,-0.1787
大豆,1995-06-01,$ / BU,1995,5.68,1.413,0.0216,-0.1548
大豆,1995-07-01,$ / BU,1995,5.9,1.468,0.0387,-0.0034
大豆,1995-08-01,$ / BU,1995,5.83,1.45,-0.0119,0.0448
大豆,1995-09-01,$ / BU,1995,5.98,1.488,0.0257,0.0932
大豆,1995-10-01,$ / BU,1995,6.16,1.532,0.0301,0.1623
大豆,1995-11-01,$ / BU,1995,6.4,1.592,0.039,0.194
大豆,1995-12-01,$ / BU,1995,6.76,1.682,0.0562,0.2495
大豆,1996-01-01,$ / BU,1996,6.78,1.687,0.003,0.2395
大豆,1996-02-01,$ / BU,1996,7.0,1.741,0.0324,0.2963
大豆,1996-03-01,$ / BU,1996,7.0,1.741,0.0,0.2704
大豆,1996-04-01,$ / BU,1996,7.43,1.848,0.0614,0.3387
大豆,1996-05-01,$ / BU,1996,7.69,1.913,0.035,0.3831
大豆,1996-06-01,$ / BU,1996,7.41,1.843,-0.0364,0.3046
大豆,1996-07-01,$ / BU,1996,7.62,1.896,0.0283,0.2915
大豆,1996-08-01,$ / BU,1996,7.82,1.945,0.0262,0.3413
大豆,1996-09-01,$ / BU,1996,7.79,1.938,-0.0038,0.3027
大豆,1996-10-01,$ / BU,1996,6.94,1.726,-0.1091,0.1266
大豆,1996-11-01,$ / BU,1996,6.9,1.716,-0.0058,0.0781
大豆,1996-12-01,$ / BU,1996,6.91,1.719,0.0014,0.0222
大豆,1997-01-01,$ / BU,1997,7.13,1.774,0.0318,0.0516
大豆,1997-02-01,$ / BU,1997,7.38,1.836,0.0351,0.0543
大豆,1997-03-01,$ / BU,1997,7.97,1.983,0.0799,0.1386
大豆,1997-04-01,$ / BU,1997,8.23,2.047,0.0326,0.1077
大豆,1997-05-01,$ / BU,1997,8.4,2.09,0.0207,0.0923
大豆,1997-06-01,$ / BU,1997,8.16,2.03,-0.0286,0.1012
大豆,1997-07-01,$ / BU,1997,7.52,1.871,-0.0784,-0.0131
大豆,1997-08-01,$ / BU,1997,7.25,1.803,-0.0359,-0.0729
大豆,1997-09-01,$ / BU,1997,6.72,1.672,-0.0731,-0.1374
大豆,1997-10-01,$ / BU,1997,6.49,1.614,-0.0342,-0.0648
大豆,1997-11-01,$ / BU,1997,6.86,1.706,0.057,-0.0058
大豆,1997-12-01,$ / BU,1997,6.72,1.672,-0.0204,-0.0275
大豆,1998-01-01,$ / BU,1998,6.69,1.664,-0.0045,-0.0617
大豆,1998-02-01,$ / BU,1998,6.57,1.634,-0.0179,-0.1098
大豆,1998-03-01,$ / BU,1998,6.4,1.592,-0.0259,-0.197
大豆,1998-04-01,$ / BU,1998,6.26,1.557,-0.0219,-0.2394
大豆,1998-05-01,$ / BU,1998,6.26,1.557,0.0,-0.2548
大豆,1998-06-01,$ / BU,1998,6.16,1.532,-0.016,-0.2451
大豆,1998-07-01,$ / BU,1998,6.14,1.527,-0.0032,-0.1835
大豆,1998-08-01,$ / BU,1998,5.43,1.351,-0.1156,-0.251
大豆,1998-09-01,$ / BU,1998,5.25,1.306,-0.0331,-0.2188
大豆,1998-10-01,$ / BU,1998,5.18,1.289,-0.0133,-0.2018
大豆,1998-11-01,$ / BU,1998,5.39,1.341,0.0405,-0.2143
大豆,1998-12-01,$ / BU,1998,5.37,1.336,-0.0037,-0.2009
大豆,1999-01-01,$ / BU,1999,5.32,1.323,-0.0093,-0.2048
大豆,1999-02-01,$ / BU,1999,4.8,1.194,-0.0977,-0.2694
大豆,1999-03-01,$ / BU,1999,4.61,1.147,-0.0396,-0.2797
大豆,1999-04-01,$ / BU,1999,4.63,1.152,0.0043,-0.2604
大豆,1999-05-01,$ / BU,1999,4.5,1.119,-0.0281,-0.2812
大豆,1999-06-01,$ / BU,1999,4.44,1.104,-0.0133,-0.2792
大豆,1999-07-01,$ / BU,1999,4.19,1.042,-0.0563,-0.3176
大豆,1999-08-01,$ / BU,1999,4.39,1.092,0.0477,-0.1915
大豆,1999-09-01,$ / BU,1999,4.57,1.137,0.041,-0.1295
大豆,1999-10-01,$ / BU,1999,4.48,1.114,-0.0197,-0.1351
大豆,1999-11-01,$ / BU,1999,4.45,1.107,-0.0067,-0.1744
大豆,1999-12-01,$ / BU,1999,4.43,1.102,-0.0045,-0.175
大豆,2000-01-01,$ / BU,2000,4.62,1.149,0.0429,-0.1316
大豆,2000-02-01,$ / BU,2000,4.79,1.192,0.0368,-0.0021
大豆,2000-03-01,$ / BU,2000,4.91,1.221,0.0251,0.0651
大豆,2000-04-01,$ / BU,2000,5.0,1.244,0.0183,0.0799
大豆,2000-05-01,$ / BU,2000,5.19,1.291,0.038,0.1533
大豆,2000-06-01,$ / BU,2000,4.93,1.226,-0.0501,0.1104
大豆,2000-07-01,$ / BU,2000,4.53,1.127,-0.0811,0.0811
大豆,2000-08-01,$ / BU,2000,4.45,1.107,-0.0177,0.0137
大豆,2000-09-01,$ / BU,2000,4.59,1.142,0.0315,0.0044
大豆,2000-10-01,$ / BU,2000,4.45,1.107,-0.0305,-0.0067
大豆,2000-11-01,$ / BU,2000,4.55,1.132,0.0225,0.0225
大豆,2000-12-01,$ / BU,2000,4.78,1.189,0.0505,0.079
大豆,2001-01-01,$ / BU,2001,4.68,1.164,-0.0209,0.013
大豆,2001-02-01,$ / BU,2001,4.46,1.109,-0.047,-0.0689
大豆,2001-03-01,$ / BU,2001,4.39,1.092,-0.0157,-0.1059
大豆,2001-04-01,$ / BU,2001,4.22,1.05,-0.0387,-0.156
大豆,2001-05-01,$ / BU,2001,4.33,1.077,0.0261,-0.1657
大豆,2001-06-01,$ / BU,2001,4.46,1.109,0.03,-0.0953
大豆,2001-07-01,$ / BU,2001,4.79,1.192,0.074,0.0574
大豆,2001-08-01,$ / BU,2001,4.85,1.206,0.0125,0.0899
大豆,2001-09-01,$ / BU,2001,4.53,1.127,-0.066,-0.0131
大豆,2001-10-01,$ / BU,2001,4.09,1.017,-0.0971,-0.0809
大豆,2001-11-01,$ / BU,2001,4.16,1.035,0.0171,-0.0857
大豆,2001-12-01,$ / BU,2001,4.2,1.045,0.0096,-0.1213
大豆,2002-01-01,$ / BU,2002,4.22,1.05,0.0048,-0.0983
大豆,2002-02-01,$ / BU,2002,4.22,1.05,0.0,-0.0538
大豆,2002-03-01,$ / BU,2002,4.38,1.09,0.0379,-0.0023
大豆,2002-04-01,$ / BU,2002,4.47,1.112,0.0205,0.0592
大豆,2002-05-01,$ / BU,2002,4.64,1.154,0.038,0.0716
大豆,2002-06-01,$ / BU,2002,4.88,1.214,0.0517,0.0942
大豆,2002-07-01,$ / BU,2002,5.35,1.331,0.0963,0.1169
大豆,2002-08-01,$ / BU,2002,5.53,1.376,0.0336,0.1402
大豆,2002-09-01,$ / BU,2002,5.39,1.341,-0.0253,0.1898
大豆,2002-10-01,$ / BU,2002,5.2,1.294,-0.0353,0.2714
大豆,2002-11-01,$ / BU,2002,5.46,1.358,0.05,0.3125
大豆,2002-12-01,$ / BU,2002,5.46,1.358,0.0,0.3
大豆,2003-01-01,$ / BU,2003,5.51,1.371,0.0092,0.3057
大豆,2003-02-01,$ / BU,2003,5.55,1.381,0.0073,0.3152
大豆,2003-03-01,$ / BU,2003,5.59,1.391,0.0072,0.2763
大豆,2003-04-01,$ / BU,2003,5.82,1.448,0.0411,0.302
大豆,2003-05-01,$ / BU,2003,6.07,1.51,0.043,0.3082
大豆,2003-06-01,$ / BU,2003,6.09,1.515,0.0033,0.248
大豆,2003-07-01,$ / BU,2003,5.82,1.448,-0.0443,0.0879
大豆,2003-08-01,$ / BU,2003,5.68,1.413,-0.0241,0.0271
大豆,2003-09-01,$ / BU,2003,6.06,1.507,0.0669,0.1243
大豆,2003-10-01,$ / BU,2003,6.6,1.642,0.0891,0.2692
大豆,2003-11-01,$ / BU,2003,7.05,1.754,0.0682,0.2912
大豆,2003-12-01,$ / BU,2003,7.17,1.784,0.017,0.3132
大豆,2004-01-01,$ / BU,2004,7.35,1.828,0.0251,0.3339
大豆,2004-02-01,$ / BU,2004,8.28,2.06,0.1265,0.4919
大豆,2004-03-01,$ / BU,2004,9.28,2.308,0.1208,0.6601
大豆,2004-04-01,$ / BU,2004,9.62,2.393,0.0366,0.6529
大豆,2004-05-01,$ / BU,2004,9.56,2.378,-0.0062,0.575
大豆,2004-06-01,$ / BU,2004,9.08,2.259,-0.0502,0.491
大豆,2004-07-01,$ / BU,2004,8.46,2.104,-0.0683,0.4536
大豆,2004-08-01,$ / BU,2004,6.83,1.699,-0.1927,0.2025
大豆,2004-09-01,$ / BU,2004,5.83,1.45,-0.1464,-0.038
大豆,2004-10-01,$ / BU,2004,5.56,1.383,-0.0463,-0.1576
大豆,2004-11-01,$ / BU,2004,5.36,1.333,-0.036,-0.2397
大豆,2004-12-01,$ / BU,2004,5.45,1.356,0.0168,-0.2399
大豆,2005-01-01,$ / BU,2005,5.57,1.386,0.022,-0.2422
大豆,2005-02-01,$ / BU,2005,5.42,1.348,-0.0269,-0.3454
大豆,2005-03-01,$ / BU,2005,5.95,1.48,0.0978,-0.3588
大豆,2005-04-01,$ / BU,2005,6.03,1.5,0.0134,-0.3732
大豆,2005-05-01,$ / BU,2005,6.21,1.545,0.0299,-0.3504
大豆,2005-06-01,$ / BU,2005,6.58,1.637,0.0596,-0.2753
大豆,2005-07-01,$ / BU,2005,6.65,1.654,0.0106,-0.2139
大豆,2005-08-01,$ / BU,2005,6.15,1.53,-0.0752,-0.0996
大豆,2005-09-01,$ / BU,2005,5.77,1.435,-0.0618,-0.0103
大豆,2005-10-01,$ / BU,2005,5.67,1.41,-0.0173,0.0198
大豆,2005-11-01,$ / BU,2005,5.62,1.398,-0.0088,0.0485
大豆,2005-12-01,$ / BU,2005,5.78,1.438,0.0285,0.0606
大豆,2006-01-01,$ / BU,2006,5.87,1.46,0.0156,0.0539
大豆,2006-02-01,$ / BU,2006,5.67,1.41,-0.0341,0.0461
大豆,2006-03-01,$ / BU,2006,5.57,1.386,-0.0176,-0.0639
大豆,2006-04-01,$ / BU,2006,5.52,1.373,-0.009,-0.0846
大豆,2006-05-01,$ / BU,2006,5.68,1.413,0.029,-0.0853
大豆,2006-06-01,$ / BU,2006,5.62,1.398,-0.0106,-0.1459
大豆,2006-07-01,$ / BU,2006,5.61,1.396,-0.0018,-0.1564
大豆,2006-08-01,$ / BU,2006,5.23,1.301,-0.0677,-0.1496
大豆,2006-09-01,$ / BU,2006,5.23,1.301,0.0,-0.0936
大豆,2006-10-01,$ / BU,2006,5.52,1.373,0.0554,-0.0265
大豆,2006-11-01,$ / BU,2006,6.08,1.512,0.1014,0.0819
大豆,2006-12-01,$ / BU,2006,6.18,1.537,0.0164,0.0692
大豆,2007-01-01,$ / BU,2007,6.37,1.585,0.0307,0.0852
大豆,2007-02-01,$ / BU,2007,6.87,1.709,0.0785,0.2116
大豆,2007-03-01,$ / BU,2007,6.95,1.729,0.0116,0.2478
大豆,2007-04-01,$ / BU,2007,6.88,1.711,-0.0101,0.2464
大豆,2007-05-01,$ / BU,2007,7.12,1.771,0.0349,0.2535
大豆,2007-06-01,$ / BU,2007,7.51,1.868,0.0548,0.3363
大豆,2007-07-01,$ / BU,2007,7.56,1.881,0.0067,0.3476
大豆,2007-08-01,$ / BU,2007,7.72,1.92,0.0212,0.4761
大豆,2007-09-01,$ / BU,2007,8.15,2.027,0.0557,0.5583
大豆,2007-10-01,$ / BU,2007,8.36,2.08,0.0258,0.5145
大豆,2007-11-01,$ / BU,2007,9.42,2.343,0.1268,0.5493
大豆,2007-12-01,$ / BU,2007,10.0,2.488,0.0616,0.6181
大豆,2008-01-01,$ / BU,2008,9.95,2.475,-0.005,0.562
大豆,2008-02-01,$ / BU,2008,11.7,2.91,0.1759,0.7031
大豆,2008-03-01,$ / BU,2008,11.4,2.836,-0.0256,0.6403
大豆,2008-04-01,$ / BU,2008,12.0,2.985,0.0526,0.7442
大豆,2008-05-01,$ / BU,2008,12.1,3.01,0.0083,0.6994
大豆,2008-06-01,$ / BU,2008,13.1,3.259,0.0826,0.7443
大豆,2008-07-01,$ / BU,2008,13.3,3.308,0.0153,0.7593
大豆,2008-08-01,$ / BU,2008,12.8,3.184,-0.0376,0.658
大豆,2008-09-01,$ / BU,2008,10.8,2.687,-0.1562,0.3252
大豆,2008-10-01,$ / BU,2008,9.95,2.475,-0.0787,0.1902
大豆,2008-11-01,$ / BU,2008,9.39,2.336,-0.0563,-0.0032
大豆,2008-12-01,$ / BU,2008,9.24,2.298,-0.016,-0.076
大豆,2009-01-01,$ / BU,2009,9.97,2.48,0.079,0.002
大豆,2009-02-01,$ / BU,2009,9.54,2.373,-0.0431,-0.1846
大豆,2009-03-01,$ / BU,2009,9.12,2.269,-0.044,-0.2
大豆,2009-04-01,$ / BU,2009,9.79,2.435,0.0735,-0.1842
大豆,2009-05-01,$ / BU,2009,10.7,2.662,0.093,-0.1157
大豆,2009-06-01,$ / BU,2009,11.4,2.836,0.0654,-0.1298
大豆,2009-07-01,$ / BU,2009,10.8,2.687,-0.0526,-0.188
大豆,2009-08-01,$ / BU,2009,10.8,2.687,0.0,-0.1562
大豆,2009-09-01,$ / BU,2009,9.75,2.425,-0.0972,-0.0972
大豆,2009-10-01,$ / BU,2009,9.43,2.346,-0.0328,-0.0523
大豆,2009-11-01,$ / BU,2009,9.53,2.371,0.0106,0.0149
大豆,2009-12-01,$ / BU,2009,9.8,2.438,0.0283,0.0606
大豆,2010-01-01,$ / BU,2010,9.79,2.435,-0.001,-0.0181
大豆,2010-02-01,$ / BU,2010,9.41,2.341,-0.0388,-0.0136
大豆,2010-03-01,$ / BU,2010,9.39,2.336,-0.0021,0.0296
大豆,2010-04-01,$ / BU,2010,9.47,2.356,0.0085,-0.0327
大豆,2010-05-01,$ / BU,2010,9.41,2.341,-0.0063,-0.1206
大豆,2010-06-01,$ / BU,2010,9.45,2.351,0.0043,-0.1711
大豆,2010-07-01,$ / BU,2010,9.79,2.435,0.036,-0.0935
大豆,2010-08-01,$ / BU,2010,10.1,2.512,0.0317,-0.0648
大豆,2010-09-01,$ / BU,2010,9.98,2.483,-0.0119,0.0236
大豆,2010-10-01,$ / BU,2010,10.2,2.537,0.022,0.0817
大豆,2010-11-01,$ / BU,2010,11.1,2.761,0.0882,0.1647
大豆,2010-12-01,$ / BU,2010,11.6,2.886,0.045,0.1837
大豆,2011-01-01,$ / BU,2011,11.6,2.886,0.0,0.1849
大豆,2011-02-01,$ / BU,2011,12.7,3.159,0.0948,0.3496
大豆,2011-03-01,$ / BU,2011,12.7,3.159,0.0,0.3525
大豆,2011-04-01,$ / BU,2011,13.1,3.259,0.0315,0.3833
大豆,2011-05-01,$ / BU,2011,13.2,3.284,0.0076,0.4028
大豆,2011-06-01,$ / BU,2011,13.2,3.284,0.0,0.3968
大豆,2011-07-01,$ / BU,2011,13.2,3.284,0.0,0.3483
大豆,2011-08-01,$ / BU,2011,13.4,3.333,0.0152,0.3267
大豆,2011-09-01,$ / BU,2011,12.2,3.035,-0.0896,0.2224
大豆,2011-10-01,$ / BU,2011,11.8,2.935,-0.0328,0.1569
大豆,2011-11-01,$ / BU,2011,11.7,2.91,-0.0085,0.0541
大豆,2011-12-01,$ / BU,2011,11.5,2.861,-0.0171,-0.0086
大豆,2012-01-01,$ / BU,2012,11.9,2.96,0.0348,0.0259
大豆,2012-02-01,$ / BU,2012,12.2,3.035,0.0252,-0.0394
大豆,2012-03-01,$ / BU,2012,13.0,3.234,0.0656,0.0236
大豆,2012-04-01,$ / BU,2012,13.8,3.433,0.0615,0.0534
大豆,2012-05-01,$ / BU,2012,14.0,3.483,0.0145,0.0606
大豆,2012-06-01,$ / BU,2012,13.9,3.458,-0.0071,0.053
大豆,2012-07-01,$ / BU,2012,15.4,3.831,0.1079,0.1667
大豆,2012-08-01,$ / BU,2012,16.2,4.03,0.0519,0.209
大豆,2012-09-01,$ / BU,2012,14.3,3.557,-0.1173,0.1721
大豆,2012-10-01,$ / BU,2012,14.2,3.532,-0.007,0.2034
大豆,2012-11-01,$ / BU,2012,14.3,3.557,0.007,0.2222
大豆,2012-12-01,$ / BU,2012,14.3,3.557,0.0,0.2435
大豆,2013-01-01,$ / BU,2013,14.3,3.557,0.0,0.2017
大豆,2013-02-01,$ / BU,2013,14.6,3.632,0.021,0.1967
大豆,2013-03-01,$ / BU,2013,14.6,3.632,0.0,0.1231
大豆,2013-04-01,$ / BU,2013,14.4,3.582,-0.0137,0.0435
大豆,2013-05-01,$ / BU,2013,14.9,3.706,0.0347,0.0643
大豆,2013-06-01,$ / BU,2013,15.1,3.756,0.0134,0.0863
大豆,2013-07-01,$ / BU,2013,15.3,3.806,0.0132,-0.0065
大豆,2013-08-01,$ / BU,2013,14.1,3.507,-0.0784,-0.1296
大豆,2013-09-01,$ / BU,2013,13.3,3.308,-0.0567,-0.0699
大豆,2013-10-01,$ / BU,2013,12.5,3.109,-0.0602,-0.1197
大豆,2013-11-01,$ / BU,2013,12.7,3.159,0.016,-0.1119
大豆,2013-12-01,$ / BU,2013,13.0,3.234,0.0236,-0.0909
大豆,2014-01-01,$ / BU,2014,12.9,3.209,-0.0077,-0.0979
大豆,2014-02-01,$ / BU,2014,13.2,3.284,0.0233,-0.0959
大豆,2014-03-01,$ / BU,2014,13.7,3.408,0.0379,-0.0616
大豆,2014-04-01,$ / BU,2014,14.3,3.557,0.0438,-0.0069
大豆,2014-05-01,$ / BU,2014,14.4,3.582,0.007,-0.0336
大豆,2014-06-01,$ / BU,2014,14.3,3.557,-0.0069,-0.053
大豆,2014-07-01,$ / BU,2014,13.1,3.259,-0.0839,-0.1438
大豆,2014-08-01,$ / BU,2014,12.4,3.085,-0.0534,-0.1206
大豆,2014-09-01,$ / BU,2014,10.9,2.711,-0.121,-0.1805
大豆,2014-10-01,$ / BU,2014,9.97,2.48,-0.0853,-0.2024
大豆,2014-11-01,$ / BU,2014,10.2,2.537,0.0231,-0.1969
大豆,2014-12-01,$ / BU,2014,10.3,2.562,0.0098,-0.2077
大豆,2015-01-01,$ / BU,2015,10.3,2.562,0.0,-0.2016
大豆,2015-02-01,$ / BU,2015,9.91,2.465,-0.0379,-0.2492
大豆,2015-03-01,$ / BU,2015,9.85,2.45,-0.0061,-0.281
大豆,2015-04-01,$ / BU,2015,9.69,2.41,-0.0162,-0.3224
大豆,2015-05-01,$ / BU,2015,9.58,2.383,-0.0114,-0.3347
大豆,2015-06-01,$ / BU,2015,9.58,2.383,0.0,-0.3301
大豆,2015-07-01,$ / BU,2015,9.95,2.475,0.0386,-0.2405
大豆,2015-08-01,$ / BU,2015,9.71,2.415,-0.0241,-0.2169
大豆,2015-09-01,$ / BU,2015,9.05,2.251,-0.068,-0.1697
大豆,2015-10-01,$ / BU,2015,8.81,2.192,-0.0265,-0.1163
大豆,2015-11-01,$ / BU,2015,8.68,2.159,-0.0148,-0.149
大豆,2015-12-01,$ / BU,2015,8.76,2.179,0.0092,-0.1495
大豆,2016-01-01,$ / BU,2016,8.71,2.167,-0.0057,-0.1544
大豆,2016-02-01,$ / BU,2016,8.51,2.117,-0.023,-0.1413
大豆,2016-03-01,$ / BU,2016,8.56,2.129,0.0059,-0.131
大豆,2016-04-01,$ / BU,2016,9.01,2.241,0.0526,-0.0702
大豆,2016-05-01,$ / BU,2016,9.76,2.428,0.0832,0.0188
大豆,2016-06-01,$ / BU,2016,10.2,2.537,0.0451,0.0647
大豆,2016-07-01,$ / BU,2016,10.2,2.537,0.0,0.0251
大豆,2016-08-01,$ / BU,2016,9.93,2.47,-0.0265,0.0227
大豆,2016-09-01,$ / BU,2016,9.41,2.341,-0.0524,0.0398
大豆,2016-10-01,$ / BU,2016,9.3,2.313,-0.0117,0.0556
大豆,2016-11-01,$ / BU,2016,9.47,2.356,0.0183,0.091
大豆,2016-12-01,$ / BU,2016,9.64,2.398,0.018,0.1005
大豆,2017-01-01,$ / BU,2017,9.71,2.415,0.0073,0.1148
大豆,2017-02-01,$ / BU,2017,9.86,2.453,0.0154,0.1586
大豆,2017-03-01,$ / BU,2017,9.69,2.41,-0.0172,0.132
大豆,2017-04-01,$ / BU,2017,9.33,2.321,-0.0372,0.0355
大豆,2017-05-01,$ / BU,2017,9.29,2.311,-0.0043,-0.0482
大豆,2017-06-01,$ / BU,2017,9.1,2.264,-0.0205,-0.1078
大豆,2017-07-01,$ / BU,2017,9.42,2.343,0.0352,-0.0765
大豆,2017-08-01,$ / BU,2017,9.24,2.298,-0.0191,-0.0695
大豆,2017-09-01,$ / BU,2017,9.35,2.326,0.0119,-0.0064
大豆,2017-10-01,$ / BU,2017,9.18,2.284,-0.0182,-0.0129
大豆,2017-11-01,$ / BU,2017,9.22,2.294,0.0044,-0.0264
大豆,2017-12-01,$ / BU,2017,9.3,2.313,0.0087,-0.0353
大豆,2018-01-01,$ / BU,2018,9.3,2.313,0.0,-0.0422
大豆,2018-02-01,$ / BU,2018,9.5,2.363,0.0215,-0.0365
大豆,2018-03-01,$ / BU,2018,9.81,2.44,0.0326,0.0124
大豆,2018-04-01,$ / BU,2018,9.85,2.45,0.0041,0.0557
大豆,2018-05-01,$ / BU,2018,9.84,2.448,-0.001,0.0592
大豆,2018-06-01,$ / BU,2018,9.55,2.376,-0.0295,0.0495
大豆,2018-07-01,$ / BU,2018,9.08,2.259,-0.0492,-0.0361
大豆,2018-08-01,$ / BU,2018,8.59,2.137,-0.054,-0.0703
大豆,2018-09-01,$ / BU,2018,8.78,2.184,0.0221,-0.061
大豆,2018-10-01,$ / BU,2018,8.59,2.137,-0.0216,-0.0643
大豆,2018-11-01,$ / BU,2018,8.36,2.08,-0.0268,-0.0933
大豆,2018-12-01,$ / BU,2018,8.56,2.129,0.0239,-0.0796
大豆,2019-01-01,$ / BU,2019,8.64,2.149,0.0093,-0.071
大豆,2019-02-01,$ / BU,2019,8.52,2.119,-0.0139,-0.1032
大豆,2019-03-01,$ / BU,2019,8.52,2.119,0.0,-0.1315
大豆,2019-04-01,$ / BU,2019,8.28,2.06,-0.0282,-0.1594
大豆,2019-05-01,$ / BU,2019,8.02,1.995,-0.0314,-0.185
大豆,2019-06-01,$ / BU,2019,8.31,2.067,0.0362,-0.1298
大豆,2019-07-01,$ / BU,2019,8.38,2.085,0.0084,-0.0771
大豆,2019-08-01,$ / BU,2019,8.22,2.045,-0.0191,-0.0431
大豆,2019-09-01,$ / BU,2019,8.35,2.077,0.0158,-0.049
大豆,2019-10-01,$ / BU,2019,8.6,2.139,0.0299,0.0012
大豆,2019-11-01,$ / BU,2019,8.59,2.137,-0.0012,0.0275
大豆,2019-12-01,$ / BU,2019,8.7,2.164,0.0128,0.0164
大豆,2020-01-01,$ / BU,2020,8.84,2.199,0.0161,0.0231
大豆,2020-02-01,$ / BU,2020,8.6,2.139,-0.0271,0.0094
大豆,2020-03-01,$ / BU,2020,8.47,2.107,-0.0151,-0.0059
大豆,2020-04-01,$ / BU,2020,8.35,2.077,-0.0142,0.0085
大豆,2020-05-01,$ / BU,2020,8.28,2.06,-0.0084,0.0324
大豆,2020-06-01,$ / BU,2020,8.34,2.075,0.0072,0.0036
大豆,2020-07-01,$ / BU,2020,8.5,2.114,0.0192,0.0143
大豆,2020-08-01,$ / BU,2020,8.66,2.154,0.0188,0.0535
大豆,2020-09-01,$ / BU,2020,9.24,2.298,0.067,0.1066
大豆,2020-10-01,$ / BU,2020,9.63,2.396,0.0422,0.1198
大豆,2020-11-01,$ / BU,2020,10.3,2.562,0.0696,0.1991
大豆,2020-12-01,$ / BU,2020,10.6,2.637,0.0291,0.2184
大豆,2021-01-01,$ / BU,2021,10.9,2.711,0.0283,0.233
大豆,2021-02-01,$ / BU,2021,12.7,3.159,0.1651,0.4767
大豆,2021-03-01,$ / BU,2021,13.2,3.284,0.0394,0.5584
大豆,2021-04-01,$ / BU,2021,13.9,3.458,0.053,0.6647
大豆,2021-05-01,$ / BU,2021,14.8,3.682,0.0647,0.7874
大豆,2021-06-01,$ / BU,2021,14.5,3.607,-0.0203,0.7386
大豆,2021-07-01,$ / BU,2021,14.1,3.507,-0.0276,0.6588
大豆,2021-08-01,$ / BU,2021,13.7,3.408,-0.0284,0.582
大豆,2021-09-01,$ / BU,2021,12.2,3.035,-0.1095,0.3203
大豆,2021-10-01,$ / BU,2021,11.9,2.96,-0.0246,0.2357
大豆,2021-11-01,$ / BU,2021,12.1,3.01,0.0168,0.1748
大豆,2021-12-01,$ / BU,2021,12.5,3.109,0.0331,0.1792
大豆,2022-01-01,$ / BU,2022,12.9,3.209,0.032,0.1835
大豆,2022-02-01,$ / BU,2022,14.7,3.657,0.1395,0.1575
大豆,2022-03-01,$ / BU,2022,15.4,3.831,0.0476,0.1667
大豆,2022-04-01,$ / BU,2022,15.8,3.93,0.026,0.1367
大豆,2022-05-01,$ / BU,2022,16.1,4.005,0.019,0.0878
大豆,2022-06-01,$ / BU,2022,16.4,4.08,0.0186,0.131
大豆,2022-07-01,$ / BU,2022,15.5,3.856,-0.0549,0.0993
大豆,2022-08-01,$ / BU,2022,15.3,3.806,-0.0129,0.1168
大豆,2022-09-01,$ / BU,2022,14.2,3.532,-0.0719,0.1639
大豆,2022-10-01,$ / BU,2022,13.5,3.358,-0.0493,0.1345
大豆,2022-11-01,$ / BU,2022,14.0,3.483,0.037,0.157
大豆,2022-12-01,$ / BU,2022,14.4,3.582,0.0286,0.152
大豆,2023-01-01,$ / BU,2023,14.5,3.607,0.0069,0.124
大豆,2023-02-01,$ / BU,2023,15.1,3.756,0.0414,0.0272
大豆,2023-03-01,$ / BU,2023,14.9,3.706,-0.0132,-0.0325
大豆,2023-04-01,$ / BU,2023,14.9,3.706,0.0,-0.057
大豆,2023-05-01,$ / BU,2023,14.4,3.582,-0.0336,-0.1056
大豆,2023-06-01,$ / BU,2023,14.2,3.532,-0.0139,-0.1341
大豆,2023-07-01,$ / BU,2023,14.7,3.657,0.0352,-0.0516
大豆,2023-08-01,$ / BU,2023,14.1,3.507,-0.0408,-0.0784
大豆,2023-09-01,$ / BU,2023,13.2,3.284,-0.0638,-0.0704
大豆,2023-10-01,$ / BU,2023,12.7,3.159,-0.0379,-0.0593
大豆,2023-11-01,$ / BU,2023,13.0,3.234,0.0236,-0.0714
大豆,2023-12-01,$ / BU,2023,13.1,3.259,0.0077,-0.0903
大豆,2024-01-01,$ / BU,2024,12.8,3.184,-0.0229,-0.1172
大豆,2024-02-01,$ / BU,2024,11.9,2.96,-0.0703,-0.2119
大豆,2024-03-01,$ / BU,2024,11.8,2.935,-0.0084,-0.2081
大豆,2024-04-01,$ / BU,2024,11.8,2.935,0.0,-0.2081
大豆,2024-05-01,$ / BU,2024,11.9,2.96,0.0085,-0.1736
大豆,2024-06-01,$ / BU,2024,11.8,2.935,-0.0084,-0.169
大豆,2024-07-01,$ / BU,2024,11.3,2.811,-0.0424,-0.2313
大豆,2024-08-01,$ / BU,2024,10.3,2.562,-0.0885,-0.2695
大豆,2024-09-01,$ / BU,2024,10.2,2.537,-0.0097,-0.2273
大豆,2024-10-01,$ / BU,2024,9.91,2.465,-0.0284,-0.2197
大豆,2024-11-01,$ / BU,2024,9.84,2.448,-0.0071,-0.2431
大豆,2024-12-01,$ / BU,2024,9.79,2.435,-0.0051,-0.2527
大豆,2025-01-01,$ / BU,2025,10.0,2.488,0.0215,-0.2188
大豆,2025-02-01,$ / BU,2025,10.2,2.537,0.02,-0.1429
大豆,2025-03-01,$ / BU,2025,10.2,2.537,0.0,-0.1356
大豆,2025-04-01,$ / BU,2025,10.2,2.537,0.0,-0.1356
大豆,2025-05-01,$ / BU,2025,10.4,2.587,0.0196,-0.1261
大豆,2025-06-01,$ / BU,2025,10.4,2.587,0.0,-0.1186
大豆,2025-07-01,$ / BU,2025,10.2,2.537,-0.0192,-0.0973
大豆,2025-08-01,$ / BU,2025,10.0,2.488,-0.0196,-0.0291
大豆,2025-09-01,$ / BU,2025,9.85,2.45,-0.015,-0.0343
大豆,2025-10-01,$ / BU,2025,9.71,2.415,-0.0142,-0.0202
大豆,2025-11-01,$ / BU,2025,10.5,2.612,0.0814,0.0671
大豆,2025-12-01,$ / BU,2025,10.4,2.587,-0.0095,0.0623
大豆,2026-01-01,$ / BU,2026,10.3,2.562,-0.0096,0.03
大豆,2026-02-01,$ / BU,2026,10.6,2.637,0.0291,0.0392
大豆,2026-03-01,$ / BU,2026,11.1,2.761,0.0472,0.0882
大豆,2026-04-01,$ / BU,2026,11.2,2.786,0.009,0.098
大豆,2026-05-01,$ / BU,2026,11.6,2.886,0.0357,0.1154
大豆,2026-06-01,$ / BU,2026,11.3,2.811,-0.0259,0.0865
