source_desc,sector_desc,group_desc,commodity_desc,class_desc,prodn_practice_desc,util_practice_desc,statisticcat_desc,unit_desc,short_desc,domain_desc,domaincat_desc,agg_level_desc,state_ansi,state_fips_code,state_alpha,state_name,asd_code,asd_desc,county_ansi,county_code,county_name,region_desc,zip_5,watershed_code,watershed_desc,congr_district_code,country_code,country_name,location_desc,year,freq_desc,begin_code,end_code,reference_period_desc,week_ending,load_time,Value,CV (%)
SURVEY,ANIMALS & PRODUCTS,POULTRY,CHICKENS,(EXCL BROILERS),ALL PRODUCTION PRACTICES,ALL UTILIZATION PRACTICES,PRICE RECEIVED,$ / LB,"CHICKENS, (EXCL BROILERS) - PRICE RECEIVED, MEASURED IN $ / LB",TOTAL,NOT SPECIFIED,NATIONAL,,99,US,US TOTAL,,,,,,,,0,,,9000,UNITED STATES,US TOTAL,2007,ANNUAL,0,0,MARKETING YEAR,,2012-01-01 00:00:00.000,0.056,
SURVEY,ANIMALS & PRODUCTS,POULTRY,CHICKENS,(EXCL BROILERS),ALL PRODUCTION PRACTICES,ALL UTILIZATION PRACTICES,PRICE RECEIVED,$ / LB,"CHICKENS, (EXCL BROILERS) - PRICE RECEIVED, MEASURED IN $ / LB",TOTAL,NOT SPECIFIED,NATIONAL,,99,US,US TOTAL,,,,,,,,0,,,9000,UNITED STATES,US TOTAL,2006,ANNUAL,0,0,MARKETING YEAR,,2012-01-01 00:00:00.000,0.059,
SURVEY,ANIMALS & PRODUCTS,POULTRY,CHICKENS,(EXCL BROILERS),ALL PRODUCTION PRACTICES,ALL UTILIZATION PRACTICES,PRICE RECEIVED,$ / LB,"CHICKENS, (EXCL BROILERS) - PRICE RECEIVED, MEASURED IN $ / LB",TOTAL,NOT SPECIFIED,NATIONAL,,99,US,US TOTAL,,,,,,,,0,,,9000,UNITED STATES,US TOTAL,2005,ANNUAL,0,0,MARKETING YEAR,,2012-01-01 00:00:00.000,0.065,
SURVEY,ANIMALS & PRODUCTS,POULTRY,CHICKENS,(EXCL BROILERS),ALL PRODUCTION PRACTICES,ALL UTILIZATION PRACTICES,PRICE RECEIVED,$ / LB,"CHICKENS, (EXCL BROILERS) - PRICE RECEIVED, MEASURED IN $ / LB",TOTAL,NOT SPECIFIED,NATIONAL,,99,US,US TOTAL,,,,,,,,0,,,9000,UNITED STATES,US TOTAL,2004,ANNUAL,0,0,MARKETING YEAR,,2012-01-01 00:00:00.000,0.058,
SURVEY,ANIMALS & PRODUCTS,POULTRY,CHICKENS,(EXCL BROILERS),ALL PRODUCTION PRACTICES,ALL UTILIZATION PRACTICES,PRICE RECEIVED,$ / LB,"CHICKENS, (EXCL BROILERS) - PRICE RECEIVED, MEASURED IN $ / LB",TOTAL,NOT SPECIFIED,NATIONAL,,99,US,US TOTAL,,,,,,,,0,,,9000,UNITED STATES,US TOTAL,2003,ANNUAL,0,0,MARKETING YEAR,,2012-01-01 00:00:00.000,0.049,
SURVEY,ANIMALS & PRODUCTS,POULTRY,CHICKENS,BROILERS,ALL PRODUCTION PRACTICES,ALL UTILIZATION PRACTICES,PRICE RECEIVED,$ / LB,"CHICKENS, BROILERS - PRICE RECEIVED, MEASURED IN $ / LB",TOTAL,NOT SPECIFIED,NATIONAL,,99,US,US TOTAL,,,,,,,,0,,,9000,UNITED STATES,US TOTAL,2026,MONTHLY,1,1,JAN,,2026-03-30 15:00:00.000,0.677,
SURVEY,ANIMALS & PRODUCTS,POULTRY,CHICKENS,BROILERS,ALL PRODUCTION PRACTICES,ALL UTILIZATION PRACTICES,PRICE RECEIVED,$ / LB,"CHICKENS, BROILERS - PRICE RECEIVED, MEASURED IN $ / LB",TOTAL,NOT SPECIFIED,NATIONAL,,99,US,US TOTAL,,,,,,,,0,,,9000,UNITED STATES,US TOTAL,2026,MONTHLY,2,2,FEB,,2026-04-30 15:00:00.000,0.663,
SURVEY,ANIMALS & PRODUCTS,POULTRY,CHICKENS,BROILERS,ALL PRODUCTION PRACTICES,ALL UTILIZATION PRACTICES,PRICE RECEIVED,$ / LB,"CHICKENS, BROILERS - PRICE RECEIVED, MEASURED IN $ / LB",TOTAL,NOT SPECIFIED,NATIONAL,,99,US,US TOTAL,,,,,,,,0,,,9000,UNITED STATES,US TOTAL,2026,MONTHLY,3,3,MAR,,2026-05-29 15:00:00.000,0.672,
SURVEY,ANIMALS & PRODUCTS,POULTRY,CHICKENS,BROILERS,ALL PRODUCTION PRACTICES,ALL UTILIZATION PRACTICES,PRICE RECEIVED,$ / LB,"CHICKENS, BROILERS - PRICE RECEIVED, MEASURED IN $ / LB",TOTAL,NOT SPECIFIED,NATIONAL,,99,US,US TOTAL,,,,,,,,0,,,9000,UNITED STATES,US TOTAL,2026,MONTHLY,4,4,APR,,2026-05-29 15:00:00.000,0.684,
SURVEY,ANIMALS & PRODUCTS,POULTRY,CHICKENS,BROILERS,ALL PRODUCTION PRACTICES,ALL UTILIZATION PRACTICES,PRICE RECEIVED,$ / LB,"CHICKENS, BROILERS - PRICE RECEIVED, MEASURED IN $ / LB",TOTAL,NOT SPECIFIED,NATIONAL,,99,US,US TOTAL,,,,,,,,0,,,9000,UNITED STATES,US TOTAL,2025,ANNUAL,0,0,YEAR,,2026-04-30 15:00:00.000,0.716,
SURVEY,ANIMALS & PRODUCTS,POULTRY,CHICKENS,BROILERS,ALL PRODUCTION PRACTICES,ALL UTILIZATION PRACTICES,PRICE RECEIVED,$ / LB,"CHICKENS, BROILERS - PRICE RECEIVED, MEASURED IN $ / LB",TOTAL,NOT SPECIFIED,NATIONAL,,99,US,US TOTAL,,,,,,,,0,,,9000,UNITED STATES,US TOTAL,2025,MONTHLY,1,1,JAN,,2026-04-30 15:00:00.000,0.774,
SURVEY,ANIMALS & PRODUCTS,POULTRY,CHICKENS,BROILERS,ALL PRODUCTION PRACTICES,ALL UTILIZATION PRACTICES,PRICE RECEIVED,$ / LB,"CHICKENS, BROILERS - PRICE RECEIVED, MEASURED IN $ / LB",TOTAL,NOT SPECIFIED,NATIONAL,,99,US,US TOTAL,,,,,,,,0,,,9000,UNITED STATES,US TOTAL,2025,MONTHLY,2,2,FEB,,2026-04-30 15:00:00.000,0.726,
SURVEY,ANIMALS & PRODUCTS,POULTRY,CHICKENS,BROILERS,ALL PRODUCTION PRACTICES,ALL UTILIZATION PRACTICES,PRICE RECEIVED,$ / LB,"CHICKENS, BROILERS - PRICE RECEIVED, MEASURED IN $ / LB",TOTAL,NOT SPECIFIED,NATIONAL,,99,US,US TOTAL,,,,,,,,0,,,9000,UNITED STATES,US TOTAL,2025,MONTHLY,3,3,MAR,,2026-04-30 15:00:00.000,0.763,
SURVEY,ANIMALS & PRODUCTS,POULTRY,CHICKENS,BROILERS,ALL PRODUCTION PRACTICES,ALL UTILIZATION PRACTICES,PRICE RECEIVED,$ / LB,"CHICKENS, BROILERS - PRICE RECEIVED, MEASURED IN $ / LB",TOTAL,NOT SPECIFIED,NATIONAL,,99,US,US TOTAL,,,,,,,,0,,,9000,UNITED STATES,US TOTAL,2025,MONTHLY,4,4,APR,,2026-04-30 15:00:00.000,0.791,
SURVEY,ANIMALS & PRODUCTS,POULTRY,CHICKENS,BROILERS,ALL PRODUCTION PRACTICES,ALL UTILIZATION PRACTICES,PRICE RECEIVED,$ / LB,"CHICKENS, BROILERS - PRICE RECEIVED, MEASURED IN $ / LB",TOTAL,NOT SPECIFIED,NATIONAL,,99,US,US TOTAL,,,,,,,,0,,,9000,UNITED STATES,US TOTAL,2025,MONTHLY,5,5,MAY,,2026-04-30 15:00:00.000,0.789,
SURVEY,ANIMALS & PRODUCTS,POULTRY,CHICKENS,BROILERS,ALL PRODUCTION PRACTICES,ALL UTILIZATION PRACTICES,PRICE RECEIVED,$ / LB,"CHICKENS, BROILERS - PRICE RECEIVED, MEASURED IN $ / LB",TOTAL,NOT SPECIFIED,NATIONAL,,99,US,US TOTAL,,,,,,,,0,,,9000,UNITED STATES,US TOTAL,2025,MONTHLY,6,6,JUN,,2026-04-30 15:00:00.000,0.801,
SURVEY,ANIMALS & PRODUCTS,POULTRY,CHICKENS,BROILERS,ALL PRODUCTION PRACTICES,ALL UTILIZATION PRACTICES,PRICE RECEIVED,$ / LB,"CHICKENS, BROILERS - PRICE RECEIVED, MEASURED IN $ / LB",TOTAL,NOT SPECIFIED,NATIONAL,,99,US,US TOTAL,,,,,,,,0,,,9000,UNITED STATES,US TOTAL,2025,MONTHLY,7,7,JUL,,2026-04-30 15:00:00.000,0.759,
SURVEY,ANIMALS & PRODUCTS,POULTRY,CHICKENS,BROILERS,ALL PRODUCTION PRACTICES,ALL UTILIZATION PRACTICES,PRICE RECEIVED,$ / LB,"CHICKENS, BROILERS - PRICE RECEIVED, MEASURED IN $ / LB",TOTAL,NOT SPECIFIED,NATIONAL,,99,US,US TOTAL,,,,,,,,0,,,9000,UNITED STATES,US TOTAL,2025,MONTHLY,8,8,AUG,,2026-04-30 15:00:00.000,0.667,
SURVEY,ANIMALS & PRODUCTS,POULTRY,CHICKENS,BROILERS,ALL PRODUCTION PRACTICES,ALL UTILIZATION PRACTICES,PRICE RECEIVED,$ / LB,"CHICKENS, BROILERS - PRICE RECEIVED, MEASURED IN $ / LB",TOTAL,NOT SPECIFIED,NATIONAL,,99,US,US TOTAL,,,,,,,,0,,,9000,UNITED STATES,US TOTAL,2025,MONTHLY,9,9,SEP,,2026-04-30 15:00:00.000,0.639,
SURVEY,ANIMALS & PRODUCTS,POULTRY,CHICKENS,BROILERS,ALL PRODUCTION PRACTICES,ALL UTILIZATION PRACTICES,PRICE RECEIVED,$ / LB,"CHICKENS, BROILERS - PRICE RECEIVED, MEASURED IN $ / LB",TOTAL,NOT SPECIFIED,NATIONAL,,99,US,US TOTAL,,,,,,,,0,,,9000,UNITED STATES,US TOTAL,2025,MONTHLY,10,10,OCT,,2026-04-30 15:00:00.000,0.582,
SURVEY,ANIMALS & PRODUCTS,POULTRY,CHICKENS,BROILERS,ALL PRODUCTION PRACTICES,ALL UTILIZATION PRACTICES,PRICE RECEIVED,$ / LB,"CHICKENS, BROILERS - PRICE RECEIVED, MEASURED IN $ / LB",TOTAL,NOT SPECIFIED,NATIONAL,,99,US,US TOTAL,,,,,,,,0,,,9000,UNITED STATES,US TOTAL,2025,MONTHLY,11,11,NOV,,2026-04-30 15:00:00.000,0.588,
SURVEY,ANIMALS & PRODUCTS,POULTRY,CHICKENS,BROILERS,ALL PRODUCTION PRACTICES,ALL UTILIZATION PRACTICES,PRICE RECEIVED,$ / LB,"CHICKENS, BROILERS - PRICE RECEIVED, MEASURED IN $ / LB",TOTAL,NOT SPECIFIED,NATIONAL,,99,US,US TOTAL,,,,,,,,0,,,9000,UNITED STATES,US TOTAL,2025,MONTHLY,12,12,DEC,,2026-04-30 15:00:00.000,0.646,
SURVEY,ANIMALS & PRODUCTS,POULTRY,CHICKENS,BROILERS,ALL PRODUCTION PRACTICES,ALL UTILIZATION PRACTICES,PRICE RECEIVED,$ / LB,"CHICKENS, BROILERS - PRICE RECEIVED, MEASURED IN $ / LB",TOTAL,NOT SPECIFIED,NATIONAL,,99,US,US TOTAL,,,,,,,,0,,,9000,UNITED STATES,US TOTAL,2024,ANNUAL,0,0,YEAR,,2026-04-30 15:00:00.000,0.744,
SURVEY,ANIMALS & PRODUCTS,POULTRY,CHICKENS,BROILERS,ALL PRODUCTION PRACTICES,ALL UTILIZATION PRACTICES,PRICE RECEIVED,$ / LB,"CHICKENS, BROILERS - PRICE RECEIVED, MEASURED IN $ / LB",TOTAL,NOT SPECIFIED,NATIONAL,,99,US,US TOTAL,,,,,,,,0,,,9000,UNITED STATES,US TOTAL,2024,MONTHLY,1,1,JAN,,2025-04-30 15:00:00.000,0.735,
SURVEY,ANIMALS & PRODUCTS,POULTRY,CHICKENS,BROILERS,ALL PRODUCTION PRACTICES,ALL UTILIZATION PRACTICES,PRICE RECEIVED,$ / LB,"CHICKENS, BROILERS - PRICE RECEIVED, MEASURED IN $ / LB",TOTAL,NOT SPECIFIED,NATIONAL,,99,US,US TOTAL,,,,,,,,0,,,9000,UNITED STATES,US TOTAL,2024,MONTHLY,2,2,FEB,,2025-04-30 15:00:00.000,0.719,
SURVEY,ANIMALS & PRODUCTS,POULTRY,CHICKENS,BROILERS,ALL PRODUCTION PRACTICES,ALL UTILIZATION PRACTICES,PRICE RECEIVED,$ / LB,"CHICKENS, BROILERS - PRICE RECEIVED, MEASURED IN $ / LB",TOTAL,NOT SPECIFIED,NATIONAL,,99,US,US TOTAL,,,,,,,,0,,,9000,UNITED STATES,US TOTAL,2024,MONTHLY,3,3,MAR,,2025-04-30 15:00:00.000,0.744,
SURVEY,ANIMALS & PRODUCTS,POULTRY,CHICKENS,BROILERS,ALL PRODUCTION PRACTICES,ALL UTILIZATION PRACTICES,PRICE RECEIVED,$ / LB,"CHICKENS, BROILERS - PRICE RECEIVED, MEASURED IN $ / LB",TOTAL,NOT SPECIFIED,NATIONAL,,99,US,US TOTAL,,,,,,,,0,,,9000,UNITED STATES,US TOTAL,2024,MONTHLY,4,4,APR,,2025-04-30 15:00:00.000,0.768,
SURVEY,ANIMALS & PRODUCTS,POULTRY,CHICKENS,BROILERS,ALL PRODUCTION PRACTICES,ALL UTILIZATION PRACTICES,PRICE RECEIVED,$ / LB,"CHICKENS, BROILERS - PRICE RECEIVED, MEASURED IN $ / LB",TOTAL,NOT SPECIFIED,NATIONAL,,99,US,US TOTAL,,,,,,,,0,,,9000,UNITED STATES,US TOTAL,2024,MONTHLY,5,5,MAY,,2025-04-30 15:00:00.000,0.765,
SURVEY,ANIMALS & PRODUCTS,POULTRY,CHICKENS,BROILERS,ALL PRODUCTION PRACTICES,ALL UTILIZATION PRACTICES,PRICE RECEIVED,$ / LB,"CHICKENS, BROILERS - PRICE RECEIVED, MEASURED IN $ / LB",TOTAL,NOT SPECIFIED,NATIONAL,,99,US,US TOTAL,,,,,,,,0,,,9000,UNITED STATES,US TOTAL,2024,MONTHLY,6,6,JUN,,2025-04-30 15:00:00.000,0.76,
SURVEY,ANIMALS & PRODUCTS,POULTRY,CHICKENS,BROILERS,ALL PRODUCTION PRACTICES,ALL UTILIZATION PRACTICES,PRICE RECEIVED,$ / LB,"CHICKENS, BROILERS - PRICE RECEIVED, MEASURED IN $ / LB",TOTAL,NOT SPECIFIED,NATIONAL,,99,US,US TOTAL,,,,,,,,0,,,9000,UNITED STATES,US TOTAL,2024,MONTHLY,7,7,JUL,,2025-04-30 15:00:00.000,0.759,
SURVEY,ANIMALS & PRODUCTS,POULTRY,CHICKENS,BROILERS,ALL PRODUCTION PRACTICES,ALL UTILIZATION PRACTICES,PRICE RECEIVED,$ / LB,"CHICKENS, BROILERS - PRICE RECEIVED, MEASURED IN $ / LB",TOTAL,NOT SPECIFIED,NATIONAL,,99,US,US TOTAL,,,,,,,,0,,,9000,UNITED STATES,US TOTAL,2024,MONTHLY,8,8,AUG,,2025-04-30 15:00:00.000,0.712,
SURVEY,ANIMALS & PRODUCTS,POULTRY,CHICKENS,BROILERS,ALL PRODUCTION PRACTICES,ALL UTILIZATION PRACTICES,PRICE RECEIVED,$ / LB,"CHICKENS, BROILERS - PRICE RECEIVED, MEASURED IN $ / LB",TOTAL,NOT SPECIFIED,NATIONAL,,99,US,US TOTAL,,,,,,,,0,,,9000,UNITED STATES,US TOTAL,2024,MONTHLY,9,9,SEP,,2025-04-30 15:00:00.000,0.727,
SURVEY,ANIMALS & PRODUCTS,POULTRY,CHICKENS,BROILERS,ALL PRODUCTION PRACTICES,ALL UTILIZATION PRACTICES,PRICE RECEIVED,$ / LB,"CHICKENS, BROILERS - PRICE RECEIVED, MEASURED IN $ / LB",TOTAL,NOT SPECIFIED,NATIONAL,,99,US,US TOTAL,,,,,,,,0,,,9000,UNITED STATES,US TOTAL,2024,MONTHLY,10,10,OCT,,2025-04-30 15:00:00.000,0.741,
SURVEY,ANIMALS & PRODUCTS,POULTRY,CHICKENS,BROILERS,ALL PRODUCTION PRACTICES,ALL UTILIZATION PRACTICES,PRICE RECEIVED,$ / LB,"CHICKENS, BROILERS - PRICE RECEIVED, MEASURED IN $ / LB",TOTAL,NOT SPECIFIED,NATIONAL,,99,US,US TOTAL,,,,,,,,0,,,9000,UNITED STATES,US TOTAL,2024,MONTHLY,11,11,NOV,,2025-04-30 15:00:00.000,0.741,
SURVEY,ANIMALS & PRODUCTS,POULTRY,CHICKENS,BROILERS,ALL PRODUCTION PRACTICES,ALL UTILIZATION PRACTICES,PRICE RECEIVED,$ / LB,"CHICKENS, BROILERS - PRICE RECEIVED, MEASURED IN $ / LB",TOTAL,NOT SPECIFIED,NATIONAL,,99,US,US TOTAL,,,,,,,,0,,,9000,UNITED STATES,US TOTAL,2024,MONTHLY,12,12,DEC,,2025-04-30 15:00:00.000,0.76,
SURVEY,ANIMALS & PRODUCTS,POULTRY,CHICKENS,BROILERS,ALL PRODUCTION PRACTICES,ALL UTILIZATION PRACTICES,PRICE RECEIVED,$ / LB,"CHICKENS, BROILERS - PRICE RECEIVED, MEASURED IN $ / LB",TOTAL,NOT SPECIFIED,NATIONAL,,99,US,US TOTAL,,,,,,,,0,,,9000,UNITED STATES,US TOTAL,2023,ANNUAL,0,0,YEAR,,2025-07-31 15:00:00.000,0.713,
SURVEY,ANIMALS & PRODUCTS,POULTRY,CHICKENS,BROILERS,ALL PRODUCTION PRACTICES,ALL UTILIZATION PRACTICES,PRICE RECEIVED,$ / LB,"CHICKENS, BROILERS - PRICE RECEIVED, MEASURED IN $ / LB",TOTAL,NOT SPECIFIED,NATIONAL,,99,US,US TOTAL,,,,,,,,0,,,9000,UNITED STATES,US TOTAL,2023,MONTHLY,1,1,JAN,,2024-04-30 15:00:00.000,0.69,
SURVEY,ANIMALS & PRODUCTS,POULTRY,CHICKENS,BROILERS,ALL PRODUCTION PRACTICES,ALL UTILIZATION PRACTICES,PRICE RECEIVED,$ / LB,"CHICKENS, BROILERS - PRICE RECEIVED, MEASURED IN $ / LB",TOTAL,NOT SPECIFIED,NATIONAL,,99,US,US TOTAL,,,,,,,,0,,,9000,UNITED STATES,US TOTAL,2023,MONTHLY,2,2,FEB,,2024-04-30 15:00:00.000,0.693,
SURVEY,ANIMALS & PRODUCTS,POULTRY,CHICKENS,BROILERS,ALL PRODUCTION PRACTICES,ALL UTILIZATION PRACTICES,PRICE RECEIVED,$ / LB,"CHICKENS, BROILERS - PRICE RECEIVED, MEASURED IN $ / LB",TOTAL,NOT SPECIFIED,NATIONAL,,99,US,US TOTAL,,,,,,,,0,,,9000,UNITED STATES,US TOTAL,2023,MONTHLY,3,3,MAR,,2024-04-30 15:00:00.000,0.755,
SURVEY,ANIMALS & PRODUCTS,POULTRY,CHICKENS,BROILERS,ALL PRODUCTION PRACTICES,ALL UTILIZATION PRACTICES,PRICE RECEIVED,$ / LB,"CHICKENS, BROILERS - PRICE RECEIVED, MEASURED IN $ / LB",TOTAL,NOT SPECIFIED,NATIONAL,,99,US,US TOTAL,,,,,,,,0,,,9000,UNITED STATES,US TOTAL,2023,MONTHLY,4,4,APR,,2024-04-30 15:00:00.000,0.831,
SURVEY,ANIMALS & PRODUCTS,POULTRY,CHICKENS,BROILERS,ALL PRODUCTION PRACTICES,ALL UTILIZATION PRACTICES,PRICE RECEIVED,$ / LB,"CHICKENS, BROILERS - PRICE RECEIVED, MEASURED IN $ / LB",TOTAL,NOT SPECIFIED,NATIONAL,,99,US,US TOTAL,,,,,,,,0,,,9000,UNITED STATES,US TOTAL,2023,MONTHLY,5,5,MAY,,2024-04-30 15:00:00.000,0.849,
SURVEY,ANIMALS & PRODUCTS,POULTRY,CHICKENS,BROILERS,ALL PRODUCTION PRACTICES,ALL UTILIZATION PRACTICES,PRICE RECEIVED,$ / LB,"CHICKENS, BROILERS - PRICE RECEIVED, MEASURED IN $ / LB",TOTAL,NOT SPECIFIED,NATIONAL,,99,US,US TOTAL,,,,,,,,0,,,9000,UNITED STATES,US TOTAL,2023,MONTHLY,6,6,JUN,,2024-04-30 15:00:00.000,0.806,
SURVEY,ANIMALS & PRODUCTS,POULTRY,CHICKENS,BROILERS,ALL PRODUCTION PRACTICES,ALL UTILIZATION PRACTICES,PRICE RECEIVED,$ / LB,"CHICKENS, BROILERS - PRICE RECEIVED, MEASURED IN $ / LB",TOTAL,NOT SPECIFIED,NATIONAL,,99,US,US TOTAL,,,,,,,,0,,,9000,UNITED STATES,US TOTAL,2023,MONTHLY,7,7,JUL,,2024-04-30 15:00:00.000,0.67,
SURVEY,ANIMALS & PRODUCTS,POULTRY,CHICKENS,BROILERS,ALL PRODUCTION PRACTICES,ALL UTILIZATION PRACTICES,PRICE RECEIVED,$ / LB,"CHICKENS, BROILERS - PRICE RECEIVED, MEASURED IN $ / LB",TOTAL,NOT SPECIFIED,NATIONAL,,99,US,US TOTAL,,,,,,,,0,,,9000,UNITED STATES,US TOTAL,2023,MONTHLY,8,8,AUG,,2024-04-30 15:00:00.000,0.607,
SURVEY,ANIMALS & PRODUCTS,POULTRY,CHICKENS,BROILERS,ALL PRODUCTION PRACTICES,ALL UTILIZATION PRACTICES,PRICE RECEIVED,$ / LB,"CHICKENS, BROILERS - PRICE RECEIVED, MEASURED IN $ / LB",TOTAL,NOT SPECIFIED,NATIONAL,,99,US,US TOTAL,,,,,,,,0,,,9000,UNITED STATES,US TOTAL,2023,MONTHLY,9,9,SEP,,2024-04-30 15:00:00.000,0.649,
SURVEY,ANIMALS & PRODUCTS,POULTRY,CHICKENS,BROILERS,ALL PRODUCTION PRACTICES,ALL UTILIZATION PRACTICES,PRICE RECEIVED,$ / LB,"CHICKENS, BROILERS - PRICE RECEIVED, MEASURED IN $ / LB",TOTAL,NOT SPECIFIED,NATIONAL,,99,US,US TOTAL,,,,,,,,0,,,9000,UNITED STATES,US TOTAL,2023,MONTHLY,10,10,OCT,,2024-04-30 15:00:00.000,0.634,
SURVEY,ANIMALS & PRODUCTS,POULTRY,CHICKENS,BROILERS,ALL PRODUCTION PRACTICES,ALL UTILIZATION PRACTICES,PRICE RECEIVED,$ / LB,"CHICKENS, BROILERS - PRICE RECEIVED, MEASURED IN $ / LB",TOTAL,NOT SPECIFIED,NATIONAL,,99,US,US TOTAL,,,,,,,,0,,,9000,UNITED STATES,US TOTAL,2023,MONTHLY,11,11,NOV,,2024-04-30 15:00:00.000,0.65,
SURVEY,ANIMALS & PRODUCTS,POULTRY,CHICKENS,BROILERS,ALL PRODUCTION PRACTICES,ALL UTILIZATION PRACTICES,PRICE RECEIVED,$ / LB,"CHICKENS, BROILERS - PRICE RECEIVED, MEASURED IN $ / LB",TOTAL,NOT SPECIFIED,NATIONAL,,99,US,US TOTAL,,,,,,,,0,,,9000,UNITED STATES,US TOTAL,2023,MONTHLY,12,12,DEC,,2024-04-30 15:00:00.000,0.722,
SURVEY,ANIMALS & PRODUCTS,POULTRY,CHICKENS,BROILERS,ALL PRODUCTION PRACTICES,ALL UTILIZATION PRACTICES,PRICE RECEIVED,$ / LB,"CHICKENS, BROILERS - PRICE RECEIVED, MEASURED IN $ / LB",TOTAL,NOT SPECIFIED,NATIONAL,,99,US,US TOTAL,,,,,,,,0,,,9000,UNITED STATES,US TOTAL,2022,ANNUAL,0,0,YEAR,,2025-07-31 15:00:00.000,0.85,
SURVEY,ANIMALS & PRODUCTS,POULTRY,CHICKENS,BROILERS,ALL PRODUCTION PRACTICES,ALL UTILIZATION PRACTICES,PRICE RECEIVED,$ / LB,"CHICKENS, BROILERS - PRICE RECEIVED, MEASURED IN $ / LB",TOTAL,NOT SPECIFIED,NATIONAL,,99,US,US TOTAL,,,,,,,,0,,,9000,UNITED STATES,US TOTAL,2022,MONTHLY,1,1,JAN,,2023-04-28 15:00:00.000,0.78,
SURVEY,ANIMALS & PRODUCTS,POULTRY,CHICKENS,BROILERS,ALL PRODUCTION PRACTICES,ALL UTILIZATION PRACTICES,PRICE RECEIVED,$ / LB,"CHICKENS, BROILERS - PRICE RECEIVED, MEASURED IN $ / LB",TOTAL,NOT SPECIFIED,NATIONAL,,99,US,US TOTAL,,,,,,,,0,,,9000,UNITED STATES,US TOTAL,2022,MONTHLY,2,2,FEB,,2023-04-28 15:00:00.000,0.739,
SURVEY,ANIMALS & PRODUCTS,POULTRY,CHICKENS,BROILERS,ALL PRODUCTION PRACTICES,ALL UTILIZATION PRACTICES,PRICE RECEIVED,$ / LB,"CHICKENS, BROILERS - PRICE RECEIVED, MEASURED IN $ / LB",TOTAL,NOT SPECIFIED,NATIONAL,,99,US,US TOTAL,,,,,,,,0,,,9000,UNITED STATES,US TOTAL,2022,MONTHLY,3,3,MAR,,2023-04-28 15:00:00.000,0.885,
SURVEY,ANIMALS & PRODUCTS,POULTRY,CHICKENS,BROILERS,ALL PRODUCTION PRACTICES,ALL UTILIZATION PRACTICES,PRICE RECEIVED,$ / LB,"CHICKENS, BROILERS - PRICE RECEIVED, MEASURED IN $ / LB",TOTAL,NOT SPECIFIED,NATIONAL,,99,US,US TOTAL,,,,,,,,0,,,9000,UNITED STATES,US TOTAL,2022,MONTHLY,4,4,APR,,2023-04-28 15:00:00.000,1.037,
SURVEY,ANIMALS & PRODUCTS,POULTRY,CHICKENS,BROILERS,ALL PRODUCTION PRACTICES,ALL UTILIZATION PRACTICES,PRICE RECEIVED,$ / LB,"CHICKENS, BROILERS - PRICE RECEIVED, MEASURED IN $ / LB",TOTAL,NOT SPECIFIED,NATIONAL,,99,US,US TOTAL,,,,,,,,0,,,9000,UNITED STATES,US TOTAL,2022,MONTHLY,5,5,MAY,,2023-04-28 15:00:00.000,1.069,
SURVEY,ANIMALS & PRODUCTS,POULTRY,CHICKENS,BROILERS,ALL PRODUCTION PRACTICES,ALL UTILIZATION PRACTICES,PRICE RECEIVED,$ / LB,"CHICKENS, BROILERS - PRICE RECEIVED, MEASURED IN $ / LB",TOTAL,NOT SPECIFIED,NATIONAL,,99,US,US TOTAL,,,,,,,,0,,,9000,UNITED STATES,US TOTAL,2022,MONTHLY,6,6,JUN,,2023-04-28 15:00:00.000,1.045,
SURVEY,ANIMALS & PRODUCTS,POULTRY,CHICKENS,BROILERS,ALL PRODUCTION PRACTICES,ALL UTILIZATION PRACTICES,PRICE RECEIVED,$ / LB,"CHICKENS, BROILERS - PRICE RECEIVED, MEASURED IN $ / LB",TOTAL,NOT SPECIFIED,NATIONAL,,99,US,US TOTAL,,,,,,,,0,,,9000,UNITED STATES,US TOTAL,2022,MONTHLY,7,7,JUL,,2023-04-28 15:00:00.000,0.963,
SURVEY,ANIMALS & PRODUCTS,POULTRY,CHICKENS,BROILERS,ALL PRODUCTION PRACTICES,ALL UTILIZATION PRACTICES,PRICE RECEIVED,$ / LB,"CHICKENS, BROILERS - PRICE RECEIVED, MEASURED IN $ / LB",TOTAL,NOT SPECIFIED,NATIONAL,,99,US,US TOTAL,,,,,,,,0,,,9000,UNITED STATES,US TOTAL,2022,MONTHLY,8,8,AUG,,2023-04-28 15:00:00.000,0.78,
SURVEY,ANIMALS & PRODUCTS,POULTRY,CHICKENS,BROILERS,ALL PRODUCTION PRACTICES,ALL UTILIZATION PRACTICES,PRICE RECEIVED,$ / LB,"CHICKENS, BROILERS - PRICE RECEIVED, MEASURED IN $ / LB",TOTAL,NOT SPECIFIED,NATIONAL,,99,US,US TOTAL,,,,,,,,0,,,9000,UNITED STATES,US TOTAL,2022,MONTHLY,9,9,SEP,,2023-04-28 15:00:00.000,0.733,
SURVEY,ANIMALS & PRODUCTS,POULTRY,CHICKENS,BROILERS,ALL PRODUCTION PRACTICES,ALL UTILIZATION PRACTICES,PRICE RECEIVED,$ / LB,"CHICKENS, BROILERS - PRICE RECEIVED, MEASURED IN $ / LB",TOTAL,NOT SPECIFIED,NATIONAL,,99,US,US TOTAL,,,,,,,,0,,,9000,UNITED STATES,US TOTAL,2022,MONTHLY,10,10,OCT,,2023-04-28 15:00:00.000,0.711,
SURVEY,ANIMALS & PRODUCTS,POULTRY,CHICKENS,BROILERS,ALL PRODUCTION PRACTICES,ALL UTILIZATION PRACTICES,PRICE RECEIVED,$ / LB,"CHICKENS, BROILERS - PRICE RECEIVED, MEASURED IN $ / LB",TOTAL,NOT SPECIFIED,NATIONAL,,99,US,US TOTAL,,,,,,,,0,,,9000,UNITED STATES,US TOTAL,2022,MONTHLY,11,11,NOV,,2023-04-28 15:00:00.000,0.729,
SURVEY,ANIMALS & PRODUCTS,POULTRY,CHICKENS,BROILERS,ALL PRODUCTION PRACTICES,ALL UTILIZATION PRACTICES,PRICE RECEIVED,$ / LB,"CHICKENS, BROILERS - PRICE RECEIVED, MEASURED IN $ / LB",TOTAL,NOT SPECIFIED,NATIONAL,,99,US,US TOTAL,,,,,,,,0,,,9000,UNITED STATES,US TOTAL,2022,MONTHLY,12,12,DEC,,2023-04-28 15:00:00.000,0.726,
SURVEY,ANIMALS & PRODUCTS,POULTRY,CHICKENS,BROILERS,ALL PRODUCTION PRACTICES,ALL UTILIZATION PRACTICES,PRICE RECEIVED,$ / LB,"CHICKENS, BROILERS - PRICE RECEIVED, MEASURED IN $ / LB",TOTAL,NOT SPECIFIED,NATIONAL,,99,US,US TOTAL,,,,,,,,0,,,9000,UNITED STATES,US TOTAL,2021,ANNUAL,0,0,YEAR,,2024-07-31 15:00:00.000,0.558,
SURVEY,ANIMALS & PRODUCTS,POULTRY,CHICKENS,BROILERS,ALL PRODUCTION PRACTICES,ALL UTILIZATION PRACTICES,PRICE RECEIVED,$ / LB,"CHICKENS, BROILERS - PRICE RECEIVED, MEASURED IN $ / LB",TOTAL,NOT SPECIFIED,NATIONAL,,99,US,US TOTAL,,,,,,,,0,,,9000,UNITED STATES,US TOTAL,2021,MONTHLY,1,1,JAN,,2023-04-28 15:00:00.000,0.417,
SURVEY,ANIMALS & PRODUCTS,POULTRY,CHICKENS,BROILERS,ALL PRODUCTION PRACTICES,ALL UTILIZATION PRACTICES,PRICE RECEIVED,$ / LB,"CHICKENS, BROILERS - PRICE RECEIVED, MEASURED IN $ / LB",TOTAL,NOT SPECIFIED,NATIONAL,,99,US,US TOTAL,,,,,,,,0,,,9000,UNITED STATES,US TOTAL,2021,MONTHLY,2,2,FEB,,2023-04-28 15:00:00.000,0.423,
SURVEY,ANIMALS & PRODUCTS,POULTRY,CHICKENS,BROILERS,ALL PRODUCTION PRACTICES,ALL UTILIZATION PRACTICES,PRICE RECEIVED,$ / LB,"CHICKENS, BROILERS - PRICE RECEIVED, MEASURED IN $ / LB",TOTAL,NOT SPECIFIED,NATIONAL,,99,US,US TOTAL,,,,,,,,0,,,9000,UNITED STATES,US TOTAL,2021,MONTHLY,3,3,MAR,,2023-04-28 15:00:00.000,0.431,
SURVEY,ANIMALS & PRODUCTS,POULTRY,CHICKENS,BROILERS,ALL PRODUCTION PRACTICES,ALL UTILIZATION PRACTICES,PRICE RECEIVED,$ / LB,"CHICKENS, BROILERS - PRICE RECEIVED, MEASURED IN $ / LB",TOTAL,NOT SPECIFIED,NATIONAL,,99,US,US TOTAL,,,,,,,,0,,,9000,UNITED STATES,US TOTAL,2021,MONTHLY,4,4,APR,,2023-04-28 15:00:00.000,0.548,
SURVEY,ANIMALS & PRODUCTS,POULTRY,CHICKENS,BROILERS,ALL PRODUCTION PRACTICES,ALL UTILIZATION PRACTICES,PRICE RECEIVED,$ / LB,"CHICKENS, BROILERS - PRICE RECEIVED, MEASURED IN $ / LB",TOTAL,NOT SPECIFIED,NATIONAL,,99,US,US TOTAL,,,,,,,,0,,,9000,UNITED STATES,US TOTAL,2021,MONTHLY,5,5,MAY,,2023-04-28 15:00:00.000,0.593,
SURVEY,ANIMALS & PRODUCTS,POULTRY,CHICKENS,BROILERS,ALL PRODUCTION PRACTICES,ALL UTILIZATION PRACTICES,PRICE RECEIVED,$ / LB,"CHICKENS, BROILERS - PRICE RECEIVED, MEASURED IN $ / LB",TOTAL,NOT SPECIFIED,NATIONAL,,99,US,US TOTAL,,,,,,,,0,,,9000,UNITED STATES,US TOTAL,2021,MONTHLY,6,6,JUN,,2023-04-28 15:00:00.000,0.6,
SURVEY,ANIMALS & PRODUCTS,POULTRY,CHICKENS,BROILERS,ALL PRODUCTION PRACTICES,ALL UTILIZATION PRACTICES,PRICE RECEIVED,$ / LB,"CHICKENS, BROILERS - PRICE RECEIVED, MEASURED IN $ / LB",TOTAL,NOT SPECIFIED,NATIONAL,,99,US,US TOTAL,,,,,,,,0,,,9000,UNITED STATES,US TOTAL,2021,MONTHLY,7,7,JUL,,2023-04-28 15:00:00.000,0.593,
SURVEY,ANIMALS & PRODUCTS,POULTRY,CHICKENS,BROILERS,ALL PRODUCTION PRACTICES,ALL UTILIZATION PRACTICES,PRICE RECEIVED,$ / LB,"CHICKENS, BROILERS - PRICE RECEIVED, MEASURED IN $ / LB",TOTAL,NOT SPECIFIED,NATIONAL,,99,US,US TOTAL,,,,,,,,0,,,9000,UNITED STATES,US TOTAL,2021,MONTHLY,8,8,AUG,,2023-04-28 15:00:00.000,0.587,
SURVEY,ANIMALS & PRODUCTS,POULTRY,CHICKENS,BROILERS,ALL PRODUCTION PRACTICES,ALL UTILIZATION PRACTICES,PRICE RECEIVED,$ / LB,"CHICKENS, BROILERS - PRICE RECEIVED, MEASURED IN $ / LB",TOTAL,NOT SPECIFIED,NATIONAL,,99,US,US TOTAL,,,,,,,,0,,,9000,UNITED STATES,US TOTAL,2021,MONTHLY,9,9,SEP,,2023-04-28 15:00:00.000,0.595,
SURVEY,ANIMALS & PRODUCTS,POULTRY,CHICKENS,BROILERS,ALL PRODUCTION PRACTICES,ALL UTILIZATION PRACTICES,PRICE RECEIVED,$ / LB,"CHICKENS, BROILERS - PRICE RECEIVED, MEASURED IN $ / LB",TOTAL,NOT SPECIFIED,NATIONAL,,99,US,US TOTAL,,,,,,,,0,,,9000,UNITED STATES,US TOTAL,2021,MONTHLY,10,10,OCT,,2023-04-28 15:00:00.000,0.578,
SURVEY,ANIMALS & PRODUCTS,POULTRY,CHICKENS,BROILERS,ALL PRODUCTION PRACTICES,ALL UTILIZATION PRACTICES,PRICE RECEIVED,$ / LB,"CHICKENS, BROILERS - PRICE RECEIVED, MEASURED IN $ / LB",TOTAL,NOT SPECIFIED,NATIONAL,,99,US,US TOTAL,,,,,,,,0,,,9000,UNITED STATES,US TOTAL,2021,MONTHLY,11,11,NOV,,2023-04-28 15:00:00.000,0.592,
SURVEY,ANIMALS & PRODUCTS,POULTRY,CHICKENS,BROILERS,ALL PRODUCTION PRACTICES,ALL UTILIZATION PRACTICES,PRICE RECEIVED,$ / LB,"CHICKENS, BROILERS - PRICE RECEIVED, MEASURED IN $ / LB",TOTAL,NOT SPECIFIED,NATIONAL,,99,US,US TOTAL,,,,,,,,0,,,9000,UNITED STATES,US TOTAL,2021,MONTHLY,12,12,DEC,,2023-04-28 15:00:00.000,0.735,
SURVEY,ANIMALS & PRODUCTS,POULTRY,CHICKENS,BROILERS,ALL PRODUCTION PRACTICES,ALL UTILIZATION PRACTICES,PRICE RECEIVED,$ / LB,"CHICKENS, BROILERS - PRICE RECEIVED, MEASURED IN $ / LB",TOTAL,NOT SPECIFIED,NATIONAL,,99,US,US TOTAL,,,,,,,,0,,,9000,UNITED STATES,US TOTAL,2020,ANNUAL,0,0,YEAR,,2023-07-28 15:00:00.000,0.364,
SURVEY,ANIMALS & PRODUCTS,POULTRY,CHICKENS,BROILERS,ALL PRODUCTION PRACTICES,ALL UTILIZATION PRACTICES,PRICE RECEIVED,$ / LB,"CHICKENS, BROILERS - PRICE RECEIVED, MEASURED IN $ / LB",TOTAL,NOT SPECIFIED,NATIONAL,,99,US,US TOTAL,,,,,,,,0,,,9000,UNITED STATES,US TOTAL,2020,MONTHLY,1,1,JAN,,2022-04-29 15:01:27.000,0.494,
SURVEY,ANIMALS & PRODUCTS,POULTRY,CHICKENS,BROILERS,ALL PRODUCTION PRACTICES,ALL UTILIZATION PRACTICES,PRICE RECEIVED,$ / LB,"CHICKENS, BROILERS - PRICE RECEIVED, MEASURED IN $ / LB",TOTAL,NOT SPECIFIED,NATIONAL,,99,US,US TOTAL,,,,,,,,0,,,9000,UNITED STATES,US TOTAL,2020,MONTHLY,2,2,FEB,,2022-04-29 15:01:27.000,0.419,
SURVEY,ANIMALS & PRODUCTS,POULTRY,CHICKENS,BROILERS,ALL PRODUCTION PRACTICES,ALL UTILIZATION PRACTICES,PRICE RECEIVED,$ / LB,"CHICKENS, BROILERS - PRICE RECEIVED, MEASURED IN $ / LB",TOTAL,NOT SPECIFIED,NATIONAL,,99,US,US TOTAL,,,,,,,,0,,,9000,UNITED STATES,US TOTAL,2020,MONTHLY,3,3,MAR,,2022-04-29 15:01:27.000,0.43,
SURVEY,ANIMALS & PRODUCTS,POULTRY,CHICKENS,BROILERS,ALL PRODUCTION PRACTICES,ALL UTILIZATION PRACTICES,PRICE RECEIVED,$ / LB,"CHICKENS, BROILERS - PRICE RECEIVED, MEASURED IN $ / LB",TOTAL,NOT SPECIFIED,NATIONAL,,99,US,US TOTAL,,,,,,,,0,,,9000,UNITED STATES,US TOTAL,2020,MONTHLY,4,4,APR,,2022-04-29 15:01:27.000,0.226,
SURVEY,ANIMALS & PRODUCTS,POULTRY,CHICKENS,BROILERS,ALL PRODUCTION PRACTICES,ALL UTILIZATION PRACTICES,PRICE RECEIVED,$ / LB,"CHICKENS, BROILERS - PRICE RECEIVED, MEASURED IN $ / LB",TOTAL,NOT SPECIFIED,NATIONAL,,99,US,US TOTAL,,,,,,,,0,,,9000,UNITED STATES,US TOTAL,2020,MONTHLY,5,5,MAY,,2022-04-29 15:01:27.000,0.345,
SURVEY,ANIMALS & PRODUCTS,POULTRY,CHICKENS,BROILERS,ALL PRODUCTION PRACTICES,ALL UTILIZATION PRACTICES,PRICE RECEIVED,$ / LB,"CHICKENS, BROILERS - PRICE RECEIVED, MEASURED IN $ / LB",TOTAL,NOT SPECIFIED,NATIONAL,,99,US,US TOTAL,,,,,,,,0,,,9000,UNITED STATES,US TOTAL,2020,MONTHLY,6,6,JUN,,2022-04-29 15:01:27.000,0.366,
SURVEY,ANIMALS & PRODUCTS,POULTRY,CHICKENS,BROILERS,ALL PRODUCTION PRACTICES,ALL UTILIZATION PRACTICES,PRICE RECEIVED,$ / LB,"CHICKENS, BROILERS - PRICE RECEIVED, MEASURED IN $ / LB",TOTAL,NOT SPECIFIED,NATIONAL,,99,US,US TOTAL,,,,,,,,0,,,9000,UNITED STATES,US TOTAL,2020,MONTHLY,7,7,JUL,,2022-04-29 15:01:27.000,0.345,
SURVEY,ANIMALS & PRODUCTS,POULTRY,CHICKENS,BROILERS,ALL PRODUCTION PRACTICES,ALL UTILIZATION PRACTICES,PRICE RECEIVED,$ / LB,"CHICKENS, BROILERS - PRICE RECEIVED, MEASURED IN $ / LB",TOTAL,NOT SPECIFIED,NATIONAL,,99,US,US TOTAL,,,,,,,,0,,,9000,UNITED STATES,US TOTAL,2020,MONTHLY,8,8,AUG,,2022-04-29 15:01:27.000,0.309,
SURVEY,ANIMALS & PRODUCTS,POULTRY,CHICKENS,BROILERS,ALL PRODUCTION PRACTICES,ALL UTILIZATION PRACTICES,PRICE RECEIVED,$ / LB,"CHICKENS, BROILERS - PRICE RECEIVED, MEASURED IN $ / LB",TOTAL,NOT SPECIFIED,NATIONAL,,99,US,US TOTAL,,,,,,,,0,,,9000,UNITED STATES,US TOTAL,2020,MONTHLY,9,9,SEP,,2022-04-29 15:01:27.000,0.292,
SURVEY,ANIMALS & PRODUCTS,POULTRY,CHICKENS,BROILERS,ALL PRODUCTION PRACTICES,ALL UTILIZATION PRACTICES,PRICE RECEIVED,$ / LB,"CHICKENS, BROILERS - PRICE RECEIVED, MEASURED IN $ / LB",TOTAL,NOT SPECIFIED,NATIONAL,,99,US,US TOTAL,,,,,,,,0,,,9000,UNITED STATES,US TOTAL,2020,MONTHLY,10,10,OCT,,2022-04-29 15:01:27.000,0.315,
SURVEY,ANIMALS & PRODUCTS,POULTRY,CHICKENS,BROILERS,ALL PRODUCTION PRACTICES,ALL UTILIZATION PRACTICES,PRICE RECEIVED,$ / LB,"CHICKENS, BROILERS - PRICE RECEIVED, MEASURED IN $ / LB",TOTAL,NOT SPECIFIED,NATIONAL,,99,US,US TOTAL,,,,,,,,0,,,9000,UNITED STATES,US TOTAL,2020,MONTHLY,11,11,NOV,,2022-04-29 15:01:27.000,0.391,
SURVEY,ANIMALS & PRODUCTS,POULTRY,CHICKENS,BROILERS,ALL PRODUCTION PRACTICES,ALL UTILIZATION PRACTICES,PRICE RECEIVED,$ / LB,"CHICKENS, BROILERS - PRICE RECEIVED, MEASURED IN $ / LB",TOTAL,NOT SPECIFIED,NATIONAL,,99,US,US TOTAL,,,,,,,,0,,,9000,UNITED STATES,US TOTAL,2020,MONTHLY,12,12,DEC,,2023-04-28 15:00:00.000,0.43,
SURVEY,ANIMALS & PRODUCTS,POULTRY,CHICKENS,BROILERS,ALL PRODUCTION PRACTICES,ALL UTILIZATION PRACTICES,PRICE RECEIVED,$ / LB,"CHICKENS, BROILERS - PRICE RECEIVED, MEASURED IN $ / LB",TOTAL,NOT SPECIFIED,NATIONAL,,99,US,US TOTAL,,,,,,,,0,,,9000,UNITED STATES,US TOTAL,2019,ANNUAL,0,0,YEAR,,2022-07-29 15:01:54.000,0.482,
SURVEY,ANIMALS & PRODUCTS,POULTRY,CHICKENS,BROILERS,ALL PRODUCTION PRACTICES,ALL UTILIZATION PRACTICES,PRICE RECEIVED,$ / LB,"CHICKENS, BROILERS - PRICE RECEIVED, MEASURED IN $ / LB",TOTAL,NOT SPECIFIED,NATIONAL,,99,US,US TOTAL,,,,,,,,0,,,9000,UNITED STATES,US TOTAL,2019,MONTHLY,1,1,JAN,,2022-04-29 15:01:27.000,0.56,
SURVEY,ANIMALS & PRODUCTS,POULTRY,CHICKENS,BROILERS,ALL PRODUCTION PRACTICES,ALL UTILIZATION PRACTICES,PRICE RECEIVED,$ / LB,"CHICKENS, BROILERS - PRICE RECEIVED, MEASURED IN $ / LB",TOTAL,NOT SPECIFIED,NATIONAL,,99,US,US TOTAL,,,,,,,,0,,,9000,UNITED STATES,US TOTAL,2019,MONTHLY,2,2,FEB,,2022-04-29 15:01:27.000,0.49,
SURVEY,ANIMALS & PRODUCTS,POULTRY,CHICKENS,BROILERS,ALL PRODUCTION PRACTICES,ALL UTILIZATION PRACTICES,PRICE RECEIVED,$ / LB,"CHICKENS, BROILERS - PRICE RECEIVED, MEASURED IN $ / LB",TOTAL,NOT SPECIFIED,NATIONAL,,99,US,US TOTAL,,,,,,,,0,,,9000,UNITED STATES,US TOTAL,2019,MONTHLY,3,3,MAR,,2022-04-29 15:01:27.000,0.51,
SURVEY,ANIMALS & PRODUCTS,POULTRY,CHICKENS,BROILERS,ALL PRODUCTION PRACTICES,ALL UTILIZATION PRACTICES,PRICE RECEIVED,$ / LB,"CHICKENS, BROILERS - PRICE RECEIVED, MEASURED IN $ / LB",TOTAL,NOT SPECIFIED,NATIONAL,,99,US,US TOTAL,,,,,,,,0,,,9000,UNITED STATES,US TOTAL,2019,MONTHLY,4,4,APR,,2022-04-29 15:01:27.000,0.55,
SURVEY,ANIMALS & PRODUCTS,POULTRY,CHICKENS,BROILERS,ALL PRODUCTION PRACTICES,ALL UTILIZATION PRACTICES,PRICE RECEIVED,$ / LB,"CHICKENS, BROILERS - PRICE RECEIVED, MEASURED IN $ / LB",TOTAL,NOT SPECIFIED,NATIONAL,,99,US,US TOTAL,,,,,,,,0,,,9000,UNITED STATES,US TOTAL,2019,MONTHLY,5,5,MAY,,2022-04-29 15:01:27.000,0.57,
SURVEY,ANIMALS & PRODUCTS,POULTRY,CHICKENS,BROILERS,ALL PRODUCTION PRACTICES,ALL UTILIZATION PRACTICES,PRICE RECEIVED,$ / LB,"CHICKENS, BROILERS - PRICE RECEIVED, MEASURED IN $ / LB",TOTAL,NOT SPECIFIED,NATIONAL,,99,US,US TOTAL,,,,,,,,0,,,9000,UNITED STATES,US TOTAL,2019,MONTHLY,6,6,JUN,,2022-04-29 15:01:27.000,0.54,
SURVEY,ANIMALS & PRODUCTS,POULTRY,CHICKENS,BROILERS,ALL PRODUCTION PRACTICES,ALL UTILIZATION PRACTICES,PRICE RECEIVED,$ / LB,"CHICKENS, BROILERS - PRICE RECEIVED, MEASURED IN $ / LB",TOTAL,NOT SPECIFIED,NATIONAL,,99,US,US TOTAL,,,,,,,,0,,,9000,UNITED STATES,US TOTAL,2019,MONTHLY,7,7,JUL,,2022-04-29 15:01:27.000,0.487,
SURVEY,ANIMALS & PRODUCTS,POULTRY,CHICKENS,BROILERS,ALL PRODUCTION PRACTICES,ALL UTILIZATION PRACTICES,PRICE RECEIVED,$ / LB,"CHICKENS, BROILERS - PRICE RECEIVED, MEASURED IN $ / LB",TOTAL,NOT SPECIFIED,NATIONAL,,99,US,US TOTAL,,,,,,,,0,,,9000,UNITED STATES,US TOTAL,2019,MONTHLY,8,8,AUG,,2022-04-29 15:01:27.000,0.421,
SURVEY,ANIMALS & PRODUCTS,POULTRY,CHICKENS,BROILERS,ALL PRODUCTION PRACTICES,ALL UTILIZATION PRACTICES,PRICE RECEIVED,$ / LB,"CHICKENS, BROILERS - PRICE RECEIVED, MEASURED IN $ / LB",TOTAL,NOT SPECIFIED,NATIONAL,,99,US,US TOTAL,,,,,,,,0,,,9000,UNITED STATES,US TOTAL,2019,MONTHLY,9,9,SEP,,2022-04-29 15:01:27.000,0.391,
SURVEY,ANIMALS & PRODUCTS,POULTRY,CHICKENS,BROILERS,ALL PRODUCTION PRACTICES,ALL UTILIZATION PRACTICES,PRICE RECEIVED,$ / LB,"CHICKENS, BROILERS - PRICE RECEIVED, MEASURED IN $ / LB",TOTAL,NOT SPECIFIED,NATIONAL,,99,US,US TOTAL,,,,,,,,0,,,9000,UNITED STATES,US TOTAL,2019,MONTHLY,10,10,OCT,,2022-04-29 15:01:27.000,0.41,
SURVEY,ANIMALS & PRODUCTS,POULTRY,CHICKENS,BROILERS,ALL PRODUCTION PRACTICES,ALL UTILIZATION PRACTICES,PRICE RECEIVED,$ / LB,"CHICKENS, BROILERS - PRICE RECEIVED, MEASURED IN $ / LB",TOTAL,NOT SPECIFIED,NATIONAL,,99,US,US TOTAL,,,,,,,,0,,,9000,UNITED STATES,US TOTAL,2019,MONTHLY,11,11,NOV,,2022-04-29 15:01:27.000,0.403,
SURVEY,ANIMALS & PRODUCTS,POULTRY,CHICKENS,BROILERS,ALL PRODUCTION PRACTICES,ALL UTILIZATION PRACTICES,PRICE RECEIVED,$ / LB,"CHICKENS, BROILERS - PRICE RECEIVED, MEASURED IN $ / LB",TOTAL,NOT SPECIFIED,NATIONAL,,99,US,US TOTAL,,,,,,,,0,,,9000,UNITED STATES,US TOTAL,2019,MONTHLY,12,12,DEC,,2022-04-29 15:01:27.000,0.449,
SURVEY,ANIMALS & PRODUCTS,POULTRY,CHICKENS,BROILERS,ALL PRODUCTION PRACTICES,ALL UTILIZATION PRACTICES,PRICE RECEIVED,$ / LB,"CHICKENS, BROILERS - PRICE RECEIVED, MEASURED IN $ / LB",TOTAL,NOT SPECIFIED,NATIONAL,,99,US,US TOTAL,,,,,,,,0,,,9000,UNITED STATES,US TOTAL,2018,ANNUAL,0,0,YEAR,,2022-07-29 15:01:54.000,0.569,
SURVEY,ANIMALS & PRODUCTS,POULTRY,CHICKENS,BROILERS,ALL PRODUCTION PRACTICES,ALL UTILIZATION PRACTICES,PRICE RECEIVED,$ / LB,"CHICKENS, BROILERS - PRICE RECEIVED, MEASURED IN $ / LB",TOTAL,NOT SPECIFIED,NATIONAL,,99,US,US TOTAL,,,,,,,,0,,,9000,UNITED STATES,US TOTAL,2018,MONTHLY,1,1,JAN,,2022-04-29 15:01:27.000,0.53,
SURVEY,ANIMALS & PRODUCTS,POULTRY,CHICKENS,BROILERS,ALL PRODUCTION PRACTICES,ALL UTILIZATION PRACTICES,PRICE RECEIVED,$ / LB,"CHICKENS, BROILERS - PRICE RECEIVED, MEASURED IN $ / LB",TOTAL,NOT SPECIFIED,NATIONAL,,99,US,US TOTAL,,,,,,,,0,,,9000,UNITED STATES,US TOTAL,2018,MONTHLY,2,2,FEB,,2022-04-29 15:01:27.000,0.52,
SURVEY,ANIMALS & PRODUCTS,POULTRY,CHICKENS,BROILERS,ALL PRODUCTION PRACTICES,ALL UTILIZATION PRACTICES,PRICE RECEIVED,$ / LB,"CHICKENS, BROILERS - PRICE RECEIVED, MEASURED IN $ / LB",TOTAL,NOT SPECIFIED,NATIONAL,,99,US,US TOTAL,,,,,,,,0,,,9000,UNITED STATES,US TOTAL,2018,MONTHLY,3,3,MAR,,2022-04-29 15:01:27.000,0.6,
SURVEY,ANIMALS & PRODUCTS,POULTRY,CHICKENS,BROILERS,ALL PRODUCTION PRACTICES,ALL UTILIZATION PRACTICES,PRICE RECEIVED,$ / LB,"CHICKENS, BROILERS - PRICE RECEIVED, MEASURED IN $ / LB",TOTAL,NOT SPECIFIED,NATIONAL,,99,US,US TOTAL,,,,,,,,0,,,9000,UNITED STATES,US TOTAL,2018,MONTHLY,4,4,APR,,2022-04-29 15:01:27.000,0.65,
SURVEY,ANIMALS & PRODUCTS,POULTRY,CHICKENS,BROILERS,ALL PRODUCTION PRACTICES,ALL UTILIZATION PRACTICES,PRICE RECEIVED,$ / LB,"CHICKENS, BROILERS - PRICE RECEIVED, MEASURED IN $ / LB",TOTAL,NOT SPECIFIED,NATIONAL,,99,US,US TOTAL,,,,,,,,0,,,9000,UNITED STATES,US TOTAL,2018,MONTHLY,5,5,MAY,,2022-04-29 15:01:27.000,0.72,
SURVEY,ANIMALS & PRODUCTS,POULTRY,CHICKENS,BROILERS,ALL PRODUCTION PRACTICES,ALL UTILIZATION PRACTICES,PRICE RECEIVED,$ / LB,"CHICKENS, BROILERS - PRICE RECEIVED, MEASURED IN $ / LB",TOTAL,NOT SPECIFIED,NATIONAL,,99,US,US TOTAL,,,,,,,,0,,,9000,UNITED STATES,US TOTAL,2018,MONTHLY,6,6,JUN,,2022-04-29 15:01:27.000,0.73,
SURVEY,ANIMALS & PRODUCTS,POULTRY,CHICKENS,BROILERS,ALL PRODUCTION PRACTICES,ALL UTILIZATION PRACTICES,PRICE RECEIVED,$ / LB,"CHICKENS, BROILERS - PRICE RECEIVED, MEASURED IN $ / LB",TOTAL,NOT SPECIFIED,NATIONAL,,99,US,US TOTAL,,,,,,,,0,,,9000,UNITED STATES,US TOTAL,2018,MONTHLY,7,7,JUL,,2022-04-29 15:01:27.000,0.67,
SURVEY,ANIMALS & PRODUCTS,POULTRY,CHICKENS,BROILERS,ALL PRODUCTION PRACTICES,ALL UTILIZATION PRACTICES,PRICE RECEIVED,$ / LB,"CHICKENS, BROILERS - PRICE RECEIVED, MEASURED IN $ / LB",TOTAL,NOT SPECIFIED,NATIONAL,,99,US,US TOTAL,,,,,,,,0,,,9000,UNITED STATES,US TOTAL,2018,MONTHLY,8,8,AUG,,2022-04-29 15:01:27.000,0.49,
SURVEY,ANIMALS & PRODUCTS,POULTRY,CHICKENS,BROILERS,ALL PRODUCTION PRACTICES,ALL UTILIZATION PRACTICES,PRICE RECEIVED,$ / LB,"CHICKENS, BROILERS - PRICE RECEIVED, MEASURED IN $ / LB",TOTAL,NOT SPECIFIED,NATIONAL,,99,US,US TOTAL,,,,,,,,0,,,9000,UNITED STATES,US TOTAL,2018,MONTHLY,9,9,SEP,,2022-04-29 15:01:27.000,0.46,
SURVEY,ANIMALS & PRODUCTS,POULTRY,CHICKENS,BROILERS,ALL PRODUCTION PRACTICES,ALL UTILIZATION PRACTICES,PRICE RECEIVED,$ / LB,"CHICKENS, BROILERS - PRICE RECEIVED, MEASURED IN $ / LB",TOTAL,NOT SPECIFIED,NATIONAL,,99,US,US TOTAL,,,,,,,,0,,,9000,UNITED STATES,US TOTAL,2018,MONTHLY,10,10,OCT,,2022-04-29 15:01:27.000,0.46,
SURVEY,ANIMALS & PRODUCTS,POULTRY,CHICKENS,BROILERS,ALL PRODUCTION PRACTICES,ALL UTILIZATION PRACTICES,PRICE RECEIVED,$ / LB,"CHICKENS, BROILERS - PRICE RECEIVED, MEASURED IN $ / LB",TOTAL,NOT SPECIFIED,NATIONAL,,99,US,US TOTAL,,,,,,,,0,,,9000,UNITED STATES,US TOTAL,2018,MONTHLY,11,11,NOV,,2022-04-29 15:01:27.000,0.49,
SURVEY,ANIMALS & PRODUCTS,POULTRY,CHICKENS,BROILERS,ALL PRODUCTION PRACTICES,ALL UTILIZATION PRACTICES,PRICE RECEIVED,$ / LB,"CHICKENS, BROILERS - PRICE RECEIVED, MEASURED IN $ / LB",TOTAL,NOT SPECIFIED,NATIONAL,,99,US,US TOTAL,,,,,,,,0,,,9000,UNITED STATES,US TOTAL,2018,MONTHLY,12,12,DEC,,2022-04-29 15:01:27.000,0.51,
SURVEY,ANIMALS & PRODUCTS,POULTRY,CHICKENS,BROILERS,ALL PRODUCTION PRACTICES,ALL UTILIZATION PRACTICES,PRICE RECEIVED,$ / LB,"CHICKENS, BROILERS - PRICE RECEIVED, MEASURED IN $ / LB",TOTAL,NOT SPECIFIED,NATIONAL,,99,US,US TOTAL,,,,,,,,0,,,9000,UNITED STATES,US TOTAL,2017,ANNUAL,0,0,YEAR,,2022-07-29 15:01:54.000,0.546,
SURVEY,ANIMALS & PRODUCTS,POULTRY,CHICKENS,BROILERS,ALL PRODUCTION PRACTICES,ALL UTILIZATION PRACTICES,PRICE RECEIVED,$ / LB,"CHICKENS, BROILERS - PRICE RECEIVED, MEASURED IN $ / LB",TOTAL,NOT SPECIFIED,NATIONAL,,99,US,US TOTAL,,,,,,,,0,,,9000,UNITED STATES,US TOTAL,2017,MONTHLY,1,1,JAN,,2022-04-29 15:01:27.000,0.49,
SURVEY,ANIMALS & PRODUCTS,POULTRY,CHICKENS,BROILERS,ALL PRODUCTION PRACTICES,ALL UTILIZATION PRACTICES,PRICE RECEIVED,$ / LB,"CHICKENS, BROILERS - PRICE RECEIVED, MEASURED IN $ / LB",TOTAL,NOT SPECIFIED,NATIONAL,,99,US,US TOTAL,,,,,,,,0,,,9000,UNITED STATES,US TOTAL,2017,MONTHLY,2,2,FEB,,2022-04-29 15:01:27.000,0.48,
SURVEY,ANIMALS & PRODUCTS,POULTRY,CHICKENS,BROILERS,ALL PRODUCTION PRACTICES,ALL UTILIZATION PRACTICES,PRICE RECEIVED,$ / LB,"CHICKENS, BROILERS - PRICE RECEIVED, MEASURED IN $ / LB",TOTAL,NOT SPECIFIED,NATIONAL,,99,US,US TOTAL,,,,,,,,0,,,9000,UNITED STATES,US TOTAL,2017,MONTHLY,3,3,MAR,,2022-04-29 15:01:27.000,0.55,
SURVEY,ANIMALS & PRODUCTS,POULTRY,CHICKENS,BROILERS,ALL PRODUCTION PRACTICES,ALL UTILIZATION PRACTICES,PRICE RECEIVED,$ / LB,"CHICKENS, BROILERS - PRICE RECEIVED, MEASURED IN $ / LB",TOTAL,NOT SPECIFIED,NATIONAL,,99,US,US TOTAL,,,,,,,,0,,,9000,UNITED STATES,US TOTAL,2017,MONTHLY,4,4,APR,,2022-04-29 15:01:27.000,0.57,
SURVEY,ANIMALS & PRODUCTS,POULTRY,CHICKENS,BROILERS,ALL PRODUCTION PRACTICES,ALL UTILIZATION PRACTICES,PRICE RECEIVED,$ / LB,"CHICKENS, BROILERS - PRICE RECEIVED, MEASURED IN $ / LB",TOTAL,NOT SPECIFIED,NATIONAL,,99,US,US TOTAL,,,,,,,,0,,,9000,UNITED STATES,US TOTAL,2017,MONTHLY,5,5,MAY,,2022-04-29 15:01:27.000,0.66,
SURVEY,ANIMALS & PRODUCTS,POULTRY,CHICKENS,BROILERS,ALL PRODUCTION PRACTICES,ALL UTILIZATION PRACTICES,PRICE RECEIVED,$ / LB,"CHICKENS, BROILERS - PRICE RECEIVED, MEASURED IN $ / LB",TOTAL,NOT SPECIFIED,NATIONAL,,99,US,US TOTAL,,,,,,,,0,,,9000,UNITED STATES,US TOTAL,2017,MONTHLY,6,6,JUN,,2022-04-29 15:01:27.000,0.66,
SURVEY,ANIMALS & PRODUCTS,POULTRY,CHICKENS,BROILERS,ALL PRODUCTION PRACTICES,ALL UTILIZATION PRACTICES,PRICE RECEIVED,$ / LB,"CHICKENS, BROILERS - PRICE RECEIVED, MEASURED IN $ / LB",TOTAL,NOT SPECIFIED,NATIONAL,,99,US,US TOTAL,,,,,,,,0,,,9000,UNITED STATES,US TOTAL,2017,MONTHLY,7,7,JUL,,2022-04-29 15:01:27.000,0.62,
SURVEY,ANIMALS & PRODUCTS,POULTRY,CHICKENS,BROILERS,ALL PRODUCTION PRACTICES,ALL UTILIZATION PRACTICES,PRICE RECEIVED,$ / LB,"CHICKENS, BROILERS - PRICE RECEIVED, MEASURED IN $ / LB",TOTAL,NOT SPECIFIED,NATIONAL,,99,US,US TOTAL,,,,,,,,0,,,9000,UNITED STATES,US TOTAL,2017,MONTHLY,8,8,AUG,,2022-04-29 15:01:27.000,0.54,
SURVEY,ANIMALS & PRODUCTS,POULTRY,CHICKENS,BROILERS,ALL PRODUCTION PRACTICES,ALL UTILIZATION PRACTICES,PRICE RECEIVED,$ / LB,"CHICKENS, BROILERS - PRICE RECEIVED, MEASURED IN $ / LB",TOTAL,NOT SPECIFIED,NATIONAL,,99,US,US TOTAL,,,,,,,,0,,,9000,UNITED STATES,US TOTAL,2017,MONTHLY,9,9,SEP,,2022-04-29 15:01:27.000,0.51,
SURVEY,ANIMALS & PRODUCTS,POULTRY,CHICKENS,BROILERS,ALL PRODUCTION PRACTICES,ALL UTILIZATION PRACTICES,PRICE RECEIVED,$ / LB,"CHICKENS, BROILERS - PRICE RECEIVED, MEASURED IN $ / LB",TOTAL,NOT SPECIFIED,NATIONAL,,99,US,US TOTAL,,,,,,,,0,,,9000,UNITED STATES,US TOTAL,2017,MONTHLY,10,10,OCT,,2022-04-29 15:01:27.000,0.48,
SURVEY,ANIMALS & PRODUCTS,POULTRY,CHICKENS,BROILERS,ALL PRODUCTION PRACTICES,ALL UTILIZATION PRACTICES,PRICE RECEIVED,$ / LB,"CHICKENS, BROILERS - PRICE RECEIVED, MEASURED IN $ / LB",TOTAL,NOT SPECIFIED,NATIONAL,,99,US,US TOTAL,,,,,,,,0,,,9000,UNITED STATES,US TOTAL,2017,MONTHLY,11,11,NOV,,2022-04-29 15:01:27.000,0.49,
SURVEY,ANIMALS & PRODUCTS,POULTRY,CHICKENS,BROILERS,ALL PRODUCTION PRACTICES,ALL UTILIZATION PRACTICES,PRICE RECEIVED,$ / LB,"CHICKENS, BROILERS - PRICE RECEIVED, MEASURED IN $ / LB",TOTAL,NOT SPECIFIED,NATIONAL,,99,US,US TOTAL,,,,,,,,0,,,9000,UNITED STATES,US TOTAL,2017,MONTHLY,12,12,DEC,,2022-04-29 15:01:27.000,0.5,
SURVEY,ANIMALS & PRODUCTS,POULTRY,CHICKENS,BROILERS,ALL PRODUCTION PRACTICES,ALL UTILIZATION PRACTICES,PRICE RECEIVED,$ / LB,"CHICKENS, BROILERS - PRICE RECEIVED, MEASURED IN $ / LB",TOTAL,NOT SPECIFIED,NATIONAL,,99,US,US TOTAL,,,,,,,,0,,,9000,UNITED STATES,US TOTAL,2016,ANNUAL,0,0,YEAR,,2022-07-29 15:01:54.000,0.478,
SURVEY,ANIMALS & PRODUCTS,POULTRY,CHICKENS,BROILERS,ALL PRODUCTION PRACTICES,ALL UTILIZATION PRACTICES,PRICE RECEIVED,$ / LB,"CHICKENS, BROILERS - PRICE RECEIVED, MEASURED IN $ / LB",TOTAL,NOT SPECIFIED,NATIONAL,,99,US,US TOTAL,,,,,,,,0,,,9000,UNITED STATES,US TOTAL,2016,MONTHLY,1,1,JAN,,2022-04-29 15:01:27.000,0.5,
SURVEY,ANIMALS & PRODUCTS,POULTRY,CHICKENS,BROILERS,ALL PRODUCTION PRACTICES,ALL UTILIZATION PRACTICES,PRICE RECEIVED,$ / LB,"CHICKENS, BROILERS - PRICE RECEIVED, MEASURED IN $ / LB",TOTAL,NOT SPECIFIED,NATIONAL,,99,US,US TOTAL,,,,,,,,0,,,9000,UNITED STATES,US TOTAL,2016,MONTHLY,2,2,FEB,,2022-04-29 15:01:27.000,0.46,
SURVEY,ANIMALS & PRODUCTS,POULTRY,CHICKENS,BROILERS,ALL PRODUCTION PRACTICES,ALL UTILIZATION PRACTICES,PRICE RECEIVED,$ / LB,"CHICKENS, BROILERS - PRICE RECEIVED, MEASURED IN $ / LB",TOTAL,NOT SPECIFIED,NATIONAL,,99,US,US TOTAL,,,,,,,,0,,,9000,UNITED STATES,US TOTAL,2016,MONTHLY,3,3,MAR,,2022-04-29 15:01:27.000,0.48,
SURVEY,ANIMALS & PRODUCTS,POULTRY,CHICKENS,BROILERS,ALL PRODUCTION PRACTICES,ALL UTILIZATION PRACTICES,PRICE RECEIVED,$ / LB,"CHICKENS, BROILERS - PRICE RECEIVED, MEASURED IN $ / LB",TOTAL,NOT SPECIFIED,NATIONAL,,99,US,US TOTAL,,,,,,,,0,,,9000,UNITED STATES,US TOTAL,2016,MONTHLY,4,4,APR,,2022-04-29 15:01:27.000,0.51,
SURVEY,ANIMALS & PRODUCTS,POULTRY,CHICKENS,BROILERS,ALL PRODUCTION PRACTICES,ALL UTILIZATION PRACTICES,PRICE RECEIVED,$ / LB,"CHICKENS, BROILERS - PRICE RECEIVED, MEASURED IN $ / LB",TOTAL,NOT SPECIFIED,NATIONAL,,99,US,US TOTAL,,,,,,,,0,,,9000,UNITED STATES,US TOTAL,2016,MONTHLY,5,5,MAY,,2022-04-29 15:01:27.000,0.56,
SURVEY,ANIMALS & PRODUCTS,POULTRY,CHICKENS,BROILERS,ALL PRODUCTION PRACTICES,ALL UTILIZATION PRACTICES,PRICE RECEIVED,$ / LB,"CHICKENS, BROILERS - PRICE RECEIVED, MEASURED IN $ / LB",TOTAL,NOT SPECIFIED,NATIONAL,,99,US,US TOTAL,,,,,,,,0,,,9000,UNITED STATES,US TOTAL,2016,MONTHLY,6,6,JUN,,2022-04-29 15:01:27.000,0.57,
SURVEY,ANIMALS & PRODUCTS,POULTRY,CHICKENS,BROILERS,ALL PRODUCTION PRACTICES,ALL UTILIZATION PRACTICES,PRICE RECEIVED,$ / LB,"CHICKENS, BROILERS - PRICE RECEIVED, MEASURED IN $ / LB",TOTAL,NOT SPECIFIED,NATIONAL,,99,US,US TOTAL,,,,,,,,0,,,9000,UNITED STATES,US TOTAL,2016,MONTHLY,7,7,JUL,,2022-04-29 15:01:27.000,0.51,
SURVEY,ANIMALS & PRODUCTS,POULTRY,CHICKENS,BROILERS,ALL PRODUCTION PRACTICES,ALL UTILIZATION PRACTICES,PRICE RECEIVED,$ / LB,"CHICKENS, BROILERS - PRICE RECEIVED, MEASURED IN $ / LB",TOTAL,NOT SPECIFIED,NATIONAL,,99,US,US TOTAL,,,,,,,,0,,,9000,UNITED STATES,US TOTAL,2016,MONTHLY,8,8,AUG,,2022-04-29 15:01:27.000,0.44,
SURVEY,ANIMALS & PRODUCTS,POULTRY,CHICKENS,BROILERS,ALL PRODUCTION PRACTICES,ALL UTILIZATION PRACTICES,PRICE RECEIVED,$ / LB,"CHICKENS, BROILERS - PRICE RECEIVED, MEASURED IN $ / LB",TOTAL,NOT SPECIFIED,NATIONAL,,99,US,US TOTAL,,,,,,,,0,,,9000,UNITED STATES,US TOTAL,2016,MONTHLY,9,9,SEP,,2022-04-29 15:01:27.000,0.42,
SURVEY,ANIMALS & PRODUCTS,POULTRY,CHICKENS,BROILERS,ALL PRODUCTION PRACTICES,ALL UTILIZATION PRACTICES,PRICE RECEIVED,$ / LB,"CHICKENS, BROILERS - PRICE RECEIVED, MEASURED IN $ / LB",TOTAL,NOT SPECIFIED,NATIONAL,,99,US,US TOTAL,,,,,,,,0,,,9000,UNITED STATES,US TOTAL,2016,MONTHLY,10,10,OCT,,2022-04-29 15:01:27.000,0.37,
SURVEY,ANIMALS & PRODUCTS,POULTRY,CHICKENS,BROILERS,ALL PRODUCTION PRACTICES,ALL UTILIZATION PRACTICES,PRICE RECEIVED,$ / LB,"CHICKENS, BROILERS - PRICE RECEIVED, MEASURED IN $ / LB",TOTAL,NOT SPECIFIED,NATIONAL,,99,US,US TOTAL,,,,,,,,0,,,9000,UNITED STATES,US TOTAL,2016,MONTHLY,11,11,NOV,,2022-04-29 15:01:27.000,0.44,
SURVEY,ANIMALS & PRODUCTS,POULTRY,CHICKENS,BROILERS,ALL PRODUCTION PRACTICES,ALL UTILIZATION PRACTICES,PRICE RECEIVED,$ / LB,"CHICKENS, BROILERS - PRICE RECEIVED, MEASURED IN $ / LB",TOTAL,NOT SPECIFIED,NATIONAL,,99,US,US TOTAL,,,,,,,,0,,,9000,UNITED STATES,US TOTAL,2016,MONTHLY,12,12,DEC,,2022-04-29 15:01:27.000,0.48,
SURVEY,ANIMALS & PRODUCTS,POULTRY,CHICKENS,BROILERS,ALL PRODUCTION PRACTICES,ALL UTILIZATION PRACTICES,PRICE RECEIVED,$ / LB,"CHICKENS, BROILERS - PRICE RECEIVED, MEASURED IN $ / LB",TOTAL,NOT SPECIFIED,NATIONAL,,99,US,US TOTAL,,,,,,,,0,,,9000,UNITED STATES,US TOTAL,2015,ANNUAL,0,0,YEAR,,2022-07-29 15:01:54.000,0.529,
SURVEY,ANIMALS & PRODUCTS,POULTRY,CHICKENS,BROILERS,ALL PRODUCTION PRACTICES,ALL UTILIZATION PRACTICES,PRICE RECEIVED,$ / LB,"CHICKENS, BROILERS - PRICE RECEIVED, MEASURED IN $ / LB",TOTAL,NOT SPECIFIED,NATIONAL,,99,US,US TOTAL,,,,,,,,0,,,9000,UNITED STATES,US TOTAL,2015,MONTHLY,1,1,JAN,,2021-04-30 15:02:24.000,0.6,
SURVEY,ANIMALS & PRODUCTS,POULTRY,CHICKENS,BROILERS,ALL PRODUCTION PRACTICES,ALL UTILIZATION PRACTICES,PRICE RECEIVED,$ / LB,"CHICKENS, BROILERS - PRICE RECEIVED, MEASURED IN $ / LB",TOTAL,NOT SPECIFIED,NATIONAL,,99,US,US TOTAL,,,,,,,,0,,,9000,UNITED STATES,US TOTAL,2015,MONTHLY,2,2,FEB,,2021-04-30 15:02:24.000,0.54,
SURVEY,ANIMALS & PRODUCTS,POULTRY,CHICKENS,BROILERS,ALL PRODUCTION PRACTICES,ALL UTILIZATION PRACTICES,PRICE RECEIVED,$ / LB,"CHICKENS, BROILERS - PRICE RECEIVED, MEASURED IN $ / LB",TOTAL,NOT SPECIFIED,NATIONAL,,99,US,US TOTAL,,,,,,,,0,,,9000,UNITED STATES,US TOTAL,2015,MONTHLY,3,3,MAR,,2021-04-30 15:02:24.000,0.59,
SURVEY,ANIMALS & PRODUCTS,POULTRY,CHICKENS,BROILERS,ALL PRODUCTION PRACTICES,ALL UTILIZATION PRACTICES,PRICE RECEIVED,$ / LB,"CHICKENS, BROILERS - PRICE RECEIVED, MEASURED IN $ / LB",TOTAL,NOT SPECIFIED,NATIONAL,,99,US,US TOTAL,,,,,,,,0,,,9000,UNITED STATES,US TOTAL,2015,MONTHLY,4,4,APR,,2021-04-30 15:02:24.000,0.64,
SURVEY,ANIMALS & PRODUCTS,POULTRY,CHICKENS,BROILERS,ALL PRODUCTION PRACTICES,ALL UTILIZATION PRACTICES,PRICE RECEIVED,$ / LB,"CHICKENS, BROILERS - PRICE RECEIVED, MEASURED IN $ / LB",TOTAL,NOT SPECIFIED,NATIONAL,,99,US,US TOTAL,,,,,,,,0,,,9000,UNITED STATES,US TOTAL,2015,MONTHLY,5,5,MAY,,2021-04-30 15:02:24.000,0.65,
SURVEY,ANIMALS & PRODUCTS,POULTRY,CHICKENS,BROILERS,ALL PRODUCTION PRACTICES,ALL UTILIZATION PRACTICES,PRICE RECEIVED,$ / LB,"CHICKENS, BROILERS - PRICE RECEIVED, MEASURED IN $ / LB",TOTAL,NOT SPECIFIED,NATIONAL,,99,US,US TOTAL,,,,,,,,0,,,9000,UNITED STATES,US TOTAL,2015,MONTHLY,6,6,JUN,,2021-04-30 15:02:24.000,0.62,
SURVEY,ANIMALS & PRODUCTS,POULTRY,CHICKENS,BROILERS,ALL PRODUCTION PRACTICES,ALL UTILIZATION PRACTICES,PRICE RECEIVED,$ / LB,"CHICKENS, BROILERS - PRICE RECEIVED, MEASURED IN $ / LB",TOTAL,NOT SPECIFIED,NATIONAL,,99,US,US TOTAL,,,,,,,,0,,,9000,UNITED STATES,US TOTAL,2015,MONTHLY,7,7,JUL,,2021-04-30 15:02:24.000,0.51,
SURVEY,ANIMALS & PRODUCTS,POULTRY,CHICKENS,BROILERS,ALL PRODUCTION PRACTICES,ALL UTILIZATION PRACTICES,PRICE RECEIVED,$ / LB,"CHICKENS, BROILERS - PRICE RECEIVED, MEASURED IN $ / LB",TOTAL,NOT SPECIFIED,NATIONAL,,99,US,US TOTAL,,,,,,,,0,,,9000,UNITED STATES,US TOTAL,2015,MONTHLY,8,8,AUG,,2021-04-30 15:02:24.000,0.47,
SURVEY,ANIMALS & PRODUCTS,POULTRY,CHICKENS,BROILERS,ALL PRODUCTION PRACTICES,ALL UTILIZATION PRACTICES,PRICE RECEIVED,$ / LB,"CHICKENS, BROILERS - PRICE RECEIVED, MEASURED IN $ / LB",TOTAL,NOT SPECIFIED,NATIONAL,,99,US,US TOTAL,,,,,,,,0,,,9000,UNITED STATES,US TOTAL,2015,MONTHLY,9,9,SEP,,2021-04-30 15:02:24.000,0.43,
SURVEY,ANIMALS & PRODUCTS,POULTRY,CHICKENS,BROILERS,ALL PRODUCTION PRACTICES,ALL UTILIZATION PRACTICES,PRICE RECEIVED,$ / LB,"CHICKENS, BROILERS - PRICE RECEIVED, MEASURED IN $ / LB",TOTAL,NOT SPECIFIED,NATIONAL,,99,US,US TOTAL,,,,,,,,0,,,9000,UNITED STATES,US TOTAL,2015,MONTHLY,10,10,OCT,,2021-04-30 15:02:24.000,0.41,
SURVEY,ANIMALS & PRODUCTS,POULTRY,CHICKENS,BROILERS,ALL PRODUCTION PRACTICES,ALL UTILIZATION PRACTICES,PRICE RECEIVED,$ / LB,"CHICKENS, BROILERS - PRICE RECEIVED, MEASURED IN $ / LB",TOTAL,NOT SPECIFIED,NATIONAL,,99,US,US TOTAL,,,,,,,,0,,,9000,UNITED STATES,US TOTAL,2015,MONTHLY,11,11,NOV,,2021-04-30 15:02:24.000,0.42,
SURVEY,ANIMALS & PRODUCTS,POULTRY,CHICKENS,BROILERS,ALL PRODUCTION PRACTICES,ALL UTILIZATION PRACTICES,PRICE RECEIVED,$ / LB,"CHICKENS, BROILERS - PRICE RECEIVED, MEASURED IN $ / LB",TOTAL,NOT SPECIFIED,NATIONAL,,99,US,US TOTAL,,,,,,,,0,,,9000,UNITED STATES,US TOTAL,2015,MONTHLY,12,12,DEC,,2022-04-29 15:01:27.000,0.47,
SURVEY,ANIMALS & PRODUCTS,POULTRY,CHICKENS,BROILERS,ALL PRODUCTION PRACTICES,ALL UTILIZATION PRACTICES,PRICE RECEIVED,$ / LB,"CHICKENS, BROILERS - PRICE RECEIVED, MEASURED IN $ / LB",TOTAL,NOT SPECIFIED,NATIONAL,,99,US,US TOTAL,,,,,,,,0,,,9000,UNITED STATES,US TOTAL,2014,ANNUAL,0,0,YEAR,,2022-07-29 15:01:54.000,0.638,
SURVEY,ANIMALS & PRODUCTS,POULTRY,CHICKENS,BROILERS,ALL PRODUCTION PRACTICES,ALL UTILIZATION PRACTICES,PRICE RECEIVED,$ / LB,"CHICKENS, BROILERS - PRICE RECEIVED, MEASURED IN $ / LB",TOTAL,NOT SPECIFIED,NATIONAL,,99,US,US TOTAL,,,,,,,,0,,,9000,UNITED STATES,US TOTAL,2014,MONTHLY,1,1,JAN,,2020-04-30 15:11:12.000,0.57,
SURVEY,ANIMALS & PRODUCTS,POULTRY,CHICKENS,BROILERS,ALL PRODUCTION PRACTICES,ALL UTILIZATION PRACTICES,PRICE RECEIVED,$ / LB,"CHICKENS, BROILERS - PRICE RECEIVED, MEASURED IN $ / LB",TOTAL,NOT SPECIFIED,NATIONAL,,99,US,US TOTAL,,,,,,,,0,,,9000,UNITED STATES,US TOTAL,2014,MONTHLY,2,2,FEB,,2020-04-30 15:11:12.000,0.55,
SURVEY,ANIMALS & PRODUCTS,POULTRY,CHICKENS,BROILERS,ALL PRODUCTION PRACTICES,ALL UTILIZATION PRACTICES,PRICE RECEIVED,$ / LB,"CHICKENS, BROILERS - PRICE RECEIVED, MEASURED IN $ / LB",TOTAL,NOT SPECIFIED,NATIONAL,,99,US,US TOTAL,,,,,,,,0,,,9000,UNITED STATES,US TOTAL,2014,MONTHLY,3,3,MAR,,2020-04-30 15:11:12.000,0.65,
SURVEY,ANIMALS & PRODUCTS,POULTRY,CHICKENS,BROILERS,ALL PRODUCTION PRACTICES,ALL UTILIZATION PRACTICES,PRICE RECEIVED,$ / LB,"CHICKENS, BROILERS - PRICE RECEIVED, MEASURED IN $ / LB",TOTAL,NOT SPECIFIED,NATIONAL,,99,US,US TOTAL,,,,,,,,0,,,9000,UNITED STATES,US TOTAL,2014,MONTHLY,4,4,APR,,2020-04-30 15:11:12.000,0.68,
SURVEY,ANIMALS & PRODUCTS,POULTRY,CHICKENS,BROILERS,ALL PRODUCTION PRACTICES,ALL UTILIZATION PRACTICES,PRICE RECEIVED,$ / LB,"CHICKENS, BROILERS - PRICE RECEIVED, MEASURED IN $ / LB",TOTAL,NOT SPECIFIED,NATIONAL,,99,US,US TOTAL,,,,,,,,0,,,9000,UNITED STATES,US TOTAL,2014,MONTHLY,5,5,MAY,,2020-04-30 15:11:12.000,0.73,
SURVEY,ANIMALS & PRODUCTS,POULTRY,CHICKENS,BROILERS,ALL PRODUCTION PRACTICES,ALL UTILIZATION PRACTICES,PRICE RECEIVED,$ / LB,"CHICKENS, BROILERS - PRICE RECEIVED, MEASURED IN $ / LB",TOTAL,NOT SPECIFIED,NATIONAL,,99,US,US TOTAL,,,,,,,,0,,,9000,UNITED STATES,US TOTAL,2014,MONTHLY,6,6,JUN,,2020-04-30 15:11:12.000,0.7,
SURVEY,ANIMALS & PRODUCTS,POULTRY,CHICKENS,BROILERS,ALL PRODUCTION PRACTICES,ALL UTILIZATION PRACTICES,PRICE RECEIVED,$ / LB,"CHICKENS, BROILERS - PRICE RECEIVED, MEASURED IN $ / LB",TOTAL,NOT SPECIFIED,NATIONAL,,99,US,US TOTAL,,,,,,,,0,,,9000,UNITED STATES,US TOTAL,2014,MONTHLY,7,7,JUL,,2020-04-30 15:11:12.000,0.66,
SURVEY,ANIMALS & PRODUCTS,POULTRY,CHICKENS,BROILERS,ALL PRODUCTION PRACTICES,ALL UTILIZATION PRACTICES,PRICE RECEIVED,$ / LB,"CHICKENS, BROILERS - PRICE RECEIVED, MEASURED IN $ / LB",TOTAL,NOT SPECIFIED,NATIONAL,,99,US,US TOTAL,,,,,,,,0,,,9000,UNITED STATES,US TOTAL,2014,MONTHLY,8,8,AUG,,2020-04-30 15:11:12.000,0.6,
SURVEY,ANIMALS & PRODUCTS,POULTRY,CHICKENS,BROILERS,ALL PRODUCTION PRACTICES,ALL UTILIZATION PRACTICES,PRICE RECEIVED,$ / LB,"CHICKENS, BROILERS - PRICE RECEIVED, MEASURED IN $ / LB",TOTAL,NOT SPECIFIED,NATIONAL,,99,US,US TOTAL,,,,,,,,0,,,9000,UNITED STATES,US TOTAL,2014,MONTHLY,9,9,SEP,,2020-04-30 15:11:12.000,0.66,
SURVEY,ANIMALS & PRODUCTS,POULTRY,CHICKENS,BROILERS,ALL PRODUCTION PRACTICES,ALL UTILIZATION PRACTICES,PRICE RECEIVED,$ / LB,"CHICKENS, BROILERS - PRICE RECEIVED, MEASURED IN $ / LB",TOTAL,NOT SPECIFIED,NATIONAL,,99,US,US TOTAL,,,,,,,,0,,,9000,UNITED STATES,US TOTAL,2014,MONTHLY,10,10,OCT,,2020-04-30 15:11:12.000,0.65,
SURVEY,ANIMALS & PRODUCTS,POULTRY,CHICKENS,BROILERS,ALL PRODUCTION PRACTICES,ALL UTILIZATION PRACTICES,PRICE RECEIVED,$ / LB,"CHICKENS, BROILERS - PRICE RECEIVED, MEASURED IN $ / LB",TOTAL,NOT SPECIFIED,NATIONAL,,99,US,US TOTAL,,,,,,,,0,,,9000,UNITED STATES,US TOTAL,2014,MONTHLY,11,11,NOV,,2020-04-30 15:11:12.000,0.63,
SURVEY,ANIMALS & PRODUCTS,POULTRY,CHICKENS,BROILERS,ALL PRODUCTION PRACTICES,ALL UTILIZATION PRACTICES,PRICE RECEIVED,$ / LB,"CHICKENS, BROILERS - PRICE RECEIVED, MEASURED IN $ / LB",TOTAL,NOT SPECIFIED,NATIONAL,,99,US,US TOTAL,,,,,,,,0,,,9000,UNITED STATES,US TOTAL,2014,MONTHLY,12,12,DEC,,2021-04-30 15:02:24.000,0.58,
SURVEY,ANIMALS & PRODUCTS,POULTRY,CHICKENS,BROILERS,ALL PRODUCTION PRACTICES,ALL UTILIZATION PRACTICES,PRICE RECEIVED,$ / LB,"CHICKENS, BROILERS - PRICE RECEIVED, MEASURED IN $ / LB",TOTAL,NOT SPECIFIED,NATIONAL,,99,US,US TOTAL,,,,,,,,0,,,9000,UNITED STATES,US TOTAL,2013,ANNUAL,0,0,YEAR,,2022-07-29 15:01:54.000,0.604,
SURVEY,ANIMALS & PRODUCTS,POULTRY,CHICKENS,BROILERS,ALL PRODUCTION PRACTICES,ALL UTILIZATION PRACTICES,PRICE RECEIVED,$ / LB,"CHICKENS, BROILERS - PRICE RECEIVED, MEASURED IN $ / LB",TOTAL,NOT SPECIFIED,NATIONAL,,99,US,US TOTAL,,,,,,,,0,,,9000,UNITED STATES,US TOTAL,2013,MONTHLY,1,1,JAN,,2019-04-30 15:06:07.000,0.62,
SURVEY,ANIMALS & PRODUCTS,POULTRY,CHICKENS,BROILERS,ALL PRODUCTION PRACTICES,ALL UTILIZATION PRACTICES,PRICE RECEIVED,$ / LB,"CHICKENS, BROILERS - PRICE RECEIVED, MEASURED IN $ / LB",TOTAL,NOT SPECIFIED,NATIONAL,,99,US,US TOTAL,,,,,,,,0,,,9000,UNITED STATES,US TOTAL,2013,MONTHLY,2,2,FEB,,2019-04-30 15:06:07.000,0.62,
SURVEY,ANIMALS & PRODUCTS,POULTRY,CHICKENS,BROILERS,ALL PRODUCTION PRACTICES,ALL UTILIZATION PRACTICES,PRICE RECEIVED,$ / LB,"CHICKENS, BROILERS - PRICE RECEIVED, MEASURED IN $ / LB",TOTAL,NOT SPECIFIED,NATIONAL,,99,US,US TOTAL,,,,,,,,0,,,9000,UNITED STATES,US TOTAL,2013,MONTHLY,3,3,MAR,,2019-04-30 15:06:07.000,0.66,
SURVEY,ANIMALS & PRODUCTS,POULTRY,CHICKENS,BROILERS,ALL PRODUCTION PRACTICES,ALL UTILIZATION PRACTICES,PRICE RECEIVED,$ / LB,"CHICKENS, BROILERS - PRICE RECEIVED, MEASURED IN $ / LB",TOTAL,NOT SPECIFIED,NATIONAL,,99,US,US TOTAL,,,,,,,,0,,,9000,UNITED STATES,US TOTAL,2013,MONTHLY,4,4,APR,,2019-04-30 15:06:07.000,0.66,
SURVEY,ANIMALS & PRODUCTS,POULTRY,CHICKENS,BROILERS,ALL PRODUCTION PRACTICES,ALL UTILIZATION PRACTICES,PRICE RECEIVED,$ / LB,"CHICKENS, BROILERS - PRICE RECEIVED, MEASURED IN $ / LB",TOTAL,NOT SPECIFIED,NATIONAL,,99,US,US TOTAL,,,,,,,,0,,,9000,UNITED STATES,US TOTAL,2013,MONTHLY,5,5,MAY,,2019-04-30 15:06:07.000,0.68,
SURVEY,ANIMALS & PRODUCTS,POULTRY,CHICKENS,BROILERS,ALL PRODUCTION PRACTICES,ALL UTILIZATION PRACTICES,PRICE RECEIVED,$ / LB,"CHICKENS, BROILERS - PRICE RECEIVED, MEASURED IN $ / LB",TOTAL,NOT SPECIFIED,NATIONAL,,99,US,US TOTAL,,,,,,,,0,,,9000,UNITED STATES,US TOTAL,2013,MONTHLY,6,6,JUN,,2019-04-30 15:06:07.000,0.67,
SURVEY,ANIMALS & PRODUCTS,POULTRY,CHICKENS,BROILERS,ALL PRODUCTION PRACTICES,ALL UTILIZATION PRACTICES,PRICE RECEIVED,$ / LB,"CHICKENS, BROILERS - PRICE RECEIVED, MEASURED IN $ / LB",TOTAL,NOT SPECIFIED,NATIONAL,,99,US,US TOTAL,,,,,,,,0,,,9000,UNITED STATES,US TOTAL,2013,MONTHLY,7,7,JUL,,2019-04-30 15:06:07.000,0.6,
SURVEY,ANIMALS & PRODUCTS,POULTRY,CHICKENS,BROILERS,ALL PRODUCTION PRACTICES,ALL UTILIZATION PRACTICES,PRICE RECEIVED,$ / LB,"CHICKENS, BROILERS - PRICE RECEIVED, MEASURED IN $ / LB",TOTAL,NOT SPECIFIED,NATIONAL,,99,US,US TOTAL,,,,,,,,0,,,9000,UNITED STATES,US TOTAL,2013,MONTHLY,8,8,AUG,,2019-04-30 15:06:07.000,0.54,
SURVEY,ANIMALS & PRODUCTS,POULTRY,CHICKENS,BROILERS,ALL PRODUCTION PRACTICES,ALL UTILIZATION PRACTICES,PRICE RECEIVED,$ / LB,"CHICKENS, BROILERS - PRICE RECEIVED, MEASURED IN $ / LB",TOTAL,NOT SPECIFIED,NATIONAL,,99,US,US TOTAL,,,,,,,,0,,,9000,UNITED STATES,US TOTAL,2013,MONTHLY,9,9,SEP,,2019-04-30 15:06:07.000,0.55,
SURVEY,ANIMALS & PRODUCTS,POULTRY,CHICKENS,BROILERS,ALL PRODUCTION PRACTICES,ALL UTILIZATION PRACTICES,PRICE RECEIVED,$ / LB,"CHICKENS, BROILERS - PRICE RECEIVED, MEASURED IN $ / LB",TOTAL,NOT SPECIFIED,NATIONAL,,99,US,US TOTAL,,,,,,,,0,,,9000,UNITED STATES,US TOTAL,2013,MONTHLY,10,10,OCT,,2019-04-30 15:06:07.000,0.53,
SURVEY,ANIMALS & PRODUCTS,POULTRY,CHICKENS,BROILERS,ALL PRODUCTION PRACTICES,ALL UTILIZATION PRACTICES,PRICE RECEIVED,$ / LB,"CHICKENS, BROILERS - PRICE RECEIVED, MEASURED IN $ / LB",TOTAL,NOT SPECIFIED,NATIONAL,,99,US,US TOTAL,,,,,,,,0,,,9000,UNITED STATES,US TOTAL,2013,MONTHLY,11,11,NOV,,2019-04-30 15:06:07.000,0.56,
SURVEY,ANIMALS & PRODUCTS,POULTRY,CHICKENS,BROILERS,ALL PRODUCTION PRACTICES,ALL UTILIZATION PRACTICES,PRICE RECEIVED,$ / LB,"CHICKENS, BROILERS - PRICE RECEIVED, MEASURED IN $ / LB",TOTAL,NOT SPECIFIED,NATIONAL,,99,US,US TOTAL,,,,,,,,0,,,9000,UNITED STATES,US TOTAL,2013,MONTHLY,12,12,DEC,,2020-04-30 15:11:12.000,0.56,
SURVEY,ANIMALS & PRODUCTS,POULTRY,CHICKENS,BROILERS,ALL PRODUCTION PRACTICES,ALL UTILIZATION PRACTICES,PRICE RECEIVED,$ / LB,"CHICKENS, BROILERS - PRICE RECEIVED, MEASURED IN $ / LB",TOTAL,NOT SPECIFIED,NATIONAL,,99,US,US TOTAL,,,,,,,,0,,,9000,UNITED STATES,US TOTAL,2012,ANNUAL,0,0,YEAR,,2022-07-29 15:01:54.000,0.511,
SURVEY,ANIMALS & PRODUCTS,POULTRY,CHICKENS,BROILERS,ALL PRODUCTION PRACTICES,ALL UTILIZATION PRACTICES,PRICE RECEIVED,$ / LB,"CHICKENS, BROILERS - PRICE RECEIVED, MEASURED IN $ / LB",TOTAL,NOT SPECIFIED,NATIONAL,,99,US,US TOTAL,,,,,,,,0,,,9000,UNITED STATES,US TOTAL,2012,MONTHLY,1,1,JAN,,2018-04-27 15:07:08.000,0.47,
SURVEY,ANIMALS & PRODUCTS,POULTRY,CHICKENS,BROILERS,ALL PRODUCTION PRACTICES,ALL UTILIZATION PRACTICES,PRICE RECEIVED,$ / LB,"CHICKENS, BROILERS - PRICE RECEIVED, MEASURED IN $ / LB",TOTAL,NOT SPECIFIED,NATIONAL,,99,US,US TOTAL,,,,,,,,0,,,9000,UNITED STATES,US TOTAL,2012,MONTHLY,2,2,FEB,,2018-04-27 15:07:08.000,0.51,
SURVEY,ANIMALS & PRODUCTS,POULTRY,CHICKENS,BROILERS,ALL PRODUCTION PRACTICES,ALL UTILIZATION PRACTICES,PRICE RECEIVED,$ / LB,"CHICKENS, BROILERS - PRICE RECEIVED, MEASURED IN $ / LB",TOTAL,NOT SPECIFIED,NATIONAL,,99,US,US TOTAL,,,,,,,,0,,,9000,UNITED STATES,US TOTAL,2012,MONTHLY,3,3,MAR,,2018-04-27 15:07:08.000,0.56,
SURVEY,ANIMALS & PRODUCTS,POULTRY,CHICKENS,BROILERS,ALL PRODUCTION PRACTICES,ALL UTILIZATION PRACTICES,PRICE RECEIVED,$ / LB,"CHICKENS, BROILERS - PRICE RECEIVED, MEASURED IN $ / LB",TOTAL,NOT SPECIFIED,NATIONAL,,99,US,US TOTAL,,,,,,,,0,,,9000,UNITED STATES,US TOTAL,2012,MONTHLY,4,4,APR,,2018-04-27 15:07:08.000,0.5,
SURVEY,ANIMALS & PRODUCTS,POULTRY,CHICKENS,BROILERS,ALL PRODUCTION PRACTICES,ALL UTILIZATION PRACTICES,PRICE RECEIVED,$ / LB,"CHICKENS, BROILERS - PRICE RECEIVED, MEASURED IN $ / LB",TOTAL,NOT SPECIFIED,NATIONAL,,99,US,US TOTAL,,,,,,,,0,,,9000,UNITED STATES,US TOTAL,2012,MONTHLY,5,5,MAY,,2018-04-27 15:07:08.000,0.52,
SURVEY,ANIMALS & PRODUCTS,POULTRY,CHICKENS,BROILERS,ALL PRODUCTION PRACTICES,ALL UTILIZATION PRACTICES,PRICE RECEIVED,$ / LB,"CHICKENS, BROILERS - PRICE RECEIVED, MEASURED IN $ / LB",TOTAL,NOT SPECIFIED,NATIONAL,,99,US,US TOTAL,,,,,,,,0,,,9000,UNITED STATES,US TOTAL,2012,MONTHLY,6,6,JUN,,2018-04-27 15:07:08.000,0.5,
SURVEY,ANIMALS & PRODUCTS,POULTRY,CHICKENS,BROILERS,ALL PRODUCTION PRACTICES,ALL UTILIZATION PRACTICES,PRICE RECEIVED,$ / LB,"CHICKENS, BROILERS - PRICE RECEIVED, MEASURED IN $ / LB",TOTAL,NOT SPECIFIED,NATIONAL,,99,US,US TOTAL,,,,,,,,0,,,9000,UNITED STATES,US TOTAL,2012,MONTHLY,7,7,JUL,,2018-04-27 15:07:08.000,0.47,
SURVEY,ANIMALS & PRODUCTS,POULTRY,CHICKENS,BROILERS,ALL PRODUCTION PRACTICES,ALL UTILIZATION PRACTICES,PRICE RECEIVED,$ / LB,"CHICKENS, BROILERS - PRICE RECEIVED, MEASURED IN $ / LB",TOTAL,NOT SPECIFIED,NATIONAL,,99,US,US TOTAL,,,,,,,,0,,,9000,UNITED STATES,US TOTAL,2012,MONTHLY,8,8,AUG,,2018-04-27 15:07:08.000,0.48,
SURVEY,ANIMALS & PRODUCTS,POULTRY,CHICKENS,BROILERS,ALL PRODUCTION PRACTICES,ALL UTILIZATION PRACTICES,PRICE RECEIVED,$ / LB,"CHICKENS, BROILERS - PRICE RECEIVED, MEASURED IN $ / LB",TOTAL,NOT SPECIFIED,NATIONAL,,99,US,US TOTAL,,,,,,,,0,,,9000,UNITED STATES,US TOTAL,2012,MONTHLY,9,9,SEP,,2018-04-27 15:07:08.000,0.48,
SURVEY,ANIMALS & PRODUCTS,POULTRY,CHICKENS,BROILERS,ALL PRODUCTION PRACTICES,ALL UTILIZATION PRACTICES,PRICE RECEIVED,$ / LB,"CHICKENS, BROILERS - PRICE RECEIVED, MEASURED IN $ / LB",TOTAL,NOT SPECIFIED,NATIONAL,,99,US,US TOTAL,,,,,,,,0,,,9000,UNITED STATES,US TOTAL,2012,MONTHLY,10,10,OCT,,2018-04-27 15:07:08.000,0.49,
SURVEY,ANIMALS & PRODUCTS,POULTRY,CHICKENS,BROILERS,ALL PRODUCTION PRACTICES,ALL UTILIZATION PRACTICES,PRICE RECEIVED,$ / LB,"CHICKENS, BROILERS - PRICE RECEIVED, MEASURED IN $ / LB",TOTAL,NOT SPECIFIED,NATIONAL,,99,US,US TOTAL,,,,,,,,0,,,9000,UNITED STATES,US TOTAL,2012,MONTHLY,11,11,NOV,,2018-04-27 15:07:08.000,0.56,
SURVEY,ANIMALS & PRODUCTS,POULTRY,CHICKENS,BROILERS,ALL PRODUCTION PRACTICES,ALL UTILIZATION PRACTICES,PRICE RECEIVED,$ / LB,"CHICKENS, BROILERS - PRICE RECEIVED, MEASURED IN $ / LB",TOTAL,NOT SPECIFIED,NATIONAL,,99,US,US TOTAL,,,,,,,,0,,,9000,UNITED STATES,US TOTAL,2012,MONTHLY,12,12,DEC,,2019-04-30 15:06:07.000,0.59,
SURVEY,ANIMALS & PRODUCTS,POULTRY,CHICKENS,BROILERS,ALL PRODUCTION PRACTICES,ALL UTILIZATION PRACTICES,PRICE RECEIVED,$ / LB,"CHICKENS, BROILERS - PRICE RECEIVED, MEASURED IN $ / LB",TOTAL,NOT SPECIFIED,NATIONAL,,99,US,US TOTAL,,,,,,,,0,,,9000,UNITED STATES,US TOTAL,2011,ANNUAL,0,0,YEAR,,2021-07-30 15:01:19.000,0.459,
SURVEY,ANIMALS & PRODUCTS,POULTRY,CHICKENS,BROILERS,ALL PRODUCTION PRACTICES,ALL UTILIZATION PRACTICES,PRICE RECEIVED,$ / LB,"CHICKENS, BROILERS - PRICE RECEIVED, MEASURED IN $ / LB",TOTAL,NOT SPECIFIED,NATIONAL,,99,US,US TOTAL,,,,,,,,0,,,9000,UNITED STATES,US TOTAL,2011,MONTHLY,1,1,JAN,,2017-04-27 15:03:23.000,0.44,
SURVEY,ANIMALS & PRODUCTS,POULTRY,CHICKENS,BROILERS,ALL PRODUCTION PRACTICES,ALL UTILIZATION PRACTICES,PRICE RECEIVED,$ / LB,"CHICKENS, BROILERS - PRICE RECEIVED, MEASURED IN $ / LB",TOTAL,NOT SPECIFIED,NATIONAL,,99,US,US TOTAL,,,,,,,,0,,,9000,UNITED STATES,US TOTAL,2011,MONTHLY,2,2,FEB,,2017-04-27 15:03:23.000,0.43,
SURVEY,ANIMALS & PRODUCTS,POULTRY,CHICKENS,BROILERS,ALL PRODUCTION PRACTICES,ALL UTILIZATION PRACTICES,PRICE RECEIVED,$ / LB,"CHICKENS, BROILERS - PRICE RECEIVED, MEASURED IN $ / LB",TOTAL,NOT SPECIFIED,NATIONAL,,99,US,US TOTAL,,,,,,,,0,,,9000,UNITED STATES,US TOTAL,2011,MONTHLY,3,3,MAR,,2017-04-27 15:03:23.000,0.48,
SURVEY,ANIMALS & PRODUCTS,POULTRY,CHICKENS,BROILERS,ALL PRODUCTION PRACTICES,ALL UTILIZATION PRACTICES,PRICE RECEIVED,$ / LB,"CHICKENS, BROILERS - PRICE RECEIVED, MEASURED IN $ / LB",TOTAL,NOT SPECIFIED,NATIONAL,,99,US,US TOTAL,,,,,,,,0,,,9000,UNITED STATES,US TOTAL,2011,MONTHLY,4,4,APR,,2017-04-27 15:03:23.000,0.48,
SURVEY,ANIMALS & PRODUCTS,POULTRY,CHICKENS,BROILERS,ALL PRODUCTION PRACTICES,ALL UTILIZATION PRACTICES,PRICE RECEIVED,$ / LB,"CHICKENS, BROILERS - PRICE RECEIVED, MEASURED IN $ / LB",TOTAL,NOT SPECIFIED,NATIONAL,,99,US,US TOTAL,,,,,,,,0,,,9000,UNITED STATES,US TOTAL,2011,MONTHLY,5,5,MAY,,2017-04-27 15:03:23.000,0.49,
SURVEY,ANIMALS & PRODUCTS,POULTRY,CHICKENS,BROILERS,ALL PRODUCTION PRACTICES,ALL UTILIZATION PRACTICES,PRICE RECEIVED,$ / LB,"CHICKENS, BROILERS - PRICE RECEIVED, MEASURED IN $ / LB",TOTAL,NOT SPECIFIED,NATIONAL,,99,US,US TOTAL,,,,,,,,0,,,9000,UNITED STATES,US TOTAL,2011,MONTHLY,6,6,JUN,,2017-04-27 15:03:23.000,0.49,
SURVEY,ANIMALS & PRODUCTS,POULTRY,CHICKENS,BROILERS,ALL PRODUCTION PRACTICES,ALL UTILIZATION PRACTICES,PRICE RECEIVED,$ / LB,"CHICKENS, BROILERS - PRICE RECEIVED, MEASURED IN $ / LB",TOTAL,NOT SPECIFIED,NATIONAL,,99,US,US TOTAL,,,,,,,,0,,,9000,UNITED STATES,US TOTAL,2011,MONTHLY,7,7,JUL,,2017-04-27 15:03:23.000,0.47,
SURVEY,ANIMALS & PRODUCTS,POULTRY,CHICKENS,BROILERS,ALL PRODUCTION PRACTICES,ALL UTILIZATION PRACTICES,PRICE RECEIVED,$ / LB,"CHICKENS, BROILERS - PRICE RECEIVED, MEASURED IN $ / LB",TOTAL,NOT SPECIFIED,NATIONAL,,99,US,US TOTAL,,,,,,,,0,,,9000,UNITED STATES,US TOTAL,2011,MONTHLY,8,8,AUG,,2017-04-27 15:03:23.000,0.47,
SURVEY,ANIMALS & PRODUCTS,POULTRY,CHICKENS,BROILERS,ALL PRODUCTION PRACTICES,ALL UTILIZATION PRACTICES,PRICE RECEIVED,$ / LB,"CHICKENS, BROILERS - PRICE RECEIVED, MEASURED IN $ / LB",TOTAL,NOT SPECIFIED,NATIONAL,,99,US,US TOTAL,,,,,,,,0,,,9000,UNITED STATES,US TOTAL,2011,MONTHLY,9,9,SEP,,2017-04-27 15:03:23.000,0.43,
SURVEY,ANIMALS & PRODUCTS,POULTRY,CHICKENS,BROILERS,ALL PRODUCTION PRACTICES,ALL UTILIZATION PRACTICES,PRICE RECEIVED,$ / LB,"CHICKENS, BROILERS - PRICE RECEIVED, MEASURED IN $ / LB",TOTAL,NOT SPECIFIED,NATIONAL,,99,US,US TOTAL,,,,,,,,0,,,9000,UNITED STATES,US TOTAL,2011,MONTHLY,10,10,OCT,,2017-04-27 15:03:23.000,0.42,
SURVEY,ANIMALS & PRODUCTS,POULTRY,CHICKENS,BROILERS,ALL PRODUCTION PRACTICES,ALL UTILIZATION PRACTICES,PRICE RECEIVED,$ / LB,"CHICKENS, BROILERS - PRICE RECEIVED, MEASURED IN $ / LB",TOTAL,NOT SPECIFIED,NATIONAL,,99,US,US TOTAL,,,,,,,,0,,,9000,UNITED STATES,US TOTAL,2011,MONTHLY,11,11,NOV,,2017-04-27 15:03:23.000,0.45,
SURVEY,ANIMALS & PRODUCTS,POULTRY,CHICKENS,BROILERS,ALL PRODUCTION PRACTICES,ALL UTILIZATION PRACTICES,PRICE RECEIVED,$ / LB,"CHICKENS, BROILERS - PRICE RECEIVED, MEASURED IN $ / LB",TOTAL,NOT SPECIFIED,NATIONAL,,99,US,US TOTAL,,,,,,,,0,,,9000,UNITED STATES,US TOTAL,2011,MONTHLY,12,12,DEC,,2018-04-27 15:07:08.000,0.46,
SURVEY,ANIMALS & PRODUCTS,POULTRY,CHICKENS,BROILERS,ALL PRODUCTION PRACTICES,ALL UTILIZATION PRACTICES,PRICE RECEIVED,$ / LB,"CHICKENS, BROILERS - PRICE RECEIVED, MEASURED IN $ / LB",TOTAL,NOT SPECIFIED,NATIONAL,,99,US,US TOTAL,,,,,,,,0,,,9000,UNITED STATES,US TOTAL,2010,ANNUAL,0,0,YEAR,,2020-07-31 15:04:55.000,0.492,
SURVEY,ANIMALS & PRODUCTS,POULTRY,CHICKENS,BROILERS,ALL PRODUCTION PRACTICES,ALL UTILIZATION PRACTICES,PRICE RECEIVED,$ / LB,"CHICKENS, BROILERS - PRICE RECEIVED, MEASURED IN $ / LB",TOTAL,NOT SPECIFIED,NATIONAL,,99,US,US TOTAL,,,,,,,,0,,,9000,UNITED STATES,US TOTAL,2010,MONTHLY,1,1,JAN,,2016-04-29 15:12:51.000,0.48,
SURVEY,ANIMALS & PRODUCTS,POULTRY,CHICKENS,BROILERS,ALL PRODUCTION PRACTICES,ALL UTILIZATION PRACTICES,PRICE RECEIVED,$ / LB,"CHICKENS, BROILERS - PRICE RECEIVED, MEASURED IN $ / LB",TOTAL,NOT SPECIFIED,NATIONAL,,99,US,US TOTAL,,,,,,,,0,,,9000,UNITED STATES,US TOTAL,2010,MONTHLY,2,2,FEB,,2016-04-29 15:12:51.000,0.48,
SURVEY,ANIMALS & PRODUCTS,POULTRY,CHICKENS,BROILERS,ALL PRODUCTION PRACTICES,ALL UTILIZATION PRACTICES,PRICE RECEIVED,$ / LB,"CHICKENS, BROILERS - PRICE RECEIVED, MEASURED IN $ / LB",TOTAL,NOT SPECIFIED,NATIONAL,,99,US,US TOTAL,,,,,,,,0,,,9000,UNITED STATES,US TOTAL,2010,MONTHLY,3,3,MAR,,2016-04-29 15:12:51.000,0.5,
SURVEY,ANIMALS & PRODUCTS,POULTRY,CHICKENS,BROILERS,ALL PRODUCTION PRACTICES,ALL UTILIZATION PRACTICES,PRICE RECEIVED,$ / LB,"CHICKENS, BROILERS - PRICE RECEIVED, MEASURED IN $ / LB",TOTAL,NOT SPECIFIED,NATIONAL,,99,US,US TOTAL,,,,,,,,0,,,9000,UNITED STATES,US TOTAL,2010,MONTHLY,4,4,APR,,2016-04-29 15:12:51.000,0.49,
SURVEY,ANIMALS & PRODUCTS,POULTRY,CHICKENS,BROILERS,ALL PRODUCTION PRACTICES,ALL UTILIZATION PRACTICES,PRICE RECEIVED,$ / LB,"CHICKENS, BROILERS - PRICE RECEIVED, MEASURED IN $ / LB",TOTAL,NOT SPECIFIED,NATIONAL,,99,US,US TOTAL,,,,,,,,0,,,9000,UNITED STATES,US TOTAL,2010,MONTHLY,5,5,MAY,,2016-04-29 15:12:51.000,0.52,
SURVEY,ANIMALS & PRODUCTS,POULTRY,CHICKENS,BROILERS,ALL PRODUCTION PRACTICES,ALL UTILIZATION PRACTICES,PRICE RECEIVED,$ / LB,"CHICKENS, BROILERS - PRICE RECEIVED, MEASURED IN $ / LB",TOTAL,NOT SPECIFIED,NATIONAL,,99,US,US TOTAL,,,,,,,,0,,,9000,UNITED STATES,US TOTAL,2010,MONTHLY,6,6,JUN,,2016-04-29 15:12:51.000,0.52,
SURVEY,ANIMALS & PRODUCTS,POULTRY,CHICKENS,BROILERS,ALL PRODUCTION PRACTICES,ALL UTILIZATION PRACTICES,PRICE RECEIVED,$ / LB,"CHICKENS, BROILERS - PRICE RECEIVED, MEASURED IN $ / LB",TOTAL,NOT SPECIFIED,NATIONAL,,99,US,US TOTAL,,,,,,,,0,,,9000,UNITED STATES,US TOTAL,2010,MONTHLY,7,7,JUL,,2016-04-29 15:12:51.000,0.52,
SURVEY,ANIMALS & PRODUCTS,POULTRY,CHICKENS,BROILERS,ALL PRODUCTION PRACTICES,ALL UTILIZATION PRACTICES,PRICE RECEIVED,$ / LB,"CHICKENS, BROILERS - PRICE RECEIVED, MEASURED IN $ / LB",TOTAL,NOT SPECIFIED,NATIONAL,,99,US,US TOTAL,,,,,,,,0,,,9000,UNITED STATES,US TOTAL,2010,MONTHLY,8,8,AUG,,2016-04-29 15:12:51.000,0.49,
SURVEY,ANIMALS & PRODUCTS,POULTRY,CHICKENS,BROILERS,ALL PRODUCTION PRACTICES,ALL UTILIZATION PRACTICES,PRICE RECEIVED,$ / LB,"CHICKENS, BROILERS - PRICE RECEIVED, MEASURED IN $ / LB",TOTAL,NOT SPECIFIED,NATIONAL,,99,US,US TOTAL,,,,,,,,0,,,9000,UNITED STATES,US TOTAL,2010,MONTHLY,9,9,SEP,,2016-04-29 15:12:51.000,0.49,
SURVEY,ANIMALS & PRODUCTS,POULTRY,CHICKENS,BROILERS,ALL PRODUCTION PRACTICES,ALL UTILIZATION PRACTICES,PRICE RECEIVED,$ / LB,"CHICKENS, BROILERS - PRICE RECEIVED, MEASURED IN $ / LB",TOTAL,NOT SPECIFIED,NATIONAL,,99,US,US TOTAL,,,,,,,,0,,,9000,UNITED STATES,US TOTAL,2010,MONTHLY,10,10,OCT,,2016-04-29 15:12:51.000,0.48,
SURVEY,ANIMALS & PRODUCTS,POULTRY,CHICKENS,BROILERS,ALL PRODUCTION PRACTICES,ALL UTILIZATION PRACTICES,PRICE RECEIVED,$ / LB,"CHICKENS, BROILERS - PRICE RECEIVED, MEASURED IN $ / LB",TOTAL,NOT SPECIFIED,NATIONAL,,99,US,US TOTAL,,,,,,,,0,,,9000,UNITED STATES,US TOTAL,2010,MONTHLY,11,11,NOV,,2016-04-29 15:12:51.000,0.48,
SURVEY,ANIMALS & PRODUCTS,POULTRY,CHICKENS,BROILERS,ALL PRODUCTION PRACTICES,ALL UTILIZATION PRACTICES,PRICE RECEIVED,$ / LB,"CHICKENS, BROILERS - PRICE RECEIVED, MEASURED IN $ / LB",TOTAL,NOT SPECIFIED,NATIONAL,,99,US,US TOTAL,,,,,,,,0,,,9000,UNITED STATES,US TOTAL,2010,MONTHLY,12,12,DEC,,2017-04-27 15:03:23.000,0.45,
SURVEY,ANIMALS & PRODUCTS,POULTRY,CHICKENS,BROILERS,ALL PRODUCTION PRACTICES,ALL UTILIZATION PRACTICES,PRICE RECEIVED,$ / LB,"CHICKENS, BROILERS - PRICE RECEIVED, MEASURED IN $ / LB",TOTAL,NOT SPECIFIED,NATIONAL,,99,US,US TOTAL,,,,,,,,0,,,9000,UNITED STATES,US TOTAL,2009,ANNUAL,0,0,YEAR,,2019-07-31 15:10:36.000,0.453,
SURVEY,ANIMALS & PRODUCTS,POULTRY,CHICKENS,BROILERS,ALL PRODUCTION PRACTICES,ALL UTILIZATION PRACTICES,PRICE RECEIVED,$ / LB,"CHICKENS, BROILERS - PRICE RECEIVED, MEASURED IN $ / LB",TOTAL,NOT SPECIFIED,NATIONAL,,99,US,US TOTAL,,,,,,,,0,,,9000,UNITED STATES,US TOTAL,2009,MONTHLY,1,1,JAN,,2015-04-30 15:00:23.000,0.48,
SURVEY,ANIMALS & PRODUCTS,POULTRY,CHICKENS,BROILERS,ALL PRODUCTION PRACTICES,ALL UTILIZATION PRACTICES,PRICE RECEIVED,$ / LB,"CHICKENS, BROILERS - PRICE RECEIVED, MEASURED IN $ / LB",TOTAL,NOT SPECIFIED,NATIONAL,,99,US,US TOTAL,,,,,,,,0,,,9000,UNITED STATES,US TOTAL,2009,MONTHLY,2,2,FEB,,2015-04-30 15:00:23.000,0.47,
SURVEY,ANIMALS & PRODUCTS,POULTRY,CHICKENS,BROILERS,ALL PRODUCTION PRACTICES,ALL UTILIZATION PRACTICES,PRICE RECEIVED,$ / LB,"CHICKENS, BROILERS - PRICE RECEIVED, MEASURED IN $ / LB",TOTAL,NOT SPECIFIED,NATIONAL,,99,US,US TOTAL,,,,,,,,0,,,9000,UNITED STATES,US TOTAL,2009,MONTHLY,3,3,MAR,,2015-04-30 15:00:23.000,0.45,
SURVEY,ANIMALS & PRODUCTS,POULTRY,CHICKENS,BROILERS,ALL PRODUCTION PRACTICES,ALL UTILIZATION PRACTICES,PRICE RECEIVED,$ / LB,"CHICKENS, BROILERS - PRICE RECEIVED, MEASURED IN $ / LB",TOTAL,NOT SPECIFIED,NATIONAL,,99,US,US TOTAL,,,,,,,,0,,,9000,UNITED STATES,US TOTAL,2009,MONTHLY,4,4,APR,,2015-04-30 15:00:23.000,0.45,
SURVEY,ANIMALS & PRODUCTS,POULTRY,CHICKENS,BROILERS,ALL PRODUCTION PRACTICES,ALL UTILIZATION PRACTICES,PRICE RECEIVED,$ / LB,"CHICKENS, BROILERS - PRICE RECEIVED, MEASURED IN $ / LB",TOTAL,NOT SPECIFIED,NATIONAL,,99,US,US TOTAL,,,,,,,,0,,,9000,UNITED STATES,US TOTAL,2009,MONTHLY,5,5,MAY,,2015-04-30 15:00:23.000,0.49,
SURVEY,ANIMALS & PRODUCTS,POULTRY,CHICKENS,BROILERS,ALL PRODUCTION PRACTICES,ALL UTILIZATION PRACTICES,PRICE RECEIVED,$ / LB,"CHICKENS, BROILERS - PRICE RECEIVED, MEASURED IN $ / LB",TOTAL,NOT SPECIFIED,NATIONAL,,99,US,US TOTAL,,,,,,,,0,,,9000,UNITED STATES,US TOTAL,2009,MONTHLY,6,6,JUN,,2015-04-30 15:00:23.000,0.51,
SURVEY,ANIMALS & PRODUCTS,POULTRY,CHICKENS,BROILERS,ALL PRODUCTION PRACTICES,ALL UTILIZATION PRACTICES,PRICE RECEIVED,$ / LB,"CHICKENS, BROILERS - PRICE RECEIVED, MEASURED IN $ / LB",TOTAL,NOT SPECIFIED,NATIONAL,,99,US,US TOTAL,,,,,,,,0,,,9000,UNITED STATES,US TOTAL,2009,MONTHLY,7,7,JUL,,2015-04-30 15:00:23.000,0.49,
SURVEY,ANIMALS & PRODUCTS,POULTRY,CHICKENS,BROILERS,ALL PRODUCTION PRACTICES,ALL UTILIZATION PRACTICES,PRICE RECEIVED,$ / LB,"CHICKENS, BROILERS - PRICE RECEIVED, MEASURED IN $ / LB",TOTAL,NOT SPECIFIED,NATIONAL,,99,US,US TOTAL,,,,,,,,0,,,9000,UNITED STATES,US TOTAL,2009,MONTHLY,8,8,AUG,,2015-04-30 15:00:23.000,0.43,
SURVEY,ANIMALS & PRODUCTS,POULTRY,CHICKENS,BROILERS,ALL PRODUCTION PRACTICES,ALL UTILIZATION PRACTICES,PRICE RECEIVED,$ / LB,"CHICKENS, BROILERS - PRICE RECEIVED, MEASURED IN $ / LB",TOTAL,NOT SPECIFIED,NATIONAL,,99,US,US TOTAL,,,,,,,,0,,,9000,UNITED STATES,US TOTAL,2009,MONTHLY,9,9,SEP,,2015-04-30 15:00:23.000,0.42,
SURVEY,ANIMALS & PRODUCTS,POULTRY,CHICKENS,BROILERS,ALL PRODUCTION PRACTICES,ALL UTILIZATION PRACTICES,PRICE RECEIVED,$ / LB,"CHICKENS, BROILERS - PRICE RECEIVED, MEASURED IN $ / LB",TOTAL,NOT SPECIFIED,NATIONAL,,99,US,US TOTAL,,,,,,,,0,,,9000,UNITED STATES,US TOTAL,2009,MONTHLY,10,10,OCT,,2015-04-30 15:00:23.000,0.4,
SURVEY,ANIMALS & PRODUCTS,POULTRY,CHICKENS,BROILERS,ALL PRODUCTION PRACTICES,ALL UTILIZATION PRACTICES,PRICE RECEIVED,$ / LB,"CHICKENS, BROILERS - PRICE RECEIVED, MEASURED IN $ / LB",TOTAL,NOT SPECIFIED,NATIONAL,,99,US,US TOTAL,,,,,,,,0,,,9000,UNITED STATES,US TOTAL,2009,MONTHLY,11,11,NOV,,2015-04-30 15:00:23.000,0.41,
SURVEY,ANIMALS & PRODUCTS,POULTRY,CHICKENS,BROILERS,ALL PRODUCTION PRACTICES,ALL UTILIZATION PRACTICES,PRICE RECEIVED,$ / LB,"CHICKENS, BROILERS - PRICE RECEIVED, MEASURED IN $ / LB",TOTAL,NOT SPECIFIED,NATIONAL,,99,US,US TOTAL,,,,,,,,0,,,9000,UNITED STATES,US TOTAL,2009,MONTHLY,12,12,DEC,,2016-04-29 15:12:51.000,0.43,
SURVEY,ANIMALS & PRODUCTS,POULTRY,CHICKENS,BROILERS,ALL PRODUCTION PRACTICES,ALL UTILIZATION PRACTICES,PRICE RECEIVED,$ / LB,"CHICKENS, BROILERS - PRICE RECEIVED, MEASURED IN $ / LB",TOTAL,NOT SPECIFIED,NATIONAL,,99,US,US TOTAL,,,,,,,,0,,,9000,UNITED STATES,US TOTAL,2008,ANNUAL,0,0,YEAR,,2018-07-30 15:00:12.000,0.466,
SURVEY,ANIMALS & PRODUCTS,POULTRY,CHICKENS,BROILERS,ALL PRODUCTION PRACTICES,ALL UTILIZATION PRACTICES,PRICE RECEIVED,$ / LB,"CHICKENS, BROILERS - PRICE RECEIVED, MEASURED IN $ / LB",TOTAL,NOT SPECIFIED,NATIONAL,,99,US,US TOTAL,,,,,,,,0,,,9000,UNITED STATES,US TOTAL,2008,MONTHLY,1,1,JAN,,2014-04-30 15:10:28.000,0.44,
SURVEY,ANIMALS & PRODUCTS,POULTRY,CHICKENS,BROILERS,ALL PRODUCTION PRACTICES,ALL UTILIZATION PRACTICES,PRICE RECEIVED,$ / LB,"CHICKENS, BROILERS - PRICE RECEIVED, MEASURED IN $ / LB",TOTAL,NOT SPECIFIED,NATIONAL,,99,US,US TOTAL,,,,,,,,0,,,9000,UNITED STATES,US TOTAL,2008,MONTHLY,2,2,FEB,,2014-04-30 15:10:28.000,0.46,
SURVEY,ANIMALS & PRODUCTS,POULTRY,CHICKENS,BROILERS,ALL PRODUCTION PRACTICES,ALL UTILIZATION PRACTICES,PRICE RECEIVED,$ / LB,"CHICKENS, BROILERS - PRICE RECEIVED, MEASURED IN $ / LB",TOTAL,NOT SPECIFIED,NATIONAL,,99,US,US TOTAL,,,,,,,,0,,,9000,UNITED STATES,US TOTAL,2008,MONTHLY,3,3,MAR,,2014-04-30 15:10:28.000,0.46,
SURVEY,ANIMALS & PRODUCTS,POULTRY,CHICKENS,BROILERS,ALL PRODUCTION PRACTICES,ALL UTILIZATION PRACTICES,PRICE RECEIVED,$ / LB,"CHICKENS, BROILERS - PRICE RECEIVED, MEASURED IN $ / LB",TOTAL,NOT SPECIFIED,NATIONAL,,99,US,US TOTAL,,,,,,,,0,,,9000,UNITED STATES,US TOTAL,2008,MONTHLY,4,4,APR,,2014-04-30 15:10:28.000,0.46,
SURVEY,ANIMALS & PRODUCTS,POULTRY,CHICKENS,BROILERS,ALL PRODUCTION PRACTICES,ALL UTILIZATION PRACTICES,PRICE RECEIVED,$ / LB,"CHICKENS, BROILERS - PRICE RECEIVED, MEASURED IN $ / LB",TOTAL,NOT SPECIFIED,NATIONAL,,99,US,US TOTAL,,,,,,,,0,,,9000,UNITED STATES,US TOTAL,2008,MONTHLY,5,5,MAY,,2014-04-30 15:10:28.000,0.48,
SURVEY,ANIMALS & PRODUCTS,POULTRY,CHICKENS,BROILERS,ALL PRODUCTION PRACTICES,ALL UTILIZATION PRACTICES,PRICE RECEIVED,$ / LB,"CHICKENS, BROILERS - PRICE RECEIVED, MEASURED IN $ / LB",TOTAL,NOT SPECIFIED,NATIONAL,,99,US,US TOTAL,,,,,,,,0,,,9000,UNITED STATES,US TOTAL,2008,MONTHLY,6,6,JUN,,2014-04-30 15:10:28.000,0.48,
SURVEY,ANIMALS & PRODUCTS,POULTRY,CHICKENS,BROILERS,ALL PRODUCTION PRACTICES,ALL UTILIZATION PRACTICES,PRICE RECEIVED,$ / LB,"CHICKENS, BROILERS - PRICE RECEIVED, MEASURED IN $ / LB",TOTAL,NOT SPECIFIED,NATIONAL,,99,US,US TOTAL,,,,,,,,0,,,9000,UNITED STATES,US TOTAL,2008,MONTHLY,7,7,JUL,,2014-04-30 15:10:28.000,0.5,
SURVEY,ANIMALS & PRODUCTS,POULTRY,CHICKENS,BROILERS,ALL PRODUCTION PRACTICES,ALL UTILIZATION PRACTICES,PRICE RECEIVED,$ / LB,"CHICKENS, BROILERS - PRICE RECEIVED, MEASURED IN $ / LB",TOTAL,NOT SPECIFIED,NATIONAL,,99,US,US TOTAL,,,,,,,,0,,,9000,UNITED STATES,US TOTAL,2008,MONTHLY,8,8,AUG,,2014-04-30 15:10:28.000,0.47,
SURVEY,ANIMALS & PRODUCTS,POULTRY,CHICKENS,BROILERS,ALL PRODUCTION PRACTICES,ALL UTILIZATION PRACTICES,PRICE RECEIVED,$ / LB,"CHICKENS, BROILERS - PRICE RECEIVED, MEASURED IN $ / LB",TOTAL,NOT SPECIFIED,NATIONAL,,99,US,US TOTAL,,,,,,,,0,,,9000,UNITED STATES,US TOTAL,2008,MONTHLY,9,9,SEP,,2014-04-30 15:10:28.000,0.45,
SURVEY,ANIMALS & PRODUCTS,POULTRY,CHICKENS,BROILERS,ALL PRODUCTION PRACTICES,ALL UTILIZATION PRACTICES,PRICE RECEIVED,$ / LB,"CHICKENS, BROILERS - PRICE RECEIVED, MEASURED IN $ / LB",TOTAL,NOT SPECIFIED,NATIONAL,,99,US,US TOTAL,,,,,,,,0,,,9000,UNITED STATES,US TOTAL,2008,MONTHLY,10,10,OCT,,2014-04-30 15:10:28.000,0.45,
SURVEY,ANIMALS & PRODUCTS,POULTRY,CHICKENS,BROILERS,ALL PRODUCTION PRACTICES,ALL UTILIZATION PRACTICES,PRICE RECEIVED,$ / LB,"CHICKENS, BROILERS - PRICE RECEIVED, MEASURED IN $ / LB",TOTAL,NOT SPECIFIED,NATIONAL,,99,US,US TOTAL,,,,,,,,0,,,9000,UNITED STATES,US TOTAL,2008,MONTHLY,11,11,NOV,,2014-04-30 15:10:28.000,0.46,
SURVEY,ANIMALS & PRODUCTS,POULTRY,CHICKENS,BROILERS,ALL PRODUCTION PRACTICES,ALL UTILIZATION PRACTICES,PRICE RECEIVED,$ / LB,"CHICKENS, BROILERS - PRICE RECEIVED, MEASURED IN $ / LB",TOTAL,NOT SPECIFIED,NATIONAL,,99,US,US TOTAL,,,,,,,,0,,,9000,UNITED STATES,US TOTAL,2008,MONTHLY,12,12,DEC,,2015-04-30 15:00:23.000,0.48,
SURVEY,ANIMALS & PRODUCTS,POULTRY,CHICKENS,BROILERS,ALL PRODUCTION PRACTICES,ALL UTILIZATION PRACTICES,PRICE RECEIVED,$ / LB,"CHICKENS, BROILERS - PRICE RECEIVED, MEASURED IN $ / LB",TOTAL,NOT SPECIFIED,NATIONAL,,99,US,US TOTAL,,,,,,,,0,,,9000,UNITED STATES,US TOTAL,2007,ANNUAL,0,0,MARKETING YEAR,,2012-01-01 00:00:00.000,0.436,
SURVEY,ANIMALS & PRODUCTS,POULTRY,CHICKENS,BROILERS,ALL PRODUCTION PRACTICES,ALL UTILIZATION PRACTICES,PRICE RECEIVED,$ / LB,"CHICKENS, BROILERS - PRICE RECEIVED, MEASURED IN $ / LB",TOTAL,NOT SPECIFIED,NATIONAL,,99,US,US TOTAL,,,,,,,,0,,,9000,UNITED STATES,US TOTAL,2007,ANNUAL,0,0,YEAR,,2017-07-31 15:00:20.000,0.439,
SURVEY,ANIMALS & PRODUCTS,POULTRY,CHICKENS,BROILERS,ALL PRODUCTION PRACTICES,ALL UTILIZATION PRACTICES,PRICE RECEIVED,$ / LB,"CHICKENS, BROILERS - PRICE RECEIVED, MEASURED IN $ / LB",TOTAL,NOT SPECIFIED,NATIONAL,,99,US,US TOTAL,,,,,,,,0,,,9000,UNITED STATES,US TOTAL,2007,MONTHLY,1,1,JAN,,2013-05-01 10:23:19.000,0.39,
SURVEY,ANIMALS & PRODUCTS,POULTRY,CHICKENS,BROILERS,ALL PRODUCTION PRACTICES,ALL UTILIZATION PRACTICES,PRICE RECEIVED,$ / LB,"CHICKENS, BROILERS - PRICE RECEIVED, MEASURED IN $ / LB",TOTAL,NOT SPECIFIED,NATIONAL,,99,US,US TOTAL,,,,,,,,0,,,9000,UNITED STATES,US TOTAL,2007,MONTHLY,2,2,FEB,,2013-05-01 10:23:19.000,0.44,
SURVEY,ANIMALS & PRODUCTS,POULTRY,CHICKENS,BROILERS,ALL PRODUCTION PRACTICES,ALL UTILIZATION PRACTICES,PRICE RECEIVED,$ / LB,"CHICKENS, BROILERS - PRICE RECEIVED, MEASURED IN $ / LB",TOTAL,NOT SPECIFIED,NATIONAL,,99,US,US TOTAL,,,,,,,,0,,,9000,UNITED STATES,US TOTAL,2007,MONTHLY,3,3,MAR,,2013-05-01 10:23:19.000,0.45,
SURVEY,ANIMALS & PRODUCTS,POULTRY,CHICKENS,BROILERS,ALL PRODUCTION PRACTICES,ALL UTILIZATION PRACTICES,PRICE RECEIVED,$ / LB,"CHICKENS, BROILERS - PRICE RECEIVED, MEASURED IN $ / LB",TOTAL,NOT SPECIFIED,NATIONAL,,99,US,US TOTAL,,,,,,,,0,,,9000,UNITED STATES,US TOTAL,2007,MONTHLY,4,4,APR,,2013-05-01 10:23:19.000,0.46,
SURVEY,ANIMALS & PRODUCTS,POULTRY,CHICKENS,BROILERS,ALL PRODUCTION PRACTICES,ALL UTILIZATION PRACTICES,PRICE RECEIVED,$ / LB,"CHICKENS, BROILERS - PRICE RECEIVED, MEASURED IN $ / LB",TOTAL,NOT SPECIFIED,NATIONAL,,99,US,US TOTAL,,,,,,,,0,,,9000,UNITED STATES,US TOTAL,2007,MONTHLY,5,5,MAY,,2013-05-01 10:23:19.000,0.47,
SURVEY,ANIMALS & PRODUCTS,POULTRY,CHICKENS,BROILERS,ALL PRODUCTION PRACTICES,ALL UTILIZATION PRACTICES,PRICE RECEIVED,$ / LB,"CHICKENS, BROILERS - PRICE RECEIVED, MEASURED IN $ / LB",TOTAL,NOT SPECIFIED,NATIONAL,,99,US,US TOTAL,,,,,,,,0,,,9000,UNITED STATES,US TOTAL,2007,MONTHLY,6,6,JUN,,2013-05-01 10:23:19.000,0.47,
SURVEY,ANIMALS & PRODUCTS,POULTRY,CHICKENS,BROILERS,ALL PRODUCTION PRACTICES,ALL UTILIZATION PRACTICES,PRICE RECEIVED,$ / LB,"CHICKENS, BROILERS - PRICE RECEIVED, MEASURED IN $ / LB",TOTAL,NOT SPECIFIED,NATIONAL,,99,US,US TOTAL,,,,,,,,0,,,9000,UNITED STATES,US TOTAL,2007,MONTHLY,7,7,JUL,,2013-05-01 10:23:19.000,0.47,
SURVEY,ANIMALS & PRODUCTS,POULTRY,CHICKENS,BROILERS,ALL PRODUCTION PRACTICES,ALL UTILIZATION PRACTICES,PRICE RECEIVED,$ / LB,"CHICKENS, BROILERS - PRICE RECEIVED, MEASURED IN $ / LB",TOTAL,NOT SPECIFIED,NATIONAL,,99,US,US TOTAL,,,,,,,,0,,,9000,UNITED STATES,US TOTAL,2007,MONTHLY,8,8,AUG,,2013-05-01 10:23:19.000,0.46,
SURVEY,ANIMALS & PRODUCTS,POULTRY,CHICKENS,BROILERS,ALL PRODUCTION PRACTICES,ALL UTILIZATION PRACTICES,PRICE RECEIVED,$ / LB,"CHICKENS, BROILERS - PRICE RECEIVED, MEASURED IN $ / LB",TOTAL,NOT SPECIFIED,NATIONAL,,99,US,US TOTAL,,,,,,,,0,,,9000,UNITED STATES,US TOTAL,2007,MONTHLY,9,9,SEP,,2013-05-01 10:23:19.000,0.45,
SURVEY,ANIMALS & PRODUCTS,POULTRY,CHICKENS,BROILERS,ALL PRODUCTION PRACTICES,ALL UTILIZATION PRACTICES,PRICE RECEIVED,$ / LB,"CHICKENS, BROILERS - PRICE RECEIVED, MEASURED IN $ / LB",TOTAL,NOT SPECIFIED,NATIONAL,,99,US,US TOTAL,,,,,,,,0,,,9000,UNITED STATES,US TOTAL,2007,MONTHLY,10,10,OCT,,2013-05-01 10:23:19.000,0.4,
SURVEY,ANIMALS & PRODUCTS,POULTRY,CHICKENS,BROILERS,ALL PRODUCTION PRACTICES,ALL UTILIZATION PRACTICES,PRICE RECEIVED,$ / LB,"CHICKENS, BROILERS - PRICE RECEIVED, MEASURED IN $ / LB",TOTAL,NOT SPECIFIED,NATIONAL,,99,US,US TOTAL,,,,,,,,0,,,9000,UNITED STATES,US TOTAL,2007,MONTHLY,11,11,NOV,,2013-05-01 10:23:19.000,0.41,
SURVEY,ANIMALS & PRODUCTS,POULTRY,CHICKENS,BROILERS,ALL PRODUCTION PRACTICES,ALL UTILIZATION PRACTICES,PRICE RECEIVED,$ / LB,"CHICKENS, BROILERS - PRICE RECEIVED, MEASURED IN $ / LB",TOTAL,NOT SPECIFIED,NATIONAL,,99,US,US TOTAL,,,,,,,,0,,,9000,UNITED STATES,US TOTAL,2007,MONTHLY,12,12,DEC,,2014-04-30 15:10:28.000,0.4,
SURVEY,ANIMALS & PRODUCTS,POULTRY,CHICKENS,BROILERS,ALL PRODUCTION PRACTICES,ALL UTILIZATION PRACTICES,PRICE RECEIVED,$ / LB,"CHICKENS, BROILERS - PRICE RECEIVED, MEASURED IN $ / LB",TOTAL,NOT SPECIFIED,NATIONAL,,99,US,US TOTAL,,,,,,,,0,,,9000,UNITED STATES,US TOTAL,2006,ANNUAL,0,0,MARKETING YEAR,,2012-01-01 00:00:00.000,0.36,
SURVEY,ANIMALS & PRODUCTS,POULTRY,CHICKENS,BROILERS,ALL PRODUCTION PRACTICES,ALL UTILIZATION PRACTICES,PRICE RECEIVED,$ / LB,"CHICKENS, BROILERS - PRICE RECEIVED, MEASURED IN $ / LB",TOTAL,NOT SPECIFIED,NATIONAL,,99,US,US TOTAL,,,,,,,,0,,,9000,UNITED STATES,US TOTAL,2006,ANNUAL,0,0,YEAR,,2016-02-29 15:03:32.000,0.361,
SURVEY,ANIMALS & PRODUCTS,POULTRY,CHICKENS,BROILERS,ALL PRODUCTION PRACTICES,ALL UTILIZATION PRACTICES,PRICE RECEIVED,$ / LB,"CHICKENS, BROILERS - PRICE RECEIVED, MEASURED IN $ / LB",TOTAL,NOT SPECIFIED,NATIONAL,,99,US,US TOTAL,,,,,,,,0,,,9000,UNITED STATES,US TOTAL,2006,MONTHLY,1,1,JAN,,2012-05-03 16:54:47.000,0.36,
SURVEY,ANIMALS & PRODUCTS,POULTRY,CHICKENS,BROILERS,ALL PRODUCTION PRACTICES,ALL UTILIZATION PRACTICES,PRICE RECEIVED,$ / LB,"CHICKENS, BROILERS - PRICE RECEIVED, MEASURED IN $ / LB",TOTAL,NOT SPECIFIED,NATIONAL,,99,US,US TOTAL,,,,,,,,0,,,9000,UNITED STATES,US TOTAL,2006,MONTHLY,2,2,FEB,,2012-05-03 16:54:47.000,0.35,
SURVEY,ANIMALS & PRODUCTS,POULTRY,CHICKENS,BROILERS,ALL PRODUCTION PRACTICES,ALL UTILIZATION PRACTICES,PRICE RECEIVED,$ / LB,"CHICKENS, BROILERS - PRICE RECEIVED, MEASURED IN $ / LB",TOTAL,NOT SPECIFIED,NATIONAL,,99,US,US TOTAL,,,,,,,,0,,,9000,UNITED STATES,US TOTAL,2006,MONTHLY,3,3,MAR,,2012-05-03 16:54:47.000,0.34,
SURVEY,ANIMALS & PRODUCTS,POULTRY,CHICKENS,BROILERS,ALL PRODUCTION PRACTICES,ALL UTILIZATION PRACTICES,PRICE RECEIVED,$ / LB,"CHICKENS, BROILERS - PRICE RECEIVED, MEASURED IN $ / LB",TOTAL,NOT SPECIFIED,NATIONAL,,99,US,US TOTAL,,,,,,,,0,,,9000,UNITED STATES,US TOTAL,2006,MONTHLY,4,4,APR,,2012-05-03 16:54:47.000,0.32,
SURVEY,ANIMALS & PRODUCTS,POULTRY,CHICKENS,BROILERS,ALL PRODUCTION PRACTICES,ALL UTILIZATION PRACTICES,PRICE RECEIVED,$ / LB,"CHICKENS, BROILERS - PRICE RECEIVED, MEASURED IN $ / LB",TOTAL,NOT SPECIFIED,NATIONAL,,99,US,US TOTAL,,,,,,,,0,,,9000,UNITED STATES,US TOTAL,2006,MONTHLY,5,5,MAY,,2012-05-03 16:54:47.000,0.33,
SURVEY,ANIMALS & PRODUCTS,POULTRY,CHICKENS,BROILERS,ALL PRODUCTION PRACTICES,ALL UTILIZATION PRACTICES,PRICE RECEIVED,$ / LB,"CHICKENS, BROILERS - PRICE RECEIVED, MEASURED IN $ / LB",TOTAL,NOT SPECIFIED,NATIONAL,,99,US,US TOTAL,,,,,,,,0,,,9000,UNITED STATES,US TOTAL,2006,MONTHLY,6,6,JUN,,2012-05-03 16:54:47.000,0.36,
SURVEY,ANIMALS & PRODUCTS,POULTRY,CHICKENS,BROILERS,ALL PRODUCTION PRACTICES,ALL UTILIZATION PRACTICES,PRICE RECEIVED,$ / LB,"CHICKENS, BROILERS - PRICE RECEIVED, MEASURED IN $ / LB",TOTAL,NOT SPECIFIED,NATIONAL,,99,US,US TOTAL,,,,,,,,0,,,9000,UNITED STATES,US TOTAL,2006,MONTHLY,7,7,JUL,,2012-05-03 16:54:47.000,0.38,
SURVEY,ANIMALS & PRODUCTS,POULTRY,CHICKENS,BROILERS,ALL PRODUCTION PRACTICES,ALL UTILIZATION PRACTICES,PRICE RECEIVED,$ / LB,"CHICKENS, BROILERS - PRICE RECEIVED, MEASURED IN $ / LB",TOTAL,NOT SPECIFIED,NATIONAL,,99,US,US TOTAL,,,,,,,,0,,,9000,UNITED STATES,US TOTAL,2006,MONTHLY,8,8,AUG,,2012-05-03 16:54:47.000,0.39,
SURVEY,ANIMALS & PRODUCTS,POULTRY,CHICKENS,BROILERS,ALL PRODUCTION PRACTICES,ALL UTILIZATION PRACTICES,PRICE RECEIVED,$ / LB,"CHICKENS, BROILERS - PRICE RECEIVED, MEASURED IN $ / LB",TOTAL,NOT SPECIFIED,NATIONAL,,99,US,US TOTAL,,,,,,,,0,,,9000,UNITED STATES,US TOTAL,2006,MONTHLY,9,9,SEP,,2012-05-03 16:54:47.000,0.39,
SURVEY,ANIMALS & PRODUCTS,POULTRY,CHICKENS,BROILERS,ALL PRODUCTION PRACTICES,ALL UTILIZATION PRACTICES,PRICE RECEIVED,$ / LB,"CHICKENS, BROILERS - PRICE RECEIVED, MEASURED IN $ / LB",TOTAL,NOT SPECIFIED,NATIONAL,,99,US,US TOTAL,,,,,,,,0,,,9000,UNITED STATES,US TOTAL,2006,MONTHLY,10,10,OCT,,2012-05-03 16:54:47.000,0.37,
SURVEY,ANIMALS & PRODUCTS,POULTRY,CHICKENS,BROILERS,ALL PRODUCTION PRACTICES,ALL UTILIZATION PRACTICES,PRICE RECEIVED,$ / LB,"CHICKENS, BROILERS - PRICE RECEIVED, MEASURED IN $ / LB",TOTAL,NOT SPECIFIED,NATIONAL,,99,US,US TOTAL,,,,,,,,0,,,9000,UNITED STATES,US TOTAL,2006,MONTHLY,11,11,NOV,,2012-05-03 16:54:47.000,0.37,
SURVEY,ANIMALS & PRODUCTS,POULTRY,CHICKENS,BROILERS,ALL PRODUCTION PRACTICES,ALL UTILIZATION PRACTICES,PRICE RECEIVED,$ / LB,"CHICKENS, BROILERS - PRICE RECEIVED, MEASURED IN $ / LB",TOTAL,NOT SPECIFIED,NATIONAL,,99,US,US TOTAL,,,,,,,,0,,,9000,UNITED STATES,US TOTAL,2006,MONTHLY,12,12,DEC,,2013-05-01 10:23:19.000,0.37,
SURVEY,ANIMALS & PRODUCTS,POULTRY,CHICKENS,BROILERS,ALL PRODUCTION PRACTICES,ALL UTILIZATION PRACTICES,PRICE RECEIVED,$ / LB,"CHICKENS, BROILERS - PRICE RECEIVED, MEASURED IN $ / LB",TOTAL,NOT SPECIFIED,NATIONAL,,99,US,US TOTAL,,,,,,,,0,,,9000,UNITED STATES,US TOTAL,2005,ANNUAL,0,0,MARKETING YEAR,,2012-01-01 00:00:00.000,0.44,
SURVEY,ANIMALS & PRODUCTS,POULTRY,CHICKENS,BROILERS,ALL PRODUCTION PRACTICES,ALL UTILIZATION PRACTICES,PRICE RECEIVED,$ / LB,"CHICKENS, BROILERS - PRICE RECEIVED, MEASURED IN $ / LB",TOTAL,NOT SPECIFIED,NATIONAL,,99,US,US TOTAL,,,,,,,,0,,,9000,UNITED STATES,US TOTAL,2005,ANNUAL,0,0,YEAR,,2015-02-27 15:10:53.000,0.431,
SURVEY,ANIMALS & PRODUCTS,POULTRY,CHICKENS,BROILERS,ALL PRODUCTION PRACTICES,ALL UTILIZATION PRACTICES,PRICE RECEIVED,$ / LB,"CHICKENS, BROILERS - PRICE RECEIVED, MEASURED IN $ / LB",TOTAL,NOT SPECIFIED,NATIONAL,,99,US,US TOTAL,,,,,,,,0,,,9000,UNITED STATES,US TOTAL,2005,MONTHLY,1,1,JAN,,2012-01-01 00:00:00.000,0.43,
SURVEY,ANIMALS & PRODUCTS,POULTRY,CHICKENS,BROILERS,ALL PRODUCTION PRACTICES,ALL UTILIZATION PRACTICES,PRICE RECEIVED,$ / LB,"CHICKENS, BROILERS - PRICE RECEIVED, MEASURED IN $ / LB",TOTAL,NOT SPECIFIED,NATIONAL,,99,US,US TOTAL,,,,,,,,0,,,9000,UNITED STATES,US TOTAL,2005,MONTHLY,2,2,FEB,,2012-01-01 00:00:00.000,0.43,
SURVEY,ANIMALS & PRODUCTS,POULTRY,CHICKENS,BROILERS,ALL PRODUCTION PRACTICES,ALL UTILIZATION PRACTICES,PRICE RECEIVED,$ / LB,"CHICKENS, BROILERS - PRICE RECEIVED, MEASURED IN $ / LB",TOTAL,NOT SPECIFIED,NATIONAL,,99,US,US TOTAL,,,,,,,,0,,,9000,UNITED STATES,US TOTAL,2005,MONTHLY,3,3,MAR,,2012-01-01 00:00:00.000,0.44,
SURVEY,ANIMALS & PRODUCTS,POULTRY,CHICKENS,BROILERS,ALL PRODUCTION PRACTICES,ALL UTILIZATION PRACTICES,PRICE RECEIVED,$ / LB,"CHICKENS, BROILERS - PRICE RECEIVED, MEASURED IN $ / LB",TOTAL,NOT SPECIFIED,NATIONAL,,99,US,US TOTAL,,,,,,,,0,,,9000,UNITED STATES,US TOTAL,2005,MONTHLY,4,4,APR,,2012-01-01 00:00:00.000,0.44,
SURVEY,ANIMALS & PRODUCTS,POULTRY,CHICKENS,BROILERS,ALL PRODUCTION PRACTICES,ALL UTILIZATION PRACTICES,PRICE RECEIVED,$ / LB,"CHICKENS, BROILERS - PRICE RECEIVED, MEASURED IN $ / LB",TOTAL,NOT SPECIFIED,NATIONAL,,99,US,US TOTAL,,,,,,,,0,,,9000,UNITED STATES,US TOTAL,2005,MONTHLY,5,5,MAY,,2012-01-01 00:00:00.000,0.44,
SURVEY,ANIMALS & PRODUCTS,POULTRY,CHICKENS,BROILERS,ALL PRODUCTION PRACTICES,ALL UTILIZATION PRACTICES,PRICE RECEIVED,$ / LB,"CHICKENS, BROILERS - PRICE RECEIVED, MEASURED IN $ / LB",TOTAL,NOT SPECIFIED,NATIONAL,,99,US,US TOTAL,,,,,,,,0,,,9000,UNITED STATES,US TOTAL,2005,MONTHLY,6,6,JUN,,2012-01-01 00:00:00.000,0.44,
SURVEY,ANIMALS & PRODUCTS,POULTRY,CHICKENS,BROILERS,ALL PRODUCTION PRACTICES,ALL UTILIZATION PRACTICES,PRICE RECEIVED,$ / LB,"CHICKENS, BROILERS - PRICE RECEIVED, MEASURED IN $ / LB",TOTAL,NOT SPECIFIED,NATIONAL,,99,US,US TOTAL,,,,,,,,0,,,9000,UNITED STATES,US TOTAL,2005,MONTHLY,7,7,JUL,,2012-01-01 00:00:00.000,0.44,
SURVEY,ANIMALS & PRODUCTS,POULTRY,CHICKENS,BROILERS,ALL PRODUCTION PRACTICES,ALL UTILIZATION PRACTICES,PRICE RECEIVED,$ / LB,"CHICKENS, BROILERS - PRICE RECEIVED, MEASURED IN $ / LB",TOTAL,NOT SPECIFIED,NATIONAL,,99,US,US TOTAL,,,,,,,,0,,,9000,UNITED STATES,US TOTAL,2005,MONTHLY,8,8,AUG,,2012-01-01 00:00:00.000,0.44,
SURVEY,ANIMALS & PRODUCTS,POULTRY,CHICKENS,BROILERS,ALL PRODUCTION PRACTICES,ALL UTILIZATION PRACTICES,PRICE RECEIVED,$ / LB,"CHICKENS, BROILERS - PRICE RECEIVED, MEASURED IN $ / LB",TOTAL,NOT SPECIFIED,NATIONAL,,99,US,US TOTAL,,,,,,,,0,,,9000,UNITED STATES,US TOTAL,2005,MONTHLY,9,9,SEP,,2012-01-01 00:00:00.000,0.46,
SURVEY,ANIMALS & PRODUCTS,POULTRY,CHICKENS,BROILERS,ALL PRODUCTION PRACTICES,ALL UTILIZATION PRACTICES,PRICE RECEIVED,$ / LB,"CHICKENS, BROILERS - PRICE RECEIVED, MEASURED IN $ / LB",TOTAL,NOT SPECIFIED,NATIONAL,,99,US,US TOTAL,,,,,,,,0,,,9000,UNITED STATES,US TOTAL,2005,MONTHLY,10,10,OCT,,2012-01-01 00:00:00.000,0.43,
SURVEY,ANIMALS & PRODUCTS,POULTRY,CHICKENS,BROILERS,ALL PRODUCTION PRACTICES,ALL UTILIZATION PRACTICES,PRICE RECEIVED,$ / LB,"CHICKENS, BROILERS - PRICE RECEIVED, MEASURED IN $ / LB",TOTAL,NOT SPECIFIED,NATIONAL,,99,US,US TOTAL,,,,,,,,0,,,9000,UNITED STATES,US TOTAL,2005,MONTHLY,11,11,NOV,,2012-01-01 00:00:00.000,0.42,
SURVEY,ANIMALS & PRODUCTS,POULTRY,CHICKENS,BROILERS,ALL PRODUCTION PRACTICES,ALL UTILIZATION PRACTICES,PRICE RECEIVED,$ / LB,"CHICKENS, BROILERS - PRICE RECEIVED, MEASURED IN $ / LB",TOTAL,NOT SPECIFIED,NATIONAL,,99,US,US TOTAL,,,,,,,,0,,,9000,UNITED STATES,US TOTAL,2005,MONTHLY,12,12,DEC,,2012-05-03 16:54:47.000,0.36,
SURVEY,ANIMALS & PRODUCTS,POULTRY,CHICKENS,BROILERS,ALL PRODUCTION PRACTICES,ALL UTILIZATION PRACTICES,PRICE RECEIVED,$ / LB,"CHICKENS, BROILERS - PRICE RECEIVED, MEASURED IN $ / LB",TOTAL,NOT SPECIFIED,NATIONAL,,99,US,US TOTAL,,,,,,,,0,,,9000,UNITED STATES,US TOTAL,2004,ANNUAL,0,0,MARKETING YEAR,,2012-01-01 00:00:00.000,0.45,
SURVEY,ANIMALS & PRODUCTS,POULTRY,CHICKENS,BROILERS,ALL PRODUCTION PRACTICES,ALL UTILIZATION PRACTICES,PRICE RECEIVED,$ / LB,"CHICKENS, BROILERS - PRICE RECEIVED, MEASURED IN $ / LB",TOTAL,NOT SPECIFIED,NATIONAL,,99,US,US TOTAL,,,,,,,,0,,,9000,UNITED STATES,US TOTAL,2004,ANNUAL,0,0,YEAR,,2014-07-31 15:07:59.000,0.452,
SURVEY,ANIMALS & PRODUCTS,POULTRY,CHICKENS,BROILERS,ALL PRODUCTION PRACTICES,ALL UTILIZATION PRACTICES,PRICE RECEIVED,$ / LB,"CHICKENS, BROILERS - PRICE RECEIVED, MEASURED IN $ / LB",TOTAL,NOT SPECIFIED,NATIONAL,,99,US,US TOTAL,,,,,,,,0,,,9000,UNITED STATES,US TOTAL,2004,MONTHLY,1,1,JAN,,2012-01-01 00:00:00.000,0.43,
SURVEY,ANIMALS & PRODUCTS,POULTRY,CHICKENS,BROILERS,ALL PRODUCTION PRACTICES,ALL UTILIZATION PRACTICES,PRICE RECEIVED,$ / LB,"CHICKENS, BROILERS - PRICE RECEIVED, MEASURED IN $ / LB",TOTAL,NOT SPECIFIED,NATIONAL,,99,US,US TOTAL,,,,,,,,0,,,9000,UNITED STATES,US TOTAL,2004,MONTHLY,2,2,FEB,,2012-01-01 00:00:00.000,0.47,
SURVEY,ANIMALS & PRODUCTS,POULTRY,CHICKENS,BROILERS,ALL PRODUCTION PRACTICES,ALL UTILIZATION PRACTICES,PRICE RECEIVED,$ / LB,"CHICKENS, BROILERS - PRICE RECEIVED, MEASURED IN $ / LB",TOTAL,NOT SPECIFIED,NATIONAL,,99,US,US TOTAL,,,,,,,,0,,,9000,UNITED STATES,US TOTAL,2004,MONTHLY,3,3,MAR,,2012-01-01 00:00:00.000,0.47,
SURVEY,ANIMALS & PRODUCTS,POULTRY,CHICKENS,BROILERS,ALL PRODUCTION PRACTICES,ALL UTILIZATION PRACTICES,PRICE RECEIVED,$ / LB,"CHICKENS, BROILERS - PRICE RECEIVED, MEASURED IN $ / LB",TOTAL,NOT SPECIFIED,NATIONAL,,99,US,US TOTAL,,,,,,,,0,,,9000,UNITED STATES,US TOTAL,2004,MONTHLY,4,4,APR,,2012-01-01 00:00:00.000,0.48,
SURVEY,ANIMALS & PRODUCTS,POULTRY,CHICKENS,BROILERS,ALL PRODUCTION PRACTICES,ALL UTILIZATION PRACTICES,PRICE RECEIVED,$ / LB,"CHICKENS, BROILERS - PRICE RECEIVED, MEASURED IN $ / LB",TOTAL,NOT SPECIFIED,NATIONAL,,99,US,US TOTAL,,,,,,,,0,,,9000,UNITED STATES,US TOTAL,2004,MONTHLY,5,5,MAY,,2012-01-01 00:00:00.000,0.5,
SURVEY,ANIMALS & PRODUCTS,POULTRY,CHICKENS,BROILERS,ALL PRODUCTION PRACTICES,ALL UTILIZATION PRACTICES,PRICE RECEIVED,$ / LB,"CHICKENS, BROILERS - PRICE RECEIVED, MEASURED IN $ / LB",TOTAL,NOT SPECIFIED,NATIONAL,,99,US,US TOTAL,,,,,,,,0,,,9000,UNITED STATES,US TOTAL,2004,MONTHLY,6,6,JUN,,2012-01-01 00:00:00.000,0.52,
SURVEY,ANIMALS & PRODUCTS,POULTRY,CHICKENS,BROILERS,ALL PRODUCTION PRACTICES,ALL UTILIZATION PRACTICES,PRICE RECEIVED,$ / LB,"CHICKENS, BROILERS - PRICE RECEIVED, MEASURED IN $ / LB",TOTAL,NOT SPECIFIED,NATIONAL,,99,US,US TOTAL,,,,,,,,0,,,9000,UNITED STATES,US TOTAL,2004,MONTHLY,7,7,JUL,,2012-01-01 00:00:00.000,0.52,
SURVEY,ANIMALS & PRODUCTS,POULTRY,CHICKENS,BROILERS,ALL PRODUCTION PRACTICES,ALL UTILIZATION PRACTICES,PRICE RECEIVED,$ / LB,"CHICKENS, BROILERS - PRICE RECEIVED, MEASURED IN $ / LB",TOTAL,NOT SPECIFIED,NATIONAL,,99,US,US TOTAL,,,,,,,,0,,,9000,UNITED STATES,US TOTAL,2004,MONTHLY,8,8,AUG,,2012-01-01 00:00:00.000,0.46,
SURVEY,ANIMALS & PRODUCTS,POULTRY,CHICKENS,BROILERS,ALL PRODUCTION PRACTICES,ALL UTILIZATION PRACTICES,PRICE RECEIVED,$ / LB,"CHICKENS, BROILERS - PRICE RECEIVED, MEASURED IN $ / LB",TOTAL,NOT SPECIFIED,NATIONAL,,99,US,US TOTAL,,,,,,,,0,,,9000,UNITED STATES,US TOTAL,2004,MONTHLY,9,9,SEP,,2012-01-01 00:00:00.000,0.4,
SURVEY,ANIMALS & PRODUCTS,POULTRY,CHICKENS,BROILERS,ALL PRODUCTION PRACTICES,ALL UTILIZATION PRACTICES,PRICE RECEIVED,$ / LB,"CHICKENS, BROILERS - PRICE RECEIVED, MEASURED IN $ / LB",TOTAL,NOT SPECIFIED,NATIONAL,,99,US,US TOTAL,,,,,,,,0,,,9000,UNITED STATES,US TOTAL,2004,MONTHLY,10,10,OCT,,2012-01-01 00:00:00.000,0.39,
SURVEY,ANIMALS & PRODUCTS,POULTRY,CHICKENS,BROILERS,ALL PRODUCTION PRACTICES,ALL UTILIZATION PRACTICES,PRICE RECEIVED,$ / LB,"CHICKENS, BROILERS - PRICE RECEIVED, MEASURED IN $ / LB",TOTAL,NOT SPECIFIED,NATIONAL,,99,US,US TOTAL,,,,,,,,0,,,9000,UNITED STATES,US TOTAL,2004,MONTHLY,11,11,NOV,,2012-01-01 00:00:00.000,0.39,
SURVEY,ANIMALS & PRODUCTS,POULTRY,CHICKENS,BROILERS,ALL PRODUCTION PRACTICES,ALL UTILIZATION PRACTICES,PRICE RECEIVED,$ / LB,"CHICKENS, BROILERS - PRICE RECEIVED, MEASURED IN $ / LB",TOTAL,NOT SPECIFIED,NATIONAL,,99,US,US TOTAL,,,,,,,,0,,,9000,UNITED STATES,US TOTAL,2004,MONTHLY,12,12,DEC,,2012-01-01 00:00:00.000,0.39,
SURVEY,ANIMALS & PRODUCTS,POULTRY,CHICKENS,BROILERS,ALL PRODUCTION PRACTICES,ALL UTILIZATION PRACTICES,PRICE RECEIVED,$ / LB,"CHICKENS, BROILERS - PRICE RECEIVED, MEASURED IN $ / LB",TOTAL,NOT SPECIFIED,NATIONAL,,99,US,US TOTAL,,,,,,,,0,,,9000,UNITED STATES,US TOTAL,2003,ANNUAL,0,0,MARKETING YEAR,,2012-01-01 00:00:00.000,0.35,
SURVEY,ANIMALS & PRODUCTS,POULTRY,CHICKENS,BROILERS,ALL PRODUCTION PRACTICES,ALL UTILIZATION PRACTICES,PRICE RECEIVED,$ / LB,"CHICKENS, BROILERS - PRICE RECEIVED, MEASURED IN $ / LB",TOTAL,NOT SPECIFIED,NATIONAL,,99,US,US TOTAL,,,,,,,,0,,,9000,UNITED STATES,US TOTAL,2003,ANNUAL,0,0,YEAR,,2013-01-31 15:08:55.000,0.353,
SURVEY,ANIMALS & PRODUCTS,POULTRY,CHICKENS,BROILERS,ALL PRODUCTION PRACTICES,ALL UTILIZATION PRACTICES,PRICE RECEIVED,$ / LB,"CHICKENS, BROILERS - PRICE RECEIVED, MEASURED IN $ / LB",TOTAL,NOT SPECIFIED,NATIONAL,,99,US,US TOTAL,,,,,,,,0,,,9000,UNITED STATES,US TOTAL,2003,MONTHLY,1,1,JAN,,2012-01-01 00:00:00.000,0.35,
SURVEY,ANIMALS & PRODUCTS,POULTRY,CHICKENS,BROILERS,ALL PRODUCTION PRACTICES,ALL UTILIZATION PRACTICES,PRICE RECEIVED,$ / LB,"CHICKENS, BROILERS - PRICE RECEIVED, MEASURED IN $ / LB",TOTAL,NOT SPECIFIED,NATIONAL,,99,US,US TOTAL,,,,,,,,0,,,9000,UNITED STATES,US TOTAL,2003,MONTHLY,2,2,FEB,,2012-01-01 00:00:00.000,0.34,
SURVEY,ANIMALS & PRODUCTS,POULTRY,CHICKENS,BROILERS,ALL PRODUCTION PRACTICES,ALL UTILIZATION PRACTICES,PRICE RECEIVED,$ / LB,"CHICKENS, BROILERS - PRICE RECEIVED, MEASURED IN $ / LB",TOTAL,NOT SPECIFIED,NATIONAL,,99,US,US TOTAL,,,,,,,,0,,,9000,UNITED STATES,US TOTAL,2003,MONTHLY,3,3,MAR,,2012-01-01 00:00:00.000,0.33,
SURVEY,ANIMALS & PRODUCTS,POULTRY,CHICKENS,BROILERS,ALL PRODUCTION PRACTICES,ALL UTILIZATION PRACTICES,PRICE RECEIVED,$ / LB,"CHICKENS, BROILERS - PRICE RECEIVED, MEASURED IN $ / LB",TOTAL,NOT SPECIFIED,NATIONAL,,99,US,US TOTAL,,,,,,,,0,,,9000,UNITED STATES,US TOTAL,2003,MONTHLY,4,4,APR,,2012-01-01 00:00:00.000,0.31,
SURVEY,ANIMALS & PRODUCTS,POULTRY,CHICKENS,BROILERS,ALL PRODUCTION PRACTICES,ALL UTILIZATION PRACTICES,PRICE RECEIVED,$ / LB,"CHICKENS, BROILERS - PRICE RECEIVED, MEASURED IN $ / LB",TOTAL,NOT SPECIFIED,NATIONAL,,99,US,US TOTAL,,,,,,,,0,,,9000,UNITED STATES,US TOTAL,2003,MONTHLY,5,5,MAY,,2012-01-01 00:00:00.000,0.34,
SURVEY,ANIMALS & PRODUCTS,POULTRY,CHICKENS,BROILERS,ALL PRODUCTION PRACTICES,ALL UTILIZATION PRACTICES,PRICE RECEIVED,$ / LB,"CHICKENS, BROILERS - PRICE RECEIVED, MEASURED IN $ / LB",TOTAL,NOT SPECIFIED,NATIONAL,,99,US,US TOTAL,,,,,,,,0,,,9000,UNITED STATES,US TOTAL,2003,MONTHLY,6,6,JUN,,2012-01-01 00:00:00.000,0.36,
SURVEY,ANIMALS & PRODUCTS,POULTRY,CHICKENS,BROILERS,ALL PRODUCTION PRACTICES,ALL UTILIZATION PRACTICES,PRICE RECEIVED,$ / LB,"CHICKENS, BROILERS - PRICE RECEIVED, MEASURED IN $ / LB",TOTAL,NOT SPECIFIED,NATIONAL,,99,US,US TOTAL,,,,,,,,0,,,9000,UNITED STATES,US TOTAL,2003,MONTHLY,7,7,JUL,,2012-01-01 00:00:00.000,0.36,
SURVEY,ANIMALS & PRODUCTS,POULTRY,CHICKENS,BROILERS,ALL PRODUCTION PRACTICES,ALL UTILIZATION PRACTICES,PRICE RECEIVED,$ / LB,"CHICKENS, BROILERS - PRICE RECEIVED, MEASURED IN $ / LB",TOTAL,NOT SPECIFIED,NATIONAL,,99,US,US TOTAL,,,,,,,,0,,,9000,UNITED STATES,US TOTAL,2003,MONTHLY,8,8,AUG,,2012-01-01 00:00:00.000,0.36,
SURVEY,ANIMALS & PRODUCTS,POULTRY,CHICKENS,BROILERS,ALL PRODUCTION PRACTICES,ALL UTILIZATION PRACTICES,PRICE RECEIVED,$ / LB,"CHICKENS, BROILERS - PRICE RECEIVED, MEASURED IN $ / LB",TOTAL,NOT SPECIFIED,NATIONAL,,99,US,US TOTAL,,,,,,,,0,,,9000,UNITED STATES,US TOTAL,2003,MONTHLY,9,9,SEP,,2012-01-01 00:00:00.000,0.37,
SURVEY,ANIMALS & PRODUCTS,POULTRY,CHICKENS,BROILERS,ALL PRODUCTION PRACTICES,ALL UTILIZATION PRACTICES,PRICE RECEIVED,$ / LB,"CHICKENS, BROILERS - PRICE RECEIVED, MEASURED IN $ / LB",TOTAL,NOT SPECIFIED,NATIONAL,,99,US,US TOTAL,,,,,,,,0,,,9000,UNITED STATES,US TOTAL,2003,MONTHLY,10,10,OCT,,2012-01-01 00:00:00.000,0.37,
SURVEY,ANIMALS & PRODUCTS,POULTRY,CHICKENS,BROILERS,ALL PRODUCTION PRACTICES,ALL UTILIZATION PRACTICES,PRICE RECEIVED,$ / LB,"CHICKENS, BROILERS - PRICE RECEIVED, MEASURED IN $ / LB",TOTAL,NOT SPECIFIED,NATIONAL,,99,US,US TOTAL,,,,,,,,0,,,9000,UNITED STATES,US TOTAL,2003,MONTHLY,11,11,NOV,,2012-01-01 00:00:00.000,0.37,
SURVEY,ANIMALS & PRODUCTS,POULTRY,CHICKENS,BROILERS,ALL PRODUCTION PRACTICES,ALL UTILIZATION PRACTICES,PRICE RECEIVED,$ / LB,"CHICKENS, BROILERS - PRICE RECEIVED, MEASURED IN $ / LB",TOTAL,NOT SPECIFIED,NATIONAL,,99,US,US TOTAL,,,,,,,,0,,,9000,UNITED STATES,US TOTAL,2003,MONTHLY,12,12,DEC,,2012-01-01 00:00:00.000,0.38,
SURVEY,ANIMALS & PRODUCTS,POULTRY,CHICKENS,BROILERS,ALL PRODUCTION PRACTICES,ALL UTILIZATION PRACTICES,PRICE RECEIVED,$ / LB,"CHICKENS, BROILERS - PRICE RECEIVED, MEASURED IN $ / LB",TOTAL,NOT SPECIFIED,NATIONAL,,99,US,US TOTAL,,,,,,,,0,,,9000,UNITED STATES,US TOTAL,2002,ANNUAL,0,0,MARKETING YEAR,,2012-01-01 00:00:00.000,0.31,
SURVEY,ANIMALS & PRODUCTS,POULTRY,CHICKENS,BROILERS,ALL PRODUCTION PRACTICES,ALL UTILIZATION PRACTICES,PRICE RECEIVED,$ / LB,"CHICKENS, BROILERS - PRICE RECEIVED, MEASURED IN $ / LB",TOTAL,NOT SPECIFIED,NATIONAL,,99,US,US TOTAL,,,,,,,,0,,,9000,UNITED STATES,US TOTAL,2002,ANNUAL,0,0,YEAR,,2012-07-31 16:23:18.000,0.298,
SURVEY,ANIMALS & PRODUCTS,POULTRY,CHICKENS,BROILERS,ALL PRODUCTION PRACTICES,ALL UTILIZATION PRACTICES,PRICE RECEIVED,$ / LB,"CHICKENS, BROILERS - PRICE RECEIVED, MEASURED IN $ / LB",TOTAL,NOT SPECIFIED,NATIONAL,,99,US,US TOTAL,,,,,,,,0,,,9000,UNITED STATES,US TOTAL,2002,MONTHLY,1,1,JAN,,2012-01-01 00:00:00.000,0.33,
SURVEY,ANIMALS & PRODUCTS,POULTRY,CHICKENS,BROILERS,ALL PRODUCTION PRACTICES,ALL UTILIZATION PRACTICES,PRICE RECEIVED,$ / LB,"CHICKENS, BROILERS - PRICE RECEIVED, MEASURED IN $ / LB",TOTAL,NOT SPECIFIED,NATIONAL,,99,US,US TOTAL,,,,,,,,0,,,9000,UNITED STATES,US TOTAL,2002,MONTHLY,2,2,FEB,,2012-01-01 00:00:00.000,0.32,
SURVEY,ANIMALS & PRODUCTS,POULTRY,CHICKENS,BROILERS,ALL PRODUCTION PRACTICES,ALL UTILIZATION PRACTICES,PRICE RECEIVED,$ / LB,"CHICKENS, BROILERS - PRICE RECEIVED, MEASURED IN $ / LB",TOTAL,NOT SPECIFIED,NATIONAL,,99,US,US TOTAL,,,,,,,,0,,,9000,UNITED STATES,US TOTAL,2002,MONTHLY,3,3,MAR,,2012-01-01 00:00:00.000,0.3,
SURVEY,ANIMALS & PRODUCTS,POULTRY,CHICKENS,BROILERS,ALL PRODUCTION PRACTICES,ALL UTILIZATION PRACTICES,PRICE RECEIVED,$ / LB,"CHICKENS, BROILERS - PRICE RECEIVED, MEASURED IN $ / LB",TOTAL,NOT SPECIFIED,NATIONAL,,99,US,US TOTAL,,,,,,,,0,,,9000,UNITED STATES,US TOTAL,2002,MONTHLY,4,4,APR,,2012-01-01 00:00:00.000,0.28,
SURVEY,ANIMALS & PRODUCTS,POULTRY,CHICKENS,BROILERS,ALL PRODUCTION PRACTICES,ALL UTILIZATION PRACTICES,PRICE RECEIVED,$ / LB,"CHICKENS, BROILERS - PRICE RECEIVED, MEASURED IN $ / LB",TOTAL,NOT SPECIFIED,NATIONAL,,99,US,US TOTAL,,,,,,,,0,,,9000,UNITED STATES,US TOTAL,2002,MONTHLY,5,5,MAY,,2012-01-01 00:00:00.000,0.3,
SURVEY,ANIMALS & PRODUCTS,POULTRY,CHICKENS,BROILERS,ALL PRODUCTION PRACTICES,ALL UTILIZATION PRACTICES,PRICE RECEIVED,$ / LB,"CHICKENS, BROILERS - PRICE RECEIVED, MEASURED IN $ / LB",TOTAL,NOT SPECIFIED,NATIONAL,,99,US,US TOTAL,,,,,,,,0,,,9000,UNITED STATES,US TOTAL,2002,MONTHLY,6,6,JUN,,2012-01-01 00:00:00.000,0.32,
SURVEY,ANIMALS & PRODUCTS,POULTRY,CHICKENS,BROILERS,ALL PRODUCTION PRACTICES,ALL UTILIZATION PRACTICES,PRICE RECEIVED,$ / LB,"CHICKENS, BROILERS - PRICE RECEIVED, MEASURED IN $ / LB",TOTAL,NOT SPECIFIED,NATIONAL,,99,US,US TOTAL,,,,,,,,0,,,9000,UNITED STATES,US TOTAL,2002,MONTHLY,7,7,JUL,,2012-01-01 00:00:00.000,0.3,
SURVEY,ANIMALS & PRODUCTS,POULTRY,CHICKENS,BROILERS,ALL PRODUCTION PRACTICES,ALL UTILIZATION PRACTICES,PRICE RECEIVED,$ / LB,"CHICKENS, BROILERS - PRICE RECEIVED, MEASURED IN $ / LB",TOTAL,NOT SPECIFIED,NATIONAL,,99,US,US TOTAL,,,,,,,,0,,,9000,UNITED STATES,US TOTAL,2002,MONTHLY,8,8,AUG,,2012-01-01 00:00:00.000,0.29,
SURVEY,ANIMALS & PRODUCTS,POULTRY,CHICKENS,BROILERS,ALL PRODUCTION PRACTICES,ALL UTILIZATION PRACTICES,PRICE RECEIVED,$ / LB,"CHICKENS, BROILERS - PRICE RECEIVED, MEASURED IN $ / LB",TOTAL,NOT SPECIFIED,NATIONAL,,99,US,US TOTAL,,,,,,,,0,,,9000,UNITED STATES,US TOTAL,2002,MONTHLY,9,9,SEP,,2012-01-01 00:00:00.000,0.29,
SURVEY,ANIMALS & PRODUCTS,POULTRY,CHICKENS,BROILERS,ALL PRODUCTION PRACTICES,ALL UTILIZATION PRACTICES,PRICE RECEIVED,$ / LB,"CHICKENS, BROILERS - PRICE RECEIVED, MEASURED IN $ / LB",TOTAL,NOT SPECIFIED,NATIONAL,,99,US,US TOTAL,,,,,,,,0,,,9000,UNITED STATES,US TOTAL,2002,MONTHLY,10,10,OCT,,2012-01-01 00:00:00.000,0.27,
SURVEY,ANIMALS & PRODUCTS,POULTRY,CHICKENS,BROILERS,ALL PRODUCTION PRACTICES,ALL UTILIZATION PRACTICES,PRICE RECEIVED,$ / LB,"CHICKENS, BROILERS - PRICE RECEIVED, MEASURED IN $ / LB",TOTAL,NOT SPECIFIED,NATIONAL,,99,US,US TOTAL,,,,,,,,0,,,9000,UNITED STATES,US TOTAL,2002,MONTHLY,11,11,NOV,,2012-01-01 00:00:00.000,0.28,
SURVEY,ANIMALS & PRODUCTS,POULTRY,CHICKENS,BROILERS,ALL PRODUCTION PRACTICES,ALL UTILIZATION PRACTICES,PRICE RECEIVED,$ / LB,"CHICKENS, BROILERS - PRICE RECEIVED, MEASURED IN $ / LB",TOTAL,NOT SPECIFIED,NATIONAL,,99,US,US TOTAL,,,,,,,,0,,,9000,UNITED STATES,US TOTAL,2002,MONTHLY,12,12,DEC,,2012-01-01 00:00:00.000,0.29,
SURVEY,ANIMALS & PRODUCTS,POULTRY,CHICKENS,BROILERS,ALL PRODUCTION PRACTICES,ALL UTILIZATION PRACTICES,PRICE RECEIVED,$ / LB,"CHICKENS, BROILERS - PRICE RECEIVED, MEASURED IN $ / LB",TOTAL,NOT SPECIFIED,NATIONAL,,99,US,US TOTAL,,,,,,,,0,,,9000,UNITED STATES,US TOTAL,2001,ANNUAL,0,0,MARKETING YEAR,,2012-01-01 00:00:00.000,0.39,
SURVEY,ANIMALS & PRODUCTS,POULTRY,CHICKENS,BROILERS,ALL PRODUCTION PRACTICES,ALL UTILIZATION PRACTICES,PRICE RECEIVED,$ / LB,"CHICKENS, BROILERS - PRICE RECEIVED, MEASURED IN $ / LB",TOTAL,NOT SPECIFIED,NATIONAL,,99,US,US TOTAL,,,,,,,,0,,,9000,UNITED STATES,US TOTAL,2001,ANNUAL,0,0,YEAR,,2012-01-01 00:00:00.000,0.391,
SURVEY,ANIMALS & PRODUCTS,POULTRY,CHICKENS,BROILERS,ALL PRODUCTION PRACTICES,ALL UTILIZATION PRACTICES,PRICE RECEIVED,$ / LB,"CHICKENS, BROILERS - PRICE RECEIVED, MEASURED IN $ / LB",TOTAL,NOT SPECIFIED,NATIONAL,,99,US,US TOTAL,,,,,,,,0,,,9000,UNITED STATES,US TOTAL,2001,MONTHLY,1,1,JAN,,2012-01-01 00:00:00.000,0.34,
SURVEY,ANIMALS & PRODUCTS,POULTRY,CHICKENS,BROILERS,ALL PRODUCTION PRACTICES,ALL UTILIZATION PRACTICES,PRICE RECEIVED,$ / LB,"CHICKENS, BROILERS - PRICE RECEIVED, MEASURED IN $ / LB",TOTAL,NOT SPECIFIED,NATIONAL,,99,US,US TOTAL,,,,,,,,0,,,9000,UNITED STATES,US TOTAL,2001,MONTHLY,2,2,FEB,,2012-01-01 00:00:00.000,0.37,
SURVEY,ANIMALS & PRODUCTS,POULTRY,CHICKENS,BROILERS,ALL PRODUCTION PRACTICES,ALL UTILIZATION PRACTICES,PRICE RECEIVED,$ / LB,"CHICKENS, BROILERS - PRICE RECEIVED, MEASURED IN $ / LB",TOTAL,NOT SPECIFIED,NATIONAL,,99,US,US TOTAL,,,,,,,,0,,,9000,UNITED STATES,US TOTAL,2001,MONTHLY,3,3,MAR,,2012-01-01 00:00:00.000,0.39,
SURVEY,ANIMALS & PRODUCTS,POULTRY,CHICKENS,BROILERS,ALL PRODUCTION PRACTICES,ALL UTILIZATION PRACTICES,PRICE RECEIVED,$ / LB,"CHICKENS, BROILERS - PRICE RECEIVED, MEASURED IN $ / LB",TOTAL,NOT SPECIFIED,NATIONAL,,99,US,US TOTAL,,,,,,,,0,,,9000,UNITED STATES,US TOTAL,2001,MONTHLY,4,4,APR,,2012-01-01 00:00:00.000,0.39,
SURVEY,ANIMALS & PRODUCTS,POULTRY,CHICKENS,BROILERS,ALL PRODUCTION PRACTICES,ALL UTILIZATION PRACTICES,PRICE RECEIVED,$ / LB,"CHICKENS, BROILERS - PRICE RECEIVED, MEASURED IN $ / LB",TOTAL,NOT SPECIFIED,NATIONAL,,99,US,US TOTAL,,,,,,,,0,,,9000,UNITED STATES,US TOTAL,2001,MONTHLY,5,5,MAY,,2012-01-01 00:00:00.000,0.4,
SURVEY,ANIMALS & PRODUCTS,POULTRY,CHICKENS,BROILERS,ALL PRODUCTION PRACTICES,ALL UTILIZATION PRACTICES,PRICE RECEIVED,$ / LB,"CHICKENS, BROILERS - PRICE RECEIVED, MEASURED IN $ / LB",TOTAL,NOT SPECIFIED,NATIONAL,,99,US,US TOTAL,,,,,,,,0,,,9000,UNITED STATES,US TOTAL,2001,MONTHLY,6,6,JUN,,2012-01-01 00:00:00.000,0.41,
SURVEY,ANIMALS & PRODUCTS,POULTRY,CHICKENS,BROILERS,ALL PRODUCTION PRACTICES,ALL UTILIZATION PRACTICES,PRICE RECEIVED,$ / LB,"CHICKENS, BROILERS - PRICE RECEIVED, MEASURED IN $ / LB",TOTAL,NOT SPECIFIED,NATIONAL,,99,US,US TOTAL,,,,,,,,0,,,9000,UNITED STATES,US TOTAL,2001,MONTHLY,7,7,JUL,,2012-01-01 00:00:00.000,0.42,
SURVEY,ANIMALS & PRODUCTS,POULTRY,CHICKENS,BROILERS,ALL PRODUCTION PRACTICES,ALL UTILIZATION PRACTICES,PRICE RECEIVED,$ / LB,"CHICKENS, BROILERS - PRICE RECEIVED, MEASURED IN $ / LB",TOTAL,NOT SPECIFIED,NATIONAL,,99,US,US TOTAL,,,,,,,,0,,,9000,UNITED STATES,US TOTAL,2001,MONTHLY,8,8,AUG,,2012-01-01 00:00:00.000,0.42,
SURVEY,ANIMALS & PRODUCTS,POULTRY,CHICKENS,BROILERS,ALL PRODUCTION PRACTICES,ALL UTILIZATION PRACTICES,PRICE RECEIVED,$ / LB,"CHICKENS, BROILERS - PRICE RECEIVED, MEASURED IN $ / LB",TOTAL,NOT SPECIFIED,NATIONAL,,99,US,US TOTAL,,,,,,,,0,,,9000,UNITED STATES,US TOTAL,2001,MONTHLY,9,9,SEP,,2012-01-01 00:00:00.000,0.43,
SURVEY,ANIMALS & PRODUCTS,POULTRY,CHICKENS,BROILERS,ALL PRODUCTION PRACTICES,ALL UTILIZATION PRACTICES,PRICE RECEIVED,$ / LB,"CHICKENS, BROILERS - PRICE RECEIVED, MEASURED IN $ / LB",TOTAL,NOT SPECIFIED,NATIONAL,,99,US,US TOTAL,,,,,,,,0,,,9000,UNITED STATES,US TOTAL,2001,MONTHLY,10,10,OCT,,2012-01-01 00:00:00.000,0.41,
SURVEY,ANIMALS & PRODUCTS,POULTRY,CHICKENS,BROILERS,ALL PRODUCTION PRACTICES,ALL UTILIZATION PRACTICES,PRICE RECEIVED,$ / LB,"CHICKENS, BROILERS - PRICE RECEIVED, MEASURED IN $ / LB",TOTAL,NOT SPECIFIED,NATIONAL,,99,US,US TOTAL,,,,,,,,0,,,9000,UNITED STATES,US TOTAL,2001,MONTHLY,11,11,NOV,,2012-01-01 00:00:00.000,0.39,
SURVEY,ANIMALS & PRODUCTS,POULTRY,CHICKENS,BROILERS,ALL PRODUCTION PRACTICES,ALL UTILIZATION PRACTICES,PRICE RECEIVED,$ / LB,"CHICKENS, BROILERS - PRICE RECEIVED, MEASURED IN $ / LB",TOTAL,NOT SPECIFIED,NATIONAL,,99,US,US TOTAL,,,,,,,,0,,,9000,UNITED STATES,US TOTAL,2001,MONTHLY,12,12,DEC,,2012-01-01 00:00:00.000,0.32,
SURVEY,ANIMALS & PRODUCTS,POULTRY,CHICKENS,BROILERS,ALL PRODUCTION PRACTICES,ALL UTILIZATION PRACTICES,PRICE RECEIVED,$ / LB,"CHICKENS, BROILERS - PRICE RECEIVED, MEASURED IN $ / LB",TOTAL,NOT SPECIFIED,NATIONAL,,99,US,US TOTAL,,,,,,,,0,,,9000,UNITED STATES,US TOTAL,2000,ANNUAL,0,0,MARKETING YEAR,,2012-01-01 00:00:00.000,0.34,
SURVEY,ANIMALS & PRODUCTS,POULTRY,CHICKENS,BROILERS,ALL PRODUCTION PRACTICES,ALL UTILIZATION PRACTICES,PRICE RECEIVED,$ / LB,"CHICKENS, BROILERS - PRICE RECEIVED, MEASURED IN $ / LB",TOTAL,NOT SPECIFIED,NATIONAL,,99,US,US TOTAL,,,,,,,,0,,,9000,UNITED STATES,US TOTAL,2000,MONTHLY,1,1,JAN,,2012-01-01 00:00:00.000,0.33,
SURVEY,ANIMALS & PRODUCTS,POULTRY,CHICKENS,BROILERS,ALL PRODUCTION PRACTICES,ALL UTILIZATION PRACTICES,PRICE RECEIVED,$ / LB,"CHICKENS, BROILERS - PRICE RECEIVED, MEASURED IN $ / LB",TOTAL,NOT SPECIFIED,NATIONAL,,99,US,US TOTAL,,,,,,,,0,,,9000,UNITED STATES,US TOTAL,2000,MONTHLY,2,2,FEB,,2012-01-01 00:00:00.000,0.3,
SURVEY,ANIMALS & PRODUCTS,POULTRY,CHICKENS,BROILERS,ALL PRODUCTION PRACTICES,ALL UTILIZATION PRACTICES,PRICE RECEIVED,$ / LB,"CHICKENS, BROILERS - PRICE RECEIVED, MEASURED IN $ / LB",TOTAL,NOT SPECIFIED,NATIONAL,,99,US,US TOTAL,,,,,,,,0,,,9000,UNITED STATES,US TOTAL,2000,MONTHLY,3,3,MAR,,2012-01-01 00:00:00.000,0.32,
SURVEY,ANIMALS & PRODUCTS,POULTRY,CHICKENS,BROILERS,ALL PRODUCTION PRACTICES,ALL UTILIZATION PRACTICES,PRICE RECEIVED,$ / LB,"CHICKENS, BROILERS - PRICE RECEIVED, MEASURED IN $ / LB",TOTAL,NOT SPECIFIED,NATIONAL,,99,US,US TOTAL,,,,,,,,0,,,9000,UNITED STATES,US TOTAL,2000,MONTHLY,4,4,APR,,2012-01-01 00:00:00.000,0.34,
SURVEY,ANIMALS & PRODUCTS,POULTRY,CHICKENS,BROILERS,ALL PRODUCTION PRACTICES,ALL UTILIZATION PRACTICES,PRICE RECEIVED,$ / LB,"CHICKENS, BROILERS - PRICE RECEIVED, MEASURED IN $ / LB",TOTAL,NOT SPECIFIED,NATIONAL,,99,US,US TOTAL,,,,,,,,0,,,9000,UNITED STATES,US TOTAL,2000,MONTHLY,5,5,MAY,,2012-01-01 00:00:00.000,0.34,
SURVEY,ANIMALS & PRODUCTS,POULTRY,CHICKENS,BROILERS,ALL PRODUCTION PRACTICES,ALL UTILIZATION PRACTICES,PRICE RECEIVED,$ / LB,"CHICKENS, BROILERS - PRICE RECEIVED, MEASURED IN $ / LB",TOTAL,NOT SPECIFIED,NATIONAL,,99,US,US TOTAL,,,,,,,,0,,,9000,UNITED STATES,US TOTAL,2000,MONTHLY,6,6,JUN,,2012-01-01 00:00:00.000,0.34,
SURVEY,ANIMALS & PRODUCTS,POULTRY,CHICKENS,BROILERS,ALL PRODUCTION PRACTICES,ALL UTILIZATION PRACTICES,PRICE RECEIVED,$ / LB,"CHICKENS, BROILERS - PRICE RECEIVED, MEASURED IN $ / LB",TOTAL,NOT SPECIFIED,NATIONAL,,99,US,US TOTAL,,,,,,,,0,,,9000,UNITED STATES,US TOTAL,2000,MONTHLY,7,7,JUL,,2012-01-01 00:00:00.000,0.35,
SURVEY,ANIMALS & PRODUCTS,POULTRY,CHICKENS,BROILERS,ALL PRODUCTION PRACTICES,ALL UTILIZATION PRACTICES,PRICE RECEIVED,$ / LB,"CHICKENS, BROILERS - PRICE RECEIVED, MEASURED IN $ / LB",TOTAL,NOT SPECIFIED,NATIONAL,,99,US,US TOTAL,,,,,,,,0,,,9000,UNITED STATES,US TOTAL,2000,MONTHLY,8,8,AUG,,2012-01-01 00:00:00.000,0.33,
SURVEY,ANIMALS & PRODUCTS,POULTRY,CHICKENS,BROILERS,ALL PRODUCTION PRACTICES,ALL UTILIZATION PRACTICES,PRICE RECEIVED,$ / LB,"CHICKENS, BROILERS - PRICE RECEIVED, MEASURED IN $ / LB",TOTAL,NOT SPECIFIED,NATIONAL,,99,US,US TOTAL,,,,,,,,0,,,9000,UNITED STATES,US TOTAL,2000,MONTHLY,9,9,SEP,,2012-01-01 00:00:00.000,0.38,
SURVEY,ANIMALS & PRODUCTS,POULTRY,CHICKENS,BROILERS,ALL PRODUCTION PRACTICES,ALL UTILIZATION PRACTICES,PRICE RECEIVED,$ / LB,"CHICKENS, BROILERS - PRICE RECEIVED, MEASURED IN $ / LB",TOTAL,NOT SPECIFIED,NATIONAL,,99,US,US TOTAL,,,,,,,,0,,,9000,UNITED STATES,US TOTAL,2000,MONTHLY,10,10,OCT,,2012-01-01 00:00:00.000,0.35,
SURVEY,ANIMALS & PRODUCTS,POULTRY,CHICKENS,BROILERS,ALL PRODUCTION PRACTICES,ALL UTILIZATION PRACTICES,PRICE RECEIVED,$ / LB,"CHICKENS, BROILERS - PRICE RECEIVED, MEASURED IN $ / LB",TOTAL,NOT SPECIFIED,NATIONAL,,99,US,US TOTAL,,,,,,,,0,,,9000,UNITED STATES,US TOTAL,2000,MONTHLY,11,11,NOV,,2012-01-01 00:00:00.000,0.38,
SURVEY,ANIMALS & PRODUCTS,POULTRY,CHICKENS,BROILERS,ALL PRODUCTION PRACTICES,ALL UTILIZATION PRACTICES,PRICE RECEIVED,$ / LB,"CHICKENS, BROILERS - PRICE RECEIVED, MEASURED IN $ / LB",TOTAL,NOT SPECIFIED,NATIONAL,,99,US,US TOTAL,,,,,,,,0,,,9000,UNITED STATES,US TOTAL,2000,MONTHLY,12,12,DEC,,2012-01-01 00:00:00.000,0.35,
SURVEY,ANIMALS & PRODUCTS,POULTRY,CHICKENS,BROILERS,ALL PRODUCTION PRACTICES,ALL UTILIZATION PRACTICES,PRICE RECEIVED,$ / LB,"CHICKENS, BROILERS - PRICE RECEIVED, MEASURED IN $ / LB",TOTAL,NOT SPECIFIED,NATIONAL,,99,US,US TOTAL,,,,,,,,0,,,9000,UNITED STATES,US TOTAL,1999,MONTHLY,1,1,JAN,,2012-01-01 00:00:00.000,0.38,
SURVEY,ANIMALS & PRODUCTS,POULTRY,CHICKENS,BROILERS,ALL PRODUCTION PRACTICES,ALL UTILIZATION PRACTICES,PRICE RECEIVED,$ / LB,"CHICKENS, BROILERS - PRICE RECEIVED, MEASURED IN $ / LB",TOTAL,NOT SPECIFIED,NATIONAL,,99,US,US TOTAL,,,,,,,,0,,,9000,UNITED STATES,US TOTAL,1999,MONTHLY,2,2,FEB,,2012-01-01 00:00:00.000,0.364,
SURVEY,ANIMALS & PRODUCTS,POULTRY,CHICKENS,BROILERS,ALL PRODUCTION PRACTICES,ALL UTILIZATION PRACTICES,PRICE RECEIVED,$ / LB,"CHICKENS, BROILERS - PRICE RECEIVED, MEASURED IN $ / LB",TOTAL,NOT SPECIFIED,NATIONAL,,99,US,US TOTAL,,,,,,,,0,,,9000,UNITED STATES,US TOTAL,1999,MONTHLY,3,3,MAR,,2012-01-01 00:00:00.000,0.35,
SURVEY,ANIMALS & PRODUCTS,POULTRY,CHICKENS,BROILERS,ALL PRODUCTION PRACTICES,ALL UTILIZATION PRACTICES,PRICE RECEIVED,$ / LB,"CHICKENS, BROILERS - PRICE RECEIVED, MEASURED IN $ / LB",TOTAL,NOT SPECIFIED,NATIONAL,,99,US,US TOTAL,,,,,,,,0,,,9000,UNITED STATES,US TOTAL,1999,MONTHLY,4,4,APR,,2012-01-01 00:00:00.000,0.354,
SURVEY,ANIMALS & PRODUCTS,POULTRY,CHICKENS,BROILERS,ALL PRODUCTION PRACTICES,ALL UTILIZATION PRACTICES,PRICE RECEIVED,$ / LB,"CHICKENS, BROILERS - PRICE RECEIVED, MEASURED IN $ / LB",TOTAL,NOT SPECIFIED,NATIONAL,,99,US,US TOTAL,,,,,,,,0,,,9000,UNITED STATES,US TOTAL,1999,MONTHLY,5,5,MAY,,2012-01-01 00:00:00.000,0.38,
SURVEY,ANIMALS & PRODUCTS,POULTRY,CHICKENS,BROILERS,ALL PRODUCTION PRACTICES,ALL UTILIZATION PRACTICES,PRICE RECEIVED,$ / LB,"CHICKENS, BROILERS - PRICE RECEIVED, MEASURED IN $ / LB",TOTAL,NOT SPECIFIED,NATIONAL,,99,US,US TOTAL,,,,,,,,0,,,9000,UNITED STATES,US TOTAL,1999,MONTHLY,6,6,JUN,,2012-01-01 00:00:00.000,0.387,
SURVEY,ANIMALS & PRODUCTS,POULTRY,CHICKENS,BROILERS,ALL PRODUCTION PRACTICES,ALL UTILIZATION PRACTICES,PRICE RECEIVED,$ / LB,"CHICKENS, BROILERS - PRICE RECEIVED, MEASURED IN $ / LB",TOTAL,NOT SPECIFIED,NATIONAL,,99,US,US TOTAL,,,,,,,,0,,,9000,UNITED STATES,US TOTAL,1999,MONTHLY,7,7,JUL,,2012-01-01 00:00:00.000,0.38,
SURVEY,ANIMALS & PRODUCTS,POULTRY,CHICKENS,BROILERS,ALL PRODUCTION PRACTICES,ALL UTILIZATION PRACTICES,PRICE RECEIVED,$ / LB,"CHICKENS, BROILERS - PRICE RECEIVED, MEASURED IN $ / LB",TOTAL,NOT SPECIFIED,NATIONAL,,99,US,US TOTAL,,,,,,,,0,,,9000,UNITED STATES,US TOTAL,1999,MONTHLY,8,8,AUG,,2012-01-01 00:00:00.000,0.372,
SURVEY,ANIMALS & PRODUCTS,POULTRY,CHICKENS,BROILERS,ALL PRODUCTION PRACTICES,ALL UTILIZATION PRACTICES,PRICE RECEIVED,$ / LB,"CHICKENS, BROILERS - PRICE RECEIVED, MEASURED IN $ / LB",TOTAL,NOT SPECIFIED,NATIONAL,,99,US,US TOTAL,,,,,,,,0,,,9000,UNITED STATES,US TOTAL,1999,MONTHLY,9,9,SEP,,2012-01-01 00:00:00.000,0.359,
SURVEY,ANIMALS & PRODUCTS,POULTRY,CHICKENS,BROILERS,ALL PRODUCTION PRACTICES,ALL UTILIZATION PRACTICES,PRICE RECEIVED,$ / LB,"CHICKENS, BROILERS - PRICE RECEIVED, MEASURED IN $ / LB",TOTAL,NOT SPECIFIED,NATIONAL,,99,US,US TOTAL,,,,,,,,0,,,9000,UNITED STATES,US TOTAL,1999,MONTHLY,10,10,OCT,,2012-01-01 00:00:00.000,0.343,
SURVEY,ANIMALS & PRODUCTS,POULTRY,CHICKENS,BROILERS,ALL PRODUCTION PRACTICES,ALL UTILIZATION PRACTICES,PRICE RECEIVED,$ / LB,"CHICKENS, BROILERS - PRICE RECEIVED, MEASURED IN $ / LB",TOTAL,NOT SPECIFIED,NATIONAL,,99,US,US TOTAL,,,,,,,,0,,,9000,UNITED STATES,US TOTAL,1999,MONTHLY,11,11,NOV,,2012-01-01 00:00:00.000,0.38,
SURVEY,ANIMALS & PRODUCTS,POULTRY,CHICKENS,BROILERS,ALL PRODUCTION PRACTICES,ALL UTILIZATION PRACTICES,PRICE RECEIVED,$ / LB,"CHICKENS, BROILERS - PRICE RECEIVED, MEASURED IN $ / LB",TOTAL,NOT SPECIFIED,NATIONAL,,99,US,US TOTAL,,,,,,,,0,,,9000,UNITED STATES,US TOTAL,1999,MONTHLY,12,12,DEC,,2012-01-01 00:00:00.000,0.36,
SURVEY,ANIMALS & PRODUCTS,POULTRY,CHICKENS,BROILERS,ALL PRODUCTION PRACTICES,ALL UTILIZATION PRACTICES,PRICE RECEIVED,$ / LB,"CHICKENS, BROILERS - PRICE RECEIVED, MEASURED IN $ / LB",TOTAL,NOT SPECIFIED,NATIONAL,,99,US,US TOTAL,,,,,,,,0,,,9000,UNITED STATES,US TOTAL,1998,MONTHLY,1,1,JAN,,2012-01-01 00:00:00.000,0.336,
SURVEY,ANIMALS & PRODUCTS,POULTRY,CHICKENS,BROILERS,ALL PRODUCTION PRACTICES,ALL UTILIZATION PRACTICES,PRICE RECEIVED,$ / LB,"CHICKENS, BROILERS - PRICE RECEIVED, MEASURED IN $ / LB",TOTAL,NOT SPECIFIED,NATIONAL,,99,US,US TOTAL,,,,,,,,0,,,9000,UNITED STATES,US TOTAL,1998,MONTHLY,2,2,FEB,,2012-01-01 00:00:00.000,0.343,
SURVEY,ANIMALS & PRODUCTS,POULTRY,CHICKENS,BROILERS,ALL PRODUCTION PRACTICES,ALL UTILIZATION PRACTICES,PRICE RECEIVED,$ / LB,"CHICKENS, BROILERS - PRICE RECEIVED, MEASURED IN $ / LB",TOTAL,NOT SPECIFIED,NATIONAL,,99,US,US TOTAL,,,,,,,,0,,,9000,UNITED STATES,US TOTAL,1998,MONTHLY,3,3,MAR,,2012-01-01 00:00:00.000,0.354,
SURVEY,ANIMALS & PRODUCTS,POULTRY,CHICKENS,BROILERS,ALL PRODUCTION PRACTICES,ALL UTILIZATION PRACTICES,PRICE RECEIVED,$ / LB,"CHICKENS, BROILERS - PRICE RECEIVED, MEASURED IN $ / LB",TOTAL,NOT SPECIFIED,NATIONAL,,99,US,US TOTAL,,,,,,,,0,,,9000,UNITED STATES,US TOTAL,1998,MONTHLY,4,4,APR,,2012-01-01 00:00:00.000,0.364,
SURVEY,ANIMALS & PRODUCTS,POULTRY,CHICKENS,BROILERS,ALL PRODUCTION PRACTICES,ALL UTILIZATION PRACTICES,PRICE RECEIVED,$ / LB,"CHICKENS, BROILERS - PRICE RECEIVED, MEASURED IN $ / LB",TOTAL,NOT SPECIFIED,NATIONAL,,99,US,US TOTAL,,,,,,,,0,,,9000,UNITED STATES,US TOTAL,1998,MONTHLY,5,5,MAY,,2012-01-01 00:00:00.000,0.375,
SURVEY,ANIMALS & PRODUCTS,POULTRY,CHICKENS,BROILERS,ALL PRODUCTION PRACTICES,ALL UTILIZATION PRACTICES,PRICE RECEIVED,$ / LB,"CHICKENS, BROILERS - PRICE RECEIVED, MEASURED IN $ / LB",TOTAL,NOT SPECIFIED,NATIONAL,,99,US,US TOTAL,,,,,,,,0,,,9000,UNITED STATES,US TOTAL,1998,MONTHLY,6,6,JUN,,2012-01-01 00:00:00.000,0.406,
SURVEY,ANIMALS & PRODUCTS,POULTRY,CHICKENS,BROILERS,ALL PRODUCTION PRACTICES,ALL UTILIZATION PRACTICES,PRICE RECEIVED,$ / LB,"CHICKENS, BROILERS - PRICE RECEIVED, MEASURED IN $ / LB",TOTAL,NOT SPECIFIED,NATIONAL,,99,US,US TOTAL,,,,,,,,0,,,9000,UNITED STATES,US TOTAL,1998,MONTHLY,7,7,JUL,,2012-01-01 00:00:00.000,0.44,
SURVEY,ANIMALS & PRODUCTS,POULTRY,CHICKENS,BROILERS,ALL PRODUCTION PRACTICES,ALL UTILIZATION PRACTICES,PRICE RECEIVED,$ / LB,"CHICKENS, BROILERS - PRICE RECEIVED, MEASURED IN $ / LB",TOTAL,NOT SPECIFIED,NATIONAL,,99,US,US TOTAL,,,,,,,,0,,,9000,UNITED STATES,US TOTAL,1998,MONTHLY,8,8,AUG,,2012-01-01 00:00:00.000,0.468,
SURVEY,ANIMALS & PRODUCTS,POULTRY,CHICKENS,BROILERS,ALL PRODUCTION PRACTICES,ALL UTILIZATION PRACTICES,PRICE RECEIVED,$ / LB,"CHICKENS, BROILERS - PRICE RECEIVED, MEASURED IN $ / LB",TOTAL,NOT SPECIFIED,NATIONAL,,99,US,US TOTAL,,,,,,,,0,,,9000,UNITED STATES,US TOTAL,1998,MONTHLY,9,9,SEP,,2012-01-01 00:00:00.000,0.459,
SURVEY,ANIMALS & PRODUCTS,POULTRY,CHICKENS,BROILERS,ALL PRODUCTION PRACTICES,ALL UTILIZATION PRACTICES,PRICE RECEIVED,$ / LB,"CHICKENS, BROILERS - PRICE RECEIVED, MEASURED IN $ / LB",TOTAL,NOT SPECIFIED,NATIONAL,,99,US,US TOTAL,,,,,,,,0,,,9000,UNITED STATES,US TOTAL,1998,MONTHLY,10,10,OCT,,2012-01-01 00:00:00.000,0.434,
SURVEY,ANIMALS & PRODUCTS,POULTRY,CHICKENS,BROILERS,ALL PRODUCTION PRACTICES,ALL UTILIZATION PRACTICES,PRICE RECEIVED,$ / LB,"CHICKENS, BROILERS - PRICE RECEIVED, MEASURED IN $ / LB",TOTAL,NOT SPECIFIED,NATIONAL,,99,US,US TOTAL,,,,,,,,0,,,9000,UNITED STATES,US TOTAL,1998,MONTHLY,11,11,NOV,,2012-01-01 00:00:00.000,0.413,
SURVEY,ANIMALS & PRODUCTS,POULTRY,CHICKENS,BROILERS,ALL PRODUCTION PRACTICES,ALL UTILIZATION PRACTICES,PRICE RECEIVED,$ / LB,"CHICKENS, BROILERS - PRICE RECEIVED, MEASURED IN $ / LB",TOTAL,NOT SPECIFIED,NATIONAL,,99,US,US TOTAL,,,,,,,,0,,,9000,UNITED STATES,US TOTAL,1998,MONTHLY,12,12,DEC,,2012-01-01 00:00:00.000,0.385,
SURVEY,ANIMALS & PRODUCTS,POULTRY,CHICKENS,BROILERS,ALL PRODUCTION PRACTICES,ALL UTILIZATION PRACTICES,PRICE RECEIVED,$ / LB,"CHICKENS, BROILERS - PRICE RECEIVED, MEASURED IN $ / LB",TOTAL,NOT SPECIFIED,NATIONAL,,99,US,US TOTAL,,,,,,,,0,,,9000,UNITED STATES,US TOTAL,1997,MONTHLY,1,1,JAN,,2012-01-01 00:00:00.000,0.39,
SURVEY,ANIMALS & PRODUCTS,POULTRY,CHICKENS,BROILERS,ALL PRODUCTION PRACTICES,ALL UTILIZATION PRACTICES,PRICE RECEIVED,$ / LB,"CHICKENS, BROILERS - PRICE RECEIVED, MEASURED IN $ / LB",TOTAL,NOT SPECIFIED,NATIONAL,,99,US,US TOTAL,,,,,,,,0,,,9000,UNITED STATES,US TOTAL,1997,MONTHLY,2,2,FEB,,2012-01-01 00:00:00.000,0.377,
SURVEY,ANIMALS & PRODUCTS,POULTRY,CHICKENS,BROILERS,ALL PRODUCTION PRACTICES,ALL UTILIZATION PRACTICES,PRICE RECEIVED,$ / LB,"CHICKENS, BROILERS - PRICE RECEIVED, MEASURED IN $ / LB",TOTAL,NOT SPECIFIED,NATIONAL,,99,US,US TOTAL,,,,,,,,0,,,9000,UNITED STATES,US TOTAL,1997,MONTHLY,3,3,MAR,,2012-01-01 00:00:00.000,0.369,
SURVEY,ANIMALS & PRODUCTS,POULTRY,CHICKENS,BROILERS,ALL PRODUCTION PRACTICES,ALL UTILIZATION PRACTICES,PRICE RECEIVED,$ / LB,"CHICKENS, BROILERS - PRICE RECEIVED, MEASURED IN $ / LB",TOTAL,NOT SPECIFIED,NATIONAL,,99,US,US TOTAL,,,,,,,,0,,,9000,UNITED STATES,US TOTAL,1997,MONTHLY,4,4,APR,,2012-01-01 00:00:00.000,0.367,
SURVEY,ANIMALS & PRODUCTS,POULTRY,CHICKENS,BROILERS,ALL PRODUCTION PRACTICES,ALL UTILIZATION PRACTICES,PRICE RECEIVED,$ / LB,"CHICKENS, BROILERS - PRICE RECEIVED, MEASURED IN $ / LB",TOTAL,NOT SPECIFIED,NATIONAL,,99,US,US TOTAL,,,,,,,,0,,,9000,UNITED STATES,US TOTAL,1997,MONTHLY,5,5,MAY,,2012-01-01 00:00:00.000,0.368,
SURVEY,ANIMALS & PRODUCTS,POULTRY,CHICKENS,BROILERS,ALL PRODUCTION PRACTICES,ALL UTILIZATION PRACTICES,PRICE RECEIVED,$ / LB,"CHICKENS, BROILERS - PRICE RECEIVED, MEASURED IN $ / LB",TOTAL,NOT SPECIFIED,NATIONAL,,99,US,US TOTAL,,,,,,,,0,,,9000,UNITED STATES,US TOTAL,1997,MONTHLY,6,6,JUN,,2012-01-01 00:00:00.000,0.374,
SURVEY,ANIMALS & PRODUCTS,POULTRY,CHICKENS,BROILERS,ALL PRODUCTION PRACTICES,ALL UTILIZATION PRACTICES,PRICE RECEIVED,$ / LB,"CHICKENS, BROILERS - PRICE RECEIVED, MEASURED IN $ / LB",TOTAL,NOT SPECIFIED,NATIONAL,,99,US,US TOTAL,,,,,,,,0,,,9000,UNITED STATES,US TOTAL,1997,MONTHLY,7,7,JUL,,2012-01-01 00:00:00.000,0.4,
SURVEY,ANIMALS & PRODUCTS,POULTRY,CHICKENS,BROILERS,ALL PRODUCTION PRACTICES,ALL UTILIZATION PRACTICES,PRICE RECEIVED,$ / LB,"CHICKENS, BROILERS - PRICE RECEIVED, MEASURED IN $ / LB",TOTAL,NOT SPECIFIED,NATIONAL,,99,US,US TOTAL,,,,,,,,0,,,9000,UNITED STATES,US TOTAL,1997,MONTHLY,8,8,AUG,,2012-01-01 00:00:00.000,0.399,
SURVEY,ANIMALS & PRODUCTS,POULTRY,CHICKENS,BROILERS,ALL PRODUCTION PRACTICES,ALL UTILIZATION PRACTICES,PRICE RECEIVED,$ / LB,"CHICKENS, BROILERS - PRICE RECEIVED, MEASURED IN $ / LB",TOTAL,NOT SPECIFIED,NATIONAL,,99,US,US TOTAL,,,,,,,,0,,,9000,UNITED STATES,US TOTAL,1997,MONTHLY,9,9,SEP,,2012-01-01 00:00:00.000,0.382,
SURVEY,ANIMALS & PRODUCTS,POULTRY,CHICKENS,BROILERS,ALL PRODUCTION PRACTICES,ALL UTILIZATION PRACTICES,PRICE RECEIVED,$ / LB,"CHICKENS, BROILERS - PRICE RECEIVED, MEASURED IN $ / LB",TOTAL,NOT SPECIFIED,NATIONAL,,99,US,US TOTAL,,,,,,,,0,,,9000,UNITED STATES,US TOTAL,1997,MONTHLY,10,10,OCT,,2012-01-01 00:00:00.000,0.347,
SURVEY,ANIMALS & PRODUCTS,POULTRY,CHICKENS,BROILERS,ALL PRODUCTION PRACTICES,ALL UTILIZATION PRACTICES,PRICE RECEIVED,$ / LB,"CHICKENS, BROILERS - PRICE RECEIVED, MEASURED IN $ / LB",TOTAL,NOT SPECIFIED,NATIONAL,,99,US,US TOTAL,,,,,,,,0,,,9000,UNITED STATES,US TOTAL,1997,MONTHLY,11,11,NOV,,2012-01-01 00:00:00.000,0.337,
SURVEY,ANIMALS & PRODUCTS,POULTRY,CHICKENS,BROILERS,ALL PRODUCTION PRACTICES,ALL UTILIZATION PRACTICES,PRICE RECEIVED,$ / LB,"CHICKENS, BROILERS - PRICE RECEIVED, MEASURED IN $ / LB",TOTAL,NOT SPECIFIED,NATIONAL,,99,US,US TOTAL,,,,,,,,0,,,9000,UNITED STATES,US TOTAL,1997,MONTHLY,12,12,DEC,,2012-01-01 00:00:00.000,0.324,
SURVEY,ANIMALS & PRODUCTS,POULTRY,CHICKENS,BROILERS,ALL PRODUCTION PRACTICES,ALL UTILIZATION PRACTICES,PRICE RECEIVED,$ / LB,"CHICKENS, BROILERS - PRICE RECEIVED, MEASURED IN $ / LB",TOTAL,NOT SPECIFIED,NATIONAL,,99,US,US TOTAL,,,,,,,,0,,,9000,UNITED STATES,US TOTAL,1996,MONTHLY,1,1,JAN,,2012-01-01 00:00:00.000,0.372,
SURVEY,ANIMALS & PRODUCTS,POULTRY,CHICKENS,BROILERS,ALL PRODUCTION PRACTICES,ALL UTILIZATION PRACTICES,PRICE RECEIVED,$ / LB,"CHICKENS, BROILERS - PRICE RECEIVED, MEASURED IN $ / LB",TOTAL,NOT SPECIFIED,NATIONAL,,99,US,US TOTAL,,,,,,,,0,,,9000,UNITED STATES,US TOTAL,1996,MONTHLY,2,2,FEB,,2012-01-01 00:00:00.000,0.353,
SURVEY,ANIMALS & PRODUCTS,POULTRY,CHICKENS,BROILERS,ALL PRODUCTION PRACTICES,ALL UTILIZATION PRACTICES,PRICE RECEIVED,$ / LB,"CHICKENS, BROILERS - PRICE RECEIVED, MEASURED IN $ / LB",TOTAL,NOT SPECIFIED,NATIONAL,,99,US,US TOTAL,,,,,,,,0,,,9000,UNITED STATES,US TOTAL,1996,MONTHLY,3,3,MAR,,2012-01-01 00:00:00.000,0.341,
SURVEY,ANIMALS & PRODUCTS,POULTRY,CHICKENS,BROILERS,ALL PRODUCTION PRACTICES,ALL UTILIZATION PRACTICES,PRICE RECEIVED,$ / LB,"CHICKENS, BROILERS - PRICE RECEIVED, MEASURED IN $ / LB",TOTAL,NOT SPECIFIED,NATIONAL,,99,US,US TOTAL,,,,,,,,0,,,9000,UNITED STATES,US TOTAL,1996,MONTHLY,4,4,APR,,2012-01-01 00:00:00.000,0.349,
SURVEY,ANIMALS & PRODUCTS,POULTRY,CHICKENS,BROILERS,ALL PRODUCTION PRACTICES,ALL UTILIZATION PRACTICES,PRICE RECEIVED,$ / LB,"CHICKENS, BROILERS - PRICE RECEIVED, MEASURED IN $ / LB",TOTAL,NOT SPECIFIED,NATIONAL,,99,US,US TOTAL,,,,,,,,0,,,9000,UNITED STATES,US TOTAL,1996,MONTHLY,5,5,MAY,,2012-01-01 00:00:00.000,0.378,
SURVEY,ANIMALS & PRODUCTS,POULTRY,CHICKENS,BROILERS,ALL PRODUCTION PRACTICES,ALL UTILIZATION PRACTICES,PRICE RECEIVED,$ / LB,"CHICKENS, BROILERS - PRICE RECEIVED, MEASURED IN $ / LB",TOTAL,NOT SPECIFIED,NATIONAL,,99,US,US TOTAL,,,,,,,,0,,,9000,UNITED STATES,US TOTAL,1996,MONTHLY,6,6,JUN,,2012-01-01 00:00:00.000,0.406,
SURVEY,ANIMALS & PRODUCTS,POULTRY,CHICKENS,BROILERS,ALL PRODUCTION PRACTICES,ALL UTILIZATION PRACTICES,PRICE RECEIVED,$ / LB,"CHICKENS, BROILERS - PRICE RECEIVED, MEASURED IN $ / LB",TOTAL,NOT SPECIFIED,NATIONAL,,99,US,US TOTAL,,,,,,,,0,,,9000,UNITED STATES,US TOTAL,1996,MONTHLY,7,7,JUL,,2012-01-01 00:00:00.000,0.405,
SURVEY,ANIMALS & PRODUCTS,POULTRY,CHICKENS,BROILERS,ALL PRODUCTION PRACTICES,ALL UTILIZATION PRACTICES,PRICE RECEIVED,$ / LB,"CHICKENS, BROILERS - PRICE RECEIVED, MEASURED IN $ / LB",TOTAL,NOT SPECIFIED,NATIONAL,,99,US,US TOTAL,,,,,,,,0,,,9000,UNITED STATES,US TOTAL,1996,MONTHLY,8,8,AUG,,2012-01-01 00:00:00.000,0.403,
SURVEY,ANIMALS & PRODUCTS,POULTRY,CHICKENS,BROILERS,ALL PRODUCTION PRACTICES,ALL UTILIZATION PRACTICES,PRICE RECEIVED,$ / LB,"CHICKENS, BROILERS - PRICE RECEIVED, MEASURED IN $ / LB",TOTAL,NOT SPECIFIED,NATIONAL,,99,US,US TOTAL,,,,,,,,0,,,9000,UNITED STATES,US TOTAL,1996,MONTHLY,9,9,SEP,,2012-01-01 00:00:00.000,0.402,
SURVEY,ANIMALS & PRODUCTS,POULTRY,CHICKENS,BROILERS,ALL PRODUCTION PRACTICES,ALL UTILIZATION PRACTICES,PRICE RECEIVED,$ / LB,"CHICKENS, BROILERS - PRICE RECEIVED, MEASURED IN $ / LB",TOTAL,NOT SPECIFIED,NATIONAL,,99,US,US TOTAL,,,,,,,,0,,,9000,UNITED STATES,US TOTAL,1996,MONTHLY,10,10,OCT,,2012-01-01 00:00:00.000,0.395,
SURVEY,ANIMALS & PRODUCTS,POULTRY,CHICKENS,BROILERS,ALL PRODUCTION PRACTICES,ALL UTILIZATION PRACTICES,PRICE RECEIVED,$ / LB,"CHICKENS, BROILERS - PRICE RECEIVED, MEASURED IN $ / LB",TOTAL,NOT SPECIFIED,NATIONAL,,99,US,US TOTAL,,,,,,,,0,,,9000,UNITED STATES,US TOTAL,1996,MONTHLY,11,11,NOV,,2012-01-01 00:00:00.000,0.404,
SURVEY,ANIMALS & PRODUCTS,POULTRY,CHICKENS,BROILERS,ALL PRODUCTION PRACTICES,ALL UTILIZATION PRACTICES,PRICE RECEIVED,$ / LB,"CHICKENS, BROILERS - PRICE RECEIVED, MEASURED IN $ / LB",TOTAL,NOT SPECIFIED,NATIONAL,,99,US,US TOTAL,,,,,,,,0,,,9000,UNITED STATES,US TOTAL,1996,MONTHLY,12,12,DEC,,2012-01-01 00:00:00.000,0.407,
SURVEY,ANIMALS & PRODUCTS,POULTRY,CHICKENS,BROILERS,ALL PRODUCTION PRACTICES,ALL UTILIZATION PRACTICES,PRICE RECEIVED,$ / LB,"CHICKENS, BROILERS - PRICE RECEIVED, MEASURED IN $ / LB",TOTAL,NOT SPECIFIED,NATIONAL,,99,US,US TOTAL,,,,,,,,0,,,9000,UNITED STATES,US TOTAL,1995,MONTHLY,1,1,JAN,,2012-01-01 00:00:00.000,0.324,
SURVEY,ANIMALS & PRODUCTS,POULTRY,CHICKENS,BROILERS,ALL PRODUCTION PRACTICES,ALL UTILIZATION PRACTICES,PRICE RECEIVED,$ / LB,"CHICKENS, BROILERS - PRICE RECEIVED, MEASURED IN $ / LB",TOTAL,NOT SPECIFIED,NATIONAL,,99,US,US TOTAL,,,,,,,,0,,,9000,UNITED STATES,US TOTAL,1995,MONTHLY,2,2,FEB,,2012-01-01 00:00:00.000,0.325,
SURVEY,ANIMALS & PRODUCTS,POULTRY,CHICKENS,BROILERS,ALL PRODUCTION PRACTICES,ALL UTILIZATION PRACTICES,PRICE RECEIVED,$ / LB,"CHICKENS, BROILERS - PRICE RECEIVED, MEASURED IN $ / LB",TOTAL,NOT SPECIFIED,NATIONAL,,99,US,US TOTAL,,,,,,,,0,,,9000,UNITED STATES,US TOTAL,1995,MONTHLY,3,3,MAR,,2012-01-01 00:00:00.000,0.327,
SURVEY,ANIMALS & PRODUCTS,POULTRY,CHICKENS,BROILERS,ALL PRODUCTION PRACTICES,ALL UTILIZATION PRACTICES,PRICE RECEIVED,$ / LB,"CHICKENS, BROILERS - PRICE RECEIVED, MEASURED IN $ / LB",TOTAL,NOT SPECIFIED,NATIONAL,,99,US,US TOTAL,,,,,,,,0,,,9000,UNITED STATES,US TOTAL,1995,MONTHLY,4,4,APR,,2012-01-01 00:00:00.000,0.323,
SURVEY,ANIMALS & PRODUCTS,POULTRY,CHICKENS,BROILERS,ALL PRODUCTION PRACTICES,ALL UTILIZATION PRACTICES,PRICE RECEIVED,$ / LB,"CHICKENS, BROILERS - PRICE RECEIVED, MEASURED IN $ / LB",TOTAL,NOT SPECIFIED,NATIONAL,,99,US,US TOTAL,,,,,,,,0,,,9000,UNITED STATES,US TOTAL,1995,MONTHLY,5,5,MAY,,2012-01-01 00:00:00.000,0.319,
SURVEY,ANIMALS & PRODUCTS,POULTRY,CHICKENS,BROILERS,ALL PRODUCTION PRACTICES,ALL UTILIZATION PRACTICES,PRICE RECEIVED,$ / LB,"CHICKENS, BROILERS - PRICE RECEIVED, MEASURED IN $ / LB",TOTAL,NOT SPECIFIED,NATIONAL,,99,US,US TOTAL,,,,,,,,0,,,9000,UNITED STATES,US TOTAL,1995,MONTHLY,6,6,JUN,,2012-01-01 00:00:00.000,0.332,
SURVEY,ANIMALS & PRODUCTS,POULTRY,CHICKENS,BROILERS,ALL PRODUCTION PRACTICES,ALL UTILIZATION PRACTICES,PRICE RECEIVED,$ / LB,"CHICKENS, BROILERS - PRICE RECEIVED, MEASURED IN $ / LB",TOTAL,NOT SPECIFIED,NATIONAL,,99,US,US TOTAL,,,,,,,,0,,,9000,UNITED STATES,US TOTAL,1995,MONTHLY,7,7,JUL,,2012-01-01 00:00:00.000,0.347,
SURVEY,ANIMALS & PRODUCTS,POULTRY,CHICKENS,BROILERS,ALL PRODUCTION PRACTICES,ALL UTILIZATION PRACTICES,PRICE RECEIVED,$ / LB,"CHICKENS, BROILERS - PRICE RECEIVED, MEASURED IN $ / LB",TOTAL,NOT SPECIFIED,NATIONAL,,99,US,US TOTAL,,,,,,,,0,,,9000,UNITED STATES,US TOTAL,1995,MONTHLY,8,8,AUG,,2012-01-01 00:00:00.000,0.374,
SURVEY,ANIMALS & PRODUCTS,POULTRY,CHICKENS,BROILERS,ALL PRODUCTION PRACTICES,ALL UTILIZATION PRACTICES,PRICE RECEIVED,$ / LB,"CHICKENS, BROILERS - PRICE RECEIVED, MEASURED IN $ / LB",TOTAL,NOT SPECIFIED,NATIONAL,,99,US,US TOTAL,,,,,,,,0,,,9000,UNITED STATES,US TOTAL,1995,MONTHLY,9,9,SEP,,2012-01-01 00:00:00.000,0.381,
SURVEY,ANIMALS & PRODUCTS,POULTRY,CHICKENS,BROILERS,ALL PRODUCTION PRACTICES,ALL UTILIZATION PRACTICES,PRICE RECEIVED,$ / LB,"CHICKENS, BROILERS - PRICE RECEIVED, MEASURED IN $ / LB",TOTAL,NOT SPECIFIED,NATIONAL,,99,US,US TOTAL,,,,,,,,0,,,9000,UNITED STATES,US TOTAL,1995,MONTHLY,10,10,OCT,,2012-01-01 00:00:00.000,0.368,
SURVEY,ANIMALS & PRODUCTS,POULTRY,CHICKENS,BROILERS,ALL PRODUCTION PRACTICES,ALL UTILIZATION PRACTICES,PRICE RECEIVED,$ / LB,"CHICKENS, BROILERS - PRICE RECEIVED, MEASURED IN $ / LB",TOTAL,NOT SPECIFIED,NATIONAL,,99,US,US TOTAL,,,,,,,,0,,,9000,UNITED STATES,US TOTAL,1995,MONTHLY,11,11,NOV,,2012-01-01 00:00:00.000,0.376,
SURVEY,ANIMALS & PRODUCTS,POULTRY,CHICKENS,BROILERS,ALL PRODUCTION PRACTICES,ALL UTILIZATION PRACTICES,PRICE RECEIVED,$ / LB,"CHICKENS, BROILERS - PRICE RECEIVED, MEASURED IN $ / LB",TOTAL,NOT SPECIFIED,NATIONAL,,99,US,US TOTAL,,,,,,,,0,,,9000,UNITED STATES,US TOTAL,1995,MONTHLY,12,12,DEC,,2012-01-01 00:00:00.000,0.362,
SURVEY,ANIMALS & PRODUCTS,POULTRY,CHICKENS,BROILERS,ALL PRODUCTION PRACTICES,ALL UTILIZATION PRACTICES,PRICE RECEIVED,$ / LB,"CHICKENS, BROILERS - PRICE RECEIVED, MEASURED IN $ / LB",TOTAL,NOT SPECIFIED,NATIONAL,,99,US,US TOTAL,,,,,,,,0,,,9000,UNITED STATES,US TOTAL,1994,MONTHLY,1,1,JAN,,2012-01-01 00:00:00.000,0.337,
SURVEY,ANIMALS & PRODUCTS,POULTRY,CHICKENS,BROILERS,ALL PRODUCTION PRACTICES,ALL UTILIZATION PRACTICES,PRICE RECEIVED,$ / LB,"CHICKENS, BROILERS - PRICE RECEIVED, MEASURED IN $ / LB",TOTAL,NOT SPECIFIED,NATIONAL,,99,US,US TOTAL,,,,,,,,0,,,9000,UNITED STATES,US TOTAL,1994,MONTHLY,2,2,FEB,,2012-01-01 00:00:00.000,0.344,
SURVEY,ANIMALS & PRODUCTS,POULTRY,CHICKENS,BROILERS,ALL PRODUCTION PRACTICES,ALL UTILIZATION PRACTICES,PRICE RECEIVED,$ / LB,"CHICKENS, BROILERS - PRICE RECEIVED, MEASURED IN $ / LB",TOTAL,NOT SPECIFIED,NATIONAL,,99,US,US TOTAL,,,,,,,,0,,,9000,UNITED STATES,US TOTAL,1994,MONTHLY,3,3,MAR,,2012-01-01 00:00:00.000,0.353,
SURVEY,ANIMALS & PRODUCTS,POULTRY,CHICKENS,BROILERS,ALL PRODUCTION PRACTICES,ALL UTILIZATION PRACTICES,PRICE RECEIVED,$ / LB,"CHICKENS, BROILERS - PRICE RECEIVED, MEASURED IN $ / LB",TOTAL,NOT SPECIFIED,NATIONAL,,99,US,US TOTAL,,,,,,,,0,,,9000,UNITED STATES,US TOTAL,1994,MONTHLY,4,4,APR,,2012-01-01 00:00:00.000,0.356,
SURVEY,ANIMALS & PRODUCTS,POULTRY,CHICKENS,BROILERS,ALL PRODUCTION PRACTICES,ALL UTILIZATION PRACTICES,PRICE RECEIVED,$ / LB,"CHICKENS, BROILERS - PRICE RECEIVED, MEASURED IN $ / LB",TOTAL,NOT SPECIFIED,NATIONAL,,99,US,US TOTAL,,,,,,,,0,,,9000,UNITED STATES,US TOTAL,1994,MONTHLY,5,5,MAY,,2012-01-01 00:00:00.000,0.376,
SURVEY,ANIMALS & PRODUCTS,POULTRY,CHICKENS,BROILERS,ALL PRODUCTION PRACTICES,ALL UTILIZATION PRACTICES,PRICE RECEIVED,$ / LB,"CHICKENS, BROILERS - PRICE RECEIVED, MEASURED IN $ / LB",TOTAL,NOT SPECIFIED,NATIONAL,,99,US,US TOTAL,,,,,,,,0,,,9000,UNITED STATES,US TOTAL,1994,MONTHLY,6,6,JUN,,2012-01-01 00:00:00.000,0.375,
SURVEY,ANIMALS & PRODUCTS,POULTRY,CHICKENS,BROILERS,ALL PRODUCTION PRACTICES,ALL UTILIZATION PRACTICES,PRICE RECEIVED,$ / LB,"CHICKENS, BROILERS - PRICE RECEIVED, MEASURED IN $ / LB",TOTAL,NOT SPECIFIED,NATIONAL,,99,US,US TOTAL,,,,,,,,0,,,9000,UNITED STATES,US TOTAL,1994,MONTHLY,7,7,JUL,,2012-01-01 00:00:00.000,0.364,
SURVEY,ANIMALS & PRODUCTS,POULTRY,CHICKENS,BROILERS,ALL PRODUCTION PRACTICES,ALL UTILIZATION PRACTICES,PRICE RECEIVED,$ / LB,"CHICKENS, BROILERS - PRICE RECEIVED, MEASURED IN $ / LB",TOTAL,NOT SPECIFIED,NATIONAL,,99,US,US TOTAL,,,,,,,,0,,,9000,UNITED STATES,US TOTAL,1994,MONTHLY,8,8,AUG,,2012-01-01 00:00:00.000,0.351,
SURVEY,ANIMALS & PRODUCTS,POULTRY,CHICKENS,BROILERS,ALL PRODUCTION PRACTICES,ALL UTILIZATION PRACTICES,PRICE RECEIVED,$ / LB,"CHICKENS, BROILERS - PRICE RECEIVED, MEASURED IN $ / LB",TOTAL,NOT SPECIFIED,NATIONAL,,99,US,US TOTAL,,,,,,,,0,,,9000,UNITED STATES,US TOTAL,1994,MONTHLY,9,9,SEP,,2012-01-01 00:00:00.000,0.351,
SURVEY,ANIMALS & PRODUCTS,POULTRY,CHICKENS,BROILERS,ALL PRODUCTION PRACTICES,ALL UTILIZATION PRACTICES,PRICE RECEIVED,$ / LB,"CHICKENS, BROILERS - PRICE RECEIVED, MEASURED IN $ / LB",TOTAL,NOT SPECIFIED,NATIONAL,,99,US,US TOTAL,,,,,,,,0,,,9000,UNITED STATES,US TOTAL,1994,MONTHLY,10,10,OCT,,2012-01-01 00:00:00.000,0.339,
SURVEY,ANIMALS & PRODUCTS,POULTRY,CHICKENS,BROILERS,ALL PRODUCTION PRACTICES,ALL UTILIZATION PRACTICES,PRICE RECEIVED,$ / LB,"CHICKENS, BROILERS - PRICE RECEIVED, MEASURED IN $ / LB",TOTAL,NOT SPECIFIED,NATIONAL,,99,US,US TOTAL,,,,,,,,0,,,9000,UNITED STATES,US TOTAL,1994,MONTHLY,11,11,NOV,,2012-01-01 00:00:00.000,0.323,
SURVEY,ANIMALS & PRODUCTS,POULTRY,CHICKENS,BROILERS,ALL PRODUCTION PRACTICES,ALL UTILIZATION PRACTICES,PRICE RECEIVED,$ / LB,"CHICKENS, BROILERS - PRICE RECEIVED, MEASURED IN $ / LB",TOTAL,NOT SPECIFIED,NATIONAL,,99,US,US TOTAL,,,,,,,,0,,,9000,UNITED STATES,US TOTAL,1994,MONTHLY,12,12,DEC,,2012-01-01 00:00:00.000,0.325,
SURVEY,ANIMALS & PRODUCTS,POULTRY,CHICKENS,BROILERS,ALL PRODUCTION PRACTICES,ALL UTILIZATION PRACTICES,PRICE RECEIVED,$ / LB,"CHICKENS, BROILERS - PRICE RECEIVED, MEASURED IN $ / LB",TOTAL,NOT SPECIFIED,NATIONAL,,99,US,US TOTAL,,,,,,,,0,,,9000,UNITED STATES,US TOTAL,1993,MONTHLY,1,1,JAN,,2012-01-01 00:00:00.000,0.318,
SURVEY,ANIMALS & PRODUCTS,POULTRY,CHICKENS,BROILERS,ALL PRODUCTION PRACTICES,ALL UTILIZATION PRACTICES,PRICE RECEIVED,$ / LB,"CHICKENS, BROILERS - PRICE RECEIVED, MEASURED IN $ / LB",TOTAL,NOT SPECIFIED,NATIONAL,,99,US,US TOTAL,,,,,,,,0,,,9000,UNITED STATES,US TOTAL,1993,MONTHLY,2,2,FEB,,2012-01-01 00:00:00.000,0.322,
SURVEY,ANIMALS & PRODUCTS,POULTRY,CHICKENS,BROILERS,ALL PRODUCTION PRACTICES,ALL UTILIZATION PRACTICES,PRICE RECEIVED,$ / LB,"CHICKENS, BROILERS - PRICE RECEIVED, MEASURED IN $ / LB",TOTAL,NOT SPECIFIED,NATIONAL,,99,US,US TOTAL,,,,,,,,0,,,9000,UNITED STATES,US TOTAL,1993,MONTHLY,3,3,MAR,,2012-01-01 00:00:00.000,0.33,
SURVEY,ANIMALS & PRODUCTS,POULTRY,CHICKENS,BROILERS,ALL PRODUCTION PRACTICES,ALL UTILIZATION PRACTICES,PRICE RECEIVED,$ / LB,"CHICKENS, BROILERS - PRICE RECEIVED, MEASURED IN $ / LB",TOTAL,NOT SPECIFIED,NATIONAL,,99,US,US TOTAL,,,,,,,,0,,,9000,UNITED STATES,US TOTAL,1993,MONTHLY,4,4,APR,,2012-01-01 00:00:00.000,0.338,
SURVEY,ANIMALS & PRODUCTS,POULTRY,CHICKENS,BROILERS,ALL PRODUCTION PRACTICES,ALL UTILIZATION PRACTICES,PRICE RECEIVED,$ / LB,"CHICKENS, BROILERS - PRICE RECEIVED, MEASURED IN $ / LB",TOTAL,NOT SPECIFIED,NATIONAL,,99,US,US TOTAL,,,,,,,,0,,,9000,UNITED STATES,US TOTAL,1993,MONTHLY,5,5,MAY,,2012-01-01 00:00:00.000,0.352,
SURVEY,ANIMALS & PRODUCTS,POULTRY,CHICKENS,BROILERS,ALL PRODUCTION PRACTICES,ALL UTILIZATION PRACTICES,PRICE RECEIVED,$ / LB,"CHICKENS, BROILERS - PRICE RECEIVED, MEASURED IN $ / LB",TOTAL,NOT SPECIFIED,NATIONAL,,99,US,US TOTAL,,,,,,,,0,,,9000,UNITED STATES,US TOTAL,1993,MONTHLY,6,6,JUN,,2012-01-01 00:00:00.000,0.35,
SURVEY,ANIMALS & PRODUCTS,POULTRY,CHICKENS,BROILERS,ALL PRODUCTION PRACTICES,ALL UTILIZATION PRACTICES,PRICE RECEIVED,$ / LB,"CHICKENS, BROILERS - PRICE RECEIVED, MEASURED IN $ / LB",TOTAL,NOT SPECIFIED,NATIONAL,,99,US,US TOTAL,,,,,,,,0,,,9000,UNITED STATES,US TOTAL,1993,MONTHLY,7,7,JUL,,2012-01-01 00:00:00.000,0.355,
SURVEY,ANIMALS & PRODUCTS,POULTRY,CHICKENS,BROILERS,ALL PRODUCTION PRACTICES,ALL UTILIZATION PRACTICES,PRICE RECEIVED,$ / LB,"CHICKENS, BROILERS - PRICE RECEIVED, MEASURED IN $ / LB",TOTAL,NOT SPECIFIED,NATIONAL,,99,US,US TOTAL,,,,,,,,0,,,9000,UNITED STATES,US TOTAL,1993,MONTHLY,8,8,AUG,,2012-01-01 00:00:00.000,0.364,
SURVEY,ANIMALS & PRODUCTS,POULTRY,CHICKENS,BROILERS,ALL PRODUCTION PRACTICES,ALL UTILIZATION PRACTICES,PRICE RECEIVED,$ / LB,"CHICKENS, BROILERS - PRICE RECEIVED, MEASURED IN $ / LB",TOTAL,NOT SPECIFIED,NATIONAL,,99,US,US TOTAL,,,,,,,,0,,,9000,UNITED STATES,US TOTAL,1993,MONTHLY,9,9,SEP,,2012-01-01 00:00:00.000,0.365,
SURVEY,ANIMALS & PRODUCTS,POULTRY,CHICKENS,BROILERS,ALL PRODUCTION PRACTICES,ALL UTILIZATION PRACTICES,PRICE RECEIVED,$ / LB,"CHICKENS, BROILERS - PRICE RECEIVED, MEASURED IN $ / LB",TOTAL,NOT SPECIFIED,NATIONAL,,99,US,US TOTAL,,,,,,,,0,,,9000,UNITED STATES,US TOTAL,1993,MONTHLY,10,10,OCT,,2012-01-01 00:00:00.000,0.35,
SURVEY,ANIMALS & PRODUCTS,POULTRY,CHICKENS,BROILERS,ALL PRODUCTION PRACTICES,ALL UTILIZATION PRACTICES,PRICE RECEIVED,$ / LB,"CHICKENS, BROILERS - PRICE RECEIVED, MEASURED IN $ / LB",TOTAL,NOT SPECIFIED,NATIONAL,,99,US,US TOTAL,,,,,,,,0,,,9000,UNITED STATES,US TOTAL,1993,MONTHLY,11,11,NOV,,2012-01-01 00:00:00.000,0.348,
SURVEY,ANIMALS & PRODUCTS,POULTRY,CHICKENS,BROILERS,ALL PRODUCTION PRACTICES,ALL UTILIZATION PRACTICES,PRICE RECEIVED,$ / LB,"CHICKENS, BROILERS - PRICE RECEIVED, MEASURED IN $ / LB",TOTAL,NOT SPECIFIED,NATIONAL,,99,US,US TOTAL,,,,,,,,0,,,9000,UNITED STATES,US TOTAL,1993,MONTHLY,12,12,DEC,,2012-01-01 00:00:00.000,0.339,
SURVEY,ANIMALS & PRODUCTS,POULTRY,CHICKENS,BROILERS,ALL PRODUCTION PRACTICES,ALL UTILIZATION PRACTICES,PRICE RECEIVED,$ / LB,"CHICKENS, BROILERS - PRICE RECEIVED, MEASURED IN $ / LB",TOTAL,NOT SPECIFIED,NATIONAL,,99,US,US TOTAL,,,,,,,,0,,,9000,UNITED STATES,US TOTAL,1992,MONTHLY,1,1,JAN,,2012-01-01 00:00:00.000,0.298,
SURVEY,ANIMALS & PRODUCTS,POULTRY,CHICKENS,BROILERS,ALL PRODUCTION PRACTICES,ALL UTILIZATION PRACTICES,PRICE RECEIVED,$ / LB,"CHICKENS, BROILERS - PRICE RECEIVED, MEASURED IN $ / LB",TOTAL,NOT SPECIFIED,NATIONAL,,99,US,US TOTAL,,,,,,,,0,,,9000,UNITED STATES,US TOTAL,1992,MONTHLY,2,2,FEB,,2012-01-01 00:00:00.000,0.299,
SURVEY,ANIMALS & PRODUCTS,POULTRY,CHICKENS,BROILERS,ALL PRODUCTION PRACTICES,ALL UTILIZATION PRACTICES,PRICE RECEIVED,$ / LB,"CHICKENS, BROILERS - PRICE RECEIVED, MEASURED IN $ / LB",TOTAL,NOT SPECIFIED,NATIONAL,,99,US,US TOTAL,,,,,,,,0,,,9000,UNITED STATES,US TOTAL,1992,MONTHLY,3,3,MAR,,2012-01-01 00:00:00.000,0.3,
SURVEY,ANIMALS & PRODUCTS,POULTRY,CHICKENS,BROILERS,ALL PRODUCTION PRACTICES,ALL UTILIZATION PRACTICES,PRICE RECEIVED,$ / LB,"CHICKENS, BROILERS - PRICE RECEIVED, MEASURED IN $ / LB",TOTAL,NOT SPECIFIED,NATIONAL,,99,US,US TOTAL,,,,,,,,0,,,9000,UNITED STATES,US TOTAL,1992,MONTHLY,4,4,APR,,2012-01-01 00:00:00.000,0.297,
SURVEY,ANIMALS & PRODUCTS,POULTRY,CHICKENS,BROILERS,ALL PRODUCTION PRACTICES,ALL UTILIZATION PRACTICES,PRICE RECEIVED,$ / LB,"CHICKENS, BROILERS - PRICE RECEIVED, MEASURED IN $ / LB",TOTAL,NOT SPECIFIED,NATIONAL,,99,US,US TOTAL,,,,,,,,0,,,9000,UNITED STATES,US TOTAL,1992,MONTHLY,5,5,MAY,,2012-01-01 00:00:00.000,0.326,
SURVEY,ANIMALS & PRODUCTS,POULTRY,CHICKENS,BROILERS,ALL PRODUCTION PRACTICES,ALL UTILIZATION PRACTICES,PRICE RECEIVED,$ / LB,"CHICKENS, BROILERS - PRICE RECEIVED, MEASURED IN $ / LB",TOTAL,NOT SPECIFIED,NATIONAL,,99,US,US TOTAL,,,,,,,,0,,,9000,UNITED STATES,US TOTAL,1992,MONTHLY,6,6,JUN,,2012-01-01 00:00:00.000,0.319,
SURVEY,ANIMALS & PRODUCTS,POULTRY,CHICKENS,BROILERS,ALL PRODUCTION PRACTICES,ALL UTILIZATION PRACTICES,PRICE RECEIVED,$ / LB,"CHICKENS, BROILERS - PRICE RECEIVED, MEASURED IN $ / LB",TOTAL,NOT SPECIFIED,NATIONAL,,99,US,US TOTAL,,,,,,,,0,,,9000,UNITED STATES,US TOTAL,1992,MONTHLY,7,7,JUL,,2012-01-01 00:00:00.000,0.341,
SURVEY,ANIMALS & PRODUCTS,POULTRY,CHICKENS,BROILERS,ALL PRODUCTION PRACTICES,ALL UTILIZATION PRACTICES,PRICE RECEIVED,$ / LB,"CHICKENS, BROILERS - PRICE RECEIVED, MEASURED IN $ / LB",TOTAL,NOT SPECIFIED,NATIONAL,,99,US,US TOTAL,,,,,,,,0,,,9000,UNITED STATES,US TOTAL,1992,MONTHLY,8,8,AUG,,2012-01-01 00:00:00.000,0.343,
SURVEY,ANIMALS & PRODUCTS,POULTRY,CHICKENS,BROILERS,ALL PRODUCTION PRACTICES,ALL UTILIZATION PRACTICES,PRICE RECEIVED,$ / LB,"CHICKENS, BROILERS - PRICE RECEIVED, MEASURED IN $ / LB",TOTAL,NOT SPECIFIED,NATIONAL,,99,US,US TOTAL,,,,,,,,0,,,9000,UNITED STATES,US TOTAL,1992,MONTHLY,9,9,SEP,,2012-01-01 00:00:00.000,0.32,
SURVEY,ANIMALS & PRODUCTS,POULTRY,CHICKENS,BROILERS,ALL PRODUCTION PRACTICES,ALL UTILIZATION PRACTICES,PRICE RECEIVED,$ / LB,"CHICKENS, BROILERS - PRICE RECEIVED, MEASURED IN $ / LB",TOTAL,NOT SPECIFIED,NATIONAL,,99,US,US TOTAL,,,,,,,,0,,,9000,UNITED STATES,US TOTAL,1992,MONTHLY,10,10,OCT,,2012-01-01 00:00:00.000,0.331,
SURVEY,ANIMALS & PRODUCTS,POULTRY,CHICKENS,BROILERS,ALL PRODUCTION PRACTICES,ALL UTILIZATION PRACTICES,PRICE RECEIVED,$ / LB,"CHICKENS, BROILERS - PRICE RECEIVED, MEASURED IN $ / LB",TOTAL,NOT SPECIFIED,NATIONAL,,99,US,US TOTAL,,,,,,,,0,,,9000,UNITED STATES,US TOTAL,1992,MONTHLY,11,11,NOV,,2012-01-01 00:00:00.000,0.333,
SURVEY,ANIMALS & PRODUCTS,POULTRY,CHICKENS,BROILERS,ALL PRODUCTION PRACTICES,ALL UTILIZATION PRACTICES,PRICE RECEIVED,$ / LB,"CHICKENS, BROILERS - PRICE RECEIVED, MEASURED IN $ / LB",TOTAL,NOT SPECIFIED,NATIONAL,,99,US,US TOTAL,,,,,,,,0,,,9000,UNITED STATES,US TOTAL,1992,MONTHLY,12,12,DEC,,2012-01-01 00:00:00.000,0.315,
SURVEY,ANIMALS & PRODUCTS,POULTRY,CHICKENS,BROILERS,ALL PRODUCTION PRACTICES,ALL UTILIZATION PRACTICES,PRICE RECEIVED,$ / LB,"CHICKENS, BROILERS - PRICE RECEIVED, MEASURED IN $ / LB",TOTAL,NOT SPECIFIED,NATIONAL,,99,US,US TOTAL,,,,,,,,0,,,9000,UNITED STATES,US TOTAL,1991,MONTHLY,1,1,JAN,,2012-01-01 00:00:00.000,0.305,
SURVEY,ANIMALS & PRODUCTS,POULTRY,CHICKENS,BROILERS,ALL PRODUCTION PRACTICES,ALL UTILIZATION PRACTICES,PRICE RECEIVED,$ / LB,"CHICKENS, BROILERS - PRICE RECEIVED, MEASURED IN $ / LB",TOTAL,NOT SPECIFIED,NATIONAL,,99,US,US TOTAL,,,,,,,,0,,,9000,UNITED STATES,US TOTAL,1991,MONTHLY,2,2,FEB,,2012-01-01 00:00:00.000,0.302,
SURVEY,ANIMALS & PRODUCTS,POULTRY,CHICKENS,BROILERS,ALL PRODUCTION PRACTICES,ALL UTILIZATION PRACTICES,PRICE RECEIVED,$ / LB,"CHICKENS, BROILERS - PRICE RECEIVED, MEASURED IN $ / LB",TOTAL,NOT SPECIFIED,NATIONAL,,99,US,US TOTAL,,,,,,,,0,,,9000,UNITED STATES,US TOTAL,1991,MONTHLY,3,3,MAR,,2012-01-01 00:00:00.000,0.301,
SURVEY,ANIMALS & PRODUCTS,POULTRY,CHICKENS,BROILERS,ALL PRODUCTION PRACTICES,ALL UTILIZATION PRACTICES,PRICE RECEIVED,$ / LB,"CHICKENS, BROILERS - PRICE RECEIVED, MEASURED IN $ / LB",TOTAL,NOT SPECIFIED,NATIONAL,,99,US,US TOTAL,,,,,,,,0,,,9000,UNITED STATES,US TOTAL,1991,MONTHLY,4,4,APR,,2012-01-01 00:00:00.000,0.307,
SURVEY,ANIMALS & PRODUCTS,POULTRY,CHICKENS,BROILERS,ALL PRODUCTION PRACTICES,ALL UTILIZATION PRACTICES,PRICE RECEIVED,$ / LB,"CHICKENS, BROILERS - PRICE RECEIVED, MEASURED IN $ / LB",TOTAL,NOT SPECIFIED,NATIONAL,,99,US,US TOTAL,,,,,,,,0,,,9000,UNITED STATES,US TOTAL,1991,MONTHLY,5,5,MAY,,2012-01-01 00:00:00.000,0.311,
SURVEY,ANIMALS & PRODUCTS,POULTRY,CHICKENS,BROILERS,ALL PRODUCTION PRACTICES,ALL UTILIZATION PRACTICES,PRICE RECEIVED,$ / LB,"CHICKENS, BROILERS - PRICE RECEIVED, MEASURED IN $ / LB",TOTAL,NOT SPECIFIED,NATIONAL,,99,US,US TOTAL,,,,,,,,0,,,9000,UNITED STATES,US TOTAL,1991,MONTHLY,6,6,JUN,,2012-01-01 00:00:00.000,0.315,
SURVEY,ANIMALS & PRODUCTS,POULTRY,CHICKENS,BROILERS,ALL PRODUCTION PRACTICES,ALL UTILIZATION PRACTICES,PRICE RECEIVED,$ / LB,"CHICKENS, BROILERS - PRICE RECEIVED, MEASURED IN $ / LB",TOTAL,NOT SPECIFIED,NATIONAL,,99,US,US TOTAL,,,,,,,,0,,,9000,UNITED STATES,US TOTAL,1991,MONTHLY,7,7,JUL,,2012-01-01 00:00:00.000,0.323,
SURVEY,ANIMALS & PRODUCTS,POULTRY,CHICKENS,BROILERS,ALL PRODUCTION PRACTICES,ALL UTILIZATION PRACTICES,PRICE RECEIVED,$ / LB,"CHICKENS, BROILERS - PRICE RECEIVED, MEASURED IN $ / LB",TOTAL,NOT SPECIFIED,NATIONAL,,99,US,US TOTAL,,,,,,,,0,,,9000,UNITED STATES,US TOTAL,1991,MONTHLY,8,8,AUG,,2012-01-01 00:00:00.000,0.324,
SURVEY,ANIMALS & PRODUCTS,POULTRY,CHICKENS,BROILERS,ALL PRODUCTION PRACTICES,ALL UTILIZATION PRACTICES,PRICE RECEIVED,$ / LB,"CHICKENS, BROILERS - PRICE RECEIVED, MEASURED IN $ / LB",TOTAL,NOT SPECIFIED,NATIONAL,,99,US,US TOTAL,,,,,,,,0,,,9000,UNITED STATES,US TOTAL,1991,MONTHLY,9,9,SEP,,2012-01-01 00:00:00.000,0.321,
SURVEY,ANIMALS & PRODUCTS,POULTRY,CHICKENS,BROILERS,ALL PRODUCTION PRACTICES,ALL UTILIZATION PRACTICES,PRICE RECEIVED,$ / LB,"CHICKENS, BROILERS - PRICE RECEIVED, MEASURED IN $ / LB",TOTAL,NOT SPECIFIED,NATIONAL,,99,US,US TOTAL,,,,,,,,0,,,9000,UNITED STATES,US TOTAL,1991,MONTHLY,10,10,OCT,,2012-01-01 00:00:00.000,0.31,
SURVEY,ANIMALS & PRODUCTS,POULTRY,CHICKENS,BROILERS,ALL PRODUCTION PRACTICES,ALL UTILIZATION PRACTICES,PRICE RECEIVED,$ / LB,"CHICKENS, BROILERS - PRICE RECEIVED, MEASURED IN $ / LB",TOTAL,NOT SPECIFIED,NATIONAL,,99,US,US TOTAL,,,,,,,,0,,,9000,UNITED STATES,US TOTAL,1991,MONTHLY,11,11,NOV,,2012-01-01 00:00:00.000,0.295,
SURVEY,ANIMALS & PRODUCTS,POULTRY,CHICKENS,BROILERS,ALL PRODUCTION PRACTICES,ALL UTILIZATION PRACTICES,PRICE RECEIVED,$ / LB,"CHICKENS, BROILERS - PRICE RECEIVED, MEASURED IN $ / LB",TOTAL,NOT SPECIFIED,NATIONAL,,99,US,US TOTAL,,,,,,,,0,,,9000,UNITED STATES,US TOTAL,1991,MONTHLY,12,12,DEC,,2012-01-01 00:00:00.000,0.295,
SURVEY,ANIMALS & PRODUCTS,POULTRY,CHICKENS,BROILERS,ALL PRODUCTION PRACTICES,ALL UTILIZATION PRACTICES,PRICE RECEIVED,PCT OF PARITY,"CHICKENS, BROILERS - PRICE RECEIVED, MEASURED IN PCT OF PARITY",TOTAL,NOT SPECIFIED,NATIONAL,,99,US,US TOTAL,,,,,,,,0,,,9000,UNITED STATES,US TOTAL,2026,MONTHLY,1,1,JAN,,2026-05-29 15:00:00.000,30.0,
SURVEY,ANIMALS & PRODUCTS,POULTRY,CHICKENS,BROILERS,ALL PRODUCTION PRACTICES,ALL UTILIZATION PRACTICES,PRICE RECEIVED,PCT OF PARITY,"CHICKENS, BROILERS - PRICE RECEIVED, MEASURED IN PCT OF PARITY",TOTAL,NOT SPECIFIED,NATIONAL,,99,US,US TOTAL,,,,,,,,0,,,9000,UNITED STATES,US TOTAL,2026,MONTHLY,2,2,FEB,,2026-05-29 15:00:00.000,30.0,
SURVEY,ANIMALS & PRODUCTS,POULTRY,CHICKENS,BROILERS,ALL PRODUCTION PRACTICES,ALL UTILIZATION PRACTICES,PRICE RECEIVED,PCT OF PARITY,"CHICKENS, BROILERS - PRICE RECEIVED, MEASURED IN PCT OF PARITY",TOTAL,NOT SPECIFIED,NATIONAL,,99,US,US TOTAL,,,,,,,,0,,,9000,UNITED STATES,US TOTAL,2026,MONTHLY,3,3,MAR,,2026-05-29 15:00:00.000,30.0,
SURVEY,ANIMALS & PRODUCTS,POULTRY,CHICKENS,BROILERS,ALL PRODUCTION PRACTICES,ALL UTILIZATION PRACTICES,PRICE RECEIVED,PCT OF PARITY,"CHICKENS, BROILERS - PRICE RECEIVED, MEASURED IN PCT OF PARITY",TOTAL,NOT SPECIFIED,NATIONAL,,99,US,US TOTAL,,,,,,,,0,,,9000,UNITED STATES,US TOTAL,2026,MONTHLY,4,4,APR,,2026-05-29 15:00:00.000,30.0,
SURVEY,ANIMALS & PRODUCTS,POULTRY,CHICKENS,BROILERS,ALL PRODUCTION PRACTICES,ALL UTILIZATION PRACTICES,PRICE RECEIVED,PCT OF PARITY,"CHICKENS, BROILERS - PRICE RECEIVED, MEASURED IN PCT OF PARITY",TOTAL,NOT SPECIFIED,NATIONAL,,99,US,US TOTAL,,,,,,,,0,,,9000,UNITED STATES,US TOTAL,2025,MONTHLY,1,1,JAN,,2026-05-29 15:00:00.000,38.0,
SURVEY,ANIMALS & PRODUCTS,POULTRY,CHICKENS,BROILERS,ALL PRODUCTION PRACTICES,ALL UTILIZATION PRACTICES,PRICE RECEIVED,PCT OF PARITY,"CHICKENS, BROILERS - PRICE RECEIVED, MEASURED IN PCT OF PARITY",TOTAL,NOT SPECIFIED,NATIONAL,,99,US,US TOTAL,,,,,,,,0,,,9000,UNITED STATES,US TOTAL,2025,MONTHLY,2,2,FEB,,2026-05-29 15:00:00.000,35.0,
SURVEY,ANIMALS & PRODUCTS,POULTRY,CHICKENS,BROILERS,ALL PRODUCTION PRACTICES,ALL UTILIZATION PRACTICES,PRICE RECEIVED,PCT OF PARITY,"CHICKENS, BROILERS - PRICE RECEIVED, MEASURED IN PCT OF PARITY",TOTAL,NOT SPECIFIED,NATIONAL,,99,US,US TOTAL,,,,,,,,0,,,9000,UNITED STATES,US TOTAL,2025,MONTHLY,3,3,MAR,,2026-05-29 15:00:00.000,37.0,
SURVEY,ANIMALS & PRODUCTS,POULTRY,CHICKENS,BROILERS,ALL PRODUCTION PRACTICES,ALL UTILIZATION PRACTICES,PRICE RECEIVED,PCT OF PARITY,"CHICKENS, BROILERS - PRICE RECEIVED, MEASURED IN PCT OF PARITY",TOTAL,NOT SPECIFIED,NATIONAL,,99,US,US TOTAL,,,,,,,,0,,,9000,UNITED STATES,US TOTAL,2025,MONTHLY,4,4,APR,,2026-05-29 15:00:00.000,38.0,
SURVEY,ANIMALS & PRODUCTS,POULTRY,CHICKENS,BROILERS,ALL PRODUCTION PRACTICES,ALL UTILIZATION PRACTICES,PRICE RECEIVED,PCT OF PARITY,"CHICKENS, BROILERS - PRICE RECEIVED, MEASURED IN PCT OF PARITY",TOTAL,NOT SPECIFIED,NATIONAL,,99,US,US TOTAL,,,,,,,,0,,,9000,UNITED STATES,US TOTAL,2025,MONTHLY,5,5,MAY,,2026-05-29 15:00:00.000,38.0,
SURVEY,ANIMALS & PRODUCTS,POULTRY,CHICKENS,BROILERS,ALL PRODUCTION PRACTICES,ALL UTILIZATION PRACTICES,PRICE RECEIVED,PCT OF PARITY,"CHICKENS, BROILERS - PRICE RECEIVED, MEASURED IN PCT OF PARITY",TOTAL,NOT SPECIFIED,NATIONAL,,99,US,US TOTAL,,,,,,,,0,,,9000,UNITED STATES,US TOTAL,2025,MONTHLY,6,6,JUN,,2026-05-29 15:00:00.000,38.0,
SURVEY,ANIMALS & PRODUCTS,POULTRY,CHICKENS,BROILERS,ALL PRODUCTION PRACTICES,ALL UTILIZATION PRACTICES,PRICE RECEIVED,PCT OF PARITY,"CHICKENS, BROILERS - PRICE RECEIVED, MEASURED IN PCT OF PARITY",TOTAL,NOT SPECIFIED,NATIONAL,,99,US,US TOTAL,,,,,,,,0,,,9000,UNITED STATES,US TOTAL,2025,MONTHLY,7,7,JUL,,2026-05-29 15:00:00.000,36.0,
SURVEY,ANIMALS & PRODUCTS,POULTRY,CHICKENS,BROILERS,ALL PRODUCTION PRACTICES,ALL UTILIZATION PRACTICES,PRICE RECEIVED,PCT OF PARITY,"CHICKENS, BROILERS - PRICE RECEIVED, MEASURED IN PCT OF PARITY",TOTAL,NOT SPECIFIED,NATIONAL,,99,US,US TOTAL,,,,,,,,0,,,9000,UNITED STATES,US TOTAL,2025,MONTHLY,8,8,AUG,,2026-05-29 15:00:00.000,31.0,
SURVEY,ANIMALS & PRODUCTS,POULTRY,CHICKENS,BROILERS,ALL PRODUCTION PRACTICES,ALL UTILIZATION PRACTICES,PRICE RECEIVED,PCT OF PARITY,"CHICKENS, BROILERS - PRICE RECEIVED, MEASURED IN PCT OF PARITY",TOTAL,NOT SPECIFIED,NATIONAL,,99,US,US TOTAL,,,,,,,,0,,,9000,UNITED STATES,US TOTAL,2025,MONTHLY,9,9,SEP,,2026-05-29 15:00:00.000,30.0,
SURVEY,ANIMALS & PRODUCTS,POULTRY,CHICKENS,BROILERS,ALL PRODUCTION PRACTICES,ALL UTILIZATION PRACTICES,PRICE RECEIVED,PCT OF PARITY,"CHICKENS, BROILERS - PRICE RECEIVED, MEASURED IN PCT OF PARITY",TOTAL,NOT SPECIFIED,NATIONAL,,99,US,US TOTAL,,,,,,,,0,,,9000,UNITED STATES,US TOTAL,2025,MONTHLY,10,10,OCT,,2026-05-29 15:00:00.000,27.0,
SURVEY,ANIMALS & PRODUCTS,POULTRY,CHICKENS,BROILERS,ALL PRODUCTION PRACTICES,ALL UTILIZATION PRACTICES,PRICE RECEIVED,PCT OF PARITY,"CHICKENS, BROILERS - PRICE RECEIVED, MEASURED IN PCT OF PARITY",TOTAL,NOT SPECIFIED,NATIONAL,,99,US,US TOTAL,,,,,,,,0,,,9000,UNITED STATES,US TOTAL,2025,MONTHLY,11,11,NOV,,2026-05-29 15:00:00.000,27.0,
SURVEY,ANIMALS & PRODUCTS,POULTRY,CHICKENS,BROILERS,ALL PRODUCTION PRACTICES,ALL UTILIZATION PRACTICES,PRICE RECEIVED,PCT OF PARITY,"CHICKENS, BROILERS - PRICE RECEIVED, MEASURED IN PCT OF PARITY",TOTAL,NOT SPECIFIED,NATIONAL,,99,US,US TOTAL,,,,,,,,0,,,9000,UNITED STATES,US TOTAL,2025,MONTHLY,12,12,DEC,,2026-05-29 15:00:00.000,30.0,
SURVEY,ANIMALS & PRODUCTS,POULTRY,CHICKENS,BROILERS,ALL PRODUCTION PRACTICES,ALL UTILIZATION PRACTICES,PRICE RECEIVED,PCT OF PARITY,"CHICKENS, BROILERS - PRICE RECEIVED, MEASURED IN PCT OF PARITY",TOTAL,NOT SPECIFIED,NATIONAL,,99,US,US TOTAL,,,,,,,,0,,,9000,UNITED STATES,US TOTAL,2024,MONTHLY,1,1,JAN,,2026-05-29 15:00:00.000,38.0,
SURVEY,ANIMALS & PRODUCTS,POULTRY,CHICKENS,BROILERS,ALL PRODUCTION PRACTICES,ALL UTILIZATION PRACTICES,PRICE RECEIVED,PCT OF PARITY,"CHICKENS, BROILERS - PRICE RECEIVED, MEASURED IN PCT OF PARITY",TOTAL,NOT SPECIFIED,NATIONAL,,99,US,US TOTAL,,,,,,,,0,,,9000,UNITED STATES,US TOTAL,2024,MONTHLY,2,2,FEB,,2026-05-29 15:00:00.000,37.0,
SURVEY,ANIMALS & PRODUCTS,POULTRY,CHICKENS,BROILERS,ALL PRODUCTION PRACTICES,ALL UTILIZATION PRACTICES,PRICE RECEIVED,PCT OF PARITY,"CHICKENS, BROILERS - PRICE RECEIVED, MEASURED IN PCT OF PARITY",TOTAL,NOT SPECIFIED,NATIONAL,,99,US,US TOTAL,,,,,,,,0,,,9000,UNITED STATES,US TOTAL,2024,MONTHLY,3,3,MAR,,2026-05-29 15:00:00.000,38.0,
SURVEY,ANIMALS & PRODUCTS,POULTRY,CHICKENS,BROILERS,ALL PRODUCTION PRACTICES,ALL UTILIZATION PRACTICES,PRICE RECEIVED,PCT OF PARITY,"CHICKENS, BROILERS - PRICE RECEIVED, MEASURED IN PCT OF PARITY",TOTAL,NOT SPECIFIED,NATIONAL,,99,US,US TOTAL,,,,,,,,0,,,9000,UNITED STATES,US TOTAL,2024,MONTHLY,4,4,APR,,2026-05-29 15:00:00.000,39.0,
SURVEY,ANIMALS & PRODUCTS,POULTRY,CHICKENS,BROILERS,ALL PRODUCTION PRACTICES,ALL UTILIZATION PRACTICES,PRICE RECEIVED,PCT OF PARITY,"CHICKENS, BROILERS - PRICE RECEIVED, MEASURED IN PCT OF PARITY",TOTAL,NOT SPECIFIED,NATIONAL,,99,US,US TOTAL,,,,,,,,0,,,9000,UNITED STATES,US TOTAL,2024,MONTHLY,5,5,MAY,,2026-05-29 15:00:00.000,39.0,
SURVEY,ANIMALS & PRODUCTS,POULTRY,CHICKENS,BROILERS,ALL PRODUCTION PRACTICES,ALL UTILIZATION PRACTICES,PRICE RECEIVED,PCT OF PARITY,"CHICKENS, BROILERS - PRICE RECEIVED, MEASURED IN PCT OF PARITY",TOTAL,NOT SPECIFIED,NATIONAL,,99,US,US TOTAL,,,,,,,,0,,,9000,UNITED STATES,US TOTAL,2024,MONTHLY,6,6,JUN,,2026-05-29 15:00:00.000,39.0,
SURVEY,ANIMALS & PRODUCTS,POULTRY,CHICKENS,BROILERS,ALL PRODUCTION PRACTICES,ALL UTILIZATION PRACTICES,PRICE RECEIVED,PCT OF PARITY,"CHICKENS, BROILERS - PRICE RECEIVED, MEASURED IN PCT OF PARITY",TOTAL,NOT SPECIFIED,NATIONAL,,99,US,US TOTAL,,,,,,,,0,,,9000,UNITED STATES,US TOTAL,2024,MONTHLY,7,7,JUL,,2026-05-29 15:00:00.000,39.0,
SURVEY,ANIMALS & PRODUCTS,POULTRY,CHICKENS,BROILERS,ALL PRODUCTION PRACTICES,ALL UTILIZATION PRACTICES,PRICE RECEIVED,PCT OF PARITY,"CHICKENS, BROILERS - PRICE RECEIVED, MEASURED IN PCT OF PARITY",TOTAL,NOT SPECIFIED,NATIONAL,,99,US,US TOTAL,,,,,,,,0,,,9000,UNITED STATES,US TOTAL,2024,MONTHLY,8,8,AUG,,2026-05-29 15:00:00.000,37.0,
SURVEY,ANIMALS & PRODUCTS,POULTRY,CHICKENS,BROILERS,ALL PRODUCTION PRACTICES,ALL UTILIZATION PRACTICES,PRICE RECEIVED,PCT OF PARITY,"CHICKENS, BROILERS - PRICE RECEIVED, MEASURED IN PCT OF PARITY",TOTAL,NOT SPECIFIED,NATIONAL,,99,US,US TOTAL,,,,,,,,0,,,9000,UNITED STATES,US TOTAL,2024,MONTHLY,9,9,SEP,,2026-05-29 15:00:00.000,37.0,
SURVEY,ANIMALS & PRODUCTS,POULTRY,CHICKENS,BROILERS,ALL PRODUCTION PRACTICES,ALL UTILIZATION PRACTICES,PRICE RECEIVED,PCT OF PARITY,"CHICKENS, BROILERS - PRICE RECEIVED, MEASURED IN PCT OF PARITY",TOTAL,NOT SPECIFIED,NATIONAL,,99,US,US TOTAL,,,,,,,,0,,,9000,UNITED STATES,US TOTAL,2024,MONTHLY,10,10,OCT,,2026-05-29 15:00:00.000,38.0,
SURVEY,ANIMALS & PRODUCTS,POULTRY,CHICKENS,BROILERS,ALL PRODUCTION PRACTICES,ALL UTILIZATION PRACTICES,PRICE RECEIVED,PCT OF PARITY,"CHICKENS, BROILERS - PRICE RECEIVED, MEASURED IN PCT OF PARITY",TOTAL,NOT SPECIFIED,NATIONAL,,99,US,US TOTAL,,,,,,,,0,,,9000,UNITED STATES,US TOTAL,2024,MONTHLY,11,11,NOV,,2026-05-29 15:00:00.000,38.0,
SURVEY,ANIMALS & PRODUCTS,POULTRY,CHICKENS,BROILERS,ALL PRODUCTION PRACTICES,ALL UTILIZATION PRACTICES,PRICE RECEIVED,PCT OF PARITY,"CHICKENS, BROILERS - PRICE RECEIVED, MEASURED IN PCT OF PARITY",TOTAL,NOT SPECIFIED,NATIONAL,,99,US,US TOTAL,,,,,,,,0,,,9000,UNITED STATES,US TOTAL,2024,MONTHLY,12,12,DEC,,2026-05-29 15:00:00.000,38.0,
SURVEY,ANIMALS & PRODUCTS,POULTRY,CHICKENS,BROILERS,ALL PRODUCTION PRACTICES,ALL UTILIZATION PRACTICES,PRICE RECEIVED,PCT OF PARITY,"CHICKENS, BROILERS - PRICE RECEIVED, MEASURED IN PCT OF PARITY",TOTAL,NOT SPECIFIED,NATIONAL,,99,US,US TOTAL,,,,,,,,0,,,9000,UNITED STATES,US TOTAL,2023,MONTHLY,1,1,JAN,,2026-05-29 15:00:00.000,35.0,
SURVEY,ANIMALS & PRODUCTS,POULTRY,CHICKENS,BROILERS,ALL PRODUCTION PRACTICES,ALL UTILIZATION PRACTICES,PRICE RECEIVED,PCT OF PARITY,"CHICKENS, BROILERS - PRICE RECEIVED, MEASURED IN PCT OF PARITY",TOTAL,NOT SPECIFIED,NATIONAL,,99,US,US TOTAL,,,,,,,,0,,,9000,UNITED STATES,US TOTAL,2023,MONTHLY,2,2,FEB,,2026-05-29 15:00:00.000,36.0,
SURVEY,ANIMALS & PRODUCTS,POULTRY,CHICKENS,BROILERS,ALL PRODUCTION PRACTICES,ALL UTILIZATION PRACTICES,PRICE RECEIVED,PCT OF PARITY,"CHICKENS, BROILERS - PRICE RECEIVED, MEASURED IN PCT OF PARITY",TOTAL,NOT SPECIFIED,NATIONAL,,99,US,US TOTAL,,,,,,,,0,,,9000,UNITED STATES,US TOTAL,2023,MONTHLY,3,3,MAR,,2026-05-29 15:00:00.000,38.0,
SURVEY,ANIMALS & PRODUCTS,POULTRY,CHICKENS,BROILERS,ALL PRODUCTION PRACTICES,ALL UTILIZATION PRACTICES,PRICE RECEIVED,PCT OF PARITY,"CHICKENS, BROILERS - PRICE RECEIVED, MEASURED IN PCT OF PARITY",TOTAL,NOT SPECIFIED,NATIONAL,,99,US,US TOTAL,,,,,,,,0,,,9000,UNITED STATES,US TOTAL,2023,MONTHLY,4,4,APR,,2026-05-29 15:00:00.000,42.0,
SURVEY,ANIMALS & PRODUCTS,POULTRY,CHICKENS,BROILERS,ALL PRODUCTION PRACTICES,ALL UTILIZATION PRACTICES,PRICE RECEIVED,PCT OF PARITY,"CHICKENS, BROILERS - PRICE RECEIVED, MEASURED IN PCT OF PARITY",TOTAL,NOT SPECIFIED,NATIONAL,,99,US,US TOTAL,,,,,,,,0,,,9000,UNITED STATES,US TOTAL,2023,MONTHLY,5,5,MAY,,2026-05-29 15:00:00.000,44.0,
SURVEY,ANIMALS & PRODUCTS,POULTRY,CHICKENS,BROILERS,ALL PRODUCTION PRACTICES,ALL UTILIZATION PRACTICES,PRICE RECEIVED,PCT OF PARITY,"CHICKENS, BROILERS - PRICE RECEIVED, MEASURED IN PCT OF PARITY",TOTAL,NOT SPECIFIED,NATIONAL,,99,US,US TOTAL,,,,,,,,0,,,9000,UNITED STATES,US TOTAL,2023,MONTHLY,6,6,JUN,,2026-05-29 15:00:00.000,41.0,
SURVEY,ANIMALS & PRODUCTS,POULTRY,CHICKENS,BROILERS,ALL PRODUCTION PRACTICES,ALL UTILIZATION PRACTICES,PRICE RECEIVED,PCT OF PARITY,"CHICKENS, BROILERS - PRICE RECEIVED, MEASURED IN PCT OF PARITY",TOTAL,NOT SPECIFIED,NATIONAL,,99,US,US TOTAL,,,,,,,,0,,,9000,UNITED STATES,US TOTAL,2023,MONTHLY,7,7,JUL,,2026-05-29 15:00:00.000,34.0,
SURVEY,ANIMALS & PRODUCTS,POULTRY,CHICKENS,BROILERS,ALL PRODUCTION PRACTICES,ALL UTILIZATION PRACTICES,PRICE RECEIVED,PCT OF PARITY,"CHICKENS, BROILERS - PRICE RECEIVED, MEASURED IN PCT OF PARITY",TOTAL,NOT SPECIFIED,NATIONAL,,99,US,US TOTAL,,,,,,,,0,,,9000,UNITED STATES,US TOTAL,2023,MONTHLY,8,8,AUG,,2026-05-29 15:00:00.000,31.0,
SURVEY,ANIMALS & PRODUCTS,POULTRY,CHICKENS,BROILERS,ALL PRODUCTION PRACTICES,ALL UTILIZATION PRACTICES,PRICE RECEIVED,PCT OF PARITY,"CHICKENS, BROILERS - PRICE RECEIVED, MEASURED IN PCT OF PARITY",TOTAL,NOT SPECIFIED,NATIONAL,,99,US,US TOTAL,,,,,,,,0,,,9000,UNITED STATES,US TOTAL,2023,MONTHLY,9,9,SEP,,2026-05-29 15:00:00.000,33.0,
SURVEY,ANIMALS & PRODUCTS,POULTRY,CHICKENS,BROILERS,ALL PRODUCTION PRACTICES,ALL UTILIZATION PRACTICES,PRICE RECEIVED,PCT OF PARITY,"CHICKENS, BROILERS - PRICE RECEIVED, MEASURED IN PCT OF PARITY",TOTAL,NOT SPECIFIED,NATIONAL,,99,US,US TOTAL,,,,,,,,0,,,9000,UNITED STATES,US TOTAL,2023,MONTHLY,10,10,OCT,,2026-05-29 15:00:00.000,33.0,
SURVEY,ANIMALS & PRODUCTS,POULTRY,CHICKENS,BROILERS,ALL PRODUCTION PRACTICES,ALL UTILIZATION PRACTICES,PRICE RECEIVED,PCT OF PARITY,"CHICKENS, BROILERS - PRICE RECEIVED, MEASURED IN PCT OF PARITY",TOTAL,NOT SPECIFIED,NATIONAL,,99,US,US TOTAL,,,,,,,,0,,,9000,UNITED STATES,US TOTAL,2023,MONTHLY,11,11,NOV,,2026-05-29 15:00:00.000,33.0,
SURVEY,ANIMALS & PRODUCTS,POULTRY,CHICKENS,BROILERS,ALL PRODUCTION PRACTICES,ALL UTILIZATION PRACTICES,PRICE RECEIVED,PCT OF PARITY,"CHICKENS, BROILERS - PRICE RECEIVED, MEASURED IN PCT OF PARITY",TOTAL,NOT SPECIFIED,NATIONAL,,99,US,US TOTAL,,,,,,,,0,,,9000,UNITED STATES,US TOTAL,2023,MONTHLY,12,12,DEC,,2026-05-29 15:00:00.000,37.0,
SURVEY,ANIMALS & PRODUCTS,POULTRY,CHICKENS,BROILERS,ALL PRODUCTION PRACTICES,ALL UTILIZATION PRACTICES,PRICE RECEIVED,PCT OF PARITY,"CHICKENS, BROILERS - PRICE RECEIVED, MEASURED IN PCT OF PARITY",TOTAL,NOT SPECIFIED,NATIONAL,,99,US,US TOTAL,,,,,,,,0,,,9000,UNITED STATES,US TOTAL,2022,MONTHLY,1,1,JAN,,2026-02-27 15:00:00.000,46.0,
SURVEY,ANIMALS & PRODUCTS,POULTRY,CHICKENS,BROILERS,ALL PRODUCTION PRACTICES,ALL UTILIZATION PRACTICES,PRICE RECEIVED,PCT OF PARITY,"CHICKENS, BROILERS - PRICE RECEIVED, MEASURED IN PCT OF PARITY",TOTAL,NOT SPECIFIED,NATIONAL,,99,US,US TOTAL,,,,,,,,0,,,9000,UNITED STATES,US TOTAL,2022,MONTHLY,2,2,FEB,,2026-03-30 15:00:00.000,43.0,
SURVEY,ANIMALS & PRODUCTS,POULTRY,CHICKENS,BROILERS,ALL PRODUCTION PRACTICES,ALL UTILIZATION PRACTICES,PRICE RECEIVED,PCT OF PARITY,"CHICKENS, BROILERS - PRICE RECEIVED, MEASURED IN PCT OF PARITY",TOTAL,NOT SPECIFIED,NATIONAL,,99,US,US TOTAL,,,,,,,,0,,,9000,UNITED STATES,US TOTAL,2022,MONTHLY,3,3,MAR,,2026-04-30 15:00:00.000,50.0,
SURVEY,ANIMALS & PRODUCTS,POULTRY,CHICKENS,BROILERS,ALL PRODUCTION PRACTICES,ALL UTILIZATION PRACTICES,PRICE RECEIVED,PCT OF PARITY,"CHICKENS, BROILERS - PRICE RECEIVED, MEASURED IN PCT OF PARITY",TOTAL,NOT SPECIFIED,NATIONAL,,99,US,US TOTAL,,,,,,,,0,,,9000,UNITED STATES,US TOTAL,2022,MONTHLY,4,4,APR,,2026-05-29 15:00:00.000,58.0,
SURVEY,ANIMALS & PRODUCTS,POULTRY,CHICKENS,BROILERS,ALL PRODUCTION PRACTICES,ALL UTILIZATION PRACTICES,PRICE RECEIVED,PCT OF PARITY,"CHICKENS, BROILERS - PRICE RECEIVED, MEASURED IN PCT OF PARITY",TOTAL,NOT SPECIFIED,NATIONAL,,99,US,US TOTAL,,,,,,,,0,,,9000,UNITED STATES,US TOTAL,2022,MONTHLY,5,5,MAY,,2026-05-29 15:00:00.000,58.0,
SURVEY,ANIMALS & PRODUCTS,POULTRY,CHICKENS,BROILERS,ALL PRODUCTION PRACTICES,ALL UTILIZATION PRACTICES,PRICE RECEIVED,PCT OF PARITY,"CHICKENS, BROILERS - PRICE RECEIVED, MEASURED IN PCT OF PARITY",TOTAL,NOT SPECIFIED,NATIONAL,,99,US,US TOTAL,,,,,,,,0,,,9000,UNITED STATES,US TOTAL,2022,MONTHLY,6,6,JUN,,2026-05-29 15:00:00.000,58.0,
SURVEY,ANIMALS & PRODUCTS,POULTRY,CHICKENS,BROILERS,ALL PRODUCTION PRACTICES,ALL UTILIZATION PRACTICES,PRICE RECEIVED,PCT OF PARITY,"CHICKENS, BROILERS - PRICE RECEIVED, MEASURED IN PCT OF PARITY",TOTAL,NOT SPECIFIED,NATIONAL,,99,US,US TOTAL,,,,,,,,0,,,9000,UNITED STATES,US TOTAL,2022,MONTHLY,7,7,JUL,,2026-05-29 15:00:00.000,54.0,
SURVEY,ANIMALS & PRODUCTS,POULTRY,CHICKENS,BROILERS,ALL PRODUCTION PRACTICES,ALL UTILIZATION PRACTICES,PRICE RECEIVED,PCT OF PARITY,"CHICKENS, BROILERS - PRICE RECEIVED, MEASURED IN PCT OF PARITY",TOTAL,NOT SPECIFIED,NATIONAL,,99,US,US TOTAL,,,,,,,,0,,,9000,UNITED STATES,US TOTAL,2022,MONTHLY,8,8,AUG,,2026-05-29 15:00:00.000,43.0,
SURVEY,ANIMALS & PRODUCTS,POULTRY,CHICKENS,BROILERS,ALL PRODUCTION PRACTICES,ALL UTILIZATION PRACTICES,PRICE RECEIVED,PCT OF PARITY,"CHICKENS, BROILERS - PRICE RECEIVED, MEASURED IN PCT OF PARITY",TOTAL,NOT SPECIFIED,NATIONAL,,99,US,US TOTAL,,,,,,,,0,,,9000,UNITED STATES,US TOTAL,2022,MONTHLY,9,9,SEP,,2026-05-29 15:00:00.000,40.0,
SURVEY,ANIMALS & PRODUCTS,POULTRY,CHICKENS,BROILERS,ALL PRODUCTION PRACTICES,ALL UTILIZATION PRACTICES,PRICE RECEIVED,PCT OF PARITY,"CHICKENS, BROILERS - PRICE RECEIVED, MEASURED IN PCT OF PARITY",TOTAL,NOT SPECIFIED,NATIONAL,,99,US,US TOTAL,,,,,,,,0,,,9000,UNITED STATES,US TOTAL,2022,MONTHLY,10,10,OCT,,2026-05-29 15:00:00.000,39.0,
SURVEY,ANIMALS & PRODUCTS,POULTRY,CHICKENS,BROILERS,ALL PRODUCTION PRACTICES,ALL UTILIZATION PRACTICES,PRICE RECEIVED,PCT OF PARITY,"CHICKENS, BROILERS - PRICE RECEIVED, MEASURED IN PCT OF PARITY",TOTAL,NOT SPECIFIED,NATIONAL,,99,US,US TOTAL,,,,,,,,0,,,9000,UNITED STATES,US TOTAL,2022,MONTHLY,11,11,NOV,,2026-05-29 15:00:00.000,40.0,
SURVEY,ANIMALS & PRODUCTS,POULTRY,CHICKENS,BROILERS,ALL PRODUCTION PRACTICES,ALL UTILIZATION PRACTICES,PRICE RECEIVED,PCT OF PARITY,"CHICKENS, BROILERS - PRICE RECEIVED, MEASURED IN PCT OF PARITY",TOTAL,NOT SPECIFIED,NATIONAL,,99,US,US TOTAL,,,,,,,,0,,,9000,UNITED STATES,US TOTAL,2022,MONTHLY,12,12,DEC,,2026-05-29 15:00:00.000,40.0,
SURVEY,ANIMALS & PRODUCTS,POULTRY,CHICKENS,BROILERS,ALL PRODUCTION PRACTICES,ALL UTILIZATION PRACTICES,PRICE RECEIVED,PCT OF PARITY,"CHICKENS, BROILERS - PRICE RECEIVED, MEASURED IN PCT OF PARITY",TOTAL,NOT SPECIFIED,NATIONAL,,99,US,US TOTAL,,,,,,,,0,,,9000,UNITED STATES,US TOTAL,2021,MONTHLY,1,1,JAN,,2025-02-28 15:00:00.000,27.0,
SURVEY,ANIMALS & PRODUCTS,POULTRY,CHICKENS,BROILERS,ALL PRODUCTION PRACTICES,ALL UTILIZATION PRACTICES,PRICE RECEIVED,PCT OF PARITY,"CHICKENS, BROILERS - PRICE RECEIVED, MEASURED IN PCT OF PARITY",TOTAL,NOT SPECIFIED,NATIONAL,,99,US,US TOTAL,,,,,,,,0,,,9000,UNITED STATES,US TOTAL,2021,MONTHLY,2,2,FEB,,2025-03-31 15:00:00.000,27.0,
SURVEY,ANIMALS & PRODUCTS,POULTRY,CHICKENS,BROILERS,ALL PRODUCTION PRACTICES,ALL UTILIZATION PRACTICES,PRICE RECEIVED,PCT OF PARITY,"CHICKENS, BROILERS - PRICE RECEIVED, MEASURED IN PCT OF PARITY",TOTAL,NOT SPECIFIED,NATIONAL,,99,US,US TOTAL,,,,,,,,0,,,9000,UNITED STATES,US TOTAL,2021,MONTHLY,3,3,MAR,,2025-04-30 15:00:00.000,29.0,
SURVEY,ANIMALS & PRODUCTS,POULTRY,CHICKENS,BROILERS,ALL PRODUCTION PRACTICES,ALL UTILIZATION PRACTICES,PRICE RECEIVED,PCT OF PARITY,"CHICKENS, BROILERS - PRICE RECEIVED, MEASURED IN PCT OF PARITY",TOTAL,NOT SPECIFIED,NATIONAL,,99,US,US TOTAL,,,,,,,,0,,,9000,UNITED STATES,US TOTAL,2021,MONTHLY,4,4,APR,,2025-05-30 15:00:00.000,36.0,
SURVEY,ANIMALS & PRODUCTS,POULTRY,CHICKENS,BROILERS,ALL PRODUCTION PRACTICES,ALL UTILIZATION PRACTICES,PRICE RECEIVED,PCT OF PARITY,"CHICKENS, BROILERS - PRICE RECEIVED, MEASURED IN PCT OF PARITY",TOTAL,NOT SPECIFIED,NATIONAL,,99,US,US TOTAL,,,,,,,,0,,,9000,UNITED STATES,US TOTAL,2021,MONTHLY,5,5,MAY,,2025-06-27 15:00:00.000,39.0,
SURVEY,ANIMALS & PRODUCTS,POULTRY,CHICKENS,BROILERS,ALL PRODUCTION PRACTICES,ALL UTILIZATION PRACTICES,PRICE RECEIVED,PCT OF PARITY,"CHICKENS, BROILERS - PRICE RECEIVED, MEASURED IN PCT OF PARITY",TOTAL,NOT SPECIFIED,NATIONAL,,99,US,US TOTAL,,,,,,,,0,,,9000,UNITED STATES,US TOTAL,2021,MONTHLY,6,6,JUN,,2025-07-31 15:00:00.000,38.0,
SURVEY,ANIMALS & PRODUCTS,POULTRY,CHICKENS,BROILERS,ALL PRODUCTION PRACTICES,ALL UTILIZATION PRACTICES,PRICE RECEIVED,PCT OF PARITY,"CHICKENS, BROILERS - PRICE RECEIVED, MEASURED IN PCT OF PARITY",TOTAL,NOT SPECIFIED,NATIONAL,,99,US,US TOTAL,,,,,,,,0,,,9000,UNITED STATES,US TOTAL,2021,MONTHLY,7,7,JUL,,2025-08-29 15:00:00.000,38.0,
SURVEY,ANIMALS & PRODUCTS,POULTRY,CHICKENS,BROILERS,ALL PRODUCTION PRACTICES,ALL UTILIZATION PRACTICES,PRICE RECEIVED,PCT OF PARITY,"CHICKENS, BROILERS - PRICE RECEIVED, MEASURED IN PCT OF PARITY",TOTAL,NOT SPECIFIED,NATIONAL,,99,US,US TOTAL,,,,,,,,0,,,9000,UNITED STATES,US TOTAL,2021,MONTHLY,8,8,AUG,,2025-09-30 15:00:00.000,37.0,
SURVEY,ANIMALS & PRODUCTS,POULTRY,CHICKENS,BROILERS,ALL PRODUCTION PRACTICES,ALL UTILIZATION PRACTICES,PRICE RECEIVED,PCT OF PARITY,"CHICKENS, BROILERS - PRICE RECEIVED, MEASURED IN PCT OF PARITY",TOTAL,NOT SPECIFIED,NATIONAL,,99,US,US TOTAL,,,,,,,,0,,,9000,UNITED STATES,US TOTAL,2021,MONTHLY,9,9,SEP,,2025-09-30 15:00:00.000,38.0,
SURVEY,ANIMALS & PRODUCTS,POULTRY,CHICKENS,BROILERS,ALL PRODUCTION PRACTICES,ALL UTILIZATION PRACTICES,PRICE RECEIVED,PCT OF PARITY,"CHICKENS, BROILERS - PRICE RECEIVED, MEASURED IN PCT OF PARITY",TOTAL,NOT SPECIFIED,NATIONAL,,99,US,US TOTAL,,,,,,,,0,,,9000,UNITED STATES,US TOTAL,2021,MONTHLY,10,10,OCT,,2025-09-30 15:00:00.000,36.0,
SURVEY,ANIMALS & PRODUCTS,POULTRY,CHICKENS,BROILERS,ALL PRODUCTION PRACTICES,ALL UTILIZATION PRACTICES,PRICE RECEIVED,PCT OF PARITY,"CHICKENS, BROILERS - PRICE RECEIVED, MEASURED IN PCT OF PARITY",TOTAL,NOT SPECIFIED,NATIONAL,,99,US,US TOTAL,,,,,,,,0,,,9000,UNITED STATES,US TOTAL,2021,MONTHLY,11,11,NOV,,2025-12-31 15:00:00.000,37.0,
SURVEY,ANIMALS & PRODUCTS,POULTRY,CHICKENS,BROILERS,ALL PRODUCTION PRACTICES,ALL UTILIZATION PRACTICES,PRICE RECEIVED,PCT OF PARITY,"CHICKENS, BROILERS - PRICE RECEIVED, MEASURED IN PCT OF PARITY",TOTAL,NOT SPECIFIED,NATIONAL,,99,US,US TOTAL,,,,,,,,0,,,9000,UNITED STATES,US TOTAL,2021,MONTHLY,12,12,DEC,,2026-01-30 15:00:00.000,45.0,
SURVEY,ANIMALS & PRODUCTS,POULTRY,CHICKENS,BROILERS,ALL PRODUCTION PRACTICES,ALL UTILIZATION PRACTICES,PRICE RECEIVED,PCT OF PARITY,"CHICKENS, BROILERS - PRICE RECEIVED, MEASURED IN PCT OF PARITY",TOTAL,NOT SPECIFIED,NATIONAL,,99,US,US TOTAL,,,,,,,,0,,,9000,UNITED STATES,US TOTAL,2020,MONTHLY,1,1,JAN,,2024-02-29 15:00:00.000,32.0,
SURVEY,ANIMALS & PRODUCTS,POULTRY,CHICKENS,BROILERS,ALL PRODUCTION PRACTICES,ALL UTILIZATION PRACTICES,PRICE RECEIVED,PCT OF PARITY,"CHICKENS, BROILERS - PRICE RECEIVED, MEASURED IN PCT OF PARITY",TOTAL,NOT SPECIFIED,NATIONAL,,99,US,US TOTAL,,,,,,,,0,,,9000,UNITED STATES,US TOTAL,2020,MONTHLY,2,2,FEB,,2024-03-28 15:00:00.000,27.0,
SURVEY,ANIMALS & PRODUCTS,POULTRY,CHICKENS,BROILERS,ALL PRODUCTION PRACTICES,ALL UTILIZATION PRACTICES,PRICE RECEIVED,PCT OF PARITY,"CHICKENS, BROILERS - PRICE RECEIVED, MEASURED IN PCT OF PARITY",TOTAL,NOT SPECIFIED,NATIONAL,,99,US,US TOTAL,,,,,,,,0,,,9000,UNITED STATES,US TOTAL,2020,MONTHLY,3,3,MAR,,2024-04-30 15:00:00.000,28.0,
SURVEY,ANIMALS & PRODUCTS,POULTRY,CHICKENS,BROILERS,ALL PRODUCTION PRACTICES,ALL UTILIZATION PRACTICES,PRICE RECEIVED,PCT OF PARITY,"CHICKENS, BROILERS - PRICE RECEIVED, MEASURED IN PCT OF PARITY",TOTAL,NOT SPECIFIED,NATIONAL,,99,US,US TOTAL,,,,,,,,0,,,9000,UNITED STATES,US TOTAL,2020,MONTHLY,4,4,APR,,2024-05-31 15:00:00.000,15.0,
SURVEY,ANIMALS & PRODUCTS,POULTRY,CHICKENS,BROILERS,ALL PRODUCTION PRACTICES,ALL UTILIZATION PRACTICES,PRICE RECEIVED,PCT OF PARITY,"CHICKENS, BROILERS - PRICE RECEIVED, MEASURED IN PCT OF PARITY",TOTAL,NOT SPECIFIED,NATIONAL,,99,US,US TOTAL,,,,,,,,0,,,9000,UNITED STATES,US TOTAL,2020,MONTHLY,5,5,MAY,,2024-06-28 15:00:00.000,23.0,
SURVEY,ANIMALS & PRODUCTS,POULTRY,CHICKENS,BROILERS,ALL PRODUCTION PRACTICES,ALL UTILIZATION PRACTICES,PRICE RECEIVED,PCT OF PARITY,"CHICKENS, BROILERS - PRICE RECEIVED, MEASURED IN PCT OF PARITY",TOTAL,NOT SPECIFIED,NATIONAL,,99,US,US TOTAL,,,,,,,,0,,,9000,UNITED STATES,US TOTAL,2020,MONTHLY,6,6,JUN,,2024-07-31 15:00:00.000,24.0,
SURVEY,ANIMALS & PRODUCTS,POULTRY,CHICKENS,BROILERS,ALL PRODUCTION PRACTICES,ALL UTILIZATION PRACTICES,PRICE RECEIVED,PCT OF PARITY,"CHICKENS, BROILERS - PRICE RECEIVED, MEASURED IN PCT OF PARITY",TOTAL,NOT SPECIFIED,NATIONAL,,99,US,US TOTAL,,,,,,,,0,,,9000,UNITED STATES,US TOTAL,2020,MONTHLY,7,7,JUL,,2024-08-30 15:00:00.000,22.0,
SURVEY,ANIMALS & PRODUCTS,POULTRY,CHICKENS,BROILERS,ALL PRODUCTION PRACTICES,ALL UTILIZATION PRACTICES,PRICE RECEIVED,PCT OF PARITY,"CHICKENS, BROILERS - PRICE RECEIVED, MEASURED IN PCT OF PARITY",TOTAL,NOT SPECIFIED,NATIONAL,,99,US,US TOTAL,,,,,,,,0,,,9000,UNITED STATES,US TOTAL,2020,MONTHLY,8,8,AUG,,2024-09-27 15:00:00.000,20.0,
SURVEY,ANIMALS & PRODUCTS,POULTRY,CHICKENS,BROILERS,ALL PRODUCTION PRACTICES,ALL UTILIZATION PRACTICES,PRICE RECEIVED,PCT OF PARITY,"CHICKENS, BROILERS - PRICE RECEIVED, MEASURED IN PCT OF PARITY",TOTAL,NOT SPECIFIED,NATIONAL,,99,US,US TOTAL,,,,,,,,0,,,9000,UNITED STATES,US TOTAL,2020,MONTHLY,9,9,SEP,,2024-10-31 15:00:00.000,19.0,
SURVEY,ANIMALS & PRODUCTS,POULTRY,CHICKENS,BROILERS,ALL PRODUCTION PRACTICES,ALL UTILIZATION PRACTICES,PRICE RECEIVED,PCT OF PARITY,"CHICKENS, BROILERS - PRICE RECEIVED, MEASURED IN PCT OF PARITY",TOTAL,NOT SPECIFIED,NATIONAL,,99,US,US TOTAL,,,,,,,,0,,,9000,UNITED STATES,US TOTAL,2020,MONTHLY,10,10,OCT,,2024-11-29 15:00:00.000,20.0,
SURVEY,ANIMALS & PRODUCTS,POULTRY,CHICKENS,BROILERS,ALL PRODUCTION PRACTICES,ALL UTILIZATION PRACTICES,PRICE RECEIVED,PCT OF PARITY,"CHICKENS, BROILERS - PRICE RECEIVED, MEASURED IN PCT OF PARITY",TOTAL,NOT SPECIFIED,NATIONAL,,99,US,US TOTAL,,,,,,,,0,,,9000,UNITED STATES,US TOTAL,2020,MONTHLY,11,11,NOV,,2024-12-31 15:00:00.000,25.0,
SURVEY,ANIMALS & PRODUCTS,POULTRY,CHICKENS,BROILERS,ALL PRODUCTION PRACTICES,ALL UTILIZATION PRACTICES,PRICE RECEIVED,PCT OF PARITY,"CHICKENS, BROILERS - PRICE RECEIVED, MEASURED IN PCT OF PARITY",TOTAL,NOT SPECIFIED,NATIONAL,,99,US,US TOTAL,,,,,,,,0,,,9000,UNITED STATES,US TOTAL,2020,MONTHLY,12,12,DEC,,2025-01-31 15:00:00.000,27.0,
SURVEY,ANIMALS & PRODUCTS,POULTRY,CHICKENS,BROILERS,ALL PRODUCTION PRACTICES,ALL UTILIZATION PRACTICES,PRICE RECEIVED,PCT OF PARITY,"CHICKENS, BROILERS - PRICE RECEIVED, MEASURED IN PCT OF PARITY",TOTAL,NOT SPECIFIED,NATIONAL,,99,US,US TOTAL,,,,,,,,0,,,9000,UNITED STATES,US TOTAL,2019,MONTHLY,1,1,JAN,,2023-02-28 15:00:00.000,36.0,
SURVEY,ANIMALS & PRODUCTS,POULTRY,CHICKENS,BROILERS,ALL PRODUCTION PRACTICES,ALL UTILIZATION PRACTICES,PRICE RECEIVED,PCT OF PARITY,"CHICKENS, BROILERS - PRICE RECEIVED, MEASURED IN PCT OF PARITY",TOTAL,NOT SPECIFIED,NATIONAL,,99,US,US TOTAL,,,,,,,,0,,,9000,UNITED STATES,US TOTAL,2019,MONTHLY,2,2,FEB,,2023-03-31 15:00:00.000,32.0,
SURVEY,ANIMALS & PRODUCTS,POULTRY,CHICKENS,BROILERS,ALL PRODUCTION PRACTICES,ALL UTILIZATION PRACTICES,PRICE RECEIVED,PCT OF PARITY,"CHICKENS, BROILERS - PRICE RECEIVED, MEASURED IN PCT OF PARITY",TOTAL,NOT SPECIFIED,NATIONAL,,99,US,US TOTAL,,,,,,,,0,,,9000,UNITED STATES,US TOTAL,2019,MONTHLY,3,3,MAR,,2023-04-27 15:00:00.000,33.0,
SURVEY,ANIMALS & PRODUCTS,POULTRY,CHICKENS,BROILERS,ALL PRODUCTION PRACTICES,ALL UTILIZATION PRACTICES,PRICE RECEIVED,PCT OF PARITY,"CHICKENS, BROILERS - PRICE RECEIVED, MEASURED IN PCT OF PARITY",TOTAL,NOT SPECIFIED,NATIONAL,,99,US,US TOTAL,,,,,,,,0,,,9000,UNITED STATES,US TOTAL,2019,MONTHLY,4,4,APR,,2023-05-31 15:00:00.000,35.0,
SURVEY,ANIMALS & PRODUCTS,POULTRY,CHICKENS,BROILERS,ALL PRODUCTION PRACTICES,ALL UTILIZATION PRACTICES,PRICE RECEIVED,PCT OF PARITY,"CHICKENS, BROILERS - PRICE RECEIVED, MEASURED IN PCT OF PARITY",TOTAL,NOT SPECIFIED,NATIONAL,,99,US,US TOTAL,,,,,,,,0,,,9000,UNITED STATES,US TOTAL,2019,MONTHLY,5,5,MAY,,2023-06-30 15:00:00.000,37.0,
SURVEY,ANIMALS & PRODUCTS,POULTRY,CHICKENS,BROILERS,ALL PRODUCTION PRACTICES,ALL UTILIZATION PRACTICES,PRICE RECEIVED,PCT OF PARITY,"CHICKENS, BROILERS - PRICE RECEIVED, MEASURED IN PCT OF PARITY",TOTAL,NOT SPECIFIED,NATIONAL,,99,US,US TOTAL,,,,,,,,0,,,9000,UNITED STATES,US TOTAL,2019,MONTHLY,6,6,JUN,,2023-07-28 15:00:00.000,35.0,
SURVEY,ANIMALS & PRODUCTS,POULTRY,CHICKENS,BROILERS,ALL PRODUCTION PRACTICES,ALL UTILIZATION PRACTICES,PRICE RECEIVED,PCT OF PARITY,"CHICKENS, BROILERS - PRICE RECEIVED, MEASURED IN PCT OF PARITY",TOTAL,NOT SPECIFIED,NATIONAL,,99,US,US TOTAL,,,,,,,,0,,,9000,UNITED STATES,US TOTAL,2019,MONTHLY,7,7,JUL,,2023-08-31 15:00:00.000,31.0,
SURVEY,ANIMALS & PRODUCTS,POULTRY,CHICKENS,BROILERS,ALL PRODUCTION PRACTICES,ALL UTILIZATION PRACTICES,PRICE RECEIVED,PCT OF PARITY,"CHICKENS, BROILERS - PRICE RECEIVED, MEASURED IN PCT OF PARITY",TOTAL,NOT SPECIFIED,NATIONAL,,99,US,US TOTAL,,,,,,,,0,,,9000,UNITED STATES,US TOTAL,2019,MONTHLY,8,8,AUG,,2023-09-29 15:00:00.000,27.0,
SURVEY,ANIMALS & PRODUCTS,POULTRY,CHICKENS,BROILERS,ALL PRODUCTION PRACTICES,ALL UTILIZATION PRACTICES,PRICE RECEIVED,PCT OF PARITY,"CHICKENS, BROILERS - PRICE RECEIVED, MEASURED IN PCT OF PARITY",TOTAL,NOT SPECIFIED,NATIONAL,,99,US,US TOTAL,,,,,,,,0,,,9000,UNITED STATES,US TOTAL,2019,MONTHLY,9,9,SEP,,2023-10-31 15:00:00.000,25.0,
SURVEY,ANIMALS & PRODUCTS,POULTRY,CHICKENS,BROILERS,ALL PRODUCTION PRACTICES,ALL UTILIZATION PRACTICES,PRICE RECEIVED,PCT OF PARITY,"CHICKENS, BROILERS - PRICE RECEIVED, MEASURED IN PCT OF PARITY",TOTAL,NOT SPECIFIED,NATIONAL,,99,US,US TOTAL,,,,,,,,0,,,9000,UNITED STATES,US TOTAL,2019,MONTHLY,10,10,OCT,,2023-11-30 15:00:00.000,26.0,
SURVEY,ANIMALS & PRODUCTS,POULTRY,CHICKENS,BROILERS,ALL PRODUCTION PRACTICES,ALL UTILIZATION PRACTICES,PRICE RECEIVED,PCT OF PARITY,"CHICKENS, BROILERS - PRICE RECEIVED, MEASURED IN PCT OF PARITY",TOTAL,NOT SPECIFIED,NATIONAL,,99,US,US TOTAL,,,,,,,,0,,,9000,UNITED STATES,US TOTAL,2019,MONTHLY,11,11,NOV,,2023-12-29 15:00:00.000,26.0,
SURVEY,ANIMALS & PRODUCTS,POULTRY,CHICKENS,BROILERS,ALL PRODUCTION PRACTICES,ALL UTILIZATION PRACTICES,PRICE RECEIVED,PCT OF PARITY,"CHICKENS, BROILERS - PRICE RECEIVED, MEASURED IN PCT OF PARITY",TOTAL,NOT SPECIFIED,NATIONAL,,99,US,US TOTAL,,,,,,,,0,,,9000,UNITED STATES,US TOTAL,2019,MONTHLY,12,12,DEC,,2024-01-31 15:00:00.000,29.0,
SURVEY,ANIMALS & PRODUCTS,POULTRY,CHICKENS,BROILERS,ALL PRODUCTION PRACTICES,ALL UTILIZATION PRACTICES,PRICE RECEIVED,PCT OF PARITY,"CHICKENS, BROILERS - PRICE RECEIVED, MEASURED IN PCT OF PARITY",TOTAL,NOT SPECIFIED,NATIONAL,,99,US,US TOTAL,,,,,,,,0,,,9000,UNITED STATES,US TOTAL,2018,MONTHLY,1,1,JAN,,2019-02-28 15:06:11.000,35.0,
SURVEY,ANIMALS & PRODUCTS,POULTRY,CHICKENS,BROILERS,ALL PRODUCTION PRACTICES,ALL UTILIZATION PRACTICES,PRICE RECEIVED,PCT OF PARITY,"CHICKENS, BROILERS - PRICE RECEIVED, MEASURED IN PCT OF PARITY",TOTAL,NOT SPECIFIED,NATIONAL,,99,US,US TOTAL,,,,,,,,0,,,9000,UNITED STATES,US TOTAL,2018,MONTHLY,2,2,FEB,,2019-03-28 15:00:51.000,34.0,
SURVEY,ANIMALS & PRODUCTS,POULTRY,CHICKENS,BROILERS,ALL PRODUCTION PRACTICES,ALL UTILIZATION PRACTICES,PRICE RECEIVED,PCT OF PARITY,"CHICKENS, BROILERS - PRICE RECEIVED, MEASURED IN PCT OF PARITY",TOTAL,NOT SPECIFIED,NATIONAL,,99,US,US TOTAL,,,,,,,,0,,,9000,UNITED STATES,US TOTAL,2018,MONTHLY,3,3,MAR,,2019-04-30 15:06:07.000,39.0,
SURVEY,ANIMALS & PRODUCTS,POULTRY,CHICKENS,BROILERS,ALL PRODUCTION PRACTICES,ALL UTILIZATION PRACTICES,PRICE RECEIVED,PCT OF PARITY,"CHICKENS, BROILERS - PRICE RECEIVED, MEASURED IN PCT OF PARITY",TOTAL,NOT SPECIFIED,NATIONAL,,99,US,US TOTAL,,,,,,,,0,,,9000,UNITED STATES,US TOTAL,2018,MONTHLY,4,4,APR,,2019-05-31 15:07:33.000,43.0,
SURVEY,ANIMALS & PRODUCTS,POULTRY,CHICKENS,BROILERS,ALL PRODUCTION PRACTICES,ALL UTILIZATION PRACTICES,PRICE RECEIVED,PCT OF PARITY,"CHICKENS, BROILERS - PRICE RECEIVED, MEASURED IN PCT OF PARITY",TOTAL,NOT SPECIFIED,NATIONAL,,99,US,US TOTAL,,,,,,,,0,,,9000,UNITED STATES,US TOTAL,2018,MONTHLY,5,5,MAY,,2019-06-27 15:25:14.000,48.0,
SURVEY,ANIMALS & PRODUCTS,POULTRY,CHICKENS,BROILERS,ALL PRODUCTION PRACTICES,ALL UTILIZATION PRACTICES,PRICE RECEIVED,PCT OF PARITY,"CHICKENS, BROILERS - PRICE RECEIVED, MEASURED IN PCT OF PARITY",TOTAL,NOT SPECIFIED,NATIONAL,,99,US,US TOTAL,,,,,,,,0,,,9000,UNITED STATES,US TOTAL,2018,MONTHLY,6,6,JUN,,2019-07-31 15:10:36.000,49.0,
SURVEY,ANIMALS & PRODUCTS,POULTRY,CHICKENS,BROILERS,ALL PRODUCTION PRACTICES,ALL UTILIZATION PRACTICES,PRICE RECEIVED,PCT OF PARITY,"CHICKENS, BROILERS - PRICE RECEIVED, MEASURED IN PCT OF PARITY",TOTAL,NOT SPECIFIED,NATIONAL,,99,US,US TOTAL,,,,,,,,0,,,9000,UNITED STATES,US TOTAL,2018,MONTHLY,7,7,JUL,,2019-08-30 15:06:13.000,45.0,
SURVEY,ANIMALS & PRODUCTS,POULTRY,CHICKENS,BROILERS,ALL PRODUCTION PRACTICES,ALL UTILIZATION PRACTICES,PRICE RECEIVED,PCT OF PARITY,"CHICKENS, BROILERS - PRICE RECEIVED, MEASURED IN PCT OF PARITY",TOTAL,NOT SPECIFIED,NATIONAL,,99,US,US TOTAL,,,,,,,,0,,,9000,UNITED STATES,US TOTAL,2018,MONTHLY,8,8,AUG,,2019-09-27 15:12:29.000,33.0,
SURVEY,ANIMALS & PRODUCTS,POULTRY,CHICKENS,BROILERS,ALL PRODUCTION PRACTICES,ALL UTILIZATION PRACTICES,PRICE RECEIVED,PCT OF PARITY,"CHICKENS, BROILERS - PRICE RECEIVED, MEASURED IN PCT OF PARITY",TOTAL,NOT SPECIFIED,NATIONAL,,99,US,US TOTAL,,,,,,,,0,,,9000,UNITED STATES,US TOTAL,2018,MONTHLY,9,9,SEP,,2019-10-31 15:03:44.000,31.0,
SURVEY,ANIMALS & PRODUCTS,POULTRY,CHICKENS,BROILERS,ALL PRODUCTION PRACTICES,ALL UTILIZATION PRACTICES,PRICE RECEIVED,PCT OF PARITY,"CHICKENS, BROILERS - PRICE RECEIVED, MEASURED IN PCT OF PARITY",TOTAL,NOT SPECIFIED,NATIONAL,,99,US,US TOTAL,,,,,,,,0,,,9000,UNITED STATES,US TOTAL,2018,MONTHLY,10,10,OCT,,2019-11-27 15:09:50.000,30.0,
SURVEY,ANIMALS & PRODUCTS,POULTRY,CHICKENS,BROILERS,ALL PRODUCTION PRACTICES,ALL UTILIZATION PRACTICES,PRICE RECEIVED,PCT OF PARITY,"CHICKENS, BROILERS - PRICE RECEIVED, MEASURED IN PCT OF PARITY",TOTAL,NOT SPECIFIED,NATIONAL,,99,US,US TOTAL,,,,,,,,0,,,9000,UNITED STATES,US TOTAL,2018,MONTHLY,11,11,NOV,,2019-12-27 15:06:20.000,33.0,
SURVEY,ANIMALS & PRODUCTS,POULTRY,CHICKENS,BROILERS,ALL PRODUCTION PRACTICES,ALL UTILIZATION PRACTICES,PRICE RECEIVED,PCT OF PARITY,"CHICKENS, BROILERS - PRICE RECEIVED, MEASURED IN PCT OF PARITY",TOTAL,NOT SPECIFIED,NATIONAL,,99,US,US TOTAL,,,,,,,,0,,,9000,UNITED STATES,US TOTAL,2018,MONTHLY,12,12,DEC,,2020-01-31 15:04:44.000,34.0,
SURVEY,ANIMALS & PRODUCTS,POULTRY,CHICKENS,BROILERS,ALL PRODUCTION PRACTICES,ALL UTILIZATION PRACTICES,PRICE RECEIVED,PCT OF PARITY,"CHICKENS, BROILERS - PRICE RECEIVED, MEASURED IN PCT OF PARITY",TOTAL,NOT SPECIFIED,NATIONAL,,99,US,US TOTAL,,,,,,,,0,,,9000,UNITED STATES,US TOTAL,2017,MONTHLY,1,1,JAN,,2018-02-27 15:15:05.000,34.0,
SURVEY,ANIMALS & PRODUCTS,POULTRY,CHICKENS,BROILERS,ALL PRODUCTION PRACTICES,ALL UTILIZATION PRACTICES,PRICE RECEIVED,PCT OF PARITY,"CHICKENS, BROILERS - PRICE RECEIVED, MEASURED IN PCT OF PARITY",TOTAL,NOT SPECIFIED,NATIONAL,,99,US,US TOTAL,,,,,,,,0,,,9000,UNITED STATES,US TOTAL,2017,MONTHLY,2,2,FEB,,2018-03-28 15:07:05.000,33.0,
SURVEY,ANIMALS & PRODUCTS,POULTRY,CHICKENS,BROILERS,ALL PRODUCTION PRACTICES,ALL UTILIZATION PRACTICES,PRICE RECEIVED,PCT OF PARITY,"CHICKENS, BROILERS - PRICE RECEIVED, MEASURED IN PCT OF PARITY",TOTAL,NOT SPECIFIED,NATIONAL,,99,US,US TOTAL,,,,,,,,0,,,9000,UNITED STATES,US TOTAL,2017,MONTHLY,3,3,MAR,,2018-04-27 15:07:08.000,38.0,
SURVEY,ANIMALS & PRODUCTS,POULTRY,CHICKENS,BROILERS,ALL PRODUCTION PRACTICES,ALL UTILIZATION PRACTICES,PRICE RECEIVED,PCT OF PARITY,"CHICKENS, BROILERS - PRICE RECEIVED, MEASURED IN PCT OF PARITY",TOTAL,NOT SPECIFIED,NATIONAL,,99,US,US TOTAL,,,,,,,,0,,,9000,UNITED STATES,US TOTAL,2017,MONTHLY,4,4,APR,,2018-05-30 15:00:03.000,39.0,
SURVEY,ANIMALS & PRODUCTS,POULTRY,CHICKENS,BROILERS,ALL PRODUCTION PRACTICES,ALL UTILIZATION PRACTICES,PRICE RECEIVED,PCT OF PARITY,"CHICKENS, BROILERS - PRICE RECEIVED, MEASURED IN PCT OF PARITY",TOTAL,NOT SPECIFIED,NATIONAL,,99,US,US TOTAL,,,,,,,,0,,,9000,UNITED STATES,US TOTAL,2017,MONTHLY,5,5,MAY,,2018-06-28 15:08:24.000,46.0,
SURVEY,ANIMALS & PRODUCTS,POULTRY,CHICKENS,BROILERS,ALL PRODUCTION PRACTICES,ALL UTILIZATION PRACTICES,PRICE RECEIVED,PCT OF PARITY,"CHICKENS, BROILERS - PRICE RECEIVED, MEASURED IN PCT OF PARITY",TOTAL,NOT SPECIFIED,NATIONAL,,99,US,US TOTAL,,,,,,,,0,,,9000,UNITED STATES,US TOTAL,2017,MONTHLY,6,6,JUN,,2018-07-30 15:00:12.000,46.0,
SURVEY,ANIMALS & PRODUCTS,POULTRY,CHICKENS,BROILERS,ALL PRODUCTION PRACTICES,ALL UTILIZATION PRACTICES,PRICE RECEIVED,PCT OF PARITY,"CHICKENS, BROILERS - PRICE RECEIVED, MEASURED IN PCT OF PARITY",TOTAL,NOT SPECIFIED,NATIONAL,,99,US,US TOTAL,,,,,,,,0,,,9000,UNITED STATES,US TOTAL,2017,MONTHLY,7,7,JUL,,2018-08-29 15:05:27.000,43.0,
SURVEY,ANIMALS & PRODUCTS,POULTRY,CHICKENS,BROILERS,ALL PRODUCTION PRACTICES,ALL UTILIZATION PRACTICES,PRICE RECEIVED,PCT OF PARITY,"CHICKENS, BROILERS - PRICE RECEIVED, MEASURED IN PCT OF PARITY",TOTAL,NOT SPECIFIED,NATIONAL,,99,US,US TOTAL,,,,,,,,0,,,9000,UNITED STATES,US TOTAL,2017,MONTHLY,8,8,AUG,,2018-09-27 15:06:18.000,38.0,
SURVEY,ANIMALS & PRODUCTS,POULTRY,CHICKENS,BROILERS,ALL PRODUCTION PRACTICES,ALL UTILIZATION PRACTICES,PRICE RECEIVED,PCT OF PARITY,"CHICKENS, BROILERS - PRICE RECEIVED, MEASURED IN PCT OF PARITY",TOTAL,NOT SPECIFIED,NATIONAL,,99,US,US TOTAL,,,,,,,,0,,,9000,UNITED STATES,US TOTAL,2017,MONTHLY,9,9,SEP,,2018-10-30 15:01:57.000,35.0,
SURVEY,ANIMALS & PRODUCTS,POULTRY,CHICKENS,BROILERS,ALL PRODUCTION PRACTICES,ALL UTILIZATION PRACTICES,PRICE RECEIVED,PCT OF PARITY,"CHICKENS, BROILERS - PRICE RECEIVED, MEASURED IN PCT OF PARITY",TOTAL,NOT SPECIFIED,NATIONAL,,99,US,US TOTAL,,,,,,,,0,,,9000,UNITED STATES,US TOTAL,2017,MONTHLY,10,10,OCT,,2018-11-29 15:01:10.000,33.0,
SURVEY,ANIMALS & PRODUCTS,POULTRY,CHICKENS,BROILERS,ALL PRODUCTION PRACTICES,ALL UTILIZATION PRACTICES,PRICE RECEIVED,PCT OF PARITY,"CHICKENS, BROILERS - PRICE RECEIVED, MEASURED IN PCT OF PARITY",TOTAL,NOT SPECIFIED,NATIONAL,,99,US,US TOTAL,,,,,,,,0,,,9000,UNITED STATES,US TOTAL,2017,MONTHLY,11,11,NOV,,2019-01-31 15:01:36.000,34.0,
SURVEY,ANIMALS & PRODUCTS,POULTRY,CHICKENS,BROILERS,ALL PRODUCTION PRACTICES,ALL UTILIZATION PRACTICES,PRICE RECEIVED,PCT OF PARITY,"CHICKENS, BROILERS - PRICE RECEIVED, MEASURED IN PCT OF PARITY",TOTAL,NOT SPECIFIED,NATIONAL,,99,US,US TOTAL,,,,,,,,0,,,9000,UNITED STATES,US TOTAL,2017,MONTHLY,12,12,DEC,,2019-02-20 15:00:15.000,34.0,
SURVEY,ANIMALS & PRODUCTS,POULTRY,CHICKENS,BROILERS,ALL PRODUCTION PRACTICES,ALL UTILIZATION PRACTICES,PRICE RECEIVED,PCT OF PARITY,"CHICKENS, BROILERS - PRICE RECEIVED, MEASURED IN PCT OF PARITY",TOTAL,NOT SPECIFIED,NATIONAL,,99,US,US TOTAL,,,,,,,,0,,,9000,UNITED STATES,US TOTAL,2016,MONTHLY,1,1,JAN,,2017-02-28 15:05:23.000,35.0,
SURVEY,ANIMALS & PRODUCTS,POULTRY,CHICKENS,BROILERS,ALL PRODUCTION PRACTICES,ALL UTILIZATION PRACTICES,PRICE RECEIVED,PCT OF PARITY,"CHICKENS, BROILERS - PRICE RECEIVED, MEASURED IN PCT OF PARITY",TOTAL,NOT SPECIFIED,NATIONAL,,99,US,US TOTAL,,,,,,,,0,,,9000,UNITED STATES,US TOTAL,2016,MONTHLY,2,2,FEB,,2017-03-30 15:00:16.000,32.0,
SURVEY,ANIMALS & PRODUCTS,POULTRY,CHICKENS,BROILERS,ALL PRODUCTION PRACTICES,ALL UTILIZATION PRACTICES,PRICE RECEIVED,PCT OF PARITY,"CHICKENS, BROILERS - PRICE RECEIVED, MEASURED IN PCT OF PARITY",TOTAL,NOT SPECIFIED,NATIONAL,,99,US,US TOTAL,,,,,,,,0,,,9000,UNITED STATES,US TOTAL,2016,MONTHLY,3,3,MAR,,2017-04-27 15:03:23.000,33.0,
SURVEY,ANIMALS & PRODUCTS,POULTRY,CHICKENS,BROILERS,ALL PRODUCTION PRACTICES,ALL UTILIZATION PRACTICES,PRICE RECEIVED,PCT OF PARITY,"CHICKENS, BROILERS - PRICE RECEIVED, MEASURED IN PCT OF PARITY",TOTAL,NOT SPECIFIED,NATIONAL,,99,US,US TOTAL,,,,,,,,0,,,9000,UNITED STATES,US TOTAL,2016,MONTHLY,4,4,APR,,2017-05-31 15:00:03.000,35.0,
SURVEY,ANIMALS & PRODUCTS,POULTRY,CHICKENS,BROILERS,ALL PRODUCTION PRACTICES,ALL UTILIZATION PRACTICES,PRICE RECEIVED,PCT OF PARITY,"CHICKENS, BROILERS - PRICE RECEIVED, MEASURED IN PCT OF PARITY",TOTAL,NOT SPECIFIED,NATIONAL,,99,US,US TOTAL,,,,,,,,0,,,9000,UNITED STATES,US TOTAL,2016,MONTHLY,5,5,MAY,,2017-06-29 15:05:42.000,39.0,
SURVEY,ANIMALS & PRODUCTS,POULTRY,CHICKENS,BROILERS,ALL PRODUCTION PRACTICES,ALL UTILIZATION PRACTICES,PRICE RECEIVED,PCT OF PARITY,"CHICKENS, BROILERS - PRICE RECEIVED, MEASURED IN PCT OF PARITY",TOTAL,NOT SPECIFIED,NATIONAL,,99,US,US TOTAL,,,,,,,,0,,,9000,UNITED STATES,US TOTAL,2016,MONTHLY,6,6,JUN,,2017-07-31 15:00:20.000,39.0,
SURVEY,ANIMALS & PRODUCTS,POULTRY,CHICKENS,BROILERS,ALL PRODUCTION PRACTICES,ALL UTILIZATION PRACTICES,PRICE RECEIVED,PCT OF PARITY,"CHICKENS, BROILERS - PRICE RECEIVED, MEASURED IN PCT OF PARITY",TOTAL,NOT SPECIFIED,NATIONAL,,99,US,US TOTAL,,,,,,,,0,,,9000,UNITED STATES,US TOTAL,2016,MONTHLY,7,7,JUL,,2017-08-30 15:00:23.000,35.0,
SURVEY,ANIMALS & PRODUCTS,POULTRY,CHICKENS,BROILERS,ALL PRODUCTION PRACTICES,ALL UTILIZATION PRACTICES,PRICE RECEIVED,PCT OF PARITY,"CHICKENS, BROILERS - PRICE RECEIVED, MEASURED IN PCT OF PARITY",TOTAL,NOT SPECIFIED,NATIONAL,,99,US,US TOTAL,,,,,,,,0,,,9000,UNITED STATES,US TOTAL,2016,MONTHLY,8,8,AUG,,2017-09-28 15:08:15.000,31.0,
SURVEY,ANIMALS & PRODUCTS,POULTRY,CHICKENS,BROILERS,ALL PRODUCTION PRACTICES,ALL UTILIZATION PRACTICES,PRICE RECEIVED,PCT OF PARITY,"CHICKENS, BROILERS - PRICE RECEIVED, MEASURED IN PCT OF PARITY",TOTAL,NOT SPECIFIED,NATIONAL,,99,US,US TOTAL,,,,,,,,0,,,9000,UNITED STATES,US TOTAL,2016,MONTHLY,9,9,SEP,,2017-10-30 15:00:20.000,30.0,
SURVEY,ANIMALS & PRODUCTS,POULTRY,CHICKENS,BROILERS,ALL PRODUCTION PRACTICES,ALL UTILIZATION PRACTICES,PRICE RECEIVED,PCT OF PARITY,"CHICKENS, BROILERS - PRICE RECEIVED, MEASURED IN PCT OF PARITY",TOTAL,NOT SPECIFIED,NATIONAL,,99,US,US TOTAL,,,,,,,,0,,,9000,UNITED STATES,US TOTAL,2016,MONTHLY,10,10,OCT,,2017-11-30 15:00:27.000,26.0,
SURVEY,ANIMALS & PRODUCTS,POULTRY,CHICKENS,BROILERS,ALL PRODUCTION PRACTICES,ALL UTILIZATION PRACTICES,PRICE RECEIVED,PCT OF PARITY,"CHICKENS, BROILERS - PRICE RECEIVED, MEASURED IN PCT OF PARITY",TOTAL,NOT SPECIFIED,NATIONAL,,99,US,US TOTAL,,,,,,,,0,,,9000,UNITED STATES,US TOTAL,2016,MONTHLY,11,11,NOV,,2017-12-28 15:02:49.000,31.0,
SURVEY,ANIMALS & PRODUCTS,POULTRY,CHICKENS,BROILERS,ALL PRODUCTION PRACTICES,ALL UTILIZATION PRACTICES,PRICE RECEIVED,PCT OF PARITY,"CHICKENS, BROILERS - PRICE RECEIVED, MEASURED IN PCT OF PARITY",TOTAL,NOT SPECIFIED,NATIONAL,,99,US,US TOTAL,,,,,,,,0,,,9000,UNITED STATES,US TOTAL,2016,MONTHLY,12,12,DEC,,2018-01-30 15:00:29.000,34.0,
SURVEY,ANIMALS & PRODUCTS,POULTRY,CHICKENS,BROILERS,ALL PRODUCTION PRACTICES,ALL UTILIZATION PRACTICES,PRICE RECEIVED,PCT OF PARITY,"CHICKENS, BROILERS - PRICE RECEIVED, MEASURED IN PCT OF PARITY",TOTAL,NOT SPECIFIED,NATIONAL,,99,US,US TOTAL,,,,,,,,0,,,9000,UNITED STATES,US TOTAL,2015,MONTHLY,1,1,JAN,,2016-05-31 15:12:25.000,41.0,
SURVEY,ANIMALS & PRODUCTS,POULTRY,CHICKENS,BROILERS,ALL PRODUCTION PRACTICES,ALL UTILIZATION PRACTICES,PRICE RECEIVED,PCT OF PARITY,"CHICKENS, BROILERS - PRICE RECEIVED, MEASURED IN PCT OF PARITY",TOTAL,NOT SPECIFIED,NATIONAL,,99,US,US TOTAL,,,,,,,,0,,,9000,UNITED STATES,US TOTAL,2015,MONTHLY,2,2,FEB,,2016-05-31 15:12:25.000,37.0,
SURVEY,ANIMALS & PRODUCTS,POULTRY,CHICKENS,BROILERS,ALL PRODUCTION PRACTICES,ALL UTILIZATION PRACTICES,PRICE RECEIVED,PCT OF PARITY,"CHICKENS, BROILERS - PRICE RECEIVED, MEASURED IN PCT OF PARITY",TOTAL,NOT SPECIFIED,NATIONAL,,99,US,US TOTAL,,,,,,,,0,,,9000,UNITED STATES,US TOTAL,2015,MONTHLY,3,3,MAR,,2016-05-31 15:12:25.000,40.0,
SURVEY,ANIMALS & PRODUCTS,POULTRY,CHICKENS,BROILERS,ALL PRODUCTION PRACTICES,ALL UTILIZATION PRACTICES,PRICE RECEIVED,PCT OF PARITY,"CHICKENS, BROILERS - PRICE RECEIVED, MEASURED IN PCT OF PARITY",TOTAL,NOT SPECIFIED,NATIONAL,,99,US,US TOTAL,,,,,,,,0,,,9000,UNITED STATES,US TOTAL,2015,MONTHLY,4,4,APR,,2016-05-31 15:12:25.000,43.0,
SURVEY,ANIMALS & PRODUCTS,POULTRY,CHICKENS,BROILERS,ALL PRODUCTION PRACTICES,ALL UTILIZATION PRACTICES,PRICE RECEIVED,PCT OF PARITY,"CHICKENS, BROILERS - PRICE RECEIVED, MEASURED IN PCT OF PARITY",TOTAL,NOT SPECIFIED,NATIONAL,,99,US,US TOTAL,,,,,,,,0,,,9000,UNITED STATES,US TOTAL,2015,MONTHLY,5,5,MAY,,2016-06-29 15:13:46.000,44.0,
SURVEY,ANIMALS & PRODUCTS,POULTRY,CHICKENS,BROILERS,ALL PRODUCTION PRACTICES,ALL UTILIZATION PRACTICES,PRICE RECEIVED,PCT OF PARITY,"CHICKENS, BROILERS - PRICE RECEIVED, MEASURED IN PCT OF PARITY",TOTAL,NOT SPECIFIED,NATIONAL,,99,US,US TOTAL,,,,,,,,0,,,9000,UNITED STATES,US TOTAL,2015,MONTHLY,6,6,JUN,,2016-07-29 15:12:57.000,42.0,
SURVEY,ANIMALS & PRODUCTS,POULTRY,CHICKENS,BROILERS,ALL PRODUCTION PRACTICES,ALL UTILIZATION PRACTICES,PRICE RECEIVED,PCT OF PARITY,"CHICKENS, BROILERS - PRICE RECEIVED, MEASURED IN PCT OF PARITY",TOTAL,NOT SPECIFIED,NATIONAL,,99,US,US TOTAL,,,,,,,,0,,,9000,UNITED STATES,US TOTAL,2015,MONTHLY,7,7,JUL,,2016-08-31 15:19:47.000,34.0,
SURVEY,ANIMALS & PRODUCTS,POULTRY,CHICKENS,BROILERS,ALL PRODUCTION PRACTICES,ALL UTILIZATION PRACTICES,PRICE RECEIVED,PCT OF PARITY,"CHICKENS, BROILERS - PRICE RECEIVED, MEASURED IN PCT OF PARITY",TOTAL,NOT SPECIFIED,NATIONAL,,99,US,US TOTAL,,,,,,,,0,,,9000,UNITED STATES,US TOTAL,2015,MONTHLY,8,8,AUG,,2016-09-29 15:07:37.000,32.0,
SURVEY,ANIMALS & PRODUCTS,POULTRY,CHICKENS,BROILERS,ALL PRODUCTION PRACTICES,ALL UTILIZATION PRACTICES,PRICE RECEIVED,PCT OF PARITY,"CHICKENS, BROILERS - PRICE RECEIVED, MEASURED IN PCT OF PARITY",TOTAL,NOT SPECIFIED,NATIONAL,,99,US,US TOTAL,,,,,,,,0,,,9000,UNITED STATES,US TOTAL,2015,MONTHLY,9,9,SEP,,2016-10-31 15:04:48.000,30.0,
SURVEY,ANIMALS & PRODUCTS,POULTRY,CHICKENS,BROILERS,ALL PRODUCTION PRACTICES,ALL UTILIZATION PRACTICES,PRICE RECEIVED,PCT OF PARITY,"CHICKENS, BROILERS - PRICE RECEIVED, MEASURED IN PCT OF PARITY",TOTAL,NOT SPECIFIED,NATIONAL,,99,US,US TOTAL,,,,,,,,0,,,9000,UNITED STATES,US TOTAL,2015,MONTHLY,10,10,OCT,,2016-11-30 15:19:50.000,28.0,
SURVEY,ANIMALS & PRODUCTS,POULTRY,CHICKENS,BROILERS,ALL PRODUCTION PRACTICES,ALL UTILIZATION PRACTICES,PRICE RECEIVED,PCT OF PARITY,"CHICKENS, BROILERS - PRICE RECEIVED, MEASURED IN PCT OF PARITY",TOTAL,NOT SPECIFIED,NATIONAL,,99,US,US TOTAL,,,,,,,,0,,,9000,UNITED STATES,US TOTAL,2015,MONTHLY,11,11,NOV,,2016-12-29 15:04:46.000,29.0,
SURVEY,ANIMALS & PRODUCTS,POULTRY,CHICKENS,BROILERS,ALL PRODUCTION PRACTICES,ALL UTILIZATION PRACTICES,PRICE RECEIVED,PCT OF PARITY,"CHICKENS, BROILERS - PRICE RECEIVED, MEASURED IN PCT OF PARITY",TOTAL,NOT SPECIFIED,NATIONAL,,99,US,US TOTAL,,,,,,,,0,,,9000,UNITED STATES,US TOTAL,2015,MONTHLY,12,12,DEC,,2017-01-31 15:03:17.000,33.0,
