source_desc,sector_desc,group_desc,commodity_desc,class_desc,prodn_practice_desc,util_practice_desc,statisticcat_desc,unit_desc,short_desc,domain_desc,domaincat_desc,agg_level_desc,state_ansi,state_fips_code,state_alpha,state_name,asd_code,asd_desc,county_ansi,county_code,county_name,region_desc,zip_5,watershed_code,watershed_desc,congr_district_code,country_code,country_name,location_desc,year,freq_desc,begin_code,end_code,reference_period_desc,week_ending,load_time,Value,CV (%)
SURVEY,CROPS,FIELD CROPS,CORN,ALL CLASSES,ALL PRODUCTION PRACTICES,GRAIN,PRICE RECEIVED,$ / BU,"CORN, GRAIN - PRICE RECEIVED, MEASURED IN $ / BU",TOTAL,NOT SPECIFIED,NATIONAL,,99,US,US TOTAL,,,,,,,,0,,,9000,UNITED STATES,US TOTAL,2026,MONTHLY,1,1,JAN,,2026-02-27 15:00:00.000,4.1,
SURVEY,CROPS,FIELD CROPS,CORN,ALL CLASSES,ALL PRODUCTION PRACTICES,GRAIN,PRICE RECEIVED,$ / BU,"CORN, GRAIN - PRICE RECEIVED, MEASURED IN $ / BU",TOTAL,NOT SPECIFIED,NATIONAL,,99,US,US TOTAL,,,,,,,,0,,,9000,UNITED STATES,US TOTAL,2026,MONTHLY,2,2,FEB,,2026-03-30 15:00:00.000,4.11,
SURVEY,CROPS,FIELD CROPS,CORN,ALL CLASSES,ALL PRODUCTION PRACTICES,GRAIN,PRICE RECEIVED,$ / BU,"CORN, GRAIN - PRICE RECEIVED, MEASURED IN $ / BU",TOTAL,NOT SPECIFIED,NATIONAL,,99,US,US TOTAL,,,,,,,,0,,,9000,UNITED STATES,US TOTAL,2026,MONTHLY,3,3,MAR,,2026-04-30 15:00:00.000,4.27,
SURVEY,CROPS,FIELD CROPS,CORN,ALL CLASSES,ALL PRODUCTION PRACTICES,GRAIN,PRICE RECEIVED,$ / BU,"CORN, GRAIN - PRICE RECEIVED, MEASURED IN $ / BU",TOTAL,NOT SPECIFIED,NATIONAL,,99,US,US TOTAL,,,,,,,,0,,,9000,UNITED STATES,US TOTAL,2026,MONTHLY,4,4,APR,,2026-05-29 15:00:00.000,4.31,
SURVEY,CROPS,FIELD CROPS,CORN,ALL CLASSES,ALL PRODUCTION PRACTICES,GRAIN,PRICE RECEIVED,$ / BU,"CORN, GRAIN - PRICE RECEIVED, MEASURED IN $ / BU",TOTAL,NOT SPECIFIED,NATIONAL,,99,US,US TOTAL,,,,,,,,0,,,9000,UNITED STATES,US TOTAL,2026,MONTHLY,5,5,MAY,,2026-06-29 15:00:00.000,4.48,
SURVEY,CROPS,FIELD CROPS,CORN,ALL CLASSES,ALL PRODUCTION PRACTICES,GRAIN,PRICE RECEIVED,$ / BU,"CORN, GRAIN - PRICE RECEIVED, MEASURED IN $ / BU",TOTAL,NOT SPECIFIED,NATIONAL,,99,US,US TOTAL,,,,,,,,0,,,9000,UNITED STATES,US TOTAL,2025,ANNUAL,0,0,MARKETING YEAR,,2026-02-26 15:00:00.000,4.1,
SURVEY,CROPS,FIELD CROPS,CORN,ALL CLASSES,ALL PRODUCTION PRACTICES,GRAIN,PRICE RECEIVED,$ / BU,"CORN, GRAIN - PRICE RECEIVED, MEASURED IN $ / BU",TOTAL,NOT SPECIFIED,NATIONAL,,99,US,US TOTAL,,,,,,,,0,,,9000,UNITED STATES,US TOTAL,2025,MONTHLY,1,1,JAN,,2025-09-30 15:00:00.000,4.29,
SURVEY,CROPS,FIELD CROPS,CORN,ALL CLASSES,ALL PRODUCTION PRACTICES,GRAIN,PRICE RECEIVED,$ / BU,"CORN, GRAIN - PRICE RECEIVED, MEASURED IN $ / BU",TOTAL,NOT SPECIFIED,NATIONAL,,99,US,US TOTAL,,,,,,,,0,,,9000,UNITED STATES,US TOTAL,2025,MONTHLY,2,2,FEB,,2025-09-30 15:00:00.000,4.58,
SURVEY,CROPS,FIELD CROPS,CORN,ALL CLASSES,ALL PRODUCTION PRACTICES,GRAIN,PRICE RECEIVED,$ / BU,"CORN, GRAIN - PRICE RECEIVED, MEASURED IN $ / BU",TOTAL,NOT SPECIFIED,NATIONAL,,99,US,US TOTAL,,,,,,,,0,,,9000,UNITED STATES,US TOTAL,2025,MONTHLY,3,3,MAR,,2025-09-30 15:00:00.000,4.57,
SURVEY,CROPS,FIELD CROPS,CORN,ALL CLASSES,ALL PRODUCTION PRACTICES,GRAIN,PRICE RECEIVED,$ / BU,"CORN, GRAIN - PRICE RECEIVED, MEASURED IN $ / BU",TOTAL,NOT SPECIFIED,NATIONAL,,99,US,US TOTAL,,,,,,,,0,,,9000,UNITED STATES,US TOTAL,2025,MONTHLY,4,4,APR,,2025-09-30 15:00:00.000,4.62,
SURVEY,CROPS,FIELD CROPS,CORN,ALL CLASSES,ALL PRODUCTION PRACTICES,GRAIN,PRICE RECEIVED,$ / BU,"CORN, GRAIN - PRICE RECEIVED, MEASURED IN $ / BU",TOTAL,NOT SPECIFIED,NATIONAL,,99,US,US TOTAL,,,,,,,,0,,,9000,UNITED STATES,US TOTAL,2025,MONTHLY,5,5,MAY,,2025-09-30 15:00:00.000,4.64,
SURVEY,CROPS,FIELD CROPS,CORN,ALL CLASSES,ALL PRODUCTION PRACTICES,GRAIN,PRICE RECEIVED,$ / BU,"CORN, GRAIN - PRICE RECEIVED, MEASURED IN $ / BU",TOTAL,NOT SPECIFIED,NATIONAL,,99,US,US TOTAL,,,,,,,,0,,,9000,UNITED STATES,US TOTAL,2025,MONTHLY,6,6,JUN,,2025-09-30 15:00:00.000,4.47,
SURVEY,CROPS,FIELD CROPS,CORN,ALL CLASSES,ALL PRODUCTION PRACTICES,GRAIN,PRICE RECEIVED,$ / BU,"CORN, GRAIN - PRICE RECEIVED, MEASURED IN $ / BU",TOTAL,NOT SPECIFIED,NATIONAL,,99,US,US TOTAL,,,,,,,,0,,,9000,UNITED STATES,US TOTAL,2025,MONTHLY,7,7,JUL,,2025-09-30 15:00:00.000,4.29,
SURVEY,CROPS,FIELD CROPS,CORN,ALL CLASSES,ALL PRODUCTION PRACTICES,GRAIN,PRICE RECEIVED,$ / BU,"CORN, GRAIN - PRICE RECEIVED, MEASURED IN $ / BU",TOTAL,NOT SPECIFIED,NATIONAL,,99,US,US TOTAL,,,,,,,,0,,,9000,UNITED STATES,US TOTAL,2025,MONTHLY,8,8,AUG,,2025-09-30 15:00:00.000,3.96,
SURVEY,CROPS,FIELD CROPS,CORN,ALL CLASSES,ALL PRODUCTION PRACTICES,GRAIN,PRICE RECEIVED,$ / BU,"CORN, GRAIN - PRICE RECEIVED, MEASURED IN $ / BU",TOTAL,NOT SPECIFIED,NATIONAL,,99,US,US TOTAL,,,,,,,,0,,,9000,UNITED STATES,US TOTAL,2025,MONTHLY,9,9,SEP,,2025-12-15 15:00:00.000,4.0,
SURVEY,CROPS,FIELD CROPS,CORN,ALL CLASSES,ALL PRODUCTION PRACTICES,GRAIN,PRICE RECEIVED,$ / BU,"CORN, GRAIN - PRICE RECEIVED, MEASURED IN $ / BU",TOTAL,NOT SPECIFIED,NATIONAL,,99,US,US TOTAL,,,,,,,,0,,,9000,UNITED STATES,US TOTAL,2025,MONTHLY,10,10,OCT,,2025-12-15 15:00:00.000,3.93,
SURVEY,CROPS,FIELD CROPS,CORN,ALL CLASSES,ALL PRODUCTION PRACTICES,GRAIN,PRICE RECEIVED,$ / BU,"CORN, GRAIN - PRICE RECEIVED, MEASURED IN $ / BU",TOTAL,NOT SPECIFIED,NATIONAL,,99,US,US TOTAL,,,,,,,,0,,,9000,UNITED STATES,US TOTAL,2025,MONTHLY,11,11,NOV,,2025-12-31 15:00:00.000,3.98,
SURVEY,CROPS,FIELD CROPS,CORN,ALL CLASSES,ALL PRODUCTION PRACTICES,GRAIN,PRICE RECEIVED,$ / BU,"CORN, GRAIN - PRICE RECEIVED, MEASURED IN $ / BU",TOTAL,NOT SPECIFIED,NATIONAL,,99,US,US TOTAL,,,,,,,,0,,,9000,UNITED STATES,US TOTAL,2025,MONTHLY,12,12,DEC,,2026-01-30 15:00:00.000,4.1,
SURVEY,CROPS,FIELD CROPS,CORN,ALL CLASSES,ALL PRODUCTION PRACTICES,GRAIN,PRICE RECEIVED,$ / BU,"CORN, GRAIN - PRICE RECEIVED, MEASURED IN $ / BU",TOTAL,NOT SPECIFIED,NATIONAL,,99,US,US TOTAL,,,,,,,,0,,,9000,UNITED STATES,US TOTAL,2024,ANNUAL,0,0,MARKETING YEAR,,2025-09-30 15:00:00.000,4.24,
SURVEY,CROPS,FIELD CROPS,CORN,ALL CLASSES,ALL PRODUCTION PRACTICES,GRAIN,PRICE RECEIVED,$ / BU,"CORN, GRAIN - PRICE RECEIVED, MEASURED IN $ / BU",TOTAL,NOT SPECIFIED,NATIONAL,,99,US,US TOTAL,,,,,,,,0,,,9000,UNITED STATES,US TOTAL,2024,ANNUAL,0,0,YEAR,,2025-07-31 15:00:00.000,4.27,
SURVEY,CROPS,FIELD CROPS,CORN,ALL CLASSES,ALL PRODUCTION PRACTICES,GRAIN,PRICE RECEIVED,$ / BU,"CORN, GRAIN - PRICE RECEIVED, MEASURED IN $ / BU",TOTAL,NOT SPECIFIED,NATIONAL,,99,US,US TOTAL,,,,,,,,0,,,9000,UNITED STATES,US TOTAL,2024,MONTHLY,1,1,JAN,,2024-09-27 15:00:00.000,4.74,
SURVEY,CROPS,FIELD CROPS,CORN,ALL CLASSES,ALL PRODUCTION PRACTICES,GRAIN,PRICE RECEIVED,$ / BU,"CORN, GRAIN - PRICE RECEIVED, MEASURED IN $ / BU",TOTAL,NOT SPECIFIED,NATIONAL,,99,US,US TOTAL,,,,,,,,0,,,9000,UNITED STATES,US TOTAL,2024,MONTHLY,2,2,FEB,,2024-09-27 15:00:00.000,4.36,
SURVEY,CROPS,FIELD CROPS,CORN,ALL CLASSES,ALL PRODUCTION PRACTICES,GRAIN,PRICE RECEIVED,$ / BU,"CORN, GRAIN - PRICE RECEIVED, MEASURED IN $ / BU",TOTAL,NOT SPECIFIED,NATIONAL,,99,US,US TOTAL,,,,,,,,0,,,9000,UNITED STATES,US TOTAL,2024,MONTHLY,3,3,MAR,,2024-09-27 15:00:00.000,4.36,
SURVEY,CROPS,FIELD CROPS,CORN,ALL CLASSES,ALL PRODUCTION PRACTICES,GRAIN,PRICE RECEIVED,$ / BU,"CORN, GRAIN - PRICE RECEIVED, MEASURED IN $ / BU",TOTAL,NOT SPECIFIED,NATIONAL,,99,US,US TOTAL,,,,,,,,0,,,9000,UNITED STATES,US TOTAL,2024,MONTHLY,4,4,APR,,2024-09-27 15:00:00.000,4.39,
SURVEY,CROPS,FIELD CROPS,CORN,ALL CLASSES,ALL PRODUCTION PRACTICES,GRAIN,PRICE RECEIVED,$ / BU,"CORN, GRAIN - PRICE RECEIVED, MEASURED IN $ / BU",TOTAL,NOT SPECIFIED,NATIONAL,,99,US,US TOTAL,,,,,,,,0,,,9000,UNITED STATES,US TOTAL,2024,MONTHLY,5,5,MAY,,2024-09-27 15:00:00.000,4.51,
SURVEY,CROPS,FIELD CROPS,CORN,ALL CLASSES,ALL PRODUCTION PRACTICES,GRAIN,PRICE RECEIVED,$ / BU,"CORN, GRAIN - PRICE RECEIVED, MEASURED IN $ / BU",TOTAL,NOT SPECIFIED,NATIONAL,,99,US,US TOTAL,,,,,,,,0,,,9000,UNITED STATES,US TOTAL,2024,MONTHLY,6,6,JUN,,2024-09-27 15:00:00.000,4.48,
SURVEY,CROPS,FIELD CROPS,CORN,ALL CLASSES,ALL PRODUCTION PRACTICES,GRAIN,PRICE RECEIVED,$ / BU,"CORN, GRAIN - PRICE RECEIVED, MEASURED IN $ / BU",TOTAL,NOT SPECIFIED,NATIONAL,,99,US,US TOTAL,,,,,,,,0,,,9000,UNITED STATES,US TOTAL,2024,MONTHLY,7,7,JUL,,2024-09-27 15:00:00.000,4.23,
SURVEY,CROPS,FIELD CROPS,CORN,ALL CLASSES,ALL PRODUCTION PRACTICES,GRAIN,PRICE RECEIVED,$ / BU,"CORN, GRAIN - PRICE RECEIVED, MEASURED IN $ / BU",TOTAL,NOT SPECIFIED,NATIONAL,,99,US,US TOTAL,,,,,,,,0,,,9000,UNITED STATES,US TOTAL,2024,MONTHLY,8,8,AUG,,2024-09-27 15:00:00.000,3.84,
SURVEY,CROPS,FIELD CROPS,CORN,ALL CLASSES,ALL PRODUCTION PRACTICES,GRAIN,PRICE RECEIVED,$ / BU,"CORN, GRAIN - PRICE RECEIVED, MEASURED IN $ / BU",TOTAL,NOT SPECIFIED,NATIONAL,,99,US,US TOTAL,,,,,,,,0,,,9000,UNITED STATES,US TOTAL,2024,MONTHLY,9,9,SEP,,2025-09-30 15:00:00.000,3.97,
SURVEY,CROPS,FIELD CROPS,CORN,ALL CLASSES,ALL PRODUCTION PRACTICES,GRAIN,PRICE RECEIVED,$ / BU,"CORN, GRAIN - PRICE RECEIVED, MEASURED IN $ / BU",TOTAL,NOT SPECIFIED,NATIONAL,,99,US,US TOTAL,,,,,,,,0,,,9000,UNITED STATES,US TOTAL,2024,MONTHLY,10,10,OCT,,2025-09-30 15:00:00.000,3.99,
SURVEY,CROPS,FIELD CROPS,CORN,ALL CLASSES,ALL PRODUCTION PRACTICES,GRAIN,PRICE RECEIVED,$ / BU,"CORN, GRAIN - PRICE RECEIVED, MEASURED IN $ / BU",TOTAL,NOT SPECIFIED,NATIONAL,,99,US,US TOTAL,,,,,,,,0,,,9000,UNITED STATES,US TOTAL,2024,MONTHLY,11,11,NOV,,2025-09-30 15:00:00.000,4.07,
SURVEY,CROPS,FIELD CROPS,CORN,ALL CLASSES,ALL PRODUCTION PRACTICES,GRAIN,PRICE RECEIVED,$ / BU,"CORN, GRAIN - PRICE RECEIVED, MEASURED IN $ / BU",TOTAL,NOT SPECIFIED,NATIONAL,,99,US,US TOTAL,,,,,,,,0,,,9000,UNITED STATES,US TOTAL,2024,MONTHLY,12,12,DEC,,2025-09-30 15:00:00.000,4.23,
SURVEY,CROPS,FIELD CROPS,CORN,ALL CLASSES,ALL PRODUCTION PRACTICES,GRAIN,PRICE RECEIVED,$ / BU,"CORN, GRAIN - PRICE RECEIVED, MEASURED IN $ / BU",TOTAL,NOT SPECIFIED,NATIONAL,,99,US,US TOTAL,,,,,,,,0,,,9000,UNITED STATES,US TOTAL,2023,ANNUAL,0,0,MARKETING YEAR,,2024-09-27 15:00:00.000,4.55,
SURVEY,CROPS,FIELD CROPS,CORN,ALL CLASSES,ALL PRODUCTION PRACTICES,GRAIN,PRICE RECEIVED,$ / BU,"CORN, GRAIN - PRICE RECEIVED, MEASURED IN $ / BU",TOTAL,NOT SPECIFIED,NATIONAL,,99,US,US TOTAL,,,,,,,,0,,,9000,UNITED STATES,US TOTAL,2023,ANNUAL,0,0,YEAR,,2025-07-31 15:00:00.000,5.95,
SURVEY,CROPS,FIELD CROPS,CORN,ALL CLASSES,ALL PRODUCTION PRACTICES,GRAIN,PRICE RECEIVED,$ / BU,"CORN, GRAIN - PRICE RECEIVED, MEASURED IN $ / BU",TOTAL,NOT SPECIFIED,NATIONAL,,99,US,US TOTAL,,,,,,,,0,,,9000,UNITED STATES,US TOTAL,2023,MONTHLY,1,1,JAN,,2023-09-29 15:00:00.000,6.63,
SURVEY,CROPS,FIELD CROPS,CORN,ALL CLASSES,ALL PRODUCTION PRACTICES,GRAIN,PRICE RECEIVED,$ / BU,"CORN, GRAIN - PRICE RECEIVED, MEASURED IN $ / BU",TOTAL,NOT SPECIFIED,NATIONAL,,99,US,US TOTAL,,,,,,,,0,,,9000,UNITED STATES,US TOTAL,2023,MONTHLY,2,2,FEB,,2023-09-29 15:00:00.000,6.8,
SURVEY,CROPS,FIELD CROPS,CORN,ALL CLASSES,ALL PRODUCTION PRACTICES,GRAIN,PRICE RECEIVED,$ / BU,"CORN, GRAIN - PRICE RECEIVED, MEASURED IN $ / BU",TOTAL,NOT SPECIFIED,NATIONAL,,99,US,US TOTAL,,,,,,,,0,,,9000,UNITED STATES,US TOTAL,2023,MONTHLY,3,3,MAR,,2023-09-29 15:00:00.000,6.67,
SURVEY,CROPS,FIELD CROPS,CORN,ALL CLASSES,ALL PRODUCTION PRACTICES,GRAIN,PRICE RECEIVED,$ / BU,"CORN, GRAIN - PRICE RECEIVED, MEASURED IN $ / BU",TOTAL,NOT SPECIFIED,NATIONAL,,99,US,US TOTAL,,,,,,,,0,,,9000,UNITED STATES,US TOTAL,2023,MONTHLY,4,4,APR,,2023-09-29 15:00:00.000,6.7,
SURVEY,CROPS,FIELD CROPS,CORN,ALL CLASSES,ALL PRODUCTION PRACTICES,GRAIN,PRICE RECEIVED,$ / BU,"CORN, GRAIN - PRICE RECEIVED, MEASURED IN $ / BU",TOTAL,NOT SPECIFIED,NATIONAL,,99,US,US TOTAL,,,,,,,,0,,,9000,UNITED STATES,US TOTAL,2023,MONTHLY,5,5,MAY,,2023-09-29 15:00:00.000,6.54,
SURVEY,CROPS,FIELD CROPS,CORN,ALL CLASSES,ALL PRODUCTION PRACTICES,GRAIN,PRICE RECEIVED,$ / BU,"CORN, GRAIN - PRICE RECEIVED, MEASURED IN $ / BU",TOTAL,NOT SPECIFIED,NATIONAL,,99,US,US TOTAL,,,,,,,,0,,,9000,UNITED STATES,US TOTAL,2023,MONTHLY,6,6,JUN,,2023-09-29 15:00:00.000,6.49,
SURVEY,CROPS,FIELD CROPS,CORN,ALL CLASSES,ALL PRODUCTION PRACTICES,GRAIN,PRICE RECEIVED,$ / BU,"CORN, GRAIN - PRICE RECEIVED, MEASURED IN $ / BU",TOTAL,NOT SPECIFIED,NATIONAL,,99,US,US TOTAL,,,,,,,,0,,,9000,UNITED STATES,US TOTAL,2023,MONTHLY,7,7,JUL,,2023-09-29 15:00:00.000,6.22,
SURVEY,CROPS,FIELD CROPS,CORN,ALL CLASSES,ALL PRODUCTION PRACTICES,GRAIN,PRICE RECEIVED,$ / BU,"CORN, GRAIN - PRICE RECEIVED, MEASURED IN $ / BU",TOTAL,NOT SPECIFIED,NATIONAL,,99,US,US TOTAL,,,,,,,,0,,,9000,UNITED STATES,US TOTAL,2023,MONTHLY,8,8,AUG,,2023-09-29 15:00:00.000,5.73,
SURVEY,CROPS,FIELD CROPS,CORN,ALL CLASSES,ALL PRODUCTION PRACTICES,GRAIN,PRICE RECEIVED,$ / BU,"CORN, GRAIN - PRICE RECEIVED, MEASURED IN $ / BU",TOTAL,NOT SPECIFIED,NATIONAL,,99,US,US TOTAL,,,,,,,,0,,,9000,UNITED STATES,US TOTAL,2023,MONTHLY,9,9,SEP,,2024-09-27 15:00:00.000,5.21,
SURVEY,CROPS,FIELD CROPS,CORN,ALL CLASSES,ALL PRODUCTION PRACTICES,GRAIN,PRICE RECEIVED,$ / BU,"CORN, GRAIN - PRICE RECEIVED, MEASURED IN $ / BU",TOTAL,NOT SPECIFIED,NATIONAL,,99,US,US TOTAL,,,,,,,,0,,,9000,UNITED STATES,US TOTAL,2023,MONTHLY,10,10,OCT,,2024-09-27 15:00:00.000,4.93,
SURVEY,CROPS,FIELD CROPS,CORN,ALL CLASSES,ALL PRODUCTION PRACTICES,GRAIN,PRICE RECEIVED,$ / BU,"CORN, GRAIN - PRICE RECEIVED, MEASURED IN $ / BU",TOTAL,NOT SPECIFIED,NATIONAL,,99,US,US TOTAL,,,,,,,,0,,,9000,UNITED STATES,US TOTAL,2023,MONTHLY,11,11,NOV,,2025-12-15 15:00:00.000,4.66,
SURVEY,CROPS,FIELD CROPS,CORN,ALL CLASSES,ALL PRODUCTION PRACTICES,GRAIN,PRICE RECEIVED,$ / BU,"CORN, GRAIN - PRICE RECEIVED, MEASURED IN $ / BU",TOTAL,NOT SPECIFIED,NATIONAL,,99,US,US TOTAL,,,,,,,,0,,,9000,UNITED STATES,US TOTAL,2023,MONTHLY,12,12,DEC,,2024-09-27 15:00:00.000,4.8,
SURVEY,CROPS,FIELD CROPS,CORN,ALL CLASSES,ALL PRODUCTION PRACTICES,GRAIN,PRICE RECEIVED,$ / BU,"CORN, GRAIN - PRICE RECEIVED, MEASURED IN $ / BU",TOTAL,NOT SPECIFIED,NATIONAL,,99,US,US TOTAL,,,,,,,,0,,,9000,UNITED STATES,US TOTAL,2022,ANNUAL,0,0,MARKETING YEAR,,2024-02-16 15:00:00.000,6.54,
SURVEY,CROPS,FIELD CROPS,CORN,ALL CLASSES,ALL PRODUCTION PRACTICES,GRAIN,PRICE RECEIVED,$ / BU,"CORN, GRAIN - PRICE RECEIVED, MEASURED IN $ / BU",TOTAL,NOT SPECIFIED,NATIONAL,,99,US,US TOTAL,,,,,,,,0,,,9000,UNITED STATES,US TOTAL,2022,ANNUAL,0,0,YEAR,,2025-07-31 15:00:00.000,6.76,
SURVEY,CROPS,FIELD CROPS,CORN,ALL CLASSES,ALL PRODUCTION PRACTICES,GRAIN,PRICE RECEIVED,$ / BU,"CORN, GRAIN - PRICE RECEIVED, MEASURED IN $ / BU",TOTAL,NOT SPECIFIED,NATIONAL,,99,US,US TOTAL,,,,,,,,0,,,9000,UNITED STATES,US TOTAL,2022,MONTHLY,1,1,JAN,,2022-09-30 15:00:00.000,5.58,
SURVEY,CROPS,FIELD CROPS,CORN,ALL CLASSES,ALL PRODUCTION PRACTICES,GRAIN,PRICE RECEIVED,$ / BU,"CORN, GRAIN - PRICE RECEIVED, MEASURED IN $ / BU",TOTAL,NOT SPECIFIED,NATIONAL,,99,US,US TOTAL,,,,,,,,0,,,9000,UNITED STATES,US TOTAL,2022,MONTHLY,2,2,FEB,,2022-09-30 15:00:00.000,6.09,
SURVEY,CROPS,FIELD CROPS,CORN,ALL CLASSES,ALL PRODUCTION PRACTICES,GRAIN,PRICE RECEIVED,$ / BU,"CORN, GRAIN - PRICE RECEIVED, MEASURED IN $ / BU",TOTAL,NOT SPECIFIED,NATIONAL,,99,US,US TOTAL,,,,,,,,0,,,9000,UNITED STATES,US TOTAL,2022,MONTHLY,3,3,MAR,,2022-09-30 15:00:00.000,6.56,
SURVEY,CROPS,FIELD CROPS,CORN,ALL CLASSES,ALL PRODUCTION PRACTICES,GRAIN,PRICE RECEIVED,$ / BU,"CORN, GRAIN - PRICE RECEIVED, MEASURED IN $ / BU",TOTAL,NOT SPECIFIED,NATIONAL,,99,US,US TOTAL,,,,,,,,0,,,9000,UNITED STATES,US TOTAL,2022,MONTHLY,4,4,APR,,2022-09-30 15:00:00.000,7.07,
SURVEY,CROPS,FIELD CROPS,CORN,ALL CLASSES,ALL PRODUCTION PRACTICES,GRAIN,PRICE RECEIVED,$ / BU,"CORN, GRAIN - PRICE RECEIVED, MEASURED IN $ / BU",TOTAL,NOT SPECIFIED,NATIONAL,,99,US,US TOTAL,,,,,,,,0,,,9000,UNITED STATES,US TOTAL,2022,MONTHLY,5,5,MAY,,2022-09-30 15:00:00.000,7.26,
SURVEY,CROPS,FIELD CROPS,CORN,ALL CLASSES,ALL PRODUCTION PRACTICES,GRAIN,PRICE RECEIVED,$ / BU,"CORN, GRAIN - PRICE RECEIVED, MEASURED IN $ / BU",TOTAL,NOT SPECIFIED,NATIONAL,,99,US,US TOTAL,,,,,,,,0,,,9000,UNITED STATES,US TOTAL,2022,MONTHLY,6,6,JUN,,2022-09-30 15:00:00.000,7.38,
SURVEY,CROPS,FIELD CROPS,CORN,ALL CLASSES,ALL PRODUCTION PRACTICES,GRAIN,PRICE RECEIVED,$ / BU,"CORN, GRAIN - PRICE RECEIVED, MEASURED IN $ / BU",TOTAL,NOT SPECIFIED,NATIONAL,,99,US,US TOTAL,,,,,,,,0,,,9000,UNITED STATES,US TOTAL,2022,MONTHLY,7,7,JUL,,2022-09-30 15:00:00.000,7.25,
SURVEY,CROPS,FIELD CROPS,CORN,ALL CLASSES,ALL PRODUCTION PRACTICES,GRAIN,PRICE RECEIVED,$ / BU,"CORN, GRAIN - PRICE RECEIVED, MEASURED IN $ / BU",TOTAL,NOT SPECIFIED,NATIONAL,,99,US,US TOTAL,,,,,,,,0,,,9000,UNITED STATES,US TOTAL,2022,MONTHLY,8,8,AUG,,2022-09-30 15:00:00.000,7.24,
SURVEY,CROPS,FIELD CROPS,CORN,ALL CLASSES,ALL PRODUCTION PRACTICES,GRAIN,PRICE RECEIVED,$ / BU,"CORN, GRAIN - PRICE RECEIVED, MEASURED IN $ / BU",TOTAL,NOT SPECIFIED,NATIONAL,,99,US,US TOTAL,,,,,,,,0,,,9000,UNITED STATES,US TOTAL,2022,MONTHLY,9,9,SEP,,2023-09-29 15:00:00.000,7.09,
SURVEY,CROPS,FIELD CROPS,CORN,ALL CLASSES,ALL PRODUCTION PRACTICES,GRAIN,PRICE RECEIVED,$ / BU,"CORN, GRAIN - PRICE RECEIVED, MEASURED IN $ / BU",TOTAL,NOT SPECIFIED,NATIONAL,,99,US,US TOTAL,,,,,,,,0,,,9000,UNITED STATES,US TOTAL,2022,MONTHLY,10,10,OCT,,2023-09-29 15:00:00.000,6.49,
SURVEY,CROPS,FIELD CROPS,CORN,ALL CLASSES,ALL PRODUCTION PRACTICES,GRAIN,PRICE RECEIVED,$ / BU,"CORN, GRAIN - PRICE RECEIVED, MEASURED IN $ / BU",TOTAL,NOT SPECIFIED,NATIONAL,,99,US,US TOTAL,,,,,,,,0,,,9000,UNITED STATES,US TOTAL,2022,MONTHLY,11,11,NOV,,2024-11-29 15:00:00.000,6.49,
SURVEY,CROPS,FIELD CROPS,CORN,ALL CLASSES,ALL PRODUCTION PRACTICES,GRAIN,PRICE RECEIVED,$ / BU,"CORN, GRAIN - PRICE RECEIVED, MEASURED IN $ / BU",TOTAL,NOT SPECIFIED,NATIONAL,,99,US,US TOTAL,,,,,,,,0,,,9000,UNITED STATES,US TOTAL,2022,MONTHLY,12,12,DEC,,2023-09-29 15:00:00.000,6.58,
SURVEY,CROPS,FIELD CROPS,CORN,ALL CLASSES,ALL PRODUCTION PRACTICES,GRAIN,PRICE RECEIVED,$ / BU,"CORN, GRAIN - PRICE RECEIVED, MEASURED IN $ / BU",TOTAL,NOT SPECIFIED,NATIONAL,,99,US,US TOTAL,,,,,,,,0,,,9000,UNITED STATES,US TOTAL,2021,ANNUAL,0,0,MARKETING YEAR,,2024-02-16 15:00:00.000,6.0,
SURVEY,CROPS,FIELD CROPS,CORN,ALL CLASSES,ALL PRODUCTION PRACTICES,GRAIN,PRICE RECEIVED,$ / BU,"CORN, GRAIN - PRICE RECEIVED, MEASURED IN $ / BU",TOTAL,NOT SPECIFIED,NATIONAL,,99,US,US TOTAL,,,,,,,,0,,,9000,UNITED STATES,US TOTAL,2021,ANNUAL,0,0,YEAR,,2024-07-31 15:00:00.000,5.4,
SURVEY,CROPS,FIELD CROPS,CORN,ALL CLASSES,ALL PRODUCTION PRACTICES,GRAIN,PRICE RECEIVED,$ / BU,"CORN, GRAIN - PRICE RECEIVED, MEASURED IN $ / BU",TOTAL,NOT SPECIFIED,NATIONAL,,99,US,US TOTAL,,,,,,,,0,,,9000,UNITED STATES,US TOTAL,2021,MONTHLY,1,1,JAN,,2022-09-30 15:00:00.000,4.24,
SURVEY,CROPS,FIELD CROPS,CORN,ALL CLASSES,ALL PRODUCTION PRACTICES,GRAIN,PRICE RECEIVED,$ / BU,"CORN, GRAIN - PRICE RECEIVED, MEASURED IN $ / BU",TOTAL,NOT SPECIFIED,NATIONAL,,99,US,US TOTAL,,,,,,,,0,,,9000,UNITED STATES,US TOTAL,2021,MONTHLY,2,2,FEB,,2022-09-30 15:00:00.000,4.75,
SURVEY,CROPS,FIELD CROPS,CORN,ALL CLASSES,ALL PRODUCTION PRACTICES,GRAIN,PRICE RECEIVED,$ / BU,"CORN, GRAIN - PRICE RECEIVED, MEASURED IN $ / BU",TOTAL,NOT SPECIFIED,NATIONAL,,99,US,US TOTAL,,,,,,,,0,,,9000,UNITED STATES,US TOTAL,2021,MONTHLY,3,3,MAR,,2022-09-30 15:00:00.000,4.89,
SURVEY,CROPS,FIELD CROPS,CORN,ALL CLASSES,ALL PRODUCTION PRACTICES,GRAIN,PRICE RECEIVED,$ / BU,"CORN, GRAIN - PRICE RECEIVED, MEASURED IN $ / BU",TOTAL,NOT SPECIFIED,NATIONAL,,99,US,US TOTAL,,,,,,,,0,,,9000,UNITED STATES,US TOTAL,2021,MONTHLY,4,4,APR,,2022-09-30 15:00:00.000,5.31,
SURVEY,CROPS,FIELD CROPS,CORN,ALL CLASSES,ALL PRODUCTION PRACTICES,GRAIN,PRICE RECEIVED,$ / BU,"CORN, GRAIN - PRICE RECEIVED, MEASURED IN $ / BU",TOTAL,NOT SPECIFIED,NATIONAL,,99,US,US TOTAL,,,,,,,,0,,,9000,UNITED STATES,US TOTAL,2021,MONTHLY,5,5,MAY,,2022-09-30 15:00:00.000,5.91,
SURVEY,CROPS,FIELD CROPS,CORN,ALL CLASSES,ALL PRODUCTION PRACTICES,GRAIN,PRICE RECEIVED,$ / BU,"CORN, GRAIN - PRICE RECEIVED, MEASURED IN $ / BU",TOTAL,NOT SPECIFIED,NATIONAL,,99,US,US TOTAL,,,,,,,,0,,,9000,UNITED STATES,US TOTAL,2021,MONTHLY,6,6,JUN,,2022-09-30 15:00:00.000,6.0,
SURVEY,CROPS,FIELD CROPS,CORN,ALL CLASSES,ALL PRODUCTION PRACTICES,GRAIN,PRICE RECEIVED,$ / BU,"CORN, GRAIN - PRICE RECEIVED, MEASURED IN $ / BU",TOTAL,NOT SPECIFIED,NATIONAL,,99,US,US TOTAL,,,,,,,,0,,,9000,UNITED STATES,US TOTAL,2021,MONTHLY,7,7,JUL,,2022-09-30 15:00:00.000,6.12,
SURVEY,CROPS,FIELD CROPS,CORN,ALL CLASSES,ALL PRODUCTION PRACTICES,GRAIN,PRICE RECEIVED,$ / BU,"CORN, GRAIN - PRICE RECEIVED, MEASURED IN $ / BU",TOTAL,NOT SPECIFIED,NATIONAL,,99,US,US TOTAL,,,,,,,,0,,,9000,UNITED STATES,US TOTAL,2021,MONTHLY,8,8,AUG,,2022-09-30 15:00:00.000,6.32,
SURVEY,CROPS,FIELD CROPS,CORN,ALL CLASSES,ALL PRODUCTION PRACTICES,GRAIN,PRICE RECEIVED,$ / BU,"CORN, GRAIN - PRICE RECEIVED, MEASURED IN $ / BU",TOTAL,NOT SPECIFIED,NATIONAL,,99,US,US TOTAL,,,,,,,,0,,,9000,UNITED STATES,US TOTAL,2021,MONTHLY,9,9,SEP,,2022-09-30 15:00:00.000,5.47,
SURVEY,CROPS,FIELD CROPS,CORN,ALL CLASSES,ALL PRODUCTION PRACTICES,GRAIN,PRICE RECEIVED,$ / BU,"CORN, GRAIN - PRICE RECEIVED, MEASURED IN $ / BU",TOTAL,NOT SPECIFIED,NATIONAL,,99,US,US TOTAL,,,,,,,,0,,,9000,UNITED STATES,US TOTAL,2021,MONTHLY,10,10,OCT,,2022-09-30 15:00:00.000,5.02,
SURVEY,CROPS,FIELD CROPS,CORN,ALL CLASSES,ALL PRODUCTION PRACTICES,GRAIN,PRICE RECEIVED,$ / BU,"CORN, GRAIN - PRICE RECEIVED, MEASURED IN $ / BU",TOTAL,NOT SPECIFIED,NATIONAL,,99,US,US TOTAL,,,,,,,,0,,,9000,UNITED STATES,US TOTAL,2021,MONTHLY,11,11,NOV,,2023-11-30 15:00:00.000,5.26,
SURVEY,CROPS,FIELD CROPS,CORN,ALL CLASSES,ALL PRODUCTION PRACTICES,GRAIN,PRICE RECEIVED,$ / BU,"CORN, GRAIN - PRICE RECEIVED, MEASURED IN $ / BU",TOTAL,NOT SPECIFIED,NATIONAL,,99,US,US TOTAL,,,,,,,,0,,,9000,UNITED STATES,US TOTAL,2021,MONTHLY,12,12,DEC,,2022-09-30 15:00:00.000,5.47,
SURVEY,CROPS,FIELD CROPS,CORN,ALL CLASSES,ALL PRODUCTION PRACTICES,GRAIN,PRICE RECEIVED,$ / BU,"CORN, GRAIN - PRICE RECEIVED, MEASURED IN $ / BU",TOTAL,NOT SPECIFIED,NATIONAL,,99,US,US TOTAL,,,,,,,,0,,,9000,UNITED STATES,US TOTAL,2020,ANNUAL,0,0,MARKETING YEAR,,2024-02-16 15:00:00.000,4.53,
SURVEY,CROPS,FIELD CROPS,CORN,ALL CLASSES,ALL PRODUCTION PRACTICES,GRAIN,PRICE RECEIVED,$ / BU,"CORN, GRAIN - PRICE RECEIVED, MEASURED IN $ / BU",TOTAL,NOT SPECIFIED,NATIONAL,,99,US,US TOTAL,,,,,,,,0,,,9000,UNITED STATES,US TOTAL,2020,ANNUAL,0,0,YEAR,,2023-07-28 15:00:00.000,3.5,
SURVEY,CROPS,FIELD CROPS,CORN,ALL CLASSES,ALL PRODUCTION PRACTICES,GRAIN,PRICE RECEIVED,$ / BU,"CORN, GRAIN - PRICE RECEIVED, MEASURED IN $ / BU",TOTAL,NOT SPECIFIED,NATIONAL,,99,US,US TOTAL,,,,,,,,0,,,9000,UNITED STATES,US TOTAL,2020,MONTHLY,1,1,JAN,,2021-11-30 15:01:54.000,3.79,
SURVEY,CROPS,FIELD CROPS,CORN,ALL CLASSES,ALL PRODUCTION PRACTICES,GRAIN,PRICE RECEIVED,$ / BU,"CORN, GRAIN - PRICE RECEIVED, MEASURED IN $ / BU",TOTAL,NOT SPECIFIED,NATIONAL,,99,US,US TOTAL,,,,,,,,0,,,9000,UNITED STATES,US TOTAL,2020,MONTHLY,2,2,FEB,,2021-11-30 15:01:54.000,3.78,
SURVEY,CROPS,FIELD CROPS,CORN,ALL CLASSES,ALL PRODUCTION PRACTICES,GRAIN,PRICE RECEIVED,$ / BU,"CORN, GRAIN - PRICE RECEIVED, MEASURED IN $ / BU",TOTAL,NOT SPECIFIED,NATIONAL,,99,US,US TOTAL,,,,,,,,0,,,9000,UNITED STATES,US TOTAL,2020,MONTHLY,3,3,MAR,,2021-11-30 15:01:54.000,3.68,
SURVEY,CROPS,FIELD CROPS,CORN,ALL CLASSES,ALL PRODUCTION PRACTICES,GRAIN,PRICE RECEIVED,$ / BU,"CORN, GRAIN - PRICE RECEIVED, MEASURED IN $ / BU",TOTAL,NOT SPECIFIED,NATIONAL,,99,US,US TOTAL,,,,,,,,0,,,9000,UNITED STATES,US TOTAL,2020,MONTHLY,4,4,APR,,2021-11-30 15:01:54.000,3.29,
SURVEY,CROPS,FIELD CROPS,CORN,ALL CLASSES,ALL PRODUCTION PRACTICES,GRAIN,PRICE RECEIVED,$ / BU,"CORN, GRAIN - PRICE RECEIVED, MEASURED IN $ / BU",TOTAL,NOT SPECIFIED,NATIONAL,,99,US,US TOTAL,,,,,,,,0,,,9000,UNITED STATES,US TOTAL,2020,MONTHLY,5,5,MAY,,2021-11-30 15:01:54.000,3.2,
SURVEY,CROPS,FIELD CROPS,CORN,ALL CLASSES,ALL PRODUCTION PRACTICES,GRAIN,PRICE RECEIVED,$ / BU,"CORN, GRAIN - PRICE RECEIVED, MEASURED IN $ / BU",TOTAL,NOT SPECIFIED,NATIONAL,,99,US,US TOTAL,,,,,,,,0,,,9000,UNITED STATES,US TOTAL,2020,MONTHLY,6,6,JUN,,2021-11-30 15:01:54.000,3.16,
SURVEY,CROPS,FIELD CROPS,CORN,ALL CLASSES,ALL PRODUCTION PRACTICES,GRAIN,PRICE RECEIVED,$ / BU,"CORN, GRAIN - PRICE RECEIVED, MEASURED IN $ / BU",TOTAL,NOT SPECIFIED,NATIONAL,,99,US,US TOTAL,,,,,,,,0,,,9000,UNITED STATES,US TOTAL,2020,MONTHLY,7,7,JUL,,2021-11-30 15:01:54.000,3.21,
SURVEY,CROPS,FIELD CROPS,CORN,ALL CLASSES,ALL PRODUCTION PRACTICES,GRAIN,PRICE RECEIVED,$ / BU,"CORN, GRAIN - PRICE RECEIVED, MEASURED IN $ / BU",TOTAL,NOT SPECIFIED,NATIONAL,,99,US,US TOTAL,,,,,,,,0,,,9000,UNITED STATES,US TOTAL,2020,MONTHLY,8,8,AUG,,2021-11-30 15:01:54.000,3.12,
SURVEY,CROPS,FIELD CROPS,CORN,ALL CLASSES,ALL PRODUCTION PRACTICES,GRAIN,PRICE RECEIVED,$ / BU,"CORN, GRAIN - PRICE RECEIVED, MEASURED IN $ / BU",TOTAL,NOT SPECIFIED,NATIONAL,,99,US,US TOTAL,,,,,,,,0,,,9000,UNITED STATES,US TOTAL,2020,MONTHLY,9,9,SEP,,2022-09-30 15:00:00.000,3.41,
SURVEY,CROPS,FIELD CROPS,CORN,ALL CLASSES,ALL PRODUCTION PRACTICES,GRAIN,PRICE RECEIVED,$ / BU,"CORN, GRAIN - PRICE RECEIVED, MEASURED IN $ / BU",TOTAL,NOT SPECIFIED,NATIONAL,,99,US,US TOTAL,,,,,,,,0,,,9000,UNITED STATES,US TOTAL,2020,MONTHLY,10,10,OCT,,2022-09-30 15:00:00.000,3.61,
SURVEY,CROPS,FIELD CROPS,CORN,ALL CLASSES,ALL PRODUCTION PRACTICES,GRAIN,PRICE RECEIVED,$ / BU,"CORN, GRAIN - PRICE RECEIVED, MEASURED IN $ / BU",TOTAL,NOT SPECIFIED,NATIONAL,,99,US,US TOTAL,,,,,,,,0,,,9000,UNITED STATES,US TOTAL,2020,MONTHLY,11,11,NOV,,2022-11-30 15:00:00.000,3.79,
SURVEY,CROPS,FIELD CROPS,CORN,ALL CLASSES,ALL PRODUCTION PRACTICES,GRAIN,PRICE RECEIVED,$ / BU,"CORN, GRAIN - PRICE RECEIVED, MEASURED IN $ / BU",TOTAL,NOT SPECIFIED,NATIONAL,,99,US,US TOTAL,,,,,,,,0,,,9000,UNITED STATES,US TOTAL,2020,MONTHLY,12,12,DEC,,2022-09-30 15:00:00.000,3.97,
SURVEY,CROPS,FIELD CROPS,CORN,ALL CLASSES,ALL PRODUCTION PRACTICES,GRAIN,PRICE RECEIVED,$ / BU,"CORN, GRAIN - PRICE RECEIVED, MEASURED IN $ / BU",TOTAL,NOT SPECIFIED,NATIONAL,,99,US,US TOTAL,,,,,,,,0,,,9000,UNITED STATES,US TOTAL,2019,ANNUAL,0,0,MARKETING YEAR,,2024-02-16 15:00:00.000,3.56,
SURVEY,CROPS,FIELD CROPS,CORN,ALL CLASSES,ALL PRODUCTION PRACTICES,GRAIN,PRICE RECEIVED,$ / BU,"CORN, GRAIN - PRICE RECEIVED, MEASURED IN $ / BU",TOTAL,NOT SPECIFIED,NATIONAL,,99,US,US TOTAL,,,,,,,,0,,,9000,UNITED STATES,US TOTAL,2019,ANNUAL,0,0,YEAR,,2022-07-29 15:01:54.000,3.75,
SURVEY,CROPS,FIELD CROPS,CORN,ALL CLASSES,ALL PRODUCTION PRACTICES,GRAIN,PRICE RECEIVED,$ / BU,"CORN, GRAIN - PRICE RECEIVED, MEASURED IN $ / BU",TOTAL,NOT SPECIFIED,NATIONAL,,99,US,US TOTAL,,,,,,,,0,,,9000,UNITED STATES,US TOTAL,2019,MONTHLY,1,1,JAN,,2021-09-30 15:01:42.000,3.56,
SURVEY,CROPS,FIELD CROPS,CORN,ALL CLASSES,ALL PRODUCTION PRACTICES,GRAIN,PRICE RECEIVED,$ / BU,"CORN, GRAIN - PRICE RECEIVED, MEASURED IN $ / BU",TOTAL,NOT SPECIFIED,NATIONAL,,99,US,US TOTAL,,,,,,,,0,,,9000,UNITED STATES,US TOTAL,2019,MONTHLY,2,2,FEB,,2021-09-30 15:01:42.000,3.6,
SURVEY,CROPS,FIELD CROPS,CORN,ALL CLASSES,ALL PRODUCTION PRACTICES,GRAIN,PRICE RECEIVED,$ / BU,"CORN, GRAIN - PRICE RECEIVED, MEASURED IN $ / BU",TOTAL,NOT SPECIFIED,NATIONAL,,99,US,US TOTAL,,,,,,,,0,,,9000,UNITED STATES,US TOTAL,2019,MONTHLY,3,3,MAR,,2021-09-30 15:01:42.000,3.61,
SURVEY,CROPS,FIELD CROPS,CORN,ALL CLASSES,ALL PRODUCTION PRACTICES,GRAIN,PRICE RECEIVED,$ / BU,"CORN, GRAIN - PRICE RECEIVED, MEASURED IN $ / BU",TOTAL,NOT SPECIFIED,NATIONAL,,99,US,US TOTAL,,,,,,,,0,,,9000,UNITED STATES,US TOTAL,2019,MONTHLY,4,4,APR,,2021-09-30 15:01:42.000,3.53,
SURVEY,CROPS,FIELD CROPS,CORN,ALL CLASSES,ALL PRODUCTION PRACTICES,GRAIN,PRICE RECEIVED,$ / BU,"CORN, GRAIN - PRICE RECEIVED, MEASURED IN $ / BU",TOTAL,NOT SPECIFIED,NATIONAL,,99,US,US TOTAL,,,,,,,,0,,,9000,UNITED STATES,US TOTAL,2019,MONTHLY,5,5,MAY,,2021-09-30 15:01:42.000,3.63,
SURVEY,CROPS,FIELD CROPS,CORN,ALL CLASSES,ALL PRODUCTION PRACTICES,GRAIN,PRICE RECEIVED,$ / BU,"CORN, GRAIN - PRICE RECEIVED, MEASURED IN $ / BU",TOTAL,NOT SPECIFIED,NATIONAL,,99,US,US TOTAL,,,,,,,,0,,,9000,UNITED STATES,US TOTAL,2019,MONTHLY,6,6,JUN,,2021-09-30 15:01:42.000,3.98,
SURVEY,CROPS,FIELD CROPS,CORN,ALL CLASSES,ALL PRODUCTION PRACTICES,GRAIN,PRICE RECEIVED,$ / BU,"CORN, GRAIN - PRICE RECEIVED, MEASURED IN $ / BU",TOTAL,NOT SPECIFIED,NATIONAL,,99,US,US TOTAL,,,,,,,,0,,,9000,UNITED STATES,US TOTAL,2019,MONTHLY,7,7,JUL,,2021-11-30 15:01:54.000,4.16,
SURVEY,CROPS,FIELD CROPS,CORN,ALL CLASSES,ALL PRODUCTION PRACTICES,GRAIN,PRICE RECEIVED,$ / BU,"CORN, GRAIN - PRICE RECEIVED, MEASURED IN $ / BU",TOTAL,NOT SPECIFIED,NATIONAL,,99,US,US TOTAL,,,,,,,,0,,,9000,UNITED STATES,US TOTAL,2019,MONTHLY,8,8,AUG,,2021-11-30 15:01:54.000,3.93,
SURVEY,CROPS,FIELD CROPS,CORN,ALL CLASSES,ALL PRODUCTION PRACTICES,GRAIN,PRICE RECEIVED,$ / BU,"CORN, GRAIN - PRICE RECEIVED, MEASURED IN $ / BU",TOTAL,NOT SPECIFIED,NATIONAL,,99,US,US TOTAL,,,,,,,,0,,,9000,UNITED STATES,US TOTAL,2019,MONTHLY,9,9,SEP,,2021-11-30 15:01:54.000,3.8,
SURVEY,CROPS,FIELD CROPS,CORN,ALL CLASSES,ALL PRODUCTION PRACTICES,GRAIN,PRICE RECEIVED,$ / BU,"CORN, GRAIN - PRICE RECEIVED, MEASURED IN $ / BU",TOTAL,NOT SPECIFIED,NATIONAL,,99,US,US TOTAL,,,,,,,,0,,,9000,UNITED STATES,US TOTAL,2019,MONTHLY,10,10,OCT,,2021-11-30 15:01:54.000,3.85,
SURVEY,CROPS,FIELD CROPS,CORN,ALL CLASSES,ALL PRODUCTION PRACTICES,GRAIN,PRICE RECEIVED,$ / BU,"CORN, GRAIN - PRICE RECEIVED, MEASURED IN $ / BU",TOTAL,NOT SPECIFIED,NATIONAL,,99,US,US TOTAL,,,,,,,,0,,,9000,UNITED STATES,US TOTAL,2019,MONTHLY,11,11,NOV,,2021-11-30 15:01:54.000,3.68,
SURVEY,CROPS,FIELD CROPS,CORN,ALL CLASSES,ALL PRODUCTION PRACTICES,GRAIN,PRICE RECEIVED,$ / BU,"CORN, GRAIN - PRICE RECEIVED, MEASURED IN $ / BU",TOTAL,NOT SPECIFIED,NATIONAL,,99,US,US TOTAL,,,,,,,,0,,,9000,UNITED STATES,US TOTAL,2019,MONTHLY,12,12,DEC,,2021-11-30 15:01:54.000,3.71,
SURVEY,CROPS,FIELD CROPS,CORN,ALL CLASSES,ALL PRODUCTION PRACTICES,GRAIN,PRICE RECEIVED,$ / BU,"CORN, GRAIN - PRICE RECEIVED, MEASURED IN $ / BU",TOTAL,NOT SPECIFIED,NATIONAL,,99,US,US TOTAL,,,,,,,,0,,,9000,UNITED STATES,US TOTAL,2018,ANNUAL,0,0,MARKETING YEAR,,2024-02-16 15:00:00.000,3.61,
SURVEY,CROPS,FIELD CROPS,CORN,ALL CLASSES,ALL PRODUCTION PRACTICES,GRAIN,PRICE RECEIVED,$ / BU,"CORN, GRAIN - PRICE RECEIVED, MEASURED IN $ / BU",TOTAL,NOT SPECIFIED,NATIONAL,,99,US,US TOTAL,,,,,,,,0,,,9000,UNITED STATES,US TOTAL,2018,ANNUAL,0,0,YEAR,,2022-07-29 15:01:54.000,3.47,
SURVEY,CROPS,FIELD CROPS,CORN,ALL CLASSES,ALL PRODUCTION PRACTICES,GRAIN,PRICE RECEIVED,$ / BU,"CORN, GRAIN - PRICE RECEIVED, MEASURED IN $ / BU",TOTAL,NOT SPECIFIED,NATIONAL,,99,US,US TOTAL,,,,,,,,0,,,9000,UNITED STATES,US TOTAL,2018,MONTHLY,1,1,JAN,,2020-09-30 15:08:13.000,3.29,
SURVEY,CROPS,FIELD CROPS,CORN,ALL CLASSES,ALL PRODUCTION PRACTICES,GRAIN,PRICE RECEIVED,$ / BU,"CORN, GRAIN - PRICE RECEIVED, MEASURED IN $ / BU",TOTAL,NOT SPECIFIED,NATIONAL,,99,US,US TOTAL,,,,,,,,0,,,9000,UNITED STATES,US TOTAL,2018,MONTHLY,2,2,FEB,,2020-09-30 15:08:13.000,3.38,
SURVEY,CROPS,FIELD CROPS,CORN,ALL CLASSES,ALL PRODUCTION PRACTICES,GRAIN,PRICE RECEIVED,$ / BU,"CORN, GRAIN - PRICE RECEIVED, MEASURED IN $ / BU",TOTAL,NOT SPECIFIED,NATIONAL,,99,US,US TOTAL,,,,,,,,0,,,9000,UNITED STATES,US TOTAL,2018,MONTHLY,3,3,MAR,,2020-09-30 15:08:13.000,3.51,
SURVEY,CROPS,FIELD CROPS,CORN,ALL CLASSES,ALL PRODUCTION PRACTICES,GRAIN,PRICE RECEIVED,$ / BU,"CORN, GRAIN - PRICE RECEIVED, MEASURED IN $ / BU",TOTAL,NOT SPECIFIED,NATIONAL,,99,US,US TOTAL,,,,,,,,0,,,9000,UNITED STATES,US TOTAL,2018,MONTHLY,4,4,APR,,2020-09-30 15:08:13.000,3.58,
SURVEY,CROPS,FIELD CROPS,CORN,ALL CLASSES,ALL PRODUCTION PRACTICES,GRAIN,PRICE RECEIVED,$ / BU,"CORN, GRAIN - PRICE RECEIVED, MEASURED IN $ / BU",TOTAL,NOT SPECIFIED,NATIONAL,,99,US,US TOTAL,,,,,,,,0,,,9000,UNITED STATES,US TOTAL,2018,MONTHLY,5,5,MAY,,2020-09-30 15:08:13.000,3.68,
SURVEY,CROPS,FIELD CROPS,CORN,ALL CLASSES,ALL PRODUCTION PRACTICES,GRAIN,PRICE RECEIVED,$ / BU,"CORN, GRAIN - PRICE RECEIVED, MEASURED IN $ / BU",TOTAL,NOT SPECIFIED,NATIONAL,,99,US,US TOTAL,,,,,,,,0,,,9000,UNITED STATES,US TOTAL,2018,MONTHLY,6,6,JUN,,2020-09-30 15:08:13.000,3.58,
SURVEY,CROPS,FIELD CROPS,CORN,ALL CLASSES,ALL PRODUCTION PRACTICES,GRAIN,PRICE RECEIVED,$ / BU,"CORN, GRAIN - PRICE RECEIVED, MEASURED IN $ / BU",TOTAL,NOT SPECIFIED,NATIONAL,,99,US,US TOTAL,,,,,,,,0,,,9000,UNITED STATES,US TOTAL,2018,MONTHLY,7,7,JUL,,2020-11-30 15:04:12.000,3.47,
SURVEY,CROPS,FIELD CROPS,CORN,ALL CLASSES,ALL PRODUCTION PRACTICES,GRAIN,PRICE RECEIVED,$ / BU,"CORN, GRAIN - PRICE RECEIVED, MEASURED IN $ / BU",TOTAL,NOT SPECIFIED,NATIONAL,,99,US,US TOTAL,,,,,,,,0,,,9000,UNITED STATES,US TOTAL,2018,MONTHLY,8,8,AUG,,2020-11-30 15:04:12.000,3.36,
SURVEY,CROPS,FIELD CROPS,CORN,ALL CLASSES,ALL PRODUCTION PRACTICES,GRAIN,PRICE RECEIVED,$ / BU,"CORN, GRAIN - PRICE RECEIVED, MEASURED IN $ / BU",TOTAL,NOT SPECIFIED,NATIONAL,,99,US,US TOTAL,,,,,,,,0,,,9000,UNITED STATES,US TOTAL,2018,MONTHLY,9,9,SEP,,2021-09-30 15:01:42.000,3.4,
SURVEY,CROPS,FIELD CROPS,CORN,ALL CLASSES,ALL PRODUCTION PRACTICES,GRAIN,PRICE RECEIVED,$ / BU,"CORN, GRAIN - PRICE RECEIVED, MEASURED IN $ / BU",TOTAL,NOT SPECIFIED,NATIONAL,,99,US,US TOTAL,,,,,,,,0,,,9000,UNITED STATES,US TOTAL,2018,MONTHLY,10,10,OCT,,2021-09-30 15:01:42.000,3.42,
SURVEY,CROPS,FIELD CROPS,CORN,ALL CLASSES,ALL PRODUCTION PRACTICES,GRAIN,PRICE RECEIVED,$ / BU,"CORN, GRAIN - PRICE RECEIVED, MEASURED IN $ / BU",TOTAL,NOT SPECIFIED,NATIONAL,,99,US,US TOTAL,,,,,,,,0,,,9000,UNITED STATES,US TOTAL,2018,MONTHLY,11,11,NOV,,2021-09-30 15:01:42.000,3.41,
SURVEY,CROPS,FIELD CROPS,CORN,ALL CLASSES,ALL PRODUCTION PRACTICES,GRAIN,PRICE RECEIVED,$ / BU,"CORN, GRAIN - PRICE RECEIVED, MEASURED IN $ / BU",TOTAL,NOT SPECIFIED,NATIONAL,,99,US,US TOTAL,,,,,,,,0,,,9000,UNITED STATES,US TOTAL,2018,MONTHLY,12,12,DEC,,2021-09-30 15:01:42.000,3.54,
SURVEY,CROPS,FIELD CROPS,CORN,ALL CLASSES,ALL PRODUCTION PRACTICES,GRAIN,PRICE RECEIVED,$ / BU,"CORN, GRAIN - PRICE RECEIVED, MEASURED IN $ / BU",TOTAL,NOT SPECIFIED,NATIONAL,,99,US,US TOTAL,,,,,,,,0,,,9000,UNITED STATES,US TOTAL,2017,ANNUAL,0,0,MARKETING YEAR,,2020-09-30 15:08:13.000,3.36,
SURVEY,CROPS,FIELD CROPS,CORN,ALL CLASSES,ALL PRODUCTION PRACTICES,GRAIN,PRICE RECEIVED,$ / BU,"CORN, GRAIN - PRICE RECEIVED, MEASURED IN $ / BU",TOTAL,NOT SPECIFIED,NATIONAL,,99,US,US TOTAL,,,,,,,,0,,,9000,UNITED STATES,US TOTAL,2017,ANNUAL,0,0,YEAR,,2022-07-29 15:01:54.000,3.36,
SURVEY,CROPS,FIELD CROPS,CORN,ALL CLASSES,ALL PRODUCTION PRACTICES,GRAIN,PRICE RECEIVED,$ / BU,"CORN, GRAIN - PRICE RECEIVED, MEASURED IN $ / BU",TOTAL,NOT SPECIFIED,NATIONAL,,99,US,US TOTAL,,,,,,,,0,,,9000,UNITED STATES,US TOTAL,2017,MONTHLY,1,1,JAN,,2019-09-27 15:12:29.000,3.4,
SURVEY,CROPS,FIELD CROPS,CORN,ALL CLASSES,ALL PRODUCTION PRACTICES,GRAIN,PRICE RECEIVED,$ / BU,"CORN, GRAIN - PRICE RECEIVED, MEASURED IN $ / BU",TOTAL,NOT SPECIFIED,NATIONAL,,99,US,US TOTAL,,,,,,,,0,,,9000,UNITED STATES,US TOTAL,2017,MONTHLY,2,2,FEB,,2019-09-27 15:12:29.000,3.44,
SURVEY,CROPS,FIELD CROPS,CORN,ALL CLASSES,ALL PRODUCTION PRACTICES,GRAIN,PRICE RECEIVED,$ / BU,"CORN, GRAIN - PRICE RECEIVED, MEASURED IN $ / BU",TOTAL,NOT SPECIFIED,NATIONAL,,99,US,US TOTAL,,,,,,,,0,,,9000,UNITED STATES,US TOTAL,2017,MONTHLY,3,3,MAR,,2019-09-27 15:12:29.000,3.49,
SURVEY,CROPS,FIELD CROPS,CORN,ALL CLASSES,ALL PRODUCTION PRACTICES,GRAIN,PRICE RECEIVED,$ / BU,"CORN, GRAIN - PRICE RECEIVED, MEASURED IN $ / BU",TOTAL,NOT SPECIFIED,NATIONAL,,99,US,US TOTAL,,,,,,,,0,,,9000,UNITED STATES,US TOTAL,2017,MONTHLY,4,4,APR,,2019-09-27 15:12:29.000,3.43,
SURVEY,CROPS,FIELD CROPS,CORN,ALL CLASSES,ALL PRODUCTION PRACTICES,GRAIN,PRICE RECEIVED,$ / BU,"CORN, GRAIN - PRICE RECEIVED, MEASURED IN $ / BU",TOTAL,NOT SPECIFIED,NATIONAL,,99,US,US TOTAL,,,,,,,,0,,,9000,UNITED STATES,US TOTAL,2017,MONTHLY,5,5,MAY,,2019-09-27 15:12:29.000,3.45,
SURVEY,CROPS,FIELD CROPS,CORN,ALL CLASSES,ALL PRODUCTION PRACTICES,GRAIN,PRICE RECEIVED,$ / BU,"CORN, GRAIN - PRICE RECEIVED, MEASURED IN $ / BU",TOTAL,NOT SPECIFIED,NATIONAL,,99,US,US TOTAL,,,,,,,,0,,,9000,UNITED STATES,US TOTAL,2017,MONTHLY,6,6,JUN,,2019-09-27 15:12:29.000,3.43,
SURVEY,CROPS,FIELD CROPS,CORN,ALL CLASSES,ALL PRODUCTION PRACTICES,GRAIN,PRICE RECEIVED,$ / BU,"CORN, GRAIN - PRICE RECEIVED, MEASURED IN $ / BU",TOTAL,NOT SPECIFIED,NATIONAL,,99,US,US TOTAL,,,,,,,,0,,,9000,UNITED STATES,US TOTAL,2017,MONTHLY,7,7,JUL,,2019-11-27 15:09:50.000,3.49,
SURVEY,CROPS,FIELD CROPS,CORN,ALL CLASSES,ALL PRODUCTION PRACTICES,GRAIN,PRICE RECEIVED,$ / BU,"CORN, GRAIN - PRICE RECEIVED, MEASURED IN $ / BU",TOTAL,NOT SPECIFIED,NATIONAL,,99,US,US TOTAL,,,,,,,,0,,,9000,UNITED STATES,US TOTAL,2017,MONTHLY,8,8,AUG,,2019-11-27 15:09:50.000,3.27,
SURVEY,CROPS,FIELD CROPS,CORN,ALL CLASSES,ALL PRODUCTION PRACTICES,GRAIN,PRICE RECEIVED,$ / BU,"CORN, GRAIN - PRICE RECEIVED, MEASURED IN $ / BU",TOTAL,NOT SPECIFIED,NATIONAL,,99,US,US TOTAL,,,,,,,,0,,,9000,UNITED STATES,US TOTAL,2017,MONTHLY,9,9,SEP,,2020-09-30 15:08:13.000,3.27,
SURVEY,CROPS,FIELD CROPS,CORN,ALL CLASSES,ALL PRODUCTION PRACTICES,GRAIN,PRICE RECEIVED,$ / BU,"CORN, GRAIN - PRICE RECEIVED, MEASURED IN $ / BU",TOTAL,NOT SPECIFIED,NATIONAL,,99,US,US TOTAL,,,,,,,,0,,,9000,UNITED STATES,US TOTAL,2017,MONTHLY,10,10,OCT,,2020-09-30 15:08:13.000,3.26,
SURVEY,CROPS,FIELD CROPS,CORN,ALL CLASSES,ALL PRODUCTION PRACTICES,GRAIN,PRICE RECEIVED,$ / BU,"CORN, GRAIN - PRICE RECEIVED, MEASURED IN $ / BU",TOTAL,NOT SPECIFIED,NATIONAL,,99,US,US TOTAL,,,,,,,,0,,,9000,UNITED STATES,US TOTAL,2017,MONTHLY,11,11,NOV,,2020-09-30 15:08:13.000,3.15,
SURVEY,CROPS,FIELD CROPS,CORN,ALL CLASSES,ALL PRODUCTION PRACTICES,GRAIN,PRICE RECEIVED,$ / BU,"CORN, GRAIN - PRICE RECEIVED, MEASURED IN $ / BU",TOTAL,NOT SPECIFIED,NATIONAL,,99,US,US TOTAL,,,,,,,,0,,,9000,UNITED STATES,US TOTAL,2017,MONTHLY,12,12,DEC,,2020-09-30 15:08:13.000,3.23,
SURVEY,CROPS,FIELD CROPS,CORN,ALL CLASSES,ALL PRODUCTION PRACTICES,GRAIN,PRICE RECEIVED,$ / BU,"CORN, GRAIN - PRICE RECEIVED, MEASURED IN $ / BU",TOTAL,NOT SPECIFIED,NATIONAL,,99,US,US TOTAL,,,,,,,,0,,,9000,UNITED STATES,US TOTAL,2016,ANNUAL,0,0,MARKETING YEAR,,2019-09-27 15:12:29.000,3.36,
SURVEY,CROPS,FIELD CROPS,CORN,ALL CLASSES,ALL PRODUCTION PRACTICES,GRAIN,PRICE RECEIVED,$ / BU,"CORN, GRAIN - PRICE RECEIVED, MEASURED IN $ / BU",TOTAL,NOT SPECIFIED,NATIONAL,,99,US,US TOTAL,,,,,,,,0,,,9000,UNITED STATES,US TOTAL,2016,ANNUAL,0,0,YEAR,,2022-07-29 15:01:54.000,3.48,
SURVEY,CROPS,FIELD CROPS,CORN,ALL CLASSES,ALL PRODUCTION PRACTICES,GRAIN,PRICE RECEIVED,$ / BU,"CORN, GRAIN - PRICE RECEIVED, MEASURED IN $ / BU",TOTAL,NOT SPECIFIED,NATIONAL,,99,US,US TOTAL,,,,,,,,0,,,9000,UNITED STATES,US TOTAL,2016,MONTHLY,1,1,JAN,,2018-09-27 15:06:18.000,3.66,
SURVEY,CROPS,FIELD CROPS,CORN,ALL CLASSES,ALL PRODUCTION PRACTICES,GRAIN,PRICE RECEIVED,$ / BU,"CORN, GRAIN - PRICE RECEIVED, MEASURED IN $ / BU",TOTAL,NOT SPECIFIED,NATIONAL,,99,US,US TOTAL,,,,,,,,0,,,9000,UNITED STATES,US TOTAL,2016,MONTHLY,2,2,FEB,,2018-09-27 15:06:18.000,3.58,
SURVEY,CROPS,FIELD CROPS,CORN,ALL CLASSES,ALL PRODUCTION PRACTICES,GRAIN,PRICE RECEIVED,$ / BU,"CORN, GRAIN - PRICE RECEIVED, MEASURED IN $ / BU",TOTAL,NOT SPECIFIED,NATIONAL,,99,US,US TOTAL,,,,,,,,0,,,9000,UNITED STATES,US TOTAL,2016,MONTHLY,3,3,MAR,,2018-09-27 15:06:18.000,3.56,
SURVEY,CROPS,FIELD CROPS,CORN,ALL CLASSES,ALL PRODUCTION PRACTICES,GRAIN,PRICE RECEIVED,$ / BU,"CORN, GRAIN - PRICE RECEIVED, MEASURED IN $ / BU",TOTAL,NOT SPECIFIED,NATIONAL,,99,US,US TOTAL,,,,,,,,0,,,9000,UNITED STATES,US TOTAL,2016,MONTHLY,4,4,APR,,2018-09-27 15:06:18.000,3.56,
SURVEY,CROPS,FIELD CROPS,CORN,ALL CLASSES,ALL PRODUCTION PRACTICES,GRAIN,PRICE RECEIVED,$ / BU,"CORN, GRAIN - PRICE RECEIVED, MEASURED IN $ / BU",TOTAL,NOT SPECIFIED,NATIONAL,,99,US,US TOTAL,,,,,,,,0,,,9000,UNITED STATES,US TOTAL,2016,MONTHLY,5,5,MAY,,2018-09-27 15:06:18.000,3.68,
SURVEY,CROPS,FIELD CROPS,CORN,ALL CLASSES,ALL PRODUCTION PRACTICES,GRAIN,PRICE RECEIVED,$ / BU,"CORN, GRAIN - PRICE RECEIVED, MEASURED IN $ / BU",TOTAL,NOT SPECIFIED,NATIONAL,,99,US,US TOTAL,,,,,,,,0,,,9000,UNITED STATES,US TOTAL,2016,MONTHLY,6,6,JUN,,2018-09-27 15:06:18.000,3.82,
SURVEY,CROPS,FIELD CROPS,CORN,ALL CLASSES,ALL PRODUCTION PRACTICES,GRAIN,PRICE RECEIVED,$ / BU,"CORN, GRAIN - PRICE RECEIVED, MEASURED IN $ / BU",TOTAL,NOT SPECIFIED,NATIONAL,,99,US,US TOTAL,,,,,,,,0,,,9000,UNITED STATES,US TOTAL,2016,MONTHLY,7,7,JUL,,2018-11-29 15:01:10.000,3.6,
SURVEY,CROPS,FIELD CROPS,CORN,ALL CLASSES,ALL PRODUCTION PRACTICES,GRAIN,PRICE RECEIVED,$ / BU,"CORN, GRAIN - PRICE RECEIVED, MEASURED IN $ / BU",TOTAL,NOT SPECIFIED,NATIONAL,,99,US,US TOTAL,,,,,,,,0,,,9000,UNITED STATES,US TOTAL,2016,MONTHLY,8,8,AUG,,2018-11-29 15:01:10.000,3.21,
SURVEY,CROPS,FIELD CROPS,CORN,ALL CLASSES,ALL PRODUCTION PRACTICES,GRAIN,PRICE RECEIVED,$ / BU,"CORN, GRAIN - PRICE RECEIVED, MEASURED IN $ / BU",TOTAL,NOT SPECIFIED,NATIONAL,,99,US,US TOTAL,,,,,,,,0,,,9000,UNITED STATES,US TOTAL,2016,MONTHLY,9,9,SEP,,2019-09-27 15:12:29.000,3.22,
SURVEY,CROPS,FIELD CROPS,CORN,ALL CLASSES,ALL PRODUCTION PRACTICES,GRAIN,PRICE RECEIVED,$ / BU,"CORN, GRAIN - PRICE RECEIVED, MEASURED IN $ / BU",TOTAL,NOT SPECIFIED,NATIONAL,,99,US,US TOTAL,,,,,,,,0,,,9000,UNITED STATES,US TOTAL,2016,MONTHLY,10,10,OCT,,2019-09-27 15:12:29.000,3.29,
SURVEY,CROPS,FIELD CROPS,CORN,ALL CLASSES,ALL PRODUCTION PRACTICES,GRAIN,PRICE RECEIVED,$ / BU,"CORN, GRAIN - PRICE RECEIVED, MEASURED IN $ / BU",TOTAL,NOT SPECIFIED,NATIONAL,,99,US,US TOTAL,,,,,,,,0,,,9000,UNITED STATES,US TOTAL,2016,MONTHLY,11,11,NOV,,2019-09-27 15:12:29.000,3.24,
SURVEY,CROPS,FIELD CROPS,CORN,ALL CLASSES,ALL PRODUCTION PRACTICES,GRAIN,PRICE RECEIVED,$ / BU,"CORN, GRAIN - PRICE RECEIVED, MEASURED IN $ / BU",TOTAL,NOT SPECIFIED,NATIONAL,,99,US,US TOTAL,,,,,,,,0,,,9000,UNITED STATES,US TOTAL,2016,MONTHLY,12,12,DEC,,2019-09-27 15:12:29.000,3.32,
SURVEY,CROPS,FIELD CROPS,CORN,ALL CLASSES,ALL PRODUCTION PRACTICES,GRAIN,PRICE RECEIVED,$ / BU,"CORN, GRAIN - PRICE RECEIVED, MEASURED IN $ / BU",TOTAL,NOT SPECIFIED,NATIONAL,,99,US,US TOTAL,,,,,,,,0,,,9000,UNITED STATES,US TOTAL,2015,ANNUAL,0,0,MARKETING YEAR,,2019-04-05 15:00:25.000,3.61,
SURVEY,CROPS,FIELD CROPS,CORN,ALL CLASSES,ALL PRODUCTION PRACTICES,GRAIN,PRICE RECEIVED,$ / BU,"CORN, GRAIN - PRICE RECEIVED, MEASURED IN $ / BU",TOTAL,NOT SPECIFIED,NATIONAL,,99,US,US TOTAL,,,,,,,,0,,,9000,UNITED STATES,US TOTAL,2015,ANNUAL,0,0,YEAR,,2022-07-29 15:01:54.000,3.71,
SURVEY,CROPS,FIELD CROPS,CORN,ALL CLASSES,ALL PRODUCTION PRACTICES,GRAIN,PRICE RECEIVED,$ / BU,"CORN, GRAIN - PRICE RECEIVED, MEASURED IN $ / BU",TOTAL,NOT SPECIFIED,NATIONAL,,99,US,US TOTAL,,,,,,,,0,,,9000,UNITED STATES,US TOTAL,2015,MONTHLY,1,1,JAN,,2017-09-28 15:08:15.000,3.82,
SURVEY,CROPS,FIELD CROPS,CORN,ALL CLASSES,ALL PRODUCTION PRACTICES,GRAIN,PRICE RECEIVED,$ / BU,"CORN, GRAIN - PRICE RECEIVED, MEASURED IN $ / BU",TOTAL,NOT SPECIFIED,NATIONAL,,99,US,US TOTAL,,,,,,,,0,,,9000,UNITED STATES,US TOTAL,2015,MONTHLY,2,2,FEB,,2017-09-28 15:08:15.000,3.79,
SURVEY,CROPS,FIELD CROPS,CORN,ALL CLASSES,ALL PRODUCTION PRACTICES,GRAIN,PRICE RECEIVED,$ / BU,"CORN, GRAIN - PRICE RECEIVED, MEASURED IN $ / BU",TOTAL,NOT SPECIFIED,NATIONAL,,99,US,US TOTAL,,,,,,,,0,,,9000,UNITED STATES,US TOTAL,2015,MONTHLY,3,3,MAR,,2017-09-28 15:08:15.000,3.81,
SURVEY,CROPS,FIELD CROPS,CORN,ALL CLASSES,ALL PRODUCTION PRACTICES,GRAIN,PRICE RECEIVED,$ / BU,"CORN, GRAIN - PRICE RECEIVED, MEASURED IN $ / BU",TOTAL,NOT SPECIFIED,NATIONAL,,99,US,US TOTAL,,,,,,,,0,,,9000,UNITED STATES,US TOTAL,2015,MONTHLY,4,4,APR,,2017-09-28 15:08:15.000,3.75,
SURVEY,CROPS,FIELD CROPS,CORN,ALL CLASSES,ALL PRODUCTION PRACTICES,GRAIN,PRICE RECEIVED,$ / BU,"CORN, GRAIN - PRICE RECEIVED, MEASURED IN $ / BU",TOTAL,NOT SPECIFIED,NATIONAL,,99,US,US TOTAL,,,,,,,,0,,,9000,UNITED STATES,US TOTAL,2015,MONTHLY,5,5,MAY,,2017-09-28 15:08:15.000,3.64,
SURVEY,CROPS,FIELD CROPS,CORN,ALL CLASSES,ALL PRODUCTION PRACTICES,GRAIN,PRICE RECEIVED,$ / BU,"CORN, GRAIN - PRICE RECEIVED, MEASURED IN $ / BU",TOTAL,NOT SPECIFIED,NATIONAL,,99,US,US TOTAL,,,,,,,,0,,,9000,UNITED STATES,US TOTAL,2015,MONTHLY,6,6,JUN,,2017-09-28 15:08:15.000,3.59,
SURVEY,CROPS,FIELD CROPS,CORN,ALL CLASSES,ALL PRODUCTION PRACTICES,GRAIN,PRICE RECEIVED,$ / BU,"CORN, GRAIN - PRICE RECEIVED, MEASURED IN $ / BU",TOTAL,NOT SPECIFIED,NATIONAL,,99,US,US TOTAL,,,,,,,,0,,,9000,UNITED STATES,US TOTAL,2015,MONTHLY,7,7,JUL,,2017-11-30 15:00:27.000,3.8,
SURVEY,CROPS,FIELD CROPS,CORN,ALL CLASSES,ALL PRODUCTION PRACTICES,GRAIN,PRICE RECEIVED,$ / BU,"CORN, GRAIN - PRICE RECEIVED, MEASURED IN $ / BU",TOTAL,NOT SPECIFIED,NATIONAL,,99,US,US TOTAL,,,,,,,,0,,,9000,UNITED STATES,US TOTAL,2015,MONTHLY,8,8,AUG,,2017-11-30 15:00:27.000,3.68,
SURVEY,CROPS,FIELD CROPS,CORN,ALL CLASSES,ALL PRODUCTION PRACTICES,GRAIN,PRICE RECEIVED,$ / BU,"CORN, GRAIN - PRICE RECEIVED, MEASURED IN $ / BU",TOTAL,NOT SPECIFIED,NATIONAL,,99,US,US TOTAL,,,,,,,,0,,,9000,UNITED STATES,US TOTAL,2015,MONTHLY,9,9,SEP,,2018-09-27 15:06:18.000,3.68,
SURVEY,CROPS,FIELD CROPS,CORN,ALL CLASSES,ALL PRODUCTION PRACTICES,GRAIN,PRICE RECEIVED,$ / BU,"CORN, GRAIN - PRICE RECEIVED, MEASURED IN $ / BU",TOTAL,NOT SPECIFIED,NATIONAL,,99,US,US TOTAL,,,,,,,,0,,,9000,UNITED STATES,US TOTAL,2015,MONTHLY,10,10,OCT,,2018-09-27 15:06:18.000,3.67,
SURVEY,CROPS,FIELD CROPS,CORN,ALL CLASSES,ALL PRODUCTION PRACTICES,GRAIN,PRICE RECEIVED,$ / BU,"CORN, GRAIN - PRICE RECEIVED, MEASURED IN $ / BU",TOTAL,NOT SPECIFIED,NATIONAL,,99,US,US TOTAL,,,,,,,,0,,,9000,UNITED STATES,US TOTAL,2015,MONTHLY,11,11,NOV,,2018-09-27 15:06:18.000,3.59,
SURVEY,CROPS,FIELD CROPS,CORN,ALL CLASSES,ALL PRODUCTION PRACTICES,GRAIN,PRICE RECEIVED,$ / BU,"CORN, GRAIN - PRICE RECEIVED, MEASURED IN $ / BU",TOTAL,NOT SPECIFIED,NATIONAL,,99,US,US TOTAL,,,,,,,,0,,,9000,UNITED STATES,US TOTAL,2015,MONTHLY,12,12,DEC,,2018-09-27 15:06:18.000,3.65,
SURVEY,CROPS,FIELD CROPS,CORN,ALL CLASSES,ALL PRODUCTION PRACTICES,GRAIN,PRICE RECEIVED,$ / BU,"CORN, GRAIN - PRICE RECEIVED, MEASURED IN $ / BU",TOTAL,NOT SPECIFIED,NATIONAL,,99,US,US TOTAL,,,,,,,,0,,,9000,UNITED STATES,US TOTAL,2014,ANNUAL,0,0,MARKETING YEAR,,2019-04-05 15:00:25.000,3.7,
SURVEY,CROPS,FIELD CROPS,CORN,ALL CLASSES,ALL PRODUCTION PRACTICES,GRAIN,PRICE RECEIVED,$ / BU,"CORN, GRAIN - PRICE RECEIVED, MEASURED IN $ / BU",TOTAL,NOT SPECIFIED,NATIONAL,,99,US,US TOTAL,,,,,,,,0,,,9000,UNITED STATES,US TOTAL,2014,ANNUAL,0,0,YEAR,,2022-07-29 15:01:54.000,4.11,
SURVEY,CROPS,FIELD CROPS,CORN,ALL CLASSES,ALL PRODUCTION PRACTICES,GRAIN,PRICE RECEIVED,$ / BU,"CORN, GRAIN - PRICE RECEIVED, MEASURED IN $ / BU",TOTAL,NOT SPECIFIED,NATIONAL,,99,US,US TOTAL,,,,,,,,0,,,9000,UNITED STATES,US TOTAL,2014,MONTHLY,1,1,JAN,,2016-09-29 15:07:37.000,4.42,
SURVEY,CROPS,FIELD CROPS,CORN,ALL CLASSES,ALL PRODUCTION PRACTICES,GRAIN,PRICE RECEIVED,$ / BU,"CORN, GRAIN - PRICE RECEIVED, MEASURED IN $ / BU",TOTAL,NOT SPECIFIED,NATIONAL,,99,US,US TOTAL,,,,,,,,0,,,9000,UNITED STATES,US TOTAL,2014,MONTHLY,2,2,FEB,,2016-09-29 15:07:37.000,4.35,
SURVEY,CROPS,FIELD CROPS,CORN,ALL CLASSES,ALL PRODUCTION PRACTICES,GRAIN,PRICE RECEIVED,$ / BU,"CORN, GRAIN - PRICE RECEIVED, MEASURED IN $ / BU",TOTAL,NOT SPECIFIED,NATIONAL,,99,US,US TOTAL,,,,,,,,0,,,9000,UNITED STATES,US TOTAL,2014,MONTHLY,3,3,MAR,,2016-09-29 15:07:37.000,4.52,
SURVEY,CROPS,FIELD CROPS,CORN,ALL CLASSES,ALL PRODUCTION PRACTICES,GRAIN,PRICE RECEIVED,$ / BU,"CORN, GRAIN - PRICE RECEIVED, MEASURED IN $ / BU",TOTAL,NOT SPECIFIED,NATIONAL,,99,US,US TOTAL,,,,,,,,0,,,9000,UNITED STATES,US TOTAL,2014,MONTHLY,4,4,APR,,2016-09-29 15:07:37.000,4.71,
SURVEY,CROPS,FIELD CROPS,CORN,ALL CLASSES,ALL PRODUCTION PRACTICES,GRAIN,PRICE RECEIVED,$ / BU,"CORN, GRAIN - PRICE RECEIVED, MEASURED IN $ / BU",TOTAL,NOT SPECIFIED,NATIONAL,,99,US,US TOTAL,,,,,,,,0,,,9000,UNITED STATES,US TOTAL,2014,MONTHLY,5,5,MAY,,2016-09-29 15:07:37.000,4.71,
SURVEY,CROPS,FIELD CROPS,CORN,ALL CLASSES,ALL PRODUCTION PRACTICES,GRAIN,PRICE RECEIVED,$ / BU,"CORN, GRAIN - PRICE RECEIVED, MEASURED IN $ / BU",TOTAL,NOT SPECIFIED,NATIONAL,,99,US,US TOTAL,,,,,,,,0,,,9000,UNITED STATES,US TOTAL,2014,MONTHLY,6,6,JUN,,2016-09-29 15:07:37.000,4.5,
SURVEY,CROPS,FIELD CROPS,CORN,ALL CLASSES,ALL PRODUCTION PRACTICES,GRAIN,PRICE RECEIVED,$ / BU,"CORN, GRAIN - PRICE RECEIVED, MEASURED IN $ / BU",TOTAL,NOT SPECIFIED,NATIONAL,,99,US,US TOTAL,,,,,,,,0,,,9000,UNITED STATES,US TOTAL,2014,MONTHLY,7,7,JUL,,2016-11-30 15:19:50.000,4.06,
SURVEY,CROPS,FIELD CROPS,CORN,ALL CLASSES,ALL PRODUCTION PRACTICES,GRAIN,PRICE RECEIVED,$ / BU,"CORN, GRAIN - PRICE RECEIVED, MEASURED IN $ / BU",TOTAL,NOT SPECIFIED,NATIONAL,,99,US,US TOTAL,,,,,,,,0,,,9000,UNITED STATES,US TOTAL,2014,MONTHLY,8,8,AUG,,2016-11-30 15:19:50.000,3.63,
SURVEY,CROPS,FIELD CROPS,CORN,ALL CLASSES,ALL PRODUCTION PRACTICES,GRAIN,PRICE RECEIVED,$ / BU,"CORN, GRAIN - PRICE RECEIVED, MEASURED IN $ / BU",TOTAL,NOT SPECIFIED,NATIONAL,,99,US,US TOTAL,,,,,,,,0,,,9000,UNITED STATES,US TOTAL,2014,MONTHLY,9,9,SEP,,2017-09-28 15:08:15.000,3.49,
SURVEY,CROPS,FIELD CROPS,CORN,ALL CLASSES,ALL PRODUCTION PRACTICES,GRAIN,PRICE RECEIVED,$ / BU,"CORN, GRAIN - PRICE RECEIVED, MEASURED IN $ / BU",TOTAL,NOT SPECIFIED,NATIONAL,,99,US,US TOTAL,,,,,,,,0,,,9000,UNITED STATES,US TOTAL,2014,MONTHLY,10,10,OCT,,2017-09-28 15:08:15.000,3.57,
SURVEY,CROPS,FIELD CROPS,CORN,ALL CLASSES,ALL PRODUCTION PRACTICES,GRAIN,PRICE RECEIVED,$ / BU,"CORN, GRAIN - PRICE RECEIVED, MEASURED IN $ / BU",TOTAL,NOT SPECIFIED,NATIONAL,,99,US,US TOTAL,,,,,,,,0,,,9000,UNITED STATES,US TOTAL,2014,MONTHLY,11,11,NOV,,2017-09-28 15:08:15.000,3.6,
SURVEY,CROPS,FIELD CROPS,CORN,ALL CLASSES,ALL PRODUCTION PRACTICES,GRAIN,PRICE RECEIVED,$ / BU,"CORN, GRAIN - PRICE RECEIVED, MEASURED IN $ / BU",TOTAL,NOT SPECIFIED,NATIONAL,,99,US,US TOTAL,,,,,,,,0,,,9000,UNITED STATES,US TOTAL,2014,MONTHLY,12,12,DEC,,2017-09-28 15:08:15.000,3.79,
SURVEY,CROPS,FIELD CROPS,CORN,ALL CLASSES,ALL PRODUCTION PRACTICES,GRAIN,PRICE RECEIVED,$ / BU,"CORN, GRAIN - PRICE RECEIVED, MEASURED IN $ / BU",TOTAL,NOT SPECIFIED,NATIONAL,,99,US,US TOTAL,,,,,,,,0,,,9000,UNITED STATES,US TOTAL,2013,ANNUAL,0,0,MARKETING YEAR,,2019-04-05 15:00:25.000,4.46,
SURVEY,CROPS,FIELD CROPS,CORN,ALL CLASSES,ALL PRODUCTION PRACTICES,GRAIN,PRICE RECEIVED,$ / BU,"CORN, GRAIN - PRICE RECEIVED, MEASURED IN $ / BU",TOTAL,NOT SPECIFIED,NATIONAL,,99,US,US TOTAL,,,,,,,,0,,,9000,UNITED STATES,US TOTAL,2013,ANNUAL,0,0,YEAR,,2022-07-29 15:01:54.000,6.15,
SURVEY,CROPS,FIELD CROPS,CORN,ALL CLASSES,ALL PRODUCTION PRACTICES,GRAIN,PRICE RECEIVED,$ / BU,"CORN, GRAIN - PRICE RECEIVED, MEASURED IN $ / BU",TOTAL,NOT SPECIFIED,NATIONAL,,99,US,US TOTAL,,,,,,,,0,,,9000,UNITED STATES,US TOTAL,2013,MONTHLY,1,1,JAN,,2015-09-29 15:13:09.000,6.96,
SURVEY,CROPS,FIELD CROPS,CORN,ALL CLASSES,ALL PRODUCTION PRACTICES,GRAIN,PRICE RECEIVED,$ / BU,"CORN, GRAIN - PRICE RECEIVED, MEASURED IN $ / BU",TOTAL,NOT SPECIFIED,NATIONAL,,99,US,US TOTAL,,,,,,,,0,,,9000,UNITED STATES,US TOTAL,2013,MONTHLY,2,2,FEB,,2015-09-29 15:13:09.000,7.04,
SURVEY,CROPS,FIELD CROPS,CORN,ALL CLASSES,ALL PRODUCTION PRACTICES,GRAIN,PRICE RECEIVED,$ / BU,"CORN, GRAIN - PRICE RECEIVED, MEASURED IN $ / BU",TOTAL,NOT SPECIFIED,NATIONAL,,99,US,US TOTAL,,,,,,,,0,,,9000,UNITED STATES,US TOTAL,2013,MONTHLY,3,3,MAR,,2015-09-29 15:13:09.000,7.13,
SURVEY,CROPS,FIELD CROPS,CORN,ALL CLASSES,ALL PRODUCTION PRACTICES,GRAIN,PRICE RECEIVED,$ / BU,"CORN, GRAIN - PRICE RECEIVED, MEASURED IN $ / BU",TOTAL,NOT SPECIFIED,NATIONAL,,99,US,US TOTAL,,,,,,,,0,,,9000,UNITED STATES,US TOTAL,2013,MONTHLY,4,4,APR,,2015-09-29 15:13:09.000,6.97,
SURVEY,CROPS,FIELD CROPS,CORN,ALL CLASSES,ALL PRODUCTION PRACTICES,GRAIN,PRICE RECEIVED,$ / BU,"CORN, GRAIN - PRICE RECEIVED, MEASURED IN $ / BU",TOTAL,NOT SPECIFIED,NATIONAL,,99,US,US TOTAL,,,,,,,,0,,,9000,UNITED STATES,US TOTAL,2013,MONTHLY,5,5,MAY,,2015-09-29 15:13:09.000,6.97,
SURVEY,CROPS,FIELD CROPS,CORN,ALL CLASSES,ALL PRODUCTION PRACTICES,GRAIN,PRICE RECEIVED,$ / BU,"CORN, GRAIN - PRICE RECEIVED, MEASURED IN $ / BU",TOTAL,NOT SPECIFIED,NATIONAL,,99,US,US TOTAL,,,,,,,,0,,,9000,UNITED STATES,US TOTAL,2013,MONTHLY,6,6,JUN,,2015-09-29 15:13:09.000,6.97,
SURVEY,CROPS,FIELD CROPS,CORN,ALL CLASSES,ALL PRODUCTION PRACTICES,GRAIN,PRICE RECEIVED,$ / BU,"CORN, GRAIN - PRICE RECEIVED, MEASURED IN $ / BU",TOTAL,NOT SPECIFIED,NATIONAL,,99,US,US TOTAL,,,,,,,,0,,,9000,UNITED STATES,US TOTAL,2013,MONTHLY,7,7,JUL,,2015-11-30 15:03:48.000,6.79,
SURVEY,CROPS,FIELD CROPS,CORN,ALL CLASSES,ALL PRODUCTION PRACTICES,GRAIN,PRICE RECEIVED,$ / BU,"CORN, GRAIN - PRICE RECEIVED, MEASURED IN $ / BU",TOTAL,NOT SPECIFIED,NATIONAL,,99,US,US TOTAL,,,,,,,,0,,,9000,UNITED STATES,US TOTAL,2013,MONTHLY,8,8,AUG,,2015-11-30 15:03:48.000,6.21,
SURVEY,CROPS,FIELD CROPS,CORN,ALL CLASSES,ALL PRODUCTION PRACTICES,GRAIN,PRICE RECEIVED,$ / BU,"CORN, GRAIN - PRICE RECEIVED, MEASURED IN $ / BU",TOTAL,NOT SPECIFIED,NATIONAL,,99,US,US TOTAL,,,,,,,,0,,,9000,UNITED STATES,US TOTAL,2013,MONTHLY,9,9,SEP,,2016-09-29 15:07:37.000,5.4,
SURVEY,CROPS,FIELD CROPS,CORN,ALL CLASSES,ALL PRODUCTION PRACTICES,GRAIN,PRICE RECEIVED,$ / BU,"CORN, GRAIN - PRICE RECEIVED, MEASURED IN $ / BU",TOTAL,NOT SPECIFIED,NATIONAL,,99,US,US TOTAL,,,,,,,,0,,,9000,UNITED STATES,US TOTAL,2013,MONTHLY,10,10,OCT,,2016-09-29 15:07:37.000,4.63,
SURVEY,CROPS,FIELD CROPS,CORN,ALL CLASSES,ALL PRODUCTION PRACTICES,GRAIN,PRICE RECEIVED,$ / BU,"CORN, GRAIN - PRICE RECEIVED, MEASURED IN $ / BU",TOTAL,NOT SPECIFIED,NATIONAL,,99,US,US TOTAL,,,,,,,,0,,,9000,UNITED STATES,US TOTAL,2013,MONTHLY,11,11,NOV,,2016-09-29 15:07:37.000,4.37,
SURVEY,CROPS,FIELD CROPS,CORN,ALL CLASSES,ALL PRODUCTION PRACTICES,GRAIN,PRICE RECEIVED,$ / BU,"CORN, GRAIN - PRICE RECEIVED, MEASURED IN $ / BU",TOTAL,NOT SPECIFIED,NATIONAL,,99,US,US TOTAL,,,,,,,,0,,,9000,UNITED STATES,US TOTAL,2013,MONTHLY,12,12,DEC,,2016-09-29 15:07:37.000,4.41,
SURVEY,CROPS,FIELD CROPS,CORN,ALL CLASSES,ALL PRODUCTION PRACTICES,GRAIN,PRICE RECEIVED,$ / BU,"CORN, GRAIN - PRICE RECEIVED, MEASURED IN $ / BU",TOTAL,NOT SPECIFIED,NATIONAL,,99,US,US TOTAL,,,,,,,,0,,,9000,UNITED STATES,US TOTAL,2012,ANNUAL,0,0,MARKETING YEAR,,2015-09-29 15:13:09.000,6.89,
SURVEY,CROPS,FIELD CROPS,CORN,ALL CLASSES,ALL PRODUCTION PRACTICES,GRAIN,PRICE RECEIVED,$ / BU,"CORN, GRAIN - PRICE RECEIVED, MEASURED IN $ / BU",TOTAL,NOT SPECIFIED,NATIONAL,,99,US,US TOTAL,,,,,,,,0,,,9000,UNITED STATES,US TOTAL,2012,ANNUAL,0,0,YEAR,,2022-07-29 15:01:54.000,6.67,
SURVEY,CROPS,FIELD CROPS,CORN,ALL CLASSES,ALL PRODUCTION PRACTICES,GRAIN,PRICE RECEIVED,$ / BU,"CORN, GRAIN - PRICE RECEIVED, MEASURED IN $ / BU",TOTAL,NOT SPECIFIED,NATIONAL,,99,US,US TOTAL,,,,,,,,0,,,9000,UNITED STATES,US TOTAL,2012,MONTHLY,1,1,JAN,,2014-09-29 15:10:54.000,6.07,
SURVEY,CROPS,FIELD CROPS,CORN,ALL CLASSES,ALL PRODUCTION PRACTICES,GRAIN,PRICE RECEIVED,$ / BU,"CORN, GRAIN - PRICE RECEIVED, MEASURED IN $ / BU",TOTAL,NOT SPECIFIED,NATIONAL,,99,US,US TOTAL,,,,,,,,0,,,9000,UNITED STATES,US TOTAL,2012,MONTHLY,2,2,FEB,,2014-09-29 15:10:54.000,6.28,
SURVEY,CROPS,FIELD CROPS,CORN,ALL CLASSES,ALL PRODUCTION PRACTICES,GRAIN,PRICE RECEIVED,$ / BU,"CORN, GRAIN - PRICE RECEIVED, MEASURED IN $ / BU",TOTAL,NOT SPECIFIED,NATIONAL,,99,US,US TOTAL,,,,,,,,0,,,9000,UNITED STATES,US TOTAL,2012,MONTHLY,3,3,MAR,,2014-09-29 15:10:54.000,6.35,
SURVEY,CROPS,FIELD CROPS,CORN,ALL CLASSES,ALL PRODUCTION PRACTICES,GRAIN,PRICE RECEIVED,$ / BU,"CORN, GRAIN - PRICE RECEIVED, MEASURED IN $ / BU",TOTAL,NOT SPECIFIED,NATIONAL,,99,US,US TOTAL,,,,,,,,0,,,9000,UNITED STATES,US TOTAL,2012,MONTHLY,4,4,APR,,2014-09-29 15:10:54.000,6.34,
SURVEY,CROPS,FIELD CROPS,CORN,ALL CLASSES,ALL PRODUCTION PRACTICES,GRAIN,PRICE RECEIVED,$ / BU,"CORN, GRAIN - PRICE RECEIVED, MEASURED IN $ / BU",TOTAL,NOT SPECIFIED,NATIONAL,,99,US,US TOTAL,,,,,,,,0,,,9000,UNITED STATES,US TOTAL,2012,MONTHLY,5,5,MAY,,2014-09-29 15:10:54.000,6.34,
SURVEY,CROPS,FIELD CROPS,CORN,ALL CLASSES,ALL PRODUCTION PRACTICES,GRAIN,PRICE RECEIVED,$ / BU,"CORN, GRAIN - PRICE RECEIVED, MEASURED IN $ / BU",TOTAL,NOT SPECIFIED,NATIONAL,,99,US,US TOTAL,,,,,,,,0,,,9000,UNITED STATES,US TOTAL,2012,MONTHLY,6,6,JUN,,2014-09-29 15:10:54.000,6.37,
SURVEY,CROPS,FIELD CROPS,CORN,ALL CLASSES,ALL PRODUCTION PRACTICES,GRAIN,PRICE RECEIVED,$ / BU,"CORN, GRAIN - PRICE RECEIVED, MEASURED IN $ / BU",TOTAL,NOT SPECIFIED,NATIONAL,,99,US,US TOTAL,,,,,,,,0,,,9000,UNITED STATES,US TOTAL,2012,MONTHLY,7,7,JUL,,2014-11-26 12:14:27.000,7.14,
SURVEY,CROPS,FIELD CROPS,CORN,ALL CLASSES,ALL PRODUCTION PRACTICES,GRAIN,PRICE RECEIVED,$ / BU,"CORN, GRAIN - PRICE RECEIVED, MEASURED IN $ / BU",TOTAL,NOT SPECIFIED,NATIONAL,,99,US,US TOTAL,,,,,,,,0,,,9000,UNITED STATES,US TOTAL,2012,MONTHLY,8,8,AUG,,2014-11-26 12:14:27.000,7.63,
SURVEY,CROPS,FIELD CROPS,CORN,ALL CLASSES,ALL PRODUCTION PRACTICES,GRAIN,PRICE RECEIVED,$ / BU,"CORN, GRAIN - PRICE RECEIVED, MEASURED IN $ / BU",TOTAL,NOT SPECIFIED,NATIONAL,,99,US,US TOTAL,,,,,,,,0,,,9000,UNITED STATES,US TOTAL,2012,MONTHLY,9,9,SEP,,2015-09-29 15:13:09.000,6.89,
SURVEY,CROPS,FIELD CROPS,CORN,ALL CLASSES,ALL PRODUCTION PRACTICES,GRAIN,PRICE RECEIVED,$ / BU,"CORN, GRAIN - PRICE RECEIVED, MEASURED IN $ / BU",TOTAL,NOT SPECIFIED,NATIONAL,,99,US,US TOTAL,,,,,,,,0,,,9000,UNITED STATES,US TOTAL,2012,MONTHLY,10,10,OCT,,2015-09-29 15:13:09.000,6.78,
SURVEY,CROPS,FIELD CROPS,CORN,ALL CLASSES,ALL PRODUCTION PRACTICES,GRAIN,PRICE RECEIVED,$ / BU,"CORN, GRAIN - PRICE RECEIVED, MEASURED IN $ / BU",TOTAL,NOT SPECIFIED,NATIONAL,,99,US,US TOTAL,,,,,,,,0,,,9000,UNITED STATES,US TOTAL,2012,MONTHLY,11,11,NOV,,2015-09-29 15:13:09.000,7.01,
SURVEY,CROPS,FIELD CROPS,CORN,ALL CLASSES,ALL PRODUCTION PRACTICES,GRAIN,PRICE RECEIVED,$ / BU,"CORN, GRAIN - PRICE RECEIVED, MEASURED IN $ / BU",TOTAL,NOT SPECIFIED,NATIONAL,,99,US,US TOTAL,,,,,,,,0,,,9000,UNITED STATES,US TOTAL,2012,MONTHLY,12,12,DEC,,2015-09-29 15:13:09.000,6.87,
SURVEY,CROPS,FIELD CROPS,CORN,ALL CLASSES,ALL PRODUCTION PRACTICES,GRAIN,PRICE RECEIVED,$ / BU,"CORN, GRAIN - PRICE RECEIVED, MEASURED IN $ / BU",TOTAL,NOT SPECIFIED,NATIONAL,,99,US,US TOTAL,,,,,,,,0,,,9000,UNITED STATES,US TOTAL,2011,ANNUAL,0,0,MARKETING YEAR,,2014-11-06 10:31:04.000,6.22,
SURVEY,CROPS,FIELD CROPS,CORN,ALL CLASSES,ALL PRODUCTION PRACTICES,GRAIN,PRICE RECEIVED,$ / BU,"CORN, GRAIN - PRICE RECEIVED, MEASURED IN $ / BU",TOTAL,NOT SPECIFIED,NATIONAL,,99,US,US TOTAL,,,,,,,,0,,,9000,UNITED STATES,US TOTAL,2011,ANNUAL,0,0,YEAR,,2021-07-30 15:01:19.000,6.02,
SURVEY,CROPS,FIELD CROPS,CORN,ALL CLASSES,ALL PRODUCTION PRACTICES,GRAIN,PRICE RECEIVED,$ / BU,"CORN, GRAIN - PRICE RECEIVED, MEASURED IN $ / BU",TOTAL,NOT SPECIFIED,NATIONAL,,99,US,US TOTAL,,,,,,,,0,,,9000,UNITED STATES,US TOTAL,2011,MONTHLY,1,1,JAN,,2013-09-27 15:18:36.000,4.94,
SURVEY,CROPS,FIELD CROPS,CORN,ALL CLASSES,ALL PRODUCTION PRACTICES,GRAIN,PRICE RECEIVED,$ / BU,"CORN, GRAIN - PRICE RECEIVED, MEASURED IN $ / BU",TOTAL,NOT SPECIFIED,NATIONAL,,99,US,US TOTAL,,,,,,,,0,,,9000,UNITED STATES,US TOTAL,2011,MONTHLY,2,2,FEB,,2013-09-27 15:18:36.000,5.65,
SURVEY,CROPS,FIELD CROPS,CORN,ALL CLASSES,ALL PRODUCTION PRACTICES,GRAIN,PRICE RECEIVED,$ / BU,"CORN, GRAIN - PRICE RECEIVED, MEASURED IN $ / BU",TOTAL,NOT SPECIFIED,NATIONAL,,99,US,US TOTAL,,,,,,,,0,,,9000,UNITED STATES,US TOTAL,2011,MONTHLY,3,3,MAR,,2013-09-27 15:18:36.000,5.53,
SURVEY,CROPS,FIELD CROPS,CORN,ALL CLASSES,ALL PRODUCTION PRACTICES,GRAIN,PRICE RECEIVED,$ / BU,"CORN, GRAIN - PRICE RECEIVED, MEASURED IN $ / BU",TOTAL,NOT SPECIFIED,NATIONAL,,99,US,US TOTAL,,,,,,,,0,,,9000,UNITED STATES,US TOTAL,2011,MONTHLY,4,4,APR,,2013-09-27 15:18:36.000,6.36,
SURVEY,CROPS,FIELD CROPS,CORN,ALL CLASSES,ALL PRODUCTION PRACTICES,GRAIN,PRICE RECEIVED,$ / BU,"CORN, GRAIN - PRICE RECEIVED, MEASURED IN $ / BU",TOTAL,NOT SPECIFIED,NATIONAL,,99,US,US TOTAL,,,,,,,,0,,,9000,UNITED STATES,US TOTAL,2011,MONTHLY,5,5,MAY,,2013-09-27 15:18:36.000,6.32,
SURVEY,CROPS,FIELD CROPS,CORN,ALL CLASSES,ALL PRODUCTION PRACTICES,GRAIN,PRICE RECEIVED,$ / BU,"CORN, GRAIN - PRICE RECEIVED, MEASURED IN $ / BU",TOTAL,NOT SPECIFIED,NATIONAL,,99,US,US TOTAL,,,,,,,,0,,,9000,UNITED STATES,US TOTAL,2011,MONTHLY,6,6,JUN,,2013-09-27 15:18:36.000,6.38,
SURVEY,CROPS,FIELD CROPS,CORN,ALL CLASSES,ALL PRODUCTION PRACTICES,GRAIN,PRICE RECEIVED,$ / BU,"CORN, GRAIN - PRICE RECEIVED, MEASURED IN $ / BU",TOTAL,NOT SPECIFIED,NATIONAL,,99,US,US TOTAL,,,,,,,,0,,,9000,UNITED STATES,US TOTAL,2011,MONTHLY,7,7,JUL,,2013-12-03 12:19:02.000,6.33,
SURVEY,CROPS,FIELD CROPS,CORN,ALL CLASSES,ALL PRODUCTION PRACTICES,GRAIN,PRICE RECEIVED,$ / BU,"CORN, GRAIN - PRICE RECEIVED, MEASURED IN $ / BU",TOTAL,NOT SPECIFIED,NATIONAL,,99,US,US TOTAL,,,,,,,,0,,,9000,UNITED STATES,US TOTAL,2011,MONTHLY,8,8,AUG,,2013-12-03 12:19:02.000,6.88,
SURVEY,CROPS,FIELD CROPS,CORN,ALL CLASSES,ALL PRODUCTION PRACTICES,GRAIN,PRICE RECEIVED,$ / BU,"CORN, GRAIN - PRICE RECEIVED, MEASURED IN $ / BU",TOTAL,NOT SPECIFIED,NATIONAL,,99,US,US TOTAL,,,,,,,,0,,,9000,UNITED STATES,US TOTAL,2011,MONTHLY,9,9,SEP,,2014-09-29 15:10:54.000,6.38,
SURVEY,CROPS,FIELD CROPS,CORN,ALL CLASSES,ALL PRODUCTION PRACTICES,GRAIN,PRICE RECEIVED,$ / BU,"CORN, GRAIN - PRICE RECEIVED, MEASURED IN $ / BU",TOTAL,NOT SPECIFIED,NATIONAL,,99,US,US TOTAL,,,,,,,,0,,,9000,UNITED STATES,US TOTAL,2011,MONTHLY,10,10,OCT,,2014-09-29 15:10:54.000,5.73,
SURVEY,CROPS,FIELD CROPS,CORN,ALL CLASSES,ALL PRODUCTION PRACTICES,GRAIN,PRICE RECEIVED,$ / BU,"CORN, GRAIN - PRICE RECEIVED, MEASURED IN $ / BU",TOTAL,NOT SPECIFIED,NATIONAL,,99,US,US TOTAL,,,,,,,,0,,,9000,UNITED STATES,US TOTAL,2011,MONTHLY,11,11,NOV,,2014-09-29 15:10:54.000,5.83,
SURVEY,CROPS,FIELD CROPS,CORN,ALL CLASSES,ALL PRODUCTION PRACTICES,GRAIN,PRICE RECEIVED,$ / BU,"CORN, GRAIN - PRICE RECEIVED, MEASURED IN $ / BU",TOTAL,NOT SPECIFIED,NATIONAL,,99,US,US TOTAL,,,,,,,,0,,,9000,UNITED STATES,US TOTAL,2011,MONTHLY,12,12,DEC,,2014-09-29 15:10:54.000,5.86,
SURVEY,CROPS,FIELD CROPS,CORN,ALL CLASSES,ALL PRODUCTION PRACTICES,GRAIN,PRICE RECEIVED,$ / BU,"CORN, GRAIN - PRICE RECEIVED, MEASURED IN $ / BU",TOTAL,NOT SPECIFIED,NATIONAL,,99,US,US TOTAL,,,,,,,,0,,,9000,UNITED STATES,US TOTAL,2010,ANNUAL,0,0,MARKETING YEAR,,2014-11-06 10:31:04.000,5.18,
SURVEY,CROPS,FIELD CROPS,CORN,ALL CLASSES,ALL PRODUCTION PRACTICES,GRAIN,PRICE RECEIVED,$ / BU,"CORN, GRAIN - PRICE RECEIVED, MEASURED IN $ / BU",TOTAL,NOT SPECIFIED,NATIONAL,,99,US,US TOTAL,,,,,,,,0,,,9000,UNITED STATES,US TOTAL,2010,ANNUAL,0,0,YEAR,,2020-07-31 15:04:55.000,3.83,
SURVEY,CROPS,FIELD CROPS,CORN,ALL CLASSES,ALL PRODUCTION PRACTICES,GRAIN,PRICE RECEIVED,$ / BU,"CORN, GRAIN - PRICE RECEIVED, MEASURED IN $ / BU",TOTAL,NOT SPECIFIED,NATIONAL,,99,US,US TOTAL,,,,,,,,0,,,9000,UNITED STATES,US TOTAL,2010,MONTHLY,1,1,JAN,,2012-09-27 15:15:55.000,3.66,
SURVEY,CROPS,FIELD CROPS,CORN,ALL CLASSES,ALL PRODUCTION PRACTICES,GRAIN,PRICE RECEIVED,$ / BU,"CORN, GRAIN - PRICE RECEIVED, MEASURED IN $ / BU",TOTAL,NOT SPECIFIED,NATIONAL,,99,US,US TOTAL,,,,,,,,0,,,9000,UNITED STATES,US TOTAL,2010,MONTHLY,2,2,FEB,,2012-09-27 15:15:55.000,3.55,
SURVEY,CROPS,FIELD CROPS,CORN,ALL CLASSES,ALL PRODUCTION PRACTICES,GRAIN,PRICE RECEIVED,$ / BU,"CORN, GRAIN - PRICE RECEIVED, MEASURED IN $ / BU",TOTAL,NOT SPECIFIED,NATIONAL,,99,US,US TOTAL,,,,,,,,0,,,9000,UNITED STATES,US TOTAL,2010,MONTHLY,3,3,MAR,,2012-09-27 15:15:55.000,3.55,
SURVEY,CROPS,FIELD CROPS,CORN,ALL CLASSES,ALL PRODUCTION PRACTICES,GRAIN,PRICE RECEIVED,$ / BU,"CORN, GRAIN - PRICE RECEIVED, MEASURED IN $ / BU",TOTAL,NOT SPECIFIED,NATIONAL,,99,US,US TOTAL,,,,,,,,0,,,9000,UNITED STATES,US TOTAL,2010,MONTHLY,4,4,APR,,2012-09-27 15:15:55.000,3.41,
SURVEY,CROPS,FIELD CROPS,CORN,ALL CLASSES,ALL PRODUCTION PRACTICES,GRAIN,PRICE RECEIVED,$ / BU,"CORN, GRAIN - PRICE RECEIVED, MEASURED IN $ / BU",TOTAL,NOT SPECIFIED,NATIONAL,,99,US,US TOTAL,,,,,,,,0,,,9000,UNITED STATES,US TOTAL,2010,MONTHLY,5,5,MAY,,2012-09-27 15:15:55.000,3.48,
SURVEY,CROPS,FIELD CROPS,CORN,ALL CLASSES,ALL PRODUCTION PRACTICES,GRAIN,PRICE RECEIVED,$ / BU,"CORN, GRAIN - PRICE RECEIVED, MEASURED IN $ / BU",TOTAL,NOT SPECIFIED,NATIONAL,,99,US,US TOTAL,,,,,,,,0,,,9000,UNITED STATES,US TOTAL,2010,MONTHLY,6,6,JUN,,2012-09-27 15:15:55.000,3.41,
SURVEY,CROPS,FIELD CROPS,CORN,ALL CLASSES,ALL PRODUCTION PRACTICES,GRAIN,PRICE RECEIVED,$ / BU,"CORN, GRAIN - PRICE RECEIVED, MEASURED IN $ / BU",TOTAL,NOT SPECIFIED,NATIONAL,,99,US,US TOTAL,,,,,,,,0,,,9000,UNITED STATES,US TOTAL,2010,MONTHLY,7,7,JUL,,2012-11-30 15:15:16.000,3.49,
SURVEY,CROPS,FIELD CROPS,CORN,ALL CLASSES,ALL PRODUCTION PRACTICES,GRAIN,PRICE RECEIVED,$ / BU,"CORN, GRAIN - PRICE RECEIVED, MEASURED IN $ / BU",TOTAL,NOT SPECIFIED,NATIONAL,,99,US,US TOTAL,,,,,,,,0,,,9000,UNITED STATES,US TOTAL,2010,MONTHLY,8,8,AUG,,2012-11-30 15:15:16.000,3.65,
SURVEY,CROPS,FIELD CROPS,CORN,ALL CLASSES,ALL PRODUCTION PRACTICES,GRAIN,PRICE RECEIVED,$ / BU,"CORN, GRAIN - PRICE RECEIVED, MEASURED IN $ / BU",TOTAL,NOT SPECIFIED,NATIONAL,,99,US,US TOTAL,,,,,,,,0,,,9000,UNITED STATES,US TOTAL,2010,MONTHLY,9,9,SEP,,2013-09-27 15:18:36.000,4.08,
SURVEY,CROPS,FIELD CROPS,CORN,ALL CLASSES,ALL PRODUCTION PRACTICES,GRAIN,PRICE RECEIVED,$ / BU,"CORN, GRAIN - PRICE RECEIVED, MEASURED IN $ / BU",TOTAL,NOT SPECIFIED,NATIONAL,,99,US,US TOTAL,,,,,,,,0,,,9000,UNITED STATES,US TOTAL,2010,MONTHLY,10,10,OCT,,2013-09-27 15:18:36.000,4.32,
SURVEY,CROPS,FIELD CROPS,CORN,ALL CLASSES,ALL PRODUCTION PRACTICES,GRAIN,PRICE RECEIVED,$ / BU,"CORN, GRAIN - PRICE RECEIVED, MEASURED IN $ / BU",TOTAL,NOT SPECIFIED,NATIONAL,,99,US,US TOTAL,,,,,,,,0,,,9000,UNITED STATES,US TOTAL,2010,MONTHLY,11,11,NOV,,2013-09-27 15:18:36.000,4.55,
SURVEY,CROPS,FIELD CROPS,CORN,ALL CLASSES,ALL PRODUCTION PRACTICES,GRAIN,PRICE RECEIVED,$ / BU,"CORN, GRAIN - PRICE RECEIVED, MEASURED IN $ / BU",TOTAL,NOT SPECIFIED,NATIONAL,,99,US,US TOTAL,,,,,,,,0,,,9000,UNITED STATES,US TOTAL,2010,MONTHLY,12,12,DEC,,2013-09-27 15:18:36.000,4.82,
SURVEY,CROPS,FIELD CROPS,CORN,ALL CLASSES,ALL PRODUCTION PRACTICES,GRAIN,PRICE RECEIVED,$ / BU,"CORN, GRAIN - PRICE RECEIVED, MEASURED IN $ / BU",TOTAL,NOT SPECIFIED,NATIONAL,,99,US,US TOTAL,,,,,,,,0,,,9000,UNITED STATES,US TOTAL,2009,ANNUAL,0,0,MARKETING YEAR,,2014-11-06 10:31:04.000,3.55,
SURVEY,CROPS,FIELD CROPS,CORN,ALL CLASSES,ALL PRODUCTION PRACTICES,GRAIN,PRICE RECEIVED,$ / BU,"CORN, GRAIN - PRICE RECEIVED, MEASURED IN $ / BU",TOTAL,NOT SPECIFIED,NATIONAL,,99,US,US TOTAL,,,,,,,,0,,,9000,UNITED STATES,US TOTAL,2009,ANNUAL,0,0,YEAR,,2019-07-31 15:10:36.000,3.75,
SURVEY,CROPS,FIELD CROPS,CORN,ALL CLASSES,ALL PRODUCTION PRACTICES,GRAIN,PRICE RECEIVED,$ / BU,"CORN, GRAIN - PRICE RECEIVED, MEASURED IN $ / BU",TOTAL,NOT SPECIFIED,NATIONAL,,99,US,US TOTAL,,,,,,,,0,,,9000,UNITED STATES,US TOTAL,2009,MONTHLY,1,1,JAN,,2012-01-01 00:00:00.000,4.36,
SURVEY,CROPS,FIELD CROPS,CORN,ALL CLASSES,ALL PRODUCTION PRACTICES,GRAIN,PRICE RECEIVED,$ / BU,"CORN, GRAIN - PRICE RECEIVED, MEASURED IN $ / BU",TOTAL,NOT SPECIFIED,NATIONAL,,99,US,US TOTAL,,,,,,,,0,,,9000,UNITED STATES,US TOTAL,2009,MONTHLY,2,2,FEB,,2012-01-01 00:00:00.000,3.87,
SURVEY,CROPS,FIELD CROPS,CORN,ALL CLASSES,ALL PRODUCTION PRACTICES,GRAIN,PRICE RECEIVED,$ / BU,"CORN, GRAIN - PRICE RECEIVED, MEASURED IN $ / BU",TOTAL,NOT SPECIFIED,NATIONAL,,99,US,US TOTAL,,,,,,,,0,,,9000,UNITED STATES,US TOTAL,2009,MONTHLY,3,3,MAR,,2012-01-01 00:00:00.000,3.85,
SURVEY,CROPS,FIELD CROPS,CORN,ALL CLASSES,ALL PRODUCTION PRACTICES,GRAIN,PRICE RECEIVED,$ / BU,"CORN, GRAIN - PRICE RECEIVED, MEASURED IN $ / BU",TOTAL,NOT SPECIFIED,NATIONAL,,99,US,US TOTAL,,,,,,,,0,,,9000,UNITED STATES,US TOTAL,2009,MONTHLY,4,4,APR,,2012-01-01 00:00:00.000,3.85,
SURVEY,CROPS,FIELD CROPS,CORN,ALL CLASSES,ALL PRODUCTION PRACTICES,GRAIN,PRICE RECEIVED,$ / BU,"CORN, GRAIN - PRICE RECEIVED, MEASURED IN $ / BU",TOTAL,NOT SPECIFIED,NATIONAL,,99,US,US TOTAL,,,,,,,,0,,,9000,UNITED STATES,US TOTAL,2009,MONTHLY,5,5,MAY,,2012-01-01 00:00:00.000,3.96,
SURVEY,CROPS,FIELD CROPS,CORN,ALL CLASSES,ALL PRODUCTION PRACTICES,GRAIN,PRICE RECEIVED,$ / BU,"CORN, GRAIN - PRICE RECEIVED, MEASURED IN $ / BU",TOTAL,NOT SPECIFIED,NATIONAL,,99,US,US TOTAL,,,,,,,,0,,,9000,UNITED STATES,US TOTAL,2009,MONTHLY,6,6,JUN,,2012-01-01 00:00:00.000,4.01,
SURVEY,CROPS,FIELD CROPS,CORN,ALL CLASSES,ALL PRODUCTION PRACTICES,GRAIN,PRICE RECEIVED,$ / BU,"CORN, GRAIN - PRICE RECEIVED, MEASURED IN $ / BU",TOTAL,NOT SPECIFIED,NATIONAL,,99,US,US TOTAL,,,,,,,,0,,,9000,UNITED STATES,US TOTAL,2009,MONTHLY,7,7,JUL,,2012-01-01 00:00:00.000,3.6,
SURVEY,CROPS,FIELD CROPS,CORN,ALL CLASSES,ALL PRODUCTION PRACTICES,GRAIN,PRICE RECEIVED,$ / BU,"CORN, GRAIN - PRICE RECEIVED, MEASURED IN $ / BU",TOTAL,NOT SPECIFIED,NATIONAL,,99,US,US TOTAL,,,,,,,,0,,,9000,UNITED STATES,US TOTAL,2009,MONTHLY,8,8,AUG,,2012-01-01 00:00:00.000,3.33,
SURVEY,CROPS,FIELD CROPS,CORN,ALL CLASSES,ALL PRODUCTION PRACTICES,GRAIN,PRICE RECEIVED,$ / BU,"CORN, GRAIN - PRICE RECEIVED, MEASURED IN $ / BU",TOTAL,NOT SPECIFIED,NATIONAL,,99,US,US TOTAL,,,,,,,,0,,,9000,UNITED STATES,US TOTAL,2009,MONTHLY,9,9,SEP,,2012-09-27 15:15:55.000,3.25,
SURVEY,CROPS,FIELD CROPS,CORN,ALL CLASSES,ALL PRODUCTION PRACTICES,GRAIN,PRICE RECEIVED,$ / BU,"CORN, GRAIN - PRICE RECEIVED, MEASURED IN $ / BU",TOTAL,NOT SPECIFIED,NATIONAL,,99,US,US TOTAL,,,,,,,,0,,,9000,UNITED STATES,US TOTAL,2009,MONTHLY,10,10,OCT,,2012-09-27 15:15:55.000,3.61,
SURVEY,CROPS,FIELD CROPS,CORN,ALL CLASSES,ALL PRODUCTION PRACTICES,GRAIN,PRICE RECEIVED,$ / BU,"CORN, GRAIN - PRICE RECEIVED, MEASURED IN $ / BU",TOTAL,NOT SPECIFIED,NATIONAL,,99,US,US TOTAL,,,,,,,,0,,,9000,UNITED STATES,US TOTAL,2009,MONTHLY,11,11,NOV,,2012-09-27 15:15:55.000,3.65,
SURVEY,CROPS,FIELD CROPS,CORN,ALL CLASSES,ALL PRODUCTION PRACTICES,GRAIN,PRICE RECEIVED,$ / BU,"CORN, GRAIN - PRICE RECEIVED, MEASURED IN $ / BU",TOTAL,NOT SPECIFIED,NATIONAL,,99,US,US TOTAL,,,,,,,,0,,,9000,UNITED STATES,US TOTAL,2009,MONTHLY,12,12,DEC,,2012-09-27 15:15:55.000,3.6,
SURVEY,CROPS,FIELD CROPS,CORN,ALL CLASSES,ALL PRODUCTION PRACTICES,GRAIN,PRICE RECEIVED,$ / BU,"CORN, GRAIN - PRICE RECEIVED, MEASURED IN $ / BU",TOTAL,NOT SPECIFIED,NATIONAL,,99,US,US TOTAL,,,,,,,,0,,,9000,UNITED STATES,US TOTAL,2008,ANNUAL,0,0,MARKETING YEAR,,2014-11-06 10:31:04.000,4.06,
SURVEY,CROPS,FIELD CROPS,CORN,ALL CLASSES,ALL PRODUCTION PRACTICES,GRAIN,PRICE RECEIVED,$ / BU,"CORN, GRAIN - PRICE RECEIVED, MEASURED IN $ / BU",TOTAL,NOT SPECIFIED,NATIONAL,,99,US,US TOTAL,,,,,,,,0,,,9000,UNITED STATES,US TOTAL,2008,ANNUAL,0,0,YEAR,,2018-07-30 15:00:12.000,4.78,
SURVEY,CROPS,FIELD CROPS,CORN,ALL CLASSES,ALL PRODUCTION PRACTICES,GRAIN,PRICE RECEIVED,$ / BU,"CORN, GRAIN - PRICE RECEIVED, MEASURED IN $ / BU",TOTAL,NOT SPECIFIED,NATIONAL,,99,US,US TOTAL,,,,,,,,0,,,9000,UNITED STATES,US TOTAL,2008,MONTHLY,1,1,JAN,,2012-01-01 00:00:00.000,3.98,
SURVEY,CROPS,FIELD CROPS,CORN,ALL CLASSES,ALL PRODUCTION PRACTICES,GRAIN,PRICE RECEIVED,$ / BU,"CORN, GRAIN - PRICE RECEIVED, MEASURED IN $ / BU",TOTAL,NOT SPECIFIED,NATIONAL,,99,US,US TOTAL,,,,,,,,0,,,9000,UNITED STATES,US TOTAL,2008,MONTHLY,2,2,FEB,,2012-01-01 00:00:00.000,4.54,
SURVEY,CROPS,FIELD CROPS,CORN,ALL CLASSES,ALL PRODUCTION PRACTICES,GRAIN,PRICE RECEIVED,$ / BU,"CORN, GRAIN - PRICE RECEIVED, MEASURED IN $ / BU",TOTAL,NOT SPECIFIED,NATIONAL,,99,US,US TOTAL,,,,,,,,0,,,9000,UNITED STATES,US TOTAL,2008,MONTHLY,3,3,MAR,,2012-01-01 00:00:00.000,4.7,
SURVEY,CROPS,FIELD CROPS,CORN,ALL CLASSES,ALL PRODUCTION PRACTICES,GRAIN,PRICE RECEIVED,$ / BU,"CORN, GRAIN - PRICE RECEIVED, MEASURED IN $ / BU",TOTAL,NOT SPECIFIED,NATIONAL,,99,US,US TOTAL,,,,,,,,0,,,9000,UNITED STATES,US TOTAL,2008,MONTHLY,4,4,APR,,2012-01-01 00:00:00.000,5.14,
SURVEY,CROPS,FIELD CROPS,CORN,ALL CLASSES,ALL PRODUCTION PRACTICES,GRAIN,PRICE RECEIVED,$ / BU,"CORN, GRAIN - PRICE RECEIVED, MEASURED IN $ / BU",TOTAL,NOT SPECIFIED,NATIONAL,,99,US,US TOTAL,,,,,,,,0,,,9000,UNITED STATES,US TOTAL,2008,MONTHLY,5,5,MAY,,2012-01-01 00:00:00.000,5.27,
SURVEY,CROPS,FIELD CROPS,CORN,ALL CLASSES,ALL PRODUCTION PRACTICES,GRAIN,PRICE RECEIVED,$ / BU,"CORN, GRAIN - PRICE RECEIVED, MEASURED IN $ / BU",TOTAL,NOT SPECIFIED,NATIONAL,,99,US,US TOTAL,,,,,,,,0,,,9000,UNITED STATES,US TOTAL,2008,MONTHLY,6,6,JUN,,2012-01-01 00:00:00.000,5.47,
SURVEY,CROPS,FIELD CROPS,CORN,ALL CLASSES,ALL PRODUCTION PRACTICES,GRAIN,PRICE RECEIVED,$ / BU,"CORN, GRAIN - PRICE RECEIVED, MEASURED IN $ / BU",TOTAL,NOT SPECIFIED,NATIONAL,,99,US,US TOTAL,,,,,,,,0,,,9000,UNITED STATES,US TOTAL,2008,MONTHLY,7,7,JUL,,2012-01-01 00:00:00.000,5.25,
SURVEY,CROPS,FIELD CROPS,CORN,ALL CLASSES,ALL PRODUCTION PRACTICES,GRAIN,PRICE RECEIVED,$ / BU,"CORN, GRAIN - PRICE RECEIVED, MEASURED IN $ / BU",TOTAL,NOT SPECIFIED,NATIONAL,,99,US,US TOTAL,,,,,,,,0,,,9000,UNITED STATES,US TOTAL,2008,MONTHLY,8,8,AUG,,2012-01-01 00:00:00.000,5.26,
SURVEY,CROPS,FIELD CROPS,CORN,ALL CLASSES,ALL PRODUCTION PRACTICES,GRAIN,PRICE RECEIVED,$ / BU,"CORN, GRAIN - PRICE RECEIVED, MEASURED IN $ / BU",TOTAL,NOT SPECIFIED,NATIONAL,,99,US,US TOTAL,,,,,,,,0,,,9000,UNITED STATES,US TOTAL,2008,MONTHLY,9,9,SEP,,2012-01-01 00:00:00.000,5.01,
SURVEY,CROPS,FIELD CROPS,CORN,ALL CLASSES,ALL PRODUCTION PRACTICES,GRAIN,PRICE RECEIVED,$ / BU,"CORN, GRAIN - PRICE RECEIVED, MEASURED IN $ / BU",TOTAL,NOT SPECIFIED,NATIONAL,,99,US,US TOTAL,,,,,,,,0,,,9000,UNITED STATES,US TOTAL,2008,MONTHLY,10,10,OCT,,2012-01-01 00:00:00.000,4.37,
SURVEY,CROPS,FIELD CROPS,CORN,ALL CLASSES,ALL PRODUCTION PRACTICES,GRAIN,PRICE RECEIVED,$ / BU,"CORN, GRAIN - PRICE RECEIVED, MEASURED IN $ / BU",TOTAL,NOT SPECIFIED,NATIONAL,,99,US,US TOTAL,,,,,,,,0,,,9000,UNITED STATES,US TOTAL,2008,MONTHLY,11,11,NOV,,2012-01-01 00:00:00.000,4.26,
SURVEY,CROPS,FIELD CROPS,CORN,ALL CLASSES,ALL PRODUCTION PRACTICES,GRAIN,PRICE RECEIVED,$ / BU,"CORN, GRAIN - PRICE RECEIVED, MEASURED IN $ / BU",TOTAL,NOT SPECIFIED,NATIONAL,,99,US,US TOTAL,,,,,,,,0,,,9000,UNITED STATES,US TOTAL,2008,MONTHLY,12,12,DEC,,2012-01-01 00:00:00.000,4.11,
SURVEY,CROPS,FIELD CROPS,CORN,ALL CLASSES,ALL PRODUCTION PRACTICES,GRAIN,PRICE RECEIVED,$ / BU,"CORN, GRAIN - PRICE RECEIVED, MEASURED IN $ / BU",TOTAL,NOT SPECIFIED,NATIONAL,,99,US,US TOTAL,,,,,,,,0,,,9000,UNITED STATES,US TOTAL,2007,ANNUAL,0,0,MARKETING YEAR,,2012-01-01 00:00:00.000,4.2,
SURVEY,CROPS,FIELD CROPS,CORN,ALL CLASSES,ALL PRODUCTION PRACTICES,GRAIN,PRICE RECEIVED,$ / BU,"CORN, GRAIN - PRICE RECEIVED, MEASURED IN $ / BU",TOTAL,NOT SPECIFIED,NATIONAL,,99,US,US TOTAL,,,,,,,,0,,,9000,UNITED STATES,US TOTAL,2007,ANNUAL,0,0,YEAR,,2017-07-31 15:00:20.000,3.39,
SURVEY,CROPS,FIELD CROPS,CORN,ALL CLASSES,ALL PRODUCTION PRACTICES,GRAIN,PRICE RECEIVED,$ / BU,"CORN, GRAIN - PRICE RECEIVED, MEASURED IN $ / BU",TOTAL,NOT SPECIFIED,NATIONAL,,99,US,US TOTAL,,,,,,,,0,,,9000,UNITED STATES,US TOTAL,2007,MONTHLY,1,1,JAN,,2012-01-01 00:00:00.000,3.05,
SURVEY,CROPS,FIELD CROPS,CORN,ALL CLASSES,ALL PRODUCTION PRACTICES,GRAIN,PRICE RECEIVED,$ / BU,"CORN, GRAIN - PRICE RECEIVED, MEASURED IN $ / BU",TOTAL,NOT SPECIFIED,NATIONAL,,99,US,US TOTAL,,,,,,,,0,,,9000,UNITED STATES,US TOTAL,2007,MONTHLY,2,2,FEB,,2012-01-01 00:00:00.000,3.44,
SURVEY,CROPS,FIELD CROPS,CORN,ALL CLASSES,ALL PRODUCTION PRACTICES,GRAIN,PRICE RECEIVED,$ / BU,"CORN, GRAIN - PRICE RECEIVED, MEASURED IN $ / BU",TOTAL,NOT SPECIFIED,NATIONAL,,99,US,US TOTAL,,,,,,,,0,,,9000,UNITED STATES,US TOTAL,2007,MONTHLY,3,3,MAR,,2012-01-01 00:00:00.000,3.43,
SURVEY,CROPS,FIELD CROPS,CORN,ALL CLASSES,ALL PRODUCTION PRACTICES,GRAIN,PRICE RECEIVED,$ / BU,"CORN, GRAIN - PRICE RECEIVED, MEASURED IN $ / BU",TOTAL,NOT SPECIFIED,NATIONAL,,99,US,US TOTAL,,,,,,,,0,,,9000,UNITED STATES,US TOTAL,2007,MONTHLY,4,4,APR,,2012-01-01 00:00:00.000,3.39,
SURVEY,CROPS,FIELD CROPS,CORN,ALL CLASSES,ALL PRODUCTION PRACTICES,GRAIN,PRICE RECEIVED,$ / BU,"CORN, GRAIN - PRICE RECEIVED, MEASURED IN $ / BU",TOTAL,NOT SPECIFIED,NATIONAL,,99,US,US TOTAL,,,,,,,,0,,,9000,UNITED STATES,US TOTAL,2007,MONTHLY,5,5,MAY,,2012-01-01 00:00:00.000,3.49,
SURVEY,CROPS,FIELD CROPS,CORN,ALL CLASSES,ALL PRODUCTION PRACTICES,GRAIN,PRICE RECEIVED,$ / BU,"CORN, GRAIN - PRICE RECEIVED, MEASURED IN $ / BU",TOTAL,NOT SPECIFIED,NATIONAL,,99,US,US TOTAL,,,,,,,,0,,,9000,UNITED STATES,US TOTAL,2007,MONTHLY,6,6,JUN,,2012-01-01 00:00:00.000,3.53,
SURVEY,CROPS,FIELD CROPS,CORN,ALL CLASSES,ALL PRODUCTION PRACTICES,GRAIN,PRICE RECEIVED,$ / BU,"CORN, GRAIN - PRICE RECEIVED, MEASURED IN $ / BU",TOTAL,NOT SPECIFIED,NATIONAL,,99,US,US TOTAL,,,,,,,,0,,,9000,UNITED STATES,US TOTAL,2007,MONTHLY,7,7,JUL,,2012-01-01 00:00:00.000,3.32,
SURVEY,CROPS,FIELD CROPS,CORN,ALL CLASSES,ALL PRODUCTION PRACTICES,GRAIN,PRICE RECEIVED,$ / BU,"CORN, GRAIN - PRICE RECEIVED, MEASURED IN $ / BU",TOTAL,NOT SPECIFIED,NATIONAL,,99,US,US TOTAL,,,,,,,,0,,,9000,UNITED STATES,US TOTAL,2007,MONTHLY,8,8,AUG,,2012-01-01 00:00:00.000,3.26,
SURVEY,CROPS,FIELD CROPS,CORN,ALL CLASSES,ALL PRODUCTION PRACTICES,GRAIN,PRICE RECEIVED,$ / BU,"CORN, GRAIN - PRICE RECEIVED, MEASURED IN $ / BU",TOTAL,NOT SPECIFIED,NATIONAL,,99,US,US TOTAL,,,,,,,,0,,,9000,UNITED STATES,US TOTAL,2007,MONTHLY,9,9,SEP,,2012-01-01 00:00:00.000,3.28,
SURVEY,CROPS,FIELD CROPS,CORN,ALL CLASSES,ALL PRODUCTION PRACTICES,GRAIN,PRICE RECEIVED,$ / BU,"CORN, GRAIN - PRICE RECEIVED, MEASURED IN $ / BU",TOTAL,NOT SPECIFIED,NATIONAL,,99,US,US TOTAL,,,,,,,,0,,,9000,UNITED STATES,US TOTAL,2007,MONTHLY,10,10,OCT,,2012-01-01 00:00:00.000,3.29,
SURVEY,CROPS,FIELD CROPS,CORN,ALL CLASSES,ALL PRODUCTION PRACTICES,GRAIN,PRICE RECEIVED,$ / BU,"CORN, GRAIN - PRICE RECEIVED, MEASURED IN $ / BU",TOTAL,NOT SPECIFIED,NATIONAL,,99,US,US TOTAL,,,,,,,,0,,,9000,UNITED STATES,US TOTAL,2007,MONTHLY,11,11,NOV,,2012-01-01 00:00:00.000,3.44,
SURVEY,CROPS,FIELD CROPS,CORN,ALL CLASSES,ALL PRODUCTION PRACTICES,GRAIN,PRICE RECEIVED,$ / BU,"CORN, GRAIN - PRICE RECEIVED, MEASURED IN $ / BU",TOTAL,NOT SPECIFIED,NATIONAL,,99,US,US TOTAL,,,,,,,,0,,,9000,UNITED STATES,US TOTAL,2007,MONTHLY,12,12,DEC,,2012-01-01 00:00:00.000,3.77,
SURVEY,CROPS,FIELD CROPS,CORN,ALL CLASSES,ALL PRODUCTION PRACTICES,GRAIN,PRICE RECEIVED,$ / BU,"CORN, GRAIN - PRICE RECEIVED, MEASURED IN $ / BU",TOTAL,NOT SPECIFIED,NATIONAL,,99,US,US TOTAL,,,,,,,,0,,,9000,UNITED STATES,US TOTAL,2006,ANNUAL,0,0,MARKETING YEAR,,2012-01-01 00:00:00.000,3.04,
SURVEY,CROPS,FIELD CROPS,CORN,ALL CLASSES,ALL PRODUCTION PRACTICES,GRAIN,PRICE RECEIVED,$ / BU,"CORN, GRAIN - PRICE RECEIVED, MEASURED IN $ / BU",TOTAL,NOT SPECIFIED,NATIONAL,,99,US,US TOTAL,,,,,,,,0,,,9000,UNITED STATES,US TOTAL,2006,ANNUAL,0,0,YEAR,,2016-02-29 15:03:32.000,2.28,
SURVEY,CROPS,FIELD CROPS,CORN,ALL CLASSES,ALL PRODUCTION PRACTICES,GRAIN,PRICE RECEIVED,$ / BU,"CORN, GRAIN - PRICE RECEIVED, MEASURED IN $ / BU",TOTAL,NOT SPECIFIED,NATIONAL,,99,US,US TOTAL,,,,,,,,0,,,9000,UNITED STATES,US TOTAL,2006,MONTHLY,1,1,JAN,,2012-01-01 00:00:00.000,2.0,
SURVEY,CROPS,FIELD CROPS,CORN,ALL CLASSES,ALL PRODUCTION PRACTICES,GRAIN,PRICE RECEIVED,$ / BU,"CORN, GRAIN - PRICE RECEIVED, MEASURED IN $ / BU",TOTAL,NOT SPECIFIED,NATIONAL,,99,US,US TOTAL,,,,,,,,0,,,9000,UNITED STATES,US TOTAL,2006,MONTHLY,2,2,FEB,,2012-01-01 00:00:00.000,2.02,
SURVEY,CROPS,FIELD CROPS,CORN,ALL CLASSES,ALL PRODUCTION PRACTICES,GRAIN,PRICE RECEIVED,$ / BU,"CORN, GRAIN - PRICE RECEIVED, MEASURED IN $ / BU",TOTAL,NOT SPECIFIED,NATIONAL,,99,US,US TOTAL,,,,,,,,0,,,9000,UNITED STATES,US TOTAL,2006,MONTHLY,3,3,MAR,,2012-01-01 00:00:00.000,2.06,
SURVEY,CROPS,FIELD CROPS,CORN,ALL CLASSES,ALL PRODUCTION PRACTICES,GRAIN,PRICE RECEIVED,$ / BU,"CORN, GRAIN - PRICE RECEIVED, MEASURED IN $ / BU",TOTAL,NOT SPECIFIED,NATIONAL,,99,US,US TOTAL,,,,,,,,0,,,9000,UNITED STATES,US TOTAL,2006,MONTHLY,4,4,APR,,2012-01-01 00:00:00.000,2.11,
SURVEY,CROPS,FIELD CROPS,CORN,ALL CLASSES,ALL PRODUCTION PRACTICES,GRAIN,PRICE RECEIVED,$ / BU,"CORN, GRAIN - PRICE RECEIVED, MEASURED IN $ / BU",TOTAL,NOT SPECIFIED,NATIONAL,,99,US,US TOTAL,,,,,,,,0,,,9000,UNITED STATES,US TOTAL,2006,MONTHLY,5,5,MAY,,2012-01-01 00:00:00.000,2.17,
SURVEY,CROPS,FIELD CROPS,CORN,ALL CLASSES,ALL PRODUCTION PRACTICES,GRAIN,PRICE RECEIVED,$ / BU,"CORN, GRAIN - PRICE RECEIVED, MEASURED IN $ / BU",TOTAL,NOT SPECIFIED,NATIONAL,,99,US,US TOTAL,,,,,,,,0,,,9000,UNITED STATES,US TOTAL,2006,MONTHLY,6,6,JUN,,2012-01-01 00:00:00.000,2.14,
SURVEY,CROPS,FIELD CROPS,CORN,ALL CLASSES,ALL PRODUCTION PRACTICES,GRAIN,PRICE RECEIVED,$ / BU,"CORN, GRAIN - PRICE RECEIVED, MEASURED IN $ / BU",TOTAL,NOT SPECIFIED,NATIONAL,,99,US,US TOTAL,,,,,,,,0,,,9000,UNITED STATES,US TOTAL,2006,MONTHLY,7,7,JUL,,2012-01-01 00:00:00.000,2.14,
SURVEY,CROPS,FIELD CROPS,CORN,ALL CLASSES,ALL PRODUCTION PRACTICES,GRAIN,PRICE RECEIVED,$ / BU,"CORN, GRAIN - PRICE RECEIVED, MEASURED IN $ / BU",TOTAL,NOT SPECIFIED,NATIONAL,,99,US,US TOTAL,,,,,,,,0,,,9000,UNITED STATES,US TOTAL,2006,MONTHLY,8,8,AUG,,2012-01-01 00:00:00.000,2.09,
SURVEY,CROPS,FIELD CROPS,CORN,ALL CLASSES,ALL PRODUCTION PRACTICES,GRAIN,PRICE RECEIVED,$ / BU,"CORN, GRAIN - PRICE RECEIVED, MEASURED IN $ / BU",TOTAL,NOT SPECIFIED,NATIONAL,,99,US,US TOTAL,,,,,,,,0,,,9000,UNITED STATES,US TOTAL,2006,MONTHLY,9,9,SEP,,2012-01-01 00:00:00.000,2.2,
SURVEY,CROPS,FIELD CROPS,CORN,ALL CLASSES,ALL PRODUCTION PRACTICES,GRAIN,PRICE RECEIVED,$ / BU,"CORN, GRAIN - PRICE RECEIVED, MEASURED IN $ / BU",TOTAL,NOT SPECIFIED,NATIONAL,,99,US,US TOTAL,,,,,,,,0,,,9000,UNITED STATES,US TOTAL,2006,MONTHLY,10,10,OCT,,2012-01-01 00:00:00.000,2.55,
SURVEY,CROPS,FIELD CROPS,CORN,ALL CLASSES,ALL PRODUCTION PRACTICES,GRAIN,PRICE RECEIVED,$ / BU,"CORN, GRAIN - PRICE RECEIVED, MEASURED IN $ / BU",TOTAL,NOT SPECIFIED,NATIONAL,,99,US,US TOTAL,,,,,,,,0,,,9000,UNITED STATES,US TOTAL,2006,MONTHLY,11,11,NOV,,2012-01-01 00:00:00.000,2.88,
SURVEY,CROPS,FIELD CROPS,CORN,ALL CLASSES,ALL PRODUCTION PRACTICES,GRAIN,PRICE RECEIVED,$ / BU,"CORN, GRAIN - PRICE RECEIVED, MEASURED IN $ / BU",TOTAL,NOT SPECIFIED,NATIONAL,,99,US,US TOTAL,,,,,,,,0,,,9000,UNITED STATES,US TOTAL,2006,MONTHLY,12,12,DEC,,2012-01-01 00:00:00.000,3.01,
SURVEY,CROPS,FIELD CROPS,CORN,ALL CLASSES,ALL PRODUCTION PRACTICES,GRAIN,PRICE RECEIVED,$ / BU,"CORN, GRAIN - PRICE RECEIVED, MEASURED IN $ / BU",TOTAL,NOT SPECIFIED,NATIONAL,,99,US,US TOTAL,,,,,,,,0,,,9000,UNITED STATES,US TOTAL,2005,ANNUAL,0,0,MARKETING YEAR,,2012-01-01 00:00:00.000,2.0,
SURVEY,CROPS,FIELD CROPS,CORN,ALL CLASSES,ALL PRODUCTION PRACTICES,GRAIN,PRICE RECEIVED,$ / BU,"CORN, GRAIN - PRICE RECEIVED, MEASURED IN $ / BU",TOTAL,NOT SPECIFIED,NATIONAL,,99,US,US TOTAL,,,,,,,,0,,,9000,UNITED STATES,US TOTAL,2005,ANNUAL,0,0,YEAR,,2015-02-27 15:10:53.000,1.96,
SURVEY,CROPS,FIELD CROPS,CORN,ALL CLASSES,ALL PRODUCTION PRACTICES,GRAIN,PRICE RECEIVED,$ / BU,"CORN, GRAIN - PRICE RECEIVED, MEASURED IN $ / BU",TOTAL,NOT SPECIFIED,NATIONAL,,99,US,US TOTAL,,,,,,,,0,,,9000,UNITED STATES,US TOTAL,2005,MONTHLY,1,1,JAN,,2012-01-01 00:00:00.000,2.12,
SURVEY,CROPS,FIELD CROPS,CORN,ALL CLASSES,ALL PRODUCTION PRACTICES,GRAIN,PRICE RECEIVED,$ / BU,"CORN, GRAIN - PRICE RECEIVED, MEASURED IN $ / BU",TOTAL,NOT SPECIFIED,NATIONAL,,99,US,US TOTAL,,,,,,,,0,,,9000,UNITED STATES,US TOTAL,2005,MONTHLY,2,2,FEB,,2012-01-01 00:00:00.000,1.95,
SURVEY,CROPS,FIELD CROPS,CORN,ALL CLASSES,ALL PRODUCTION PRACTICES,GRAIN,PRICE RECEIVED,$ / BU,"CORN, GRAIN - PRICE RECEIVED, MEASURED IN $ / BU",TOTAL,NOT SPECIFIED,NATIONAL,,99,US,US TOTAL,,,,,,,,0,,,9000,UNITED STATES,US TOTAL,2005,MONTHLY,3,3,MAR,,2012-01-01 00:00:00.000,2.02,
SURVEY,CROPS,FIELD CROPS,CORN,ALL CLASSES,ALL PRODUCTION PRACTICES,GRAIN,PRICE RECEIVED,$ / BU,"CORN, GRAIN - PRICE RECEIVED, MEASURED IN $ / BU",TOTAL,NOT SPECIFIED,NATIONAL,,99,US,US TOTAL,,,,,,,,0,,,9000,UNITED STATES,US TOTAL,2005,MONTHLY,4,4,APR,,2012-01-01 00:00:00.000,2.0,
SURVEY,CROPS,FIELD CROPS,CORN,ALL CLASSES,ALL PRODUCTION PRACTICES,GRAIN,PRICE RECEIVED,$ / BU,"CORN, GRAIN - PRICE RECEIVED, MEASURED IN $ / BU",TOTAL,NOT SPECIFIED,NATIONAL,,99,US,US TOTAL,,,,,,,,0,,,9000,UNITED STATES,US TOTAL,2005,MONTHLY,5,5,MAY,,2012-01-01 00:00:00.000,1.98,
SURVEY,CROPS,FIELD CROPS,CORN,ALL CLASSES,ALL PRODUCTION PRACTICES,GRAIN,PRICE RECEIVED,$ / BU,"CORN, GRAIN - PRICE RECEIVED, MEASURED IN $ / BU",TOTAL,NOT SPECIFIED,NATIONAL,,99,US,US TOTAL,,,,,,,,0,,,9000,UNITED STATES,US TOTAL,2005,MONTHLY,6,6,JUN,,2012-01-01 00:00:00.000,2.03,
SURVEY,CROPS,FIELD CROPS,CORN,ALL CLASSES,ALL PRODUCTION PRACTICES,GRAIN,PRICE RECEIVED,$ / BU,"CORN, GRAIN - PRICE RECEIVED, MEASURED IN $ / BU",TOTAL,NOT SPECIFIED,NATIONAL,,99,US,US TOTAL,,,,,,,,0,,,9000,UNITED STATES,US TOTAL,2005,MONTHLY,7,7,JUL,,2012-01-01 00:00:00.000,2.11,
SURVEY,CROPS,FIELD CROPS,CORN,ALL CLASSES,ALL PRODUCTION PRACTICES,GRAIN,PRICE RECEIVED,$ / BU,"CORN, GRAIN - PRICE RECEIVED, MEASURED IN $ / BU",TOTAL,NOT SPECIFIED,NATIONAL,,99,US,US TOTAL,,,,,,,,0,,,9000,UNITED STATES,US TOTAL,2005,MONTHLY,8,8,AUG,,2012-01-01 00:00:00.000,1.95,
SURVEY,CROPS,FIELD CROPS,CORN,ALL CLASSES,ALL PRODUCTION PRACTICES,GRAIN,PRICE RECEIVED,$ / BU,"CORN, GRAIN - PRICE RECEIVED, MEASURED IN $ / BU",TOTAL,NOT SPECIFIED,NATIONAL,,99,US,US TOTAL,,,,,,,,0,,,9000,UNITED STATES,US TOTAL,2005,MONTHLY,9,9,SEP,,2012-01-01 00:00:00.000,1.9,
SURVEY,CROPS,FIELD CROPS,CORN,ALL CLASSES,ALL PRODUCTION PRACTICES,GRAIN,PRICE RECEIVED,$ / BU,"CORN, GRAIN - PRICE RECEIVED, MEASURED IN $ / BU",TOTAL,NOT SPECIFIED,NATIONAL,,99,US,US TOTAL,,,,,,,,0,,,9000,UNITED STATES,US TOTAL,2005,MONTHLY,10,10,OCT,,2012-01-01 00:00:00.000,1.82,
SURVEY,CROPS,FIELD CROPS,CORN,ALL CLASSES,ALL PRODUCTION PRACTICES,GRAIN,PRICE RECEIVED,$ / BU,"CORN, GRAIN - PRICE RECEIVED, MEASURED IN $ / BU",TOTAL,NOT SPECIFIED,NATIONAL,,99,US,US TOTAL,,,,,,,,0,,,9000,UNITED STATES,US TOTAL,2005,MONTHLY,11,11,NOV,,2012-01-01 00:00:00.000,1.77,
SURVEY,CROPS,FIELD CROPS,CORN,ALL CLASSES,ALL PRODUCTION PRACTICES,GRAIN,PRICE RECEIVED,$ / BU,"CORN, GRAIN - PRICE RECEIVED, MEASURED IN $ / BU",TOTAL,NOT SPECIFIED,NATIONAL,,99,US,US TOTAL,,,,,,,,0,,,9000,UNITED STATES,US TOTAL,2005,MONTHLY,12,12,DEC,,2012-01-01 00:00:00.000,1.92,
SURVEY,CROPS,FIELD CROPS,CORN,ALL CLASSES,ALL PRODUCTION PRACTICES,GRAIN,PRICE RECEIVED,$ / BU,"CORN, GRAIN - PRICE RECEIVED, MEASURED IN $ / BU",TOTAL,NOT SPECIFIED,NATIONAL,,99,US,US TOTAL,,,,,,,,0,,,9000,UNITED STATES,US TOTAL,2004,ANNUAL,0,0,MARKETING YEAR,,2012-01-01 00:00:00.000,2.06,
SURVEY,CROPS,FIELD CROPS,CORN,ALL CLASSES,ALL PRODUCTION PRACTICES,GRAIN,PRICE RECEIVED,$ / BU,"CORN, GRAIN - PRICE RECEIVED, MEASURED IN $ / BU",TOTAL,NOT SPECIFIED,NATIONAL,,99,US,US TOTAL,,,,,,,,0,,,9000,UNITED STATES,US TOTAL,2004,ANNUAL,0,0,YEAR,,2014-07-31 15:07:59.000,2.47,
SURVEY,CROPS,FIELD CROPS,CORN,ALL CLASSES,ALL PRODUCTION PRACTICES,GRAIN,PRICE RECEIVED,$ / BU,"CORN, GRAIN - PRICE RECEIVED, MEASURED IN $ / BU",TOTAL,NOT SPECIFIED,NATIONAL,,99,US,US TOTAL,,,,,,,,0,,,9000,UNITED STATES,US TOTAL,2004,MONTHLY,1,1,JAN,,2012-01-01 00:00:00.000,2.39,
SURVEY,CROPS,FIELD CROPS,CORN,ALL CLASSES,ALL PRODUCTION PRACTICES,GRAIN,PRICE RECEIVED,$ / BU,"CORN, GRAIN - PRICE RECEIVED, MEASURED IN $ / BU",TOTAL,NOT SPECIFIED,NATIONAL,,99,US,US TOTAL,,,,,,,,0,,,9000,UNITED STATES,US TOTAL,2004,MONTHLY,2,2,FEB,,2012-01-01 00:00:00.000,2.61,
SURVEY,CROPS,FIELD CROPS,CORN,ALL CLASSES,ALL PRODUCTION PRACTICES,GRAIN,PRICE RECEIVED,$ / BU,"CORN, GRAIN - PRICE RECEIVED, MEASURED IN $ / BU",TOTAL,NOT SPECIFIED,NATIONAL,,99,US,US TOTAL,,,,,,,,0,,,9000,UNITED STATES,US TOTAL,2004,MONTHLY,3,3,MAR,,2012-01-01 00:00:00.000,2.75,
SURVEY,CROPS,FIELD CROPS,CORN,ALL CLASSES,ALL PRODUCTION PRACTICES,GRAIN,PRICE RECEIVED,$ / BU,"CORN, GRAIN - PRICE RECEIVED, MEASURED IN $ / BU",TOTAL,NOT SPECIFIED,NATIONAL,,99,US,US TOTAL,,,,,,,,0,,,9000,UNITED STATES,US TOTAL,2004,MONTHLY,4,4,APR,,2012-01-01 00:00:00.000,2.89,
SURVEY,CROPS,FIELD CROPS,CORN,ALL CLASSES,ALL PRODUCTION PRACTICES,GRAIN,PRICE RECEIVED,$ / BU,"CORN, GRAIN - PRICE RECEIVED, MEASURED IN $ / BU",TOTAL,NOT SPECIFIED,NATIONAL,,99,US,US TOTAL,,,,,,,,0,,,9000,UNITED STATES,US TOTAL,2004,MONTHLY,5,5,MAY,,2012-01-01 00:00:00.000,2.87,
SURVEY,CROPS,FIELD CROPS,CORN,ALL CLASSES,ALL PRODUCTION PRACTICES,GRAIN,PRICE RECEIVED,$ / BU,"CORN, GRAIN - PRICE RECEIVED, MEASURED IN $ / BU",TOTAL,NOT SPECIFIED,NATIONAL,,99,US,US TOTAL,,,,,,,,0,,,9000,UNITED STATES,US TOTAL,2004,MONTHLY,6,6,JUN,,2012-01-01 00:00:00.000,2.79,
SURVEY,CROPS,FIELD CROPS,CORN,ALL CLASSES,ALL PRODUCTION PRACTICES,GRAIN,PRICE RECEIVED,$ / BU,"CORN, GRAIN - PRICE RECEIVED, MEASURED IN $ / BU",TOTAL,NOT SPECIFIED,NATIONAL,,99,US,US TOTAL,,,,,,,,0,,,9000,UNITED STATES,US TOTAL,2004,MONTHLY,7,7,JUL,,2012-01-01 00:00:00.000,2.51,
SURVEY,CROPS,FIELD CROPS,CORN,ALL CLASSES,ALL PRODUCTION PRACTICES,GRAIN,PRICE RECEIVED,$ / BU,"CORN, GRAIN - PRICE RECEIVED, MEASURED IN $ / BU",TOTAL,NOT SPECIFIED,NATIONAL,,99,US,US TOTAL,,,,,,,,0,,,9000,UNITED STATES,US TOTAL,2004,MONTHLY,8,8,AUG,,2012-01-01 00:00:00.000,2.34,
SURVEY,CROPS,FIELD CROPS,CORN,ALL CLASSES,ALL PRODUCTION PRACTICES,GRAIN,PRICE RECEIVED,$ / BU,"CORN, GRAIN - PRICE RECEIVED, MEASURED IN $ / BU",TOTAL,NOT SPECIFIED,NATIONAL,,99,US,US TOTAL,,,,,,,,0,,,9000,UNITED STATES,US TOTAL,2004,MONTHLY,9,9,SEP,,2012-01-01 00:00:00.000,2.2,
SURVEY,CROPS,FIELD CROPS,CORN,ALL CLASSES,ALL PRODUCTION PRACTICES,GRAIN,PRICE RECEIVED,$ / BU,"CORN, GRAIN - PRICE RECEIVED, MEASURED IN $ / BU",TOTAL,NOT SPECIFIED,NATIONAL,,99,US,US TOTAL,,,,,,,,0,,,9000,UNITED STATES,US TOTAL,2004,MONTHLY,10,10,OCT,,2012-01-01 00:00:00.000,2.14,
SURVEY,CROPS,FIELD CROPS,CORN,ALL CLASSES,ALL PRODUCTION PRACTICES,GRAIN,PRICE RECEIVED,$ / BU,"CORN, GRAIN - PRICE RECEIVED, MEASURED IN $ / BU",TOTAL,NOT SPECIFIED,NATIONAL,,99,US,US TOTAL,,,,,,,,0,,,9000,UNITED STATES,US TOTAL,2004,MONTHLY,11,11,NOV,,2012-01-01 00:00:00.000,2.05,
SURVEY,CROPS,FIELD CROPS,CORN,ALL CLASSES,ALL PRODUCTION PRACTICES,GRAIN,PRICE RECEIVED,$ / BU,"CORN, GRAIN - PRICE RECEIVED, MEASURED IN $ / BU",TOTAL,NOT SPECIFIED,NATIONAL,,99,US,US TOTAL,,,,,,,,0,,,9000,UNITED STATES,US TOTAL,2004,MONTHLY,12,12,DEC,,2012-01-01 00:00:00.000,2.04,
SURVEY,CROPS,FIELD CROPS,CORN,ALL CLASSES,ALL PRODUCTION PRACTICES,GRAIN,PRICE RECEIVED,$ / BU,"CORN, GRAIN - PRICE RECEIVED, MEASURED IN $ / BU",TOTAL,NOT SPECIFIED,NATIONAL,,99,US,US TOTAL,,,,,,,,0,,,9000,UNITED STATES,US TOTAL,2003,ANNUAL,0,0,MARKETING YEAR,,2012-01-01 00:00:00.000,2.42,
SURVEY,CROPS,FIELD CROPS,CORN,ALL CLASSES,ALL PRODUCTION PRACTICES,GRAIN,PRICE RECEIVED,$ / BU,"CORN, GRAIN - PRICE RECEIVED, MEASURED IN $ / BU",TOTAL,NOT SPECIFIED,NATIONAL,,99,US,US TOTAL,,,,,,,,0,,,9000,UNITED STATES,US TOTAL,2003,ANNUAL,0,0,YEAR,,2013-01-31 15:08:55.000,2.27,
SURVEY,CROPS,FIELD CROPS,CORN,ALL CLASSES,ALL PRODUCTION PRACTICES,GRAIN,PRICE RECEIVED,$ / BU,"CORN, GRAIN - PRICE RECEIVED, MEASURED IN $ / BU",TOTAL,NOT SPECIFIED,NATIONAL,,99,US,US TOTAL,,,,,,,,0,,,9000,UNITED STATES,US TOTAL,2003,MONTHLY,1,1,JAN,,2012-01-01 00:00:00.000,2.33,
SURVEY,CROPS,FIELD CROPS,CORN,ALL CLASSES,ALL PRODUCTION PRACTICES,GRAIN,PRICE RECEIVED,$ / BU,"CORN, GRAIN - PRICE RECEIVED, MEASURED IN $ / BU",TOTAL,NOT SPECIFIED,NATIONAL,,99,US,US TOTAL,,,,,,,,0,,,9000,UNITED STATES,US TOTAL,2003,MONTHLY,2,2,FEB,,2012-01-01 00:00:00.000,2.34,
SURVEY,CROPS,FIELD CROPS,CORN,ALL CLASSES,ALL PRODUCTION PRACTICES,GRAIN,PRICE RECEIVED,$ / BU,"CORN, GRAIN - PRICE RECEIVED, MEASURED IN $ / BU",TOTAL,NOT SPECIFIED,NATIONAL,,99,US,US TOTAL,,,,,,,,0,,,9000,UNITED STATES,US TOTAL,2003,MONTHLY,3,3,MAR,,2012-01-01 00:00:00.000,2.33,
SURVEY,CROPS,FIELD CROPS,CORN,ALL CLASSES,ALL PRODUCTION PRACTICES,GRAIN,PRICE RECEIVED,$ / BU,"CORN, GRAIN - PRICE RECEIVED, MEASURED IN $ / BU",TOTAL,NOT SPECIFIED,NATIONAL,,99,US,US TOTAL,,,,,,,,0,,,9000,UNITED STATES,US TOTAL,2003,MONTHLY,4,4,APR,,2012-01-01 00:00:00.000,2.34,
SURVEY,CROPS,FIELD CROPS,CORN,ALL CLASSES,ALL PRODUCTION PRACTICES,GRAIN,PRICE RECEIVED,$ / BU,"CORN, GRAIN - PRICE RECEIVED, MEASURED IN $ / BU",TOTAL,NOT SPECIFIED,NATIONAL,,99,US,US TOTAL,,,,,,,,0,,,9000,UNITED STATES,US TOTAL,2003,MONTHLY,5,5,MAY,,2012-01-01 00:00:00.000,2.38,
SURVEY,CROPS,FIELD CROPS,CORN,ALL CLASSES,ALL PRODUCTION PRACTICES,GRAIN,PRICE RECEIVED,$ / BU,"CORN, GRAIN - PRICE RECEIVED, MEASURED IN $ / BU",TOTAL,NOT SPECIFIED,NATIONAL,,99,US,US TOTAL,,,,,,,,0,,,9000,UNITED STATES,US TOTAL,2003,MONTHLY,6,6,JUN,,2012-01-01 00:00:00.000,2.34,
SURVEY,CROPS,FIELD CROPS,CORN,ALL CLASSES,ALL PRODUCTION PRACTICES,GRAIN,PRICE RECEIVED,$ / BU,"CORN, GRAIN - PRICE RECEIVED, MEASURED IN $ / BU",TOTAL,NOT SPECIFIED,NATIONAL,,99,US,US TOTAL,,,,,,,,0,,,9000,UNITED STATES,US TOTAL,2003,MONTHLY,7,7,JUL,,2012-01-01 00:00:00.000,2.17,
SURVEY,CROPS,FIELD CROPS,CORN,ALL CLASSES,ALL PRODUCTION PRACTICES,GRAIN,PRICE RECEIVED,$ / BU,"CORN, GRAIN - PRICE RECEIVED, MEASURED IN $ / BU",TOTAL,NOT SPECIFIED,NATIONAL,,99,US,US TOTAL,,,,,,,,0,,,9000,UNITED STATES,US TOTAL,2003,MONTHLY,8,8,AUG,,2012-01-01 00:00:00.000,2.15,
SURVEY,CROPS,FIELD CROPS,CORN,ALL CLASSES,ALL PRODUCTION PRACTICES,GRAIN,PRICE RECEIVED,$ / BU,"CORN, GRAIN - PRICE RECEIVED, MEASURED IN $ / BU",TOTAL,NOT SPECIFIED,NATIONAL,,99,US,US TOTAL,,,,,,,,0,,,9000,UNITED STATES,US TOTAL,2003,MONTHLY,9,9,SEP,,2012-01-01 00:00:00.000,2.2,
SURVEY,CROPS,FIELD CROPS,CORN,ALL CLASSES,ALL PRODUCTION PRACTICES,GRAIN,PRICE RECEIVED,$ / BU,"CORN, GRAIN - PRICE RECEIVED, MEASURED IN $ / BU",TOTAL,NOT SPECIFIED,NATIONAL,,99,US,US TOTAL,,,,,,,,0,,,9000,UNITED STATES,US TOTAL,2003,MONTHLY,10,10,OCT,,2012-01-01 00:00:00.000,2.12,
SURVEY,CROPS,FIELD CROPS,CORN,ALL CLASSES,ALL PRODUCTION PRACTICES,GRAIN,PRICE RECEIVED,$ / BU,"CORN, GRAIN - PRICE RECEIVED, MEASURED IN $ / BU",TOTAL,NOT SPECIFIED,NATIONAL,,99,US,US TOTAL,,,,,,,,0,,,9000,UNITED STATES,US TOTAL,2003,MONTHLY,11,11,NOV,,2012-01-01 00:00:00.000,2.2,
SURVEY,CROPS,FIELD CROPS,CORN,ALL CLASSES,ALL PRODUCTION PRACTICES,GRAIN,PRICE RECEIVED,$ / BU,"CORN, GRAIN - PRICE RECEIVED, MEASURED IN $ / BU",TOTAL,NOT SPECIFIED,NATIONAL,,99,US,US TOTAL,,,,,,,,0,,,9000,UNITED STATES,US TOTAL,2003,MONTHLY,12,12,DEC,,2012-01-01 00:00:00.000,2.31,
SURVEY,CROPS,FIELD CROPS,CORN,ALL CLASSES,ALL PRODUCTION PRACTICES,GRAIN,PRICE RECEIVED,$ / BU,"CORN, GRAIN - PRICE RECEIVED, MEASURED IN $ / BU",TOTAL,NOT SPECIFIED,NATIONAL,,99,US,US TOTAL,,,,,,,,0,,,9000,UNITED STATES,US TOTAL,2002,ANNUAL,0,0,MARKETING YEAR,,2012-01-01 00:00:00.000,2.32,
SURVEY,CROPS,FIELD CROPS,CORN,ALL CLASSES,ALL PRODUCTION PRACTICES,GRAIN,PRICE RECEIVED,$ / BU,"CORN, GRAIN - PRICE RECEIVED, MEASURED IN $ / BU",TOTAL,NOT SPECIFIED,NATIONAL,,99,US,US TOTAL,,,,,,,,0,,,9000,UNITED STATES,US TOTAL,2002,ANNUAL,0,0,YEAR,,2012-07-31 16:23:18.000,2.13,
SURVEY,CROPS,FIELD CROPS,CORN,ALL CLASSES,ALL PRODUCTION PRACTICES,GRAIN,PRICE RECEIVED,$ / BU,"CORN, GRAIN - PRICE RECEIVED, MEASURED IN $ / BU",TOTAL,NOT SPECIFIED,NATIONAL,,99,US,US TOTAL,,,,,,,,0,,,9000,UNITED STATES,US TOTAL,2002,MONTHLY,1,1,JAN,,2012-01-01 00:00:00.000,1.97,
SURVEY,CROPS,FIELD CROPS,CORN,ALL CLASSES,ALL PRODUCTION PRACTICES,GRAIN,PRICE RECEIVED,$ / BU,"CORN, GRAIN - PRICE RECEIVED, MEASURED IN $ / BU",TOTAL,NOT SPECIFIED,NATIONAL,,99,US,US TOTAL,,,,,,,,0,,,9000,UNITED STATES,US TOTAL,2002,MONTHLY,2,2,FEB,,2012-01-01 00:00:00.000,1.93,
SURVEY,CROPS,FIELD CROPS,CORN,ALL CLASSES,ALL PRODUCTION PRACTICES,GRAIN,PRICE RECEIVED,$ / BU,"CORN, GRAIN - PRICE RECEIVED, MEASURED IN $ / BU",TOTAL,NOT SPECIFIED,NATIONAL,,99,US,US TOTAL,,,,,,,,0,,,9000,UNITED STATES,US TOTAL,2002,MONTHLY,3,3,MAR,,2012-01-01 00:00:00.000,1.94,
SURVEY,CROPS,FIELD CROPS,CORN,ALL CLASSES,ALL PRODUCTION PRACTICES,GRAIN,PRICE RECEIVED,$ / BU,"CORN, GRAIN - PRICE RECEIVED, MEASURED IN $ / BU",TOTAL,NOT SPECIFIED,NATIONAL,,99,US,US TOTAL,,,,,,,,0,,,9000,UNITED STATES,US TOTAL,2002,MONTHLY,4,4,APR,,2012-01-01 00:00:00.000,1.91,
SURVEY,CROPS,FIELD CROPS,CORN,ALL CLASSES,ALL PRODUCTION PRACTICES,GRAIN,PRICE RECEIVED,$ / BU,"CORN, GRAIN - PRICE RECEIVED, MEASURED IN $ / BU",TOTAL,NOT SPECIFIED,NATIONAL,,99,US,US TOTAL,,,,,,,,0,,,9000,UNITED STATES,US TOTAL,2002,MONTHLY,5,5,MAY,,2012-01-01 00:00:00.000,1.93,
SURVEY,CROPS,FIELD CROPS,CORN,ALL CLASSES,ALL PRODUCTION PRACTICES,GRAIN,PRICE RECEIVED,$ / BU,"CORN, GRAIN - PRICE RECEIVED, MEASURED IN $ / BU",TOTAL,NOT SPECIFIED,NATIONAL,,99,US,US TOTAL,,,,,,,,0,,,9000,UNITED STATES,US TOTAL,2002,MONTHLY,6,6,JUN,,2012-01-01 00:00:00.000,1.97,
SURVEY,CROPS,FIELD CROPS,CORN,ALL CLASSES,ALL PRODUCTION PRACTICES,GRAIN,PRICE RECEIVED,$ / BU,"CORN, GRAIN - PRICE RECEIVED, MEASURED IN $ / BU",TOTAL,NOT SPECIFIED,NATIONAL,,99,US,US TOTAL,,,,,,,,0,,,9000,UNITED STATES,US TOTAL,2002,MONTHLY,7,7,JUL,,2012-01-01 00:00:00.000,2.13,
SURVEY,CROPS,FIELD CROPS,CORN,ALL CLASSES,ALL PRODUCTION PRACTICES,GRAIN,PRICE RECEIVED,$ / BU,"CORN, GRAIN - PRICE RECEIVED, MEASURED IN $ / BU",TOTAL,NOT SPECIFIED,NATIONAL,,99,US,US TOTAL,,,,,,,,0,,,9000,UNITED STATES,US TOTAL,2002,MONTHLY,8,8,AUG,,2012-01-01 00:00:00.000,2.38,
SURVEY,CROPS,FIELD CROPS,CORN,ALL CLASSES,ALL PRODUCTION PRACTICES,GRAIN,PRICE RECEIVED,$ / BU,"CORN, GRAIN - PRICE RECEIVED, MEASURED IN $ / BU",TOTAL,NOT SPECIFIED,NATIONAL,,99,US,US TOTAL,,,,,,,,0,,,9000,UNITED STATES,US TOTAL,2002,MONTHLY,9,9,SEP,,2012-01-01 00:00:00.000,2.47,
SURVEY,CROPS,FIELD CROPS,CORN,ALL CLASSES,ALL PRODUCTION PRACTICES,GRAIN,PRICE RECEIVED,$ / BU,"CORN, GRAIN - PRICE RECEIVED, MEASURED IN $ / BU",TOTAL,NOT SPECIFIED,NATIONAL,,99,US,US TOTAL,,,,,,,,0,,,9000,UNITED STATES,US TOTAL,2002,MONTHLY,10,10,OCT,,2012-01-01 00:00:00.000,2.34,
SURVEY,CROPS,FIELD CROPS,CORN,ALL CLASSES,ALL PRODUCTION PRACTICES,GRAIN,PRICE RECEIVED,$ / BU,"CORN, GRAIN - PRICE RECEIVED, MEASURED IN $ / BU",TOTAL,NOT SPECIFIED,NATIONAL,,99,US,US TOTAL,,,,,,,,0,,,9000,UNITED STATES,US TOTAL,2002,MONTHLY,11,11,NOV,,2012-01-01 00:00:00.000,2.28,
SURVEY,CROPS,FIELD CROPS,CORN,ALL CLASSES,ALL PRODUCTION PRACTICES,GRAIN,PRICE RECEIVED,$ / BU,"CORN, GRAIN - PRICE RECEIVED, MEASURED IN $ / BU",TOTAL,NOT SPECIFIED,NATIONAL,,99,US,US TOTAL,,,,,,,,0,,,9000,UNITED STATES,US TOTAL,2002,MONTHLY,12,12,DEC,,2012-01-01 00:00:00.000,2.32,
SURVEY,CROPS,FIELD CROPS,CORN,ALL CLASSES,ALL PRODUCTION PRACTICES,GRAIN,PRICE RECEIVED,$ / BU,"CORN, GRAIN - PRICE RECEIVED, MEASURED IN $ / BU",TOTAL,NOT SPECIFIED,NATIONAL,,99,US,US TOTAL,,,,,,,,0,,,9000,UNITED STATES,US TOTAL,2001,ANNUAL,0,0,MARKETING YEAR,,2012-01-01 00:00:00.000,1.97,
SURVEY,CROPS,FIELD CROPS,CORN,ALL CLASSES,ALL PRODUCTION PRACTICES,GRAIN,PRICE RECEIVED,$ / BU,"CORN, GRAIN - PRICE RECEIVED, MEASURED IN $ / BU",TOTAL,NOT SPECIFIED,NATIONAL,,99,US,US TOTAL,,,,,,,,0,,,9000,UNITED STATES,US TOTAL,2001,ANNUAL,0,0,YEAR,,2012-01-01 00:00:00.000,1.89,
SURVEY,CROPS,FIELD CROPS,CORN,ALL CLASSES,ALL PRODUCTION PRACTICES,GRAIN,PRICE RECEIVED,$ / BU,"CORN, GRAIN - PRICE RECEIVED, MEASURED IN $ / BU",TOTAL,NOT SPECIFIED,NATIONAL,,99,US,US TOTAL,,,,,,,,0,,,9000,UNITED STATES,US TOTAL,2001,MONTHLY,1,1,JAN,,2012-01-01 00:00:00.000,1.98,
SURVEY,CROPS,FIELD CROPS,CORN,ALL CLASSES,ALL PRODUCTION PRACTICES,GRAIN,PRICE RECEIVED,$ / BU,"CORN, GRAIN - PRICE RECEIVED, MEASURED IN $ / BU",TOTAL,NOT SPECIFIED,NATIONAL,,99,US,US TOTAL,,,,,,,,0,,,9000,UNITED STATES,US TOTAL,2001,MONTHLY,2,2,FEB,,2012-01-01 00:00:00.000,1.96,
SURVEY,CROPS,FIELD CROPS,CORN,ALL CLASSES,ALL PRODUCTION PRACTICES,GRAIN,PRICE RECEIVED,$ / BU,"CORN, GRAIN - PRICE RECEIVED, MEASURED IN $ / BU",TOTAL,NOT SPECIFIED,NATIONAL,,99,US,US TOTAL,,,,,,,,0,,,9000,UNITED STATES,US TOTAL,2001,MONTHLY,3,3,MAR,,2012-01-01 00:00:00.000,1.96,
SURVEY,CROPS,FIELD CROPS,CORN,ALL CLASSES,ALL PRODUCTION PRACTICES,GRAIN,PRICE RECEIVED,$ / BU,"CORN, GRAIN - PRICE RECEIVED, MEASURED IN $ / BU",TOTAL,NOT SPECIFIED,NATIONAL,,99,US,US TOTAL,,,,,,,,0,,,9000,UNITED STATES,US TOTAL,2001,MONTHLY,4,4,APR,,2012-01-01 00:00:00.000,1.89,
SURVEY,CROPS,FIELD CROPS,CORN,ALL CLASSES,ALL PRODUCTION PRACTICES,GRAIN,PRICE RECEIVED,$ / BU,"CORN, GRAIN - PRICE RECEIVED, MEASURED IN $ / BU",TOTAL,NOT SPECIFIED,NATIONAL,,99,US,US TOTAL,,,,,,,,0,,,9000,UNITED STATES,US TOTAL,2001,MONTHLY,5,5,MAY,,2012-01-01 00:00:00.000,1.82,
SURVEY,CROPS,FIELD CROPS,CORN,ALL CLASSES,ALL PRODUCTION PRACTICES,GRAIN,PRICE RECEIVED,$ / BU,"CORN, GRAIN - PRICE RECEIVED, MEASURED IN $ / BU",TOTAL,NOT SPECIFIED,NATIONAL,,99,US,US TOTAL,,,,,,,,0,,,9000,UNITED STATES,US TOTAL,2001,MONTHLY,6,6,JUN,,2012-01-01 00:00:00.000,1.76,
SURVEY,CROPS,FIELD CROPS,CORN,ALL CLASSES,ALL PRODUCTION PRACTICES,GRAIN,PRICE RECEIVED,$ / BU,"CORN, GRAIN - PRICE RECEIVED, MEASURED IN $ / BU",TOTAL,NOT SPECIFIED,NATIONAL,,99,US,US TOTAL,,,,,,,,0,,,9000,UNITED STATES,US TOTAL,2001,MONTHLY,7,7,JUL,,2012-01-01 00:00:00.000,1.87,
SURVEY,CROPS,FIELD CROPS,CORN,ALL CLASSES,ALL PRODUCTION PRACTICES,GRAIN,PRICE RECEIVED,$ / BU,"CORN, GRAIN - PRICE RECEIVED, MEASURED IN $ / BU",TOTAL,NOT SPECIFIED,NATIONAL,,99,US,US TOTAL,,,,,,,,0,,,9000,UNITED STATES,US TOTAL,2001,MONTHLY,8,8,AUG,,2012-01-01 00:00:00.000,1.9,
SURVEY,CROPS,FIELD CROPS,CORN,ALL CLASSES,ALL PRODUCTION PRACTICES,GRAIN,PRICE RECEIVED,$ / BU,"CORN, GRAIN - PRICE RECEIVED, MEASURED IN $ / BU",TOTAL,NOT SPECIFIED,NATIONAL,,99,US,US TOTAL,,,,,,,,0,,,9000,UNITED STATES,US TOTAL,2001,MONTHLY,9,9,SEP,,2012-01-01 00:00:00.000,1.91,
SURVEY,CROPS,FIELD CROPS,CORN,ALL CLASSES,ALL PRODUCTION PRACTICES,GRAIN,PRICE RECEIVED,$ / BU,"CORN, GRAIN - PRICE RECEIVED, MEASURED IN $ / BU",TOTAL,NOT SPECIFIED,NATIONAL,,99,US,US TOTAL,,,,,,,,0,,,9000,UNITED STATES,US TOTAL,2001,MONTHLY,10,10,OCT,,2012-01-01 00:00:00.000,1.84,
SURVEY,CROPS,FIELD CROPS,CORN,ALL CLASSES,ALL PRODUCTION PRACTICES,GRAIN,PRICE RECEIVED,$ / BU,"CORN, GRAIN - PRICE RECEIVED, MEASURED IN $ / BU",TOTAL,NOT SPECIFIED,NATIONAL,,99,US,US TOTAL,,,,,,,,0,,,9000,UNITED STATES,US TOTAL,2001,MONTHLY,11,11,NOV,,2012-01-01 00:00:00.000,1.85,
SURVEY,CROPS,FIELD CROPS,CORN,ALL CLASSES,ALL PRODUCTION PRACTICES,GRAIN,PRICE RECEIVED,$ / BU,"CORN, GRAIN - PRICE RECEIVED, MEASURED IN $ / BU",TOTAL,NOT SPECIFIED,NATIONAL,,99,US,US TOTAL,,,,,,,,0,,,9000,UNITED STATES,US TOTAL,2001,MONTHLY,12,12,DEC,,2012-01-01 00:00:00.000,1.98,
SURVEY,CROPS,FIELD CROPS,CORN,ALL CLASSES,ALL PRODUCTION PRACTICES,GRAIN,PRICE RECEIVED,$ / BU,"CORN, GRAIN - PRICE RECEIVED, MEASURED IN $ / BU",TOTAL,NOT SPECIFIED,NATIONAL,,99,US,US TOTAL,,,,,,,,0,,,9000,UNITED STATES,US TOTAL,2000,ANNUAL,0,0,MARKETING YEAR,,2012-01-01 00:00:00.000,1.85,
SURVEY,CROPS,FIELD CROPS,CORN,ALL CLASSES,ALL PRODUCTION PRACTICES,GRAIN,PRICE RECEIVED,$ / BU,"CORN, GRAIN - PRICE RECEIVED, MEASURED IN $ / BU",TOTAL,NOT SPECIFIED,NATIONAL,,99,US,US TOTAL,,,,,,,,0,,,9000,UNITED STATES,US TOTAL,2000,ANNUAL,0,0,YEAR,,2012-01-01 00:00:00.000,1.86,
SURVEY,CROPS,FIELD CROPS,CORN,ALL CLASSES,ALL PRODUCTION PRACTICES,GRAIN,PRICE RECEIVED,$ / BU,"CORN, GRAIN - PRICE RECEIVED, MEASURED IN $ / BU",TOTAL,NOT SPECIFIED,NATIONAL,,99,US,US TOTAL,,,,,,,,0,,,9000,UNITED STATES,US TOTAL,2000,MONTHLY,1,1,JAN,,2012-01-01 00:00:00.000,1.91,
SURVEY,CROPS,FIELD CROPS,CORN,ALL CLASSES,ALL PRODUCTION PRACTICES,GRAIN,PRICE RECEIVED,$ / BU,"CORN, GRAIN - PRICE RECEIVED, MEASURED IN $ / BU",TOTAL,NOT SPECIFIED,NATIONAL,,99,US,US TOTAL,,,,,,,,0,,,9000,UNITED STATES,US TOTAL,2000,MONTHLY,2,2,FEB,,2012-01-01 00:00:00.000,1.98,
SURVEY,CROPS,FIELD CROPS,CORN,ALL CLASSES,ALL PRODUCTION PRACTICES,GRAIN,PRICE RECEIVED,$ / BU,"CORN, GRAIN - PRICE RECEIVED, MEASURED IN $ / BU",TOTAL,NOT SPECIFIED,NATIONAL,,99,US,US TOTAL,,,,,,,,0,,,9000,UNITED STATES,US TOTAL,2000,MONTHLY,3,3,MAR,,2012-01-01 00:00:00.000,2.03,
SURVEY,CROPS,FIELD CROPS,CORN,ALL CLASSES,ALL PRODUCTION PRACTICES,GRAIN,PRICE RECEIVED,$ / BU,"CORN, GRAIN - PRICE RECEIVED, MEASURED IN $ / BU",TOTAL,NOT SPECIFIED,NATIONAL,,99,US,US TOTAL,,,,,,,,0,,,9000,UNITED STATES,US TOTAL,2000,MONTHLY,4,4,APR,,2012-01-01 00:00:00.000,2.03,
SURVEY,CROPS,FIELD CROPS,CORN,ALL CLASSES,ALL PRODUCTION PRACTICES,GRAIN,PRICE RECEIVED,$ / BU,"CORN, GRAIN - PRICE RECEIVED, MEASURED IN $ / BU",TOTAL,NOT SPECIFIED,NATIONAL,,99,US,US TOTAL,,,,,,,,0,,,9000,UNITED STATES,US TOTAL,2000,MONTHLY,5,5,MAY,,2012-01-01 00:00:00.000,2.11,
SURVEY,CROPS,FIELD CROPS,CORN,ALL CLASSES,ALL PRODUCTION PRACTICES,GRAIN,PRICE RECEIVED,$ / BU,"CORN, GRAIN - PRICE RECEIVED, MEASURED IN $ / BU",TOTAL,NOT SPECIFIED,NATIONAL,,99,US,US TOTAL,,,,,,,,0,,,9000,UNITED STATES,US TOTAL,2000,MONTHLY,6,6,JUN,,2012-01-01 00:00:00.000,1.91,
SURVEY,CROPS,FIELD CROPS,CORN,ALL CLASSES,ALL PRODUCTION PRACTICES,GRAIN,PRICE RECEIVED,$ / BU,"CORN, GRAIN - PRICE RECEIVED, MEASURED IN $ / BU",TOTAL,NOT SPECIFIED,NATIONAL,,99,US,US TOTAL,,,,,,,,0,,,9000,UNITED STATES,US TOTAL,2000,MONTHLY,7,7,JUL,,2012-01-01 00:00:00.000,1.64,
SURVEY,CROPS,FIELD CROPS,CORN,ALL CLASSES,ALL PRODUCTION PRACTICES,GRAIN,PRICE RECEIVED,$ / BU,"CORN, GRAIN - PRICE RECEIVED, MEASURED IN $ / BU",TOTAL,NOT SPECIFIED,NATIONAL,,99,US,US TOTAL,,,,,,,,0,,,9000,UNITED STATES,US TOTAL,2000,MONTHLY,8,8,AUG,,2012-01-01 00:00:00.000,1.52,
SURVEY,CROPS,FIELD CROPS,CORN,ALL CLASSES,ALL PRODUCTION PRACTICES,GRAIN,PRICE RECEIVED,$ / BU,"CORN, GRAIN - PRICE RECEIVED, MEASURED IN $ / BU",TOTAL,NOT SPECIFIED,NATIONAL,,99,US,US TOTAL,,,,,,,,0,,,9000,UNITED STATES,US TOTAL,2000,MONTHLY,9,9,SEP,,2012-01-01 00:00:00.000,1.61,
SURVEY,CROPS,FIELD CROPS,CORN,ALL CLASSES,ALL PRODUCTION PRACTICES,GRAIN,PRICE RECEIVED,$ / BU,"CORN, GRAIN - PRICE RECEIVED, MEASURED IN $ / BU",TOTAL,NOT SPECIFIED,NATIONAL,,99,US,US TOTAL,,,,,,,,0,,,9000,UNITED STATES,US TOTAL,2000,MONTHLY,10,10,OCT,,2012-01-01 00:00:00.000,1.74,
SURVEY,CROPS,FIELD CROPS,CORN,ALL CLASSES,ALL PRODUCTION PRACTICES,GRAIN,PRICE RECEIVED,$ / BU,"CORN, GRAIN - PRICE RECEIVED, MEASURED IN $ / BU",TOTAL,NOT SPECIFIED,NATIONAL,,99,US,US TOTAL,,,,,,,,0,,,9000,UNITED STATES,US TOTAL,2000,MONTHLY,11,11,NOV,,2012-01-01 00:00:00.000,1.86,
SURVEY,CROPS,FIELD CROPS,CORN,ALL CLASSES,ALL PRODUCTION PRACTICES,GRAIN,PRICE RECEIVED,$ / BU,"CORN, GRAIN - PRICE RECEIVED, MEASURED IN $ / BU",TOTAL,NOT SPECIFIED,NATIONAL,,99,US,US TOTAL,,,,,,,,0,,,9000,UNITED STATES,US TOTAL,2000,MONTHLY,12,12,DEC,,2012-01-01 00:00:00.000,1.97,
SURVEY,CROPS,FIELD CROPS,CORN,ALL CLASSES,ALL PRODUCTION PRACTICES,GRAIN,PRICE RECEIVED,$ / BU,"CORN, GRAIN - PRICE RECEIVED, MEASURED IN $ / BU",TOTAL,NOT SPECIFIED,NATIONAL,,99,US,US TOTAL,,,,,,,,0,,,9000,UNITED STATES,US TOTAL,1999,ANNUAL,0,0,MARKETING YEAR,,2012-01-01 00:00:00.000,1.82,
SURVEY,CROPS,FIELD CROPS,CORN,ALL CLASSES,ALL PRODUCTION PRACTICES,GRAIN,PRICE RECEIVED,$ / BU,"CORN, GRAIN - PRICE RECEIVED, MEASURED IN $ / BU",TOTAL,NOT SPECIFIED,NATIONAL,,99,US,US TOTAL,,,,,,,,0,,,9000,UNITED STATES,US TOTAL,1999,ANNUAL,0,0,YEAR,,2012-01-01 00:00:00.000,1.89,
SURVEY,CROPS,FIELD CROPS,CORN,ALL CLASSES,ALL PRODUCTION PRACTICES,GRAIN,PRICE RECEIVED,$ / BU,"CORN, GRAIN - PRICE RECEIVED, MEASURED IN $ / BU",TOTAL,NOT SPECIFIED,NATIONAL,,99,US,US TOTAL,,,,,,,,0,,,9000,UNITED STATES,US TOTAL,1999,MONTHLY,1,1,JAN,,2012-01-01 00:00:00.000,2.06,
SURVEY,CROPS,FIELD CROPS,CORN,ALL CLASSES,ALL PRODUCTION PRACTICES,GRAIN,PRICE RECEIVED,$ / BU,"CORN, GRAIN - PRICE RECEIVED, MEASURED IN $ / BU",TOTAL,NOT SPECIFIED,NATIONAL,,99,US,US TOTAL,,,,,,,,0,,,9000,UNITED STATES,US TOTAL,1999,MONTHLY,2,2,FEB,,2012-01-01 00:00:00.000,2.05,
SURVEY,CROPS,FIELD CROPS,CORN,ALL CLASSES,ALL PRODUCTION PRACTICES,GRAIN,PRICE RECEIVED,$ / BU,"CORN, GRAIN - PRICE RECEIVED, MEASURED IN $ / BU",TOTAL,NOT SPECIFIED,NATIONAL,,99,US,US TOTAL,,,,,,,,0,,,9000,UNITED STATES,US TOTAL,1999,MONTHLY,3,3,MAR,,2012-01-01 00:00:00.000,2.06,
SURVEY,CROPS,FIELD CROPS,CORN,ALL CLASSES,ALL PRODUCTION PRACTICES,GRAIN,PRICE RECEIVED,$ / BU,"CORN, GRAIN - PRICE RECEIVED, MEASURED IN $ / BU",TOTAL,NOT SPECIFIED,NATIONAL,,99,US,US TOTAL,,,,,,,,0,,,9000,UNITED STATES,US TOTAL,1999,MONTHLY,4,4,APR,,2012-01-01 00:00:00.000,2.04,
SURVEY,CROPS,FIELD CROPS,CORN,ALL CLASSES,ALL PRODUCTION PRACTICES,GRAIN,PRICE RECEIVED,$ / BU,"CORN, GRAIN - PRICE RECEIVED, MEASURED IN $ / BU",TOTAL,NOT SPECIFIED,NATIONAL,,99,US,US TOTAL,,,,,,,,0,,,9000,UNITED STATES,US TOTAL,1999,MONTHLY,5,5,MAY,,2012-01-01 00:00:00.000,1.99,
SURVEY,CROPS,FIELD CROPS,CORN,ALL CLASSES,ALL PRODUCTION PRACTICES,GRAIN,PRICE RECEIVED,$ / BU,"CORN, GRAIN - PRICE RECEIVED, MEASURED IN $ / BU",TOTAL,NOT SPECIFIED,NATIONAL,,99,US,US TOTAL,,,,,,,,0,,,9000,UNITED STATES,US TOTAL,1999,MONTHLY,6,6,JUN,,2012-01-01 00:00:00.000,1.97,
SURVEY,CROPS,FIELD CROPS,CORN,ALL CLASSES,ALL PRODUCTION PRACTICES,GRAIN,PRICE RECEIVED,$ / BU,"CORN, GRAIN - PRICE RECEIVED, MEASURED IN $ / BU",TOTAL,NOT SPECIFIED,NATIONAL,,99,US,US TOTAL,,,,,,,,0,,,9000,UNITED STATES,US TOTAL,1999,MONTHLY,7,7,JUL,,2012-01-01 00:00:00.000,1.74,
SURVEY,CROPS,FIELD CROPS,CORN,ALL CLASSES,ALL PRODUCTION PRACTICES,GRAIN,PRICE RECEIVED,$ / BU,"CORN, GRAIN - PRICE RECEIVED, MEASURED IN $ / BU",TOTAL,NOT SPECIFIED,NATIONAL,,99,US,US TOTAL,,,,,,,,0,,,9000,UNITED STATES,US TOTAL,1999,MONTHLY,8,8,AUG,,2012-01-01 00:00:00.000,1.75,
SURVEY,CROPS,FIELD CROPS,CORN,ALL CLASSES,ALL PRODUCTION PRACTICES,GRAIN,PRICE RECEIVED,$ / BU,"CORN, GRAIN - PRICE RECEIVED, MEASURED IN $ / BU",TOTAL,NOT SPECIFIED,NATIONAL,,99,US,US TOTAL,,,,,,,,0,,,9000,UNITED STATES,US TOTAL,1999,MONTHLY,9,9,SEP,,2012-01-01 00:00:00.000,1.75,
SURVEY,CROPS,FIELD CROPS,CORN,ALL CLASSES,ALL PRODUCTION PRACTICES,GRAIN,PRICE RECEIVED,$ / BU,"CORN, GRAIN - PRICE RECEIVED, MEASURED IN $ / BU",TOTAL,NOT SPECIFIED,NATIONAL,,99,US,US TOTAL,,,,,,,,0,,,9000,UNITED STATES,US TOTAL,1999,MONTHLY,10,10,OCT,,2012-01-01 00:00:00.000,1.69,
SURVEY,CROPS,FIELD CROPS,CORN,ALL CLASSES,ALL PRODUCTION PRACTICES,GRAIN,PRICE RECEIVED,$ / BU,"CORN, GRAIN - PRICE RECEIVED, MEASURED IN $ / BU",TOTAL,NOT SPECIFIED,NATIONAL,,99,US,US TOTAL,,,,,,,,0,,,9000,UNITED STATES,US TOTAL,1999,MONTHLY,11,11,NOV,,2012-01-01 00:00:00.000,1.7,
SURVEY,CROPS,FIELD CROPS,CORN,ALL CLASSES,ALL PRODUCTION PRACTICES,GRAIN,PRICE RECEIVED,$ / BU,"CORN, GRAIN - PRICE RECEIVED, MEASURED IN $ / BU",TOTAL,NOT SPECIFIED,NATIONAL,,99,US,US TOTAL,,,,,,,,0,,,9000,UNITED STATES,US TOTAL,1999,MONTHLY,12,12,DEC,,2012-01-01 00:00:00.000,1.82,
SURVEY,CROPS,FIELD CROPS,CORN,ALL CLASSES,ALL PRODUCTION PRACTICES,GRAIN,PRICE RECEIVED,$ / BU,"CORN, GRAIN - PRICE RECEIVED, MEASURED IN $ / BU",TOTAL,NOT SPECIFIED,NATIONAL,,99,US,US TOTAL,,,,,,,,0,,,9000,UNITED STATES,US TOTAL,1998,ANNUAL,0,0,MARKETING YEAR,,2012-01-01 00:00:00.000,1.94,
SURVEY,CROPS,FIELD CROPS,CORN,ALL CLASSES,ALL PRODUCTION PRACTICES,GRAIN,PRICE RECEIVED,$ / BU,"CORN, GRAIN - PRICE RECEIVED, MEASURED IN $ / BU",TOTAL,NOT SPECIFIED,NATIONAL,,99,US,US TOTAL,,,,,,,,0,,,9000,UNITED STATES,US TOTAL,1998,ANNUAL,0,0,YEAR,,2012-01-01 00:00:00.000,2.2,
SURVEY,CROPS,FIELD CROPS,CORN,ALL CLASSES,ALL PRODUCTION PRACTICES,GRAIN,PRICE RECEIVED,$ / BU,"CORN, GRAIN - PRICE RECEIVED, MEASURED IN $ / BU",TOTAL,NOT SPECIFIED,NATIONAL,,99,US,US TOTAL,,,,,,,,0,,,9000,UNITED STATES,US TOTAL,1998,MONTHLY,1,1,JAN,,2012-01-01 00:00:00.000,2.56,
SURVEY,CROPS,FIELD CROPS,CORN,ALL CLASSES,ALL PRODUCTION PRACTICES,GRAIN,PRICE RECEIVED,$ / BU,"CORN, GRAIN - PRICE RECEIVED, MEASURED IN $ / BU",TOTAL,NOT SPECIFIED,NATIONAL,,99,US,US TOTAL,,,,,,,,0,,,9000,UNITED STATES,US TOTAL,1998,MONTHLY,2,2,FEB,,2012-01-01 00:00:00.000,2.55,
SURVEY,CROPS,FIELD CROPS,CORN,ALL CLASSES,ALL PRODUCTION PRACTICES,GRAIN,PRICE RECEIVED,$ / BU,"CORN, GRAIN - PRICE RECEIVED, MEASURED IN $ / BU",TOTAL,NOT SPECIFIED,NATIONAL,,99,US,US TOTAL,,,,,,,,0,,,9000,UNITED STATES,US TOTAL,1998,MONTHLY,3,3,MAR,,2012-01-01 00:00:00.000,2.55,
SURVEY,CROPS,FIELD CROPS,CORN,ALL CLASSES,ALL PRODUCTION PRACTICES,GRAIN,PRICE RECEIVED,$ / BU,"CORN, GRAIN - PRICE RECEIVED, MEASURED IN $ / BU",TOTAL,NOT SPECIFIED,NATIONAL,,99,US,US TOTAL,,,,,,,,0,,,9000,UNITED STATES,US TOTAL,1998,MONTHLY,4,4,APR,,2012-01-01 00:00:00.000,2.41,
SURVEY,CROPS,FIELD CROPS,CORN,ALL CLASSES,ALL PRODUCTION PRACTICES,GRAIN,PRICE RECEIVED,$ / BU,"CORN, GRAIN - PRICE RECEIVED, MEASURED IN $ / BU",TOTAL,NOT SPECIFIED,NATIONAL,,99,US,US TOTAL,,,,,,,,0,,,9000,UNITED STATES,US TOTAL,1998,MONTHLY,5,5,MAY,,2012-01-01 00:00:00.000,2.34,
SURVEY,CROPS,FIELD CROPS,CORN,ALL CLASSES,ALL PRODUCTION PRACTICES,GRAIN,PRICE RECEIVED,$ / BU,"CORN, GRAIN - PRICE RECEIVED, MEASURED IN $ / BU",TOTAL,NOT SPECIFIED,NATIONAL,,99,US,US TOTAL,,,,,,,,0,,,9000,UNITED STATES,US TOTAL,1998,MONTHLY,6,6,JUN,,2012-01-01 00:00:00.000,2.28,
SURVEY,CROPS,FIELD CROPS,CORN,ALL CLASSES,ALL PRODUCTION PRACTICES,GRAIN,PRICE RECEIVED,$ / BU,"CORN, GRAIN - PRICE RECEIVED, MEASURED IN $ / BU",TOTAL,NOT SPECIFIED,NATIONAL,,99,US,US TOTAL,,,,,,,,0,,,9000,UNITED STATES,US TOTAL,1998,MONTHLY,7,7,JUL,,2012-01-01 00:00:00.000,2.19,
SURVEY,CROPS,FIELD CROPS,CORN,ALL CLASSES,ALL PRODUCTION PRACTICES,GRAIN,PRICE RECEIVED,$ / BU,"CORN, GRAIN - PRICE RECEIVED, MEASURED IN $ / BU",TOTAL,NOT SPECIFIED,NATIONAL,,99,US,US TOTAL,,,,,,,,0,,,9000,UNITED STATES,US TOTAL,1998,MONTHLY,8,8,AUG,,2012-01-01 00:00:00.000,1.89,
SURVEY,CROPS,FIELD CROPS,CORN,ALL CLASSES,ALL PRODUCTION PRACTICES,GRAIN,PRICE RECEIVED,$ / BU,"CORN, GRAIN - PRICE RECEIVED, MEASURED IN $ / BU",TOTAL,NOT SPECIFIED,NATIONAL,,99,US,US TOTAL,,,,,,,,0,,,9000,UNITED STATES,US TOTAL,1998,MONTHLY,9,9,SEP,,2012-01-01 00:00:00.000,1.84,
SURVEY,CROPS,FIELD CROPS,CORN,ALL CLASSES,ALL PRODUCTION PRACTICES,GRAIN,PRICE RECEIVED,$ / BU,"CORN, GRAIN - PRICE RECEIVED, MEASURED IN $ / BU",TOTAL,NOT SPECIFIED,NATIONAL,,99,US,US TOTAL,,,,,,,,0,,,9000,UNITED STATES,US TOTAL,1998,MONTHLY,10,10,OCT,,2012-01-01 00:00:00.000,1.91,
SURVEY,CROPS,FIELD CROPS,CORN,ALL CLASSES,ALL PRODUCTION PRACTICES,GRAIN,PRICE RECEIVED,$ / BU,"CORN, GRAIN - PRICE RECEIVED, MEASURED IN $ / BU",TOTAL,NOT SPECIFIED,NATIONAL,,99,US,US TOTAL,,,,,,,,0,,,9000,UNITED STATES,US TOTAL,1998,MONTHLY,11,11,NOV,,2012-01-01 00:00:00.000,1.93,
SURVEY,CROPS,FIELD CROPS,CORN,ALL CLASSES,ALL PRODUCTION PRACTICES,GRAIN,PRICE RECEIVED,$ / BU,"CORN, GRAIN - PRICE RECEIVED, MEASURED IN $ / BU",TOTAL,NOT SPECIFIED,NATIONAL,,99,US,US TOTAL,,,,,,,,0,,,9000,UNITED STATES,US TOTAL,1998,MONTHLY,12,12,DEC,,2012-01-01 00:00:00.000,2.0,
SURVEY,CROPS,FIELD CROPS,CORN,ALL CLASSES,ALL PRODUCTION PRACTICES,GRAIN,PRICE RECEIVED,$ / BU,"CORN, GRAIN - PRICE RECEIVED, MEASURED IN $ / BU",TOTAL,NOT SPECIFIED,NATIONAL,,99,US,US TOTAL,,,,,,,,0,,,9000,UNITED STATES,US TOTAL,1997,ANNUAL,0,0,MARKETING YEAR,,2012-01-01 00:00:00.000,2.43,
SURVEY,CROPS,FIELD CROPS,CORN,ALL CLASSES,ALL PRODUCTION PRACTICES,GRAIN,PRICE RECEIVED,$ / BU,"CORN, GRAIN - PRICE RECEIVED, MEASURED IN $ / BU",TOTAL,NOT SPECIFIED,NATIONAL,,99,US,US TOTAL,,,,,,,,0,,,9000,UNITED STATES,US TOTAL,1997,ANNUAL,0,0,YEAR,,2012-01-01 00:00:00.000,2.6,
SURVEY,CROPS,FIELD CROPS,CORN,ALL CLASSES,ALL PRODUCTION PRACTICES,GRAIN,PRICE RECEIVED,$ / BU,"CORN, GRAIN - PRICE RECEIVED, MEASURED IN $ / BU",TOTAL,NOT SPECIFIED,NATIONAL,,99,US,US TOTAL,,,,,,,,0,,,9000,UNITED STATES,US TOTAL,1997,MONTHLY,1,1,JAN,,2012-01-01 00:00:00.000,2.69,
SURVEY,CROPS,FIELD CROPS,CORN,ALL CLASSES,ALL PRODUCTION PRACTICES,GRAIN,PRICE RECEIVED,$ / BU,"CORN, GRAIN - PRICE RECEIVED, MEASURED IN $ / BU",TOTAL,NOT SPECIFIED,NATIONAL,,99,US,US TOTAL,,,,,,,,0,,,9000,UNITED STATES,US TOTAL,1997,MONTHLY,2,2,FEB,,2012-01-01 00:00:00.000,2.65,
SURVEY,CROPS,FIELD CROPS,CORN,ALL CLASSES,ALL PRODUCTION PRACTICES,GRAIN,PRICE RECEIVED,$ / BU,"CORN, GRAIN - PRICE RECEIVED, MEASURED IN $ / BU",TOTAL,NOT SPECIFIED,NATIONAL,,99,US,US TOTAL,,,,,,,,0,,,9000,UNITED STATES,US TOTAL,1997,MONTHLY,3,3,MAR,,2012-01-01 00:00:00.000,2.79,
SURVEY,CROPS,FIELD CROPS,CORN,ALL CLASSES,ALL PRODUCTION PRACTICES,GRAIN,PRICE RECEIVED,$ / BU,"CORN, GRAIN - PRICE RECEIVED, MEASURED IN $ / BU",TOTAL,NOT SPECIFIED,NATIONAL,,99,US,US TOTAL,,,,,,,,0,,,9000,UNITED STATES,US TOTAL,1997,MONTHLY,4,4,APR,,2012-01-01 00:00:00.000,2.8,
SURVEY,CROPS,FIELD CROPS,CORN,ALL CLASSES,ALL PRODUCTION PRACTICES,GRAIN,PRICE RECEIVED,$ / BU,"CORN, GRAIN - PRICE RECEIVED, MEASURED IN $ / BU",TOTAL,NOT SPECIFIED,NATIONAL,,99,US,US TOTAL,,,,,,,,0,,,9000,UNITED STATES,US TOTAL,1997,MONTHLY,5,5,MAY,,2012-01-01 00:00:00.000,2.69,
SURVEY,CROPS,FIELD CROPS,CORN,ALL CLASSES,ALL PRODUCTION PRACTICES,GRAIN,PRICE RECEIVED,$ / BU,"CORN, GRAIN - PRICE RECEIVED, MEASURED IN $ / BU",TOTAL,NOT SPECIFIED,NATIONAL,,99,US,US TOTAL,,,,,,,,0,,,9000,UNITED STATES,US TOTAL,1997,MONTHLY,6,6,JUN,,2012-01-01 00:00:00.000,2.56,
SURVEY,CROPS,FIELD CROPS,CORN,ALL CLASSES,ALL PRODUCTION PRACTICES,GRAIN,PRICE RECEIVED,$ / BU,"CORN, GRAIN - PRICE RECEIVED, MEASURED IN $ / BU",TOTAL,NOT SPECIFIED,NATIONAL,,99,US,US TOTAL,,,,,,,,0,,,9000,UNITED STATES,US TOTAL,1997,MONTHLY,7,7,JUL,,2012-01-01 00:00:00.000,2.42,
SURVEY,CROPS,FIELD CROPS,CORN,ALL CLASSES,ALL PRODUCTION PRACTICES,GRAIN,PRICE RECEIVED,$ / BU,"CORN, GRAIN - PRICE RECEIVED, MEASURED IN $ / BU",TOTAL,NOT SPECIFIED,NATIONAL,,99,US,US TOTAL,,,,,,,,0,,,9000,UNITED STATES,US TOTAL,1997,MONTHLY,8,8,AUG,,2012-01-01 00:00:00.000,2.5,
SURVEY,CROPS,FIELD CROPS,CORN,ALL CLASSES,ALL PRODUCTION PRACTICES,GRAIN,PRICE RECEIVED,$ / BU,"CORN, GRAIN - PRICE RECEIVED, MEASURED IN $ / BU",TOTAL,NOT SPECIFIED,NATIONAL,,99,US,US TOTAL,,,,,,,,0,,,9000,UNITED STATES,US TOTAL,1997,MONTHLY,9,9,SEP,,2012-01-01 00:00:00.000,2.52,
SURVEY,CROPS,FIELD CROPS,CORN,ALL CLASSES,ALL PRODUCTION PRACTICES,GRAIN,PRICE RECEIVED,$ / BU,"CORN, GRAIN - PRICE RECEIVED, MEASURED IN $ / BU",TOTAL,NOT SPECIFIED,NATIONAL,,99,US,US TOTAL,,,,,,,,0,,,9000,UNITED STATES,US TOTAL,1997,MONTHLY,10,10,OCT,,2012-01-01 00:00:00.000,2.54,
SURVEY,CROPS,FIELD CROPS,CORN,ALL CLASSES,ALL PRODUCTION PRACTICES,GRAIN,PRICE RECEIVED,$ / BU,"CORN, GRAIN - PRICE RECEIVED, MEASURED IN $ / BU",TOTAL,NOT SPECIFIED,NATIONAL,,99,US,US TOTAL,,,,,,,,0,,,9000,UNITED STATES,US TOTAL,1997,MONTHLY,11,11,NOV,,2012-01-01 00:00:00.000,2.51,
SURVEY,CROPS,FIELD CROPS,CORN,ALL CLASSES,ALL PRODUCTION PRACTICES,GRAIN,PRICE RECEIVED,$ / BU,"CORN, GRAIN - PRICE RECEIVED, MEASURED IN $ / BU",TOTAL,NOT SPECIFIED,NATIONAL,,99,US,US TOTAL,,,,,,,,0,,,9000,UNITED STATES,US TOTAL,1997,MONTHLY,12,12,DEC,,2012-01-01 00:00:00.000,2.52,
SURVEY,CROPS,FIELD CROPS,CORN,ALL CLASSES,ALL PRODUCTION PRACTICES,GRAIN,PRICE RECEIVED,$ / BU,"CORN, GRAIN - PRICE RECEIVED, MEASURED IN $ / BU",TOTAL,NOT SPECIFIED,NATIONAL,,99,US,US TOTAL,,,,,,,,0,,,9000,UNITED STATES,US TOTAL,1996,ANNUAL,0,0,MARKETING YEAR,,2012-01-01 00:00:00.000,2.71,
SURVEY,CROPS,FIELD CROPS,CORN,ALL CLASSES,ALL PRODUCTION PRACTICES,GRAIN,PRICE RECEIVED,$ / BU,"CORN, GRAIN - PRICE RECEIVED, MEASURED IN $ / BU",TOTAL,NOT SPECIFIED,NATIONAL,,99,US,US TOTAL,,,,,,,,0,,,9000,UNITED STATES,US TOTAL,1996,ANNUAL,0,0,YEAR,,2012-01-01 00:00:00.000,3.55,
SURVEY,CROPS,FIELD CROPS,CORN,ALL CLASSES,ALL PRODUCTION PRACTICES,GRAIN,PRICE RECEIVED,$ / BU,"CORN, GRAIN - PRICE RECEIVED, MEASURED IN $ / BU",TOTAL,NOT SPECIFIED,NATIONAL,,99,US,US TOTAL,,,,,,,,0,,,9000,UNITED STATES,US TOTAL,1996,MONTHLY,1,1,JAN,,2012-01-01 00:00:00.000,3.09,
SURVEY,CROPS,FIELD CROPS,CORN,ALL CLASSES,ALL PRODUCTION PRACTICES,GRAIN,PRICE RECEIVED,$ / BU,"CORN, GRAIN - PRICE RECEIVED, MEASURED IN $ / BU",TOTAL,NOT SPECIFIED,NATIONAL,,99,US,US TOTAL,,,,,,,,0,,,9000,UNITED STATES,US TOTAL,1996,MONTHLY,2,2,FEB,,2012-01-01 00:00:00.000,3.37,
SURVEY,CROPS,FIELD CROPS,CORN,ALL CLASSES,ALL PRODUCTION PRACTICES,GRAIN,PRICE RECEIVED,$ / BU,"CORN, GRAIN - PRICE RECEIVED, MEASURED IN $ / BU",TOTAL,NOT SPECIFIED,NATIONAL,,99,US,US TOTAL,,,,,,,,0,,,9000,UNITED STATES,US TOTAL,1996,MONTHLY,3,3,MAR,,2012-01-01 00:00:00.000,3.51,
SURVEY,CROPS,FIELD CROPS,CORN,ALL CLASSES,ALL PRODUCTION PRACTICES,GRAIN,PRICE RECEIVED,$ / BU,"CORN, GRAIN - PRICE RECEIVED, MEASURED IN $ / BU",TOTAL,NOT SPECIFIED,NATIONAL,,99,US,US TOTAL,,,,,,,,0,,,9000,UNITED STATES,US TOTAL,1996,MONTHLY,4,4,APR,,2012-01-01 00:00:00.000,3.85,
SURVEY,CROPS,FIELD CROPS,CORN,ALL CLASSES,ALL PRODUCTION PRACTICES,GRAIN,PRICE RECEIVED,$ / BU,"CORN, GRAIN - PRICE RECEIVED, MEASURED IN $ / BU",TOTAL,NOT SPECIFIED,NATIONAL,,99,US,US TOTAL,,,,,,,,0,,,9000,UNITED STATES,US TOTAL,1996,MONTHLY,5,5,MAY,,2012-01-01 00:00:00.000,4.14,
SURVEY,CROPS,FIELD CROPS,CORN,ALL CLASSES,ALL PRODUCTION PRACTICES,GRAIN,PRICE RECEIVED,$ / BU,"CORN, GRAIN - PRICE RECEIVED, MEASURED IN $ / BU",TOTAL,NOT SPECIFIED,NATIONAL,,99,US,US TOTAL,,,,,,,,0,,,9000,UNITED STATES,US TOTAL,1996,MONTHLY,6,6,JUN,,2012-01-01 00:00:00.000,4.2,
SURVEY,CROPS,FIELD CROPS,CORN,ALL CLASSES,ALL PRODUCTION PRACTICES,GRAIN,PRICE RECEIVED,$ / BU,"CORN, GRAIN - PRICE RECEIVED, MEASURED IN $ / BU",TOTAL,NOT SPECIFIED,NATIONAL,,99,US,US TOTAL,,,,,,,,0,,,9000,UNITED STATES,US TOTAL,1996,MONTHLY,7,7,JUL,,2012-01-01 00:00:00.000,4.43,
SURVEY,CROPS,FIELD CROPS,CORN,ALL CLASSES,ALL PRODUCTION PRACTICES,GRAIN,PRICE RECEIVED,$ / BU,"CORN, GRAIN - PRICE RECEIVED, MEASURED IN $ / BU",TOTAL,NOT SPECIFIED,NATIONAL,,99,US,US TOTAL,,,,,,,,0,,,9000,UNITED STATES,US TOTAL,1996,MONTHLY,8,8,AUG,,2012-01-01 00:00:00.000,4.3,
SURVEY,CROPS,FIELD CROPS,CORN,ALL CLASSES,ALL PRODUCTION PRACTICES,GRAIN,PRICE RECEIVED,$ / BU,"CORN, GRAIN - PRICE RECEIVED, MEASURED IN $ / BU",TOTAL,NOT SPECIFIED,NATIONAL,,99,US,US TOTAL,,,,,,,,0,,,9000,UNITED STATES,US TOTAL,1996,MONTHLY,9,9,SEP,,2012-01-01 00:00:00.000,3.56,
SURVEY,CROPS,FIELD CROPS,CORN,ALL CLASSES,ALL PRODUCTION PRACTICES,GRAIN,PRICE RECEIVED,$ / BU,"CORN, GRAIN - PRICE RECEIVED, MEASURED IN $ / BU",TOTAL,NOT SPECIFIED,NATIONAL,,99,US,US TOTAL,,,,,,,,0,,,9000,UNITED STATES,US TOTAL,1996,MONTHLY,10,10,OCT,,2012-01-01 00:00:00.000,2.88,
SURVEY,CROPS,FIELD CROPS,CORN,ALL CLASSES,ALL PRODUCTION PRACTICES,GRAIN,PRICE RECEIVED,$ / BU,"CORN, GRAIN - PRICE RECEIVED, MEASURED IN $ / BU",TOTAL,NOT SPECIFIED,NATIONAL,,99,US,US TOTAL,,,,,,,,0,,,9000,UNITED STATES,US TOTAL,1996,MONTHLY,11,11,NOV,,2012-01-01 00:00:00.000,2.66,
SURVEY,CROPS,FIELD CROPS,CORN,ALL CLASSES,ALL PRODUCTION PRACTICES,GRAIN,PRICE RECEIVED,$ / BU,"CORN, GRAIN - PRICE RECEIVED, MEASURED IN $ / BU",TOTAL,NOT SPECIFIED,NATIONAL,,99,US,US TOTAL,,,,,,,,0,,,9000,UNITED STATES,US TOTAL,1996,MONTHLY,12,12,DEC,,2012-01-01 00:00:00.000,2.63,
SURVEY,CROPS,FIELD CROPS,CORN,ALL CLASSES,ALL PRODUCTION PRACTICES,GRAIN,PRICE RECEIVED,$ / BU,"CORN, GRAIN - PRICE RECEIVED, MEASURED IN $ / BU",TOTAL,NOT SPECIFIED,NATIONAL,,99,US,US TOTAL,,,,,,,,0,,,9000,UNITED STATES,US TOTAL,1995,ANNUAL,0,0,MARKETING YEAR,,2012-01-01 00:00:00.000,3.24,
SURVEY,CROPS,FIELD CROPS,CORN,ALL CLASSES,ALL PRODUCTION PRACTICES,GRAIN,PRICE RECEIVED,$ / BU,"CORN, GRAIN - PRICE RECEIVED, MEASURED IN $ / BU",TOTAL,NOT SPECIFIED,NATIONAL,,99,US,US TOTAL,,,,,,,,0,,,9000,UNITED STATES,US TOTAL,1995,MONTHLY,1,1,JAN,,2012-01-01 00:00:00.000,2.19,
SURVEY,CROPS,FIELD CROPS,CORN,ALL CLASSES,ALL PRODUCTION PRACTICES,GRAIN,PRICE RECEIVED,$ / BU,"CORN, GRAIN - PRICE RECEIVED, MEASURED IN $ / BU",TOTAL,NOT SPECIFIED,NATIONAL,,99,US,US TOTAL,,,,,,,,0,,,9000,UNITED STATES,US TOTAL,1995,MONTHLY,2,2,FEB,,2012-01-01 00:00:00.000,2.23,
SURVEY,CROPS,FIELD CROPS,CORN,ALL CLASSES,ALL PRODUCTION PRACTICES,GRAIN,PRICE RECEIVED,$ / BU,"CORN, GRAIN - PRICE RECEIVED, MEASURED IN $ / BU",TOTAL,NOT SPECIFIED,NATIONAL,,99,US,US TOTAL,,,,,,,,0,,,9000,UNITED STATES,US TOTAL,1995,MONTHLY,3,3,MAR,,2012-01-01 00:00:00.000,2.3,
SURVEY,CROPS,FIELD CROPS,CORN,ALL CLASSES,ALL PRODUCTION PRACTICES,GRAIN,PRICE RECEIVED,$ / BU,"CORN, GRAIN - PRICE RECEIVED, MEASURED IN $ / BU",TOTAL,NOT SPECIFIED,NATIONAL,,99,US,US TOTAL,,,,,,,,0,,,9000,UNITED STATES,US TOTAL,1995,MONTHLY,4,4,APR,,2012-01-01 00:00:00.000,2.36,
SURVEY,CROPS,FIELD CROPS,CORN,ALL CLASSES,ALL PRODUCTION PRACTICES,GRAIN,PRICE RECEIVED,$ / BU,"CORN, GRAIN - PRICE RECEIVED, MEASURED IN $ / BU",TOTAL,NOT SPECIFIED,NATIONAL,,99,US,US TOTAL,,,,,,,,0,,,9000,UNITED STATES,US TOTAL,1995,MONTHLY,5,5,MAY,,2012-01-01 00:00:00.000,2.42,
SURVEY,CROPS,FIELD CROPS,CORN,ALL CLASSES,ALL PRODUCTION PRACTICES,GRAIN,PRICE RECEIVED,$ / BU,"CORN, GRAIN - PRICE RECEIVED, MEASURED IN $ / BU",TOTAL,NOT SPECIFIED,NATIONAL,,99,US,US TOTAL,,,,,,,,0,,,9000,UNITED STATES,US TOTAL,1995,MONTHLY,6,6,JUN,,2012-01-01 00:00:00.000,2.51,
SURVEY,CROPS,FIELD CROPS,CORN,ALL CLASSES,ALL PRODUCTION PRACTICES,GRAIN,PRICE RECEIVED,$ / BU,"CORN, GRAIN - PRICE RECEIVED, MEASURED IN $ / BU",TOTAL,NOT SPECIFIED,NATIONAL,,99,US,US TOTAL,,,,,,,,0,,,9000,UNITED STATES,US TOTAL,1995,MONTHLY,7,7,JUL,,2012-01-01 00:00:00.000,2.63,
SURVEY,CROPS,FIELD CROPS,CORN,ALL CLASSES,ALL PRODUCTION PRACTICES,GRAIN,PRICE RECEIVED,$ / BU,"CORN, GRAIN - PRICE RECEIVED, MEASURED IN $ / BU",TOTAL,NOT SPECIFIED,NATIONAL,,99,US,US TOTAL,,,,,,,,0,,,9000,UNITED STATES,US TOTAL,1995,MONTHLY,8,8,AUG,,2012-01-01 00:00:00.000,2.63,
SURVEY,CROPS,FIELD CROPS,CORN,ALL CLASSES,ALL PRODUCTION PRACTICES,GRAIN,PRICE RECEIVED,$ / BU,"CORN, GRAIN - PRICE RECEIVED, MEASURED IN $ / BU",TOTAL,NOT SPECIFIED,NATIONAL,,99,US,US TOTAL,,,,,,,,0,,,9000,UNITED STATES,US TOTAL,1995,MONTHLY,9,9,SEP,,2012-01-01 00:00:00.000,2.69,
SURVEY,CROPS,FIELD CROPS,CORN,ALL CLASSES,ALL PRODUCTION PRACTICES,GRAIN,PRICE RECEIVED,$ / BU,"CORN, GRAIN - PRICE RECEIVED, MEASURED IN $ / BU",TOTAL,NOT SPECIFIED,NATIONAL,,99,US,US TOTAL,,,,,,,,0,,,9000,UNITED STATES,US TOTAL,1995,MONTHLY,10,10,OCT,,2012-01-01 00:00:00.000,2.79,
SURVEY,CROPS,FIELD CROPS,CORN,ALL CLASSES,ALL PRODUCTION PRACTICES,GRAIN,PRICE RECEIVED,$ / BU,"CORN, GRAIN - PRICE RECEIVED, MEASURED IN $ / BU",TOTAL,NOT SPECIFIED,NATIONAL,,99,US,US TOTAL,,,,,,,,0,,,9000,UNITED STATES,US TOTAL,1995,MONTHLY,11,11,NOV,,2012-01-01 00:00:00.000,2.87,
SURVEY,CROPS,FIELD CROPS,CORN,ALL CLASSES,ALL PRODUCTION PRACTICES,GRAIN,PRICE RECEIVED,$ / BU,"CORN, GRAIN - PRICE RECEIVED, MEASURED IN $ / BU",TOTAL,NOT SPECIFIED,NATIONAL,,99,US,US TOTAL,,,,,,,,0,,,9000,UNITED STATES,US TOTAL,1995,MONTHLY,12,12,DEC,,2012-01-01 00:00:00.000,3.07,
SURVEY,CROPS,FIELD CROPS,CORN,ALL CLASSES,ALL PRODUCTION PRACTICES,GRAIN,PRICE RECEIVED,$ / BU,"CORN, GRAIN - PRICE RECEIVED, MEASURED IN $ / BU",TOTAL,NOT SPECIFIED,NATIONAL,,99,US,US TOTAL,,,,,,,,0,,,9000,UNITED STATES,US TOTAL,1994,ANNUAL,0,0,MARKETING YEAR,,2012-01-01 00:00:00.000,2.26,
SURVEY,CROPS,FIELD CROPS,CORN,ALL CLASSES,ALL PRODUCTION PRACTICES,GRAIN,PRICE RECEIVED,$ / BU,"CORN, GRAIN - PRICE RECEIVED, MEASURED IN $ / BU",TOTAL,NOT SPECIFIED,NATIONAL,,99,US,US TOTAL,,,,,,,,0,,,9000,UNITED STATES,US TOTAL,1994,MONTHLY,1,1,JAN,,2012-01-01 00:00:00.000,2.7,
SURVEY,CROPS,FIELD CROPS,CORN,ALL CLASSES,ALL PRODUCTION PRACTICES,GRAIN,PRICE RECEIVED,$ / BU,"CORN, GRAIN - PRICE RECEIVED, MEASURED IN $ / BU",TOTAL,NOT SPECIFIED,NATIONAL,,99,US,US TOTAL,,,,,,,,0,,,9000,UNITED STATES,US TOTAL,1994,MONTHLY,2,2,FEB,,2012-01-01 00:00:00.000,2.79,
SURVEY,CROPS,FIELD CROPS,CORN,ALL CLASSES,ALL PRODUCTION PRACTICES,GRAIN,PRICE RECEIVED,$ / BU,"CORN, GRAIN - PRICE RECEIVED, MEASURED IN $ / BU",TOTAL,NOT SPECIFIED,NATIONAL,,99,US,US TOTAL,,,,,,,,0,,,9000,UNITED STATES,US TOTAL,1994,MONTHLY,3,3,MAR,,2012-01-01 00:00:00.000,2.74,
SURVEY,CROPS,FIELD CROPS,CORN,ALL CLASSES,ALL PRODUCTION PRACTICES,GRAIN,PRICE RECEIVED,$ / BU,"CORN, GRAIN - PRICE RECEIVED, MEASURED IN $ / BU",TOTAL,NOT SPECIFIED,NATIONAL,,99,US,US TOTAL,,,,,,,,0,,,9000,UNITED STATES,US TOTAL,1994,MONTHLY,4,4,APR,,2012-01-01 00:00:00.000,2.65,
SURVEY,CROPS,FIELD CROPS,CORN,ALL CLASSES,ALL PRODUCTION PRACTICES,GRAIN,PRICE RECEIVED,$ / BU,"CORN, GRAIN - PRICE RECEIVED, MEASURED IN $ / BU",TOTAL,NOT SPECIFIED,NATIONAL,,99,US,US TOTAL,,,,,,,,0,,,9000,UNITED STATES,US TOTAL,1994,MONTHLY,5,5,MAY,,2012-01-01 00:00:00.000,2.6,
SURVEY,CROPS,FIELD CROPS,CORN,ALL CLASSES,ALL PRODUCTION PRACTICES,GRAIN,PRICE RECEIVED,$ / BU,"CORN, GRAIN - PRICE RECEIVED, MEASURED IN $ / BU",TOTAL,NOT SPECIFIED,NATIONAL,,99,US,US TOTAL,,,,,,,,0,,,9000,UNITED STATES,US TOTAL,1994,MONTHLY,6,6,JUN,,2012-01-01 00:00:00.000,2.61,
SURVEY,CROPS,FIELD CROPS,CORN,ALL CLASSES,ALL PRODUCTION PRACTICES,GRAIN,PRICE RECEIVED,$ / BU,"CORN, GRAIN - PRICE RECEIVED, MEASURED IN $ / BU",TOTAL,NOT SPECIFIED,NATIONAL,,99,US,US TOTAL,,,,,,,,0,,,9000,UNITED STATES,US TOTAL,1994,MONTHLY,7,7,JUL,,2012-01-01 00:00:00.000,2.29,
SURVEY,CROPS,FIELD CROPS,CORN,ALL CLASSES,ALL PRODUCTION PRACTICES,GRAIN,PRICE RECEIVED,$ / BU,"CORN, GRAIN - PRICE RECEIVED, MEASURED IN $ / BU",TOTAL,NOT SPECIFIED,NATIONAL,,99,US,US TOTAL,,,,,,,,0,,,9000,UNITED STATES,US TOTAL,1994,MONTHLY,8,8,AUG,,2012-01-01 00:00:00.000,2.16,
SURVEY,CROPS,FIELD CROPS,CORN,ALL CLASSES,ALL PRODUCTION PRACTICES,GRAIN,PRICE RECEIVED,$ / BU,"CORN, GRAIN - PRICE RECEIVED, MEASURED IN $ / BU",TOTAL,NOT SPECIFIED,NATIONAL,,99,US,US TOTAL,,,,,,,,0,,,9000,UNITED STATES,US TOTAL,1994,MONTHLY,9,9,SEP,,2012-01-01 00:00:00.000,2.19,
SURVEY,CROPS,FIELD CROPS,CORN,ALL CLASSES,ALL PRODUCTION PRACTICES,GRAIN,PRICE RECEIVED,$ / BU,"CORN, GRAIN - PRICE RECEIVED, MEASURED IN $ / BU",TOTAL,NOT SPECIFIED,NATIONAL,,99,US,US TOTAL,,,,,,,,0,,,9000,UNITED STATES,US TOTAL,1994,MONTHLY,10,10,OCT,,2012-01-01 00:00:00.000,2.06,
SURVEY,CROPS,FIELD CROPS,CORN,ALL CLASSES,ALL PRODUCTION PRACTICES,GRAIN,PRICE RECEIVED,$ / BU,"CORN, GRAIN - PRICE RECEIVED, MEASURED IN $ / BU",TOTAL,NOT SPECIFIED,NATIONAL,,99,US,US TOTAL,,,,,,,,0,,,9000,UNITED STATES,US TOTAL,1994,MONTHLY,11,11,NOV,,2012-01-01 00:00:00.000,1.99,
SURVEY,CROPS,FIELD CROPS,CORN,ALL CLASSES,ALL PRODUCTION PRACTICES,GRAIN,PRICE RECEIVED,$ / BU,"CORN, GRAIN - PRICE RECEIVED, MEASURED IN $ / BU",TOTAL,NOT SPECIFIED,NATIONAL,,99,US,US TOTAL,,,,,,,,0,,,9000,UNITED STATES,US TOTAL,1994,MONTHLY,12,12,DEC,,2012-01-01 00:00:00.000,2.13,
SURVEY,CROPS,FIELD CROPS,CORN,ALL CLASSES,ALL PRODUCTION PRACTICES,GRAIN,PRICE RECEIVED,$ / BU,"CORN, GRAIN - PRICE RECEIVED, MEASURED IN $ / BU",TOTAL,NOT SPECIFIED,NATIONAL,,99,US,US TOTAL,,,,,,,,0,,,9000,UNITED STATES,US TOTAL,1993,ANNUAL,0,0,MARKETING YEAR,,2012-01-01 00:00:00.000,2.5,
SURVEY,CROPS,FIELD CROPS,CORN,ALL CLASSES,ALL PRODUCTION PRACTICES,GRAIN,PRICE RECEIVED,$ / BU,"CORN, GRAIN - PRICE RECEIVED, MEASURED IN $ / BU",TOTAL,NOT SPECIFIED,NATIONAL,,99,US,US TOTAL,,,,,,,,0,,,9000,UNITED STATES,US TOTAL,1993,MONTHLY,1,1,JAN,,2012-01-01 00:00:00.000,2.03,
SURVEY,CROPS,FIELD CROPS,CORN,ALL CLASSES,ALL PRODUCTION PRACTICES,GRAIN,PRICE RECEIVED,$ / BU,"CORN, GRAIN - PRICE RECEIVED, MEASURED IN $ / BU",TOTAL,NOT SPECIFIED,NATIONAL,,99,US,US TOTAL,,,,,,,,0,,,9000,UNITED STATES,US TOTAL,1993,MONTHLY,2,2,FEB,,2012-01-01 00:00:00.000,2.0,
SURVEY,CROPS,FIELD CROPS,CORN,ALL CLASSES,ALL PRODUCTION PRACTICES,GRAIN,PRICE RECEIVED,$ / BU,"CORN, GRAIN - PRICE RECEIVED, MEASURED IN $ / BU",TOTAL,NOT SPECIFIED,NATIONAL,,99,US,US TOTAL,,,,,,,,0,,,9000,UNITED STATES,US TOTAL,1993,MONTHLY,3,3,MAR,,2012-01-01 00:00:00.000,2.1,
SURVEY,CROPS,FIELD CROPS,CORN,ALL CLASSES,ALL PRODUCTION PRACTICES,GRAIN,PRICE RECEIVED,$ / BU,"CORN, GRAIN - PRICE RECEIVED, MEASURED IN $ / BU",TOTAL,NOT SPECIFIED,NATIONAL,,99,US,US TOTAL,,,,,,,,0,,,9000,UNITED STATES,US TOTAL,1993,MONTHLY,4,4,APR,,2012-01-01 00:00:00.000,2.16,
SURVEY,CROPS,FIELD CROPS,CORN,ALL CLASSES,ALL PRODUCTION PRACTICES,GRAIN,PRICE RECEIVED,$ / BU,"CORN, GRAIN - PRICE RECEIVED, MEASURED IN $ / BU",TOTAL,NOT SPECIFIED,NATIONAL,,99,US,US TOTAL,,,,,,,,0,,,9000,UNITED STATES,US TOTAL,1993,MONTHLY,5,5,MAY,,2012-01-01 00:00:00.000,2.14,
SURVEY,CROPS,FIELD CROPS,CORN,ALL CLASSES,ALL PRODUCTION PRACTICES,GRAIN,PRICE RECEIVED,$ / BU,"CORN, GRAIN - PRICE RECEIVED, MEASURED IN $ / BU",TOTAL,NOT SPECIFIED,NATIONAL,,99,US,US TOTAL,,,,,,,,0,,,9000,UNITED STATES,US TOTAL,1993,MONTHLY,6,6,JUN,,2012-01-01 00:00:00.000,2.09,
SURVEY,CROPS,FIELD CROPS,CORN,ALL CLASSES,ALL PRODUCTION PRACTICES,GRAIN,PRICE RECEIVED,$ / BU,"CORN, GRAIN - PRICE RECEIVED, MEASURED IN $ / BU",TOTAL,NOT SPECIFIED,NATIONAL,,99,US,US TOTAL,,,,,,,,0,,,9000,UNITED STATES,US TOTAL,1993,MONTHLY,7,7,JUL,,2012-01-01 00:00:00.000,2.22,
SURVEY,CROPS,FIELD CROPS,CORN,ALL CLASSES,ALL PRODUCTION PRACTICES,GRAIN,PRICE RECEIVED,$ / BU,"CORN, GRAIN - PRICE RECEIVED, MEASURED IN $ / BU",TOTAL,NOT SPECIFIED,NATIONAL,,99,US,US TOTAL,,,,,,,,0,,,9000,UNITED STATES,US TOTAL,1993,MONTHLY,8,8,AUG,,2012-01-01 00:00:00.000,2.25,
SURVEY,CROPS,FIELD CROPS,CORN,ALL CLASSES,ALL PRODUCTION PRACTICES,GRAIN,PRICE RECEIVED,$ / BU,"CORN, GRAIN - PRICE RECEIVED, MEASURED IN $ / BU",TOTAL,NOT SPECIFIED,NATIONAL,,99,US,US TOTAL,,,,,,,,0,,,9000,UNITED STATES,US TOTAL,1993,MONTHLY,9,9,SEP,,2012-01-01 00:00:00.000,2.21,
SURVEY,CROPS,FIELD CROPS,CORN,ALL CLASSES,ALL PRODUCTION PRACTICES,GRAIN,PRICE RECEIVED,$ / BU,"CORN, GRAIN - PRICE RECEIVED, MEASURED IN $ / BU",TOTAL,NOT SPECIFIED,NATIONAL,,99,US,US TOTAL,,,,,,,,0,,,9000,UNITED STATES,US TOTAL,1993,MONTHLY,10,10,OCT,,2012-01-01 00:00:00.000,2.28,
SURVEY,CROPS,FIELD CROPS,CORN,ALL CLASSES,ALL PRODUCTION PRACTICES,GRAIN,PRICE RECEIVED,$ / BU,"CORN, GRAIN - PRICE RECEIVED, MEASURED IN $ / BU",TOTAL,NOT SPECIFIED,NATIONAL,,99,US,US TOTAL,,,,,,,,0,,,9000,UNITED STATES,US TOTAL,1993,MONTHLY,11,11,NOV,,2012-01-01 00:00:00.000,2.45,
SURVEY,CROPS,FIELD CROPS,CORN,ALL CLASSES,ALL PRODUCTION PRACTICES,GRAIN,PRICE RECEIVED,$ / BU,"CORN, GRAIN - PRICE RECEIVED, MEASURED IN $ / BU",TOTAL,NOT SPECIFIED,NATIONAL,,99,US,US TOTAL,,,,,,,,0,,,9000,UNITED STATES,US TOTAL,1993,MONTHLY,12,12,DEC,,2012-01-01 00:00:00.000,2.67,
SURVEY,CROPS,FIELD CROPS,CORN,ALL CLASSES,ALL PRODUCTION PRACTICES,GRAIN,PRICE RECEIVED,$ / BU,"CORN, GRAIN - PRICE RECEIVED, MEASURED IN $ / BU",TOTAL,NOT SPECIFIED,NATIONAL,,99,US,US TOTAL,,,,,,,,0,,,9000,UNITED STATES,US TOTAL,1992,ANNUAL,0,0,MARKETING YEAR,,2012-01-01 00:00:00.000,2.07,
SURVEY,CROPS,FIELD CROPS,CORN,ALL CLASSES,ALL PRODUCTION PRACTICES,GRAIN,PRICE RECEIVED,$ / BU,"CORN, GRAIN - PRICE RECEIVED, MEASURED IN $ / BU",TOTAL,NOT SPECIFIED,NATIONAL,,99,US,US TOTAL,,,,,,,,0,,,9000,UNITED STATES,US TOTAL,1992,MONTHLY,1,1,JAN,,2012-01-01 00:00:00.000,2.4,
SURVEY,CROPS,FIELD CROPS,CORN,ALL CLASSES,ALL PRODUCTION PRACTICES,GRAIN,PRICE RECEIVED,$ / BU,"CORN, GRAIN - PRICE RECEIVED, MEASURED IN $ / BU",TOTAL,NOT SPECIFIED,NATIONAL,,99,US,US TOTAL,,,,,,,,0,,,9000,UNITED STATES,US TOTAL,1992,MONTHLY,2,2,FEB,,2012-01-01 00:00:00.000,2.46,
SURVEY,CROPS,FIELD CROPS,CORN,ALL CLASSES,ALL PRODUCTION PRACTICES,GRAIN,PRICE RECEIVED,$ / BU,"CORN, GRAIN - PRICE RECEIVED, MEASURED IN $ / BU",TOTAL,NOT SPECIFIED,NATIONAL,,99,US,US TOTAL,,,,,,,,0,,,9000,UNITED STATES,US TOTAL,1992,MONTHLY,3,3,MAR,,2012-01-01 00:00:00.000,2.49,
SURVEY,CROPS,FIELD CROPS,CORN,ALL CLASSES,ALL PRODUCTION PRACTICES,GRAIN,PRICE RECEIVED,$ / BU,"CORN, GRAIN - PRICE RECEIVED, MEASURED IN $ / BU",TOTAL,NOT SPECIFIED,NATIONAL,,99,US,US TOTAL,,,,,,,,0,,,9000,UNITED STATES,US TOTAL,1992,MONTHLY,4,4,APR,,2012-01-01 00:00:00.000,2.48,
SURVEY,CROPS,FIELD CROPS,CORN,ALL CLASSES,ALL PRODUCTION PRACTICES,GRAIN,PRICE RECEIVED,$ / BU,"CORN, GRAIN - PRICE RECEIVED, MEASURED IN $ / BU",TOTAL,NOT SPECIFIED,NATIONAL,,99,US,US TOTAL,,,,,,,,0,,,9000,UNITED STATES,US TOTAL,1992,MONTHLY,5,5,MAY,,2012-01-01 00:00:00.000,2.49,
SURVEY,CROPS,FIELD CROPS,CORN,ALL CLASSES,ALL PRODUCTION PRACTICES,GRAIN,PRICE RECEIVED,$ / BU,"CORN, GRAIN - PRICE RECEIVED, MEASURED IN $ / BU",TOTAL,NOT SPECIFIED,NATIONAL,,99,US,US TOTAL,,,,,,,,0,,,9000,UNITED STATES,US TOTAL,1992,MONTHLY,6,6,JUN,,2012-01-01 00:00:00.000,2.47,
SURVEY,CROPS,FIELD CROPS,CORN,ALL CLASSES,ALL PRODUCTION PRACTICES,GRAIN,PRICE RECEIVED,$ / BU,"CORN, GRAIN - PRICE RECEIVED, MEASURED IN $ / BU",TOTAL,NOT SPECIFIED,NATIONAL,,99,US,US TOTAL,,,,,,,,0,,,9000,UNITED STATES,US TOTAL,1992,MONTHLY,7,7,JUL,,2012-01-01 00:00:00.000,2.33,
SURVEY,CROPS,FIELD CROPS,CORN,ALL CLASSES,ALL PRODUCTION PRACTICES,GRAIN,PRICE RECEIVED,$ / BU,"CORN, GRAIN - PRICE RECEIVED, MEASURED IN $ / BU",TOTAL,NOT SPECIFIED,NATIONAL,,99,US,US TOTAL,,,,,,,,0,,,9000,UNITED STATES,US TOTAL,1992,MONTHLY,8,8,AUG,,2012-01-01 00:00:00.000,2.15,
SURVEY,CROPS,FIELD CROPS,CORN,ALL CLASSES,ALL PRODUCTION PRACTICES,GRAIN,PRICE RECEIVED,$ / BU,"CORN, GRAIN - PRICE RECEIVED, MEASURED IN $ / BU",TOTAL,NOT SPECIFIED,NATIONAL,,99,US,US TOTAL,,,,,,,,0,,,9000,UNITED STATES,US TOTAL,1992,MONTHLY,9,9,SEP,,2012-01-01 00:00:00.000,2.16,
SURVEY,CROPS,FIELD CROPS,CORN,ALL CLASSES,ALL PRODUCTION PRACTICES,GRAIN,PRICE RECEIVED,$ / BU,"CORN, GRAIN - PRICE RECEIVED, MEASURED IN $ / BU",TOTAL,NOT SPECIFIED,NATIONAL,,99,US,US TOTAL,,,,,,,,0,,,9000,UNITED STATES,US TOTAL,1992,MONTHLY,10,10,OCT,,2012-01-01 00:00:00.000,2.05,
SURVEY,CROPS,FIELD CROPS,CORN,ALL CLASSES,ALL PRODUCTION PRACTICES,GRAIN,PRICE RECEIVED,$ / BU,"CORN, GRAIN - PRICE RECEIVED, MEASURED IN $ / BU",TOTAL,NOT SPECIFIED,NATIONAL,,99,US,US TOTAL,,,,,,,,0,,,9000,UNITED STATES,US TOTAL,1992,MONTHLY,11,11,NOV,,2012-01-01 00:00:00.000,1.98,
SURVEY,CROPS,FIELD CROPS,CORN,ALL CLASSES,ALL PRODUCTION PRACTICES,GRAIN,PRICE RECEIVED,$ / BU,"CORN, GRAIN - PRICE RECEIVED, MEASURED IN $ / BU",TOTAL,NOT SPECIFIED,NATIONAL,,99,US,US TOTAL,,,,,,,,0,,,9000,UNITED STATES,US TOTAL,1992,MONTHLY,12,12,DEC,,2012-01-01 00:00:00.000,1.97,
SURVEY,CROPS,FIELD CROPS,CORN,ALL CLASSES,ALL PRODUCTION PRACTICES,GRAIN,PRICE RECEIVED,$ / BU,"CORN, GRAIN - PRICE RECEIVED, MEASURED IN $ / BU",TOTAL,NOT SPECIFIED,NATIONAL,,99,US,US TOTAL,,,,,,,,0,,,9000,UNITED STATES,US TOTAL,1991,ANNUAL,0,0,MARKETING YEAR,,2012-01-01 00:00:00.000,2.37,
SURVEY,CROPS,FIELD CROPS,CORN,ALL CLASSES,ALL PRODUCTION PRACTICES,GRAIN,PRICE RECEIVED,$ / BU,"CORN, GRAIN - PRICE RECEIVED, MEASURED IN $ / BU",TOTAL,NOT SPECIFIED,NATIONAL,,99,US,US TOTAL,,,,,,,,0,,,9000,UNITED STATES,US TOTAL,1991,MONTHLY,1,1,JAN,,2012-01-01 00:00:00.000,2.27,
SURVEY,CROPS,FIELD CROPS,CORN,ALL CLASSES,ALL PRODUCTION PRACTICES,GRAIN,PRICE RECEIVED,$ / BU,"CORN, GRAIN - PRICE RECEIVED, MEASURED IN $ / BU",TOTAL,NOT SPECIFIED,NATIONAL,,99,US,US TOTAL,,,,,,,,0,,,9000,UNITED STATES,US TOTAL,1991,MONTHLY,2,2,FEB,,2012-01-01 00:00:00.000,2.32,
SURVEY,CROPS,FIELD CROPS,CORN,ALL CLASSES,ALL PRODUCTION PRACTICES,GRAIN,PRICE RECEIVED,$ / BU,"CORN, GRAIN - PRICE RECEIVED, MEASURED IN $ / BU",TOTAL,NOT SPECIFIED,NATIONAL,,99,US,US TOTAL,,,,,,,,0,,,9000,UNITED STATES,US TOTAL,1991,MONTHLY,3,3,MAR,,2012-01-01 00:00:00.000,2.39,
SURVEY,CROPS,FIELD CROPS,CORN,ALL CLASSES,ALL PRODUCTION PRACTICES,GRAIN,PRICE RECEIVED,$ / BU,"CORN, GRAIN - PRICE RECEIVED, MEASURED IN $ / BU",TOTAL,NOT SPECIFIED,NATIONAL,,99,US,US TOTAL,,,,,,,,0,,,9000,UNITED STATES,US TOTAL,1991,MONTHLY,4,4,APR,,2012-01-01 00:00:00.000,2.42,
SURVEY,CROPS,FIELD CROPS,CORN,ALL CLASSES,ALL PRODUCTION PRACTICES,GRAIN,PRICE RECEIVED,$ / BU,"CORN, GRAIN - PRICE RECEIVED, MEASURED IN $ / BU",TOTAL,NOT SPECIFIED,NATIONAL,,99,US,US TOTAL,,,,,,,,0,,,9000,UNITED STATES,US TOTAL,1991,MONTHLY,5,5,MAY,,2012-01-01 00:00:00.000,2.38,
SURVEY,CROPS,FIELD CROPS,CORN,ALL CLASSES,ALL PRODUCTION PRACTICES,GRAIN,PRICE RECEIVED,$ / BU,"CORN, GRAIN - PRICE RECEIVED, MEASURED IN $ / BU",TOTAL,NOT SPECIFIED,NATIONAL,,99,US,US TOTAL,,,,,,,,0,,,9000,UNITED STATES,US TOTAL,1991,MONTHLY,6,6,JUN,,2012-01-01 00:00:00.000,2.31,
SURVEY,CROPS,FIELD CROPS,CORN,ALL CLASSES,ALL PRODUCTION PRACTICES,GRAIN,PRICE RECEIVED,$ / BU,"CORN, GRAIN - PRICE RECEIVED, MEASURED IN $ / BU",TOTAL,NOT SPECIFIED,NATIONAL,,99,US,US TOTAL,,,,,,,,0,,,9000,UNITED STATES,US TOTAL,1991,MONTHLY,7,7,JUL,,2012-01-01 00:00:00.000,2.27,
SURVEY,CROPS,FIELD CROPS,CORN,ALL CLASSES,ALL PRODUCTION PRACTICES,GRAIN,PRICE RECEIVED,$ / BU,"CORN, GRAIN - PRICE RECEIVED, MEASURED IN $ / BU",TOTAL,NOT SPECIFIED,NATIONAL,,99,US,US TOTAL,,,,,,,,0,,,9000,UNITED STATES,US TOTAL,1991,MONTHLY,8,8,AUG,,2012-01-01 00:00:00.000,2.33,
SURVEY,CROPS,FIELD CROPS,CORN,ALL CLASSES,ALL PRODUCTION PRACTICES,GRAIN,PRICE RECEIVED,$ / BU,"CORN, GRAIN - PRICE RECEIVED, MEASURED IN $ / BU",TOTAL,NOT SPECIFIED,NATIONAL,,99,US,US TOTAL,,,,,,,,0,,,9000,UNITED STATES,US TOTAL,1991,MONTHLY,9,9,SEP,,2012-01-01 00:00:00.000,2.33,
SURVEY,CROPS,FIELD CROPS,CORN,ALL CLASSES,ALL PRODUCTION PRACTICES,GRAIN,PRICE RECEIVED,$ / BU,"CORN, GRAIN - PRICE RECEIVED, MEASURED IN $ / BU",TOTAL,NOT SPECIFIED,NATIONAL,,99,US,US TOTAL,,,,,,,,0,,,9000,UNITED STATES,US TOTAL,1991,MONTHLY,10,10,OCT,,2012-01-01 00:00:00.000,2.31,
SURVEY,CROPS,FIELD CROPS,CORN,ALL CLASSES,ALL PRODUCTION PRACTICES,GRAIN,PRICE RECEIVED,$ / BU,"CORN, GRAIN - PRICE RECEIVED, MEASURED IN $ / BU",TOTAL,NOT SPECIFIED,NATIONAL,,99,US,US TOTAL,,,,,,,,0,,,9000,UNITED STATES,US TOTAL,1991,MONTHLY,11,11,NOV,,2012-01-01 00:00:00.000,2.29,
SURVEY,CROPS,FIELD CROPS,CORN,ALL CLASSES,ALL PRODUCTION PRACTICES,GRAIN,PRICE RECEIVED,$ / BU,"CORN, GRAIN - PRICE RECEIVED, MEASURED IN $ / BU",TOTAL,NOT SPECIFIED,NATIONAL,,99,US,US TOTAL,,,,,,,,0,,,9000,UNITED STATES,US TOTAL,1991,MONTHLY,12,12,DEC,,2012-01-01 00:00:00.000,2.33,
SURVEY,CROPS,FIELD CROPS,CORN,ALL CLASSES,ALL PRODUCTION PRACTICES,GRAIN,PRICE RECEIVED,$ / BU,"CORN, GRAIN - PRICE RECEIVED, MEASURED IN $ / BU",TOTAL,NOT SPECIFIED,NATIONAL,,99,US,US TOTAL,,,,,,,,0,,,9000,UNITED STATES,US TOTAL,1990,ANNUAL,0,0,MARKETING YEAR,,2012-01-01 00:00:00.000,2.28,
SURVEY,CROPS,FIELD CROPS,CORN,ALL CLASSES,ALL PRODUCTION PRACTICES,GRAIN,PRICE RECEIVED,$ / BU,"CORN, GRAIN - PRICE RECEIVED, MEASURED IN $ / BU",TOTAL,NOT SPECIFIED,NATIONAL,,99,US,US TOTAL,,,,,,,,0,,,9000,UNITED STATES,US TOTAL,1990,MONTHLY,1,1,JAN,,2012-01-01 00:00:00.000,2.31,
SURVEY,CROPS,FIELD CROPS,CORN,ALL CLASSES,ALL PRODUCTION PRACTICES,GRAIN,PRICE RECEIVED,$ / BU,"CORN, GRAIN - PRICE RECEIVED, MEASURED IN $ / BU",TOTAL,NOT SPECIFIED,NATIONAL,,99,US,US TOTAL,,,,,,,,0,,,9000,UNITED STATES,US TOTAL,1990,MONTHLY,2,2,FEB,,2012-01-01 00:00:00.000,2.32,
SURVEY,CROPS,FIELD CROPS,CORN,ALL CLASSES,ALL PRODUCTION PRACTICES,GRAIN,PRICE RECEIVED,$ / BU,"CORN, GRAIN - PRICE RECEIVED, MEASURED IN $ / BU",TOTAL,NOT SPECIFIED,NATIONAL,,99,US,US TOTAL,,,,,,,,0,,,9000,UNITED STATES,US TOTAL,1990,MONTHLY,3,3,MAR,,2012-01-01 00:00:00.000,2.37,
SURVEY,CROPS,FIELD CROPS,CORN,ALL CLASSES,ALL PRODUCTION PRACTICES,GRAIN,PRICE RECEIVED,$ / BU,"CORN, GRAIN - PRICE RECEIVED, MEASURED IN $ / BU",TOTAL,NOT SPECIFIED,NATIONAL,,99,US,US TOTAL,,,,,,,,0,,,9000,UNITED STATES,US TOTAL,1990,MONTHLY,4,4,APR,,2012-01-01 00:00:00.000,2.51,
SURVEY,CROPS,FIELD CROPS,CORN,ALL CLASSES,ALL PRODUCTION PRACTICES,GRAIN,PRICE RECEIVED,$ / BU,"CORN, GRAIN - PRICE RECEIVED, MEASURED IN $ / BU",TOTAL,NOT SPECIFIED,NATIONAL,,99,US,US TOTAL,,,,,,,,0,,,9000,UNITED STATES,US TOTAL,1990,MONTHLY,5,5,MAY,,2012-01-01 00:00:00.000,2.62,
SURVEY,CROPS,FIELD CROPS,CORN,ALL CLASSES,ALL PRODUCTION PRACTICES,GRAIN,PRICE RECEIVED,$ / BU,"CORN, GRAIN - PRICE RECEIVED, MEASURED IN $ / BU",TOTAL,NOT SPECIFIED,NATIONAL,,99,US,US TOTAL,,,,,,,,0,,,9000,UNITED STATES,US TOTAL,1990,MONTHLY,6,6,JUN,,2012-01-01 00:00:00.000,2.63,
SURVEY,CROPS,FIELD CROPS,CORN,ALL CLASSES,ALL PRODUCTION PRACTICES,GRAIN,PRICE RECEIVED,$ / BU,"CORN, GRAIN - PRICE RECEIVED, MEASURED IN $ / BU",TOTAL,NOT SPECIFIED,NATIONAL,,99,US,US TOTAL,,,,,,,,0,,,9000,UNITED STATES,US TOTAL,1990,MONTHLY,7,7,JUL,,2012-01-01 00:00:00.000,2.62,
SURVEY,CROPS,FIELD CROPS,CORN,ALL CLASSES,ALL PRODUCTION PRACTICES,GRAIN,PRICE RECEIVED,$ / BU,"CORN, GRAIN - PRICE RECEIVED, MEASURED IN $ / BU",TOTAL,NOT SPECIFIED,NATIONAL,,99,US,US TOTAL,,,,,,,,0,,,9000,UNITED STATES,US TOTAL,1990,MONTHLY,8,8,AUG,,2012-01-01 00:00:00.000,2.51,
SURVEY,CROPS,FIELD CROPS,CORN,ALL CLASSES,ALL PRODUCTION PRACTICES,GRAIN,PRICE RECEIVED,$ / BU,"CORN, GRAIN - PRICE RECEIVED, MEASURED IN $ / BU",TOTAL,NOT SPECIFIED,NATIONAL,,99,US,US TOTAL,,,,,,,,0,,,9000,UNITED STATES,US TOTAL,1990,MONTHLY,9,9,SEP,,2012-01-01 00:00:00.000,2.32,
SURVEY,CROPS,FIELD CROPS,CORN,ALL CLASSES,ALL PRODUCTION PRACTICES,GRAIN,PRICE RECEIVED,$ / BU,"CORN, GRAIN - PRICE RECEIVED, MEASURED IN $ / BU",TOTAL,NOT SPECIFIED,NATIONAL,,99,US,US TOTAL,,,,,,,,0,,,9000,UNITED STATES,US TOTAL,1990,MONTHLY,10,10,OCT,,2012-01-01 00:00:00.000,2.19,
SURVEY,CROPS,FIELD CROPS,CORN,ALL CLASSES,ALL PRODUCTION PRACTICES,GRAIN,PRICE RECEIVED,$ / BU,"CORN, GRAIN - PRICE RECEIVED, MEASURED IN $ / BU",TOTAL,NOT SPECIFIED,NATIONAL,,99,US,US TOTAL,,,,,,,,0,,,9000,UNITED STATES,US TOTAL,1990,MONTHLY,11,11,NOV,,2012-01-01 00:00:00.000,2.16,
SURVEY,CROPS,FIELD CROPS,CORN,ALL CLASSES,ALL PRODUCTION PRACTICES,GRAIN,PRICE RECEIVED,$ / BU,"CORN, GRAIN - PRICE RECEIVED, MEASURED IN $ / BU",TOTAL,NOT SPECIFIED,NATIONAL,,99,US,US TOTAL,,,,,,,,0,,,9000,UNITED STATES,US TOTAL,1990,MONTHLY,12,12,DEC,,2012-01-01 00:00:00.000,2.22,
SURVEY,CROPS,FIELD CROPS,CORN,ALL CLASSES,ALL PRODUCTION PRACTICES,GRAIN,PRICE RECEIVED,$ / BU,"CORN, GRAIN - PRICE RECEIVED, MEASURED IN $ / BU",TOTAL,NOT SPECIFIED,NATIONAL,,99,US,US TOTAL,,,,,,,,0,,,9000,UNITED STATES,US TOTAL,1989,ANNUAL,0,0,MARKETING YEAR,,2012-01-01 00:00:00.000,2.36,
SURVEY,CROPS,FIELD CROPS,CORN,ALL CLASSES,ALL PRODUCTION PRACTICES,GRAIN,PRICE RECEIVED,$ / BU,"CORN, GRAIN - PRICE RECEIVED, MEASURED IN $ / BU",TOTAL,NOT SPECIFIED,NATIONAL,,99,US,US TOTAL,,,,,,,,0,,,9000,UNITED STATES,US TOTAL,1989,MONTHLY,1,1,JAN,,2012-01-01 00:00:00.000,2.6,
SURVEY,CROPS,FIELD CROPS,CORN,ALL CLASSES,ALL PRODUCTION PRACTICES,GRAIN,PRICE RECEIVED,$ / BU,"CORN, GRAIN - PRICE RECEIVED, MEASURED IN $ / BU",TOTAL,NOT SPECIFIED,NATIONAL,,99,US,US TOTAL,,,,,,,,0,,,9000,UNITED STATES,US TOTAL,1989,MONTHLY,2,2,FEB,,2012-01-01 00:00:00.000,2.59,
SURVEY,CROPS,FIELD CROPS,CORN,ALL CLASSES,ALL PRODUCTION PRACTICES,GRAIN,PRICE RECEIVED,$ / BU,"CORN, GRAIN - PRICE RECEIVED, MEASURED IN $ / BU",TOTAL,NOT SPECIFIED,NATIONAL,,99,US,US TOTAL,,,,,,,,0,,,9000,UNITED STATES,US TOTAL,1989,MONTHLY,3,3,MAR,,2012-01-01 00:00:00.000,2.6,
SURVEY,CROPS,FIELD CROPS,CORN,ALL CLASSES,ALL PRODUCTION PRACTICES,GRAIN,PRICE RECEIVED,$ / BU,"CORN, GRAIN - PRICE RECEIVED, MEASURED IN $ / BU",TOTAL,NOT SPECIFIED,NATIONAL,,99,US,US TOTAL,,,,,,,,0,,,9000,UNITED STATES,US TOTAL,1989,MONTHLY,4,4,APR,,2012-01-01 00:00:00.000,2.56,
SURVEY,CROPS,FIELD CROPS,CORN,ALL CLASSES,ALL PRODUCTION PRACTICES,GRAIN,PRICE RECEIVED,$ / BU,"CORN, GRAIN - PRICE RECEIVED, MEASURED IN $ / BU",TOTAL,NOT SPECIFIED,NATIONAL,,99,US,US TOTAL,,,,,,,,0,,,9000,UNITED STATES,US TOTAL,1989,MONTHLY,5,5,MAY,,2012-01-01 00:00:00.000,2.58,
SURVEY,CROPS,FIELD CROPS,CORN,ALL CLASSES,ALL PRODUCTION PRACTICES,GRAIN,PRICE RECEIVED,$ / BU,"CORN, GRAIN - PRICE RECEIVED, MEASURED IN $ / BU",TOTAL,NOT SPECIFIED,NATIONAL,,99,US,US TOTAL,,,,,,,,0,,,9000,UNITED STATES,US TOTAL,1989,MONTHLY,6,6,JUN,,2012-01-01 00:00:00.000,2.52,
SURVEY,CROPS,FIELD CROPS,CORN,ALL CLASSES,ALL PRODUCTION PRACTICES,GRAIN,PRICE RECEIVED,$ / BU,"CORN, GRAIN - PRICE RECEIVED, MEASURED IN $ / BU",TOTAL,NOT SPECIFIED,NATIONAL,,99,US,US TOTAL,,,,,,,,0,,,9000,UNITED STATES,US TOTAL,1989,MONTHLY,7,7,JUL,,2012-01-01 00:00:00.000,2.47,
SURVEY,CROPS,FIELD CROPS,CORN,ALL CLASSES,ALL PRODUCTION PRACTICES,GRAIN,PRICE RECEIVED,$ / BU,"CORN, GRAIN - PRICE RECEIVED, MEASURED IN $ / BU",TOTAL,NOT SPECIFIED,NATIONAL,,99,US,US TOTAL,,,,,,,,0,,,9000,UNITED STATES,US TOTAL,1989,MONTHLY,8,8,AUG,,2012-01-01 00:00:00.000,2.27,
SURVEY,CROPS,FIELD CROPS,CORN,ALL CLASSES,ALL PRODUCTION PRACTICES,GRAIN,PRICE RECEIVED,$ / BU,"CORN, GRAIN - PRICE RECEIVED, MEASURED IN $ / BU",TOTAL,NOT SPECIFIED,NATIONAL,,99,US,US TOTAL,,,,,,,,0,,,9000,UNITED STATES,US TOTAL,1989,MONTHLY,9,9,SEP,,2012-01-01 00:00:00.000,2.29,
SURVEY,CROPS,FIELD CROPS,CORN,ALL CLASSES,ALL PRODUCTION PRACTICES,GRAIN,PRICE RECEIVED,$ / BU,"CORN, GRAIN - PRICE RECEIVED, MEASURED IN $ / BU",TOTAL,NOT SPECIFIED,NATIONAL,,99,US,US TOTAL,,,,,,,,0,,,9000,UNITED STATES,US TOTAL,1989,MONTHLY,10,10,OCT,,2012-01-01 00:00:00.000,2.22,
SURVEY,CROPS,FIELD CROPS,CORN,ALL CLASSES,ALL PRODUCTION PRACTICES,GRAIN,PRICE RECEIVED,$ / BU,"CORN, GRAIN - PRICE RECEIVED, MEASURED IN $ / BU",TOTAL,NOT SPECIFIED,NATIONAL,,99,US,US TOTAL,,,,,,,,0,,,9000,UNITED STATES,US TOTAL,1989,MONTHLY,11,11,NOV,,2012-01-01 00:00:00.000,2.24,
SURVEY,CROPS,FIELD CROPS,CORN,ALL CLASSES,ALL PRODUCTION PRACTICES,GRAIN,PRICE RECEIVED,$ / BU,"CORN, GRAIN - PRICE RECEIVED, MEASURED IN $ / BU",TOTAL,NOT SPECIFIED,NATIONAL,,99,US,US TOTAL,,,,,,,,0,,,9000,UNITED STATES,US TOTAL,1989,MONTHLY,12,12,DEC,,2012-01-01 00:00:00.000,2.27,
SURVEY,CROPS,FIELD CROPS,CORN,ALL CLASSES,ALL PRODUCTION PRACTICES,GRAIN,PRICE RECEIVED,$ / BU,"CORN, GRAIN - PRICE RECEIVED, MEASURED IN $ / BU",TOTAL,NOT SPECIFIED,NATIONAL,,99,US,US TOTAL,,,,,,,,0,,,9000,UNITED STATES,US TOTAL,1988,ANNUAL,0,0,MARKETING YEAR,,2012-01-01 00:00:00.000,2.54,
SURVEY,CROPS,FIELD CROPS,CORN,ALL CLASSES,ALL PRODUCTION PRACTICES,GRAIN,PRICE RECEIVED,$ / BU,"CORN, GRAIN - PRICE RECEIVED, MEASURED IN $ / BU",TOTAL,NOT SPECIFIED,NATIONAL,,99,US,US TOTAL,,,,,,,,0,,,9000,UNITED STATES,US TOTAL,1988,MONTHLY,1,1,JAN,,2012-01-01 00:00:00.000,1.77,
SURVEY,CROPS,FIELD CROPS,CORN,ALL CLASSES,ALL PRODUCTION PRACTICES,GRAIN,PRICE RECEIVED,$ / BU,"CORN, GRAIN - PRICE RECEIVED, MEASURED IN $ / BU",TOTAL,NOT SPECIFIED,NATIONAL,,99,US,US TOTAL,,,,,,,,0,,,9000,UNITED STATES,US TOTAL,1988,MONTHLY,2,2,FEB,,2012-01-01 00:00:00.000,1.83,
SURVEY,CROPS,FIELD CROPS,CORN,ALL CLASSES,ALL PRODUCTION PRACTICES,GRAIN,PRICE RECEIVED,$ / BU,"CORN, GRAIN - PRICE RECEIVED, MEASURED IN $ / BU",TOTAL,NOT SPECIFIED,NATIONAL,,99,US,US TOTAL,,,,,,,,0,,,9000,UNITED STATES,US TOTAL,1988,MONTHLY,3,3,MAR,,2012-01-01 00:00:00.000,1.86,
SURVEY,CROPS,FIELD CROPS,CORN,ALL CLASSES,ALL PRODUCTION PRACTICES,GRAIN,PRICE RECEIVED,$ / BU,"CORN, GRAIN - PRICE RECEIVED, MEASURED IN $ / BU",TOTAL,NOT SPECIFIED,NATIONAL,,99,US,US TOTAL,,,,,,,,0,,,9000,UNITED STATES,US TOTAL,1988,MONTHLY,4,4,APR,,2012-01-01 00:00:00.000,1.88,
SURVEY,CROPS,FIELD CROPS,CORN,ALL CLASSES,ALL PRODUCTION PRACTICES,GRAIN,PRICE RECEIVED,$ / BU,"CORN, GRAIN - PRICE RECEIVED, MEASURED IN $ / BU",TOTAL,NOT SPECIFIED,NATIONAL,,99,US,US TOTAL,,,,,,,,0,,,9000,UNITED STATES,US TOTAL,1988,MONTHLY,5,5,MAY,,2012-01-01 00:00:00.000,1.94,
SURVEY,CROPS,FIELD CROPS,CORN,ALL CLASSES,ALL PRODUCTION PRACTICES,GRAIN,PRICE RECEIVED,$ / BU,"CORN, GRAIN - PRICE RECEIVED, MEASURED IN $ / BU",TOTAL,NOT SPECIFIED,NATIONAL,,99,US,US TOTAL,,,,,,,,0,,,9000,UNITED STATES,US TOTAL,1988,MONTHLY,6,6,JUN,,2012-01-01 00:00:00.000,2.41,
SURVEY,CROPS,FIELD CROPS,CORN,ALL CLASSES,ALL PRODUCTION PRACTICES,GRAIN,PRICE RECEIVED,$ / BU,"CORN, GRAIN - PRICE RECEIVED, MEASURED IN $ / BU",TOTAL,NOT SPECIFIED,NATIONAL,,99,US,US TOTAL,,,,,,,,0,,,9000,UNITED STATES,US TOTAL,1988,MONTHLY,7,7,JUL,,2012-01-01 00:00:00.000,2.72,
SURVEY,CROPS,FIELD CROPS,CORN,ALL CLASSES,ALL PRODUCTION PRACTICES,GRAIN,PRICE RECEIVED,$ / BU,"CORN, GRAIN - PRICE RECEIVED, MEASURED IN $ / BU",TOTAL,NOT SPECIFIED,NATIONAL,,99,US,US TOTAL,,,,,,,,0,,,9000,UNITED STATES,US TOTAL,1988,MONTHLY,8,8,AUG,,2012-01-01 00:00:00.000,2.65,
SURVEY,CROPS,FIELD CROPS,CORN,ALL CLASSES,ALL PRODUCTION PRACTICES,GRAIN,PRICE RECEIVED,$ / BU,"CORN, GRAIN - PRICE RECEIVED, MEASURED IN $ / BU",TOTAL,NOT SPECIFIED,NATIONAL,,99,US,US TOTAL,,,,,,,,0,,,9000,UNITED STATES,US TOTAL,1988,MONTHLY,9,9,SEP,,2012-01-01 00:00:00.000,2.6,
SURVEY,CROPS,FIELD CROPS,CORN,ALL CLASSES,ALL PRODUCTION PRACTICES,GRAIN,PRICE RECEIVED,$ / BU,"CORN, GRAIN - PRICE RECEIVED, MEASURED IN $ / BU",TOTAL,NOT SPECIFIED,NATIONAL,,99,US,US TOTAL,,,,,,,,0,,,9000,UNITED STATES,US TOTAL,1988,MONTHLY,10,10,OCT,,2012-01-01 00:00:00.000,2.58,
SURVEY,CROPS,FIELD CROPS,CORN,ALL CLASSES,ALL PRODUCTION PRACTICES,GRAIN,PRICE RECEIVED,$ / BU,"CORN, GRAIN - PRICE RECEIVED, MEASURED IN $ / BU",TOTAL,NOT SPECIFIED,NATIONAL,,99,US,US TOTAL,,,,,,,,0,,,9000,UNITED STATES,US TOTAL,1988,MONTHLY,11,11,NOV,,2012-01-01 00:00:00.000,2.51,
SURVEY,CROPS,FIELD CROPS,CORN,ALL CLASSES,ALL PRODUCTION PRACTICES,GRAIN,PRICE RECEIVED,$ / BU,"CORN, GRAIN - PRICE RECEIVED, MEASURED IN $ / BU",TOTAL,NOT SPECIFIED,NATIONAL,,99,US,US TOTAL,,,,,,,,0,,,9000,UNITED STATES,US TOTAL,1988,MONTHLY,12,12,DEC,,2012-01-01 00:00:00.000,2.53,
SURVEY,CROPS,FIELD CROPS,CORN,ALL CLASSES,ALL PRODUCTION PRACTICES,GRAIN,PRICE RECEIVED,$ / BU,"CORN, GRAIN - PRICE RECEIVED, MEASURED IN $ / BU",TOTAL,NOT SPECIFIED,NATIONAL,,99,US,US TOTAL,,,,,,,,0,,,9000,UNITED STATES,US TOTAL,1987,ANNUAL,0,0,MARKETING YEAR,,2012-01-01 00:00:00.000,1.94,
SURVEY,CROPS,FIELD CROPS,CORN,ALL CLASSES,ALL PRODUCTION PRACTICES,GRAIN,PRICE RECEIVED,$ / BU,"CORN, GRAIN - PRICE RECEIVED, MEASURED IN $ / BU",TOTAL,NOT SPECIFIED,NATIONAL,,99,US,US TOTAL,,,,,,,,0,,,9000,UNITED STATES,US TOTAL,1987,MONTHLY,1,1,JAN,,2012-01-01 00:00:00.000,1.48,
SURVEY,CROPS,FIELD CROPS,CORN,ALL CLASSES,ALL PRODUCTION PRACTICES,GRAIN,PRICE RECEIVED,$ / BU,"CORN, GRAIN - PRICE RECEIVED, MEASURED IN $ / BU",TOTAL,NOT SPECIFIED,NATIONAL,,99,US,US TOTAL,,,,,,,,0,,,9000,UNITED STATES,US TOTAL,1987,MONTHLY,2,2,FEB,,2012-01-01 00:00:00.000,1.42,
SURVEY,CROPS,FIELD CROPS,CORN,ALL CLASSES,ALL PRODUCTION PRACTICES,GRAIN,PRICE RECEIVED,$ / BU,"CORN, GRAIN - PRICE RECEIVED, MEASURED IN $ / BU",TOTAL,NOT SPECIFIED,NATIONAL,,99,US,US TOTAL,,,,,,,,0,,,9000,UNITED STATES,US TOTAL,1987,MONTHLY,3,3,MAR,,2012-01-01 00:00:00.000,1.47,
SURVEY,CROPS,FIELD CROPS,CORN,ALL CLASSES,ALL PRODUCTION PRACTICES,GRAIN,PRICE RECEIVED,$ / BU,"CORN, GRAIN - PRICE RECEIVED, MEASURED IN $ / BU",TOTAL,NOT SPECIFIED,NATIONAL,,99,US,US TOTAL,,,,,,,,0,,,9000,UNITED STATES,US TOTAL,1987,MONTHLY,4,4,APR,,2012-01-01 00:00:00.000,1.52,
SURVEY,CROPS,FIELD CROPS,CORN,ALL CLASSES,ALL PRODUCTION PRACTICES,GRAIN,PRICE RECEIVED,$ / BU,"CORN, GRAIN - PRICE RECEIVED, MEASURED IN $ / BU",TOTAL,NOT SPECIFIED,NATIONAL,,99,US,US TOTAL,,,,,,,,0,,,9000,UNITED STATES,US TOTAL,1987,MONTHLY,5,5,MAY,,2012-01-01 00:00:00.000,1.66,
SURVEY,CROPS,FIELD CROPS,CORN,ALL CLASSES,ALL PRODUCTION PRACTICES,GRAIN,PRICE RECEIVED,$ / BU,"CORN, GRAIN - PRICE RECEIVED, MEASURED IN $ / BU",TOTAL,NOT SPECIFIED,NATIONAL,,99,US,US TOTAL,,,,,,,,0,,,9000,UNITED STATES,US TOTAL,1987,MONTHLY,6,6,JUN,,2012-01-01 00:00:00.000,1.69,
SURVEY,CROPS,FIELD CROPS,CORN,ALL CLASSES,ALL PRODUCTION PRACTICES,GRAIN,PRICE RECEIVED,$ / BU,"CORN, GRAIN - PRICE RECEIVED, MEASURED IN $ / BU",TOTAL,NOT SPECIFIED,NATIONAL,,99,US,US TOTAL,,,,,,,,0,,,9000,UNITED STATES,US TOTAL,1987,MONTHLY,7,7,JUL,,2012-01-01 00:00:00.000,1.6,
SURVEY,CROPS,FIELD CROPS,CORN,ALL CLASSES,ALL PRODUCTION PRACTICES,GRAIN,PRICE RECEIVED,$ / BU,"CORN, GRAIN - PRICE RECEIVED, MEASURED IN $ / BU",TOTAL,NOT SPECIFIED,NATIONAL,,99,US,US TOTAL,,,,,,,,0,,,9000,UNITED STATES,US TOTAL,1987,MONTHLY,8,8,AUG,,2012-01-01 00:00:00.000,1.47,
SURVEY,CROPS,FIELD CROPS,CORN,ALL CLASSES,ALL PRODUCTION PRACTICES,GRAIN,PRICE RECEIVED,$ / BU,"CORN, GRAIN - PRICE RECEIVED, MEASURED IN $ / BU",TOTAL,NOT SPECIFIED,NATIONAL,,99,US,US TOTAL,,,,,,,,0,,,9000,UNITED STATES,US TOTAL,1987,MONTHLY,9,9,SEP,,2012-01-01 00:00:00.000,1.49,
SURVEY,CROPS,FIELD CROPS,CORN,ALL CLASSES,ALL PRODUCTION PRACTICES,GRAIN,PRICE RECEIVED,$ / BU,"CORN, GRAIN - PRICE RECEIVED, MEASURED IN $ / BU",TOTAL,NOT SPECIFIED,NATIONAL,,99,US,US TOTAL,,,,,,,,0,,,9000,UNITED STATES,US TOTAL,1987,MONTHLY,10,10,OCT,,2012-01-01 00:00:00.000,1.55,
SURVEY,CROPS,FIELD CROPS,CORN,ALL CLASSES,ALL PRODUCTION PRACTICES,GRAIN,PRICE RECEIVED,$ / BU,"CORN, GRAIN - PRICE RECEIVED, MEASURED IN $ / BU",TOTAL,NOT SPECIFIED,NATIONAL,,99,US,US TOTAL,,,,,,,,0,,,9000,UNITED STATES,US TOTAL,1987,MONTHLY,11,11,NOV,,2012-01-01 00:00:00.000,1.61,
SURVEY,CROPS,FIELD CROPS,CORN,ALL CLASSES,ALL PRODUCTION PRACTICES,GRAIN,PRICE RECEIVED,$ / BU,"CORN, GRAIN - PRICE RECEIVED, MEASURED IN $ / BU",TOTAL,NOT SPECIFIED,NATIONAL,,99,US,US TOTAL,,,,,,,,0,,,9000,UNITED STATES,US TOTAL,1987,MONTHLY,12,12,DEC,,2012-01-01 00:00:00.000,1.72,
SURVEY,CROPS,FIELD CROPS,CORN,ALL CLASSES,ALL PRODUCTION PRACTICES,GRAIN,PRICE RECEIVED,$ / BU,"CORN, GRAIN - PRICE RECEIVED, MEASURED IN $ / BU",TOTAL,NOT SPECIFIED,NATIONAL,,99,US,US TOTAL,,,,,,,,0,,,9000,UNITED STATES,US TOTAL,1986,ANNUAL,0,0,MARKETING YEAR,,2012-01-01 00:00:00.000,1.5,
SURVEY,CROPS,FIELD CROPS,CORN,ALL CLASSES,ALL PRODUCTION PRACTICES,GRAIN,PRICE RECEIVED,$ / BU,"CORN, GRAIN - PRICE RECEIVED, MEASURED IN $ / BU",TOTAL,NOT SPECIFIED,NATIONAL,,99,US,US TOTAL,,,,,,,,0,,,9000,UNITED STATES,US TOTAL,1986,MONTHLY,1,1,JAN,,2012-01-01 00:00:00.000,2.33,
SURVEY,CROPS,FIELD CROPS,CORN,ALL CLASSES,ALL PRODUCTION PRACTICES,GRAIN,PRICE RECEIVED,$ / BU,"CORN, GRAIN - PRICE RECEIVED, MEASURED IN $ / BU",TOTAL,NOT SPECIFIED,NATIONAL,,99,US,US TOTAL,,,,,,,,0,,,9000,UNITED STATES,US TOTAL,1986,MONTHLY,2,2,FEB,,2012-01-01 00:00:00.000,2.32,
SURVEY,CROPS,FIELD CROPS,CORN,ALL CLASSES,ALL PRODUCTION PRACTICES,GRAIN,PRICE RECEIVED,$ / BU,"CORN, GRAIN - PRICE RECEIVED, MEASURED IN $ / BU",TOTAL,NOT SPECIFIED,NATIONAL,,99,US,US TOTAL,,,,,,,,0,,,9000,UNITED STATES,US TOTAL,1986,MONTHLY,3,3,MAR,,2012-01-01 00:00:00.000,2.29,
SURVEY,CROPS,FIELD CROPS,CORN,ALL CLASSES,ALL PRODUCTION PRACTICES,GRAIN,PRICE RECEIVED,$ / BU,"CORN, GRAIN - PRICE RECEIVED, MEASURED IN $ / BU",TOTAL,NOT SPECIFIED,NATIONAL,,99,US,US TOTAL,,,,,,,,0,,,9000,UNITED STATES,US TOTAL,1986,MONTHLY,4,4,APR,,2012-01-01 00:00:00.000,2.3,
SURVEY,CROPS,FIELD CROPS,CORN,ALL CLASSES,ALL PRODUCTION PRACTICES,GRAIN,PRICE RECEIVED,$ / BU,"CORN, GRAIN - PRICE RECEIVED, MEASURED IN $ / BU",TOTAL,NOT SPECIFIED,NATIONAL,,99,US,US TOTAL,,,,,,,,0,,,9000,UNITED STATES,US TOTAL,1986,MONTHLY,5,5,MAY,,2012-01-01 00:00:00.000,2.39,
SURVEY,CROPS,FIELD CROPS,CORN,ALL CLASSES,ALL PRODUCTION PRACTICES,GRAIN,PRICE RECEIVED,$ / BU,"CORN, GRAIN - PRICE RECEIVED, MEASURED IN $ / BU",TOTAL,NOT SPECIFIED,NATIONAL,,99,US,US TOTAL,,,,,,,,0,,,9000,UNITED STATES,US TOTAL,1986,MONTHLY,6,6,JUN,,2012-01-01 00:00:00.000,2.32,
SURVEY,CROPS,FIELD CROPS,CORN,ALL CLASSES,ALL PRODUCTION PRACTICES,GRAIN,PRICE RECEIVED,$ / BU,"CORN, GRAIN - PRICE RECEIVED, MEASURED IN $ / BU",TOTAL,NOT SPECIFIED,NATIONAL,,99,US,US TOTAL,,,,,,,,0,,,9000,UNITED STATES,US TOTAL,1986,MONTHLY,7,7,JUL,,2012-01-01 00:00:00.000,2.0,
SURVEY,CROPS,FIELD CROPS,CORN,ALL CLASSES,ALL PRODUCTION PRACTICES,GRAIN,PRICE RECEIVED,$ / BU,"CORN, GRAIN - PRICE RECEIVED, MEASURED IN $ / BU",TOTAL,NOT SPECIFIED,NATIONAL,,99,US,US TOTAL,,,,,,,,0,,,9000,UNITED STATES,US TOTAL,1986,MONTHLY,8,8,AUG,,2012-01-01 00:00:00.000,1.73,
SURVEY,CROPS,FIELD CROPS,CORN,ALL CLASSES,ALL PRODUCTION PRACTICES,GRAIN,PRICE RECEIVED,$ / BU,"CORN, GRAIN - PRICE RECEIVED, MEASURED IN $ / BU",TOTAL,NOT SPECIFIED,NATIONAL,,99,US,US TOTAL,,,,,,,,0,,,9000,UNITED STATES,US TOTAL,1986,MONTHLY,9,9,SEP,,2012-01-01 00:00:00.000,1.45,
SURVEY,CROPS,FIELD CROPS,CORN,ALL CLASSES,ALL PRODUCTION PRACTICES,GRAIN,PRICE RECEIVED,$ / BU,"CORN, GRAIN - PRICE RECEIVED, MEASURED IN $ / BU",TOTAL,NOT SPECIFIED,NATIONAL,,99,US,US TOTAL,,,,,,,,0,,,9000,UNITED STATES,US TOTAL,1986,MONTHLY,10,10,OCT,,2012-01-01 00:00:00.000,1.4,
SURVEY,CROPS,FIELD CROPS,CORN,ALL CLASSES,ALL PRODUCTION PRACTICES,GRAIN,PRICE RECEIVED,$ / BU,"CORN, GRAIN - PRICE RECEIVED, MEASURED IN $ / BU",TOTAL,NOT SPECIFIED,NATIONAL,,99,US,US TOTAL,,,,,,,,0,,,9000,UNITED STATES,US TOTAL,1986,MONTHLY,11,11,NOV,,2012-01-01 00:00:00.000,1.47,
SURVEY,CROPS,FIELD CROPS,CORN,ALL CLASSES,ALL PRODUCTION PRACTICES,GRAIN,PRICE RECEIVED,$ / BU,"CORN, GRAIN - PRICE RECEIVED, MEASURED IN $ / BU",TOTAL,NOT SPECIFIED,NATIONAL,,99,US,US TOTAL,,,,,,,,0,,,9000,UNITED STATES,US TOTAL,1986,MONTHLY,12,12,DEC,,2012-01-01 00:00:00.000,1.5,
SURVEY,CROPS,FIELD CROPS,CORN,ALL CLASSES,ALL PRODUCTION PRACTICES,GRAIN,PRICE RECEIVED,$ / BU,"CORN, GRAIN - PRICE RECEIVED, MEASURED IN $ / BU",TOTAL,NOT SPECIFIED,NATIONAL,,99,US,US TOTAL,,,,,,,,0,,,9000,UNITED STATES,US TOTAL,1985,ANNUAL,0,0,MARKETING YEAR,,2012-01-01 00:00:00.000,2.23,
SURVEY,CROPS,FIELD CROPS,CORN,ALL CLASSES,ALL PRODUCTION PRACTICES,GRAIN,PRICE RECEIVED,$ / BU,"CORN, GRAIN - PRICE RECEIVED, MEASURED IN $ / BU",TOTAL,NOT SPECIFIED,NATIONAL,,99,US,US TOTAL,,,,,,,,0,,,9000,UNITED STATES,US TOTAL,1985,MONTHLY,1,1,JAN,,2012-01-01 00:00:00.000,2.64,
SURVEY,CROPS,FIELD CROPS,CORN,ALL CLASSES,ALL PRODUCTION PRACTICES,GRAIN,PRICE RECEIVED,$ / BU,"CORN, GRAIN - PRICE RECEIVED, MEASURED IN $ / BU",TOTAL,NOT SPECIFIED,NATIONAL,,99,US,US TOTAL,,,,,,,,0,,,9000,UNITED STATES,US TOTAL,1985,MONTHLY,2,2,FEB,,2012-01-01 00:00:00.000,2.62,
SURVEY,CROPS,FIELD CROPS,CORN,ALL CLASSES,ALL PRODUCTION PRACTICES,GRAIN,PRICE RECEIVED,$ / BU,"CORN, GRAIN - PRICE RECEIVED, MEASURED IN $ / BU",TOTAL,NOT SPECIFIED,NATIONAL,,99,US,US TOTAL,,,,,,,,0,,,9000,UNITED STATES,US TOTAL,1985,MONTHLY,3,3,MAR,,2012-01-01 00:00:00.000,2.67,
SURVEY,CROPS,FIELD CROPS,CORN,ALL CLASSES,ALL PRODUCTION PRACTICES,GRAIN,PRICE RECEIVED,$ / BU,"CORN, GRAIN - PRICE RECEIVED, MEASURED IN $ / BU",TOTAL,NOT SPECIFIED,NATIONAL,,99,US,US TOTAL,,,,,,,,0,,,9000,UNITED STATES,US TOTAL,1985,MONTHLY,4,4,APR,,2012-01-01 00:00:00.000,2.7,
SURVEY,CROPS,FIELD CROPS,CORN,ALL CLASSES,ALL PRODUCTION PRACTICES,GRAIN,PRICE RECEIVED,$ / BU,"CORN, GRAIN - PRICE RECEIVED, MEASURED IN $ / BU",TOTAL,NOT SPECIFIED,NATIONAL,,99,US,US TOTAL,,,,,,,,0,,,9000,UNITED STATES,US TOTAL,1985,MONTHLY,5,5,MAY,,2012-01-01 00:00:00.000,2.68,
SURVEY,CROPS,FIELD CROPS,CORN,ALL CLASSES,ALL PRODUCTION PRACTICES,GRAIN,PRICE RECEIVED,$ / BU,"CORN, GRAIN - PRICE RECEIVED, MEASURED IN $ / BU",TOTAL,NOT SPECIFIED,NATIONAL,,99,US,US TOTAL,,,,,,,,0,,,9000,UNITED STATES,US TOTAL,1985,MONTHLY,6,6,JUN,,2012-01-01 00:00:00.000,2.64,
SURVEY,CROPS,FIELD CROPS,CORN,ALL CLASSES,ALL PRODUCTION PRACTICES,GRAIN,PRICE RECEIVED,$ / BU,"CORN, GRAIN - PRICE RECEIVED, MEASURED IN $ / BU",TOTAL,NOT SPECIFIED,NATIONAL,,99,US,US TOTAL,,,,,,,,0,,,9000,UNITED STATES,US TOTAL,1985,MONTHLY,7,7,JUL,,2012-01-01 00:00:00.000,2.6,
SURVEY,CROPS,FIELD CROPS,CORN,ALL CLASSES,ALL PRODUCTION PRACTICES,GRAIN,PRICE RECEIVED,$ / BU,"CORN, GRAIN - PRICE RECEIVED, MEASURED IN $ / BU",TOTAL,NOT SPECIFIED,NATIONAL,,99,US,US TOTAL,,,,,,,,0,,,9000,UNITED STATES,US TOTAL,1985,MONTHLY,8,8,AUG,,2012-01-01 00:00:00.000,2.44,
SURVEY,CROPS,FIELD CROPS,CORN,ALL CLASSES,ALL PRODUCTION PRACTICES,GRAIN,PRICE RECEIVED,$ / BU,"CORN, GRAIN - PRICE RECEIVED, MEASURED IN $ / BU",TOTAL,NOT SPECIFIED,NATIONAL,,99,US,US TOTAL,,,,,,,,0,,,9000,UNITED STATES,US TOTAL,1985,MONTHLY,9,9,SEP,,2012-01-01 00:00:00.000,2.29,
SURVEY,CROPS,FIELD CROPS,CORN,ALL CLASSES,ALL PRODUCTION PRACTICES,GRAIN,PRICE RECEIVED,$ / BU,"CORN, GRAIN - PRICE RECEIVED, MEASURED IN $ / BU",TOTAL,NOT SPECIFIED,NATIONAL,,99,US,US TOTAL,,,,,,,,0,,,9000,UNITED STATES,US TOTAL,1985,MONTHLY,10,10,OCT,,2012-01-01 00:00:00.000,2.11,
SURVEY,CROPS,FIELD CROPS,CORN,ALL CLASSES,ALL PRODUCTION PRACTICES,GRAIN,PRICE RECEIVED,$ / BU,"CORN, GRAIN - PRICE RECEIVED, MEASURED IN $ / BU",TOTAL,NOT SPECIFIED,NATIONAL,,99,US,US TOTAL,,,,,,,,0,,,9000,UNITED STATES,US TOTAL,1985,MONTHLY,11,11,NOV,,2012-01-01 00:00:00.000,2.21,
SURVEY,CROPS,FIELD CROPS,CORN,ALL CLASSES,ALL PRODUCTION PRACTICES,GRAIN,PRICE RECEIVED,$ / BU,"CORN, GRAIN - PRICE RECEIVED, MEASURED IN $ / BU",TOTAL,NOT SPECIFIED,NATIONAL,,99,US,US TOTAL,,,,,,,,0,,,9000,UNITED STATES,US TOTAL,1985,MONTHLY,12,12,DEC,,2012-01-01 00:00:00.000,2.29,
SURVEY,CROPS,FIELD CROPS,CORN,ALL CLASSES,ALL PRODUCTION PRACTICES,GRAIN,PRICE RECEIVED,$ / BU,"CORN, GRAIN - PRICE RECEIVED, MEASURED IN $ / BU",TOTAL,NOT SPECIFIED,NATIONAL,,99,US,US TOTAL,,,,,,,,0,,,9000,UNITED STATES,US TOTAL,1984,ANNUAL,0,0,MARKETING YEAR,,2012-01-01 00:00:00.000,2.63,
SURVEY,CROPS,FIELD CROPS,CORN,ALL CLASSES,ALL PRODUCTION PRACTICES,GRAIN,PRICE RECEIVED,$ / BU,"CORN, GRAIN - PRICE RECEIVED, MEASURED IN $ / BU",TOTAL,NOT SPECIFIED,NATIONAL,,99,US,US TOTAL,,,,,,,,0,,,9000,UNITED STATES,US TOTAL,1984,MONTHLY,1,1,JAN,,2012-01-01 00:00:00.000,3.15,
SURVEY,CROPS,FIELD CROPS,CORN,ALL CLASSES,ALL PRODUCTION PRACTICES,GRAIN,PRICE RECEIVED,$ / BU,"CORN, GRAIN - PRICE RECEIVED, MEASURED IN $ / BU",TOTAL,NOT SPECIFIED,NATIONAL,,99,US,US TOTAL,,,,,,,,0,,,9000,UNITED STATES,US TOTAL,1984,MONTHLY,2,2,FEB,,2012-01-01 00:00:00.000,3.11,
SURVEY,CROPS,FIELD CROPS,CORN,ALL CLASSES,ALL PRODUCTION PRACTICES,GRAIN,PRICE RECEIVED,$ / BU,"CORN, GRAIN - PRICE RECEIVED, MEASURED IN $ / BU",TOTAL,NOT SPECIFIED,NATIONAL,,99,US,US TOTAL,,,,,,,,0,,,9000,UNITED STATES,US TOTAL,1984,MONTHLY,3,3,MAR,,2012-01-01 00:00:00.000,3.21,
SURVEY,CROPS,FIELD CROPS,CORN,ALL CLASSES,ALL PRODUCTION PRACTICES,GRAIN,PRICE RECEIVED,$ / BU,"CORN, GRAIN - PRICE RECEIVED, MEASURED IN $ / BU",TOTAL,NOT SPECIFIED,NATIONAL,,99,US,US TOTAL,,,,,,,,0,,,9000,UNITED STATES,US TOTAL,1984,MONTHLY,4,4,APR,,2012-01-01 00:00:00.000,3.32,
SURVEY,CROPS,FIELD CROPS,CORN,ALL CLASSES,ALL PRODUCTION PRACTICES,GRAIN,PRICE RECEIVED,$ / BU,"CORN, GRAIN - PRICE RECEIVED, MEASURED IN $ / BU",TOTAL,NOT SPECIFIED,NATIONAL,,99,US,US TOTAL,,,,,,,,0,,,9000,UNITED STATES,US TOTAL,1984,MONTHLY,5,5,MAY,,2012-01-01 00:00:00.000,3.34,
SURVEY,CROPS,FIELD CROPS,CORN,ALL CLASSES,ALL PRODUCTION PRACTICES,GRAIN,PRICE RECEIVED,$ / BU,"CORN, GRAIN - PRICE RECEIVED, MEASURED IN $ / BU",TOTAL,NOT SPECIFIED,NATIONAL,,99,US,US TOTAL,,,,,,,,0,,,9000,UNITED STATES,US TOTAL,1984,MONTHLY,6,6,JUN,,2012-01-01 00:00:00.000,3.36,
SURVEY,CROPS,FIELD CROPS,CORN,ALL CLASSES,ALL PRODUCTION PRACTICES,GRAIN,PRICE RECEIVED,$ / BU,"CORN, GRAIN - PRICE RECEIVED, MEASURED IN $ / BU",TOTAL,NOT SPECIFIED,NATIONAL,,99,US,US TOTAL,,,,,,,,0,,,9000,UNITED STATES,US TOTAL,1984,MONTHLY,7,7,JUL,,2012-01-01 00:00:00.000,3.3,
SURVEY,CROPS,FIELD CROPS,CORN,ALL CLASSES,ALL PRODUCTION PRACTICES,GRAIN,PRICE RECEIVED,$ / BU,"CORN, GRAIN - PRICE RECEIVED, MEASURED IN $ / BU",TOTAL,NOT SPECIFIED,NATIONAL,,99,US,US TOTAL,,,,,,,,0,,,9000,UNITED STATES,US TOTAL,1984,MONTHLY,8,8,AUG,,2012-01-01 00:00:00.000,3.12,
SURVEY,CROPS,FIELD CROPS,CORN,ALL CLASSES,ALL PRODUCTION PRACTICES,GRAIN,PRICE RECEIVED,$ / BU,"CORN, GRAIN - PRICE RECEIVED, MEASURED IN $ / BU",TOTAL,NOT SPECIFIED,NATIONAL,,99,US,US TOTAL,,,,,,,,0,,,9000,UNITED STATES,US TOTAL,1984,MONTHLY,9,9,SEP,,2012-01-01 00:00:00.000,2.9,
SURVEY,CROPS,FIELD CROPS,CORN,ALL CLASSES,ALL PRODUCTION PRACTICES,GRAIN,PRICE RECEIVED,$ / BU,"CORN, GRAIN - PRICE RECEIVED, MEASURED IN $ / BU",TOTAL,NOT SPECIFIED,NATIONAL,,99,US,US TOTAL,,,,,,,,0,,,9000,UNITED STATES,US TOTAL,1984,MONTHLY,10,10,OCT,,2012-01-01 00:00:00.000,2.65,
SURVEY,CROPS,FIELD CROPS,CORN,ALL CLASSES,ALL PRODUCTION PRACTICES,GRAIN,PRICE RECEIVED,$ / BU,"CORN, GRAIN - PRICE RECEIVED, MEASURED IN $ / BU",TOTAL,NOT SPECIFIED,NATIONAL,,99,US,US TOTAL,,,,,,,,0,,,9000,UNITED STATES,US TOTAL,1984,MONTHLY,11,11,NOV,,2012-01-01 00:00:00.000,2.55,
SURVEY,CROPS,FIELD CROPS,CORN,ALL CLASSES,ALL PRODUCTION PRACTICES,GRAIN,PRICE RECEIVED,$ / BU,"CORN, GRAIN - PRICE RECEIVED, MEASURED IN $ / BU",TOTAL,NOT SPECIFIED,NATIONAL,,99,US,US TOTAL,,,,,,,,0,,,9000,UNITED STATES,US TOTAL,1984,MONTHLY,12,12,DEC,,2012-01-01 00:00:00.000,2.56,
SURVEY,CROPS,FIELD CROPS,CORN,ALL CLASSES,ALL PRODUCTION PRACTICES,GRAIN,PRICE RECEIVED,$ / BU,"CORN, GRAIN - PRICE RECEIVED, MEASURED IN $ / BU",TOTAL,NOT SPECIFIED,NATIONAL,,99,US,US TOTAL,,,,,,,,0,,,9000,UNITED STATES,US TOTAL,1983,ANNUAL,0,0,MARKETING YEAR,,2012-01-01 00:00:00.000,3.21,
SURVEY,CROPS,FIELD CROPS,CORN,ALL CLASSES,ALL PRODUCTION PRACTICES,GRAIN,PRICE RECEIVED,$ / BU,"CORN, GRAIN - PRICE RECEIVED, MEASURED IN $ / BU",TOTAL,NOT SPECIFIED,NATIONAL,,99,US,US TOTAL,,,,,,,,0,,,9000,UNITED STATES,US TOTAL,1983,MONTHLY,1,1,JAN,,2012-01-01 00:00:00.000,2.36,
SURVEY,CROPS,FIELD CROPS,CORN,ALL CLASSES,ALL PRODUCTION PRACTICES,GRAIN,PRICE RECEIVED,$ / BU,"CORN, GRAIN - PRICE RECEIVED, MEASURED IN $ / BU",TOTAL,NOT SPECIFIED,NATIONAL,,99,US,US TOTAL,,,,,,,,0,,,9000,UNITED STATES,US TOTAL,1983,MONTHLY,2,2,FEB,,2012-01-01 00:00:00.000,2.56,
SURVEY,CROPS,FIELD CROPS,CORN,ALL CLASSES,ALL PRODUCTION PRACTICES,GRAIN,PRICE RECEIVED,$ / BU,"CORN, GRAIN - PRICE RECEIVED, MEASURED IN $ / BU",TOTAL,NOT SPECIFIED,NATIONAL,,99,US,US TOTAL,,,,,,,,0,,,9000,UNITED STATES,US TOTAL,1983,MONTHLY,3,3,MAR,,2012-01-01 00:00:00.000,2.71,
SURVEY,CROPS,FIELD CROPS,CORN,ALL CLASSES,ALL PRODUCTION PRACTICES,GRAIN,PRICE RECEIVED,$ / BU,"CORN, GRAIN - PRICE RECEIVED, MEASURED IN $ / BU",TOTAL,NOT SPECIFIED,NATIONAL,,99,US,US TOTAL,,,,,,,,0,,,9000,UNITED STATES,US TOTAL,1983,MONTHLY,4,4,APR,,2012-01-01 00:00:00.000,2.95,
SURVEY,CROPS,FIELD CROPS,CORN,ALL CLASSES,ALL PRODUCTION PRACTICES,GRAIN,PRICE RECEIVED,$ / BU,"CORN, GRAIN - PRICE RECEIVED, MEASURED IN $ / BU",TOTAL,NOT SPECIFIED,NATIONAL,,99,US,US TOTAL,,,,,,,,0,,,9000,UNITED STATES,US TOTAL,1983,MONTHLY,5,5,MAY,,2012-01-01 00:00:00.000,3.03,
SURVEY,CROPS,FIELD CROPS,CORN,ALL CLASSES,ALL PRODUCTION PRACTICES,GRAIN,PRICE RECEIVED,$ / BU,"CORN, GRAIN - PRICE RECEIVED, MEASURED IN $ / BU",TOTAL,NOT SPECIFIED,NATIONAL,,99,US,US TOTAL,,,,,,,,0,,,9000,UNITED STATES,US TOTAL,1983,MONTHLY,6,6,JUN,,2012-01-01 00:00:00.000,3.04,
SURVEY,CROPS,FIELD CROPS,CORN,ALL CLASSES,ALL PRODUCTION PRACTICES,GRAIN,PRICE RECEIVED,$ / BU,"CORN, GRAIN - PRICE RECEIVED, MEASURED IN $ / BU",TOTAL,NOT SPECIFIED,NATIONAL,,99,US,US TOTAL,,,,,,,,0,,,9000,UNITED STATES,US TOTAL,1983,MONTHLY,7,7,JUL,,2012-01-01 00:00:00.000,3.13,
SURVEY,CROPS,FIELD CROPS,CORN,ALL CLASSES,ALL PRODUCTION PRACTICES,GRAIN,PRICE RECEIVED,$ / BU,"CORN, GRAIN - PRICE RECEIVED, MEASURED IN $ / BU",TOTAL,NOT SPECIFIED,NATIONAL,,99,US,US TOTAL,,,,,,,,0,,,9000,UNITED STATES,US TOTAL,1983,MONTHLY,8,8,AUG,,2012-01-01 00:00:00.000,3.35,
SURVEY,CROPS,FIELD CROPS,CORN,ALL CLASSES,ALL PRODUCTION PRACTICES,GRAIN,PRICE RECEIVED,$ / BU,"CORN, GRAIN - PRICE RECEIVED, MEASURED IN $ / BU",TOTAL,NOT SPECIFIED,NATIONAL,,99,US,US TOTAL,,,,,,,,0,,,9000,UNITED STATES,US TOTAL,1983,MONTHLY,9,9,SEP,,2012-01-01 00:00:00.000,3.32,
SURVEY,CROPS,FIELD CROPS,CORN,ALL CLASSES,ALL PRODUCTION PRACTICES,GRAIN,PRICE RECEIVED,$ / BU,"CORN, GRAIN - PRICE RECEIVED, MEASURED IN $ / BU",TOTAL,NOT SPECIFIED,NATIONAL,,99,US,US TOTAL,,,,,,,,0,,,9000,UNITED STATES,US TOTAL,1983,MONTHLY,10,10,OCT,,2012-01-01 00:00:00.000,3.15,
SURVEY,CROPS,FIELD CROPS,CORN,ALL CLASSES,ALL PRODUCTION PRACTICES,GRAIN,PRICE RECEIVED,$ / BU,"CORN, GRAIN - PRICE RECEIVED, MEASURED IN $ / BU",TOTAL,NOT SPECIFIED,NATIONAL,,99,US,US TOTAL,,,,,,,,0,,,9000,UNITED STATES,US TOTAL,1983,MONTHLY,11,11,NOV,,2012-01-01 00:00:00.000,3.17,
SURVEY,CROPS,FIELD CROPS,CORN,ALL CLASSES,ALL PRODUCTION PRACTICES,GRAIN,PRICE RECEIVED,$ / BU,"CORN, GRAIN - PRICE RECEIVED, MEASURED IN $ / BU",TOTAL,NOT SPECIFIED,NATIONAL,,99,US,US TOTAL,,,,,,,,0,,,9000,UNITED STATES,US TOTAL,1983,MONTHLY,12,12,DEC,,2012-01-01 00:00:00.000,3.15,
SURVEY,CROPS,FIELD CROPS,CORN,ALL CLASSES,ALL PRODUCTION PRACTICES,GRAIN,PRICE RECEIVED,$ / BU,"CORN, GRAIN - PRICE RECEIVED, MEASURED IN $ / BU",TOTAL,NOT SPECIFIED,NATIONAL,,99,US,US TOTAL,,,,,,,,0,,,9000,UNITED STATES,US TOTAL,1982,ANNUAL,0,0,MARKETING YEAR,,2012-01-01 00:00:00.000,2.55,
SURVEY,CROPS,FIELD CROPS,CORN,ALL CLASSES,ALL PRODUCTION PRACTICES,GRAIN,PRICE RECEIVED,$ / BU,"CORN, GRAIN - PRICE RECEIVED, MEASURED IN $ / BU",TOTAL,NOT SPECIFIED,NATIONAL,,99,US,US TOTAL,,,,,,,,0,,,9000,UNITED STATES,US TOTAL,1982,MONTHLY,1,1,JAN,,2012-01-01 00:00:00.000,2.54,
SURVEY,CROPS,FIELD CROPS,CORN,ALL CLASSES,ALL PRODUCTION PRACTICES,GRAIN,PRICE RECEIVED,$ / BU,"CORN, GRAIN - PRICE RECEIVED, MEASURED IN $ / BU",TOTAL,NOT SPECIFIED,NATIONAL,,99,US,US TOTAL,,,,,,,,0,,,9000,UNITED STATES,US TOTAL,1982,MONTHLY,2,2,FEB,,2012-01-01 00:00:00.000,2.44,
SURVEY,CROPS,FIELD CROPS,CORN,ALL CLASSES,ALL PRODUCTION PRACTICES,GRAIN,PRICE RECEIVED,$ / BU,"CORN, GRAIN - PRICE RECEIVED, MEASURED IN $ / BU",TOTAL,NOT SPECIFIED,NATIONAL,,99,US,US TOTAL,,,,,,,,0,,,9000,UNITED STATES,US TOTAL,1982,MONTHLY,3,3,MAR,,2012-01-01 00:00:00.000,2.46,
SURVEY,CROPS,FIELD CROPS,CORN,ALL CLASSES,ALL PRODUCTION PRACTICES,GRAIN,PRICE RECEIVED,$ / BU,"CORN, GRAIN - PRICE RECEIVED, MEASURED IN $ / BU",TOTAL,NOT SPECIFIED,NATIONAL,,99,US,US TOTAL,,,,,,,,0,,,9000,UNITED STATES,US TOTAL,1982,MONTHLY,4,4,APR,,2012-01-01 00:00:00.000,2.55,
SURVEY,CROPS,FIELD CROPS,CORN,ALL CLASSES,ALL PRODUCTION PRACTICES,GRAIN,PRICE RECEIVED,$ / BU,"CORN, GRAIN - PRICE RECEIVED, MEASURED IN $ / BU",TOTAL,NOT SPECIFIED,NATIONAL,,99,US,US TOTAL,,,,,,,,0,,,9000,UNITED STATES,US TOTAL,1982,MONTHLY,5,5,MAY,,2012-01-01 00:00:00.000,2.6,
SURVEY,CROPS,FIELD CROPS,CORN,ALL CLASSES,ALL PRODUCTION PRACTICES,GRAIN,PRICE RECEIVED,$ / BU,"CORN, GRAIN - PRICE RECEIVED, MEASURED IN $ / BU",TOTAL,NOT SPECIFIED,NATIONAL,,99,US,US TOTAL,,,,,,,,0,,,9000,UNITED STATES,US TOTAL,1982,MONTHLY,6,6,JUN,,2012-01-01 00:00:00.000,2.57,
SURVEY,CROPS,FIELD CROPS,CORN,ALL CLASSES,ALL PRODUCTION PRACTICES,GRAIN,PRICE RECEIVED,$ / BU,"CORN, GRAIN - PRICE RECEIVED, MEASURED IN $ / BU",TOTAL,NOT SPECIFIED,NATIONAL,,99,US,US TOTAL,,,,,,,,0,,,9000,UNITED STATES,US TOTAL,1982,MONTHLY,7,7,JUL,,2012-01-01 00:00:00.000,2.5,
SURVEY,CROPS,FIELD CROPS,CORN,ALL CLASSES,ALL PRODUCTION PRACTICES,GRAIN,PRICE RECEIVED,$ / BU,"CORN, GRAIN - PRICE RECEIVED, MEASURED IN $ / BU",TOTAL,NOT SPECIFIED,NATIONAL,,99,US,US TOTAL,,,,,,,,0,,,9000,UNITED STATES,US TOTAL,1982,MONTHLY,8,8,AUG,,2012-01-01 00:00:00.000,2.3,
SURVEY,CROPS,FIELD CROPS,CORN,ALL CLASSES,ALL PRODUCTION PRACTICES,GRAIN,PRICE RECEIVED,$ / BU,"CORN, GRAIN - PRICE RECEIVED, MEASURED IN $ / BU",TOTAL,NOT SPECIFIED,NATIONAL,,99,US,US TOTAL,,,,,,,,0,,,9000,UNITED STATES,US TOTAL,1982,MONTHLY,9,9,SEP,,2012-01-01 00:00:00.000,2.15,
SURVEY,CROPS,FIELD CROPS,CORN,ALL CLASSES,ALL PRODUCTION PRACTICES,GRAIN,PRICE RECEIVED,$ / BU,"CORN, GRAIN - PRICE RECEIVED, MEASURED IN $ / BU",TOTAL,NOT SPECIFIED,NATIONAL,,99,US,US TOTAL,,,,,,,,0,,,9000,UNITED STATES,US TOTAL,1982,MONTHLY,10,10,OCT,,2012-01-01 00:00:00.000,1.98,
SURVEY,CROPS,FIELD CROPS,CORN,ALL CLASSES,ALL PRODUCTION PRACTICES,GRAIN,PRICE RECEIVED,$ / BU,"CORN, GRAIN - PRICE RECEIVED, MEASURED IN $ / BU",TOTAL,NOT SPECIFIED,NATIONAL,,99,US,US TOTAL,,,,,,,,0,,,9000,UNITED STATES,US TOTAL,1982,MONTHLY,11,11,NOV,,2012-01-01 00:00:00.000,2.13,
SURVEY,CROPS,FIELD CROPS,CORN,ALL CLASSES,ALL PRODUCTION PRACTICES,GRAIN,PRICE RECEIVED,$ / BU,"CORN, GRAIN - PRICE RECEIVED, MEASURED IN $ / BU",TOTAL,NOT SPECIFIED,NATIONAL,,99,US,US TOTAL,,,,,,,,0,,,9000,UNITED STATES,US TOTAL,1982,MONTHLY,12,12,DEC,,2012-01-01 00:00:00.000,2.26,
SURVEY,CROPS,FIELD CROPS,CORN,ALL CLASSES,ALL PRODUCTION PRACTICES,GRAIN,PRICE RECEIVED,$ / BU,"CORN, GRAIN - PRICE RECEIVED, MEASURED IN $ / BU",TOTAL,NOT SPECIFIED,NATIONAL,,99,US,US TOTAL,,,,,,,,0,,,9000,UNITED STATES,US TOTAL,1981,ANNUAL,0,0,MARKETING YEAR,,2012-01-01 00:00:00.000,2.5,
SURVEY,CROPS,FIELD CROPS,CORN,ALL CLASSES,ALL PRODUCTION PRACTICES,GRAIN,PRICE RECEIVED,$ / BU,"CORN, GRAIN - PRICE RECEIVED, MEASURED IN $ / BU",TOTAL,NOT SPECIFIED,NATIONAL,,99,US,US TOTAL,,,,,,,,0,,,9000,UNITED STATES,US TOTAL,1981,MONTHLY,1,1,JAN,,2012-01-01 00:00:00.000,3.19,
SURVEY,CROPS,FIELD CROPS,CORN,ALL CLASSES,ALL PRODUCTION PRACTICES,GRAIN,PRICE RECEIVED,$ / BU,"CORN, GRAIN - PRICE RECEIVED, MEASURED IN $ / BU",TOTAL,NOT SPECIFIED,NATIONAL,,99,US,US TOTAL,,,,,,,,0,,,9000,UNITED STATES,US TOTAL,1981,MONTHLY,2,2,FEB,,2012-01-01 00:00:00.000,3.22,
SURVEY,CROPS,FIELD CROPS,CORN,ALL CLASSES,ALL PRODUCTION PRACTICES,GRAIN,PRICE RECEIVED,$ / BU,"CORN, GRAIN - PRICE RECEIVED, MEASURED IN $ / BU",TOTAL,NOT SPECIFIED,NATIONAL,,99,US,US TOTAL,,,,,,,,0,,,9000,UNITED STATES,US TOTAL,1981,MONTHLY,3,3,MAR,,2012-01-01 00:00:00.000,3.25,
SURVEY,CROPS,FIELD CROPS,CORN,ALL CLASSES,ALL PRODUCTION PRACTICES,GRAIN,PRICE RECEIVED,$ / BU,"CORN, GRAIN - PRICE RECEIVED, MEASURED IN $ / BU",TOTAL,NOT SPECIFIED,NATIONAL,,99,US,US TOTAL,,,,,,,,0,,,9000,UNITED STATES,US TOTAL,1981,MONTHLY,4,4,APR,,2012-01-01 00:00:00.000,3.24,
SURVEY,CROPS,FIELD CROPS,CORN,ALL CLASSES,ALL PRODUCTION PRACTICES,GRAIN,PRICE RECEIVED,$ / BU,"CORN, GRAIN - PRICE RECEIVED, MEASURED IN $ / BU",TOTAL,NOT SPECIFIED,NATIONAL,,99,US,US TOTAL,,,,,,,,0,,,9000,UNITED STATES,US TOTAL,1981,MONTHLY,5,5,MAY,,2012-01-01 00:00:00.000,3.24,
SURVEY,CROPS,FIELD CROPS,CORN,ALL CLASSES,ALL PRODUCTION PRACTICES,GRAIN,PRICE RECEIVED,$ / BU,"CORN, GRAIN - PRICE RECEIVED, MEASURED IN $ / BU",TOTAL,NOT SPECIFIED,NATIONAL,,99,US,US TOTAL,,,,,,,,0,,,9000,UNITED STATES,US TOTAL,1981,MONTHLY,6,6,JUN,,2012-01-01 00:00:00.000,3.17,
SURVEY,CROPS,FIELD CROPS,CORN,ALL CLASSES,ALL PRODUCTION PRACTICES,GRAIN,PRICE RECEIVED,$ / BU,"CORN, GRAIN - PRICE RECEIVED, MEASURED IN $ / BU",TOTAL,NOT SPECIFIED,NATIONAL,,99,US,US TOTAL,,,,,,,,0,,,9000,UNITED STATES,US TOTAL,1981,MONTHLY,7,7,JUL,,2012-01-01 00:00:00.000,3.14,
SURVEY,CROPS,FIELD CROPS,CORN,ALL CLASSES,ALL PRODUCTION PRACTICES,GRAIN,PRICE RECEIVED,$ / BU,"CORN, GRAIN - PRICE RECEIVED, MEASURED IN $ / BU",TOTAL,NOT SPECIFIED,NATIONAL,,99,US,US TOTAL,,,,,,,,0,,,9000,UNITED STATES,US TOTAL,1981,MONTHLY,8,8,AUG,,2012-01-01 00:00:00.000,2.87,
SURVEY,CROPS,FIELD CROPS,CORN,ALL CLASSES,ALL PRODUCTION PRACTICES,GRAIN,PRICE RECEIVED,$ / BU,"CORN, GRAIN - PRICE RECEIVED, MEASURED IN $ / BU",TOTAL,NOT SPECIFIED,NATIONAL,,99,US,US TOTAL,,,,,,,,0,,,9000,UNITED STATES,US TOTAL,1981,MONTHLY,9,9,SEP,,2012-01-01 00:00:00.000,2.55,
SURVEY,CROPS,FIELD CROPS,CORN,ALL CLASSES,ALL PRODUCTION PRACTICES,GRAIN,PRICE RECEIVED,$ / BU,"CORN, GRAIN - PRICE RECEIVED, MEASURED IN $ / BU",TOTAL,NOT SPECIFIED,NATIONAL,,99,US,US TOTAL,,,,,,,,0,,,9000,UNITED STATES,US TOTAL,1981,MONTHLY,10,10,OCT,,2012-01-01 00:00:00.000,2.45,
SURVEY,CROPS,FIELD CROPS,CORN,ALL CLASSES,ALL PRODUCTION PRACTICES,GRAIN,PRICE RECEIVED,$ / BU,"CORN, GRAIN - PRICE RECEIVED, MEASURED IN $ / BU",TOTAL,NOT SPECIFIED,NATIONAL,,99,US,US TOTAL,,,,,,,,0,,,9000,UNITED STATES,US TOTAL,1981,MONTHLY,11,11,NOV,,2012-01-01 00:00:00.000,2.34,
SURVEY,CROPS,FIELD CROPS,CORN,ALL CLASSES,ALL PRODUCTION PRACTICES,GRAIN,PRICE RECEIVED,$ / BU,"CORN, GRAIN - PRICE RECEIVED, MEASURED IN $ / BU",TOTAL,NOT SPECIFIED,NATIONAL,,99,US,US TOTAL,,,,,,,,0,,,9000,UNITED STATES,US TOTAL,1981,MONTHLY,12,12,DEC,,2012-01-01 00:00:00.000,2.39,
SURVEY,CROPS,FIELD CROPS,CORN,ALL CLASSES,ALL PRODUCTION PRACTICES,GRAIN,PRICE RECEIVED,$ / BU,"CORN, GRAIN - PRICE RECEIVED, MEASURED IN $ / BU",TOTAL,NOT SPECIFIED,NATIONAL,,99,US,US TOTAL,,,,,,,,0,,,9000,UNITED STATES,US TOTAL,1980,ANNUAL,0,0,MARKETING YEAR,,2012-01-01 00:00:00.000,3.11,
SURVEY,CROPS,FIELD CROPS,CORN,ALL CLASSES,ALL PRODUCTION PRACTICES,GRAIN,PRICE RECEIVED,$ / BU,"CORN, GRAIN - PRICE RECEIVED, MEASURED IN $ / BU",TOTAL,NOT SPECIFIED,NATIONAL,,99,US,US TOTAL,,,,,,,,0,,,9000,UNITED STATES,US TOTAL,1980,MONTHLY,1,1,JAN,,2012-01-01 00:00:00.000,2.45,
SURVEY,CROPS,FIELD CROPS,CORN,ALL CLASSES,ALL PRODUCTION PRACTICES,GRAIN,PRICE RECEIVED,$ / BU,"CORN, GRAIN - PRICE RECEIVED, MEASURED IN $ / BU",TOTAL,NOT SPECIFIED,NATIONAL,,99,US,US TOTAL,,,,,,,,0,,,9000,UNITED STATES,US TOTAL,1980,MONTHLY,2,2,FEB,,2012-01-01 00:00:00.000,2.39,
SURVEY,CROPS,FIELD CROPS,CORN,ALL CLASSES,ALL PRODUCTION PRACTICES,GRAIN,PRICE RECEIVED,$ / BU,"CORN, GRAIN - PRICE RECEIVED, MEASURED IN $ / BU",TOTAL,NOT SPECIFIED,NATIONAL,,99,US,US TOTAL,,,,,,,,0,,,9000,UNITED STATES,US TOTAL,1980,MONTHLY,3,3,MAR,,2012-01-01 00:00:00.000,2.4,
SURVEY,CROPS,FIELD CROPS,CORN,ALL CLASSES,ALL PRODUCTION PRACTICES,GRAIN,PRICE RECEIVED,$ / BU,"CORN, GRAIN - PRICE RECEIVED, MEASURED IN $ / BU",TOTAL,NOT SPECIFIED,NATIONAL,,99,US,US TOTAL,,,,,,,,0,,,9000,UNITED STATES,US TOTAL,1980,MONTHLY,4,4,APR,,2012-01-01 00:00:00.000,2.36,
SURVEY,CROPS,FIELD CROPS,CORN,ALL CLASSES,ALL PRODUCTION PRACTICES,GRAIN,PRICE RECEIVED,$ / BU,"CORN, GRAIN - PRICE RECEIVED, MEASURED IN $ / BU",TOTAL,NOT SPECIFIED,NATIONAL,,99,US,US TOTAL,,,,,,,,0,,,9000,UNITED STATES,US TOTAL,1980,MONTHLY,5,5,MAY,,2012-01-01 00:00:00.000,2.42,
SURVEY,CROPS,FIELD CROPS,CORN,ALL CLASSES,ALL PRODUCTION PRACTICES,GRAIN,PRICE RECEIVED,$ / BU,"CORN, GRAIN - PRICE RECEIVED, MEASURED IN $ / BU",TOTAL,NOT SPECIFIED,NATIONAL,,99,US,US TOTAL,,,,,,,,0,,,9000,UNITED STATES,US TOTAL,1980,MONTHLY,6,6,JUN,,2012-01-01 00:00:00.000,2.49,
SURVEY,CROPS,FIELD CROPS,CORN,ALL CLASSES,ALL PRODUCTION PRACTICES,GRAIN,PRICE RECEIVED,$ / BU,"CORN, GRAIN - PRICE RECEIVED, MEASURED IN $ / BU",TOTAL,NOT SPECIFIED,NATIONAL,,99,US,US TOTAL,,,,,,,,0,,,9000,UNITED STATES,US TOTAL,1980,MONTHLY,7,7,JUL,,2012-01-01 00:00:00.000,2.73,
SURVEY,CROPS,FIELD CROPS,CORN,ALL CLASSES,ALL PRODUCTION PRACTICES,GRAIN,PRICE RECEIVED,$ / BU,"CORN, GRAIN - PRICE RECEIVED, MEASURED IN $ / BU",TOTAL,NOT SPECIFIED,NATIONAL,,99,US,US TOTAL,,,,,,,,0,,,9000,UNITED STATES,US TOTAL,1980,MONTHLY,8,8,AUG,,2012-01-01 00:00:00.000,2.92,
SURVEY,CROPS,FIELD CROPS,CORN,ALL CLASSES,ALL PRODUCTION PRACTICES,GRAIN,PRICE RECEIVED,$ / BU,"CORN, GRAIN - PRICE RECEIVED, MEASURED IN $ / BU",TOTAL,NOT SPECIFIED,NATIONAL,,99,US,US TOTAL,,,,,,,,0,,,9000,UNITED STATES,US TOTAL,1980,MONTHLY,9,9,SEP,,2012-01-01 00:00:00.000,3.01,
SURVEY,CROPS,FIELD CROPS,CORN,ALL CLASSES,ALL PRODUCTION PRACTICES,GRAIN,PRICE RECEIVED,$ / BU,"CORN, GRAIN - PRICE RECEIVED, MEASURED IN $ / BU",TOTAL,NOT SPECIFIED,NATIONAL,,99,US,US TOTAL,,,,,,,,0,,,9000,UNITED STATES,US TOTAL,1980,MONTHLY,10,10,OCT,,2012-01-01 00:00:00.000,2.99,
SURVEY,CROPS,FIELD CROPS,CORN,ALL CLASSES,ALL PRODUCTION PRACTICES,GRAIN,PRICE RECEIVED,$ / BU,"CORN, GRAIN - PRICE RECEIVED, MEASURED IN $ / BU",TOTAL,NOT SPECIFIED,NATIONAL,,99,US,US TOTAL,,,,,,,,0,,,9000,UNITED STATES,US TOTAL,1980,MONTHLY,11,11,NOV,,2012-01-01 00:00:00.000,3.1,
SURVEY,CROPS,FIELD CROPS,CORN,ALL CLASSES,ALL PRODUCTION PRACTICES,GRAIN,PRICE RECEIVED,$ / BU,"CORN, GRAIN - PRICE RECEIVED, MEASURED IN $ / BU",TOTAL,NOT SPECIFIED,NATIONAL,,99,US,US TOTAL,,,,,,,,0,,,9000,UNITED STATES,US TOTAL,1980,MONTHLY,12,12,DEC,,2012-01-01 00:00:00.000,3.19,
SURVEY,CROPS,FIELD CROPS,CORN,ALL CLASSES,ALL PRODUCTION PRACTICES,GRAIN,PRICE RECEIVED,$ / BU,"CORN, GRAIN - PRICE RECEIVED, MEASURED IN $ / BU",TOTAL,NOT SPECIFIED,NATIONAL,,99,US,US TOTAL,,,,,,,,0,,,9000,UNITED STATES,US TOTAL,1979,ANNUAL,0,0,MARKETING YEAR,,2012-01-01 00:00:00.000,2.52,
SURVEY,CROPS,FIELD CROPS,CORN,ALL CLASSES,ALL PRODUCTION PRACTICES,GRAIN,PRICE RECEIVED,$ / BU,"CORN, GRAIN - PRICE RECEIVED, MEASURED IN $ / BU",TOTAL,NOT SPECIFIED,NATIONAL,,99,US,US TOTAL,,,,,,,,0,,,9000,UNITED STATES,US TOTAL,1979,MONTHLY,1,1,JAN,,2012-01-01 00:00:00.000,2.11,
SURVEY,CROPS,FIELD CROPS,CORN,ALL CLASSES,ALL PRODUCTION PRACTICES,GRAIN,PRICE RECEIVED,$ / BU,"CORN, GRAIN - PRICE RECEIVED, MEASURED IN $ / BU",TOTAL,NOT SPECIFIED,NATIONAL,,99,US,US TOTAL,,,,,,,,0,,,9000,UNITED STATES,US TOTAL,1979,MONTHLY,2,2,FEB,,2012-01-01 00:00:00.000,2.18,
SURVEY,CROPS,FIELD CROPS,CORN,ALL CLASSES,ALL PRODUCTION PRACTICES,GRAIN,PRICE RECEIVED,$ / BU,"CORN, GRAIN - PRICE RECEIVED, MEASURED IN $ / BU",TOTAL,NOT SPECIFIED,NATIONAL,,99,US,US TOTAL,,,,,,,,0,,,9000,UNITED STATES,US TOTAL,1979,MONTHLY,3,3,MAR,,2012-01-01 00:00:00.000,2.22,
SURVEY,CROPS,FIELD CROPS,CORN,ALL CLASSES,ALL PRODUCTION PRACTICES,GRAIN,PRICE RECEIVED,$ / BU,"CORN, GRAIN - PRICE RECEIVED, MEASURED IN $ / BU",TOTAL,NOT SPECIFIED,NATIONAL,,99,US,US TOTAL,,,,,,,,0,,,9000,UNITED STATES,US TOTAL,1979,MONTHLY,4,4,APR,,2012-01-01 00:00:00.000,2.27,
SURVEY,CROPS,FIELD CROPS,CORN,ALL CLASSES,ALL PRODUCTION PRACTICES,GRAIN,PRICE RECEIVED,$ / BU,"CORN, GRAIN - PRICE RECEIVED, MEASURED IN $ / BU",TOTAL,NOT SPECIFIED,NATIONAL,,99,US,US TOTAL,,,,,,,,0,,,9000,UNITED STATES,US TOTAL,1979,MONTHLY,5,5,MAY,,2012-01-01 00:00:00.000,2.35,
SURVEY,CROPS,FIELD CROPS,CORN,ALL CLASSES,ALL PRODUCTION PRACTICES,GRAIN,PRICE RECEIVED,$ / BU,"CORN, GRAIN - PRICE RECEIVED, MEASURED IN $ / BU",TOTAL,NOT SPECIFIED,NATIONAL,,99,US,US TOTAL,,,,,,,,0,,,9000,UNITED STATES,US TOTAL,1979,MONTHLY,6,6,JUN,,2012-01-01 00:00:00.000,2.49,
SURVEY,CROPS,FIELD CROPS,CORN,ALL CLASSES,ALL PRODUCTION PRACTICES,GRAIN,PRICE RECEIVED,$ / BU,"CORN, GRAIN - PRICE RECEIVED, MEASURED IN $ / BU",TOTAL,NOT SPECIFIED,NATIONAL,,99,US,US TOTAL,,,,,,,,0,,,9000,UNITED STATES,US TOTAL,1979,MONTHLY,7,7,JUL,,2012-01-01 00:00:00.000,2.64,
SURVEY,CROPS,FIELD CROPS,CORN,ALL CLASSES,ALL PRODUCTION PRACTICES,GRAIN,PRICE RECEIVED,$ / BU,"CORN, GRAIN - PRICE RECEIVED, MEASURED IN $ / BU",TOTAL,NOT SPECIFIED,NATIONAL,,99,US,US TOTAL,,,,,,,,0,,,9000,UNITED STATES,US TOTAL,1979,MONTHLY,8,8,AUG,,2012-01-01 00:00:00.000,2.54,
SURVEY,CROPS,FIELD CROPS,CORN,ALL CLASSES,ALL PRODUCTION PRACTICES,GRAIN,PRICE RECEIVED,$ / BU,"CORN, GRAIN - PRICE RECEIVED, MEASURED IN $ / BU",TOTAL,NOT SPECIFIED,NATIONAL,,99,US,US TOTAL,,,,,,,,0,,,9000,UNITED STATES,US TOTAL,1979,MONTHLY,9,9,SEP,,2012-01-01 00:00:00.000,2.51,
SURVEY,CROPS,FIELD CROPS,CORN,ALL CLASSES,ALL PRODUCTION PRACTICES,GRAIN,PRICE RECEIVED,$ / BU,"CORN, GRAIN - PRICE RECEIVED, MEASURED IN $ / BU",TOTAL,NOT SPECIFIED,NATIONAL,,99,US,US TOTAL,,,,,,,,0,,,9000,UNITED STATES,US TOTAL,1979,MONTHLY,10,10,OCT,,2012-01-01 00:00:00.000,2.41,
SURVEY,CROPS,FIELD CROPS,CORN,ALL CLASSES,ALL PRODUCTION PRACTICES,GRAIN,PRICE RECEIVED,$ / BU,"CORN, GRAIN - PRICE RECEIVED, MEASURED IN $ / BU",TOTAL,NOT SPECIFIED,NATIONAL,,99,US,US TOTAL,,,,,,,,0,,,9000,UNITED STATES,US TOTAL,1979,MONTHLY,11,11,NOV,,2012-01-01 00:00:00.000,2.27,
SURVEY,CROPS,FIELD CROPS,CORN,ALL CLASSES,ALL PRODUCTION PRACTICES,GRAIN,PRICE RECEIVED,$ / BU,"CORN, GRAIN - PRICE RECEIVED, MEASURED IN $ / BU",TOTAL,NOT SPECIFIED,NATIONAL,,99,US,US TOTAL,,,,,,,,0,,,9000,UNITED STATES,US TOTAL,1979,MONTHLY,12,12,DEC,,2012-01-01 00:00:00.000,2.38,
SURVEY,CROPS,FIELD CROPS,CORN,ALL CLASSES,ALL PRODUCTION PRACTICES,GRAIN,PRICE RECEIVED,$ / BU,"CORN, GRAIN - PRICE RECEIVED, MEASURED IN $ / BU",TOTAL,NOT SPECIFIED,NATIONAL,,99,US,US TOTAL,,,,,,,,0,,,9000,UNITED STATES,US TOTAL,1978,ANNUAL,0,0,MARKETING YEAR,,2012-01-01 00:00:00.000,2.25,
SURVEY,CROPS,FIELD CROPS,CORN,ALL CLASSES,ALL PRODUCTION PRACTICES,GRAIN,PRICE RECEIVED,$ / BU,"CORN, GRAIN - PRICE RECEIVED, MEASURED IN $ / BU",TOTAL,NOT SPECIFIED,NATIONAL,,99,US,US TOTAL,,,,,,,,0,,,9000,UNITED STATES,US TOTAL,1978,MONTHLY,1,1,JAN,,2012-01-01 00:00:00.000,2.0,
SURVEY,CROPS,FIELD CROPS,CORN,ALL CLASSES,ALL PRODUCTION PRACTICES,GRAIN,PRICE RECEIVED,$ / BU,"CORN, GRAIN - PRICE RECEIVED, MEASURED IN $ / BU",TOTAL,NOT SPECIFIED,NATIONAL,,99,US,US TOTAL,,,,,,,,0,,,9000,UNITED STATES,US TOTAL,1978,MONTHLY,2,2,FEB,,2012-01-01 00:00:00.000,2.03,
SURVEY,CROPS,FIELD CROPS,CORN,ALL CLASSES,ALL PRODUCTION PRACTICES,GRAIN,PRICE RECEIVED,$ / BU,"CORN, GRAIN - PRICE RECEIVED, MEASURED IN $ / BU",TOTAL,NOT SPECIFIED,NATIONAL,,99,US,US TOTAL,,,,,,,,0,,,9000,UNITED STATES,US TOTAL,1978,MONTHLY,3,3,MAR,,2012-01-01 00:00:00.000,2.15,
SURVEY,CROPS,FIELD CROPS,CORN,ALL CLASSES,ALL PRODUCTION PRACTICES,GRAIN,PRICE RECEIVED,$ / BU,"CORN, GRAIN - PRICE RECEIVED, MEASURED IN $ / BU",TOTAL,NOT SPECIFIED,NATIONAL,,99,US,US TOTAL,,,,,,,,0,,,9000,UNITED STATES,US TOTAL,1978,MONTHLY,4,4,APR,,2012-01-01 00:00:00.000,2.24,
SURVEY,CROPS,FIELD CROPS,CORN,ALL CLASSES,ALL PRODUCTION PRACTICES,GRAIN,PRICE RECEIVED,$ / BU,"CORN, GRAIN - PRICE RECEIVED, MEASURED IN $ / BU",TOTAL,NOT SPECIFIED,NATIONAL,,99,US,US TOTAL,,,,,,,,0,,,9000,UNITED STATES,US TOTAL,1978,MONTHLY,5,5,MAY,,2012-01-01 00:00:00.000,2.29,
SURVEY,CROPS,FIELD CROPS,CORN,ALL CLASSES,ALL PRODUCTION PRACTICES,GRAIN,PRICE RECEIVED,$ / BU,"CORN, GRAIN - PRICE RECEIVED, MEASURED IN $ / BU",TOTAL,NOT SPECIFIED,NATIONAL,,99,US,US TOTAL,,,,,,,,0,,,9000,UNITED STATES,US TOTAL,1978,MONTHLY,6,6,JUN,,2012-01-01 00:00:00.000,2.28,
SURVEY,CROPS,FIELD CROPS,CORN,ALL CLASSES,ALL PRODUCTION PRACTICES,GRAIN,PRICE RECEIVED,$ / BU,"CORN, GRAIN - PRICE RECEIVED, MEASURED IN $ / BU",TOTAL,NOT SPECIFIED,NATIONAL,,99,US,US TOTAL,,,,,,,,0,,,9000,UNITED STATES,US TOTAL,1978,MONTHLY,7,7,JUL,,2012-01-01 00:00:00.000,2.16,
SURVEY,CROPS,FIELD CROPS,CORN,ALL CLASSES,ALL PRODUCTION PRACTICES,GRAIN,PRICE RECEIVED,$ / BU,"CORN, GRAIN - PRICE RECEIVED, MEASURED IN $ / BU",TOTAL,NOT SPECIFIED,NATIONAL,,99,US,US TOTAL,,,,,,,,0,,,9000,UNITED STATES,US TOTAL,1978,MONTHLY,8,8,AUG,,2012-01-01 00:00:00.000,2.01,
SURVEY,CROPS,FIELD CROPS,CORN,ALL CLASSES,ALL PRODUCTION PRACTICES,GRAIN,PRICE RECEIVED,$ / BU,"CORN, GRAIN - PRICE RECEIVED, MEASURED IN $ / BU",TOTAL,NOT SPECIFIED,NATIONAL,,99,US,US TOTAL,,,,,,,,0,,,9000,UNITED STATES,US TOTAL,1978,MONTHLY,9,9,SEP,,2012-01-01 00:00:00.000,1.98,
SURVEY,CROPS,FIELD CROPS,CORN,ALL CLASSES,ALL PRODUCTION PRACTICES,GRAIN,PRICE RECEIVED,$ / BU,"CORN, GRAIN - PRICE RECEIVED, MEASURED IN $ / BU",TOTAL,NOT SPECIFIED,NATIONAL,,99,US,US TOTAL,,,,,,,,0,,,9000,UNITED STATES,US TOTAL,1978,MONTHLY,10,10,OCT,,2012-01-01 00:00:00.000,1.97,
SURVEY,CROPS,FIELD CROPS,CORN,ALL CLASSES,ALL PRODUCTION PRACTICES,GRAIN,PRICE RECEIVED,$ / BU,"CORN, GRAIN - PRICE RECEIVED, MEASURED IN $ / BU",TOTAL,NOT SPECIFIED,NATIONAL,,99,US,US TOTAL,,,,,,,,0,,,9000,UNITED STATES,US TOTAL,1978,MONTHLY,11,11,NOV,,2012-01-01 00:00:00.000,2.02,
SURVEY,CROPS,FIELD CROPS,CORN,ALL CLASSES,ALL PRODUCTION PRACTICES,GRAIN,PRICE RECEIVED,$ / BU,"CORN, GRAIN - PRICE RECEIVED, MEASURED IN $ / BU",TOTAL,NOT SPECIFIED,NATIONAL,,99,US,US TOTAL,,,,,,,,0,,,9000,UNITED STATES,US TOTAL,1978,MONTHLY,12,12,DEC,,2012-01-01 00:00:00.000,2.09,
SURVEY,CROPS,FIELD CROPS,CORN,ALL CLASSES,ALL PRODUCTION PRACTICES,GRAIN,PRICE RECEIVED,$ / BU,"CORN, GRAIN - PRICE RECEIVED, MEASURED IN $ / BU",TOTAL,NOT SPECIFIED,NATIONAL,,99,US,US TOTAL,,,,,,,,0,,,9000,UNITED STATES,US TOTAL,1977,ANNUAL,0,0,MARKETING YEAR,,2012-01-01 00:00:00.000,2.02,
SURVEY,CROPS,FIELD CROPS,CORN,ALL CLASSES,ALL PRODUCTION PRACTICES,GRAIN,PRICE RECEIVED,$ / BU,"CORN, GRAIN - PRICE RECEIVED, MEASURED IN $ / BU",TOTAL,NOT SPECIFIED,NATIONAL,,99,US,US TOTAL,,,,,,,,0,,,9000,UNITED STATES,US TOTAL,1977,MONTHLY,1,1,JAN,,2012-01-01 00:00:00.000,2.34,
SURVEY,CROPS,FIELD CROPS,CORN,ALL CLASSES,ALL PRODUCTION PRACTICES,GRAIN,PRICE RECEIVED,$ / BU,"CORN, GRAIN - PRICE RECEIVED, MEASURED IN $ / BU",TOTAL,NOT SPECIFIED,NATIONAL,,99,US,US TOTAL,,,,,,,,0,,,9000,UNITED STATES,US TOTAL,1977,MONTHLY,2,2,FEB,,2012-01-01 00:00:00.000,2.34,
SURVEY,CROPS,FIELD CROPS,CORN,ALL CLASSES,ALL PRODUCTION PRACTICES,GRAIN,PRICE RECEIVED,$ / BU,"CORN, GRAIN - PRICE RECEIVED, MEASURED IN $ / BU",TOTAL,NOT SPECIFIED,NATIONAL,,99,US,US TOTAL,,,,,,,,0,,,9000,UNITED STATES,US TOTAL,1977,MONTHLY,3,3,MAR,,2012-01-01 00:00:00.000,2.35,
SURVEY,CROPS,FIELD CROPS,CORN,ALL CLASSES,ALL PRODUCTION PRACTICES,GRAIN,PRICE RECEIVED,$ / BU,"CORN, GRAIN - PRICE RECEIVED, MEASURED IN $ / BU",TOTAL,NOT SPECIFIED,NATIONAL,,99,US,US TOTAL,,,,,,,,0,,,9000,UNITED STATES,US TOTAL,1977,MONTHLY,4,4,APR,,2012-01-01 00:00:00.000,2.31,
SURVEY,CROPS,FIELD CROPS,CORN,ALL CLASSES,ALL PRODUCTION PRACTICES,GRAIN,PRICE RECEIVED,$ / BU,"CORN, GRAIN - PRICE RECEIVED, MEASURED IN $ / BU",TOTAL,NOT SPECIFIED,NATIONAL,,99,US,US TOTAL,,,,,,,,0,,,9000,UNITED STATES,US TOTAL,1977,MONTHLY,5,5,MAY,,2012-01-01 00:00:00.000,2.25,
SURVEY,CROPS,FIELD CROPS,CORN,ALL CLASSES,ALL PRODUCTION PRACTICES,GRAIN,PRICE RECEIVED,$ / BU,"CORN, GRAIN - PRICE RECEIVED, MEASURED IN $ / BU",TOTAL,NOT SPECIFIED,NATIONAL,,99,US,US TOTAL,,,,,,,,0,,,9000,UNITED STATES,US TOTAL,1977,MONTHLY,6,6,JUN,,2012-01-01 00:00:00.000,2.12,
SURVEY,CROPS,FIELD CROPS,CORN,ALL CLASSES,ALL PRODUCTION PRACTICES,GRAIN,PRICE RECEIVED,$ / BU,"CORN, GRAIN - PRICE RECEIVED, MEASURED IN $ / BU",TOTAL,NOT SPECIFIED,NATIONAL,,99,US,US TOTAL,,,,,,,,0,,,9000,UNITED STATES,US TOTAL,1977,MONTHLY,7,7,JUL,,2012-01-01 00:00:00.000,1.88,
SURVEY,CROPS,FIELD CROPS,CORN,ALL CLASSES,ALL PRODUCTION PRACTICES,GRAIN,PRICE RECEIVED,$ / BU,"CORN, GRAIN - PRICE RECEIVED, MEASURED IN $ / BU",TOTAL,NOT SPECIFIED,NATIONAL,,99,US,US TOTAL,,,,,,,,0,,,9000,UNITED STATES,US TOTAL,1977,MONTHLY,8,8,AUG,,2012-01-01 00:00:00.000,1.63,
SURVEY,CROPS,FIELD CROPS,CORN,ALL CLASSES,ALL PRODUCTION PRACTICES,GRAIN,PRICE RECEIVED,$ / BU,"CORN, GRAIN - PRICE RECEIVED, MEASURED IN $ / BU",TOTAL,NOT SPECIFIED,NATIONAL,,99,US,US TOTAL,,,,,,,,0,,,9000,UNITED STATES,US TOTAL,1977,MONTHLY,9,9,SEP,,2012-01-01 00:00:00.000,1.6,
SURVEY,CROPS,FIELD CROPS,CORN,ALL CLASSES,ALL PRODUCTION PRACTICES,GRAIN,PRICE RECEIVED,$ / BU,"CORN, GRAIN - PRICE RECEIVED, MEASURED IN $ / BU",TOTAL,NOT SPECIFIED,NATIONAL,,99,US,US TOTAL,,,,,,,,0,,,9000,UNITED STATES,US TOTAL,1977,MONTHLY,10,10,OCT,,2012-01-01 00:00:00.000,1.67,
SURVEY,CROPS,FIELD CROPS,CORN,ALL CLASSES,ALL PRODUCTION PRACTICES,GRAIN,PRICE RECEIVED,$ / BU,"CORN, GRAIN - PRICE RECEIVED, MEASURED IN $ / BU",TOTAL,NOT SPECIFIED,NATIONAL,,99,US,US TOTAL,,,,,,,,0,,,9000,UNITED STATES,US TOTAL,1977,MONTHLY,11,11,NOV,,2012-01-01 00:00:00.000,1.88,
SURVEY,CROPS,FIELD CROPS,CORN,ALL CLASSES,ALL PRODUCTION PRACTICES,GRAIN,PRICE RECEIVED,$ / BU,"CORN, GRAIN - PRICE RECEIVED, MEASURED IN $ / BU",TOTAL,NOT SPECIFIED,NATIONAL,,99,US,US TOTAL,,,,,,,,0,,,9000,UNITED STATES,US TOTAL,1977,MONTHLY,12,12,DEC,,2012-01-01 00:00:00.000,1.97,
SURVEY,CROPS,FIELD CROPS,CORN,ALL CLASSES,ALL PRODUCTION PRACTICES,GRAIN,PRICE RECEIVED,$ / BU,"CORN, GRAIN - PRICE RECEIVED, MEASURED IN $ / BU",TOTAL,NOT SPECIFIED,NATIONAL,,99,US,US TOTAL,,,,,,,,0,,,9000,UNITED STATES,US TOTAL,1976,ANNUAL,0,0,MARKETING YEAR,,2012-01-01 00:00:00.000,2.15,
SURVEY,CROPS,FIELD CROPS,CORN,ALL CLASSES,ALL PRODUCTION PRACTICES,GRAIN,PRICE RECEIVED,$ / BU,"CORN, GRAIN - PRICE RECEIVED, MEASURED IN $ / BU",TOTAL,NOT SPECIFIED,NATIONAL,,99,US,US TOTAL,,,,,,,,0,,,9000,UNITED STATES,US TOTAL,1976,MONTHLY,1,1,JAN,,2012-01-01 00:00:00.000,2.44,
SURVEY,CROPS,FIELD CROPS,CORN,ALL CLASSES,ALL PRODUCTION PRACTICES,GRAIN,PRICE RECEIVED,$ / BU,"CORN, GRAIN - PRICE RECEIVED, MEASURED IN $ / BU",TOTAL,NOT SPECIFIED,NATIONAL,,99,US,US TOTAL,,,,,,,,0,,,9000,UNITED STATES,US TOTAL,1976,MONTHLY,2,2,FEB,,2012-01-01 00:00:00.000,2.48,
SURVEY,CROPS,FIELD CROPS,CORN,ALL CLASSES,ALL PRODUCTION PRACTICES,GRAIN,PRICE RECEIVED,$ / BU,"CORN, GRAIN - PRICE RECEIVED, MEASURED IN $ / BU",TOTAL,NOT SPECIFIED,NATIONAL,,99,US,US TOTAL,,,,,,,,0,,,9000,UNITED STATES,US TOTAL,1976,MONTHLY,3,3,MAR,,2012-01-01 00:00:00.000,2.5,
SURVEY,CROPS,FIELD CROPS,CORN,ALL CLASSES,ALL PRODUCTION PRACTICES,GRAIN,PRICE RECEIVED,$ / BU,"CORN, GRAIN - PRICE RECEIVED, MEASURED IN $ / BU",TOTAL,NOT SPECIFIED,NATIONAL,,99,US,US TOTAL,,,,,,,,0,,,9000,UNITED STATES,US TOTAL,1976,MONTHLY,4,4,APR,,2012-01-01 00:00:00.000,2.46,
SURVEY,CROPS,FIELD CROPS,CORN,ALL CLASSES,ALL PRODUCTION PRACTICES,GRAIN,PRICE RECEIVED,$ / BU,"CORN, GRAIN - PRICE RECEIVED, MEASURED IN $ / BU",TOTAL,NOT SPECIFIED,NATIONAL,,99,US,US TOTAL,,,,,,,,0,,,9000,UNITED STATES,US TOTAL,1976,MONTHLY,5,5,MAY,,2012-01-01 00:00:00.000,2.61,
SURVEY,CROPS,FIELD CROPS,CORN,ALL CLASSES,ALL PRODUCTION PRACTICES,GRAIN,PRICE RECEIVED,$ / BU,"CORN, GRAIN - PRICE RECEIVED, MEASURED IN $ / BU",TOTAL,NOT SPECIFIED,NATIONAL,,99,US,US TOTAL,,,,,,,,0,,,9000,UNITED STATES,US TOTAL,1976,MONTHLY,6,6,JUN,,2012-01-01 00:00:00.000,2.74,
SURVEY,CROPS,FIELD CROPS,CORN,ALL CLASSES,ALL PRODUCTION PRACTICES,GRAIN,PRICE RECEIVED,$ / BU,"CORN, GRAIN - PRICE RECEIVED, MEASURED IN $ / BU",TOTAL,NOT SPECIFIED,NATIONAL,,99,US,US TOTAL,,,,,,,,0,,,9000,UNITED STATES,US TOTAL,1976,MONTHLY,7,7,JUL,,2012-01-01 00:00:00.000,2.82,
SURVEY,CROPS,FIELD CROPS,CORN,ALL CLASSES,ALL PRODUCTION PRACTICES,GRAIN,PRICE RECEIVED,$ / BU,"CORN, GRAIN - PRICE RECEIVED, MEASURED IN $ / BU",TOTAL,NOT SPECIFIED,NATIONAL,,99,US,US TOTAL,,,,,,,,0,,,9000,UNITED STATES,US TOTAL,1976,MONTHLY,8,8,AUG,,2012-01-01 00:00:00.000,2.64,
SURVEY,CROPS,FIELD CROPS,CORN,ALL CLASSES,ALL PRODUCTION PRACTICES,GRAIN,PRICE RECEIVED,$ / BU,"CORN, GRAIN - PRICE RECEIVED, MEASURED IN $ / BU",TOTAL,NOT SPECIFIED,NATIONAL,,99,US,US TOTAL,,,,,,,,0,,,9000,UNITED STATES,US TOTAL,1976,MONTHLY,9,9,SEP,,2012-01-01 00:00:00.000,2.6,
SURVEY,CROPS,FIELD CROPS,CORN,ALL CLASSES,ALL PRODUCTION PRACTICES,GRAIN,PRICE RECEIVED,$ / BU,"CORN, GRAIN - PRICE RECEIVED, MEASURED IN $ / BU",TOTAL,NOT SPECIFIED,NATIONAL,,99,US,US TOTAL,,,,,,,,0,,,9000,UNITED STATES,US TOTAL,1976,MONTHLY,10,10,OCT,,2012-01-01 00:00:00.000,2.33,
SURVEY,CROPS,FIELD CROPS,CORN,ALL CLASSES,ALL PRODUCTION PRACTICES,GRAIN,PRICE RECEIVED,$ / BU,"CORN, GRAIN - PRICE RECEIVED, MEASURED IN $ / BU",TOTAL,NOT SPECIFIED,NATIONAL,,99,US,US TOTAL,,,,,,,,0,,,9000,UNITED STATES,US TOTAL,1976,MONTHLY,11,11,NOV,,2012-01-01 00:00:00.000,2.02,
SURVEY,CROPS,FIELD CROPS,CORN,ALL CLASSES,ALL PRODUCTION PRACTICES,GRAIN,PRICE RECEIVED,$ / BU,"CORN, GRAIN - PRICE RECEIVED, MEASURED IN $ / BU",TOTAL,NOT SPECIFIED,NATIONAL,,99,US,US TOTAL,,,,,,,,0,,,9000,UNITED STATES,US TOTAL,1976,MONTHLY,12,12,DEC,,2012-01-01 00:00:00.000,2.24,
SURVEY,CROPS,FIELD CROPS,CORN,ALL CLASSES,ALL PRODUCTION PRACTICES,GRAIN,PRICE RECEIVED,$ / BU,"CORN, GRAIN - PRICE RECEIVED, MEASURED IN $ / BU",TOTAL,NOT SPECIFIED,NATIONAL,,99,US,US TOTAL,,,,,,,,0,,,9000,UNITED STATES,US TOTAL,1975,ANNUAL,0,0,MARKETING YEAR,,2012-01-01 00:00:00.000,2.54,
SURVEY,CROPS,FIELD CROPS,CORN,ALL CLASSES,ALL PRODUCTION PRACTICES,GRAIN,PRICE RECEIVED,$ / BU,"CORN, GRAIN - PRICE RECEIVED, MEASURED IN $ / BU",TOTAL,NOT SPECIFIED,NATIONAL,,99,US,US TOTAL,,,,,,,,0,,,9000,UNITED STATES,US TOTAL,1975,MONTHLY,1,1,JAN,,2012-01-01 00:00:00.000,3.07,
SURVEY,CROPS,FIELD CROPS,CORN,ALL CLASSES,ALL PRODUCTION PRACTICES,GRAIN,PRICE RECEIVED,$ / BU,"CORN, GRAIN - PRICE RECEIVED, MEASURED IN $ / BU",TOTAL,NOT SPECIFIED,NATIONAL,,99,US,US TOTAL,,,,,,,,0,,,9000,UNITED STATES,US TOTAL,1975,MONTHLY,2,2,FEB,,2012-01-01 00:00:00.000,2.86,
SURVEY,CROPS,FIELD CROPS,CORN,ALL CLASSES,ALL PRODUCTION PRACTICES,GRAIN,PRICE RECEIVED,$ / BU,"CORN, GRAIN - PRICE RECEIVED, MEASURED IN $ / BU",TOTAL,NOT SPECIFIED,NATIONAL,,99,US,US TOTAL,,,,,,,,0,,,9000,UNITED STATES,US TOTAL,1975,MONTHLY,3,3,MAR,,2012-01-01 00:00:00.000,2.67,
SURVEY,CROPS,FIELD CROPS,CORN,ALL CLASSES,ALL PRODUCTION PRACTICES,GRAIN,PRICE RECEIVED,$ / BU,"CORN, GRAIN - PRICE RECEIVED, MEASURED IN $ / BU",TOTAL,NOT SPECIFIED,NATIONAL,,99,US,US TOTAL,,,,,,,,0,,,9000,UNITED STATES,US TOTAL,1975,MONTHLY,4,4,APR,,2012-01-01 00:00:00.000,2.68,
SURVEY,CROPS,FIELD CROPS,CORN,ALL CLASSES,ALL PRODUCTION PRACTICES,GRAIN,PRICE RECEIVED,$ / BU,"CORN, GRAIN - PRICE RECEIVED, MEASURED IN $ / BU",TOTAL,NOT SPECIFIED,NATIONAL,,99,US,US TOTAL,,,,,,,,0,,,9000,UNITED STATES,US TOTAL,1975,MONTHLY,5,5,MAY,,2012-01-01 00:00:00.000,2.66,
SURVEY,CROPS,FIELD CROPS,CORN,ALL CLASSES,ALL PRODUCTION PRACTICES,GRAIN,PRICE RECEIVED,$ / BU,"CORN, GRAIN - PRICE RECEIVED, MEASURED IN $ / BU",TOTAL,NOT SPECIFIED,NATIONAL,,99,US,US TOTAL,,,,,,,,0,,,9000,UNITED STATES,US TOTAL,1975,MONTHLY,6,6,JUN,,2012-01-01 00:00:00.000,2.68,
SURVEY,CROPS,FIELD CROPS,CORN,ALL CLASSES,ALL PRODUCTION PRACTICES,GRAIN,PRICE RECEIVED,$ / BU,"CORN, GRAIN - PRICE RECEIVED, MEASURED IN $ / BU",TOTAL,NOT SPECIFIED,NATIONAL,,99,US,US TOTAL,,,,,,,,0,,,9000,UNITED STATES,US TOTAL,1975,MONTHLY,7,7,JUL,,2012-01-01 00:00:00.000,2.72,
SURVEY,CROPS,FIELD CROPS,CORN,ALL CLASSES,ALL PRODUCTION PRACTICES,GRAIN,PRICE RECEIVED,$ / BU,"CORN, GRAIN - PRICE RECEIVED, MEASURED IN $ / BU",TOTAL,NOT SPECIFIED,NATIONAL,,99,US,US TOTAL,,,,,,,,0,,,9000,UNITED STATES,US TOTAL,1975,MONTHLY,8,8,AUG,,2012-01-01 00:00:00.000,2.95,
SURVEY,CROPS,FIELD CROPS,CORN,ALL CLASSES,ALL PRODUCTION PRACTICES,GRAIN,PRICE RECEIVED,$ / BU,"CORN, GRAIN - PRICE RECEIVED, MEASURED IN $ / BU",TOTAL,NOT SPECIFIED,NATIONAL,,99,US,US TOTAL,,,,,,,,0,,,9000,UNITED STATES,US TOTAL,1975,MONTHLY,9,9,SEP,,2012-01-01 00:00:00.000,2.76,
SURVEY,CROPS,FIELD CROPS,CORN,ALL CLASSES,ALL PRODUCTION PRACTICES,GRAIN,PRICE RECEIVED,$ / BU,"CORN, GRAIN - PRICE RECEIVED, MEASURED IN $ / BU",TOTAL,NOT SPECIFIED,NATIONAL,,99,US,US TOTAL,,,,,,,,0,,,9000,UNITED STATES,US TOTAL,1975,MONTHLY,10,10,OCT,,2012-01-01 00:00:00.000,2.62,
SURVEY,CROPS,FIELD CROPS,CORN,ALL CLASSES,ALL PRODUCTION PRACTICES,GRAIN,PRICE RECEIVED,$ / BU,"CORN, GRAIN - PRICE RECEIVED, MEASURED IN $ / BU",TOTAL,NOT SPECIFIED,NATIONAL,,99,US,US TOTAL,,,,,,,,0,,,9000,UNITED STATES,US TOTAL,1975,MONTHLY,11,11,NOV,,2012-01-01 00:00:00.000,2.33,
SURVEY,CROPS,FIELD CROPS,CORN,ALL CLASSES,ALL PRODUCTION PRACTICES,GRAIN,PRICE RECEIVED,$ / BU,"CORN, GRAIN - PRICE RECEIVED, MEASURED IN $ / BU",TOTAL,NOT SPECIFIED,NATIONAL,,99,US,US TOTAL,,,,,,,,0,,,9000,UNITED STATES,US TOTAL,1975,MONTHLY,12,12,DEC,,2012-01-01 00:00:00.000,2.37,
SURVEY,CROPS,FIELD CROPS,CORN,ALL CLASSES,ALL PRODUCTION PRACTICES,GRAIN,PRICE RECEIVED,$ / BU,"CORN, GRAIN - PRICE RECEIVED, MEASURED IN $ / BU",TOTAL,NOT SPECIFIED,NATIONAL,,99,US,US TOTAL,,,,,,,,0,,,9000,UNITED STATES,US TOTAL,1974,ANNUAL,0,0,MARKETING YEAR,,2012-01-01 00:00:00.000,3.02,
SURVEY,CROPS,FIELD CROPS,CORN,ALL CLASSES,ALL PRODUCTION PRACTICES,GRAIN,PRICE RECEIVED,$ / BU,"CORN, GRAIN - PRICE RECEIVED, MEASURED IN $ / BU",TOTAL,NOT SPECIFIED,NATIONAL,,99,US,US TOTAL,,,,,,,,0,,,9000,UNITED STATES,US TOTAL,1974,MONTHLY,1,1,JAN,,2012-01-01 00:00:00.000,2.59,
SURVEY,CROPS,FIELD CROPS,CORN,ALL CLASSES,ALL PRODUCTION PRACTICES,GRAIN,PRICE RECEIVED,$ / BU,"CORN, GRAIN - PRICE RECEIVED, MEASURED IN $ / BU",TOTAL,NOT SPECIFIED,NATIONAL,,99,US,US TOTAL,,,,,,,,0,,,9000,UNITED STATES,US TOTAL,1974,MONTHLY,2,2,FEB,,2012-01-01 00:00:00.000,2.76,
SURVEY,CROPS,FIELD CROPS,CORN,ALL CLASSES,ALL PRODUCTION PRACTICES,GRAIN,PRICE RECEIVED,$ / BU,"CORN, GRAIN - PRICE RECEIVED, MEASURED IN $ / BU",TOTAL,NOT SPECIFIED,NATIONAL,,99,US,US TOTAL,,,,,,,,0,,,9000,UNITED STATES,US TOTAL,1974,MONTHLY,3,3,MAR,,2012-01-01 00:00:00.000,2.68,
SURVEY,CROPS,FIELD CROPS,CORN,ALL CLASSES,ALL PRODUCTION PRACTICES,GRAIN,PRICE RECEIVED,$ / BU,"CORN, GRAIN - PRICE RECEIVED, MEASURED IN $ / BU",TOTAL,NOT SPECIFIED,NATIONAL,,99,US,US TOTAL,,,,,,,,0,,,9000,UNITED STATES,US TOTAL,1974,MONTHLY,4,4,APR,,2012-01-01 00:00:00.000,2.41,
SURVEY,CROPS,FIELD CROPS,CORN,ALL CLASSES,ALL PRODUCTION PRACTICES,GRAIN,PRICE RECEIVED,$ / BU,"CORN, GRAIN - PRICE RECEIVED, MEASURED IN $ / BU",TOTAL,NOT SPECIFIED,NATIONAL,,99,US,US TOTAL,,,,,,,,0,,,9000,UNITED STATES,US TOTAL,1974,MONTHLY,5,5,MAY,,2012-01-01 00:00:00.000,2.45,
SURVEY,CROPS,FIELD CROPS,CORN,ALL CLASSES,ALL PRODUCTION PRACTICES,GRAIN,PRICE RECEIVED,$ / BU,"CORN, GRAIN - PRICE RECEIVED, MEASURED IN $ / BU",TOTAL,NOT SPECIFIED,NATIONAL,,99,US,US TOTAL,,,,,,,,0,,,9000,UNITED STATES,US TOTAL,1974,MONTHLY,6,6,JUN,,2012-01-01 00:00:00.000,2.57,
SURVEY,CROPS,FIELD CROPS,CORN,ALL CLASSES,ALL PRODUCTION PRACTICES,GRAIN,PRICE RECEIVED,$ / BU,"CORN, GRAIN - PRICE RECEIVED, MEASURED IN $ / BU",TOTAL,NOT SPECIFIED,NATIONAL,,99,US,US TOTAL,,,,,,,,0,,,9000,UNITED STATES,US TOTAL,1974,MONTHLY,7,7,JUL,,2012-01-01 00:00:00.000,2.91,
SURVEY,CROPS,FIELD CROPS,CORN,ALL CLASSES,ALL PRODUCTION PRACTICES,GRAIN,PRICE RECEIVED,$ / BU,"CORN, GRAIN - PRICE RECEIVED, MEASURED IN $ / BU",TOTAL,NOT SPECIFIED,NATIONAL,,99,US,US TOTAL,,,,,,,,0,,,9000,UNITED STATES,US TOTAL,1974,MONTHLY,8,8,AUG,,2012-01-01 00:00:00.000,3.37,
SURVEY,CROPS,FIELD CROPS,CORN,ALL CLASSES,ALL PRODUCTION PRACTICES,GRAIN,PRICE RECEIVED,$ / BU,"CORN, GRAIN - PRICE RECEIVED, MEASURED IN $ / BU",TOTAL,NOT SPECIFIED,NATIONAL,,99,US,US TOTAL,,,,,,,,0,,,9000,UNITED STATES,US TOTAL,1974,MONTHLY,9,9,SEP,,2012-01-01 00:00:00.000,3.3,
SURVEY,CROPS,FIELD CROPS,CORN,ALL CLASSES,ALL PRODUCTION PRACTICES,GRAIN,PRICE RECEIVED,$ / BU,"CORN, GRAIN - PRICE RECEIVED, MEASURED IN $ / BU",TOTAL,NOT SPECIFIED,NATIONAL,,99,US,US TOTAL,,,,,,,,0,,,9000,UNITED STATES,US TOTAL,1974,MONTHLY,10,10,OCT,,2012-01-01 00:00:00.000,3.45,
SURVEY,CROPS,FIELD CROPS,CORN,ALL CLASSES,ALL PRODUCTION PRACTICES,GRAIN,PRICE RECEIVED,$ / BU,"CORN, GRAIN - PRICE RECEIVED, MEASURED IN $ / BU",TOTAL,NOT SPECIFIED,NATIONAL,,99,US,US TOTAL,,,,,,,,0,,,9000,UNITED STATES,US TOTAL,1974,MONTHLY,11,11,NOV,,2012-01-01 00:00:00.000,3.32,
SURVEY,CROPS,FIELD CROPS,CORN,ALL CLASSES,ALL PRODUCTION PRACTICES,GRAIN,PRICE RECEIVED,$ / BU,"CORN, GRAIN - PRICE RECEIVED, MEASURED IN $ / BU",TOTAL,NOT SPECIFIED,NATIONAL,,99,US,US TOTAL,,,,,,,,0,,,9000,UNITED STATES,US TOTAL,1974,MONTHLY,12,12,DEC,,2012-01-01 00:00:00.000,3.27,
SURVEY,CROPS,FIELD CROPS,CORN,ALL CLASSES,ALL PRODUCTION PRACTICES,GRAIN,PRICE RECEIVED,$ / BU,"CORN, GRAIN - PRICE RECEIVED, MEASURED IN $ / BU",TOTAL,NOT SPECIFIED,NATIONAL,,99,US,US TOTAL,,,,,,,,0,,,9000,UNITED STATES,US TOTAL,1973,ANNUAL,0,0,MARKETING YEAR,,2012-01-01 00:00:00.000,2.55,
SURVEY,CROPS,FIELD CROPS,CORN,ALL CLASSES,ALL PRODUCTION PRACTICES,GRAIN,PRICE RECEIVED,$ / BU,"CORN, GRAIN - PRICE RECEIVED, MEASURED IN $ / BU",TOTAL,NOT SPECIFIED,NATIONAL,,99,US,US TOTAL,,,,,,,,0,,,9000,UNITED STATES,US TOTAL,1973,MONTHLY,1,1,JAN,,2012-01-01 00:00:00.000,1.39,
SURVEY,CROPS,FIELD CROPS,CORN,ALL CLASSES,ALL PRODUCTION PRACTICES,GRAIN,PRICE RECEIVED,$ / BU,"CORN, GRAIN - PRICE RECEIVED, MEASURED IN $ / BU",TOTAL,NOT SPECIFIED,NATIONAL,,99,US,US TOTAL,,,,,,,,0,,,9000,UNITED STATES,US TOTAL,1973,MONTHLY,2,2,FEB,,2012-01-01 00:00:00.000,1.35,
SURVEY,CROPS,FIELD CROPS,CORN,ALL CLASSES,ALL PRODUCTION PRACTICES,GRAIN,PRICE RECEIVED,$ / BU,"CORN, GRAIN - PRICE RECEIVED, MEASURED IN $ / BU",TOTAL,NOT SPECIFIED,NATIONAL,,99,US,US TOTAL,,,,,,,,0,,,9000,UNITED STATES,US TOTAL,1973,MONTHLY,3,3,MAR,,2012-01-01 00:00:00.000,1.37,
SURVEY,CROPS,FIELD CROPS,CORN,ALL CLASSES,ALL PRODUCTION PRACTICES,GRAIN,PRICE RECEIVED,$ / BU,"CORN, GRAIN - PRICE RECEIVED, MEASURED IN $ / BU",TOTAL,NOT SPECIFIED,NATIONAL,,99,US,US TOTAL,,,,,,,,0,,,9000,UNITED STATES,US TOTAL,1973,MONTHLY,4,4,APR,,2012-01-01 00:00:00.000,1.42,
SURVEY,CROPS,FIELD CROPS,CORN,ALL CLASSES,ALL PRODUCTION PRACTICES,GRAIN,PRICE RECEIVED,$ / BU,"CORN, GRAIN - PRICE RECEIVED, MEASURED IN $ / BU",TOTAL,NOT SPECIFIED,NATIONAL,,99,US,US TOTAL,,,,,,,,0,,,9000,UNITED STATES,US TOTAL,1973,MONTHLY,5,5,MAY,,2012-01-01 00:00:00.000,1.61,
SURVEY,CROPS,FIELD CROPS,CORN,ALL CLASSES,ALL PRODUCTION PRACTICES,GRAIN,PRICE RECEIVED,$ / BU,"CORN, GRAIN - PRICE RECEIVED, MEASURED IN $ / BU",TOTAL,NOT SPECIFIED,NATIONAL,,99,US,US TOTAL,,,,,,,,0,,,9000,UNITED STATES,US TOTAL,1973,MONTHLY,6,6,JUN,,2012-01-01 00:00:00.000,1.99,
SURVEY,CROPS,FIELD CROPS,CORN,ALL CLASSES,ALL PRODUCTION PRACTICES,GRAIN,PRICE RECEIVED,$ / BU,"CORN, GRAIN - PRICE RECEIVED, MEASURED IN $ / BU",TOTAL,NOT SPECIFIED,NATIONAL,,99,US,US TOTAL,,,,,,,,0,,,9000,UNITED STATES,US TOTAL,1973,MONTHLY,7,7,JUL,,2012-01-01 00:00:00.000,2.03,
SURVEY,CROPS,FIELD CROPS,CORN,ALL CLASSES,ALL PRODUCTION PRACTICES,GRAIN,PRICE RECEIVED,$ / BU,"CORN, GRAIN - PRICE RECEIVED, MEASURED IN $ / BU",TOTAL,NOT SPECIFIED,NATIONAL,,99,US,US TOTAL,,,,,,,,0,,,9000,UNITED STATES,US TOTAL,1973,MONTHLY,8,8,AUG,,2012-01-01 00:00:00.000,2.68,
SURVEY,CROPS,FIELD CROPS,CORN,ALL CLASSES,ALL PRODUCTION PRACTICES,GRAIN,PRICE RECEIVED,$ / BU,"CORN, GRAIN - PRICE RECEIVED, MEASURED IN $ / BU",TOTAL,NOT SPECIFIED,NATIONAL,,99,US,US TOTAL,,,,,,,,0,,,9000,UNITED STATES,US TOTAL,1973,MONTHLY,9,9,SEP,,2012-01-01 00:00:00.000,2.15,
SURVEY,CROPS,FIELD CROPS,CORN,ALL CLASSES,ALL PRODUCTION PRACTICES,GRAIN,PRICE RECEIVED,$ / BU,"CORN, GRAIN - PRICE RECEIVED, MEASURED IN $ / BU",TOTAL,NOT SPECIFIED,NATIONAL,,99,US,US TOTAL,,,,,,,,0,,,9000,UNITED STATES,US TOTAL,1973,MONTHLY,10,10,OCT,,2012-01-01 00:00:00.000,2.17,
SURVEY,CROPS,FIELD CROPS,CORN,ALL CLASSES,ALL PRODUCTION PRACTICES,GRAIN,PRICE RECEIVED,$ / BU,"CORN, GRAIN - PRICE RECEIVED, MEASURED IN $ / BU",TOTAL,NOT SPECIFIED,NATIONAL,,99,US,US TOTAL,,,,,,,,0,,,9000,UNITED STATES,US TOTAL,1973,MONTHLY,11,11,NOV,,2012-01-01 00:00:00.000,2.18,
SURVEY,CROPS,FIELD CROPS,CORN,ALL CLASSES,ALL PRODUCTION PRACTICES,GRAIN,PRICE RECEIVED,$ / BU,"CORN, GRAIN - PRICE RECEIVED, MEASURED IN $ / BU",TOTAL,NOT SPECIFIED,NATIONAL,,99,US,US TOTAL,,,,,,,,0,,,9000,UNITED STATES,US TOTAL,1973,MONTHLY,12,12,DEC,,2012-01-01 00:00:00.000,2.39,
SURVEY,CROPS,FIELD CROPS,CORN,ALL CLASSES,ALL PRODUCTION PRACTICES,GRAIN,PRICE RECEIVED,$ / BU,"CORN, GRAIN - PRICE RECEIVED, MEASURED IN $ / BU",TOTAL,NOT SPECIFIED,NATIONAL,,99,US,US TOTAL,,,,,,,,0,,,9000,UNITED STATES,US TOTAL,1972,ANNUAL,0,0,MARKETING YEAR,,2012-01-01 00:00:00.000,1.57,
SURVEY,CROPS,FIELD CROPS,CORN,ALL CLASSES,ALL PRODUCTION PRACTICES,GRAIN,PRICE RECEIVED,$ / BU,"CORN, GRAIN - PRICE RECEIVED, MEASURED IN $ / BU",TOTAL,NOT SPECIFIED,NATIONAL,,99,US,US TOTAL,,,,,,,,0,,,9000,UNITED STATES,US TOTAL,1972,MONTHLY,1,1,JAN,,2012-01-01 00:00:00.000,1.09,
SURVEY,CROPS,FIELD CROPS,CORN,ALL CLASSES,ALL PRODUCTION PRACTICES,GRAIN,PRICE RECEIVED,$ / BU,"CORN, GRAIN - PRICE RECEIVED, MEASURED IN $ / BU",TOTAL,NOT SPECIFIED,NATIONAL,,99,US,US TOTAL,,,,,,,,0,,,9000,UNITED STATES,US TOTAL,1972,MONTHLY,2,2,FEB,,2012-01-01 00:00:00.000,1.09,
SURVEY,CROPS,FIELD CROPS,CORN,ALL CLASSES,ALL PRODUCTION PRACTICES,GRAIN,PRICE RECEIVED,$ / BU,"CORN, GRAIN - PRICE RECEIVED, MEASURED IN $ / BU",TOTAL,NOT SPECIFIED,NATIONAL,,99,US,US TOTAL,,,,,,,,0,,,9000,UNITED STATES,US TOTAL,1972,MONTHLY,3,3,MAR,,2012-01-01 00:00:00.000,1.1,
SURVEY,CROPS,FIELD CROPS,CORN,ALL CLASSES,ALL PRODUCTION PRACTICES,GRAIN,PRICE RECEIVED,$ / BU,"CORN, GRAIN - PRICE RECEIVED, MEASURED IN $ / BU",TOTAL,NOT SPECIFIED,NATIONAL,,99,US,US TOTAL,,,,,,,,0,,,9000,UNITED STATES,US TOTAL,1972,MONTHLY,4,4,APR,,2012-01-01 00:00:00.000,1.13,
SURVEY,CROPS,FIELD CROPS,CORN,ALL CLASSES,ALL PRODUCTION PRACTICES,GRAIN,PRICE RECEIVED,$ / BU,"CORN, GRAIN - PRICE RECEIVED, MEASURED IN $ / BU",TOTAL,NOT SPECIFIED,NATIONAL,,99,US,US TOTAL,,,,,,,,0,,,9000,UNITED STATES,US TOTAL,1972,MONTHLY,5,5,MAY,,2012-01-01 00:00:00.000,1.15,
SURVEY,CROPS,FIELD CROPS,CORN,ALL CLASSES,ALL PRODUCTION PRACTICES,GRAIN,PRICE RECEIVED,$ / BU,"CORN, GRAIN - PRICE RECEIVED, MEASURED IN $ / BU",TOTAL,NOT SPECIFIED,NATIONAL,,99,US,US TOTAL,,,,,,,,0,,,9000,UNITED STATES,US TOTAL,1972,MONTHLY,6,6,JUN,,2012-01-01 00:00:00.000,1.13,
SURVEY,CROPS,FIELD CROPS,CORN,ALL CLASSES,ALL PRODUCTION PRACTICES,GRAIN,PRICE RECEIVED,$ / BU,"CORN, GRAIN - PRICE RECEIVED, MEASURED IN $ / BU",TOTAL,NOT SPECIFIED,NATIONAL,,99,US,US TOTAL,,,,,,,,0,,,9000,UNITED STATES,US TOTAL,1972,MONTHLY,7,7,JUL,,2012-01-01 00:00:00.000,1.14,
SURVEY,CROPS,FIELD CROPS,CORN,ALL CLASSES,ALL PRODUCTION PRACTICES,GRAIN,PRICE RECEIVED,$ / BU,"CORN, GRAIN - PRICE RECEIVED, MEASURED IN $ / BU",TOTAL,NOT SPECIFIED,NATIONAL,,99,US,US TOTAL,,,,,,,,0,,,9000,UNITED STATES,US TOTAL,1972,MONTHLY,8,8,AUG,,2012-01-01 00:00:00.000,1.15,
SURVEY,CROPS,FIELD CROPS,CORN,ALL CLASSES,ALL PRODUCTION PRACTICES,GRAIN,PRICE RECEIVED,$ / BU,"CORN, GRAIN - PRICE RECEIVED, MEASURED IN $ / BU",TOTAL,NOT SPECIFIED,NATIONAL,,99,US,US TOTAL,,,,,,,,0,,,9000,UNITED STATES,US TOTAL,1972,MONTHLY,9,9,SEP,,2012-01-01 00:00:00.000,1.22,
SURVEY,CROPS,FIELD CROPS,CORN,ALL CLASSES,ALL PRODUCTION PRACTICES,GRAIN,PRICE RECEIVED,$ / BU,"CORN, GRAIN - PRICE RECEIVED, MEASURED IN $ / BU",TOTAL,NOT SPECIFIED,NATIONAL,,99,US,US TOTAL,,,,,,,,0,,,9000,UNITED STATES,US TOTAL,1972,MONTHLY,10,10,OCT,,2012-01-01 00:00:00.000,1.19,
SURVEY,CROPS,FIELD CROPS,CORN,ALL CLASSES,ALL PRODUCTION PRACTICES,GRAIN,PRICE RECEIVED,$ / BU,"CORN, GRAIN - PRICE RECEIVED, MEASURED IN $ / BU",TOTAL,NOT SPECIFIED,NATIONAL,,99,US,US TOTAL,,,,,,,,0,,,9000,UNITED STATES,US TOTAL,1972,MONTHLY,11,11,NOV,,2012-01-01 00:00:00.000,1.2,
SURVEY,CROPS,FIELD CROPS,CORN,ALL CLASSES,ALL PRODUCTION PRACTICES,GRAIN,PRICE RECEIVED,$ / BU,"CORN, GRAIN - PRICE RECEIVED, MEASURED IN $ / BU",TOTAL,NOT SPECIFIED,NATIONAL,,99,US,US TOTAL,,,,,,,,0,,,9000,UNITED STATES,US TOTAL,1972,MONTHLY,12,12,DEC,,2012-01-01 00:00:00.000,1.42,
SURVEY,CROPS,FIELD CROPS,CORN,ALL CLASSES,ALL PRODUCTION PRACTICES,GRAIN,PRICE RECEIVED,$ / BU,"CORN, GRAIN - PRICE RECEIVED, MEASURED IN $ / BU",TOTAL,NOT SPECIFIED,NATIONAL,,99,US,US TOTAL,,,,,,,,0,,,9000,UNITED STATES,US TOTAL,1971,ANNUAL,0,0,MARKETING YEAR,,2012-01-01 00:00:00.000,1.08,
SURVEY,CROPS,FIELD CROPS,CORN,ALL CLASSES,ALL PRODUCTION PRACTICES,GRAIN,PRICE RECEIVED,$ / BU,"CORN, GRAIN - PRICE RECEIVED, MEASURED IN $ / BU",TOTAL,NOT SPECIFIED,NATIONAL,,99,US,US TOTAL,,,,,,,,0,,,9000,UNITED STATES,US TOTAL,1971,MONTHLY,1,1,JAN,,2012-01-01 00:00:00.000,1.42,
SURVEY,CROPS,FIELD CROPS,CORN,ALL CLASSES,ALL PRODUCTION PRACTICES,GRAIN,PRICE RECEIVED,$ / BU,"CORN, GRAIN - PRICE RECEIVED, MEASURED IN $ / BU",TOTAL,NOT SPECIFIED,NATIONAL,,99,US,US TOTAL,,,,,,,,0,,,9000,UNITED STATES,US TOTAL,1971,MONTHLY,2,2,FEB,,2012-01-01 00:00:00.000,1.43,
SURVEY,CROPS,FIELD CROPS,CORN,ALL CLASSES,ALL PRODUCTION PRACTICES,GRAIN,PRICE RECEIVED,$ / BU,"CORN, GRAIN - PRICE RECEIVED, MEASURED IN $ / BU",TOTAL,NOT SPECIFIED,NATIONAL,,99,US,US TOTAL,,,,,,,,0,,,9000,UNITED STATES,US TOTAL,1971,MONTHLY,3,3,MAR,,2012-01-01 00:00:00.000,1.43,
SURVEY,CROPS,FIELD CROPS,CORN,ALL CLASSES,ALL PRODUCTION PRACTICES,GRAIN,PRICE RECEIVED,$ / BU,"CORN, GRAIN - PRICE RECEIVED, MEASURED IN $ / BU",TOTAL,NOT SPECIFIED,NATIONAL,,99,US,US TOTAL,,,,,,,,0,,,9000,UNITED STATES,US TOTAL,1971,MONTHLY,4,4,APR,,2012-01-01 00:00:00.000,1.41,
SURVEY,CROPS,FIELD CROPS,CORN,ALL CLASSES,ALL PRODUCTION PRACTICES,GRAIN,PRICE RECEIVED,$ / BU,"CORN, GRAIN - PRICE RECEIVED, MEASURED IN $ / BU",TOTAL,NOT SPECIFIED,NATIONAL,,99,US,US TOTAL,,,,,,,,0,,,9000,UNITED STATES,US TOTAL,1971,MONTHLY,5,5,MAY,,2012-01-01 00:00:00.000,1.38,
SURVEY,CROPS,FIELD CROPS,CORN,ALL CLASSES,ALL PRODUCTION PRACTICES,GRAIN,PRICE RECEIVED,$ / BU,"CORN, GRAIN - PRICE RECEIVED, MEASURED IN $ / BU",TOTAL,NOT SPECIFIED,NATIONAL,,99,US,US TOTAL,,,,,,,,0,,,9000,UNITED STATES,US TOTAL,1971,MONTHLY,6,6,JUN,,2012-01-01 00:00:00.000,1.43,
SURVEY,CROPS,FIELD CROPS,CORN,ALL CLASSES,ALL PRODUCTION PRACTICES,GRAIN,PRICE RECEIVED,$ / BU,"CORN, GRAIN - PRICE RECEIVED, MEASURED IN $ / BU",TOTAL,NOT SPECIFIED,NATIONAL,,99,US,US TOTAL,,,,,,,,0,,,9000,UNITED STATES,US TOTAL,1971,MONTHLY,7,7,JUL,,2012-01-01 00:00:00.000,1.36,
SURVEY,CROPS,FIELD CROPS,CORN,ALL CLASSES,ALL PRODUCTION PRACTICES,GRAIN,PRICE RECEIVED,$ / BU,"CORN, GRAIN - PRICE RECEIVED, MEASURED IN $ / BU",TOTAL,NOT SPECIFIED,NATIONAL,,99,US,US TOTAL,,,,,,,,0,,,9000,UNITED STATES,US TOTAL,1971,MONTHLY,8,8,AUG,,2012-01-01 00:00:00.000,1.19,
SURVEY,CROPS,FIELD CROPS,CORN,ALL CLASSES,ALL PRODUCTION PRACTICES,GRAIN,PRICE RECEIVED,$ / BU,"CORN, GRAIN - PRICE RECEIVED, MEASURED IN $ / BU",TOTAL,NOT SPECIFIED,NATIONAL,,99,US,US TOTAL,,,,,,,,0,,,9000,UNITED STATES,US TOTAL,1971,MONTHLY,9,9,SEP,,2012-01-01 00:00:00.000,1.11,
SURVEY,CROPS,FIELD CROPS,CORN,ALL CLASSES,ALL PRODUCTION PRACTICES,GRAIN,PRICE RECEIVED,$ / BU,"CORN, GRAIN - PRICE RECEIVED, MEASURED IN $ / BU",TOTAL,NOT SPECIFIED,NATIONAL,,99,US,US TOTAL,,,,,,,,0,,,9000,UNITED STATES,US TOTAL,1971,MONTHLY,10,10,OCT,,2012-01-01 00:00:00.000,1.0,
SURVEY,CROPS,FIELD CROPS,CORN,ALL CLASSES,ALL PRODUCTION PRACTICES,GRAIN,PRICE RECEIVED,$ / BU,"CORN, GRAIN - PRICE RECEIVED, MEASURED IN $ / BU",TOTAL,NOT SPECIFIED,NATIONAL,,99,US,US TOTAL,,,,,,,,0,,,9000,UNITED STATES,US TOTAL,1971,MONTHLY,11,11,NOV,,2012-01-01 00:00:00.000,0.974,
SURVEY,CROPS,FIELD CROPS,CORN,ALL CLASSES,ALL PRODUCTION PRACTICES,GRAIN,PRICE RECEIVED,$ / BU,"CORN, GRAIN - PRICE RECEIVED, MEASURED IN $ / BU",TOTAL,NOT SPECIFIED,NATIONAL,,99,US,US TOTAL,,,,,,,,0,,,9000,UNITED STATES,US TOTAL,1971,MONTHLY,12,12,DEC,,2012-01-01 00:00:00.000,1.08,
SURVEY,CROPS,FIELD CROPS,CORN,ALL CLASSES,ALL PRODUCTION PRACTICES,GRAIN,PRICE RECEIVED,$ / BU,"CORN, GRAIN - PRICE RECEIVED, MEASURED IN $ / BU",TOTAL,NOT SPECIFIED,NATIONAL,,99,US,US TOTAL,,,,,,,,0,,,9000,UNITED STATES,US TOTAL,1970,ANNUAL,0,0,MARKETING YEAR,,2012-01-01 00:00:00.000,1.33,
SURVEY,CROPS,FIELD CROPS,CORN,ALL CLASSES,ALL PRODUCTION PRACTICES,GRAIN,PRICE RECEIVED,$ / BU,"CORN, GRAIN - PRICE RECEIVED, MEASURED IN $ / BU",TOTAL,NOT SPECIFIED,NATIONAL,,99,US,US TOTAL,,,,,,,,0,,,9000,UNITED STATES,US TOTAL,1970,MONTHLY,1,1,JAN,,2012-01-01 00:00:00.000,1.12,
SURVEY,CROPS,FIELD CROPS,CORN,ALL CLASSES,ALL PRODUCTION PRACTICES,GRAIN,PRICE RECEIVED,$ / BU,"CORN, GRAIN - PRICE RECEIVED, MEASURED IN $ / BU",TOTAL,NOT SPECIFIED,NATIONAL,,99,US,US TOTAL,,,,,,,,0,,,9000,UNITED STATES,US TOTAL,1970,MONTHLY,2,2,FEB,,2012-01-01 00:00:00.000,1.14,
SURVEY,CROPS,FIELD CROPS,CORN,ALL CLASSES,ALL PRODUCTION PRACTICES,GRAIN,PRICE RECEIVED,$ / BU,"CORN, GRAIN - PRICE RECEIVED, MEASURED IN $ / BU",TOTAL,NOT SPECIFIED,NATIONAL,,99,US,US TOTAL,,,,,,,,0,,,9000,UNITED STATES,US TOTAL,1970,MONTHLY,3,3,MAR,,2012-01-01 00:00:00.000,1.13,
SURVEY,CROPS,FIELD CROPS,CORN,ALL CLASSES,ALL PRODUCTION PRACTICES,GRAIN,PRICE RECEIVED,$ / BU,"CORN, GRAIN - PRICE RECEIVED, MEASURED IN $ / BU",TOTAL,NOT SPECIFIED,NATIONAL,,99,US,US TOTAL,,,,,,,,0,,,9000,UNITED STATES,US TOTAL,1970,MONTHLY,4,4,APR,,2012-01-01 00:00:00.000,1.15,
SURVEY,CROPS,FIELD CROPS,CORN,ALL CLASSES,ALL PRODUCTION PRACTICES,GRAIN,PRICE RECEIVED,$ / BU,"CORN, GRAIN - PRICE RECEIVED, MEASURED IN $ / BU",TOTAL,NOT SPECIFIED,NATIONAL,,99,US,US TOTAL,,,,,,,,0,,,9000,UNITED STATES,US TOTAL,1970,MONTHLY,5,5,MAY,,2012-01-01 00:00:00.000,1.18,
SURVEY,CROPS,FIELD CROPS,CORN,ALL CLASSES,ALL PRODUCTION PRACTICES,GRAIN,PRICE RECEIVED,$ / BU,"CORN, GRAIN - PRICE RECEIVED, MEASURED IN $ / BU",TOTAL,NOT SPECIFIED,NATIONAL,,99,US,US TOTAL,,,,,,,,0,,,9000,UNITED STATES,US TOTAL,1970,MONTHLY,6,6,JUN,,2012-01-01 00:00:00.000,1.21,
SURVEY,CROPS,FIELD CROPS,CORN,ALL CLASSES,ALL PRODUCTION PRACTICES,GRAIN,PRICE RECEIVED,$ / BU,"CORN, GRAIN - PRICE RECEIVED, MEASURED IN $ / BU",TOTAL,NOT SPECIFIED,NATIONAL,,99,US,US TOTAL,,,,,,,,0,,,9000,UNITED STATES,US TOTAL,1970,MONTHLY,7,7,JUL,,2012-01-01 00:00:00.000,1.24,
SURVEY,CROPS,FIELD CROPS,CORN,ALL CLASSES,ALL PRODUCTION PRACTICES,GRAIN,PRICE RECEIVED,$ / BU,"CORN, GRAIN - PRICE RECEIVED, MEASURED IN $ / BU",TOTAL,NOT SPECIFIED,NATIONAL,,99,US,US TOTAL,,,,,,,,0,,,9000,UNITED STATES,US TOTAL,1970,MONTHLY,8,8,AUG,,2012-01-01 00:00:00.000,1.27,
SURVEY,CROPS,FIELD CROPS,CORN,ALL CLASSES,ALL PRODUCTION PRACTICES,GRAIN,PRICE RECEIVED,$ / BU,"CORN, GRAIN - PRICE RECEIVED, MEASURED IN $ / BU",TOTAL,NOT SPECIFIED,NATIONAL,,99,US,US TOTAL,,,,,,,,0,,,9000,UNITED STATES,US TOTAL,1970,MONTHLY,9,9,SEP,,2012-01-01 00:00:00.000,1.38,
SURVEY,CROPS,FIELD CROPS,CORN,ALL CLASSES,ALL PRODUCTION PRACTICES,GRAIN,PRICE RECEIVED,$ / BU,"CORN, GRAIN - PRICE RECEIVED, MEASURED IN $ / BU",TOTAL,NOT SPECIFIED,NATIONAL,,99,US,US TOTAL,,,,,,,,0,,,9000,UNITED STATES,US TOTAL,1970,MONTHLY,10,10,OCT,,2012-01-01 00:00:00.000,1.34,
SURVEY,CROPS,FIELD CROPS,CORN,ALL CLASSES,ALL PRODUCTION PRACTICES,GRAIN,PRICE RECEIVED,$ / BU,"CORN, GRAIN - PRICE RECEIVED, MEASURED IN $ / BU",TOTAL,NOT SPECIFIED,NATIONAL,,99,US,US TOTAL,,,,,,,,0,,,9000,UNITED STATES,US TOTAL,1970,MONTHLY,11,11,NOV,,2012-01-01 00:00:00.000,1.29,
SURVEY,CROPS,FIELD CROPS,CORN,ALL CLASSES,ALL PRODUCTION PRACTICES,GRAIN,PRICE RECEIVED,$ / BU,"CORN, GRAIN - PRICE RECEIVED, MEASURED IN $ / BU",TOTAL,NOT SPECIFIED,NATIONAL,,99,US,US TOTAL,,,,,,,,0,,,9000,UNITED STATES,US TOTAL,1970,MONTHLY,12,12,DEC,,2012-01-01 00:00:00.000,1.36,
SURVEY,CROPS,FIELD CROPS,CORN,ALL CLASSES,ALL PRODUCTION PRACTICES,GRAIN,PRICE RECEIVED,$ / BU,"CORN, GRAIN - PRICE RECEIVED, MEASURED IN $ / BU",TOTAL,NOT SPECIFIED,NATIONAL,,99,US,US TOTAL,,,,,,,,0,,,9000,UNITED STATES,US TOTAL,1969,ANNUAL,0,0,MARKETING YEAR,,2012-01-01 00:00:00.000,1.16,
SURVEY,CROPS,FIELD CROPS,CORN,ALL CLASSES,ALL PRODUCTION PRACTICES,GRAIN,PRICE RECEIVED,$ / BU,"CORN, GRAIN - PRICE RECEIVED, MEASURED IN $ / BU",TOTAL,NOT SPECIFIED,NATIONAL,,99,US,US TOTAL,,,,,,,,0,,,9000,UNITED STATES,US TOTAL,1969,MONTHLY,1,1,JAN,,2012-01-01 00:00:00.000,1.08,
SURVEY,CROPS,FIELD CROPS,CORN,ALL CLASSES,ALL PRODUCTION PRACTICES,GRAIN,PRICE RECEIVED,$ / BU,"CORN, GRAIN - PRICE RECEIVED, MEASURED IN $ / BU",TOTAL,NOT SPECIFIED,NATIONAL,,99,US,US TOTAL,,,,,,,,0,,,9000,UNITED STATES,US TOTAL,1969,MONTHLY,2,2,FEB,,2012-01-01 00:00:00.000,1.09,
SURVEY,CROPS,FIELD CROPS,CORN,ALL CLASSES,ALL PRODUCTION PRACTICES,GRAIN,PRICE RECEIVED,$ / BU,"CORN, GRAIN - PRICE RECEIVED, MEASURED IN $ / BU",TOTAL,NOT SPECIFIED,NATIONAL,,99,US,US TOTAL,,,,,,,,0,,,9000,UNITED STATES,US TOTAL,1969,MONTHLY,3,3,MAR,,2012-01-01 00:00:00.000,1.09,
SURVEY,CROPS,FIELD CROPS,CORN,ALL CLASSES,ALL PRODUCTION PRACTICES,GRAIN,PRICE RECEIVED,$ / BU,"CORN, GRAIN - PRICE RECEIVED, MEASURED IN $ / BU",TOTAL,NOT SPECIFIED,NATIONAL,,99,US,US TOTAL,,,,,,,,0,,,9000,UNITED STATES,US TOTAL,1969,MONTHLY,4,4,APR,,2012-01-01 00:00:00.000,1.12,
SURVEY,CROPS,FIELD CROPS,CORN,ALL CLASSES,ALL PRODUCTION PRACTICES,GRAIN,PRICE RECEIVED,$ / BU,"CORN, GRAIN - PRICE RECEIVED, MEASURED IN $ / BU",TOTAL,NOT SPECIFIED,NATIONAL,,99,US,US TOTAL,,,,,,,,0,,,9000,UNITED STATES,US TOTAL,1969,MONTHLY,5,5,MAY,,2012-01-01 00:00:00.000,1.19,
SURVEY,CROPS,FIELD CROPS,CORN,ALL CLASSES,ALL PRODUCTION PRACTICES,GRAIN,PRICE RECEIVED,$ / BU,"CORN, GRAIN - PRICE RECEIVED, MEASURED IN $ / BU",TOTAL,NOT SPECIFIED,NATIONAL,,99,US,US TOTAL,,,,,,,,0,,,9000,UNITED STATES,US TOTAL,1969,MONTHLY,6,6,JUN,,2012-01-01 00:00:00.000,1.18,
SURVEY,CROPS,FIELD CROPS,CORN,ALL CLASSES,ALL PRODUCTION PRACTICES,GRAIN,PRICE RECEIVED,$ / BU,"CORN, GRAIN - PRICE RECEIVED, MEASURED IN $ / BU",TOTAL,NOT SPECIFIED,NATIONAL,,99,US,US TOTAL,,,,,,,,0,,,9000,UNITED STATES,US TOTAL,1969,MONTHLY,7,7,JUL,,2012-01-01 00:00:00.000,1.18,
SURVEY,CROPS,FIELD CROPS,CORN,ALL CLASSES,ALL PRODUCTION PRACTICES,GRAIN,PRICE RECEIVED,$ / BU,"CORN, GRAIN - PRICE RECEIVED, MEASURED IN $ / BU",TOTAL,NOT SPECIFIED,NATIONAL,,99,US,US TOTAL,,,,,,,,0,,,9000,UNITED STATES,US TOTAL,1969,MONTHLY,8,8,AUG,,2012-01-01 00:00:00.000,1.18,
SURVEY,CROPS,FIELD CROPS,CORN,ALL CLASSES,ALL PRODUCTION PRACTICES,GRAIN,PRICE RECEIVED,$ / BU,"CORN, GRAIN - PRICE RECEIVED, MEASURED IN $ / BU",TOTAL,NOT SPECIFIED,NATIONAL,,99,US,US TOTAL,,,,,,,,0,,,9000,UNITED STATES,US TOTAL,1969,MONTHLY,9,9,SEP,,2012-01-01 00:00:00.000,1.15,
SURVEY,CROPS,FIELD CROPS,CORN,ALL CLASSES,ALL PRODUCTION PRACTICES,GRAIN,PRICE RECEIVED,$ / BU,"CORN, GRAIN - PRICE RECEIVED, MEASURED IN $ / BU",TOTAL,NOT SPECIFIED,NATIONAL,,99,US,US TOTAL,,,,,,,,0,,,9000,UNITED STATES,US TOTAL,1969,MONTHLY,10,10,OCT,,2012-01-01 00:00:00.000,1.12,
SURVEY,CROPS,FIELD CROPS,CORN,ALL CLASSES,ALL PRODUCTION PRACTICES,GRAIN,PRICE RECEIVED,$ / BU,"CORN, GRAIN - PRICE RECEIVED, MEASURED IN $ / BU",TOTAL,NOT SPECIFIED,NATIONAL,,99,US,US TOTAL,,,,,,,,0,,,9000,UNITED STATES,US TOTAL,1969,MONTHLY,11,11,NOV,,2012-01-01 00:00:00.000,1.07,
SURVEY,CROPS,FIELD CROPS,CORN,ALL CLASSES,ALL PRODUCTION PRACTICES,GRAIN,PRICE RECEIVED,$ / BU,"CORN, GRAIN - PRICE RECEIVED, MEASURED IN $ / BU",TOTAL,NOT SPECIFIED,NATIONAL,,99,US,US TOTAL,,,,,,,,0,,,9000,UNITED STATES,US TOTAL,1969,MONTHLY,12,12,DEC,,2012-01-01 00:00:00.000,1.09,
SURVEY,CROPS,FIELD CROPS,CORN,ALL CLASSES,ALL PRODUCTION PRACTICES,GRAIN,PRICE RECEIVED,$ / BU,"CORN, GRAIN - PRICE RECEIVED, MEASURED IN $ / BU",TOTAL,NOT SPECIFIED,NATIONAL,,99,US,US TOTAL,,,,,,,,0,,,9000,UNITED STATES,US TOTAL,1968,ANNUAL,0,0,MARKETING YEAR,,2012-01-01 00:00:00.000,1.08,
SURVEY,CROPS,FIELD CROPS,CORN,ALL CLASSES,ALL PRODUCTION PRACTICES,GRAIN,PRICE RECEIVED,$ / BU,"CORN, GRAIN - PRICE RECEIVED, MEASURED IN $ / BU",TOTAL,NOT SPECIFIED,NATIONAL,,99,US,US TOTAL,,,,,,,,0,,,9000,UNITED STATES,US TOTAL,1968,MONTHLY,1,1,JAN,,2012-01-01 00:00:00.000,1.04,
SURVEY,CROPS,FIELD CROPS,CORN,ALL CLASSES,ALL PRODUCTION PRACTICES,GRAIN,PRICE RECEIVED,$ / BU,"CORN, GRAIN - PRICE RECEIVED, MEASURED IN $ / BU",TOTAL,NOT SPECIFIED,NATIONAL,,99,US,US TOTAL,,,,,,,,0,,,9000,UNITED STATES,US TOTAL,1968,MONTHLY,2,2,FEB,,2012-01-01 00:00:00.000,1.06,
SURVEY,CROPS,FIELD CROPS,CORN,ALL CLASSES,ALL PRODUCTION PRACTICES,GRAIN,PRICE RECEIVED,$ / BU,"CORN, GRAIN - PRICE RECEIVED, MEASURED IN $ / BU",TOTAL,NOT SPECIFIED,NATIONAL,,99,US,US TOTAL,,,,,,,,0,,,9000,UNITED STATES,US TOTAL,1968,MONTHLY,3,3,MAR,,2012-01-01 00:00:00.000,1.06,
SURVEY,CROPS,FIELD CROPS,CORN,ALL CLASSES,ALL PRODUCTION PRACTICES,GRAIN,PRICE RECEIVED,$ / BU,"CORN, GRAIN - PRICE RECEIVED, MEASURED IN $ / BU",TOTAL,NOT SPECIFIED,NATIONAL,,99,US,US TOTAL,,,,,,,,0,,,9000,UNITED STATES,US TOTAL,1968,MONTHLY,4,4,APR,,2012-01-01 00:00:00.000,1.06,
SURVEY,CROPS,FIELD CROPS,CORN,ALL CLASSES,ALL PRODUCTION PRACTICES,GRAIN,PRICE RECEIVED,$ / BU,"CORN, GRAIN - PRICE RECEIVED, MEASURED IN $ / BU",TOTAL,NOT SPECIFIED,NATIONAL,,99,US,US TOTAL,,,,,,,,0,,,9000,UNITED STATES,US TOTAL,1968,MONTHLY,5,5,MAY,,2012-01-01 00:00:00.000,1.09,
SURVEY,CROPS,FIELD CROPS,CORN,ALL CLASSES,ALL PRODUCTION PRACTICES,GRAIN,PRICE RECEIVED,$ / BU,"CORN, GRAIN - PRICE RECEIVED, MEASURED IN $ / BU",TOTAL,NOT SPECIFIED,NATIONAL,,99,US,US TOTAL,,,,,,,,0,,,9000,UNITED STATES,US TOTAL,1968,MONTHLY,6,6,JUN,,2012-01-01 00:00:00.000,1.07,
SURVEY,CROPS,FIELD CROPS,CORN,ALL CLASSES,ALL PRODUCTION PRACTICES,GRAIN,PRICE RECEIVED,$ / BU,"CORN, GRAIN - PRICE RECEIVED, MEASURED IN $ / BU",TOTAL,NOT SPECIFIED,NATIONAL,,99,US,US TOTAL,,,,,,,,0,,,9000,UNITED STATES,US TOTAL,1968,MONTHLY,7,7,JUL,,2012-01-01 00:00:00.000,1.04,
SURVEY,CROPS,FIELD CROPS,CORN,ALL CLASSES,ALL PRODUCTION PRACTICES,GRAIN,PRICE RECEIVED,$ / BU,"CORN, GRAIN - PRICE RECEIVED, MEASURED IN $ / BU",TOTAL,NOT SPECIFIED,NATIONAL,,99,US,US TOTAL,,,,,,,,0,,,9000,UNITED STATES,US TOTAL,1968,MONTHLY,8,8,AUG,,2012-01-01 00:00:00.000,0.986,
SURVEY,CROPS,FIELD CROPS,CORN,ALL CLASSES,ALL PRODUCTION PRACTICES,GRAIN,PRICE RECEIVED,$ / BU,"CORN, GRAIN - PRICE RECEIVED, MEASURED IN $ / BU",TOTAL,NOT SPECIFIED,NATIONAL,,99,US,US TOTAL,,,,,,,,0,,,9000,UNITED STATES,US TOTAL,1968,MONTHLY,9,9,SEP,,2012-01-01 00:00:00.000,1.01,
SURVEY,CROPS,FIELD CROPS,CORN,ALL CLASSES,ALL PRODUCTION PRACTICES,GRAIN,PRICE RECEIVED,$ / BU,"CORN, GRAIN - PRICE RECEIVED, MEASURED IN $ / BU",TOTAL,NOT SPECIFIED,NATIONAL,,99,US,US TOTAL,,,,,,,,0,,,9000,UNITED STATES,US TOTAL,1968,MONTHLY,10,10,OCT,,2012-01-01 00:00:00.000,0.962,
SURVEY,CROPS,FIELD CROPS,CORN,ALL CLASSES,ALL PRODUCTION PRACTICES,GRAIN,PRICE RECEIVED,$ / BU,"CORN, GRAIN - PRICE RECEIVED, MEASURED IN $ / BU",TOTAL,NOT SPECIFIED,NATIONAL,,99,US,US TOTAL,,,,,,,,0,,,9000,UNITED STATES,US TOTAL,1968,MONTHLY,11,11,NOV,,2012-01-01 00:00:00.000,1.04,
SURVEY,CROPS,FIELD CROPS,CORN,ALL CLASSES,ALL PRODUCTION PRACTICES,GRAIN,PRICE RECEIVED,$ / BU,"CORN, GRAIN - PRICE RECEIVED, MEASURED IN $ / BU",TOTAL,NOT SPECIFIED,NATIONAL,,99,US,US TOTAL,,,,,,,,0,,,9000,UNITED STATES,US TOTAL,1968,MONTHLY,12,12,DEC,,2012-01-01 00:00:00.000,1.05,
SURVEY,CROPS,FIELD CROPS,CORN,ALL CLASSES,ALL PRODUCTION PRACTICES,GRAIN,PRICE RECEIVED,$ / BU,"CORN, GRAIN - PRICE RECEIVED, MEASURED IN $ / BU",TOTAL,NOT SPECIFIED,NATIONAL,,99,US,US TOTAL,,,,,,,,0,,,9000,UNITED STATES,US TOTAL,1967,ANNUAL,0,0,MARKETING YEAR,,2012-01-01 00:00:00.000,1.03,
SURVEY,CROPS,FIELD CROPS,CORN,ALL CLASSES,ALL PRODUCTION PRACTICES,GRAIN,PRICE RECEIVED,$ / BU,"CORN, GRAIN - PRICE RECEIVED, MEASURED IN $ / BU",TOTAL,NOT SPECIFIED,NATIONAL,,99,US,US TOTAL,,,,,,,,0,,,9000,UNITED STATES,US TOTAL,1967,MONTHLY,1,1,JAN,,2012-01-01 00:00:00.000,1.28,
SURVEY,CROPS,FIELD CROPS,CORN,ALL CLASSES,ALL PRODUCTION PRACTICES,GRAIN,PRICE RECEIVED,$ / BU,"CORN, GRAIN - PRICE RECEIVED, MEASURED IN $ / BU",TOTAL,NOT SPECIFIED,NATIONAL,,99,US,US TOTAL,,,,,,,,0,,,9000,UNITED STATES,US TOTAL,1967,MONTHLY,2,2,FEB,,2012-01-01 00:00:00.000,1.26,
SURVEY,CROPS,FIELD CROPS,CORN,ALL CLASSES,ALL PRODUCTION PRACTICES,GRAIN,PRICE RECEIVED,$ / BU,"CORN, GRAIN - PRICE RECEIVED, MEASURED IN $ / BU",TOTAL,NOT SPECIFIED,NATIONAL,,99,US,US TOTAL,,,,,,,,0,,,9000,UNITED STATES,US TOTAL,1967,MONTHLY,3,3,MAR,,2012-01-01 00:00:00.000,1.28,
SURVEY,CROPS,FIELD CROPS,CORN,ALL CLASSES,ALL PRODUCTION PRACTICES,GRAIN,PRICE RECEIVED,$ / BU,"CORN, GRAIN - PRICE RECEIVED, MEASURED IN $ / BU",TOTAL,NOT SPECIFIED,NATIONAL,,99,US,US TOTAL,,,,,,,,0,,,9000,UNITED STATES,US TOTAL,1967,MONTHLY,4,4,APR,,2012-01-01 00:00:00.000,1.26,
SURVEY,CROPS,FIELD CROPS,CORN,ALL CLASSES,ALL PRODUCTION PRACTICES,GRAIN,PRICE RECEIVED,$ / BU,"CORN, GRAIN - PRICE RECEIVED, MEASURED IN $ / BU",TOTAL,NOT SPECIFIED,NATIONAL,,99,US,US TOTAL,,,,,,,,0,,,9000,UNITED STATES,US TOTAL,1967,MONTHLY,5,5,MAY,,2012-01-01 00:00:00.000,1.25,
SURVEY,CROPS,FIELD CROPS,CORN,ALL CLASSES,ALL PRODUCTION PRACTICES,GRAIN,PRICE RECEIVED,$ / BU,"CORN, GRAIN - PRICE RECEIVED, MEASURED IN $ / BU",TOTAL,NOT SPECIFIED,NATIONAL,,99,US,US TOTAL,,,,,,,,0,,,9000,UNITED STATES,US TOTAL,1967,MONTHLY,6,6,JUN,,2012-01-01 00:00:00.000,1.26,
SURVEY,CROPS,FIELD CROPS,CORN,ALL CLASSES,ALL PRODUCTION PRACTICES,GRAIN,PRICE RECEIVED,$ / BU,"CORN, GRAIN - PRICE RECEIVED, MEASURED IN $ / BU",TOTAL,NOT SPECIFIED,NATIONAL,,99,US,US TOTAL,,,,,,,,0,,,9000,UNITED STATES,US TOTAL,1967,MONTHLY,7,7,JUL,,2012-01-01 00:00:00.000,1.21,
SURVEY,CROPS,FIELD CROPS,CORN,ALL CLASSES,ALL PRODUCTION PRACTICES,GRAIN,PRICE RECEIVED,$ / BU,"CORN, GRAIN - PRICE RECEIVED, MEASURED IN $ / BU",TOTAL,NOT SPECIFIED,NATIONAL,,99,US,US TOTAL,,,,,,,,0,,,9000,UNITED STATES,US TOTAL,1967,MONTHLY,8,8,AUG,,2012-01-01 00:00:00.000,1.11,
SURVEY,CROPS,FIELD CROPS,CORN,ALL CLASSES,ALL PRODUCTION PRACTICES,GRAIN,PRICE RECEIVED,$ / BU,"CORN, GRAIN - PRICE RECEIVED, MEASURED IN $ / BU",TOTAL,NOT SPECIFIED,NATIONAL,,99,US,US TOTAL,,,,,,,,0,,,9000,UNITED STATES,US TOTAL,1967,MONTHLY,9,9,SEP,,2012-01-01 00:00:00.000,1.12,
SURVEY,CROPS,FIELD CROPS,CORN,ALL CLASSES,ALL PRODUCTION PRACTICES,GRAIN,PRICE RECEIVED,$ / BU,"CORN, GRAIN - PRICE RECEIVED, MEASURED IN $ / BU",TOTAL,NOT SPECIFIED,NATIONAL,,99,US,US TOTAL,,,,,,,,0,,,9000,UNITED STATES,US TOTAL,1967,MONTHLY,10,10,OCT,,2012-01-01 00:00:00.000,1.04,
SURVEY,CROPS,FIELD CROPS,CORN,ALL CLASSES,ALL PRODUCTION PRACTICES,GRAIN,PRICE RECEIVED,$ / BU,"CORN, GRAIN - PRICE RECEIVED, MEASURED IN $ / BU",TOTAL,NOT SPECIFIED,NATIONAL,,99,US,US TOTAL,,,,,,,,0,,,9000,UNITED STATES,US TOTAL,1967,MONTHLY,11,11,NOV,,2012-01-01 00:00:00.000,0.975,
SURVEY,CROPS,FIELD CROPS,CORN,ALL CLASSES,ALL PRODUCTION PRACTICES,GRAIN,PRICE RECEIVED,$ / BU,"CORN, GRAIN - PRICE RECEIVED, MEASURED IN $ / BU",TOTAL,NOT SPECIFIED,NATIONAL,,99,US,US TOTAL,,,,,,,,0,,,9000,UNITED STATES,US TOTAL,1967,MONTHLY,12,12,DEC,,2012-01-01 00:00:00.000,1.03,
SURVEY,CROPS,FIELD CROPS,CORN,ALL CLASSES,ALL PRODUCTION PRACTICES,GRAIN,PRICE RECEIVED,$ / BU,"CORN, GRAIN - PRICE RECEIVED, MEASURED IN $ / BU",TOTAL,NOT SPECIFIED,NATIONAL,,99,US,US TOTAL,,,,,,,,0,,,9000,UNITED STATES,US TOTAL,1966,ANNUAL,0,0,MARKETING YEAR,,2012-01-01 00:00:00.000,1.24,
SURVEY,CROPS,FIELD CROPS,CORN,ALL CLASSES,ALL PRODUCTION PRACTICES,GRAIN,PRICE RECEIVED,$ / BU,"CORN, GRAIN - PRICE RECEIVED, MEASURED IN $ / BU",TOTAL,NOT SPECIFIED,NATIONAL,,99,US,US TOTAL,,,,,,,,0,,,9000,UNITED STATES,US TOTAL,1966,MONTHLY,1,1,JAN,,2012-01-01 00:00:00.000,1.19,
SURVEY,CROPS,FIELD CROPS,CORN,ALL CLASSES,ALL PRODUCTION PRACTICES,GRAIN,PRICE RECEIVED,$ / BU,"CORN, GRAIN - PRICE RECEIVED, MEASURED IN $ / BU",TOTAL,NOT SPECIFIED,NATIONAL,,99,US,US TOTAL,,,,,,,,0,,,9000,UNITED STATES,US TOTAL,1966,MONTHLY,2,2,FEB,,2012-01-01 00:00:00.000,1.2,
SURVEY,CROPS,FIELD CROPS,CORN,ALL CLASSES,ALL PRODUCTION PRACTICES,GRAIN,PRICE RECEIVED,$ / BU,"CORN, GRAIN - PRICE RECEIVED, MEASURED IN $ / BU",TOTAL,NOT SPECIFIED,NATIONAL,,99,US,US TOTAL,,,,,,,,0,,,9000,UNITED STATES,US TOTAL,1966,MONTHLY,3,3,MAR,,2012-01-01 00:00:00.000,1.17,
SURVEY,CROPS,FIELD CROPS,CORN,ALL CLASSES,ALL PRODUCTION PRACTICES,GRAIN,PRICE RECEIVED,$ / BU,"CORN, GRAIN - PRICE RECEIVED, MEASURED IN $ / BU",TOTAL,NOT SPECIFIED,NATIONAL,,99,US,US TOTAL,,,,,,,,0,,,9000,UNITED STATES,US TOTAL,1966,MONTHLY,4,4,APR,,2012-01-01 00:00:00.000,1.19,
SURVEY,CROPS,FIELD CROPS,CORN,ALL CLASSES,ALL PRODUCTION PRACTICES,GRAIN,PRICE RECEIVED,$ / BU,"CORN, GRAIN - PRICE RECEIVED, MEASURED IN $ / BU",TOTAL,NOT SPECIFIED,NATIONAL,,99,US,US TOTAL,,,,,,,,0,,,9000,UNITED STATES,US TOTAL,1966,MONTHLY,5,5,MAY,,2012-01-01 00:00:00.000,1.21,
SURVEY,CROPS,FIELD CROPS,CORN,ALL CLASSES,ALL PRODUCTION PRACTICES,GRAIN,PRICE RECEIVED,$ / BU,"CORN, GRAIN - PRICE RECEIVED, MEASURED IN $ / BU",TOTAL,NOT SPECIFIED,NATIONAL,,99,US,US TOTAL,,,,,,,,0,,,9000,UNITED STATES,US TOTAL,1966,MONTHLY,6,6,JUN,,2012-01-01 00:00:00.000,1.2,
SURVEY,CROPS,FIELD CROPS,CORN,ALL CLASSES,ALL PRODUCTION PRACTICES,GRAIN,PRICE RECEIVED,$ / BU,"CORN, GRAIN - PRICE RECEIVED, MEASURED IN $ / BU",TOTAL,NOT SPECIFIED,NATIONAL,,99,US,US TOTAL,,,,,,,,0,,,9000,UNITED STATES,US TOTAL,1966,MONTHLY,7,7,JUL,,2012-01-01 00:00:00.000,1.27,
SURVEY,CROPS,FIELD CROPS,CORN,ALL CLASSES,ALL PRODUCTION PRACTICES,GRAIN,PRICE RECEIVED,$ / BU,"CORN, GRAIN - PRICE RECEIVED, MEASURED IN $ / BU",TOTAL,NOT SPECIFIED,NATIONAL,,99,US,US TOTAL,,,,,,,,0,,,9000,UNITED STATES,US TOTAL,1966,MONTHLY,8,8,AUG,,2012-01-01 00:00:00.000,1.34,
SURVEY,CROPS,FIELD CROPS,CORN,ALL CLASSES,ALL PRODUCTION PRACTICES,GRAIN,PRICE RECEIVED,$ / BU,"CORN, GRAIN - PRICE RECEIVED, MEASURED IN $ / BU",TOTAL,NOT SPECIFIED,NATIONAL,,99,US,US TOTAL,,,,,,,,0,,,9000,UNITED STATES,US TOTAL,1966,MONTHLY,9,9,SEP,,2012-01-01 00:00:00.000,1.35,
SURVEY,CROPS,FIELD CROPS,CORN,ALL CLASSES,ALL PRODUCTION PRACTICES,GRAIN,PRICE RECEIVED,$ / BU,"CORN, GRAIN - PRICE RECEIVED, MEASURED IN $ / BU",TOTAL,NOT SPECIFIED,NATIONAL,,99,US,US TOTAL,,,,,,,,0,,,9000,UNITED STATES,US TOTAL,1966,MONTHLY,10,10,OCT,,2012-01-01 00:00:00.000,1.29,
SURVEY,CROPS,FIELD CROPS,CORN,ALL CLASSES,ALL PRODUCTION PRACTICES,GRAIN,PRICE RECEIVED,$ / BU,"CORN, GRAIN - PRICE RECEIVED, MEASURED IN $ / BU",TOTAL,NOT SPECIFIED,NATIONAL,,99,US,US TOTAL,,,,,,,,0,,,9000,UNITED STATES,US TOTAL,1966,MONTHLY,11,11,NOV,,2012-01-01 00:00:00.000,1.26,
SURVEY,CROPS,FIELD CROPS,CORN,ALL CLASSES,ALL PRODUCTION PRACTICES,GRAIN,PRICE RECEIVED,$ / BU,"CORN, GRAIN - PRICE RECEIVED, MEASURED IN $ / BU",TOTAL,NOT SPECIFIED,NATIONAL,,99,US,US TOTAL,,,,,,,,0,,,9000,UNITED STATES,US TOTAL,1966,MONTHLY,12,12,DEC,,2012-01-01 00:00:00.000,1.29,
SURVEY,CROPS,FIELD CROPS,CORN,ALL CLASSES,ALL PRODUCTION PRACTICES,GRAIN,PRICE RECEIVED,$ / BU,"CORN, GRAIN - PRICE RECEIVED, MEASURED IN $ / BU",TOTAL,NOT SPECIFIED,NATIONAL,,99,US,US TOTAL,,,,,,,,0,,,9000,UNITED STATES,US TOTAL,1965,ANNUAL,0,0,MARKETING YEAR,,2012-01-01 00:00:00.000,1.16,
SURVEY,CROPS,FIELD CROPS,CORN,ALL CLASSES,ALL PRODUCTION PRACTICES,GRAIN,PRICE RECEIVED,$ / BU,"CORN, GRAIN - PRICE RECEIVED, MEASURED IN $ / BU",TOTAL,NOT SPECIFIED,NATIONAL,,99,US,US TOTAL,,,,,,,,0,,,9000,UNITED STATES,US TOTAL,1965,MONTHLY,1,1,JAN,,2012-01-01 00:00:00.000,1.18,
SURVEY,CROPS,FIELD CROPS,CORN,ALL CLASSES,ALL PRODUCTION PRACTICES,GRAIN,PRICE RECEIVED,$ / BU,"CORN, GRAIN - PRICE RECEIVED, MEASURED IN $ / BU",TOTAL,NOT SPECIFIED,NATIONAL,,99,US,US TOTAL,,,,,,,,0,,,9000,UNITED STATES,US TOTAL,1965,MONTHLY,2,2,FEB,,2012-01-01 00:00:00.000,1.2,
SURVEY,CROPS,FIELD CROPS,CORN,ALL CLASSES,ALL PRODUCTION PRACTICES,GRAIN,PRICE RECEIVED,$ / BU,"CORN, GRAIN - PRICE RECEIVED, MEASURED IN $ / BU",TOTAL,NOT SPECIFIED,NATIONAL,,99,US,US TOTAL,,,,,,,,0,,,9000,UNITED STATES,US TOTAL,1965,MONTHLY,3,3,MAR,,2012-01-01 00:00:00.000,1.21,
SURVEY,CROPS,FIELD CROPS,CORN,ALL CLASSES,ALL PRODUCTION PRACTICES,GRAIN,PRICE RECEIVED,$ / BU,"CORN, GRAIN - PRICE RECEIVED, MEASURED IN $ / BU",TOTAL,NOT SPECIFIED,NATIONAL,,99,US,US TOTAL,,,,,,,,0,,,9000,UNITED STATES,US TOTAL,1965,MONTHLY,4,4,APR,,2012-01-01 00:00:00.000,1.23,
SURVEY,CROPS,FIELD CROPS,CORN,ALL CLASSES,ALL PRODUCTION PRACTICES,GRAIN,PRICE RECEIVED,$ / BU,"CORN, GRAIN - PRICE RECEIVED, MEASURED IN $ / BU",TOTAL,NOT SPECIFIED,NATIONAL,,99,US,US TOTAL,,,,,,,,0,,,9000,UNITED STATES,US TOTAL,1965,MONTHLY,5,5,MAY,,2012-01-01 00:00:00.000,1.26,
SURVEY,CROPS,FIELD CROPS,CORN,ALL CLASSES,ALL PRODUCTION PRACTICES,GRAIN,PRICE RECEIVED,$ / BU,"CORN, GRAIN - PRICE RECEIVED, MEASURED IN $ / BU",TOTAL,NOT SPECIFIED,NATIONAL,,99,US,US TOTAL,,,,,,,,0,,,9000,UNITED STATES,US TOTAL,1965,MONTHLY,6,6,JUN,,2012-01-01 00:00:00.000,1.25,
SURVEY,CROPS,FIELD CROPS,CORN,ALL CLASSES,ALL PRODUCTION PRACTICES,GRAIN,PRICE RECEIVED,$ / BU,"CORN, GRAIN - PRICE RECEIVED, MEASURED IN $ / BU",TOTAL,NOT SPECIFIED,NATIONAL,,99,US,US TOTAL,,,,,,,,0,,,9000,UNITED STATES,US TOTAL,1965,MONTHLY,7,7,JUL,,2012-01-01 00:00:00.000,1.22,
SURVEY,CROPS,FIELD CROPS,CORN,ALL CLASSES,ALL PRODUCTION PRACTICES,GRAIN,PRICE RECEIVED,$ / BU,"CORN, GRAIN - PRICE RECEIVED, MEASURED IN $ / BU",TOTAL,NOT SPECIFIED,NATIONAL,,99,US,US TOTAL,,,,,,,,0,,,9000,UNITED STATES,US TOTAL,1965,MONTHLY,8,8,AUG,,2012-01-01 00:00:00.000,1.18,
SURVEY,CROPS,FIELD CROPS,CORN,ALL CLASSES,ALL PRODUCTION PRACTICES,GRAIN,PRICE RECEIVED,$ / BU,"CORN, GRAIN - PRICE RECEIVED, MEASURED IN $ / BU",TOTAL,NOT SPECIFIED,NATIONAL,,99,US,US TOTAL,,,,,,,,0,,,9000,UNITED STATES,US TOTAL,1965,MONTHLY,9,9,SEP,,2012-01-01 00:00:00.000,1.18,
SURVEY,CROPS,FIELD CROPS,CORN,ALL CLASSES,ALL PRODUCTION PRACTICES,GRAIN,PRICE RECEIVED,$ / BU,"CORN, GRAIN - PRICE RECEIVED, MEASURED IN $ / BU",TOTAL,NOT SPECIFIED,NATIONAL,,99,US,US TOTAL,,,,,,,,0,,,9000,UNITED STATES,US TOTAL,1965,MONTHLY,10,10,OCT,,2012-01-01 00:00:00.000,1.1,
SURVEY,CROPS,FIELD CROPS,CORN,ALL CLASSES,ALL PRODUCTION PRACTICES,GRAIN,PRICE RECEIVED,$ / BU,"CORN, GRAIN - PRICE RECEIVED, MEASURED IN $ / BU",TOTAL,NOT SPECIFIED,NATIONAL,,99,US,US TOTAL,,,,,,,,0,,,9000,UNITED STATES,US TOTAL,1965,MONTHLY,11,11,NOV,,2012-01-01 00:00:00.000,1.04,
SURVEY,CROPS,FIELD CROPS,CORN,ALL CLASSES,ALL PRODUCTION PRACTICES,GRAIN,PRICE RECEIVED,$ / BU,"CORN, GRAIN - PRICE RECEIVED, MEASURED IN $ / BU",TOTAL,NOT SPECIFIED,NATIONAL,,99,US,US TOTAL,,,,,,,,0,,,9000,UNITED STATES,US TOTAL,1965,MONTHLY,12,12,DEC,,2012-01-01 00:00:00.000,1.13,
SURVEY,CROPS,FIELD CROPS,CORN,ALL CLASSES,ALL PRODUCTION PRACTICES,GRAIN,PRICE RECEIVED,$ / BU,"CORN, GRAIN - PRICE RECEIVED, MEASURED IN $ / BU",TOTAL,NOT SPECIFIED,NATIONAL,,99,US,US TOTAL,,,,,,,,0,,,9000,UNITED STATES,US TOTAL,1964,ANNUAL,0,0,MARKETING YEAR,,2012-01-01 00:00:00.000,1.17,
SURVEY,CROPS,FIELD CROPS,CORN,ALL CLASSES,ALL PRODUCTION PRACTICES,GRAIN,PRICE RECEIVED,$ / BU,"CORN, GRAIN - PRICE RECEIVED, MEASURED IN $ / BU",TOTAL,NOT SPECIFIED,NATIONAL,,99,US,US TOTAL,,,,,,,,0,,,9000,UNITED STATES,US TOTAL,1964,MONTHLY,1,1,JAN,,2012-01-01 00:00:00.000,1.12,
SURVEY,CROPS,FIELD CROPS,CORN,ALL CLASSES,ALL PRODUCTION PRACTICES,GRAIN,PRICE RECEIVED,$ / BU,"CORN, GRAIN - PRICE RECEIVED, MEASURED IN $ / BU",TOTAL,NOT SPECIFIED,NATIONAL,,99,US,US TOTAL,,,,,,,,0,,,9000,UNITED STATES,US TOTAL,1964,MONTHLY,2,2,FEB,,2012-01-01 00:00:00.000,1.11,
SURVEY,CROPS,FIELD CROPS,CORN,ALL CLASSES,ALL PRODUCTION PRACTICES,GRAIN,PRICE RECEIVED,$ / BU,"CORN, GRAIN - PRICE RECEIVED, MEASURED IN $ / BU",TOTAL,NOT SPECIFIED,NATIONAL,,99,US,US TOTAL,,,,,,,,0,,,9000,UNITED STATES,US TOTAL,1964,MONTHLY,3,3,MAR,,2012-01-01 00:00:00.000,1.13,
SURVEY,CROPS,FIELD CROPS,CORN,ALL CLASSES,ALL PRODUCTION PRACTICES,GRAIN,PRICE RECEIVED,$ / BU,"CORN, GRAIN - PRICE RECEIVED, MEASURED IN $ / BU",TOTAL,NOT SPECIFIED,NATIONAL,,99,US,US TOTAL,,,,,,,,0,,,9000,UNITED STATES,US TOTAL,1964,MONTHLY,4,4,APR,,2012-01-01 00:00:00.000,1.15,
SURVEY,CROPS,FIELD CROPS,CORN,ALL CLASSES,ALL PRODUCTION PRACTICES,GRAIN,PRICE RECEIVED,$ / BU,"CORN, GRAIN - PRICE RECEIVED, MEASURED IN $ / BU",TOTAL,NOT SPECIFIED,NATIONAL,,99,US,US TOTAL,,,,,,,,0,,,9000,UNITED STATES,US TOTAL,1964,MONTHLY,5,5,MAY,,2012-01-01 00:00:00.000,1.17,
SURVEY,CROPS,FIELD CROPS,CORN,ALL CLASSES,ALL PRODUCTION PRACTICES,GRAIN,PRICE RECEIVED,$ / BU,"CORN, GRAIN - PRICE RECEIVED, MEASURED IN $ / BU",TOTAL,NOT SPECIFIED,NATIONAL,,99,US,US TOTAL,,,,,,,,0,,,9000,UNITED STATES,US TOTAL,1964,MONTHLY,6,6,JUN,,2012-01-01 00:00:00.000,1.16,
SURVEY,CROPS,FIELD CROPS,CORN,ALL CLASSES,ALL PRODUCTION PRACTICES,GRAIN,PRICE RECEIVED,$ / BU,"CORN, GRAIN - PRICE RECEIVED, MEASURED IN $ / BU",TOTAL,NOT SPECIFIED,NATIONAL,,99,US,US TOTAL,,,,,,,,0,,,9000,UNITED STATES,US TOTAL,1964,MONTHLY,7,7,JUL,,2012-01-01 00:00:00.000,1.12,
SURVEY,CROPS,FIELD CROPS,CORN,ALL CLASSES,ALL PRODUCTION PRACTICES,GRAIN,PRICE RECEIVED,$ / BU,"CORN, GRAIN - PRICE RECEIVED, MEASURED IN $ / BU",TOTAL,NOT SPECIFIED,NATIONAL,,99,US,US TOTAL,,,,,,,,0,,,9000,UNITED STATES,US TOTAL,1964,MONTHLY,8,8,AUG,,2012-01-01 00:00:00.000,1.12,
SURVEY,CROPS,FIELD CROPS,CORN,ALL CLASSES,ALL PRODUCTION PRACTICES,GRAIN,PRICE RECEIVED,$ / BU,"CORN, GRAIN - PRICE RECEIVED, MEASURED IN $ / BU",TOTAL,NOT SPECIFIED,NATIONAL,,99,US,US TOTAL,,,,,,,,0,,,9000,UNITED STATES,US TOTAL,1964,MONTHLY,9,9,SEP,,2012-01-01 00:00:00.000,1.17,
SURVEY,CROPS,FIELD CROPS,CORN,ALL CLASSES,ALL PRODUCTION PRACTICES,GRAIN,PRICE RECEIVED,$ / BU,"CORN, GRAIN - PRICE RECEIVED, MEASURED IN $ / BU",TOTAL,NOT SPECIFIED,NATIONAL,,99,US,US TOTAL,,,,,,,,0,,,9000,UNITED STATES,US TOTAL,1964,MONTHLY,10,10,OCT,,2012-01-01 00:00:00.000,1.13,
SURVEY,CROPS,FIELD CROPS,CORN,ALL CLASSES,ALL PRODUCTION PRACTICES,GRAIN,PRICE RECEIVED,$ / BU,"CORN, GRAIN - PRICE RECEIVED, MEASURED IN $ / BU",TOTAL,NOT SPECIFIED,NATIONAL,,99,US,US TOTAL,,,,,,,,0,,,9000,UNITED STATES,US TOTAL,1964,MONTHLY,11,11,NOV,,2012-01-01 00:00:00.000,1.07,
SURVEY,CROPS,FIELD CROPS,CORN,ALL CLASSES,ALL PRODUCTION PRACTICES,GRAIN,PRICE RECEIVED,$ / BU,"CORN, GRAIN - PRICE RECEIVED, MEASURED IN $ / BU",TOTAL,NOT SPECIFIED,NATIONAL,,99,US,US TOTAL,,,,,,,,0,,,9000,UNITED STATES,US TOTAL,1964,MONTHLY,12,12,DEC,,2012-01-01 00:00:00.000,1.16,
SURVEY,CROPS,FIELD CROPS,CORN,ALL CLASSES,ALL PRODUCTION PRACTICES,GRAIN,PRICE RECEIVED,$ / BU,"CORN, GRAIN - PRICE RECEIVED, MEASURED IN $ / BU",TOTAL,NOT SPECIFIED,NATIONAL,,99,US,US TOTAL,,,,,,,,0,,,9000,UNITED STATES,US TOTAL,1963,ANNUAL,0,0,MARKETING YEAR,,2012-01-01 00:00:00.000,1.11,
SURVEY,CROPS,FIELD CROPS,CORN,ALL CLASSES,ALL PRODUCTION PRACTICES,GRAIN,PRICE RECEIVED,$ / BU,"CORN, GRAIN - PRICE RECEIVED, MEASURED IN $ / BU",TOTAL,NOT SPECIFIED,NATIONAL,,99,US,US TOTAL,,,,,,,,0,,,9000,UNITED STATES,US TOTAL,1963,MONTHLY,1,1,JAN,,2012-01-01 00:00:00.000,1.07,
SURVEY,CROPS,FIELD CROPS,CORN,ALL CLASSES,ALL PRODUCTION PRACTICES,GRAIN,PRICE RECEIVED,$ / BU,"CORN, GRAIN - PRICE RECEIVED, MEASURED IN $ / BU",TOTAL,NOT SPECIFIED,NATIONAL,,99,US,US TOTAL,,,,,,,,0,,,9000,UNITED STATES,US TOTAL,1963,MONTHLY,2,2,FEB,,2012-01-01 00:00:00.000,1.09,
SURVEY,CROPS,FIELD CROPS,CORN,ALL CLASSES,ALL PRODUCTION PRACTICES,GRAIN,PRICE RECEIVED,$ / BU,"CORN, GRAIN - PRICE RECEIVED, MEASURED IN $ / BU",TOTAL,NOT SPECIFIED,NATIONAL,,99,US,US TOTAL,,,,,,,,0,,,9000,UNITED STATES,US TOTAL,1963,MONTHLY,3,3,MAR,,2012-01-01 00:00:00.000,1.1,
SURVEY,CROPS,FIELD CROPS,CORN,ALL CLASSES,ALL PRODUCTION PRACTICES,GRAIN,PRICE RECEIVED,$ / BU,"CORN, GRAIN - PRICE RECEIVED, MEASURED IN $ / BU",TOTAL,NOT SPECIFIED,NATIONAL,,99,US,US TOTAL,,,,,,,,0,,,9000,UNITED STATES,US TOTAL,1963,MONTHLY,4,4,APR,,2012-01-01 00:00:00.000,1.1,
SURVEY,CROPS,FIELD CROPS,CORN,ALL CLASSES,ALL PRODUCTION PRACTICES,GRAIN,PRICE RECEIVED,$ / BU,"CORN, GRAIN - PRICE RECEIVED, MEASURED IN $ / BU",TOTAL,NOT SPECIFIED,NATIONAL,,99,US,US TOTAL,,,,,,,,0,,,9000,UNITED STATES,US TOTAL,1963,MONTHLY,5,5,MAY,,2012-01-01 00:00:00.000,1.11,
SURVEY,CROPS,FIELD CROPS,CORN,ALL CLASSES,ALL PRODUCTION PRACTICES,GRAIN,PRICE RECEIVED,$ / BU,"CORN, GRAIN - PRICE RECEIVED, MEASURED IN $ / BU",TOTAL,NOT SPECIFIED,NATIONAL,,99,US,US TOTAL,,,,,,,,0,,,9000,UNITED STATES,US TOTAL,1963,MONTHLY,6,6,JUN,,2012-01-01 00:00:00.000,1.16,
SURVEY,CROPS,FIELD CROPS,CORN,ALL CLASSES,ALL PRODUCTION PRACTICES,GRAIN,PRICE RECEIVED,$ / BU,"CORN, GRAIN - PRICE RECEIVED, MEASURED IN $ / BU",TOTAL,NOT SPECIFIED,NATIONAL,,99,US,US TOTAL,,,,,,,,0,,,9000,UNITED STATES,US TOTAL,1963,MONTHLY,7,7,JUL,,2012-01-01 00:00:00.000,1.19,
SURVEY,CROPS,FIELD CROPS,CORN,ALL CLASSES,ALL PRODUCTION PRACTICES,GRAIN,PRICE RECEIVED,$ / BU,"CORN, GRAIN - PRICE RECEIVED, MEASURED IN $ / BU",TOTAL,NOT SPECIFIED,NATIONAL,,99,US,US TOTAL,,,,,,,,0,,,9000,UNITED STATES,US TOTAL,1963,MONTHLY,8,8,AUG,,2012-01-01 00:00:00.000,1.19,
SURVEY,CROPS,FIELD CROPS,CORN,ALL CLASSES,ALL PRODUCTION PRACTICES,GRAIN,PRICE RECEIVED,$ / BU,"CORN, GRAIN - PRICE RECEIVED, MEASURED IN $ / BU",TOTAL,NOT SPECIFIED,NATIONAL,,99,US,US TOTAL,,,,,,,,0,,,9000,UNITED STATES,US TOTAL,1963,MONTHLY,9,9,SEP,,2012-01-01 00:00:00.000,1.21,
SURVEY,CROPS,FIELD CROPS,CORN,ALL CLASSES,ALL PRODUCTION PRACTICES,GRAIN,PRICE RECEIVED,$ / BU,"CORN, GRAIN - PRICE RECEIVED, MEASURED IN $ / BU",TOTAL,NOT SPECIFIED,NATIONAL,,99,US,US TOTAL,,,,,,,,0,,,9000,UNITED STATES,US TOTAL,1963,MONTHLY,10,10,OCT,,2012-01-01 00:00:00.000,1.11,
SURVEY,CROPS,FIELD CROPS,CORN,ALL CLASSES,ALL PRODUCTION PRACTICES,GRAIN,PRICE RECEIVED,$ / BU,"CORN, GRAIN - PRICE RECEIVED, MEASURED IN $ / BU",TOTAL,NOT SPECIFIED,NATIONAL,,99,US,US TOTAL,,,,,,,,0,,,9000,UNITED STATES,US TOTAL,1963,MONTHLY,11,11,NOV,,2012-01-01 00:00:00.000,1.05,
SURVEY,CROPS,FIELD CROPS,CORN,ALL CLASSES,ALL PRODUCTION PRACTICES,GRAIN,PRICE RECEIVED,$ / BU,"CORN, GRAIN - PRICE RECEIVED, MEASURED IN $ / BU",TOTAL,NOT SPECIFIED,NATIONAL,,99,US,US TOTAL,,,,,,,,0,,,9000,UNITED STATES,US TOTAL,1963,MONTHLY,12,12,DEC,,2012-01-01 00:00:00.000,1.09,
SURVEY,CROPS,FIELD CROPS,CORN,ALL CLASSES,ALL PRODUCTION PRACTICES,GRAIN,PRICE RECEIVED,$ / BU,"CORN, GRAIN - PRICE RECEIVED, MEASURED IN $ / BU",TOTAL,NOT SPECIFIED,NATIONAL,,99,US,US TOTAL,,,,,,,,0,,,9000,UNITED STATES,US TOTAL,1962,ANNUAL,0,0,MARKETING YEAR,,2012-01-01 00:00:00.000,1.12,
SURVEY,CROPS,FIELD CROPS,CORN,ALL CLASSES,ALL PRODUCTION PRACTICES,GRAIN,PRICE RECEIVED,$ / BU,"CORN, GRAIN - PRICE RECEIVED, MEASURED IN $ / BU",TOTAL,NOT SPECIFIED,NATIONAL,,99,US,US TOTAL,,,,,,,,0,,,9000,UNITED STATES,US TOTAL,1962,MONTHLY,1,1,JAN,,2012-01-01 00:00:00.000,0.993,
SURVEY,CROPS,FIELD CROPS,CORN,ALL CLASSES,ALL PRODUCTION PRACTICES,GRAIN,PRICE RECEIVED,$ / BU,"CORN, GRAIN - PRICE RECEIVED, MEASURED IN $ / BU",TOTAL,NOT SPECIFIED,NATIONAL,,99,US,US TOTAL,,,,,,,,0,,,9000,UNITED STATES,US TOTAL,1962,MONTHLY,2,2,FEB,,2012-01-01 00:00:00.000,0.996,
SURVEY,CROPS,FIELD CROPS,CORN,ALL CLASSES,ALL PRODUCTION PRACTICES,GRAIN,PRICE RECEIVED,$ / BU,"CORN, GRAIN - PRICE RECEIVED, MEASURED IN $ / BU",TOTAL,NOT SPECIFIED,NATIONAL,,99,US,US TOTAL,,,,,,,,0,,,9000,UNITED STATES,US TOTAL,1962,MONTHLY,3,3,MAR,,2012-01-01 00:00:00.000,1.0,
SURVEY,CROPS,FIELD CROPS,CORN,ALL CLASSES,ALL PRODUCTION PRACTICES,GRAIN,PRICE RECEIVED,$ / BU,"CORN, GRAIN - PRICE RECEIVED, MEASURED IN $ / BU",TOTAL,NOT SPECIFIED,NATIONAL,,99,US,US TOTAL,,,,,,,,0,,,9000,UNITED STATES,US TOTAL,1962,MONTHLY,4,4,APR,,2012-01-01 00:00:00.000,1.02,
SURVEY,CROPS,FIELD CROPS,CORN,ALL CLASSES,ALL PRODUCTION PRACTICES,GRAIN,PRICE RECEIVED,$ / BU,"CORN, GRAIN - PRICE RECEIVED, MEASURED IN $ / BU",TOTAL,NOT SPECIFIED,NATIONAL,,99,US,US TOTAL,,,,,,,,0,,,9000,UNITED STATES,US TOTAL,1962,MONTHLY,5,5,MAY,,2012-01-01 00:00:00.000,1.04,
SURVEY,CROPS,FIELD CROPS,CORN,ALL CLASSES,ALL PRODUCTION PRACTICES,GRAIN,PRICE RECEIVED,$ / BU,"CORN, GRAIN - PRICE RECEIVED, MEASURED IN $ / BU",TOTAL,NOT SPECIFIED,NATIONAL,,99,US,US TOTAL,,,,,,,,0,,,9000,UNITED STATES,US TOTAL,1962,MONTHLY,6,6,JUN,,2012-01-01 00:00:00.000,1.04,
SURVEY,CROPS,FIELD CROPS,CORN,ALL CLASSES,ALL PRODUCTION PRACTICES,GRAIN,PRICE RECEIVED,$ / BU,"CORN, GRAIN - PRICE RECEIVED, MEASURED IN $ / BU",TOTAL,NOT SPECIFIED,NATIONAL,,99,US,US TOTAL,,,,,,,,0,,,9000,UNITED STATES,US TOTAL,1962,MONTHLY,7,7,JUL,,2012-01-01 00:00:00.000,1.05,
SURVEY,CROPS,FIELD CROPS,CORN,ALL CLASSES,ALL PRODUCTION PRACTICES,GRAIN,PRICE RECEIVED,$ / BU,"CORN, GRAIN - PRICE RECEIVED, MEASURED IN $ / BU",TOTAL,NOT SPECIFIED,NATIONAL,,99,US,US TOTAL,,,,,,,,0,,,9000,UNITED STATES,US TOTAL,1962,MONTHLY,8,8,AUG,,2012-01-01 00:00:00.000,1.03,
SURVEY,CROPS,FIELD CROPS,CORN,ALL CLASSES,ALL PRODUCTION PRACTICES,GRAIN,PRICE RECEIVED,$ / BU,"CORN, GRAIN - PRICE RECEIVED, MEASURED IN $ / BU",TOTAL,NOT SPECIFIED,NATIONAL,,99,US,US TOTAL,,,,,,,,0,,,9000,UNITED STATES,US TOTAL,1962,MONTHLY,9,9,SEP,,2012-01-01 00:00:00.000,1.04,
SURVEY,CROPS,FIELD CROPS,CORN,ALL CLASSES,ALL PRODUCTION PRACTICES,GRAIN,PRICE RECEIVED,$ / BU,"CORN, GRAIN - PRICE RECEIVED, MEASURED IN $ / BU",TOTAL,NOT SPECIFIED,NATIONAL,,99,US,US TOTAL,,,,,,,,0,,,9000,UNITED STATES,US TOTAL,1962,MONTHLY,10,10,OCT,,2012-01-01 00:00:00.000,1.03,
SURVEY,CROPS,FIELD CROPS,CORN,ALL CLASSES,ALL PRODUCTION PRACTICES,GRAIN,PRICE RECEIVED,$ / BU,"CORN, GRAIN - PRICE RECEIVED, MEASURED IN $ / BU",TOTAL,NOT SPECIFIED,NATIONAL,,99,US,US TOTAL,,,,,,,,0,,,9000,UNITED STATES,US TOTAL,1962,MONTHLY,11,11,NOV,,2012-01-01 00:00:00.000,0.987,
SURVEY,CROPS,FIELD CROPS,CORN,ALL CLASSES,ALL PRODUCTION PRACTICES,GRAIN,PRICE RECEIVED,$ / BU,"CORN, GRAIN - PRICE RECEIVED, MEASURED IN $ / BU",TOTAL,NOT SPECIFIED,NATIONAL,,99,US,US TOTAL,,,,,,,,0,,,9000,UNITED STATES,US TOTAL,1962,MONTHLY,12,12,DEC,,2012-01-01 00:00:00.000,1.04,
SURVEY,CROPS,FIELD CROPS,CORN,ALL CLASSES,ALL PRODUCTION PRACTICES,GRAIN,PRICE RECEIVED,$ / BU,"CORN, GRAIN - PRICE RECEIVED, MEASURED IN $ / BU",TOTAL,NOT SPECIFIED,NATIONAL,,99,US,US TOTAL,,,,,,,,0,,,9000,UNITED STATES,US TOTAL,1961,ANNUAL,0,0,MARKETING YEAR,,2012-01-01 00:00:00.000,1.1,
SURVEY,CROPS,FIELD CROPS,CORN,ALL CLASSES,ALL PRODUCTION PRACTICES,GRAIN,PRICE RECEIVED,$ / BU,"CORN, GRAIN - PRICE RECEIVED, MEASURED IN $ / BU",TOTAL,NOT SPECIFIED,NATIONAL,,99,US,US TOTAL,,,,,,,,0,,,9000,UNITED STATES,US TOTAL,1961,MONTHLY,1,1,JAN,,2012-01-01 00:00:00.000,0.97,
SURVEY,CROPS,FIELD CROPS,CORN,ALL CLASSES,ALL PRODUCTION PRACTICES,GRAIN,PRICE RECEIVED,$ / BU,"CORN, GRAIN - PRICE RECEIVED, MEASURED IN $ / BU",TOTAL,NOT SPECIFIED,NATIONAL,,99,US,US TOTAL,,,,,,,,0,,,9000,UNITED STATES,US TOTAL,1961,MONTHLY,2,2,FEB,,2012-01-01 00:00:00.000,1.01,
SURVEY,CROPS,FIELD CROPS,CORN,ALL CLASSES,ALL PRODUCTION PRACTICES,GRAIN,PRICE RECEIVED,$ / BU,"CORN, GRAIN - PRICE RECEIVED, MEASURED IN $ / BU",TOTAL,NOT SPECIFIED,NATIONAL,,99,US,US TOTAL,,,,,,,,0,,,9000,UNITED STATES,US TOTAL,1961,MONTHLY,3,3,MAR,,2012-01-01 00:00:00.000,1.01,
SURVEY,CROPS,FIELD CROPS,CORN,ALL CLASSES,ALL PRODUCTION PRACTICES,GRAIN,PRICE RECEIVED,$ / BU,"CORN, GRAIN - PRICE RECEIVED, MEASURED IN $ / BU",TOTAL,NOT SPECIFIED,NATIONAL,,99,US,US TOTAL,,,,,,,,0,,,9000,UNITED STATES,US TOTAL,1961,MONTHLY,4,4,APR,,2012-01-01 00:00:00.000,0.968,
SURVEY,CROPS,FIELD CROPS,CORN,ALL CLASSES,ALL PRODUCTION PRACTICES,GRAIN,PRICE RECEIVED,$ / BU,"CORN, GRAIN - PRICE RECEIVED, MEASURED IN $ / BU",TOTAL,NOT SPECIFIED,NATIONAL,,99,US,US TOTAL,,,,,,,,0,,,9000,UNITED STATES,US TOTAL,1961,MONTHLY,5,5,MAY,,2012-01-01 00:00:00.000,1.02,
SURVEY,CROPS,FIELD CROPS,CORN,ALL CLASSES,ALL PRODUCTION PRACTICES,GRAIN,PRICE RECEIVED,$ / BU,"CORN, GRAIN - PRICE RECEIVED, MEASURED IN $ / BU",TOTAL,NOT SPECIFIED,NATIONAL,,99,US,US TOTAL,,,,,,,,0,,,9000,UNITED STATES,US TOTAL,1961,MONTHLY,6,6,JUN,,2012-01-01 00:00:00.000,1.03,
SURVEY,CROPS,FIELD CROPS,CORN,ALL CLASSES,ALL PRODUCTION PRACTICES,GRAIN,PRICE RECEIVED,$ / BU,"CORN, GRAIN - PRICE RECEIVED, MEASURED IN $ / BU",TOTAL,NOT SPECIFIED,NATIONAL,,99,US,US TOTAL,,,,,,,,0,,,9000,UNITED STATES,US TOTAL,1961,MONTHLY,7,7,JUL,,2012-01-01 00:00:00.000,1.05,
SURVEY,CROPS,FIELD CROPS,CORN,ALL CLASSES,ALL PRODUCTION PRACTICES,GRAIN,PRICE RECEIVED,$ / BU,"CORN, GRAIN - PRICE RECEIVED, MEASURED IN $ / BU",TOTAL,NOT SPECIFIED,NATIONAL,,99,US,US TOTAL,,,,,,,,0,,,9000,UNITED STATES,US TOTAL,1961,MONTHLY,8,8,AUG,,2012-01-01 00:00:00.000,1.04,
SURVEY,CROPS,FIELD CROPS,CORN,ALL CLASSES,ALL PRODUCTION PRACTICES,GRAIN,PRICE RECEIVED,$ / BU,"CORN, GRAIN - PRICE RECEIVED, MEASURED IN $ / BU",TOTAL,NOT SPECIFIED,NATIONAL,,99,US,US TOTAL,,,,,,,,0,,,9000,UNITED STATES,US TOTAL,1961,MONTHLY,9,9,SEP,,2012-01-01 00:00:00.000,1.04,
SURVEY,CROPS,FIELD CROPS,CORN,ALL CLASSES,ALL PRODUCTION PRACTICES,GRAIN,PRICE RECEIVED,$ / BU,"CORN, GRAIN - PRICE RECEIVED, MEASURED IN $ / BU",TOTAL,NOT SPECIFIED,NATIONAL,,99,US,US TOTAL,,,,,,,,0,,,9000,UNITED STATES,US TOTAL,1961,MONTHLY,10,10,OCT,,2012-01-01 00:00:00.000,1.02,
SURVEY,CROPS,FIELD CROPS,CORN,ALL CLASSES,ALL PRODUCTION PRACTICES,GRAIN,PRICE RECEIVED,$ / BU,"CORN, GRAIN - PRICE RECEIVED, MEASURED IN $ / BU",TOTAL,NOT SPECIFIED,NATIONAL,,99,US,US TOTAL,,,,,,,,0,,,9000,UNITED STATES,US TOTAL,1961,MONTHLY,11,11,NOV,,2012-01-01 00:00:00.000,0.992,
SURVEY,CROPS,FIELD CROPS,CORN,ALL CLASSES,ALL PRODUCTION PRACTICES,GRAIN,PRICE RECEIVED,$ / BU,"CORN, GRAIN - PRICE RECEIVED, MEASURED IN $ / BU",TOTAL,NOT SPECIFIED,NATIONAL,,99,US,US TOTAL,,,,,,,,0,,,9000,UNITED STATES,US TOTAL,1961,MONTHLY,12,12,DEC,,2012-01-01 00:00:00.000,0.994,
SURVEY,CROPS,FIELD CROPS,CORN,ALL CLASSES,ALL PRODUCTION PRACTICES,GRAIN,PRICE RECEIVED,$ / BU,"CORN, GRAIN - PRICE RECEIVED, MEASURED IN $ / BU",TOTAL,NOT SPECIFIED,NATIONAL,,99,US,US TOTAL,,,,,,,,0,,,9000,UNITED STATES,US TOTAL,1960,ANNUAL,0,0,MARKETING YEAR,,2012-01-01 00:00:00.000,1.0,
SURVEY,CROPS,FIELD CROPS,CORN,ALL CLASSES,ALL PRODUCTION PRACTICES,GRAIN,PRICE RECEIVED,$ / BU,"CORN, GRAIN - PRICE RECEIVED, MEASURED IN $ / BU",TOTAL,NOT SPECIFIED,NATIONAL,,99,US,US TOTAL,,,,,,,,0,,,9000,UNITED STATES,US TOTAL,1960,MONTHLY,1,1,JAN,,2012-01-01 00:00:00.000,0.999,
SURVEY,CROPS,FIELD CROPS,CORN,ALL CLASSES,ALL PRODUCTION PRACTICES,GRAIN,PRICE RECEIVED,$ / BU,"CORN, GRAIN - PRICE RECEIVED, MEASURED IN $ / BU",TOTAL,NOT SPECIFIED,NATIONAL,,99,US,US TOTAL,,,,,,,,0,,,9000,UNITED STATES,US TOTAL,1960,MONTHLY,2,2,FEB,,2012-01-01 00:00:00.000,1.01,
SURVEY,CROPS,FIELD CROPS,CORN,ALL CLASSES,ALL PRODUCTION PRACTICES,GRAIN,PRICE RECEIVED,$ / BU,"CORN, GRAIN - PRICE RECEIVED, MEASURED IN $ / BU",TOTAL,NOT SPECIFIED,NATIONAL,,99,US,US TOTAL,,,,,,,,0,,,9000,UNITED STATES,US TOTAL,1960,MONTHLY,3,3,MAR,,2012-01-01 00:00:00.000,1.02,
SURVEY,CROPS,FIELD CROPS,CORN,ALL CLASSES,ALL PRODUCTION PRACTICES,GRAIN,PRICE RECEIVED,$ / BU,"CORN, GRAIN - PRICE RECEIVED, MEASURED IN $ / BU",TOTAL,NOT SPECIFIED,NATIONAL,,99,US,US TOTAL,,,,,,,,0,,,9000,UNITED STATES,US TOTAL,1960,MONTHLY,4,4,APR,,2012-01-01 00:00:00.000,1.06,
SURVEY,CROPS,FIELD CROPS,CORN,ALL CLASSES,ALL PRODUCTION PRACTICES,GRAIN,PRICE RECEIVED,$ / BU,"CORN, GRAIN - PRICE RECEIVED, MEASURED IN $ / BU",TOTAL,NOT SPECIFIED,NATIONAL,,99,US,US TOTAL,,,,,,,,0,,,9000,UNITED STATES,US TOTAL,1960,MONTHLY,5,5,MAY,,2012-01-01 00:00:00.000,1.08,
SURVEY,CROPS,FIELD CROPS,CORN,ALL CLASSES,ALL PRODUCTION PRACTICES,GRAIN,PRICE RECEIVED,$ / BU,"CORN, GRAIN - PRICE RECEIVED, MEASURED IN $ / BU",TOTAL,NOT SPECIFIED,NATIONAL,,99,US,US TOTAL,,,,,,,,0,,,9000,UNITED STATES,US TOTAL,1960,MONTHLY,6,6,JUN,,2012-01-01 00:00:00.000,1.09,
SURVEY,CROPS,FIELD CROPS,CORN,ALL CLASSES,ALL PRODUCTION PRACTICES,GRAIN,PRICE RECEIVED,$ / BU,"CORN, GRAIN - PRICE RECEIVED, MEASURED IN $ / BU",TOTAL,NOT SPECIFIED,NATIONAL,,99,US,US TOTAL,,,,,,,,0,,,9000,UNITED STATES,US TOTAL,1960,MONTHLY,7,7,JUL,,2012-01-01 00:00:00.000,1.09,
SURVEY,CROPS,FIELD CROPS,CORN,ALL CLASSES,ALL PRODUCTION PRACTICES,GRAIN,PRICE RECEIVED,$ / BU,"CORN, GRAIN - PRICE RECEIVED, MEASURED IN $ / BU",TOTAL,NOT SPECIFIED,NATIONAL,,99,US,US TOTAL,,,,,,,,0,,,9000,UNITED STATES,US TOTAL,1960,MONTHLY,8,8,AUG,,2012-01-01 00:00:00.000,1.07,
SURVEY,CROPS,FIELD CROPS,CORN,ALL CLASSES,ALL PRODUCTION PRACTICES,GRAIN,PRICE RECEIVED,$ / BU,"CORN, GRAIN - PRICE RECEIVED, MEASURED IN $ / BU",TOTAL,NOT SPECIFIED,NATIONAL,,99,US,US TOTAL,,,,,,,,0,,,9000,UNITED STATES,US TOTAL,1960,MONTHLY,9,9,SEP,,2012-01-01 00:00:00.000,1.06,
SURVEY,CROPS,FIELD CROPS,CORN,ALL CLASSES,ALL PRODUCTION PRACTICES,GRAIN,PRICE RECEIVED,$ / BU,"CORN, GRAIN - PRICE RECEIVED, MEASURED IN $ / BU",TOTAL,NOT SPECIFIED,NATIONAL,,99,US,US TOTAL,,,,,,,,0,,,9000,UNITED STATES,US TOTAL,1960,MONTHLY,10,10,OCT,,2012-01-01 00:00:00.000,0.992,
SURVEY,CROPS,FIELD CROPS,CORN,ALL CLASSES,ALL PRODUCTION PRACTICES,GRAIN,PRICE RECEIVED,$ / BU,"CORN, GRAIN - PRICE RECEIVED, MEASURED IN $ / BU",TOTAL,NOT SPECIFIED,NATIONAL,,99,US,US TOTAL,,,,,,,,0,,,9000,UNITED STATES,US TOTAL,1960,MONTHLY,11,11,NOV,,2012-01-01 00:00:00.000,0.902,
SURVEY,CROPS,FIELD CROPS,CORN,ALL CLASSES,ALL PRODUCTION PRACTICES,GRAIN,PRICE RECEIVED,$ / BU,"CORN, GRAIN - PRICE RECEIVED, MEASURED IN $ / BU",TOTAL,NOT SPECIFIED,NATIONAL,,99,US,US TOTAL,,,,,,,,0,,,9000,UNITED STATES,US TOTAL,1960,MONTHLY,12,12,DEC,,2012-01-01 00:00:00.000,0.919,
SURVEY,CROPS,FIELD CROPS,CORN,ALL CLASSES,ALL PRODUCTION PRACTICES,GRAIN,PRICE RECEIVED,$ / BU,"CORN, GRAIN - PRICE RECEIVED, MEASURED IN $ / BU",TOTAL,NOT SPECIFIED,NATIONAL,,99,US,US TOTAL,,,,,,,,0,,,9000,UNITED STATES,US TOTAL,1959,ANNUAL,0,0,MARKETING YEAR,,2012-01-01 00:00:00.000,1.05,
SURVEY,CROPS,FIELD CROPS,CORN,ALL CLASSES,ALL PRODUCTION PRACTICES,GRAIN,PRICE RECEIVED,$ / BU,"CORN, GRAIN - PRICE RECEIVED, MEASURED IN $ / BU",TOTAL,NOT SPECIFIED,NATIONAL,,99,US,US TOTAL,,,,,,,,0,,,9000,UNITED STATES,US TOTAL,1959,MONTHLY,1,1,JAN,,2012-01-01 00:00:00.000,1.03,
SURVEY,CROPS,FIELD CROPS,CORN,ALL CLASSES,ALL PRODUCTION PRACTICES,GRAIN,PRICE RECEIVED,$ / BU,"CORN, GRAIN - PRICE RECEIVED, MEASURED IN $ / BU",TOTAL,NOT SPECIFIED,NATIONAL,,99,US,US TOTAL,,,,,,,,0,,,9000,UNITED STATES,US TOTAL,1959,MONTHLY,2,2,FEB,,2012-01-01 00:00:00.000,1.04,
SURVEY,CROPS,FIELD CROPS,CORN,ALL CLASSES,ALL PRODUCTION PRACTICES,GRAIN,PRICE RECEIVED,$ / BU,"CORN, GRAIN - PRICE RECEIVED, MEASURED IN $ / BU",TOTAL,NOT SPECIFIED,NATIONAL,,99,US,US TOTAL,,,,,,,,0,,,9000,UNITED STATES,US TOTAL,1959,MONTHLY,3,3,MAR,,2012-01-01 00:00:00.000,1.06,
SURVEY,CROPS,FIELD CROPS,CORN,ALL CLASSES,ALL PRODUCTION PRACTICES,GRAIN,PRICE RECEIVED,$ / BU,"CORN, GRAIN - PRICE RECEIVED, MEASURED IN $ / BU",TOTAL,NOT SPECIFIED,NATIONAL,,99,US,US TOTAL,,,,,,,,0,,,9000,UNITED STATES,US TOTAL,1959,MONTHLY,4,4,APR,,2012-01-01 00:00:00.000,1.13,
SURVEY,CROPS,FIELD CROPS,CORN,ALL CLASSES,ALL PRODUCTION PRACTICES,GRAIN,PRICE RECEIVED,$ / BU,"CORN, GRAIN - PRICE RECEIVED, MEASURED IN $ / BU",TOTAL,NOT SPECIFIED,NATIONAL,,99,US,US TOTAL,,,,,,,,0,,,9000,UNITED STATES,US TOTAL,1959,MONTHLY,5,5,MAY,,2012-01-01 00:00:00.000,1.16,
SURVEY,CROPS,FIELD CROPS,CORN,ALL CLASSES,ALL PRODUCTION PRACTICES,GRAIN,PRICE RECEIVED,$ / BU,"CORN, GRAIN - PRICE RECEIVED, MEASURED IN $ / BU",TOTAL,NOT SPECIFIED,NATIONAL,,99,US,US TOTAL,,,,,,,,0,,,9000,UNITED STATES,US TOTAL,1959,MONTHLY,6,6,JUN,,2012-01-01 00:00:00.000,1.16,
SURVEY,CROPS,FIELD CROPS,CORN,ALL CLASSES,ALL PRODUCTION PRACTICES,GRAIN,PRICE RECEIVED,$ / BU,"CORN, GRAIN - PRICE RECEIVED, MEASURED IN $ / BU",TOTAL,NOT SPECIFIED,NATIONAL,,99,US,US TOTAL,,,,,,,,0,,,9000,UNITED STATES,US TOTAL,1959,MONTHLY,7,7,JUL,,2012-01-01 00:00:00.000,1.13,
SURVEY,CROPS,FIELD CROPS,CORN,ALL CLASSES,ALL PRODUCTION PRACTICES,GRAIN,PRICE RECEIVED,$ / BU,"CORN, GRAIN - PRICE RECEIVED, MEASURED IN $ / BU",TOTAL,NOT SPECIFIED,NATIONAL,,99,US,US TOTAL,,,,,,,,0,,,9000,UNITED STATES,US TOTAL,1959,MONTHLY,8,8,AUG,,2012-01-01 00:00:00.000,1.13,
SURVEY,CROPS,FIELD CROPS,CORN,ALL CLASSES,ALL PRODUCTION PRACTICES,GRAIN,PRICE RECEIVED,$ / BU,"CORN, GRAIN - PRICE RECEIVED, MEASURED IN $ / BU",TOTAL,NOT SPECIFIED,NATIONAL,,99,US,US TOTAL,,,,,,,,0,,,9000,UNITED STATES,US TOTAL,1959,MONTHLY,9,9,SEP,,2012-01-01 00:00:00.000,1.09,
SURVEY,CROPS,FIELD CROPS,CORN,ALL CLASSES,ALL PRODUCTION PRACTICES,GRAIN,PRICE RECEIVED,$ / BU,"CORN, GRAIN - PRICE RECEIVED, MEASURED IN $ / BU",TOTAL,NOT SPECIFIED,NATIONAL,,99,US,US TOTAL,,,,,,,,0,,,9000,UNITED STATES,US TOTAL,1959,MONTHLY,10,10,OCT,,2012-01-01 00:00:00.000,0.991,
SURVEY,CROPS,FIELD CROPS,CORN,ALL CLASSES,ALL PRODUCTION PRACTICES,GRAIN,PRICE RECEIVED,$ / BU,"CORN, GRAIN - PRICE RECEIVED, MEASURED IN $ / BU",TOTAL,NOT SPECIFIED,NATIONAL,,99,US,US TOTAL,,,,,,,,0,,,9000,UNITED STATES,US TOTAL,1959,MONTHLY,11,11,NOV,,2012-01-01 00:00:00.000,0.988,
SURVEY,CROPS,FIELD CROPS,CORN,ALL CLASSES,ALL PRODUCTION PRACTICES,GRAIN,PRICE RECEIVED,$ / BU,"CORN, GRAIN - PRICE RECEIVED, MEASURED IN $ / BU",TOTAL,NOT SPECIFIED,NATIONAL,,99,US,US TOTAL,,,,,,,,0,,,9000,UNITED STATES,US TOTAL,1959,MONTHLY,12,12,DEC,,2012-01-01 00:00:00.000,0.978,
SURVEY,CROPS,FIELD CROPS,CORN,ALL CLASSES,ALL PRODUCTION PRACTICES,GRAIN,PRICE RECEIVED,$ / BU,"CORN, GRAIN - PRICE RECEIVED, MEASURED IN $ / BU",TOTAL,NOT SPECIFIED,NATIONAL,,99,US,US TOTAL,,,,,,,,0,,,9000,UNITED STATES,US TOTAL,1958,ANNUAL,0,0,MARKETING YEAR,,2012-01-01 00:00:00.000,1.12,
SURVEY,CROPS,FIELD CROPS,CORN,ALL CLASSES,ALL PRODUCTION PRACTICES,GRAIN,PRICE RECEIVED,$ / BU,"CORN, GRAIN - PRICE RECEIVED, MEASURED IN $ / BU",TOTAL,NOT SPECIFIED,NATIONAL,,99,US,US TOTAL,,,,,,,,0,,,9000,UNITED STATES,US TOTAL,1958,MONTHLY,1,1,JAN,,2012-01-01 00:00:00.000,0.931,
SURVEY,CROPS,FIELD CROPS,CORN,ALL CLASSES,ALL PRODUCTION PRACTICES,GRAIN,PRICE RECEIVED,$ / BU,"CORN, GRAIN - PRICE RECEIVED, MEASURED IN $ / BU",TOTAL,NOT SPECIFIED,NATIONAL,,99,US,US TOTAL,,,,,,,,0,,,9000,UNITED STATES,US TOTAL,1958,MONTHLY,2,2,FEB,,2012-01-01 00:00:00.000,0.958,
SURVEY,CROPS,FIELD CROPS,CORN,ALL CLASSES,ALL PRODUCTION PRACTICES,GRAIN,PRICE RECEIVED,$ / BU,"CORN, GRAIN - PRICE RECEIVED, MEASURED IN $ / BU",TOTAL,NOT SPECIFIED,NATIONAL,,99,US,US TOTAL,,,,,,,,0,,,9000,UNITED STATES,US TOTAL,1958,MONTHLY,3,3,MAR,,2012-01-01 00:00:00.000,1.0,
SURVEY,CROPS,FIELD CROPS,CORN,ALL CLASSES,ALL PRODUCTION PRACTICES,GRAIN,PRICE RECEIVED,$ / BU,"CORN, GRAIN - PRICE RECEIVED, MEASURED IN $ / BU",TOTAL,NOT SPECIFIED,NATIONAL,,99,US,US TOTAL,,,,,,,,0,,,9000,UNITED STATES,US TOTAL,1958,MONTHLY,4,4,APR,,2012-01-01 00:00:00.000,1.12,
SURVEY,CROPS,FIELD CROPS,CORN,ALL CLASSES,ALL PRODUCTION PRACTICES,GRAIN,PRICE RECEIVED,$ / BU,"CORN, GRAIN - PRICE RECEIVED, MEASURED IN $ / BU",TOTAL,NOT SPECIFIED,NATIONAL,,99,US,US TOTAL,,,,,,,,0,,,9000,UNITED STATES,US TOTAL,1958,MONTHLY,5,5,MAY,,2012-01-01 00:00:00.000,1.15,
SURVEY,CROPS,FIELD CROPS,CORN,ALL CLASSES,ALL PRODUCTION PRACTICES,GRAIN,PRICE RECEIVED,$ / BU,"CORN, GRAIN - PRICE RECEIVED, MEASURED IN $ / BU",TOTAL,NOT SPECIFIED,NATIONAL,,99,US,US TOTAL,,,,,,,,0,,,9000,UNITED STATES,US TOTAL,1958,MONTHLY,6,6,JUN,,2012-01-01 00:00:00.000,1.19,
SURVEY,CROPS,FIELD CROPS,CORN,ALL CLASSES,ALL PRODUCTION PRACTICES,GRAIN,PRICE RECEIVED,$ / BU,"CORN, GRAIN - PRICE RECEIVED, MEASURED IN $ / BU",TOTAL,NOT SPECIFIED,NATIONAL,,99,US,US TOTAL,,,,,,,,0,,,9000,UNITED STATES,US TOTAL,1958,MONTHLY,7,7,JUL,,2012-01-01 00:00:00.000,1.18,
SURVEY,CROPS,FIELD CROPS,CORN,ALL CLASSES,ALL PRODUCTION PRACTICES,GRAIN,PRICE RECEIVED,$ / BU,"CORN, GRAIN - PRICE RECEIVED, MEASURED IN $ / BU",TOTAL,NOT SPECIFIED,NATIONAL,,99,US,US TOTAL,,,,,,,,0,,,9000,UNITED STATES,US TOTAL,1958,MONTHLY,8,8,AUG,,2012-01-01 00:00:00.000,1.18,
SURVEY,CROPS,FIELD CROPS,CORN,ALL CLASSES,ALL PRODUCTION PRACTICES,GRAIN,PRICE RECEIVED,$ / BU,"CORN, GRAIN - PRICE RECEIVED, MEASURED IN $ / BU",TOTAL,NOT SPECIFIED,NATIONAL,,99,US,US TOTAL,,,,,,,,0,,,9000,UNITED STATES,US TOTAL,1958,MONTHLY,9,9,SEP,,2012-01-01 00:00:00.000,1.13,
SURVEY,CROPS,FIELD CROPS,CORN,ALL CLASSES,ALL PRODUCTION PRACTICES,GRAIN,PRICE RECEIVED,$ / BU,"CORN, GRAIN - PRICE RECEIVED, MEASURED IN $ / BU",TOTAL,NOT SPECIFIED,NATIONAL,,99,US,US TOTAL,,,,,,,,0,,,9000,UNITED STATES,US TOTAL,1958,MONTHLY,10,10,OCT,,2012-01-01 00:00:00.000,1.04,
SURVEY,CROPS,FIELD CROPS,CORN,ALL CLASSES,ALL PRODUCTION PRACTICES,GRAIN,PRICE RECEIVED,$ / BU,"CORN, GRAIN - PRICE RECEIVED, MEASURED IN $ / BU",TOTAL,NOT SPECIFIED,NATIONAL,,99,US,US TOTAL,,,,,,,,0,,,9000,UNITED STATES,US TOTAL,1958,MONTHLY,11,11,NOV,,2012-01-01 00:00:00.000,0.942,
SURVEY,CROPS,FIELD CROPS,CORN,ALL CLASSES,ALL PRODUCTION PRACTICES,GRAIN,PRICE RECEIVED,$ / BU,"CORN, GRAIN - PRICE RECEIVED, MEASURED IN $ / BU",TOTAL,NOT SPECIFIED,NATIONAL,,99,US,US TOTAL,,,,,,,,0,,,9000,UNITED STATES,US TOTAL,1958,MONTHLY,12,12,DEC,,2012-01-01 00:00:00.000,1.02,
SURVEY,CROPS,FIELD CROPS,CORN,ALL CLASSES,ALL PRODUCTION PRACTICES,GRAIN,PRICE RECEIVED,$ / BU,"CORN, GRAIN - PRICE RECEIVED, MEASURED IN $ / BU",TOTAL,NOT SPECIFIED,NATIONAL,,99,US,US TOTAL,,,,,,,,0,,,9000,UNITED STATES,US TOTAL,1957,ANNUAL,0,0,MARKETING YEAR,,2012-01-01 00:00:00.000,1.11,
SURVEY,CROPS,FIELD CROPS,CORN,ALL CLASSES,ALL PRODUCTION PRACTICES,GRAIN,PRICE RECEIVED,$ / BU,"CORN, GRAIN - PRICE RECEIVED, MEASURED IN $ / BU",TOTAL,NOT SPECIFIED,NATIONAL,,99,US,US TOTAL,,,,,,,,0,,,9000,UNITED STATES,US TOTAL,1957,MONTHLY,1,1,JAN,,2012-01-01 00:00:00.000,1.23,
SURVEY,CROPS,FIELD CROPS,CORN,ALL CLASSES,ALL PRODUCTION PRACTICES,GRAIN,PRICE RECEIVED,$ / BU,"CORN, GRAIN - PRICE RECEIVED, MEASURED IN $ / BU",TOTAL,NOT SPECIFIED,NATIONAL,,99,US,US TOTAL,,,,,,,,0,,,9000,UNITED STATES,US TOTAL,1957,MONTHLY,2,2,FEB,,2012-01-01 00:00:00.000,1.19,
SURVEY,CROPS,FIELD CROPS,CORN,ALL CLASSES,ALL PRODUCTION PRACTICES,GRAIN,PRICE RECEIVED,$ / BU,"CORN, GRAIN - PRICE RECEIVED, MEASURED IN $ / BU",TOTAL,NOT SPECIFIED,NATIONAL,,99,US,US TOTAL,,,,,,,,0,,,9000,UNITED STATES,US TOTAL,1957,MONTHLY,3,3,MAR,,2012-01-01 00:00:00.000,1.2,
SURVEY,CROPS,FIELD CROPS,CORN,ALL CLASSES,ALL PRODUCTION PRACTICES,GRAIN,PRICE RECEIVED,$ / BU,"CORN, GRAIN - PRICE RECEIVED, MEASURED IN $ / BU",TOTAL,NOT SPECIFIED,NATIONAL,,99,US,US TOTAL,,,,,,,,0,,,9000,UNITED STATES,US TOTAL,1957,MONTHLY,4,4,APR,,2012-01-01 00:00:00.000,1.21,
SURVEY,CROPS,FIELD CROPS,CORN,ALL CLASSES,ALL PRODUCTION PRACTICES,GRAIN,PRICE RECEIVED,$ / BU,"CORN, GRAIN - PRICE RECEIVED, MEASURED IN $ / BU",TOTAL,NOT SPECIFIED,NATIONAL,,99,US,US TOTAL,,,,,,,,0,,,9000,UNITED STATES,US TOTAL,1957,MONTHLY,5,5,MAY,,2012-01-01 00:00:00.000,1.23,
SURVEY,CROPS,FIELD CROPS,CORN,ALL CLASSES,ALL PRODUCTION PRACTICES,GRAIN,PRICE RECEIVED,$ / BU,"CORN, GRAIN - PRICE RECEIVED, MEASURED IN $ / BU",TOTAL,NOT SPECIFIED,NATIONAL,,99,US,US TOTAL,,,,,,,,0,,,9000,UNITED STATES,US TOTAL,1957,MONTHLY,6,6,JUN,,2012-01-01 00:00:00.000,1.22,
SURVEY,CROPS,FIELD CROPS,CORN,ALL CLASSES,ALL PRODUCTION PRACTICES,GRAIN,PRICE RECEIVED,$ / BU,"CORN, GRAIN - PRICE RECEIVED, MEASURED IN $ / BU",TOTAL,NOT SPECIFIED,NATIONAL,,99,US,US TOTAL,,,,,,,,0,,,9000,UNITED STATES,US TOTAL,1957,MONTHLY,7,7,JUL,,2012-01-01 00:00:00.000,1.23,
SURVEY,CROPS,FIELD CROPS,CORN,ALL CLASSES,ALL PRODUCTION PRACTICES,GRAIN,PRICE RECEIVED,$ / BU,"CORN, GRAIN - PRICE RECEIVED, MEASURED IN $ / BU",TOTAL,NOT SPECIFIED,NATIONAL,,99,US,US TOTAL,,,,,,,,0,,,9000,UNITED STATES,US TOTAL,1957,MONTHLY,8,8,AUG,,2012-01-01 00:00:00.000,1.23,
SURVEY,CROPS,FIELD CROPS,CORN,ALL CLASSES,ALL PRODUCTION PRACTICES,GRAIN,PRICE RECEIVED,$ / BU,"CORN, GRAIN - PRICE RECEIVED, MEASURED IN $ / BU",TOTAL,NOT SPECIFIED,NATIONAL,,99,US,US TOTAL,,,,,,,,0,,,9000,UNITED STATES,US TOTAL,1957,MONTHLY,9,9,SEP,,2012-01-01 00:00:00.000,1.15,
SURVEY,CROPS,FIELD CROPS,CORN,ALL CLASSES,ALL PRODUCTION PRACTICES,GRAIN,PRICE RECEIVED,$ / BU,"CORN, GRAIN - PRICE RECEIVED, MEASURED IN $ / BU",TOTAL,NOT SPECIFIED,NATIONAL,,99,US,US TOTAL,,,,,,,,0,,,9000,UNITED STATES,US TOTAL,1957,MONTHLY,10,10,OCT,,2012-01-01 00:00:00.000,1.06,
SURVEY,CROPS,FIELD CROPS,CORN,ALL CLASSES,ALL PRODUCTION PRACTICES,GRAIN,PRICE RECEIVED,$ / BU,"CORN, GRAIN - PRICE RECEIVED, MEASURED IN $ / BU",TOTAL,NOT SPECIFIED,NATIONAL,,99,US,US TOTAL,,,,,,,,0,,,9000,UNITED STATES,US TOTAL,1957,MONTHLY,11,11,NOV,,2012-01-01 00:00:00.000,0.985,
SURVEY,CROPS,FIELD CROPS,CORN,ALL CLASSES,ALL PRODUCTION PRACTICES,GRAIN,PRICE RECEIVED,$ / BU,"CORN, GRAIN - PRICE RECEIVED, MEASURED IN $ / BU",TOTAL,NOT SPECIFIED,NATIONAL,,99,US,US TOTAL,,,,,,,,0,,,9000,UNITED STATES,US TOTAL,1957,MONTHLY,12,12,DEC,,2012-01-01 00:00:00.000,0.984,
SURVEY,CROPS,FIELD CROPS,CORN,ALL CLASSES,ALL PRODUCTION PRACTICES,GRAIN,PRICE RECEIVED,$ / BU,"CORN, GRAIN - PRICE RECEIVED, MEASURED IN $ / BU",TOTAL,NOT SPECIFIED,NATIONAL,,99,US,US TOTAL,,,,,,,,0,,,9000,UNITED STATES,US TOTAL,1956,ANNUAL,0,0,MARKETING YEAR,,2012-01-01 00:00:00.000,1.29,
SURVEY,CROPS,FIELD CROPS,CORN,ALL CLASSES,ALL PRODUCTION PRACTICES,GRAIN,PRICE RECEIVED,$ / BU,"CORN, GRAIN - PRICE RECEIVED, MEASURED IN $ / BU",TOTAL,NOT SPECIFIED,NATIONAL,,99,US,US TOTAL,,,,,,,,0,,,9000,UNITED STATES,US TOTAL,1956,MONTHLY,1,1,JAN,,2012-01-01 00:00:00.000,1.16,
SURVEY,CROPS,FIELD CROPS,CORN,ALL CLASSES,ALL PRODUCTION PRACTICES,GRAIN,PRICE RECEIVED,$ / BU,"CORN, GRAIN - PRICE RECEIVED, MEASURED IN $ / BU",TOTAL,NOT SPECIFIED,NATIONAL,,99,US,US TOTAL,,,,,,,,0,,,9000,UNITED STATES,US TOTAL,1956,MONTHLY,2,2,FEB,,2012-01-01 00:00:00.000,1.18,
SURVEY,CROPS,FIELD CROPS,CORN,ALL CLASSES,ALL PRODUCTION PRACTICES,GRAIN,PRICE RECEIVED,$ / BU,"CORN, GRAIN - PRICE RECEIVED, MEASURED IN $ / BU",TOTAL,NOT SPECIFIED,NATIONAL,,99,US,US TOTAL,,,,,,,,0,,,9000,UNITED STATES,US TOTAL,1956,MONTHLY,3,3,MAR,,2012-01-01 00:00:00.000,1.2,
SURVEY,CROPS,FIELD CROPS,CORN,ALL CLASSES,ALL PRODUCTION PRACTICES,GRAIN,PRICE RECEIVED,$ / BU,"CORN, GRAIN - PRICE RECEIVED, MEASURED IN $ / BU",TOTAL,NOT SPECIFIED,NATIONAL,,99,US,US TOTAL,,,,,,,,0,,,9000,UNITED STATES,US TOTAL,1956,MONTHLY,4,4,APR,,2012-01-01 00:00:00.000,1.32,
SURVEY,CROPS,FIELD CROPS,CORN,ALL CLASSES,ALL PRODUCTION PRACTICES,GRAIN,PRICE RECEIVED,$ / BU,"CORN, GRAIN - PRICE RECEIVED, MEASURED IN $ / BU",TOTAL,NOT SPECIFIED,NATIONAL,,99,US,US TOTAL,,,,,,,,0,,,9000,UNITED STATES,US TOTAL,1956,MONTHLY,5,5,MAY,,2012-01-01 00:00:00.000,1.39,
SURVEY,CROPS,FIELD CROPS,CORN,ALL CLASSES,ALL PRODUCTION PRACTICES,GRAIN,PRICE RECEIVED,$ / BU,"CORN, GRAIN - PRICE RECEIVED, MEASURED IN $ / BU",TOTAL,NOT SPECIFIED,NATIONAL,,99,US,US TOTAL,,,,,,,,0,,,9000,UNITED STATES,US TOTAL,1956,MONTHLY,6,6,JUN,,2012-01-01 00:00:00.000,1.42,
SURVEY,CROPS,FIELD CROPS,CORN,ALL CLASSES,ALL PRODUCTION PRACTICES,GRAIN,PRICE RECEIVED,$ / BU,"CORN, GRAIN - PRICE RECEIVED, MEASURED IN $ / BU",TOTAL,NOT SPECIFIED,NATIONAL,,99,US,US TOTAL,,,,,,,,0,,,9000,UNITED STATES,US TOTAL,1956,MONTHLY,7,7,JUL,,2012-01-01 00:00:00.000,1.43,
SURVEY,CROPS,FIELD CROPS,CORN,ALL CLASSES,ALL PRODUCTION PRACTICES,GRAIN,PRICE RECEIVED,$ / BU,"CORN, GRAIN - PRICE RECEIVED, MEASURED IN $ / BU",TOTAL,NOT SPECIFIED,NATIONAL,,99,US,US TOTAL,,,,,,,,0,,,9000,UNITED STATES,US TOTAL,1956,MONTHLY,8,8,AUG,,2012-01-01 00:00:00.000,1.45,
SURVEY,CROPS,FIELD CROPS,CORN,ALL CLASSES,ALL PRODUCTION PRACTICES,GRAIN,PRICE RECEIVED,$ / BU,"CORN, GRAIN - PRICE RECEIVED, MEASURED IN $ / BU",TOTAL,NOT SPECIFIED,NATIONAL,,99,US,US TOTAL,,,,,,,,0,,,9000,UNITED STATES,US TOTAL,1956,MONTHLY,9,9,SEP,,2012-01-01 00:00:00.000,1.43,
SURVEY,CROPS,FIELD CROPS,CORN,ALL CLASSES,ALL PRODUCTION PRACTICES,GRAIN,PRICE RECEIVED,$ / BU,"CORN, GRAIN - PRICE RECEIVED, MEASURED IN $ / BU",TOTAL,NOT SPECIFIED,NATIONAL,,99,US,US TOTAL,,,,,,,,0,,,9000,UNITED STATES,US TOTAL,1956,MONTHLY,10,10,OCT,,2012-01-01 00:00:00.000,1.19,
SURVEY,CROPS,FIELD CROPS,CORN,ALL CLASSES,ALL PRODUCTION PRACTICES,GRAIN,PRICE RECEIVED,$ / BU,"CORN, GRAIN - PRICE RECEIVED, MEASURED IN $ / BU",TOTAL,NOT SPECIFIED,NATIONAL,,99,US,US TOTAL,,,,,,,,0,,,9000,UNITED STATES,US TOTAL,1956,MONTHLY,11,11,NOV,,2012-01-01 00:00:00.000,1.21,
SURVEY,CROPS,FIELD CROPS,CORN,ALL CLASSES,ALL PRODUCTION PRACTICES,GRAIN,PRICE RECEIVED,$ / BU,"CORN, GRAIN - PRICE RECEIVED, MEASURED IN $ / BU",TOTAL,NOT SPECIFIED,NATIONAL,,99,US,US TOTAL,,,,,,,,0,,,9000,UNITED STATES,US TOTAL,1956,MONTHLY,12,12,DEC,,2012-01-01 00:00:00.000,1.22,
SURVEY,CROPS,FIELD CROPS,CORN,ALL CLASSES,ALL PRODUCTION PRACTICES,GRAIN,PRICE RECEIVED,$ / BU,"CORN, GRAIN - PRICE RECEIVED, MEASURED IN $ / BU",TOTAL,NOT SPECIFIED,NATIONAL,,99,US,US TOTAL,,,,,,,,0,,,9000,UNITED STATES,US TOTAL,1955,ANNUAL,0,0,MARKETING YEAR,,2012-01-01 00:00:00.000,1.35,
SURVEY,CROPS,FIELD CROPS,CORN,ALL CLASSES,ALL PRODUCTION PRACTICES,GRAIN,PRICE RECEIVED,$ / BU,"CORN, GRAIN - PRICE RECEIVED, MEASURED IN $ / BU",TOTAL,NOT SPECIFIED,NATIONAL,,99,US,US TOTAL,,,,,,,,0,,,9000,UNITED STATES,US TOTAL,1955,MONTHLY,1,1,JAN,,2012-01-01 00:00:00.000,1.4,
SURVEY,CROPS,FIELD CROPS,CORN,ALL CLASSES,ALL PRODUCTION PRACTICES,GRAIN,PRICE RECEIVED,$ / BU,"CORN, GRAIN - PRICE RECEIVED, MEASURED IN $ / BU",TOTAL,NOT SPECIFIED,NATIONAL,,99,US,US TOTAL,,,,,,,,0,,,9000,UNITED STATES,US TOTAL,1955,MONTHLY,2,2,FEB,,2012-01-01 00:00:00.000,1.4,
SURVEY,CROPS,FIELD CROPS,CORN,ALL CLASSES,ALL PRODUCTION PRACTICES,GRAIN,PRICE RECEIVED,$ / BU,"CORN, GRAIN - PRICE RECEIVED, MEASURED IN $ / BU",TOTAL,NOT SPECIFIED,NATIONAL,,99,US,US TOTAL,,,,,,,,0,,,9000,UNITED STATES,US TOTAL,1955,MONTHLY,3,3,MAR,,2012-01-01 00:00:00.000,1.36,
SURVEY,CROPS,FIELD CROPS,CORN,ALL CLASSES,ALL PRODUCTION PRACTICES,GRAIN,PRICE RECEIVED,$ / BU,"CORN, GRAIN - PRICE RECEIVED, MEASURED IN $ / BU",TOTAL,NOT SPECIFIED,NATIONAL,,99,US,US TOTAL,,,,,,,,0,,,9000,UNITED STATES,US TOTAL,1955,MONTHLY,4,4,APR,,2012-01-01 00:00:00.000,1.36,
SURVEY,CROPS,FIELD CROPS,CORN,ALL CLASSES,ALL PRODUCTION PRACTICES,GRAIN,PRICE RECEIVED,$ / BU,"CORN, GRAIN - PRICE RECEIVED, MEASURED IN $ / BU",TOTAL,NOT SPECIFIED,NATIONAL,,99,US,US TOTAL,,,,,,,,0,,,9000,UNITED STATES,US TOTAL,1955,MONTHLY,5,5,MAY,,2012-01-01 00:00:00.000,1.4,
SURVEY,CROPS,FIELD CROPS,CORN,ALL CLASSES,ALL PRODUCTION PRACTICES,GRAIN,PRICE RECEIVED,$ / BU,"CORN, GRAIN - PRICE RECEIVED, MEASURED IN $ / BU",TOTAL,NOT SPECIFIED,NATIONAL,,99,US,US TOTAL,,,,,,,,0,,,9000,UNITED STATES,US TOTAL,1955,MONTHLY,6,6,JUN,,2012-01-01 00:00:00.000,1.4,
SURVEY,CROPS,FIELD CROPS,CORN,ALL CLASSES,ALL PRODUCTION PRACTICES,GRAIN,PRICE RECEIVED,$ / BU,"CORN, GRAIN - PRICE RECEIVED, MEASURED IN $ / BU",TOTAL,NOT SPECIFIED,NATIONAL,,99,US,US TOTAL,,,,,,,,0,,,9000,UNITED STATES,US TOTAL,1955,MONTHLY,7,7,JUL,,2012-01-01 00:00:00.000,1.4,
SURVEY,CROPS,FIELD CROPS,CORN,ALL CLASSES,ALL PRODUCTION PRACTICES,GRAIN,PRICE RECEIVED,$ / BU,"CORN, GRAIN - PRICE RECEIVED, MEASURED IN $ / BU",TOTAL,NOT SPECIFIED,NATIONAL,,99,US,US TOTAL,,,,,,,,0,,,9000,UNITED STATES,US TOTAL,1955,MONTHLY,8,8,AUG,,2012-01-01 00:00:00.000,1.3,
SURVEY,CROPS,FIELD CROPS,CORN,ALL CLASSES,ALL PRODUCTION PRACTICES,GRAIN,PRICE RECEIVED,$ / BU,"CORN, GRAIN - PRICE RECEIVED, MEASURED IN $ / BU",TOTAL,NOT SPECIFIED,NATIONAL,,99,US,US TOTAL,,,,,,,,0,,,9000,UNITED STATES,US TOTAL,1955,MONTHLY,9,9,SEP,,2012-01-01 00:00:00.000,1.24,
SURVEY,CROPS,FIELD CROPS,CORN,ALL CLASSES,ALL PRODUCTION PRACTICES,GRAIN,PRICE RECEIVED,$ / BU,"CORN, GRAIN - PRICE RECEIVED, MEASURED IN $ / BU",TOTAL,NOT SPECIFIED,NATIONAL,,99,US,US TOTAL,,,,,,,,0,,,9000,UNITED STATES,US TOTAL,1955,MONTHLY,10,10,OCT,,2012-01-01 00:00:00.000,1.14,
SURVEY,CROPS,FIELD CROPS,CORN,ALL CLASSES,ALL PRODUCTION PRACTICES,GRAIN,PRICE RECEIVED,$ / BU,"CORN, GRAIN - PRICE RECEIVED, MEASURED IN $ / BU",TOTAL,NOT SPECIFIED,NATIONAL,,99,US,US TOTAL,,,,,,,,0,,,9000,UNITED STATES,US TOTAL,1955,MONTHLY,11,11,NOV,,2012-01-01 00:00:00.000,1.09,
SURVEY,CROPS,FIELD CROPS,CORN,ALL CLASSES,ALL PRODUCTION PRACTICES,GRAIN,PRICE RECEIVED,$ / BU,"CORN, GRAIN - PRICE RECEIVED, MEASURED IN $ / BU",TOTAL,NOT SPECIFIED,NATIONAL,,99,US,US TOTAL,,,,,,,,0,,,9000,UNITED STATES,US TOTAL,1955,MONTHLY,12,12,DEC,,2012-01-01 00:00:00.000,1.15,
SURVEY,CROPS,FIELD CROPS,CORN,ALL CLASSES,ALL PRODUCTION PRACTICES,GRAIN,PRICE RECEIVED,$ / BU,"CORN, GRAIN - PRICE RECEIVED, MEASURED IN $ / BU",TOTAL,NOT SPECIFIED,NATIONAL,,99,US,US TOTAL,,,,,,,,0,,,9000,UNITED STATES,US TOTAL,1954,ANNUAL,0,0,MARKETING YEAR,,2012-01-01 00:00:00.000,1.43,
SURVEY,CROPS,FIELD CROPS,CORN,ALL CLASSES,ALL PRODUCTION PRACTICES,GRAIN,PRICE RECEIVED,$ / BU,"CORN, GRAIN - PRICE RECEIVED, MEASURED IN $ / BU",TOTAL,NOT SPECIFIED,NATIONAL,,99,US,US TOTAL,,,,,,,,0,,,9000,UNITED STATES,US TOTAL,1954,MONTHLY,1,1,JAN,,2012-01-01 00:00:00.000,1.42,
SURVEY,CROPS,FIELD CROPS,CORN,ALL CLASSES,ALL PRODUCTION PRACTICES,GRAIN,PRICE RECEIVED,$ / BU,"CORN, GRAIN - PRICE RECEIVED, MEASURED IN $ / BU",TOTAL,NOT SPECIFIED,NATIONAL,,99,US,US TOTAL,,,,,,,,0,,,9000,UNITED STATES,US TOTAL,1954,MONTHLY,2,2,FEB,,2012-01-01 00:00:00.000,1.43,
SURVEY,CROPS,FIELD CROPS,CORN,ALL CLASSES,ALL PRODUCTION PRACTICES,GRAIN,PRICE RECEIVED,$ / BU,"CORN, GRAIN - PRICE RECEIVED, MEASURED IN $ / BU",TOTAL,NOT SPECIFIED,NATIONAL,,99,US,US TOTAL,,,,,,,,0,,,9000,UNITED STATES,US TOTAL,1954,MONTHLY,3,3,MAR,,2012-01-01 00:00:00.000,1.44,
SURVEY,CROPS,FIELD CROPS,CORN,ALL CLASSES,ALL PRODUCTION PRACTICES,GRAIN,PRICE RECEIVED,$ / BU,"CORN, GRAIN - PRICE RECEIVED, MEASURED IN $ / BU",TOTAL,NOT SPECIFIED,NATIONAL,,99,US,US TOTAL,,,,,,,,0,,,9000,UNITED STATES,US TOTAL,1954,MONTHLY,4,4,APR,,2012-01-01 00:00:00.000,1.45,
SURVEY,CROPS,FIELD CROPS,CORN,ALL CLASSES,ALL PRODUCTION PRACTICES,GRAIN,PRICE RECEIVED,$ / BU,"CORN, GRAIN - PRICE RECEIVED, MEASURED IN $ / BU",TOTAL,NOT SPECIFIED,NATIONAL,,99,US,US TOTAL,,,,,,,,0,,,9000,UNITED STATES,US TOTAL,1954,MONTHLY,5,5,MAY,,2012-01-01 00:00:00.000,1.47,
SURVEY,CROPS,FIELD CROPS,CORN,ALL CLASSES,ALL PRODUCTION PRACTICES,GRAIN,PRICE RECEIVED,$ / BU,"CORN, GRAIN - PRICE RECEIVED, MEASURED IN $ / BU",TOTAL,NOT SPECIFIED,NATIONAL,,99,US,US TOTAL,,,,,,,,0,,,9000,UNITED STATES,US TOTAL,1954,MONTHLY,6,6,JUN,,2012-01-01 00:00:00.000,1.49,
SURVEY,CROPS,FIELD CROPS,CORN,ALL CLASSES,ALL PRODUCTION PRACTICES,GRAIN,PRICE RECEIVED,$ / BU,"CORN, GRAIN - PRICE RECEIVED, MEASURED IN $ / BU",TOTAL,NOT SPECIFIED,NATIONAL,,99,US,US TOTAL,,,,,,,,0,,,9000,UNITED STATES,US TOTAL,1954,MONTHLY,7,7,JUL,,2012-01-01 00:00:00.000,1.5,
SURVEY,CROPS,FIELD CROPS,CORN,ALL CLASSES,ALL PRODUCTION PRACTICES,GRAIN,PRICE RECEIVED,$ / BU,"CORN, GRAIN - PRICE RECEIVED, MEASURED IN $ / BU",TOTAL,NOT SPECIFIED,NATIONAL,,99,US,US TOTAL,,,,,,,,0,,,9000,UNITED STATES,US TOTAL,1954,MONTHLY,8,8,AUG,,2012-01-01 00:00:00.000,1.53,
SURVEY,CROPS,FIELD CROPS,CORN,ALL CLASSES,ALL PRODUCTION PRACTICES,GRAIN,PRICE RECEIVED,$ / BU,"CORN, GRAIN - PRICE RECEIVED, MEASURED IN $ / BU",TOTAL,NOT SPECIFIED,NATIONAL,,99,US,US TOTAL,,,,,,,,0,,,9000,UNITED STATES,US TOTAL,1954,MONTHLY,9,9,SEP,,2012-01-01 00:00:00.000,1.53,
SURVEY,CROPS,FIELD CROPS,CORN,ALL CLASSES,ALL PRODUCTION PRACTICES,GRAIN,PRICE RECEIVED,$ / BU,"CORN, GRAIN - PRICE RECEIVED, MEASURED IN $ / BU",TOTAL,NOT SPECIFIED,NATIONAL,,99,US,US TOTAL,,,,,,,,0,,,9000,UNITED STATES,US TOTAL,1954,MONTHLY,10,10,OCT,,2012-01-01 00:00:00.000,1.45,
SURVEY,CROPS,FIELD CROPS,CORN,ALL CLASSES,ALL PRODUCTION PRACTICES,GRAIN,PRICE RECEIVED,$ / BU,"CORN, GRAIN - PRICE RECEIVED, MEASURED IN $ / BU",TOTAL,NOT SPECIFIED,NATIONAL,,99,US,US TOTAL,,,,,,,,0,,,9000,UNITED STATES,US TOTAL,1954,MONTHLY,11,11,NOV,,2012-01-01 00:00:00.000,1.37,
SURVEY,CROPS,FIELD CROPS,CORN,ALL CLASSES,ALL PRODUCTION PRACTICES,GRAIN,PRICE RECEIVED,$ / BU,"CORN, GRAIN - PRICE RECEIVED, MEASURED IN $ / BU",TOTAL,NOT SPECIFIED,NATIONAL,,99,US,US TOTAL,,,,,,,,0,,,9000,UNITED STATES,US TOTAL,1954,MONTHLY,12,12,DEC,,2012-01-01 00:00:00.000,1.39,
SURVEY,CROPS,FIELD CROPS,CORN,ALL CLASSES,ALL PRODUCTION PRACTICES,GRAIN,PRICE RECEIVED,$ / BU,"CORN, GRAIN - PRICE RECEIVED, MEASURED IN $ / BU",TOTAL,NOT SPECIFIED,NATIONAL,,99,US,US TOTAL,,,,,,,,0,,,9000,UNITED STATES,US TOTAL,1953,ANNUAL,0,0,MARKETING YEAR,,2012-01-01 00:00:00.000,1.48,
SURVEY,CROPS,FIELD CROPS,CORN,ALL CLASSES,ALL PRODUCTION PRACTICES,GRAIN,PRICE RECEIVED,$ / BU,"CORN, GRAIN - PRICE RECEIVED, MEASURED IN $ / BU",TOTAL,NOT SPECIFIED,NATIONAL,,99,US,US TOTAL,,,,,,,,0,,,9000,UNITED STATES,US TOTAL,1953,MONTHLY,1,1,JAN,,2012-01-01 00:00:00.000,1.48,
SURVEY,CROPS,FIELD CROPS,CORN,ALL CLASSES,ALL PRODUCTION PRACTICES,GRAIN,PRICE RECEIVED,$ / BU,"CORN, GRAIN - PRICE RECEIVED, MEASURED IN $ / BU",TOTAL,NOT SPECIFIED,NATIONAL,,99,US,US TOTAL,,,,,,,,0,,,9000,UNITED STATES,US TOTAL,1953,MONTHLY,2,2,FEB,,2012-01-01 00:00:00.000,1.43,
SURVEY,CROPS,FIELD CROPS,CORN,ALL CLASSES,ALL PRODUCTION PRACTICES,GRAIN,PRICE RECEIVED,$ / BU,"CORN, GRAIN - PRICE RECEIVED, MEASURED IN $ / BU",TOTAL,NOT SPECIFIED,NATIONAL,,99,US,US TOTAL,,,,,,,,0,,,9000,UNITED STATES,US TOTAL,1953,MONTHLY,3,3,MAR,,2012-01-01 00:00:00.000,1.46,
SURVEY,CROPS,FIELD CROPS,CORN,ALL CLASSES,ALL PRODUCTION PRACTICES,GRAIN,PRICE RECEIVED,$ / BU,"CORN, GRAIN - PRICE RECEIVED, MEASURED IN $ / BU",TOTAL,NOT SPECIFIED,NATIONAL,,99,US,US TOTAL,,,,,,,,0,,,9000,UNITED STATES,US TOTAL,1953,MONTHLY,4,4,APR,,2012-01-01 00:00:00.000,1.46,
SURVEY,CROPS,FIELD CROPS,CORN,ALL CLASSES,ALL PRODUCTION PRACTICES,GRAIN,PRICE RECEIVED,$ / BU,"CORN, GRAIN - PRICE RECEIVED, MEASURED IN $ / BU",TOTAL,NOT SPECIFIED,NATIONAL,,99,US,US TOTAL,,,,,,,,0,,,9000,UNITED STATES,US TOTAL,1953,MONTHLY,5,5,MAY,,2012-01-01 00:00:00.000,1.49,
SURVEY,CROPS,FIELD CROPS,CORN,ALL CLASSES,ALL PRODUCTION PRACTICES,GRAIN,PRICE RECEIVED,$ / BU,"CORN, GRAIN - PRICE RECEIVED, MEASURED IN $ / BU",TOTAL,NOT SPECIFIED,NATIONAL,,99,US,US TOTAL,,,,,,,,0,,,9000,UNITED STATES,US TOTAL,1953,MONTHLY,6,6,JUN,,2012-01-01 00:00:00.000,1.46,
SURVEY,CROPS,FIELD CROPS,CORN,ALL CLASSES,ALL PRODUCTION PRACTICES,GRAIN,PRICE RECEIVED,$ / BU,"CORN, GRAIN - PRICE RECEIVED, MEASURED IN $ / BU",TOTAL,NOT SPECIFIED,NATIONAL,,99,US,US TOTAL,,,,,,,,0,,,9000,UNITED STATES,US TOTAL,1953,MONTHLY,7,7,JUL,,2012-01-01 00:00:00.000,1.47,
SURVEY,CROPS,FIELD CROPS,CORN,ALL CLASSES,ALL PRODUCTION PRACTICES,GRAIN,PRICE RECEIVED,$ / BU,"CORN, GRAIN - PRICE RECEIVED, MEASURED IN $ / BU",TOTAL,NOT SPECIFIED,NATIONAL,,99,US,US TOTAL,,,,,,,,0,,,9000,UNITED STATES,US TOTAL,1953,MONTHLY,8,8,AUG,,2012-01-01 00:00:00.000,1.48,
SURVEY,CROPS,FIELD CROPS,CORN,ALL CLASSES,ALL PRODUCTION PRACTICES,GRAIN,PRICE RECEIVED,$ / BU,"CORN, GRAIN - PRICE RECEIVED, MEASURED IN $ / BU",TOTAL,NOT SPECIFIED,NATIONAL,,99,US,US TOTAL,,,,,,,,0,,,9000,UNITED STATES,US TOTAL,1953,MONTHLY,9,9,SEP,,2012-01-01 00:00:00.000,1.5,
SURVEY,CROPS,FIELD CROPS,CORN,ALL CLASSES,ALL PRODUCTION PRACTICES,GRAIN,PRICE RECEIVED,$ / BU,"CORN, GRAIN - PRICE RECEIVED, MEASURED IN $ / BU",TOTAL,NOT SPECIFIED,NATIONAL,,99,US,US TOTAL,,,,,,,,0,,,9000,UNITED STATES,US TOTAL,1953,MONTHLY,10,10,OCT,,2012-01-01 00:00:00.000,1.34,
SURVEY,CROPS,FIELD CROPS,CORN,ALL CLASSES,ALL PRODUCTION PRACTICES,GRAIN,PRICE RECEIVED,$ / BU,"CORN, GRAIN - PRICE RECEIVED, MEASURED IN $ / BU",TOTAL,NOT SPECIFIED,NATIONAL,,99,US,US TOTAL,,,,,,,,0,,,9000,UNITED STATES,US TOTAL,1953,MONTHLY,11,11,NOV,,2012-01-01 00:00:00.000,1.33,
SURVEY,CROPS,FIELD CROPS,CORN,ALL CLASSES,ALL PRODUCTION PRACTICES,GRAIN,PRICE RECEIVED,$ / BU,"CORN, GRAIN - PRICE RECEIVED, MEASURED IN $ / BU",TOTAL,NOT SPECIFIED,NATIONAL,,99,US,US TOTAL,,,,,,,,0,,,9000,UNITED STATES,US TOTAL,1953,MONTHLY,12,12,DEC,,2012-01-01 00:00:00.000,1.41,
SURVEY,CROPS,FIELD CROPS,CORN,ALL CLASSES,ALL PRODUCTION PRACTICES,GRAIN,PRICE RECEIVED,$ / BU,"CORN, GRAIN - PRICE RECEIVED, MEASURED IN $ / BU",TOTAL,NOT SPECIFIED,NATIONAL,,99,US,US TOTAL,,,,,,,,0,,,9000,UNITED STATES,US TOTAL,1952,ANNUAL,0,0,MARKETING YEAR,,2012-01-01 00:00:00.000,1.52,
SURVEY,CROPS,FIELD CROPS,CORN,ALL CLASSES,ALL PRODUCTION PRACTICES,GRAIN,PRICE RECEIVED,$ / BU,"CORN, GRAIN - PRICE RECEIVED, MEASURED IN $ / BU",TOTAL,NOT SPECIFIED,NATIONAL,,99,US,US TOTAL,,,,,,,,0,,,9000,UNITED STATES,US TOTAL,1952,MONTHLY,1,1,JAN,,2012-01-01 00:00:00.000,1.68,
SURVEY,CROPS,FIELD CROPS,CORN,ALL CLASSES,ALL PRODUCTION PRACTICES,GRAIN,PRICE RECEIVED,$ / BU,"CORN, GRAIN - PRICE RECEIVED, MEASURED IN $ / BU",TOTAL,NOT SPECIFIED,NATIONAL,,99,US,US TOTAL,,,,,,,,0,,,9000,UNITED STATES,US TOTAL,1952,MONTHLY,2,2,FEB,,2012-01-01 00:00:00.000,1.65,
SURVEY,CROPS,FIELD CROPS,CORN,ALL CLASSES,ALL PRODUCTION PRACTICES,GRAIN,PRICE RECEIVED,$ / BU,"CORN, GRAIN - PRICE RECEIVED, MEASURED IN $ / BU",TOTAL,NOT SPECIFIED,NATIONAL,,99,US,US TOTAL,,,,,,,,0,,,9000,UNITED STATES,US TOTAL,1952,MONTHLY,3,3,MAR,,2012-01-01 00:00:00.000,1.65,
SURVEY,CROPS,FIELD CROPS,CORN,ALL CLASSES,ALL PRODUCTION PRACTICES,GRAIN,PRICE RECEIVED,$ / BU,"CORN, GRAIN - PRICE RECEIVED, MEASURED IN $ / BU",TOTAL,NOT SPECIFIED,NATIONAL,,99,US,US TOTAL,,,,,,,,0,,,9000,UNITED STATES,US TOTAL,1952,MONTHLY,4,4,APR,,2012-01-01 00:00:00.000,1.68,
SURVEY,CROPS,FIELD CROPS,CORN,ALL CLASSES,ALL PRODUCTION PRACTICES,GRAIN,PRICE RECEIVED,$ / BU,"CORN, GRAIN - PRICE RECEIVED, MEASURED IN $ / BU",TOTAL,NOT SPECIFIED,NATIONAL,,99,US,US TOTAL,,,,,,,,0,,,9000,UNITED STATES,US TOTAL,1952,MONTHLY,5,5,MAY,,2012-01-01 00:00:00.000,1.7,
SURVEY,CROPS,FIELD CROPS,CORN,ALL CLASSES,ALL PRODUCTION PRACTICES,GRAIN,PRICE RECEIVED,$ / BU,"CORN, GRAIN - PRICE RECEIVED, MEASURED IN $ / BU",TOTAL,NOT SPECIFIED,NATIONAL,,99,US,US TOTAL,,,,,,,,0,,,9000,UNITED STATES,US TOTAL,1952,MONTHLY,6,6,JUN,,2012-01-01 00:00:00.000,1.73,
SURVEY,CROPS,FIELD CROPS,CORN,ALL CLASSES,ALL PRODUCTION PRACTICES,GRAIN,PRICE RECEIVED,$ / BU,"CORN, GRAIN - PRICE RECEIVED, MEASURED IN $ / BU",TOTAL,NOT SPECIFIED,NATIONAL,,99,US,US TOTAL,,,,,,,,0,,,9000,UNITED STATES,US TOTAL,1952,MONTHLY,7,7,JUL,,2012-01-01 00:00:00.000,1.73,
SURVEY,CROPS,FIELD CROPS,CORN,ALL CLASSES,ALL PRODUCTION PRACTICES,GRAIN,PRICE RECEIVED,$ / BU,"CORN, GRAIN - PRICE RECEIVED, MEASURED IN $ / BU",TOTAL,NOT SPECIFIED,NATIONAL,,99,US,US TOTAL,,,,,,,,0,,,9000,UNITED STATES,US TOTAL,1952,MONTHLY,8,8,AUG,,2012-01-01 00:00:00.000,1.73,
SURVEY,CROPS,FIELD CROPS,CORN,ALL CLASSES,ALL PRODUCTION PRACTICES,GRAIN,PRICE RECEIVED,$ / BU,"CORN, GRAIN - PRICE RECEIVED, MEASURED IN $ / BU",TOTAL,NOT SPECIFIED,NATIONAL,,99,US,US TOTAL,,,,,,,,0,,,9000,UNITED STATES,US TOTAL,1952,MONTHLY,9,9,SEP,,2012-01-01 00:00:00.000,1.71,
SURVEY,CROPS,FIELD CROPS,CORN,ALL CLASSES,ALL PRODUCTION PRACTICES,GRAIN,PRICE RECEIVED,$ / BU,"CORN, GRAIN - PRICE RECEIVED, MEASURED IN $ / BU",TOTAL,NOT SPECIFIED,NATIONAL,,99,US,US TOTAL,,,,,,,,0,,,9000,UNITED STATES,US TOTAL,1952,MONTHLY,10,10,OCT,,2012-01-01 00:00:00.000,1.53,
SURVEY,CROPS,FIELD CROPS,CORN,ALL CLASSES,ALL PRODUCTION PRACTICES,GRAIN,PRICE RECEIVED,$ / BU,"CORN, GRAIN - PRICE RECEIVED, MEASURED IN $ / BU",TOTAL,NOT SPECIFIED,NATIONAL,,99,US,US TOTAL,,,,,,,,0,,,9000,UNITED STATES,US TOTAL,1952,MONTHLY,11,11,NOV,,2012-01-01 00:00:00.000,1.45,
SURVEY,CROPS,FIELD CROPS,CORN,ALL CLASSES,ALL PRODUCTION PRACTICES,GRAIN,PRICE RECEIVED,$ / BU,"CORN, GRAIN - PRICE RECEIVED, MEASURED IN $ / BU",TOTAL,NOT SPECIFIED,NATIONAL,,99,US,US TOTAL,,,,,,,,0,,,9000,UNITED STATES,US TOTAL,1952,MONTHLY,12,12,DEC,,2012-01-01 00:00:00.000,1.5,
SURVEY,CROPS,FIELD CROPS,CORN,ALL CLASSES,ALL PRODUCTION PRACTICES,GRAIN,PRICE RECEIVED,$ / BU,"CORN, GRAIN - PRICE RECEIVED, MEASURED IN $ / BU",TOTAL,NOT SPECIFIED,NATIONAL,,99,US,US TOTAL,,,,,,,,0,,,9000,UNITED STATES,US TOTAL,1951,ANNUAL,0,0,MARKETING YEAR,,2012-01-01 00:00:00.000,1.66,
SURVEY,CROPS,FIELD CROPS,CORN,ALL CLASSES,ALL PRODUCTION PRACTICES,GRAIN,PRICE RECEIVED,$ / BU,"CORN, GRAIN - PRICE RECEIVED, MEASURED IN $ / BU",TOTAL,NOT SPECIFIED,NATIONAL,,99,US,US TOTAL,,,,,,,,0,,,9000,UNITED STATES,US TOTAL,1951,MONTHLY,1,1,JAN,,2012-01-01 00:00:00.000,1.54,
SURVEY,CROPS,FIELD CROPS,CORN,ALL CLASSES,ALL PRODUCTION PRACTICES,GRAIN,PRICE RECEIVED,$ / BU,"CORN, GRAIN - PRICE RECEIVED, MEASURED IN $ / BU",TOTAL,NOT SPECIFIED,NATIONAL,,99,US,US TOTAL,,,,,,,,0,,,9000,UNITED STATES,US TOTAL,1951,MONTHLY,2,2,FEB,,2012-01-01 00:00:00.000,1.6,
SURVEY,CROPS,FIELD CROPS,CORN,ALL CLASSES,ALL PRODUCTION PRACTICES,GRAIN,PRICE RECEIVED,$ / BU,"CORN, GRAIN - PRICE RECEIVED, MEASURED IN $ / BU",TOTAL,NOT SPECIFIED,NATIONAL,,99,US,US TOTAL,,,,,,,,0,,,9000,UNITED STATES,US TOTAL,1951,MONTHLY,3,3,MAR,,2012-01-01 00:00:00.000,1.6,
SURVEY,CROPS,FIELD CROPS,CORN,ALL CLASSES,ALL PRODUCTION PRACTICES,GRAIN,PRICE RECEIVED,$ / BU,"CORN, GRAIN - PRICE RECEIVED, MEASURED IN $ / BU",TOTAL,NOT SPECIFIED,NATIONAL,,99,US,US TOTAL,,,,,,,,0,,,9000,UNITED STATES,US TOTAL,1951,MONTHLY,4,4,APR,,2012-01-01 00:00:00.000,1.62,
SURVEY,CROPS,FIELD CROPS,CORN,ALL CLASSES,ALL PRODUCTION PRACTICES,GRAIN,PRICE RECEIVED,$ / BU,"CORN, GRAIN - PRICE RECEIVED, MEASURED IN $ / BU",TOTAL,NOT SPECIFIED,NATIONAL,,99,US,US TOTAL,,,,,,,,0,,,9000,UNITED STATES,US TOTAL,1951,MONTHLY,5,5,MAY,,2012-01-01 00:00:00.000,1.64,
SURVEY,CROPS,FIELD CROPS,CORN,ALL CLASSES,ALL PRODUCTION PRACTICES,GRAIN,PRICE RECEIVED,$ / BU,"CORN, GRAIN - PRICE RECEIVED, MEASURED IN $ / BU",TOTAL,NOT SPECIFIED,NATIONAL,,99,US,US TOTAL,,,,,,,,0,,,9000,UNITED STATES,US TOTAL,1951,MONTHLY,6,6,JUN,,2012-01-01 00:00:00.000,1.62,
SURVEY,CROPS,FIELD CROPS,CORN,ALL CLASSES,ALL PRODUCTION PRACTICES,GRAIN,PRICE RECEIVED,$ / BU,"CORN, GRAIN - PRICE RECEIVED, MEASURED IN $ / BU",TOTAL,NOT SPECIFIED,NATIONAL,,99,US,US TOTAL,,,,,,,,0,,,9000,UNITED STATES,US TOTAL,1951,MONTHLY,7,7,JUL,,2012-01-01 00:00:00.000,1.63,
SURVEY,CROPS,FIELD CROPS,CORN,ALL CLASSES,ALL PRODUCTION PRACTICES,GRAIN,PRICE RECEIVED,$ / BU,"CORN, GRAIN - PRICE RECEIVED, MEASURED IN $ / BU",TOTAL,NOT SPECIFIED,NATIONAL,,99,US,US TOTAL,,,,,,,,0,,,9000,UNITED STATES,US TOTAL,1951,MONTHLY,8,8,AUG,,2012-01-01 00:00:00.000,1.65,
SURVEY,CROPS,FIELD CROPS,CORN,ALL CLASSES,ALL PRODUCTION PRACTICES,GRAIN,PRICE RECEIVED,$ / BU,"CORN, GRAIN - PRICE RECEIVED, MEASURED IN $ / BU",TOTAL,NOT SPECIFIED,NATIONAL,,99,US,US TOTAL,,,,,,,,0,,,9000,UNITED STATES,US TOTAL,1951,MONTHLY,9,9,SEP,,2012-01-01 00:00:00.000,1.65,
SURVEY,CROPS,FIELD CROPS,CORN,ALL CLASSES,ALL PRODUCTION PRACTICES,GRAIN,PRICE RECEIVED,$ / BU,"CORN, GRAIN - PRICE RECEIVED, MEASURED IN $ / BU",TOTAL,NOT SPECIFIED,NATIONAL,,99,US,US TOTAL,,,,,,,,0,,,9000,UNITED STATES,US TOTAL,1951,MONTHLY,10,10,OCT,,2012-01-01 00:00:00.000,1.64,
SURVEY,CROPS,FIELD CROPS,CORN,ALL CLASSES,ALL PRODUCTION PRACTICES,GRAIN,PRICE RECEIVED,$ / BU,"CORN, GRAIN - PRICE RECEIVED, MEASURED IN $ / BU",TOTAL,NOT SPECIFIED,NATIONAL,,99,US,US TOTAL,,,,,,,,0,,,9000,UNITED STATES,US TOTAL,1951,MONTHLY,11,11,NOV,,2012-01-01 00:00:00.000,1.61,
SURVEY,CROPS,FIELD CROPS,CORN,ALL CLASSES,ALL PRODUCTION PRACTICES,GRAIN,PRICE RECEIVED,$ / BU,"CORN, GRAIN - PRICE RECEIVED, MEASURED IN $ / BU",TOTAL,NOT SPECIFIED,NATIONAL,,99,US,US TOTAL,,,,,,,,0,,,9000,UNITED STATES,US TOTAL,1951,MONTHLY,12,12,DEC,,2012-01-01 00:00:00.000,1.68,
SURVEY,CROPS,FIELD CROPS,CORN,ALL CLASSES,ALL PRODUCTION PRACTICES,GRAIN,PRICE RECEIVED,$ / BU,"CORN, GRAIN - PRICE RECEIVED, MEASURED IN $ / BU",TOTAL,NOT SPECIFIED,NATIONAL,,99,US,US TOTAL,,,,,,,,0,,,9000,UNITED STATES,US TOTAL,1950,ANNUAL,0,0,MARKETING YEAR,,2012-01-01 00:00:00.000,1.52,
SURVEY,CROPS,FIELD CROPS,CORN,ALL CLASSES,ALL PRODUCTION PRACTICES,GRAIN,PRICE RECEIVED,$ / BU,"CORN, GRAIN - PRICE RECEIVED, MEASURED IN $ / BU",TOTAL,NOT SPECIFIED,NATIONAL,,99,US,US TOTAL,,,,,,,,0,,,9000,UNITED STATES,US TOTAL,1950,MONTHLY,1,1,JAN,,2012-01-01 00:00:00.000,1.15,
SURVEY,CROPS,FIELD CROPS,CORN,ALL CLASSES,ALL PRODUCTION PRACTICES,GRAIN,PRICE RECEIVED,$ / BU,"CORN, GRAIN - PRICE RECEIVED, MEASURED IN $ / BU",TOTAL,NOT SPECIFIED,NATIONAL,,99,US,US TOTAL,,,,,,,,0,,,9000,UNITED STATES,US TOTAL,1950,MONTHLY,2,2,FEB,,2012-01-01 00:00:00.000,1.16,
SURVEY,CROPS,FIELD CROPS,CORN,ALL CLASSES,ALL PRODUCTION PRACTICES,GRAIN,PRICE RECEIVED,$ / BU,"CORN, GRAIN - PRICE RECEIVED, MEASURED IN $ / BU",TOTAL,NOT SPECIFIED,NATIONAL,,99,US,US TOTAL,,,,,,,,0,,,9000,UNITED STATES,US TOTAL,1950,MONTHLY,3,3,MAR,,2012-01-01 00:00:00.000,1.19,
SURVEY,CROPS,FIELD CROPS,CORN,ALL CLASSES,ALL PRODUCTION PRACTICES,GRAIN,PRICE RECEIVED,$ / BU,"CORN, GRAIN - PRICE RECEIVED, MEASURED IN $ / BU",TOTAL,NOT SPECIFIED,NATIONAL,,99,US,US TOTAL,,,,,,,,0,,,9000,UNITED STATES,US TOTAL,1950,MONTHLY,4,4,APR,,2012-01-01 00:00:00.000,1.26,
SURVEY,CROPS,FIELD CROPS,CORN,ALL CLASSES,ALL PRODUCTION PRACTICES,GRAIN,PRICE RECEIVED,$ / BU,"CORN, GRAIN - PRICE RECEIVED, MEASURED IN $ / BU",TOTAL,NOT SPECIFIED,NATIONAL,,99,US,US TOTAL,,,,,,,,0,,,9000,UNITED STATES,US TOTAL,1950,MONTHLY,5,5,MAY,,2012-01-01 00:00:00.000,1.34,
SURVEY,CROPS,FIELD CROPS,CORN,ALL CLASSES,ALL PRODUCTION PRACTICES,GRAIN,PRICE RECEIVED,$ / BU,"CORN, GRAIN - PRICE RECEIVED, MEASURED IN $ / BU",TOTAL,NOT SPECIFIED,NATIONAL,,99,US,US TOTAL,,,,,,,,0,,,9000,UNITED STATES,US TOTAL,1950,MONTHLY,6,6,JUN,,2012-01-01 00:00:00.000,1.36,
SURVEY,CROPS,FIELD CROPS,CORN,ALL CLASSES,ALL PRODUCTION PRACTICES,GRAIN,PRICE RECEIVED,$ / BU,"CORN, GRAIN - PRICE RECEIVED, MEASURED IN $ / BU",TOTAL,NOT SPECIFIED,NATIONAL,,99,US,US TOTAL,,,,,,,,0,,,9000,UNITED STATES,US TOTAL,1950,MONTHLY,7,7,JUL,,2012-01-01 00:00:00.000,1.44,
SURVEY,CROPS,FIELD CROPS,CORN,ALL CLASSES,ALL PRODUCTION PRACTICES,GRAIN,PRICE RECEIVED,$ / BU,"CORN, GRAIN - PRICE RECEIVED, MEASURED IN $ / BU",TOTAL,NOT SPECIFIED,NATIONAL,,99,US,US TOTAL,,,,,,,,0,,,9000,UNITED STATES,US TOTAL,1950,MONTHLY,8,8,AUG,,2012-01-01 00:00:00.000,1.44,
SURVEY,CROPS,FIELD CROPS,CORN,ALL CLASSES,ALL PRODUCTION PRACTICES,GRAIN,PRICE RECEIVED,$ / BU,"CORN, GRAIN - PRICE RECEIVED, MEASURED IN $ / BU",TOTAL,NOT SPECIFIED,NATIONAL,,99,US,US TOTAL,,,,,,,,0,,,9000,UNITED STATES,US TOTAL,1950,MONTHLY,9,9,SEP,,2012-01-01 00:00:00.000,1.44,
SURVEY,CROPS,FIELD CROPS,CORN,ALL CLASSES,ALL PRODUCTION PRACTICES,GRAIN,PRICE RECEIVED,$ / BU,"CORN, GRAIN - PRICE RECEIVED, MEASURED IN $ / BU",TOTAL,NOT SPECIFIED,NATIONAL,,99,US,US TOTAL,,,,,,,,0,,,9000,UNITED STATES,US TOTAL,1950,MONTHLY,10,10,OCT,,2012-01-01 00:00:00.000,1.37,
SURVEY,CROPS,FIELD CROPS,CORN,ALL CLASSES,ALL PRODUCTION PRACTICES,GRAIN,PRICE RECEIVED,$ / BU,"CORN, GRAIN - PRICE RECEIVED, MEASURED IN $ / BU",TOTAL,NOT SPECIFIED,NATIONAL,,99,US,US TOTAL,,,,,,,,0,,,9000,UNITED STATES,US TOTAL,1950,MONTHLY,11,11,NOV,,2012-01-01 00:00:00.000,1.37,
SURVEY,CROPS,FIELD CROPS,CORN,ALL CLASSES,ALL PRODUCTION PRACTICES,GRAIN,PRICE RECEIVED,$ / BU,"CORN, GRAIN - PRICE RECEIVED, MEASURED IN $ / BU",TOTAL,NOT SPECIFIED,NATIONAL,,99,US,US TOTAL,,,,,,,,0,,,9000,UNITED STATES,US TOTAL,1950,MONTHLY,12,12,DEC,,2012-01-01 00:00:00.000,1.45,
SURVEY,CROPS,FIELD CROPS,CORN,ALL CLASSES,ALL PRODUCTION PRACTICES,GRAIN,PRICE RECEIVED,$ / BU,"CORN, GRAIN - PRICE RECEIVED, MEASURED IN $ / BU",TOTAL,NOT SPECIFIED,NATIONAL,,99,US,US TOTAL,,,,,,,,0,,,9000,UNITED STATES,US TOTAL,1949,ANNUAL,0,0,MARKETING YEAR,,2012-01-01 00:00:00.000,1.24,
SURVEY,CROPS,FIELD CROPS,CORN,ALL CLASSES,ALL PRODUCTION PRACTICES,GRAIN,PRICE RECEIVED,$ / BU,"CORN, GRAIN - PRICE RECEIVED, MEASURED IN $ / BU",TOTAL,NOT SPECIFIED,NATIONAL,,99,US,US TOTAL,,,,,,,,0,,,9000,UNITED STATES,US TOTAL,1949,MONTHLY,1,1,JAN,,2012-01-01 00:00:00.000,1.25,
SURVEY,CROPS,FIELD CROPS,CORN,ALL CLASSES,ALL PRODUCTION PRACTICES,GRAIN,PRICE RECEIVED,$ / BU,"CORN, GRAIN - PRICE RECEIVED, MEASURED IN $ / BU",TOTAL,NOT SPECIFIED,NATIONAL,,99,US,US TOTAL,,,,,,,,0,,,9000,UNITED STATES,US TOTAL,1949,MONTHLY,2,2,FEB,,2012-01-01 00:00:00.000,1.12,
SURVEY,CROPS,FIELD CROPS,CORN,ALL CLASSES,ALL PRODUCTION PRACTICES,GRAIN,PRICE RECEIVED,$ / BU,"CORN, GRAIN - PRICE RECEIVED, MEASURED IN $ / BU",TOTAL,NOT SPECIFIED,NATIONAL,,99,US,US TOTAL,,,,,,,,0,,,9000,UNITED STATES,US TOTAL,1949,MONTHLY,3,3,MAR,,2012-01-01 00:00:00.000,1.18,
SURVEY,CROPS,FIELD CROPS,CORN,ALL CLASSES,ALL PRODUCTION PRACTICES,GRAIN,PRICE RECEIVED,$ / BU,"CORN, GRAIN - PRICE RECEIVED, MEASURED IN $ / BU",TOTAL,NOT SPECIFIED,NATIONAL,,99,US,US TOTAL,,,,,,,,0,,,9000,UNITED STATES,US TOTAL,1949,MONTHLY,4,4,APR,,2012-01-01 00:00:00.000,1.22,
SURVEY,CROPS,FIELD CROPS,CORN,ALL CLASSES,ALL PRODUCTION PRACTICES,GRAIN,PRICE RECEIVED,$ / BU,"CORN, GRAIN - PRICE RECEIVED, MEASURED IN $ / BU",TOTAL,NOT SPECIFIED,NATIONAL,,99,US,US TOTAL,,,,,,,,0,,,9000,UNITED STATES,US TOTAL,1949,MONTHLY,5,5,MAY,,2012-01-01 00:00:00.000,1.22,
SURVEY,CROPS,FIELD CROPS,CORN,ALL CLASSES,ALL PRODUCTION PRACTICES,GRAIN,PRICE RECEIVED,$ / BU,"CORN, GRAIN - PRICE RECEIVED, MEASURED IN $ / BU",TOTAL,NOT SPECIFIED,NATIONAL,,99,US,US TOTAL,,,,,,,,0,,,9000,UNITED STATES,US TOTAL,1949,MONTHLY,6,6,JUN,,2012-01-01 00:00:00.000,1.21,
SURVEY,CROPS,FIELD CROPS,CORN,ALL CLASSES,ALL PRODUCTION PRACTICES,GRAIN,PRICE RECEIVED,$ / BU,"CORN, GRAIN - PRICE RECEIVED, MEASURED IN $ / BU",TOTAL,NOT SPECIFIED,NATIONAL,,99,US,US TOTAL,,,,,,,,0,,,9000,UNITED STATES,US TOTAL,1949,MONTHLY,7,7,JUL,,2012-01-01 00:00:00.000,1.25,
SURVEY,CROPS,FIELD CROPS,CORN,ALL CLASSES,ALL PRODUCTION PRACTICES,GRAIN,PRICE RECEIVED,$ / BU,"CORN, GRAIN - PRICE RECEIVED, MEASURED IN $ / BU",TOTAL,NOT SPECIFIED,NATIONAL,,99,US,US TOTAL,,,,,,,,0,,,9000,UNITED STATES,US TOTAL,1949,MONTHLY,8,8,AUG,,2012-01-01 00:00:00.000,1.18,
SURVEY,CROPS,FIELD CROPS,CORN,ALL CLASSES,ALL PRODUCTION PRACTICES,GRAIN,PRICE RECEIVED,$ / BU,"CORN, GRAIN - PRICE RECEIVED, MEASURED IN $ / BU",TOTAL,NOT SPECIFIED,NATIONAL,,99,US,US TOTAL,,,,,,,,0,,,9000,UNITED STATES,US TOTAL,1949,MONTHLY,9,9,SEP,,2012-01-01 00:00:00.000,1.16,
SURVEY,CROPS,FIELD CROPS,CORN,ALL CLASSES,ALL PRODUCTION PRACTICES,GRAIN,PRICE RECEIVED,$ / BU,"CORN, GRAIN - PRICE RECEIVED, MEASURED IN $ / BU",TOTAL,NOT SPECIFIED,NATIONAL,,99,US,US TOTAL,,,,,,,,0,,,9000,UNITED STATES,US TOTAL,1949,MONTHLY,10,10,OCT,,2012-01-01 00:00:00.000,1.09,
SURVEY,CROPS,FIELD CROPS,CORN,ALL CLASSES,ALL PRODUCTION PRACTICES,GRAIN,PRICE RECEIVED,$ / BU,"CORN, GRAIN - PRICE RECEIVED, MEASURED IN $ / BU",TOTAL,NOT SPECIFIED,NATIONAL,,99,US,US TOTAL,,,,,,,,0,,,9000,UNITED STATES,US TOTAL,1949,MONTHLY,11,11,NOV,,2012-01-01 00:00:00.000,1.02,
SURVEY,CROPS,FIELD CROPS,CORN,ALL CLASSES,ALL PRODUCTION PRACTICES,GRAIN,PRICE RECEIVED,$ / BU,"CORN, GRAIN - PRICE RECEIVED, MEASURED IN $ / BU",TOTAL,NOT SPECIFIED,NATIONAL,,99,US,US TOTAL,,,,,,,,0,,,9000,UNITED STATES,US TOTAL,1949,MONTHLY,12,12,DEC,,2012-01-01 00:00:00.000,1.13,
SURVEY,CROPS,FIELD CROPS,CORN,ALL CLASSES,ALL PRODUCTION PRACTICES,GRAIN,PRICE RECEIVED,$ / BU,"CORN, GRAIN - PRICE RECEIVED, MEASURED IN $ / BU",TOTAL,NOT SPECIFIED,NATIONAL,,99,US,US TOTAL,,,,,,,,0,,,9000,UNITED STATES,US TOTAL,1948,ANNUAL,0,0,MARKETING YEAR,,2012-01-01 00:00:00.000,1.28,
SURVEY,CROPS,FIELD CROPS,CORN,ALL CLASSES,ALL PRODUCTION PRACTICES,GRAIN,PRICE RECEIVED,$ / BU,"CORN, GRAIN - PRICE RECEIVED, MEASURED IN $ / BU",TOTAL,NOT SPECIFIED,NATIONAL,,99,US,US TOTAL,,,,,,,,0,,,9000,UNITED STATES,US TOTAL,1948,MONTHLY,1,1,JAN,,2012-01-01 00:00:00.000,2.46,
SURVEY,CROPS,FIELD CROPS,CORN,ALL CLASSES,ALL PRODUCTION PRACTICES,GRAIN,PRICE RECEIVED,$ / BU,"CORN, GRAIN - PRICE RECEIVED, MEASURED IN $ / BU",TOTAL,NOT SPECIFIED,NATIONAL,,99,US,US TOTAL,,,,,,,,0,,,9000,UNITED STATES,US TOTAL,1948,MONTHLY,2,2,FEB,,2012-01-01 00:00:00.000,1.92,
SURVEY,CROPS,FIELD CROPS,CORN,ALL CLASSES,ALL PRODUCTION PRACTICES,GRAIN,PRICE RECEIVED,$ / BU,"CORN, GRAIN - PRICE RECEIVED, MEASURED IN $ / BU",TOTAL,NOT SPECIFIED,NATIONAL,,99,US,US TOTAL,,,,,,,,0,,,9000,UNITED STATES,US TOTAL,1948,MONTHLY,3,3,MAR,,2012-01-01 00:00:00.000,2.11,
SURVEY,CROPS,FIELD CROPS,CORN,ALL CLASSES,ALL PRODUCTION PRACTICES,GRAIN,PRICE RECEIVED,$ / BU,"CORN, GRAIN - PRICE RECEIVED, MEASURED IN $ / BU",TOTAL,NOT SPECIFIED,NATIONAL,,99,US,US TOTAL,,,,,,,,0,,,9000,UNITED STATES,US TOTAL,1948,MONTHLY,4,4,APR,,2012-01-01 00:00:00.000,2.19,
SURVEY,CROPS,FIELD CROPS,CORN,ALL CLASSES,ALL PRODUCTION PRACTICES,GRAIN,PRICE RECEIVED,$ / BU,"CORN, GRAIN - PRICE RECEIVED, MEASURED IN $ / BU",TOTAL,NOT SPECIFIED,NATIONAL,,99,US,US TOTAL,,,,,,,,0,,,9000,UNITED STATES,US TOTAL,1948,MONTHLY,5,5,MAY,,2012-01-01 00:00:00.000,2.16,
SURVEY,CROPS,FIELD CROPS,CORN,ALL CLASSES,ALL PRODUCTION PRACTICES,GRAIN,PRICE RECEIVED,$ / BU,"CORN, GRAIN - PRICE RECEIVED, MEASURED IN $ / BU",TOTAL,NOT SPECIFIED,NATIONAL,,99,US,US TOTAL,,,,,,,,0,,,9000,UNITED STATES,US TOTAL,1948,MONTHLY,6,6,JUN,,2012-01-01 00:00:00.000,2.16,
SURVEY,CROPS,FIELD CROPS,CORN,ALL CLASSES,ALL PRODUCTION PRACTICES,GRAIN,PRICE RECEIVED,$ / BU,"CORN, GRAIN - PRICE RECEIVED, MEASURED IN $ / BU",TOTAL,NOT SPECIFIED,NATIONAL,,99,US,US TOTAL,,,,,,,,0,,,9000,UNITED STATES,US TOTAL,1948,MONTHLY,7,7,JUL,,2012-01-01 00:00:00.000,2.02,
SURVEY,CROPS,FIELD CROPS,CORN,ALL CLASSES,ALL PRODUCTION PRACTICES,GRAIN,PRICE RECEIVED,$ / BU,"CORN, GRAIN - PRICE RECEIVED, MEASURED IN $ / BU",TOTAL,NOT SPECIFIED,NATIONAL,,99,US,US TOTAL,,,,,,,,0,,,9000,UNITED STATES,US TOTAL,1948,MONTHLY,8,8,AUG,,2012-01-01 00:00:00.000,1.91,
SURVEY,CROPS,FIELD CROPS,CORN,ALL CLASSES,ALL PRODUCTION PRACTICES,GRAIN,PRICE RECEIVED,$ / BU,"CORN, GRAIN - PRICE RECEIVED, MEASURED IN $ / BU",TOTAL,NOT SPECIFIED,NATIONAL,,99,US,US TOTAL,,,,,,,,0,,,9000,UNITED STATES,US TOTAL,1948,MONTHLY,9,9,SEP,,2012-01-01 00:00:00.000,1.78,
SURVEY,CROPS,FIELD CROPS,CORN,ALL CLASSES,ALL PRODUCTION PRACTICES,GRAIN,PRICE RECEIVED,$ / BU,"CORN, GRAIN - PRICE RECEIVED, MEASURED IN $ / BU",TOTAL,NOT SPECIFIED,NATIONAL,,99,US,US TOTAL,,,,,,,,0,,,9000,UNITED STATES,US TOTAL,1948,MONTHLY,10,10,OCT,,2012-01-01 00:00:00.000,1.38,
SURVEY,CROPS,FIELD CROPS,CORN,ALL CLASSES,ALL PRODUCTION PRACTICES,GRAIN,PRICE RECEIVED,$ / BU,"CORN, GRAIN - PRICE RECEIVED, MEASURED IN $ / BU",TOTAL,NOT SPECIFIED,NATIONAL,,99,US,US TOTAL,,,,,,,,0,,,9000,UNITED STATES,US TOTAL,1948,MONTHLY,11,11,NOV,,2012-01-01 00:00:00.000,1.21,
SURVEY,CROPS,FIELD CROPS,CORN,ALL CLASSES,ALL PRODUCTION PRACTICES,GRAIN,PRICE RECEIVED,$ / BU,"CORN, GRAIN - PRICE RECEIVED, MEASURED IN $ / BU",TOTAL,NOT SPECIFIED,NATIONAL,,99,US,US TOTAL,,,,,,,,0,,,9000,UNITED STATES,US TOTAL,1948,MONTHLY,12,12,DEC,,2012-01-01 00:00:00.000,1.23,
SURVEY,CROPS,FIELD CROPS,CORN,ALL CLASSES,ALL PRODUCTION PRACTICES,GRAIN,PRICE RECEIVED,$ / BU,"CORN, GRAIN - PRICE RECEIVED, MEASURED IN $ / BU",TOTAL,NOT SPECIFIED,NATIONAL,,99,US,US TOTAL,,,,,,,,0,,,9000,UNITED STATES,US TOTAL,1947,ANNUAL,0,0,MARKETING YEAR,,2012-01-01 00:00:00.000,2.16,
SURVEY,CROPS,FIELD CROPS,CORN,ALL CLASSES,ALL PRODUCTION PRACTICES,GRAIN,PRICE RECEIVED,$ / BU,"CORN, GRAIN - PRICE RECEIVED, MEASURED IN $ / BU",TOTAL,NOT SPECIFIED,NATIONAL,,99,US,US TOTAL,,,,,,,,0,,,9000,UNITED STATES,US TOTAL,1947,MONTHLY,1,1,JAN,,2012-01-01 00:00:00.000,1.21,
SURVEY,CROPS,FIELD CROPS,CORN,ALL CLASSES,ALL PRODUCTION PRACTICES,GRAIN,PRICE RECEIVED,$ / BU,"CORN, GRAIN - PRICE RECEIVED, MEASURED IN $ / BU",TOTAL,NOT SPECIFIED,NATIONAL,,99,US,US TOTAL,,,,,,,,0,,,9000,UNITED STATES,US TOTAL,1947,MONTHLY,2,2,FEB,,2012-01-01 00:00:00.000,1.23,
SURVEY,CROPS,FIELD CROPS,CORN,ALL CLASSES,ALL PRODUCTION PRACTICES,GRAIN,PRICE RECEIVED,$ / BU,"CORN, GRAIN - PRICE RECEIVED, MEASURED IN $ / BU",TOTAL,NOT SPECIFIED,NATIONAL,,99,US,US TOTAL,,,,,,,,0,,,9000,UNITED STATES,US TOTAL,1947,MONTHLY,3,3,MAR,,2012-01-01 00:00:00.000,1.5,
SURVEY,CROPS,FIELD CROPS,CORN,ALL CLASSES,ALL PRODUCTION PRACTICES,GRAIN,PRICE RECEIVED,$ / BU,"CORN, GRAIN - PRICE RECEIVED, MEASURED IN $ / BU",TOTAL,NOT SPECIFIED,NATIONAL,,99,US,US TOTAL,,,,,,,,0,,,9000,UNITED STATES,US TOTAL,1947,MONTHLY,4,4,APR,,2012-01-01 00:00:00.000,1.63,
SURVEY,CROPS,FIELD CROPS,CORN,ALL CLASSES,ALL PRODUCTION PRACTICES,GRAIN,PRICE RECEIVED,$ / BU,"CORN, GRAIN - PRICE RECEIVED, MEASURED IN $ / BU",TOTAL,NOT SPECIFIED,NATIONAL,,99,US,US TOTAL,,,,,,,,0,,,9000,UNITED STATES,US TOTAL,1947,MONTHLY,5,5,MAY,,2012-01-01 00:00:00.000,1.59,
SURVEY,CROPS,FIELD CROPS,CORN,ALL CLASSES,ALL PRODUCTION PRACTICES,GRAIN,PRICE RECEIVED,$ / BU,"CORN, GRAIN - PRICE RECEIVED, MEASURED IN $ / BU",TOTAL,NOT SPECIFIED,NATIONAL,,99,US,US TOTAL,,,,,,,,0,,,9000,UNITED STATES,US TOTAL,1947,MONTHLY,6,6,JUN,,2012-01-01 00:00:00.000,1.85,
SURVEY,CROPS,FIELD CROPS,CORN,ALL CLASSES,ALL PRODUCTION PRACTICES,GRAIN,PRICE RECEIVED,$ / BU,"CORN, GRAIN - PRICE RECEIVED, MEASURED IN $ / BU",TOTAL,NOT SPECIFIED,NATIONAL,,99,US,US TOTAL,,,,,,,,0,,,9000,UNITED STATES,US TOTAL,1947,MONTHLY,7,7,JUL,,2012-01-01 00:00:00.000,2.01,
SURVEY,CROPS,FIELD CROPS,CORN,ALL CLASSES,ALL PRODUCTION PRACTICES,GRAIN,PRICE RECEIVED,$ / BU,"CORN, GRAIN - PRICE RECEIVED, MEASURED IN $ / BU",TOTAL,NOT SPECIFIED,NATIONAL,,99,US,US TOTAL,,,,,,,,0,,,9000,UNITED STATES,US TOTAL,1947,MONTHLY,8,8,AUG,,2012-01-01 00:00:00.000,2.19,
SURVEY,CROPS,FIELD CROPS,CORN,ALL CLASSES,ALL PRODUCTION PRACTICES,GRAIN,PRICE RECEIVED,$ / BU,"CORN, GRAIN - PRICE RECEIVED, MEASURED IN $ / BU",TOTAL,NOT SPECIFIED,NATIONAL,,99,US,US TOTAL,,,,,,,,0,,,9000,UNITED STATES,US TOTAL,1947,MONTHLY,9,9,SEP,,2012-01-01 00:00:00.000,2.4,
SURVEY,CROPS,FIELD CROPS,CORN,ALL CLASSES,ALL PRODUCTION PRACTICES,GRAIN,PRICE RECEIVED,$ / BU,"CORN, GRAIN - PRICE RECEIVED, MEASURED IN $ / BU",TOTAL,NOT SPECIFIED,NATIONAL,,99,US,US TOTAL,,,,,,,,0,,,9000,UNITED STATES,US TOTAL,1947,MONTHLY,10,10,OCT,,2012-01-01 00:00:00.000,2.23,
SURVEY,CROPS,FIELD CROPS,CORN,ALL CLASSES,ALL PRODUCTION PRACTICES,GRAIN,PRICE RECEIVED,$ / BU,"CORN, GRAIN - PRICE RECEIVED, MEASURED IN $ / BU",TOTAL,NOT SPECIFIED,NATIONAL,,99,US,US TOTAL,,,,,,,,0,,,9000,UNITED STATES,US TOTAL,1947,MONTHLY,11,11,NOV,,2012-01-01 00:00:00.000,2.19,
SURVEY,CROPS,FIELD CROPS,CORN,ALL CLASSES,ALL PRODUCTION PRACTICES,GRAIN,PRICE RECEIVED,$ / BU,"CORN, GRAIN - PRICE RECEIVED, MEASURED IN $ / BU",TOTAL,NOT SPECIFIED,NATIONAL,,99,US,US TOTAL,,,,,,,,0,,,9000,UNITED STATES,US TOTAL,1947,MONTHLY,12,12,DEC,,2012-01-01 00:00:00.000,2.37,
SURVEY,CROPS,FIELD CROPS,CORN,ALL CLASSES,ALL PRODUCTION PRACTICES,GRAIN,PRICE RECEIVED,$ / BU,"CORN, GRAIN - PRICE RECEIVED, MEASURED IN $ / BU",TOTAL,NOT SPECIFIED,NATIONAL,,99,US,US TOTAL,,,,,,,,0,,,9000,UNITED STATES,US TOTAL,1946,ANNUAL,0,0,MARKETING YEAR,,2012-01-01 00:00:00.000,1.53,
SURVEY,CROPS,FIELD CROPS,CORN,ALL CLASSES,ALL PRODUCTION PRACTICES,GRAIN,PRICE RECEIVED,$ / BU,"CORN, GRAIN - PRICE RECEIVED, MEASURED IN $ / BU",TOTAL,NOT SPECIFIED,NATIONAL,,99,US,US TOTAL,,,,,,,,0,,,9000,UNITED STATES,US TOTAL,1946,MONTHLY,1,1,JAN,,2012-01-01 00:00:00.000,1.1,
SURVEY,CROPS,FIELD CROPS,CORN,ALL CLASSES,ALL PRODUCTION PRACTICES,GRAIN,PRICE RECEIVED,$ / BU,"CORN, GRAIN - PRICE RECEIVED, MEASURED IN $ / BU",TOTAL,NOT SPECIFIED,NATIONAL,,99,US,US TOTAL,,,,,,,,0,,,9000,UNITED STATES,US TOTAL,1946,MONTHLY,2,2,FEB,,2012-01-01 00:00:00.000,1.11,
SURVEY,CROPS,FIELD CROPS,CORN,ALL CLASSES,ALL PRODUCTION PRACTICES,GRAIN,PRICE RECEIVED,$ / BU,"CORN, GRAIN - PRICE RECEIVED, MEASURED IN $ / BU",TOTAL,NOT SPECIFIED,NATIONAL,,99,US,US TOTAL,,,,,,,,0,,,9000,UNITED STATES,US TOTAL,1946,MONTHLY,3,3,MAR,,2012-01-01 00:00:00.000,1.14,
SURVEY,CROPS,FIELD CROPS,CORN,ALL CLASSES,ALL PRODUCTION PRACTICES,GRAIN,PRICE RECEIVED,$ / BU,"CORN, GRAIN - PRICE RECEIVED, MEASURED IN $ / BU",TOTAL,NOT SPECIFIED,NATIONAL,,99,US,US TOTAL,,,,,,,,0,,,9000,UNITED STATES,US TOTAL,1946,MONTHLY,4,4,APR,,2012-01-01 00:00:00.000,1.16,
SURVEY,CROPS,FIELD CROPS,CORN,ALL CLASSES,ALL PRODUCTION PRACTICES,GRAIN,PRICE RECEIVED,$ / BU,"CORN, GRAIN - PRICE RECEIVED, MEASURED IN $ / BU",TOTAL,NOT SPECIFIED,NATIONAL,,99,US,US TOTAL,,,,,,,,0,,,9000,UNITED STATES,US TOTAL,1946,MONTHLY,5,5,MAY,,2012-01-01 00:00:00.000,1.35,
SURVEY,CROPS,FIELD CROPS,CORN,ALL CLASSES,ALL PRODUCTION PRACTICES,GRAIN,PRICE RECEIVED,$ / BU,"CORN, GRAIN - PRICE RECEIVED, MEASURED IN $ / BU",TOTAL,NOT SPECIFIED,NATIONAL,,99,US,US TOTAL,,,,,,,,0,,,9000,UNITED STATES,US TOTAL,1946,MONTHLY,6,6,JUN,,2012-01-01 00:00:00.000,1.42,
SURVEY,CROPS,FIELD CROPS,CORN,ALL CLASSES,ALL PRODUCTION PRACTICES,GRAIN,PRICE RECEIVED,$ / BU,"CORN, GRAIN - PRICE RECEIVED, MEASURED IN $ / BU",TOTAL,NOT SPECIFIED,NATIONAL,,99,US,US TOTAL,,,,,,,,0,,,9000,UNITED STATES,US TOTAL,1946,MONTHLY,7,7,JUL,,2012-01-01 00:00:00.000,1.96,
SURVEY,CROPS,FIELD CROPS,CORN,ALL CLASSES,ALL PRODUCTION PRACTICES,GRAIN,PRICE RECEIVED,$ / BU,"CORN, GRAIN - PRICE RECEIVED, MEASURED IN $ / BU",TOTAL,NOT SPECIFIED,NATIONAL,,99,US,US TOTAL,,,,,,,,0,,,9000,UNITED STATES,US TOTAL,1946,MONTHLY,8,8,AUG,,2012-01-01 00:00:00.000,1.8,
SURVEY,CROPS,FIELD CROPS,CORN,ALL CLASSES,ALL PRODUCTION PRACTICES,GRAIN,PRICE RECEIVED,$ / BU,"CORN, GRAIN - PRICE RECEIVED, MEASURED IN $ / BU",TOTAL,NOT SPECIFIED,NATIONAL,,99,US,US TOTAL,,,,,,,,0,,,9000,UNITED STATES,US TOTAL,1946,MONTHLY,9,9,SEP,,2012-01-01 00:00:00.000,1.73,
SURVEY,CROPS,FIELD CROPS,CORN,ALL CLASSES,ALL PRODUCTION PRACTICES,GRAIN,PRICE RECEIVED,$ / BU,"CORN, GRAIN - PRICE RECEIVED, MEASURED IN $ / BU",TOTAL,NOT SPECIFIED,NATIONAL,,99,US,US TOTAL,,,,,,,,0,,,9000,UNITED STATES,US TOTAL,1946,MONTHLY,10,10,OCT,,2012-01-01 00:00:00.000,1.69,
SURVEY,CROPS,FIELD CROPS,CORN,ALL CLASSES,ALL PRODUCTION PRACTICES,GRAIN,PRICE RECEIVED,$ / BU,"CORN, GRAIN - PRICE RECEIVED, MEASURED IN $ / BU",TOTAL,NOT SPECIFIED,NATIONAL,,99,US,US TOTAL,,,,,,,,0,,,9000,UNITED STATES,US TOTAL,1946,MONTHLY,11,11,NOV,,2012-01-01 00:00:00.000,1.27,
SURVEY,CROPS,FIELD CROPS,CORN,ALL CLASSES,ALL PRODUCTION PRACTICES,GRAIN,PRICE RECEIVED,$ / BU,"CORN, GRAIN - PRICE RECEIVED, MEASURED IN $ / BU",TOTAL,NOT SPECIFIED,NATIONAL,,99,US,US TOTAL,,,,,,,,0,,,9000,UNITED STATES,US TOTAL,1946,MONTHLY,12,12,DEC,,2012-01-01 00:00:00.000,1.22,
SURVEY,CROPS,FIELD CROPS,CORN,ALL CLASSES,ALL PRODUCTION PRACTICES,GRAIN,PRICE RECEIVED,$ / BU,"CORN, GRAIN - PRICE RECEIVED, MEASURED IN $ / BU",TOTAL,NOT SPECIFIED,NATIONAL,,99,US,US TOTAL,,,,,,,,0,,,9000,UNITED STATES,US TOTAL,1945,ANNUAL,0,0,MARKETING YEAR,,2012-01-01 00:00:00.000,1.23,
SURVEY,CROPS,FIELD CROPS,CORN,ALL CLASSES,ALL PRODUCTION PRACTICES,GRAIN,PRICE RECEIVED,$ / BU,"CORN, GRAIN - PRICE RECEIVED, MEASURED IN $ / BU",TOTAL,NOT SPECIFIED,NATIONAL,,99,US,US TOTAL,,,,,,,,0,,,9000,UNITED STATES,US TOTAL,1945,MONTHLY,1,1,JAN,,2012-01-01 00:00:00.000,1.07,
SURVEY,CROPS,FIELD CROPS,CORN,ALL CLASSES,ALL PRODUCTION PRACTICES,GRAIN,PRICE RECEIVED,$ / BU,"CORN, GRAIN - PRICE RECEIVED, MEASURED IN $ / BU",TOTAL,NOT SPECIFIED,NATIONAL,,99,US,US TOTAL,,,,,,,,0,,,9000,UNITED STATES,US TOTAL,1945,MONTHLY,2,2,FEB,,2012-01-01 00:00:00.000,1.06,
SURVEY,CROPS,FIELD CROPS,CORN,ALL CLASSES,ALL PRODUCTION PRACTICES,GRAIN,PRICE RECEIVED,$ / BU,"CORN, GRAIN - PRICE RECEIVED, MEASURED IN $ / BU",TOTAL,NOT SPECIFIED,NATIONAL,,99,US,US TOTAL,,,,,,,,0,,,9000,UNITED STATES,US TOTAL,1945,MONTHLY,3,3,MAR,,2012-01-01 00:00:00.000,1.07,
SURVEY,CROPS,FIELD CROPS,CORN,ALL CLASSES,ALL PRODUCTION PRACTICES,GRAIN,PRICE RECEIVED,$ / BU,"CORN, GRAIN - PRICE RECEIVED, MEASURED IN $ / BU",TOTAL,NOT SPECIFIED,NATIONAL,,99,US,US TOTAL,,,,,,,,0,,,9000,UNITED STATES,US TOTAL,1945,MONTHLY,4,4,APR,,2012-01-01 00:00:00.000,1.07,
SURVEY,CROPS,FIELD CROPS,CORN,ALL CLASSES,ALL PRODUCTION PRACTICES,GRAIN,PRICE RECEIVED,$ / BU,"CORN, GRAIN - PRICE RECEIVED, MEASURED IN $ / BU",TOTAL,NOT SPECIFIED,NATIONAL,,99,US,US TOTAL,,,,,,,,0,,,9000,UNITED STATES,US TOTAL,1945,MONTHLY,5,5,MAY,,2012-01-01 00:00:00.000,1.08,
SURVEY,CROPS,FIELD CROPS,CORN,ALL CLASSES,ALL PRODUCTION PRACTICES,GRAIN,PRICE RECEIVED,$ / BU,"CORN, GRAIN - PRICE RECEIVED, MEASURED IN $ / BU",TOTAL,NOT SPECIFIED,NATIONAL,,99,US,US TOTAL,,,,,,,,0,,,9000,UNITED STATES,US TOTAL,1945,MONTHLY,6,6,JUN,,2012-01-01 00:00:00.000,1.11,
SURVEY,CROPS,FIELD CROPS,CORN,ALL CLASSES,ALL PRODUCTION PRACTICES,GRAIN,PRICE RECEIVED,$ / BU,"CORN, GRAIN - PRICE RECEIVED, MEASURED IN $ / BU",TOTAL,NOT SPECIFIED,NATIONAL,,99,US,US TOTAL,,,,,,,,0,,,9000,UNITED STATES,US TOTAL,1945,MONTHLY,7,7,JUL,,2012-01-01 00:00:00.000,1.12,
SURVEY,CROPS,FIELD CROPS,CORN,ALL CLASSES,ALL PRODUCTION PRACTICES,GRAIN,PRICE RECEIVED,$ / BU,"CORN, GRAIN - PRICE RECEIVED, MEASURED IN $ / BU",TOTAL,NOT SPECIFIED,NATIONAL,,99,US,US TOTAL,,,,,,,,0,,,9000,UNITED STATES,US TOTAL,1945,MONTHLY,8,8,AUG,,2012-01-01 00:00:00.000,1.13,
SURVEY,CROPS,FIELD CROPS,CORN,ALL CLASSES,ALL PRODUCTION PRACTICES,GRAIN,PRICE RECEIVED,$ / BU,"CORN, GRAIN - PRICE RECEIVED, MEASURED IN $ / BU",TOTAL,NOT SPECIFIED,NATIONAL,,99,US,US TOTAL,,,,,,,,0,,,9000,UNITED STATES,US TOTAL,1945,MONTHLY,9,9,SEP,,2012-01-01 00:00:00.000,1.12,
SURVEY,CROPS,FIELD CROPS,CORN,ALL CLASSES,ALL PRODUCTION PRACTICES,GRAIN,PRICE RECEIVED,$ / BU,"CORN, GRAIN - PRICE RECEIVED, MEASURED IN $ / BU",TOTAL,NOT SPECIFIED,NATIONAL,,99,US,US TOTAL,,,,,,,,0,,,9000,UNITED STATES,US TOTAL,1945,MONTHLY,10,10,OCT,,2012-01-01 00:00:00.000,1.13,
SURVEY,CROPS,FIELD CROPS,CORN,ALL CLASSES,ALL PRODUCTION PRACTICES,GRAIN,PRICE RECEIVED,$ / BU,"CORN, GRAIN - PRICE RECEIVED, MEASURED IN $ / BU",TOTAL,NOT SPECIFIED,NATIONAL,,99,US,US TOTAL,,,,,,,,0,,,9000,UNITED STATES,US TOTAL,1945,MONTHLY,11,11,NOV,,2012-01-01 00:00:00.000,1.11,
SURVEY,CROPS,FIELD CROPS,CORN,ALL CLASSES,ALL PRODUCTION PRACTICES,GRAIN,PRICE RECEIVED,$ / BU,"CORN, GRAIN - PRICE RECEIVED, MEASURED IN $ / BU",TOTAL,NOT SPECIFIED,NATIONAL,,99,US,US TOTAL,,,,,,,,0,,,9000,UNITED STATES,US TOTAL,1945,MONTHLY,12,12,DEC,,2012-01-01 00:00:00.000,1.09,
SURVEY,CROPS,FIELD CROPS,CORN,ALL CLASSES,ALL PRODUCTION PRACTICES,GRAIN,PRICE RECEIVED,$ / BU,"CORN, GRAIN - PRICE RECEIVED, MEASURED IN $ / BU",TOTAL,NOT SPECIFIED,NATIONAL,,99,US,US TOTAL,,,,,,,,0,,,9000,UNITED STATES,US TOTAL,1944,ANNUAL,0,0,MARKETING YEAR,,2012-01-01 00:00:00.000,1.03,
SURVEY,CROPS,FIELD CROPS,CORN,ALL CLASSES,ALL PRODUCTION PRACTICES,GRAIN,PRICE RECEIVED,$ / BU,"CORN, GRAIN - PRICE RECEIVED, MEASURED IN $ / BU",TOTAL,NOT SPECIFIED,NATIONAL,,99,US,US TOTAL,,,,,,,,0,,,9000,UNITED STATES,US TOTAL,1944,MONTHLY,1,1,JAN,,2012-01-01 00:00:00.000,1.13,
SURVEY,CROPS,FIELD CROPS,CORN,ALL CLASSES,ALL PRODUCTION PRACTICES,GRAIN,PRICE RECEIVED,$ / BU,"CORN, GRAIN - PRICE RECEIVED, MEASURED IN $ / BU",TOTAL,NOT SPECIFIED,NATIONAL,,99,US,US TOTAL,,,,,,,,0,,,9000,UNITED STATES,US TOTAL,1944,MONTHLY,2,2,FEB,,2012-01-01 00:00:00.000,1.13,
SURVEY,CROPS,FIELD CROPS,CORN,ALL CLASSES,ALL PRODUCTION PRACTICES,GRAIN,PRICE RECEIVED,$ / BU,"CORN, GRAIN - PRICE RECEIVED, MEASURED IN $ / BU",TOTAL,NOT SPECIFIED,NATIONAL,,99,US,US TOTAL,,,,,,,,0,,,9000,UNITED STATES,US TOTAL,1944,MONTHLY,3,3,MAR,,2012-01-01 00:00:00.000,1.14,
SURVEY,CROPS,FIELD CROPS,CORN,ALL CLASSES,ALL PRODUCTION PRACTICES,GRAIN,PRICE RECEIVED,$ / BU,"CORN, GRAIN - PRICE RECEIVED, MEASURED IN $ / BU",TOTAL,NOT SPECIFIED,NATIONAL,,99,US,US TOTAL,,,,,,,,0,,,9000,UNITED STATES,US TOTAL,1944,MONTHLY,4,4,APR,,2012-01-01 00:00:00.000,1.15,
SURVEY,CROPS,FIELD CROPS,CORN,ALL CLASSES,ALL PRODUCTION PRACTICES,GRAIN,PRICE RECEIVED,$ / BU,"CORN, GRAIN - PRICE RECEIVED, MEASURED IN $ / BU",TOTAL,NOT SPECIFIED,NATIONAL,,99,US,US TOTAL,,,,,,,,0,,,9000,UNITED STATES,US TOTAL,1944,MONTHLY,5,5,MAY,,2012-01-01 00:00:00.000,1.15,
SURVEY,CROPS,FIELD CROPS,CORN,ALL CLASSES,ALL PRODUCTION PRACTICES,GRAIN,PRICE RECEIVED,$ / BU,"CORN, GRAIN - PRICE RECEIVED, MEASURED IN $ / BU",TOTAL,NOT SPECIFIED,NATIONAL,,99,US,US TOTAL,,,,,,,,0,,,9000,UNITED STATES,US TOTAL,1944,MONTHLY,6,6,JUN,,2012-01-01 00:00:00.000,1.15,
SURVEY,CROPS,FIELD CROPS,CORN,ALL CLASSES,ALL PRODUCTION PRACTICES,GRAIN,PRICE RECEIVED,$ / BU,"CORN, GRAIN - PRICE RECEIVED, MEASURED IN $ / BU",TOTAL,NOT SPECIFIED,NATIONAL,,99,US,US TOTAL,,,,,,,,0,,,9000,UNITED STATES,US TOTAL,1944,MONTHLY,7,7,JUL,,2012-01-01 00:00:00.000,1.17,
SURVEY,CROPS,FIELD CROPS,CORN,ALL CLASSES,ALL PRODUCTION PRACTICES,GRAIN,PRICE RECEIVED,$ / BU,"CORN, GRAIN - PRICE RECEIVED, MEASURED IN $ / BU",TOTAL,NOT SPECIFIED,NATIONAL,,99,US,US TOTAL,,,,,,,,0,,,9000,UNITED STATES,US TOTAL,1944,MONTHLY,8,8,AUG,,2012-01-01 00:00:00.000,1.17,
SURVEY,CROPS,FIELD CROPS,CORN,ALL CLASSES,ALL PRODUCTION PRACTICES,GRAIN,PRICE RECEIVED,$ / BU,"CORN, GRAIN - PRICE RECEIVED, MEASURED IN $ / BU",TOTAL,NOT SPECIFIED,NATIONAL,,99,US,US TOTAL,,,,,,,,0,,,9000,UNITED STATES,US TOTAL,1944,MONTHLY,9,9,SEP,,2012-01-01 00:00:00.000,1.16,
SURVEY,CROPS,FIELD CROPS,CORN,ALL CLASSES,ALL PRODUCTION PRACTICES,GRAIN,PRICE RECEIVED,$ / BU,"CORN, GRAIN - PRICE RECEIVED, MEASURED IN $ / BU",TOTAL,NOT SPECIFIED,NATIONAL,,99,US,US TOTAL,,,,,,,,0,,,9000,UNITED STATES,US TOTAL,1944,MONTHLY,10,10,OCT,,2012-01-01 00:00:00.000,1.13,
SURVEY,CROPS,FIELD CROPS,CORN,ALL CLASSES,ALL PRODUCTION PRACTICES,GRAIN,PRICE RECEIVED,$ / BU,"CORN, GRAIN - PRICE RECEIVED, MEASURED IN $ / BU",TOTAL,NOT SPECIFIED,NATIONAL,,99,US,US TOTAL,,,,,,,,0,,,9000,UNITED STATES,US TOTAL,1944,MONTHLY,11,11,NOV,,2012-01-01 00:00:00.000,1.06,
SURVEY,CROPS,FIELD CROPS,CORN,ALL CLASSES,ALL PRODUCTION PRACTICES,GRAIN,PRICE RECEIVED,$ / BU,"CORN, GRAIN - PRICE RECEIVED, MEASURED IN $ / BU",TOTAL,NOT SPECIFIED,NATIONAL,,99,US,US TOTAL,,,,,,,,0,,,9000,UNITED STATES,US TOTAL,1944,MONTHLY,12,12,DEC,,2012-01-01 00:00:00.000,1.06,
SURVEY,CROPS,FIELD CROPS,CORN,ALL CLASSES,ALL PRODUCTION PRACTICES,GRAIN,PRICE RECEIVED,$ / BU,"CORN, GRAIN - PRICE RECEIVED, MEASURED IN $ / BU",TOTAL,NOT SPECIFIED,NATIONAL,,99,US,US TOTAL,,,,,,,,0,,,9000,UNITED STATES,US TOTAL,1943,ANNUAL,0,0,MARKETING YEAR,,2012-01-01 00:00:00.000,1.08,
SURVEY,CROPS,FIELD CROPS,CORN,ALL CLASSES,ALL PRODUCTION PRACTICES,GRAIN,PRICE RECEIVED,$ / BU,"CORN, GRAIN - PRICE RECEIVED, MEASURED IN $ / BU",TOTAL,NOT SPECIFIED,NATIONAL,,99,US,US TOTAL,,,,,,,,0,,,9000,UNITED STATES,US TOTAL,1943,MONTHLY,1,1,JAN,,2012-01-01 00:00:00.000,0.88,
SURVEY,CROPS,FIELD CROPS,CORN,ALL CLASSES,ALL PRODUCTION PRACTICES,GRAIN,PRICE RECEIVED,$ / BU,"CORN, GRAIN - PRICE RECEIVED, MEASURED IN $ / BU",TOTAL,NOT SPECIFIED,NATIONAL,,99,US,US TOTAL,,,,,,,,0,,,9000,UNITED STATES,US TOTAL,1943,MONTHLY,2,2,FEB,,2012-01-01 00:00:00.000,0.904,
SURVEY,CROPS,FIELD CROPS,CORN,ALL CLASSES,ALL PRODUCTION PRACTICES,GRAIN,PRICE RECEIVED,$ / BU,"CORN, GRAIN - PRICE RECEIVED, MEASURED IN $ / BU",TOTAL,NOT SPECIFIED,NATIONAL,,99,US,US TOTAL,,,,,,,,0,,,9000,UNITED STATES,US TOTAL,1943,MONTHLY,3,3,MAR,,2012-01-01 00:00:00.000,0.948,
SURVEY,CROPS,FIELD CROPS,CORN,ALL CLASSES,ALL PRODUCTION PRACTICES,GRAIN,PRICE RECEIVED,$ / BU,"CORN, GRAIN - PRICE RECEIVED, MEASURED IN $ / BU",TOTAL,NOT SPECIFIED,NATIONAL,,99,US,US TOTAL,,,,,,,,0,,,9000,UNITED STATES,US TOTAL,1943,MONTHLY,4,4,APR,,2012-01-01 00:00:00.000,1.0,
SURVEY,CROPS,FIELD CROPS,CORN,ALL CLASSES,ALL PRODUCTION PRACTICES,GRAIN,PRICE RECEIVED,$ / BU,"CORN, GRAIN - PRICE RECEIVED, MEASURED IN $ / BU",TOTAL,NOT SPECIFIED,NATIONAL,,99,US,US TOTAL,,,,,,,,0,,,9000,UNITED STATES,US TOTAL,1943,MONTHLY,5,5,MAY,,2012-01-01 00:00:00.000,1.03,
SURVEY,CROPS,FIELD CROPS,CORN,ALL CLASSES,ALL PRODUCTION PRACTICES,GRAIN,PRICE RECEIVED,$ / BU,"CORN, GRAIN - PRICE RECEIVED, MEASURED IN $ / BU",TOTAL,NOT SPECIFIED,NATIONAL,,99,US,US TOTAL,,,,,,,,0,,,9000,UNITED STATES,US TOTAL,1943,MONTHLY,6,6,JUN,,2012-01-01 00:00:00.000,1.06,
SURVEY,CROPS,FIELD CROPS,CORN,ALL CLASSES,ALL PRODUCTION PRACTICES,GRAIN,PRICE RECEIVED,$ / BU,"CORN, GRAIN - PRICE RECEIVED, MEASURED IN $ / BU",TOTAL,NOT SPECIFIED,NATIONAL,,99,US,US TOTAL,,,,,,,,0,,,9000,UNITED STATES,US TOTAL,1943,MONTHLY,7,7,JUL,,2012-01-01 00:00:00.000,1.08,
SURVEY,CROPS,FIELD CROPS,CORN,ALL CLASSES,ALL PRODUCTION PRACTICES,GRAIN,PRICE RECEIVED,$ / BU,"CORN, GRAIN - PRICE RECEIVED, MEASURED IN $ / BU",TOTAL,NOT SPECIFIED,NATIONAL,,99,US,US TOTAL,,,,,,,,0,,,9000,UNITED STATES,US TOTAL,1943,MONTHLY,8,8,AUG,,2012-01-01 00:00:00.000,1.09,
SURVEY,CROPS,FIELD CROPS,CORN,ALL CLASSES,ALL PRODUCTION PRACTICES,GRAIN,PRICE RECEIVED,$ / BU,"CORN, GRAIN - PRICE RECEIVED, MEASURED IN $ / BU",TOTAL,NOT SPECIFIED,NATIONAL,,99,US,US TOTAL,,,,,,,,0,,,9000,UNITED STATES,US TOTAL,1943,MONTHLY,9,9,SEP,,2012-01-01 00:00:00.000,1.09,
SURVEY,CROPS,FIELD CROPS,CORN,ALL CLASSES,ALL PRODUCTION PRACTICES,GRAIN,PRICE RECEIVED,$ / BU,"CORN, GRAIN - PRICE RECEIVED, MEASURED IN $ / BU",TOTAL,NOT SPECIFIED,NATIONAL,,99,US,US TOTAL,,,,,,,,0,,,9000,UNITED STATES,US TOTAL,1943,MONTHLY,10,10,OCT,,2012-01-01 00:00:00.000,1.07,
SURVEY,CROPS,FIELD CROPS,CORN,ALL CLASSES,ALL PRODUCTION PRACTICES,GRAIN,PRICE RECEIVED,$ / BU,"CORN, GRAIN - PRICE RECEIVED, MEASURED IN $ / BU",TOTAL,NOT SPECIFIED,NATIONAL,,99,US,US TOTAL,,,,,,,,0,,,9000,UNITED STATES,US TOTAL,1943,MONTHLY,11,11,NOV,,2012-01-01 00:00:00.000,1.05,
SURVEY,CROPS,FIELD CROPS,CORN,ALL CLASSES,ALL PRODUCTION PRACTICES,GRAIN,PRICE RECEIVED,$ / BU,"CORN, GRAIN - PRICE RECEIVED, MEASURED IN $ / BU",TOTAL,NOT SPECIFIED,NATIONAL,,99,US,US TOTAL,,,,,,,,0,,,9000,UNITED STATES,US TOTAL,1943,MONTHLY,12,12,DEC,,2012-01-01 00:00:00.000,1.11,
SURVEY,CROPS,FIELD CROPS,CORN,ALL CLASSES,ALL PRODUCTION PRACTICES,GRAIN,PRICE RECEIVED,$ / BU,"CORN, GRAIN - PRICE RECEIVED, MEASURED IN $ / BU",TOTAL,NOT SPECIFIED,NATIONAL,,99,US,US TOTAL,,,,,,,,0,,,9000,UNITED STATES,US TOTAL,1942,ANNUAL,0,0,MARKETING YEAR,,2012-01-01 00:00:00.000,0.894,
SURVEY,CROPS,FIELD CROPS,CORN,ALL CLASSES,ALL PRODUCTION PRACTICES,GRAIN,PRICE RECEIVED,$ / BU,"CORN, GRAIN - PRICE RECEIVED, MEASURED IN $ / BU",TOTAL,NOT SPECIFIED,NATIONAL,,99,US,US TOTAL,,,,,,,,0,,,9000,UNITED STATES,US TOTAL,1942,MONTHLY,1,1,JAN,,2012-01-01 00:00:00.000,0.727,
SURVEY,CROPS,FIELD CROPS,CORN,ALL CLASSES,ALL PRODUCTION PRACTICES,GRAIN,PRICE RECEIVED,$ / BU,"CORN, GRAIN - PRICE RECEIVED, MEASURED IN $ / BU",TOTAL,NOT SPECIFIED,NATIONAL,,99,US,US TOTAL,,,,,,,,0,,,9000,UNITED STATES,US TOTAL,1942,MONTHLY,2,2,FEB,,2012-01-01 00:00:00.000,0.766,
SURVEY,CROPS,FIELD CROPS,CORN,ALL CLASSES,ALL PRODUCTION PRACTICES,GRAIN,PRICE RECEIVED,$ / BU,"CORN, GRAIN - PRICE RECEIVED, MEASURED IN $ / BU",TOTAL,NOT SPECIFIED,NATIONAL,,99,US,US TOTAL,,,,,,,,0,,,9000,UNITED STATES,US TOTAL,1942,MONTHLY,3,3,MAR,,2012-01-01 00:00:00.000,0.784,
SURVEY,CROPS,FIELD CROPS,CORN,ALL CLASSES,ALL PRODUCTION PRACTICES,GRAIN,PRICE RECEIVED,$ / BU,"CORN, GRAIN - PRICE RECEIVED, MEASURED IN $ / BU",TOTAL,NOT SPECIFIED,NATIONAL,,99,US,US TOTAL,,,,,,,,0,,,9000,UNITED STATES,US TOTAL,1942,MONTHLY,4,4,APR,,2012-01-01 00:00:00.000,0.797,
SURVEY,CROPS,FIELD CROPS,CORN,ALL CLASSES,ALL PRODUCTION PRACTICES,GRAIN,PRICE RECEIVED,$ / BU,"CORN, GRAIN - PRICE RECEIVED, MEASURED IN $ / BU",TOTAL,NOT SPECIFIED,NATIONAL,,99,US,US TOTAL,,,,,,,,0,,,9000,UNITED STATES,US TOTAL,1942,MONTHLY,5,5,MAY,,2012-01-01 00:00:00.000,0.814,
SURVEY,CROPS,FIELD CROPS,CORN,ALL CLASSES,ALL PRODUCTION PRACTICES,GRAIN,PRICE RECEIVED,$ / BU,"CORN, GRAIN - PRICE RECEIVED, MEASURED IN $ / BU",TOTAL,NOT SPECIFIED,NATIONAL,,99,US,US TOTAL,,,,,,,,0,,,9000,UNITED STATES,US TOTAL,1942,MONTHLY,6,6,JUN,,2012-01-01 00:00:00.000,0.819,
SURVEY,CROPS,FIELD CROPS,CORN,ALL CLASSES,ALL PRODUCTION PRACTICES,GRAIN,PRICE RECEIVED,$ / BU,"CORN, GRAIN - PRICE RECEIVED, MEASURED IN $ / BU",TOTAL,NOT SPECIFIED,NATIONAL,,99,US,US TOTAL,,,,,,,,0,,,9000,UNITED STATES,US TOTAL,1942,MONTHLY,7,7,JUL,,2012-01-01 00:00:00.000,0.831,
SURVEY,CROPS,FIELD CROPS,CORN,ALL CLASSES,ALL PRODUCTION PRACTICES,GRAIN,PRICE RECEIVED,$ / BU,"CORN, GRAIN - PRICE RECEIVED, MEASURED IN $ / BU",TOTAL,NOT SPECIFIED,NATIONAL,,99,US,US TOTAL,,,,,,,,0,,,9000,UNITED STATES,US TOTAL,1942,MONTHLY,8,8,AUG,,2012-01-01 00:00:00.000,0.834,
SURVEY,CROPS,FIELD CROPS,CORN,ALL CLASSES,ALL PRODUCTION PRACTICES,GRAIN,PRICE RECEIVED,$ / BU,"CORN, GRAIN - PRICE RECEIVED, MEASURED IN $ / BU",TOTAL,NOT SPECIFIED,NATIONAL,,99,US,US TOTAL,,,,,,,,0,,,9000,UNITED STATES,US TOTAL,1942,MONTHLY,9,9,SEP,,2012-01-01 00:00:00.000,0.826,
SURVEY,CROPS,FIELD CROPS,CORN,ALL CLASSES,ALL PRODUCTION PRACTICES,GRAIN,PRICE RECEIVED,$ / BU,"CORN, GRAIN - PRICE RECEIVED, MEASURED IN $ / BU",TOTAL,NOT SPECIFIED,NATIONAL,,99,US,US TOTAL,,,,,,,,0,,,9000,UNITED STATES,US TOTAL,1942,MONTHLY,10,10,OCT,,2012-01-01 00:00:00.000,0.775,
SURVEY,CROPS,FIELD CROPS,CORN,ALL CLASSES,ALL PRODUCTION PRACTICES,GRAIN,PRICE RECEIVED,$ / BU,"CORN, GRAIN - PRICE RECEIVED, MEASURED IN $ / BU",TOTAL,NOT SPECIFIED,NATIONAL,,99,US,US TOTAL,,,,,,,,0,,,9000,UNITED STATES,US TOTAL,1942,MONTHLY,11,11,NOV,,2012-01-01 00:00:00.000,0.759,
SURVEY,CROPS,FIELD CROPS,CORN,ALL CLASSES,ALL PRODUCTION PRACTICES,GRAIN,PRICE RECEIVED,$ / BU,"CORN, GRAIN - PRICE RECEIVED, MEASURED IN $ / BU",TOTAL,NOT SPECIFIED,NATIONAL,,99,US,US TOTAL,,,,,,,,0,,,9000,UNITED STATES,US TOTAL,1942,MONTHLY,12,12,DEC,,2012-01-01 00:00:00.000,0.802,
SURVEY,CROPS,FIELD CROPS,CORN,ALL CLASSES,ALL PRODUCTION PRACTICES,GRAIN,PRICE RECEIVED,$ / BU,"CORN, GRAIN - PRICE RECEIVED, MEASURED IN $ / BU",TOTAL,NOT SPECIFIED,NATIONAL,,99,US,US TOTAL,,,,,,,,0,,,9000,UNITED STATES,US TOTAL,1941,ANNUAL,0,0,MARKETING YEAR,,2012-01-01 00:00:00.000,0.736,
SURVEY,CROPS,FIELD CROPS,CORN,ALL CLASSES,ALL PRODUCTION PRACTICES,GRAIN,PRICE RECEIVED,$ / BU,"CORN, GRAIN - PRICE RECEIVED, MEASURED IN $ / BU",TOTAL,NOT SPECIFIED,NATIONAL,,99,US,US TOTAL,,,,,,,,0,,,9000,UNITED STATES,US TOTAL,1941,MONTHLY,1,1,JAN,,2012-01-01 00:00:00.000,0.56,
SURVEY,CROPS,FIELD CROPS,CORN,ALL CLASSES,ALL PRODUCTION PRACTICES,GRAIN,PRICE RECEIVED,$ / BU,"CORN, GRAIN - PRICE RECEIVED, MEASURED IN $ / BU",TOTAL,NOT SPECIFIED,NATIONAL,,99,US,US TOTAL,,,,,,,,0,,,9000,UNITED STATES,US TOTAL,1941,MONTHLY,2,2,FEB,,2012-01-01 00:00:00.000,0.56,
SURVEY,CROPS,FIELD CROPS,CORN,ALL CLASSES,ALL PRODUCTION PRACTICES,GRAIN,PRICE RECEIVED,$ / BU,"CORN, GRAIN - PRICE RECEIVED, MEASURED IN $ / BU",TOTAL,NOT SPECIFIED,NATIONAL,,99,US,US TOTAL,,,,,,,,0,,,9000,UNITED STATES,US TOTAL,1941,MONTHLY,3,3,MAR,,2012-01-01 00:00:00.000,0.571,
SURVEY,CROPS,FIELD CROPS,CORN,ALL CLASSES,ALL PRODUCTION PRACTICES,GRAIN,PRICE RECEIVED,$ / BU,"CORN, GRAIN - PRICE RECEIVED, MEASURED IN $ / BU",TOTAL,NOT SPECIFIED,NATIONAL,,99,US,US TOTAL,,,,,,,,0,,,9000,UNITED STATES,US TOTAL,1941,MONTHLY,4,4,APR,,2012-01-01 00:00:00.000,0.62,
SURVEY,CROPS,FIELD CROPS,CORN,ALL CLASSES,ALL PRODUCTION PRACTICES,GRAIN,PRICE RECEIVED,$ / BU,"CORN, GRAIN - PRICE RECEIVED, MEASURED IN $ / BU",TOTAL,NOT SPECIFIED,NATIONAL,,99,US,US TOTAL,,,,,,,,0,,,9000,UNITED STATES,US TOTAL,1941,MONTHLY,5,5,MAY,,2012-01-01 00:00:00.000,0.659,
SURVEY,CROPS,FIELD CROPS,CORN,ALL CLASSES,ALL PRODUCTION PRACTICES,GRAIN,PRICE RECEIVED,$ / BU,"CORN, GRAIN - PRICE RECEIVED, MEASURED IN $ / BU",TOTAL,NOT SPECIFIED,NATIONAL,,99,US,US TOTAL,,,,,,,,0,,,9000,UNITED STATES,US TOTAL,1941,MONTHLY,6,6,JUN,,2012-01-01 00:00:00.000,0.683,
SURVEY,CROPS,FIELD CROPS,CORN,ALL CLASSES,ALL PRODUCTION PRACTICES,GRAIN,PRICE RECEIVED,$ / BU,"CORN, GRAIN - PRICE RECEIVED, MEASURED IN $ / BU",TOTAL,NOT SPECIFIED,NATIONAL,,99,US,US TOTAL,,,,,,,,0,,,9000,UNITED STATES,US TOTAL,1941,MONTHLY,7,7,JUL,,2012-01-01 00:00:00.000,0.696,
SURVEY,CROPS,FIELD CROPS,CORN,ALL CLASSES,ALL PRODUCTION PRACTICES,GRAIN,PRICE RECEIVED,$ / BU,"CORN, GRAIN - PRICE RECEIVED, MEASURED IN $ / BU",TOTAL,NOT SPECIFIED,NATIONAL,,99,US,US TOTAL,,,,,,,,0,,,9000,UNITED STATES,US TOTAL,1941,MONTHLY,8,8,AUG,,2012-01-01 00:00:00.000,0.7,
SURVEY,CROPS,FIELD CROPS,CORN,ALL CLASSES,ALL PRODUCTION PRACTICES,GRAIN,PRICE RECEIVED,$ / BU,"CORN, GRAIN - PRICE RECEIVED, MEASURED IN $ / BU",TOTAL,NOT SPECIFIED,NATIONAL,,99,US,US TOTAL,,,,,,,,0,,,9000,UNITED STATES,US TOTAL,1941,MONTHLY,9,9,SEP,,2012-01-01 00:00:00.000,0.708,
SURVEY,CROPS,FIELD CROPS,CORN,ALL CLASSES,ALL PRODUCTION PRACTICES,GRAIN,PRICE RECEIVED,$ / BU,"CORN, GRAIN - PRICE RECEIVED, MEASURED IN $ / BU",TOTAL,NOT SPECIFIED,NATIONAL,,99,US,US TOTAL,,,,,,,,0,,,9000,UNITED STATES,US TOTAL,1941,MONTHLY,10,10,OCT,,2012-01-01 00:00:00.000,0.649,
SURVEY,CROPS,FIELD CROPS,CORN,ALL CLASSES,ALL PRODUCTION PRACTICES,GRAIN,PRICE RECEIVED,$ / BU,"CORN, GRAIN - PRICE RECEIVED, MEASURED IN $ / BU",TOTAL,NOT SPECIFIED,NATIONAL,,99,US,US TOTAL,,,,,,,,0,,,9000,UNITED STATES,US TOTAL,1941,MONTHLY,11,11,NOV,,2012-01-01 00:00:00.000,0.637,
SURVEY,CROPS,FIELD CROPS,CORN,ALL CLASSES,ALL PRODUCTION PRACTICES,GRAIN,PRICE RECEIVED,$ / BU,"CORN, GRAIN - PRICE RECEIVED, MEASURED IN $ / BU",TOTAL,NOT SPECIFIED,NATIONAL,,99,US,US TOTAL,,,,,,,,0,,,9000,UNITED STATES,US TOTAL,1941,MONTHLY,12,12,DEC,,2012-01-01 00:00:00.000,0.669,
SURVEY,CROPS,FIELD CROPS,CORN,ALL CLASSES,ALL PRODUCTION PRACTICES,GRAIN,PRICE RECEIVED,$ / BU,"CORN, GRAIN - PRICE RECEIVED, MEASURED IN $ / BU",TOTAL,NOT SPECIFIED,NATIONAL,,99,US,US TOTAL,,,,,,,,0,,,9000,UNITED STATES,US TOTAL,1940,ANNUAL,0,0,MARKETING YEAR,,2012-01-01 00:00:00.000,0.601,
SURVEY,CROPS,FIELD CROPS,CORN,ALL CLASSES,ALL PRODUCTION PRACTICES,GRAIN,PRICE RECEIVED,$ / BU,"CORN, GRAIN - PRICE RECEIVED, MEASURED IN $ / BU",TOTAL,NOT SPECIFIED,NATIONAL,,99,US,US TOTAL,,,,,,,,0,,,9000,UNITED STATES,US TOTAL,1940,MONTHLY,1,1,JAN,,2012-01-01 00:00:00.000,0.532,
SURVEY,CROPS,FIELD CROPS,CORN,ALL CLASSES,ALL PRODUCTION PRACTICES,GRAIN,PRICE RECEIVED,$ / BU,"CORN, GRAIN - PRICE RECEIVED, MEASURED IN $ / BU",TOTAL,NOT SPECIFIED,NATIONAL,,99,US,US TOTAL,,,,,,,,0,,,9000,UNITED STATES,US TOTAL,1940,MONTHLY,2,2,FEB,,2012-01-01 00:00:00.000,0.547,
SURVEY,CROPS,FIELD CROPS,CORN,ALL CLASSES,ALL PRODUCTION PRACTICES,GRAIN,PRICE RECEIVED,$ / BU,"CORN, GRAIN - PRICE RECEIVED, MEASURED IN $ / BU",TOTAL,NOT SPECIFIED,NATIONAL,,99,US,US TOTAL,,,,,,,,0,,,9000,UNITED STATES,US TOTAL,1940,MONTHLY,3,3,MAR,,2012-01-01 00:00:00.000,0.56,
SURVEY,CROPS,FIELD CROPS,CORN,ALL CLASSES,ALL PRODUCTION PRACTICES,GRAIN,PRICE RECEIVED,$ / BU,"CORN, GRAIN - PRICE RECEIVED, MEASURED IN $ / BU",TOTAL,NOT SPECIFIED,NATIONAL,,99,US,US TOTAL,,,,,,,,0,,,9000,UNITED STATES,US TOTAL,1940,MONTHLY,4,4,APR,,2012-01-01 00:00:00.000,0.586,
SURVEY,CROPS,FIELD CROPS,CORN,ALL CLASSES,ALL PRODUCTION PRACTICES,GRAIN,PRICE RECEIVED,$ / BU,"CORN, GRAIN - PRICE RECEIVED, MEASURED IN $ / BU",TOTAL,NOT SPECIFIED,NATIONAL,,99,US,US TOTAL,,,,,,,,0,,,9000,UNITED STATES,US TOTAL,1940,MONTHLY,5,5,MAY,,2012-01-01 00:00:00.000,0.634,
SURVEY,CROPS,FIELD CROPS,CORN,ALL CLASSES,ALL PRODUCTION PRACTICES,GRAIN,PRICE RECEIVED,$ / BU,"CORN, GRAIN - PRICE RECEIVED, MEASURED IN $ / BU",TOTAL,NOT SPECIFIED,NATIONAL,,99,US,US TOTAL,,,,,,,,0,,,9000,UNITED STATES,US TOTAL,1940,MONTHLY,6,6,JUN,,2012-01-01 00:00:00.000,0.635,
SURVEY,CROPS,FIELD CROPS,CORN,ALL CLASSES,ALL PRODUCTION PRACTICES,GRAIN,PRICE RECEIVED,$ / BU,"CORN, GRAIN - PRICE RECEIVED, MEASURED IN $ / BU",TOTAL,NOT SPECIFIED,NATIONAL,,99,US,US TOTAL,,,,,,,,0,,,9000,UNITED STATES,US TOTAL,1940,MONTHLY,7,7,JUL,,2012-01-01 00:00:00.000,0.631,
SURVEY,CROPS,FIELD CROPS,CORN,ALL CLASSES,ALL PRODUCTION PRACTICES,GRAIN,PRICE RECEIVED,$ / BU,"CORN, GRAIN - PRICE RECEIVED, MEASURED IN $ / BU",TOTAL,NOT SPECIFIED,NATIONAL,,99,US,US TOTAL,,,,,,,,0,,,9000,UNITED STATES,US TOTAL,1940,MONTHLY,8,8,AUG,,2012-01-01 00:00:00.000,0.631,
SURVEY,CROPS,FIELD CROPS,CORN,ALL CLASSES,ALL PRODUCTION PRACTICES,GRAIN,PRICE RECEIVED,$ / BU,"CORN, GRAIN - PRICE RECEIVED, MEASURED IN $ / BU",TOTAL,NOT SPECIFIED,NATIONAL,,99,US,US TOTAL,,,,,,,,0,,,9000,UNITED STATES,US TOTAL,1940,MONTHLY,9,9,SEP,,2012-01-01 00:00:00.000,0.619,
SURVEY,CROPS,FIELD CROPS,CORN,ALL CLASSES,ALL PRODUCTION PRACTICES,GRAIN,PRICE RECEIVED,$ / BU,"CORN, GRAIN - PRICE RECEIVED, MEASURED IN $ / BU",TOTAL,NOT SPECIFIED,NATIONAL,,99,US,US TOTAL,,,,,,,,0,,,9000,UNITED STATES,US TOTAL,1940,MONTHLY,10,10,OCT,,2012-01-01 00:00:00.000,0.594,
SURVEY,CROPS,FIELD CROPS,CORN,ALL CLASSES,ALL PRODUCTION PRACTICES,GRAIN,PRICE RECEIVED,$ / BU,"CORN, GRAIN - PRICE RECEIVED, MEASURED IN $ / BU",TOTAL,NOT SPECIFIED,NATIONAL,,99,US,US TOTAL,,,,,,,,0,,,9000,UNITED STATES,US TOTAL,1940,MONTHLY,11,11,NOV,,2012-01-01 00:00:00.000,0.568,
SURVEY,CROPS,FIELD CROPS,CORN,ALL CLASSES,ALL PRODUCTION PRACTICES,GRAIN,PRICE RECEIVED,$ / BU,"CORN, GRAIN - PRICE RECEIVED, MEASURED IN $ / BU",TOTAL,NOT SPECIFIED,NATIONAL,,99,US,US TOTAL,,,,,,,,0,,,9000,UNITED STATES,US TOTAL,1940,MONTHLY,12,12,DEC,,2012-01-01 00:00:00.000,0.545,
SURVEY,CROPS,FIELD CROPS,CORN,ALL CLASSES,ALL PRODUCTION PRACTICES,GRAIN,PRICE RECEIVED,$ / BU,"CORN, GRAIN - PRICE RECEIVED, MEASURED IN $ / BU",TOTAL,NOT SPECIFIED,NATIONAL,,99,US,US TOTAL,,,,,,,,0,,,9000,UNITED STATES,US TOTAL,1939,ANNUAL,0,0,MARKETING YEAR,,2012-01-01 00:00:00.000,0.542,
SURVEY,CROPS,FIELD CROPS,CORN,ALL CLASSES,ALL PRODUCTION PRACTICES,GRAIN,PRICE RECEIVED,$ / BU,"CORN, GRAIN - PRICE RECEIVED, MEASURED IN $ / BU",TOTAL,NOT SPECIFIED,NATIONAL,,99,US,US TOTAL,,,,,,,,0,,,9000,UNITED STATES,US TOTAL,1939,MONTHLY,1,1,JAN,,2012-01-01 00:00:00.000,0.451,
SURVEY,CROPS,FIELD CROPS,CORN,ALL CLASSES,ALL PRODUCTION PRACTICES,GRAIN,PRICE RECEIVED,$ / BU,"CORN, GRAIN - PRICE RECEIVED, MEASURED IN $ / BU",TOTAL,NOT SPECIFIED,NATIONAL,,99,US,US TOTAL,,,,,,,,0,,,9000,UNITED STATES,US TOTAL,1939,MONTHLY,2,2,FEB,,2012-01-01 00:00:00.000,0.439,
SURVEY,CROPS,FIELD CROPS,CORN,ALL CLASSES,ALL PRODUCTION PRACTICES,GRAIN,PRICE RECEIVED,$ / BU,"CORN, GRAIN - PRICE RECEIVED, MEASURED IN $ / BU",TOTAL,NOT SPECIFIED,NATIONAL,,99,US,US TOTAL,,,,,,,,0,,,9000,UNITED STATES,US TOTAL,1939,MONTHLY,3,3,MAR,,2012-01-01 00:00:00.000,0.444,
SURVEY,CROPS,FIELD CROPS,CORN,ALL CLASSES,ALL PRODUCTION PRACTICES,GRAIN,PRICE RECEIVED,$ / BU,"CORN, GRAIN - PRICE RECEIVED, MEASURED IN $ / BU",TOTAL,NOT SPECIFIED,NATIONAL,,99,US,US TOTAL,,,,,,,,0,,,9000,UNITED STATES,US TOTAL,1939,MONTHLY,4,4,APR,,2012-01-01 00:00:00.000,0.454,
SURVEY,CROPS,FIELD CROPS,CORN,ALL CLASSES,ALL PRODUCTION PRACTICES,GRAIN,PRICE RECEIVED,$ / BU,"CORN, GRAIN - PRICE RECEIVED, MEASURED IN $ / BU",TOTAL,NOT SPECIFIED,NATIONAL,,99,US,US TOTAL,,,,,,,,0,,,9000,UNITED STATES,US TOTAL,1939,MONTHLY,5,5,MAY,,2012-01-01 00:00:00.000,0.483,
SURVEY,CROPS,FIELD CROPS,CORN,ALL CLASSES,ALL PRODUCTION PRACTICES,GRAIN,PRICE RECEIVED,$ / BU,"CORN, GRAIN - PRICE RECEIVED, MEASURED IN $ / BU",TOTAL,NOT SPECIFIED,NATIONAL,,99,US,US TOTAL,,,,,,,,0,,,9000,UNITED STATES,US TOTAL,1939,MONTHLY,6,6,JUN,,2012-01-01 00:00:00.000,0.499,
SURVEY,CROPS,FIELD CROPS,CORN,ALL CLASSES,ALL PRODUCTION PRACTICES,GRAIN,PRICE RECEIVED,$ / BU,"CORN, GRAIN - PRICE RECEIVED, MEASURED IN $ / BU",TOTAL,NOT SPECIFIED,NATIONAL,,99,US,US TOTAL,,,,,,,,0,,,9000,UNITED STATES,US TOTAL,1939,MONTHLY,7,7,JUL,,2012-01-01 00:00:00.000,0.478,
SURVEY,CROPS,FIELD CROPS,CORN,ALL CLASSES,ALL PRODUCTION PRACTICES,GRAIN,PRICE RECEIVED,$ / BU,"CORN, GRAIN - PRICE RECEIVED, MEASURED IN $ / BU",TOTAL,NOT SPECIFIED,NATIONAL,,99,US,US TOTAL,,,,,,,,0,,,9000,UNITED STATES,US TOTAL,1939,MONTHLY,8,8,AUG,,2012-01-01 00:00:00.000,0.457,
SURVEY,CROPS,FIELD CROPS,CORN,ALL CLASSES,ALL PRODUCTION PRACTICES,GRAIN,PRICE RECEIVED,$ / BU,"CORN, GRAIN - PRICE RECEIVED, MEASURED IN $ / BU",TOTAL,NOT SPECIFIED,NATIONAL,,99,US,US TOTAL,,,,,,,,0,,,9000,UNITED STATES,US TOTAL,1939,MONTHLY,9,9,SEP,,2012-01-01 00:00:00.000,0.562,
SURVEY,CROPS,FIELD CROPS,CORN,ALL CLASSES,ALL PRODUCTION PRACTICES,GRAIN,PRICE RECEIVED,$ / BU,"CORN, GRAIN - PRICE RECEIVED, MEASURED IN $ / BU",TOTAL,NOT SPECIFIED,NATIONAL,,99,US,US TOTAL,,,,,,,,0,,,9000,UNITED STATES,US TOTAL,1939,MONTHLY,10,10,OCT,,2012-01-01 00:00:00.000,0.476,
SURVEY,CROPS,FIELD CROPS,CORN,ALL CLASSES,ALL PRODUCTION PRACTICES,GRAIN,PRICE RECEIVED,$ / BU,"CORN, GRAIN - PRICE RECEIVED, MEASURED IN $ / BU",TOTAL,NOT SPECIFIED,NATIONAL,,99,US,US TOTAL,,,,,,,,0,,,9000,UNITED STATES,US TOTAL,1939,MONTHLY,11,11,NOV,,2012-01-01 00:00:00.000,0.468,
SURVEY,CROPS,FIELD CROPS,CORN,ALL CLASSES,ALL PRODUCTION PRACTICES,GRAIN,PRICE RECEIVED,$ / BU,"CORN, GRAIN - PRICE RECEIVED, MEASURED IN $ / BU",TOTAL,NOT SPECIFIED,NATIONAL,,99,US,US TOTAL,,,,,,,,0,,,9000,UNITED STATES,US TOTAL,1939,MONTHLY,12,12,DEC,,2012-01-01 00:00:00.000,0.503,
SURVEY,CROPS,FIELD CROPS,CORN,ALL CLASSES,ALL PRODUCTION PRACTICES,GRAIN,PRICE RECEIVED,$ / BU,"CORN, GRAIN - PRICE RECEIVED, MEASURED IN $ / BU",TOTAL,NOT SPECIFIED,NATIONAL,,99,US,US TOTAL,,,,,,,,0,,,9000,UNITED STATES,US TOTAL,1938,ANNUAL,0,0,MARKETING YEAR,,2012-01-01 00:00:00.000,0.469,
SURVEY,CROPS,FIELD CROPS,CORN,ALL CLASSES,ALL PRODUCTION PRACTICES,GRAIN,PRICE RECEIVED,$ / BU,"CORN, GRAIN - PRICE RECEIVED, MEASURED IN $ / BU",TOTAL,NOT SPECIFIED,NATIONAL,,99,US,US TOTAL,,,,,,,,0,,,9000,UNITED STATES,US TOTAL,1938,MONTHLY,1,1,JAN,,2012-01-01 00:00:00.000,0.522,
SURVEY,CROPS,FIELD CROPS,CORN,ALL CLASSES,ALL PRODUCTION PRACTICES,GRAIN,PRICE RECEIVED,$ / BU,"CORN, GRAIN - PRICE RECEIVED, MEASURED IN $ / BU",TOTAL,NOT SPECIFIED,NATIONAL,,99,US,US TOTAL,,,,,,,,0,,,9000,UNITED STATES,US TOTAL,1938,MONTHLY,2,2,FEB,,2012-01-01 00:00:00.000,0.517,
SURVEY,CROPS,FIELD CROPS,CORN,ALL CLASSES,ALL PRODUCTION PRACTICES,GRAIN,PRICE RECEIVED,$ / BU,"CORN, GRAIN - PRICE RECEIVED, MEASURED IN $ / BU",TOTAL,NOT SPECIFIED,NATIONAL,,99,US,US TOTAL,,,,,,,,0,,,9000,UNITED STATES,US TOTAL,1938,MONTHLY,3,3,MAR,,2012-01-01 00:00:00.000,0.513,
SURVEY,CROPS,FIELD CROPS,CORN,ALL CLASSES,ALL PRODUCTION PRACTICES,GRAIN,PRICE RECEIVED,$ / BU,"CORN, GRAIN - PRICE RECEIVED, MEASURED IN $ / BU",TOTAL,NOT SPECIFIED,NATIONAL,,99,US,US TOTAL,,,,,,,,0,,,9000,UNITED STATES,US TOTAL,1938,MONTHLY,4,4,APR,,2012-01-01 00:00:00.000,0.527,
SURVEY,CROPS,FIELD CROPS,CORN,ALL CLASSES,ALL PRODUCTION PRACTICES,GRAIN,PRICE RECEIVED,$ / BU,"CORN, GRAIN - PRICE RECEIVED, MEASURED IN $ / BU",TOTAL,NOT SPECIFIED,NATIONAL,,99,US,US TOTAL,,,,,,,,0,,,9000,UNITED STATES,US TOTAL,1938,MONTHLY,5,5,MAY,,2012-01-01 00:00:00.000,0.527,
SURVEY,CROPS,FIELD CROPS,CORN,ALL CLASSES,ALL PRODUCTION PRACTICES,GRAIN,PRICE RECEIVED,$ / BU,"CORN, GRAIN - PRICE RECEIVED, MEASURED IN $ / BU",TOTAL,NOT SPECIFIED,NATIONAL,,99,US,US TOTAL,,,,,,,,0,,,9000,UNITED STATES,US TOTAL,1938,MONTHLY,6,6,JUN,,2012-01-01 00:00:00.000,0.523,
SURVEY,CROPS,FIELD CROPS,CORN,ALL CLASSES,ALL PRODUCTION PRACTICES,GRAIN,PRICE RECEIVED,$ / BU,"CORN, GRAIN - PRICE RECEIVED, MEASURED IN $ / BU",TOTAL,NOT SPECIFIED,NATIONAL,,99,US,US TOTAL,,,,,,,,0,,,9000,UNITED STATES,US TOTAL,1938,MONTHLY,7,7,JUL,,2012-01-01 00:00:00.000,0.537,
SURVEY,CROPS,FIELD CROPS,CORN,ALL CLASSES,ALL PRODUCTION PRACTICES,GRAIN,PRICE RECEIVED,$ / BU,"CORN, GRAIN - PRICE RECEIVED, MEASURED IN $ / BU",TOTAL,NOT SPECIFIED,NATIONAL,,99,US,US TOTAL,,,,,,,,0,,,9000,UNITED STATES,US TOTAL,1938,MONTHLY,8,8,AUG,,2012-01-01 00:00:00.000,0.485,
SURVEY,CROPS,FIELD CROPS,CORN,ALL CLASSES,ALL PRODUCTION PRACTICES,GRAIN,PRICE RECEIVED,$ / BU,"CORN, GRAIN - PRICE RECEIVED, MEASURED IN $ / BU",TOTAL,NOT SPECIFIED,NATIONAL,,99,US,US TOTAL,,,,,,,,0,,,9000,UNITED STATES,US TOTAL,1938,MONTHLY,9,9,SEP,,2012-01-01 00:00:00.000,0.48,
SURVEY,CROPS,FIELD CROPS,CORN,ALL CLASSES,ALL PRODUCTION PRACTICES,GRAIN,PRICE RECEIVED,$ / BU,"CORN, GRAIN - PRICE RECEIVED, MEASURED IN $ / BU",TOTAL,NOT SPECIFIED,NATIONAL,,99,US,US TOTAL,,,,,,,,0,,,9000,UNITED STATES,US TOTAL,1938,MONTHLY,10,10,OCT,,2012-01-01 00:00:00.000,0.419,
SURVEY,CROPS,FIELD CROPS,CORN,ALL CLASSES,ALL PRODUCTION PRACTICES,GRAIN,PRICE RECEIVED,$ / BU,"CORN, GRAIN - PRICE RECEIVED, MEASURED IN $ / BU",TOTAL,NOT SPECIFIED,NATIONAL,,99,US,US TOTAL,,,,,,,,0,,,9000,UNITED STATES,US TOTAL,1938,MONTHLY,11,11,NOV,,2012-01-01 00:00:00.000,0.4,
SURVEY,CROPS,FIELD CROPS,CORN,ALL CLASSES,ALL PRODUCTION PRACTICES,GRAIN,PRICE RECEIVED,$ / BU,"CORN, GRAIN - PRICE RECEIVED, MEASURED IN $ / BU",TOTAL,NOT SPECIFIED,NATIONAL,,99,US,US TOTAL,,,,,,,,0,,,9000,UNITED STATES,US TOTAL,1938,MONTHLY,12,12,DEC,,2012-01-01 00:00:00.000,0.431,
SURVEY,CROPS,FIELD CROPS,CORN,ALL CLASSES,ALL PRODUCTION PRACTICES,GRAIN,PRICE RECEIVED,$ / BU,"CORN, GRAIN - PRICE RECEIVED, MEASURED IN $ / BU",TOTAL,NOT SPECIFIED,NATIONAL,,99,US,US TOTAL,,,,,,,,0,,,9000,UNITED STATES,US TOTAL,1937,ANNUAL,0,0,MARKETING YEAR,,2012-01-01 00:00:00.000,0.49,
SURVEY,CROPS,FIELD CROPS,CORN,ALL CLASSES,ALL PRODUCTION PRACTICES,GRAIN,PRICE RECEIVED,$ / BU,"CORN, GRAIN - PRICE RECEIVED, MEASURED IN $ / BU",TOTAL,NOT SPECIFIED,NATIONAL,,99,US,US TOTAL,,,,,,,,0,,,9000,UNITED STATES,US TOTAL,1937,MONTHLY,1,1,JAN,,2012-01-01 00:00:00.000,1.01,
SURVEY,CROPS,FIELD CROPS,CORN,ALL CLASSES,ALL PRODUCTION PRACTICES,GRAIN,PRICE RECEIVED,$ / BU,"CORN, GRAIN - PRICE RECEIVED, MEASURED IN $ / BU",TOTAL,NOT SPECIFIED,NATIONAL,,99,US,US TOTAL,,,,,,,,0,,,9000,UNITED STATES,US TOTAL,1937,MONTHLY,2,2,FEB,,2012-01-01 00:00:00.000,1.04,
SURVEY,CROPS,FIELD CROPS,CORN,ALL CLASSES,ALL PRODUCTION PRACTICES,GRAIN,PRICE RECEIVED,$ / BU,"CORN, GRAIN - PRICE RECEIVED, MEASURED IN $ / BU",TOTAL,NOT SPECIFIED,NATIONAL,,99,US,US TOTAL,,,,,,,,0,,,9000,UNITED STATES,US TOTAL,1937,MONTHLY,3,3,MAR,,2012-01-01 00:00:00.000,1.05,
SURVEY,CROPS,FIELD CROPS,CORN,ALL CLASSES,ALL PRODUCTION PRACTICES,GRAIN,PRICE RECEIVED,$ / BU,"CORN, GRAIN - PRICE RECEIVED, MEASURED IN $ / BU",TOTAL,NOT SPECIFIED,NATIONAL,,99,US,US TOTAL,,,,,,,,0,,,9000,UNITED STATES,US TOTAL,1937,MONTHLY,4,4,APR,,2012-01-01 00:00:00.000,1.19,
SURVEY,CROPS,FIELD CROPS,CORN,ALL CLASSES,ALL PRODUCTION PRACTICES,GRAIN,PRICE RECEIVED,$ / BU,"CORN, GRAIN - PRICE RECEIVED, MEASURED IN $ / BU",TOTAL,NOT SPECIFIED,NATIONAL,,99,US,US TOTAL,,,,,,,,0,,,9000,UNITED STATES,US TOTAL,1937,MONTHLY,5,5,MAY,,2012-01-01 00:00:00.000,1.21,
SURVEY,CROPS,FIELD CROPS,CORN,ALL CLASSES,ALL PRODUCTION PRACTICES,GRAIN,PRICE RECEIVED,$ / BU,"CORN, GRAIN - PRICE RECEIVED, MEASURED IN $ / BU",TOTAL,NOT SPECIFIED,NATIONAL,,99,US,US TOTAL,,,,,,,,0,,,9000,UNITED STATES,US TOTAL,1937,MONTHLY,6,6,JUN,,2012-01-01 00:00:00.000,1.17,
SURVEY,CROPS,FIELD CROPS,CORN,ALL CLASSES,ALL PRODUCTION PRACTICES,GRAIN,PRICE RECEIVED,$ / BU,"CORN, GRAIN - PRICE RECEIVED, MEASURED IN $ / BU",TOTAL,NOT SPECIFIED,NATIONAL,,99,US,US TOTAL,,,,,,,,0,,,9000,UNITED STATES,US TOTAL,1937,MONTHLY,7,7,JUL,,2012-01-01 00:00:00.000,1.18,
SURVEY,CROPS,FIELD CROPS,CORN,ALL CLASSES,ALL PRODUCTION PRACTICES,GRAIN,PRICE RECEIVED,$ / BU,"CORN, GRAIN - PRICE RECEIVED, MEASURED IN $ / BU",TOTAL,NOT SPECIFIED,NATIONAL,,99,US,US TOTAL,,,,,,,,0,,,9000,UNITED STATES,US TOTAL,1937,MONTHLY,8,8,AUG,,2012-01-01 00:00:00.000,1.03,
SURVEY,CROPS,FIELD CROPS,CORN,ALL CLASSES,ALL PRODUCTION PRACTICES,GRAIN,PRICE RECEIVED,$ / BU,"CORN, GRAIN - PRICE RECEIVED, MEASURED IN $ / BU",TOTAL,NOT SPECIFIED,NATIONAL,,99,US,US TOTAL,,,,,,,,0,,,9000,UNITED STATES,US TOTAL,1937,MONTHLY,9,9,SEP,,2012-01-01 00:00:00.000,0.939,
SURVEY,CROPS,FIELD CROPS,CORN,ALL CLASSES,ALL PRODUCTION PRACTICES,GRAIN,PRICE RECEIVED,$ / BU,"CORN, GRAIN - PRICE RECEIVED, MEASURED IN $ / BU",TOTAL,NOT SPECIFIED,NATIONAL,,99,US,US TOTAL,,,,,,,,0,,,9000,UNITED STATES,US TOTAL,1937,MONTHLY,10,10,OCT,,2012-01-01 00:00:00.000,0.589,
SURVEY,CROPS,FIELD CROPS,CORN,ALL CLASSES,ALL PRODUCTION PRACTICES,GRAIN,PRICE RECEIVED,$ / BU,"CORN, GRAIN - PRICE RECEIVED, MEASURED IN $ / BU",TOTAL,NOT SPECIFIED,NATIONAL,,99,US,US TOTAL,,,,,,,,0,,,9000,UNITED STATES,US TOTAL,1937,MONTHLY,11,11,NOV,,2012-01-01 00:00:00.000,0.48,
SURVEY,CROPS,FIELD CROPS,CORN,ALL CLASSES,ALL PRODUCTION PRACTICES,GRAIN,PRICE RECEIVED,$ / BU,"CORN, GRAIN - PRICE RECEIVED, MEASURED IN $ / BU",TOTAL,NOT SPECIFIED,NATIONAL,,99,US,US TOTAL,,,,,,,,0,,,9000,UNITED STATES,US TOTAL,1937,MONTHLY,12,12,DEC,,2012-01-01 00:00:00.000,0.485,
SURVEY,CROPS,FIELD CROPS,CORN,ALL CLASSES,ALL PRODUCTION PRACTICES,GRAIN,PRICE RECEIVED,$ / BU,"CORN, GRAIN - PRICE RECEIVED, MEASURED IN $ / BU",TOTAL,NOT SPECIFIED,NATIONAL,,99,US,US TOTAL,,,,,,,,0,,,9000,UNITED STATES,US TOTAL,1936,ANNUAL,0,0,MARKETING YEAR,,2012-01-01 00:00:00.000,1.03,
SURVEY,CROPS,FIELD CROPS,CORN,ALL CLASSES,ALL PRODUCTION PRACTICES,GRAIN,PRICE RECEIVED,$ / BU,"CORN, GRAIN - PRICE RECEIVED, MEASURED IN $ / BU",TOTAL,NOT SPECIFIED,NATIONAL,,99,US,US TOTAL,,,,,,,,0,,,9000,UNITED STATES,US TOTAL,1936,MONTHLY,1,1,JAN,,2012-01-01 00:00:00.000,0.535,
SURVEY,CROPS,FIELD CROPS,CORN,ALL CLASSES,ALL PRODUCTION PRACTICES,GRAIN,PRICE RECEIVED,$ / BU,"CORN, GRAIN - PRICE RECEIVED, MEASURED IN $ / BU",TOTAL,NOT SPECIFIED,NATIONAL,,99,US,US TOTAL,,,,,,,,0,,,9000,UNITED STATES,US TOTAL,1936,MONTHLY,2,2,FEB,,2012-01-01 00:00:00.000,0.555,
SURVEY,CROPS,FIELD CROPS,CORN,ALL CLASSES,ALL PRODUCTION PRACTICES,GRAIN,PRICE RECEIVED,$ / BU,"CORN, GRAIN - PRICE RECEIVED, MEASURED IN $ / BU",TOTAL,NOT SPECIFIED,NATIONAL,,99,US,US TOTAL,,,,,,,,0,,,9000,UNITED STATES,US TOTAL,1936,MONTHLY,3,3,MAR,,2012-01-01 00:00:00.000,0.564,
SURVEY,CROPS,FIELD CROPS,CORN,ALL CLASSES,ALL PRODUCTION PRACTICES,GRAIN,PRICE RECEIVED,$ / BU,"CORN, GRAIN - PRICE RECEIVED, MEASURED IN $ / BU",TOTAL,NOT SPECIFIED,NATIONAL,,99,US,US TOTAL,,,,,,,,0,,,9000,UNITED STATES,US TOTAL,1936,MONTHLY,4,4,APR,,2012-01-01 00:00:00.000,0.572,
SURVEY,CROPS,FIELD CROPS,CORN,ALL CLASSES,ALL PRODUCTION PRACTICES,GRAIN,PRICE RECEIVED,$ / BU,"CORN, GRAIN - PRICE RECEIVED, MEASURED IN $ / BU",TOTAL,NOT SPECIFIED,NATIONAL,,99,US,US TOTAL,,,,,,,,0,,,9000,UNITED STATES,US TOTAL,1936,MONTHLY,5,5,MAY,,2012-01-01 00:00:00.000,0.6,
SURVEY,CROPS,FIELD CROPS,CORN,ALL CLASSES,ALL PRODUCTION PRACTICES,GRAIN,PRICE RECEIVED,$ / BU,"CORN, GRAIN - PRICE RECEIVED, MEASURED IN $ / BU",TOTAL,NOT SPECIFIED,NATIONAL,,99,US,US TOTAL,,,,,,,,0,,,9000,UNITED STATES,US TOTAL,1936,MONTHLY,6,6,JUN,,2012-01-01 00:00:00.000,0.613,
SURVEY,CROPS,FIELD CROPS,CORN,ALL CLASSES,ALL PRODUCTION PRACTICES,GRAIN,PRICE RECEIVED,$ / BU,"CORN, GRAIN - PRICE RECEIVED, MEASURED IN $ / BU",TOTAL,NOT SPECIFIED,NATIONAL,,99,US,US TOTAL,,,,,,,,0,,,9000,UNITED STATES,US TOTAL,1936,MONTHLY,7,7,JUL,,2012-01-01 00:00:00.000,0.802,
SURVEY,CROPS,FIELD CROPS,CORN,ALL CLASSES,ALL PRODUCTION PRACTICES,GRAIN,PRICE RECEIVED,$ / BU,"CORN, GRAIN - PRICE RECEIVED, MEASURED IN $ / BU",TOTAL,NOT SPECIFIED,NATIONAL,,99,US,US TOTAL,,,,,,,,0,,,9000,UNITED STATES,US TOTAL,1936,MONTHLY,8,8,AUG,,2012-01-01 00:00:00.000,1.04,
SURVEY,CROPS,FIELD CROPS,CORN,ALL CLASSES,ALL PRODUCTION PRACTICES,GRAIN,PRICE RECEIVED,$ / BU,"CORN, GRAIN - PRICE RECEIVED, MEASURED IN $ / BU",TOTAL,NOT SPECIFIED,NATIONAL,,99,US,US TOTAL,,,,,,,,0,,,9000,UNITED STATES,US TOTAL,1936,MONTHLY,9,9,SEP,,2012-01-01 00:00:00.000,1.05,
SURVEY,CROPS,FIELD CROPS,CORN,ALL CLASSES,ALL PRODUCTION PRACTICES,GRAIN,PRICE RECEIVED,$ / BU,"CORN, GRAIN - PRICE RECEIVED, MEASURED IN $ / BU",TOTAL,NOT SPECIFIED,NATIONAL,,99,US,US TOTAL,,,,,,,,0,,,9000,UNITED STATES,US TOTAL,1936,MONTHLY,10,10,OCT,,2012-01-01 00:00:00.000,0.979,
SURVEY,CROPS,FIELD CROPS,CORN,ALL CLASSES,ALL PRODUCTION PRACTICES,GRAIN,PRICE RECEIVED,$ / BU,"CORN, GRAIN - PRICE RECEIVED, MEASURED IN $ / BU",TOTAL,NOT SPECIFIED,NATIONAL,,99,US,US TOTAL,,,,,,,,0,,,9000,UNITED STATES,US TOTAL,1936,MONTHLY,11,11,NOV,,2012-01-01 00:00:00.000,0.946,
SURVEY,CROPS,FIELD CROPS,CORN,ALL CLASSES,ALL PRODUCTION PRACTICES,GRAIN,PRICE RECEIVED,$ / BU,"CORN, GRAIN - PRICE RECEIVED, MEASURED IN $ / BU",TOTAL,NOT SPECIFIED,NATIONAL,,99,US,US TOTAL,,,,,,,,0,,,9000,UNITED STATES,US TOTAL,1936,MONTHLY,12,12,DEC,,2012-01-01 00:00:00.000,0.956,
SURVEY,CROPS,FIELD CROPS,CORN,ALL CLASSES,ALL PRODUCTION PRACTICES,GRAIN,PRICE RECEIVED,$ / BU,"CORN, GRAIN - PRICE RECEIVED, MEASURED IN $ / BU",TOTAL,NOT SPECIFIED,NATIONAL,,99,US,US TOTAL,,,,,,,,0,,,9000,UNITED STATES,US TOTAL,1935,ANNUAL,0,0,MARKETING YEAR,,2012-01-01 00:00:00.000,0.632,
SURVEY,CROPS,FIELD CROPS,CORN,ALL CLASSES,ALL PRODUCTION PRACTICES,GRAIN,PRICE RECEIVED,$ / BU,"CORN, GRAIN - PRICE RECEIVED, MEASURED IN $ / BU",TOTAL,NOT SPECIFIED,NATIONAL,,99,US,US TOTAL,,,,,,,,0,,,9000,UNITED STATES,US TOTAL,1935,MONTHLY,1,1,JAN,,2012-01-01 00:00:00.000,0.853,
SURVEY,CROPS,FIELD CROPS,CORN,ALL CLASSES,ALL PRODUCTION PRACTICES,GRAIN,PRICE RECEIVED,$ / BU,"CORN, GRAIN - PRICE RECEIVED, MEASURED IN $ / BU",TOTAL,NOT SPECIFIED,NATIONAL,,99,US,US TOTAL,,,,,,,,0,,,9000,UNITED STATES,US TOTAL,1935,MONTHLY,2,2,FEB,,2012-01-01 00:00:00.000,0.845,
SURVEY,CROPS,FIELD CROPS,CORN,ALL CLASSES,ALL PRODUCTION PRACTICES,GRAIN,PRICE RECEIVED,$ / BU,"CORN, GRAIN - PRICE RECEIVED, MEASURED IN $ / BU",TOTAL,NOT SPECIFIED,NATIONAL,,99,US,US TOTAL,,,,,,,,0,,,9000,UNITED STATES,US TOTAL,1935,MONTHLY,3,3,MAR,,2012-01-01 00:00:00.000,0.827,
SURVEY,CROPS,FIELD CROPS,CORN,ALL CLASSES,ALL PRODUCTION PRACTICES,GRAIN,PRICE RECEIVED,$ / BU,"CORN, GRAIN - PRICE RECEIVED, MEASURED IN $ / BU",TOTAL,NOT SPECIFIED,NATIONAL,,99,US,US TOTAL,,,,,,,,0,,,9000,UNITED STATES,US TOTAL,1935,MONTHLY,4,4,APR,,2012-01-01 00:00:00.000,0.852,
SURVEY,CROPS,FIELD CROPS,CORN,ALL CLASSES,ALL PRODUCTION PRACTICES,GRAIN,PRICE RECEIVED,$ / BU,"CORN, GRAIN - PRICE RECEIVED, MEASURED IN $ / BU",TOTAL,NOT SPECIFIED,NATIONAL,,99,US,US TOTAL,,,,,,,,0,,,9000,UNITED STATES,US TOTAL,1935,MONTHLY,5,5,MAY,,2012-01-01 00:00:00.000,0.848,
SURVEY,CROPS,FIELD CROPS,CORN,ALL CLASSES,ALL PRODUCTION PRACTICES,GRAIN,PRICE RECEIVED,$ / BU,"CORN, GRAIN - PRICE RECEIVED, MEASURED IN $ / BU",TOTAL,NOT SPECIFIED,NATIONAL,,99,US,US TOTAL,,,,,,,,0,,,9000,UNITED STATES,US TOTAL,1935,MONTHLY,6,6,JUN,,2012-01-01 00:00:00.000,0.833,
SURVEY,CROPS,FIELD CROPS,CORN,ALL CLASSES,ALL PRODUCTION PRACTICES,GRAIN,PRICE RECEIVED,$ / BU,"CORN, GRAIN - PRICE RECEIVED, MEASURED IN $ / BU",TOTAL,NOT SPECIFIED,NATIONAL,,99,US,US TOTAL,,,,,,,,0,,,9000,UNITED STATES,US TOTAL,1935,MONTHLY,7,7,JUL,,2012-01-01 00:00:00.000,0.824,
SURVEY,CROPS,FIELD CROPS,CORN,ALL CLASSES,ALL PRODUCTION PRACTICES,GRAIN,PRICE RECEIVED,$ / BU,"CORN, GRAIN - PRICE RECEIVED, MEASURED IN $ / BU",TOTAL,NOT SPECIFIED,NATIONAL,,99,US,US TOTAL,,,,,,,,0,,,9000,UNITED STATES,US TOTAL,1935,MONTHLY,8,8,AUG,,2012-01-01 00:00:00.000,0.808,
SURVEY,CROPS,FIELD CROPS,CORN,ALL CLASSES,ALL PRODUCTION PRACTICES,GRAIN,PRICE RECEIVED,$ / BU,"CORN, GRAIN - PRICE RECEIVED, MEASURED IN $ / BU",TOTAL,NOT SPECIFIED,NATIONAL,,99,US,US TOTAL,,,,,,,,0,,,9000,UNITED STATES,US TOTAL,1935,MONTHLY,9,9,SEP,,2012-01-01 00:00:00.000,0.78,
SURVEY,CROPS,FIELD CROPS,CORN,ALL CLASSES,ALL PRODUCTION PRACTICES,GRAIN,PRICE RECEIVED,$ / BU,"CORN, GRAIN - PRICE RECEIVED, MEASURED IN $ / BU",TOTAL,NOT SPECIFIED,NATIONAL,,99,US,US TOTAL,,,,,,,,0,,,9000,UNITED STATES,US TOTAL,1935,MONTHLY,10,10,OCT,,2012-01-01 00:00:00.000,0.718,
SURVEY,CROPS,FIELD CROPS,CORN,ALL CLASSES,ALL PRODUCTION PRACTICES,GRAIN,PRICE RECEIVED,$ / BU,"CORN, GRAIN - PRICE RECEIVED, MEASURED IN $ / BU",TOTAL,NOT SPECIFIED,NATIONAL,,99,US,US TOTAL,,,,,,,,0,,,9000,UNITED STATES,US TOTAL,1935,MONTHLY,11,11,NOV,,2012-01-01 00:00:00.000,0.564,
SURVEY,CROPS,FIELD CROPS,CORN,ALL CLASSES,ALL PRODUCTION PRACTICES,GRAIN,PRICE RECEIVED,$ / BU,"CORN, GRAIN - PRICE RECEIVED, MEASURED IN $ / BU",TOTAL,NOT SPECIFIED,NATIONAL,,99,US,US TOTAL,,,,,,,,0,,,9000,UNITED STATES,US TOTAL,1935,MONTHLY,12,12,DEC,,2012-01-01 00:00:00.000,0.53,
SURVEY,CROPS,FIELD CROPS,CORN,ALL CLASSES,ALL PRODUCTION PRACTICES,GRAIN,PRICE RECEIVED,$ / BU,"CORN, GRAIN - PRICE RECEIVED, MEASURED IN $ / BU",TOTAL,NOT SPECIFIED,NATIONAL,,99,US,US TOTAL,,,,,,,,0,,,9000,UNITED STATES,US TOTAL,1934,ANNUAL,0,0,MARKETING YEAR,,2012-01-01 00:00:00.000,0.802,
SURVEY,CROPS,FIELD CROPS,CORN,ALL CLASSES,ALL PRODUCTION PRACTICES,GRAIN,PRICE RECEIVED,$ / BU,"CORN, GRAIN - PRICE RECEIVED, MEASURED IN $ / BU",TOTAL,NOT SPECIFIED,NATIONAL,,99,US,US TOTAL,,,,,,,,0,,,9000,UNITED STATES,US TOTAL,1934,MONTHLY,1,1,JAN,,2012-01-01 00:00:00.000,0.439,
SURVEY,CROPS,FIELD CROPS,CORN,ALL CLASSES,ALL PRODUCTION PRACTICES,GRAIN,PRICE RECEIVED,$ / BU,"CORN, GRAIN - PRICE RECEIVED, MEASURED IN $ / BU",TOTAL,NOT SPECIFIED,NATIONAL,,99,US,US TOTAL,,,,,,,,0,,,9000,UNITED STATES,US TOTAL,1934,MONTHLY,2,2,FEB,,2012-01-01 00:00:00.000,0.456,
SURVEY,CROPS,FIELD CROPS,CORN,ALL CLASSES,ALL PRODUCTION PRACTICES,GRAIN,PRICE RECEIVED,$ / BU,"CORN, GRAIN - PRICE RECEIVED, MEASURED IN $ / BU",TOTAL,NOT SPECIFIED,NATIONAL,,99,US,US TOTAL,,,,,,,,0,,,9000,UNITED STATES,US TOTAL,1934,MONTHLY,3,3,MAR,,2012-01-01 00:00:00.000,0.471,
SURVEY,CROPS,FIELD CROPS,CORN,ALL CLASSES,ALL PRODUCTION PRACTICES,GRAIN,PRICE RECEIVED,$ / BU,"CORN, GRAIN - PRICE RECEIVED, MEASURED IN $ / BU",TOTAL,NOT SPECIFIED,NATIONAL,,99,US,US TOTAL,,,,,,,,0,,,9000,UNITED STATES,US TOTAL,1934,MONTHLY,4,4,APR,,2012-01-01 00:00:00.000,0.471,
SURVEY,CROPS,FIELD CROPS,CORN,ALL CLASSES,ALL PRODUCTION PRACTICES,GRAIN,PRICE RECEIVED,$ / BU,"CORN, GRAIN - PRICE RECEIVED, MEASURED IN $ / BU",TOTAL,NOT SPECIFIED,NATIONAL,,99,US,US TOTAL,,,,,,,,0,,,9000,UNITED STATES,US TOTAL,1934,MONTHLY,5,5,MAY,,2012-01-01 00:00:00.000,0.486,
SURVEY,CROPS,FIELD CROPS,CORN,ALL CLASSES,ALL PRODUCTION PRACTICES,GRAIN,PRICE RECEIVED,$ / BU,"CORN, GRAIN - PRICE RECEIVED, MEASURED IN $ / BU",TOTAL,NOT SPECIFIED,NATIONAL,,99,US,US TOTAL,,,,,,,,0,,,9000,UNITED STATES,US TOTAL,1934,MONTHLY,6,6,JUN,,2012-01-01 00:00:00.000,0.56,
SURVEY,CROPS,FIELD CROPS,CORN,ALL CLASSES,ALL PRODUCTION PRACTICES,GRAIN,PRICE RECEIVED,$ / BU,"CORN, GRAIN - PRICE RECEIVED, MEASURED IN $ / BU",TOTAL,NOT SPECIFIED,NATIONAL,,99,US,US TOTAL,,,,,,,,0,,,9000,UNITED STATES,US TOTAL,1934,MONTHLY,7,7,JUL,,2012-01-01 00:00:00.000,0.592,
SURVEY,CROPS,FIELD CROPS,CORN,ALL CLASSES,ALL PRODUCTION PRACTICES,GRAIN,PRICE RECEIVED,$ / BU,"CORN, GRAIN - PRICE RECEIVED, MEASURED IN $ / BU",TOTAL,NOT SPECIFIED,NATIONAL,,99,US,US TOTAL,,,,,,,,0,,,9000,UNITED STATES,US TOTAL,1934,MONTHLY,8,8,AUG,,2012-01-01 00:00:00.000,0.727,
SURVEY,CROPS,FIELD CROPS,CORN,ALL CLASSES,ALL PRODUCTION PRACTICES,GRAIN,PRICE RECEIVED,$ / BU,"CORN, GRAIN - PRICE RECEIVED, MEASURED IN $ / BU",TOTAL,NOT SPECIFIED,NATIONAL,,99,US,US TOTAL,,,,,,,,0,,,9000,UNITED STATES,US TOTAL,1934,MONTHLY,9,9,SEP,,2012-01-01 00:00:00.000,0.774,
SURVEY,CROPS,FIELD CROPS,CORN,ALL CLASSES,ALL PRODUCTION PRACTICES,GRAIN,PRICE RECEIVED,$ / BU,"CORN, GRAIN - PRICE RECEIVED, MEASURED IN $ / BU",TOTAL,NOT SPECIFIED,NATIONAL,,99,US,US TOTAL,,,,,,,,0,,,9000,UNITED STATES,US TOTAL,1934,MONTHLY,10,10,OCT,,2012-01-01 00:00:00.000,0.767,
SURVEY,CROPS,FIELD CROPS,CORN,ALL CLASSES,ALL PRODUCTION PRACTICES,GRAIN,PRICE RECEIVED,$ / BU,"CORN, GRAIN - PRICE RECEIVED, MEASURED IN $ / BU",TOTAL,NOT SPECIFIED,NATIONAL,,99,US,US TOTAL,,,,,,,,0,,,9000,UNITED STATES,US TOTAL,1934,MONTHLY,11,11,NOV,,2012-01-01 00:00:00.000,0.757,
SURVEY,CROPS,FIELD CROPS,CORN,ALL CLASSES,ALL PRODUCTION PRACTICES,GRAIN,PRICE RECEIVED,$ / BU,"CORN, GRAIN - PRICE RECEIVED, MEASURED IN $ / BU",TOTAL,NOT SPECIFIED,NATIONAL,,99,US,US TOTAL,,,,,,,,0,,,9000,UNITED STATES,US TOTAL,1934,MONTHLY,12,12,DEC,,2012-01-01 00:00:00.000,0.853,
SURVEY,CROPS,FIELD CROPS,CORN,ALL CLASSES,ALL PRODUCTION PRACTICES,GRAIN,PRICE RECEIVED,$ / BU,"CORN, GRAIN - PRICE RECEIVED, MEASURED IN $ / BU",TOTAL,NOT SPECIFIED,NATIONAL,,99,US,US TOTAL,,,,,,,,0,,,9000,UNITED STATES,US TOTAL,1933,ANNUAL,0,0,MARKETING YEAR,,2012-01-01 00:00:00.000,0.494,
SURVEY,CROPS,FIELD CROPS,CORN,ALL CLASSES,ALL PRODUCTION PRACTICES,GRAIN,PRICE RECEIVED,$ / BU,"CORN, GRAIN - PRICE RECEIVED, MEASURED IN $ / BU",TOTAL,NOT SPECIFIED,NATIONAL,,99,US,US TOTAL,,,,,,,,0,,,9000,UNITED STATES,US TOTAL,1933,MONTHLY,1,1,JAN,,2012-01-01 00:00:00.000,0.191,
SURVEY,CROPS,FIELD CROPS,CORN,ALL CLASSES,ALL PRODUCTION PRACTICES,GRAIN,PRICE RECEIVED,$ / BU,"CORN, GRAIN - PRICE RECEIVED, MEASURED IN $ / BU",TOTAL,NOT SPECIFIED,NATIONAL,,99,US,US TOTAL,,,,,,,,0,,,9000,UNITED STATES,US TOTAL,1933,MONTHLY,2,2,FEB,,2012-01-01 00:00:00.000,0.194,
SURVEY,CROPS,FIELD CROPS,CORN,ALL CLASSES,ALL PRODUCTION PRACTICES,GRAIN,PRICE RECEIVED,$ / BU,"CORN, GRAIN - PRICE RECEIVED, MEASURED IN $ / BU",TOTAL,NOT SPECIFIED,NATIONAL,,99,US,US TOTAL,,,,,,,,0,,,9000,UNITED STATES,US TOTAL,1933,MONTHLY,3,3,MAR,,2012-01-01 00:00:00.000,0.206,
SURVEY,CROPS,FIELD CROPS,CORN,ALL CLASSES,ALL PRODUCTION PRACTICES,GRAIN,PRICE RECEIVED,$ / BU,"CORN, GRAIN - PRICE RECEIVED, MEASURED IN $ / BU",TOTAL,NOT SPECIFIED,NATIONAL,,99,US,US TOTAL,,,,,,,,0,,,9000,UNITED STATES,US TOTAL,1933,MONTHLY,4,4,APR,,2012-01-01 00:00:00.000,0.282,
SURVEY,CROPS,FIELD CROPS,CORN,ALL CLASSES,ALL PRODUCTION PRACTICES,GRAIN,PRICE RECEIVED,$ / BU,"CORN, GRAIN - PRICE RECEIVED, MEASURED IN $ / BU",TOTAL,NOT SPECIFIED,NATIONAL,,99,US,US TOTAL,,,,,,,,0,,,9000,UNITED STATES,US TOTAL,1933,MONTHLY,5,5,MAY,,2012-01-01 00:00:00.000,0.389,
SURVEY,CROPS,FIELD CROPS,CORN,ALL CLASSES,ALL PRODUCTION PRACTICES,GRAIN,PRICE RECEIVED,$ / BU,"CORN, GRAIN - PRICE RECEIVED, MEASURED IN $ / BU",TOTAL,NOT SPECIFIED,NATIONAL,,99,US,US TOTAL,,,,,,,,0,,,9000,UNITED STATES,US TOTAL,1933,MONTHLY,6,6,JUN,,2012-01-01 00:00:00.000,0.402,
SURVEY,CROPS,FIELD CROPS,CORN,ALL CLASSES,ALL PRODUCTION PRACTICES,GRAIN,PRICE RECEIVED,$ / BU,"CORN, GRAIN - PRICE RECEIVED, MEASURED IN $ / BU",TOTAL,NOT SPECIFIED,NATIONAL,,99,US,US TOTAL,,,,,,,,0,,,9000,UNITED STATES,US TOTAL,1933,MONTHLY,7,7,JUL,,2012-01-01 00:00:00.000,0.554,
SURVEY,CROPS,FIELD CROPS,CORN,ALL CLASSES,ALL PRODUCTION PRACTICES,GRAIN,PRICE RECEIVED,$ / BU,"CORN, GRAIN - PRICE RECEIVED, MEASURED IN $ / BU",TOTAL,NOT SPECIFIED,NATIONAL,,99,US,US TOTAL,,,,,,,,0,,,9000,UNITED STATES,US TOTAL,1933,MONTHLY,8,8,AUG,,2012-01-01 00:00:00.000,0.488,
SURVEY,CROPS,FIELD CROPS,CORN,ALL CLASSES,ALL PRODUCTION PRACTICES,GRAIN,PRICE RECEIVED,$ / BU,"CORN, GRAIN - PRICE RECEIVED, MEASURED IN $ / BU",TOTAL,NOT SPECIFIED,NATIONAL,,99,US,US TOTAL,,,,,,,,0,,,9000,UNITED STATES,US TOTAL,1933,MONTHLY,9,9,SEP,,2012-01-01 00:00:00.000,0.465,
SURVEY,CROPS,FIELD CROPS,CORN,ALL CLASSES,ALL PRODUCTION PRACTICES,GRAIN,PRICE RECEIVED,$ / BU,"CORN, GRAIN - PRICE RECEIVED, MEASURED IN $ / BU",TOTAL,NOT SPECIFIED,NATIONAL,,99,US,US TOTAL,,,,,,,,0,,,9000,UNITED STATES,US TOTAL,1933,MONTHLY,10,10,OCT,,2012-01-01 00:00:00.000,0.388,
SURVEY,CROPS,FIELD CROPS,CORN,ALL CLASSES,ALL PRODUCTION PRACTICES,GRAIN,PRICE RECEIVED,$ / BU,"CORN, GRAIN - PRICE RECEIVED, MEASURED IN $ / BU",TOTAL,NOT SPECIFIED,NATIONAL,,99,US,US TOTAL,,,,,,,,0,,,9000,UNITED STATES,US TOTAL,1933,MONTHLY,11,11,NOV,,2012-01-01 00:00:00.000,0.406,
SURVEY,CROPS,FIELD CROPS,CORN,ALL CLASSES,ALL PRODUCTION PRACTICES,GRAIN,PRICE RECEIVED,$ / BU,"CORN, GRAIN - PRICE RECEIVED, MEASURED IN $ / BU",TOTAL,NOT SPECIFIED,NATIONAL,,99,US,US TOTAL,,,,,,,,0,,,9000,UNITED STATES,US TOTAL,1933,MONTHLY,12,12,DEC,,2012-01-01 00:00:00.000,0.42,
SURVEY,CROPS,FIELD CROPS,CORN,ALL CLASSES,ALL PRODUCTION PRACTICES,GRAIN,PRICE RECEIVED,$ / BU,"CORN, GRAIN - PRICE RECEIVED, MEASURED IN $ / BU",TOTAL,NOT SPECIFIED,NATIONAL,,99,US,US TOTAL,,,,,,,,0,,,9000,UNITED STATES,US TOTAL,1932,ANNUAL,0,0,MARKETING YEAR,,2012-01-01 00:00:00.000,0.292,
SURVEY,CROPS,FIELD CROPS,CORN,ALL CLASSES,ALL PRODUCTION PRACTICES,GRAIN,PRICE RECEIVED,$ / BU,"CORN, GRAIN - PRICE RECEIVED, MEASURED IN $ / BU",TOTAL,NOT SPECIFIED,NATIONAL,,99,US,US TOTAL,,,,,,,,0,,,9000,UNITED STATES,US TOTAL,1932,MONTHLY,1,1,JAN,,2012-01-01 00:00:00.000,0.337,
SURVEY,CROPS,FIELD CROPS,CORN,ALL CLASSES,ALL PRODUCTION PRACTICES,GRAIN,PRICE RECEIVED,$ / BU,"CORN, GRAIN - PRICE RECEIVED, MEASURED IN $ / BU",TOTAL,NOT SPECIFIED,NATIONAL,,99,US,US TOTAL,,,,,,,,0,,,9000,UNITED STATES,US TOTAL,1932,MONTHLY,2,2,FEB,,2012-01-01 00:00:00.000,0.324,
SURVEY,CROPS,FIELD CROPS,CORN,ALL CLASSES,ALL PRODUCTION PRACTICES,GRAIN,PRICE RECEIVED,$ / BU,"CORN, GRAIN - PRICE RECEIVED, MEASURED IN $ / BU",TOTAL,NOT SPECIFIED,NATIONAL,,99,US,US TOTAL,,,,,,,,0,,,9000,UNITED STATES,US TOTAL,1932,MONTHLY,3,3,MAR,,2012-01-01 00:00:00.000,0.322,
SURVEY,CROPS,FIELD CROPS,CORN,ALL CLASSES,ALL PRODUCTION PRACTICES,GRAIN,PRICE RECEIVED,$ / BU,"CORN, GRAIN - PRICE RECEIVED, MEASURED IN $ / BU",TOTAL,NOT SPECIFIED,NATIONAL,,99,US,US TOTAL,,,,,,,,0,,,9000,UNITED STATES,US TOTAL,1932,MONTHLY,4,4,APR,,2012-01-01 00:00:00.000,0.314,
SURVEY,CROPS,FIELD CROPS,CORN,ALL CLASSES,ALL PRODUCTION PRACTICES,GRAIN,PRICE RECEIVED,$ / BU,"CORN, GRAIN - PRICE RECEIVED, MEASURED IN $ / BU",TOTAL,NOT SPECIFIED,NATIONAL,,99,US,US TOTAL,,,,,,,,0,,,9000,UNITED STATES,US TOTAL,1932,MONTHLY,5,5,MAY,,2012-01-01 00:00:00.000,0.301,
SURVEY,CROPS,FIELD CROPS,CORN,ALL CLASSES,ALL PRODUCTION PRACTICES,GRAIN,PRICE RECEIVED,$ / BU,"CORN, GRAIN - PRICE RECEIVED, MEASURED IN $ / BU",TOTAL,NOT SPECIFIED,NATIONAL,,99,US,US TOTAL,,,,,,,,0,,,9000,UNITED STATES,US TOTAL,1932,MONTHLY,6,6,JUN,,2012-01-01 00:00:00.000,0.294,
SURVEY,CROPS,FIELD CROPS,CORN,ALL CLASSES,ALL PRODUCTION PRACTICES,GRAIN,PRICE RECEIVED,$ / BU,"CORN, GRAIN - PRICE RECEIVED, MEASURED IN $ / BU",TOTAL,NOT SPECIFIED,NATIONAL,,99,US,US TOTAL,,,,,,,,0,,,9000,UNITED STATES,US TOTAL,1932,MONTHLY,7,7,JUL,,2012-01-01 00:00:00.000,0.299,
SURVEY,CROPS,FIELD CROPS,CORN,ALL CLASSES,ALL PRODUCTION PRACTICES,GRAIN,PRICE RECEIVED,$ / BU,"CORN, GRAIN - PRICE RECEIVED, MEASURED IN $ / BU",TOTAL,NOT SPECIFIED,NATIONAL,,99,US,US TOTAL,,,,,,,,0,,,9000,UNITED STATES,US TOTAL,1932,MONTHLY,8,8,AUG,,2012-01-01 00:00:00.000,0.302,
SURVEY,CROPS,FIELD CROPS,CORN,ALL CLASSES,ALL PRODUCTION PRACTICES,GRAIN,PRICE RECEIVED,$ / BU,"CORN, GRAIN - PRICE RECEIVED, MEASURED IN $ / BU",TOTAL,NOT SPECIFIED,NATIONAL,,99,US,US TOTAL,,,,,,,,0,,,9000,UNITED STATES,US TOTAL,1932,MONTHLY,9,9,SEP,,2012-01-01 00:00:00.000,0.28,
SURVEY,CROPS,FIELD CROPS,CORN,ALL CLASSES,ALL PRODUCTION PRACTICES,GRAIN,PRICE RECEIVED,$ / BU,"CORN, GRAIN - PRICE RECEIVED, MEASURED IN $ / BU",TOTAL,NOT SPECIFIED,NATIONAL,,99,US,US TOTAL,,,,,,,,0,,,9000,UNITED STATES,US TOTAL,1932,MONTHLY,10,10,OCT,,2012-01-01 00:00:00.000,0.216,
SURVEY,CROPS,FIELD CROPS,CORN,ALL CLASSES,ALL PRODUCTION PRACTICES,GRAIN,PRICE RECEIVED,$ / BU,"CORN, GRAIN - PRICE RECEIVED, MEASURED IN $ / BU",TOTAL,NOT SPECIFIED,NATIONAL,,99,US,US TOTAL,,,,,,,,0,,,9000,UNITED STATES,US TOTAL,1932,MONTHLY,11,11,NOV,,2012-01-01 00:00:00.000,0.194,
SURVEY,CROPS,FIELD CROPS,CORN,ALL CLASSES,ALL PRODUCTION PRACTICES,GRAIN,PRICE RECEIVED,$ / BU,"CORN, GRAIN - PRICE RECEIVED, MEASURED IN $ / BU",TOTAL,NOT SPECIFIED,NATIONAL,,99,US,US TOTAL,,,,,,,,0,,,9000,UNITED STATES,US TOTAL,1932,MONTHLY,12,12,DEC,,2012-01-01 00:00:00.000,0.188,
SURVEY,CROPS,FIELD CROPS,CORN,ALL CLASSES,ALL PRODUCTION PRACTICES,GRAIN,PRICE RECEIVED,$ / BU,"CORN, GRAIN - PRICE RECEIVED, MEASURED IN $ / BU",TOTAL,NOT SPECIFIED,NATIONAL,,99,US,US TOTAL,,,,,,,,0,,,9000,UNITED STATES,US TOTAL,1931,ANNUAL,0,0,MARKETING YEAR,,2012-01-01 00:00:00.000,0.294,
SURVEY,CROPS,FIELD CROPS,CORN,ALL CLASSES,ALL PRODUCTION PRACTICES,GRAIN,PRICE RECEIVED,$ / BU,"CORN, GRAIN - PRICE RECEIVED, MEASURED IN $ / BU",TOTAL,NOT SPECIFIED,NATIONAL,,99,US,US TOTAL,,,,,,,,0,,,9000,UNITED STATES,US TOTAL,1931,MONTHLY,1,1,JAN,,2012-01-01 00:00:00.000,0.617,
SURVEY,CROPS,FIELD CROPS,CORN,ALL CLASSES,ALL PRODUCTION PRACTICES,GRAIN,PRICE RECEIVED,$ / BU,"CORN, GRAIN - PRICE RECEIVED, MEASURED IN $ / BU",TOTAL,NOT SPECIFIED,NATIONAL,,99,US,US TOTAL,,,,,,,,0,,,9000,UNITED STATES,US TOTAL,1931,MONTHLY,2,2,FEB,,2012-01-01 00:00:00.000,0.586,
SURVEY,CROPS,FIELD CROPS,CORN,ALL CLASSES,ALL PRODUCTION PRACTICES,GRAIN,PRICE RECEIVED,$ / BU,"CORN, GRAIN - PRICE RECEIVED, MEASURED IN $ / BU",TOTAL,NOT SPECIFIED,NATIONAL,,99,US,US TOTAL,,,,,,,,0,,,9000,UNITED STATES,US TOTAL,1931,MONTHLY,3,3,MAR,,2012-01-01 00:00:00.000,0.575,
SURVEY,CROPS,FIELD CROPS,CORN,ALL CLASSES,ALL PRODUCTION PRACTICES,GRAIN,PRICE RECEIVED,$ / BU,"CORN, GRAIN - PRICE RECEIVED, MEASURED IN $ / BU",TOTAL,NOT SPECIFIED,NATIONAL,,99,US,US TOTAL,,,,,,,,0,,,9000,UNITED STATES,US TOTAL,1931,MONTHLY,4,4,APR,,2012-01-01 00:00:00.000,0.577,
SURVEY,CROPS,FIELD CROPS,CORN,ALL CLASSES,ALL PRODUCTION PRACTICES,GRAIN,PRICE RECEIVED,$ / BU,"CORN, GRAIN - PRICE RECEIVED, MEASURED IN $ / BU",TOTAL,NOT SPECIFIED,NATIONAL,,99,US,US TOTAL,,,,,,,,0,,,9000,UNITED STATES,US TOTAL,1931,MONTHLY,5,5,MAY,,2012-01-01 00:00:00.000,0.563,
SURVEY,CROPS,FIELD CROPS,CORN,ALL CLASSES,ALL PRODUCTION PRACTICES,GRAIN,PRICE RECEIVED,$ / BU,"CORN, GRAIN - PRICE RECEIVED, MEASURED IN $ / BU",TOTAL,NOT SPECIFIED,NATIONAL,,99,US,US TOTAL,,,,,,,,0,,,9000,UNITED STATES,US TOTAL,1931,MONTHLY,6,6,JUN,,2012-01-01 00:00:00.000,0.538,
SURVEY,CROPS,FIELD CROPS,CORN,ALL CLASSES,ALL PRODUCTION PRACTICES,GRAIN,PRICE RECEIVED,$ / BU,"CORN, GRAIN - PRICE RECEIVED, MEASURED IN $ / BU",TOTAL,NOT SPECIFIED,NATIONAL,,99,US,US TOTAL,,,,,,,,0,,,9000,UNITED STATES,US TOTAL,1931,MONTHLY,7,7,JUL,,2012-01-01 00:00:00.000,0.54,
SURVEY,CROPS,FIELD CROPS,CORN,ALL CLASSES,ALL PRODUCTION PRACTICES,GRAIN,PRICE RECEIVED,$ / BU,"CORN, GRAIN - PRICE RECEIVED, MEASURED IN $ / BU",TOTAL,NOT SPECIFIED,NATIONAL,,99,US,US TOTAL,,,,,,,,0,,,9000,UNITED STATES,US TOTAL,1931,MONTHLY,8,8,AUG,,2012-01-01 00:00:00.000,0.508,
SURVEY,CROPS,FIELD CROPS,CORN,ALL CLASSES,ALL PRODUCTION PRACTICES,GRAIN,PRICE RECEIVED,$ / BU,"CORN, GRAIN - PRICE RECEIVED, MEASURED IN $ / BU",TOTAL,NOT SPECIFIED,NATIONAL,,99,US,US TOTAL,,,,,,,,0,,,9000,UNITED STATES,US TOTAL,1931,MONTHLY,9,9,SEP,,2012-01-01 00:00:00.000,0.432,
SURVEY,CROPS,FIELD CROPS,CORN,ALL CLASSES,ALL PRODUCTION PRACTICES,GRAIN,PRICE RECEIVED,$ / BU,"CORN, GRAIN - PRICE RECEIVED, MEASURED IN $ / BU",TOTAL,NOT SPECIFIED,NATIONAL,,99,US,US TOTAL,,,,,,,,0,,,9000,UNITED STATES,US TOTAL,1931,MONTHLY,10,10,OCT,,2012-01-01 00:00:00.000,0.334,
SURVEY,CROPS,FIELD CROPS,CORN,ALL CLASSES,ALL PRODUCTION PRACTICES,GRAIN,PRICE RECEIVED,$ / BU,"CORN, GRAIN - PRICE RECEIVED, MEASURED IN $ / BU",TOTAL,NOT SPECIFIED,NATIONAL,,99,US,US TOTAL,,,,,,,,0,,,9000,UNITED STATES,US TOTAL,1931,MONTHLY,11,11,NOV,,2012-01-01 00:00:00.000,0.366,
SURVEY,CROPS,FIELD CROPS,CORN,ALL CLASSES,ALL PRODUCTION PRACTICES,GRAIN,PRICE RECEIVED,$ / BU,"CORN, GRAIN - PRICE RECEIVED, MEASURED IN $ / BU",TOTAL,NOT SPECIFIED,NATIONAL,,99,US,US TOTAL,,,,,,,,0,,,9000,UNITED STATES,US TOTAL,1931,MONTHLY,12,12,DEC,,2012-01-01 00:00:00.000,0.345,
SURVEY,CROPS,FIELD CROPS,CORN,ALL CLASSES,ALL PRODUCTION PRACTICES,GRAIN,PRICE RECEIVED,$ / BU,"CORN, GRAIN - PRICE RECEIVED, MEASURED IN $ / BU",TOTAL,NOT SPECIFIED,NATIONAL,,99,US,US TOTAL,,,,,,,,0,,,9000,UNITED STATES,US TOTAL,1930,ANNUAL,0,0,MARKETING YEAR,,2012-01-01 00:00:00.000,0.55,
SURVEY,CROPS,FIELD CROPS,CORN,ALL CLASSES,ALL PRODUCTION PRACTICES,GRAIN,PRICE RECEIVED,$ / BU,"CORN, GRAIN - PRICE RECEIVED, MEASURED IN $ / BU",TOTAL,NOT SPECIFIED,NATIONAL,,99,US,US TOTAL,,,,,,,,0,,,9000,UNITED STATES,US TOTAL,1930,MONTHLY,1,1,JAN,,2012-01-01 00:00:00.000,0.773,
SURVEY,CROPS,FIELD CROPS,CORN,ALL CLASSES,ALL PRODUCTION PRACTICES,GRAIN,PRICE RECEIVED,$ / BU,"CORN, GRAIN - PRICE RECEIVED, MEASURED IN $ / BU",TOTAL,NOT SPECIFIED,NATIONAL,,99,US,US TOTAL,,,,,,,,0,,,9000,UNITED STATES,US TOTAL,1930,MONTHLY,2,2,FEB,,2012-01-01 00:00:00.000,0.774,
SURVEY,CROPS,FIELD CROPS,CORN,ALL CLASSES,ALL PRODUCTION PRACTICES,GRAIN,PRICE RECEIVED,$ / BU,"CORN, GRAIN - PRICE RECEIVED, MEASURED IN $ / BU",TOTAL,NOT SPECIFIED,NATIONAL,,99,US,US TOTAL,,,,,,,,0,,,9000,UNITED STATES,US TOTAL,1930,MONTHLY,3,3,MAR,,2012-01-01 00:00:00.000,0.745,
SURVEY,CROPS,FIELD CROPS,CORN,ALL CLASSES,ALL PRODUCTION PRACTICES,GRAIN,PRICE RECEIVED,$ / BU,"CORN, GRAIN - PRICE RECEIVED, MEASURED IN $ / BU",TOTAL,NOT SPECIFIED,NATIONAL,,99,US,US TOTAL,,,,,,,,0,,,9000,UNITED STATES,US TOTAL,1930,MONTHLY,4,4,APR,,2012-01-01 00:00:00.000,0.783,
SURVEY,CROPS,FIELD CROPS,CORN,ALL CLASSES,ALL PRODUCTION PRACTICES,GRAIN,PRICE RECEIVED,$ / BU,"CORN, GRAIN - PRICE RECEIVED, MEASURED IN $ / BU",TOTAL,NOT SPECIFIED,NATIONAL,,99,US,US TOTAL,,,,,,,,0,,,9000,UNITED STATES,US TOTAL,1930,MONTHLY,5,5,MAY,,2012-01-01 00:00:00.000,0.778,
SURVEY,CROPS,FIELD CROPS,CORN,ALL CLASSES,ALL PRODUCTION PRACTICES,GRAIN,PRICE RECEIVED,$ / BU,"CORN, GRAIN - PRICE RECEIVED, MEASURED IN $ / BU",TOTAL,NOT SPECIFIED,NATIONAL,,99,US,US TOTAL,,,,,,,,0,,,9000,UNITED STATES,US TOTAL,1930,MONTHLY,6,6,JUN,,2012-01-01 00:00:00.000,0.79,
SURVEY,CROPS,FIELD CROPS,CORN,ALL CLASSES,ALL PRODUCTION PRACTICES,GRAIN,PRICE RECEIVED,$ / BU,"CORN, GRAIN - PRICE RECEIVED, MEASURED IN $ / BU",TOTAL,NOT SPECIFIED,NATIONAL,,99,US,US TOTAL,,,,,,,,0,,,9000,UNITED STATES,US TOTAL,1930,MONTHLY,7,7,JUL,,2012-01-01 00:00:00.000,0.771,
SURVEY,CROPS,FIELD CROPS,CORN,ALL CLASSES,ALL PRODUCTION PRACTICES,GRAIN,PRICE RECEIVED,$ / BU,"CORN, GRAIN - PRICE RECEIVED, MEASURED IN $ / BU",TOTAL,NOT SPECIFIED,NATIONAL,,99,US,US TOTAL,,,,,,,,0,,,9000,UNITED STATES,US TOTAL,1930,MONTHLY,8,8,AUG,,2012-01-01 00:00:00.000,0.9,
SURVEY,CROPS,FIELD CROPS,CORN,ALL CLASSES,ALL PRODUCTION PRACTICES,GRAIN,PRICE RECEIVED,$ / BU,"CORN, GRAIN - PRICE RECEIVED, MEASURED IN $ / BU",TOTAL,NOT SPECIFIED,NATIONAL,,99,US,US TOTAL,,,,,,,,0,,,9000,UNITED STATES,US TOTAL,1930,MONTHLY,9,9,SEP,,2012-01-01 00:00:00.000,0.917,
SURVEY,CROPS,FIELD CROPS,CORN,ALL CLASSES,ALL PRODUCTION PRACTICES,GRAIN,PRICE RECEIVED,$ / BU,"CORN, GRAIN - PRICE RECEIVED, MEASURED IN $ / BU",TOTAL,NOT SPECIFIED,NATIONAL,,99,US,US TOTAL,,,,,,,,0,,,9000,UNITED STATES,US TOTAL,1930,MONTHLY,10,10,OCT,,2012-01-01 00:00:00.000,0.819,
SURVEY,CROPS,FIELD CROPS,CORN,ALL CLASSES,ALL PRODUCTION PRACTICES,GRAIN,PRICE RECEIVED,$ / BU,"CORN, GRAIN - PRICE RECEIVED, MEASURED IN $ / BU",TOTAL,NOT SPECIFIED,NATIONAL,,99,US,US TOTAL,,,,,,,,0,,,9000,UNITED STATES,US TOTAL,1930,MONTHLY,11,11,NOV,,2012-01-01 00:00:00.000,0.663,
SURVEY,CROPS,FIELD CROPS,CORN,ALL CLASSES,ALL PRODUCTION PRACTICES,GRAIN,PRICE RECEIVED,$ / BU,"CORN, GRAIN - PRICE RECEIVED, MEASURED IN $ / BU",TOTAL,NOT SPECIFIED,NATIONAL,,99,US,US TOTAL,,,,,,,,0,,,9000,UNITED STATES,US TOTAL,1930,MONTHLY,12,12,DEC,,2012-01-01 00:00:00.000,0.649,
SURVEY,CROPS,FIELD CROPS,CORN,ALL CLASSES,ALL PRODUCTION PRACTICES,GRAIN,PRICE RECEIVED,$ / BU,"CORN, GRAIN - PRICE RECEIVED, MEASURED IN $ / BU",TOTAL,NOT SPECIFIED,NATIONAL,,99,US,US TOTAL,,,,,,,,0,,,9000,UNITED STATES,US TOTAL,1929,ANNUAL,0,0,MARKETING YEAR,,2012-01-01 00:00:00.000,0.764,
SURVEY,CROPS,FIELD CROPS,CORN,ALL CLASSES,ALL PRODUCTION PRACTICES,GRAIN,PRICE RECEIVED,$ / BU,"CORN, GRAIN - PRICE RECEIVED, MEASURED IN $ / BU",TOTAL,NOT SPECIFIED,NATIONAL,,99,US,US TOTAL,,,,,,,,0,,,9000,UNITED STATES,US TOTAL,1929,MONTHLY,1,1,JAN,,2012-01-01 00:00:00.000,0.802,
SURVEY,CROPS,FIELD CROPS,CORN,ALL CLASSES,ALL PRODUCTION PRACTICES,GRAIN,PRICE RECEIVED,$ / BU,"CORN, GRAIN - PRICE RECEIVED, MEASURED IN $ / BU",TOTAL,NOT SPECIFIED,NATIONAL,,99,US,US TOTAL,,,,,,,,0,,,9000,UNITED STATES,US TOTAL,1929,MONTHLY,2,2,FEB,,2012-01-01 00:00:00.000,0.868,
SURVEY,CROPS,FIELD CROPS,CORN,ALL CLASSES,ALL PRODUCTION PRACTICES,GRAIN,PRICE RECEIVED,$ / BU,"CORN, GRAIN - PRICE RECEIVED, MEASURED IN $ / BU",TOTAL,NOT SPECIFIED,NATIONAL,,99,US,US TOTAL,,,,,,,,0,,,9000,UNITED STATES,US TOTAL,1929,MONTHLY,3,3,MAR,,2012-01-01 00:00:00.000,0.887,
SURVEY,CROPS,FIELD CROPS,CORN,ALL CLASSES,ALL PRODUCTION PRACTICES,GRAIN,PRICE RECEIVED,$ / BU,"CORN, GRAIN - PRICE RECEIVED, MEASURED IN $ / BU",TOTAL,NOT SPECIFIED,NATIONAL,,99,US,US TOTAL,,,,,,,,0,,,9000,UNITED STATES,US TOTAL,1929,MONTHLY,4,4,APR,,2012-01-01 00:00:00.000,0.875,
SURVEY,CROPS,FIELD CROPS,CORN,ALL CLASSES,ALL PRODUCTION PRACTICES,GRAIN,PRICE RECEIVED,$ / BU,"CORN, GRAIN - PRICE RECEIVED, MEASURED IN $ / BU",TOTAL,NOT SPECIFIED,NATIONAL,,99,US,US TOTAL,,,,,,,,0,,,9000,UNITED STATES,US TOTAL,1929,MONTHLY,5,5,MAY,,2012-01-01 00:00:00.000,0.862,
SURVEY,CROPS,FIELD CROPS,CORN,ALL CLASSES,ALL PRODUCTION PRACTICES,GRAIN,PRICE RECEIVED,$ / BU,"CORN, GRAIN - PRICE RECEIVED, MEASURED IN $ / BU",TOTAL,NOT SPECIFIED,NATIONAL,,99,US,US TOTAL,,,,,,,,0,,,9000,UNITED STATES,US TOTAL,1929,MONTHLY,6,6,JUN,,2012-01-01 00:00:00.000,0.869,
SURVEY,CROPS,FIELD CROPS,CORN,ALL CLASSES,ALL PRODUCTION PRACTICES,GRAIN,PRICE RECEIVED,$ / BU,"CORN, GRAIN - PRICE RECEIVED, MEASURED IN $ / BU",TOTAL,NOT SPECIFIED,NATIONAL,,99,US,US TOTAL,,,,,,,,0,,,9000,UNITED STATES,US TOTAL,1929,MONTHLY,7,7,JUL,,2012-01-01 00:00:00.000,0.912,
SURVEY,CROPS,FIELD CROPS,CORN,ALL CLASSES,ALL PRODUCTION PRACTICES,GRAIN,PRICE RECEIVED,$ / BU,"CORN, GRAIN - PRICE RECEIVED, MEASURED IN $ / BU",TOTAL,NOT SPECIFIED,NATIONAL,,99,US,US TOTAL,,,,,,,,0,,,9000,UNITED STATES,US TOTAL,1929,MONTHLY,8,8,AUG,,2012-01-01 00:00:00.000,0.959,
SURVEY,CROPS,FIELD CROPS,CORN,ALL CLASSES,ALL PRODUCTION PRACTICES,GRAIN,PRICE RECEIVED,$ / BU,"CORN, GRAIN - PRICE RECEIVED, MEASURED IN $ / BU",TOTAL,NOT SPECIFIED,NATIONAL,,99,US,US TOTAL,,,,,,,,0,,,9000,UNITED STATES,US TOTAL,1929,MONTHLY,9,9,SEP,,2012-01-01 00:00:00.000,0.972,
SURVEY,CROPS,FIELD CROPS,CORN,ALL CLASSES,ALL PRODUCTION PRACTICES,GRAIN,PRICE RECEIVED,$ / BU,"CORN, GRAIN - PRICE RECEIVED, MEASURED IN $ / BU",TOTAL,NOT SPECIFIED,NATIONAL,,99,US,US TOTAL,,,,,,,,0,,,9000,UNITED STATES,US TOTAL,1929,MONTHLY,10,10,OCT,,2012-01-01 00:00:00.000,0.919,
SURVEY,CROPS,FIELD CROPS,CORN,ALL CLASSES,ALL PRODUCTION PRACTICES,GRAIN,PRICE RECEIVED,$ / BU,"CORN, GRAIN - PRICE RECEIVED, MEASURED IN $ / BU",TOTAL,NOT SPECIFIED,NATIONAL,,99,US,US TOTAL,,,,,,,,0,,,9000,UNITED STATES,US TOTAL,1929,MONTHLY,11,11,NOV,,2012-01-01 00:00:00.000,0.81,
SURVEY,CROPS,FIELD CROPS,CORN,ALL CLASSES,ALL PRODUCTION PRACTICES,GRAIN,PRICE RECEIVED,$ / BU,"CORN, GRAIN - PRICE RECEIVED, MEASURED IN $ / BU",TOTAL,NOT SPECIFIED,NATIONAL,,99,US,US TOTAL,,,,,,,,0,,,9000,UNITED STATES,US TOTAL,1929,MONTHLY,12,12,DEC,,2012-01-01 00:00:00.000,0.78,
SURVEY,CROPS,FIELD CROPS,CORN,ALL CLASSES,ALL PRODUCTION PRACTICES,GRAIN,PRICE RECEIVED,$ / BU,"CORN, GRAIN - PRICE RECEIVED, MEASURED IN $ / BU",TOTAL,NOT SPECIFIED,NATIONAL,,99,US,US TOTAL,,,,,,,,0,,,9000,UNITED STATES,US TOTAL,1928,ANNUAL,0,0,MARKETING YEAR,,2012-01-01 00:00:00.000,0.798,
SURVEY,CROPS,FIELD CROPS,CORN,ALL CLASSES,ALL PRODUCTION PRACTICES,GRAIN,PRICE RECEIVED,$ / BU,"CORN, GRAIN - PRICE RECEIVED, MEASURED IN $ / BU",TOTAL,NOT SPECIFIED,NATIONAL,,99,US,US TOTAL,,,,,,,,0,,,9000,UNITED STATES,US TOTAL,1928,MONTHLY,1,1,JAN,,2012-01-01 00:00:00.000,0.752,
SURVEY,CROPS,FIELD CROPS,CORN,ALL CLASSES,ALL PRODUCTION PRACTICES,GRAIN,PRICE RECEIVED,$ / BU,"CORN, GRAIN - PRICE RECEIVED, MEASURED IN $ / BU",TOTAL,NOT SPECIFIED,NATIONAL,,99,US,US TOTAL,,,,,,,,0,,,9000,UNITED STATES,US TOTAL,1928,MONTHLY,2,2,FEB,,2012-01-01 00:00:00.000,0.79,
SURVEY,CROPS,FIELD CROPS,CORN,ALL CLASSES,ALL PRODUCTION PRACTICES,GRAIN,PRICE RECEIVED,$ / BU,"CORN, GRAIN - PRICE RECEIVED, MEASURED IN $ / BU",TOTAL,NOT SPECIFIED,NATIONAL,,99,US,US TOTAL,,,,,,,,0,,,9000,UNITED STATES,US TOTAL,1928,MONTHLY,3,3,MAR,,2012-01-01 00:00:00.000,0.862,
SURVEY,CROPS,FIELD CROPS,CORN,ALL CLASSES,ALL PRODUCTION PRACTICES,GRAIN,PRICE RECEIVED,$ / BU,"CORN, GRAIN - PRICE RECEIVED, MEASURED IN $ / BU",TOTAL,NOT SPECIFIED,NATIONAL,,99,US,US TOTAL,,,,,,,,0,,,9000,UNITED STATES,US TOTAL,1928,MONTHLY,4,4,APR,,2012-01-01 00:00:00.000,0.919,
SURVEY,CROPS,FIELD CROPS,CORN,ALL CLASSES,ALL PRODUCTION PRACTICES,GRAIN,PRICE RECEIVED,$ / BU,"CORN, GRAIN - PRICE RECEIVED, MEASURED IN $ / BU",TOTAL,NOT SPECIFIED,NATIONAL,,99,US,US TOTAL,,,,,,,,0,,,9000,UNITED STATES,US TOTAL,1928,MONTHLY,5,5,MAY,,2012-01-01 00:00:00.000,1.02,
SURVEY,CROPS,FIELD CROPS,CORN,ALL CLASSES,ALL PRODUCTION PRACTICES,GRAIN,PRICE RECEIVED,$ / BU,"CORN, GRAIN - PRICE RECEIVED, MEASURED IN $ / BU",TOTAL,NOT SPECIFIED,NATIONAL,,99,US,US TOTAL,,,,,,,,0,,,9000,UNITED STATES,US TOTAL,1928,MONTHLY,6,6,JUN,,2012-01-01 00:00:00.000,1.02,
SURVEY,CROPS,FIELD CROPS,CORN,ALL CLASSES,ALL PRODUCTION PRACTICES,GRAIN,PRICE RECEIVED,$ / BU,"CORN, GRAIN - PRICE RECEIVED, MEASURED IN $ / BU",TOTAL,NOT SPECIFIED,NATIONAL,,99,US,US TOTAL,,,,,,,,0,,,9000,UNITED STATES,US TOTAL,1928,MONTHLY,7,7,JUL,,2012-01-01 00:00:00.000,1.02,
SURVEY,CROPS,FIELD CROPS,CORN,ALL CLASSES,ALL PRODUCTION PRACTICES,GRAIN,PRICE RECEIVED,$ / BU,"CORN, GRAIN - PRICE RECEIVED, MEASURED IN $ / BU",TOTAL,NOT SPECIFIED,NATIONAL,,99,US,US TOTAL,,,,,,,,0,,,9000,UNITED STATES,US TOTAL,1928,MONTHLY,8,8,AUG,,2012-01-01 00:00:00.000,0.982,
SURVEY,CROPS,FIELD CROPS,CORN,ALL CLASSES,ALL PRODUCTION PRACTICES,GRAIN,PRICE RECEIVED,$ / BU,"CORN, GRAIN - PRICE RECEIVED, MEASURED IN $ / BU",TOTAL,NOT SPECIFIED,NATIONAL,,99,US,US TOTAL,,,,,,,,0,,,9000,UNITED STATES,US TOTAL,1928,MONTHLY,9,9,SEP,,2012-01-01 00:00:00.000,0.951,
SURVEY,CROPS,FIELD CROPS,CORN,ALL CLASSES,ALL PRODUCTION PRACTICES,GRAIN,PRICE RECEIVED,$ / BU,"CORN, GRAIN - PRICE RECEIVED, MEASURED IN $ / BU",TOTAL,NOT SPECIFIED,NATIONAL,,99,US,US TOTAL,,,,,,,,0,,,9000,UNITED STATES,US TOTAL,1928,MONTHLY,10,10,OCT,,2012-01-01 00:00:00.000,0.847,
SURVEY,CROPS,FIELD CROPS,CORN,ALL CLASSES,ALL PRODUCTION PRACTICES,GRAIN,PRICE RECEIVED,$ / BU,"CORN, GRAIN - PRICE RECEIVED, MEASURED IN $ / BU",TOTAL,NOT SPECIFIED,NATIONAL,,99,US,US TOTAL,,,,,,,,0,,,9000,UNITED STATES,US TOTAL,1928,MONTHLY,11,11,NOV,,2012-01-01 00:00:00.000,0.754,
SURVEY,CROPS,FIELD CROPS,CORN,ALL CLASSES,ALL PRODUCTION PRACTICES,GRAIN,PRICE RECEIVED,$ / BU,"CORN, GRAIN - PRICE RECEIVED, MEASURED IN $ / BU",TOTAL,NOT SPECIFIED,NATIONAL,,99,US,US TOTAL,,,,,,,,0,,,9000,UNITED STATES,US TOTAL,1928,MONTHLY,12,12,DEC,,2012-01-01 00:00:00.000,0.761,
SURVEY,CROPS,FIELD CROPS,CORN,ALL CLASSES,ALL PRODUCTION PRACTICES,GRAIN,PRICE RECEIVED,$ / BU,"CORN, GRAIN - PRICE RECEIVED, MEASURED IN $ / BU",TOTAL,NOT SPECIFIED,NATIONAL,,99,US,US TOTAL,,,,,,,,0,,,9000,UNITED STATES,US TOTAL,1927,ANNUAL,0,0,MARKETING YEAR,,2012-01-01 00:00:00.000,0.804,
SURVEY,CROPS,FIELD CROPS,CORN,ALL CLASSES,ALL PRODUCTION PRACTICES,GRAIN,PRICE RECEIVED,$ / BU,"CORN, GRAIN - PRICE RECEIVED, MEASURED IN $ / BU",TOTAL,NOT SPECIFIED,NATIONAL,,99,US,US TOTAL,,,,,,,,0,,,9000,UNITED STATES,US TOTAL,1927,MONTHLY,1,1,JAN,,2012-01-01 00:00:00.000,0.643,
SURVEY,CROPS,FIELD CROPS,CORN,ALL CLASSES,ALL PRODUCTION PRACTICES,GRAIN,PRICE RECEIVED,$ / BU,"CORN, GRAIN - PRICE RECEIVED, MEASURED IN $ / BU",TOTAL,NOT SPECIFIED,NATIONAL,,99,US,US TOTAL,,,,,,,,0,,,9000,UNITED STATES,US TOTAL,1927,MONTHLY,2,2,FEB,,2012-01-01 00:00:00.000,0.665,
SURVEY,CROPS,FIELD CROPS,CORN,ALL CLASSES,ALL PRODUCTION PRACTICES,GRAIN,PRICE RECEIVED,$ / BU,"CORN, GRAIN - PRICE RECEIVED, MEASURED IN $ / BU",TOTAL,NOT SPECIFIED,NATIONAL,,99,US,US TOTAL,,,,,,,,0,,,9000,UNITED STATES,US TOTAL,1927,MONTHLY,3,3,MAR,,2012-01-01 00:00:00.000,0.652,
SURVEY,CROPS,FIELD CROPS,CORN,ALL CLASSES,ALL PRODUCTION PRACTICES,GRAIN,PRICE RECEIVED,$ / BU,"CORN, GRAIN - PRICE RECEIVED, MEASURED IN $ / BU",TOTAL,NOT SPECIFIED,NATIONAL,,99,US,US TOTAL,,,,,,,,0,,,9000,UNITED STATES,US TOTAL,1927,MONTHLY,4,4,APR,,2012-01-01 00:00:00.000,0.656,
SURVEY,CROPS,FIELD CROPS,CORN,ALL CLASSES,ALL PRODUCTION PRACTICES,GRAIN,PRICE RECEIVED,$ / BU,"CORN, GRAIN - PRICE RECEIVED, MEASURED IN $ / BU",TOTAL,NOT SPECIFIED,NATIONAL,,99,US,US TOTAL,,,,,,,,0,,,9000,UNITED STATES,US TOTAL,1927,MONTHLY,5,5,MAY,,2012-01-01 00:00:00.000,0.73,
SURVEY,CROPS,FIELD CROPS,CORN,ALL CLASSES,ALL PRODUCTION PRACTICES,GRAIN,PRICE RECEIVED,$ / BU,"CORN, GRAIN - PRICE RECEIVED, MEASURED IN $ / BU",TOTAL,NOT SPECIFIED,NATIONAL,,99,US,US TOTAL,,,,,,,,0,,,9000,UNITED STATES,US TOTAL,1927,MONTHLY,6,6,JUN,,2012-01-01 00:00:00.000,0.889,
SURVEY,CROPS,FIELD CROPS,CORN,ALL CLASSES,ALL PRODUCTION PRACTICES,GRAIN,PRICE RECEIVED,$ / BU,"CORN, GRAIN - PRICE RECEIVED, MEASURED IN $ / BU",TOTAL,NOT SPECIFIED,NATIONAL,,99,US,US TOTAL,,,,,,,,0,,,9000,UNITED STATES,US TOTAL,1927,MONTHLY,7,7,JUL,,2012-01-01 00:00:00.000,0.924,
SURVEY,CROPS,FIELD CROPS,CORN,ALL CLASSES,ALL PRODUCTION PRACTICES,GRAIN,PRICE RECEIVED,$ / BU,"CORN, GRAIN - PRICE RECEIVED, MEASURED IN $ / BU",TOTAL,NOT SPECIFIED,NATIONAL,,99,US,US TOTAL,,,,,,,,0,,,9000,UNITED STATES,US TOTAL,1927,MONTHLY,8,8,AUG,,2012-01-01 00:00:00.000,0.977,
SURVEY,CROPS,FIELD CROPS,CORN,ALL CLASSES,ALL PRODUCTION PRACTICES,GRAIN,PRICE RECEIVED,$ / BU,"CORN, GRAIN - PRICE RECEIVED, MEASURED IN $ / BU",TOTAL,NOT SPECIFIED,NATIONAL,,99,US,US TOTAL,,,,,,,,0,,,9000,UNITED STATES,US TOTAL,1927,MONTHLY,9,9,SEP,,2012-01-01 00:00:00.000,0.953,
SURVEY,CROPS,FIELD CROPS,CORN,ALL CLASSES,ALL PRODUCTION PRACTICES,GRAIN,PRICE RECEIVED,$ / BU,"CORN, GRAIN - PRICE RECEIVED, MEASURED IN $ / BU",TOTAL,NOT SPECIFIED,NATIONAL,,99,US,US TOTAL,,,,,,,,0,,,9000,UNITED STATES,US TOTAL,1927,MONTHLY,10,10,OCT,,2012-01-01 00:00:00.000,0.876,
SURVEY,CROPS,FIELD CROPS,CORN,ALL CLASSES,ALL PRODUCTION PRACTICES,GRAIN,PRICE RECEIVED,$ / BU,"CORN, GRAIN - PRICE RECEIVED, MEASURED IN $ / BU",TOTAL,NOT SPECIFIED,NATIONAL,,99,US,US TOTAL,,,,,,,,0,,,9000,UNITED STATES,US TOTAL,1927,MONTHLY,11,11,NOV,,2012-01-01 00:00:00.000,0.737,
SURVEY,CROPS,FIELD CROPS,CORN,ALL CLASSES,ALL PRODUCTION PRACTICES,GRAIN,PRICE RECEIVED,$ / BU,"CORN, GRAIN - PRICE RECEIVED, MEASURED IN $ / BU",TOTAL,NOT SPECIFIED,NATIONAL,,99,US,US TOTAL,,,,,,,,0,,,9000,UNITED STATES,US TOTAL,1927,MONTHLY,12,12,DEC,,2012-01-01 00:00:00.000,0.751,
SURVEY,CROPS,FIELD CROPS,CORN,ALL CLASSES,ALL PRODUCTION PRACTICES,GRAIN,PRICE RECEIVED,$ / BU,"CORN, GRAIN - PRICE RECEIVED, MEASURED IN $ / BU",TOTAL,NOT SPECIFIED,NATIONAL,,99,US,US TOTAL,,,,,,,,0,,,9000,UNITED STATES,US TOTAL,1926,ANNUAL,0,0,MARKETING YEAR,,2012-01-01 00:00:00.000,0.715,
SURVEY,CROPS,FIELD CROPS,CORN,ALL CLASSES,ALL PRODUCTION PRACTICES,GRAIN,PRICE RECEIVED,$ / BU,"CORN, GRAIN - PRICE RECEIVED, MEASURED IN $ / BU",TOTAL,NOT SPECIFIED,NATIONAL,,99,US,US TOTAL,,,,,,,,0,,,9000,UNITED STATES,US TOTAL,1926,MONTHLY,1,1,JAN,,2012-01-01 00:00:00.000,0.696,
SURVEY,CROPS,FIELD CROPS,CORN,ALL CLASSES,ALL PRODUCTION PRACTICES,GRAIN,PRICE RECEIVED,$ / BU,"CORN, GRAIN - PRICE RECEIVED, MEASURED IN $ / BU",TOTAL,NOT SPECIFIED,NATIONAL,,99,US,US TOTAL,,,,,,,,0,,,9000,UNITED STATES,US TOTAL,1926,MONTHLY,2,2,FEB,,2012-01-01 00:00:00.000,0.685,
SURVEY,CROPS,FIELD CROPS,CORN,ALL CLASSES,ALL PRODUCTION PRACTICES,GRAIN,PRICE RECEIVED,$ / BU,"CORN, GRAIN - PRICE RECEIVED, MEASURED IN $ / BU",TOTAL,NOT SPECIFIED,NATIONAL,,99,US,US TOTAL,,,,,,,,0,,,9000,UNITED STATES,US TOTAL,1926,MONTHLY,3,3,MAR,,2012-01-01 00:00:00.000,0.666,
SURVEY,CROPS,FIELD CROPS,CORN,ALL CLASSES,ALL PRODUCTION PRACTICES,GRAIN,PRICE RECEIVED,$ / BU,"CORN, GRAIN - PRICE RECEIVED, MEASURED IN $ / BU",TOTAL,NOT SPECIFIED,NATIONAL,,99,US,US TOTAL,,,,,,,,0,,,9000,UNITED STATES,US TOTAL,1926,MONTHLY,4,4,APR,,2012-01-01 00:00:00.000,0.657,
SURVEY,CROPS,FIELD CROPS,CORN,ALL CLASSES,ALL PRODUCTION PRACTICES,GRAIN,PRICE RECEIVED,$ / BU,"CORN, GRAIN - PRICE RECEIVED, MEASURED IN $ / BU",TOTAL,NOT SPECIFIED,NATIONAL,,99,US,US TOTAL,,,,,,,,0,,,9000,UNITED STATES,US TOTAL,1926,MONTHLY,5,5,MAY,,2012-01-01 00:00:00.000,0.671,
SURVEY,CROPS,FIELD CROPS,CORN,ALL CLASSES,ALL PRODUCTION PRACTICES,GRAIN,PRICE RECEIVED,$ / BU,"CORN, GRAIN - PRICE RECEIVED, MEASURED IN $ / BU",TOTAL,NOT SPECIFIED,NATIONAL,,99,US,US TOTAL,,,,,,,,0,,,9000,UNITED STATES,US TOTAL,1926,MONTHLY,6,6,JUN,,2012-01-01 00:00:00.000,0.686,
SURVEY,CROPS,FIELD CROPS,CORN,ALL CLASSES,ALL PRODUCTION PRACTICES,GRAIN,PRICE RECEIVED,$ / BU,"CORN, GRAIN - PRICE RECEIVED, MEASURED IN $ / BU",TOTAL,NOT SPECIFIED,NATIONAL,,99,US,US TOTAL,,,,,,,,0,,,9000,UNITED STATES,US TOTAL,1926,MONTHLY,7,7,JUL,,2012-01-01 00:00:00.000,0.715,
SURVEY,CROPS,FIELD CROPS,CORN,ALL CLASSES,ALL PRODUCTION PRACTICES,GRAIN,PRICE RECEIVED,$ / BU,"CORN, GRAIN - PRICE RECEIVED, MEASURED IN $ / BU",TOTAL,NOT SPECIFIED,NATIONAL,,99,US,US TOTAL,,,,,,,,0,,,9000,UNITED STATES,US TOTAL,1926,MONTHLY,8,8,AUG,,2012-01-01 00:00:00.000,0.795,
SURVEY,CROPS,FIELD CROPS,CORN,ALL CLASSES,ALL PRODUCTION PRACTICES,GRAIN,PRICE RECEIVED,$ / BU,"CORN, GRAIN - PRICE RECEIVED, MEASURED IN $ / BU",TOTAL,NOT SPECIFIED,NATIONAL,,99,US,US TOTAL,,,,,,,,0,,,9000,UNITED STATES,US TOTAL,1926,MONTHLY,9,9,SEP,,2012-01-01 00:00:00.000,0.762,
SURVEY,CROPS,FIELD CROPS,CORN,ALL CLASSES,ALL PRODUCTION PRACTICES,GRAIN,PRICE RECEIVED,$ / BU,"CORN, GRAIN - PRICE RECEIVED, MEASURED IN $ / BU",TOTAL,NOT SPECIFIED,NATIONAL,,99,US,US TOTAL,,,,,,,,0,,,9000,UNITED STATES,US TOTAL,1926,MONTHLY,10,10,OCT,,2012-01-01 00:00:00.000,0.745,
SURVEY,CROPS,FIELD CROPS,CORN,ALL CLASSES,ALL PRODUCTION PRACTICES,GRAIN,PRICE RECEIVED,$ / BU,"CORN, GRAIN - PRICE RECEIVED, MEASURED IN $ / BU",TOTAL,NOT SPECIFIED,NATIONAL,,99,US,US TOTAL,,,,,,,,0,,,9000,UNITED STATES,US TOTAL,1926,MONTHLY,11,11,NOV,,2012-01-01 00:00:00.000,0.66,
SURVEY,CROPS,FIELD CROPS,CORN,ALL CLASSES,ALL PRODUCTION PRACTICES,GRAIN,PRICE RECEIVED,$ / BU,"CORN, GRAIN - PRICE RECEIVED, MEASURED IN $ / BU",TOTAL,NOT SPECIFIED,NATIONAL,,99,US,US TOTAL,,,,,,,,0,,,9000,UNITED STATES,US TOTAL,1926,MONTHLY,12,12,DEC,,2012-01-01 00:00:00.000,0.645,
SURVEY,CROPS,FIELD CROPS,CORN,ALL CLASSES,ALL PRODUCTION PRACTICES,GRAIN,PRICE RECEIVED,$ / BU,"CORN, GRAIN - PRICE RECEIVED, MEASURED IN $ / BU",TOTAL,NOT SPECIFIED,NATIONAL,,99,US,US TOTAL,,,,,,,,0,,,9000,UNITED STATES,US TOTAL,1925,ANNUAL,0,0,MARKETING YEAR,,2012-01-01 00:00:00.000,0.654,
SURVEY,CROPS,FIELD CROPS,CORN,ALL CLASSES,ALL PRODUCTION PRACTICES,GRAIN,PRICE RECEIVED,$ / BU,"CORN, GRAIN - PRICE RECEIVED, MEASURED IN $ / BU",TOTAL,NOT SPECIFIED,NATIONAL,,99,US,US TOTAL,,,,,,,,0,,,9000,UNITED STATES,US TOTAL,1925,MONTHLY,1,1,JAN,,2012-01-01 00:00:00.000,1.12,
SURVEY,CROPS,FIELD CROPS,CORN,ALL CLASSES,ALL PRODUCTION PRACTICES,GRAIN,PRICE RECEIVED,$ / BU,"CORN, GRAIN - PRICE RECEIVED, MEASURED IN $ / BU",TOTAL,NOT SPECIFIED,NATIONAL,,99,US,US TOTAL,,,,,,,,0,,,9000,UNITED STATES,US TOTAL,1925,MONTHLY,2,2,FEB,,2012-01-01 00:00:00.000,1.14,
SURVEY,CROPS,FIELD CROPS,CORN,ALL CLASSES,ALL PRODUCTION PRACTICES,GRAIN,PRICE RECEIVED,$ / BU,"CORN, GRAIN - PRICE RECEIVED, MEASURED IN $ / BU",TOTAL,NOT SPECIFIED,NATIONAL,,99,US,US TOTAL,,,,,,,,0,,,9000,UNITED STATES,US TOTAL,1925,MONTHLY,3,3,MAR,,2012-01-01 00:00:00.000,1.12,
SURVEY,CROPS,FIELD CROPS,CORN,ALL CLASSES,ALL PRODUCTION PRACTICES,GRAIN,PRICE RECEIVED,$ / BU,"CORN, GRAIN - PRICE RECEIVED, MEASURED IN $ / BU",TOTAL,NOT SPECIFIED,NATIONAL,,99,US,US TOTAL,,,,,,,,0,,,9000,UNITED STATES,US TOTAL,1925,MONTHLY,4,4,APR,,2012-01-01 00:00:00.000,1.04,
SURVEY,CROPS,FIELD CROPS,CORN,ALL CLASSES,ALL PRODUCTION PRACTICES,GRAIN,PRICE RECEIVED,$ / BU,"CORN, GRAIN - PRICE RECEIVED, MEASURED IN $ / BU",TOTAL,NOT SPECIFIED,NATIONAL,,99,US,US TOTAL,,,,,,,,0,,,9000,UNITED STATES,US TOTAL,1925,MONTHLY,5,5,MAY,,2012-01-01 00:00:00.000,1.08,
SURVEY,CROPS,FIELD CROPS,CORN,ALL CLASSES,ALL PRODUCTION PRACTICES,GRAIN,PRICE RECEIVED,$ / BU,"CORN, GRAIN - PRICE RECEIVED, MEASURED IN $ / BU",TOTAL,NOT SPECIFIED,NATIONAL,,99,US,US TOTAL,,,,,,,,0,,,9000,UNITED STATES,US TOTAL,1925,MONTHLY,6,6,JUN,,2012-01-01 00:00:00.000,1.11,
SURVEY,CROPS,FIELD CROPS,CORN,ALL CLASSES,ALL PRODUCTION PRACTICES,GRAIN,PRICE RECEIVED,$ / BU,"CORN, GRAIN - PRICE RECEIVED, MEASURED IN $ / BU",TOTAL,NOT SPECIFIED,NATIONAL,,99,US,US TOTAL,,,,,,,,0,,,9000,UNITED STATES,US TOTAL,1925,MONTHLY,7,7,JUL,,2012-01-01 00:00:00.000,1.04,
SURVEY,CROPS,FIELD CROPS,CORN,ALL CLASSES,ALL PRODUCTION PRACTICES,GRAIN,PRICE RECEIVED,$ / BU,"CORN, GRAIN - PRICE RECEIVED, MEASURED IN $ / BU",TOTAL,NOT SPECIFIED,NATIONAL,,99,US,US TOTAL,,,,,,,,0,,,9000,UNITED STATES,US TOTAL,1925,MONTHLY,8,8,AUG,,2012-01-01 00:00:00.000,1.07,
SURVEY,CROPS,FIELD CROPS,CORN,ALL CLASSES,ALL PRODUCTION PRACTICES,GRAIN,PRICE RECEIVED,$ / BU,"CORN, GRAIN - PRICE RECEIVED, MEASURED IN $ / BU",TOTAL,NOT SPECIFIED,NATIONAL,,99,US,US TOTAL,,,,,,,,0,,,9000,UNITED STATES,US TOTAL,1925,MONTHLY,9,9,SEP,,2012-01-01 00:00:00.000,0.988,
SURVEY,CROPS,FIELD CROPS,CORN,ALL CLASSES,ALL PRODUCTION PRACTICES,GRAIN,PRICE RECEIVED,$ / BU,"CORN, GRAIN - PRICE RECEIVED, MEASURED IN $ / BU",TOTAL,NOT SPECIFIED,NATIONAL,,99,US,US TOTAL,,,,,,,,0,,,9000,UNITED STATES,US TOTAL,1925,MONTHLY,10,10,OCT,,2012-01-01 00:00:00.000,0.83,
SURVEY,CROPS,FIELD CROPS,CORN,ALL CLASSES,ALL PRODUCTION PRACTICES,GRAIN,PRICE RECEIVED,$ / BU,"CORN, GRAIN - PRICE RECEIVED, MEASURED IN $ / BU",TOTAL,NOT SPECIFIED,NATIONAL,,99,US,US TOTAL,,,,,,,,0,,,9000,UNITED STATES,US TOTAL,1925,MONTHLY,11,11,NOV,,2012-01-01 00:00:00.000,0.746,
SURVEY,CROPS,FIELD CROPS,CORN,ALL CLASSES,ALL PRODUCTION PRACTICES,GRAIN,PRICE RECEIVED,$ / BU,"CORN, GRAIN - PRICE RECEIVED, MEASURED IN $ / BU",TOTAL,NOT SPECIFIED,NATIONAL,,99,US,US TOTAL,,,,,,,,0,,,9000,UNITED STATES,US TOTAL,1925,MONTHLY,12,12,DEC,,2012-01-01 00:00:00.000,0.707,
SURVEY,CROPS,FIELD CROPS,CORN,ALL CLASSES,ALL PRODUCTION PRACTICES,GRAIN,PRICE RECEIVED,$ / BU,"CORN, GRAIN - PRICE RECEIVED, MEASURED IN $ / BU",TOTAL,NOT SPECIFIED,NATIONAL,,99,US,US TOTAL,,,,,,,,0,,,9000,UNITED STATES,US TOTAL,1924,ANNUAL,0,0,MARKETING YEAR,,2012-01-01 00:00:00.000,1.02,
SURVEY,CROPS,FIELD CROPS,CORN,ALL CLASSES,ALL PRODUCTION PRACTICES,GRAIN,PRICE RECEIVED,$ / BU,"CORN, GRAIN - PRICE RECEIVED, MEASURED IN $ / BU",TOTAL,NOT SPECIFIED,NATIONAL,,99,US,US TOTAL,,,,,,,,0,,,9000,UNITED STATES,US TOTAL,1924,MONTHLY,1,1,JAN,,2012-01-01 00:00:00.000,0.736,
SURVEY,CROPS,FIELD CROPS,CORN,ALL CLASSES,ALL PRODUCTION PRACTICES,GRAIN,PRICE RECEIVED,$ / BU,"CORN, GRAIN - PRICE RECEIVED, MEASURED IN $ / BU",TOTAL,NOT SPECIFIED,NATIONAL,,99,US,US TOTAL,,,,,,,,0,,,9000,UNITED STATES,US TOTAL,1924,MONTHLY,2,2,FEB,,2012-01-01 00:00:00.000,0.765,
SURVEY,CROPS,FIELD CROPS,CORN,ALL CLASSES,ALL PRODUCTION PRACTICES,GRAIN,PRICE RECEIVED,$ / BU,"CORN, GRAIN - PRICE RECEIVED, MEASURED IN $ / BU",TOTAL,NOT SPECIFIED,NATIONAL,,99,US,US TOTAL,,,,,,,,0,,,9000,UNITED STATES,US TOTAL,1924,MONTHLY,3,3,MAR,,2012-01-01 00:00:00.000,0.772,
SURVEY,CROPS,FIELD CROPS,CORN,ALL CLASSES,ALL PRODUCTION PRACTICES,GRAIN,PRICE RECEIVED,$ / BU,"CORN, GRAIN - PRICE RECEIVED, MEASURED IN $ / BU",TOTAL,NOT SPECIFIED,NATIONAL,,99,US,US TOTAL,,,,,,,,0,,,9000,UNITED STATES,US TOTAL,1924,MONTHLY,4,4,APR,,2012-01-01 00:00:00.000,0.782,
SURVEY,CROPS,FIELD CROPS,CORN,ALL CLASSES,ALL PRODUCTION PRACTICES,GRAIN,PRICE RECEIVED,$ / BU,"CORN, GRAIN - PRICE RECEIVED, MEASURED IN $ / BU",TOTAL,NOT SPECIFIED,NATIONAL,,99,US,US TOTAL,,,,,,,,0,,,9000,UNITED STATES,US TOTAL,1924,MONTHLY,5,5,MAY,,2012-01-01 00:00:00.000,0.786,
SURVEY,CROPS,FIELD CROPS,CORN,ALL CLASSES,ALL PRODUCTION PRACTICES,GRAIN,PRICE RECEIVED,$ / BU,"CORN, GRAIN - PRICE RECEIVED, MEASURED IN $ / BU",TOTAL,NOT SPECIFIED,NATIONAL,,99,US,US TOTAL,,,,,,,,0,,,9000,UNITED STATES,US TOTAL,1924,MONTHLY,6,6,JUN,,2012-01-01 00:00:00.000,0.808,
SURVEY,CROPS,FIELD CROPS,CORN,ALL CLASSES,ALL PRODUCTION PRACTICES,GRAIN,PRICE RECEIVED,$ / BU,"CORN, GRAIN - PRICE RECEIVED, MEASURED IN $ / BU",TOTAL,NOT SPECIFIED,NATIONAL,,99,US,US TOTAL,,,,,,,,0,,,9000,UNITED STATES,US TOTAL,1924,MONTHLY,7,7,JUL,,2012-01-01 00:00:00.000,0.983,
SURVEY,CROPS,FIELD CROPS,CORN,ALL CLASSES,ALL PRODUCTION PRACTICES,GRAIN,PRICE RECEIVED,$ / BU,"CORN, GRAIN - PRICE RECEIVED, MEASURED IN $ / BU",TOTAL,NOT SPECIFIED,NATIONAL,,99,US,US TOTAL,,,,,,,,0,,,9000,UNITED STATES,US TOTAL,1924,MONTHLY,8,8,AUG,,2012-01-01 00:00:00.000,1.07,
SURVEY,CROPS,FIELD CROPS,CORN,ALL CLASSES,ALL PRODUCTION PRACTICES,GRAIN,PRICE RECEIVED,$ / BU,"CORN, GRAIN - PRICE RECEIVED, MEASURED IN $ / BU",TOTAL,NOT SPECIFIED,NATIONAL,,99,US,US TOTAL,,,,,,,,0,,,9000,UNITED STATES,US TOTAL,1924,MONTHLY,9,9,SEP,,2012-01-01 00:00:00.000,1.1,
SURVEY,CROPS,FIELD CROPS,CORN,ALL CLASSES,ALL PRODUCTION PRACTICES,GRAIN,PRICE RECEIVED,$ / BU,"CORN, GRAIN - PRICE RECEIVED, MEASURED IN $ / BU",TOTAL,NOT SPECIFIED,NATIONAL,,99,US,US TOTAL,,,,,,,,0,,,9000,UNITED STATES,US TOTAL,1924,MONTHLY,10,10,OCT,,2012-01-01 00:00:00.000,1.09,
SURVEY,CROPS,FIELD CROPS,CORN,ALL CLASSES,ALL PRODUCTION PRACTICES,GRAIN,PRICE RECEIVED,$ / BU,"CORN, GRAIN - PRICE RECEIVED, MEASURED IN $ / BU",TOTAL,NOT SPECIFIED,NATIONAL,,99,US,US TOTAL,,,,,,,,0,,,9000,UNITED STATES,US TOTAL,1924,MONTHLY,11,11,NOV,,2012-01-01 00:00:00.000,0.996,
SURVEY,CROPS,FIELD CROPS,CORN,ALL CLASSES,ALL PRODUCTION PRACTICES,GRAIN,PRICE RECEIVED,$ / BU,"CORN, GRAIN - PRICE RECEIVED, MEASURED IN $ / BU",TOTAL,NOT SPECIFIED,NATIONAL,,99,US,US TOTAL,,,,,,,,0,,,9000,UNITED STATES,US TOTAL,1924,MONTHLY,12,12,DEC,,2012-01-01 00:00:00.000,1.06,
SURVEY,CROPS,FIELD CROPS,CORN,ALL CLASSES,ALL PRODUCTION PRACTICES,GRAIN,PRICE RECEIVED,$ / BU,"CORN, GRAIN - PRICE RECEIVED, MEASURED IN $ / BU",TOTAL,NOT SPECIFIED,NATIONAL,,99,US,US TOTAL,,,,,,,,0,,,9000,UNITED STATES,US TOTAL,1923,ANNUAL,0,0,MARKETING YEAR,,2012-01-01 00:00:00.000,0.76,
SURVEY,CROPS,FIELD CROPS,CORN,ALL CLASSES,ALL PRODUCTION PRACTICES,GRAIN,PRICE RECEIVED,$ / BU,"CORN, GRAIN - PRICE RECEIVED, MEASURED IN $ / BU",TOTAL,NOT SPECIFIED,NATIONAL,,99,US,US TOTAL,,,,,,,,0,,,9000,UNITED STATES,US TOTAL,1923,MONTHLY,1,1,JAN,,2012-01-01 00:00:00.000,0.702,
SURVEY,CROPS,FIELD CROPS,CORN,ALL CLASSES,ALL PRODUCTION PRACTICES,GRAIN,PRICE RECEIVED,$ / BU,"CORN, GRAIN - PRICE RECEIVED, MEASURED IN $ / BU",TOTAL,NOT SPECIFIED,NATIONAL,,99,US,US TOTAL,,,,,,,,0,,,9000,UNITED STATES,US TOTAL,1923,MONTHLY,2,2,FEB,,2012-01-01 00:00:00.000,0.725,
SURVEY,CROPS,FIELD CROPS,CORN,ALL CLASSES,ALL PRODUCTION PRACTICES,GRAIN,PRICE RECEIVED,$ / BU,"CORN, GRAIN - PRICE RECEIVED, MEASURED IN $ / BU",TOTAL,NOT SPECIFIED,NATIONAL,,99,US,US TOTAL,,,,,,,,0,,,9000,UNITED STATES,US TOTAL,1923,MONTHLY,3,3,MAR,,2012-01-01 00:00:00.000,0.753,
SURVEY,CROPS,FIELD CROPS,CORN,ALL CLASSES,ALL PRODUCTION PRACTICES,GRAIN,PRICE RECEIVED,$ / BU,"CORN, GRAIN - PRICE RECEIVED, MEASURED IN $ / BU",TOTAL,NOT SPECIFIED,NATIONAL,,99,US,US TOTAL,,,,,,,,0,,,9000,UNITED STATES,US TOTAL,1923,MONTHLY,4,4,APR,,2012-01-01 00:00:00.000,0.796,
SURVEY,CROPS,FIELD CROPS,CORN,ALL CLASSES,ALL PRODUCTION PRACTICES,GRAIN,PRICE RECEIVED,$ / BU,"CORN, GRAIN - PRICE RECEIVED, MEASURED IN $ / BU",TOTAL,NOT SPECIFIED,NATIONAL,,99,US,US TOTAL,,,,,,,,0,,,9000,UNITED STATES,US TOTAL,1923,MONTHLY,5,5,MAY,,2012-01-01 00:00:00.000,0.84,
SURVEY,CROPS,FIELD CROPS,CORN,ALL CLASSES,ALL PRODUCTION PRACTICES,GRAIN,PRICE RECEIVED,$ / BU,"CORN, GRAIN - PRICE RECEIVED, MEASURED IN $ / BU",TOTAL,NOT SPECIFIED,NATIONAL,,99,US,US TOTAL,,,,,,,,0,,,9000,UNITED STATES,US TOTAL,1923,MONTHLY,6,6,JUN,,2012-01-01 00:00:00.000,0.858,
SURVEY,CROPS,FIELD CROPS,CORN,ALL CLASSES,ALL PRODUCTION PRACTICES,GRAIN,PRICE RECEIVED,$ / BU,"CORN, GRAIN - PRICE RECEIVED, MEASURED IN $ / BU",TOTAL,NOT SPECIFIED,NATIONAL,,99,US,US TOTAL,,,,,,,,0,,,9000,UNITED STATES,US TOTAL,1923,MONTHLY,7,7,JUL,,2012-01-01 00:00:00.000,0.87,
SURVEY,CROPS,FIELD CROPS,CORN,ALL CLASSES,ALL PRODUCTION PRACTICES,GRAIN,PRICE RECEIVED,$ / BU,"CORN, GRAIN - PRICE RECEIVED, MEASURED IN $ / BU",TOTAL,NOT SPECIFIED,NATIONAL,,99,US,US TOTAL,,,,,,,,0,,,9000,UNITED STATES,US TOTAL,1923,MONTHLY,8,8,AUG,,2012-01-01 00:00:00.000,0.87,
SURVEY,CROPS,FIELD CROPS,CORN,ALL CLASSES,ALL PRODUCTION PRACTICES,GRAIN,PRICE RECEIVED,$ / BU,"CORN, GRAIN - PRICE RECEIVED, MEASURED IN $ / BU",TOTAL,NOT SPECIFIED,NATIONAL,,99,US,US TOTAL,,,,,,,,0,,,9000,UNITED STATES,US TOTAL,1923,MONTHLY,9,9,SEP,,2012-01-01 00:00:00.000,0.862,
SURVEY,CROPS,FIELD CROPS,CORN,ALL CLASSES,ALL PRODUCTION PRACTICES,GRAIN,PRICE RECEIVED,$ / BU,"CORN, GRAIN - PRICE RECEIVED, MEASURED IN $ / BU",TOTAL,NOT SPECIFIED,NATIONAL,,99,US,US TOTAL,,,,,,,,0,,,9000,UNITED STATES,US TOTAL,1923,MONTHLY,10,10,OCT,,2012-01-01 00:00:00.000,0.848,
SURVEY,CROPS,FIELD CROPS,CORN,ALL CLASSES,ALL PRODUCTION PRACTICES,GRAIN,PRICE RECEIVED,$ / BU,"CORN, GRAIN - PRICE RECEIVED, MEASURED IN $ / BU",TOTAL,NOT SPECIFIED,NATIONAL,,99,US,US TOTAL,,,,,,,,0,,,9000,UNITED STATES,US TOTAL,1923,MONTHLY,11,11,NOV,,2012-01-01 00:00:00.000,0.783,
SURVEY,CROPS,FIELD CROPS,CORN,ALL CLASSES,ALL PRODUCTION PRACTICES,GRAIN,PRICE RECEIVED,$ / BU,"CORN, GRAIN - PRICE RECEIVED, MEASURED IN $ / BU",TOTAL,NOT SPECIFIED,NATIONAL,,99,US,US TOTAL,,,,,,,,0,,,9000,UNITED STATES,US TOTAL,1923,MONTHLY,12,12,DEC,,2012-01-01 00:00:00.000,0.722,
SURVEY,CROPS,FIELD CROPS,CORN,ALL CLASSES,ALL PRODUCTION PRACTICES,GRAIN,PRICE RECEIVED,$ / BU,"CORN, GRAIN - PRICE RECEIVED, MEASURED IN $ / BU",TOTAL,NOT SPECIFIED,NATIONAL,,99,US,US TOTAL,,,,,,,,0,,,9000,UNITED STATES,US TOTAL,1922,ANNUAL,0,0,MARKETING YEAR,,2012-01-01 00:00:00.000,0.688,
SURVEY,CROPS,FIELD CROPS,CORN,ALL CLASSES,ALL PRODUCTION PRACTICES,GRAIN,PRICE RECEIVED,$ / BU,"CORN, GRAIN - PRICE RECEIVED, MEASURED IN $ / BU",TOTAL,NOT SPECIFIED,NATIONAL,,99,US,US TOTAL,,,,,,,,0,,,9000,UNITED STATES,US TOTAL,1922,MONTHLY,1,1,JAN,,2012-01-01 00:00:00.000,0.446,
SURVEY,CROPS,FIELD CROPS,CORN,ALL CLASSES,ALL PRODUCTION PRACTICES,GRAIN,PRICE RECEIVED,$ / BU,"CORN, GRAIN - PRICE RECEIVED, MEASURED IN $ / BU",TOTAL,NOT SPECIFIED,NATIONAL,,99,US,US TOTAL,,,,,,,,0,,,9000,UNITED STATES,US TOTAL,1922,MONTHLY,2,2,FEB,,2012-01-01 00:00:00.000,0.503,
SURVEY,CROPS,FIELD CROPS,CORN,ALL CLASSES,ALL PRODUCTION PRACTICES,GRAIN,PRICE RECEIVED,$ / BU,"CORN, GRAIN - PRICE RECEIVED, MEASURED IN $ / BU",TOTAL,NOT SPECIFIED,NATIONAL,,99,US,US TOTAL,,,,,,,,0,,,9000,UNITED STATES,US TOTAL,1922,MONTHLY,3,3,MAR,,2012-01-01 00:00:00.000,0.558,
SURVEY,CROPS,FIELD CROPS,CORN,ALL CLASSES,ALL PRODUCTION PRACTICES,GRAIN,PRICE RECEIVED,$ / BU,"CORN, GRAIN - PRICE RECEIVED, MEASURED IN $ / BU",TOTAL,NOT SPECIFIED,NATIONAL,,99,US,US TOTAL,,,,,,,,0,,,9000,UNITED STATES,US TOTAL,1922,MONTHLY,4,4,APR,,2012-01-01 00:00:00.000,0.583,
SURVEY,CROPS,FIELD CROPS,CORN,ALL CLASSES,ALL PRODUCTION PRACTICES,GRAIN,PRICE RECEIVED,$ / BU,"CORN, GRAIN - PRICE RECEIVED, MEASURED IN $ / BU",TOTAL,NOT SPECIFIED,NATIONAL,,99,US,US TOTAL,,,,,,,,0,,,9000,UNITED STATES,US TOTAL,1922,MONTHLY,5,5,MAY,,2012-01-01 00:00:00.000,0.606,
SURVEY,CROPS,FIELD CROPS,CORN,ALL CLASSES,ALL PRODUCTION PRACTICES,GRAIN,PRICE RECEIVED,$ / BU,"CORN, GRAIN - PRICE RECEIVED, MEASURED IN $ / BU",TOTAL,NOT SPECIFIED,NATIONAL,,99,US,US TOTAL,,,,,,,,0,,,9000,UNITED STATES,US TOTAL,1922,MONTHLY,6,6,JUN,,2012-01-01 00:00:00.000,0.619,
SURVEY,CROPS,FIELD CROPS,CORN,ALL CLASSES,ALL PRODUCTION PRACTICES,GRAIN,PRICE RECEIVED,$ / BU,"CORN, GRAIN - PRICE RECEIVED, MEASURED IN $ / BU",TOTAL,NOT SPECIFIED,NATIONAL,,99,US,US TOTAL,,,,,,,,0,,,9000,UNITED STATES,US TOTAL,1922,MONTHLY,7,7,JUL,,2012-01-01 00:00:00.000,0.633,
SURVEY,CROPS,FIELD CROPS,CORN,ALL CLASSES,ALL PRODUCTION PRACTICES,GRAIN,PRICE RECEIVED,$ / BU,"CORN, GRAIN - PRICE RECEIVED, MEASURED IN $ / BU",TOTAL,NOT SPECIFIED,NATIONAL,,99,US,US TOTAL,,,,,,,,0,,,9000,UNITED STATES,US TOTAL,1922,MONTHLY,8,8,AUG,,2012-01-01 00:00:00.000,0.636,
SURVEY,CROPS,FIELD CROPS,CORN,ALL CLASSES,ALL PRODUCTION PRACTICES,GRAIN,PRICE RECEIVED,$ / BU,"CORN, GRAIN - PRICE RECEIVED, MEASURED IN $ / BU",TOTAL,NOT SPECIFIED,NATIONAL,,99,US,US TOTAL,,,,,,,,0,,,9000,UNITED STATES,US TOTAL,1922,MONTHLY,9,9,SEP,,2012-01-01 00:00:00.000,0.622,
SURVEY,CROPS,FIELD CROPS,CORN,ALL CLASSES,ALL PRODUCTION PRACTICES,GRAIN,PRICE RECEIVED,$ / BU,"CORN, GRAIN - PRICE RECEIVED, MEASURED IN $ / BU",TOTAL,NOT SPECIFIED,NATIONAL,,99,US,US TOTAL,,,,,,,,0,,,9000,UNITED STATES,US TOTAL,1922,MONTHLY,10,10,OCT,,2012-01-01 00:00:00.000,0.622,
SURVEY,CROPS,FIELD CROPS,CORN,ALL CLASSES,ALL PRODUCTION PRACTICES,GRAIN,PRICE RECEIVED,$ / BU,"CORN, GRAIN - PRICE RECEIVED, MEASURED IN $ / BU",TOTAL,NOT SPECIFIED,NATIONAL,,99,US,US TOTAL,,,,,,,,0,,,9000,UNITED STATES,US TOTAL,1922,MONTHLY,11,11,NOV,,2012-01-01 00:00:00.000,0.644,
SURVEY,CROPS,FIELD CROPS,CORN,ALL CLASSES,ALL PRODUCTION PRACTICES,GRAIN,PRICE RECEIVED,$ / BU,"CORN, GRAIN - PRICE RECEIVED, MEASURED IN $ / BU",TOTAL,NOT SPECIFIED,NATIONAL,,99,US,US TOTAL,,,,,,,,0,,,9000,UNITED STATES,US TOTAL,1922,MONTHLY,12,12,DEC,,2012-01-01 00:00:00.000,0.676,
SURVEY,CROPS,FIELD CROPS,CORN,ALL CLASSES,ALL PRODUCTION PRACTICES,GRAIN,PRICE RECEIVED,$ / BU,"CORN, GRAIN - PRICE RECEIVED, MEASURED IN $ / BU",TOTAL,NOT SPECIFIED,NATIONAL,,99,US,US TOTAL,,,,,,,,0,,,9000,UNITED STATES,US TOTAL,1921,ANNUAL,0,0,MARKETING YEAR,,2012-01-01 00:00:00.000,0.464,
SURVEY,CROPS,FIELD CROPS,CORN,ALL CLASSES,ALL PRODUCTION PRACTICES,GRAIN,PRICE RECEIVED,$ / BU,"CORN, GRAIN - PRICE RECEIVED, MEASURED IN $ / BU",TOTAL,NOT SPECIFIED,NATIONAL,,99,US,US TOTAL,,,,,,,,0,,,9000,UNITED STATES,US TOTAL,1921,MONTHLY,1,1,JAN,,2012-01-01 00:00:00.000,0.646,
SURVEY,CROPS,FIELD CROPS,CORN,ALL CLASSES,ALL PRODUCTION PRACTICES,GRAIN,PRICE RECEIVED,$ / BU,"CORN, GRAIN - PRICE RECEIVED, MEASURED IN $ / BU",TOTAL,NOT SPECIFIED,NATIONAL,,99,US,US TOTAL,,,,,,,,0,,,9000,UNITED STATES,US TOTAL,1921,MONTHLY,2,2,FEB,,2012-01-01 00:00:00.000,0.634,
SURVEY,CROPS,FIELD CROPS,CORN,ALL CLASSES,ALL PRODUCTION PRACTICES,GRAIN,PRICE RECEIVED,$ / BU,"CORN, GRAIN - PRICE RECEIVED, MEASURED IN $ / BU",TOTAL,NOT SPECIFIED,NATIONAL,,99,US,US TOTAL,,,,,,,,0,,,9000,UNITED STATES,US TOTAL,1921,MONTHLY,3,3,MAR,,2012-01-01 00:00:00.000,0.638,
SURVEY,CROPS,FIELD CROPS,CORN,ALL CLASSES,ALL PRODUCTION PRACTICES,GRAIN,PRICE RECEIVED,$ / BU,"CORN, GRAIN - PRICE RECEIVED, MEASURED IN $ / BU",TOTAL,NOT SPECIFIED,NATIONAL,,99,US,US TOTAL,,,,,,,,0,,,9000,UNITED STATES,US TOTAL,1921,MONTHLY,4,4,APR,,2012-01-01 00:00:00.000,0.612,
SURVEY,CROPS,FIELD CROPS,CORN,ALL CLASSES,ALL PRODUCTION PRACTICES,GRAIN,PRICE RECEIVED,$ / BU,"CORN, GRAIN - PRICE RECEIVED, MEASURED IN $ / BU",TOTAL,NOT SPECIFIED,NATIONAL,,99,US,US TOTAL,,,,,,,,0,,,9000,UNITED STATES,US TOTAL,1921,MONTHLY,5,5,MAY,,2012-01-01 00:00:00.000,0.61,
SURVEY,CROPS,FIELD CROPS,CORN,ALL CLASSES,ALL PRODUCTION PRACTICES,GRAIN,PRICE RECEIVED,$ / BU,"CORN, GRAIN - PRICE RECEIVED, MEASURED IN $ / BU",TOTAL,NOT SPECIFIED,NATIONAL,,99,US,US TOTAL,,,,,,,,0,,,9000,UNITED STATES,US TOTAL,1921,MONTHLY,6,6,JUN,,2012-01-01 00:00:00.000,0.624,
SURVEY,CROPS,FIELD CROPS,CORN,ALL CLASSES,ALL PRODUCTION PRACTICES,GRAIN,PRICE RECEIVED,$ / BU,"CORN, GRAIN - PRICE RECEIVED, MEASURED IN $ / BU",TOTAL,NOT SPECIFIED,NATIONAL,,99,US,US TOTAL,,,,,,,,0,,,9000,UNITED STATES,US TOTAL,1921,MONTHLY,7,7,JUL,,2012-01-01 00:00:00.000,0.62,
SURVEY,CROPS,FIELD CROPS,CORN,ALL CLASSES,ALL PRODUCTION PRACTICES,GRAIN,PRICE RECEIVED,$ / BU,"CORN, GRAIN - PRICE RECEIVED, MEASURED IN $ / BU",TOTAL,NOT SPECIFIED,NATIONAL,,99,US,US TOTAL,,,,,,,,0,,,9000,UNITED STATES,US TOTAL,1921,MONTHLY,8,8,AUG,,2012-01-01 00:00:00.000,0.59,
SURVEY,CROPS,FIELD CROPS,CORN,ALL CLASSES,ALL PRODUCTION PRACTICES,GRAIN,PRICE RECEIVED,$ / BU,"CORN, GRAIN - PRICE RECEIVED, MEASURED IN $ / BU",TOTAL,NOT SPECIFIED,NATIONAL,,99,US,US TOTAL,,,,,,,,0,,,9000,UNITED STATES,US TOTAL,1921,MONTHLY,9,9,SEP,,2012-01-01 00:00:00.000,0.536,
SURVEY,CROPS,FIELD CROPS,CORN,ALL CLASSES,ALL PRODUCTION PRACTICES,GRAIN,PRICE RECEIVED,$ / BU,"CORN, GRAIN - PRICE RECEIVED, MEASURED IN $ / BU",TOTAL,NOT SPECIFIED,NATIONAL,,99,US,US TOTAL,,,,,,,,0,,,9000,UNITED STATES,US TOTAL,1921,MONTHLY,10,10,OCT,,2012-01-01 00:00:00.000,0.46,
SURVEY,CROPS,FIELD CROPS,CORN,ALL CLASSES,ALL PRODUCTION PRACTICES,GRAIN,PRICE RECEIVED,$ / BU,"CORN, GRAIN - PRICE RECEIVED, MEASURED IN $ / BU",TOTAL,NOT SPECIFIED,NATIONAL,,99,US,US TOTAL,,,,,,,,0,,,9000,UNITED STATES,US TOTAL,1921,MONTHLY,11,11,NOV,,2012-01-01 00:00:00.000,0.417,
SURVEY,CROPS,FIELD CROPS,CORN,ALL CLASSES,ALL PRODUCTION PRACTICES,GRAIN,PRICE RECEIVED,$ / BU,"CORN, GRAIN - PRICE RECEIVED, MEASURED IN $ / BU",TOTAL,NOT SPECIFIED,NATIONAL,,99,US,US TOTAL,,,,,,,,0,,,9000,UNITED STATES,US TOTAL,1921,MONTHLY,12,12,DEC,,2012-01-01 00:00:00.000,0.428,
SURVEY,CROPS,FIELD CROPS,CORN,ALL CLASSES,ALL PRODUCTION PRACTICES,GRAIN,PRICE RECEIVED,$ / BU,"CORN, GRAIN - PRICE RECEIVED, MEASURED IN $ / BU",TOTAL,NOT SPECIFIED,NATIONAL,,99,US,US TOTAL,,,,,,,,0,,,9000,UNITED STATES,US TOTAL,1920,ANNUAL,0,0,MARKETING YEAR,,2012-01-01 00:00:00.000,0.54,
SURVEY,CROPS,FIELD CROPS,CORN,ALL CLASSES,ALL PRODUCTION PRACTICES,GRAIN,PRICE RECEIVED,$ / BU,"CORN, GRAIN - PRICE RECEIVED, MEASURED IN $ / BU",TOTAL,NOT SPECIFIED,NATIONAL,,99,US,US TOTAL,,,,,,,,0,,,9000,UNITED STATES,US TOTAL,1920,MONTHLY,1,1,JAN,,2012-01-01 00:00:00.000,1.44,
SURVEY,CROPS,FIELD CROPS,CORN,ALL CLASSES,ALL PRODUCTION PRACTICES,GRAIN,PRICE RECEIVED,$ / BU,"CORN, GRAIN - PRICE RECEIVED, MEASURED IN $ / BU",TOTAL,NOT SPECIFIED,NATIONAL,,99,US,US TOTAL,,,,,,,,0,,,9000,UNITED STATES,US TOTAL,1920,MONTHLY,2,2,FEB,,2012-01-01 00:00:00.000,1.48,
SURVEY,CROPS,FIELD CROPS,CORN,ALL CLASSES,ALL PRODUCTION PRACTICES,GRAIN,PRICE RECEIVED,$ / BU,"CORN, GRAIN - PRICE RECEIVED, MEASURED IN $ / BU",TOTAL,NOT SPECIFIED,NATIONAL,,99,US,US TOTAL,,,,,,,,0,,,9000,UNITED STATES,US TOTAL,1920,MONTHLY,3,3,MAR,,2012-01-01 00:00:00.000,1.54,
SURVEY,CROPS,FIELD CROPS,CORN,ALL CLASSES,ALL PRODUCTION PRACTICES,GRAIN,PRICE RECEIVED,$ / BU,"CORN, GRAIN - PRICE RECEIVED, MEASURED IN $ / BU",TOTAL,NOT SPECIFIED,NATIONAL,,99,US,US TOTAL,,,,,,,,0,,,9000,UNITED STATES,US TOTAL,1920,MONTHLY,4,4,APR,,2012-01-01 00:00:00.000,1.64,
SURVEY,CROPS,FIELD CROPS,CORN,ALL CLASSES,ALL PRODUCTION PRACTICES,GRAIN,PRICE RECEIVED,$ / BU,"CORN, GRAIN - PRICE RECEIVED, MEASURED IN $ / BU",TOTAL,NOT SPECIFIED,NATIONAL,,99,US,US TOTAL,,,,,,,,0,,,9000,UNITED STATES,US TOTAL,1920,MONTHLY,5,5,MAY,,2012-01-01 00:00:00.000,1.77,
SURVEY,CROPS,FIELD CROPS,CORN,ALL CLASSES,ALL PRODUCTION PRACTICES,GRAIN,PRICE RECEIVED,$ / BU,"CORN, GRAIN - PRICE RECEIVED, MEASURED IN $ / BU",TOTAL,NOT SPECIFIED,NATIONAL,,99,US,US TOTAL,,,,,,,,0,,,9000,UNITED STATES,US TOTAL,1920,MONTHLY,6,6,JUN,,2012-01-01 00:00:00.000,1.85,
SURVEY,CROPS,FIELD CROPS,CORN,ALL CLASSES,ALL PRODUCTION PRACTICES,GRAIN,PRICE RECEIVED,$ / BU,"CORN, GRAIN - PRICE RECEIVED, MEASURED IN $ / BU",TOTAL,NOT SPECIFIED,NATIONAL,,99,US,US TOTAL,,,,,,,,0,,,9000,UNITED STATES,US TOTAL,1920,MONTHLY,7,7,JUL,,2012-01-01 00:00:00.000,1.75,
SURVEY,CROPS,FIELD CROPS,CORN,ALL CLASSES,ALL PRODUCTION PRACTICES,GRAIN,PRICE RECEIVED,$ / BU,"CORN, GRAIN - PRICE RECEIVED, MEASURED IN $ / BU",TOTAL,NOT SPECIFIED,NATIONAL,,99,US,US TOTAL,,,,,,,,0,,,9000,UNITED STATES,US TOTAL,1920,MONTHLY,8,8,AUG,,2012-01-01 00:00:00.000,1.6,
SURVEY,CROPS,FIELD CROPS,CORN,ALL CLASSES,ALL PRODUCTION PRACTICES,GRAIN,PRICE RECEIVED,$ / BU,"CORN, GRAIN - PRICE RECEIVED, MEASURED IN $ / BU",TOTAL,NOT SPECIFIED,NATIONAL,,99,US,US TOTAL,,,,,,,,0,,,9000,UNITED STATES,US TOTAL,1920,MONTHLY,9,9,SEP,,2012-01-01 00:00:00.000,1.38,
SURVEY,CROPS,FIELD CROPS,CORN,ALL CLASSES,ALL PRODUCTION PRACTICES,GRAIN,PRICE RECEIVED,$ / BU,"CORN, GRAIN - PRICE RECEIVED, MEASURED IN $ / BU",TOTAL,NOT SPECIFIED,NATIONAL,,99,US,US TOTAL,,,,,,,,0,,,9000,UNITED STATES,US TOTAL,1920,MONTHLY,10,10,OCT,,2012-01-01 00:00:00.000,1.04,
SURVEY,CROPS,FIELD CROPS,CORN,ALL CLASSES,ALL PRODUCTION PRACTICES,GRAIN,PRICE RECEIVED,$ / BU,"CORN, GRAIN - PRICE RECEIVED, MEASURED IN $ / BU",TOTAL,NOT SPECIFIED,NATIONAL,,99,US,US TOTAL,,,,,,,,0,,,9000,UNITED STATES,US TOTAL,1920,MONTHLY,11,11,NOV,,2012-01-01 00:00:00.000,0.772,
SURVEY,CROPS,FIELD CROPS,CORN,ALL CLASSES,ALL PRODUCTION PRACTICES,GRAIN,PRICE RECEIVED,$ / BU,"CORN, GRAIN - PRICE RECEIVED, MEASURED IN $ / BU",TOTAL,NOT SPECIFIED,NATIONAL,,99,US,US TOTAL,,,,,,,,0,,,9000,UNITED STATES,US TOTAL,1920,MONTHLY,12,12,DEC,,2012-01-01 00:00:00.000,0.668,
SURVEY,CROPS,FIELD CROPS,CORN,ALL CLASSES,ALL PRODUCTION PRACTICES,GRAIN,PRICE RECEIVED,$ / BU,"CORN, GRAIN - PRICE RECEIVED, MEASURED IN $ / BU",TOTAL,NOT SPECIFIED,NATIONAL,,99,US,US TOTAL,,,,,,,,0,,,9000,UNITED STATES,US TOTAL,1919,ANNUAL,0,0,MARKETING YEAR,,2012-01-01 00:00:00.000,1.44,
SURVEY,CROPS,FIELD CROPS,CORN,ALL CLASSES,ALL PRODUCTION PRACTICES,GRAIN,PRICE RECEIVED,$ / BU,"CORN, GRAIN - PRICE RECEIVED, MEASURED IN $ / BU",TOTAL,NOT SPECIFIED,NATIONAL,,99,US,US TOTAL,,,,,,,,0,,,9000,UNITED STATES,US TOTAL,1919,MONTHLY,1,1,JAN,,2012-01-01 00:00:00.000,1.41,
SURVEY,CROPS,FIELD CROPS,CORN,ALL CLASSES,ALL PRODUCTION PRACTICES,GRAIN,PRICE RECEIVED,$ / BU,"CORN, GRAIN - PRICE RECEIVED, MEASURED IN $ / BU",TOTAL,NOT SPECIFIED,NATIONAL,,99,US,US TOTAL,,,,,,,,0,,,9000,UNITED STATES,US TOTAL,1919,MONTHLY,2,2,FEB,,2012-01-01 00:00:00.000,1.38,
SURVEY,CROPS,FIELD CROPS,CORN,ALL CLASSES,ALL PRODUCTION PRACTICES,GRAIN,PRICE RECEIVED,$ / BU,"CORN, GRAIN - PRICE RECEIVED, MEASURED IN $ / BU",TOTAL,NOT SPECIFIED,NATIONAL,,99,US,US TOTAL,,,,,,,,0,,,9000,UNITED STATES,US TOTAL,1919,MONTHLY,3,3,MAR,,2012-01-01 00:00:00.000,1.43,
SURVEY,CROPS,FIELD CROPS,CORN,ALL CLASSES,ALL PRODUCTION PRACTICES,GRAIN,PRICE RECEIVED,$ / BU,"CORN, GRAIN - PRICE RECEIVED, MEASURED IN $ / BU",TOTAL,NOT SPECIFIED,NATIONAL,,99,US,US TOTAL,,,,,,,,0,,,9000,UNITED STATES,US TOTAL,1919,MONTHLY,4,4,APR,,2012-01-01 00:00:00.000,1.56,
SURVEY,CROPS,FIELD CROPS,CORN,ALL CLASSES,ALL PRODUCTION PRACTICES,GRAIN,PRICE RECEIVED,$ / BU,"CORN, GRAIN - PRICE RECEIVED, MEASURED IN $ / BU",TOTAL,NOT SPECIFIED,NATIONAL,,99,US,US TOTAL,,,,,,,,0,,,9000,UNITED STATES,US TOTAL,1919,MONTHLY,5,5,MAY,,2012-01-01 00:00:00.000,1.67,
SURVEY,CROPS,FIELD CROPS,CORN,ALL CLASSES,ALL PRODUCTION PRACTICES,GRAIN,PRICE RECEIVED,$ / BU,"CORN, GRAIN - PRICE RECEIVED, MEASURED IN $ / BU",TOTAL,NOT SPECIFIED,NATIONAL,,99,US,US TOTAL,,,,,,,,0,,,9000,UNITED STATES,US TOTAL,1919,MONTHLY,6,6,JUN,,2012-01-01 00:00:00.000,1.74,
SURVEY,CROPS,FIELD CROPS,CORN,ALL CLASSES,ALL PRODUCTION PRACTICES,GRAIN,PRICE RECEIVED,$ / BU,"CORN, GRAIN - PRICE RECEIVED, MEASURED IN $ / BU",TOTAL,NOT SPECIFIED,NATIONAL,,99,US,US TOTAL,,,,,,,,0,,,9000,UNITED STATES,US TOTAL,1919,MONTHLY,7,7,JUL,,2012-01-01 00:00:00.000,1.84,
SURVEY,CROPS,FIELD CROPS,CORN,ALL CLASSES,ALL PRODUCTION PRACTICES,GRAIN,PRICE RECEIVED,$ / BU,"CORN, GRAIN - PRICE RECEIVED, MEASURED IN $ / BU",TOTAL,NOT SPECIFIED,NATIONAL,,99,US,US TOTAL,,,,,,,,0,,,9000,UNITED STATES,US TOTAL,1919,MONTHLY,8,8,AUG,,2012-01-01 00:00:00.000,1.88,
SURVEY,CROPS,FIELD CROPS,CORN,ALL CLASSES,ALL PRODUCTION PRACTICES,GRAIN,PRICE RECEIVED,$ / BU,"CORN, GRAIN - PRICE RECEIVED, MEASURED IN $ / BU",TOTAL,NOT SPECIFIED,NATIONAL,,99,US,US TOTAL,,,,,,,,0,,,9000,UNITED STATES,US TOTAL,1919,MONTHLY,9,9,SEP,,2012-01-01 00:00:00.000,1.7,
SURVEY,CROPS,FIELD CROPS,CORN,ALL CLASSES,ALL PRODUCTION PRACTICES,GRAIN,PRICE RECEIVED,$ / BU,"CORN, GRAIN - PRICE RECEIVED, MEASURED IN $ / BU",TOTAL,NOT SPECIFIED,NATIONAL,,99,US,US TOTAL,,,,,,,,0,,,9000,UNITED STATES,US TOTAL,1919,MONTHLY,10,10,OCT,,2012-01-01 00:00:00.000,1.44,
SURVEY,CROPS,FIELD CROPS,CORN,ALL CLASSES,ALL PRODUCTION PRACTICES,GRAIN,PRICE RECEIVED,$ / BU,"CORN, GRAIN - PRICE RECEIVED, MEASURED IN $ / BU",TOTAL,NOT SPECIFIED,NATIONAL,,99,US,US TOTAL,,,,,,,,0,,,9000,UNITED STATES,US TOTAL,1919,MONTHLY,11,11,NOV,,2012-01-01 00:00:00.000,1.34,
SURVEY,CROPS,FIELD CROPS,CORN,ALL CLASSES,ALL PRODUCTION PRACTICES,GRAIN,PRICE RECEIVED,$ / BU,"CORN, GRAIN - PRICE RECEIVED, MEASURED IN $ / BU",TOTAL,NOT SPECIFIED,NATIONAL,,99,US,US TOTAL,,,,,,,,0,,,9000,UNITED STATES,US TOTAL,1919,MONTHLY,12,12,DEC,,2012-01-01 00:00:00.000,1.37,
SURVEY,CROPS,FIELD CROPS,CORN,ALL CLASSES,ALL PRODUCTION PRACTICES,GRAIN,PRICE RECEIVED,$ / BU,"CORN, GRAIN - PRICE RECEIVED, MEASURED IN $ / BU",TOTAL,NOT SPECIFIED,NATIONAL,,99,US,US TOTAL,,,,,,,,0,,,9000,UNITED STATES,US TOTAL,1918,ANNUAL,0,0,MARKETING YEAR,,2012-01-01 00:00:00.000,1.45,
SURVEY,CROPS,FIELD CROPS,CORN,ALL CLASSES,ALL PRODUCTION PRACTICES,GRAIN,PRICE RECEIVED,$ / BU,"CORN, GRAIN - PRICE RECEIVED, MEASURED IN $ / BU",TOTAL,NOT SPECIFIED,NATIONAL,,99,US,US TOTAL,,,,,,,,0,,,9000,UNITED STATES,US TOTAL,1918,MONTHLY,1,1,JAN,,2012-01-01 00:00:00.000,1.37,
SURVEY,CROPS,FIELD CROPS,CORN,ALL CLASSES,ALL PRODUCTION PRACTICES,GRAIN,PRICE RECEIVED,$ / BU,"CORN, GRAIN - PRICE RECEIVED, MEASURED IN $ / BU",TOTAL,NOT SPECIFIED,NATIONAL,,99,US,US TOTAL,,,,,,,,0,,,9000,UNITED STATES,US TOTAL,1918,MONTHLY,2,2,FEB,,2012-01-01 00:00:00.000,1.47,
SURVEY,CROPS,FIELD CROPS,CORN,ALL CLASSES,ALL PRODUCTION PRACTICES,GRAIN,PRICE RECEIVED,$ / BU,"CORN, GRAIN - PRICE RECEIVED, MEASURED IN $ / BU",TOTAL,NOT SPECIFIED,NATIONAL,,99,US,US TOTAL,,,,,,,,0,,,9000,UNITED STATES,US TOTAL,1918,MONTHLY,3,3,MAR,,2012-01-01 00:00:00.000,1.54,
SURVEY,CROPS,FIELD CROPS,CORN,ALL CLASSES,ALL PRODUCTION PRACTICES,GRAIN,PRICE RECEIVED,$ / BU,"CORN, GRAIN - PRICE RECEIVED, MEASURED IN $ / BU",TOTAL,NOT SPECIFIED,NATIONAL,,99,US,US TOTAL,,,,,,,,0,,,9000,UNITED STATES,US TOTAL,1918,MONTHLY,4,4,APR,,2012-01-01 00:00:00.000,1.55,
SURVEY,CROPS,FIELD CROPS,CORN,ALL CLASSES,ALL PRODUCTION PRACTICES,GRAIN,PRICE RECEIVED,$ / BU,"CORN, GRAIN - PRICE RECEIVED, MEASURED IN $ / BU",TOTAL,NOT SPECIFIED,NATIONAL,,99,US,US TOTAL,,,,,,,,0,,,9000,UNITED STATES,US TOTAL,1918,MONTHLY,5,5,MAY,,2012-01-01 00:00:00.000,1.54,
SURVEY,CROPS,FIELD CROPS,CORN,ALL CLASSES,ALL PRODUCTION PRACTICES,GRAIN,PRICE RECEIVED,$ / BU,"CORN, GRAIN - PRICE RECEIVED, MEASURED IN $ / BU",TOTAL,NOT SPECIFIED,NATIONAL,,99,US,US TOTAL,,,,,,,,0,,,9000,UNITED STATES,US TOTAL,1918,MONTHLY,6,6,JUN,,2012-01-01 00:00:00.000,1.53,
SURVEY,CROPS,FIELD CROPS,CORN,ALL CLASSES,ALL PRODUCTION PRACTICES,GRAIN,PRICE RECEIVED,$ / BU,"CORN, GRAIN - PRICE RECEIVED, MEASURED IN $ / BU",TOTAL,NOT SPECIFIED,NATIONAL,,99,US,US TOTAL,,,,,,,,0,,,9000,UNITED STATES,US TOTAL,1918,MONTHLY,7,7,JUL,,2012-01-01 00:00:00.000,1.57,
SURVEY,CROPS,FIELD CROPS,CORN,ALL CLASSES,ALL PRODUCTION PRACTICES,GRAIN,PRICE RECEIVED,$ / BU,"CORN, GRAIN - PRICE RECEIVED, MEASURED IN $ / BU",TOTAL,NOT SPECIFIED,NATIONAL,,99,US,US TOTAL,,,,,,,,0,,,9000,UNITED STATES,US TOTAL,1918,MONTHLY,8,8,AUG,,2012-01-01 00:00:00.000,1.63,
SURVEY,CROPS,FIELD CROPS,CORN,ALL CLASSES,ALL PRODUCTION PRACTICES,GRAIN,PRICE RECEIVED,$ / BU,"CORN, GRAIN - PRICE RECEIVED, MEASURED IN $ / BU",TOTAL,NOT SPECIFIED,NATIONAL,,99,US,US TOTAL,,,,,,,,0,,,9000,UNITED STATES,US TOTAL,1918,MONTHLY,9,9,SEP,,2012-01-01 00:00:00.000,1.63,
SURVEY,CROPS,FIELD CROPS,CORN,ALL CLASSES,ALL PRODUCTION PRACTICES,GRAIN,PRICE RECEIVED,$ / BU,"CORN, GRAIN - PRICE RECEIVED, MEASURED IN $ / BU",TOTAL,NOT SPECIFIED,NATIONAL,,99,US,US TOTAL,,,,,,,,0,,,9000,UNITED STATES,US TOTAL,1918,MONTHLY,10,10,OCT,,2012-01-01 00:00:00.000,1.5,
SURVEY,CROPS,FIELD CROPS,CORN,ALL CLASSES,ALL PRODUCTION PRACTICES,GRAIN,PRICE RECEIVED,$ / BU,"CORN, GRAIN - PRICE RECEIVED, MEASURED IN $ / BU",TOTAL,NOT SPECIFIED,NATIONAL,,99,US,US TOTAL,,,,,,,,0,,,9000,UNITED STATES,US TOTAL,1918,MONTHLY,11,11,NOV,,2012-01-01 00:00:00.000,1.38,
SURVEY,CROPS,FIELD CROPS,CORN,ALL CLASSES,ALL PRODUCTION PRACTICES,GRAIN,PRICE RECEIVED,$ / BU,"CORN, GRAIN - PRICE RECEIVED, MEASURED IN $ / BU",TOTAL,NOT SPECIFIED,NATIONAL,,99,US,US TOTAL,,,,,,,,0,,,9000,UNITED STATES,US TOTAL,1918,MONTHLY,12,12,DEC,,2012-01-01 00:00:00.000,1.41,
SURVEY,CROPS,FIELD CROPS,CORN,ALL CLASSES,ALL PRODUCTION PRACTICES,GRAIN,PRICE RECEIVED,$ / BU,"CORN, GRAIN - PRICE RECEIVED, MEASURED IN $ / BU",TOTAL,NOT SPECIFIED,NATIONAL,,99,US,US TOTAL,,,,,,,,0,,,9000,UNITED STATES,US TOTAL,1917,ANNUAL,0,0,MARKETING YEAR,,2012-01-01 00:00:00.000,1.39,
SURVEY,CROPS,FIELD CROPS,CORN,ALL CLASSES,ALL PRODUCTION PRACTICES,GRAIN,PRICE RECEIVED,$ / BU,"CORN, GRAIN - PRICE RECEIVED, MEASURED IN $ / BU",TOTAL,NOT SPECIFIED,NATIONAL,,99,US,US TOTAL,,,,,,,,0,,,9000,UNITED STATES,US TOTAL,1917,MONTHLY,1,1,JAN,,2012-01-01 00:00:00.000,0.929,
SURVEY,CROPS,FIELD CROPS,CORN,ALL CLASSES,ALL PRODUCTION PRACTICES,GRAIN,PRICE RECEIVED,$ / BU,"CORN, GRAIN - PRICE RECEIVED, MEASURED IN $ / BU",TOTAL,NOT SPECIFIED,NATIONAL,,99,US,US TOTAL,,,,,,,,0,,,9000,UNITED STATES,US TOTAL,1917,MONTHLY,2,2,FEB,,2012-01-01 00:00:00.000,0.984,
SURVEY,CROPS,FIELD CROPS,CORN,ALL CLASSES,ALL PRODUCTION PRACTICES,GRAIN,PRICE RECEIVED,$ / BU,"CORN, GRAIN - PRICE RECEIVED, MEASURED IN $ / BU",TOTAL,NOT SPECIFIED,NATIONAL,,99,US,US TOTAL,,,,,,,,0,,,9000,UNITED STATES,US TOTAL,1917,MONTHLY,3,3,MAR,,2012-01-01 00:00:00.000,1.07,
SURVEY,CROPS,FIELD CROPS,CORN,ALL CLASSES,ALL PRODUCTION PRACTICES,GRAIN,PRICE RECEIVED,$ / BU,"CORN, GRAIN - PRICE RECEIVED, MEASURED IN $ / BU",TOTAL,NOT SPECIFIED,NATIONAL,,99,US,US TOTAL,,,,,,,,0,,,9000,UNITED STATES,US TOTAL,1917,MONTHLY,4,4,APR,,2012-01-01 00:00:00.000,1.32,
SURVEY,CROPS,FIELD CROPS,CORN,ALL CLASSES,ALL PRODUCTION PRACTICES,GRAIN,PRICE RECEIVED,$ / BU,"CORN, GRAIN - PRICE RECEIVED, MEASURED IN $ / BU",TOTAL,NOT SPECIFIED,NATIONAL,,99,US,US TOTAL,,,,,,,,0,,,9000,UNITED STATES,US TOTAL,1917,MONTHLY,5,5,MAY,,2012-01-01 00:00:00.000,1.55,
SURVEY,CROPS,FIELD CROPS,CORN,ALL CLASSES,ALL PRODUCTION PRACTICES,GRAIN,PRICE RECEIVED,$ / BU,"CORN, GRAIN - PRICE RECEIVED, MEASURED IN $ / BU",TOTAL,NOT SPECIFIED,NATIONAL,,99,US,US TOTAL,,,,,,,,0,,,9000,UNITED STATES,US TOTAL,1917,MONTHLY,6,6,JUN,,2012-01-01 00:00:00.000,1.62,
SURVEY,CROPS,FIELD CROPS,CORN,ALL CLASSES,ALL PRODUCTION PRACTICES,GRAIN,PRICE RECEIVED,$ / BU,"CORN, GRAIN - PRICE RECEIVED, MEASURED IN $ / BU",TOTAL,NOT SPECIFIED,NATIONAL,,99,US,US TOTAL,,,,,,,,0,,,9000,UNITED STATES,US TOTAL,1917,MONTHLY,7,7,JUL,,2012-01-01 00:00:00.000,1.81,
SURVEY,CROPS,FIELD CROPS,CORN,ALL CLASSES,ALL PRODUCTION PRACTICES,GRAIN,PRICE RECEIVED,$ / BU,"CORN, GRAIN - PRICE RECEIVED, MEASURED IN $ / BU",TOTAL,NOT SPECIFIED,NATIONAL,,99,US,US TOTAL,,,,,,,,0,,,9000,UNITED STATES,US TOTAL,1917,MONTHLY,8,8,AUG,,2012-01-01 00:00:00.000,1.86,
SURVEY,CROPS,FIELD CROPS,CORN,ALL CLASSES,ALL PRODUCTION PRACTICES,GRAIN,PRICE RECEIVED,$ / BU,"CORN, GRAIN - PRICE RECEIVED, MEASURED IN $ / BU",TOTAL,NOT SPECIFIED,NATIONAL,,99,US,US TOTAL,,,,,,,,0,,,9000,UNITED STATES,US TOTAL,1917,MONTHLY,9,9,SEP,,2012-01-01 00:00:00.000,1.75,
SURVEY,CROPS,FIELD CROPS,CORN,ALL CLASSES,ALL PRODUCTION PRACTICES,GRAIN,PRICE RECEIVED,$ / BU,"CORN, GRAIN - PRICE RECEIVED, MEASURED IN $ / BU",TOTAL,NOT SPECIFIED,NATIONAL,,99,US,US TOTAL,,,,,,,,0,,,9000,UNITED STATES,US TOTAL,1917,MONTHLY,10,10,OCT,,2012-01-01 00:00:00.000,1.61,
SURVEY,CROPS,FIELD CROPS,CORN,ALL CLASSES,ALL PRODUCTION PRACTICES,GRAIN,PRICE RECEIVED,$ / BU,"CORN, GRAIN - PRICE RECEIVED, MEASURED IN $ / BU",TOTAL,NOT SPECIFIED,NATIONAL,,99,US,US TOTAL,,,,,,,,0,,,9000,UNITED STATES,US TOTAL,1917,MONTHLY,11,11,NOV,,2012-01-01 00:00:00.000,1.37,
SURVEY,CROPS,FIELD CROPS,CORN,ALL CLASSES,ALL PRODUCTION PRACTICES,GRAIN,PRICE RECEIVED,$ / BU,"CORN, GRAIN - PRICE RECEIVED, MEASURED IN $ / BU",TOTAL,NOT SPECIFIED,NATIONAL,,99,US,US TOTAL,,,,,,,,0,,,9000,UNITED STATES,US TOTAL,1917,MONTHLY,12,12,DEC,,2012-01-01 00:00:00.000,1.31,
SURVEY,CROPS,FIELD CROPS,CORN,ALL CLASSES,ALL PRODUCTION PRACTICES,GRAIN,PRICE RECEIVED,$ / BU,"CORN, GRAIN - PRICE RECEIVED, MEASURED IN $ / BU",TOTAL,NOT SPECIFIED,NATIONAL,,99,US,US TOTAL,,,,,,,,0,,,9000,UNITED STATES,US TOTAL,1916,ANNUAL,0,0,MARKETING YEAR,,2012-01-01 00:00:00.000,1.13,
SURVEY,CROPS,FIELD CROPS,CORN,ALL CLASSES,ALL PRODUCTION PRACTICES,GRAIN,PRICE RECEIVED,$ / BU,"CORN, GRAIN - PRICE RECEIVED, MEASURED IN $ / BU",TOTAL,NOT SPECIFIED,NATIONAL,,99,US,US TOTAL,,,,,,,,0,,,9000,UNITED STATES,US TOTAL,1916,MONTHLY,1,1,JAN,,2012-01-01 00:00:00.000,0.644,
SURVEY,CROPS,FIELD CROPS,CORN,ALL CLASSES,ALL PRODUCTION PRACTICES,GRAIN,PRICE RECEIVED,$ / BU,"CORN, GRAIN - PRICE RECEIVED, MEASURED IN $ / BU",TOTAL,NOT SPECIFIED,NATIONAL,,99,US,US TOTAL,,,,,,,,0,,,9000,UNITED STATES,US TOTAL,1916,MONTHLY,2,2,FEB,,2012-01-01 00:00:00.000,0.674,
SURVEY,CROPS,FIELD CROPS,CORN,ALL CLASSES,ALL PRODUCTION PRACTICES,GRAIN,PRICE RECEIVED,$ / BU,"CORN, GRAIN - PRICE RECEIVED, MEASURED IN $ / BU",TOTAL,NOT SPECIFIED,NATIONAL,,99,US,US TOTAL,,,,,,,,0,,,9000,UNITED STATES,US TOTAL,1916,MONTHLY,3,3,MAR,,2012-01-01 00:00:00.000,0.692,
SURVEY,CROPS,FIELD CROPS,CORN,ALL CLASSES,ALL PRODUCTION PRACTICES,GRAIN,PRICE RECEIVED,$ / BU,"CORN, GRAIN - PRICE RECEIVED, MEASURED IN $ / BU",TOTAL,NOT SPECIFIED,NATIONAL,,99,US,US TOTAL,,,,,,,,0,,,9000,UNITED STATES,US TOTAL,1916,MONTHLY,4,4,APR,,2012-01-01 00:00:00.000,0.713,
SURVEY,CROPS,FIELD CROPS,CORN,ALL CLASSES,ALL PRODUCTION PRACTICES,GRAIN,PRICE RECEIVED,$ / BU,"CORN, GRAIN - PRICE RECEIVED, MEASURED IN $ / BU",TOTAL,NOT SPECIFIED,NATIONAL,,99,US,US TOTAL,,,,,,,,0,,,9000,UNITED STATES,US TOTAL,1916,MONTHLY,5,5,MAY,,2012-01-01 00:00:00.000,0.732,
SURVEY,CROPS,FIELD CROPS,CORN,ALL CLASSES,ALL PRODUCTION PRACTICES,GRAIN,PRICE RECEIVED,$ / BU,"CORN, GRAIN - PRICE RECEIVED, MEASURED IN $ / BU",TOTAL,NOT SPECIFIED,NATIONAL,,99,US,US TOTAL,,,,,,,,0,,,9000,UNITED STATES,US TOTAL,1916,MONTHLY,6,6,JUN,,2012-01-01 00:00:00.000,0.748,
SURVEY,CROPS,FIELD CROPS,CORN,ALL CLASSES,ALL PRODUCTION PRACTICES,GRAIN,PRICE RECEIVED,$ / BU,"CORN, GRAIN - PRICE RECEIVED, MEASURED IN $ / BU",TOTAL,NOT SPECIFIED,NATIONAL,,99,US,US TOTAL,,,,,,,,0,,,9000,UNITED STATES,US TOTAL,1916,MONTHLY,7,7,JUL,,2012-01-01 00:00:00.000,0.774,
SURVEY,CROPS,FIELD CROPS,CORN,ALL CLASSES,ALL PRODUCTION PRACTICES,GRAIN,PRICE RECEIVED,$ / BU,"CORN, GRAIN - PRICE RECEIVED, MEASURED IN $ / BU",TOTAL,NOT SPECIFIED,NATIONAL,,99,US,US TOTAL,,,,,,,,0,,,9000,UNITED STATES,US TOTAL,1916,MONTHLY,8,8,AUG,,2012-01-01 00:00:00.000,0.815,
SURVEY,CROPS,FIELD CROPS,CORN,ALL CLASSES,ALL PRODUCTION PRACTICES,GRAIN,PRICE RECEIVED,$ / BU,"CORN, GRAIN - PRICE RECEIVED, MEASURED IN $ / BU",TOTAL,NOT SPECIFIED,NATIONAL,,99,US,US TOTAL,,,,,,,,0,,,9000,UNITED STATES,US TOTAL,1916,MONTHLY,9,9,SEP,,2012-01-01 00:00:00.000,0.83,
SURVEY,CROPS,FIELD CROPS,CORN,ALL CLASSES,ALL PRODUCTION PRACTICES,GRAIN,PRICE RECEIVED,$ / BU,"CORN, GRAIN - PRICE RECEIVED, MEASURED IN $ / BU",TOTAL,NOT SPECIFIED,NATIONAL,,99,US,US TOTAL,,,,,,,,0,,,9000,UNITED STATES,US TOTAL,1916,MONTHLY,10,10,OCT,,2012-01-01 00:00:00.000,0.836,
SURVEY,CROPS,FIELD CROPS,CORN,ALL CLASSES,ALL PRODUCTION PRACTICES,GRAIN,PRICE RECEIVED,$ / BU,"CORN, GRAIN - PRICE RECEIVED, MEASURED IN $ / BU",TOTAL,NOT SPECIFIED,NATIONAL,,99,US,US TOTAL,,,,,,,,0,,,9000,UNITED STATES,US TOTAL,1916,MONTHLY,11,11,NOV,,2012-01-01 00:00:00.000,0.87,
SURVEY,CROPS,FIELD CROPS,CORN,ALL CLASSES,ALL PRODUCTION PRACTICES,GRAIN,PRICE RECEIVED,$ / BU,"CORN, GRAIN - PRICE RECEIVED, MEASURED IN $ / BU",TOTAL,NOT SPECIFIED,NATIONAL,,99,US,US TOTAL,,,,,,,,0,,,9000,UNITED STATES,US TOTAL,1916,MONTHLY,12,12,DEC,,2012-01-01 00:00:00.000,0.894,
SURVEY,CROPS,FIELD CROPS,CORN,ALL CLASSES,ALL PRODUCTION PRACTICES,GRAIN,PRICE RECEIVED,$ / BU,"CORN, GRAIN - PRICE RECEIVED, MEASURED IN $ / BU",TOTAL,NOT SPECIFIED,NATIONAL,,99,US,US TOTAL,,,,,,,,0,,,9000,UNITED STATES,US TOTAL,1915,ANNUAL,0,0,MARKETING YEAR,,2012-01-01 00:00:00.000,0.651,
SURVEY,CROPS,FIELD CROPS,CORN,ALL CLASSES,ALL PRODUCTION PRACTICES,GRAIN,PRICE RECEIVED,$ / BU,"CORN, GRAIN - PRICE RECEIVED, MEASURED IN $ / BU",TOTAL,NOT SPECIFIED,NATIONAL,,99,US,US TOTAL,,,,,,,,0,,,9000,UNITED STATES,US TOTAL,1915,MONTHLY,1,1,JAN,,2012-01-01 00:00:00.000,0.695,
SURVEY,CROPS,FIELD CROPS,CORN,ALL CLASSES,ALL PRODUCTION PRACTICES,GRAIN,PRICE RECEIVED,$ / BU,"CORN, GRAIN - PRICE RECEIVED, MEASURED IN $ / BU",TOTAL,NOT SPECIFIED,NATIONAL,,99,US,US TOTAL,,,,,,,,0,,,9000,UNITED STATES,US TOTAL,1915,MONTHLY,2,2,FEB,,2012-01-01 00:00:00.000,0.74,
SURVEY,CROPS,FIELD CROPS,CORN,ALL CLASSES,ALL PRODUCTION PRACTICES,GRAIN,PRICE RECEIVED,$ / BU,"CORN, GRAIN - PRICE RECEIVED, MEASURED IN $ / BU",TOTAL,NOT SPECIFIED,NATIONAL,,99,US,US TOTAL,,,,,,,,0,,,9000,UNITED STATES,US TOTAL,1915,MONTHLY,3,3,MAR,,2012-01-01 00:00:00.000,0.751,
SURVEY,CROPS,FIELD CROPS,CORN,ALL CLASSES,ALL PRODUCTION PRACTICES,GRAIN,PRICE RECEIVED,$ / BU,"CORN, GRAIN - PRICE RECEIVED, MEASURED IN $ / BU",TOTAL,NOT SPECIFIED,NATIONAL,,99,US,US TOTAL,,,,,,,,0,,,9000,UNITED STATES,US TOTAL,1915,MONTHLY,4,4,APR,,2012-01-01 00:00:00.000,0.764,
SURVEY,CROPS,FIELD CROPS,CORN,ALL CLASSES,ALL PRODUCTION PRACTICES,GRAIN,PRICE RECEIVED,$ / BU,"CORN, GRAIN - PRICE RECEIVED, MEASURED IN $ / BU",TOTAL,NOT SPECIFIED,NATIONAL,,99,US,US TOTAL,,,,,,,,0,,,9000,UNITED STATES,US TOTAL,1915,MONTHLY,5,5,MAY,,2012-01-01 00:00:00.000,0.778,
SURVEY,CROPS,FIELD CROPS,CORN,ALL CLASSES,ALL PRODUCTION PRACTICES,GRAIN,PRICE RECEIVED,$ / BU,"CORN, GRAIN - PRICE RECEIVED, MEASURED IN $ / BU",TOTAL,NOT SPECIFIED,NATIONAL,,99,US,US TOTAL,,,,,,,,0,,,9000,UNITED STATES,US TOTAL,1915,MONTHLY,6,6,JUN,,2012-01-01 00:00:00.000,0.778,
SURVEY,CROPS,FIELD CROPS,CORN,ALL CLASSES,ALL PRODUCTION PRACTICES,GRAIN,PRICE RECEIVED,$ / BU,"CORN, GRAIN - PRICE RECEIVED, MEASURED IN $ / BU",TOTAL,NOT SPECIFIED,NATIONAL,,99,US,US TOTAL,,,,,,,,0,,,9000,UNITED STATES,US TOTAL,1915,MONTHLY,7,7,JUL,,2012-01-01 00:00:00.000,0.783,
SURVEY,CROPS,FIELD CROPS,CORN,ALL CLASSES,ALL PRODUCTION PRACTICES,GRAIN,PRICE RECEIVED,$ / BU,"CORN, GRAIN - PRICE RECEIVED, MEASURED IN $ / BU",TOTAL,NOT SPECIFIED,NATIONAL,,99,US,US TOTAL,,,,,,,,0,,,9000,UNITED STATES,US TOTAL,1915,MONTHLY,8,8,AUG,,2012-01-01 00:00:00.000,0.781,
SURVEY,CROPS,FIELD CROPS,CORN,ALL CLASSES,ALL PRODUCTION PRACTICES,GRAIN,PRICE RECEIVED,$ / BU,"CORN, GRAIN - PRICE RECEIVED, MEASURED IN $ / BU",TOTAL,NOT SPECIFIED,NATIONAL,,99,US,US TOTAL,,,,,,,,0,,,9000,UNITED STATES,US TOTAL,1915,MONTHLY,9,9,SEP,,2012-01-01 00:00:00.000,0.739,
SURVEY,CROPS,FIELD CROPS,CORN,ALL CLASSES,ALL PRODUCTION PRACTICES,GRAIN,PRICE RECEIVED,$ / BU,"CORN, GRAIN - PRICE RECEIVED, MEASURED IN $ / BU",TOTAL,NOT SPECIFIED,NATIONAL,,99,US,US TOTAL,,,,,,,,0,,,9000,UNITED STATES,US TOTAL,1915,MONTHLY,10,10,OCT,,2012-01-01 00:00:00.000,0.662,
SURVEY,CROPS,FIELD CROPS,CORN,ALL CLASSES,ALL PRODUCTION PRACTICES,GRAIN,PRICE RECEIVED,$ / BU,"CORN, GRAIN - PRICE RECEIVED, MEASURED IN $ / BU",TOTAL,NOT SPECIFIED,NATIONAL,,99,US,US TOTAL,,,,,,,,0,,,9000,UNITED STATES,US TOTAL,1915,MONTHLY,11,11,NOV,,2012-01-01 00:00:00.000,0.597,
SURVEY,CROPS,FIELD CROPS,CORN,ALL CLASSES,ALL PRODUCTION PRACTICES,GRAIN,PRICE RECEIVED,$ / BU,"CORN, GRAIN - PRICE RECEIVED, MEASURED IN $ / BU",TOTAL,NOT SPECIFIED,NATIONAL,,99,US,US TOTAL,,,,,,,,0,,,9000,UNITED STATES,US TOTAL,1915,MONTHLY,12,12,DEC,,2012-01-01 00:00:00.000,0.598,
SURVEY,CROPS,FIELD CROPS,CORN,ALL CLASSES,ALL PRODUCTION PRACTICES,GRAIN,PRICE RECEIVED,$ / BU,"CORN, GRAIN - PRICE RECEIVED, MEASURED IN $ / BU",TOTAL,NOT SPECIFIED,NATIONAL,,99,US,US TOTAL,,,,,,,,0,,,9000,UNITED STATES,US TOTAL,1914,ANNUAL,0,0,MARKETING YEAR,,2012-01-01 00:00:00.000,0.673,
SURVEY,CROPS,FIELD CROPS,CORN,ALL CLASSES,ALL PRODUCTION PRACTICES,GRAIN,PRICE RECEIVED,$ / BU,"CORN, GRAIN - PRICE RECEIVED, MEASURED IN $ / BU",TOTAL,NOT SPECIFIED,NATIONAL,,99,US,US TOTAL,,,,,,,,0,,,9000,UNITED STATES,US TOTAL,1914,MONTHLY,1,1,JAN,,2012-01-01 00:00:00.000,0.69,
SURVEY,CROPS,FIELD CROPS,CORN,ALL CLASSES,ALL PRODUCTION PRACTICES,GRAIN,PRICE RECEIVED,$ / BU,"CORN, GRAIN - PRICE RECEIVED, MEASURED IN $ / BU",TOTAL,NOT SPECIFIED,NATIONAL,,99,US,US TOTAL,,,,,,,,0,,,9000,UNITED STATES,US TOTAL,1914,MONTHLY,2,2,FEB,,2012-01-01 00:00:00.000,0.687,
SURVEY,CROPS,FIELD CROPS,CORN,ALL CLASSES,ALL PRODUCTION PRACTICES,GRAIN,PRICE RECEIVED,$ / BU,"CORN, GRAIN - PRICE RECEIVED, MEASURED IN $ / BU",TOTAL,NOT SPECIFIED,NATIONAL,,99,US,US TOTAL,,,,,,,,0,,,9000,UNITED STATES,US TOTAL,1914,MONTHLY,3,3,MAR,,2012-01-01 00:00:00.000,0.699,
SURVEY,CROPS,FIELD CROPS,CORN,ALL CLASSES,ALL PRODUCTION PRACTICES,GRAIN,PRICE RECEIVED,$ / BU,"CORN, GRAIN - PRICE RECEIVED, MEASURED IN $ / BU",TOTAL,NOT SPECIFIED,NATIONAL,,99,US,US TOTAL,,,,,,,,0,,,9000,UNITED STATES,US TOTAL,1914,MONTHLY,4,4,APR,,2012-01-01 00:00:00.000,0.714,
SURVEY,CROPS,FIELD CROPS,CORN,ALL CLASSES,ALL PRODUCTION PRACTICES,GRAIN,PRICE RECEIVED,$ / BU,"CORN, GRAIN - PRICE RECEIVED, MEASURED IN $ / BU",TOTAL,NOT SPECIFIED,NATIONAL,,99,US,US TOTAL,,,,,,,,0,,,9000,UNITED STATES,US TOTAL,1914,MONTHLY,5,5,MAY,,2012-01-01 00:00:00.000,0.736,
SURVEY,CROPS,FIELD CROPS,CORN,ALL CLASSES,ALL PRODUCTION PRACTICES,GRAIN,PRICE RECEIVED,$ / BU,"CORN, GRAIN - PRICE RECEIVED, MEASURED IN $ / BU",TOTAL,NOT SPECIFIED,NATIONAL,,99,US,US TOTAL,,,,,,,,0,,,9000,UNITED STATES,US TOTAL,1914,MONTHLY,6,6,JUN,,2012-01-01 00:00:00.000,0.752,
SURVEY,CROPS,FIELD CROPS,CORN,ALL CLASSES,ALL PRODUCTION PRACTICES,GRAIN,PRICE RECEIVED,$ / BU,"CORN, GRAIN - PRICE RECEIVED, MEASURED IN $ / BU",TOTAL,NOT SPECIFIED,NATIONAL,,99,US,US TOTAL,,,,,,,,0,,,9000,UNITED STATES,US TOTAL,1914,MONTHLY,7,7,JUL,,2012-01-01 00:00:00.000,0.762,
SURVEY,CROPS,FIELD CROPS,CORN,ALL CLASSES,ALL PRODUCTION PRACTICES,GRAIN,PRICE RECEIVED,$ / BU,"CORN, GRAIN - PRICE RECEIVED, MEASURED IN $ / BU",TOTAL,NOT SPECIFIED,NATIONAL,,99,US,US TOTAL,,,,,,,,0,,,9000,UNITED STATES,US TOTAL,1914,MONTHLY,8,8,AUG,,2012-01-01 00:00:00.000,0.792,
SURVEY,CROPS,FIELD CROPS,CORN,ALL CLASSES,ALL PRODUCTION PRACTICES,GRAIN,PRICE RECEIVED,$ / BU,"CORN, GRAIN - PRICE RECEIVED, MEASURED IN $ / BU",TOTAL,NOT SPECIFIED,NATIONAL,,99,US,US TOTAL,,,,,,,,0,,,9000,UNITED STATES,US TOTAL,1914,MONTHLY,9,9,SEP,,2012-01-01 00:00:00.000,0.798,
SURVEY,CROPS,FIELD CROPS,CORN,ALL CLASSES,ALL PRODUCTION PRACTICES,GRAIN,PRICE RECEIVED,$ / BU,"CORN, GRAIN - PRICE RECEIVED, MEASURED IN $ / BU",TOTAL,NOT SPECIFIED,NATIONAL,,99,US,US TOTAL,,,,,,,,0,,,9000,UNITED STATES,US TOTAL,1914,MONTHLY,10,10,OCT,,2012-01-01 00:00:00.000,0.744,
SURVEY,CROPS,FIELD CROPS,CORN,ALL CLASSES,ALL PRODUCTION PRACTICES,GRAIN,PRICE RECEIVED,$ / BU,"CORN, GRAIN - PRICE RECEIVED, MEASURED IN $ / BU",TOTAL,NOT SPECIFIED,NATIONAL,,99,US,US TOTAL,,,,,,,,0,,,9000,UNITED STATES,US TOTAL,1914,MONTHLY,11,11,NOV,,2012-01-01 00:00:00.000,0.675,
SURVEY,CROPS,FIELD CROPS,CORN,ALL CLASSES,ALL PRODUCTION PRACTICES,GRAIN,PRICE RECEIVED,$ / BU,"CORN, GRAIN - PRICE RECEIVED, MEASURED IN $ / BU",TOTAL,NOT SPECIFIED,NATIONAL,,99,US,US TOTAL,,,,,,,,0,,,9000,UNITED STATES,US TOTAL,1914,MONTHLY,12,12,DEC,,2012-01-01 00:00:00.000,0.653,
SURVEY,CROPS,FIELD CROPS,CORN,ALL CLASSES,ALL PRODUCTION PRACTICES,GRAIN,PRICE RECEIVED,$ / BU,"CORN, GRAIN - PRICE RECEIVED, MEASURED IN $ / BU",TOTAL,NOT SPECIFIED,NATIONAL,,99,US,US TOTAL,,,,,,,,0,,,9000,UNITED STATES,US TOTAL,1913,ANNUAL,0,0,MARKETING YEAR,,2012-01-01 00:00:00.000,0.659,
SURVEY,CROPS,FIELD CROPS,CORN,ALL CLASSES,ALL PRODUCTION PRACTICES,GRAIN,PRICE RECEIVED,$ / BU,"CORN, GRAIN - PRICE RECEIVED, MEASURED IN $ / BU",TOTAL,NOT SPECIFIED,NATIONAL,,99,US,US TOTAL,,,,,,,,0,,,9000,UNITED STATES,US TOTAL,1913,MONTHLY,1,1,JAN,,2012-01-01 00:00:00.000,0.498,
SURVEY,CROPS,FIELD CROPS,CORN,ALL CLASSES,ALL PRODUCTION PRACTICES,GRAIN,PRICE RECEIVED,$ / BU,"CORN, GRAIN - PRICE RECEIVED, MEASURED IN $ / BU",TOTAL,NOT SPECIFIED,NATIONAL,,99,US,US TOTAL,,,,,,,,0,,,9000,UNITED STATES,US TOTAL,1913,MONTHLY,2,2,FEB,,2012-01-01 00:00:00.000,0.514,
SURVEY,CROPS,FIELD CROPS,CORN,ALL CLASSES,ALL PRODUCTION PRACTICES,GRAIN,PRICE RECEIVED,$ / BU,"CORN, GRAIN - PRICE RECEIVED, MEASURED IN $ / BU",TOTAL,NOT SPECIFIED,NATIONAL,,99,US,US TOTAL,,,,,,,,0,,,9000,UNITED STATES,US TOTAL,1913,MONTHLY,3,3,MAR,,2012-01-01 00:00:00.000,0.53,
SURVEY,CROPS,FIELD CROPS,CORN,ALL CLASSES,ALL PRODUCTION PRACTICES,GRAIN,PRICE RECEIVED,$ / BU,"CORN, GRAIN - PRICE RECEIVED, MEASURED IN $ / BU",TOTAL,NOT SPECIFIED,NATIONAL,,99,US,US TOTAL,,,,,,,,0,,,9000,UNITED STATES,US TOTAL,1913,MONTHLY,4,4,APR,,2012-01-01 00:00:00.000,0.552,
SURVEY,CROPS,FIELD CROPS,CORN,ALL CLASSES,ALL PRODUCTION PRACTICES,GRAIN,PRICE RECEIVED,$ / BU,"CORN, GRAIN - PRICE RECEIVED, MEASURED IN $ / BU",TOTAL,NOT SPECIFIED,NATIONAL,,99,US,US TOTAL,,,,,,,,0,,,9000,UNITED STATES,US TOTAL,1913,MONTHLY,5,5,MAY,,2012-01-01 00:00:00.000,0.587,
SURVEY,CROPS,FIELD CROPS,CORN,ALL CLASSES,ALL PRODUCTION PRACTICES,GRAIN,PRICE RECEIVED,$ / BU,"CORN, GRAIN - PRICE RECEIVED, MEASURED IN $ / BU",TOTAL,NOT SPECIFIED,NATIONAL,,99,US,US TOTAL,,,,,,,,0,,,9000,UNITED STATES,US TOTAL,1913,MONTHLY,6,6,JUN,,2012-01-01 00:00:00.000,0.619,
SURVEY,CROPS,FIELD CROPS,CORN,ALL CLASSES,ALL PRODUCTION PRACTICES,GRAIN,PRICE RECEIVED,$ / BU,"CORN, GRAIN - PRICE RECEIVED, MEASURED IN $ / BU",TOTAL,NOT SPECIFIED,NATIONAL,,99,US,US TOTAL,,,,,,,,0,,,9000,UNITED STATES,US TOTAL,1913,MONTHLY,7,7,JUL,,2012-01-01 00:00:00.000,0.643,
SURVEY,CROPS,FIELD CROPS,CORN,ALL CLASSES,ALL PRODUCTION PRACTICES,GRAIN,PRICE RECEIVED,$ / BU,"CORN, GRAIN - PRICE RECEIVED, MEASURED IN $ / BU",TOTAL,NOT SPECIFIED,NATIONAL,,99,US,US TOTAL,,,,,,,,0,,,9000,UNITED STATES,US TOTAL,1913,MONTHLY,8,8,AUG,,2012-01-01 00:00:00.000,0.704,
SURVEY,CROPS,FIELD CROPS,CORN,ALL CLASSES,ALL PRODUCTION PRACTICES,GRAIN,PRICE RECEIVED,$ / BU,"CORN, GRAIN - PRICE RECEIVED, MEASURED IN $ / BU",TOTAL,NOT SPECIFIED,NATIONAL,,99,US,US TOTAL,,,,,,,,0,,,9000,UNITED STATES,US TOTAL,1913,MONTHLY,9,9,SEP,,2012-01-01 00:00:00.000,0.754,
SURVEY,CROPS,FIELD CROPS,CORN,ALL CLASSES,ALL PRODUCTION PRACTICES,GRAIN,PRICE RECEIVED,$ / BU,"CORN, GRAIN - PRICE RECEIVED, MEASURED IN $ / BU",TOTAL,NOT SPECIFIED,NATIONAL,,99,US,US TOTAL,,,,,,,,0,,,9000,UNITED STATES,US TOTAL,1913,MONTHLY,10,10,OCT,,2012-01-01 00:00:00.000,0.73,
SURVEY,CROPS,FIELD CROPS,CORN,ALL CLASSES,ALL PRODUCTION PRACTICES,GRAIN,PRICE RECEIVED,$ / BU,"CORN, GRAIN - PRICE RECEIVED, MEASURED IN $ / BU",TOTAL,NOT SPECIFIED,NATIONAL,,99,US,US TOTAL,,,,,,,,0,,,9000,UNITED STATES,US TOTAL,1913,MONTHLY,11,11,NOV,,2012-01-01 00:00:00.000,0.699,
SURVEY,CROPS,FIELD CROPS,CORN,ALL CLASSES,ALL PRODUCTION PRACTICES,GRAIN,PRICE RECEIVED,$ / BU,"CORN, GRAIN - PRICE RECEIVED, MEASURED IN $ / BU",TOTAL,NOT SPECIFIED,NATIONAL,,99,US,US TOTAL,,,,,,,,0,,,9000,UNITED STATES,US TOTAL,1913,MONTHLY,12,12,DEC,,2012-01-01 00:00:00.000,0.694,
SURVEY,CROPS,FIELD CROPS,CORN,ALL CLASSES,ALL PRODUCTION PRACTICES,GRAIN,PRICE RECEIVED,$ / BU,"CORN, GRAIN - PRICE RECEIVED, MEASURED IN $ / BU",TOTAL,NOT SPECIFIED,NATIONAL,,99,US,US TOTAL,,,,,,,,0,,,9000,UNITED STATES,US TOTAL,1912,ANNUAL,0,0,MARKETING YEAR,,2012-01-01 00:00:00.000,0.511,
SURVEY,CROPS,FIELD CROPS,CORN,ALL CLASSES,ALL PRODUCTION PRACTICES,GRAIN,PRICE RECEIVED,$ / BU,"CORN, GRAIN - PRICE RECEIVED, MEASURED IN $ / BU",TOTAL,NOT SPECIFIED,NATIONAL,,99,US,US TOTAL,,,,,,,,0,,,9000,UNITED STATES,US TOTAL,1912,MONTHLY,1,1,JAN,,2012-01-01 00:00:00.000,0.634,
SURVEY,CROPS,FIELD CROPS,CORN,ALL CLASSES,ALL PRODUCTION PRACTICES,GRAIN,PRICE RECEIVED,$ / BU,"CORN, GRAIN - PRICE RECEIVED, MEASURED IN $ / BU",TOTAL,NOT SPECIFIED,NATIONAL,,99,US,US TOTAL,,,,,,,,0,,,9000,UNITED STATES,US TOTAL,1912,MONTHLY,2,2,FEB,,2012-01-01 00:00:00.000,0.656,
SURVEY,CROPS,FIELD CROPS,CORN,ALL CLASSES,ALL PRODUCTION PRACTICES,GRAIN,PRICE RECEIVED,$ / BU,"CORN, GRAIN - PRICE RECEIVED, MEASURED IN $ / BU",TOTAL,NOT SPECIFIED,NATIONAL,,99,US,US TOTAL,,,,,,,,0,,,9000,UNITED STATES,US TOTAL,1912,MONTHLY,3,3,MAR,,2012-01-01 00:00:00.000,0.688,
SURVEY,CROPS,FIELD CROPS,CORN,ALL CLASSES,ALL PRODUCTION PRACTICES,GRAIN,PRICE RECEIVED,$ / BU,"CORN, GRAIN - PRICE RECEIVED, MEASURED IN $ / BU",TOTAL,NOT SPECIFIED,NATIONAL,,99,US,US TOTAL,,,,,,,,0,,,9000,UNITED STATES,US TOTAL,1912,MONTHLY,4,4,APR,,2012-01-01 00:00:00.000,0.752,
SURVEY,CROPS,FIELD CROPS,CORN,ALL CLASSES,ALL PRODUCTION PRACTICES,GRAIN,PRICE RECEIVED,$ / BU,"CORN, GRAIN - PRICE RECEIVED, MEASURED IN $ / BU",TOTAL,NOT SPECIFIED,NATIONAL,,99,US,US TOTAL,,,,,,,,0,,,9000,UNITED STATES,US TOTAL,1912,MONTHLY,5,5,MAY,,2012-01-01 00:00:00.000,0.81,
SURVEY,CROPS,FIELD CROPS,CORN,ALL CLASSES,ALL PRODUCTION PRACTICES,GRAIN,PRICE RECEIVED,$ / BU,"CORN, GRAIN - PRICE RECEIVED, MEASURED IN $ / BU",TOTAL,NOT SPECIFIED,NATIONAL,,99,US,US TOTAL,,,,,,,,0,,,9000,UNITED STATES,US TOTAL,1912,MONTHLY,6,6,JUN,,2012-01-01 00:00:00.000,0.818,
SURVEY,CROPS,FIELD CROPS,CORN,ALL CLASSES,ALL PRODUCTION PRACTICES,GRAIN,PRICE RECEIVED,$ / BU,"CORN, GRAIN - PRICE RECEIVED, MEASURED IN $ / BU",TOTAL,NOT SPECIFIED,NATIONAL,,99,US,US TOTAL,,,,,,,,0,,,9000,UNITED STATES,US TOTAL,1912,MONTHLY,7,7,JUL,,2012-01-01 00:00:00.000,0.802,
SURVEY,CROPS,FIELD CROPS,CORN,ALL CLASSES,ALL PRODUCTION PRACTICES,GRAIN,PRICE RECEIVED,$ / BU,"CORN, GRAIN - PRICE RECEIVED, MEASURED IN $ / BU",TOTAL,NOT SPECIFIED,NATIONAL,,99,US,US TOTAL,,,,,,,,0,,,9000,UNITED STATES,US TOTAL,1912,MONTHLY,8,8,AUG,,2012-01-01 00:00:00.000,0.784,
SURVEY,CROPS,FIELD CROPS,CORN,ALL CLASSES,ALL PRODUCTION PRACTICES,GRAIN,PRICE RECEIVED,$ / BU,"CORN, GRAIN - PRICE RECEIVED, MEASURED IN $ / BU",TOTAL,NOT SPECIFIED,NATIONAL,,99,US,US TOTAL,,,,,,,,0,,,9000,UNITED STATES,US TOTAL,1912,MONTHLY,9,9,SEP,,2012-01-01 00:00:00.000,0.739,
SURVEY,CROPS,FIELD CROPS,CORN,ALL CLASSES,ALL PRODUCTION PRACTICES,GRAIN,PRICE RECEIVED,$ / BU,"CORN, GRAIN - PRICE RECEIVED, MEASURED IN $ / BU",TOTAL,NOT SPECIFIED,NATIONAL,,99,US,US TOTAL,,,,,,,,0,,,9000,UNITED STATES,US TOTAL,1912,MONTHLY,10,10,OCT,,2012-01-01 00:00:00.000,0.643,
SURVEY,CROPS,FIELD CROPS,CORN,ALL CLASSES,ALL PRODUCTION PRACTICES,GRAIN,PRICE RECEIVED,$ / BU,"CORN, GRAIN - PRICE RECEIVED, MEASURED IN $ / BU",TOTAL,NOT SPECIFIED,NATIONAL,,99,US,US TOTAL,,,,,,,,0,,,9000,UNITED STATES,US TOTAL,1912,MONTHLY,11,11,NOV,,2012-01-01 00:00:00.000,0.536,
SURVEY,CROPS,FIELD CROPS,CORN,ALL CLASSES,ALL PRODUCTION PRACTICES,GRAIN,PRICE RECEIVED,$ / BU,"CORN, GRAIN - PRICE RECEIVED, MEASURED IN $ / BU",TOTAL,NOT SPECIFIED,NATIONAL,,99,US,US TOTAL,,,,,,,,0,,,9000,UNITED STATES,US TOTAL,1912,MONTHLY,12,12,DEC,,2012-01-01 00:00:00.000,0.488,
SURVEY,CROPS,FIELD CROPS,CORN,ALL CLASSES,ALL PRODUCTION PRACTICES,GRAIN,PRICE RECEIVED,$ / BU,"CORN, GRAIN - PRICE RECEIVED, MEASURED IN $ / BU",TOTAL,NOT SPECIFIED,NATIONAL,,99,US,US TOTAL,,,,,,,,0,,,9000,UNITED STATES,US TOTAL,1911,ANNUAL,0,0,MARKETING YEAR,,2012-01-01 00:00:00.000,0.649,
SURVEY,CROPS,FIELD CROPS,CORN,ALL CLASSES,ALL PRODUCTION PRACTICES,GRAIN,PRICE RECEIVED,$ / BU,"CORN, GRAIN - PRICE RECEIVED, MEASURED IN $ / BU",TOTAL,NOT SPECIFIED,NATIONAL,,99,US,US TOTAL,,,,,,,,0,,,9000,UNITED STATES,US TOTAL,1911,MONTHLY,1,1,JAN,,2012-01-01 00:00:00.000,0.486,
SURVEY,CROPS,FIELD CROPS,CORN,ALL CLASSES,ALL PRODUCTION PRACTICES,GRAIN,PRICE RECEIVED,$ / BU,"CORN, GRAIN - PRICE RECEIVED, MEASURED IN $ / BU",TOTAL,NOT SPECIFIED,NATIONAL,,99,US,US TOTAL,,,,,,,,0,,,9000,UNITED STATES,US TOTAL,1911,MONTHLY,2,2,FEB,,2012-01-01 00:00:00.000,0.49,
SURVEY,CROPS,FIELD CROPS,CORN,ALL CLASSES,ALL PRODUCTION PRACTICES,GRAIN,PRICE RECEIVED,$ / BU,"CORN, GRAIN - PRICE RECEIVED, MEASURED IN $ / BU",TOTAL,NOT SPECIFIED,NATIONAL,,99,US,US TOTAL,,,,,,,,0,,,9000,UNITED STATES,US TOTAL,1911,MONTHLY,3,3,MAR,,2012-01-01 00:00:00.000,0.493,
SURVEY,CROPS,FIELD CROPS,CORN,ALL CLASSES,ALL PRODUCTION PRACTICES,GRAIN,PRICE RECEIVED,$ / BU,"CORN, GRAIN - PRICE RECEIVED, MEASURED IN $ / BU",TOTAL,NOT SPECIFIED,NATIONAL,,99,US,US TOTAL,,,,,,,,0,,,9000,UNITED STATES,US TOTAL,1911,MONTHLY,4,4,APR,,2012-01-01 00:00:00.000,0.508,
SURVEY,CROPS,FIELD CROPS,CORN,ALL CLASSES,ALL PRODUCTION PRACTICES,GRAIN,PRICE RECEIVED,$ / BU,"CORN, GRAIN - PRICE RECEIVED, MEASURED IN $ / BU",TOTAL,NOT SPECIFIED,NATIONAL,,99,US,US TOTAL,,,,,,,,0,,,9000,UNITED STATES,US TOTAL,1911,MONTHLY,5,5,MAY,,2012-01-01 00:00:00.000,0.534,
SURVEY,CROPS,FIELD CROPS,CORN,ALL CLASSES,ALL PRODUCTION PRACTICES,GRAIN,PRICE RECEIVED,$ / BU,"CORN, GRAIN - PRICE RECEIVED, MEASURED IN $ / BU",TOTAL,NOT SPECIFIED,NATIONAL,,99,US,US TOTAL,,,,,,,,0,,,9000,UNITED STATES,US TOTAL,1911,MONTHLY,6,6,JUN,,2012-01-01 00:00:00.000,0.576,
SURVEY,CROPS,FIELD CROPS,CORN,ALL CLASSES,ALL PRODUCTION PRACTICES,GRAIN,PRICE RECEIVED,$ / BU,"CORN, GRAIN - PRICE RECEIVED, MEASURED IN $ / BU",TOTAL,NOT SPECIFIED,NATIONAL,,99,US,US TOTAL,,,,,,,,0,,,9000,UNITED STATES,US TOTAL,1911,MONTHLY,7,7,JUL,,2012-01-01 00:00:00.000,0.629,
SURVEY,CROPS,FIELD CROPS,CORN,ALL CLASSES,ALL PRODUCTION PRACTICES,GRAIN,PRICE RECEIVED,$ / BU,"CORN, GRAIN - PRICE RECEIVED, MEASURED IN $ / BU",TOTAL,NOT SPECIFIED,NATIONAL,,99,US,US TOTAL,,,,,,,,0,,,9000,UNITED STATES,US TOTAL,1911,MONTHLY,8,8,AUG,,2012-01-01 00:00:00.000,0.658,
SURVEY,CROPS,FIELD CROPS,CORN,ALL CLASSES,ALL PRODUCTION PRACTICES,GRAIN,PRICE RECEIVED,$ / BU,"CORN, GRAIN - PRICE RECEIVED, MEASURED IN $ / BU",TOTAL,NOT SPECIFIED,NATIONAL,,99,US,US TOTAL,,,,,,,,0,,,9000,UNITED STATES,US TOTAL,1911,MONTHLY,9,9,SEP,,2012-01-01 00:00:00.000,0.658,
SURVEY,CROPS,FIELD CROPS,CORN,ALL CLASSES,ALL PRODUCTION PRACTICES,GRAIN,PRICE RECEIVED,$ / BU,"CORN, GRAIN - PRICE RECEIVED, MEASURED IN $ / BU",TOTAL,NOT SPECIFIED,NATIONAL,,99,US,US TOTAL,,,,,,,,0,,,9000,UNITED STATES,US TOTAL,1911,MONTHLY,10,10,OCT,,2012-01-01 00:00:00.000,0.652,
SURVEY,CROPS,FIELD CROPS,CORN,ALL CLASSES,ALL PRODUCTION PRACTICES,GRAIN,PRICE RECEIVED,$ / BU,"CORN, GRAIN - PRICE RECEIVED, MEASURED IN $ / BU",TOTAL,NOT SPECIFIED,NATIONAL,,99,US,US TOTAL,,,,,,,,0,,,9000,UNITED STATES,US TOTAL,1911,MONTHLY,11,11,NOV,,2012-01-01 00:00:00.000,0.632,
SURVEY,CROPS,FIELD CROPS,CORN,ALL CLASSES,ALL PRODUCTION PRACTICES,GRAIN,PRICE RECEIVED,$ / BU,"CORN, GRAIN - PRICE RECEIVED, MEASURED IN $ / BU",TOTAL,NOT SPECIFIED,NATIONAL,,99,US,US TOTAL,,,,,,,,0,,,9000,UNITED STATES,US TOTAL,1911,MONTHLY,12,12,DEC,,2012-01-01 00:00:00.000,0.62,
SURVEY,CROPS,FIELD CROPS,CORN,ALL CLASSES,ALL PRODUCTION PRACTICES,GRAIN,PRICE RECEIVED,$ / BU,"CORN, GRAIN - PRICE RECEIVED, MEASURED IN $ / BU",TOTAL,NOT SPECIFIED,NATIONAL,,99,US,US TOTAL,,,,,,,,0,,,9000,UNITED STATES,US TOTAL,1910,ANNUAL,0,0,MARKETING YEAR,,2012-01-01 00:00:00.000,0.475,
SURVEY,CROPS,FIELD CROPS,CORN,ALL CLASSES,ALL PRODUCTION PRACTICES,GRAIN,PRICE RECEIVED,$ / BU,"CORN, GRAIN - PRICE RECEIVED, MEASURED IN $ / BU",TOTAL,NOT SPECIFIED,NATIONAL,,99,US,US TOTAL,,,,,,,,0,,,9000,UNITED STATES,US TOTAL,1910,MONTHLY,1,1,JAN,,2012-01-01 00:00:00.000,0.638,
SURVEY,CROPS,FIELD CROPS,CORN,ALL CLASSES,ALL PRODUCTION PRACTICES,GRAIN,PRICE RECEIVED,$ / BU,"CORN, GRAIN - PRICE RECEIVED, MEASURED IN $ / BU",TOTAL,NOT SPECIFIED,NATIONAL,,99,US,US TOTAL,,,,,,,,0,,,9000,UNITED STATES,US TOTAL,1910,MONTHLY,2,2,FEB,,2012-01-01 00:00:00.000,0.656,
SURVEY,CROPS,FIELD CROPS,CORN,ALL CLASSES,ALL PRODUCTION PRACTICES,GRAIN,PRICE RECEIVED,$ / BU,"CORN, GRAIN - PRICE RECEIVED, MEASURED IN $ / BU",TOTAL,NOT SPECIFIED,NATIONAL,,99,US,US TOTAL,,,,,,,,0,,,9000,UNITED STATES,US TOTAL,1910,MONTHLY,3,3,MAR,,2012-01-01 00:00:00.000,0.657,
SURVEY,CROPS,FIELD CROPS,CORN,ALL CLASSES,ALL PRODUCTION PRACTICES,GRAIN,PRICE RECEIVED,$ / BU,"CORN, GRAIN - PRICE RECEIVED, MEASURED IN $ / BU",TOTAL,NOT SPECIFIED,NATIONAL,,99,US,US TOTAL,,,,,,,,0,,,9000,UNITED STATES,US TOTAL,1910,MONTHLY,4,4,APR,,2012-01-01 00:00:00.000,0.645,
SURVEY,CROPS,FIELD CROPS,CORN,ALL CLASSES,ALL PRODUCTION PRACTICES,GRAIN,PRICE RECEIVED,$ / BU,"CORN, GRAIN - PRICE RECEIVED, MEASURED IN $ / BU",TOTAL,NOT SPECIFIED,NATIONAL,,99,US,US TOTAL,,,,,,,,0,,,9000,UNITED STATES,US TOTAL,1910,MONTHLY,5,5,MAY,,2012-01-01 00:00:00.000,0.644,
SURVEY,CROPS,FIELD CROPS,CORN,ALL CLASSES,ALL PRODUCTION PRACTICES,GRAIN,PRICE RECEIVED,$ / BU,"CORN, GRAIN - PRICE RECEIVED, MEASURED IN $ / BU",TOTAL,NOT SPECIFIED,NATIONAL,,99,US,US TOTAL,,,,,,,,0,,,9000,UNITED STATES,US TOTAL,1910,MONTHLY,6,6,JUN,,2012-01-01 00:00:00.000,0.657,
SURVEY,CROPS,FIELD CROPS,CORN,ALL CLASSES,ALL PRODUCTION PRACTICES,GRAIN,PRICE RECEIVED,$ / BU,"CORN, GRAIN - PRICE RECEIVED, MEASURED IN $ / BU",TOTAL,NOT SPECIFIED,NATIONAL,,99,US,US TOTAL,,,,,,,,0,,,9000,UNITED STATES,US TOTAL,1910,MONTHLY,7,7,JUL,,2012-01-01 00:00:00.000,0.667,
SURVEY,CROPS,FIELD CROPS,CORN,ALL CLASSES,ALL PRODUCTION PRACTICES,GRAIN,PRICE RECEIVED,$ / BU,"CORN, GRAIN - PRICE RECEIVED, MEASURED IN $ / BU",TOTAL,NOT SPECIFIED,NATIONAL,,99,US,US TOTAL,,,,,,,,0,,,9000,UNITED STATES,US TOTAL,1910,MONTHLY,8,8,AUG,,2012-01-01 00:00:00.000,0.668,
SURVEY,CROPS,FIELD CROPS,CORN,ALL CLASSES,ALL PRODUCTION PRACTICES,GRAIN,PRICE RECEIVED,$ / BU,"CORN, GRAIN - PRICE RECEIVED, MEASURED IN $ / BU",TOTAL,NOT SPECIFIED,NATIONAL,,99,US,US TOTAL,,,,,,,,0,,,9000,UNITED STATES,US TOTAL,1910,MONTHLY,9,9,SEP,,2012-01-01 00:00:00.000,0.637,
SURVEY,CROPS,FIELD CROPS,CORN,ALL CLASSES,ALL PRODUCTION PRACTICES,GRAIN,PRICE RECEIVED,$ / BU,"CORN, GRAIN - PRICE RECEIVED, MEASURED IN $ / BU",TOTAL,NOT SPECIFIED,NATIONAL,,99,US,US TOTAL,,,,,,,,0,,,9000,UNITED STATES,US TOTAL,1910,MONTHLY,10,10,OCT,,2012-01-01 00:00:00.000,0.568,
SURVEY,CROPS,FIELD CROPS,CORN,ALL CLASSES,ALL PRODUCTION PRACTICES,GRAIN,PRICE RECEIVED,$ / BU,"CORN, GRAIN - PRICE RECEIVED, MEASURED IN $ / BU",TOTAL,NOT SPECIFIED,NATIONAL,,99,US,US TOTAL,,,,,,,,0,,,9000,UNITED STATES,US TOTAL,1910,MONTHLY,11,11,NOV,,2012-01-01 00:00:00.000,0.503,
SURVEY,CROPS,FIELD CROPS,CORN,ALL CLASSES,ALL PRODUCTION PRACTICES,GRAIN,PRICE RECEIVED,$ / BU,"CORN, GRAIN - PRICE RECEIVED, MEASURED IN $ / BU",TOTAL,NOT SPECIFIED,NATIONAL,,99,US,US TOTAL,,,,,,,,0,,,9000,UNITED STATES,US TOTAL,1910,MONTHLY,12,12,DEC,,2012-01-01 00:00:00.000,0.481,
SURVEY,CROPS,FIELD CROPS,CORN,ALL CLASSES,ALL PRODUCTION PRACTICES,GRAIN,PRICE RECEIVED,$ / BU,"CORN, GRAIN - PRICE RECEIVED, MEASURED IN $ / BU",TOTAL,NOT SPECIFIED,NATIONAL,,99,US,US TOTAL,,,,,,,,0,,,9000,UNITED STATES,US TOTAL,1909,ANNUAL,0,0,MARKETING YEAR,,2012-01-01 00:00:00.000,0.576,
SURVEY,CROPS,FIELD CROPS,CORN,ALL CLASSES,ALL PRODUCTION PRACTICES,GRAIN,PRICE RECEIVED,$ / BU,"CORN, GRAIN - PRICE RECEIVED, MEASURED IN $ / BU",TOTAL,NOT SPECIFIED,NATIONAL,,99,US,US TOTAL,,,,,,,,0,,,9000,UNITED STATES,US TOTAL,1909,MONTHLY,1,1,JAN,,2012-01-01 00:00:00.000,0.61,
SURVEY,CROPS,FIELD CROPS,CORN,ALL CLASSES,ALL PRODUCTION PRACTICES,GRAIN,PRICE RECEIVED,$ / BU,"CORN, GRAIN - PRICE RECEIVED, MEASURED IN $ / BU",TOTAL,NOT SPECIFIED,NATIONAL,,99,US,US TOTAL,,,,,,,,0,,,9000,UNITED STATES,US TOTAL,1909,MONTHLY,2,2,FEB,,2012-01-01 00:00:00.000,0.63,
SURVEY,CROPS,FIELD CROPS,CORN,ALL CLASSES,ALL PRODUCTION PRACTICES,GRAIN,PRICE RECEIVED,$ / BU,"CORN, GRAIN - PRICE RECEIVED, MEASURED IN $ / BU",TOTAL,NOT SPECIFIED,NATIONAL,,99,US,US TOTAL,,,,,,,,0,,,9000,UNITED STATES,US TOTAL,1909,MONTHLY,3,3,MAR,,2012-01-01 00:00:00.000,0.661,
SURVEY,CROPS,FIELD CROPS,CORN,ALL CLASSES,ALL PRODUCTION PRACTICES,GRAIN,PRICE RECEIVED,$ / BU,"CORN, GRAIN - PRICE RECEIVED, MEASURED IN $ / BU",TOTAL,NOT SPECIFIED,NATIONAL,,99,US,US TOTAL,,,,,,,,0,,,9000,UNITED STATES,US TOTAL,1909,MONTHLY,4,4,APR,,2012-01-01 00:00:00.000,0.697,
SURVEY,CROPS,FIELD CROPS,CORN,ALL CLASSES,ALL PRODUCTION PRACTICES,GRAIN,PRICE RECEIVED,$ / BU,"CORN, GRAIN - PRICE RECEIVED, MEASURED IN $ / BU",TOTAL,NOT SPECIFIED,NATIONAL,,99,US,US TOTAL,,,,,,,,0,,,9000,UNITED STATES,US TOTAL,1909,MONTHLY,5,5,MAY,,2012-01-01 00:00:00.000,0.741,
SURVEY,CROPS,FIELD CROPS,CORN,ALL CLASSES,ALL PRODUCTION PRACTICES,GRAIN,PRICE RECEIVED,$ / BU,"CORN, GRAIN - PRICE RECEIVED, MEASURED IN $ / BU",TOTAL,NOT SPECIFIED,NATIONAL,,99,US,US TOTAL,,,,,,,,0,,,9000,UNITED STATES,US TOTAL,1909,MONTHLY,6,6,JUN,,2012-01-01 00:00:00.000,0.766,
SURVEY,CROPS,FIELD CROPS,CORN,ALL CLASSES,ALL PRODUCTION PRACTICES,GRAIN,PRICE RECEIVED,$ / BU,"CORN, GRAIN - PRICE RECEIVED, MEASURED IN $ / BU",TOTAL,NOT SPECIFIED,NATIONAL,,99,US,US TOTAL,,,,,,,,0,,,9000,UNITED STATES,US TOTAL,1909,MONTHLY,7,7,JUL,,2012-01-01 00:00:00.000,0.761,
SURVEY,CROPS,FIELD CROPS,CORN,ALL CLASSES,ALL PRODUCTION PRACTICES,GRAIN,PRICE RECEIVED,$ / BU,"CORN, GRAIN - PRICE RECEIVED, MEASURED IN $ / BU",TOTAL,NOT SPECIFIED,NATIONAL,,99,US,US TOTAL,,,,,,,,0,,,9000,UNITED STATES,US TOTAL,1909,MONTHLY,8,8,AUG,,2012-01-01 00:00:00.000,0.731,
SURVEY,CROPS,FIELD CROPS,CORN,ALL CLASSES,ALL PRODUCTION PRACTICES,GRAIN,PRICE RECEIVED,$ / BU,"CORN, GRAIN - PRICE RECEIVED, MEASURED IN $ / BU",TOTAL,NOT SPECIFIED,NATIONAL,,99,US,US TOTAL,,,,,,,,0,,,9000,UNITED STATES,US TOTAL,1909,MONTHLY,9,9,SEP,,2012-01-01 00:00:00.000,0.69,
SURVEY,CROPS,FIELD CROPS,CORN,ALL CLASSES,ALL PRODUCTION PRACTICES,GRAIN,PRICE RECEIVED,$ / BU,"CORN, GRAIN - PRICE RECEIVED, MEASURED IN $ / BU",TOTAL,NOT SPECIFIED,NATIONAL,,99,US,US TOTAL,,,,,,,,0,,,9000,UNITED STATES,US TOTAL,1909,MONTHLY,10,10,OCT,,2012-01-01 00:00:00.000,0.646,
SURVEY,CROPS,FIELD CROPS,CORN,ALL CLASSES,ALL PRODUCTION PRACTICES,GRAIN,PRICE RECEIVED,$ / BU,"CORN, GRAIN - PRICE RECEIVED, MEASURED IN $ / BU",TOTAL,NOT SPECIFIED,NATIONAL,,99,US,US TOTAL,,,,,,,,0,,,9000,UNITED STATES,US TOTAL,1909,MONTHLY,11,11,NOV,,2012-01-01 00:00:00.000,0.6,
SURVEY,CROPS,FIELD CROPS,CORN,ALL CLASSES,ALL PRODUCTION PRACTICES,GRAIN,PRICE RECEIVED,$ / BU,"CORN, GRAIN - PRICE RECEIVED, MEASURED IN $ / BU",TOTAL,NOT SPECIFIED,NATIONAL,,99,US,US TOTAL,,,,,,,,0,,,9000,UNITED STATES,US TOTAL,1909,MONTHLY,12,12,DEC,,2012-01-01 00:00:00.000,0.601,
SURVEY,CROPS,FIELD CROPS,CORN,ALL CLASSES,ALL PRODUCTION PRACTICES,GRAIN,PRICE RECEIVED,$ / BU,"CORN, GRAIN - PRICE RECEIVED, MEASURED IN $ / BU",TOTAL,NOT SPECIFIED,NATIONAL,,99,US,US TOTAL,,,,,,,,0,,,9000,UNITED STATES,US TOTAL,1908,ANNUAL,0,0,MARKETING YEAR,,2012-01-01 00:00:00.000,0.65,
SURVEY,CROPS,FIELD CROPS,CORN,ALL CLASSES,ALL PRODUCTION PRACTICES,GRAIN,PRICE RECEIVED,$ / BU,"CORN, GRAIN - PRICE RECEIVED, MEASURED IN $ / BU",TOTAL,NOT SPECIFIED,NATIONAL,,99,US,US TOTAL,,,,,,,,0,,,9000,UNITED STATES,US TOTAL,1908,MONTHLY,1,1,JAN,,2012-01-01 00:00:00.000,0.55,
SURVEY,CROPS,FIELD CROPS,CORN,ALL CLASSES,ALL PRODUCTION PRACTICES,GRAIN,PRICE RECEIVED,$ / BU,"CORN, GRAIN - PRICE RECEIVED, MEASURED IN $ / BU",TOTAL,NOT SPECIFIED,NATIONAL,,99,US,US TOTAL,,,,,,,,0,,,9000,UNITED STATES,US TOTAL,1908,MONTHLY,2,2,FEB,,2012-01-01 00:00:00.000,0.57,
SURVEY,CROPS,FIELD CROPS,CORN,ALL CLASSES,ALL PRODUCTION PRACTICES,GRAIN,PRICE RECEIVED,$ / BU,"CORN, GRAIN - PRICE RECEIVED, MEASURED IN $ / BU",TOTAL,NOT SPECIFIED,NATIONAL,,99,US,US TOTAL,,,,,,,,0,,,9000,UNITED STATES,US TOTAL,1908,MONTHLY,3,3,MAR,,2012-01-01 00:00:00.000,0.596,
SURVEY,CROPS,FIELD CROPS,CORN,ALL CLASSES,ALL PRODUCTION PRACTICES,GRAIN,PRICE RECEIVED,$ / BU,"CORN, GRAIN - PRICE RECEIVED, MEASURED IN $ / BU",TOTAL,NOT SPECIFIED,NATIONAL,,99,US,US TOTAL,,,,,,,,0,,,9000,UNITED STATES,US TOTAL,1908,MONTHLY,4,4,APR,,2012-01-01 00:00:00.000,0.63,
SURVEY,CROPS,FIELD CROPS,CORN,ALL CLASSES,ALL PRODUCTION PRACTICES,GRAIN,PRICE RECEIVED,$ / BU,"CORN, GRAIN - PRICE RECEIVED, MEASURED IN $ / BU",TOTAL,NOT SPECIFIED,NATIONAL,,99,US,US TOTAL,,,,,,,,0,,,9000,UNITED STATES,US TOTAL,1908,MONTHLY,5,5,MAY,,2012-01-01 00:00:00.000,0.692,
SURVEY,CROPS,FIELD CROPS,CORN,ALL CLASSES,ALL PRODUCTION PRACTICES,GRAIN,PRICE RECEIVED,$ / BU,"CORN, GRAIN - PRICE RECEIVED, MEASURED IN $ / BU",TOTAL,NOT SPECIFIED,NATIONAL,,99,US,US TOTAL,,,,,,,,0,,,9000,UNITED STATES,US TOTAL,1908,MONTHLY,6,6,JUN,,2012-01-01 00:00:00.000,0.747,
SURVEY,CROPS,FIELD CROPS,CORN,ALL CLASSES,ALL PRODUCTION PRACTICES,GRAIN,PRICE RECEIVED,$ / BU,"CORN, GRAIN - PRICE RECEIVED, MEASURED IN $ / BU",TOTAL,NOT SPECIFIED,NATIONAL,,99,US,US TOTAL,,,,,,,,0,,,9000,UNITED STATES,US TOTAL,1908,MONTHLY,7,7,JUL,,2012-01-01 00:00:00.000,0.769,
SURVEY,CROPS,FIELD CROPS,CORN,ALL CLASSES,ALL PRODUCTION PRACTICES,GRAIN,PRICE RECEIVED,$ / BU,"CORN, GRAIN - PRICE RECEIVED, MEASURED IN $ / BU",TOTAL,NOT SPECIFIED,NATIONAL,,99,US,US TOTAL,,,,,,,,0,,,9000,UNITED STATES,US TOTAL,1908,MONTHLY,8,8,AUG,,2012-01-01 00:00:00.000,0.773,
SURVEY,CROPS,FIELD CROPS,CORN,ALL CLASSES,ALL PRODUCTION PRACTICES,GRAIN,PRICE RECEIVED,$ / BU,"CORN, GRAIN - PRICE RECEIVED, MEASURED IN $ / BU",TOTAL,NOT SPECIFIED,NATIONAL,,99,US,US TOTAL,,,,,,,,0,,,9000,UNITED STATES,US TOTAL,1908,MONTHLY,9,9,SEP,,2012-01-01 00:00:00.000,0.744,
SURVEY,CROPS,FIELD CROPS,CORN,ALL CLASSES,ALL PRODUCTION PRACTICES,GRAIN,PRICE RECEIVED,$ / BU,"CORN, GRAIN - PRICE RECEIVED, MEASURED IN $ / BU",TOTAL,NOT SPECIFIED,NATIONAL,,99,US,US TOTAL,,,,,,,,0,,,9000,UNITED STATES,US TOTAL,1908,MONTHLY,10,10,OCT,,2012-01-01 00:00:00.000,0.679,
SURVEY,CROPS,FIELD CROPS,CORN,ALL CLASSES,ALL PRODUCTION PRACTICES,GRAIN,PRICE RECEIVED,$ / BU,"CORN, GRAIN - PRICE RECEIVED, MEASURED IN $ / BU",TOTAL,NOT SPECIFIED,NATIONAL,,99,US,US TOTAL,,,,,,,,0,,,9000,UNITED STATES,US TOTAL,1908,MONTHLY,11,11,NOV,,2012-01-01 00:00:00.000,0.62,
SURVEY,CROPS,FIELD CROPS,CORN,ALL CLASSES,ALL PRODUCTION PRACTICES,GRAIN,PRICE RECEIVED,$ / BU,"CORN, GRAIN - PRICE RECEIVED, MEASURED IN $ / BU",TOTAL,NOT SPECIFIED,NATIONAL,,99,US,US TOTAL,,,,,,,,0,,,9000,UNITED STATES,US TOTAL,1908,MONTHLY,12,12,DEC,,2012-01-01 00:00:00.000,0.606,
SURVEY,CROPS,FIELD CROPS,CORN,ALL CLASSES,ALL PRODUCTION PRACTICES,GRAIN,PRICE RECEIVED,$ / BU,"CORN, GRAIN - PRICE RECEIVED, MEASURED IN $ / BU",TOTAL,NOT SPECIFIED,NATIONAL,,99,US,US TOTAL,,,,,,,,0,,,9000,UNITED STATES,US TOTAL,1907,ANNUAL,0,0,MARKETING YEAR,,2012-01-01 00:00:00.000,0.505,
SURVEY,CROPS,FIELD CROPS,CORN,ALL CLASSES,ALL PRODUCTION PRACTICES,GRAIN,PRICE RECEIVED,$ / BU,"CORN, GRAIN - PRICE RECEIVED, MEASURED IN $ / BU",TOTAL,NOT SPECIFIED,NATIONAL,,99,US,US TOTAL,,,,,,,,0,,,9000,UNITED STATES,US TOTAL,1906,ANNUAL,0,0,MARKETING YEAR,,2012-01-01 00:00:00.000,0.391,
SURVEY,CROPS,FIELD CROPS,CORN,ALL CLASSES,ALL PRODUCTION PRACTICES,GRAIN,PRICE RECEIVED,$ / BU,"CORN, GRAIN - PRICE RECEIVED, MEASURED IN $ / BU",TOTAL,NOT SPECIFIED,NATIONAL,,99,US,US TOTAL,,,,,,,,0,,,9000,UNITED STATES,US TOTAL,1905,ANNUAL,0,0,MARKETING YEAR,,2012-01-01 00:00:00.000,0.406,
SURVEY,CROPS,FIELD CROPS,CORN,ALL CLASSES,ALL PRODUCTION PRACTICES,GRAIN,PRICE RECEIVED,$ / BU,"CORN, GRAIN - PRICE RECEIVED, MEASURED IN $ / BU",TOTAL,NOT SPECIFIED,NATIONAL,,99,US,US TOTAL,,,,,,,,0,,,9000,UNITED STATES,US TOTAL,1904,ANNUAL,0,0,MARKETING YEAR,,2012-01-01 00:00:00.000,0.436,
SURVEY,CROPS,FIELD CROPS,CORN,ALL CLASSES,ALL PRODUCTION PRACTICES,GRAIN,PRICE RECEIVED,$ / BU,"CORN, GRAIN - PRICE RECEIVED, MEASURED IN $ / BU",TOTAL,NOT SPECIFIED,NATIONAL,,99,US,US TOTAL,,,,,,,,0,,,9000,UNITED STATES,US TOTAL,1903,ANNUAL,0,0,MARKETING YEAR,,2012-01-01 00:00:00.000,0.419,
SURVEY,CROPS,FIELD CROPS,CORN,ALL CLASSES,ALL PRODUCTION PRACTICES,GRAIN,PRICE RECEIVED,$ / BU,"CORN, GRAIN - PRICE RECEIVED, MEASURED IN $ / BU",TOTAL,NOT SPECIFIED,NATIONAL,,99,US,US TOTAL,,,,,,,,0,,,9000,UNITED STATES,US TOTAL,1902,ANNUAL,0,0,MARKETING YEAR,,2012-01-01 00:00:00.000,0.401,
SURVEY,CROPS,FIELD CROPS,CORN,ALL CLASSES,ALL PRODUCTION PRACTICES,GRAIN,PRICE RECEIVED,$ / BU,"CORN, GRAIN - PRICE RECEIVED, MEASURED IN $ / BU",TOTAL,NOT SPECIFIED,NATIONAL,,99,US,US TOTAL,,,,,,,,0,,,9000,UNITED STATES,US TOTAL,1901,ANNUAL,0,0,MARKETING YEAR,,2012-01-01 00:00:00.000,0.6,
SURVEY,CROPS,FIELD CROPS,CORN,ALL CLASSES,ALL PRODUCTION PRACTICES,GRAIN,PRICE RECEIVED,$ / BU,"CORN, GRAIN - PRICE RECEIVED, MEASURED IN $ / BU",TOTAL,NOT SPECIFIED,NATIONAL,,99,US,US TOTAL,,,,,,,,0,,,9000,UNITED STATES,US TOTAL,1900,ANNUAL,0,0,MARKETING YEAR,,2012-01-01 00:00:00.000,0.35,
SURVEY,CROPS,FIELD CROPS,CORN,ALL CLASSES,ALL PRODUCTION PRACTICES,GRAIN,PRICE RECEIVED,$ / BU,"CORN, GRAIN - PRICE RECEIVED, MEASURED IN $ / BU",TOTAL,NOT SPECIFIED,NATIONAL,,99,US,US TOTAL,,,,,,,,0,,,9000,UNITED STATES,US TOTAL,1899,ANNUAL,0,0,MARKETING YEAR,,2012-01-01 00:00:00.000,0.298,
SURVEY,CROPS,FIELD CROPS,CORN,ALL CLASSES,ALL PRODUCTION PRACTICES,GRAIN,PRICE RECEIVED,$ / BU,"CORN, GRAIN - PRICE RECEIVED, MEASURED IN $ / BU",TOTAL,NOT SPECIFIED,NATIONAL,,99,US,US TOTAL,,,,,,,,0,,,9000,UNITED STATES,US TOTAL,1898,ANNUAL,0,0,MARKETING YEAR,,2012-01-01 00:00:00.000,0.285,
SURVEY,CROPS,FIELD CROPS,CORN,ALL CLASSES,ALL PRODUCTION PRACTICES,GRAIN,PRICE RECEIVED,$ / BU,"CORN, GRAIN - PRICE RECEIVED, MEASURED IN $ / BU",TOTAL,NOT SPECIFIED,NATIONAL,,99,US,US TOTAL,,,,,,,,0,,,9000,UNITED STATES,US TOTAL,1897,ANNUAL,0,0,MARKETING YEAR,,2012-01-01 00:00:00.000,0.26,
SURVEY,CROPS,FIELD CROPS,CORN,ALL CLASSES,ALL PRODUCTION PRACTICES,GRAIN,PRICE RECEIVED,$ / BU,"CORN, GRAIN - PRICE RECEIVED, MEASURED IN $ / BU",TOTAL,NOT SPECIFIED,NATIONAL,,99,US,US TOTAL,,,,,,,,0,,,9000,UNITED STATES,US TOTAL,1896,ANNUAL,0,0,MARKETING YEAR,,2012-01-01 00:00:00.000,0.214,
SURVEY,CROPS,FIELD CROPS,CORN,ALL CLASSES,ALL PRODUCTION PRACTICES,GRAIN,PRICE RECEIVED,$ / BU,"CORN, GRAIN - PRICE RECEIVED, MEASURED IN $ / BU",TOTAL,NOT SPECIFIED,NATIONAL,,99,US,US TOTAL,,,,,,,,0,,,9000,UNITED STATES,US TOTAL,1895,ANNUAL,0,0,MARKETING YEAR,,2012-01-01 00:00:00.000,0.252,
SURVEY,CROPS,FIELD CROPS,CORN,ALL CLASSES,ALL PRODUCTION PRACTICES,GRAIN,PRICE RECEIVED,$ / BU,"CORN, GRAIN - PRICE RECEIVED, MEASURED IN $ / BU",TOTAL,NOT SPECIFIED,NATIONAL,,99,US,US TOTAL,,,,,,,,0,,,9000,UNITED STATES,US TOTAL,1894,ANNUAL,0,0,MARKETING YEAR,,2012-01-01 00:00:00.000,0.451,
SURVEY,CROPS,FIELD CROPS,CORN,ALL CLASSES,ALL PRODUCTION PRACTICES,GRAIN,PRICE RECEIVED,$ / BU,"CORN, GRAIN - PRICE RECEIVED, MEASURED IN $ / BU",TOTAL,NOT SPECIFIED,NATIONAL,,99,US,US TOTAL,,,,,,,,0,,,9000,UNITED STATES,US TOTAL,1893,ANNUAL,0,0,MARKETING YEAR,,2012-01-01 00:00:00.000,0.361,
SURVEY,CROPS,FIELD CROPS,CORN,ALL CLASSES,ALL PRODUCTION PRACTICES,GRAIN,PRICE RECEIVED,$ / BU,"CORN, GRAIN - PRICE RECEIVED, MEASURED IN $ / BU",TOTAL,NOT SPECIFIED,NATIONAL,,99,US,US TOTAL,,,,,,,,0,,,9000,UNITED STATES,US TOTAL,1892,ANNUAL,0,0,MARKETING YEAR,,2012-01-01 00:00:00.000,0.393,
SURVEY,CROPS,FIELD CROPS,CORN,ALL CLASSES,ALL PRODUCTION PRACTICES,GRAIN,PRICE RECEIVED,$ / BU,"CORN, GRAIN - PRICE RECEIVED, MEASURED IN $ / BU",TOTAL,NOT SPECIFIED,NATIONAL,,99,US,US TOTAL,,,,,,,,0,,,9000,UNITED STATES,US TOTAL,1891,ANNUAL,0,0,MARKETING YEAR,,2012-01-01 00:00:00.000,0.398,
SURVEY,CROPS,FIELD CROPS,CORN,ALL CLASSES,ALL PRODUCTION PRACTICES,GRAIN,PRICE RECEIVED,$ / BU,"CORN, GRAIN - PRICE RECEIVED, MEASURED IN $ / BU",TOTAL,NOT SPECIFIED,NATIONAL,,99,US,US TOTAL,,,,,,,,0,,,9000,UNITED STATES,US TOTAL,1890,ANNUAL,0,0,MARKETING YEAR,,2012-01-01 00:00:00.000,0.496,
SURVEY,CROPS,FIELD CROPS,CORN,ALL CLASSES,ALL PRODUCTION PRACTICES,GRAIN,PRICE RECEIVED,$ / BU,"CORN, GRAIN - PRICE RECEIVED, MEASURED IN $ / BU",TOTAL,NOT SPECIFIED,NATIONAL,,99,US,US TOTAL,,,,,,,,0,,,9000,UNITED STATES,US TOTAL,1889,ANNUAL,0,0,MARKETING YEAR,,2012-01-01 00:00:00.000,0.275,
SURVEY,CROPS,FIELD CROPS,CORN,ALL CLASSES,ALL PRODUCTION PRACTICES,GRAIN,PRICE RECEIVED,$ / BU,"CORN, GRAIN - PRICE RECEIVED, MEASURED IN $ / BU",TOTAL,NOT SPECIFIED,NATIONAL,,99,US,US TOTAL,,,,,,,,0,,,9000,UNITED STATES,US TOTAL,1888,ANNUAL,0,0,MARKETING YEAR,,2012-01-01 00:00:00.000,0.331,
SURVEY,CROPS,FIELD CROPS,CORN,ALL CLASSES,ALL PRODUCTION PRACTICES,GRAIN,PRICE RECEIVED,$ / BU,"CORN, GRAIN - PRICE RECEIVED, MEASURED IN $ / BU",TOTAL,NOT SPECIFIED,NATIONAL,,99,US,US TOTAL,,,,,,,,0,,,9000,UNITED STATES,US TOTAL,1887,ANNUAL,0,0,MARKETING YEAR,,2012-01-01 00:00:00.000,0.434,
SURVEY,CROPS,FIELD CROPS,CORN,ALL CLASSES,ALL PRODUCTION PRACTICES,GRAIN,PRICE RECEIVED,$ / BU,"CORN, GRAIN - PRICE RECEIVED, MEASURED IN $ / BU",TOTAL,NOT SPECIFIED,NATIONAL,,99,US,US TOTAL,,,,,,,,0,,,9000,UNITED STATES,US TOTAL,1886,ANNUAL,0,0,MARKETING YEAR,,2012-01-01 00:00:00.000,0.357,
SURVEY,CROPS,FIELD CROPS,CORN,ALL CLASSES,ALL PRODUCTION PRACTICES,GRAIN,PRICE RECEIVED,$ / BU,"CORN, GRAIN - PRICE RECEIVED, MEASURED IN $ / BU",TOTAL,NOT SPECIFIED,NATIONAL,,99,US,US TOTAL,,,,,,,,0,,,9000,UNITED STATES,US TOTAL,1885,ANNUAL,0,0,MARKETING YEAR,,2012-01-01 00:00:00.000,0.322,
SURVEY,CROPS,FIELD CROPS,CORN,ALL CLASSES,ALL PRODUCTION PRACTICES,GRAIN,PRICE RECEIVED,$ / BU,"CORN, GRAIN - PRICE RECEIVED, MEASURED IN $ / BU",TOTAL,NOT SPECIFIED,NATIONAL,,99,US,US TOTAL,,,,,,,,0,,,9000,UNITED STATES,US TOTAL,1884,ANNUAL,0,0,MARKETING YEAR,,2012-01-01 00:00:00.000,0.349,
SURVEY,CROPS,FIELD CROPS,CORN,ALL CLASSES,ALL PRODUCTION PRACTICES,GRAIN,PRICE RECEIVED,$ / BU,"CORN, GRAIN - PRICE RECEIVED, MEASURED IN $ / BU",TOTAL,NOT SPECIFIED,NATIONAL,,99,US,US TOTAL,,,,,,,,0,,,9000,UNITED STATES,US TOTAL,1883,ANNUAL,0,0,MARKETING YEAR,,2012-01-01 00:00:00.000,0.418,
SURVEY,CROPS,FIELD CROPS,CORN,ALL CLASSES,ALL PRODUCTION PRACTICES,GRAIN,PRICE RECEIVED,$ / BU,"CORN, GRAIN - PRICE RECEIVED, MEASURED IN $ / BU",TOTAL,NOT SPECIFIED,NATIONAL,,99,US,US TOTAL,,,,,,,,0,,,9000,UNITED STATES,US TOTAL,1882,ANNUAL,0,0,MARKETING YEAR,,2012-01-01 00:00:00.000,0.481,
SURVEY,CROPS,FIELD CROPS,CORN,ALL CLASSES,ALL PRODUCTION PRACTICES,GRAIN,PRICE RECEIVED,$ / BU,"CORN, GRAIN - PRICE RECEIVED, MEASURED IN $ / BU",TOTAL,NOT SPECIFIED,NATIONAL,,99,US,US TOTAL,,,,,,,,0,,,9000,UNITED STATES,US TOTAL,1881,ANNUAL,0,0,MARKETING YEAR,,2012-01-01 00:00:00.000,0.628,
SURVEY,CROPS,FIELD CROPS,CORN,ALL CLASSES,ALL PRODUCTION PRACTICES,GRAIN,PRICE RECEIVED,$ / BU,"CORN, GRAIN - PRICE RECEIVED, MEASURED IN $ / BU",TOTAL,NOT SPECIFIED,NATIONAL,,99,US,US TOTAL,,,,,,,,0,,,9000,UNITED STATES,US TOTAL,1880,ANNUAL,0,0,MARKETING YEAR,,2012-01-01 00:00:00.000,0.39,
SURVEY,CROPS,FIELD CROPS,CORN,ALL CLASSES,ALL PRODUCTION PRACTICES,GRAIN,PRICE RECEIVED,$ / BU,"CORN, GRAIN - PRICE RECEIVED, MEASURED IN $ / BU",TOTAL,NOT SPECIFIED,NATIONAL,,99,US,US TOTAL,,,,,,,,0,,,9000,UNITED STATES,US TOTAL,1879,ANNUAL,0,0,MARKETING YEAR,,2012-01-01 00:00:00.000,0.364,
SURVEY,CROPS,FIELD CROPS,CORN,ALL CLASSES,ALL PRODUCTION PRACTICES,GRAIN,PRICE RECEIVED,$ / BU,"CORN, GRAIN - PRICE RECEIVED, MEASURED IN $ / BU",TOTAL,NOT SPECIFIED,NATIONAL,,99,US,US TOTAL,,,,,,,,0,,,9000,UNITED STATES,US TOTAL,1878,ANNUAL,0,0,MARKETING YEAR,,2012-01-01 00:00:00.000,0.313,
SURVEY,CROPS,FIELD CROPS,CORN,ALL CLASSES,ALL PRODUCTION PRACTICES,GRAIN,PRICE RECEIVED,$ / BU,"CORN, GRAIN - PRICE RECEIVED, MEASURED IN $ / BU",TOTAL,NOT SPECIFIED,NATIONAL,,99,US,US TOTAL,,,,,,,,0,,,9000,UNITED STATES,US TOTAL,1877,ANNUAL,0,0,MARKETING YEAR,,2012-01-01 00:00:00.000,0.357,
SURVEY,CROPS,FIELD CROPS,CORN,ALL CLASSES,ALL PRODUCTION PRACTICES,GRAIN,PRICE RECEIVED,$ / BU,"CORN, GRAIN - PRICE RECEIVED, MEASURED IN $ / BU",TOTAL,NOT SPECIFIED,NATIONAL,,99,US,US TOTAL,,,,,,,,0,,,9000,UNITED STATES,US TOTAL,1876,ANNUAL,0,0,MARKETING YEAR,,2012-01-01 00:00:00.000,0.361,
SURVEY,CROPS,FIELD CROPS,CORN,ALL CLASSES,ALL PRODUCTION PRACTICES,GRAIN,PRICE RECEIVED,$ / BU,"CORN, GRAIN - PRICE RECEIVED, MEASURED IN $ / BU",TOTAL,NOT SPECIFIED,NATIONAL,,99,US,US TOTAL,,,,,,,,0,,,9000,UNITED STATES,US TOTAL,1875,ANNUAL,0,0,MARKETING YEAR,,2012-01-01 00:00:00.000,0.419,
SURVEY,CROPS,FIELD CROPS,CORN,ALL CLASSES,ALL PRODUCTION PRACTICES,GRAIN,PRICE RECEIVED,$ / BU,"CORN, GRAIN - PRICE RECEIVED, MEASURED IN $ / BU",TOTAL,NOT SPECIFIED,NATIONAL,,99,US,US TOTAL,,,,,,,,0,,,9000,UNITED STATES,US TOTAL,1874,ANNUAL,0,0,MARKETING YEAR,,2012-01-01 00:00:00.000,0.641,
SURVEY,CROPS,FIELD CROPS,CORN,ALL CLASSES,ALL PRODUCTION PRACTICES,GRAIN,PRICE RECEIVED,$ / BU,"CORN, GRAIN - PRICE RECEIVED, MEASURED IN $ / BU",TOTAL,NOT SPECIFIED,NATIONAL,,99,US,US TOTAL,,,,,,,,0,,,9000,UNITED STATES,US TOTAL,1873,ANNUAL,0,0,MARKETING YEAR,,2012-01-01 00:00:00.000,0.483,
SURVEY,CROPS,FIELD CROPS,CORN,ALL CLASSES,ALL PRODUCTION PRACTICES,GRAIN,PRICE RECEIVED,$ / BU,"CORN, GRAIN - PRICE RECEIVED, MEASURED IN $ / BU",TOTAL,NOT SPECIFIED,NATIONAL,,99,US,US TOTAL,,,,,,,,0,,,9000,UNITED STATES,US TOTAL,1872,ANNUAL,0,0,MARKETING YEAR,,2012-01-01 00:00:00.000,0.383,
SURVEY,CROPS,FIELD CROPS,CORN,ALL CLASSES,ALL PRODUCTION PRACTICES,GRAIN,PRICE RECEIVED,$ / BU,"CORN, GRAIN - PRICE RECEIVED, MEASURED IN $ / BU",TOTAL,NOT SPECIFIED,NATIONAL,,99,US,US TOTAL,,,,,,,,0,,,9000,UNITED STATES,US TOTAL,1871,ANNUAL,0,0,MARKETING YEAR,,2012-01-01 00:00:00.000,0.464,
SURVEY,CROPS,FIELD CROPS,CORN,ALL CLASSES,ALL PRODUCTION PRACTICES,GRAIN,PRICE RECEIVED,$ / BU,"CORN, GRAIN - PRICE RECEIVED, MEASURED IN $ / BU",TOTAL,NOT SPECIFIED,NATIONAL,,99,US,US TOTAL,,,,,,,,0,,,9000,UNITED STATES,US TOTAL,1870,ANNUAL,0,0,MARKETING YEAR,,2012-01-01 00:00:00.000,0.521,
SURVEY,CROPS,FIELD CROPS,CORN,ALL CLASSES,ALL PRODUCTION PRACTICES,GRAIN,PRICE RECEIVED,$ / BU,"CORN, GRAIN - PRICE RECEIVED, MEASURED IN $ / BU",TOTAL,NOT SPECIFIED,NATIONAL,,99,US,US TOTAL,,,,,,,,0,,,9000,UNITED STATES,US TOTAL,1869,ANNUAL,0,0,MARKETING YEAR,,2012-01-01 00:00:00.000,0.725,
SURVEY,CROPS,FIELD CROPS,CORN,ALL CLASSES,ALL PRODUCTION PRACTICES,GRAIN,PRICE RECEIVED,$ / BU,"CORN, GRAIN - PRICE RECEIVED, MEASURED IN $ / BU",TOTAL,NOT SPECIFIED,NATIONAL,,99,US,US TOTAL,,,,,,,,0,,,9000,UNITED STATES,US TOTAL,1868,ANNUAL,0,0,MARKETING YEAR,,2012-01-01 00:00:00.000,0.617,
SURVEY,CROPS,FIELD CROPS,CORN,ALL CLASSES,ALL PRODUCTION PRACTICES,GRAIN,PRICE RECEIVED,$ / BU,"CORN, GRAIN - PRICE RECEIVED, MEASURED IN $ / BU",TOTAL,NOT SPECIFIED,NATIONAL,,99,US,US TOTAL,,,,,,,,0,,,9000,UNITED STATES,US TOTAL,1867,ANNUAL,0,0,MARKETING YEAR,,2012-01-01 00:00:00.000,0.781,
SURVEY,CROPS,FIELD CROPS,CORN,ALL CLASSES,ALL PRODUCTION PRACTICES,GRAIN,PRICE RECEIVED,$ / BU,"CORN, GRAIN - PRICE RECEIVED, MEASURED IN $ / BU",TOTAL,NOT SPECIFIED,NATIONAL,,99,US,US TOTAL,,,,,,,,0,,,9000,UNITED STATES,US TOTAL,1866,ANNUAL,0,0,MARKETING YEAR,,2012-01-01 00:00:00.000,0.657,
SURVEY,CROPS,FIELD CROPS,CORN,ALL CLASSES,ALL PRODUCTION PRACTICES,GRAIN,PRICE RECEIVED,PCT OF PARITY,"CORN, GRAIN - PRICE RECEIVED, MEASURED IN PCT OF PARITY",TOTAL,NOT SPECIFIED,NATIONAL,,99,US,US TOTAL,,,,,,,,0,,,9000,UNITED STATES,US TOTAL,2026,MONTHLY,1,1,JAN,,2026-06-29 15:00:00.000,25.0,
SURVEY,CROPS,FIELD CROPS,CORN,ALL CLASSES,ALL PRODUCTION PRACTICES,GRAIN,PRICE RECEIVED,PCT OF PARITY,"CORN, GRAIN - PRICE RECEIVED, MEASURED IN PCT OF PARITY",TOTAL,NOT SPECIFIED,NATIONAL,,99,US,US TOTAL,,,,,,,,0,,,9000,UNITED STATES,US TOTAL,2026,MONTHLY,2,2,FEB,,2026-06-29 15:00:00.000,25.0,
SURVEY,CROPS,FIELD CROPS,CORN,ALL CLASSES,ALL PRODUCTION PRACTICES,GRAIN,PRICE RECEIVED,PCT OF PARITY,"CORN, GRAIN - PRICE RECEIVED, MEASURED IN PCT OF PARITY",TOTAL,NOT SPECIFIED,NATIONAL,,99,US,US TOTAL,,,,,,,,0,,,9000,UNITED STATES,US TOTAL,2026,MONTHLY,3,3,MAR,,2026-06-29 15:00:00.000,26.0,
SURVEY,CROPS,FIELD CROPS,CORN,ALL CLASSES,ALL PRODUCTION PRACTICES,GRAIN,PRICE RECEIVED,PCT OF PARITY,"CORN, GRAIN - PRICE RECEIVED, MEASURED IN PCT OF PARITY",TOTAL,NOT SPECIFIED,NATIONAL,,99,US,US TOTAL,,,,,,,,0,,,9000,UNITED STATES,US TOTAL,2026,MONTHLY,4,4,APR,,2026-06-29 15:00:00.000,26.0,
SURVEY,CROPS,FIELD CROPS,CORN,ALL CLASSES,ALL PRODUCTION PRACTICES,GRAIN,PRICE RECEIVED,PCT OF PARITY,"CORN, GRAIN - PRICE RECEIVED, MEASURED IN PCT OF PARITY",TOTAL,NOT SPECIFIED,NATIONAL,,99,US,US TOTAL,,,,,,,,0,,,9000,UNITED STATES,US TOTAL,2026,MONTHLY,5,5,MAY,,2026-06-29 15:00:00.000,27.0,
SURVEY,CROPS,FIELD CROPS,CORN,ALL CLASSES,ALL PRODUCTION PRACTICES,GRAIN,PRICE RECEIVED,PCT OF PARITY,"CORN, GRAIN - PRICE RECEIVED, MEASURED IN PCT OF PARITY",TOTAL,NOT SPECIFIED,NATIONAL,,99,US,US TOTAL,,,,,,,,0,,,9000,UNITED STATES,US TOTAL,2025,MONTHLY,1,1,JAN,,2026-06-29 15:00:00.000,28.0,
SURVEY,CROPS,FIELD CROPS,CORN,ALL CLASSES,ALL PRODUCTION PRACTICES,GRAIN,PRICE RECEIVED,PCT OF PARITY,"CORN, GRAIN - PRICE RECEIVED, MEASURED IN PCT OF PARITY",TOTAL,NOT SPECIFIED,NATIONAL,,99,US,US TOTAL,,,,,,,,0,,,9000,UNITED STATES,US TOTAL,2025,MONTHLY,2,2,FEB,,2026-06-29 15:00:00.000,29.0,
SURVEY,CROPS,FIELD CROPS,CORN,ALL CLASSES,ALL PRODUCTION PRACTICES,GRAIN,PRICE RECEIVED,PCT OF PARITY,"CORN, GRAIN - PRICE RECEIVED, MEASURED IN PCT OF PARITY",TOTAL,NOT SPECIFIED,NATIONAL,,99,US,US TOTAL,,,,,,,,0,,,9000,UNITED STATES,US TOTAL,2025,MONTHLY,3,3,MAR,,2026-06-29 15:00:00.000,29.0,
SURVEY,CROPS,FIELD CROPS,CORN,ALL CLASSES,ALL PRODUCTION PRACTICES,GRAIN,PRICE RECEIVED,PCT OF PARITY,"CORN, GRAIN - PRICE RECEIVED, MEASURED IN PCT OF PARITY",TOTAL,NOT SPECIFIED,NATIONAL,,99,US,US TOTAL,,,,,,,,0,,,9000,UNITED STATES,US TOTAL,2025,MONTHLY,4,4,APR,,2026-06-29 15:00:00.000,29.0,
SURVEY,CROPS,FIELD CROPS,CORN,ALL CLASSES,ALL PRODUCTION PRACTICES,GRAIN,PRICE RECEIVED,PCT OF PARITY,"CORN, GRAIN - PRICE RECEIVED, MEASURED IN PCT OF PARITY",TOTAL,NOT SPECIFIED,NATIONAL,,99,US,US TOTAL,,,,,,,,0,,,9000,UNITED STATES,US TOTAL,2025,MONTHLY,5,5,MAY,,2026-06-29 15:00:00.000,29.0,
SURVEY,CROPS,FIELD CROPS,CORN,ALL CLASSES,ALL PRODUCTION PRACTICES,GRAIN,PRICE RECEIVED,PCT OF PARITY,"CORN, GRAIN - PRICE RECEIVED, MEASURED IN PCT OF PARITY",TOTAL,NOT SPECIFIED,NATIONAL,,99,US,US TOTAL,,,,,,,,0,,,9000,UNITED STATES,US TOTAL,2025,MONTHLY,6,6,JUN,,2026-06-29 15:00:00.000,28.0,
SURVEY,CROPS,FIELD CROPS,CORN,ALL CLASSES,ALL PRODUCTION PRACTICES,GRAIN,PRICE RECEIVED,PCT OF PARITY,"CORN, GRAIN - PRICE RECEIVED, MEASURED IN PCT OF PARITY",TOTAL,NOT SPECIFIED,NATIONAL,,99,US,US TOTAL,,,,,,,,0,,,9000,UNITED STATES,US TOTAL,2025,MONTHLY,7,7,JUL,,2026-06-29 15:00:00.000,27.0,
SURVEY,CROPS,FIELD CROPS,CORN,ALL CLASSES,ALL PRODUCTION PRACTICES,GRAIN,PRICE RECEIVED,PCT OF PARITY,"CORN, GRAIN - PRICE RECEIVED, MEASURED IN PCT OF PARITY",TOTAL,NOT SPECIFIED,NATIONAL,,99,US,US TOTAL,,,,,,,,0,,,9000,UNITED STATES,US TOTAL,2025,MONTHLY,8,8,AUG,,2026-06-29 15:00:00.000,25.0,
SURVEY,CROPS,FIELD CROPS,CORN,ALL CLASSES,ALL PRODUCTION PRACTICES,GRAIN,PRICE RECEIVED,PCT OF PARITY,"CORN, GRAIN - PRICE RECEIVED, MEASURED IN PCT OF PARITY",TOTAL,NOT SPECIFIED,NATIONAL,,99,US,US TOTAL,,,,,,,,0,,,9000,UNITED STATES,US TOTAL,2025,MONTHLY,9,9,SEP,,2026-06-29 15:00:00.000,25.0,
SURVEY,CROPS,FIELD CROPS,CORN,ALL CLASSES,ALL PRODUCTION PRACTICES,GRAIN,PRICE RECEIVED,PCT OF PARITY,"CORN, GRAIN - PRICE RECEIVED, MEASURED IN PCT OF PARITY",TOTAL,NOT SPECIFIED,NATIONAL,,99,US,US TOTAL,,,,,,,,0,,,9000,UNITED STATES,US TOTAL,2025,MONTHLY,10,10,OCT,,2026-06-29 15:00:00.000,24.0,
SURVEY,CROPS,FIELD CROPS,CORN,ALL CLASSES,ALL PRODUCTION PRACTICES,GRAIN,PRICE RECEIVED,PCT OF PARITY,"CORN, GRAIN - PRICE RECEIVED, MEASURED IN PCT OF PARITY",TOTAL,NOT SPECIFIED,NATIONAL,,99,US,US TOTAL,,,,,,,,0,,,9000,UNITED STATES,US TOTAL,2025,MONTHLY,11,11,NOV,,2026-06-29 15:00:00.000,25.0,
SURVEY,CROPS,FIELD CROPS,CORN,ALL CLASSES,ALL PRODUCTION PRACTICES,GRAIN,PRICE RECEIVED,PCT OF PARITY,"CORN, GRAIN - PRICE RECEIVED, MEASURED IN PCT OF PARITY",TOTAL,NOT SPECIFIED,NATIONAL,,99,US,US TOTAL,,,,,,,,0,,,9000,UNITED STATES,US TOTAL,2025,MONTHLY,12,12,DEC,,2026-06-29 15:00:00.000,25.0,
SURVEY,CROPS,FIELD CROPS,CORN,ALL CLASSES,ALL PRODUCTION PRACTICES,GRAIN,PRICE RECEIVED,PCT OF PARITY,"CORN, GRAIN - PRICE RECEIVED, MEASURED IN PCT OF PARITY",TOTAL,NOT SPECIFIED,NATIONAL,,99,US,US TOTAL,,,,,,,,0,,,9000,UNITED STATES,US TOTAL,2024,MONTHLY,1,1,JAN,,2026-06-29 15:00:00.000,32.0,
SURVEY,CROPS,FIELD CROPS,CORN,ALL CLASSES,ALL PRODUCTION PRACTICES,GRAIN,PRICE RECEIVED,PCT OF PARITY,"CORN, GRAIN - PRICE RECEIVED, MEASURED IN PCT OF PARITY",TOTAL,NOT SPECIFIED,NATIONAL,,99,US,US TOTAL,,,,,,,,0,,,9000,UNITED STATES,US TOTAL,2024,MONTHLY,2,2,FEB,,2026-06-29 15:00:00.000,29.0,
SURVEY,CROPS,FIELD CROPS,CORN,ALL CLASSES,ALL PRODUCTION PRACTICES,GRAIN,PRICE RECEIVED,PCT OF PARITY,"CORN, GRAIN - PRICE RECEIVED, MEASURED IN PCT OF PARITY",TOTAL,NOT SPECIFIED,NATIONAL,,99,US,US TOTAL,,,,,,,,0,,,9000,UNITED STATES,US TOTAL,2024,MONTHLY,3,3,MAR,,2026-06-29 15:00:00.000,29.0,
SURVEY,CROPS,FIELD CROPS,CORN,ALL CLASSES,ALL PRODUCTION PRACTICES,GRAIN,PRICE RECEIVED,PCT OF PARITY,"CORN, GRAIN - PRICE RECEIVED, MEASURED IN PCT OF PARITY",TOTAL,NOT SPECIFIED,NATIONAL,,99,US,US TOTAL,,,,,,,,0,,,9000,UNITED STATES,US TOTAL,2024,MONTHLY,4,4,APR,,2026-06-29 15:00:00.000,29.0,
SURVEY,CROPS,FIELD CROPS,CORN,ALL CLASSES,ALL PRODUCTION PRACTICES,GRAIN,PRICE RECEIVED,PCT OF PARITY,"CORN, GRAIN - PRICE RECEIVED, MEASURED IN PCT OF PARITY",TOTAL,NOT SPECIFIED,NATIONAL,,99,US,US TOTAL,,,,,,,,0,,,9000,UNITED STATES,US TOTAL,2024,MONTHLY,5,5,MAY,,2026-06-29 15:00:00.000,30.0,
SURVEY,CROPS,FIELD CROPS,CORN,ALL CLASSES,ALL PRODUCTION PRACTICES,GRAIN,PRICE RECEIVED,PCT OF PARITY,"CORN, GRAIN - PRICE RECEIVED, MEASURED IN PCT OF PARITY",TOTAL,NOT SPECIFIED,NATIONAL,,99,US,US TOTAL,,,,,,,,0,,,9000,UNITED STATES,US TOTAL,2024,MONTHLY,6,6,JUN,,2026-06-29 15:00:00.000,30.0,
SURVEY,CROPS,FIELD CROPS,CORN,ALL CLASSES,ALL PRODUCTION PRACTICES,GRAIN,PRICE RECEIVED,PCT OF PARITY,"CORN, GRAIN - PRICE RECEIVED, MEASURED IN PCT OF PARITY",TOTAL,NOT SPECIFIED,NATIONAL,,99,US,US TOTAL,,,,,,,,0,,,9000,UNITED STATES,US TOTAL,2024,MONTHLY,7,7,JUL,,2026-06-29 15:00:00.000,28.0,
SURVEY,CROPS,FIELD CROPS,CORN,ALL CLASSES,ALL PRODUCTION PRACTICES,GRAIN,PRICE RECEIVED,PCT OF PARITY,"CORN, GRAIN - PRICE RECEIVED, MEASURED IN PCT OF PARITY",TOTAL,NOT SPECIFIED,NATIONAL,,99,US,US TOTAL,,,,,,,,0,,,9000,UNITED STATES,US TOTAL,2024,MONTHLY,8,8,AUG,,2026-06-29 15:00:00.000,26.0,
SURVEY,CROPS,FIELD CROPS,CORN,ALL CLASSES,ALL PRODUCTION PRACTICES,GRAIN,PRICE RECEIVED,PCT OF PARITY,"CORN, GRAIN - PRICE RECEIVED, MEASURED IN PCT OF PARITY",TOTAL,NOT SPECIFIED,NATIONAL,,99,US,US TOTAL,,,,,,,,0,,,9000,UNITED STATES,US TOTAL,2024,MONTHLY,9,9,SEP,,2026-06-29 15:00:00.000,27.0,
SURVEY,CROPS,FIELD CROPS,CORN,ALL CLASSES,ALL PRODUCTION PRACTICES,GRAIN,PRICE RECEIVED,PCT OF PARITY,"CORN, GRAIN - PRICE RECEIVED, MEASURED IN PCT OF PARITY",TOTAL,NOT SPECIFIED,NATIONAL,,99,US,US TOTAL,,,,,,,,0,,,9000,UNITED STATES,US TOTAL,2024,MONTHLY,10,10,OCT,,2026-06-29 15:00:00.000,27.0,
SURVEY,CROPS,FIELD CROPS,CORN,ALL CLASSES,ALL PRODUCTION PRACTICES,GRAIN,PRICE RECEIVED,PCT OF PARITY,"CORN, GRAIN - PRICE RECEIVED, MEASURED IN PCT OF PARITY",TOTAL,NOT SPECIFIED,NATIONAL,,99,US,US TOTAL,,,,,,,,0,,,9000,UNITED STATES,US TOTAL,2024,MONTHLY,11,11,NOV,,2026-06-29 15:00:00.000,27.0,
SURVEY,CROPS,FIELD CROPS,CORN,ALL CLASSES,ALL PRODUCTION PRACTICES,GRAIN,PRICE RECEIVED,PCT OF PARITY,"CORN, GRAIN - PRICE RECEIVED, MEASURED IN PCT OF PARITY",TOTAL,NOT SPECIFIED,NATIONAL,,99,US,US TOTAL,,,,,,,,0,,,9000,UNITED STATES,US TOTAL,2024,MONTHLY,12,12,DEC,,2026-06-29 15:00:00.000,28.0,
SURVEY,CROPS,FIELD CROPS,CORN,ALL CLASSES,ALL PRODUCTION PRACTICES,GRAIN,PRICE RECEIVED,PCT OF PARITY,"CORN, GRAIN - PRICE RECEIVED, MEASURED IN PCT OF PARITY",TOTAL,NOT SPECIFIED,NATIONAL,,99,US,US TOTAL,,,,,,,,0,,,9000,UNITED STATES,US TOTAL,2023,MONTHLY,1,1,JAN,,2026-06-29 15:00:00.000,43.0,
SURVEY,CROPS,FIELD CROPS,CORN,ALL CLASSES,ALL PRODUCTION PRACTICES,GRAIN,PRICE RECEIVED,PCT OF PARITY,"CORN, GRAIN - PRICE RECEIVED, MEASURED IN PCT OF PARITY",TOTAL,NOT SPECIFIED,NATIONAL,,99,US,US TOTAL,,,,,,,,0,,,9000,UNITED STATES,US TOTAL,2023,MONTHLY,2,2,FEB,,2026-06-29 15:00:00.000,44.0,
SURVEY,CROPS,FIELD CROPS,CORN,ALL CLASSES,ALL PRODUCTION PRACTICES,GRAIN,PRICE RECEIVED,PCT OF PARITY,"CORN, GRAIN - PRICE RECEIVED, MEASURED IN PCT OF PARITY",TOTAL,NOT SPECIFIED,NATIONAL,,99,US,US TOTAL,,,,,,,,0,,,9000,UNITED STATES,US TOTAL,2023,MONTHLY,3,3,MAR,,2026-06-29 15:00:00.000,43.0,
SURVEY,CROPS,FIELD CROPS,CORN,ALL CLASSES,ALL PRODUCTION PRACTICES,GRAIN,PRICE RECEIVED,PCT OF PARITY,"CORN, GRAIN - PRICE RECEIVED, MEASURED IN PCT OF PARITY",TOTAL,NOT SPECIFIED,NATIONAL,,99,US,US TOTAL,,,,,,,,0,,,9000,UNITED STATES,US TOTAL,2023,MONTHLY,4,4,APR,,2026-06-29 15:00:00.000,44.0,
SURVEY,CROPS,FIELD CROPS,CORN,ALL CLASSES,ALL PRODUCTION PRACTICES,GRAIN,PRICE RECEIVED,PCT OF PARITY,"CORN, GRAIN - PRICE RECEIVED, MEASURED IN PCT OF PARITY",TOTAL,NOT SPECIFIED,NATIONAL,,99,US,US TOTAL,,,,,,,,0,,,9000,UNITED STATES,US TOTAL,2023,MONTHLY,5,5,MAY,,2026-06-29 15:00:00.000,43.0,
SURVEY,CROPS,FIELD CROPS,CORN,ALL CLASSES,ALL PRODUCTION PRACTICES,GRAIN,PRICE RECEIVED,PCT OF PARITY,"CORN, GRAIN - PRICE RECEIVED, MEASURED IN PCT OF PARITY",TOTAL,NOT SPECIFIED,NATIONAL,,99,US,US TOTAL,,,,,,,,0,,,9000,UNITED STATES,US TOTAL,2023,MONTHLY,6,6,JUN,,2026-06-29 15:00:00.000,42.0,
SURVEY,CROPS,FIELD CROPS,CORN,ALL CLASSES,ALL PRODUCTION PRACTICES,GRAIN,PRICE RECEIVED,PCT OF PARITY,"CORN, GRAIN - PRICE RECEIVED, MEASURED IN PCT OF PARITY",TOTAL,NOT SPECIFIED,NATIONAL,,99,US,US TOTAL,,,,,,,,0,,,9000,UNITED STATES,US TOTAL,2023,MONTHLY,7,7,JUL,,2026-06-29 15:00:00.000,41.0,
SURVEY,CROPS,FIELD CROPS,CORN,ALL CLASSES,ALL PRODUCTION PRACTICES,GRAIN,PRICE RECEIVED,PCT OF PARITY,"CORN, GRAIN - PRICE RECEIVED, MEASURED IN PCT OF PARITY",TOTAL,NOT SPECIFIED,NATIONAL,,99,US,US TOTAL,,,,,,,,0,,,9000,UNITED STATES,US TOTAL,2023,MONTHLY,8,8,AUG,,2026-06-29 15:00:00.000,38.0,
SURVEY,CROPS,FIELD CROPS,CORN,ALL CLASSES,ALL PRODUCTION PRACTICES,GRAIN,PRICE RECEIVED,PCT OF PARITY,"CORN, GRAIN - PRICE RECEIVED, MEASURED IN PCT OF PARITY",TOTAL,NOT SPECIFIED,NATIONAL,,99,US,US TOTAL,,,,,,,,0,,,9000,UNITED STATES,US TOTAL,2023,MONTHLY,9,9,SEP,,2026-06-29 15:00:00.000,34.0,
SURVEY,CROPS,FIELD CROPS,CORN,ALL CLASSES,ALL PRODUCTION PRACTICES,GRAIN,PRICE RECEIVED,PCT OF PARITY,"CORN, GRAIN - PRICE RECEIVED, MEASURED IN PCT OF PARITY",TOTAL,NOT SPECIFIED,NATIONAL,,99,US,US TOTAL,,,,,,,,0,,,9000,UNITED STATES,US TOTAL,2023,MONTHLY,10,10,OCT,,2026-06-29 15:00:00.000,32.0,
SURVEY,CROPS,FIELD CROPS,CORN,ALL CLASSES,ALL PRODUCTION PRACTICES,GRAIN,PRICE RECEIVED,PCT OF PARITY,"CORN, GRAIN - PRICE RECEIVED, MEASURED IN PCT OF PARITY",TOTAL,NOT SPECIFIED,NATIONAL,,99,US,US TOTAL,,,,,,,,0,,,9000,UNITED STATES,US TOTAL,2023,MONTHLY,11,11,NOV,,2026-06-29 15:00:00.000,31.0,
SURVEY,CROPS,FIELD CROPS,CORN,ALL CLASSES,ALL PRODUCTION PRACTICES,GRAIN,PRICE RECEIVED,PCT OF PARITY,"CORN, GRAIN - PRICE RECEIVED, MEASURED IN PCT OF PARITY",TOTAL,NOT SPECIFIED,NATIONAL,,99,US,US TOTAL,,,,,,,,0,,,9000,UNITED STATES,US TOTAL,2023,MONTHLY,12,12,DEC,,2026-06-29 15:00:00.000,32.0,
SURVEY,CROPS,FIELD CROPS,CORN,ALL CLASSES,ALL PRODUCTION PRACTICES,GRAIN,PRICE RECEIVED,PCT OF PARITY,"CORN, GRAIN - PRICE RECEIVED, MEASURED IN PCT OF PARITY",TOTAL,NOT SPECIFIED,NATIONAL,,99,US,US TOTAL,,,,,,,,0,,,9000,UNITED STATES,US TOTAL,2022,MONTHLY,1,1,JAN,,2026-02-27 15:00:00.000,41.0,
SURVEY,CROPS,FIELD CROPS,CORN,ALL CLASSES,ALL PRODUCTION PRACTICES,GRAIN,PRICE RECEIVED,PCT OF PARITY,"CORN, GRAIN - PRICE RECEIVED, MEASURED IN PCT OF PARITY",TOTAL,NOT SPECIFIED,NATIONAL,,99,US,US TOTAL,,,,,,,,0,,,9000,UNITED STATES,US TOTAL,2022,MONTHLY,2,2,FEB,,2026-03-30 15:00:00.000,44.0,
SURVEY,CROPS,FIELD CROPS,CORN,ALL CLASSES,ALL PRODUCTION PRACTICES,GRAIN,PRICE RECEIVED,PCT OF PARITY,"CORN, GRAIN - PRICE RECEIVED, MEASURED IN PCT OF PARITY",TOTAL,NOT SPECIFIED,NATIONAL,,99,US,US TOTAL,,,,,,,,0,,,9000,UNITED STATES,US TOTAL,2022,MONTHLY,3,3,MAR,,2026-04-30 15:00:00.000,45.0,
SURVEY,CROPS,FIELD CROPS,CORN,ALL CLASSES,ALL PRODUCTION PRACTICES,GRAIN,PRICE RECEIVED,PCT OF PARITY,"CORN, GRAIN - PRICE RECEIVED, MEASURED IN PCT OF PARITY",TOTAL,NOT SPECIFIED,NATIONAL,,99,US,US TOTAL,,,,,,,,0,,,9000,UNITED STATES,US TOTAL,2022,MONTHLY,4,4,APR,,2026-05-29 15:00:00.000,48.0,
SURVEY,CROPS,FIELD CROPS,CORN,ALL CLASSES,ALL PRODUCTION PRACTICES,GRAIN,PRICE RECEIVED,PCT OF PARITY,"CORN, GRAIN - PRICE RECEIVED, MEASURED IN PCT OF PARITY",TOTAL,NOT SPECIFIED,NATIONAL,,99,US,US TOTAL,,,,,,,,0,,,9000,UNITED STATES,US TOTAL,2022,MONTHLY,5,5,MAY,,2026-06-29 15:00:00.000,49.0,
SURVEY,CROPS,FIELD CROPS,CORN,ALL CLASSES,ALL PRODUCTION PRACTICES,GRAIN,PRICE RECEIVED,PCT OF PARITY,"CORN, GRAIN - PRICE RECEIVED, MEASURED IN PCT OF PARITY",TOTAL,NOT SPECIFIED,NATIONAL,,99,US,US TOTAL,,,,,,,,0,,,9000,UNITED STATES,US TOTAL,2022,MONTHLY,6,6,JUN,,2026-06-29 15:00:00.000,50.0,
SURVEY,CROPS,FIELD CROPS,CORN,ALL CLASSES,ALL PRODUCTION PRACTICES,GRAIN,PRICE RECEIVED,PCT OF PARITY,"CORN, GRAIN - PRICE RECEIVED, MEASURED IN PCT OF PARITY",TOTAL,NOT SPECIFIED,NATIONAL,,99,US,US TOTAL,,,,,,,,0,,,9000,UNITED STATES,US TOTAL,2022,MONTHLY,7,7,JUL,,2026-06-29 15:00:00.000,48.0,
SURVEY,CROPS,FIELD CROPS,CORN,ALL CLASSES,ALL PRODUCTION PRACTICES,GRAIN,PRICE RECEIVED,PCT OF PARITY,"CORN, GRAIN - PRICE RECEIVED, MEASURED IN PCT OF PARITY",TOTAL,NOT SPECIFIED,NATIONAL,,99,US,US TOTAL,,,,,,,,0,,,9000,UNITED STATES,US TOTAL,2022,MONTHLY,8,8,AUG,,2026-06-29 15:00:00.000,48.0,
SURVEY,CROPS,FIELD CROPS,CORN,ALL CLASSES,ALL PRODUCTION PRACTICES,GRAIN,PRICE RECEIVED,PCT OF PARITY,"CORN, GRAIN - PRICE RECEIVED, MEASURED IN PCT OF PARITY",TOTAL,NOT SPECIFIED,NATIONAL,,99,US,US TOTAL,,,,,,,,0,,,9000,UNITED STATES,US TOTAL,2022,MONTHLY,9,9,SEP,,2026-06-29 15:00:00.000,47.0,
SURVEY,CROPS,FIELD CROPS,CORN,ALL CLASSES,ALL PRODUCTION PRACTICES,GRAIN,PRICE RECEIVED,PCT OF PARITY,"CORN, GRAIN - PRICE RECEIVED, MEASURED IN PCT OF PARITY",TOTAL,NOT SPECIFIED,NATIONAL,,99,US,US TOTAL,,,,,,,,0,,,9000,UNITED STATES,US TOTAL,2022,MONTHLY,10,10,OCT,,2026-06-29 15:00:00.000,43.0,
SURVEY,CROPS,FIELD CROPS,CORN,ALL CLASSES,ALL PRODUCTION PRACTICES,GRAIN,PRICE RECEIVED,PCT OF PARITY,"CORN, GRAIN - PRICE RECEIVED, MEASURED IN PCT OF PARITY",TOTAL,NOT SPECIFIED,NATIONAL,,99,US,US TOTAL,,,,,,,,0,,,9000,UNITED STATES,US TOTAL,2022,MONTHLY,11,11,NOV,,2026-06-29 15:00:00.000,43.0,
SURVEY,CROPS,FIELD CROPS,CORN,ALL CLASSES,ALL PRODUCTION PRACTICES,GRAIN,PRICE RECEIVED,PCT OF PARITY,"CORN, GRAIN - PRICE RECEIVED, MEASURED IN PCT OF PARITY",TOTAL,NOT SPECIFIED,NATIONAL,,99,US,US TOTAL,,,,,,,,0,,,9000,UNITED STATES,US TOTAL,2022,MONTHLY,12,12,DEC,,2026-06-29 15:00:00.000,44.0,
SURVEY,CROPS,FIELD CROPS,CORN,ALL CLASSES,ALL PRODUCTION PRACTICES,GRAIN,PRICE RECEIVED,PCT OF PARITY,"CORN, GRAIN - PRICE RECEIVED, MEASURED IN PCT OF PARITY",TOTAL,NOT SPECIFIED,NATIONAL,,99,US,US TOTAL,,,,,,,,0,,,9000,UNITED STATES,US TOTAL,2021,MONTHLY,1,1,JAN,,2025-02-28 15:00:00.000,33.0,
SURVEY,CROPS,FIELD CROPS,CORN,ALL CLASSES,ALL PRODUCTION PRACTICES,GRAIN,PRICE RECEIVED,PCT OF PARITY,"CORN, GRAIN - PRICE RECEIVED, MEASURED IN PCT OF PARITY",TOTAL,NOT SPECIFIED,NATIONAL,,99,US,US TOTAL,,,,,,,,0,,,9000,UNITED STATES,US TOTAL,2021,MONTHLY,2,2,FEB,,2025-03-31 15:00:00.000,36.0,
SURVEY,CROPS,FIELD CROPS,CORN,ALL CLASSES,ALL PRODUCTION PRACTICES,GRAIN,PRICE RECEIVED,PCT OF PARITY,"CORN, GRAIN - PRICE RECEIVED, MEASURED IN PCT OF PARITY",TOTAL,NOT SPECIFIED,NATIONAL,,99,US,US TOTAL,,,,,,,,0,,,9000,UNITED STATES,US TOTAL,2021,MONTHLY,3,3,MAR,,2025-04-30 15:00:00.000,38.0,
SURVEY,CROPS,FIELD CROPS,CORN,ALL CLASSES,ALL PRODUCTION PRACTICES,GRAIN,PRICE RECEIVED,PCT OF PARITY,"CORN, GRAIN - PRICE RECEIVED, MEASURED IN PCT OF PARITY",TOTAL,NOT SPECIFIED,NATIONAL,,99,US,US TOTAL,,,,,,,,0,,,9000,UNITED STATES,US TOTAL,2021,MONTHLY,4,4,APR,,2025-05-30 15:00:00.000,41.0,
SURVEY,CROPS,FIELD CROPS,CORN,ALL CLASSES,ALL PRODUCTION PRACTICES,GRAIN,PRICE RECEIVED,PCT OF PARITY,"CORN, GRAIN - PRICE RECEIVED, MEASURED IN PCT OF PARITY",TOTAL,NOT SPECIFIED,NATIONAL,,99,US,US TOTAL,,,,,,,,0,,,9000,UNITED STATES,US TOTAL,2021,MONTHLY,5,5,MAY,,2025-06-27 15:00:00.000,45.0,
SURVEY,CROPS,FIELD CROPS,CORN,ALL CLASSES,ALL PRODUCTION PRACTICES,GRAIN,PRICE RECEIVED,PCT OF PARITY,"CORN, GRAIN - PRICE RECEIVED, MEASURED IN PCT OF PARITY",TOTAL,NOT SPECIFIED,NATIONAL,,99,US,US TOTAL,,,,,,,,0,,,9000,UNITED STATES,US TOTAL,2021,MONTHLY,6,6,JUN,,2025-07-31 15:00:00.000,46.0,
SURVEY,CROPS,FIELD CROPS,CORN,ALL CLASSES,ALL PRODUCTION PRACTICES,GRAIN,PRICE RECEIVED,PCT OF PARITY,"CORN, GRAIN - PRICE RECEIVED, MEASURED IN PCT OF PARITY",TOTAL,NOT SPECIFIED,NATIONAL,,99,US,US TOTAL,,,,,,,,0,,,9000,UNITED STATES,US TOTAL,2021,MONTHLY,7,7,JUL,,2025-08-29 15:00:00.000,46.0,
SURVEY,CROPS,FIELD CROPS,CORN,ALL CLASSES,ALL PRODUCTION PRACTICES,GRAIN,PRICE RECEIVED,PCT OF PARITY,"CORN, GRAIN - PRICE RECEIVED, MEASURED IN PCT OF PARITY",TOTAL,NOT SPECIFIED,NATIONAL,,99,US,US TOTAL,,,,,,,,0,,,9000,UNITED STATES,US TOTAL,2021,MONTHLY,8,8,AUG,,2025-09-30 15:00:00.000,48.0,
SURVEY,CROPS,FIELD CROPS,CORN,ALL CLASSES,ALL PRODUCTION PRACTICES,GRAIN,PRICE RECEIVED,PCT OF PARITY,"CORN, GRAIN - PRICE RECEIVED, MEASURED IN PCT OF PARITY",TOTAL,NOT SPECIFIED,NATIONAL,,99,US,US TOTAL,,,,,,,,0,,,9000,UNITED STATES,US TOTAL,2021,MONTHLY,9,9,SEP,,2025-09-30 15:00:00.000,41.0,
SURVEY,CROPS,FIELD CROPS,CORN,ALL CLASSES,ALL PRODUCTION PRACTICES,GRAIN,PRICE RECEIVED,PCT OF PARITY,"CORN, GRAIN - PRICE RECEIVED, MEASURED IN PCT OF PARITY",TOTAL,NOT SPECIFIED,NATIONAL,,99,US,US TOTAL,,,,,,,,0,,,9000,UNITED STATES,US TOTAL,2021,MONTHLY,10,10,OCT,,2025-09-30 15:00:00.000,37.0,
SURVEY,CROPS,FIELD CROPS,CORN,ALL CLASSES,ALL PRODUCTION PRACTICES,GRAIN,PRICE RECEIVED,PCT OF PARITY,"CORN, GRAIN - PRICE RECEIVED, MEASURED IN PCT OF PARITY",TOTAL,NOT SPECIFIED,NATIONAL,,99,US,US TOTAL,,,,,,,,0,,,9000,UNITED STATES,US TOTAL,2021,MONTHLY,11,11,NOV,,2025-12-31 15:00:00.000,39.0,
SURVEY,CROPS,FIELD CROPS,CORN,ALL CLASSES,ALL PRODUCTION PRACTICES,GRAIN,PRICE RECEIVED,PCT OF PARITY,"CORN, GRAIN - PRICE RECEIVED, MEASURED IN PCT OF PARITY",TOTAL,NOT SPECIFIED,NATIONAL,,99,US,US TOTAL,,,,,,,,0,,,9000,UNITED STATES,US TOTAL,2021,MONTHLY,12,12,DEC,,2026-01-30 15:00:00.000,40.0,
SURVEY,CROPS,FIELD CROPS,CORN,ALL CLASSES,ALL PRODUCTION PRACTICES,GRAIN,PRICE RECEIVED,PCT OF PARITY,"CORN, GRAIN - PRICE RECEIVED, MEASURED IN PCT OF PARITY",TOTAL,NOT SPECIFIED,NATIONAL,,99,US,US TOTAL,,,,,,,,0,,,9000,UNITED STATES,US TOTAL,2020,MONTHLY,1,1,JAN,,2024-02-29 15:00:00.000,29.0,
SURVEY,CROPS,FIELD CROPS,CORN,ALL CLASSES,ALL PRODUCTION PRACTICES,GRAIN,PRICE RECEIVED,PCT OF PARITY,"CORN, GRAIN - PRICE RECEIVED, MEASURED IN PCT OF PARITY",TOTAL,NOT SPECIFIED,NATIONAL,,99,US,US TOTAL,,,,,,,,0,,,9000,UNITED STATES,US TOTAL,2020,MONTHLY,2,2,FEB,,2024-03-28 15:00:00.000,29.0,
SURVEY,CROPS,FIELD CROPS,CORN,ALL CLASSES,ALL PRODUCTION PRACTICES,GRAIN,PRICE RECEIVED,PCT OF PARITY,"CORN, GRAIN - PRICE RECEIVED, MEASURED IN PCT OF PARITY",TOTAL,NOT SPECIFIED,NATIONAL,,99,US,US TOTAL,,,,,,,,0,,,9000,UNITED STATES,US TOTAL,2020,MONTHLY,3,3,MAR,,2024-04-30 15:00:00.000,29.0,
SURVEY,CROPS,FIELD CROPS,CORN,ALL CLASSES,ALL PRODUCTION PRACTICES,GRAIN,PRICE RECEIVED,PCT OF PARITY,"CORN, GRAIN - PRICE RECEIVED, MEASURED IN PCT OF PARITY",TOTAL,NOT SPECIFIED,NATIONAL,,99,US,US TOTAL,,,,,,,,0,,,9000,UNITED STATES,US TOTAL,2020,MONTHLY,4,4,APR,,2024-05-31 15:00:00.000,26.0,
SURVEY,CROPS,FIELD CROPS,CORN,ALL CLASSES,ALL PRODUCTION PRACTICES,GRAIN,PRICE RECEIVED,PCT OF PARITY,"CORN, GRAIN - PRICE RECEIVED, MEASURED IN PCT OF PARITY",TOTAL,NOT SPECIFIED,NATIONAL,,99,US,US TOTAL,,,,,,,,0,,,9000,UNITED STATES,US TOTAL,2020,MONTHLY,5,5,MAY,,2024-06-28 15:00:00.000,25.0,
SURVEY,CROPS,FIELD CROPS,CORN,ALL CLASSES,ALL PRODUCTION PRACTICES,GRAIN,PRICE RECEIVED,PCT OF PARITY,"CORN, GRAIN - PRICE RECEIVED, MEASURED IN PCT OF PARITY",TOTAL,NOT SPECIFIED,NATIONAL,,99,US,US TOTAL,,,,,,,,0,,,9000,UNITED STATES,US TOTAL,2020,MONTHLY,6,6,JUN,,2024-07-31 15:00:00.000,25.0,
SURVEY,CROPS,FIELD CROPS,CORN,ALL CLASSES,ALL PRODUCTION PRACTICES,GRAIN,PRICE RECEIVED,PCT OF PARITY,"CORN, GRAIN - PRICE RECEIVED, MEASURED IN PCT OF PARITY",TOTAL,NOT SPECIFIED,NATIONAL,,99,US,US TOTAL,,,,,,,,0,,,9000,UNITED STATES,US TOTAL,2020,MONTHLY,7,7,JUL,,2024-08-30 15:00:00.000,25.0,
SURVEY,CROPS,FIELD CROPS,CORN,ALL CLASSES,ALL PRODUCTION PRACTICES,GRAIN,PRICE RECEIVED,PCT OF PARITY,"CORN, GRAIN - PRICE RECEIVED, MEASURED IN PCT OF PARITY",TOTAL,NOT SPECIFIED,NATIONAL,,99,US,US TOTAL,,,,,,,,0,,,9000,UNITED STATES,US TOTAL,2020,MONTHLY,8,8,AUG,,2024-09-27 15:00:00.000,24.0,
SURVEY,CROPS,FIELD CROPS,CORN,ALL CLASSES,ALL PRODUCTION PRACTICES,GRAIN,PRICE RECEIVED,PCT OF PARITY,"CORN, GRAIN - PRICE RECEIVED, MEASURED IN PCT OF PARITY",TOTAL,NOT SPECIFIED,NATIONAL,,99,US,US TOTAL,,,,,,,,0,,,9000,UNITED STATES,US TOTAL,2020,MONTHLY,9,9,SEP,,2024-10-31 15:00:00.000,26.0,
SURVEY,CROPS,FIELD CROPS,CORN,ALL CLASSES,ALL PRODUCTION PRACTICES,GRAIN,PRICE RECEIVED,PCT OF PARITY,"CORN, GRAIN - PRICE RECEIVED, MEASURED IN PCT OF PARITY",TOTAL,NOT SPECIFIED,NATIONAL,,99,US,US TOTAL,,,,,,,,0,,,9000,UNITED STATES,US TOTAL,2020,MONTHLY,10,10,OCT,,2024-11-29 15:00:00.000,28.0,
SURVEY,CROPS,FIELD CROPS,CORN,ALL CLASSES,ALL PRODUCTION PRACTICES,GRAIN,PRICE RECEIVED,PCT OF PARITY,"CORN, GRAIN - PRICE RECEIVED, MEASURED IN PCT OF PARITY",TOTAL,NOT SPECIFIED,NATIONAL,,99,US,US TOTAL,,,,,,,,0,,,9000,UNITED STATES,US TOTAL,2020,MONTHLY,11,11,NOV,,2024-12-31 15:00:00.000,29.0,
SURVEY,CROPS,FIELD CROPS,CORN,ALL CLASSES,ALL PRODUCTION PRACTICES,GRAIN,PRICE RECEIVED,PCT OF PARITY,"CORN, GRAIN - PRICE RECEIVED, MEASURED IN PCT OF PARITY",TOTAL,NOT SPECIFIED,NATIONAL,,99,US,US TOTAL,,,,,,,,0,,,9000,UNITED STATES,US TOTAL,2020,MONTHLY,12,12,DEC,,2025-01-31 15:00:00.000,30.0,
SURVEY,CROPS,FIELD CROPS,CORN,ALL CLASSES,ALL PRODUCTION PRACTICES,GRAIN,PRICE RECEIVED,PCT OF PARITY,"CORN, GRAIN - PRICE RECEIVED, MEASURED IN PCT OF PARITY",TOTAL,NOT SPECIFIED,NATIONAL,,99,US,US TOTAL,,,,,,,,0,,,9000,UNITED STATES,US TOTAL,2019,MONTHLY,1,1,JAN,,2023-02-28 15:00:00.000,27.0,
SURVEY,CROPS,FIELD CROPS,CORN,ALL CLASSES,ALL PRODUCTION PRACTICES,GRAIN,PRICE RECEIVED,PCT OF PARITY,"CORN, GRAIN - PRICE RECEIVED, MEASURED IN PCT OF PARITY",TOTAL,NOT SPECIFIED,NATIONAL,,99,US,US TOTAL,,,,,,,,0,,,9000,UNITED STATES,US TOTAL,2019,MONTHLY,2,2,FEB,,2023-03-31 15:00:00.000,27.0,
SURVEY,CROPS,FIELD CROPS,CORN,ALL CLASSES,ALL PRODUCTION PRACTICES,GRAIN,PRICE RECEIVED,PCT OF PARITY,"CORN, GRAIN - PRICE RECEIVED, MEASURED IN PCT OF PARITY",TOTAL,NOT SPECIFIED,NATIONAL,,99,US,US TOTAL,,,,,,,,0,,,9000,UNITED STATES,US TOTAL,2019,MONTHLY,3,3,MAR,,2023-04-27 15:00:00.000,28.0,
SURVEY,CROPS,FIELD CROPS,CORN,ALL CLASSES,ALL PRODUCTION PRACTICES,GRAIN,PRICE RECEIVED,PCT OF PARITY,"CORN, GRAIN - PRICE RECEIVED, MEASURED IN PCT OF PARITY",TOTAL,NOT SPECIFIED,NATIONAL,,99,US,US TOTAL,,,,,,,,0,,,9000,UNITED STATES,US TOTAL,2019,MONTHLY,4,4,APR,,2023-05-31 15:00:00.000,27.0,
SURVEY,CROPS,FIELD CROPS,CORN,ALL CLASSES,ALL PRODUCTION PRACTICES,GRAIN,PRICE RECEIVED,PCT OF PARITY,"CORN, GRAIN - PRICE RECEIVED, MEASURED IN PCT OF PARITY",TOTAL,NOT SPECIFIED,NATIONAL,,99,US,US TOTAL,,,,,,,,0,,,9000,UNITED STATES,US TOTAL,2019,MONTHLY,5,5,MAY,,2023-06-30 15:00:00.000,28.0,
SURVEY,CROPS,FIELD CROPS,CORN,ALL CLASSES,ALL PRODUCTION PRACTICES,GRAIN,PRICE RECEIVED,PCT OF PARITY,"CORN, GRAIN - PRICE RECEIVED, MEASURED IN PCT OF PARITY",TOTAL,NOT SPECIFIED,NATIONAL,,99,US,US TOTAL,,,,,,,,0,,,9000,UNITED STATES,US TOTAL,2019,MONTHLY,6,6,JUN,,2023-07-28 15:00:00.000,30.0,
SURVEY,CROPS,FIELD CROPS,CORN,ALL CLASSES,ALL PRODUCTION PRACTICES,GRAIN,PRICE RECEIVED,PCT OF PARITY,"CORN, GRAIN - PRICE RECEIVED, MEASURED IN PCT OF PARITY",TOTAL,NOT SPECIFIED,NATIONAL,,99,US,US TOTAL,,,,,,,,0,,,9000,UNITED STATES,US TOTAL,2019,MONTHLY,7,7,JUL,,2023-08-31 15:00:00.000,32.0,
SURVEY,CROPS,FIELD CROPS,CORN,ALL CLASSES,ALL PRODUCTION PRACTICES,GRAIN,PRICE RECEIVED,PCT OF PARITY,"CORN, GRAIN - PRICE RECEIVED, MEASURED IN PCT OF PARITY",TOTAL,NOT SPECIFIED,NATIONAL,,99,US,US TOTAL,,,,,,,,0,,,9000,UNITED STATES,US TOTAL,2019,MONTHLY,8,8,AUG,,2023-09-29 15:00:00.000,30.0,
SURVEY,CROPS,FIELD CROPS,CORN,ALL CLASSES,ALL PRODUCTION PRACTICES,GRAIN,PRICE RECEIVED,PCT OF PARITY,"CORN, GRAIN - PRICE RECEIVED, MEASURED IN PCT OF PARITY",TOTAL,NOT SPECIFIED,NATIONAL,,99,US,US TOTAL,,,,,,,,0,,,9000,UNITED STATES,US TOTAL,2019,MONTHLY,9,9,SEP,,2023-10-31 15:00:00.000,29.0,
SURVEY,CROPS,FIELD CROPS,CORN,ALL CLASSES,ALL PRODUCTION PRACTICES,GRAIN,PRICE RECEIVED,PCT OF PARITY,"CORN, GRAIN - PRICE RECEIVED, MEASURED IN PCT OF PARITY",TOTAL,NOT SPECIFIED,NATIONAL,,99,US,US TOTAL,,,,,,,,0,,,9000,UNITED STATES,US TOTAL,2019,MONTHLY,10,10,OCT,,2023-11-30 15:00:00.000,29.0,
SURVEY,CROPS,FIELD CROPS,CORN,ALL CLASSES,ALL PRODUCTION PRACTICES,GRAIN,PRICE RECEIVED,PCT OF PARITY,"CORN, GRAIN - PRICE RECEIVED, MEASURED IN PCT OF PARITY",TOTAL,NOT SPECIFIED,NATIONAL,,99,US,US TOTAL,,,,,,,,0,,,9000,UNITED STATES,US TOTAL,2019,MONTHLY,11,11,NOV,,2023-12-29 15:00:00.000,28.0,
SURVEY,CROPS,FIELD CROPS,CORN,ALL CLASSES,ALL PRODUCTION PRACTICES,GRAIN,PRICE RECEIVED,PCT OF PARITY,"CORN, GRAIN - PRICE RECEIVED, MEASURED IN PCT OF PARITY",TOTAL,NOT SPECIFIED,NATIONAL,,99,US,US TOTAL,,,,,,,,0,,,9000,UNITED STATES,US TOTAL,2019,MONTHLY,12,12,DEC,,2024-01-31 15:00:00.000,28.0,
SURVEY,CROPS,FIELD CROPS,CORN,ALL CLASSES,ALL PRODUCTION PRACTICES,GRAIN,PRICE RECEIVED,PCT OF PARITY,"CORN, GRAIN - PRICE RECEIVED, MEASURED IN PCT OF PARITY",TOTAL,NOT SPECIFIED,NATIONAL,,99,US,US TOTAL,,,,,,,,0,,,9000,UNITED STATES,US TOTAL,2018,MONTHLY,1,1,JAN,,2019-02-28 15:06:11.000,25.0,
SURVEY,CROPS,FIELD CROPS,CORN,ALL CLASSES,ALL PRODUCTION PRACTICES,GRAIN,PRICE RECEIVED,PCT OF PARITY,"CORN, GRAIN - PRICE RECEIVED, MEASURED IN PCT OF PARITY",TOTAL,NOT SPECIFIED,NATIONAL,,99,US,US TOTAL,,,,,,,,0,,,9000,UNITED STATES,US TOTAL,2018,MONTHLY,2,2,FEB,,2019-03-28 15:00:51.000,25.0,
SURVEY,CROPS,FIELD CROPS,CORN,ALL CLASSES,ALL PRODUCTION PRACTICES,GRAIN,PRICE RECEIVED,PCT OF PARITY,"CORN, GRAIN - PRICE RECEIVED, MEASURED IN PCT OF PARITY",TOTAL,NOT SPECIFIED,NATIONAL,,99,US,US TOTAL,,,,,,,,0,,,9000,UNITED STATES,US TOTAL,2018,MONTHLY,3,3,MAR,,2019-04-30 15:06:07.000,27.0,
SURVEY,CROPS,FIELD CROPS,CORN,ALL CLASSES,ALL PRODUCTION PRACTICES,GRAIN,PRICE RECEIVED,PCT OF PARITY,"CORN, GRAIN - PRICE RECEIVED, MEASURED IN PCT OF PARITY",TOTAL,NOT SPECIFIED,NATIONAL,,99,US,US TOTAL,,,,,,,,0,,,9000,UNITED STATES,US TOTAL,2018,MONTHLY,4,4,APR,,2019-05-31 15:07:33.000,27.0,
SURVEY,CROPS,FIELD CROPS,CORN,ALL CLASSES,ALL PRODUCTION PRACTICES,GRAIN,PRICE RECEIVED,PCT OF PARITY,"CORN, GRAIN - PRICE RECEIVED, MEASURED IN PCT OF PARITY",TOTAL,NOT SPECIFIED,NATIONAL,,99,US,US TOTAL,,,,,,,,0,,,9000,UNITED STATES,US TOTAL,2018,MONTHLY,5,5,MAY,,2019-06-27 15:25:14.000,28.0,
SURVEY,CROPS,FIELD CROPS,CORN,ALL CLASSES,ALL PRODUCTION PRACTICES,GRAIN,PRICE RECEIVED,PCT OF PARITY,"CORN, GRAIN - PRICE RECEIVED, MEASURED IN PCT OF PARITY",TOTAL,NOT SPECIFIED,NATIONAL,,99,US,US TOTAL,,,,,,,,0,,,9000,UNITED STATES,US TOTAL,2018,MONTHLY,6,6,JUN,,2019-07-31 15:10:36.000,27.0,
SURVEY,CROPS,FIELD CROPS,CORN,ALL CLASSES,ALL PRODUCTION PRACTICES,GRAIN,PRICE RECEIVED,PCT OF PARITY,"CORN, GRAIN - PRICE RECEIVED, MEASURED IN PCT OF PARITY",TOTAL,NOT SPECIFIED,NATIONAL,,99,US,US TOTAL,,,,,,,,0,,,9000,UNITED STATES,US TOTAL,2018,MONTHLY,7,7,JUL,,2019-08-30 15:06:13.000,26.0,
SURVEY,CROPS,FIELD CROPS,CORN,ALL CLASSES,ALL PRODUCTION PRACTICES,GRAIN,PRICE RECEIVED,PCT OF PARITY,"CORN, GRAIN - PRICE RECEIVED, MEASURED IN PCT OF PARITY",TOTAL,NOT SPECIFIED,NATIONAL,,99,US,US TOTAL,,,,,,,,0,,,9000,UNITED STATES,US TOTAL,2018,MONTHLY,8,8,AUG,,2019-09-27 15:12:29.000,25.0,
SURVEY,CROPS,FIELD CROPS,CORN,ALL CLASSES,ALL PRODUCTION PRACTICES,GRAIN,PRICE RECEIVED,PCT OF PARITY,"CORN, GRAIN - PRICE RECEIVED, MEASURED IN PCT OF PARITY",TOTAL,NOT SPECIFIED,NATIONAL,,99,US,US TOTAL,,,,,,,,0,,,9000,UNITED STATES,US TOTAL,2018,MONTHLY,9,9,SEP,,2019-10-31 15:03:44.000,26.0,
SURVEY,CROPS,FIELD CROPS,CORN,ALL CLASSES,ALL PRODUCTION PRACTICES,GRAIN,PRICE RECEIVED,PCT OF PARITY,"CORN, GRAIN - PRICE RECEIVED, MEASURED IN PCT OF PARITY",TOTAL,NOT SPECIFIED,NATIONAL,,99,US,US TOTAL,,,,,,,,0,,,9000,UNITED STATES,US TOTAL,2018,MONTHLY,10,10,OCT,,2019-11-27 15:09:50.000,26.0,
SURVEY,CROPS,FIELD CROPS,CORN,ALL CLASSES,ALL PRODUCTION PRACTICES,GRAIN,PRICE RECEIVED,PCT OF PARITY,"CORN, GRAIN - PRICE RECEIVED, MEASURED IN PCT OF PARITY",TOTAL,NOT SPECIFIED,NATIONAL,,99,US,US TOTAL,,,,,,,,0,,,9000,UNITED STATES,US TOTAL,2018,MONTHLY,11,11,NOV,,2019-12-27 15:06:20.000,26.0,
SURVEY,CROPS,FIELD CROPS,CORN,ALL CLASSES,ALL PRODUCTION PRACTICES,GRAIN,PRICE RECEIVED,PCT OF PARITY,"CORN, GRAIN - PRICE RECEIVED, MEASURED IN PCT OF PARITY",TOTAL,NOT SPECIFIED,NATIONAL,,99,US,US TOTAL,,,,,,,,0,,,9000,UNITED STATES,US TOTAL,2018,MONTHLY,12,12,DEC,,2020-01-31 15:04:44.000,27.0,
SURVEY,CROPS,FIELD CROPS,CORN,ALL CLASSES,ALL PRODUCTION PRACTICES,GRAIN,PRICE RECEIVED,PCT OF PARITY,"CORN, GRAIN - PRICE RECEIVED, MEASURED IN PCT OF PARITY",TOTAL,NOT SPECIFIED,NATIONAL,,99,US,US TOTAL,,,,,,,,0,,,9000,UNITED STATES,US TOTAL,2017,MONTHLY,1,1,JAN,,2018-02-27 15:15:05.000,26.0,
SURVEY,CROPS,FIELD CROPS,CORN,ALL CLASSES,ALL PRODUCTION PRACTICES,GRAIN,PRICE RECEIVED,PCT OF PARITY,"CORN, GRAIN - PRICE RECEIVED, MEASURED IN PCT OF PARITY",TOTAL,NOT SPECIFIED,NATIONAL,,99,US,US TOTAL,,,,,,,,0,,,9000,UNITED STATES,US TOTAL,2017,MONTHLY,2,2,FEB,,2018-03-28 15:07:05.000,26.0,
SURVEY,CROPS,FIELD CROPS,CORN,ALL CLASSES,ALL PRODUCTION PRACTICES,GRAIN,PRICE RECEIVED,PCT OF PARITY,"CORN, GRAIN - PRICE RECEIVED, MEASURED IN PCT OF PARITY",TOTAL,NOT SPECIFIED,NATIONAL,,99,US,US TOTAL,,,,,,,,0,,,9000,UNITED STATES,US TOTAL,2017,MONTHLY,3,3,MAR,,2018-04-27 15:07:08.000,27.0,
SURVEY,CROPS,FIELD CROPS,CORN,ALL CLASSES,ALL PRODUCTION PRACTICES,GRAIN,PRICE RECEIVED,PCT OF PARITY,"CORN, GRAIN - PRICE RECEIVED, MEASURED IN PCT OF PARITY",TOTAL,NOT SPECIFIED,NATIONAL,,99,US,US TOTAL,,,,,,,,0,,,9000,UNITED STATES,US TOTAL,2017,MONTHLY,4,4,APR,,2018-05-30 15:00:03.000,26.0,
SURVEY,CROPS,FIELD CROPS,CORN,ALL CLASSES,ALL PRODUCTION PRACTICES,GRAIN,PRICE RECEIVED,PCT OF PARITY,"CORN, GRAIN - PRICE RECEIVED, MEASURED IN PCT OF PARITY",TOTAL,NOT SPECIFIED,NATIONAL,,99,US,US TOTAL,,,,,,,,0,,,9000,UNITED STATES,US TOTAL,2017,MONTHLY,5,5,MAY,,2018-06-28 15:08:24.000,26.0,
SURVEY,CROPS,FIELD CROPS,CORN,ALL CLASSES,ALL PRODUCTION PRACTICES,GRAIN,PRICE RECEIVED,PCT OF PARITY,"CORN, GRAIN - PRICE RECEIVED, MEASURED IN PCT OF PARITY",TOTAL,NOT SPECIFIED,NATIONAL,,99,US,US TOTAL,,,,,,,,0,,,9000,UNITED STATES,US TOTAL,2017,MONTHLY,6,6,JUN,,2018-07-30 15:00:12.000,26.0,
SURVEY,CROPS,FIELD CROPS,CORN,ALL CLASSES,ALL PRODUCTION PRACTICES,GRAIN,PRICE RECEIVED,PCT OF PARITY,"CORN, GRAIN - PRICE RECEIVED, MEASURED IN PCT OF PARITY",TOTAL,NOT SPECIFIED,NATIONAL,,99,US,US TOTAL,,,,,,,,0,,,9000,UNITED STATES,US TOTAL,2017,MONTHLY,7,7,JUL,,2018-08-29 15:05:27.000,27.0,
SURVEY,CROPS,FIELD CROPS,CORN,ALL CLASSES,ALL PRODUCTION PRACTICES,GRAIN,PRICE RECEIVED,PCT OF PARITY,"CORN, GRAIN - PRICE RECEIVED, MEASURED IN PCT OF PARITY",TOTAL,NOT SPECIFIED,NATIONAL,,99,US,US TOTAL,,,,,,,,0,,,9000,UNITED STATES,US TOTAL,2017,MONTHLY,8,8,AUG,,2018-09-27 15:06:18.000,25.0,
SURVEY,CROPS,FIELD CROPS,CORN,ALL CLASSES,ALL PRODUCTION PRACTICES,GRAIN,PRICE RECEIVED,PCT OF PARITY,"CORN, GRAIN - PRICE RECEIVED, MEASURED IN PCT OF PARITY",TOTAL,NOT SPECIFIED,NATIONAL,,99,US,US TOTAL,,,,,,,,0,,,9000,UNITED STATES,US TOTAL,2017,MONTHLY,9,9,SEP,,2018-10-30 15:01:57.000,25.0,
SURVEY,CROPS,FIELD CROPS,CORN,ALL CLASSES,ALL PRODUCTION PRACTICES,GRAIN,PRICE RECEIVED,PCT OF PARITY,"CORN, GRAIN - PRICE RECEIVED, MEASURED IN PCT OF PARITY",TOTAL,NOT SPECIFIED,NATIONAL,,99,US,US TOTAL,,,,,,,,0,,,9000,UNITED STATES,US TOTAL,2017,MONTHLY,10,10,OCT,,2018-11-29 15:01:10.000,25.0,
SURVEY,CROPS,FIELD CROPS,CORN,ALL CLASSES,ALL PRODUCTION PRACTICES,GRAIN,PRICE RECEIVED,PCT OF PARITY,"CORN, GRAIN - PRICE RECEIVED, MEASURED IN PCT OF PARITY",TOTAL,NOT SPECIFIED,NATIONAL,,99,US,US TOTAL,,,,,,,,0,,,9000,UNITED STATES,US TOTAL,2017,MONTHLY,11,11,NOV,,2019-01-31 15:01:36.000,24.0,
SURVEY,CROPS,FIELD CROPS,CORN,ALL CLASSES,ALL PRODUCTION PRACTICES,GRAIN,PRICE RECEIVED,PCT OF PARITY,"CORN, GRAIN - PRICE RECEIVED, MEASURED IN PCT OF PARITY",TOTAL,NOT SPECIFIED,NATIONAL,,99,US,US TOTAL,,,,,,,,0,,,9000,UNITED STATES,US TOTAL,2017,MONTHLY,12,12,DEC,,2019-02-20 15:00:15.000,24.0,
SURVEY,CROPS,FIELD CROPS,CORN,ALL CLASSES,ALL PRODUCTION PRACTICES,GRAIN,PRICE RECEIVED,PCT OF PARITY,"CORN, GRAIN - PRICE RECEIVED, MEASURED IN PCT OF PARITY",TOTAL,NOT SPECIFIED,NATIONAL,,99,US,US TOTAL,,,,,,,,0,,,9000,UNITED STATES,US TOTAL,2016,MONTHLY,1,1,JAN,,2017-02-28 15:05:23.000,28.0,
SURVEY,CROPS,FIELD CROPS,CORN,ALL CLASSES,ALL PRODUCTION PRACTICES,GRAIN,PRICE RECEIVED,PCT OF PARITY,"CORN, GRAIN - PRICE RECEIVED, MEASURED IN PCT OF PARITY",TOTAL,NOT SPECIFIED,NATIONAL,,99,US,US TOTAL,,,,,,,,0,,,9000,UNITED STATES,US TOTAL,2016,MONTHLY,2,2,FEB,,2017-03-30 15:00:16.000,28.0,
SURVEY,CROPS,FIELD CROPS,CORN,ALL CLASSES,ALL PRODUCTION PRACTICES,GRAIN,PRICE RECEIVED,PCT OF PARITY,"CORN, GRAIN - PRICE RECEIVED, MEASURED IN PCT OF PARITY",TOTAL,NOT SPECIFIED,NATIONAL,,99,US,US TOTAL,,,,,,,,0,,,9000,UNITED STATES,US TOTAL,2016,MONTHLY,3,3,MAR,,2017-04-27 15:03:23.000,27.0,
SURVEY,CROPS,FIELD CROPS,CORN,ALL CLASSES,ALL PRODUCTION PRACTICES,GRAIN,PRICE RECEIVED,PCT OF PARITY,"CORN, GRAIN - PRICE RECEIVED, MEASURED IN PCT OF PARITY",TOTAL,NOT SPECIFIED,NATIONAL,,99,US,US TOTAL,,,,,,,,0,,,9000,UNITED STATES,US TOTAL,2016,MONTHLY,4,4,APR,,2017-05-31 15:00:03.000,27.0,
SURVEY,CROPS,FIELD CROPS,CORN,ALL CLASSES,ALL PRODUCTION PRACTICES,GRAIN,PRICE RECEIVED,PCT OF PARITY,"CORN, GRAIN - PRICE RECEIVED, MEASURED IN PCT OF PARITY",TOTAL,NOT SPECIFIED,NATIONAL,,99,US,US TOTAL,,,,,,,,0,,,9000,UNITED STATES,US TOTAL,2016,MONTHLY,5,5,MAY,,2017-06-29 15:05:42.000,28.0,
SURVEY,CROPS,FIELD CROPS,CORN,ALL CLASSES,ALL PRODUCTION PRACTICES,GRAIN,PRICE RECEIVED,PCT OF PARITY,"CORN, GRAIN - PRICE RECEIVED, MEASURED IN PCT OF PARITY",TOTAL,NOT SPECIFIED,NATIONAL,,99,US,US TOTAL,,,,,,,,0,,,9000,UNITED STATES,US TOTAL,2016,MONTHLY,6,6,JUN,,2017-07-31 15:00:20.000,29.0,
SURVEY,CROPS,FIELD CROPS,CORN,ALL CLASSES,ALL PRODUCTION PRACTICES,GRAIN,PRICE RECEIVED,PCT OF PARITY,"CORN, GRAIN - PRICE RECEIVED, MEASURED IN PCT OF PARITY",TOTAL,NOT SPECIFIED,NATIONAL,,99,US,US TOTAL,,,,,,,,0,,,9000,UNITED STATES,US TOTAL,2016,MONTHLY,7,7,JUL,,2017-08-30 15:00:23.000,28.0,
SURVEY,CROPS,FIELD CROPS,CORN,ALL CLASSES,ALL PRODUCTION PRACTICES,GRAIN,PRICE RECEIVED,PCT OF PARITY,"CORN, GRAIN - PRICE RECEIVED, MEASURED IN PCT OF PARITY",TOTAL,NOT SPECIFIED,NATIONAL,,99,US,US TOTAL,,,,,,,,0,,,9000,UNITED STATES,US TOTAL,2016,MONTHLY,8,8,AUG,,2017-09-28 15:08:15.000,25.0,
SURVEY,CROPS,FIELD CROPS,CORN,ALL CLASSES,ALL PRODUCTION PRACTICES,GRAIN,PRICE RECEIVED,PCT OF PARITY,"CORN, GRAIN - PRICE RECEIVED, MEASURED IN PCT OF PARITY",TOTAL,NOT SPECIFIED,NATIONAL,,99,US,US TOTAL,,,,,,,,0,,,9000,UNITED STATES,US TOTAL,2016,MONTHLY,9,9,SEP,,2017-10-30 15:00:20.000,25.0,
SURVEY,CROPS,FIELD CROPS,CORN,ALL CLASSES,ALL PRODUCTION PRACTICES,GRAIN,PRICE RECEIVED,PCT OF PARITY,"CORN, GRAIN - PRICE RECEIVED, MEASURED IN PCT OF PARITY",TOTAL,NOT SPECIFIED,NATIONAL,,99,US,US TOTAL,,,,,,,,0,,,9000,UNITED STATES,US TOTAL,2016,MONTHLY,10,10,OCT,,2017-11-30 15:00:27.000,26.0,
SURVEY,CROPS,FIELD CROPS,CORN,ALL CLASSES,ALL PRODUCTION PRACTICES,GRAIN,PRICE RECEIVED,PCT OF PARITY,"CORN, GRAIN - PRICE RECEIVED, MEASURED IN PCT OF PARITY",TOTAL,NOT SPECIFIED,NATIONAL,,99,US,US TOTAL,,,,,,,,0,,,9000,UNITED STATES,US TOTAL,2016,MONTHLY,11,11,NOV,,2017-12-28 15:02:49.000,26.0,
SURVEY,CROPS,FIELD CROPS,CORN,ALL CLASSES,ALL PRODUCTION PRACTICES,GRAIN,PRICE RECEIVED,PCT OF PARITY,"CORN, GRAIN - PRICE RECEIVED, MEASURED IN PCT OF PARITY",TOTAL,NOT SPECIFIED,NATIONAL,,99,US,US TOTAL,,,,,,,,0,,,9000,UNITED STATES,US TOTAL,2016,MONTHLY,12,12,DEC,,2018-01-30 15:00:29.000,26.0,
SURVEY,CROPS,FIELD CROPS,CORN,ALL CLASSES,ALL PRODUCTION PRACTICES,GRAIN,PRICE RECEIVED,PCT OF PARITY,"CORN, GRAIN - PRICE RECEIVED, MEASURED IN PCT OF PARITY",TOTAL,NOT SPECIFIED,NATIONAL,,99,US,US TOTAL,,,,,,,,0,,,9000,UNITED STATES,US TOTAL,2015,MONTHLY,1,1,JAN,,2016-02-29 15:03:32.000,29.0,
SURVEY,CROPS,FIELD CROPS,CORN,ALL CLASSES,ALL PRODUCTION PRACTICES,GRAIN,PRICE RECEIVED,PCT OF PARITY,"CORN, GRAIN - PRICE RECEIVED, MEASURED IN PCT OF PARITY",TOTAL,NOT SPECIFIED,NATIONAL,,99,US,US TOTAL,,,,,,,,0,,,9000,UNITED STATES,US TOTAL,2015,MONTHLY,2,2,FEB,,2016-03-30 15:11:41.000,29.0,
SURVEY,CROPS,FIELD CROPS,CORN,ALL CLASSES,ALL PRODUCTION PRACTICES,GRAIN,PRICE RECEIVED,PCT OF PARITY,"CORN, GRAIN - PRICE RECEIVED, MEASURED IN PCT OF PARITY",TOTAL,NOT SPECIFIED,NATIONAL,,99,US,US TOTAL,,,,,,,,0,,,9000,UNITED STATES,US TOTAL,2015,MONTHLY,3,3,MAR,,2016-04-29 15:12:51.000,29.0,
SURVEY,CROPS,FIELD CROPS,CORN,ALL CLASSES,ALL PRODUCTION PRACTICES,GRAIN,PRICE RECEIVED,PCT OF PARITY,"CORN, GRAIN - PRICE RECEIVED, MEASURED IN PCT OF PARITY",TOTAL,NOT SPECIFIED,NATIONAL,,99,US,US TOTAL,,,,,,,,0,,,9000,UNITED STATES,US TOTAL,2015,MONTHLY,4,4,APR,,2016-05-31 15:12:25.000,28.0,
SURVEY,CROPS,FIELD CROPS,CORN,ALL CLASSES,ALL PRODUCTION PRACTICES,GRAIN,PRICE RECEIVED,PCT OF PARITY,"CORN, GRAIN - PRICE RECEIVED, MEASURED IN PCT OF PARITY",TOTAL,NOT SPECIFIED,NATIONAL,,99,US,US TOTAL,,,,,,,,0,,,9000,UNITED STATES,US TOTAL,2015,MONTHLY,5,5,MAY,,2016-06-29 15:13:46.000,28.0,
SURVEY,CROPS,FIELD CROPS,CORN,ALL CLASSES,ALL PRODUCTION PRACTICES,GRAIN,PRICE RECEIVED,PCT OF PARITY,"CORN, GRAIN - PRICE RECEIVED, MEASURED IN PCT OF PARITY",TOTAL,NOT SPECIFIED,NATIONAL,,99,US,US TOTAL,,,,,,,,0,,,9000,UNITED STATES,US TOTAL,2015,MONTHLY,6,6,JUN,,2016-07-29 15:12:57.000,27.0,
SURVEY,CROPS,FIELD CROPS,CORN,ALL CLASSES,ALL PRODUCTION PRACTICES,GRAIN,PRICE RECEIVED,PCT OF PARITY,"CORN, GRAIN - PRICE RECEIVED, MEASURED IN PCT OF PARITY",TOTAL,NOT SPECIFIED,NATIONAL,,99,US,US TOTAL,,,,,,,,0,,,9000,UNITED STATES,US TOTAL,2015,MONTHLY,7,7,JUL,,2016-08-31 15:19:47.000,29.0,
SURVEY,CROPS,FIELD CROPS,CORN,ALL CLASSES,ALL PRODUCTION PRACTICES,GRAIN,PRICE RECEIVED,PCT OF PARITY,"CORN, GRAIN - PRICE RECEIVED, MEASURED IN PCT OF PARITY",TOTAL,NOT SPECIFIED,NATIONAL,,99,US,US TOTAL,,,,,,,,0,,,9000,UNITED STATES,US TOTAL,2015,MONTHLY,8,8,AUG,,2016-09-29 15:07:37.000,28.0,
SURVEY,CROPS,FIELD CROPS,CORN,ALL CLASSES,ALL PRODUCTION PRACTICES,GRAIN,PRICE RECEIVED,PCT OF PARITY,"CORN, GRAIN - PRICE RECEIVED, MEASURED IN PCT OF PARITY",TOTAL,NOT SPECIFIED,NATIONAL,,99,US,US TOTAL,,,,,,,,0,,,9000,UNITED STATES,US TOTAL,2015,MONTHLY,9,9,SEP,,2016-10-31 15:04:48.000,29.0,
SURVEY,CROPS,FIELD CROPS,CORN,ALL CLASSES,ALL PRODUCTION PRACTICES,GRAIN,PRICE RECEIVED,PCT OF PARITY,"CORN, GRAIN - PRICE RECEIVED, MEASURED IN PCT OF PARITY",TOTAL,NOT SPECIFIED,NATIONAL,,99,US,US TOTAL,,,,,,,,0,,,9000,UNITED STATES,US TOTAL,2015,MONTHLY,10,10,OCT,,2016-11-30 15:19:50.000,28.0,
SURVEY,CROPS,FIELD CROPS,CORN,ALL CLASSES,ALL PRODUCTION PRACTICES,GRAIN,PRICE RECEIVED,PCT OF PARITY,"CORN, GRAIN - PRICE RECEIVED, MEASURED IN PCT OF PARITY",TOTAL,NOT SPECIFIED,NATIONAL,,99,US,US TOTAL,,,,,,,,0,,,9000,UNITED STATES,US TOTAL,2015,MONTHLY,11,11,NOV,,2016-12-29 15:04:46.000,28.0,
SURVEY,CROPS,FIELD CROPS,CORN,ALL CLASSES,ALL PRODUCTION PRACTICES,GRAIN,PRICE RECEIVED,PCT OF PARITY,"CORN, GRAIN - PRICE RECEIVED, MEASURED IN PCT OF PARITY",TOTAL,NOT SPECIFIED,NATIONAL,,99,US,US TOTAL,,,,,,,,0,,,9000,UNITED STATES,US TOTAL,2015,MONTHLY,12,12,DEC,,2017-01-31 15:03:17.000,29.0,
SURVEY,CROPS,FIELD CROPS,CORN,ALL CLASSES,ALL PRODUCTION PRACTICES,GRAIN,PRICE RECEIVED,PCT OF PARITY,"CORN, GRAIN - PRICE RECEIVED, MEASURED IN PCT OF PARITY",TOTAL,NOT SPECIFIED,NATIONAL,,99,US,US TOTAL,,,,,,,,0,,,9000,UNITED STATES,US TOTAL,2014,MONTHLY,1,1,JAN,,2015-02-27 15:10:53.000,35.0,
SURVEY,CROPS,FIELD CROPS,CORN,ALL CLASSES,ALL PRODUCTION PRACTICES,GRAIN,PRICE RECEIVED,PCT OF PARITY,"CORN, GRAIN - PRICE RECEIVED, MEASURED IN PCT OF PARITY",TOTAL,NOT SPECIFIED,NATIONAL,,99,US,US TOTAL,,,,,,,,0,,,9000,UNITED STATES,US TOTAL,2014,MONTHLY,2,2,FEB,,2015-03-30 15:05:33.000,34.0,
SURVEY,CROPS,FIELD CROPS,CORN,ALL CLASSES,ALL PRODUCTION PRACTICES,GRAIN,PRICE RECEIVED,PCT OF PARITY,"CORN, GRAIN - PRICE RECEIVED, MEASURED IN PCT OF PARITY",TOTAL,NOT SPECIFIED,NATIONAL,,99,US,US TOTAL,,,,,,,,0,,,9000,UNITED STATES,US TOTAL,2014,MONTHLY,3,3,MAR,,2015-04-30 15:00:23.000,35.0,
SURVEY,CROPS,FIELD CROPS,CORN,ALL CLASSES,ALL PRODUCTION PRACTICES,GRAIN,PRICE RECEIVED,PCT OF PARITY,"CORN, GRAIN - PRICE RECEIVED, MEASURED IN PCT OF PARITY",TOTAL,NOT SPECIFIED,NATIONAL,,99,US,US TOTAL,,,,,,,,0,,,9000,UNITED STATES,US TOTAL,2014,MONTHLY,4,4,APR,,2015-05-28 15:04:02.000,35.0,
SURVEY,CROPS,FIELD CROPS,CORN,ALL CLASSES,ALL PRODUCTION PRACTICES,GRAIN,PRICE RECEIVED,PCT OF PARITY,"CORN, GRAIN - PRICE RECEIVED, MEASURED IN PCT OF PARITY",TOTAL,NOT SPECIFIED,NATIONAL,,99,US,US TOTAL,,,,,,,,0,,,9000,UNITED STATES,US TOTAL,2014,MONTHLY,5,5,MAY,,2015-06-29 15:03:27.000,35.0,
SURVEY,CROPS,FIELD CROPS,CORN,ALL CLASSES,ALL PRODUCTION PRACTICES,GRAIN,PRICE RECEIVED,PCT OF PARITY,"CORN, GRAIN - PRICE RECEIVED, MEASURED IN PCT OF PARITY",TOTAL,NOT SPECIFIED,NATIONAL,,99,US,US TOTAL,,,,,,,,0,,,9000,UNITED STATES,US TOTAL,2014,MONTHLY,6,6,JUN,,2015-07-30 15:04:06.000,33.0,
SURVEY,CROPS,FIELD CROPS,CORN,ALL CLASSES,ALL PRODUCTION PRACTICES,GRAIN,PRICE RECEIVED,PCT OF PARITY,"CORN, GRAIN - PRICE RECEIVED, MEASURED IN PCT OF PARITY",TOTAL,NOT SPECIFIED,NATIONAL,,99,US,US TOTAL,,,,,,,,0,,,9000,UNITED STATES,US TOTAL,2014,MONTHLY,7,7,JUL,,2015-08-31 15:03:56.000,30.0,
SURVEY,CROPS,FIELD CROPS,CORN,ALL CLASSES,ALL PRODUCTION PRACTICES,GRAIN,PRICE RECEIVED,PCT OF PARITY,"CORN, GRAIN - PRICE RECEIVED, MEASURED IN PCT OF PARITY",TOTAL,NOT SPECIFIED,NATIONAL,,99,US,US TOTAL,,,,,,,,0,,,9000,UNITED STATES,US TOTAL,2014,MONTHLY,8,8,AUG,,2015-09-29 15:13:09.000,27.0,
SURVEY,CROPS,FIELD CROPS,CORN,ALL CLASSES,ALL PRODUCTION PRACTICES,GRAIN,PRICE RECEIVED,PCT OF PARITY,"CORN, GRAIN - PRICE RECEIVED, MEASURED IN PCT OF PARITY",TOTAL,NOT SPECIFIED,NATIONAL,,99,US,US TOTAL,,,,,,,,0,,,9000,UNITED STATES,US TOTAL,2014,MONTHLY,9,9,SEP,,2015-10-29 15:13:56.000,26.0,
SURVEY,CROPS,FIELD CROPS,CORN,ALL CLASSES,ALL PRODUCTION PRACTICES,GRAIN,PRICE RECEIVED,PCT OF PARITY,"CORN, GRAIN - PRICE RECEIVED, MEASURED IN PCT OF PARITY",TOTAL,NOT SPECIFIED,NATIONAL,,99,US,US TOTAL,,,,,,,,0,,,9000,UNITED STATES,US TOTAL,2014,MONTHLY,10,10,OCT,,2015-11-30 15:03:48.000,26.0,
SURVEY,CROPS,FIELD CROPS,CORN,ALL CLASSES,ALL PRODUCTION PRACTICES,GRAIN,PRICE RECEIVED,PCT OF PARITY,"CORN, GRAIN - PRICE RECEIVED, MEASURED IN PCT OF PARITY",TOTAL,NOT SPECIFIED,NATIONAL,,99,US,US TOTAL,,,,,,,,0,,,9000,UNITED STATES,US TOTAL,2014,MONTHLY,11,11,NOV,,2015-12-30 15:08:49.000,27.0,
SURVEY,CROPS,FIELD CROPS,CORN,ALL CLASSES,ALL PRODUCTION PRACTICES,GRAIN,PRICE RECEIVED,PCT OF PARITY,"CORN, GRAIN - PRICE RECEIVED, MEASURED IN PCT OF PARITY",TOTAL,NOT SPECIFIED,NATIONAL,,99,US,US TOTAL,,,,,,,,0,,,9000,UNITED STATES,US TOTAL,2014,MONTHLY,12,12,DEC,,2016-01-29 15:04:14.000,28.0,
SURVEY,CROPS,FIELD CROPS,CORN,ALL CLASSES,ALL PRODUCTION PRACTICES,GRAIN,PRICE RECEIVED,PCT OF PARITY,"CORN, GRAIN - PRICE RECEIVED, MEASURED IN PCT OF PARITY",TOTAL,NOT SPECIFIED,NATIONAL,,99,US,US TOTAL,,,,,,,,0,,,9000,UNITED STATES,US TOTAL,2013,MONTHLY,1,1,JAN,,2014-02-04 15:45:06.000,54.0,
SURVEY,CROPS,FIELD CROPS,CORN,ALL CLASSES,ALL PRODUCTION PRACTICES,GRAIN,PRICE RECEIVED,PCT OF PARITY,"CORN, GRAIN - PRICE RECEIVED, MEASURED IN PCT OF PARITY",TOTAL,NOT SPECIFIED,NATIONAL,,99,US,US TOTAL,,,,,,,,0,,,9000,UNITED STATES,US TOTAL,2013,MONTHLY,2,2,FEB,,2014-02-28 15:04:35.000,55.0,
SURVEY,CROPS,FIELD CROPS,CORN,ALL CLASSES,ALL PRODUCTION PRACTICES,GRAIN,PRICE RECEIVED,PCT OF PARITY,"CORN, GRAIN - PRICE RECEIVED, MEASURED IN PCT OF PARITY",TOTAL,NOT SPECIFIED,NATIONAL,,99,US,US TOTAL,,,,,,,,0,,,9000,UNITED STATES,US TOTAL,2013,MONTHLY,3,3,MAR,,2014-03-28 15:04:52.000,56.0,
SURVEY,CROPS,FIELD CROPS,CORN,ALL CLASSES,ALL PRODUCTION PRACTICES,GRAIN,PRICE RECEIVED,PCT OF PARITY,"CORN, GRAIN - PRICE RECEIVED, MEASURED IN PCT OF PARITY",TOTAL,NOT SPECIFIED,NATIONAL,,99,US,US TOTAL,,,,,,,,0,,,9000,UNITED STATES,US TOTAL,2013,MONTHLY,4,4,APR,,2014-04-30 15:10:28.000,55.0,
SURVEY,CROPS,FIELD CROPS,CORN,ALL CLASSES,ALL PRODUCTION PRACTICES,GRAIN,PRICE RECEIVED,PCT OF PARITY,"CORN, GRAIN - PRICE RECEIVED, MEASURED IN PCT OF PARITY",TOTAL,NOT SPECIFIED,NATIONAL,,99,US,US TOTAL,,,,,,,,0,,,9000,UNITED STATES,US TOTAL,2013,MONTHLY,5,5,MAY,,2014-05-30 15:05:15.000,55.0,
SURVEY,CROPS,FIELD CROPS,CORN,ALL CLASSES,ALL PRODUCTION PRACTICES,GRAIN,PRICE RECEIVED,PCT OF PARITY,"CORN, GRAIN - PRICE RECEIVED, MEASURED IN PCT OF PARITY",TOTAL,NOT SPECIFIED,NATIONAL,,99,US,US TOTAL,,,,,,,,0,,,9000,UNITED STATES,US TOTAL,2013,MONTHLY,6,6,JUN,,2014-06-27 15:04:35.000,54.0,
SURVEY,CROPS,FIELD CROPS,CORN,ALL CLASSES,ALL PRODUCTION PRACTICES,GRAIN,PRICE RECEIVED,PCT OF PARITY,"CORN, GRAIN - PRICE RECEIVED, MEASURED IN PCT OF PARITY",TOTAL,NOT SPECIFIED,NATIONAL,,99,US,US TOTAL,,,,,,,,0,,,9000,UNITED STATES,US TOTAL,2013,MONTHLY,7,7,JUL,,2014-07-31 15:07:59.000,53.0,
SURVEY,CROPS,FIELD CROPS,CORN,ALL CLASSES,ALL PRODUCTION PRACTICES,GRAIN,PRICE RECEIVED,PCT OF PARITY,"CORN, GRAIN - PRICE RECEIVED, MEASURED IN PCT OF PARITY",TOTAL,NOT SPECIFIED,NATIONAL,,99,US,US TOTAL,,,,,,,,0,,,9000,UNITED STATES,US TOTAL,2013,MONTHLY,8,8,AUG,,2014-08-28 15:10:37.000,49.0,
SURVEY,CROPS,FIELD CROPS,CORN,ALL CLASSES,ALL PRODUCTION PRACTICES,GRAIN,PRICE RECEIVED,PCT OF PARITY,"CORN, GRAIN - PRICE RECEIVED, MEASURED IN PCT OF PARITY",TOTAL,NOT SPECIFIED,NATIONAL,,99,US,US TOTAL,,,,,,,,0,,,9000,UNITED STATES,US TOTAL,2013,MONTHLY,9,9,SEP,,2014-09-29 15:10:54.000,44.0,
SURVEY,CROPS,FIELD CROPS,CORN,ALL CLASSES,ALL PRODUCTION PRACTICES,GRAIN,PRICE RECEIVED,PCT OF PARITY,"CORN, GRAIN - PRICE RECEIVED, MEASURED IN PCT OF PARITY",TOTAL,NOT SPECIFIED,NATIONAL,,99,US,US TOTAL,,,,,,,,0,,,9000,UNITED STATES,US TOTAL,2013,MONTHLY,10,10,OCT,,2014-11-04 09:03:35.000,37.0,
SURVEY,CROPS,FIELD CROPS,CORN,ALL CLASSES,ALL PRODUCTION PRACTICES,GRAIN,PRICE RECEIVED,PCT OF PARITY,"CORN, GRAIN - PRICE RECEIVED, MEASURED IN PCT OF PARITY",TOTAL,NOT SPECIFIED,NATIONAL,,99,US,US TOTAL,,,,,,,,0,,,9000,UNITED STATES,US TOTAL,2013,MONTHLY,11,11,NOV,,2014-11-26 12:14:27.000,36.0,
SURVEY,CROPS,FIELD CROPS,CORN,ALL CLASSES,ALL PRODUCTION PRACTICES,GRAIN,PRICE RECEIVED,PCT OF PARITY,"CORN, GRAIN - PRICE RECEIVED, MEASURED IN PCT OF PARITY",TOTAL,NOT SPECIFIED,NATIONAL,,99,US,US TOTAL,,,,,,,,0,,,9000,UNITED STATES,US TOTAL,2013,MONTHLY,12,12,DEC,,2015-01-30 15:04:53.000,36.0,
SURVEY,CROPS,FIELD CROPS,CORN,ALL CLASSES,ALL PRODUCTION PRACTICES,GRAIN,PRICE RECEIVED,PCT OF PARITY,"CORN, GRAIN - PRICE RECEIVED, MEASURED IN PCT OF PARITY",TOTAL,NOT SPECIFIED,NATIONAL,,99,US,US TOTAL,,,,,,,,0,,,9000,UNITED STATES,US TOTAL,2012,MONTHLY,1,1,JAN,,2013-01-31 15:08:55.000,53.0,
SURVEY,CROPS,FIELD CROPS,CORN,ALL CLASSES,ALL PRODUCTION PRACTICES,GRAIN,PRICE RECEIVED,PCT OF PARITY,"CORN, GRAIN - PRICE RECEIVED, MEASURED IN PCT OF PARITY",TOTAL,NOT SPECIFIED,NATIONAL,,99,US,US TOTAL,,,,,,,,0,,,9000,UNITED STATES,US TOTAL,2012,MONTHLY,2,2,FEB,,2013-02-28 15:06:59.000,55.0,
SURVEY,CROPS,FIELD CROPS,CORN,ALL CLASSES,ALL PRODUCTION PRACTICES,GRAIN,PRICE RECEIVED,PCT OF PARITY,"CORN, GRAIN - PRICE RECEIVED, MEASURED IN PCT OF PARITY",TOTAL,NOT SPECIFIED,NATIONAL,,99,US,US TOTAL,,,,,,,,0,,,9000,UNITED STATES,US TOTAL,2012,MONTHLY,3,3,MAR,,2013-03-27 15:16:26.000,55.0,
SURVEY,CROPS,FIELD CROPS,CORN,ALL CLASSES,ALL PRODUCTION PRACTICES,GRAIN,PRICE RECEIVED,PCT OF PARITY,"CORN, GRAIN - PRICE RECEIVED, MEASURED IN PCT OF PARITY",TOTAL,NOT SPECIFIED,NATIONAL,,99,US,US TOTAL,,,,,,,,0,,,9000,UNITED STATES,US TOTAL,2012,MONTHLY,4,4,APR,,2013-05-01 10:23:19.000,54.0,
SURVEY,CROPS,FIELD CROPS,CORN,ALL CLASSES,ALL PRODUCTION PRACTICES,GRAIN,PRICE RECEIVED,PCT OF PARITY,"CORN, GRAIN - PRICE RECEIVED, MEASURED IN PCT OF PARITY",TOTAL,NOT SPECIFIED,NATIONAL,,99,US,US TOTAL,,,,,,,,0,,,9000,UNITED STATES,US TOTAL,2012,MONTHLY,5,5,MAY,,2013-06-03 08:29:42.000,54.0,
SURVEY,CROPS,FIELD CROPS,CORN,ALL CLASSES,ALL PRODUCTION PRACTICES,GRAIN,PRICE RECEIVED,PCT OF PARITY,"CORN, GRAIN - PRICE RECEIVED, MEASURED IN PCT OF PARITY",TOTAL,NOT SPECIFIED,NATIONAL,,99,US,US TOTAL,,,,,,,,0,,,9000,UNITED STATES,US TOTAL,2012,MONTHLY,6,6,JUN,,2013-06-27 15:04:26.000,54.0,
SURVEY,CROPS,FIELD CROPS,CORN,ALL CLASSES,ALL PRODUCTION PRACTICES,GRAIN,PRICE RECEIVED,PCT OF PARITY,"CORN, GRAIN - PRICE RECEIVED, MEASURED IN PCT OF PARITY",TOTAL,NOT SPECIFIED,NATIONAL,,99,US,US TOTAL,,,,,,,,0,,,9000,UNITED STATES,US TOTAL,2012,MONTHLY,7,7,JUL,,2013-07-31 15:08:07.000,61.0,
SURVEY,CROPS,FIELD CROPS,CORN,ALL CLASSES,ALL PRODUCTION PRACTICES,GRAIN,PRICE RECEIVED,PCT OF PARITY,"CORN, GRAIN - PRICE RECEIVED, MEASURED IN PCT OF PARITY",TOTAL,NOT SPECIFIED,NATIONAL,,99,US,US TOTAL,,,,,,,,0,,,9000,UNITED STATES,US TOTAL,2012,MONTHLY,8,8,AUG,,2013-08-30 15:04:59.000,64.0,
SURVEY,CROPS,FIELD CROPS,CORN,ALL CLASSES,ALL PRODUCTION PRACTICES,GRAIN,PRICE RECEIVED,PCT OF PARITY,"CORN, GRAIN - PRICE RECEIVED, MEASURED IN PCT OF PARITY",TOTAL,NOT SPECIFIED,NATIONAL,,99,US,US TOTAL,,,,,,,,0,,,9000,UNITED STATES,US TOTAL,2012,MONTHLY,9,9,SEP,,2013-09-27 15:18:36.000,57.0,
SURVEY,CROPS,FIELD CROPS,CORN,ALL CLASSES,ALL PRODUCTION PRACTICES,GRAIN,PRICE RECEIVED,PCT OF PARITY,"CORN, GRAIN - PRICE RECEIVED, MEASURED IN PCT OF PARITY",TOTAL,NOT SPECIFIED,NATIONAL,,99,US,US TOTAL,,,,,,,,0,,,9000,UNITED STATES,US TOTAL,2012,MONTHLY,10,10,OCT,,2013-10-31 15:16:51.000,56.0,
SURVEY,CROPS,FIELD CROPS,CORN,ALL CLASSES,ALL PRODUCTION PRACTICES,GRAIN,PRICE RECEIVED,PCT OF PARITY,"CORN, GRAIN - PRICE RECEIVED, MEASURED IN PCT OF PARITY",TOTAL,NOT SPECIFIED,NATIONAL,,99,US,US TOTAL,,,,,,,,0,,,9000,UNITED STATES,US TOTAL,2012,MONTHLY,11,11,NOV,,2013-12-03 12:19:02.000,58.0,
SURVEY,CROPS,FIELD CROPS,CORN,ALL CLASSES,ALL PRODUCTION PRACTICES,GRAIN,PRICE RECEIVED,PCT OF PARITY,"CORN, GRAIN - PRICE RECEIVED, MEASURED IN PCT OF PARITY",TOTAL,NOT SPECIFIED,NATIONAL,,99,US,US TOTAL,,,,,,,,0,,,9000,UNITED STATES,US TOTAL,2012,MONTHLY,12,12,DEC,,2013-12-30 15:04:09.000,57.0,
SURVEY,CROPS,FIELD CROPS,CORN,ALL CLASSES,ALL PRODUCTION PRACTICES,GRAIN,PRICE RECEIVED,PCT OF PARITY,"CORN, GRAIN - PRICE RECEIVED, MEASURED IN PCT OF PARITY",TOTAL,NOT SPECIFIED,NATIONAL,,99,US,US TOTAL,,,,,,,,0,,,9000,UNITED STATES,US TOTAL,2011,MONTHLY,1,1,JAN,,2012-01-01 00:00:00.000,50.0,
SURVEY,CROPS,FIELD CROPS,CORN,ALL CLASSES,ALL PRODUCTION PRACTICES,GRAIN,PRICE RECEIVED,PCT OF PARITY,"CORN, GRAIN - PRICE RECEIVED, MEASURED IN PCT OF PARITY",TOTAL,NOT SPECIFIED,NATIONAL,,99,US,US TOTAL,,,,,,,,0,,,9000,UNITED STATES,US TOTAL,2011,MONTHLY,2,2,FEB,,2012-01-01 00:00:00.000,56.0,
SURVEY,CROPS,FIELD CROPS,CORN,ALL CLASSES,ALL PRODUCTION PRACTICES,GRAIN,PRICE RECEIVED,PCT OF PARITY,"CORN, GRAIN - PRICE RECEIVED, MEASURED IN PCT OF PARITY",TOTAL,NOT SPECIFIED,NATIONAL,,99,US,US TOTAL,,,,,,,,0,,,9000,UNITED STATES,US TOTAL,2011,MONTHLY,3,3,MAR,,2012-01-01 00:00:00.000,54.0,
SURVEY,CROPS,FIELD CROPS,CORN,ALL CLASSES,ALL PRODUCTION PRACTICES,GRAIN,PRICE RECEIVED,PCT OF PARITY,"CORN, GRAIN - PRICE RECEIVED, MEASURED IN PCT OF PARITY",TOTAL,NOT SPECIFIED,NATIONAL,,99,US,US TOTAL,,,,,,,,0,,,9000,UNITED STATES,US TOTAL,2011,MONTHLY,4,4,APR,,2012-05-03 16:54:47.000,61.0,
SURVEY,CROPS,FIELD CROPS,CORN,ALL CLASSES,ALL PRODUCTION PRACTICES,GRAIN,PRICE RECEIVED,PCT OF PARITY,"CORN, GRAIN - PRICE RECEIVED, MEASURED IN PCT OF PARITY",TOTAL,NOT SPECIFIED,NATIONAL,,99,US,US TOTAL,,,,,,,,0,,,9000,UNITED STATES,US TOTAL,2011,MONTHLY,5,5,MAY,,2012-05-31 15:24:21.000,61.0,
SURVEY,CROPS,FIELD CROPS,CORN,ALL CLASSES,ALL PRODUCTION PRACTICES,GRAIN,PRICE RECEIVED,PCT OF PARITY,"CORN, GRAIN - PRICE RECEIVED, MEASURED IN PCT OF PARITY",TOTAL,NOT SPECIFIED,NATIONAL,,99,US,US TOTAL,,,,,,,,0,,,9000,UNITED STATES,US TOTAL,2011,MONTHLY,6,6,JUN,,2012-06-28 15:09:24.000,61.0,
SURVEY,CROPS,FIELD CROPS,CORN,ALL CLASSES,ALL PRODUCTION PRACTICES,GRAIN,PRICE RECEIVED,PCT OF PARITY,"CORN, GRAIN - PRICE RECEIVED, MEASURED IN PCT OF PARITY",TOTAL,NOT SPECIFIED,NATIONAL,,99,US,US TOTAL,,,,,,,,0,,,9000,UNITED STATES,US TOTAL,2011,MONTHLY,7,7,JUL,,2012-08-02 10:42:16.000,60.0,
SURVEY,CROPS,FIELD CROPS,CORN,ALL CLASSES,ALL PRODUCTION PRACTICES,GRAIN,PRICE RECEIVED,PCT OF PARITY,"CORN, GRAIN - PRICE RECEIVED, MEASURED IN PCT OF PARITY",TOTAL,NOT SPECIFIED,NATIONAL,,99,US,US TOTAL,,,,,,,,0,,,9000,UNITED STATES,US TOTAL,2011,MONTHLY,8,8,AUG,,2012-08-31 15:16:31.000,66.0,
SURVEY,CROPS,FIELD CROPS,CORN,ALL CLASSES,ALL PRODUCTION PRACTICES,GRAIN,PRICE RECEIVED,PCT OF PARITY,"CORN, GRAIN - PRICE RECEIVED, MEASURED IN PCT OF PARITY",TOTAL,NOT SPECIFIED,NATIONAL,,99,US,US TOTAL,,,,,,,,0,,,9000,UNITED STATES,US TOTAL,2011,MONTHLY,9,9,SEP,,2012-09-27 15:15:55.000,61.0,
SURVEY,CROPS,FIELD CROPS,CORN,ALL CLASSES,ALL PRODUCTION PRACTICES,GRAIN,PRICE RECEIVED,PCT OF PARITY,"CORN, GRAIN - PRICE RECEIVED, MEASURED IN PCT OF PARITY",TOTAL,NOT SPECIFIED,NATIONAL,,99,US,US TOTAL,,,,,,,,0,,,9000,UNITED STATES,US TOTAL,2011,MONTHLY,10,10,OCT,,2012-10-31 15:08:40.000,55.0,
SURVEY,CROPS,FIELD CROPS,CORN,ALL CLASSES,ALL PRODUCTION PRACTICES,GRAIN,PRICE RECEIVED,PCT OF PARITY,"CORN, GRAIN - PRICE RECEIVED, MEASURED IN PCT OF PARITY",TOTAL,NOT SPECIFIED,NATIONAL,,99,US,US TOTAL,,,,,,,,0,,,9000,UNITED STATES,US TOTAL,2011,MONTHLY,11,11,NOV,,2012-01-01 00:00:00.000,56.0,
SURVEY,CROPS,FIELD CROPS,CORN,ALL CLASSES,ALL PRODUCTION PRACTICES,GRAIN,PRICE RECEIVED,PCT OF PARITY,"CORN, GRAIN - PRICE RECEIVED, MEASURED IN PCT OF PARITY",TOTAL,NOT SPECIFIED,NATIONAL,,99,US,US TOTAL,,,,,,,,0,,,9000,UNITED STATES,US TOTAL,2011,MONTHLY,12,12,DEC,,2012-12-31 13:14:32.000,56.0,
SURVEY,CROPS,FIELD CROPS,CORN,ALL CLASSES,ALL PRODUCTION PRACTICES,GRAIN,PRICE RECEIVED,PCT OF PARITY,"CORN, GRAIN - PRICE RECEIVED, MEASURED IN PCT OF PARITY",TOTAL,NOT SPECIFIED,NATIONAL,,99,US,US TOTAL,,,,,,,,0,,,9000,UNITED STATES,US TOTAL,2010,MONTHLY,1,1,JAN,,2012-01-01 00:00:00.000,40.0,
SURVEY,CROPS,FIELD CROPS,CORN,ALL CLASSES,ALL PRODUCTION PRACTICES,GRAIN,PRICE RECEIVED,PCT OF PARITY,"CORN, GRAIN - PRICE RECEIVED, MEASURED IN PCT OF PARITY",TOTAL,NOT SPECIFIED,NATIONAL,,99,US,US TOTAL,,,,,,,,0,,,9000,UNITED STATES,US TOTAL,2010,MONTHLY,2,2,FEB,,2012-01-01 00:00:00.000,39.0,
SURVEY,CROPS,FIELD CROPS,CORN,ALL CLASSES,ALL PRODUCTION PRACTICES,GRAIN,PRICE RECEIVED,PCT OF PARITY,"CORN, GRAIN - PRICE RECEIVED, MEASURED IN PCT OF PARITY",TOTAL,NOT SPECIFIED,NATIONAL,,99,US,US TOTAL,,,,,,,,0,,,9000,UNITED STATES,US TOTAL,2010,MONTHLY,3,3,MAR,,2012-01-01 00:00:00.000,39.0,
SURVEY,CROPS,FIELD CROPS,CORN,ALL CLASSES,ALL PRODUCTION PRACTICES,GRAIN,PRICE RECEIVED,PCT OF PARITY,"CORN, GRAIN - PRICE RECEIVED, MEASURED IN PCT OF PARITY",TOTAL,NOT SPECIFIED,NATIONAL,,99,US,US TOTAL,,,,,,,,0,,,9000,UNITED STATES,US TOTAL,2010,MONTHLY,4,4,APR,,2012-01-01 00:00:00.000,38.0,
SURVEY,CROPS,FIELD CROPS,CORN,ALL CLASSES,ALL PRODUCTION PRACTICES,GRAIN,PRICE RECEIVED,PCT OF PARITY,"CORN, GRAIN - PRICE RECEIVED, MEASURED IN PCT OF PARITY",TOTAL,NOT SPECIFIED,NATIONAL,,99,US,US TOTAL,,,,,,,,0,,,9000,UNITED STATES,US TOTAL,2010,MONTHLY,5,5,MAY,,2012-01-01 00:00:00.000,38.0,
SURVEY,CROPS,FIELD CROPS,CORN,ALL CLASSES,ALL PRODUCTION PRACTICES,GRAIN,PRICE RECEIVED,PCT OF PARITY,"CORN, GRAIN - PRICE RECEIVED, MEASURED IN PCT OF PARITY",TOTAL,NOT SPECIFIED,NATIONAL,,99,US,US TOTAL,,,,,,,,0,,,9000,UNITED STATES,US TOTAL,2010,MONTHLY,6,6,JUN,,2012-01-01 00:00:00.000,38.0,
SURVEY,CROPS,FIELD CROPS,CORN,ALL CLASSES,ALL PRODUCTION PRACTICES,GRAIN,PRICE RECEIVED,PCT OF PARITY,"CORN, GRAIN - PRICE RECEIVED, MEASURED IN PCT OF PARITY",TOTAL,NOT SPECIFIED,NATIONAL,,99,US,US TOTAL,,,,,,,,0,,,9000,UNITED STATES,US TOTAL,2010,MONTHLY,7,7,JUL,,2012-01-01 00:00:00.000,39.0,
SURVEY,CROPS,FIELD CROPS,CORN,ALL CLASSES,ALL PRODUCTION PRACTICES,GRAIN,PRICE RECEIVED,PCT OF PARITY,"CORN, GRAIN - PRICE RECEIVED, MEASURED IN PCT OF PARITY",TOTAL,NOT SPECIFIED,NATIONAL,,99,US,US TOTAL,,,,,,,,0,,,9000,UNITED STATES,US TOTAL,2010,MONTHLY,8,8,AUG,,2012-01-01 00:00:00.000,40.0,
SURVEY,CROPS,FIELD CROPS,CORN,ALL CLASSES,ALL PRODUCTION PRACTICES,GRAIN,PRICE RECEIVED,PCT OF PARITY,"CORN, GRAIN - PRICE RECEIVED, MEASURED IN PCT OF PARITY",TOTAL,NOT SPECIFIED,NATIONAL,,99,US,US TOTAL,,,,,,,,0,,,9000,UNITED STATES,US TOTAL,2010,MONTHLY,9,9,SEP,,2012-01-01 00:00:00.000,45.0,
SURVEY,CROPS,FIELD CROPS,CORN,ALL CLASSES,ALL PRODUCTION PRACTICES,GRAIN,PRICE RECEIVED,PCT OF PARITY,"CORN, GRAIN - PRICE RECEIVED, MEASURED IN PCT OF PARITY",TOTAL,NOT SPECIFIED,NATIONAL,,99,US,US TOTAL,,,,,,,,0,,,9000,UNITED STATES,US TOTAL,2010,MONTHLY,10,10,OCT,,2012-01-01 00:00:00.000,47.0,
SURVEY,CROPS,FIELD CROPS,CORN,ALL CLASSES,ALL PRODUCTION PRACTICES,GRAIN,PRICE RECEIVED,PCT OF PARITY,"CORN, GRAIN - PRICE RECEIVED, MEASURED IN PCT OF PARITY",TOTAL,NOT SPECIFIED,NATIONAL,,99,US,US TOTAL,,,,,,,,0,,,9000,UNITED STATES,US TOTAL,2010,MONTHLY,11,11,NOV,,2012-01-01 00:00:00.000,49.0,
SURVEY,CROPS,FIELD CROPS,CORN,ALL CLASSES,ALL PRODUCTION PRACTICES,GRAIN,PRICE RECEIVED,PCT OF PARITY,"CORN, GRAIN - PRICE RECEIVED, MEASURED IN PCT OF PARITY",TOTAL,NOT SPECIFIED,NATIONAL,,99,US,US TOTAL,,,,,,,,0,,,9000,UNITED STATES,US TOTAL,2010,MONTHLY,12,12,DEC,,2012-01-01 00:00:00.000,51.0,
SURVEY,CROPS,FIELD CROPS,CORN,ALL CLASSES,ALL PRODUCTION PRACTICES,GRAIN,PRICE RECEIVED,PCT OF PARITY,"CORN, GRAIN - PRICE RECEIVED, MEASURED IN PCT OF PARITY",TOTAL,NOT SPECIFIED,NATIONAL,,99,US,US TOTAL,,,,,,,,0,,,9000,UNITED STATES,US TOTAL,2009,MONTHLY,1,1,JAN,,2012-01-01 00:00:00.000,52.0,
SURVEY,CROPS,FIELD CROPS,CORN,ALL CLASSES,ALL PRODUCTION PRACTICES,GRAIN,PRICE RECEIVED,PCT OF PARITY,"CORN, GRAIN - PRICE RECEIVED, MEASURED IN PCT OF PARITY",TOTAL,NOT SPECIFIED,NATIONAL,,99,US,US TOTAL,,,,,,,,0,,,9000,UNITED STATES,US TOTAL,2009,MONTHLY,2,2,FEB,,2012-01-01 00:00:00.000,47.0,
SURVEY,CROPS,FIELD CROPS,CORN,ALL CLASSES,ALL PRODUCTION PRACTICES,GRAIN,PRICE RECEIVED,PCT OF PARITY,"CORN, GRAIN - PRICE RECEIVED, MEASURED IN PCT OF PARITY",TOTAL,NOT SPECIFIED,NATIONAL,,99,US,US TOTAL,,,,,,,,0,,,9000,UNITED STATES,US TOTAL,2009,MONTHLY,3,3,MAR,,2012-01-01 00:00:00.000,47.0,
SURVEY,CROPS,FIELD CROPS,CORN,ALL CLASSES,ALL PRODUCTION PRACTICES,GRAIN,PRICE RECEIVED,PCT OF PARITY,"CORN, GRAIN - PRICE RECEIVED, MEASURED IN PCT OF PARITY",TOTAL,NOT SPECIFIED,NATIONAL,,99,US,US TOTAL,,,,,,,,0,,,9000,UNITED STATES,US TOTAL,2009,MONTHLY,4,4,APR,,2012-01-01 00:00:00.000,46.0,
SURVEY,CROPS,FIELD CROPS,CORN,ALL CLASSES,ALL PRODUCTION PRACTICES,GRAIN,PRICE RECEIVED,PCT OF PARITY,"CORN, GRAIN - PRICE RECEIVED, MEASURED IN PCT OF PARITY",TOTAL,NOT SPECIFIED,NATIONAL,,99,US,US TOTAL,,,,,,,,0,,,9000,UNITED STATES,US TOTAL,2009,MONTHLY,5,5,MAY,,2012-01-01 00:00:00.000,47.0,
SURVEY,CROPS,FIELD CROPS,CORN,ALL CLASSES,ALL PRODUCTION PRACTICES,GRAIN,PRICE RECEIVED,PCT OF PARITY,"CORN, GRAIN - PRICE RECEIVED, MEASURED IN PCT OF PARITY",TOTAL,NOT SPECIFIED,NATIONAL,,99,US,US TOTAL,,,,,,,,0,,,9000,UNITED STATES,US TOTAL,2009,MONTHLY,6,6,JUN,,2012-01-01 00:00:00.000,47.0,
SURVEY,CROPS,FIELD CROPS,CORN,ALL CLASSES,ALL PRODUCTION PRACTICES,GRAIN,PRICE RECEIVED,PCT OF PARITY,"CORN, GRAIN - PRICE RECEIVED, MEASURED IN PCT OF PARITY",TOTAL,NOT SPECIFIED,NATIONAL,,99,US,US TOTAL,,,,,,,,0,,,9000,UNITED STATES,US TOTAL,2009,MONTHLY,7,7,JUL,,2012-01-01 00:00:00.000,43.0,
SURVEY,CROPS,FIELD CROPS,CORN,ALL CLASSES,ALL PRODUCTION PRACTICES,GRAIN,PRICE RECEIVED,PCT OF PARITY,"CORN, GRAIN - PRICE RECEIVED, MEASURED IN PCT OF PARITY",TOTAL,NOT SPECIFIED,NATIONAL,,99,US,US TOTAL,,,,,,,,0,,,9000,UNITED STATES,US TOTAL,2009,MONTHLY,8,8,AUG,,2012-01-01 00:00:00.000,40.0,
SURVEY,CROPS,FIELD CROPS,CORN,ALL CLASSES,ALL PRODUCTION PRACTICES,GRAIN,PRICE RECEIVED,PCT OF PARITY,"CORN, GRAIN - PRICE RECEIVED, MEASURED IN PCT OF PARITY",TOTAL,NOT SPECIFIED,NATIONAL,,99,US,US TOTAL,,,,,,,,0,,,9000,UNITED STATES,US TOTAL,2009,MONTHLY,9,9,SEP,,2012-01-01 00:00:00.000,39.0,
SURVEY,CROPS,FIELD CROPS,CORN,ALL CLASSES,ALL PRODUCTION PRACTICES,GRAIN,PRICE RECEIVED,PCT OF PARITY,"CORN, GRAIN - PRICE RECEIVED, MEASURED IN PCT OF PARITY",TOTAL,NOT SPECIFIED,NATIONAL,,99,US,US TOTAL,,,,,,,,0,,,9000,UNITED STATES,US TOTAL,2009,MONTHLY,10,10,OCT,,2012-01-01 00:00:00.000,43.0,
SURVEY,CROPS,FIELD CROPS,CORN,ALL CLASSES,ALL PRODUCTION PRACTICES,GRAIN,PRICE RECEIVED,PCT OF PARITY,"CORN, GRAIN - PRICE RECEIVED, MEASURED IN PCT OF PARITY",TOTAL,NOT SPECIFIED,NATIONAL,,99,US,US TOTAL,,,,,,,,0,,,9000,UNITED STATES,US TOTAL,2009,MONTHLY,11,11,NOV,,2012-01-01 00:00:00.000,44.0,
SURVEY,CROPS,FIELD CROPS,CORN,ALL CLASSES,ALL PRODUCTION PRACTICES,GRAIN,PRICE RECEIVED,PCT OF PARITY,"CORN, GRAIN - PRICE RECEIVED, MEASURED IN PCT OF PARITY",TOTAL,NOT SPECIFIED,NATIONAL,,99,US,US TOTAL,,,,,,,,0,,,9000,UNITED STATES,US TOTAL,2009,MONTHLY,12,12,DEC,,2012-01-01 00:00:00.000,43.0,
SURVEY,CROPS,FIELD CROPS,CORN,ALL CLASSES,ALL PRODUCTION PRACTICES,GRAIN,PRICE RECEIVED,PCT OF PARITY,"CORN, GRAIN - PRICE RECEIVED, MEASURED IN PCT OF PARITY",TOTAL,NOT SPECIFIED,NATIONAL,,99,US,US TOTAL,,,,,,,,0,,,9000,UNITED STATES,US TOTAL,2008,MONTHLY,1,1,JAN,,2012-01-01 00:00:00.000,53.0,
SURVEY,CROPS,FIELD CROPS,CORN,ALL CLASSES,ALL PRODUCTION PRACTICES,GRAIN,PRICE RECEIVED,PCT OF PARITY,"CORN, GRAIN - PRICE RECEIVED, MEASURED IN PCT OF PARITY",TOTAL,NOT SPECIFIED,NATIONAL,,99,US,US TOTAL,,,,,,,,0,,,9000,UNITED STATES,US TOTAL,2008,MONTHLY,2,2,FEB,,2012-01-01 00:00:00.000,59.0,
SURVEY,CROPS,FIELD CROPS,CORN,ALL CLASSES,ALL PRODUCTION PRACTICES,GRAIN,PRICE RECEIVED,PCT OF PARITY,"CORN, GRAIN - PRICE RECEIVED, MEASURED IN PCT OF PARITY",TOTAL,NOT SPECIFIED,NATIONAL,,99,US,US TOTAL,,,,,,,,0,,,9000,UNITED STATES,US TOTAL,2008,MONTHLY,3,3,MAR,,2012-01-01 00:00:00.000,60.0,
SURVEY,CROPS,FIELD CROPS,CORN,ALL CLASSES,ALL PRODUCTION PRACTICES,GRAIN,PRICE RECEIVED,PCT OF PARITY,"CORN, GRAIN - PRICE RECEIVED, MEASURED IN PCT OF PARITY",TOTAL,NOT SPECIFIED,NATIONAL,,99,US,US TOTAL,,,,,,,,0,,,9000,UNITED STATES,US TOTAL,2008,MONTHLY,4,4,APR,,2012-01-01 00:00:00.000,63.0,
SURVEY,CROPS,FIELD CROPS,CORN,ALL CLASSES,ALL PRODUCTION PRACTICES,GRAIN,PRICE RECEIVED,PCT OF PARITY,"CORN, GRAIN - PRICE RECEIVED, MEASURED IN PCT OF PARITY",TOTAL,NOT SPECIFIED,NATIONAL,,99,US,US TOTAL,,,,,,,,0,,,9000,UNITED STATES,US TOTAL,2008,MONTHLY,5,5,MAY,,2012-01-01 00:00:00.000,64.0,
SURVEY,CROPS,FIELD CROPS,CORN,ALL CLASSES,ALL PRODUCTION PRACTICES,GRAIN,PRICE RECEIVED,PCT OF PARITY,"CORN, GRAIN - PRICE RECEIVED, MEASURED IN PCT OF PARITY",TOTAL,NOT SPECIFIED,NATIONAL,,99,US,US TOTAL,,,,,,,,0,,,9000,UNITED STATES,US TOTAL,2008,MONTHLY,6,6,JUN,,2012-01-01 00:00:00.000,64.0,
SURVEY,CROPS,FIELD CROPS,CORN,ALL CLASSES,ALL PRODUCTION PRACTICES,GRAIN,PRICE RECEIVED,PCT OF PARITY,"CORN, GRAIN - PRICE RECEIVED, MEASURED IN PCT OF PARITY",TOTAL,NOT SPECIFIED,NATIONAL,,99,US,US TOTAL,,,,,,,,0,,,9000,UNITED STATES,US TOTAL,2008,MONTHLY,7,7,JUL,,2012-01-01 00:00:00.000,61.0,
SURVEY,CROPS,FIELD CROPS,CORN,ALL CLASSES,ALL PRODUCTION PRACTICES,GRAIN,PRICE RECEIVED,PCT OF PARITY,"CORN, GRAIN - PRICE RECEIVED, MEASURED IN PCT OF PARITY",TOTAL,NOT SPECIFIED,NATIONAL,,99,US,US TOTAL,,,,,,,,0,,,9000,UNITED STATES,US TOTAL,2008,MONTHLY,8,8,AUG,,2012-01-01 00:00:00.000,60.0,
SURVEY,CROPS,FIELD CROPS,CORN,ALL CLASSES,ALL PRODUCTION PRACTICES,GRAIN,PRICE RECEIVED,PCT OF PARITY,"CORN, GRAIN - PRICE RECEIVED, MEASURED IN PCT OF PARITY",TOTAL,NOT SPECIFIED,NATIONAL,,99,US,US TOTAL,,,,,,,,0,,,9000,UNITED STATES,US TOTAL,2008,MONTHLY,9,9,SEP,,2012-01-01 00:00:00.000,58.0,
SURVEY,CROPS,FIELD CROPS,CORN,ALL CLASSES,ALL PRODUCTION PRACTICES,GRAIN,PRICE RECEIVED,PCT OF PARITY,"CORN, GRAIN - PRICE RECEIVED, MEASURED IN PCT OF PARITY",TOTAL,NOT SPECIFIED,NATIONAL,,99,US,US TOTAL,,,,,,,,0,,,9000,UNITED STATES,US TOTAL,2008,MONTHLY,10,10,OCT,,2012-01-01 00:00:00.000,52.0,
SURVEY,CROPS,FIELD CROPS,CORN,ALL CLASSES,ALL PRODUCTION PRACTICES,GRAIN,PRICE RECEIVED,PCT OF PARITY,"CORN, GRAIN - PRICE RECEIVED, MEASURED IN PCT OF PARITY",TOTAL,NOT SPECIFIED,NATIONAL,,99,US,US TOTAL,,,,,,,,0,,,9000,UNITED STATES,US TOTAL,2008,MONTHLY,11,11,NOV,,2012-01-01 00:00:00.000,52.0,
SURVEY,CROPS,FIELD CROPS,CORN,ALL CLASSES,ALL PRODUCTION PRACTICES,GRAIN,PRICE RECEIVED,PCT OF PARITY,"CORN, GRAIN - PRICE RECEIVED, MEASURED IN PCT OF PARITY",TOTAL,NOT SPECIFIED,NATIONAL,,99,US,US TOTAL,,,,,,,,0,,,9000,UNITED STATES,US TOTAL,2008,MONTHLY,12,12,DEC,,2012-01-01 00:00:00.000,52.0,
SURVEY,CROPS,FIELD CROPS,CORN,ALL CLASSES,ALL PRODUCTION PRACTICES,GRAIN,PRICE RECEIVED,PCT OF PARITY,"CORN, GRAIN - PRICE RECEIVED, MEASURED IN PCT OF PARITY",TOTAL,NOT SPECIFIED,NATIONAL,,99,US,US TOTAL,,,,,,,,0,,,9000,UNITED STATES,US TOTAL,2007,MONTHLY,1,1,JAN,,2012-01-01 00:00:00.000,39.0,
SURVEY,CROPS,FIELD CROPS,CORN,ALL CLASSES,ALL PRODUCTION PRACTICES,GRAIN,PRICE RECEIVED,PCT OF PARITY,"CORN, GRAIN - PRICE RECEIVED, MEASURED IN PCT OF PARITY",TOTAL,NOT SPECIFIED,NATIONAL,,99,US,US TOTAL,,,,,,,,0,,,9000,UNITED STATES,US TOTAL,2007,MONTHLY,2,2,FEB,,2012-01-01 00:00:00.000,44.0,
SURVEY,CROPS,FIELD CROPS,CORN,ALL CLASSES,ALL PRODUCTION PRACTICES,GRAIN,PRICE RECEIVED,PCT OF PARITY,"CORN, GRAIN - PRICE RECEIVED, MEASURED IN PCT OF PARITY",TOTAL,NOT SPECIFIED,NATIONAL,,99,US,US TOTAL,,,,,,,,0,,,9000,UNITED STATES,US TOTAL,2007,MONTHLY,3,3,MAR,,2012-01-01 00:00:00.000,43.0,
SURVEY,CROPS,FIELD CROPS,CORN,ALL CLASSES,ALL PRODUCTION PRACTICES,GRAIN,PRICE RECEIVED,PCT OF PARITY,"CORN, GRAIN - PRICE RECEIVED, MEASURED IN PCT OF PARITY",TOTAL,NOT SPECIFIED,NATIONAL,,99,US,US TOTAL,,,,,,,,0,,,9000,UNITED STATES,US TOTAL,2007,MONTHLY,4,4,APR,,2012-01-01 00:00:00.000,42.0,
SURVEY,CROPS,FIELD CROPS,CORN,ALL CLASSES,ALL PRODUCTION PRACTICES,GRAIN,PRICE RECEIVED,PCT OF PARITY,"CORN, GRAIN - PRICE RECEIVED, MEASURED IN PCT OF PARITY",TOTAL,NOT SPECIFIED,NATIONAL,,99,US,US TOTAL,,,,,,,,0,,,9000,UNITED STATES,US TOTAL,2007,MONTHLY,5,5,MAY,,2012-01-01 00:00:00.000,43.0,
SURVEY,CROPS,FIELD CROPS,CORN,ALL CLASSES,ALL PRODUCTION PRACTICES,GRAIN,PRICE RECEIVED,PCT OF PARITY,"CORN, GRAIN - PRICE RECEIVED, MEASURED IN PCT OF PARITY",TOTAL,NOT SPECIFIED,NATIONAL,,99,US,US TOTAL,,,,,,,,0,,,9000,UNITED STATES,US TOTAL,2007,MONTHLY,6,6,JUN,,2012-01-01 00:00:00.000,44.0,
SURVEY,CROPS,FIELD CROPS,CORN,ALL CLASSES,ALL PRODUCTION PRACTICES,GRAIN,PRICE RECEIVED,PCT OF PARITY,"CORN, GRAIN - PRICE RECEIVED, MEASURED IN PCT OF PARITY",TOTAL,NOT SPECIFIED,NATIONAL,,99,US,US TOTAL,,,,,,,,0,,,9000,UNITED STATES,US TOTAL,2007,MONTHLY,7,7,JUL,,2012-01-01 00:00:00.000,41.0,
SURVEY,CROPS,FIELD CROPS,CORN,ALL CLASSES,ALL PRODUCTION PRACTICES,GRAIN,PRICE RECEIVED,PCT OF PARITY,"CORN, GRAIN - PRICE RECEIVED, MEASURED IN PCT OF PARITY",TOTAL,NOT SPECIFIED,NATIONAL,,99,US,US TOTAL,,,,,,,,0,,,9000,UNITED STATES,US TOTAL,2007,MONTHLY,8,8,AUG,,2012-01-01 00:00:00.000,40.0,
SURVEY,CROPS,FIELD CROPS,CORN,ALL CLASSES,ALL PRODUCTION PRACTICES,GRAIN,PRICE RECEIVED,PCT OF PARITY,"CORN, GRAIN - PRICE RECEIVED, MEASURED IN PCT OF PARITY",TOTAL,NOT SPECIFIED,NATIONAL,,99,US,US TOTAL,,,,,,,,0,,,9000,UNITED STATES,US TOTAL,2007,MONTHLY,9,9,SEP,,2012-01-01 00:00:00.000,40.0,
SURVEY,CROPS,FIELD CROPS,CORN,ALL CLASSES,ALL PRODUCTION PRACTICES,GRAIN,PRICE RECEIVED,PCT OF PARITY,"CORN, GRAIN - PRICE RECEIVED, MEASURED IN PCT OF PARITY",TOTAL,NOT SPECIFIED,NATIONAL,,99,US,US TOTAL,,,,,,,,0,,,9000,UNITED STATES,US TOTAL,2007,MONTHLY,10,10,OCT,,2012-01-01 00:00:00.000,40.0,
SURVEY,CROPS,FIELD CROPS,CORN,ALL CLASSES,ALL PRODUCTION PRACTICES,GRAIN,PRICE RECEIVED,PCT OF PARITY,"CORN, GRAIN - PRICE RECEIVED, MEASURED IN PCT OF PARITY",TOTAL,NOT SPECIFIED,NATIONAL,,99,US,US TOTAL,,,,,,,,0,,,9000,UNITED STATES,US TOTAL,2007,MONTHLY,11,11,NOV,,2012-01-01 00:00:00.000,42.0,
SURVEY,CROPS,FIELD CROPS,CORN,ALL CLASSES,ALL PRODUCTION PRACTICES,GRAIN,PRICE RECEIVED,PCT OF PARITY,"CORN, GRAIN - PRICE RECEIVED, MEASURED IN PCT OF PARITY",TOTAL,NOT SPECIFIED,NATIONAL,,99,US,US TOTAL,,,,,,,,0,,,9000,UNITED STATES,US TOTAL,2007,MONTHLY,12,12,DEC,,2012-01-01 00:00:00.000,45.0,
SURVEY,CROPS,FIELD CROPS,CORN,ALL CLASSES,ALL PRODUCTION PRACTICES,GRAIN,PRICE RECEIVED,PCT OF PARITY,"CORN, GRAIN - PRICE RECEIVED, MEASURED IN PCT OF PARITY",TOTAL,NOT SPECIFIED,NATIONAL,,99,US,US TOTAL,,,,,,,,0,,,9000,UNITED STATES,US TOTAL,2006,MONTHLY,1,1,JAN,,2012-01-01 00:00:00.000,26.0,
SURVEY,CROPS,FIELD CROPS,CORN,ALL CLASSES,ALL PRODUCTION PRACTICES,GRAIN,PRICE RECEIVED,PCT OF PARITY,"CORN, GRAIN - PRICE RECEIVED, MEASURED IN PCT OF PARITY",TOTAL,NOT SPECIFIED,NATIONAL,,99,US,US TOTAL,,,,,,,,0,,,9000,UNITED STATES,US TOTAL,2006,MONTHLY,2,2,FEB,,2012-01-01 00:00:00.000,26.0,
SURVEY,CROPS,FIELD CROPS,CORN,ALL CLASSES,ALL PRODUCTION PRACTICES,GRAIN,PRICE RECEIVED,PCT OF PARITY,"CORN, GRAIN - PRICE RECEIVED, MEASURED IN PCT OF PARITY",TOTAL,NOT SPECIFIED,NATIONAL,,99,US,US TOTAL,,,,,,,,0,,,9000,UNITED STATES,US TOTAL,2006,MONTHLY,3,3,MAR,,2012-01-01 00:00:00.000,27.0,
SURVEY,CROPS,FIELD CROPS,CORN,ALL CLASSES,ALL PRODUCTION PRACTICES,GRAIN,PRICE RECEIVED,PCT OF PARITY,"CORN, GRAIN - PRICE RECEIVED, MEASURED IN PCT OF PARITY",TOTAL,NOT SPECIFIED,NATIONAL,,99,US,US TOTAL,,,,,,,,0,,,9000,UNITED STATES,US TOTAL,2006,MONTHLY,4,4,APR,,2012-01-01 00:00:00.000,27.0,
SURVEY,CROPS,FIELD CROPS,CORN,ALL CLASSES,ALL PRODUCTION PRACTICES,GRAIN,PRICE RECEIVED,PCT OF PARITY,"CORN, GRAIN - PRICE RECEIVED, MEASURED IN PCT OF PARITY",TOTAL,NOT SPECIFIED,NATIONAL,,99,US,US TOTAL,,,,,,,,0,,,9000,UNITED STATES,US TOTAL,2006,MONTHLY,5,5,MAY,,2012-01-01 00:00:00.000,28.0,
SURVEY,CROPS,FIELD CROPS,CORN,ALL CLASSES,ALL PRODUCTION PRACTICES,GRAIN,PRICE RECEIVED,PCT OF PARITY,"CORN, GRAIN - PRICE RECEIVED, MEASURED IN PCT OF PARITY",TOTAL,NOT SPECIFIED,NATIONAL,,99,US,US TOTAL,,,,,,,,0,,,9000,UNITED STATES,US TOTAL,2006,MONTHLY,6,6,JUN,,2012-01-01 00:00:00.000,27.0,
SURVEY,CROPS,FIELD CROPS,CORN,ALL CLASSES,ALL PRODUCTION PRACTICES,GRAIN,PRICE RECEIVED,PCT OF PARITY,"CORN, GRAIN - PRICE RECEIVED, MEASURED IN PCT OF PARITY",TOTAL,NOT SPECIFIED,NATIONAL,,99,US,US TOTAL,,,,,,,,0,,,9000,UNITED STATES,US TOTAL,2006,MONTHLY,7,7,JUL,,2012-01-01 00:00:00.000,27.0,
SURVEY,CROPS,FIELD CROPS,CORN,ALL CLASSES,ALL PRODUCTION PRACTICES,GRAIN,PRICE RECEIVED,PCT OF PARITY,"CORN, GRAIN - PRICE RECEIVED, MEASURED IN PCT OF PARITY",TOTAL,NOT SPECIFIED,NATIONAL,,99,US,US TOTAL,,,,,,,,0,,,9000,UNITED STATES,US TOTAL,2006,MONTHLY,8,8,AUG,,2012-01-01 00:00:00.000,27.0,
SURVEY,CROPS,FIELD CROPS,CORN,ALL CLASSES,ALL PRODUCTION PRACTICES,GRAIN,PRICE RECEIVED,PCT OF PARITY,"CORN, GRAIN - PRICE RECEIVED, MEASURED IN PCT OF PARITY",TOTAL,NOT SPECIFIED,NATIONAL,,99,US,US TOTAL,,,,,,,,0,,,9000,UNITED STATES,US TOTAL,2006,MONTHLY,9,9,SEP,,2012-01-01 00:00:00.000,28.0,
SURVEY,CROPS,FIELD CROPS,CORN,ALL CLASSES,ALL PRODUCTION PRACTICES,GRAIN,PRICE RECEIVED,PCT OF PARITY,"CORN, GRAIN - PRICE RECEIVED, MEASURED IN PCT OF PARITY",TOTAL,NOT SPECIFIED,NATIONAL,,99,US,US TOTAL,,,,,,,,0,,,9000,UNITED STATES,US TOTAL,2006,MONTHLY,10,10,OCT,,2012-01-01 00:00:00.000,33.0,
SURVEY,CROPS,FIELD CROPS,CORN,ALL CLASSES,ALL PRODUCTION PRACTICES,GRAIN,PRICE RECEIVED,PCT OF PARITY,"CORN, GRAIN - PRICE RECEIVED, MEASURED IN PCT OF PARITY",TOTAL,NOT SPECIFIED,NATIONAL,,99,US,US TOTAL,,,,,,,,0,,,9000,UNITED STATES,US TOTAL,2006,MONTHLY,11,11,NOV,,2012-01-01 00:00:00.000,37.0,
SURVEY,CROPS,FIELD CROPS,CORN,ALL CLASSES,ALL PRODUCTION PRACTICES,GRAIN,PRICE RECEIVED,PCT OF PARITY,"CORN, GRAIN - PRICE RECEIVED, MEASURED IN PCT OF PARITY",TOTAL,NOT SPECIFIED,NATIONAL,,99,US,US TOTAL,,,,,,,,0,,,9000,UNITED STATES,US TOTAL,2006,MONTHLY,12,12,DEC,,2012-01-01 00:00:00.000,38.0,
SURVEY,CROPS,FIELD CROPS,CORN,ALL CLASSES,ALL PRODUCTION PRACTICES,GRAIN,PRICE RECEIVED,PCT OF PARITY,"CORN, GRAIN - PRICE RECEIVED, MEASURED IN PCT OF PARITY",TOTAL,NOT SPECIFIED,NATIONAL,,99,US,US TOTAL,,,,,,,,0,,,9000,UNITED STATES,US TOTAL,2005,ANNUAL,0,0,MARKETING YEAR,,2012-01-01 00:00:00.000,27.0,
SURVEY,CROPS,FIELD CROPS,CORN,ALL CLASSES,ALL PRODUCTION PRACTICES,GRAIN,PRICE RECEIVED,PCT OF PARITY,"CORN, GRAIN - PRICE RECEIVED, MEASURED IN PCT OF PARITY",TOTAL,NOT SPECIFIED,NATIONAL,,99,US,US TOTAL,,,,,,,,0,,,9000,UNITED STATES,US TOTAL,2005,MONTHLY,1,1,JAN,,2012-01-01 00:00:00.000,32.0,
SURVEY,CROPS,FIELD CROPS,CORN,ALL CLASSES,ALL PRODUCTION PRACTICES,GRAIN,PRICE RECEIVED,PCT OF PARITY,"CORN, GRAIN - PRICE RECEIVED, MEASURED IN PCT OF PARITY",TOTAL,NOT SPECIFIED,NATIONAL,,99,US,US TOTAL,,,,,,,,0,,,9000,UNITED STATES,US TOTAL,2005,MONTHLY,2,2,FEB,,2012-01-01 00:00:00.000,29.0,
SURVEY,CROPS,FIELD CROPS,CORN,ALL CLASSES,ALL PRODUCTION PRACTICES,GRAIN,PRICE RECEIVED,PCT OF PARITY,"CORN, GRAIN - PRICE RECEIVED, MEASURED IN PCT OF PARITY",TOTAL,NOT SPECIFIED,NATIONAL,,99,US,US TOTAL,,,,,,,,0,,,9000,UNITED STATES,US TOTAL,2005,MONTHLY,3,3,MAR,,2012-01-01 00:00:00.000,30.0,
SURVEY,CROPS,FIELD CROPS,CORN,ALL CLASSES,ALL PRODUCTION PRACTICES,GRAIN,PRICE RECEIVED,PCT OF PARITY,"CORN, GRAIN - PRICE RECEIVED, MEASURED IN PCT OF PARITY",TOTAL,NOT SPECIFIED,NATIONAL,,99,US,US TOTAL,,,,,,,,0,,,9000,UNITED STATES,US TOTAL,2005,MONTHLY,4,4,APR,,2012-01-01 00:00:00.000,29.0,
SURVEY,CROPS,FIELD CROPS,CORN,ALL CLASSES,ALL PRODUCTION PRACTICES,GRAIN,PRICE RECEIVED,PCT OF PARITY,"CORN, GRAIN - PRICE RECEIVED, MEASURED IN PCT OF PARITY",TOTAL,NOT SPECIFIED,NATIONAL,,99,US,US TOTAL,,,,,,,,0,,,9000,UNITED STATES,US TOTAL,2005,MONTHLY,5,5,MAY,,2012-01-01 00:00:00.000,29.0,
SURVEY,CROPS,FIELD CROPS,CORN,ALL CLASSES,ALL PRODUCTION PRACTICES,GRAIN,PRICE RECEIVED,PCT OF PARITY,"CORN, GRAIN - PRICE RECEIVED, MEASURED IN PCT OF PARITY",TOTAL,NOT SPECIFIED,NATIONAL,,99,US,US TOTAL,,,,,,,,0,,,9000,UNITED STATES,US TOTAL,2005,MONTHLY,6,6,JUN,,2012-01-01 00:00:00.000,29.0,
SURVEY,CROPS,FIELD CROPS,CORN,ALL CLASSES,ALL PRODUCTION PRACTICES,GRAIN,PRICE RECEIVED,PCT OF PARITY,"CORN, GRAIN - PRICE RECEIVED, MEASURED IN PCT OF PARITY",TOTAL,NOT SPECIFIED,NATIONAL,,99,US,US TOTAL,,,,,,,,0,,,9000,UNITED STATES,US TOTAL,2005,MONTHLY,7,7,JUL,,2012-01-01 00:00:00.000,30.0,
SURVEY,CROPS,FIELD CROPS,CORN,ALL CLASSES,ALL PRODUCTION PRACTICES,GRAIN,PRICE RECEIVED,PCT OF PARITY,"CORN, GRAIN - PRICE RECEIVED, MEASURED IN PCT OF PARITY",TOTAL,NOT SPECIFIED,NATIONAL,,99,US,US TOTAL,,,,,,,,0,,,9000,UNITED STATES,US TOTAL,2005,MONTHLY,8,8,AUG,,2012-01-01 00:00:00.000,28.0,
SURVEY,CROPS,FIELD CROPS,CORN,ALL CLASSES,ALL PRODUCTION PRACTICES,GRAIN,PRICE RECEIVED,PCT OF PARITY,"CORN, GRAIN - PRICE RECEIVED, MEASURED IN PCT OF PARITY",TOTAL,NOT SPECIFIED,NATIONAL,,99,US,US TOTAL,,,,,,,,0,,,9000,UNITED STATES,US TOTAL,2005,MONTHLY,10,10,OCT,,2012-01-01 00:00:00.000,26.0,
SURVEY,CROPS,FIELD CROPS,CORN,ALL CLASSES,ALL PRODUCTION PRACTICES,GRAIN,PRICE RECEIVED,PCT OF PARITY,"CORN, GRAIN - PRICE RECEIVED, MEASURED IN PCT OF PARITY",TOTAL,NOT SPECIFIED,NATIONAL,,99,US,US TOTAL,,,,,,,,0,,,9000,UNITED STATES,US TOTAL,2005,MONTHLY,11,11,NOV,,2012-01-01 00:00:00.000,25.0,
SURVEY,CROPS,FIELD CROPS,CORN,ALL CLASSES,ALL PRODUCTION PRACTICES,GRAIN,PRICE RECEIVED,PCT OF PARITY,"CORN, GRAIN - PRICE RECEIVED, MEASURED IN PCT OF PARITY",TOTAL,NOT SPECIFIED,NATIONAL,,99,US,US TOTAL,,,,,,,,0,,,9000,UNITED STATES,US TOTAL,2005,MONTHLY,12,12,DEC,,2012-01-01 00:00:00.000,27.0,
SURVEY,CROPS,FIELD CROPS,CORN,ALL CLASSES,ALL PRODUCTION PRACTICES,GRAIN,PRICE RECEIVED,PCT OF PARITY,"CORN, GRAIN - PRICE RECEIVED, MEASURED IN PCT OF PARITY",TOTAL,NOT SPECIFIED,NATIONAL,,99,US,US TOTAL,,,,,,,,0,,,9000,UNITED STATES,US TOTAL,2004,ANNUAL,0,0,MARKETING YEAR,,2012-01-01 00:00:00.000,33.0,
SURVEY,CROPS,FIELD CROPS,CORN,ALL CLASSES,ALL PRODUCTION PRACTICES,GRAIN,PRICE RECEIVED,PCT OF PARITY,"CORN, GRAIN - PRICE RECEIVED, MEASURED IN PCT OF PARITY",TOTAL,NOT SPECIFIED,NATIONAL,,99,US,US TOTAL,,,,,,,,0,,,9000,UNITED STATES,US TOTAL,2004,MONTHLY,7,7,JUL,,2012-01-01 00:00:00.000,37.0,
SURVEY,CROPS,FIELD CROPS,CORN,ALL CLASSES,ALL PRODUCTION PRACTICES,GRAIN,PRICE RECEIVED,PCT OF PARITY,"CORN, GRAIN - PRICE RECEIVED, MEASURED IN PCT OF PARITY",TOTAL,NOT SPECIFIED,NATIONAL,,99,US,US TOTAL,,,,,,,,0,,,9000,UNITED STATES,US TOTAL,2004,MONTHLY,8,8,AUG,,2012-01-01 00:00:00.000,34.0,
SURVEY,CROPS,FIELD CROPS,CORN,ALL CLASSES,ALL PRODUCTION PRACTICES,GRAIN,PRICE RECEIVED,PCT OF PARITY,"CORN, GRAIN - PRICE RECEIVED, MEASURED IN PCT OF PARITY",TOTAL,NOT SPECIFIED,NATIONAL,,99,US,US TOTAL,,,,,,,,0,,,9000,UNITED STATES,US TOTAL,2004,MONTHLY,10,10,OCT,,2012-01-01 00:00:00.000,32.0,
SURVEY,CROPS,FIELD CROPS,CORN,ALL CLASSES,ALL PRODUCTION PRACTICES,GRAIN,PRICE RECEIVED,PCT OF PARITY,"CORN, GRAIN - PRICE RECEIVED, MEASURED IN PCT OF PARITY",TOTAL,NOT SPECIFIED,NATIONAL,,99,US,US TOTAL,,,,,,,,0,,,9000,UNITED STATES,US TOTAL,2004,MONTHLY,11,11,NOV,,2012-01-01 00:00:00.000,30.0,
SURVEY,CROPS,FIELD CROPS,CORN,ALL CLASSES,ALL PRODUCTION PRACTICES,GRAIN,PRICE RECEIVED,PCT OF PARITY,"CORN, GRAIN - PRICE RECEIVED, MEASURED IN PCT OF PARITY",TOTAL,NOT SPECIFIED,NATIONAL,,99,US,US TOTAL,,,,,,,,0,,,9000,UNITED STATES,US TOTAL,2004,MONTHLY,12,12,DEC,,2012-01-01 00:00:00.000,30.0,
