source_desc,sector_desc,group_desc,commodity_desc,class_desc,prodn_practice_desc,util_practice_desc,statisticcat_desc,unit_desc,short_desc,domain_desc,domaincat_desc,agg_level_desc,state_ansi,state_fips_code,state_alpha,state_name,asd_code,asd_desc,county_ansi,county_code,county_name,region_desc,zip_5,watershed_code,watershed_desc,congr_district_code,country_code,country_name,location_desc,year,freq_desc,begin_code,end_code,reference_period_desc,week_ending,load_time,Value,CV (%)
SURVEY,ANIMALS & PRODUCTS,POULTRY,EGGS,ALL CLASSES,ALL PRODUCTION PRACTICES,ALL UTILIZATION PRACTICES,PRICE RECEIVED,$ / DOZEN,"EGGS - PRICE RECEIVED, MEASURED IN $ / DOZEN",TOTAL,NOT SPECIFIED,NATIONAL,,99,US,US TOTAL,,,,,,,,0,,,9000,UNITED STATES,US TOTAL,2026,MONTHLY,1,1,JAN,,2026-03-30 15:00:00.000,1.09,
SURVEY,ANIMALS & PRODUCTS,POULTRY,EGGS,ALL CLASSES,ALL PRODUCTION PRACTICES,ALL UTILIZATION PRACTICES,PRICE RECEIVED,$ / DOZEN,"EGGS - PRICE RECEIVED, MEASURED IN $ / DOZEN",TOTAL,NOT SPECIFIED,NATIONAL,,99,US,US TOTAL,,,,,,,,0,,,9000,UNITED STATES,US TOTAL,2026,MONTHLY,2,2,FEB,,2026-04-30 15:00:00.000,1.22,
SURVEY,ANIMALS & PRODUCTS,POULTRY,EGGS,ALL CLASSES,ALL PRODUCTION PRACTICES,ALL UTILIZATION PRACTICES,PRICE RECEIVED,$ / DOZEN,"EGGS - PRICE RECEIVED, MEASURED IN $ / DOZEN",TOTAL,NOT SPECIFIED,NATIONAL,,99,US,US TOTAL,,,,,,,,0,,,9000,UNITED STATES,US TOTAL,2026,MONTHLY,3,3,MAR,,2026-05-29 15:00:00.000,1.45,
SURVEY,ANIMALS & PRODUCTS,POULTRY,EGGS,ALL CLASSES,ALL PRODUCTION PRACTICES,ALL UTILIZATION PRACTICES,PRICE RECEIVED,$ / DOZEN,"EGGS - PRICE RECEIVED, MEASURED IN $ / DOZEN",TOTAL,NOT SPECIFIED,NATIONAL,,99,US,US TOTAL,,,,,,,,0,,,9000,UNITED STATES,US TOTAL,2026,MONTHLY,4,4,APR,,2026-06-29 15:00:00.000,0.855,
SURVEY,ANIMALS & PRODUCTS,POULTRY,EGGS,ALL CLASSES,ALL PRODUCTION PRACTICES,ALL UTILIZATION PRACTICES,PRICE RECEIVED,$ / DOZEN,"EGGS - PRICE RECEIVED, MEASURED IN $ / DOZEN",TOTAL,NOT SPECIFIED,NATIONAL,,99,US,US TOTAL,,,,,,,,0,,,9000,UNITED STATES,US TOTAL,2026,MONTHLY,5,5,MAY,,2026-07-31 15:00:00.000,0.856,
SURVEY,ANIMALS & PRODUCTS,POULTRY,EGGS,ALL CLASSES,ALL PRODUCTION PRACTICES,ALL UTILIZATION PRACTICES,PRICE RECEIVED,$ / DOZEN,"EGGS - PRICE RECEIVED, MEASURED IN $ / DOZEN",TOTAL,NOT SPECIFIED,NATIONAL,,99,US,US TOTAL,,,,,,,,0,,,9000,UNITED STATES,US TOTAL,2026,MONTHLY,6,6,JUN,,2026-08-31 15:00:00.000,0.833,
SURVEY,ANIMALS & PRODUCTS,POULTRY,EGGS,ALL CLASSES,ALL PRODUCTION PRACTICES,ALL UTILIZATION PRACTICES,PRICE RECEIVED,$ / DOZEN,"EGGS - PRICE RECEIVED, MEASURED IN $ / DOZEN",TOTAL,NOT SPECIFIED,NATIONAL,,99,US,US TOTAL,,,,,,,,0,,,9000,UNITED STATES,US TOTAL,2026,MONTHLY,7,7,JUL,,2026-08-31 15:00:00.000,1.05,
SURVEY,ANIMALS & PRODUCTS,POULTRY,EGGS,ALL CLASSES,ALL PRODUCTION PRACTICES,ALL UTILIZATION PRACTICES,PRICE RECEIVED,$ / DOZEN,"EGGS - PRICE RECEIVED, MEASURED IN $ / DOZEN",TOTAL,NOT SPECIFIED,NATIONAL,,99,US,US TOTAL,,,,,,,,0,,,9000,UNITED STATES,US TOTAL,2025,ANNUAL,0,0,MARKETING YEAR,,2026-04-30 15:00:00.000,3.59,
SURVEY,ANIMALS & PRODUCTS,POULTRY,EGGS,ALL CLASSES,ALL PRODUCTION PRACTICES,ALL UTILIZATION PRACTICES,PRICE RECEIVED,$ / DOZEN,"EGGS - PRICE RECEIVED, MEASURED IN $ / DOZEN",TOTAL,NOT SPECIFIED,NATIONAL,,99,US,US TOTAL,,,,,,,,0,,,9000,UNITED STATES,US TOTAL,2025,ANNUAL,0,0,YEAR,,2026-07-31 15:00:00.000,3.39,
SURVEY,ANIMALS & PRODUCTS,POULTRY,EGGS,ALL CLASSES,ALL PRODUCTION PRACTICES,ALL UTILIZATION PRACTICES,PRICE RECEIVED,$ / DOZEN,"EGGS - PRICE RECEIVED, MEASURED IN $ / DOZEN",TOTAL,NOT SPECIFIED,NATIONAL,,99,US,US TOTAL,,,,,,,,0,,,9000,UNITED STATES,US TOTAL,2025,MONTHLY,1,1,JAN,,2026-04-30 15:00:00.000,5.98,
SURVEY,ANIMALS & PRODUCTS,POULTRY,EGGS,ALL CLASSES,ALL PRODUCTION PRACTICES,ALL UTILIZATION PRACTICES,PRICE RECEIVED,$ / DOZEN,"EGGS - PRICE RECEIVED, MEASURED IN $ / DOZEN",TOTAL,NOT SPECIFIED,NATIONAL,,99,US,US TOTAL,,,,,,,,0,,,9000,UNITED STATES,US TOTAL,2025,MONTHLY,2,2,FEB,,2026-04-30 15:00:00.000,6.77,
SURVEY,ANIMALS & PRODUCTS,POULTRY,EGGS,ALL CLASSES,ALL PRODUCTION PRACTICES,ALL UTILIZATION PRACTICES,PRICE RECEIVED,$ / DOZEN,"EGGS - PRICE RECEIVED, MEASURED IN $ / DOZEN",TOTAL,NOT SPECIFIED,NATIONAL,,99,US,US TOTAL,,,,,,,,0,,,9000,UNITED STATES,US TOTAL,2025,MONTHLY,3,3,MAR,,2026-04-30 15:00:00.000,5.48,
SURVEY,ANIMALS & PRODUCTS,POULTRY,EGGS,ALL CLASSES,ALL PRODUCTION PRACTICES,ALL UTILIZATION PRACTICES,PRICE RECEIVED,$ / DOZEN,"EGGS - PRICE RECEIVED, MEASURED IN $ / DOZEN",TOTAL,NOT SPECIFIED,NATIONAL,,99,US,US TOTAL,,,,,,,,0,,,9000,UNITED STATES,US TOTAL,2025,MONTHLY,4,4,APR,,2026-04-30 15:00:00.000,3.59,
SURVEY,ANIMALS & PRODUCTS,POULTRY,EGGS,ALL CLASSES,ALL PRODUCTION PRACTICES,ALL UTILIZATION PRACTICES,PRICE RECEIVED,$ / DOZEN,"EGGS - PRICE RECEIVED, MEASURED IN $ / DOZEN",TOTAL,NOT SPECIFIED,NATIONAL,,99,US,US TOTAL,,,,,,,,0,,,9000,UNITED STATES,US TOTAL,2025,MONTHLY,5,5,MAY,,2026-04-30 15:00:00.000,3.34,
SURVEY,ANIMALS & PRODUCTS,POULTRY,EGGS,ALL CLASSES,ALL PRODUCTION PRACTICES,ALL UTILIZATION PRACTICES,PRICE RECEIVED,$ / DOZEN,"EGGS - PRICE RECEIVED, MEASURED IN $ / DOZEN",TOTAL,NOT SPECIFIED,NATIONAL,,99,US,US TOTAL,,,,,,,,0,,,9000,UNITED STATES,US TOTAL,2025,MONTHLY,6,6,JUN,,2026-04-30 15:00:00.000,2.84,
SURVEY,ANIMALS & PRODUCTS,POULTRY,EGGS,ALL CLASSES,ALL PRODUCTION PRACTICES,ALL UTILIZATION PRACTICES,PRICE RECEIVED,$ / DOZEN,"EGGS - PRICE RECEIVED, MEASURED IN $ / DOZEN",TOTAL,NOT SPECIFIED,NATIONAL,,99,US,US TOTAL,,,,,,,,0,,,9000,UNITED STATES,US TOTAL,2025,MONTHLY,7,7,JUL,,2026-04-30 15:00:00.000,2.89,
SURVEY,ANIMALS & PRODUCTS,POULTRY,EGGS,ALL CLASSES,ALL PRODUCTION PRACTICES,ALL UTILIZATION PRACTICES,PRICE RECEIVED,$ / DOZEN,"EGGS - PRICE RECEIVED, MEASURED IN $ / DOZEN",TOTAL,NOT SPECIFIED,NATIONAL,,99,US,US TOTAL,,,,,,,,0,,,9000,UNITED STATES,US TOTAL,2025,MONTHLY,8,8,AUG,,2026-04-30 15:00:00.000,2.27,
SURVEY,ANIMALS & PRODUCTS,POULTRY,EGGS,ALL CLASSES,ALL PRODUCTION PRACTICES,ALL UTILIZATION PRACTICES,PRICE RECEIVED,$ / DOZEN,"EGGS - PRICE RECEIVED, MEASURED IN $ / DOZEN",TOTAL,NOT SPECIFIED,NATIONAL,,99,US,US TOTAL,,,,,,,,0,,,9000,UNITED STATES,US TOTAL,2025,MONTHLY,9,9,SEP,,2026-04-30 15:00:00.000,2.04,
SURVEY,ANIMALS & PRODUCTS,POULTRY,EGGS,ALL CLASSES,ALL PRODUCTION PRACTICES,ALL UTILIZATION PRACTICES,PRICE RECEIVED,$ / DOZEN,"EGGS - PRICE RECEIVED, MEASURED IN $ / DOZEN",TOTAL,NOT SPECIFIED,NATIONAL,,99,US,US TOTAL,,,,,,,,0,,,9000,UNITED STATES,US TOTAL,2025,MONTHLY,10,10,OCT,,2026-04-30 15:00:00.000,1.64,
SURVEY,ANIMALS & PRODUCTS,POULTRY,EGGS,ALL CLASSES,ALL PRODUCTION PRACTICES,ALL UTILIZATION PRACTICES,PRICE RECEIVED,$ / DOZEN,"EGGS - PRICE RECEIVED, MEASURED IN $ / DOZEN",TOTAL,NOT SPECIFIED,NATIONAL,,99,US,US TOTAL,,,,,,,,0,,,9000,UNITED STATES,US TOTAL,2025,MONTHLY,11,11,NOV,,2026-04-30 15:00:00.000,2.19,
SURVEY,ANIMALS & PRODUCTS,POULTRY,EGGS,ALL CLASSES,ALL PRODUCTION PRACTICES,ALL UTILIZATION PRACTICES,PRICE RECEIVED,$ / DOZEN,"EGGS - PRICE RECEIVED, MEASURED IN $ / DOZEN",TOTAL,NOT SPECIFIED,NATIONAL,,99,US,US TOTAL,,,,,,,,0,,,9000,UNITED STATES,US TOTAL,2025,MONTHLY,12,12,DEC,,2026-02-27 15:00:00.000,1.66,
SURVEY,ANIMALS & PRODUCTS,POULTRY,EGGS,ALL CLASSES,ALL PRODUCTION PRACTICES,ALL UTILIZATION PRACTICES,PRICE RECEIVED,$ / DOZEN,"EGGS - PRICE RECEIVED, MEASURED IN $ / DOZEN",TOTAL,NOT SPECIFIED,NATIONAL,,99,US,US TOTAL,,,,,,,,0,,,9000,UNITED STATES,US TOTAL,2024,ANNUAL,0,0,MARKETING YEAR,,2026-04-30 15:00:00.000,2.33,
SURVEY,ANIMALS & PRODUCTS,POULTRY,EGGS,ALL CLASSES,ALL PRODUCTION PRACTICES,ALL UTILIZATION PRACTICES,PRICE RECEIVED,$ / DOZEN,"EGGS - PRICE RECEIVED, MEASURED IN $ / DOZEN",TOTAL,NOT SPECIFIED,NATIONAL,,99,US,US TOTAL,,,,,,,,0,,,9000,UNITED STATES,US TOTAL,2024,ANNUAL,0,0,YEAR,,2026-07-31 15:00:00.000,2.53,
SURVEY,ANIMALS & PRODUCTS,POULTRY,EGGS,ALL CLASSES,ALL PRODUCTION PRACTICES,ALL UTILIZATION PRACTICES,PRICE RECEIVED,$ / DOZEN,"EGGS - PRICE RECEIVED, MEASURED IN $ / DOZEN",TOTAL,NOT SPECIFIED,NATIONAL,,99,US,US TOTAL,,,,,,,,0,,,9000,UNITED STATES,US TOTAL,2024,MONTHLY,1,1,JAN,,2026-04-30 15:00:00.000,2.13,
SURVEY,ANIMALS & PRODUCTS,POULTRY,EGGS,ALL CLASSES,ALL PRODUCTION PRACTICES,ALL UTILIZATION PRACTICES,PRICE RECEIVED,$ / DOZEN,"EGGS - PRICE RECEIVED, MEASURED IN $ / DOZEN",TOTAL,NOT SPECIFIED,NATIONAL,,99,US,US TOTAL,,,,,,,,0,,,9000,UNITED STATES,US TOTAL,2024,MONTHLY,2,2,FEB,,2026-04-30 15:00:00.000,2.38,
SURVEY,ANIMALS & PRODUCTS,POULTRY,EGGS,ALL CLASSES,ALL PRODUCTION PRACTICES,ALL UTILIZATION PRACTICES,PRICE RECEIVED,$ / DOZEN,"EGGS - PRICE RECEIVED, MEASURED IN $ / DOZEN",TOTAL,NOT SPECIFIED,NATIONAL,,99,US,US TOTAL,,,,,,,,0,,,9000,UNITED STATES,US TOTAL,2024,MONTHLY,3,3,MAR,,2026-04-30 15:00:00.000,2.26,
SURVEY,ANIMALS & PRODUCTS,POULTRY,EGGS,ALL CLASSES,ALL PRODUCTION PRACTICES,ALL UTILIZATION PRACTICES,PRICE RECEIVED,$ / DOZEN,"EGGS - PRICE RECEIVED, MEASURED IN $ / DOZEN",TOTAL,NOT SPECIFIED,NATIONAL,,99,US,US TOTAL,,,,,,,,0,,,9000,UNITED STATES,US TOTAL,2024,MONTHLY,4,4,APR,,2026-04-30 15:00:00.000,1.95,
SURVEY,ANIMALS & PRODUCTS,POULTRY,EGGS,ALL CLASSES,ALL PRODUCTION PRACTICES,ALL UTILIZATION PRACTICES,PRICE RECEIVED,$ / DOZEN,"EGGS - PRICE RECEIVED, MEASURED IN $ / DOZEN",TOTAL,NOT SPECIFIED,NATIONAL,,99,US,US TOTAL,,,,,,,,0,,,9000,UNITED STATES,US TOTAL,2024,MONTHLY,5,5,MAY,,2026-04-30 15:00:00.000,1.73,
SURVEY,ANIMALS & PRODUCTS,POULTRY,EGGS,ALL CLASSES,ALL PRODUCTION PRACTICES,ALL UTILIZATION PRACTICES,PRICE RECEIVED,$ / DOZEN,"EGGS - PRICE RECEIVED, MEASURED IN $ / DOZEN",TOTAL,NOT SPECIFIED,NATIONAL,,99,US,US TOTAL,,,,,,,,0,,,9000,UNITED STATES,US TOTAL,2024,MONTHLY,6,6,JUN,,2026-04-30 15:00:00.000,2.09,
SURVEY,ANIMALS & PRODUCTS,POULTRY,EGGS,ALL CLASSES,ALL PRODUCTION PRACTICES,ALL UTILIZATION PRACTICES,PRICE RECEIVED,$ / DOZEN,"EGGS - PRICE RECEIVED, MEASURED IN $ / DOZEN",TOTAL,NOT SPECIFIED,NATIONAL,,99,US,US TOTAL,,,,,,,,0,,,9000,UNITED STATES,US TOTAL,2024,MONTHLY,7,7,JUL,,2026-04-30 15:00:00.000,2.4,
SURVEY,ANIMALS & PRODUCTS,POULTRY,EGGS,ALL CLASSES,ALL PRODUCTION PRACTICES,ALL UTILIZATION PRACTICES,PRICE RECEIVED,$ / DOZEN,"EGGS - PRICE RECEIVED, MEASURED IN $ / DOZEN",TOTAL,NOT SPECIFIED,NATIONAL,,99,US,US TOTAL,,,,,,,,0,,,9000,UNITED STATES,US TOTAL,2024,MONTHLY,8,8,AUG,,2026-04-30 15:00:00.000,3.21,
SURVEY,ANIMALS & PRODUCTS,POULTRY,EGGS,ALL CLASSES,ALL PRODUCTION PRACTICES,ALL UTILIZATION PRACTICES,PRICE RECEIVED,$ / DOZEN,"EGGS - PRICE RECEIVED, MEASURED IN $ / DOZEN",TOTAL,NOT SPECIFIED,NATIONAL,,99,US,US TOTAL,,,,,,,,0,,,9000,UNITED STATES,US TOTAL,2024,MONTHLY,9,9,SEP,,2026-04-30 15:00:00.000,2.06,
SURVEY,ANIMALS & PRODUCTS,POULTRY,EGGS,ALL CLASSES,ALL PRODUCTION PRACTICES,ALL UTILIZATION PRACTICES,PRICE RECEIVED,$ / DOZEN,"EGGS - PRICE RECEIVED, MEASURED IN $ / DOZEN",TOTAL,NOT SPECIFIED,NATIONAL,,99,US,US TOTAL,,,,,,,,0,,,9000,UNITED STATES,US TOTAL,2024,MONTHLY,10,10,OCT,,2026-04-30 15:00:00.000,2.72,
SURVEY,ANIMALS & PRODUCTS,POULTRY,EGGS,ALL CLASSES,ALL PRODUCTION PRACTICES,ALL UTILIZATION PRACTICES,PRICE RECEIVED,$ / DOZEN,"EGGS - PRICE RECEIVED, MEASURED IN $ / DOZEN",TOTAL,NOT SPECIFIED,NATIONAL,,99,US,US TOTAL,,,,,,,,0,,,9000,UNITED STATES,US TOTAL,2024,MONTHLY,11,11,NOV,,2026-04-30 15:00:00.000,3.14,
SURVEY,ANIMALS & PRODUCTS,POULTRY,EGGS,ALL CLASSES,ALL PRODUCTION PRACTICES,ALL UTILIZATION PRACTICES,PRICE RECEIVED,$ / DOZEN,"EGGS - PRICE RECEIVED, MEASURED IN $ / DOZEN",TOTAL,NOT SPECIFIED,NATIONAL,,99,US,US TOTAL,,,,,,,,0,,,9000,UNITED STATES,US TOTAL,2024,MONTHLY,12,12,DEC,,2026-04-30 15:00:00.000,4.33,
SURVEY,ANIMALS & PRODUCTS,POULTRY,EGGS,ALL CLASSES,ALL PRODUCTION PRACTICES,ALL UTILIZATION PRACTICES,PRICE RECEIVED,$ / DOZEN,"EGGS - PRICE RECEIVED, MEASURED IN $ / DOZEN",TOTAL,NOT SPECIFIED,NATIONAL,,99,US,US TOTAL,,,,,,,,0,,,9000,UNITED STATES,US TOTAL,2023,ANNUAL,0,0,MARKETING YEAR,,2024-04-23 15:00:00.000,1.96,
SURVEY,ANIMALS & PRODUCTS,POULTRY,EGGS,ALL CLASSES,ALL PRODUCTION PRACTICES,ALL UTILIZATION PRACTICES,PRICE RECEIVED,$ / DOZEN,"EGGS - PRICE RECEIVED, MEASURED IN $ / DOZEN",TOTAL,NOT SPECIFIED,NATIONAL,,99,US,US TOTAL,,,,,,,,0,,,9000,UNITED STATES,US TOTAL,2023,ANNUAL,0,0,YEAR,,2026-07-31 15:00:00.000,1.75,
SURVEY,ANIMALS & PRODUCTS,POULTRY,EGGS,ALL CLASSES,ALL PRODUCTION PRACTICES,ALL UTILIZATION PRACTICES,PRICE RECEIVED,$ / DOZEN,"EGGS - PRICE RECEIVED, MEASURED IN $ / DOZEN",TOTAL,NOT SPECIFIED,NATIONAL,,99,US,US TOTAL,,,,,,,,0,,,9000,UNITED STATES,US TOTAL,2023,MONTHLY,1,1,JAN,,2024-04-23 15:00:00.000,3.0,
SURVEY,ANIMALS & PRODUCTS,POULTRY,EGGS,ALL CLASSES,ALL PRODUCTION PRACTICES,ALL UTILIZATION PRACTICES,PRICE RECEIVED,$ / DOZEN,"EGGS - PRICE RECEIVED, MEASURED IN $ / DOZEN",TOTAL,NOT SPECIFIED,NATIONAL,,99,US,US TOTAL,,,,,,,,0,,,9000,UNITED STATES,US TOTAL,2023,MONTHLY,2,2,FEB,,2024-04-23 15:00:00.000,2.61,
SURVEY,ANIMALS & PRODUCTS,POULTRY,EGGS,ALL CLASSES,ALL PRODUCTION PRACTICES,ALL UTILIZATION PRACTICES,PRICE RECEIVED,$ / DOZEN,"EGGS - PRICE RECEIVED, MEASURED IN $ / DOZEN",TOTAL,NOT SPECIFIED,NATIONAL,,99,US,US TOTAL,,,,,,,,0,,,9000,UNITED STATES,US TOTAL,2023,MONTHLY,3,3,MAR,,2024-04-23 15:00:00.000,2.79,
SURVEY,ANIMALS & PRODUCTS,POULTRY,EGGS,ALL CLASSES,ALL PRODUCTION PRACTICES,ALL UTILIZATION PRACTICES,PRICE RECEIVED,$ / DOZEN,"EGGS - PRICE RECEIVED, MEASURED IN $ / DOZEN",TOTAL,NOT SPECIFIED,NATIONAL,,99,US,US TOTAL,,,,,,,,0,,,9000,UNITED STATES,US TOTAL,2023,MONTHLY,4,4,APR,,2024-04-23 15:00:00.000,1.57,
SURVEY,ANIMALS & PRODUCTS,POULTRY,EGGS,ALL CLASSES,ALL PRODUCTION PRACTICES,ALL UTILIZATION PRACTICES,PRICE RECEIVED,$ / DOZEN,"EGGS - PRICE RECEIVED, MEASURED IN $ / DOZEN",TOTAL,NOT SPECIFIED,NATIONAL,,99,US,US TOTAL,,,,,,,,0,,,9000,UNITED STATES,US TOTAL,2023,MONTHLY,5,5,MAY,,2024-04-23 15:00:00.000,1.08,
SURVEY,ANIMALS & PRODUCTS,POULTRY,EGGS,ALL CLASSES,ALL PRODUCTION PRACTICES,ALL UTILIZATION PRACTICES,PRICE RECEIVED,$ / DOZEN,"EGGS - PRICE RECEIVED, MEASURED IN $ / DOZEN",TOTAL,NOT SPECIFIED,NATIONAL,,99,US,US TOTAL,,,,,,,,0,,,9000,UNITED STATES,US TOTAL,2023,MONTHLY,6,6,JUN,,2024-04-23 15:00:00.000,1.27,
SURVEY,ANIMALS & PRODUCTS,POULTRY,EGGS,ALL CLASSES,ALL PRODUCTION PRACTICES,ALL UTILIZATION PRACTICES,PRICE RECEIVED,$ / DOZEN,"EGGS - PRICE RECEIVED, MEASURED IN $ / DOZEN",TOTAL,NOT SPECIFIED,NATIONAL,,99,US,US TOTAL,,,,,,,,0,,,9000,UNITED STATES,US TOTAL,2023,MONTHLY,7,7,JUL,,2024-04-23 15:00:00.000,1.22,
SURVEY,ANIMALS & PRODUCTS,POULTRY,EGGS,ALL CLASSES,ALL PRODUCTION PRACTICES,ALL UTILIZATION PRACTICES,PRICE RECEIVED,$ / DOZEN,"EGGS - PRICE RECEIVED, MEASURED IN $ / DOZEN",TOTAL,NOT SPECIFIED,NATIONAL,,99,US,US TOTAL,,,,,,,,0,,,9000,UNITED STATES,US TOTAL,2023,MONTHLY,8,8,AUG,,2024-04-23 15:00:00.000,1.35,
SURVEY,ANIMALS & PRODUCTS,POULTRY,EGGS,ALL CLASSES,ALL PRODUCTION PRACTICES,ALL UTILIZATION PRACTICES,PRICE RECEIVED,$ / DOZEN,"EGGS - PRICE RECEIVED, MEASURED IN $ / DOZEN",TOTAL,NOT SPECIFIED,NATIONAL,,99,US,US TOTAL,,,,,,,,0,,,9000,UNITED STATES,US TOTAL,2023,MONTHLY,9,9,SEP,,2024-04-23 15:00:00.000,1.21,
SURVEY,ANIMALS & PRODUCTS,POULTRY,EGGS,ALL CLASSES,ALL PRODUCTION PRACTICES,ALL UTILIZATION PRACTICES,PRICE RECEIVED,$ / DOZEN,"EGGS - PRICE RECEIVED, MEASURED IN $ / DOZEN",TOTAL,NOT SPECIFIED,NATIONAL,,99,US,US TOTAL,,,,,,,,0,,,9000,UNITED STATES,US TOTAL,2023,MONTHLY,10,10,OCT,,2024-04-23 15:00:00.000,1.19,
SURVEY,ANIMALS & PRODUCTS,POULTRY,EGGS,ALL CLASSES,ALL PRODUCTION PRACTICES,ALL UTILIZATION PRACTICES,PRICE RECEIVED,$ / DOZEN,"EGGS - PRICE RECEIVED, MEASURED IN $ / DOZEN",TOTAL,NOT SPECIFIED,NATIONAL,,99,US,US TOTAL,,,,,,,,0,,,9000,UNITED STATES,US TOTAL,2023,MONTHLY,11,11,NOV,,2024-04-23 15:00:00.000,1.78,
SURVEY,ANIMALS & PRODUCTS,POULTRY,EGGS,ALL CLASSES,ALL PRODUCTION PRACTICES,ALL UTILIZATION PRACTICES,PRICE RECEIVED,$ / DOZEN,"EGGS - PRICE RECEIVED, MEASURED IN $ / DOZEN",TOTAL,NOT SPECIFIED,NATIONAL,,99,US,US TOTAL,,,,,,,,0,,,9000,UNITED STATES,US TOTAL,2023,MONTHLY,12,12,DEC,,2026-04-30 15:00:00.000,1.87,
SURVEY,ANIMALS & PRODUCTS,POULTRY,EGGS,ALL CLASSES,ALL PRODUCTION PRACTICES,ALL UTILIZATION PRACTICES,PRICE RECEIVED,$ / DOZEN,"EGGS - PRICE RECEIVED, MEASURED IN $ / DOZEN",TOTAL,NOT SPECIFIED,NATIONAL,,99,US,US TOTAL,,,,,,,,0,,,9000,UNITED STATES,US TOTAL,2022,ANNUAL,0,0,MARKETING YEAR,,2024-04-23 15:00:00.000,2.12,
SURVEY,ANIMALS & PRODUCTS,POULTRY,EGGS,ALL CLASSES,ALL PRODUCTION PRACTICES,ALL UTILIZATION PRACTICES,PRICE RECEIVED,$ / DOZEN,"EGGS - PRICE RECEIVED, MEASURED IN $ / DOZEN",TOTAL,NOT SPECIFIED,NATIONAL,,99,US,US TOTAL,,,,,,,,0,,,9000,UNITED STATES,US TOTAL,2022,ANNUAL,0,0,YEAR,,2025-07-31 15:00:00.000,2.39,
SURVEY,ANIMALS & PRODUCTS,POULTRY,EGGS,ALL CLASSES,ALL PRODUCTION PRACTICES,ALL UTILIZATION PRACTICES,PRICE RECEIVED,$ / DOZEN,"EGGS - PRICE RECEIVED, MEASURED IN $ / DOZEN",TOTAL,NOT SPECIFIED,NATIONAL,,99,US,US TOTAL,,,,,,,,0,,,9000,UNITED STATES,US TOTAL,2022,MONTHLY,1,1,JAN,,2024-04-23 15:00:00.000,1.47,
SURVEY,ANIMALS & PRODUCTS,POULTRY,EGGS,ALL CLASSES,ALL PRODUCTION PRACTICES,ALL UTILIZATION PRACTICES,PRICE RECEIVED,$ / DOZEN,"EGGS - PRICE RECEIVED, MEASURED IN $ / DOZEN",TOTAL,NOT SPECIFIED,NATIONAL,,99,US,US TOTAL,,,,,,,,0,,,9000,UNITED STATES,US TOTAL,2022,MONTHLY,2,2,FEB,,2024-04-23 15:00:00.000,1.43,
SURVEY,ANIMALS & PRODUCTS,POULTRY,EGGS,ALL CLASSES,ALL PRODUCTION PRACTICES,ALL UTILIZATION PRACTICES,PRICE RECEIVED,$ / DOZEN,"EGGS - PRICE RECEIVED, MEASURED IN $ / DOZEN",TOTAL,NOT SPECIFIED,NATIONAL,,99,US,US TOTAL,,,,,,,,0,,,9000,UNITED STATES,US TOTAL,2022,MONTHLY,3,3,MAR,,2024-04-23 15:00:00.000,1.59,
SURVEY,ANIMALS & PRODUCTS,POULTRY,EGGS,ALL CLASSES,ALL PRODUCTION PRACTICES,ALL UTILIZATION PRACTICES,PRICE RECEIVED,$ / DOZEN,"EGGS - PRICE RECEIVED, MEASURED IN $ / DOZEN",TOTAL,NOT SPECIFIED,NATIONAL,,99,US,US TOTAL,,,,,,,,0,,,9000,UNITED STATES,US TOTAL,2022,MONTHLY,4,4,APR,,2024-04-23 15:00:00.000,2.3,
SURVEY,ANIMALS & PRODUCTS,POULTRY,EGGS,ALL CLASSES,ALL PRODUCTION PRACTICES,ALL UTILIZATION PRACTICES,PRICE RECEIVED,$ / DOZEN,"EGGS - PRICE RECEIVED, MEASURED IN $ / DOZEN",TOTAL,NOT SPECIFIED,NATIONAL,,99,US,US TOTAL,,,,,,,,0,,,9000,UNITED STATES,US TOTAL,2022,MONTHLY,5,5,MAY,,2024-04-23 15:00:00.000,2.01,
SURVEY,ANIMALS & PRODUCTS,POULTRY,EGGS,ALL CLASSES,ALL PRODUCTION PRACTICES,ALL UTILIZATION PRACTICES,PRICE RECEIVED,$ / DOZEN,"EGGS - PRICE RECEIVED, MEASURED IN $ / DOZEN",TOTAL,NOT SPECIFIED,NATIONAL,,99,US,US TOTAL,,,,,,,,0,,,9000,UNITED STATES,US TOTAL,2022,MONTHLY,6,6,JUN,,2024-04-23 15:00:00.000,2.03,
SURVEY,ANIMALS & PRODUCTS,POULTRY,EGGS,ALL CLASSES,ALL PRODUCTION PRACTICES,ALL UTILIZATION PRACTICES,PRICE RECEIVED,$ / DOZEN,"EGGS - PRICE RECEIVED, MEASURED IN $ / DOZEN",TOTAL,NOT SPECIFIED,NATIONAL,,99,US,US TOTAL,,,,,,,,0,,,9000,UNITED STATES,US TOTAL,2022,MONTHLY,7,7,JUL,,2024-04-23 15:00:00.000,2.64,
SURVEY,ANIMALS & PRODUCTS,POULTRY,EGGS,ALL CLASSES,ALL PRODUCTION PRACTICES,ALL UTILIZATION PRACTICES,PRICE RECEIVED,$ / DOZEN,"EGGS - PRICE RECEIVED, MEASURED IN $ / DOZEN",TOTAL,NOT SPECIFIED,NATIONAL,,99,US,US TOTAL,,,,,,,,0,,,9000,UNITED STATES,US TOTAL,2022,MONTHLY,8,8,AUG,,2024-04-23 15:00:00.000,1.94,
SURVEY,ANIMALS & PRODUCTS,POULTRY,EGGS,ALL CLASSES,ALL PRODUCTION PRACTICES,ALL UTILIZATION PRACTICES,PRICE RECEIVED,$ / DOZEN,"EGGS - PRICE RECEIVED, MEASURED IN $ / DOZEN",TOTAL,NOT SPECIFIED,NATIONAL,,99,US,US TOTAL,,,,,,,,0,,,9000,UNITED STATES,US TOTAL,2022,MONTHLY,9,9,SEP,,2024-04-23 15:00:00.000,2.65,
SURVEY,ANIMALS & PRODUCTS,POULTRY,EGGS,ALL CLASSES,ALL PRODUCTION PRACTICES,ALL UTILIZATION PRACTICES,PRICE RECEIVED,$ / DOZEN,"EGGS - PRICE RECEIVED, MEASURED IN $ / DOZEN",TOTAL,NOT SPECIFIED,NATIONAL,,99,US,US TOTAL,,,,,,,,0,,,9000,UNITED STATES,US TOTAL,2022,MONTHLY,10,10,OCT,,2024-04-23 15:00:00.000,2.82,
SURVEY,ANIMALS & PRODUCTS,POULTRY,EGGS,ALL CLASSES,ALL PRODUCTION PRACTICES,ALL UTILIZATION PRACTICES,PRICE RECEIVED,$ / DOZEN,"EGGS - PRICE RECEIVED, MEASURED IN $ / DOZEN",TOTAL,NOT SPECIFIED,NATIONAL,,99,US,US TOTAL,,,,,,,,0,,,9000,UNITED STATES,US TOTAL,2022,MONTHLY,11,11,NOV,,2024-04-23 15:00:00.000,3.34,
SURVEY,ANIMALS & PRODUCTS,POULTRY,EGGS,ALL CLASSES,ALL PRODUCTION PRACTICES,ALL UTILIZATION PRACTICES,PRICE RECEIVED,$ / DOZEN,"EGGS - PRICE RECEIVED, MEASURED IN $ / DOZEN",TOTAL,NOT SPECIFIED,NATIONAL,,99,US,US TOTAL,,,,,,,,0,,,9000,UNITED STATES,US TOTAL,2022,MONTHLY,12,12,DEC,,2024-04-23 15:00:00.000,4.49,
SURVEY,ANIMALS & PRODUCTS,POULTRY,EGGS,ALL CLASSES,ALL PRODUCTION PRACTICES,ALL UTILIZATION PRACTICES,PRICE RECEIVED,$ / DOZEN,"EGGS - PRICE RECEIVED, MEASURED IN $ / DOZEN",TOTAL,NOT SPECIFIED,NATIONAL,,99,US,US TOTAL,,,,,,,,0,,,9000,UNITED STATES,US TOTAL,2021,ANNUAL,0,0,MARKETING YEAR,,2024-04-29 15:00:00.000,0.934,
SURVEY,ANIMALS & PRODUCTS,POULTRY,EGGS,ALL CLASSES,ALL PRODUCTION PRACTICES,ALL UTILIZATION PRACTICES,PRICE RECEIVED,$ / DOZEN,"EGGS - PRICE RECEIVED, MEASURED IN $ / DOZEN",TOTAL,NOT SPECIFIED,NATIONAL,,99,US,US TOTAL,,,,,,,,0,,,9000,UNITED STATES,US TOTAL,2021,ANNUAL,0,0,YEAR,,2024-07-31 15:00:00.000,0.987,
SURVEY,ANIMALS & PRODUCTS,POULTRY,EGGS,ALL CLASSES,ALL PRODUCTION PRACTICES,ALL UTILIZATION PRACTICES,PRICE RECEIVED,$ / DOZEN,"EGGS - PRICE RECEIVED, MEASURED IN $ / DOZEN",TOTAL,NOT SPECIFIED,NATIONAL,,99,US,US TOTAL,,,,,,,,0,,,9000,UNITED STATES,US TOTAL,2021,MONTHLY,1,1,JAN,,2024-04-29 15:00:00.000,0.931,
SURVEY,ANIMALS & PRODUCTS,POULTRY,EGGS,ALL CLASSES,ALL PRODUCTION PRACTICES,ALL UTILIZATION PRACTICES,PRICE RECEIVED,$ / DOZEN,"EGGS - PRICE RECEIVED, MEASURED IN $ / DOZEN",TOTAL,NOT SPECIFIED,NATIONAL,,99,US,US TOTAL,,,,,,,,0,,,9000,UNITED STATES,US TOTAL,2021,MONTHLY,2,2,FEB,,2024-04-29 15:00:00.000,0.989,
SURVEY,ANIMALS & PRODUCTS,POULTRY,EGGS,ALL CLASSES,ALL PRODUCTION PRACTICES,ALL UTILIZATION PRACTICES,PRICE RECEIVED,$ / DOZEN,"EGGS - PRICE RECEIVED, MEASURED IN $ / DOZEN",TOTAL,NOT SPECIFIED,NATIONAL,,99,US,US TOTAL,,,,,,,,0,,,9000,UNITED STATES,US TOTAL,2021,MONTHLY,3,3,MAR,,2024-04-29 15:00:00.000,1.14,
SURVEY,ANIMALS & PRODUCTS,POULTRY,EGGS,ALL CLASSES,ALL PRODUCTION PRACTICES,ALL UTILIZATION PRACTICES,PRICE RECEIVED,$ / DOZEN,"EGGS - PRICE RECEIVED, MEASURED IN $ / DOZEN",TOTAL,NOT SPECIFIED,NATIONAL,,99,US,US TOTAL,,,,,,,,0,,,9000,UNITED STATES,US TOTAL,2021,MONTHLY,4,4,APR,,2024-04-29 15:00:00.000,0.853,
SURVEY,ANIMALS & PRODUCTS,POULTRY,EGGS,ALL CLASSES,ALL PRODUCTION PRACTICES,ALL UTILIZATION PRACTICES,PRICE RECEIVED,$ / DOZEN,"EGGS - PRICE RECEIVED, MEASURED IN $ / DOZEN",TOTAL,NOT SPECIFIED,NATIONAL,,99,US,US TOTAL,,,,,,,,0,,,9000,UNITED STATES,US TOTAL,2021,MONTHLY,5,5,MAY,,2024-04-29 15:00:00.000,0.824,
SURVEY,ANIMALS & PRODUCTS,POULTRY,EGGS,ALL CLASSES,ALL PRODUCTION PRACTICES,ALL UTILIZATION PRACTICES,PRICE RECEIVED,$ / DOZEN,"EGGS - PRICE RECEIVED, MEASURED IN $ / DOZEN",TOTAL,NOT SPECIFIED,NATIONAL,,99,US,US TOTAL,,,,,,,,0,,,9000,UNITED STATES,US TOTAL,2021,MONTHLY,6,6,JUN,,2024-04-29 15:00:00.000,0.803,
SURVEY,ANIMALS & PRODUCTS,POULTRY,EGGS,ALL CLASSES,ALL PRODUCTION PRACTICES,ALL UTILIZATION PRACTICES,PRICE RECEIVED,$ / DOZEN,"EGGS - PRICE RECEIVED, MEASURED IN $ / DOZEN",TOTAL,NOT SPECIFIED,NATIONAL,,99,US,US TOTAL,,,,,,,,0,,,9000,UNITED STATES,US TOTAL,2021,MONTHLY,7,7,JUL,,2024-04-29 15:00:00.000,0.861,
SURVEY,ANIMALS & PRODUCTS,POULTRY,EGGS,ALL CLASSES,ALL PRODUCTION PRACTICES,ALL UTILIZATION PRACTICES,PRICE RECEIVED,$ / DOZEN,"EGGS - PRICE RECEIVED, MEASURED IN $ / DOZEN",TOTAL,NOT SPECIFIED,NATIONAL,,99,US,US TOTAL,,,,,,,,0,,,9000,UNITED STATES,US TOTAL,2021,MONTHLY,8,8,AUG,,2024-04-29 15:00:00.000,1.07,
SURVEY,ANIMALS & PRODUCTS,POULTRY,EGGS,ALL CLASSES,ALL PRODUCTION PRACTICES,ALL UTILIZATION PRACTICES,PRICE RECEIVED,$ / DOZEN,"EGGS - PRICE RECEIVED, MEASURED IN $ / DOZEN",TOTAL,NOT SPECIFIED,NATIONAL,,99,US,US TOTAL,,,,,,,,0,,,9000,UNITED STATES,US TOTAL,2021,MONTHLY,9,9,SEP,,2024-04-29 15:00:00.000,1.03,
SURVEY,ANIMALS & PRODUCTS,POULTRY,EGGS,ALL CLASSES,ALL PRODUCTION PRACTICES,ALL UTILIZATION PRACTICES,PRICE RECEIVED,$ / DOZEN,"EGGS - PRICE RECEIVED, MEASURED IN $ / DOZEN",TOTAL,NOT SPECIFIED,NATIONAL,,99,US,US TOTAL,,,,,,,,0,,,9000,UNITED STATES,US TOTAL,2021,MONTHLY,10,10,OCT,,2024-04-29 15:00:00.000,0.895,
SURVEY,ANIMALS & PRODUCTS,POULTRY,EGGS,ALL CLASSES,ALL PRODUCTION PRACTICES,ALL UTILIZATION PRACTICES,PRICE RECEIVED,$ / DOZEN,"EGGS - PRICE RECEIVED, MEASURED IN $ / DOZEN",TOTAL,NOT SPECIFIED,NATIONAL,,99,US,US TOTAL,,,,,,,,0,,,9000,UNITED STATES,US TOTAL,2021,MONTHLY,11,11,NOV,,2024-04-29 15:00:00.000,1.09,
SURVEY,ANIMALS & PRODUCTS,POULTRY,EGGS,ALL CLASSES,ALL PRODUCTION PRACTICES,ALL UTILIZATION PRACTICES,PRICE RECEIVED,$ / DOZEN,"EGGS - PRICE RECEIVED, MEASURED IN $ / DOZEN",TOTAL,NOT SPECIFIED,NATIONAL,,99,US,US TOTAL,,,,,,,,0,,,9000,UNITED STATES,US TOTAL,2021,MONTHLY,12,12,DEC,,2024-04-23 15:00:00.000,1.36,
SURVEY,ANIMALS & PRODUCTS,POULTRY,EGGS,ALL CLASSES,ALL PRODUCTION PRACTICES,ALL UTILIZATION PRACTICES,PRICE RECEIVED,$ / DOZEN,"EGGS - PRICE RECEIVED, MEASURED IN $ / DOZEN",TOTAL,NOT SPECIFIED,NATIONAL,,99,US,US TOTAL,,,,,,,,0,,,9000,UNITED STATES,US TOTAL,2020,ANNUAL,0,0,MARKETING YEAR,,2024-04-29 15:00:00.000,0.929,
SURVEY,ANIMALS & PRODUCTS,POULTRY,EGGS,ALL CLASSES,ALL PRODUCTION PRACTICES,ALL UTILIZATION PRACTICES,PRICE RECEIVED,$ / DOZEN,"EGGS - PRICE RECEIVED, MEASURED IN $ / DOZEN",TOTAL,NOT SPECIFIED,NATIONAL,,99,US,US TOTAL,,,,,,,,0,,,9000,UNITED STATES,US TOTAL,2020,ANNUAL,0,0,YEAR,,2023-07-28 15:00:00.000,0.912,
SURVEY,ANIMALS & PRODUCTS,POULTRY,EGGS,ALL CLASSES,ALL PRODUCTION PRACTICES,ALL UTILIZATION PRACTICES,PRICE RECEIVED,$ / DOZEN,"EGGS - PRICE RECEIVED, MEASURED IN $ / DOZEN",TOTAL,NOT SPECIFIED,NATIONAL,,99,US,US TOTAL,,,,,,,,0,,,9000,UNITED STATES,US TOTAL,2020,MONTHLY,1,1,JAN,,2024-04-29 15:00:00.000,0.752,
SURVEY,ANIMALS & PRODUCTS,POULTRY,EGGS,ALL CLASSES,ALL PRODUCTION PRACTICES,ALL UTILIZATION PRACTICES,PRICE RECEIVED,$ / DOZEN,"EGGS - PRICE RECEIVED, MEASURED IN $ / DOZEN",TOTAL,NOT SPECIFIED,NATIONAL,,99,US,US TOTAL,,,,,,,,0,,,9000,UNITED STATES,US TOTAL,2020,MONTHLY,2,2,FEB,,2024-04-29 15:00:00.000,0.891,
SURVEY,ANIMALS & PRODUCTS,POULTRY,EGGS,ALL CLASSES,ALL PRODUCTION PRACTICES,ALL UTILIZATION PRACTICES,PRICE RECEIVED,$ / DOZEN,"EGGS - PRICE RECEIVED, MEASURED IN $ / DOZEN",TOTAL,NOT SPECIFIED,NATIONAL,,99,US,US TOTAL,,,,,,,,0,,,9000,UNITED STATES,US TOTAL,2020,MONTHLY,3,3,MAR,,2024-04-29 15:00:00.000,1.72,
SURVEY,ANIMALS & PRODUCTS,POULTRY,EGGS,ALL CLASSES,ALL PRODUCTION PRACTICES,ALL UTILIZATION PRACTICES,PRICE RECEIVED,$ / DOZEN,"EGGS - PRICE RECEIVED, MEASURED IN $ / DOZEN",TOTAL,NOT SPECIFIED,NATIONAL,,99,US,US TOTAL,,,,,,,,0,,,9000,UNITED STATES,US TOTAL,2020,MONTHLY,4,4,APR,,2024-04-29 15:00:00.000,1.03,
SURVEY,ANIMALS & PRODUCTS,POULTRY,EGGS,ALL CLASSES,ALL PRODUCTION PRACTICES,ALL UTILIZATION PRACTICES,PRICE RECEIVED,$ / DOZEN,"EGGS - PRICE RECEIVED, MEASURED IN $ / DOZEN",TOTAL,NOT SPECIFIED,NATIONAL,,99,US,US TOTAL,,,,,,,,0,,,9000,UNITED STATES,US TOTAL,2020,MONTHLY,5,5,MAY,,2024-04-29 15:00:00.000,0.771,
SURVEY,ANIMALS & PRODUCTS,POULTRY,EGGS,ALL CLASSES,ALL PRODUCTION PRACTICES,ALL UTILIZATION PRACTICES,PRICE RECEIVED,$ / DOZEN,"EGGS - PRICE RECEIVED, MEASURED IN $ / DOZEN",TOTAL,NOT SPECIFIED,NATIONAL,,99,US,US TOTAL,,,,,,,,0,,,9000,UNITED STATES,US TOTAL,2020,MONTHLY,6,6,JUN,,2024-04-29 15:00:00.000,0.715,
SURVEY,ANIMALS & PRODUCTS,POULTRY,EGGS,ALL CLASSES,ALL PRODUCTION PRACTICES,ALL UTILIZATION PRACTICES,PRICE RECEIVED,$ / DOZEN,"EGGS - PRICE RECEIVED, MEASURED IN $ / DOZEN",TOTAL,NOT SPECIFIED,NATIONAL,,99,US,US TOTAL,,,,,,,,0,,,9000,UNITED STATES,US TOTAL,2020,MONTHLY,7,7,JUL,,2024-04-29 15:00:00.000,0.756,
SURVEY,ANIMALS & PRODUCTS,POULTRY,EGGS,ALL CLASSES,ALL PRODUCTION PRACTICES,ALL UTILIZATION PRACTICES,PRICE RECEIVED,$ / DOZEN,"EGGS - PRICE RECEIVED, MEASURED IN $ / DOZEN",TOTAL,NOT SPECIFIED,NATIONAL,,99,US,US TOTAL,,,,,,,,0,,,9000,UNITED STATES,US TOTAL,2020,MONTHLY,8,8,AUG,,2024-04-29 15:00:00.000,0.77,
SURVEY,ANIMALS & PRODUCTS,POULTRY,EGGS,ALL CLASSES,ALL PRODUCTION PRACTICES,ALL UTILIZATION PRACTICES,PRICE RECEIVED,$ / DOZEN,"EGGS - PRICE RECEIVED, MEASURED IN $ / DOZEN",TOTAL,NOT SPECIFIED,NATIONAL,,99,US,US TOTAL,,,,,,,,0,,,9000,UNITED STATES,US TOTAL,2020,MONTHLY,9,9,SEP,,2024-04-29 15:00:00.000,0.829,
SURVEY,ANIMALS & PRODUCTS,POULTRY,EGGS,ALL CLASSES,ALL PRODUCTION PRACTICES,ALL UTILIZATION PRACTICES,PRICE RECEIVED,$ / DOZEN,"EGGS - PRICE RECEIVED, MEASURED IN $ / DOZEN",TOTAL,NOT SPECIFIED,NATIONAL,,99,US,US TOTAL,,,,,,,,0,,,9000,UNITED STATES,US TOTAL,2020,MONTHLY,10,10,OCT,,2024-04-29 15:00:00.000,0.994,
SURVEY,ANIMALS & PRODUCTS,POULTRY,EGGS,ALL CLASSES,ALL PRODUCTION PRACTICES,ALL UTILIZATION PRACTICES,PRICE RECEIVED,$ / DOZEN,"EGGS - PRICE RECEIVED, MEASURED IN $ / DOZEN",TOTAL,NOT SPECIFIED,NATIONAL,,99,US,US TOTAL,,,,,,,,0,,,9000,UNITED STATES,US TOTAL,2020,MONTHLY,11,11,NOV,,2024-04-29 15:00:00.000,0.966,
SURVEY,ANIMALS & PRODUCTS,POULTRY,EGGS,ALL CLASSES,ALL PRODUCTION PRACTICES,ALL UTILIZATION PRACTICES,PRICE RECEIVED,$ / DOZEN,"EGGS - PRICE RECEIVED, MEASURED IN $ / DOZEN",TOTAL,NOT SPECIFIED,NATIONAL,,99,US,US TOTAL,,,,,,,,0,,,9000,UNITED STATES,US TOTAL,2020,MONTHLY,12,12,DEC,,2024-04-29 15:00:00.000,0.73,
SURVEY,ANIMALS & PRODUCTS,POULTRY,EGGS,ALL CLASSES,ALL PRODUCTION PRACTICES,ALL UTILIZATION PRACTICES,PRICE RECEIVED,$ / DOZEN,"EGGS - PRICE RECEIVED, MEASURED IN $ / DOZEN",TOTAL,NOT SPECIFIED,NATIONAL,,99,US,US TOTAL,,,,,,,,0,,,9000,UNITED STATES,US TOTAL,2019,ANNUAL,0,0,MARKETING YEAR,,2024-04-29 15:00:00.000,0.777,
SURVEY,ANIMALS & PRODUCTS,POULTRY,EGGS,ALL CLASSES,ALL PRODUCTION PRACTICES,ALL UTILIZATION PRACTICES,PRICE RECEIVED,$ / DOZEN,"EGGS - PRICE RECEIVED, MEASURED IN $ / DOZEN",TOTAL,NOT SPECIFIED,NATIONAL,,99,US,US TOTAL,,,,,,,,0,,,9000,UNITED STATES,US TOTAL,2019,ANNUAL,0,0,YEAR,,2022-07-29 15:01:54.000,0.797,
SURVEY,ANIMALS & PRODUCTS,POULTRY,EGGS,ALL CLASSES,ALL PRODUCTION PRACTICES,ALL UTILIZATION PRACTICES,PRICE RECEIVED,$ / DOZEN,"EGGS - PRICE RECEIVED, MEASURED IN $ / DOZEN",TOTAL,NOT SPECIFIED,NATIONAL,,99,US,US TOTAL,,,,,,,,0,,,9000,UNITED STATES,US TOTAL,2019,MONTHLY,1,1,JAN,,2024-04-29 15:00:00.000,0.983,
SURVEY,ANIMALS & PRODUCTS,POULTRY,EGGS,ALL CLASSES,ALL PRODUCTION PRACTICES,ALL UTILIZATION PRACTICES,PRICE RECEIVED,$ / DOZEN,"EGGS - PRICE RECEIVED, MEASURED IN $ / DOZEN",TOTAL,NOT SPECIFIED,NATIONAL,,99,US,US TOTAL,,,,,,,,0,,,9000,UNITED STATES,US TOTAL,2019,MONTHLY,2,2,FEB,,2024-04-29 15:00:00.000,0.888,
SURVEY,ANIMALS & PRODUCTS,POULTRY,EGGS,ALL CLASSES,ALL PRODUCTION PRACTICES,ALL UTILIZATION PRACTICES,PRICE RECEIVED,$ / DOZEN,"EGGS - PRICE RECEIVED, MEASURED IN $ / DOZEN",TOTAL,NOT SPECIFIED,NATIONAL,,99,US,US TOTAL,,,,,,,,0,,,9000,UNITED STATES,US TOTAL,2019,MONTHLY,3,3,MAR,,2024-04-29 15:00:00.000,0.818,
SURVEY,ANIMALS & PRODUCTS,POULTRY,EGGS,ALL CLASSES,ALL PRODUCTION PRACTICES,ALL UTILIZATION PRACTICES,PRICE RECEIVED,$ / DOZEN,"EGGS - PRICE RECEIVED, MEASURED IN $ / DOZEN",TOTAL,NOT SPECIFIED,NATIONAL,,99,US,US TOTAL,,,,,,,,0,,,9000,UNITED STATES,US TOTAL,2019,MONTHLY,4,4,APR,,2024-04-29 15:00:00.000,0.614,
SURVEY,ANIMALS & PRODUCTS,POULTRY,EGGS,ALL CLASSES,ALL PRODUCTION PRACTICES,ALL UTILIZATION PRACTICES,PRICE RECEIVED,$ / DOZEN,"EGGS - PRICE RECEIVED, MEASURED IN $ / DOZEN",TOTAL,NOT SPECIFIED,NATIONAL,,99,US,US TOTAL,,,,,,,,0,,,9000,UNITED STATES,US TOTAL,2019,MONTHLY,5,5,MAY,,2024-04-29 15:00:00.000,0.483,
SURVEY,ANIMALS & PRODUCTS,POULTRY,EGGS,ALL CLASSES,ALL PRODUCTION PRACTICES,ALL UTILIZATION PRACTICES,PRICE RECEIVED,$ / DOZEN,"EGGS - PRICE RECEIVED, MEASURED IN $ / DOZEN",TOTAL,NOT SPECIFIED,NATIONAL,,99,US,US TOTAL,,,,,,,,0,,,9000,UNITED STATES,US TOTAL,2019,MONTHLY,6,6,JUN,,2024-04-29 15:00:00.000,0.654,
SURVEY,ANIMALS & PRODUCTS,POULTRY,EGGS,ALL CLASSES,ALL PRODUCTION PRACTICES,ALL UTILIZATION PRACTICES,PRICE RECEIVED,$ / DOZEN,"EGGS - PRICE RECEIVED, MEASURED IN $ / DOZEN",TOTAL,NOT SPECIFIED,NATIONAL,,99,US,US TOTAL,,,,,,,,0,,,9000,UNITED STATES,US TOTAL,2019,MONTHLY,7,7,JUL,,2024-04-29 15:00:00.000,0.507,
SURVEY,ANIMALS & PRODUCTS,POULTRY,EGGS,ALL CLASSES,ALL PRODUCTION PRACTICES,ALL UTILIZATION PRACTICES,PRICE RECEIVED,$ / DOZEN,"EGGS - PRICE RECEIVED, MEASURED IN $ / DOZEN",TOTAL,NOT SPECIFIED,NATIONAL,,99,US,US TOTAL,,,,,,,,0,,,9000,UNITED STATES,US TOTAL,2019,MONTHLY,8,8,AUG,,2024-04-29 15:00:00.000,0.808,
SURVEY,ANIMALS & PRODUCTS,POULTRY,EGGS,ALL CLASSES,ALL PRODUCTION PRACTICES,ALL UTILIZATION PRACTICES,PRICE RECEIVED,$ / DOZEN,"EGGS - PRICE RECEIVED, MEASURED IN $ / DOZEN",TOTAL,NOT SPECIFIED,NATIONAL,,99,US,US TOTAL,,,,,,,,0,,,9000,UNITED STATES,US TOTAL,2019,MONTHLY,9,9,SEP,,2024-04-29 15:00:00.000,0.7,
SURVEY,ANIMALS & PRODUCTS,POULTRY,EGGS,ALL CLASSES,ALL PRODUCTION PRACTICES,ALL UTILIZATION PRACTICES,PRICE RECEIVED,$ / DOZEN,"EGGS - PRICE RECEIVED, MEASURED IN $ / DOZEN",TOTAL,NOT SPECIFIED,NATIONAL,,99,US,US TOTAL,,,,,,,,0,,,9000,UNITED STATES,US TOTAL,2019,MONTHLY,10,10,OCT,,2024-04-29 15:00:00.000,0.684,
SURVEY,ANIMALS & PRODUCTS,POULTRY,EGGS,ALL CLASSES,ALL PRODUCTION PRACTICES,ALL UTILIZATION PRACTICES,PRICE RECEIVED,$ / DOZEN,"EGGS - PRICE RECEIVED, MEASURED IN $ / DOZEN",TOTAL,NOT SPECIFIED,NATIONAL,,99,US,US TOTAL,,,,,,,,0,,,9000,UNITED STATES,US TOTAL,2019,MONTHLY,11,11,NOV,,2024-04-29 15:00:00.000,1.11,
SURVEY,ANIMALS & PRODUCTS,POULTRY,EGGS,ALL CLASSES,ALL PRODUCTION PRACTICES,ALL UTILIZATION PRACTICES,PRICE RECEIVED,$ / DOZEN,"EGGS - PRICE RECEIVED, MEASURED IN $ / DOZEN",TOTAL,NOT SPECIFIED,NATIONAL,,99,US,US TOTAL,,,,,,,,0,,,9000,UNITED STATES,US TOTAL,2019,MONTHLY,12,12,DEC,,2024-04-29 15:00:00.000,0.93,
SURVEY,ANIMALS & PRODUCTS,POULTRY,EGGS,ALL CLASSES,ALL PRODUCTION PRACTICES,ALL UTILIZATION PRACTICES,PRICE RECEIVED,$ / DOZEN,"EGGS - PRICE RECEIVED, MEASURED IN $ / DOZEN",TOTAL,NOT SPECIFIED,NATIONAL,,99,US,US TOTAL,,,,,,,,0,,,9000,UNITED STATES,US TOTAL,2018,ANNUAL,0,0,YEAR,,2022-07-29 15:01:54.000,1.15,
SURVEY,ANIMALS & PRODUCTS,POULTRY,EGGS,ALL CLASSES,ALL PRODUCTION PRACTICES,ALL UTILIZATION PRACTICES,PRICE RECEIVED,$ / DOZEN,"EGGS - PRICE RECEIVED, MEASURED IN $ / DOZEN",TOTAL,NOT SPECIFIED,NATIONAL,,99,US,US TOTAL,,,,,,,,0,,,9000,UNITED STATES,US TOTAL,2018,MONTHLY,1,1,JAN,,2024-04-29 15:00:00.000,1.15,
SURVEY,ANIMALS & PRODUCTS,POULTRY,EGGS,ALL CLASSES,ALL PRODUCTION PRACTICES,ALL UTILIZATION PRACTICES,PRICE RECEIVED,$ / DOZEN,"EGGS - PRICE RECEIVED, MEASURED IN $ / DOZEN",TOTAL,NOT SPECIFIED,NATIONAL,,99,US,US TOTAL,,,,,,,,0,,,9000,UNITED STATES,US TOTAL,2018,MONTHLY,2,2,FEB,,2024-04-29 15:00:00.000,1.32,
SURVEY,ANIMALS & PRODUCTS,POULTRY,EGGS,ALL CLASSES,ALL PRODUCTION PRACTICES,ALL UTILIZATION PRACTICES,PRICE RECEIVED,$ / DOZEN,"EGGS - PRICE RECEIVED, MEASURED IN $ / DOZEN",TOTAL,NOT SPECIFIED,NATIONAL,,99,US,US TOTAL,,,,,,,,0,,,9000,UNITED STATES,US TOTAL,2018,MONTHLY,3,3,MAR,,2024-04-29 15:00:00.000,1.89,
SURVEY,ANIMALS & PRODUCTS,POULTRY,EGGS,ALL CLASSES,ALL PRODUCTION PRACTICES,ALL UTILIZATION PRACTICES,PRICE RECEIVED,$ / DOZEN,"EGGS - PRICE RECEIVED, MEASURED IN $ / DOZEN",TOTAL,NOT SPECIFIED,NATIONAL,,99,US,US TOTAL,,,,,,,,0,,,9000,UNITED STATES,US TOTAL,2018,MONTHLY,4,4,APR,,2024-04-29 15:00:00.000,1.16,
SURVEY,ANIMALS & PRODUCTS,POULTRY,EGGS,ALL CLASSES,ALL PRODUCTION PRACTICES,ALL UTILIZATION PRACTICES,PRICE RECEIVED,$ / DOZEN,"EGGS - PRICE RECEIVED, MEASURED IN $ / DOZEN",TOTAL,NOT SPECIFIED,NATIONAL,,99,US,US TOTAL,,,,,,,,0,,,9000,UNITED STATES,US TOTAL,2018,MONTHLY,5,5,MAY,,2024-04-29 15:00:00.000,0.848,
SURVEY,ANIMALS & PRODUCTS,POULTRY,EGGS,ALL CLASSES,ALL PRODUCTION PRACTICES,ALL UTILIZATION PRACTICES,PRICE RECEIVED,$ / DOZEN,"EGGS - PRICE RECEIVED, MEASURED IN $ / DOZEN",TOTAL,NOT SPECIFIED,NATIONAL,,99,US,US TOTAL,,,,,,,,0,,,9000,UNITED STATES,US TOTAL,2018,MONTHLY,6,6,JUN,,2024-04-29 15:00:00.000,0.931,
SURVEY,ANIMALS & PRODUCTS,POULTRY,EGGS,ALL CLASSES,ALL PRODUCTION PRACTICES,ALL UTILIZATION PRACTICES,PRICE RECEIVED,$ / DOZEN,"EGGS - PRICE RECEIVED, MEASURED IN $ / DOZEN",TOTAL,NOT SPECIFIED,NATIONAL,,99,US,US TOTAL,,,,,,,,0,,,9000,UNITED STATES,US TOTAL,2018,MONTHLY,7,7,JUL,,2024-04-29 15:00:00.000,1.05,
SURVEY,ANIMALS & PRODUCTS,POULTRY,EGGS,ALL CLASSES,ALL PRODUCTION PRACTICES,ALL UTILIZATION PRACTICES,PRICE RECEIVED,$ / DOZEN,"EGGS - PRICE RECEIVED, MEASURED IN $ / DOZEN",TOTAL,NOT SPECIFIED,NATIONAL,,99,US,US TOTAL,,,,,,,,0,,,9000,UNITED STATES,US TOTAL,2018,MONTHLY,8,8,AUG,,2024-04-29 15:00:00.000,1.01,
SURVEY,ANIMALS & PRODUCTS,POULTRY,EGGS,ALL CLASSES,ALL PRODUCTION PRACTICES,ALL UTILIZATION PRACTICES,PRICE RECEIVED,$ / DOZEN,"EGGS - PRICE RECEIVED, MEASURED IN $ / DOZEN",TOTAL,NOT SPECIFIED,NATIONAL,,99,US,US TOTAL,,,,,,,,0,,,9000,UNITED STATES,US TOTAL,2018,MONTHLY,9,9,SEP,,2024-04-29 15:00:00.000,0.91,
SURVEY,ANIMALS & PRODUCTS,POULTRY,EGGS,ALL CLASSES,ALL PRODUCTION PRACTICES,ALL UTILIZATION PRACTICES,PRICE RECEIVED,$ / DOZEN,"EGGS - PRICE RECEIVED, MEASURED IN $ / DOZEN",TOTAL,NOT SPECIFIED,NATIONAL,,99,US,US TOTAL,,,,,,,,0,,,9000,UNITED STATES,US TOTAL,2018,MONTHLY,10,10,OCT,,2024-04-29 15:00:00.000,0.953,
SURVEY,ANIMALS & PRODUCTS,POULTRY,EGGS,ALL CLASSES,ALL PRODUCTION PRACTICES,ALL UTILIZATION PRACTICES,PRICE RECEIVED,$ / DOZEN,"EGGS - PRICE RECEIVED, MEASURED IN $ / DOZEN",TOTAL,NOT SPECIFIED,NATIONAL,,99,US,US TOTAL,,,,,,,,0,,,9000,UNITED STATES,US TOTAL,2018,MONTHLY,11,11,NOV,,2024-04-29 15:00:00.000,1.08,
SURVEY,ANIMALS & PRODUCTS,POULTRY,EGGS,ALL CLASSES,ALL PRODUCTION PRACTICES,ALL UTILIZATION PRACTICES,PRICE RECEIVED,$ / DOZEN,"EGGS - PRICE RECEIVED, MEASURED IN $ / DOZEN",TOTAL,NOT SPECIFIED,NATIONAL,,99,US,US TOTAL,,,,,,,,0,,,9000,UNITED STATES,US TOTAL,2018,MONTHLY,12,12,DEC,,2024-04-29 15:00:00.000,1.08,
SURVEY,ANIMALS & PRODUCTS,POULTRY,EGGS,ALL CLASSES,ALL PRODUCTION PRACTICES,ALL UTILIZATION PRACTICES,PRICE RECEIVED,$ / DOZEN,"EGGS - PRICE RECEIVED, MEASURED IN $ / DOZEN",TOTAL,NOT SPECIFIED,NATIONAL,,99,US,US TOTAL,,,,,,,,0,,,9000,UNITED STATES,US TOTAL,2017,ANNUAL,0,0,YEAR,,2022-07-29 15:01:54.000,0.863,
SURVEY,ANIMALS & PRODUCTS,POULTRY,EGGS,ALL CLASSES,ALL PRODUCTION PRACTICES,ALL UTILIZATION PRACTICES,PRICE RECEIVED,$ / DOZEN,"EGGS - PRICE RECEIVED, MEASURED IN $ / DOZEN",TOTAL,NOT SPECIFIED,NATIONAL,,99,US,US TOTAL,,,,,,,,0,,,9000,UNITED STATES,US TOTAL,2017,MONTHLY,1,1,JAN,,2022-04-29 15:01:27.000,0.813,
SURVEY,ANIMALS & PRODUCTS,POULTRY,EGGS,ALL CLASSES,ALL PRODUCTION PRACTICES,ALL UTILIZATION PRACTICES,PRICE RECEIVED,$ / DOZEN,"EGGS - PRICE RECEIVED, MEASURED IN $ / DOZEN",TOTAL,NOT SPECIFIED,NATIONAL,,99,US,US TOTAL,,,,,,,,0,,,9000,UNITED STATES,US TOTAL,2017,MONTHLY,2,2,FEB,,2022-04-29 15:01:27.000,0.621,
SURVEY,ANIMALS & PRODUCTS,POULTRY,EGGS,ALL CLASSES,ALL PRODUCTION PRACTICES,ALL UTILIZATION PRACTICES,PRICE RECEIVED,$ / DOZEN,"EGGS - PRICE RECEIVED, MEASURED IN $ / DOZEN",TOTAL,NOT SPECIFIED,NATIONAL,,99,US,US TOTAL,,,,,,,,0,,,9000,UNITED STATES,US TOTAL,2017,MONTHLY,3,3,MAR,,2022-04-29 15:01:27.000,0.783,
SURVEY,ANIMALS & PRODUCTS,POULTRY,EGGS,ALL CLASSES,ALL PRODUCTION PRACTICES,ALL UTILIZATION PRACTICES,PRICE RECEIVED,$ / DOZEN,"EGGS - PRICE RECEIVED, MEASURED IN $ / DOZEN",TOTAL,NOT SPECIFIED,NATIONAL,,99,US,US TOTAL,,,,,,,,0,,,9000,UNITED STATES,US TOTAL,2017,MONTHLY,4,4,APR,,2022-04-29 15:01:27.000,0.629,
SURVEY,ANIMALS & PRODUCTS,POULTRY,EGGS,ALL CLASSES,ALL PRODUCTION PRACTICES,ALL UTILIZATION PRACTICES,PRICE RECEIVED,$ / DOZEN,"EGGS - PRICE RECEIVED, MEASURED IN $ / DOZEN",TOTAL,NOT SPECIFIED,NATIONAL,,99,US,US TOTAL,,,,,,,,0,,,9000,UNITED STATES,US TOTAL,2017,MONTHLY,5,5,MAY,,2022-04-29 15:01:27.000,0.615,
SURVEY,ANIMALS & PRODUCTS,POULTRY,EGGS,ALL CLASSES,ALL PRODUCTION PRACTICES,ALL UTILIZATION PRACTICES,PRICE RECEIVED,$ / DOZEN,"EGGS - PRICE RECEIVED, MEASURED IN $ / DOZEN",TOTAL,NOT SPECIFIED,NATIONAL,,99,US,US TOTAL,,,,,,,,0,,,9000,UNITED STATES,US TOTAL,2017,MONTHLY,6,6,JUN,,2022-04-29 15:01:27.000,0.631,
SURVEY,ANIMALS & PRODUCTS,POULTRY,EGGS,ALL CLASSES,ALL PRODUCTION PRACTICES,ALL UTILIZATION PRACTICES,PRICE RECEIVED,$ / DOZEN,"EGGS - PRICE RECEIVED, MEASURED IN $ / DOZEN",TOTAL,NOT SPECIFIED,NATIONAL,,99,US,US TOTAL,,,,,,,,0,,,9000,UNITED STATES,US TOTAL,2017,MONTHLY,7,7,JUL,,2022-04-29 15:01:27.000,0.819,
SURVEY,ANIMALS & PRODUCTS,POULTRY,EGGS,ALL CLASSES,ALL PRODUCTION PRACTICES,ALL UTILIZATION PRACTICES,PRICE RECEIVED,$ / DOZEN,"EGGS - PRICE RECEIVED, MEASURED IN $ / DOZEN",TOTAL,NOT SPECIFIED,NATIONAL,,99,US,US TOTAL,,,,,,,,0,,,9000,UNITED STATES,US TOTAL,2017,MONTHLY,8,8,AUG,,2022-04-29 15:01:27.000,0.744,
SURVEY,ANIMALS & PRODUCTS,POULTRY,EGGS,ALL CLASSES,ALL PRODUCTION PRACTICES,ALL UTILIZATION PRACTICES,PRICE RECEIVED,$ / DOZEN,"EGGS - PRICE RECEIVED, MEASURED IN $ / DOZEN",TOTAL,NOT SPECIFIED,NATIONAL,,99,US,US TOTAL,,,,,,,,0,,,9000,UNITED STATES,US TOTAL,2017,MONTHLY,9,9,SEP,,2022-04-29 15:01:27.000,1.09,
SURVEY,ANIMALS & PRODUCTS,POULTRY,EGGS,ALL CLASSES,ALL PRODUCTION PRACTICES,ALL UTILIZATION PRACTICES,PRICE RECEIVED,$ / DOZEN,"EGGS - PRICE RECEIVED, MEASURED IN $ / DOZEN",TOTAL,NOT SPECIFIED,NATIONAL,,99,US,US TOTAL,,,,,,,,0,,,9000,UNITED STATES,US TOTAL,2017,MONTHLY,10,10,OCT,,2022-04-29 15:01:27.000,0.895,
SURVEY,ANIMALS & PRODUCTS,POULTRY,EGGS,ALL CLASSES,ALL PRODUCTION PRACTICES,ALL UTILIZATION PRACTICES,PRICE RECEIVED,$ / DOZEN,"EGGS - PRICE RECEIVED, MEASURED IN $ / DOZEN",TOTAL,NOT SPECIFIED,NATIONAL,,99,US,US TOTAL,,,,,,,,0,,,9000,UNITED STATES,US TOTAL,2017,MONTHLY,11,11,NOV,,2022-04-29 15:01:27.000,1.38,
SURVEY,ANIMALS & PRODUCTS,POULTRY,EGGS,ALL CLASSES,ALL PRODUCTION PRACTICES,ALL UTILIZATION PRACTICES,PRICE RECEIVED,$ / DOZEN,"EGGS - PRICE RECEIVED, MEASURED IN $ / DOZEN",TOTAL,NOT SPECIFIED,NATIONAL,,99,US,US TOTAL,,,,,,,,0,,,9000,UNITED STATES,US TOTAL,2017,MONTHLY,12,12,DEC,,2024-04-29 15:00:00.000,1.29,
SURVEY,ANIMALS & PRODUCTS,POULTRY,EGGS,ALL CLASSES,ALL PRODUCTION PRACTICES,ALL UTILIZATION PRACTICES,PRICE RECEIVED,$ / DOZEN,"EGGS - PRICE RECEIVED, MEASURED IN $ / DOZEN",TOTAL,NOT SPECIFIED,NATIONAL,,99,US,US TOTAL,,,,,,,,0,,,9000,UNITED STATES,US TOTAL,2016,ANNUAL,0,0,YEAR,,2022-07-29 15:01:54.000,0.769,
SURVEY,ANIMALS & PRODUCTS,POULTRY,EGGS,ALL CLASSES,ALL PRODUCTION PRACTICES,ALL UTILIZATION PRACTICES,PRICE RECEIVED,$ / DOZEN,"EGGS - PRICE RECEIVED, MEASURED IN $ / DOZEN",TOTAL,NOT SPECIFIED,NATIONAL,,99,US,US TOTAL,,,,,,,,0,,,9000,UNITED STATES,US TOTAL,2016,MONTHLY,1,1,JAN,,2022-04-29 15:01:27.000,1.18,
SURVEY,ANIMALS & PRODUCTS,POULTRY,EGGS,ALL CLASSES,ALL PRODUCTION PRACTICES,ALL UTILIZATION PRACTICES,PRICE RECEIVED,$ / DOZEN,"EGGS - PRICE RECEIVED, MEASURED IN $ / DOZEN",TOTAL,NOT SPECIFIED,NATIONAL,,99,US,US TOTAL,,,,,,,,0,,,9000,UNITED STATES,US TOTAL,2016,MONTHLY,2,2,FEB,,2022-04-29 15:01:27.000,1.08,
SURVEY,ANIMALS & PRODUCTS,POULTRY,EGGS,ALL CLASSES,ALL PRODUCTION PRACTICES,ALL UTILIZATION PRACTICES,PRICE RECEIVED,$ / DOZEN,"EGGS - PRICE RECEIVED, MEASURED IN $ / DOZEN",TOTAL,NOT SPECIFIED,NATIONAL,,99,US,US TOTAL,,,,,,,,0,,,9000,UNITED STATES,US TOTAL,2016,MONTHLY,3,3,MAR,,2022-04-29 15:01:27.000,0.97,
SURVEY,ANIMALS & PRODUCTS,POULTRY,EGGS,ALL CLASSES,ALL PRODUCTION PRACTICES,ALL UTILIZATION PRACTICES,PRICE RECEIVED,$ / DOZEN,"EGGS - PRICE RECEIVED, MEASURED IN $ / DOZEN",TOTAL,NOT SPECIFIED,NATIONAL,,99,US,US TOTAL,,,,,,,,0,,,9000,UNITED STATES,US TOTAL,2016,MONTHLY,4,4,APR,,2022-04-29 15:01:27.000,0.68,
SURVEY,ANIMALS & PRODUCTS,POULTRY,EGGS,ALL CLASSES,ALL PRODUCTION PRACTICES,ALL UTILIZATION PRACTICES,PRICE RECEIVED,$ / DOZEN,"EGGS - PRICE RECEIVED, MEASURED IN $ / DOZEN",TOTAL,NOT SPECIFIED,NATIONAL,,99,US,US TOTAL,,,,,,,,0,,,9000,UNITED STATES,US TOTAL,2016,MONTHLY,5,5,MAY,,2022-04-29 15:01:27.000,0.552,
SURVEY,ANIMALS & PRODUCTS,POULTRY,EGGS,ALL CLASSES,ALL PRODUCTION PRACTICES,ALL UTILIZATION PRACTICES,PRICE RECEIVED,$ / DOZEN,"EGGS - PRICE RECEIVED, MEASURED IN $ / DOZEN",TOTAL,NOT SPECIFIED,NATIONAL,,99,US,US TOTAL,,,,,,,,0,,,9000,UNITED STATES,US TOTAL,2016,MONTHLY,6,6,JUN,,2022-04-29 15:01:27.000,0.541,
SURVEY,ANIMALS & PRODUCTS,POULTRY,EGGS,ALL CLASSES,ALL PRODUCTION PRACTICES,ALL UTILIZATION PRACTICES,PRICE RECEIVED,$ / DOZEN,"EGGS - PRICE RECEIVED, MEASURED IN $ / DOZEN",TOTAL,NOT SPECIFIED,NATIONAL,,99,US,US TOTAL,,,,,,,,0,,,9000,UNITED STATES,US TOTAL,2016,MONTHLY,7,7,JUL,,2022-04-29 15:01:27.000,0.651,
SURVEY,ANIMALS & PRODUCTS,POULTRY,EGGS,ALL CLASSES,ALL PRODUCTION PRACTICES,ALL UTILIZATION PRACTICES,PRICE RECEIVED,$ / DOZEN,"EGGS - PRICE RECEIVED, MEASURED IN $ / DOZEN",TOTAL,NOT SPECIFIED,NATIONAL,,99,US,US TOTAL,,,,,,,,0,,,9000,UNITED STATES,US TOTAL,2016,MONTHLY,8,8,AUG,,2022-04-29 15:01:27.000,0.654,
SURVEY,ANIMALS & PRODUCTS,POULTRY,EGGS,ALL CLASSES,ALL PRODUCTION PRACTICES,ALL UTILIZATION PRACTICES,PRICE RECEIVED,$ / DOZEN,"EGGS - PRICE RECEIVED, MEASURED IN $ / DOZEN",TOTAL,NOT SPECIFIED,NATIONAL,,99,US,US TOTAL,,,,,,,,0,,,9000,UNITED STATES,US TOTAL,2016,MONTHLY,9,9,SEP,,2022-04-29 15:01:27.000,0.604,
SURVEY,ANIMALS & PRODUCTS,POULTRY,EGGS,ALL CLASSES,ALL PRODUCTION PRACTICES,ALL UTILIZATION PRACTICES,PRICE RECEIVED,$ / DOZEN,"EGGS - PRICE RECEIVED, MEASURED IN $ / DOZEN",TOTAL,NOT SPECIFIED,NATIONAL,,99,US,US TOTAL,,,,,,,,0,,,9000,UNITED STATES,US TOTAL,2016,MONTHLY,10,10,OCT,,2022-04-29 15:01:27.000,0.513,
SURVEY,ANIMALS & PRODUCTS,POULTRY,EGGS,ALL CLASSES,ALL PRODUCTION PRACTICES,ALL UTILIZATION PRACTICES,PRICE RECEIVED,$ / DOZEN,"EGGS - PRICE RECEIVED, MEASURED IN $ / DOZEN",TOTAL,NOT SPECIFIED,NATIONAL,,99,US,US TOTAL,,,,,,,,0,,,9000,UNITED STATES,US TOTAL,2016,MONTHLY,11,11,NOV,,2022-04-29 15:01:27.000,0.591,
SURVEY,ANIMALS & PRODUCTS,POULTRY,EGGS,ALL CLASSES,ALL PRODUCTION PRACTICES,ALL UTILIZATION PRACTICES,PRICE RECEIVED,$ / DOZEN,"EGGS - PRICE RECEIVED, MEASURED IN $ / DOZEN",TOTAL,NOT SPECIFIED,NATIONAL,,99,US,US TOTAL,,,,,,,,0,,,9000,UNITED STATES,US TOTAL,2016,MONTHLY,12,12,DEC,,2022-04-29 15:01:27.000,1.21,
SURVEY,ANIMALS & PRODUCTS,POULTRY,EGGS,ALL CLASSES,ALL PRODUCTION PRACTICES,ALL UTILIZATION PRACTICES,PRICE RECEIVED,$ / DOZEN,"EGGS - PRICE RECEIVED, MEASURED IN $ / DOZEN",TOTAL,NOT SPECIFIED,NATIONAL,,99,US,US TOTAL,,,,,,,,0,,,9000,UNITED STATES,US TOTAL,2015,ANNUAL,0,0,YEAR,,2022-07-29 15:01:54.000,1.64,
SURVEY,ANIMALS & PRODUCTS,POULTRY,EGGS,ALL CLASSES,ALL PRODUCTION PRACTICES,ALL UTILIZATION PRACTICES,PRICE RECEIVED,$ / DOZEN,"EGGS - PRICE RECEIVED, MEASURED IN $ / DOZEN",TOTAL,NOT SPECIFIED,NATIONAL,,99,US,US TOTAL,,,,,,,,0,,,9000,UNITED STATES,US TOTAL,2015,MONTHLY,1,1,JAN,,2021-04-30 15:02:24.000,1.24,
SURVEY,ANIMALS & PRODUCTS,POULTRY,EGGS,ALL CLASSES,ALL PRODUCTION PRACTICES,ALL UTILIZATION PRACTICES,PRICE RECEIVED,$ / DOZEN,"EGGS - PRICE RECEIVED, MEASURED IN $ / DOZEN",TOTAL,NOT SPECIFIED,NATIONAL,,99,US,US TOTAL,,,,,,,,0,,,9000,UNITED STATES,US TOTAL,2015,MONTHLY,2,2,FEB,,2021-04-30 15:02:24.000,1.29,
SURVEY,ANIMALS & PRODUCTS,POULTRY,EGGS,ALL CLASSES,ALL PRODUCTION PRACTICES,ALL UTILIZATION PRACTICES,PRICE RECEIVED,$ / DOZEN,"EGGS - PRICE RECEIVED, MEASURED IN $ / DOZEN",TOTAL,NOT SPECIFIED,NATIONAL,,99,US,US TOTAL,,,,,,,,0,,,9000,UNITED STATES,US TOTAL,2015,MONTHLY,3,3,MAR,,2021-04-30 15:02:24.000,1.54,
SURVEY,ANIMALS & PRODUCTS,POULTRY,EGGS,ALL CLASSES,ALL PRODUCTION PRACTICES,ALL UTILIZATION PRACTICES,PRICE RECEIVED,$ / DOZEN,"EGGS - PRICE RECEIVED, MEASURED IN $ / DOZEN",TOTAL,NOT SPECIFIED,NATIONAL,,99,US,US TOTAL,,,,,,,,0,,,9000,UNITED STATES,US TOTAL,2015,MONTHLY,4,4,APR,,2021-04-30 15:02:24.000,1.08,
SURVEY,ANIMALS & PRODUCTS,POULTRY,EGGS,ALL CLASSES,ALL PRODUCTION PRACTICES,ALL UTILIZATION PRACTICES,PRICE RECEIVED,$ / DOZEN,"EGGS - PRICE RECEIVED, MEASURED IN $ / DOZEN",TOTAL,NOT SPECIFIED,NATIONAL,,99,US,US TOTAL,,,,,,,,0,,,9000,UNITED STATES,US TOTAL,2015,MONTHLY,5,5,MAY,,2021-04-30 15:02:24.000,1.73,
SURVEY,ANIMALS & PRODUCTS,POULTRY,EGGS,ALL CLASSES,ALL PRODUCTION PRACTICES,ALL UTILIZATION PRACTICES,PRICE RECEIVED,$ / DOZEN,"EGGS - PRICE RECEIVED, MEASURED IN $ / DOZEN",TOTAL,NOT SPECIFIED,NATIONAL,,99,US,US TOTAL,,,,,,,,0,,,9000,UNITED STATES,US TOTAL,2015,MONTHLY,6,6,JUN,,2021-04-30 15:02:24.000,2.0,
SURVEY,ANIMALS & PRODUCTS,POULTRY,EGGS,ALL CLASSES,ALL PRODUCTION PRACTICES,ALL UTILIZATION PRACTICES,PRICE RECEIVED,$ / DOZEN,"EGGS - PRICE RECEIVED, MEASURED IN $ / DOZEN",TOTAL,NOT SPECIFIED,NATIONAL,,99,US,US TOTAL,,,,,,,,0,,,9000,UNITED STATES,US TOTAL,2015,MONTHLY,7,7,JUL,,2021-04-30 15:02:24.000,1.9,
SURVEY,ANIMALS & PRODUCTS,POULTRY,EGGS,ALL CLASSES,ALL PRODUCTION PRACTICES,ALL UTILIZATION PRACTICES,PRICE RECEIVED,$ / DOZEN,"EGGS - PRICE RECEIVED, MEASURED IN $ / DOZEN",TOTAL,NOT SPECIFIED,NATIONAL,,99,US,US TOTAL,,,,,,,,0,,,9000,UNITED STATES,US TOTAL,2015,MONTHLY,8,8,AUG,,2021-04-30 15:02:24.000,2.39,
SURVEY,ANIMALS & PRODUCTS,POULTRY,EGGS,ALL CLASSES,ALL PRODUCTION PRACTICES,ALL UTILIZATION PRACTICES,PRICE RECEIVED,$ / DOZEN,"EGGS - PRICE RECEIVED, MEASURED IN $ / DOZEN",TOTAL,NOT SPECIFIED,NATIONAL,,99,US,US TOTAL,,,,,,,,0,,,9000,UNITED STATES,US TOTAL,2015,MONTHLY,9,9,SEP,,2021-04-30 15:02:24.000,1.89,
SURVEY,ANIMALS & PRODUCTS,POULTRY,EGGS,ALL CLASSES,ALL PRODUCTION PRACTICES,ALL UTILIZATION PRACTICES,PRICE RECEIVED,$ / DOZEN,"EGGS - PRICE RECEIVED, MEASURED IN $ / DOZEN",TOTAL,NOT SPECIFIED,NATIONAL,,99,US,US TOTAL,,,,,,,,0,,,9000,UNITED STATES,US TOTAL,2015,MONTHLY,10,10,OCT,,2021-04-30 15:02:24.000,1.43,
SURVEY,ANIMALS & PRODUCTS,POULTRY,EGGS,ALL CLASSES,ALL PRODUCTION PRACTICES,ALL UTILIZATION PRACTICES,PRICE RECEIVED,$ / DOZEN,"EGGS - PRICE RECEIVED, MEASURED IN $ / DOZEN",TOTAL,NOT SPECIFIED,NATIONAL,,99,US,US TOTAL,,,,,,,,0,,,9000,UNITED STATES,US TOTAL,2015,MONTHLY,11,11,NOV,,2021-04-30 15:02:24.000,2.0,
SURVEY,ANIMALS & PRODUCTS,POULTRY,EGGS,ALL CLASSES,ALL PRODUCTION PRACTICES,ALL UTILIZATION PRACTICES,PRICE RECEIVED,$ / DOZEN,"EGGS - PRICE RECEIVED, MEASURED IN $ / DOZEN",TOTAL,NOT SPECIFIED,NATIONAL,,99,US,US TOTAL,,,,,,,,0,,,9000,UNITED STATES,US TOTAL,2015,MONTHLY,12,12,DEC,,2022-04-29 15:01:27.000,1.24,
SURVEY,ANIMALS & PRODUCTS,POULTRY,EGGS,ALL CLASSES,ALL PRODUCTION PRACTICES,ALL UTILIZATION PRACTICES,PRICE RECEIVED,$ / DOZEN,"EGGS - PRICE RECEIVED, MEASURED IN $ / DOZEN",TOTAL,NOT SPECIFIED,NATIONAL,,99,US,US TOTAL,,,,,,,,0,,,9000,UNITED STATES,US TOTAL,2014,ANNUAL,0,0,YEAR,,2022-07-29 15:01:54.000,1.25,
SURVEY,ANIMALS & PRODUCTS,POULTRY,EGGS,ALL CLASSES,ALL PRODUCTION PRACTICES,ALL UTILIZATION PRACTICES,PRICE RECEIVED,$ / DOZEN,"EGGS - PRICE RECEIVED, MEASURED IN $ / DOZEN",TOTAL,NOT SPECIFIED,NATIONAL,,99,US,US TOTAL,,,,,,,,0,,,9000,UNITED STATES,US TOTAL,2014,MONTHLY,1,1,JAN,,2020-04-30 15:11:12.000,1.11,
SURVEY,ANIMALS & PRODUCTS,POULTRY,EGGS,ALL CLASSES,ALL PRODUCTION PRACTICES,ALL UTILIZATION PRACTICES,PRICE RECEIVED,$ / DOZEN,"EGGS - PRICE RECEIVED, MEASURED IN $ / DOZEN",TOTAL,NOT SPECIFIED,NATIONAL,,99,US,US TOTAL,,,,,,,,0,,,9000,UNITED STATES,US TOTAL,2014,MONTHLY,2,2,FEB,,2020-04-30 15:11:12.000,1.4,
SURVEY,ANIMALS & PRODUCTS,POULTRY,EGGS,ALL CLASSES,ALL PRODUCTION PRACTICES,ALL UTILIZATION PRACTICES,PRICE RECEIVED,$ / DOZEN,"EGGS - PRICE RECEIVED, MEASURED IN $ / DOZEN",TOTAL,NOT SPECIFIED,NATIONAL,,99,US,US TOTAL,,,,,,,,0,,,9000,UNITED STATES,US TOTAL,2014,MONTHLY,3,3,MAR,,2020-04-30 15:11:12.000,1.23,
SURVEY,ANIMALS & PRODUCTS,POULTRY,EGGS,ALL CLASSES,ALL PRODUCTION PRACTICES,ALL UTILIZATION PRACTICES,PRICE RECEIVED,$ / DOZEN,"EGGS - PRICE RECEIVED, MEASURED IN $ / DOZEN",TOTAL,NOT SPECIFIED,NATIONAL,,99,US,US TOTAL,,,,,,,,0,,,9000,UNITED STATES,US TOTAL,2014,MONTHLY,4,4,APR,,2020-04-30 15:11:12.000,1.27,
SURVEY,ANIMALS & PRODUCTS,POULTRY,EGGS,ALL CLASSES,ALL PRODUCTION PRACTICES,ALL UTILIZATION PRACTICES,PRICE RECEIVED,$ / DOZEN,"EGGS - PRICE RECEIVED, MEASURED IN $ / DOZEN",TOTAL,NOT SPECIFIED,NATIONAL,,99,US,US TOTAL,,,,,,,,0,,,9000,UNITED STATES,US TOTAL,2014,MONTHLY,5,5,MAY,,2020-04-30 15:11:12.000,1.17,
SURVEY,ANIMALS & PRODUCTS,POULTRY,EGGS,ALL CLASSES,ALL PRODUCTION PRACTICES,ALL UTILIZATION PRACTICES,PRICE RECEIVED,$ / DOZEN,"EGGS - PRICE RECEIVED, MEASURED IN $ / DOZEN",TOTAL,NOT SPECIFIED,NATIONAL,,99,US,US TOTAL,,,,,,,,0,,,9000,UNITED STATES,US TOTAL,2014,MONTHLY,6,6,JUN,,2020-04-30 15:11:12.000,1.09,
SURVEY,ANIMALS & PRODUCTS,POULTRY,EGGS,ALL CLASSES,ALL PRODUCTION PRACTICES,ALL UTILIZATION PRACTICES,PRICE RECEIVED,$ / DOZEN,"EGGS - PRICE RECEIVED, MEASURED IN $ / DOZEN",TOTAL,NOT SPECIFIED,NATIONAL,,99,US,US TOTAL,,,,,,,,0,,,9000,UNITED STATES,US TOTAL,2014,MONTHLY,7,7,JUL,,2020-04-30 15:11:12.000,1.24,
SURVEY,ANIMALS & PRODUCTS,POULTRY,EGGS,ALL CLASSES,ALL PRODUCTION PRACTICES,ALL UTILIZATION PRACTICES,PRICE RECEIVED,$ / DOZEN,"EGGS - PRICE RECEIVED, MEASURED IN $ / DOZEN",TOTAL,NOT SPECIFIED,NATIONAL,,99,US,US TOTAL,,,,,,,,0,,,9000,UNITED STATES,US TOTAL,2014,MONTHLY,8,8,AUG,,2020-04-30 15:11:12.000,1.07,
SURVEY,ANIMALS & PRODUCTS,POULTRY,EGGS,ALL CLASSES,ALL PRODUCTION PRACTICES,ALL UTILIZATION PRACTICES,PRICE RECEIVED,$ / DOZEN,"EGGS - PRICE RECEIVED, MEASURED IN $ / DOZEN",TOTAL,NOT SPECIFIED,NATIONAL,,99,US,US TOTAL,,,,,,,,0,,,9000,UNITED STATES,US TOTAL,2014,MONTHLY,9,9,SEP,,2020-04-30 15:11:12.000,1.04,
SURVEY,ANIMALS & PRODUCTS,POULTRY,EGGS,ALL CLASSES,ALL PRODUCTION PRACTICES,ALL UTILIZATION PRACTICES,PRICE RECEIVED,$ / DOZEN,"EGGS - PRICE RECEIVED, MEASURED IN $ / DOZEN",TOTAL,NOT SPECIFIED,NATIONAL,,99,US,US TOTAL,,,,,,,,0,,,9000,UNITED STATES,US TOTAL,2014,MONTHLY,10,10,OCT,,2020-04-30 15:11:12.000,1.14,
SURVEY,ANIMALS & PRODUCTS,POULTRY,EGGS,ALL CLASSES,ALL PRODUCTION PRACTICES,ALL UTILIZATION PRACTICES,PRICE RECEIVED,$ / DOZEN,"EGGS - PRICE RECEIVED, MEASURED IN $ / DOZEN",TOTAL,NOT SPECIFIED,NATIONAL,,99,US,US TOTAL,,,,,,,,0,,,9000,UNITED STATES,US TOTAL,2014,MONTHLY,11,11,NOV,,2020-04-30 15:11:12.000,1.51,
SURVEY,ANIMALS & PRODUCTS,POULTRY,EGGS,ALL CLASSES,ALL PRODUCTION PRACTICES,ALL UTILIZATION PRACTICES,PRICE RECEIVED,$ / DOZEN,"EGGS - PRICE RECEIVED, MEASURED IN $ / DOZEN",TOTAL,NOT SPECIFIED,NATIONAL,,99,US,US TOTAL,,,,,,,,0,,,9000,UNITED STATES,US TOTAL,2014,MONTHLY,12,12,DEC,,2021-04-30 15:02:24.000,1.75,
SURVEY,ANIMALS & PRODUCTS,POULTRY,EGGS,ALL CLASSES,ALL PRODUCTION PRACTICES,ALL UTILIZATION PRACTICES,PRICE RECEIVED,$ / DOZEN,"EGGS - PRICE RECEIVED, MEASURED IN $ / DOZEN",TOTAL,NOT SPECIFIED,NATIONAL,,99,US,US TOTAL,,,,,,,,0,,,9000,UNITED STATES,US TOTAL,2013,ANNUAL,0,0,YEAR,,2022-07-29 15:01:54.000,1.09,
SURVEY,ANIMALS & PRODUCTS,POULTRY,EGGS,ALL CLASSES,ALL PRODUCTION PRACTICES,ALL UTILIZATION PRACTICES,PRICE RECEIVED,$ / DOZEN,"EGGS - PRICE RECEIVED, MEASURED IN $ / DOZEN",TOTAL,NOT SPECIFIED,NATIONAL,,99,US,US TOTAL,,,,,,,,0,,,9000,UNITED STATES,US TOTAL,2013,MONTHLY,1,1,JAN,,2020-04-30 15:11:12.000,1.06,
SURVEY,ANIMALS & PRODUCTS,POULTRY,EGGS,ALL CLASSES,ALL PRODUCTION PRACTICES,ALL UTILIZATION PRACTICES,PRICE RECEIVED,$ / DOZEN,"EGGS - PRICE RECEIVED, MEASURED IN $ / DOZEN",TOTAL,NOT SPECIFIED,NATIONAL,,99,US,US TOTAL,,,,,,,,0,,,9000,UNITED STATES,US TOTAL,2013,MONTHLY,2,2,FEB,,2020-04-30 15:11:12.000,0.989,
SURVEY,ANIMALS & PRODUCTS,POULTRY,EGGS,ALL CLASSES,ALL PRODUCTION PRACTICES,ALL UTILIZATION PRACTICES,PRICE RECEIVED,$ / DOZEN,"EGGS - PRICE RECEIVED, MEASURED IN $ / DOZEN",TOTAL,NOT SPECIFIED,NATIONAL,,99,US,US TOTAL,,,,,,,,0,,,9000,UNITED STATES,US TOTAL,2013,MONTHLY,3,3,MAR,,2020-04-30 15:11:12.000,1.14,
SURVEY,ANIMALS & PRODUCTS,POULTRY,EGGS,ALL CLASSES,ALL PRODUCTION PRACTICES,ALL UTILIZATION PRACTICES,PRICE RECEIVED,$ / DOZEN,"EGGS - PRICE RECEIVED, MEASURED IN $ / DOZEN",TOTAL,NOT SPECIFIED,NATIONAL,,99,US,US TOTAL,,,,,,,,0,,,9000,UNITED STATES,US TOTAL,2013,MONTHLY,4,4,APR,,2020-04-30 15:11:12.000,0.877,
SURVEY,ANIMALS & PRODUCTS,POULTRY,EGGS,ALL CLASSES,ALL PRODUCTION PRACTICES,ALL UTILIZATION PRACTICES,PRICE RECEIVED,$ / DOZEN,"EGGS - PRICE RECEIVED, MEASURED IN $ / DOZEN",TOTAL,NOT SPECIFIED,NATIONAL,,99,US,US TOTAL,,,,,,,,0,,,9000,UNITED STATES,US TOTAL,2013,MONTHLY,5,5,MAY,,2020-04-30 15:11:12.000,1.17,
SURVEY,ANIMALS & PRODUCTS,POULTRY,EGGS,ALL CLASSES,ALL PRODUCTION PRACTICES,ALL UTILIZATION PRACTICES,PRICE RECEIVED,$ / DOZEN,"EGGS - PRICE RECEIVED, MEASURED IN $ / DOZEN",TOTAL,NOT SPECIFIED,NATIONAL,,99,US,US TOTAL,,,,,,,,0,,,9000,UNITED STATES,US TOTAL,2013,MONTHLY,6,6,JUN,,2020-04-30 15:11:12.000,0.924,
SURVEY,ANIMALS & PRODUCTS,POULTRY,EGGS,ALL CLASSES,ALL PRODUCTION PRACTICES,ALL UTILIZATION PRACTICES,PRICE RECEIVED,$ / DOZEN,"EGGS - PRICE RECEIVED, MEASURED IN $ / DOZEN",TOTAL,NOT SPECIFIED,NATIONAL,,99,US,US TOTAL,,,,,,,,0,,,9000,UNITED STATES,US TOTAL,2013,MONTHLY,7,7,JUL,,2020-04-30 15:11:12.000,1.03,
SURVEY,ANIMALS & PRODUCTS,POULTRY,EGGS,ALL CLASSES,ALL PRODUCTION PRACTICES,ALL UTILIZATION PRACTICES,PRICE RECEIVED,$ / DOZEN,"EGGS - PRICE RECEIVED, MEASURED IN $ / DOZEN",TOTAL,NOT SPECIFIED,NATIONAL,,99,US,US TOTAL,,,,,,,,0,,,9000,UNITED STATES,US TOTAL,2013,MONTHLY,8,8,AUG,,2020-04-30 15:11:12.000,1.07,
SURVEY,ANIMALS & PRODUCTS,POULTRY,EGGS,ALL CLASSES,ALL PRODUCTION PRACTICES,ALL UTILIZATION PRACTICES,PRICE RECEIVED,$ / DOZEN,"EGGS - PRICE RECEIVED, MEASURED IN $ / DOZEN",TOTAL,NOT SPECIFIED,NATIONAL,,99,US,US TOTAL,,,,,,,,0,,,9000,UNITED STATES,US TOTAL,2013,MONTHLY,9,9,SEP,,2020-04-30 15:11:12.000,1.03,
SURVEY,ANIMALS & PRODUCTS,POULTRY,EGGS,ALL CLASSES,ALL PRODUCTION PRACTICES,ALL UTILIZATION PRACTICES,PRICE RECEIVED,$ / DOZEN,"EGGS - PRICE RECEIVED, MEASURED IN $ / DOZEN",TOTAL,NOT SPECIFIED,NATIONAL,,99,US,US TOTAL,,,,,,,,0,,,9000,UNITED STATES,US TOTAL,2013,MONTHLY,10,10,OCT,,2020-04-30 15:11:12.000,1.04,
SURVEY,ANIMALS & PRODUCTS,POULTRY,EGGS,ALL CLASSES,ALL PRODUCTION PRACTICES,ALL UTILIZATION PRACTICES,PRICE RECEIVED,$ / DOZEN,"EGGS - PRICE RECEIVED, MEASURED IN $ / DOZEN",TOTAL,NOT SPECIFIED,NATIONAL,,99,US,US TOTAL,,,,,,,,0,,,9000,UNITED STATES,US TOTAL,2013,MONTHLY,11,11,NOV,,2020-04-30 15:11:12.000,1.32,
SURVEY,ANIMALS & PRODUCTS,POULTRY,EGGS,ALL CLASSES,ALL PRODUCTION PRACTICES,ALL UTILIZATION PRACTICES,PRICE RECEIVED,$ / DOZEN,"EGGS - PRICE RECEIVED, MEASURED IN $ / DOZEN",TOTAL,NOT SPECIFIED,NATIONAL,,99,US,US TOTAL,,,,,,,,0,,,9000,UNITED STATES,US TOTAL,2013,MONTHLY,12,12,DEC,,2020-04-30 15:11:12.000,1.37,
SURVEY,ANIMALS & PRODUCTS,POULTRY,EGGS,ALL CLASSES,ALL PRODUCTION PRACTICES,ALL UTILIZATION PRACTICES,PRICE RECEIVED,$ / DOZEN,"EGGS - PRICE RECEIVED, MEASURED IN $ / DOZEN",TOTAL,NOT SPECIFIED,NATIONAL,,99,US,US TOTAL,,,,,,,,0,,,9000,UNITED STATES,US TOTAL,2012,ANNUAL,0,0,YEAR,,2022-07-29 15:01:54.000,0.998,
SURVEY,ANIMALS & PRODUCTS,POULTRY,EGGS,ALL CLASSES,ALL PRODUCTION PRACTICES,ALL UTILIZATION PRACTICES,PRICE RECEIVED,$ / DOZEN,"EGGS - PRICE RECEIVED, MEASURED IN $ / DOZEN",TOTAL,NOT SPECIFIED,NATIONAL,,99,US,US TOTAL,,,,,,,,0,,,9000,UNITED STATES,US TOTAL,2012,MONTHLY,1,1,JAN,,2018-04-27 15:07:08.000,0.881,
SURVEY,ANIMALS & PRODUCTS,POULTRY,EGGS,ALL CLASSES,ALL PRODUCTION PRACTICES,ALL UTILIZATION PRACTICES,PRICE RECEIVED,$ / DOZEN,"EGGS - PRICE RECEIVED, MEASURED IN $ / DOZEN",TOTAL,NOT SPECIFIED,NATIONAL,,99,US,US TOTAL,,,,,,,,0,,,9000,UNITED STATES,US TOTAL,2012,MONTHLY,2,2,FEB,,2018-04-27 15:07:08.000,0.887,
SURVEY,ANIMALS & PRODUCTS,POULTRY,EGGS,ALL CLASSES,ALL PRODUCTION PRACTICES,ALL UTILIZATION PRACTICES,PRICE RECEIVED,$ / DOZEN,"EGGS - PRICE RECEIVED, MEASURED IN $ / DOZEN",TOTAL,NOT SPECIFIED,NATIONAL,,99,US,US TOTAL,,,,,,,,0,,,9000,UNITED STATES,US TOTAL,2012,MONTHLY,3,3,MAR,,2018-04-27 15:07:08.000,0.99,
SURVEY,ANIMALS & PRODUCTS,POULTRY,EGGS,ALL CLASSES,ALL PRODUCTION PRACTICES,ALL UTILIZATION PRACTICES,PRICE RECEIVED,$ / DOZEN,"EGGS - PRICE RECEIVED, MEASURED IN $ / DOZEN",TOTAL,NOT SPECIFIED,NATIONAL,,99,US,US TOTAL,,,,,,,,0,,,9000,UNITED STATES,US TOTAL,2012,MONTHLY,4,4,APR,,2018-04-27 15:07:08.000,0.862,
SURVEY,ANIMALS & PRODUCTS,POULTRY,EGGS,ALL CLASSES,ALL PRODUCTION PRACTICES,ALL UTILIZATION PRACTICES,PRICE RECEIVED,$ / DOZEN,"EGGS - PRICE RECEIVED, MEASURED IN $ / DOZEN",TOTAL,NOT SPECIFIED,NATIONAL,,99,US,US TOTAL,,,,,,,,0,,,9000,UNITED STATES,US TOTAL,2012,MONTHLY,5,5,MAY,,2018-04-27 15:07:08.000,0.826,
SURVEY,ANIMALS & PRODUCTS,POULTRY,EGGS,ALL CLASSES,ALL PRODUCTION PRACTICES,ALL UTILIZATION PRACTICES,PRICE RECEIVED,$ / DOZEN,"EGGS - PRICE RECEIVED, MEASURED IN $ / DOZEN",TOTAL,NOT SPECIFIED,NATIONAL,,99,US,US TOTAL,,,,,,,,0,,,9000,UNITED STATES,US TOTAL,2012,MONTHLY,6,6,JUN,,2018-04-27 15:07:08.000,0.905,
SURVEY,ANIMALS & PRODUCTS,POULTRY,EGGS,ALL CLASSES,ALL PRODUCTION PRACTICES,ALL UTILIZATION PRACTICES,PRICE RECEIVED,$ / DOZEN,"EGGS - PRICE RECEIVED, MEASURED IN $ / DOZEN",TOTAL,NOT SPECIFIED,NATIONAL,,99,US,US TOTAL,,,,,,,,0,,,9000,UNITED STATES,US TOTAL,2012,MONTHLY,7,7,JUL,,2018-04-27 15:07:08.000,0.967,
SURVEY,ANIMALS & PRODUCTS,POULTRY,EGGS,ALL CLASSES,ALL PRODUCTION PRACTICES,ALL UTILIZATION PRACTICES,PRICE RECEIVED,$ / DOZEN,"EGGS - PRICE RECEIVED, MEASURED IN $ / DOZEN",TOTAL,NOT SPECIFIED,NATIONAL,,99,US,US TOTAL,,,,,,,,0,,,9000,UNITED STATES,US TOTAL,2012,MONTHLY,8,8,AUG,,2018-04-27 15:07:08.000,1.12,
SURVEY,ANIMALS & PRODUCTS,POULTRY,EGGS,ALL CLASSES,ALL PRODUCTION PRACTICES,ALL UTILIZATION PRACTICES,PRICE RECEIVED,$ / DOZEN,"EGGS - PRICE RECEIVED, MEASURED IN $ / DOZEN",TOTAL,NOT SPECIFIED,NATIONAL,,99,US,US TOTAL,,,,,,,,0,,,9000,UNITED STATES,US TOTAL,2012,MONTHLY,9,9,SEP,,2018-04-27 15:07:08.000,1.22,
SURVEY,ANIMALS & PRODUCTS,POULTRY,EGGS,ALL CLASSES,ALL PRODUCTION PRACTICES,ALL UTILIZATION PRACTICES,PRICE RECEIVED,$ / DOZEN,"EGGS - PRICE RECEIVED, MEASURED IN $ / DOZEN",TOTAL,NOT SPECIFIED,NATIONAL,,99,US,US TOTAL,,,,,,,,0,,,9000,UNITED STATES,US TOTAL,2012,MONTHLY,10,10,OCT,,2018-04-27 15:07:08.000,1.02,
SURVEY,ANIMALS & PRODUCTS,POULTRY,EGGS,ALL CLASSES,ALL PRODUCTION PRACTICES,ALL UTILIZATION PRACTICES,PRICE RECEIVED,$ / DOZEN,"EGGS - PRICE RECEIVED, MEASURED IN $ / DOZEN",TOTAL,NOT SPECIFIED,NATIONAL,,99,US,US TOTAL,,,,,,,,0,,,9000,UNITED STATES,US TOTAL,2012,MONTHLY,11,11,NOV,,2018-04-27 15:07:08.000,1.18,
SURVEY,ANIMALS & PRODUCTS,POULTRY,EGGS,ALL CLASSES,ALL PRODUCTION PRACTICES,ALL UTILIZATION PRACTICES,PRICE RECEIVED,$ / DOZEN,"EGGS - PRICE RECEIVED, MEASURED IN $ / DOZEN",TOTAL,NOT SPECIFIED,NATIONAL,,99,US,US TOTAL,,,,,,,,0,,,9000,UNITED STATES,US TOTAL,2012,MONTHLY,12,12,DEC,,2020-04-30 15:11:12.000,1.12,
SURVEY,ANIMALS & PRODUCTS,POULTRY,EGGS,ALL CLASSES,ALL PRODUCTION PRACTICES,ALL UTILIZATION PRACTICES,PRICE RECEIVED,$ / DOZEN,"EGGS - PRICE RECEIVED, MEASURED IN $ / DOZEN",TOTAL,NOT SPECIFIED,NATIONAL,,99,US,US TOTAL,,,,,,,,0,,,9000,UNITED STATES,US TOTAL,2011,ANNUAL,0,0,YEAR,,2021-07-30 15:01:19.000,0.968,
SURVEY,ANIMALS & PRODUCTS,POULTRY,EGGS,ALL CLASSES,ALL PRODUCTION PRACTICES,ALL UTILIZATION PRACTICES,PRICE RECEIVED,$ / DOZEN,"EGGS - PRICE RECEIVED, MEASURED IN $ / DOZEN",TOTAL,NOT SPECIFIED,NATIONAL,,99,US,US TOTAL,,,,,,,,0,,,9000,UNITED STATES,US TOTAL,2011,MONTHLY,1,1,JAN,,2017-04-27 15:03:23.000,0.848,
SURVEY,ANIMALS & PRODUCTS,POULTRY,EGGS,ALL CLASSES,ALL PRODUCTION PRACTICES,ALL UTILIZATION PRACTICES,PRICE RECEIVED,$ / DOZEN,"EGGS - PRICE RECEIVED, MEASURED IN $ / DOZEN",TOTAL,NOT SPECIFIED,NATIONAL,,99,US,US TOTAL,,,,,,,,0,,,9000,UNITED STATES,US TOTAL,2011,MONTHLY,2,2,FEB,,2017-04-27 15:03:23.000,0.949,
SURVEY,ANIMALS & PRODUCTS,POULTRY,EGGS,ALL CLASSES,ALL PRODUCTION PRACTICES,ALL UTILIZATION PRACTICES,PRICE RECEIVED,$ / DOZEN,"EGGS - PRICE RECEIVED, MEASURED IN $ / DOZEN",TOTAL,NOT SPECIFIED,NATIONAL,,99,US,US TOTAL,,,,,,,,0,,,9000,UNITED STATES,US TOTAL,2011,MONTHLY,3,3,MAR,,2017-04-27 15:03:23.000,0.843,
SURVEY,ANIMALS & PRODUCTS,POULTRY,EGGS,ALL CLASSES,ALL PRODUCTION PRACTICES,ALL UTILIZATION PRACTICES,PRICE RECEIVED,$ / DOZEN,"EGGS - PRICE RECEIVED, MEASURED IN $ / DOZEN",TOTAL,NOT SPECIFIED,NATIONAL,,99,US,US TOTAL,,,,,,,,0,,,9000,UNITED STATES,US TOTAL,2011,MONTHLY,4,4,APR,,2017-04-27 15:03:23.000,1.05,
SURVEY,ANIMALS & PRODUCTS,POULTRY,EGGS,ALL CLASSES,ALL PRODUCTION PRACTICES,ALL UTILIZATION PRACTICES,PRICE RECEIVED,$ / DOZEN,"EGGS - PRICE RECEIVED, MEASURED IN $ / DOZEN",TOTAL,NOT SPECIFIED,NATIONAL,,99,US,US TOTAL,,,,,,,,0,,,9000,UNITED STATES,US TOTAL,2011,MONTHLY,5,5,MAY,,2017-04-27 15:03:23.000,0.821,
SURVEY,ANIMALS & PRODUCTS,POULTRY,EGGS,ALL CLASSES,ALL PRODUCTION PRACTICES,ALL UTILIZATION PRACTICES,PRICE RECEIVED,$ / DOZEN,"EGGS - PRICE RECEIVED, MEASURED IN $ / DOZEN",TOTAL,NOT SPECIFIED,NATIONAL,,99,US,US TOTAL,,,,,,,,0,,,9000,UNITED STATES,US TOTAL,2011,MONTHLY,6,6,JUN,,2017-04-27 15:03:23.000,0.884,
SURVEY,ANIMALS & PRODUCTS,POULTRY,EGGS,ALL CLASSES,ALL PRODUCTION PRACTICES,ALL UTILIZATION PRACTICES,PRICE RECEIVED,$ / DOZEN,"EGGS - PRICE RECEIVED, MEASURED IN $ / DOZEN",TOTAL,NOT SPECIFIED,NATIONAL,,99,US,US TOTAL,,,,,,,,0,,,9000,UNITED STATES,US TOTAL,2011,MONTHLY,7,7,JUL,,2017-04-27 15:03:23.000,0.878,
SURVEY,ANIMALS & PRODUCTS,POULTRY,EGGS,ALL CLASSES,ALL PRODUCTION PRACTICES,ALL UTILIZATION PRACTICES,PRICE RECEIVED,$ / DOZEN,"EGGS - PRICE RECEIVED, MEASURED IN $ / DOZEN",TOTAL,NOT SPECIFIED,NATIONAL,,99,US,US TOTAL,,,,,,,,0,,,9000,UNITED STATES,US TOTAL,2011,MONTHLY,8,8,AUG,,2017-04-27 15:03:23.000,1.14,
SURVEY,ANIMALS & PRODUCTS,POULTRY,EGGS,ALL CLASSES,ALL PRODUCTION PRACTICES,ALL UTILIZATION PRACTICES,PRICE RECEIVED,$ / DOZEN,"EGGS - PRICE RECEIVED, MEASURED IN $ / DOZEN",TOTAL,NOT SPECIFIED,NATIONAL,,99,US,US TOTAL,,,,,,,,0,,,9000,UNITED STATES,US TOTAL,2011,MONTHLY,9,9,SEP,,2017-04-27 15:03:23.000,0.944,
SURVEY,ANIMALS & PRODUCTS,POULTRY,EGGS,ALL CLASSES,ALL PRODUCTION PRACTICES,ALL UTILIZATION PRACTICES,PRICE RECEIVED,$ / DOZEN,"EGGS - PRICE RECEIVED, MEASURED IN $ / DOZEN",TOTAL,NOT SPECIFIED,NATIONAL,,99,US,US TOTAL,,,,,,,,0,,,9000,UNITED STATES,US TOTAL,2011,MONTHLY,10,10,OCT,,2017-04-27 15:03:23.000,1.02,
SURVEY,ANIMALS & PRODUCTS,POULTRY,EGGS,ALL CLASSES,ALL PRODUCTION PRACTICES,ALL UTILIZATION PRACTICES,PRICE RECEIVED,$ / DOZEN,"EGGS - PRICE RECEIVED, MEASURED IN $ / DOZEN",TOTAL,NOT SPECIFIED,NATIONAL,,99,US,US TOTAL,,,,,,,,0,,,9000,UNITED STATES,US TOTAL,2011,MONTHLY,11,11,NOV,,2017-04-27 15:03:23.000,1.02,
SURVEY,ANIMALS & PRODUCTS,POULTRY,EGGS,ALL CLASSES,ALL PRODUCTION PRACTICES,ALL UTILIZATION PRACTICES,PRICE RECEIVED,$ / DOZEN,"EGGS - PRICE RECEIVED, MEASURED IN $ / DOZEN",TOTAL,NOT SPECIFIED,NATIONAL,,99,US,US TOTAL,,,,,,,,0,,,9000,UNITED STATES,US TOTAL,2011,MONTHLY,12,12,DEC,,2018-04-27 15:07:08.000,1.22,
SURVEY,ANIMALS & PRODUCTS,POULTRY,EGGS,ALL CLASSES,ALL PRODUCTION PRACTICES,ALL UTILIZATION PRACTICES,PRICE RECEIVED,$ / DOZEN,"EGGS - PRICE RECEIVED, MEASURED IN $ / DOZEN",TOTAL,NOT SPECIFIED,NATIONAL,,99,US,US TOTAL,,,,,,,,0,,,9000,UNITED STATES,US TOTAL,2010,ANNUAL,0,0,YEAR,,2020-07-31 15:04:55.000,0.857,
SURVEY,ANIMALS & PRODUCTS,POULTRY,EGGS,ALL CLASSES,ALL PRODUCTION PRACTICES,ALL UTILIZATION PRACTICES,PRICE RECEIVED,$ / DOZEN,"EGGS - PRICE RECEIVED, MEASURED IN $ / DOZEN",TOTAL,NOT SPECIFIED,NATIONAL,,99,US,US TOTAL,,,,,,,,0,,,9000,UNITED STATES,US TOTAL,2010,MONTHLY,1,1,JAN,,2016-04-29 15:12:51.000,1.03,
SURVEY,ANIMALS & PRODUCTS,POULTRY,EGGS,ALL CLASSES,ALL PRODUCTION PRACTICES,ALL UTILIZATION PRACTICES,PRICE RECEIVED,$ / DOZEN,"EGGS - PRICE RECEIVED, MEASURED IN $ / DOZEN",TOTAL,NOT SPECIFIED,NATIONAL,,99,US,US TOTAL,,,,,,,,0,,,9000,UNITED STATES,US TOTAL,2010,MONTHLY,2,2,FEB,,2016-04-29 15:12:51.000,0.92,
SURVEY,ANIMALS & PRODUCTS,POULTRY,EGGS,ALL CLASSES,ALL PRODUCTION PRACTICES,ALL UTILIZATION PRACTICES,PRICE RECEIVED,$ / DOZEN,"EGGS - PRICE RECEIVED, MEASURED IN $ / DOZEN",TOTAL,NOT SPECIFIED,NATIONAL,,99,US,US TOTAL,,,,,,,,0,,,9000,UNITED STATES,US TOTAL,2010,MONTHLY,3,3,MAR,,2016-04-29 15:12:51.000,1.16,
SURVEY,ANIMALS & PRODUCTS,POULTRY,EGGS,ALL CLASSES,ALL PRODUCTION PRACTICES,ALL UTILIZATION PRACTICES,PRICE RECEIVED,$ / DOZEN,"EGGS - PRICE RECEIVED, MEASURED IN $ / DOZEN",TOTAL,NOT SPECIFIED,NATIONAL,,99,US,US TOTAL,,,,,,,,0,,,9000,UNITED STATES,US TOTAL,2010,MONTHLY,4,4,APR,,2016-04-29 15:12:51.000,0.769,
SURVEY,ANIMALS & PRODUCTS,POULTRY,EGGS,ALL CLASSES,ALL PRODUCTION PRACTICES,ALL UTILIZATION PRACTICES,PRICE RECEIVED,$ / DOZEN,"EGGS - PRICE RECEIVED, MEASURED IN $ / DOZEN",TOTAL,NOT SPECIFIED,NATIONAL,,99,US,US TOTAL,,,,,,,,0,,,9000,UNITED STATES,US TOTAL,2010,MONTHLY,5,5,MAY,,2016-04-29 15:12:51.000,0.636,
SURVEY,ANIMALS & PRODUCTS,POULTRY,EGGS,ALL CLASSES,ALL PRODUCTION PRACTICES,ALL UTILIZATION PRACTICES,PRICE RECEIVED,$ / DOZEN,"EGGS - PRICE RECEIVED, MEASURED IN $ / DOZEN",TOTAL,NOT SPECIFIED,NATIONAL,,99,US,US TOTAL,,,,,,,,0,,,9000,UNITED STATES,US TOTAL,2010,MONTHLY,6,6,JUN,,2016-04-29 15:12:51.000,0.618,
SURVEY,ANIMALS & PRODUCTS,POULTRY,EGGS,ALL CLASSES,ALL PRODUCTION PRACTICES,ALL UTILIZATION PRACTICES,PRICE RECEIVED,$ / DOZEN,"EGGS - PRICE RECEIVED, MEASURED IN $ / DOZEN",TOTAL,NOT SPECIFIED,NATIONAL,,99,US,US TOTAL,,,,,,,,0,,,9000,UNITED STATES,US TOTAL,2010,MONTHLY,7,7,JUL,,2016-04-29 15:12:51.000,0.71,
SURVEY,ANIMALS & PRODUCTS,POULTRY,EGGS,ALL CLASSES,ALL PRODUCTION PRACTICES,ALL UTILIZATION PRACTICES,PRICE RECEIVED,$ / DOZEN,"EGGS - PRICE RECEIVED, MEASURED IN $ / DOZEN",TOTAL,NOT SPECIFIED,NATIONAL,,99,US,US TOTAL,,,,,,,,0,,,9000,UNITED STATES,US TOTAL,2010,MONTHLY,8,8,AUG,,2016-04-29 15:12:51.000,0.79,
SURVEY,ANIMALS & PRODUCTS,POULTRY,EGGS,ALL CLASSES,ALL PRODUCTION PRACTICES,ALL UTILIZATION PRACTICES,PRICE RECEIVED,$ / DOZEN,"EGGS - PRICE RECEIVED, MEASURED IN $ / DOZEN",TOTAL,NOT SPECIFIED,NATIONAL,,99,US,US TOTAL,,,,,,,,0,,,9000,UNITED STATES,US TOTAL,2010,MONTHLY,9,9,SEP,,2016-04-29 15:12:51.000,0.635,
SURVEY,ANIMALS & PRODUCTS,POULTRY,EGGS,ALL CLASSES,ALL PRODUCTION PRACTICES,ALL UTILIZATION PRACTICES,PRICE RECEIVED,$ / DOZEN,"EGGS - PRICE RECEIVED, MEASURED IN $ / DOZEN",TOTAL,NOT SPECIFIED,NATIONAL,,99,US,US TOTAL,,,,,,,,0,,,9000,UNITED STATES,US TOTAL,2010,MONTHLY,10,10,OCT,,2016-04-29 15:12:51.000,0.814,
SURVEY,ANIMALS & PRODUCTS,POULTRY,EGGS,ALL CLASSES,ALL PRODUCTION PRACTICES,ALL UTILIZATION PRACTICES,PRICE RECEIVED,$ / DOZEN,"EGGS - PRICE RECEIVED, MEASURED IN $ / DOZEN",TOTAL,NOT SPECIFIED,NATIONAL,,99,US,US TOTAL,,,,,,,,0,,,9000,UNITED STATES,US TOTAL,2010,MONTHLY,11,11,NOV,,2016-04-29 15:12:51.000,1.13,
SURVEY,ANIMALS & PRODUCTS,POULTRY,EGGS,ALL CLASSES,ALL PRODUCTION PRACTICES,ALL UTILIZATION PRACTICES,PRICE RECEIVED,$ / DOZEN,"EGGS - PRICE RECEIVED, MEASURED IN $ / DOZEN",TOTAL,NOT SPECIFIED,NATIONAL,,99,US,US TOTAL,,,,,,,,0,,,9000,UNITED STATES,US TOTAL,2010,MONTHLY,12,12,DEC,,2017-04-27 15:03:23.000,1.07,
SURVEY,ANIMALS & PRODUCTS,POULTRY,EGGS,ALL CLASSES,ALL PRODUCTION PRACTICES,ALL UTILIZATION PRACTICES,PRICE RECEIVED,$ / DOZEN,"EGGS - PRICE RECEIVED, MEASURED IN $ / DOZEN",TOTAL,NOT SPECIFIED,NATIONAL,,99,US,US TOTAL,,,,,,,,0,,,9000,UNITED STATES,US TOTAL,2009,ANNUAL,0,0,YEAR,,2019-07-31 15:10:36.000,0.823,
SURVEY,ANIMALS & PRODUCTS,POULTRY,EGGS,ALL CLASSES,ALL PRODUCTION PRACTICES,ALL UTILIZATION PRACTICES,PRICE RECEIVED,$ / DOZEN,"EGGS - PRICE RECEIVED, MEASURED IN $ / DOZEN",TOTAL,NOT SPECIFIED,NATIONAL,,99,US,US TOTAL,,,,,,,,0,,,9000,UNITED STATES,US TOTAL,2009,MONTHLY,1,1,JAN,,2015-04-30 15:00:23.000,1.03,
SURVEY,ANIMALS & PRODUCTS,POULTRY,EGGS,ALL CLASSES,ALL PRODUCTION PRACTICES,ALL UTILIZATION PRACTICES,PRICE RECEIVED,$ / DOZEN,"EGGS - PRICE RECEIVED, MEASURED IN $ / DOZEN",TOTAL,NOT SPECIFIED,NATIONAL,,99,US,US TOTAL,,,,,,,,0,,,9000,UNITED STATES,US TOTAL,2009,MONTHLY,2,2,FEB,,2015-04-30 15:00:23.000,0.811,
SURVEY,ANIMALS & PRODUCTS,POULTRY,EGGS,ALL CLASSES,ALL PRODUCTION PRACTICES,ALL UTILIZATION PRACTICES,PRICE RECEIVED,$ / DOZEN,"EGGS - PRICE RECEIVED, MEASURED IN $ / DOZEN",TOTAL,NOT SPECIFIED,NATIONAL,,99,US,US TOTAL,,,,,,,,0,,,9000,UNITED STATES,US TOTAL,2009,MONTHLY,3,3,MAR,,2015-04-30 15:00:23.000,0.813,
SURVEY,ANIMALS & PRODUCTS,POULTRY,EGGS,ALL CLASSES,ALL PRODUCTION PRACTICES,ALL UTILIZATION PRACTICES,PRICE RECEIVED,$ / DOZEN,"EGGS - PRICE RECEIVED, MEASURED IN $ / DOZEN",TOTAL,NOT SPECIFIED,NATIONAL,,99,US,US TOTAL,,,,,,,,0,,,9000,UNITED STATES,US TOTAL,2009,MONTHLY,4,4,APR,,2015-04-30 15:00:23.000,0.921,
SURVEY,ANIMALS & PRODUCTS,POULTRY,EGGS,ALL CLASSES,ALL PRODUCTION PRACTICES,ALL UTILIZATION PRACTICES,PRICE RECEIVED,$ / DOZEN,"EGGS - PRICE RECEIVED, MEASURED IN $ / DOZEN",TOTAL,NOT SPECIFIED,NATIONAL,,99,US,US TOTAL,,,,,,,,0,,,9000,UNITED STATES,US TOTAL,2009,MONTHLY,5,5,MAY,,2015-04-30 15:00:23.000,0.619,
SURVEY,ANIMALS & PRODUCTS,POULTRY,EGGS,ALL CLASSES,ALL PRODUCTION PRACTICES,ALL UTILIZATION PRACTICES,PRICE RECEIVED,$ / DOZEN,"EGGS - PRICE RECEIVED, MEASURED IN $ / DOZEN",TOTAL,NOT SPECIFIED,NATIONAL,,99,US,US TOTAL,,,,,,,,0,,,9000,UNITED STATES,US TOTAL,2009,MONTHLY,6,6,JUN,,2015-04-30 15:00:23.000,0.595,
SURVEY,ANIMALS & PRODUCTS,POULTRY,EGGS,ALL CLASSES,ALL PRODUCTION PRACTICES,ALL UTILIZATION PRACTICES,PRICE RECEIVED,$ / DOZEN,"EGGS - PRICE RECEIVED, MEASURED IN $ / DOZEN",TOTAL,NOT SPECIFIED,NATIONAL,,99,US,US TOTAL,,,,,,,,0,,,9000,UNITED STATES,US TOTAL,2009,MONTHLY,7,7,JUL,,2015-04-30 15:00:23.000,0.709,
SURVEY,ANIMALS & PRODUCTS,POULTRY,EGGS,ALL CLASSES,ALL PRODUCTION PRACTICES,ALL UTILIZATION PRACTICES,PRICE RECEIVED,$ / DOZEN,"EGGS - PRICE RECEIVED, MEASURED IN $ / DOZEN",TOTAL,NOT SPECIFIED,NATIONAL,,99,US,US TOTAL,,,,,,,,0,,,9000,UNITED STATES,US TOTAL,2009,MONTHLY,8,8,AUG,,2015-04-30 15:00:23.000,0.76,
SURVEY,ANIMALS & PRODUCTS,POULTRY,EGGS,ALL CLASSES,ALL PRODUCTION PRACTICES,ALL UTILIZATION PRACTICES,PRICE RECEIVED,$ / DOZEN,"EGGS - PRICE RECEIVED, MEASURED IN $ / DOZEN",TOTAL,NOT SPECIFIED,NATIONAL,,99,US,US TOTAL,,,,,,,,0,,,9000,UNITED STATES,US TOTAL,2009,MONTHLY,9,9,SEP,,2015-04-30 15:00:23.000,0.745,
SURVEY,ANIMALS & PRODUCTS,POULTRY,EGGS,ALL CLASSES,ALL PRODUCTION PRACTICES,ALL UTILIZATION PRACTICES,PRICE RECEIVED,$ / DOZEN,"EGGS - PRICE RECEIVED, MEASURED IN $ / DOZEN",TOTAL,NOT SPECIFIED,NATIONAL,,99,US,US TOTAL,,,,,,,,0,,,9000,UNITED STATES,US TOTAL,2009,MONTHLY,10,10,OCT,,2015-04-30 15:00:23.000,0.801,
SURVEY,ANIMALS & PRODUCTS,POULTRY,EGGS,ALL CLASSES,ALL PRODUCTION PRACTICES,ALL UTILIZATION PRACTICES,PRICE RECEIVED,$ / DOZEN,"EGGS - PRICE RECEIVED, MEASURED IN $ / DOZEN",TOTAL,NOT SPECIFIED,NATIONAL,,99,US,US TOTAL,,,,,,,,0,,,9000,UNITED STATES,US TOTAL,2009,MONTHLY,11,11,NOV,,2015-04-30 15:00:23.000,1.01,
SURVEY,ANIMALS & PRODUCTS,POULTRY,EGGS,ALL CLASSES,ALL PRODUCTION PRACTICES,ALL UTILIZATION PRACTICES,PRICE RECEIVED,$ / DOZEN,"EGGS - PRICE RECEIVED, MEASURED IN $ / DOZEN",TOTAL,NOT SPECIFIED,NATIONAL,,99,US,US TOTAL,,,,,,,,0,,,9000,UNITED STATES,US TOTAL,2009,MONTHLY,12,12,DEC,,2016-04-29 15:12:51.000,1.06,
SURVEY,ANIMALS & PRODUCTS,POULTRY,EGGS,ALL CLASSES,ALL PRODUCTION PRACTICES,ALL UTILIZATION PRACTICES,PRICE RECEIVED,$ / DOZEN,"EGGS - PRICE RECEIVED, MEASURED IN $ / DOZEN",TOTAL,NOT SPECIFIED,NATIONAL,,99,US,US TOTAL,,,,,,,,0,,,9000,UNITED STATES,US TOTAL,2008,ANNUAL,0,0,YEAR,,2018-07-30 15:00:12.000,1.06,
SURVEY,ANIMALS & PRODUCTS,POULTRY,EGGS,ALL CLASSES,ALL PRODUCTION PRACTICES,ALL UTILIZATION PRACTICES,PRICE RECEIVED,$ / DOZEN,"EGGS - PRICE RECEIVED, MEASURED IN $ / DOZEN",TOTAL,NOT SPECIFIED,NATIONAL,,99,US,US TOTAL,,,,,,,,0,,,9000,UNITED STATES,US TOTAL,2008,MONTHLY,1,1,JAN,,2014-04-30 15:10:28.000,1.3,
SURVEY,ANIMALS & PRODUCTS,POULTRY,EGGS,ALL CLASSES,ALL PRODUCTION PRACTICES,ALL UTILIZATION PRACTICES,PRICE RECEIVED,$ / DOZEN,"EGGS - PRICE RECEIVED, MEASURED IN $ / DOZEN",TOTAL,NOT SPECIFIED,NATIONAL,,99,US,US TOTAL,,,,,,,,0,,,9000,UNITED STATES,US TOTAL,2008,MONTHLY,2,2,FEB,,2014-04-30 15:10:28.000,1.31,
SURVEY,ANIMALS & PRODUCTS,POULTRY,EGGS,ALL CLASSES,ALL PRODUCTION PRACTICES,ALL UTILIZATION PRACTICES,PRICE RECEIVED,$ / DOZEN,"EGGS - PRICE RECEIVED, MEASURED IN $ / DOZEN",TOTAL,NOT SPECIFIED,NATIONAL,,99,US,US TOTAL,,,,,,,,0,,,9000,UNITED STATES,US TOTAL,2008,MONTHLY,3,3,MAR,,2014-04-30 15:10:28.000,1.37,
SURVEY,ANIMALS & PRODUCTS,POULTRY,EGGS,ALL CLASSES,ALL PRODUCTION PRACTICES,ALL UTILIZATION PRACTICES,PRICE RECEIVED,$ / DOZEN,"EGGS - PRICE RECEIVED, MEASURED IN $ / DOZEN",TOTAL,NOT SPECIFIED,NATIONAL,,99,US,US TOTAL,,,,,,,,0,,,9000,UNITED STATES,US TOTAL,2008,MONTHLY,4,4,APR,,2014-04-30 15:10:28.000,1.03,
SURVEY,ANIMALS & PRODUCTS,POULTRY,EGGS,ALL CLASSES,ALL PRODUCTION PRACTICES,ALL UTILIZATION PRACTICES,PRICE RECEIVED,$ / DOZEN,"EGGS - PRICE RECEIVED, MEASURED IN $ / DOZEN",TOTAL,NOT SPECIFIED,NATIONAL,,99,US,US TOTAL,,,,,,,,0,,,9000,UNITED STATES,US TOTAL,2008,MONTHLY,5,5,MAY,,2014-04-30 15:10:28.000,0.868,
SURVEY,ANIMALS & PRODUCTS,POULTRY,EGGS,ALL CLASSES,ALL PRODUCTION PRACTICES,ALL UTILIZATION PRACTICES,PRICE RECEIVED,$ / DOZEN,"EGGS - PRICE RECEIVED, MEASURED IN $ / DOZEN",TOTAL,NOT SPECIFIED,NATIONAL,,99,US,US TOTAL,,,,,,,,0,,,9000,UNITED STATES,US TOTAL,2008,MONTHLY,6,6,JUN,,2014-04-30 15:10:28.000,1.06,
SURVEY,ANIMALS & PRODUCTS,POULTRY,EGGS,ALL CLASSES,ALL PRODUCTION PRACTICES,ALL UTILIZATION PRACTICES,PRICE RECEIVED,$ / DOZEN,"EGGS - PRICE RECEIVED, MEASURED IN $ / DOZEN",TOTAL,NOT SPECIFIED,NATIONAL,,99,US,US TOTAL,,,,,,,,0,,,9000,UNITED STATES,US TOTAL,2008,MONTHLY,7,7,JUL,,2014-04-30 15:10:28.000,0.841,
SURVEY,ANIMALS & PRODUCTS,POULTRY,EGGS,ALL CLASSES,ALL PRODUCTION PRACTICES,ALL UTILIZATION PRACTICES,PRICE RECEIVED,$ / DOZEN,"EGGS - PRICE RECEIVED, MEASURED IN $ / DOZEN",TOTAL,NOT SPECIFIED,NATIONAL,,99,US,US TOTAL,,,,,,,,0,,,9000,UNITED STATES,US TOTAL,2008,MONTHLY,8,8,AUG,,2014-04-30 15:10:28.000,0.964,
SURVEY,ANIMALS & PRODUCTS,POULTRY,EGGS,ALL CLASSES,ALL PRODUCTION PRACTICES,ALL UTILIZATION PRACTICES,PRICE RECEIVED,$ / DOZEN,"EGGS - PRICE RECEIVED, MEASURED IN $ / DOZEN",TOTAL,NOT SPECIFIED,NATIONAL,,99,US,US TOTAL,,,,,,,,0,,,9000,UNITED STATES,US TOTAL,2008,MONTHLY,9,9,SEP,,2014-04-30 15:10:28.000,0.996,
SURVEY,ANIMALS & PRODUCTS,POULTRY,EGGS,ALL CLASSES,ALL PRODUCTION PRACTICES,ALL UTILIZATION PRACTICES,PRICE RECEIVED,$ / DOZEN,"EGGS - PRICE RECEIVED, MEASURED IN $ / DOZEN",TOTAL,NOT SPECIFIED,NATIONAL,,99,US,US TOTAL,,,,,,,,0,,,9000,UNITED STATES,US TOTAL,2008,MONTHLY,10,10,OCT,,2014-04-30 15:10:28.000,1.02,
SURVEY,ANIMALS & PRODUCTS,POULTRY,EGGS,ALL CLASSES,ALL PRODUCTION PRACTICES,ALL UTILIZATION PRACTICES,PRICE RECEIVED,$ / DOZEN,"EGGS - PRICE RECEIVED, MEASURED IN $ / DOZEN",TOTAL,NOT SPECIFIED,NATIONAL,,99,US,US TOTAL,,,,,,,,0,,,9000,UNITED STATES,US TOTAL,2008,MONTHLY,11,11,NOV,,2014-04-30 15:10:28.000,1.02,
SURVEY,ANIMALS & PRODUCTS,POULTRY,EGGS,ALL CLASSES,ALL PRODUCTION PRACTICES,ALL UTILIZATION PRACTICES,PRICE RECEIVED,$ / DOZEN,"EGGS - PRICE RECEIVED, MEASURED IN $ / DOZEN",TOTAL,NOT SPECIFIED,NATIONAL,,99,US,US TOTAL,,,,,,,,0,,,9000,UNITED STATES,US TOTAL,2008,MONTHLY,12,12,DEC,,2015-04-30 15:00:23.000,0.996,
SURVEY,ANIMALS & PRODUCTS,POULTRY,EGGS,ALL CLASSES,ALL PRODUCTION PRACTICES,ALL UTILIZATION PRACTICES,PRICE RECEIVED,$ / DOZEN,"EGGS - PRICE RECEIVED, MEASURED IN $ / DOZEN",TOTAL,NOT SPECIFIED,NATIONAL,,99,US,US TOTAL,,,,,,,,0,,,9000,UNITED STATES,US TOTAL,2007,ANNUAL,0,0,YEAR,,2017-07-31 15:00:20.000,0.929,
SURVEY,ANIMALS & PRODUCTS,POULTRY,EGGS,ALL CLASSES,ALL PRODUCTION PRACTICES,ALL UTILIZATION PRACTICES,PRICE RECEIVED,$ / DOZEN,"EGGS - PRICE RECEIVED, MEASURED IN $ / DOZEN",TOTAL,NOT SPECIFIED,NATIONAL,,99,US,US TOTAL,,,,,,,,0,,,9000,UNITED STATES,US TOTAL,2007,MONTHLY,1,1,JAN,,2013-05-01 10:23:19.000,0.918,
SURVEY,ANIMALS & PRODUCTS,POULTRY,EGGS,ALL CLASSES,ALL PRODUCTION PRACTICES,ALL UTILIZATION PRACTICES,PRICE RECEIVED,$ / DOZEN,"EGGS - PRICE RECEIVED, MEASURED IN $ / DOZEN",TOTAL,NOT SPECIFIED,NATIONAL,,99,US,US TOTAL,,,,,,,,0,,,9000,UNITED STATES,US TOTAL,2007,MONTHLY,2,2,FEB,,2013-05-01 10:23:19.000,0.784,
SURVEY,ANIMALS & PRODUCTS,POULTRY,EGGS,ALL CLASSES,ALL PRODUCTION PRACTICES,ALL UTILIZATION PRACTICES,PRICE RECEIVED,$ / DOZEN,"EGGS - PRICE RECEIVED, MEASURED IN $ / DOZEN",TOTAL,NOT SPECIFIED,NATIONAL,,99,US,US TOTAL,,,,,,,,0,,,9000,UNITED STATES,US TOTAL,2007,MONTHLY,3,3,MAR,,2013-05-01 10:23:19.000,0.83,
SURVEY,ANIMALS & PRODUCTS,POULTRY,EGGS,ALL CLASSES,ALL PRODUCTION PRACTICES,ALL UTILIZATION PRACTICES,PRICE RECEIVED,$ / DOZEN,"EGGS - PRICE RECEIVED, MEASURED IN $ / DOZEN",TOTAL,NOT SPECIFIED,NATIONAL,,99,US,US TOTAL,,,,,,,,0,,,9000,UNITED STATES,US TOTAL,2007,MONTHLY,4,4,APR,,2013-05-01 10:23:19.000,0.728,
SURVEY,ANIMALS & PRODUCTS,POULTRY,EGGS,ALL CLASSES,ALL PRODUCTION PRACTICES,ALL UTILIZATION PRACTICES,PRICE RECEIVED,$ / DOZEN,"EGGS - PRICE RECEIVED, MEASURED IN $ / DOZEN",TOTAL,NOT SPECIFIED,NATIONAL,,99,US,US TOTAL,,,,,,,,0,,,9000,UNITED STATES,US TOTAL,2007,MONTHLY,5,5,MAY,,2013-05-01 10:23:19.000,0.78,
SURVEY,ANIMALS & PRODUCTS,POULTRY,EGGS,ALL CLASSES,ALL PRODUCTION PRACTICES,ALL UTILIZATION PRACTICES,PRICE RECEIVED,$ / DOZEN,"EGGS - PRICE RECEIVED, MEASURED IN $ / DOZEN",TOTAL,NOT SPECIFIED,NATIONAL,,99,US,US TOTAL,,,,,,,,0,,,9000,UNITED STATES,US TOTAL,2007,MONTHLY,6,6,JUN,,2013-05-01 10:23:19.000,0.679,
SURVEY,ANIMALS & PRODUCTS,POULTRY,EGGS,ALL CLASSES,ALL PRODUCTION PRACTICES,ALL UTILIZATION PRACTICES,PRICE RECEIVED,$ / DOZEN,"EGGS - PRICE RECEIVED, MEASURED IN $ / DOZEN",TOTAL,NOT SPECIFIED,NATIONAL,,99,US,US TOTAL,,,,,,,,0,,,9000,UNITED STATES,US TOTAL,2007,MONTHLY,7,7,JUL,,2013-05-01 10:23:19.000,0.945,
SURVEY,ANIMALS & PRODUCTS,POULTRY,EGGS,ALL CLASSES,ALL PRODUCTION PRACTICES,ALL UTILIZATION PRACTICES,PRICE RECEIVED,$ / DOZEN,"EGGS - PRICE RECEIVED, MEASURED IN $ / DOZEN",TOTAL,NOT SPECIFIED,NATIONAL,,99,US,US TOTAL,,,,,,,,0,,,9000,UNITED STATES,US TOTAL,2007,MONTHLY,8,8,AUG,,2013-05-01 10:23:19.000,0.867,
SURVEY,ANIMALS & PRODUCTS,POULTRY,EGGS,ALL CLASSES,ALL PRODUCTION PRACTICES,ALL UTILIZATION PRACTICES,PRICE RECEIVED,$ / DOZEN,"EGGS - PRICE RECEIVED, MEASURED IN $ / DOZEN",TOTAL,NOT SPECIFIED,NATIONAL,,99,US,US TOTAL,,,,,,,,0,,,9000,UNITED STATES,US TOTAL,2007,MONTHLY,9,9,SEP,,2013-05-01 10:23:19.000,1.07,
SURVEY,ANIMALS & PRODUCTS,POULTRY,EGGS,ALL CLASSES,ALL PRODUCTION PRACTICES,ALL UTILIZATION PRACTICES,PRICE RECEIVED,$ / DOZEN,"EGGS - PRICE RECEIVED, MEASURED IN $ / DOZEN",TOTAL,NOT SPECIFIED,NATIONAL,,99,US,US TOTAL,,,,,,,,0,,,9000,UNITED STATES,US TOTAL,2007,MONTHLY,10,10,OCT,,2013-05-01 10:23:19.000,0.936,
SURVEY,ANIMALS & PRODUCTS,POULTRY,EGGS,ALL CLASSES,ALL PRODUCTION PRACTICES,ALL UTILIZATION PRACTICES,PRICE RECEIVED,$ / DOZEN,"EGGS - PRICE RECEIVED, MEASURED IN $ / DOZEN",TOTAL,NOT SPECIFIED,NATIONAL,,99,US,US TOTAL,,,,,,,,0,,,9000,UNITED STATES,US TOTAL,2007,MONTHLY,11,11,NOV,,2013-05-01 10:23:19.000,1.26,
SURVEY,ANIMALS & PRODUCTS,POULTRY,EGGS,ALL CLASSES,ALL PRODUCTION PRACTICES,ALL UTILIZATION PRACTICES,PRICE RECEIVED,$ / DOZEN,"EGGS - PRICE RECEIVED, MEASURED IN $ / DOZEN",TOTAL,NOT SPECIFIED,NATIONAL,,99,US,US TOTAL,,,,,,,,0,,,9000,UNITED STATES,US TOTAL,2007,MONTHLY,12,12,DEC,,2014-04-30 15:10:28.000,1.35,
SURVEY,ANIMALS & PRODUCTS,POULTRY,EGGS,ALL CLASSES,ALL PRODUCTION PRACTICES,ALL UTILIZATION PRACTICES,PRICE RECEIVED,$ / DOZEN,"EGGS - PRICE RECEIVED, MEASURED IN $ / DOZEN",TOTAL,NOT SPECIFIED,NATIONAL,,99,US,US TOTAL,,,,,,,,0,,,9000,UNITED STATES,US TOTAL,2006,ANNUAL,0,0,YEAR,,2016-02-29 15:03:32.000,0.59,
SURVEY,ANIMALS & PRODUCTS,POULTRY,EGGS,ALL CLASSES,ALL PRODUCTION PRACTICES,ALL UTILIZATION PRACTICES,PRICE RECEIVED,$ / DOZEN,"EGGS - PRICE RECEIVED, MEASURED IN $ / DOZEN",TOTAL,NOT SPECIFIED,NATIONAL,,99,US,US TOTAL,,,,,,,,0,,,9000,UNITED STATES,US TOTAL,2006,MONTHLY,1,1,JAN,,2012-05-03 16:54:47.000,0.613,
SURVEY,ANIMALS & PRODUCTS,POULTRY,EGGS,ALL CLASSES,ALL PRODUCTION PRACTICES,ALL UTILIZATION PRACTICES,PRICE RECEIVED,$ / DOZEN,"EGGS - PRICE RECEIVED, MEASURED IN $ / DOZEN",TOTAL,NOT SPECIFIED,NATIONAL,,99,US,US TOTAL,,,,,,,,0,,,9000,UNITED STATES,US TOTAL,2006,MONTHLY,2,2,FEB,,2012-05-03 16:54:47.000,0.495,
SURVEY,ANIMALS & PRODUCTS,POULTRY,EGGS,ALL CLASSES,ALL PRODUCTION PRACTICES,ALL UTILIZATION PRACTICES,PRICE RECEIVED,$ / DOZEN,"EGGS - PRICE RECEIVED, MEASURED IN $ / DOZEN",TOTAL,NOT SPECIFIED,NATIONAL,,99,US,US TOTAL,,,,,,,,0,,,9000,UNITED STATES,US TOTAL,2006,MONTHLY,3,3,MAR,,2012-05-03 16:54:47.000,0.663,
SURVEY,ANIMALS & PRODUCTS,POULTRY,EGGS,ALL CLASSES,ALL PRODUCTION PRACTICES,ALL UTILIZATION PRACTICES,PRICE RECEIVED,$ / DOZEN,"EGGS - PRICE RECEIVED, MEASURED IN $ / DOZEN",TOTAL,NOT SPECIFIED,NATIONAL,,99,US,US TOTAL,,,,,,,,0,,,9000,UNITED STATES,US TOTAL,2006,MONTHLY,4,4,APR,,2012-05-03 16:54:47.000,0.514,
SURVEY,ANIMALS & PRODUCTS,POULTRY,EGGS,ALL CLASSES,ALL PRODUCTION PRACTICES,ALL UTILIZATION PRACTICES,PRICE RECEIVED,$ / DOZEN,"EGGS - PRICE RECEIVED, MEASURED IN $ / DOZEN",TOTAL,NOT SPECIFIED,NATIONAL,,99,US,US TOTAL,,,,,,,,0,,,9000,UNITED STATES,US TOTAL,2006,MONTHLY,5,5,MAY,,2012-05-03 16:54:47.000,0.446,
SURVEY,ANIMALS & PRODUCTS,POULTRY,EGGS,ALL CLASSES,ALL PRODUCTION PRACTICES,ALL UTILIZATION PRACTICES,PRICE RECEIVED,$ / DOZEN,"EGGS - PRICE RECEIVED, MEASURED IN $ / DOZEN",TOTAL,NOT SPECIFIED,NATIONAL,,99,US,US TOTAL,,,,,,,,0,,,9000,UNITED STATES,US TOTAL,2006,MONTHLY,6,6,JUN,,2012-05-03 16:54:47.000,0.562,
SURVEY,ANIMALS & PRODUCTS,POULTRY,EGGS,ALL CLASSES,ALL PRODUCTION PRACTICES,ALL UTILIZATION PRACTICES,PRICE RECEIVED,$ / DOZEN,"EGGS - PRICE RECEIVED, MEASURED IN $ / DOZEN",TOTAL,NOT SPECIFIED,NATIONAL,,99,US,US TOTAL,,,,,,,,0,,,9000,UNITED STATES,US TOTAL,2006,MONTHLY,7,7,JUL,,2012-05-03 16:54:47.000,0.456,
SURVEY,ANIMALS & PRODUCTS,POULTRY,EGGS,ALL CLASSES,ALL PRODUCTION PRACTICES,ALL UTILIZATION PRACTICES,PRICE RECEIVED,$ / DOZEN,"EGGS - PRICE RECEIVED, MEASURED IN $ / DOZEN",TOTAL,NOT SPECIFIED,NATIONAL,,99,US,US TOTAL,,,,,,,,0,,,9000,UNITED STATES,US TOTAL,2006,MONTHLY,8,8,AUG,,2012-05-03 16:54:47.000,0.577,
SURVEY,ANIMALS & PRODUCTS,POULTRY,EGGS,ALL CLASSES,ALL PRODUCTION PRACTICES,ALL UTILIZATION PRACTICES,PRICE RECEIVED,$ / DOZEN,"EGGS - PRICE RECEIVED, MEASURED IN $ / DOZEN",TOTAL,NOT SPECIFIED,NATIONAL,,99,US,US TOTAL,,,,,,,,0,,,9000,UNITED STATES,US TOTAL,2006,MONTHLY,9,9,SEP,,2012-05-03 16:54:47.000,0.56,
SURVEY,ANIMALS & PRODUCTS,POULTRY,EGGS,ALL CLASSES,ALL PRODUCTION PRACTICES,ALL UTILIZATION PRACTICES,PRICE RECEIVED,$ / DOZEN,"EGGS - PRICE RECEIVED, MEASURED IN $ / DOZEN",TOTAL,NOT SPECIFIED,NATIONAL,,99,US,US TOTAL,,,,,,,,0,,,9000,UNITED STATES,US TOTAL,2006,MONTHLY,10,10,OCT,,2012-05-03 16:54:47.000,0.569,
SURVEY,ANIMALS & PRODUCTS,POULTRY,EGGS,ALL CLASSES,ALL PRODUCTION PRACTICES,ALL UTILIZATION PRACTICES,PRICE RECEIVED,$ / DOZEN,"EGGS - PRICE RECEIVED, MEASURED IN $ / DOZEN",TOTAL,NOT SPECIFIED,NATIONAL,,99,US,US TOTAL,,,,,,,,0,,,9000,UNITED STATES,US TOTAL,2006,MONTHLY,11,11,NOV,,2012-05-03 16:54:47.000,0.814,
SURVEY,ANIMALS & PRODUCTS,POULTRY,EGGS,ALL CLASSES,ALL PRODUCTION PRACTICES,ALL UTILIZATION PRACTICES,PRICE RECEIVED,$ / DOZEN,"EGGS - PRICE RECEIVED, MEASURED IN $ / DOZEN",TOTAL,NOT SPECIFIED,NATIONAL,,99,US,US TOTAL,,,,,,,,0,,,9000,UNITED STATES,US TOTAL,2006,MONTHLY,12,12,DEC,,2013-05-01 10:23:19.000,0.816,
SURVEY,ANIMALS & PRODUCTS,POULTRY,EGGS,ALL CLASSES,ALL PRODUCTION PRACTICES,ALL UTILIZATION PRACTICES,PRICE RECEIVED,$ / DOZEN,"EGGS - PRICE RECEIVED, MEASURED IN $ / DOZEN",TOTAL,NOT SPECIFIED,NATIONAL,,99,US,US TOTAL,,,,,,,,0,,,9000,UNITED STATES,US TOTAL,2005,ANNUAL,0,0,YEAR,,2015-02-27 15:10:53.000,0.545,
SURVEY,ANIMALS & PRODUCTS,POULTRY,EGGS,ALL CLASSES,ALL PRODUCTION PRACTICES,ALL UTILIZATION PRACTICES,PRICE RECEIVED,$ / DOZEN,"EGGS - PRICE RECEIVED, MEASURED IN $ / DOZEN",TOTAL,NOT SPECIFIED,NATIONAL,,99,US,US TOTAL,,,,,,,,0,,,9000,UNITED STATES,US TOTAL,2005,MONTHLY,1,1,JAN,,2012-01-01 00:00:00.000,0.562,
SURVEY,ANIMALS & PRODUCTS,POULTRY,EGGS,ALL CLASSES,ALL PRODUCTION PRACTICES,ALL UTILIZATION PRACTICES,PRICE RECEIVED,$ / DOZEN,"EGGS - PRICE RECEIVED, MEASURED IN $ / DOZEN",TOTAL,NOT SPECIFIED,NATIONAL,,99,US,US TOTAL,,,,,,,,0,,,9000,UNITED STATES,US TOTAL,2005,MONTHLY,2,2,FEB,,2012-01-01 00:00:00.000,0.553,
SURVEY,ANIMALS & PRODUCTS,POULTRY,EGGS,ALL CLASSES,ALL PRODUCTION PRACTICES,ALL UTILIZATION PRACTICES,PRICE RECEIVED,$ / DOZEN,"EGGS - PRICE RECEIVED, MEASURED IN $ / DOZEN",TOTAL,NOT SPECIFIED,NATIONAL,,99,US,US TOTAL,,,,,,,,0,,,9000,UNITED STATES,US TOTAL,2005,MONTHLY,3,3,MAR,,2012-01-01 00:00:00.000,0.528,
SURVEY,ANIMALS & PRODUCTS,POULTRY,EGGS,ALL CLASSES,ALL PRODUCTION PRACTICES,ALL UTILIZATION PRACTICES,PRICE RECEIVED,$ / DOZEN,"EGGS - PRICE RECEIVED, MEASURED IN $ / DOZEN",TOTAL,NOT SPECIFIED,NATIONAL,,99,US,US TOTAL,,,,,,,,0,,,9000,UNITED STATES,US TOTAL,2005,MONTHLY,4,4,APR,,2012-01-01 00:00:00.000,0.475,
SURVEY,ANIMALS & PRODUCTS,POULTRY,EGGS,ALL CLASSES,ALL PRODUCTION PRACTICES,ALL UTILIZATION PRACTICES,PRICE RECEIVED,$ / DOZEN,"EGGS - PRICE RECEIVED, MEASURED IN $ / DOZEN",TOTAL,NOT SPECIFIED,NATIONAL,,99,US,US TOTAL,,,,,,,,0,,,9000,UNITED STATES,US TOTAL,2005,MONTHLY,5,5,MAY,,2012-01-01 00:00:00.000,0.457,
SURVEY,ANIMALS & PRODUCTS,POULTRY,EGGS,ALL CLASSES,ALL PRODUCTION PRACTICES,ALL UTILIZATION PRACTICES,PRICE RECEIVED,$ / DOZEN,"EGGS - PRICE RECEIVED, MEASURED IN $ / DOZEN",TOTAL,NOT SPECIFIED,NATIONAL,,99,US,US TOTAL,,,,,,,,0,,,9000,UNITED STATES,US TOTAL,2005,MONTHLY,6,6,JUN,,2012-01-01 00:00:00.000,0.453,
SURVEY,ANIMALS & PRODUCTS,POULTRY,EGGS,ALL CLASSES,ALL PRODUCTION PRACTICES,ALL UTILIZATION PRACTICES,PRICE RECEIVED,$ / DOZEN,"EGGS - PRICE RECEIVED, MEASURED IN $ / DOZEN",TOTAL,NOT SPECIFIED,NATIONAL,,99,US,US TOTAL,,,,,,,,0,,,9000,UNITED STATES,US TOTAL,2005,MONTHLY,7,7,JUL,,2012-01-01 00:00:00.000,0.528,
SURVEY,ANIMALS & PRODUCTS,POULTRY,EGGS,ALL CLASSES,ALL PRODUCTION PRACTICES,ALL UTILIZATION PRACTICES,PRICE RECEIVED,$ / DOZEN,"EGGS - PRICE RECEIVED, MEASURED IN $ / DOZEN",TOTAL,NOT SPECIFIED,NATIONAL,,99,US,US TOTAL,,,,,,,,0,,,9000,UNITED STATES,US TOTAL,2005,MONTHLY,8,8,AUG,,2012-01-01 00:00:00.000,0.472,
SURVEY,ANIMALS & PRODUCTS,POULTRY,EGGS,ALL CLASSES,ALL PRODUCTION PRACTICES,ALL UTILIZATION PRACTICES,PRICE RECEIVED,$ / DOZEN,"EGGS - PRICE RECEIVED, MEASURED IN $ / DOZEN",TOTAL,NOT SPECIFIED,NATIONAL,,99,US,US TOTAL,,,,,,,,0,,,9000,UNITED STATES,US TOTAL,2005,MONTHLY,9,9,SEP,,2012-01-01 00:00:00.000,0.637,
SURVEY,ANIMALS & PRODUCTS,POULTRY,EGGS,ALL CLASSES,ALL PRODUCTION PRACTICES,ALL UTILIZATION PRACTICES,PRICE RECEIVED,$ / DOZEN,"EGGS - PRICE RECEIVED, MEASURED IN $ / DOZEN",TOTAL,NOT SPECIFIED,NATIONAL,,99,US,US TOTAL,,,,,,,,0,,,9000,UNITED STATES,US TOTAL,2005,MONTHLY,10,10,OCT,,2012-01-01 00:00:00.000,0.512,
SURVEY,ANIMALS & PRODUCTS,POULTRY,EGGS,ALL CLASSES,ALL PRODUCTION PRACTICES,ALL UTILIZATION PRACTICES,PRICE RECEIVED,$ / DOZEN,"EGGS - PRICE RECEIVED, MEASURED IN $ / DOZEN",TOTAL,NOT SPECIFIED,NATIONAL,,99,US,US TOTAL,,,,,,,,0,,,9000,UNITED STATES,US TOTAL,2005,MONTHLY,11,11,NOV,,2012-01-01 00:00:00.000,0.651,
SURVEY,ANIMALS & PRODUCTS,POULTRY,EGGS,ALL CLASSES,ALL PRODUCTION PRACTICES,ALL UTILIZATION PRACTICES,PRICE RECEIVED,$ / DOZEN,"EGGS - PRICE RECEIVED, MEASURED IN $ / DOZEN",TOTAL,NOT SPECIFIED,NATIONAL,,99,US,US TOTAL,,,,,,,,0,,,9000,UNITED STATES,US TOTAL,2005,MONTHLY,12,12,DEC,,2012-05-03 16:54:47.000,0.716,
SURVEY,ANIMALS & PRODUCTS,POULTRY,EGGS,ALL CLASSES,ALL PRODUCTION PRACTICES,ALL UTILIZATION PRACTICES,PRICE RECEIVED,$ / DOZEN,"EGGS - PRICE RECEIVED, MEASURED IN $ / DOZEN",TOTAL,NOT SPECIFIED,NATIONAL,,99,US,US TOTAL,,,,,,,,0,,,9000,UNITED STATES,US TOTAL,2004,ANNUAL,0,0,YEAR,,2014-07-31 15:07:59.000,0.697,
SURVEY,ANIMALS & PRODUCTS,POULTRY,EGGS,ALL CLASSES,ALL PRODUCTION PRACTICES,ALL UTILIZATION PRACTICES,PRICE RECEIVED,$ / DOZEN,"EGGS - PRICE RECEIVED, MEASURED IN $ / DOZEN",TOTAL,NOT SPECIFIED,NATIONAL,,99,US,US TOTAL,,,,,,,,0,,,9000,UNITED STATES,US TOTAL,2004,MONTHLY,1,1,JAN,,2012-01-01 00:00:00.000,0.928,
SURVEY,ANIMALS & PRODUCTS,POULTRY,EGGS,ALL CLASSES,ALL PRODUCTION PRACTICES,ALL UTILIZATION PRACTICES,PRICE RECEIVED,$ / DOZEN,"EGGS - PRICE RECEIVED, MEASURED IN $ / DOZEN",TOTAL,NOT SPECIFIED,NATIONAL,,99,US,US TOTAL,,,,,,,,0,,,9000,UNITED STATES,US TOTAL,2004,MONTHLY,2,2,FEB,,2012-01-01 00:00:00.000,0.877,
SURVEY,ANIMALS & PRODUCTS,POULTRY,EGGS,ALL CLASSES,ALL PRODUCTION PRACTICES,ALL UTILIZATION PRACTICES,PRICE RECEIVED,$ / DOZEN,"EGGS - PRICE RECEIVED, MEASURED IN $ / DOZEN",TOTAL,NOT SPECIFIED,NATIONAL,,99,US,US TOTAL,,,,,,,,0,,,9000,UNITED STATES,US TOTAL,2004,MONTHLY,3,3,MAR,,2012-01-01 00:00:00.000,1.09,
SURVEY,ANIMALS & PRODUCTS,POULTRY,EGGS,ALL CLASSES,ALL PRODUCTION PRACTICES,ALL UTILIZATION PRACTICES,PRICE RECEIVED,$ / DOZEN,"EGGS - PRICE RECEIVED, MEASURED IN $ / DOZEN",TOTAL,NOT SPECIFIED,NATIONAL,,99,US,US TOTAL,,,,,,,,0,,,9000,UNITED STATES,US TOTAL,2004,MONTHLY,4,4,APR,,2012-01-01 00:00:00.000,0.766,
SURVEY,ANIMALS & PRODUCTS,POULTRY,EGGS,ALL CLASSES,ALL PRODUCTION PRACTICES,ALL UTILIZATION PRACTICES,PRICE RECEIVED,$ / DOZEN,"EGGS - PRICE RECEIVED, MEASURED IN $ / DOZEN",TOTAL,NOT SPECIFIED,NATIONAL,,99,US,US TOTAL,,,,,,,,0,,,9000,UNITED STATES,US TOTAL,2004,MONTHLY,5,5,MAY,,2012-01-01 00:00:00.000,0.644,
SURVEY,ANIMALS & PRODUCTS,POULTRY,EGGS,ALL CLASSES,ALL PRODUCTION PRACTICES,ALL UTILIZATION PRACTICES,PRICE RECEIVED,$ / DOZEN,"EGGS - PRICE RECEIVED, MEASURED IN $ / DOZEN",TOTAL,NOT SPECIFIED,NATIONAL,,99,US,US TOTAL,,,,,,,,0,,,9000,UNITED STATES,US TOTAL,2004,MONTHLY,6,6,JUN,,2012-01-01 00:00:00.000,0.665,
SURVEY,ANIMALS & PRODUCTS,POULTRY,EGGS,ALL CLASSES,ALL PRODUCTION PRACTICES,ALL UTILIZATION PRACTICES,PRICE RECEIVED,$ / DOZEN,"EGGS - PRICE RECEIVED, MEASURED IN $ / DOZEN",TOTAL,NOT SPECIFIED,NATIONAL,,99,US,US TOTAL,,,,,,,,0,,,9000,UNITED STATES,US TOTAL,2004,MONTHLY,7,7,JUL,,2012-01-01 00:00:00.000,0.582,
SURVEY,ANIMALS & PRODUCTS,POULTRY,EGGS,ALL CLASSES,ALL PRODUCTION PRACTICES,ALL UTILIZATION PRACTICES,PRICE RECEIVED,$ / DOZEN,"EGGS - PRICE RECEIVED, MEASURED IN $ / DOZEN",TOTAL,NOT SPECIFIED,NATIONAL,,99,US,US TOTAL,,,,,,,,0,,,9000,UNITED STATES,US TOTAL,2004,MONTHLY,8,8,AUG,,2012-01-01 00:00:00.000,0.526,
SURVEY,ANIMALS & PRODUCTS,POULTRY,EGGS,ALL CLASSES,ALL PRODUCTION PRACTICES,ALL UTILIZATION PRACTICES,PRICE RECEIVED,$ / DOZEN,"EGGS - PRICE RECEIVED, MEASURED IN $ / DOZEN",TOTAL,NOT SPECIFIED,NATIONAL,,99,US,US TOTAL,,,,,,,,0,,,9000,UNITED STATES,US TOTAL,2004,MONTHLY,9,9,SEP,,2012-01-01 00:00:00.000,0.538,
SURVEY,ANIMALS & PRODUCTS,POULTRY,EGGS,ALL CLASSES,ALL PRODUCTION PRACTICES,ALL UTILIZATION PRACTICES,PRICE RECEIVED,$ / DOZEN,"EGGS - PRICE RECEIVED, MEASURED IN $ / DOZEN",TOTAL,NOT SPECIFIED,NATIONAL,,99,US,US TOTAL,,,,,,,,0,,,9000,UNITED STATES,US TOTAL,2004,MONTHLY,10,10,OCT,,2012-01-01 00:00:00.000,0.494,
SURVEY,ANIMALS & PRODUCTS,POULTRY,EGGS,ALL CLASSES,ALL PRODUCTION PRACTICES,ALL UTILIZATION PRACTICES,PRICE RECEIVED,$ / DOZEN,"EGGS - PRICE RECEIVED, MEASURED IN $ / DOZEN",TOTAL,NOT SPECIFIED,NATIONAL,,99,US,US TOTAL,,,,,,,,0,,,9000,UNITED STATES,US TOTAL,2004,MONTHLY,11,11,NOV,,2012-01-01 00:00:00.000,0.604,
SURVEY,ANIMALS & PRODUCTS,POULTRY,EGGS,ALL CLASSES,ALL PRODUCTION PRACTICES,ALL UTILIZATION PRACTICES,PRICE RECEIVED,$ / DOZEN,"EGGS - PRICE RECEIVED, MEASURED IN $ / DOZEN",TOTAL,NOT SPECIFIED,NATIONAL,,99,US,US TOTAL,,,,,,,,0,,,9000,UNITED STATES,US TOTAL,2004,MONTHLY,12,12,DEC,,2012-01-01 00:00:00.000,0.653,
SURVEY,ANIMALS & PRODUCTS,POULTRY,EGGS,ALL CLASSES,ALL PRODUCTION PRACTICES,ALL UTILIZATION PRACTICES,PRICE RECEIVED,$ / DOZEN,"EGGS - PRICE RECEIVED, MEASURED IN $ / DOZEN",TOTAL,NOT SPECIFIED,NATIONAL,,99,US,US TOTAL,,,,,,,,0,,,9000,UNITED STATES,US TOTAL,2003,ANNUAL,0,0,YEAR,,2013-01-31 15:08:55.000,0.746,
SURVEY,ANIMALS & PRODUCTS,POULTRY,EGGS,ALL CLASSES,ALL PRODUCTION PRACTICES,ALL UTILIZATION PRACTICES,PRICE RECEIVED,$ / DOZEN,"EGGS - PRICE RECEIVED, MEASURED IN $ / DOZEN",TOTAL,NOT SPECIFIED,NATIONAL,,99,US,US TOTAL,,,,,,,,0,,,9000,UNITED STATES,US TOTAL,2003,MONTHLY,1,1,JAN,,2012-01-01 00:00:00.000,0.691,
SURVEY,ANIMALS & PRODUCTS,POULTRY,EGGS,ALL CLASSES,ALL PRODUCTION PRACTICES,ALL UTILIZATION PRACTICES,PRICE RECEIVED,$ / DOZEN,"EGGS - PRICE RECEIVED, MEASURED IN $ / DOZEN",TOTAL,NOT SPECIFIED,NATIONAL,,99,US,US TOTAL,,,,,,,,0,,,9000,UNITED STATES,US TOTAL,2003,MONTHLY,2,2,FEB,,2012-01-01 00:00:00.000,0.637,
SURVEY,ANIMALS & PRODUCTS,POULTRY,EGGS,ALL CLASSES,ALL PRODUCTION PRACTICES,ALL UTILIZATION PRACTICES,PRICE RECEIVED,$ / DOZEN,"EGGS - PRICE RECEIVED, MEASURED IN $ / DOZEN",TOTAL,NOT SPECIFIED,NATIONAL,,99,US,US TOTAL,,,,,,,,0,,,9000,UNITED STATES,US TOTAL,2003,MONTHLY,3,3,MAR,,2012-01-01 00:00:00.000,0.685,
SURVEY,ANIMALS & PRODUCTS,POULTRY,EGGS,ALL CLASSES,ALL PRODUCTION PRACTICES,ALL UTILIZATION PRACTICES,PRICE RECEIVED,$ / DOZEN,"EGGS - PRICE RECEIVED, MEASURED IN $ / DOZEN",TOTAL,NOT SPECIFIED,NATIONAL,,99,US,US TOTAL,,,,,,,,0,,,9000,UNITED STATES,US TOTAL,2003,MONTHLY,4,4,APR,,2012-01-01 00:00:00.000,0.686,
SURVEY,ANIMALS & PRODUCTS,POULTRY,EGGS,ALL CLASSES,ALL PRODUCTION PRACTICES,ALL UTILIZATION PRACTICES,PRICE RECEIVED,$ / DOZEN,"EGGS - PRICE RECEIVED, MEASURED IN $ / DOZEN",TOTAL,NOT SPECIFIED,NATIONAL,,99,US,US TOTAL,,,,,,,,0,,,9000,UNITED STATES,US TOTAL,2003,MONTHLY,5,5,MAY,,2012-01-01 00:00:00.000,0.587,
SURVEY,ANIMALS & PRODUCTS,POULTRY,EGGS,ALL CLASSES,ALL PRODUCTION PRACTICES,ALL UTILIZATION PRACTICES,PRICE RECEIVED,$ / DOZEN,"EGGS - PRICE RECEIVED, MEASURED IN $ / DOZEN",TOTAL,NOT SPECIFIED,NATIONAL,,99,US,US TOTAL,,,,,,,,0,,,9000,UNITED STATES,US TOTAL,2003,MONTHLY,6,6,JUN,,2012-01-01 00:00:00.000,0.672,
SURVEY,ANIMALS & PRODUCTS,POULTRY,EGGS,ALL CLASSES,ALL PRODUCTION PRACTICES,ALL UTILIZATION PRACTICES,PRICE RECEIVED,$ / DOZEN,"EGGS - PRICE RECEIVED, MEASURED IN $ / DOZEN",TOTAL,NOT SPECIFIED,NATIONAL,,99,US,US TOTAL,,,,,,,,0,,,9000,UNITED STATES,US TOTAL,2003,MONTHLY,7,7,JUL,,2012-01-01 00:00:00.000,0.687,
SURVEY,ANIMALS & PRODUCTS,POULTRY,EGGS,ALL CLASSES,ALL PRODUCTION PRACTICES,ALL UTILIZATION PRACTICES,PRICE RECEIVED,$ / DOZEN,"EGGS - PRICE RECEIVED, MEASURED IN $ / DOZEN",TOTAL,NOT SPECIFIED,NATIONAL,,99,US,US TOTAL,,,,,,,,0,,,9000,UNITED STATES,US TOTAL,2003,MONTHLY,8,8,AUG,,2012-01-01 00:00:00.000,0.808,
SURVEY,ANIMALS & PRODUCTS,POULTRY,EGGS,ALL CLASSES,ALL PRODUCTION PRACTICES,ALL UTILIZATION PRACTICES,PRICE RECEIVED,$ / DOZEN,"EGGS - PRICE RECEIVED, MEASURED IN $ / DOZEN",TOTAL,NOT SPECIFIED,NATIONAL,,99,US,US TOTAL,,,,,,,,0,,,9000,UNITED STATES,US TOTAL,2003,MONTHLY,9,9,SEP,,2012-01-01 00:00:00.000,0.776,
SURVEY,ANIMALS & PRODUCTS,POULTRY,EGGS,ALL CLASSES,ALL PRODUCTION PRACTICES,ALL UTILIZATION PRACTICES,PRICE RECEIVED,$ / DOZEN,"EGGS - PRICE RECEIVED, MEASURED IN $ / DOZEN",TOTAL,NOT SPECIFIED,NATIONAL,,99,US,US TOTAL,,,,,,,,0,,,9000,UNITED STATES,US TOTAL,2003,MONTHLY,10,10,OCT,,2012-01-01 00:00:00.000,0.838,
SURVEY,ANIMALS & PRODUCTS,POULTRY,EGGS,ALL CLASSES,ALL PRODUCTION PRACTICES,ALL UTILIZATION PRACTICES,PRICE RECEIVED,$ / DOZEN,"EGGS - PRICE RECEIVED, MEASURED IN $ / DOZEN",TOTAL,NOT SPECIFIED,NATIONAL,,99,US,US TOTAL,,,,,,,,0,,,9000,UNITED STATES,US TOTAL,2003,MONTHLY,11,11,NOV,,2012-01-01 00:00:00.000,1.02,
SURVEY,ANIMALS & PRODUCTS,POULTRY,EGGS,ALL CLASSES,ALL PRODUCTION PRACTICES,ALL UTILIZATION PRACTICES,PRICE RECEIVED,$ / DOZEN,"EGGS - PRICE RECEIVED, MEASURED IN $ / DOZEN",TOTAL,NOT SPECIFIED,NATIONAL,,99,US,US TOTAL,,,,,,,,0,,,9000,UNITED STATES,US TOTAL,2003,MONTHLY,12,12,DEC,,2012-01-01 00:00:00.000,0.864,
SURVEY,ANIMALS & PRODUCTS,POULTRY,EGGS,ALL CLASSES,ALL PRODUCTION PRACTICES,ALL UTILIZATION PRACTICES,PRICE RECEIVED,$ / DOZEN,"EGGS - PRICE RECEIVED, MEASURED IN $ / DOZEN",TOTAL,NOT SPECIFIED,NATIONAL,,99,US,US TOTAL,,,,,,,,0,,,9000,UNITED STATES,US TOTAL,2002,ANNUAL,0,0,YEAR,,2012-07-31 16:23:18.000,0.607,
SURVEY,ANIMALS & PRODUCTS,POULTRY,EGGS,ALL CLASSES,ALL PRODUCTION PRACTICES,ALL UTILIZATION PRACTICES,PRICE RECEIVED,$ / DOZEN,"EGGS - PRICE RECEIVED, MEASURED IN $ / DOZEN",TOTAL,NOT SPECIFIED,NATIONAL,,99,US,US TOTAL,,,,,,,,0,,,9000,UNITED STATES,US TOTAL,2002,MONTHLY,1,1,JAN,,2012-01-01 00:00:00.000,0.744,
SURVEY,ANIMALS & PRODUCTS,POULTRY,EGGS,ALL CLASSES,ALL PRODUCTION PRACTICES,ALL UTILIZATION PRACTICES,PRICE RECEIVED,$ / DOZEN,"EGGS - PRICE RECEIVED, MEASURED IN $ / DOZEN",TOTAL,NOT SPECIFIED,NATIONAL,,99,US,US TOTAL,,,,,,,,0,,,9000,UNITED STATES,US TOTAL,2002,MONTHLY,2,2,FEB,,2012-01-01 00:00:00.000,0.554,
SURVEY,ANIMALS & PRODUCTS,POULTRY,EGGS,ALL CLASSES,ALL PRODUCTION PRACTICES,ALL UTILIZATION PRACTICES,PRICE RECEIVED,$ / DOZEN,"EGGS - PRICE RECEIVED, MEASURED IN $ / DOZEN",TOTAL,NOT SPECIFIED,NATIONAL,,99,US,US TOTAL,,,,,,,,0,,,9000,UNITED STATES,US TOTAL,2002,MONTHLY,3,3,MAR,,2012-01-01 00:00:00.000,0.676,
SURVEY,ANIMALS & PRODUCTS,POULTRY,EGGS,ALL CLASSES,ALL PRODUCTION PRACTICES,ALL UTILIZATION PRACTICES,PRICE RECEIVED,$ / DOZEN,"EGGS - PRICE RECEIVED, MEASURED IN $ / DOZEN",TOTAL,NOT SPECIFIED,NATIONAL,,99,US,US TOTAL,,,,,,,,0,,,9000,UNITED STATES,US TOTAL,2002,MONTHLY,4,4,APR,,2012-01-01 00:00:00.000,0.521,
SURVEY,ANIMALS & PRODUCTS,POULTRY,EGGS,ALL CLASSES,ALL PRODUCTION PRACTICES,ALL UTILIZATION PRACTICES,PRICE RECEIVED,$ / DOZEN,"EGGS - PRICE RECEIVED, MEASURED IN $ / DOZEN",TOTAL,NOT SPECIFIED,NATIONAL,,99,US,US TOTAL,,,,,,,,0,,,9000,UNITED STATES,US TOTAL,2002,MONTHLY,5,5,MAY,,2012-01-01 00:00:00.000,0.505,
SURVEY,ANIMALS & PRODUCTS,POULTRY,EGGS,ALL CLASSES,ALL PRODUCTION PRACTICES,ALL UTILIZATION PRACTICES,PRICE RECEIVED,$ / DOZEN,"EGGS - PRICE RECEIVED, MEASURED IN $ / DOZEN",TOTAL,NOT SPECIFIED,NATIONAL,,99,US,US TOTAL,,,,,,,,0,,,9000,UNITED STATES,US TOTAL,2002,MONTHLY,6,6,JUN,,2012-01-01 00:00:00.000,0.62,
SURVEY,ANIMALS & PRODUCTS,POULTRY,EGGS,ALL CLASSES,ALL PRODUCTION PRACTICES,ALL UTILIZATION PRACTICES,PRICE RECEIVED,$ / DOZEN,"EGGS - PRICE RECEIVED, MEASURED IN $ / DOZEN",TOTAL,NOT SPECIFIED,NATIONAL,,99,US,US TOTAL,,,,,,,,0,,,9000,UNITED STATES,US TOTAL,2002,MONTHLY,7,7,JUL,,2012-01-01 00:00:00.000,0.564,
SURVEY,ANIMALS & PRODUCTS,POULTRY,EGGS,ALL CLASSES,ALL PRODUCTION PRACTICES,ALL UTILIZATION PRACTICES,PRICE RECEIVED,$ / DOZEN,"EGGS - PRICE RECEIVED, MEASURED IN $ / DOZEN",TOTAL,NOT SPECIFIED,NATIONAL,,99,US,US TOTAL,,,,,,,,0,,,9000,UNITED STATES,US TOTAL,2002,MONTHLY,8,8,AUG,,2012-01-01 00:00:00.000,0.61,
SURVEY,ANIMALS & PRODUCTS,POULTRY,EGGS,ALL CLASSES,ALL PRODUCTION PRACTICES,ALL UTILIZATION PRACTICES,PRICE RECEIVED,$ / DOZEN,"EGGS - PRICE RECEIVED, MEASURED IN $ / DOZEN",TOTAL,NOT SPECIFIED,NATIONAL,,99,US,US TOTAL,,,,,,,,0,,,9000,UNITED STATES,US TOTAL,2002,MONTHLY,9,9,SEP,,2012-01-01 00:00:00.000,0.57,
SURVEY,ANIMALS & PRODUCTS,POULTRY,EGGS,ALL CLASSES,ALL PRODUCTION PRACTICES,ALL UTILIZATION PRACTICES,PRICE RECEIVED,$ / DOZEN,"EGGS - PRICE RECEIVED, MEASURED IN $ / DOZEN",TOTAL,NOT SPECIFIED,NATIONAL,,99,US,US TOTAL,,,,,,,,0,,,9000,UNITED STATES,US TOTAL,2002,MONTHLY,10,10,OCT,,2012-01-01 00:00:00.000,0.532,
SURVEY,ANIMALS & PRODUCTS,POULTRY,EGGS,ALL CLASSES,ALL PRODUCTION PRACTICES,ALL UTILIZATION PRACTICES,PRICE RECEIVED,$ / DOZEN,"EGGS - PRICE RECEIVED, MEASURED IN $ / DOZEN",TOTAL,NOT SPECIFIED,NATIONAL,,99,US,US TOTAL,,,,,,,,0,,,9000,UNITED STATES,US TOTAL,2002,MONTHLY,11,11,NOV,,2012-01-01 00:00:00.000,0.706,
SURVEY,ANIMALS & PRODUCTS,POULTRY,EGGS,ALL CLASSES,ALL PRODUCTION PRACTICES,ALL UTILIZATION PRACTICES,PRICE RECEIVED,$ / DOZEN,"EGGS - PRICE RECEIVED, MEASURED IN $ / DOZEN",TOTAL,NOT SPECIFIED,NATIONAL,,99,US,US TOTAL,,,,,,,,0,,,9000,UNITED STATES,US TOTAL,2002,MONTHLY,12,12,DEC,,2012-01-01 00:00:00.000,0.676,
SURVEY,ANIMALS & PRODUCTS,POULTRY,EGGS,ALL CLASSES,ALL PRODUCTION PRACTICES,ALL UTILIZATION PRACTICES,PRICE RECEIVED,$ / DOZEN,"EGGS - PRICE RECEIVED, MEASURED IN $ / DOZEN",TOTAL,NOT SPECIFIED,NATIONAL,,99,US,US TOTAL,,,,,,,,0,,,9000,UNITED STATES,US TOTAL,2001,ANNUAL,0,0,YEAR,,2012-01-01 00:00:00.000,0.611,
SURVEY,ANIMALS & PRODUCTS,POULTRY,EGGS,ALL CLASSES,ALL PRODUCTION PRACTICES,ALL UTILIZATION PRACTICES,PRICE RECEIVED,$ / DOZEN,"EGGS - PRICE RECEIVED, MEASURED IN $ / DOZEN",TOTAL,NOT SPECIFIED,NATIONAL,,99,US,US TOTAL,,,,,,,,0,,,9000,UNITED STATES,US TOTAL,2001,MONTHLY,1,1,JAN,,2012-01-01 00:00:00.000,0.668,
SURVEY,ANIMALS & PRODUCTS,POULTRY,EGGS,ALL CLASSES,ALL PRODUCTION PRACTICES,ALL UTILIZATION PRACTICES,PRICE RECEIVED,$ / DOZEN,"EGGS - PRICE RECEIVED, MEASURED IN $ / DOZEN",TOTAL,NOT SPECIFIED,NATIONAL,,99,US,US TOTAL,,,,,,,,0,,,9000,UNITED STATES,US TOTAL,2001,MONTHLY,2,2,FEB,,2012-01-01 00:00:00.000,0.665,
SURVEY,ANIMALS & PRODUCTS,POULTRY,EGGS,ALL CLASSES,ALL PRODUCTION PRACTICES,ALL UTILIZATION PRACTICES,PRICE RECEIVED,$ / DOZEN,"EGGS - PRICE RECEIVED, MEASURED IN $ / DOZEN",TOTAL,NOT SPECIFIED,NATIONAL,,99,US,US TOTAL,,,,,,,,0,,,9000,UNITED STATES,US TOTAL,2001,MONTHLY,3,3,MAR,,2012-01-01 00:00:00.000,0.676,
SURVEY,ANIMALS & PRODUCTS,POULTRY,EGGS,ALL CLASSES,ALL PRODUCTION PRACTICES,ALL UTILIZATION PRACTICES,PRICE RECEIVED,$ / DOZEN,"EGGS - PRICE RECEIVED, MEASURED IN $ / DOZEN",TOTAL,NOT SPECIFIED,NATIONAL,,99,US,US TOTAL,,,,,,,,0,,,9000,UNITED STATES,US TOTAL,2001,MONTHLY,4,4,APR,,2012-01-01 00:00:00.000,0.649,
SURVEY,ANIMALS & PRODUCTS,POULTRY,EGGS,ALL CLASSES,ALL PRODUCTION PRACTICES,ALL UTILIZATION PRACTICES,PRICE RECEIVED,$ / DOZEN,"EGGS - PRICE RECEIVED, MEASURED IN $ / DOZEN",TOTAL,NOT SPECIFIED,NATIONAL,,99,US,US TOTAL,,,,,,,,0,,,9000,UNITED STATES,US TOTAL,2001,MONTHLY,5,5,MAY,,2012-01-01 00:00:00.000,0.552,
SURVEY,ANIMALS & PRODUCTS,POULTRY,EGGS,ALL CLASSES,ALL PRODUCTION PRACTICES,ALL UTILIZATION PRACTICES,PRICE RECEIVED,$ / DOZEN,"EGGS - PRICE RECEIVED, MEASURED IN $ / DOZEN",TOTAL,NOT SPECIFIED,NATIONAL,,99,US,US TOTAL,,,,,,,,0,,,9000,UNITED STATES,US TOTAL,2001,MONTHLY,6,6,JUN,,2012-01-01 00:00:00.000,0.549,
SURVEY,ANIMALS & PRODUCTS,POULTRY,EGGS,ALL CLASSES,ALL PRODUCTION PRACTICES,ALL UTILIZATION PRACTICES,PRICE RECEIVED,$ / DOZEN,"EGGS - PRICE RECEIVED, MEASURED IN $ / DOZEN",TOTAL,NOT SPECIFIED,NATIONAL,,99,US,US TOTAL,,,,,,,,0,,,9000,UNITED STATES,US TOTAL,2001,MONTHLY,7,7,JUL,,2012-01-01 00:00:00.000,0.539,
SURVEY,ANIMALS & PRODUCTS,POULTRY,EGGS,ALL CLASSES,ALL PRODUCTION PRACTICES,ALL UTILIZATION PRACTICES,PRICE RECEIVED,$ / DOZEN,"EGGS - PRICE RECEIVED, MEASURED IN $ / DOZEN",TOTAL,NOT SPECIFIED,NATIONAL,,99,US,US TOTAL,,,,,,,,0,,,9000,UNITED STATES,US TOTAL,2001,MONTHLY,8,8,AUG,,2012-01-01 00:00:00.000,0.565,
SURVEY,ANIMALS & PRODUCTS,POULTRY,EGGS,ALL CLASSES,ALL PRODUCTION PRACTICES,ALL UTILIZATION PRACTICES,PRICE RECEIVED,$ / DOZEN,"EGGS - PRICE RECEIVED, MEASURED IN $ / DOZEN",TOTAL,NOT SPECIFIED,NATIONAL,,99,US,US TOTAL,,,,,,,,0,,,9000,UNITED STATES,US TOTAL,2001,MONTHLY,9,9,SEP,,2012-01-01 00:00:00.000,0.554,
SURVEY,ANIMALS & PRODUCTS,POULTRY,EGGS,ALL CLASSES,ALL PRODUCTION PRACTICES,ALL UTILIZATION PRACTICES,PRICE RECEIVED,$ / DOZEN,"EGGS - PRICE RECEIVED, MEASURED IN $ / DOZEN",TOTAL,NOT SPECIFIED,NATIONAL,,99,US,US TOTAL,,,,,,,,0,,,9000,UNITED STATES,US TOTAL,2001,MONTHLY,10,10,OCT,,2012-01-01 00:00:00.000,0.597,
SURVEY,ANIMALS & PRODUCTS,POULTRY,EGGS,ALL CLASSES,ALL PRODUCTION PRACTICES,ALL UTILIZATION PRACTICES,PRICE RECEIVED,$ / DOZEN,"EGGS - PRICE RECEIVED, MEASURED IN $ / DOZEN",TOTAL,NOT SPECIFIED,NATIONAL,,99,US,US TOTAL,,,,,,,,0,,,9000,UNITED STATES,US TOTAL,2001,MONTHLY,11,11,NOV,,2012-01-01 00:00:00.000,0.641,
SURVEY,ANIMALS & PRODUCTS,POULTRY,EGGS,ALL CLASSES,ALL PRODUCTION PRACTICES,ALL UTILIZATION PRACTICES,PRICE RECEIVED,$ / DOZEN,"EGGS - PRICE RECEIVED, MEASURED IN $ / DOZEN",TOTAL,NOT SPECIFIED,NATIONAL,,99,US,US TOTAL,,,,,,,,0,,,9000,UNITED STATES,US TOTAL,2001,MONTHLY,12,12,DEC,,2012-01-01 00:00:00.000,0.677,
SURVEY,ANIMALS & PRODUCTS,POULTRY,EGGS,ALL CLASSES,ALL PRODUCTION PRACTICES,ALL UTILIZATION PRACTICES,PRICE RECEIVED,$ / DOZEN,"EGGS - PRICE RECEIVED, MEASURED IN $ / DOZEN",TOTAL,NOT SPECIFIED,NATIONAL,,99,US,US TOTAL,,,,,,,,0,,,9000,UNITED STATES,US TOTAL,2000,ANNUAL,0,0,YEAR,,2012-01-01 00:00:00.000,0.635,
SURVEY,ANIMALS & PRODUCTS,POULTRY,EGGS,ALL CLASSES,ALL PRODUCTION PRACTICES,ALL UTILIZATION PRACTICES,PRICE RECEIVED,$ / DOZEN,"EGGS - PRICE RECEIVED, MEASURED IN $ / DOZEN",TOTAL,NOT SPECIFIED,NATIONAL,,99,US,US TOTAL,,,,,,,,0,,,9000,UNITED STATES,US TOTAL,2000,MONTHLY,1,1,JAN,,2012-01-01 00:00:00.000,0.577,
SURVEY,ANIMALS & PRODUCTS,POULTRY,EGGS,ALL CLASSES,ALL PRODUCTION PRACTICES,ALL UTILIZATION PRACTICES,PRICE RECEIVED,$ / DOZEN,"EGGS - PRICE RECEIVED, MEASURED IN $ / DOZEN",TOTAL,NOT SPECIFIED,NATIONAL,,99,US,US TOTAL,,,,,,,,0,,,9000,UNITED STATES,US TOTAL,2000,MONTHLY,2,2,FEB,,2012-01-01 00:00:00.000,0.679,
SURVEY,ANIMALS & PRODUCTS,POULTRY,EGGS,ALL CLASSES,ALL PRODUCTION PRACTICES,ALL UTILIZATION PRACTICES,PRICE RECEIVED,$ / DOZEN,"EGGS - PRICE RECEIVED, MEASURED IN $ / DOZEN",TOTAL,NOT SPECIFIED,NATIONAL,,99,US,US TOTAL,,,,,,,,0,,,9000,UNITED STATES,US TOTAL,2000,MONTHLY,3,3,MAR,,2012-01-01 00:00:00.000,0.568,
SURVEY,ANIMALS & PRODUCTS,POULTRY,EGGS,ALL CLASSES,ALL PRODUCTION PRACTICES,ALL UTILIZATION PRACTICES,PRICE RECEIVED,$ / DOZEN,"EGGS - PRICE RECEIVED, MEASURED IN $ / DOZEN",TOTAL,NOT SPECIFIED,NATIONAL,,99,US,US TOTAL,,,,,,,,0,,,9000,UNITED STATES,US TOTAL,2000,MONTHLY,4,4,APR,,2012-01-01 00:00:00.000,0.647,
SURVEY,ANIMALS & PRODUCTS,POULTRY,EGGS,ALL CLASSES,ALL PRODUCTION PRACTICES,ALL UTILIZATION PRACTICES,PRICE RECEIVED,$ / DOZEN,"EGGS - PRICE RECEIVED, MEASURED IN $ / DOZEN",TOTAL,NOT SPECIFIED,NATIONAL,,99,US,US TOTAL,,,,,,,,0,,,9000,UNITED STATES,US TOTAL,2000,MONTHLY,5,5,MAY,,2012-01-01 00:00:00.000,0.519,
SURVEY,ANIMALS & PRODUCTS,POULTRY,EGGS,ALL CLASSES,ALL PRODUCTION PRACTICES,ALL UTILIZATION PRACTICES,PRICE RECEIVED,$ / DOZEN,"EGGS - PRICE RECEIVED, MEASURED IN $ / DOZEN",TOTAL,NOT SPECIFIED,NATIONAL,,99,US,US TOTAL,,,,,,,,0,,,9000,UNITED STATES,US TOTAL,2000,MONTHLY,6,6,JUN,,2012-01-01 00:00:00.000,0.617,
SURVEY,ANIMALS & PRODUCTS,POULTRY,EGGS,ALL CLASSES,ALL PRODUCTION PRACTICES,ALL UTILIZATION PRACTICES,PRICE RECEIVED,$ / DOZEN,"EGGS - PRICE RECEIVED, MEASURED IN $ / DOZEN",TOTAL,NOT SPECIFIED,NATIONAL,,99,US,US TOTAL,,,,,,,,0,,,9000,UNITED STATES,US TOTAL,2000,MONTHLY,7,7,JUL,,2012-01-01 00:00:00.000,0.564,
SURVEY,ANIMALS & PRODUCTS,POULTRY,EGGS,ALL CLASSES,ALL PRODUCTION PRACTICES,ALL UTILIZATION PRACTICES,PRICE RECEIVED,$ / DOZEN,"EGGS - PRICE RECEIVED, MEASURED IN $ / DOZEN",TOTAL,NOT SPECIFIED,NATIONAL,,99,US,US TOTAL,,,,,,,,0,,,9000,UNITED STATES,US TOTAL,2000,MONTHLY,8,8,AUG,,2012-01-01 00:00:00.000,0.663,
SURVEY,ANIMALS & PRODUCTS,POULTRY,EGGS,ALL CLASSES,ALL PRODUCTION PRACTICES,ALL UTILIZATION PRACTICES,PRICE RECEIVED,$ / DOZEN,"EGGS - PRICE RECEIVED, MEASURED IN $ / DOZEN",TOTAL,NOT SPECIFIED,NATIONAL,,99,US,US TOTAL,,,,,,,,0,,,9000,UNITED STATES,US TOTAL,2000,MONTHLY,9,9,SEP,,2012-01-01 00:00:00.000,0.591,
SURVEY,ANIMALS & PRODUCTS,POULTRY,EGGS,ALL CLASSES,ALL PRODUCTION PRACTICES,ALL UTILIZATION PRACTICES,PRICE RECEIVED,$ / DOZEN,"EGGS - PRICE RECEIVED, MEASURED IN $ / DOZEN",TOTAL,NOT SPECIFIED,NATIONAL,,99,US,US TOTAL,,,,,,,,0,,,9000,UNITED STATES,US TOTAL,2000,MONTHLY,10,10,OCT,,2012-01-01 00:00:00.000,0.667,
SURVEY,ANIMALS & PRODUCTS,POULTRY,EGGS,ALL CLASSES,ALL PRODUCTION PRACTICES,ALL UTILIZATION PRACTICES,PRICE RECEIVED,$ / DOZEN,"EGGS - PRICE RECEIVED, MEASURED IN $ / DOZEN",TOTAL,NOT SPECIFIED,NATIONAL,,99,US,US TOTAL,,,,,,,,0,,,9000,UNITED STATES,US TOTAL,2000,MONTHLY,11,11,NOV,,2012-01-01 00:00:00.000,0.719,
SURVEY,ANIMALS & PRODUCTS,POULTRY,EGGS,ALL CLASSES,ALL PRODUCTION PRACTICES,ALL UTILIZATION PRACTICES,PRICE RECEIVED,$ / DOZEN,"EGGS - PRICE RECEIVED, MEASURED IN $ / DOZEN",TOTAL,NOT SPECIFIED,NATIONAL,,99,US,US TOTAL,,,,,,,,0,,,9000,UNITED STATES,US TOTAL,2000,MONTHLY,12,12,DEC,,2012-01-01 00:00:00.000,0.806,
SURVEY,ANIMALS & PRODUCTS,POULTRY,EGGS,ALL CLASSES,ALL PRODUCTION PRACTICES,ALL UTILIZATION PRACTICES,PRICE RECEIVED,$ / DOZEN,"EGGS - PRICE RECEIVED, MEASURED IN $ / DOZEN",TOTAL,NOT SPECIFIED,NATIONAL,,99,US,US TOTAL,,,,,,,,0,,,9000,UNITED STATES,US TOTAL,1999,ANNUAL,0,0,YEAR,,2012-01-01 00:00:00.000,0.608,
SURVEY,ANIMALS & PRODUCTS,POULTRY,EGGS,ALL CLASSES,ALL PRODUCTION PRACTICES,ALL UTILIZATION PRACTICES,PRICE RECEIVED,$ / DOZEN,"EGGS - PRICE RECEIVED, MEASURED IN $ / DOZEN",TOTAL,NOT SPECIFIED,NATIONAL,,99,US,US TOTAL,,,,,,,,0,,,9000,UNITED STATES,US TOTAL,1999,MONTHLY,1,1,JAN,,2012-01-01 00:00:00.000,0.724,
SURVEY,ANIMALS & PRODUCTS,POULTRY,EGGS,ALL CLASSES,ALL PRODUCTION PRACTICES,ALL UTILIZATION PRACTICES,PRICE RECEIVED,$ / DOZEN,"EGGS - PRICE RECEIVED, MEASURED IN $ / DOZEN",TOTAL,NOT SPECIFIED,NATIONAL,,99,US,US TOTAL,,,,,,,,0,,,9000,UNITED STATES,US TOTAL,1999,MONTHLY,2,2,FEB,,2012-01-01 00:00:00.000,0.66,
SURVEY,ANIMALS & PRODUCTS,POULTRY,EGGS,ALL CLASSES,ALL PRODUCTION PRACTICES,ALL UTILIZATION PRACTICES,PRICE RECEIVED,$ / DOZEN,"EGGS - PRICE RECEIVED, MEASURED IN $ / DOZEN",TOTAL,NOT SPECIFIED,NATIONAL,,99,US,US TOTAL,,,,,,,,0,,,9000,UNITED STATES,US TOTAL,1999,MONTHLY,3,3,MAR,,2012-01-01 00:00:00.000,0.685,
SURVEY,ANIMALS & PRODUCTS,POULTRY,EGGS,ALL CLASSES,ALL PRODUCTION PRACTICES,ALL UTILIZATION PRACTICES,PRICE RECEIVED,$ / DOZEN,"EGGS - PRICE RECEIVED, MEASURED IN $ / DOZEN",TOTAL,NOT SPECIFIED,NATIONAL,,99,US,US TOTAL,,,,,,,,0,,,9000,UNITED STATES,US TOTAL,1999,MONTHLY,4,4,APR,,2012-01-01 00:00:00.000,0.602,
SURVEY,ANIMALS & PRODUCTS,POULTRY,EGGS,ALL CLASSES,ALL PRODUCTION PRACTICES,ALL UTILIZATION PRACTICES,PRICE RECEIVED,$ / DOZEN,"EGGS - PRICE RECEIVED, MEASURED IN $ / DOZEN",TOTAL,NOT SPECIFIED,NATIONAL,,99,US,US TOTAL,,,,,,,,0,,,9000,UNITED STATES,US TOTAL,1999,MONTHLY,5,5,MAY,,2012-01-01 00:00:00.000,0.548,
SURVEY,ANIMALS & PRODUCTS,POULTRY,EGGS,ALL CLASSES,ALL PRODUCTION PRACTICES,ALL UTILIZATION PRACTICES,PRICE RECEIVED,$ / DOZEN,"EGGS - PRICE RECEIVED, MEASURED IN $ / DOZEN",TOTAL,NOT SPECIFIED,NATIONAL,,99,US,US TOTAL,,,,,,,,0,,,9000,UNITED STATES,US TOTAL,1999,MONTHLY,6,6,JUN,,2012-01-01 00:00:00.000,0.562,
SURVEY,ANIMALS & PRODUCTS,POULTRY,EGGS,ALL CLASSES,ALL PRODUCTION PRACTICES,ALL UTILIZATION PRACTICES,PRICE RECEIVED,$ / DOZEN,"EGGS - PRICE RECEIVED, MEASURED IN $ / DOZEN",TOTAL,NOT SPECIFIED,NATIONAL,,99,US,US TOTAL,,,,,,,,0,,,9000,UNITED STATES,US TOTAL,1999,MONTHLY,7,7,JUL,,2012-01-01 00:00:00.000,0.587,
SURVEY,ANIMALS & PRODUCTS,POULTRY,EGGS,ALL CLASSES,ALL PRODUCTION PRACTICES,ALL UTILIZATION PRACTICES,PRICE RECEIVED,$ / DOZEN,"EGGS - PRICE RECEIVED, MEASURED IN $ / DOZEN",TOTAL,NOT SPECIFIED,NATIONAL,,99,US,US TOTAL,,,,,,,,0,,,9000,UNITED STATES,US TOTAL,1999,MONTHLY,8,8,AUG,,2012-01-01 00:00:00.000,0.596,
SURVEY,ANIMALS & PRODUCTS,POULTRY,EGGS,ALL CLASSES,ALL PRODUCTION PRACTICES,ALL UTILIZATION PRACTICES,PRICE RECEIVED,$ / DOZEN,"EGGS - PRICE RECEIVED, MEASURED IN $ / DOZEN",TOTAL,NOT SPECIFIED,NATIONAL,,99,US,US TOTAL,,,,,,,,0,,,9000,UNITED STATES,US TOTAL,1999,MONTHLY,9,9,SEP,,2012-01-01 00:00:00.000,0.574,
SURVEY,ANIMALS & PRODUCTS,POULTRY,EGGS,ALL CLASSES,ALL PRODUCTION PRACTICES,ALL UTILIZATION PRACTICES,PRICE RECEIVED,$ / DOZEN,"EGGS - PRICE RECEIVED, MEASURED IN $ / DOZEN",TOTAL,NOT SPECIFIED,NATIONAL,,99,US,US TOTAL,,,,,,,,0,,,9000,UNITED STATES,US TOTAL,1999,MONTHLY,10,10,OCT,,2012-01-01 00:00:00.000,0.519,
SURVEY,ANIMALS & PRODUCTS,POULTRY,EGGS,ALL CLASSES,ALL PRODUCTION PRACTICES,ALL UTILIZATION PRACTICES,PRICE RECEIVED,$ / DOZEN,"EGGS - PRICE RECEIVED, MEASURED IN $ / DOZEN",TOTAL,NOT SPECIFIED,NATIONAL,,99,US,US TOTAL,,,,,,,,0,,,9000,UNITED STATES,US TOTAL,1999,MONTHLY,11,11,NOV,,2012-01-01 00:00:00.000,0.64,
SURVEY,ANIMALS & PRODUCTS,POULTRY,EGGS,ALL CLASSES,ALL PRODUCTION PRACTICES,ALL UTILIZATION PRACTICES,PRICE RECEIVED,$ / DOZEN,"EGGS - PRICE RECEIVED, MEASURED IN $ / DOZEN",TOTAL,NOT SPECIFIED,NATIONAL,,99,US,US TOTAL,,,,,,,,0,,,9000,UNITED STATES,US TOTAL,1999,MONTHLY,12,12,DEC,,2012-01-01 00:00:00.000,0.603,
SURVEY,ANIMALS & PRODUCTS,POULTRY,EGGS,ALL CLASSES,ALL PRODUCTION PRACTICES,ALL UTILIZATION PRACTICES,PRICE RECEIVED,$ / DOZEN,"EGGS - PRICE RECEIVED, MEASURED IN $ / DOZEN",TOTAL,NOT SPECIFIED,NATIONAL,,99,US,US TOTAL,,,,,,,,0,,,9000,UNITED STATES,US TOTAL,1998,ANNUAL,0,0,YEAR,,2012-01-01 00:00:00.000,0.665,
SURVEY,ANIMALS & PRODUCTS,POULTRY,EGGS,ALL CLASSES,ALL PRODUCTION PRACTICES,ALL UTILIZATION PRACTICES,PRICE RECEIVED,$ / DOZEN,"EGGS - PRICE RECEIVED, MEASURED IN $ / DOZEN",TOTAL,NOT SPECIFIED,NATIONAL,,99,US,US TOTAL,,,,,,,,0,,,9000,UNITED STATES,US TOTAL,1998,MONTHLY,12,12,DEC,,2012-01-01 00:00:00.000,0.754,
SURVEY,ANIMALS & PRODUCTS,POULTRY,EGGS,ALL CLASSES,ALL PRODUCTION PRACTICES,ALL UTILIZATION PRACTICES,PRICE RECEIVED,$ / DOZEN,"EGGS - PRICE RECEIVED, MEASURED IN $ / DOZEN",TOTAL,NOT SPECIFIED,NATIONAL,,99,US,US TOTAL,,,,,,,,0,,,9000,UNITED STATES,US TOTAL,1997,ANNUAL,0,0,YEAR,,2012-01-01 00:00:00.000,0.696,
SURVEY,ANIMALS & PRODUCTS,POULTRY,EGGS,ALL CLASSES,ALL PRODUCTION PRACTICES,ALL UTILIZATION PRACTICES,PRICE RECEIVED,$ / DOZEN,"EGGS - PRICE RECEIVED, MEASURED IN $ / DOZEN",TOTAL,NOT SPECIFIED,NATIONAL,,99,US,US TOTAL,,,,,,,,0,,,9000,UNITED STATES,US TOTAL,1996,ANNUAL,0,0,YEAR,,2012-01-01 00:00:00.000,0.758,
SURVEY,ANIMALS & PRODUCTS,POULTRY,EGGS,ALL CLASSES,ALL PRODUCTION PRACTICES,ALL UTILIZATION PRACTICES,PRICE RECEIVED,PCT OF PARITY,"EGGS - PRICE RECEIVED, MEASURED IN PCT OF PARITY",TOTAL,NOT SPECIFIED,NATIONAL,,99,US,US TOTAL,,,,,,,,0,,,9000,UNITED STATES,US TOTAL,2016,MONTHLY,1,1,JAN,,2016-05-31 15:12:25.000,43.0,
SURVEY,ANIMALS & PRODUCTS,POULTRY,EGGS,ALL CLASSES,ALL PRODUCTION PRACTICES,ALL UTILIZATION PRACTICES,PRICE RECEIVED,PCT OF PARITY,"EGGS - PRICE RECEIVED, MEASURED IN PCT OF PARITY",TOTAL,NOT SPECIFIED,NATIONAL,,99,US,US TOTAL,,,,,,,,0,,,9000,UNITED STATES,US TOTAL,2016,MONTHLY,2,2,FEB,,2016-05-31 15:12:25.000,37.0,
SURVEY,ANIMALS & PRODUCTS,POULTRY,EGGS,ALL CLASSES,ALL PRODUCTION PRACTICES,ALL UTILIZATION PRACTICES,PRICE RECEIVED,PCT OF PARITY,"EGGS - PRICE RECEIVED, MEASURED IN PCT OF PARITY",TOTAL,NOT SPECIFIED,NATIONAL,,99,US,US TOTAL,,,,,,,,0,,,9000,UNITED STATES,US TOTAL,2016,MONTHLY,3,3,MAR,,2016-05-31 15:12:25.000,32.0,
SURVEY,ANIMALS & PRODUCTS,POULTRY,EGGS,ALL CLASSES,ALL PRODUCTION PRACTICES,ALL UTILIZATION PRACTICES,PRICE RECEIVED,PCT OF PARITY,"EGGS - PRICE RECEIVED, MEASURED IN PCT OF PARITY",TOTAL,NOT SPECIFIED,NATIONAL,,99,US,US TOTAL,,,,,,,,0,,,9000,UNITED STATES,US TOTAL,2016,MONTHLY,4,4,APR,,2016-05-31 15:12:25.000,27.0,
SURVEY,ANIMALS & PRODUCTS,POULTRY,EGGS,ALL CLASSES,ALL PRODUCTION PRACTICES,ALL UTILIZATION PRACTICES,PRICE RECEIVED,PCT OF PARITY,"EGGS - PRICE RECEIVED, MEASURED IN PCT OF PARITY",TOTAL,NOT SPECIFIED,NATIONAL,,99,US,US TOTAL,,,,,,,,0,,,9000,UNITED STATES,US TOTAL,2015,MONTHLY,1,1,JAN,,2016-02-29 15:03:32.000,49.0,
SURVEY,ANIMALS & PRODUCTS,POULTRY,EGGS,ALL CLASSES,ALL PRODUCTION PRACTICES,ALL UTILIZATION PRACTICES,PRICE RECEIVED,PCT OF PARITY,"EGGS - PRICE RECEIVED, MEASURED IN PCT OF PARITY",TOTAL,NOT SPECIFIED,NATIONAL,,99,US,US TOTAL,,,,,,,,0,,,9000,UNITED STATES,US TOTAL,2015,MONTHLY,2,2,FEB,,2016-03-30 15:11:41.000,47.0,
SURVEY,ANIMALS & PRODUCTS,POULTRY,EGGS,ALL CLASSES,ALL PRODUCTION PRACTICES,ALL UTILIZATION PRACTICES,PRICE RECEIVED,PCT OF PARITY,"EGGS - PRICE RECEIVED, MEASURED IN PCT OF PARITY",TOTAL,NOT SPECIFIED,NATIONAL,,99,US,US TOTAL,,,,,,,,0,,,9000,UNITED STATES,US TOTAL,2015,MONTHLY,3,3,MAR,,2016-05-31 15:12:25.000,55.0,
SURVEY,ANIMALS & PRODUCTS,POULTRY,EGGS,ALL CLASSES,ALL PRODUCTION PRACTICES,ALL UTILIZATION PRACTICES,PRICE RECEIVED,PCT OF PARITY,"EGGS - PRICE RECEIVED, MEASURED IN PCT OF PARITY",TOTAL,NOT SPECIFIED,NATIONAL,,99,US,US TOTAL,,,,,,,,0,,,9000,UNITED STATES,US TOTAL,2015,MONTHLY,4,4,APR,,2016-05-31 15:12:25.000,45.0,
SURVEY,ANIMALS & PRODUCTS,POULTRY,EGGS,ALL CLASSES,ALL PRODUCTION PRACTICES,ALL UTILIZATION PRACTICES,PRICE RECEIVED,PCT OF PARITY,"EGGS - PRICE RECEIVED, MEASURED IN PCT OF PARITY",TOTAL,NOT SPECIFIED,NATIONAL,,99,US,US TOTAL,,,,,,,,0,,,9000,UNITED STATES,US TOTAL,2015,MONTHLY,12,12,DEC,,2016-05-31 15:12:25.000,39.0,
SURVEY,ANIMALS & PRODUCTS,POULTRY,EGGS,ALL CLASSES,ALL PRODUCTION PRACTICES,ALL UTILIZATION PRACTICES,PRICE RECEIVED,PCT OF PARITY,"EGGS - PRICE RECEIVED, MEASURED IN PCT OF PARITY",TOTAL,NOT SPECIFIED,NATIONAL,,99,US,US TOTAL,,,,,,,,0,,,9000,UNITED STATES,US TOTAL,2014,MONTHLY,8,8,AUG,,2014-09-29 15:10:54.000,38.0,
SURVEY,ANIMALS & PRODUCTS,POULTRY,EGGS,ALL CLASSES,ALL PRODUCTION PRACTICES,ALL UTILIZATION PRACTICES,PRICE RECEIVED,PCT OF PARITY,"EGGS - PRICE RECEIVED, MEASURED IN PCT OF PARITY",TOTAL,NOT SPECIFIED,NATIONAL,,99,US,US TOTAL,,,,,,,,0,,,9000,UNITED STATES,US TOTAL,2014,MONTHLY,9,9,SEP,,2014-09-29 15:10:54.000,39.0,
SURVEY,ANIMALS & PRODUCTS,POULTRY,EGGS,ALL CLASSES,ALL PRODUCTION PRACTICES,ALL UTILIZATION PRACTICES,PRICE RECEIVED,PCT OF PARITY,"EGGS - PRICE RECEIVED, MEASURED IN PCT OF PARITY",TOTAL,NOT SPECIFIED,NATIONAL,,99,US,US TOTAL,,,,,,,,0,,,9000,UNITED STATES,US TOTAL,2013,MONTHLY,9,9,SEP,,2014-09-29 15:10:54.000,42.0,
SURVEY,ANIMALS & PRODUCTS,POULTRY,EGGS,ALL CLASSES,ALL PRODUCTION PRACTICES,ALL UTILIZATION PRACTICES,PRICE RECEIVED,PCT OF PARITY,"EGGS - PRICE RECEIVED, MEASURED IN PCT OF PARITY",TOTAL,NOT SPECIFIED,NATIONAL,,99,US,US TOTAL,,,,,,,,0,,,9000,UNITED STATES,US TOTAL,2008,MONTHLY,1,1,JAN,,2012-01-01 00:00:00.000,56.0,
SURVEY,ANIMALS & PRODUCTS,POULTRY,EGGS,ALL CLASSES,ALL PRODUCTION PRACTICES,ALL UTILIZATION PRACTICES,PRICE RECEIVED,PCT OF PARITY,"EGGS - PRICE RECEIVED, MEASURED IN PCT OF PARITY",TOTAL,NOT SPECIFIED,NATIONAL,,99,US,US TOTAL,,,,,,,,0,,,9000,UNITED STATES,US TOTAL,2008,MONTHLY,2,2,FEB,,2012-01-01 00:00:00.000,61.0,
SURVEY,ANIMALS & PRODUCTS,POULTRY,EGGS,ALL CLASSES,ALL PRODUCTION PRACTICES,ALL UTILIZATION PRACTICES,PRICE RECEIVED,PCT OF PARITY,"EGGS - PRICE RECEIVED, MEASURED IN PCT OF PARITY",TOTAL,NOT SPECIFIED,NATIONAL,,99,US,US TOTAL,,,,,,,,0,,,9000,UNITED STATES,US TOTAL,2008,MONTHLY,3,3,MAR,,2012-01-01 00:00:00.000,60.0,
SURVEY,ANIMALS & PRODUCTS,POULTRY,EGGS,ALL CLASSES,ALL PRODUCTION PRACTICES,ALL UTILIZATION PRACTICES,PRICE RECEIVED,PCT OF PARITY,"EGGS - PRICE RECEIVED, MEASURED IN PCT OF PARITY",TOTAL,NOT SPECIFIED,NATIONAL,,99,US,US TOTAL,,,,,,,,0,,,9000,UNITED STATES,US TOTAL,2008,MONTHLY,4,4,APR,,2012-01-01 00:00:00.000,53.0,
SURVEY,ANIMALS & PRODUCTS,POULTRY,EGGS,ALL CLASSES,ALL PRODUCTION PRACTICES,ALL UTILIZATION PRACTICES,PRICE RECEIVED,PCT OF PARITY,"EGGS - PRICE RECEIVED, MEASURED IN PCT OF PARITY",TOTAL,NOT SPECIFIED,NATIONAL,,99,US,US TOTAL,,,,,,,,0,,,9000,UNITED STATES,US TOTAL,2008,MONTHLY,5,5,MAY,,2012-01-01 00:00:00.000,49.0,
SURVEY,ANIMALS & PRODUCTS,POULTRY,EGGS,ALL CLASSES,ALL PRODUCTION PRACTICES,ALL UTILIZATION PRACTICES,PRICE RECEIVED,PCT OF PARITY,"EGGS - PRICE RECEIVED, MEASURED IN PCT OF PARITY",TOTAL,NOT SPECIFIED,NATIONAL,,99,US,US TOTAL,,,,,,,,0,,,9000,UNITED STATES,US TOTAL,2008,MONTHLY,6,6,JUN,,2012-01-01 00:00:00.000,51.0,
SURVEY,ANIMALS & PRODUCTS,POULTRY,EGGS,ALL CLASSES,ALL PRODUCTION PRACTICES,ALL UTILIZATION PRACTICES,PRICE RECEIVED,PCT OF PARITY,"EGGS - PRICE RECEIVED, MEASURED IN PCT OF PARITY",TOTAL,NOT SPECIFIED,NATIONAL,,99,US,US TOTAL,,,,,,,,0,,,9000,UNITED STATES,US TOTAL,2008,MONTHLY,7,7,JUL,,2012-01-01 00:00:00.000,43.0,
SURVEY,ANIMALS & PRODUCTS,POULTRY,EGGS,ALL CLASSES,ALL PRODUCTION PRACTICES,ALL UTILIZATION PRACTICES,PRICE RECEIVED,PCT OF PARITY,"EGGS - PRICE RECEIVED, MEASURED IN PCT OF PARITY",TOTAL,NOT SPECIFIED,NATIONAL,,99,US,US TOTAL,,,,,,,,0,,,9000,UNITED STATES,US TOTAL,2008,MONTHLY,8,8,AUG,,2012-01-01 00:00:00.000,46.0,
SURVEY,ANIMALS & PRODUCTS,POULTRY,EGGS,ALL CLASSES,ALL PRODUCTION PRACTICES,ALL UTILIZATION PRACTICES,PRICE RECEIVED,PCT OF PARITY,"EGGS - PRICE RECEIVED, MEASURED IN PCT OF PARITY",TOTAL,NOT SPECIFIED,NATIONAL,,99,US,US TOTAL,,,,,,,,0,,,9000,UNITED STATES,US TOTAL,2008,MONTHLY,9,9,SEP,,2012-01-01 00:00:00.000,45.0,
SURVEY,ANIMALS & PRODUCTS,POULTRY,EGGS,ALL CLASSES,ALL PRODUCTION PRACTICES,ALL UTILIZATION PRACTICES,PRICE RECEIVED,PCT OF PARITY,"EGGS - PRICE RECEIVED, MEASURED IN PCT OF PARITY",TOTAL,NOT SPECIFIED,NATIONAL,,99,US,US TOTAL,,,,,,,,0,,,9000,UNITED STATES,US TOTAL,2008,MONTHLY,10,10,OCT,,2012-01-01 00:00:00.000,50.0,
SURVEY,ANIMALS & PRODUCTS,POULTRY,EGGS,ALL CLASSES,ALL PRODUCTION PRACTICES,ALL UTILIZATION PRACTICES,PRICE RECEIVED,PCT OF PARITY,"EGGS - PRICE RECEIVED, MEASURED IN PCT OF PARITY",TOTAL,NOT SPECIFIED,NATIONAL,,99,US,US TOTAL,,,,,,,,0,,,9000,UNITED STATES,US TOTAL,2008,MONTHLY,11,11,NOV,,2012-01-01 00:00:00.000,41.0,
SURVEY,ANIMALS & PRODUCTS,POULTRY,EGGS,ALL CLASSES,ALL PRODUCTION PRACTICES,ALL UTILIZATION PRACTICES,PRICE RECEIVED,PCT OF PARITY,"EGGS - PRICE RECEIVED, MEASURED IN PCT OF PARITY",TOTAL,NOT SPECIFIED,NATIONAL,,99,US,US TOTAL,,,,,,,,0,,,9000,UNITED STATES,US TOTAL,2008,MONTHLY,12,12,DEC,,2012-01-01 00:00:00.000,40.0,
SURVEY,ANIMALS & PRODUCTS,POULTRY,EGGS,ALL CLASSES,ALL PRODUCTION PRACTICES,ALL UTILIZATION PRACTICES,PRICE RECEIVED,PCT OF PARITY,"EGGS - PRICE RECEIVED, MEASURED IN PCT OF PARITY",TOTAL,NOT SPECIFIED,NATIONAL,,99,US,US TOTAL,,,,,,,,0,,,9000,UNITED STATES,US TOTAL,2007,MONTHLY,1,1,JAN,,2012-01-01 00:00:00.000,46.0,
SURVEY,ANIMALS & PRODUCTS,POULTRY,EGGS,ALL CLASSES,ALL PRODUCTION PRACTICES,ALL UTILIZATION PRACTICES,PRICE RECEIVED,PCT OF PARITY,"EGGS - PRICE RECEIVED, MEASURED IN PCT OF PARITY",TOTAL,NOT SPECIFIED,NATIONAL,,99,US,US TOTAL,,,,,,,,0,,,9000,UNITED STATES,US TOTAL,2007,MONTHLY,2,2,FEB,,2012-01-01 00:00:00.000,46.0,
SURVEY,ANIMALS & PRODUCTS,POULTRY,EGGS,ALL CLASSES,ALL PRODUCTION PRACTICES,ALL UTILIZATION PRACTICES,PRICE RECEIVED,PCT OF PARITY,"EGGS - PRICE RECEIVED, MEASURED IN PCT OF PARITY",TOTAL,NOT SPECIFIED,NATIONAL,,99,US,US TOTAL,,,,,,,,0,,,9000,UNITED STATES,US TOTAL,2007,MONTHLY,3,3,MAR,,2012-01-01 00:00:00.000,42.0,
SURVEY,ANIMALS & PRODUCTS,POULTRY,EGGS,ALL CLASSES,ALL PRODUCTION PRACTICES,ALL UTILIZATION PRACTICES,PRICE RECEIVED,PCT OF PARITY,"EGGS - PRICE RECEIVED, MEASURED IN PCT OF PARITY",TOTAL,NOT SPECIFIED,NATIONAL,,99,US,US TOTAL,,,,,,,,0,,,9000,UNITED STATES,US TOTAL,2007,MONTHLY,4,4,APR,,2012-01-01 00:00:00.000,42.0,
SURVEY,ANIMALS & PRODUCTS,POULTRY,EGGS,ALL CLASSES,ALL PRODUCTION PRACTICES,ALL UTILIZATION PRACTICES,PRICE RECEIVED,PCT OF PARITY,"EGGS - PRICE RECEIVED, MEASURED IN PCT OF PARITY",TOTAL,NOT SPECIFIED,NATIONAL,,99,US,US TOTAL,,,,,,,,0,,,9000,UNITED STATES,US TOTAL,2007,MONTHLY,5,5,MAY,,2012-01-01 00:00:00.000,48.0,
SURVEY,ANIMALS & PRODUCTS,POULTRY,EGGS,ALL CLASSES,ALL PRODUCTION PRACTICES,ALL UTILIZATION PRACTICES,PRICE RECEIVED,PCT OF PARITY,"EGGS - PRICE RECEIVED, MEASURED IN PCT OF PARITY",TOTAL,NOT SPECIFIED,NATIONAL,,99,US,US TOTAL,,,,,,,,0,,,9000,UNITED STATES,US TOTAL,2007,MONTHLY,6,6,JUN,,2012-01-01 00:00:00.000,42.0,
SURVEY,ANIMALS & PRODUCTS,POULTRY,EGGS,ALL CLASSES,ALL PRODUCTION PRACTICES,ALL UTILIZATION PRACTICES,PRICE RECEIVED,PCT OF PARITY,"EGGS - PRICE RECEIVED, MEASURED IN PCT OF PARITY",TOTAL,NOT SPECIFIED,NATIONAL,,99,US,US TOTAL,,,,,,,,0,,,9000,UNITED STATES,US TOTAL,2007,MONTHLY,7,7,JUL,,2012-01-01 00:00:00.000,55.0,
SURVEY,ANIMALS & PRODUCTS,POULTRY,EGGS,ALL CLASSES,ALL PRODUCTION PRACTICES,ALL UTILIZATION PRACTICES,PRICE RECEIVED,PCT OF PARITY,"EGGS - PRICE RECEIVED, MEASURED IN PCT OF PARITY",TOTAL,NOT SPECIFIED,NATIONAL,,99,US,US TOTAL,,,,,,,,0,,,9000,UNITED STATES,US TOTAL,2007,MONTHLY,8,8,AUG,,2012-01-01 00:00:00.000,52.0,
SURVEY,ANIMALS & PRODUCTS,POULTRY,EGGS,ALL CLASSES,ALL PRODUCTION PRACTICES,ALL UTILIZATION PRACTICES,PRICE RECEIVED,PCT OF PARITY,"EGGS - PRICE RECEIVED, MEASURED IN PCT OF PARITY",TOTAL,NOT SPECIFIED,NATIONAL,,99,US,US TOTAL,,,,,,,,0,,,9000,UNITED STATES,US TOTAL,2007,MONTHLY,9,9,SEP,,2012-01-01 00:00:00.000,61.0,
SURVEY,ANIMALS & PRODUCTS,POULTRY,EGGS,ALL CLASSES,ALL PRODUCTION PRACTICES,ALL UTILIZATION PRACTICES,PRICE RECEIVED,PCT OF PARITY,"EGGS - PRICE RECEIVED, MEASURED IN PCT OF PARITY",TOTAL,NOT SPECIFIED,NATIONAL,,99,US,US TOTAL,,,,,,,,0,,,9000,UNITED STATES,US TOTAL,2007,MONTHLY,10,10,OCT,,2012-01-01 00:00:00.000,56.0,
SURVEY,ANIMALS & PRODUCTS,POULTRY,EGGS,ALL CLASSES,ALL PRODUCTION PRACTICES,ALL UTILIZATION PRACTICES,PRICE RECEIVED,PCT OF PARITY,"EGGS - PRICE RECEIVED, MEASURED IN PCT OF PARITY",TOTAL,NOT SPECIFIED,NATIONAL,,99,US,US TOTAL,,,,,,,,0,,,9000,UNITED STATES,US TOTAL,2007,MONTHLY,11,11,NOV,,2012-01-01 00:00:00.000,57.0,
SURVEY,ANIMALS & PRODUCTS,POULTRY,EGGS,ALL CLASSES,ALL PRODUCTION PRACTICES,ALL UTILIZATION PRACTICES,PRICE RECEIVED,PCT OF PARITY,"EGGS - PRICE RECEIVED, MEASURED IN PCT OF PARITY",TOTAL,NOT SPECIFIED,NATIONAL,,99,US,US TOTAL,,,,,,,,0,,,9000,UNITED STATES,US TOTAL,2007,MONTHLY,12,12,DEC,,2012-01-01 00:00:00.000,59.0,
SURVEY,ANIMALS & PRODUCTS,POULTRY,EGGS,ALL CLASSES,ALL PRODUCTION PRACTICES,ALL UTILIZATION PRACTICES,PRICE RECEIVED,PCT OF PARITY,"EGGS - PRICE RECEIVED, MEASURED IN PCT OF PARITY",TOTAL,NOT SPECIFIED,NATIONAL,,99,US,US TOTAL,,,,,,,,0,,,9000,UNITED STATES,US TOTAL,2006,MONTHLY,1,1,JAN,,2012-01-01 00:00:00.000,31.0,
SURVEY,ANIMALS & PRODUCTS,POULTRY,EGGS,ALL CLASSES,ALL PRODUCTION PRACTICES,ALL UTILIZATION PRACTICES,PRICE RECEIVED,PCT OF PARITY,"EGGS - PRICE RECEIVED, MEASURED IN PCT OF PARITY",TOTAL,NOT SPECIFIED,NATIONAL,,99,US,US TOTAL,,,,,,,,0,,,9000,UNITED STATES,US TOTAL,2006,MONTHLY,2,2,FEB,,2012-01-01 00:00:00.000,26.0,
SURVEY,ANIMALS & PRODUCTS,POULTRY,EGGS,ALL CLASSES,ALL PRODUCTION PRACTICES,ALL UTILIZATION PRACTICES,PRICE RECEIVED,PCT OF PARITY,"EGGS - PRICE RECEIVED, MEASURED IN PCT OF PARITY",TOTAL,NOT SPECIFIED,NATIONAL,,99,US,US TOTAL,,,,,,,,0,,,9000,UNITED STATES,US TOTAL,2006,MONTHLY,3,3,MAR,,2012-01-01 00:00:00.000,33.0,
SURVEY,ANIMALS & PRODUCTS,POULTRY,EGGS,ALL CLASSES,ALL PRODUCTION PRACTICES,ALL UTILIZATION PRACTICES,PRICE RECEIVED,PCT OF PARITY,"EGGS - PRICE RECEIVED, MEASURED IN PCT OF PARITY",TOTAL,NOT SPECIFIED,NATIONAL,,99,US,US TOTAL,,,,,,,,0,,,9000,UNITED STATES,US TOTAL,2006,MONTHLY,4,4,APR,,2012-01-01 00:00:00.000,30.0,
SURVEY,ANIMALS & PRODUCTS,POULTRY,EGGS,ALL CLASSES,ALL PRODUCTION PRACTICES,ALL UTILIZATION PRACTICES,PRICE RECEIVED,PCT OF PARITY,"EGGS - PRICE RECEIVED, MEASURED IN PCT OF PARITY",TOTAL,NOT SPECIFIED,NATIONAL,,99,US,US TOTAL,,,,,,,,0,,,9000,UNITED STATES,US TOTAL,2006,MONTHLY,5,5,MAY,,2012-01-01 00:00:00.000,29.0,
SURVEY,ANIMALS & PRODUCTS,POULTRY,EGGS,ALL CLASSES,ALL PRODUCTION PRACTICES,ALL UTILIZATION PRACTICES,PRICE RECEIVED,PCT OF PARITY,"EGGS - PRICE RECEIVED, MEASURED IN PCT OF PARITY",TOTAL,NOT SPECIFIED,NATIONAL,,99,US,US TOTAL,,,,,,,,0,,,9000,UNITED STATES,US TOTAL,2006,MONTHLY,6,6,JUN,,2012-01-01 00:00:00.000,33.0,
SURVEY,ANIMALS & PRODUCTS,POULTRY,EGGS,ALL CLASSES,ALL PRODUCTION PRACTICES,ALL UTILIZATION PRACTICES,PRICE RECEIVED,PCT OF PARITY,"EGGS - PRICE RECEIVED, MEASURED IN PCT OF PARITY",TOTAL,NOT SPECIFIED,NATIONAL,,99,US,US TOTAL,,,,,,,,0,,,9000,UNITED STATES,US TOTAL,2006,MONTHLY,7,7,JUL,,2012-01-01 00:00:00.000,26.0,
SURVEY,ANIMALS & PRODUCTS,POULTRY,EGGS,ALL CLASSES,ALL PRODUCTION PRACTICES,ALL UTILIZATION PRACTICES,PRICE RECEIVED,PCT OF PARITY,"EGGS - PRICE RECEIVED, MEASURED IN PCT OF PARITY",TOTAL,NOT SPECIFIED,NATIONAL,,99,US,US TOTAL,,,,,,,,0,,,9000,UNITED STATES,US TOTAL,2006,MONTHLY,8,8,AUG,,2012-01-01 00:00:00.000,34.0,
SURVEY,ANIMALS & PRODUCTS,POULTRY,EGGS,ALL CLASSES,ALL PRODUCTION PRACTICES,ALL UTILIZATION PRACTICES,PRICE RECEIVED,PCT OF PARITY,"EGGS - PRICE RECEIVED, MEASURED IN PCT OF PARITY",TOTAL,NOT SPECIFIED,NATIONAL,,99,US,US TOTAL,,,,,,,,0,,,9000,UNITED STATES,US TOTAL,2006,MONTHLY,9,9,SEP,,2012-01-01 00:00:00.000,32.0,
SURVEY,ANIMALS & PRODUCTS,POULTRY,EGGS,ALL CLASSES,ALL PRODUCTION PRACTICES,ALL UTILIZATION PRACTICES,PRICE RECEIVED,PCT OF PARITY,"EGGS - PRICE RECEIVED, MEASURED IN PCT OF PARITY",TOTAL,NOT SPECIFIED,NATIONAL,,99,US,US TOTAL,,,,,,,,0,,,9000,UNITED STATES,US TOTAL,2006,MONTHLY,10,10,OCT,,2012-01-01 00:00:00.000,34.0,
SURVEY,ANIMALS & PRODUCTS,POULTRY,EGGS,ALL CLASSES,ALL PRODUCTION PRACTICES,ALL UTILIZATION PRACTICES,PRICE RECEIVED,PCT OF PARITY,"EGGS - PRICE RECEIVED, MEASURED IN PCT OF PARITY",TOTAL,NOT SPECIFIED,NATIONAL,,99,US,US TOTAL,,,,,,,,0,,,9000,UNITED STATES,US TOTAL,2006,MONTHLY,11,11,NOV,,2012-01-01 00:00:00.000,39.0,
SURVEY,ANIMALS & PRODUCTS,POULTRY,EGGS,ALL CLASSES,ALL PRODUCTION PRACTICES,ALL UTILIZATION PRACTICES,PRICE RECEIVED,PCT OF PARITY,"EGGS - PRICE RECEIVED, MEASURED IN PCT OF PARITY",TOTAL,NOT SPECIFIED,NATIONAL,,99,US,US TOTAL,,,,,,,,0,,,9000,UNITED STATES,US TOTAL,2006,MONTHLY,12,12,DEC,,2012-01-01 00:00:00.000,38.0,
SURVEY,ANIMALS & PRODUCTS,POULTRY,EGGS,ALL CLASSES,ALL PRODUCTION PRACTICES,ALL UTILIZATION PRACTICES,PRICE RECEIVED,PCT OF PARITY,"EGGS - PRICE RECEIVED, MEASURED IN PCT OF PARITY",TOTAL,NOT SPECIFIED,NATIONAL,,99,US,US TOTAL,,,,,,,,0,,,9000,UNITED STATES,US TOTAL,2005,MONTHLY,1,1,JAN,,2012-01-01 00:00:00.000,31.0,
SURVEY,ANIMALS & PRODUCTS,POULTRY,EGGS,ALL CLASSES,ALL PRODUCTION PRACTICES,ALL UTILIZATION PRACTICES,PRICE RECEIVED,PCT OF PARITY,"EGGS - PRICE RECEIVED, MEASURED IN PCT OF PARITY",TOTAL,NOT SPECIFIED,NATIONAL,,99,US,US TOTAL,,,,,,,,0,,,9000,UNITED STATES,US TOTAL,2005,MONTHLY,2,2,FEB,,2012-01-01 00:00:00.000,32.0,
SURVEY,ANIMALS & PRODUCTS,POULTRY,EGGS,ALL CLASSES,ALL PRODUCTION PRACTICES,ALL UTILIZATION PRACTICES,PRICE RECEIVED,PCT OF PARITY,"EGGS - PRICE RECEIVED, MEASURED IN PCT OF PARITY",TOTAL,NOT SPECIFIED,NATIONAL,,99,US,US TOTAL,,,,,,,,0,,,9000,UNITED STATES,US TOTAL,2005,MONTHLY,3,3,MAR,,2012-01-01 00:00:00.000,28.0,
SURVEY,ANIMALS & PRODUCTS,POULTRY,EGGS,ALL CLASSES,ALL PRODUCTION PRACTICES,ALL UTILIZATION PRACTICES,PRICE RECEIVED,PCT OF PARITY,"EGGS - PRICE RECEIVED, MEASURED IN PCT OF PARITY",TOTAL,NOT SPECIFIED,NATIONAL,,99,US,US TOTAL,,,,,,,,0,,,9000,UNITED STATES,US TOTAL,2005,MONTHLY,4,4,APR,,2012-01-01 00:00:00.000,28.0,
SURVEY,ANIMALS & PRODUCTS,POULTRY,EGGS,ALL CLASSES,ALL PRODUCTION PRACTICES,ALL UTILIZATION PRACTICES,PRICE RECEIVED,PCT OF PARITY,"EGGS - PRICE RECEIVED, MEASURED IN PCT OF PARITY",TOTAL,NOT SPECIFIED,NATIONAL,,99,US,US TOTAL,,,,,,,,0,,,9000,UNITED STATES,US TOTAL,2005,MONTHLY,5,5,MAY,,2012-01-01 00:00:00.000,31.0,
SURVEY,ANIMALS & PRODUCTS,POULTRY,EGGS,ALL CLASSES,ALL PRODUCTION PRACTICES,ALL UTILIZATION PRACTICES,PRICE RECEIVED,PCT OF PARITY,"EGGS - PRICE RECEIVED, MEASURED IN PCT OF PARITY",TOTAL,NOT SPECIFIED,NATIONAL,,99,US,US TOTAL,,,,,,,,0,,,9000,UNITED STATES,US TOTAL,2005,MONTHLY,6,6,JUN,,2012-01-01 00:00:00.000,28.0,
SURVEY,ANIMALS & PRODUCTS,POULTRY,EGGS,ALL CLASSES,ALL PRODUCTION PRACTICES,ALL UTILIZATION PRACTICES,PRICE RECEIVED,PCT OF PARITY,"EGGS - PRICE RECEIVED, MEASURED IN PCT OF PARITY",TOTAL,NOT SPECIFIED,NATIONAL,,99,US,US TOTAL,,,,,,,,0,,,9000,UNITED STATES,US TOTAL,2005,MONTHLY,7,7,JUL,,2012-01-01 00:00:00.000,33.0,
SURVEY,ANIMALS & PRODUCTS,POULTRY,EGGS,ALL CLASSES,ALL PRODUCTION PRACTICES,ALL UTILIZATION PRACTICES,PRICE RECEIVED,PCT OF PARITY,"EGGS - PRICE RECEIVED, MEASURED IN PCT OF PARITY",TOTAL,NOT SPECIFIED,NATIONAL,,99,US,US TOTAL,,,,,,,,0,,,9000,UNITED STATES,US TOTAL,2005,MONTHLY,8,8,AUG,,2012-01-01 00:00:00.000,28.0,
SURVEY,ANIMALS & PRODUCTS,POULTRY,EGGS,ALL CLASSES,ALL PRODUCTION PRACTICES,ALL UTILIZATION PRACTICES,PRICE RECEIVED,PCT OF PARITY,"EGGS - PRICE RECEIVED, MEASURED IN PCT OF PARITY",TOTAL,NOT SPECIFIED,NATIONAL,,99,US,US TOTAL,,,,,,,,0,,,9000,UNITED STATES,US TOTAL,2005,MONTHLY,9,9,SEP,,2012-01-01 00:00:00.000,39.0,
SURVEY,ANIMALS & PRODUCTS,POULTRY,EGGS,ALL CLASSES,ALL PRODUCTION PRACTICES,ALL UTILIZATION PRACTICES,PRICE RECEIVED,PCT OF PARITY,"EGGS - PRICE RECEIVED, MEASURED IN PCT OF PARITY",TOTAL,NOT SPECIFIED,NATIONAL,,99,US,US TOTAL,,,,,,,,0,,,9000,UNITED STATES,US TOTAL,2005,MONTHLY,10,10,OCT,,2012-01-01 00:00:00.000,31.0,
SURVEY,ANIMALS & PRODUCTS,POULTRY,EGGS,ALL CLASSES,ALL PRODUCTION PRACTICES,ALL UTILIZATION PRACTICES,PRICE RECEIVED,PCT OF PARITY,"EGGS - PRICE RECEIVED, MEASURED IN PCT OF PARITY",TOTAL,NOT SPECIFIED,NATIONAL,,99,US,US TOTAL,,,,,,,,0,,,9000,UNITED STATES,US TOTAL,2005,MONTHLY,11,11,NOV,,2012-01-01 00:00:00.000,31.0,
SURVEY,ANIMALS & PRODUCTS,POULTRY,EGGS,ALL CLASSES,ALL PRODUCTION PRACTICES,ALL UTILIZATION PRACTICES,PRICE RECEIVED,PCT OF PARITY,"EGGS - PRICE RECEIVED, MEASURED IN PCT OF PARITY",TOTAL,NOT SPECIFIED,NATIONAL,,99,US,US TOTAL,,,,,,,,0,,,9000,UNITED STATES,US TOTAL,2005,MONTHLY,12,12,DEC,,2012-01-01 00:00:00.000,32.0,
SURVEY,ANIMALS & PRODUCTS,POULTRY,EGGS,ALL CLASSES,ALL PRODUCTION PRACTICES,ALL UTILIZATION PRACTICES,PRICE RECEIVED,PCT OF PARITY,"EGGS - PRICE RECEIVED, MEASURED IN PCT OF PARITY",TOTAL,NOT SPECIFIED,NATIONAL,,99,US,US TOTAL,,,,,,,,0,,,9000,UNITED STATES,US TOTAL,2004,MONTHLY,1,1,JAN,,2012-01-01 00:00:00.000,52.0,
SURVEY,ANIMALS & PRODUCTS,POULTRY,EGGS,ALL CLASSES,ALL PRODUCTION PRACTICES,ALL UTILIZATION PRACTICES,PRICE RECEIVED,PCT OF PARITY,"EGGS - PRICE RECEIVED, MEASURED IN PCT OF PARITY",TOTAL,NOT SPECIFIED,NATIONAL,,99,US,US TOTAL,,,,,,,,0,,,9000,UNITED STATES,US TOTAL,2004,MONTHLY,2,2,FEB,,2012-01-01 00:00:00.000,52.0,
SURVEY,ANIMALS & PRODUCTS,POULTRY,EGGS,ALL CLASSES,ALL PRODUCTION PRACTICES,ALL UTILIZATION PRACTICES,PRICE RECEIVED,PCT OF PARITY,"EGGS - PRICE RECEIVED, MEASURED IN PCT OF PARITY",TOTAL,NOT SPECIFIED,NATIONAL,,99,US,US TOTAL,,,,,,,,0,,,9000,UNITED STATES,US TOTAL,2004,MONTHLY,3,3,MAR,,2012-01-01 00:00:00.000,60.0,
SURVEY,ANIMALS & PRODUCTS,POULTRY,EGGS,ALL CLASSES,ALL PRODUCTION PRACTICES,ALL UTILIZATION PRACTICES,PRICE RECEIVED,PCT OF PARITY,"EGGS - PRICE RECEIVED, MEASURED IN PCT OF PARITY",TOTAL,NOT SPECIFIED,NATIONAL,,99,US,US TOTAL,,,,,,,,0,,,9000,UNITED STATES,US TOTAL,2004,MONTHLY,4,4,APR,,2012-01-01 00:00:00.000,46.0,
SURVEY,ANIMALS & PRODUCTS,POULTRY,EGGS,ALL CLASSES,ALL PRODUCTION PRACTICES,ALL UTILIZATION PRACTICES,PRICE RECEIVED,PCT OF PARITY,"EGGS - PRICE RECEIVED, MEASURED IN PCT OF PARITY",TOTAL,NOT SPECIFIED,NATIONAL,,99,US,US TOTAL,,,,,,,,0,,,9000,UNITED STATES,US TOTAL,2004,MONTHLY,5,5,MAY,,2012-01-01 00:00:00.000,45.0,
SURVEY,ANIMALS & PRODUCTS,POULTRY,EGGS,ALL CLASSES,ALL PRODUCTION PRACTICES,ALL UTILIZATION PRACTICES,PRICE RECEIVED,PCT OF PARITY,"EGGS - PRICE RECEIVED, MEASURED IN PCT OF PARITY",TOTAL,NOT SPECIFIED,NATIONAL,,99,US,US TOTAL,,,,,,,,0,,,9000,UNITED STATES,US TOTAL,2004,MONTHLY,6,6,JUN,,2012-01-01 00:00:00.000,41.0,
SURVEY,ANIMALS & PRODUCTS,POULTRY,EGGS,ALL CLASSES,ALL PRODUCTION PRACTICES,ALL UTILIZATION PRACTICES,PRICE RECEIVED,PCT OF PARITY,"EGGS - PRICE RECEIVED, MEASURED IN PCT OF PARITY",TOTAL,NOT SPECIFIED,NATIONAL,,99,US,US TOTAL,,,,,,,,0,,,9000,UNITED STATES,US TOTAL,2004,MONTHLY,7,7,JUL,,2012-01-01 00:00:00.000,38.0,
SURVEY,ANIMALS & PRODUCTS,POULTRY,EGGS,ALL CLASSES,ALL PRODUCTION PRACTICES,ALL UTILIZATION PRACTICES,PRICE RECEIVED,PCT OF PARITY,"EGGS - PRICE RECEIVED, MEASURED IN PCT OF PARITY",TOTAL,NOT SPECIFIED,NATIONAL,,99,US,US TOTAL,,,,,,,,0,,,9000,UNITED STATES,US TOTAL,2004,MONTHLY,8,8,AUG,,2012-01-01 00:00:00.000,33.0,
SURVEY,ANIMALS & PRODUCTS,POULTRY,EGGS,ALL CLASSES,ALL PRODUCTION PRACTICES,ALL UTILIZATION PRACTICES,PRICE RECEIVED,PCT OF PARITY,"EGGS - PRICE RECEIVED, MEASURED IN PCT OF PARITY",TOTAL,NOT SPECIFIED,NATIONAL,,99,US,US TOTAL,,,,,,,,0,,,9000,UNITED STATES,US TOTAL,2004,MONTHLY,9,9,SEP,,2012-01-01 00:00:00.000,35.0,
SURVEY,ANIMALS & PRODUCTS,POULTRY,EGGS,ALL CLASSES,ALL PRODUCTION PRACTICES,ALL UTILIZATION PRACTICES,PRICE RECEIVED,PCT OF PARITY,"EGGS - PRICE RECEIVED, MEASURED IN PCT OF PARITY",TOTAL,NOT SPECIFIED,NATIONAL,,99,US,US TOTAL,,,,,,,,0,,,9000,UNITED STATES,US TOTAL,2004,MONTHLY,10,10,OCT,,2012-01-01 00:00:00.000,32.0,
SURVEY,ANIMALS & PRODUCTS,POULTRY,EGGS,ALL CLASSES,ALL PRODUCTION PRACTICES,ALL UTILIZATION PRACTICES,PRICE RECEIVED,PCT OF PARITY,"EGGS - PRICE RECEIVED, MEASURED IN PCT OF PARITY",TOTAL,NOT SPECIFIED,NATIONAL,,99,US,US TOTAL,,,,,,,,0,,,9000,UNITED STATES,US TOTAL,2004,MONTHLY,11,11,NOV,,2012-01-01 00:00:00.000,31.0,
SURVEY,ANIMALS & PRODUCTS,POULTRY,EGGS,ALL CLASSES,ALL PRODUCTION PRACTICES,ALL UTILIZATION PRACTICES,PRICE RECEIVED,PCT OF PARITY,"EGGS - PRICE RECEIVED, MEASURED IN PCT OF PARITY",TOTAL,NOT SPECIFIED,NATIONAL,,99,US,US TOTAL,,,,,,,,0,,,9000,UNITED STATES,US TOTAL,2004,MONTHLY,12,12,DEC,,2012-01-01 00:00:00.000,33.0,
SURVEY,ANIMALS & PRODUCTS,POULTRY,EGGS,ALL CLASSES,ALL PRODUCTION PRACTICES,ALL UTILIZATION PRACTICES,PRICE RECEIVED,PCT OF PARITY,"EGGS - PRICE RECEIVED, MEASURED IN PCT OF PARITY",TOTAL,NOT SPECIFIED,NATIONAL,,99,US,US TOTAL,,,,,,,,0,,,9000,UNITED STATES,US TOTAL,2003,MONTHLY,1,1,JAN,,2012-01-01 00:00:00.000,41.0,
SURVEY,ANIMALS & PRODUCTS,POULTRY,EGGS,ALL CLASSES,ALL PRODUCTION PRACTICES,ALL UTILIZATION PRACTICES,PRICE RECEIVED,PCT OF PARITY,"EGGS - PRICE RECEIVED, MEASURED IN PCT OF PARITY",TOTAL,NOT SPECIFIED,NATIONAL,,99,US,US TOTAL,,,,,,,,0,,,9000,UNITED STATES,US TOTAL,2003,MONTHLY,2,2,FEB,,2012-01-01 00:00:00.000,40.0,
SURVEY,ANIMALS & PRODUCTS,POULTRY,EGGS,ALL CLASSES,ALL PRODUCTION PRACTICES,ALL UTILIZATION PRACTICES,PRICE RECEIVED,PCT OF PARITY,"EGGS - PRICE RECEIVED, MEASURED IN PCT OF PARITY",TOTAL,NOT SPECIFIED,NATIONAL,,99,US,US TOTAL,,,,,,,,0,,,9000,UNITED STATES,US TOTAL,2003,MONTHLY,3,3,MAR,,2012-01-01 00:00:00.000,40.0,
SURVEY,ANIMALS & PRODUCTS,POULTRY,EGGS,ALL CLASSES,ALL PRODUCTION PRACTICES,ALL UTILIZATION PRACTICES,PRICE RECEIVED,PCT OF PARITY,"EGGS - PRICE RECEIVED, MEASURED IN PCT OF PARITY",TOTAL,NOT SPECIFIED,NATIONAL,,99,US,US TOTAL,,,,,,,,0,,,9000,UNITED STATES,US TOTAL,2003,MONTHLY,4,4,APR,,2012-01-01 00:00:00.000,44.0,
SURVEY,ANIMALS & PRODUCTS,POULTRY,EGGS,ALL CLASSES,ALL PRODUCTION PRACTICES,ALL UTILIZATION PRACTICES,PRICE RECEIVED,PCT OF PARITY,"EGGS - PRICE RECEIVED, MEASURED IN PCT OF PARITY",TOTAL,NOT SPECIFIED,NATIONAL,,99,US,US TOTAL,,,,,,,,0,,,9000,UNITED STATES,US TOTAL,2003,MONTHLY,5,5,MAY,,2012-01-01 00:00:00.000,44.0,
SURVEY,ANIMALS & PRODUCTS,POULTRY,EGGS,ALL CLASSES,ALL PRODUCTION PRACTICES,ALL UTILIZATION PRACTICES,PRICE RECEIVED,PCT OF PARITY,"EGGS - PRICE RECEIVED, MEASURED IN PCT OF PARITY",TOTAL,NOT SPECIFIED,NATIONAL,,99,US,US TOTAL,,,,,,,,0,,,9000,UNITED STATES,US TOTAL,2003,MONTHLY,6,6,JUN,,2012-01-01 00:00:00.000,45.0,
SURVEY,ANIMALS & PRODUCTS,POULTRY,EGGS,ALL CLASSES,ALL PRODUCTION PRACTICES,ALL UTILIZATION PRACTICES,PRICE RECEIVED,PCT OF PARITY,"EGGS - PRICE RECEIVED, MEASURED IN PCT OF PARITY",TOTAL,NOT SPECIFIED,NATIONAL,,99,US,US TOTAL,,,,,,,,0,,,9000,UNITED STATES,US TOTAL,2003,MONTHLY,7,7,JUL,,2012-01-01 00:00:00.000,48.0,
SURVEY,ANIMALS & PRODUCTS,POULTRY,EGGS,ALL CLASSES,ALL PRODUCTION PRACTICES,ALL UTILIZATION PRACTICES,PRICE RECEIVED,PCT OF PARITY,"EGGS - PRICE RECEIVED, MEASURED IN PCT OF PARITY",TOTAL,NOT SPECIFIED,NATIONAL,,99,US,US TOTAL,,,,,,,,0,,,9000,UNITED STATES,US TOTAL,2003,MONTHLY,8,8,AUG,,2012-01-01 00:00:00.000,54.0,
SURVEY,ANIMALS & PRODUCTS,POULTRY,EGGS,ALL CLASSES,ALL PRODUCTION PRACTICES,ALL UTILIZATION PRACTICES,PRICE RECEIVED,PCT OF PARITY,"EGGS - PRICE RECEIVED, MEASURED IN PCT OF PARITY",TOTAL,NOT SPECIFIED,NATIONAL,,99,US,US TOTAL,,,,,,,,0,,,9000,UNITED STATES,US TOTAL,2003,MONTHLY,9,9,SEP,,2012-01-01 00:00:00.000,53.0,
SURVEY,ANIMALS & PRODUCTS,POULTRY,EGGS,ALL CLASSES,ALL PRODUCTION PRACTICES,ALL UTILIZATION PRACTICES,PRICE RECEIVED,PCT OF PARITY,"EGGS - PRICE RECEIVED, MEASURED IN PCT OF PARITY",TOTAL,NOT SPECIFIED,NATIONAL,,99,US,US TOTAL,,,,,,,,0,,,9000,UNITED STATES,US TOTAL,2003,MONTHLY,10,10,OCT,,2012-01-01 00:00:00.000,56.0,
SURVEY,ANIMALS & PRODUCTS,POULTRY,EGGS,ALL CLASSES,ALL PRODUCTION PRACTICES,ALL UTILIZATION PRACTICES,PRICE RECEIVED,PCT OF PARITY,"EGGS - PRICE RECEIVED, MEASURED IN PCT OF PARITY",TOTAL,NOT SPECIFIED,NATIONAL,,99,US,US TOTAL,,,,,,,,0,,,9000,UNITED STATES,US TOTAL,2003,MONTHLY,11,11,NOV,,2012-01-01 00:00:00.000,55.0,
SURVEY,ANIMALS & PRODUCTS,POULTRY,EGGS,ALL CLASSES,ALL PRODUCTION PRACTICES,ALL UTILIZATION PRACTICES,PRICE RECEIVED,PCT OF PARITY,"EGGS - PRICE RECEIVED, MEASURED IN PCT OF PARITY",TOTAL,NOT SPECIFIED,NATIONAL,,99,US,US TOTAL,,,,,,,,0,,,9000,UNITED STATES,US TOTAL,2003,MONTHLY,12,12,DEC,,2012-01-01 00:00:00.000,46.0,
SURVEY,ANIMALS & PRODUCTS,POULTRY,EGGS,ALL CLASSES,ALL PRODUCTION PRACTICES,ALL UTILIZATION PRACTICES,PRICE RECEIVED,PCT OF PARITY,"EGGS - PRICE RECEIVED, MEASURED IN PCT OF PARITY",TOTAL,NOT SPECIFIED,NATIONAL,,99,US,US TOTAL,,,,,,,,0,,,9000,UNITED STATES,US TOTAL,2002,MONTHLY,1,1,JAN,,2012-01-01 00:00:00.000,44.0,
SURVEY,ANIMALS & PRODUCTS,POULTRY,EGGS,ALL CLASSES,ALL PRODUCTION PRACTICES,ALL UTILIZATION PRACTICES,PRICE RECEIVED,PCT OF PARITY,"EGGS - PRICE RECEIVED, MEASURED IN PCT OF PARITY",TOTAL,NOT SPECIFIED,NATIONAL,,99,US,US TOTAL,,,,,,,,0,,,9000,UNITED STATES,US TOTAL,2002,MONTHLY,2,2,FEB,,2012-01-01 00:00:00.000,34.0,
SURVEY,ANIMALS & PRODUCTS,POULTRY,EGGS,ALL CLASSES,ALL PRODUCTION PRACTICES,ALL UTILIZATION PRACTICES,PRICE RECEIVED,PCT OF PARITY,"EGGS - PRICE RECEIVED, MEASURED IN PCT OF PARITY",TOTAL,NOT SPECIFIED,NATIONAL,,99,US,US TOTAL,,,,,,,,0,,,9000,UNITED STATES,US TOTAL,2002,MONTHLY,3,3,MAR,,2012-01-01 00:00:00.000,44.0,
SURVEY,ANIMALS & PRODUCTS,POULTRY,EGGS,ALL CLASSES,ALL PRODUCTION PRACTICES,ALL UTILIZATION PRACTICES,PRICE RECEIVED,PCT OF PARITY,"EGGS - PRICE RECEIVED, MEASURED IN PCT OF PARITY",TOTAL,NOT SPECIFIED,NATIONAL,,99,US,US TOTAL,,,,,,,,0,,,9000,UNITED STATES,US TOTAL,2002,MONTHLY,4,4,APR,,2012-01-01 00:00:00.000,32.0,
SURVEY,ANIMALS & PRODUCTS,POULTRY,EGGS,ALL CLASSES,ALL PRODUCTION PRACTICES,ALL UTILIZATION PRACTICES,PRICE RECEIVED,PCT OF PARITY,"EGGS - PRICE RECEIVED, MEASURED IN PCT OF PARITY",TOTAL,NOT SPECIFIED,NATIONAL,,99,US,US TOTAL,,,,,,,,0,,,9000,UNITED STATES,US TOTAL,2002,MONTHLY,5,5,MAY,,2012-01-01 00:00:00.000,34.0,
SURVEY,ANIMALS & PRODUCTS,POULTRY,EGGS,ALL CLASSES,ALL PRODUCTION PRACTICES,ALL UTILIZATION PRACTICES,PRICE RECEIVED,PCT OF PARITY,"EGGS - PRICE RECEIVED, MEASURED IN PCT OF PARITY",TOTAL,NOT SPECIFIED,NATIONAL,,99,US,US TOTAL,,,,,,,,0,,,9000,UNITED STATES,US TOTAL,2002,MONTHLY,6,6,JUN,,2012-01-01 00:00:00.000,47.0,
SURVEY,ANIMALS & PRODUCTS,POULTRY,EGGS,ALL CLASSES,ALL PRODUCTION PRACTICES,ALL UTILIZATION PRACTICES,PRICE RECEIVED,PCT OF PARITY,"EGGS - PRICE RECEIVED, MEASURED IN PCT OF PARITY",TOTAL,NOT SPECIFIED,NATIONAL,,99,US,US TOTAL,,,,,,,,0,,,9000,UNITED STATES,US TOTAL,2002,MONTHLY,7,7,JUL,,2012-01-01 00:00:00.000,40.0,
SURVEY,ANIMALS & PRODUCTS,POULTRY,EGGS,ALL CLASSES,ALL PRODUCTION PRACTICES,ALL UTILIZATION PRACTICES,PRICE RECEIVED,PCT OF PARITY,"EGGS - PRICE RECEIVED, MEASURED IN PCT OF PARITY",TOTAL,NOT SPECIFIED,NATIONAL,,99,US,US TOTAL,,,,,,,,0,,,9000,UNITED STATES,US TOTAL,2002,MONTHLY,8,8,AUG,,2012-01-01 00:00:00.000,43.0,
SURVEY,ANIMALS & PRODUCTS,POULTRY,EGGS,ALL CLASSES,ALL PRODUCTION PRACTICES,ALL UTILIZATION PRACTICES,PRICE RECEIVED,PCT OF PARITY,"EGGS - PRICE RECEIVED, MEASURED IN PCT OF PARITY",TOTAL,NOT SPECIFIED,NATIONAL,,99,US,US TOTAL,,,,,,,,0,,,9000,UNITED STATES,US TOTAL,2002,MONTHLY,9,9,SEP,,2012-01-01 00:00:00.000,37.0,
SURVEY,ANIMALS & PRODUCTS,POULTRY,EGGS,ALL CLASSES,ALL PRODUCTION PRACTICES,ALL UTILIZATION PRACTICES,PRICE RECEIVED,PCT OF PARITY,"EGGS - PRICE RECEIVED, MEASURED IN PCT OF PARITY",TOTAL,NOT SPECIFIED,NATIONAL,,99,US,US TOTAL,,,,,,,,0,,,9000,UNITED STATES,US TOTAL,2002,MONTHLY,10,10,OCT,,2012-01-01 00:00:00.000,36.0,
SURVEY,ANIMALS & PRODUCTS,POULTRY,EGGS,ALL CLASSES,ALL PRODUCTION PRACTICES,ALL UTILIZATION PRACTICES,PRICE RECEIVED,PCT OF PARITY,"EGGS - PRICE RECEIVED, MEASURED IN PCT OF PARITY",TOTAL,NOT SPECIFIED,NATIONAL,,99,US,US TOTAL,,,,,,,,0,,,9000,UNITED STATES,US TOTAL,2002,MONTHLY,11,11,NOV,,2012-01-01 00:00:00.000,45.0,
SURVEY,ANIMALS & PRODUCTS,POULTRY,EGGS,ALL CLASSES,ALL PRODUCTION PRACTICES,ALL UTILIZATION PRACTICES,PRICE RECEIVED,PCT OF PARITY,"EGGS - PRICE RECEIVED, MEASURED IN PCT OF PARITY",TOTAL,NOT SPECIFIED,NATIONAL,,99,US,US TOTAL,,,,,,,,0,,,9000,UNITED STATES,US TOTAL,2002,MONTHLY,12,12,DEC,,2012-01-01 00:00:00.000,37.0,
SURVEY,ANIMALS & PRODUCTS,POULTRY,EGGS,ALL CLASSES,ALL PRODUCTION PRACTICES,ALL UTILIZATION PRACTICES,PRICE RECEIVED,PCT OF PARITY,"EGGS - PRICE RECEIVED, MEASURED IN PCT OF PARITY",TOTAL,NOT SPECIFIED,NATIONAL,,99,US,US TOTAL,,,,,,,,0,,,9000,UNITED STATES,US TOTAL,2001,MONTHLY,12,12,DEC,,2012-01-01 00:00:00.000,40.0,
SURVEY,ANIMALS & PRODUCTS,POULTRY,EGGS,TABLE,ALL PRODUCTION PRACTICES,ALL UTILIZATION PRACTICES,PRICE RECEIVED,$ / DOZEN,"EGGS, TABLE - PRICE RECEIVED, MEASURED IN $ / DOZEN",TOTAL,NOT SPECIFIED,NATIONAL,,99,US,US TOTAL,,,,,,,,0,,,9000,UNITED STATES,US TOTAL,2026,MONTHLY,1,1,JAN,,2026-03-30 15:00:00.000,0.826,
SURVEY,ANIMALS & PRODUCTS,POULTRY,EGGS,TABLE,ALL PRODUCTION PRACTICES,ALL UTILIZATION PRACTICES,PRICE RECEIVED,$ / DOZEN,"EGGS, TABLE - PRICE RECEIVED, MEASURED IN $ / DOZEN",TOTAL,NOT SPECIFIED,NATIONAL,,99,US,US TOTAL,,,,,,,,0,,,9000,UNITED STATES,US TOTAL,2026,MONTHLY,2,2,FEB,,2026-04-30 15:00:00.000,0.978,
SURVEY,ANIMALS & PRODUCTS,POULTRY,EGGS,TABLE,ALL PRODUCTION PRACTICES,ALL UTILIZATION PRACTICES,PRICE RECEIVED,$ / DOZEN,"EGGS, TABLE - PRICE RECEIVED, MEASURED IN $ / DOZEN",TOTAL,NOT SPECIFIED,NATIONAL,,99,US,US TOTAL,,,,,,,,0,,,9000,UNITED STATES,US TOTAL,2026,MONTHLY,3,3,MAR,,2026-05-29 15:00:00.000,1.26,
SURVEY,ANIMALS & PRODUCTS,POULTRY,EGGS,TABLE,ALL PRODUCTION PRACTICES,ALL UTILIZATION PRACTICES,PRICE RECEIVED,$ / DOZEN,"EGGS, TABLE - PRICE RECEIVED, MEASURED IN $ / DOZEN",TOTAL,NOT SPECIFIED,NATIONAL,,99,US,US TOTAL,,,,,,,,0,,,9000,UNITED STATES,US TOTAL,2026,MONTHLY,4,4,APR,,2026-06-29 15:00:00.000,0.556,
SURVEY,ANIMALS & PRODUCTS,POULTRY,EGGS,TABLE,ALL PRODUCTION PRACTICES,ALL UTILIZATION PRACTICES,PRICE RECEIVED,$ / DOZEN,"EGGS, TABLE - PRICE RECEIVED, MEASURED IN $ / DOZEN",TOTAL,NOT SPECIFIED,NATIONAL,,99,US,US TOTAL,,,,,,,,0,,,9000,UNITED STATES,US TOTAL,2026,MONTHLY,5,5,MAY,,2026-07-31 15:00:00.000,0.558,
SURVEY,ANIMALS & PRODUCTS,POULTRY,EGGS,TABLE,ALL PRODUCTION PRACTICES,ALL UTILIZATION PRACTICES,PRICE RECEIVED,$ / DOZEN,"EGGS, TABLE - PRICE RECEIVED, MEASURED IN $ / DOZEN",TOTAL,NOT SPECIFIED,NATIONAL,,99,US,US TOTAL,,,,,,,,0,,,9000,UNITED STATES,US TOTAL,2026,MONTHLY,6,6,JUN,,2026-08-31 15:00:00.000,0.533,
SURVEY,ANIMALS & PRODUCTS,POULTRY,EGGS,TABLE,ALL PRODUCTION PRACTICES,ALL UTILIZATION PRACTICES,PRICE RECEIVED,$ / DOZEN,"EGGS, TABLE - PRICE RECEIVED, MEASURED IN $ / DOZEN",TOTAL,NOT SPECIFIED,NATIONAL,,99,US,US TOTAL,,,,,,,,0,,,9000,UNITED STATES,US TOTAL,2026,MONTHLY,7,7,JUL,,2026-08-31 15:00:00.000,0.783,
SURVEY,ANIMALS & PRODUCTS,POULTRY,EGGS,TABLE,ALL PRODUCTION PRACTICES,ALL UTILIZATION PRACTICES,PRICE RECEIVED,$ / DOZEN,"EGGS, TABLE - PRICE RECEIVED, MEASURED IN $ / DOZEN",TOTAL,NOT SPECIFIED,NATIONAL,,99,US,US TOTAL,,,,,,,,0,,,9000,UNITED STATES,US TOTAL,2025,ANNUAL,0,0,MARKETING YEAR,,2026-04-30 15:00:00.000,3.75,
SURVEY,ANIMALS & PRODUCTS,POULTRY,EGGS,TABLE,ALL PRODUCTION PRACTICES,ALL UTILIZATION PRACTICES,PRICE RECEIVED,$ / DOZEN,"EGGS, TABLE - PRICE RECEIVED, MEASURED IN $ / DOZEN",TOTAL,NOT SPECIFIED,NATIONAL,,99,US,US TOTAL,,,,,,,,0,,,9000,UNITED STATES,US TOTAL,2025,MONTHLY,1,1,JAN,,2026-04-30 15:00:00.000,6.54,
SURVEY,ANIMALS & PRODUCTS,POULTRY,EGGS,TABLE,ALL PRODUCTION PRACTICES,ALL UTILIZATION PRACTICES,PRICE RECEIVED,$ / DOZEN,"EGGS, TABLE - PRICE RECEIVED, MEASURED IN $ / DOZEN",TOTAL,NOT SPECIFIED,NATIONAL,,99,US,US TOTAL,,,,,,,,0,,,9000,UNITED STATES,US TOTAL,2025,MONTHLY,2,2,FEB,,2026-04-30 15:00:00.000,7.47,
SURVEY,ANIMALS & PRODUCTS,POULTRY,EGGS,TABLE,ALL PRODUCTION PRACTICES,ALL UTILIZATION PRACTICES,PRICE RECEIVED,$ / DOZEN,"EGGS, TABLE - PRICE RECEIVED, MEASURED IN $ / DOZEN",TOTAL,NOT SPECIFIED,NATIONAL,,99,US,US TOTAL,,,,,,,,0,,,9000,UNITED STATES,US TOTAL,2025,MONTHLY,3,3,MAR,,2026-04-30 15:00:00.000,5.96,
SURVEY,ANIMALS & PRODUCTS,POULTRY,EGGS,TABLE,ALL PRODUCTION PRACTICES,ALL UTILIZATION PRACTICES,PRICE RECEIVED,$ / DOZEN,"EGGS, TABLE - PRICE RECEIVED, MEASURED IN $ / DOZEN",TOTAL,NOT SPECIFIED,NATIONAL,,99,US,US TOTAL,,,,,,,,0,,,9000,UNITED STATES,US TOTAL,2025,MONTHLY,4,4,APR,,2026-04-30 15:00:00.000,3.74,
SURVEY,ANIMALS & PRODUCTS,POULTRY,EGGS,TABLE,ALL PRODUCTION PRACTICES,ALL UTILIZATION PRACTICES,PRICE RECEIVED,$ / DOZEN,"EGGS, TABLE - PRICE RECEIVED, MEASURED IN $ / DOZEN",TOTAL,NOT SPECIFIED,NATIONAL,,99,US,US TOTAL,,,,,,,,0,,,9000,UNITED STATES,US TOTAL,2025,MONTHLY,5,5,MAY,,2026-04-30 15:00:00.000,3.45,
SURVEY,ANIMALS & PRODUCTS,POULTRY,EGGS,TABLE,ALL PRODUCTION PRACTICES,ALL UTILIZATION PRACTICES,PRICE RECEIVED,$ / DOZEN,"EGGS, TABLE - PRICE RECEIVED, MEASURED IN $ / DOZEN",TOTAL,NOT SPECIFIED,NATIONAL,,99,US,US TOTAL,,,,,,,,0,,,9000,UNITED STATES,US TOTAL,2025,MONTHLY,6,6,JUN,,2026-04-30 15:00:00.000,2.87,
SURVEY,ANIMALS & PRODUCTS,POULTRY,EGGS,TABLE,ALL PRODUCTION PRACTICES,ALL UTILIZATION PRACTICES,PRICE RECEIVED,$ / DOZEN,"EGGS, TABLE - PRICE RECEIVED, MEASURED IN $ / DOZEN",TOTAL,NOT SPECIFIED,NATIONAL,,99,US,US TOTAL,,,,,,,,0,,,9000,UNITED STATES,US TOTAL,2025,MONTHLY,7,7,JUL,,2026-04-30 15:00:00.000,2.93,
SURVEY,ANIMALS & PRODUCTS,POULTRY,EGGS,TABLE,ALL PRODUCTION PRACTICES,ALL UTILIZATION PRACTICES,PRICE RECEIVED,$ / DOZEN,"EGGS, TABLE - PRICE RECEIVED, MEASURED IN $ / DOZEN",TOTAL,NOT SPECIFIED,NATIONAL,,99,US,US TOTAL,,,,,,,,0,,,9000,UNITED STATES,US TOTAL,2025,MONTHLY,8,8,AUG,,2026-04-30 15:00:00.000,2.2,
SURVEY,ANIMALS & PRODUCTS,POULTRY,EGGS,TABLE,ALL PRODUCTION PRACTICES,ALL UTILIZATION PRACTICES,PRICE RECEIVED,$ / DOZEN,"EGGS, TABLE - PRICE RECEIVED, MEASURED IN $ / DOZEN",TOTAL,NOT SPECIFIED,NATIONAL,,99,US,US TOTAL,,,,,,,,0,,,9000,UNITED STATES,US TOTAL,2025,MONTHLY,9,9,SEP,,2026-04-30 15:00:00.000,1.93,
SURVEY,ANIMALS & PRODUCTS,POULTRY,EGGS,TABLE,ALL PRODUCTION PRACTICES,ALL UTILIZATION PRACTICES,PRICE RECEIVED,$ / DOZEN,"EGGS, TABLE - PRICE RECEIVED, MEASURED IN $ / DOZEN",TOTAL,NOT SPECIFIED,NATIONAL,,99,US,US TOTAL,,,,,,,,0,,,9000,UNITED STATES,US TOTAL,2025,MONTHLY,10,10,OCT,,2026-04-30 15:00:00.000,1.47,
SURVEY,ANIMALS & PRODUCTS,POULTRY,EGGS,TABLE,ALL PRODUCTION PRACTICES,ALL UTILIZATION PRACTICES,PRICE RECEIVED,$ / DOZEN,"EGGS, TABLE - PRICE RECEIVED, MEASURED IN $ / DOZEN",TOTAL,NOT SPECIFIED,NATIONAL,,99,US,US TOTAL,,,,,,,,0,,,9000,UNITED STATES,US TOTAL,2025,MONTHLY,11,11,NOV,,2026-04-30 15:00:00.000,2.11,
SURVEY,ANIMALS & PRODUCTS,POULTRY,EGGS,TABLE,ALL PRODUCTION PRACTICES,ALL UTILIZATION PRACTICES,PRICE RECEIVED,$ / DOZEN,"EGGS, TABLE - PRICE RECEIVED, MEASURED IN $ / DOZEN",TOTAL,NOT SPECIFIED,NATIONAL,,99,US,US TOTAL,,,,,,,,0,,,9000,UNITED STATES,US TOTAL,2025,MONTHLY,12,12,DEC,,2026-02-27 15:00:00.000,1.49,
SURVEY,ANIMALS & PRODUCTS,POULTRY,EGGS,TABLE,ALL PRODUCTION PRACTICES,ALL UTILIZATION PRACTICES,PRICE RECEIVED,$ / DOZEN,"EGGS, TABLE - PRICE RECEIVED, MEASURED IN $ / DOZEN",TOTAL,NOT SPECIFIED,NATIONAL,,99,US,US TOTAL,,,,,,,,0,,,9000,UNITED STATES,US TOTAL,2024,ANNUAL,0,0,MARKETING YEAR,,2026-04-30 15:00:00.000,2.25,
SURVEY,ANIMALS & PRODUCTS,POULTRY,EGGS,TABLE,ALL PRODUCTION PRACTICES,ALL UTILIZATION PRACTICES,PRICE RECEIVED,$ / DOZEN,"EGGS, TABLE - PRICE RECEIVED, MEASURED IN $ / DOZEN",TOTAL,NOT SPECIFIED,NATIONAL,,99,US,US TOTAL,,,,,,,,0,,,9000,UNITED STATES,US TOTAL,2024,MONTHLY,1,1,JAN,,2026-04-30 15:00:00.000,2.01,
SURVEY,ANIMALS & PRODUCTS,POULTRY,EGGS,TABLE,ALL PRODUCTION PRACTICES,ALL UTILIZATION PRACTICES,PRICE RECEIVED,$ / DOZEN,"EGGS, TABLE - PRICE RECEIVED, MEASURED IN $ / DOZEN",TOTAL,NOT SPECIFIED,NATIONAL,,99,US,US TOTAL,,,,,,,,0,,,9000,UNITED STATES,US TOTAL,2024,MONTHLY,2,2,FEB,,2026-04-30 15:00:00.000,2.3,
SURVEY,ANIMALS & PRODUCTS,POULTRY,EGGS,TABLE,ALL PRODUCTION PRACTICES,ALL UTILIZATION PRACTICES,PRICE RECEIVED,$ / DOZEN,"EGGS, TABLE - PRICE RECEIVED, MEASURED IN $ / DOZEN",TOTAL,NOT SPECIFIED,NATIONAL,,99,US,US TOTAL,,,,,,,,0,,,9000,UNITED STATES,US TOTAL,2024,MONTHLY,3,3,MAR,,2026-04-30 15:00:00.000,2.15,
SURVEY,ANIMALS & PRODUCTS,POULTRY,EGGS,TABLE,ALL PRODUCTION PRACTICES,ALL UTILIZATION PRACTICES,PRICE RECEIVED,$ / DOZEN,"EGGS, TABLE - PRICE RECEIVED, MEASURED IN $ / DOZEN",TOTAL,NOT SPECIFIED,NATIONAL,,99,US,US TOTAL,,,,,,,,0,,,9000,UNITED STATES,US TOTAL,2024,MONTHLY,4,4,APR,,2026-04-30 15:00:00.000,1.79,
SURVEY,ANIMALS & PRODUCTS,POULTRY,EGGS,TABLE,ALL PRODUCTION PRACTICES,ALL UTILIZATION PRACTICES,PRICE RECEIVED,$ / DOZEN,"EGGS, TABLE - PRICE RECEIVED, MEASURED IN $ / DOZEN",TOTAL,NOT SPECIFIED,NATIONAL,,99,US,US TOTAL,,,,,,,,0,,,9000,UNITED STATES,US TOTAL,2024,MONTHLY,5,5,MAY,,2026-04-30 15:00:00.000,1.53,
SURVEY,ANIMALS & PRODUCTS,POULTRY,EGGS,TABLE,ALL PRODUCTION PRACTICES,ALL UTILIZATION PRACTICES,PRICE RECEIVED,$ / DOZEN,"EGGS, TABLE - PRICE RECEIVED, MEASURED IN $ / DOZEN",TOTAL,NOT SPECIFIED,NATIONAL,,99,US,US TOTAL,,,,,,,,0,,,9000,UNITED STATES,US TOTAL,2024,MONTHLY,6,6,JUN,,2026-04-30 15:00:00.000,1.99,
SURVEY,ANIMALS & PRODUCTS,POULTRY,EGGS,TABLE,ALL PRODUCTION PRACTICES,ALL UTILIZATION PRACTICES,PRICE RECEIVED,$ / DOZEN,"EGGS, TABLE - PRICE RECEIVED, MEASURED IN $ / DOZEN",TOTAL,NOT SPECIFIED,NATIONAL,,99,US,US TOTAL,,,,,,,,0,,,9000,UNITED STATES,US TOTAL,2024,MONTHLY,7,7,JUL,,2026-04-30 15:00:00.000,2.36,
SURVEY,ANIMALS & PRODUCTS,POULTRY,EGGS,TABLE,ALL PRODUCTION PRACTICES,ALL UTILIZATION PRACTICES,PRICE RECEIVED,$ / DOZEN,"EGGS, TABLE - PRICE RECEIVED, MEASURED IN $ / DOZEN",TOTAL,NOT SPECIFIED,NATIONAL,,99,US,US TOTAL,,,,,,,,0,,,9000,UNITED STATES,US TOTAL,2024,MONTHLY,8,8,AUG,,2026-04-30 15:00:00.000,3.3,
SURVEY,ANIMALS & PRODUCTS,POULTRY,EGGS,TABLE,ALL PRODUCTION PRACTICES,ALL UTILIZATION PRACTICES,PRICE RECEIVED,$ / DOZEN,"EGGS, TABLE - PRICE RECEIVED, MEASURED IN $ / DOZEN",TOTAL,NOT SPECIFIED,NATIONAL,,99,US,US TOTAL,,,,,,,,0,,,9000,UNITED STATES,US TOTAL,2024,MONTHLY,9,9,SEP,,2026-04-30 15:00:00.000,1.96,
SURVEY,ANIMALS & PRODUCTS,POULTRY,EGGS,TABLE,ALL PRODUCTION PRACTICES,ALL UTILIZATION PRACTICES,PRICE RECEIVED,$ / DOZEN,"EGGS, TABLE - PRICE RECEIVED, MEASURED IN $ / DOZEN",TOTAL,NOT SPECIFIED,NATIONAL,,99,US,US TOTAL,,,,,,,,0,,,9000,UNITED STATES,US TOTAL,2024,MONTHLY,10,10,OCT,,2026-04-30 15:00:00.000,2.72,
SURVEY,ANIMALS & PRODUCTS,POULTRY,EGGS,TABLE,ALL PRODUCTION PRACTICES,ALL UTILIZATION PRACTICES,PRICE RECEIVED,$ / DOZEN,"EGGS, TABLE - PRICE RECEIVED, MEASURED IN $ / DOZEN",TOTAL,NOT SPECIFIED,NATIONAL,,99,US,US TOTAL,,,,,,,,0,,,9000,UNITED STATES,US TOTAL,2024,MONTHLY,11,11,NOV,,2026-04-30 15:00:00.000,3.21,
SURVEY,ANIMALS & PRODUCTS,POULTRY,EGGS,TABLE,ALL PRODUCTION PRACTICES,ALL UTILIZATION PRACTICES,PRICE RECEIVED,$ / DOZEN,"EGGS, TABLE - PRICE RECEIVED, MEASURED IN $ / DOZEN",TOTAL,NOT SPECIFIED,NATIONAL,,99,US,US TOTAL,,,,,,,,0,,,9000,UNITED STATES,US TOTAL,2024,MONTHLY,12,12,DEC,,2026-04-30 15:00:00.000,4.59,
SURVEY,ANIMALS & PRODUCTS,POULTRY,EGGS,TABLE,ALL PRODUCTION PRACTICES,ALL UTILIZATION PRACTICES,PRICE RECEIVED,$ / DOZEN,"EGGS, TABLE - PRICE RECEIVED, MEASURED IN $ / DOZEN",TOTAL,NOT SPECIFIED,NATIONAL,,99,US,US TOTAL,,,,,,,,0,,,9000,UNITED STATES,US TOTAL,2023,ANNUAL,0,0,MARKETING YEAR,,2024-04-23 15:00:00.000,1.77,
SURVEY,ANIMALS & PRODUCTS,POULTRY,EGGS,TABLE,ALL PRODUCTION PRACTICES,ALL UTILIZATION PRACTICES,PRICE RECEIVED,$ / DOZEN,"EGGS, TABLE - PRICE RECEIVED, MEASURED IN $ / DOZEN",TOTAL,NOT SPECIFIED,NATIONAL,,99,US,US TOTAL,,,,,,,,0,,,9000,UNITED STATES,US TOTAL,2023,MONTHLY,1,1,JAN,,2024-04-23 15:00:00.000,2.92,
SURVEY,ANIMALS & PRODUCTS,POULTRY,EGGS,TABLE,ALL PRODUCTION PRACTICES,ALL UTILIZATION PRACTICES,PRICE RECEIVED,$ / DOZEN,"EGGS, TABLE - PRICE RECEIVED, MEASURED IN $ / DOZEN",TOTAL,NOT SPECIFIED,NATIONAL,,99,US,US TOTAL,,,,,,,,0,,,9000,UNITED STATES,US TOTAL,2023,MONTHLY,2,2,FEB,,2024-04-23 15:00:00.000,2.46,
SURVEY,ANIMALS & PRODUCTS,POULTRY,EGGS,TABLE,ALL PRODUCTION PRACTICES,ALL UTILIZATION PRACTICES,PRICE RECEIVED,$ / DOZEN,"EGGS, TABLE - PRICE RECEIVED, MEASURED IN $ / DOZEN",TOTAL,NOT SPECIFIED,NATIONAL,,99,US,US TOTAL,,,,,,,,0,,,9000,UNITED STATES,US TOTAL,2023,MONTHLY,3,3,MAR,,2024-04-23 15:00:00.000,2.68,
SURVEY,ANIMALS & PRODUCTS,POULTRY,EGGS,TABLE,ALL PRODUCTION PRACTICES,ALL UTILIZATION PRACTICES,PRICE RECEIVED,$ / DOZEN,"EGGS, TABLE - PRICE RECEIVED, MEASURED IN $ / DOZEN",TOTAL,NOT SPECIFIED,NATIONAL,,99,US,US TOTAL,,,,,,,,0,,,9000,UNITED STATES,US TOTAL,2023,MONTHLY,4,4,APR,,2024-04-23 15:00:00.000,1.25,
SURVEY,ANIMALS & PRODUCTS,POULTRY,EGGS,TABLE,ALL PRODUCTION PRACTICES,ALL UTILIZATION PRACTICES,PRICE RECEIVED,$ / DOZEN,"EGGS, TABLE - PRICE RECEIVED, MEASURED IN $ / DOZEN",TOTAL,NOT SPECIFIED,NATIONAL,,99,US,US TOTAL,,,,,,,,0,,,9000,UNITED STATES,US TOTAL,2023,MONTHLY,5,5,MAY,,2024-04-23 15:00:00.000,0.743,
SURVEY,ANIMALS & PRODUCTS,POULTRY,EGGS,TABLE,ALL PRODUCTION PRACTICES,ALL UTILIZATION PRACTICES,PRICE RECEIVED,$ / DOZEN,"EGGS, TABLE - PRICE RECEIVED, MEASURED IN $ / DOZEN",TOTAL,NOT SPECIFIED,NATIONAL,,99,US,US TOTAL,,,,,,,,0,,,9000,UNITED STATES,US TOTAL,2023,MONTHLY,6,6,JUN,,2024-04-23 15:00:00.000,0.973,
SURVEY,ANIMALS & PRODUCTS,POULTRY,EGGS,TABLE,ALL PRODUCTION PRACTICES,ALL UTILIZATION PRACTICES,PRICE RECEIVED,$ / DOZEN,"EGGS, TABLE - PRICE RECEIVED, MEASURED IN $ / DOZEN",TOTAL,NOT SPECIFIED,NATIONAL,,99,US,US TOTAL,,,,,,,,0,,,9000,UNITED STATES,US TOTAL,2023,MONTHLY,7,7,JUL,,2024-04-23 15:00:00.000,0.95,
SURVEY,ANIMALS & PRODUCTS,POULTRY,EGGS,TABLE,ALL PRODUCTION PRACTICES,ALL UTILIZATION PRACTICES,PRICE RECEIVED,$ / DOZEN,"EGGS, TABLE - PRICE RECEIVED, MEASURED IN $ / DOZEN",TOTAL,NOT SPECIFIED,NATIONAL,,99,US,US TOTAL,,,,,,,,0,,,9000,UNITED STATES,US TOTAL,2023,MONTHLY,8,8,AUG,,2024-04-23 15:00:00.000,1.1,
SURVEY,ANIMALS & PRODUCTS,POULTRY,EGGS,TABLE,ALL PRODUCTION PRACTICES,ALL UTILIZATION PRACTICES,PRICE RECEIVED,$ / DOZEN,"EGGS, TABLE - PRICE RECEIVED, MEASURED IN $ / DOZEN",TOTAL,NOT SPECIFIED,NATIONAL,,99,US,US TOTAL,,,,,,,,0,,,9000,UNITED STATES,US TOTAL,2023,MONTHLY,9,9,SEP,,2024-04-23 15:00:00.000,0.945,
SURVEY,ANIMALS & PRODUCTS,POULTRY,EGGS,TABLE,ALL PRODUCTION PRACTICES,ALL UTILIZATION PRACTICES,PRICE RECEIVED,$ / DOZEN,"EGGS, TABLE - PRICE RECEIVED, MEASURED IN $ / DOZEN",TOTAL,NOT SPECIFIED,NATIONAL,,99,US,US TOTAL,,,,,,,,0,,,9000,UNITED STATES,US TOTAL,2023,MONTHLY,10,10,OCT,,2024-04-23 15:00:00.000,0.927,
SURVEY,ANIMALS & PRODUCTS,POULTRY,EGGS,TABLE,ALL PRODUCTION PRACTICES,ALL UTILIZATION PRACTICES,PRICE RECEIVED,$ / DOZEN,"EGGS, TABLE - PRICE RECEIVED, MEASURED IN $ / DOZEN",TOTAL,NOT SPECIFIED,NATIONAL,,99,US,US TOTAL,,,,,,,,0,,,9000,UNITED STATES,US TOTAL,2023,MONTHLY,11,11,NOV,,2024-04-23 15:00:00.000,1.61,
SURVEY,ANIMALS & PRODUCTS,POULTRY,EGGS,TABLE,ALL PRODUCTION PRACTICES,ALL UTILIZATION PRACTICES,PRICE RECEIVED,$ / DOZEN,"EGGS, TABLE - PRICE RECEIVED, MEASURED IN $ / DOZEN",TOTAL,NOT SPECIFIED,NATIONAL,,99,US,US TOTAL,,,,,,,,0,,,9000,UNITED STATES,US TOTAL,2023,MONTHLY,12,12,DEC,,2026-04-30 15:00:00.000,1.71,
SURVEY,ANIMALS & PRODUCTS,POULTRY,EGGS,TABLE,ALL PRODUCTION PRACTICES,ALL UTILIZATION PRACTICES,PRICE RECEIVED,$ / DOZEN,"EGGS, TABLE - PRICE RECEIVED, MEASURED IN $ / DOZEN",TOTAL,NOT SPECIFIED,NATIONAL,,99,US,US TOTAL,,,,,,,,0,,,9000,UNITED STATES,US TOTAL,2022,ANNUAL,0,0,MARKETING YEAR,,2024-04-23 15:00:00.000,2.01,
SURVEY,ANIMALS & PRODUCTS,POULTRY,EGGS,TABLE,ALL PRODUCTION PRACTICES,ALL UTILIZATION PRACTICES,PRICE RECEIVED,$ / DOZEN,"EGGS, TABLE - PRICE RECEIVED, MEASURED IN $ / DOZEN",TOTAL,NOT SPECIFIED,NATIONAL,,99,US,US TOTAL,,,,,,,,0,,,9000,UNITED STATES,US TOTAL,2022,MONTHLY,1,1,JAN,,2024-04-23 15:00:00.000,1.26,
SURVEY,ANIMALS & PRODUCTS,POULTRY,EGGS,TABLE,ALL PRODUCTION PRACTICES,ALL UTILIZATION PRACTICES,PRICE RECEIVED,$ / DOZEN,"EGGS, TABLE - PRICE RECEIVED, MEASURED IN $ / DOZEN",TOTAL,NOT SPECIFIED,NATIONAL,,99,US,US TOTAL,,,,,,,,0,,,9000,UNITED STATES,US TOTAL,2022,MONTHLY,2,2,FEB,,2024-04-23 15:00:00.000,1.21,
SURVEY,ANIMALS & PRODUCTS,POULTRY,EGGS,TABLE,ALL PRODUCTION PRACTICES,ALL UTILIZATION PRACTICES,PRICE RECEIVED,$ / DOZEN,"EGGS, TABLE - PRICE RECEIVED, MEASURED IN $ / DOZEN",TOTAL,NOT SPECIFIED,NATIONAL,,99,US,US TOTAL,,,,,,,,0,,,9000,UNITED STATES,US TOTAL,2022,MONTHLY,3,3,MAR,,2024-04-23 15:00:00.000,1.4,
SURVEY,ANIMALS & PRODUCTS,POULTRY,EGGS,TABLE,ALL PRODUCTION PRACTICES,ALL UTILIZATION PRACTICES,PRICE RECEIVED,$ / DOZEN,"EGGS, TABLE - PRICE RECEIVED, MEASURED IN $ / DOZEN",TOTAL,NOT SPECIFIED,NATIONAL,,99,US,US TOTAL,,,,,,,,0,,,9000,UNITED STATES,US TOTAL,2022,MONTHLY,4,4,APR,,2024-04-23 15:00:00.000,2.21,
SURVEY,ANIMALS & PRODUCTS,POULTRY,EGGS,TABLE,ALL PRODUCTION PRACTICES,ALL UTILIZATION PRACTICES,PRICE RECEIVED,$ / DOZEN,"EGGS, TABLE - PRICE RECEIVED, MEASURED IN $ / DOZEN",TOTAL,NOT SPECIFIED,NATIONAL,,99,US,US TOTAL,,,,,,,,0,,,9000,UNITED STATES,US TOTAL,2022,MONTHLY,5,5,MAY,,2024-04-23 15:00:00.000,1.88,
SURVEY,ANIMALS & PRODUCTS,POULTRY,EGGS,TABLE,ALL PRODUCTION PRACTICES,ALL UTILIZATION PRACTICES,PRICE RECEIVED,$ / DOZEN,"EGGS, TABLE - PRICE RECEIVED, MEASURED IN $ / DOZEN",TOTAL,NOT SPECIFIED,NATIONAL,,99,US,US TOTAL,,,,,,,,0,,,9000,UNITED STATES,US TOTAL,2022,MONTHLY,6,6,JUN,,2024-04-23 15:00:00.000,1.9,
SURVEY,ANIMALS & PRODUCTS,POULTRY,EGGS,TABLE,ALL PRODUCTION PRACTICES,ALL UTILIZATION PRACTICES,PRICE RECEIVED,$ / DOZEN,"EGGS, TABLE - PRICE RECEIVED, MEASURED IN $ / DOZEN",TOTAL,NOT SPECIFIED,NATIONAL,,99,US,US TOTAL,,,,,,,,0,,,9000,UNITED STATES,US TOTAL,2022,MONTHLY,7,7,JUL,,2024-04-23 15:00:00.000,2.61,
SURVEY,ANIMALS & PRODUCTS,POULTRY,EGGS,TABLE,ALL PRODUCTION PRACTICES,ALL UTILIZATION PRACTICES,PRICE RECEIVED,$ / DOZEN,"EGGS, TABLE - PRICE RECEIVED, MEASURED IN $ / DOZEN",TOTAL,NOT SPECIFIED,NATIONAL,,99,US,US TOTAL,,,,,,,,0,,,9000,UNITED STATES,US TOTAL,2022,MONTHLY,8,8,AUG,,2024-04-23 15:00:00.000,1.8,
SURVEY,ANIMALS & PRODUCTS,POULTRY,EGGS,TABLE,ALL PRODUCTION PRACTICES,ALL UTILIZATION PRACTICES,PRICE RECEIVED,$ / DOZEN,"EGGS, TABLE - PRICE RECEIVED, MEASURED IN $ / DOZEN",TOTAL,NOT SPECIFIED,NATIONAL,,99,US,US TOTAL,,,,,,,,0,,,9000,UNITED STATES,US TOTAL,2022,MONTHLY,9,9,SEP,,2024-04-23 15:00:00.000,2.62,
SURVEY,ANIMALS & PRODUCTS,POULTRY,EGGS,TABLE,ALL PRODUCTION PRACTICES,ALL UTILIZATION PRACTICES,PRICE RECEIVED,$ / DOZEN,"EGGS, TABLE - PRICE RECEIVED, MEASURED IN $ / DOZEN",TOTAL,NOT SPECIFIED,NATIONAL,,99,US,US TOTAL,,,,,,,,0,,,9000,UNITED STATES,US TOTAL,2022,MONTHLY,10,10,OCT,,2024-04-23 15:00:00.000,2.82,
SURVEY,ANIMALS & PRODUCTS,POULTRY,EGGS,TABLE,ALL PRODUCTION PRACTICES,ALL UTILIZATION PRACTICES,PRICE RECEIVED,$ / DOZEN,"EGGS, TABLE - PRICE RECEIVED, MEASURED IN $ / DOZEN",TOTAL,NOT SPECIFIED,NATIONAL,,99,US,US TOTAL,,,,,,,,0,,,9000,UNITED STATES,US TOTAL,2022,MONTHLY,11,11,NOV,,2024-04-23 15:00:00.000,3.43,
SURVEY,ANIMALS & PRODUCTS,POULTRY,EGGS,TABLE,ALL PRODUCTION PRACTICES,ALL UTILIZATION PRACTICES,PRICE RECEIVED,$ / DOZEN,"EGGS, TABLE - PRICE RECEIVED, MEASURED IN $ / DOZEN",TOTAL,NOT SPECIFIED,NATIONAL,,99,US,US TOTAL,,,,,,,,0,,,9000,UNITED STATES,US TOTAL,2022,MONTHLY,12,12,DEC,,2024-04-23 15:00:00.000,4.77,
SURVEY,ANIMALS & PRODUCTS,POULTRY,EGGS,TABLE,ALL PRODUCTION PRACTICES,ALL UTILIZATION PRACTICES,PRICE RECEIVED,$ / DOZEN,"EGGS, TABLE - PRICE RECEIVED, MEASURED IN $ / DOZEN",TOTAL,NOT SPECIFIED,NATIONAL,,99,US,US TOTAL,,,,,,,,0,,,9000,UNITED STATES,US TOTAL,2021,ANNUAL,0,0,MARKETING YEAR,,2024-04-29 15:00:00.000,0.667,
SURVEY,ANIMALS & PRODUCTS,POULTRY,EGGS,TABLE,ALL PRODUCTION PRACTICES,ALL UTILIZATION PRACTICES,PRICE RECEIVED,$ / DOZEN,"EGGS, TABLE - PRICE RECEIVED, MEASURED IN $ / DOZEN",TOTAL,NOT SPECIFIED,NATIONAL,,99,US,US TOTAL,,,,,,,,0,,,9000,UNITED STATES,US TOTAL,2021,MONTHLY,1,1,JAN,,2024-04-29 15:00:00.000,0.669,
SURVEY,ANIMALS & PRODUCTS,POULTRY,EGGS,TABLE,ALL PRODUCTION PRACTICES,ALL UTILIZATION PRACTICES,PRICE RECEIVED,$ / DOZEN,"EGGS, TABLE - PRICE RECEIVED, MEASURED IN $ / DOZEN",TOTAL,NOT SPECIFIED,NATIONAL,,99,US,US TOTAL,,,,,,,,0,,,9000,UNITED STATES,US TOTAL,2021,MONTHLY,2,2,FEB,,2024-04-29 15:00:00.000,0.735,
SURVEY,ANIMALS & PRODUCTS,POULTRY,EGGS,TABLE,ALL PRODUCTION PRACTICES,ALL UTILIZATION PRACTICES,PRICE RECEIVED,$ / DOZEN,"EGGS, TABLE - PRICE RECEIVED, MEASURED IN $ / DOZEN",TOTAL,NOT SPECIFIED,NATIONAL,,99,US,US TOTAL,,,,,,,,0,,,9000,UNITED STATES,US TOTAL,2021,MONTHLY,3,3,MAR,,2024-04-29 15:00:00.000,0.907,
SURVEY,ANIMALS & PRODUCTS,POULTRY,EGGS,TABLE,ALL PRODUCTION PRACTICES,ALL UTILIZATION PRACTICES,PRICE RECEIVED,$ / DOZEN,"EGGS, TABLE - PRICE RECEIVED, MEASURED IN $ / DOZEN",TOTAL,NOT SPECIFIED,NATIONAL,,99,US,US TOTAL,,,,,,,,0,,,9000,UNITED STATES,US TOTAL,2021,MONTHLY,4,4,APR,,2024-04-29 15:00:00.000,0.568,
SURVEY,ANIMALS & PRODUCTS,POULTRY,EGGS,TABLE,ALL PRODUCTION PRACTICES,ALL UTILIZATION PRACTICES,PRICE RECEIVED,$ / DOZEN,"EGGS, TABLE - PRICE RECEIVED, MEASURED IN $ / DOZEN",TOTAL,NOT SPECIFIED,NATIONAL,,99,US,US TOTAL,,,,,,,,0,,,9000,UNITED STATES,US TOTAL,2021,MONTHLY,5,5,MAY,,2024-04-29 15:00:00.000,0.527,
SURVEY,ANIMALS & PRODUCTS,POULTRY,EGGS,TABLE,ALL PRODUCTION PRACTICES,ALL UTILIZATION PRACTICES,PRICE RECEIVED,$ / DOZEN,"EGGS, TABLE - PRICE RECEIVED, MEASURED IN $ / DOZEN",TOTAL,NOT SPECIFIED,NATIONAL,,99,US,US TOTAL,,,,,,,,0,,,9000,UNITED STATES,US TOTAL,2021,MONTHLY,6,6,JUN,,2024-04-29 15:00:00.000,0.503,
SURVEY,ANIMALS & PRODUCTS,POULTRY,EGGS,TABLE,ALL PRODUCTION PRACTICES,ALL UTILIZATION PRACTICES,PRICE RECEIVED,$ / DOZEN,"EGGS, TABLE - PRICE RECEIVED, MEASURED IN $ / DOZEN",TOTAL,NOT SPECIFIED,NATIONAL,,99,US,US TOTAL,,,,,,,,0,,,9000,UNITED STATES,US TOTAL,2021,MONTHLY,7,7,JUL,,2024-04-29 15:00:00.000,0.578,
SURVEY,ANIMALS & PRODUCTS,POULTRY,EGGS,TABLE,ALL PRODUCTION PRACTICES,ALL UTILIZATION PRACTICES,PRICE RECEIVED,$ / DOZEN,"EGGS, TABLE - PRICE RECEIVED, MEASURED IN $ / DOZEN",TOTAL,NOT SPECIFIED,NATIONAL,,99,US,US TOTAL,,,,,,,,0,,,9000,UNITED STATES,US TOTAL,2021,MONTHLY,8,8,AUG,,2024-04-29 15:00:00.000,0.824,
SURVEY,ANIMALS & PRODUCTS,POULTRY,EGGS,TABLE,ALL PRODUCTION PRACTICES,ALL UTILIZATION PRACTICES,PRICE RECEIVED,$ / DOZEN,"EGGS, TABLE - PRICE RECEIVED, MEASURED IN $ / DOZEN",TOTAL,NOT SPECIFIED,NATIONAL,,99,US,US TOTAL,,,,,,,,0,,,9000,UNITED STATES,US TOTAL,2021,MONTHLY,9,9,SEP,,2024-04-29 15:00:00.000,0.77,
SURVEY,ANIMALS & PRODUCTS,POULTRY,EGGS,TABLE,ALL PRODUCTION PRACTICES,ALL UTILIZATION PRACTICES,PRICE RECEIVED,$ / DOZEN,"EGGS, TABLE - PRICE RECEIVED, MEASURED IN $ / DOZEN",TOTAL,NOT SPECIFIED,NATIONAL,,99,US,US TOTAL,,,,,,,,0,,,9000,UNITED STATES,US TOTAL,2021,MONTHLY,10,10,OCT,,2024-04-29 15:00:00.000,0.623,
SURVEY,ANIMALS & PRODUCTS,POULTRY,EGGS,TABLE,ALL PRODUCTION PRACTICES,ALL UTILIZATION PRACTICES,PRICE RECEIVED,$ / DOZEN,"EGGS, TABLE - PRICE RECEIVED, MEASURED IN $ / DOZEN",TOTAL,NOT SPECIFIED,NATIONAL,,99,US,US TOTAL,,,,,,,,0,,,9000,UNITED STATES,US TOTAL,2021,MONTHLY,11,11,NOV,,2024-04-29 15:00:00.000,0.845,
SURVEY,ANIMALS & PRODUCTS,POULTRY,EGGS,TABLE,ALL PRODUCTION PRACTICES,ALL UTILIZATION PRACTICES,PRICE RECEIVED,$ / DOZEN,"EGGS, TABLE - PRICE RECEIVED, MEASURED IN $ / DOZEN",TOTAL,NOT SPECIFIED,NATIONAL,,99,US,US TOTAL,,,,,,,,0,,,9000,UNITED STATES,US TOTAL,2021,MONTHLY,12,12,DEC,,2024-04-23 15:00:00.000,1.16,
SURVEY,ANIMALS & PRODUCTS,POULTRY,EGGS,TABLE,ALL PRODUCTION PRACTICES,ALL UTILIZATION PRACTICES,PRICE RECEIVED,$ / DOZEN,"EGGS, TABLE - PRICE RECEIVED, MEASURED IN $ / DOZEN",TOTAL,NOT SPECIFIED,NATIONAL,,99,US,US TOTAL,,,,,,,,0,,,9000,UNITED STATES,US TOTAL,2020,ANNUAL,0,0,MARKETING YEAR,,2024-04-29 15:00:00.000,0.68,
SURVEY,ANIMALS & PRODUCTS,POULTRY,EGGS,TABLE,ALL PRODUCTION PRACTICES,ALL UTILIZATION PRACTICES,PRICE RECEIVED,$ / DOZEN,"EGGS, TABLE - PRICE RECEIVED, MEASURED IN $ / DOZEN",TOTAL,NOT SPECIFIED,NATIONAL,,99,US,US TOTAL,,,,,,,,0,,,9000,UNITED STATES,US TOTAL,2020,MONTHLY,1,1,JAN,,2024-04-29 15:00:00.000,0.487,
SURVEY,ANIMALS & PRODUCTS,POULTRY,EGGS,TABLE,ALL PRODUCTION PRACTICES,ALL UTILIZATION PRACTICES,PRICE RECEIVED,$ / DOZEN,"EGGS, TABLE - PRICE RECEIVED, MEASURED IN $ / DOZEN",TOTAL,NOT SPECIFIED,NATIONAL,,99,US,US TOTAL,,,,,,,,0,,,9000,UNITED STATES,US TOTAL,2020,MONTHLY,2,2,FEB,,2024-04-29 15:00:00.000,0.64,
SURVEY,ANIMALS & PRODUCTS,POULTRY,EGGS,TABLE,ALL PRODUCTION PRACTICES,ALL UTILIZATION PRACTICES,PRICE RECEIVED,$ / DOZEN,"EGGS, TABLE - PRICE RECEIVED, MEASURED IN $ / DOZEN",TOTAL,NOT SPECIFIED,NATIONAL,,99,US,US TOTAL,,,,,,,,0,,,9000,UNITED STATES,US TOTAL,2020,MONTHLY,3,3,MAR,,2024-04-29 15:00:00.000,1.58,
SURVEY,ANIMALS & PRODUCTS,POULTRY,EGGS,TABLE,ALL PRODUCTION PRACTICES,ALL UTILIZATION PRACTICES,PRICE RECEIVED,$ / DOZEN,"EGGS, TABLE - PRICE RECEIVED, MEASURED IN $ / DOZEN",TOTAL,NOT SPECIFIED,NATIONAL,,99,US,US TOTAL,,,,,,,,0,,,9000,UNITED STATES,US TOTAL,2020,MONTHLY,4,4,APR,,2024-04-29 15:00:00.000,0.796,
SURVEY,ANIMALS & PRODUCTS,POULTRY,EGGS,TABLE,ALL PRODUCTION PRACTICES,ALL UTILIZATION PRACTICES,PRICE RECEIVED,$ / DOZEN,"EGGS, TABLE - PRICE RECEIVED, MEASURED IN $ / DOZEN",TOTAL,NOT SPECIFIED,NATIONAL,,99,US,US TOTAL,,,,,,,,0,,,9000,UNITED STATES,US TOTAL,2020,MONTHLY,5,5,MAY,,2024-04-29 15:00:00.000,0.486,
SURVEY,ANIMALS & PRODUCTS,POULTRY,EGGS,TABLE,ALL PRODUCTION PRACTICES,ALL UTILIZATION PRACTICES,PRICE RECEIVED,$ / DOZEN,"EGGS, TABLE - PRICE RECEIVED, MEASURED IN $ / DOZEN",TOTAL,NOT SPECIFIED,NATIONAL,,99,US,US TOTAL,,,,,,,,0,,,9000,UNITED STATES,US TOTAL,2020,MONTHLY,6,6,JUN,,2024-04-29 15:00:00.000,0.42,
SURVEY,ANIMALS & PRODUCTS,POULTRY,EGGS,TABLE,ALL PRODUCTION PRACTICES,ALL UTILIZATION PRACTICES,PRICE RECEIVED,$ / DOZEN,"EGGS, TABLE - PRICE RECEIVED, MEASURED IN $ / DOZEN",TOTAL,NOT SPECIFIED,NATIONAL,,99,US,US TOTAL,,,,,,,,0,,,9000,UNITED STATES,US TOTAL,2020,MONTHLY,7,7,JUL,,2024-04-29 15:00:00.000,0.473,
SURVEY,ANIMALS & PRODUCTS,POULTRY,EGGS,TABLE,ALL PRODUCTION PRACTICES,ALL UTILIZATION PRACTICES,PRICE RECEIVED,$ / DOZEN,"EGGS, TABLE - PRICE RECEIVED, MEASURED IN $ / DOZEN",TOTAL,NOT SPECIFIED,NATIONAL,,99,US,US TOTAL,,,,,,,,0,,,9000,UNITED STATES,US TOTAL,2020,MONTHLY,8,8,AUG,,2024-04-29 15:00:00.000,0.49,
SURVEY,ANIMALS & PRODUCTS,POULTRY,EGGS,TABLE,ALL PRODUCTION PRACTICES,ALL UTILIZATION PRACTICES,PRICE RECEIVED,$ / DOZEN,"EGGS, TABLE - PRICE RECEIVED, MEASURED IN $ / DOZEN",TOTAL,NOT SPECIFIED,NATIONAL,,99,US,US TOTAL,,,,,,,,0,,,9000,UNITED STATES,US TOTAL,2020,MONTHLY,9,9,SEP,,2024-04-29 15:00:00.000,0.555,
SURVEY,ANIMALS & PRODUCTS,POULTRY,EGGS,TABLE,ALL PRODUCTION PRACTICES,ALL UTILIZATION PRACTICES,PRICE RECEIVED,$ / DOZEN,"EGGS, TABLE - PRICE RECEIVED, MEASURED IN $ / DOZEN",TOTAL,NOT SPECIFIED,NATIONAL,,99,US,US TOTAL,,,,,,,,0,,,9000,UNITED STATES,US TOTAL,2020,MONTHLY,10,10,OCT,,2024-04-29 15:00:00.000,0.75,
SURVEY,ANIMALS & PRODUCTS,POULTRY,EGGS,TABLE,ALL PRODUCTION PRACTICES,ALL UTILIZATION PRACTICES,PRICE RECEIVED,$ / DOZEN,"EGGS, TABLE - PRICE RECEIVED, MEASURED IN $ / DOZEN",TOTAL,NOT SPECIFIED,NATIONAL,,99,US,US TOTAL,,,,,,,,0,,,9000,UNITED STATES,US TOTAL,2020,MONTHLY,11,11,NOV,,2024-04-29 15:00:00.000,0.725,
SURVEY,ANIMALS & PRODUCTS,POULTRY,EGGS,TABLE,ALL PRODUCTION PRACTICES,ALL UTILIZATION PRACTICES,PRICE RECEIVED,$ / DOZEN,"EGGS, TABLE - PRICE RECEIVED, MEASURED IN $ / DOZEN",TOTAL,NOT SPECIFIED,NATIONAL,,99,US,US TOTAL,,,,,,,,0,,,9000,UNITED STATES,US TOTAL,2020,MONTHLY,12,12,DEC,,2024-04-29 15:00:00.000,0.452,
SURVEY,ANIMALS & PRODUCTS,POULTRY,EGGS,TABLE,ALL PRODUCTION PRACTICES,ALL UTILIZATION PRACTICES,PRICE RECEIVED,$ / DOZEN,"EGGS, TABLE - PRICE RECEIVED, MEASURED IN $ / DOZEN",TOTAL,NOT SPECIFIED,NATIONAL,,99,US,US TOTAL,,,,,,,,0,,,9000,UNITED STATES,US TOTAL,2019,ANNUAL,0,0,MARKETING YEAR,,2024-04-29 15:00:00.000,0.537,
SURVEY,ANIMALS & PRODUCTS,POULTRY,EGGS,TABLE,ALL PRODUCTION PRACTICES,ALL UTILIZATION PRACTICES,PRICE RECEIVED,$ / DOZEN,"EGGS, TABLE - PRICE RECEIVED, MEASURED IN $ / DOZEN",TOTAL,NOT SPECIFIED,NATIONAL,,99,US,US TOTAL,,,,,,,,0,,,9000,UNITED STATES,US TOTAL,2019,MONTHLY,1,1,JAN,,2024-04-29 15:00:00.000,0.776,
SURVEY,ANIMALS & PRODUCTS,POULTRY,EGGS,TABLE,ALL PRODUCTION PRACTICES,ALL UTILIZATION PRACTICES,PRICE RECEIVED,$ / DOZEN,"EGGS, TABLE - PRICE RECEIVED, MEASURED IN $ / DOZEN",TOTAL,NOT SPECIFIED,NATIONAL,,99,US,US TOTAL,,,,,,,,0,,,9000,UNITED STATES,US TOTAL,2019,MONTHLY,2,2,FEB,,2024-04-29 15:00:00.000,0.663,
SURVEY,ANIMALS & PRODUCTS,POULTRY,EGGS,TABLE,ALL PRODUCTION PRACTICES,ALL UTILIZATION PRACTICES,PRICE RECEIVED,$ / DOZEN,"EGGS, TABLE - PRICE RECEIVED, MEASURED IN $ / DOZEN",TOTAL,NOT SPECIFIED,NATIONAL,,99,US,US TOTAL,,,,,,,,0,,,9000,UNITED STATES,US TOTAL,2019,MONTHLY,3,3,MAR,,2024-04-29 15:00:00.000,0.584,
SURVEY,ANIMALS & PRODUCTS,POULTRY,EGGS,TABLE,ALL PRODUCTION PRACTICES,ALL UTILIZATION PRACTICES,PRICE RECEIVED,$ / DOZEN,"EGGS, TABLE - PRICE RECEIVED, MEASURED IN $ / DOZEN",TOTAL,NOT SPECIFIED,NATIONAL,,99,US,US TOTAL,,,,,,,,0,,,9000,UNITED STATES,US TOTAL,2019,MONTHLY,4,4,APR,,2024-04-29 15:00:00.000,0.351,
SURVEY,ANIMALS & PRODUCTS,POULTRY,EGGS,TABLE,ALL PRODUCTION PRACTICES,ALL UTILIZATION PRACTICES,PRICE RECEIVED,$ / DOZEN,"EGGS, TABLE - PRICE RECEIVED, MEASURED IN $ / DOZEN",TOTAL,NOT SPECIFIED,NATIONAL,,99,US,US TOTAL,,,,,,,,0,,,9000,UNITED STATES,US TOTAL,2019,MONTHLY,5,5,MAY,,2024-04-29 15:00:00.000,0.197,
SURVEY,ANIMALS & PRODUCTS,POULTRY,EGGS,TABLE,ALL PRODUCTION PRACTICES,ALL UTILIZATION PRACTICES,PRICE RECEIVED,$ / DOZEN,"EGGS, TABLE - PRICE RECEIVED, MEASURED IN $ / DOZEN",TOTAL,NOT SPECIFIED,NATIONAL,,99,US,US TOTAL,,,,,,,,0,,,9000,UNITED STATES,US TOTAL,2019,MONTHLY,6,6,JUN,,2024-04-29 15:00:00.000,0.389,
SURVEY,ANIMALS & PRODUCTS,POULTRY,EGGS,TABLE,ALL PRODUCTION PRACTICES,ALL UTILIZATION PRACTICES,PRICE RECEIVED,$ / DOZEN,"EGGS, TABLE - PRICE RECEIVED, MEASURED IN $ / DOZEN",TOTAL,NOT SPECIFIED,NATIONAL,,99,US,US TOTAL,,,,,,,,0,,,9000,UNITED STATES,US TOTAL,2019,MONTHLY,7,7,JUL,,2024-04-29 15:00:00.000,0.219,
SURVEY,ANIMALS & PRODUCTS,POULTRY,EGGS,TABLE,ALL PRODUCTION PRACTICES,ALL UTILIZATION PRACTICES,PRICE RECEIVED,$ / DOZEN,"EGGS, TABLE - PRICE RECEIVED, MEASURED IN $ / DOZEN",TOTAL,NOT SPECIFIED,NATIONAL,,99,US,US TOTAL,,,,,,,,0,,,9000,UNITED STATES,US TOTAL,2019,MONTHLY,8,8,AUG,,2024-04-29 15:00:00.000,0.568,
SURVEY,ANIMALS & PRODUCTS,POULTRY,EGGS,TABLE,ALL PRODUCTION PRACTICES,ALL UTILIZATION PRACTICES,PRICE RECEIVED,$ / DOZEN,"EGGS, TABLE - PRICE RECEIVED, MEASURED IN $ / DOZEN",TOTAL,NOT SPECIFIED,NATIONAL,,99,US,US TOTAL,,,,,,,,0,,,9000,UNITED STATES,US TOTAL,2019,MONTHLY,9,9,SEP,,2024-04-29 15:00:00.000,0.446,
SURVEY,ANIMALS & PRODUCTS,POULTRY,EGGS,TABLE,ALL PRODUCTION PRACTICES,ALL UTILIZATION PRACTICES,PRICE RECEIVED,$ / DOZEN,"EGGS, TABLE - PRICE RECEIVED, MEASURED IN $ / DOZEN",TOTAL,NOT SPECIFIED,NATIONAL,,99,US,US TOTAL,,,,,,,,0,,,9000,UNITED STATES,US TOTAL,2019,MONTHLY,10,10,OCT,,2024-04-29 15:00:00.000,0.43,
SURVEY,ANIMALS & PRODUCTS,POULTRY,EGGS,TABLE,ALL PRODUCTION PRACTICES,ALL UTILIZATION PRACTICES,PRICE RECEIVED,$ / DOZEN,"EGGS, TABLE - PRICE RECEIVED, MEASURED IN $ / DOZEN",TOTAL,NOT SPECIFIED,NATIONAL,,99,US,US TOTAL,,,,,,,,0,,,9000,UNITED STATES,US TOTAL,2019,MONTHLY,11,11,NOV,,2024-04-29 15:00:00.000,0.919,
SURVEY,ANIMALS & PRODUCTS,POULTRY,EGGS,TABLE,ALL PRODUCTION PRACTICES,ALL UTILIZATION PRACTICES,PRICE RECEIVED,$ / DOZEN,"EGGS, TABLE - PRICE RECEIVED, MEASURED IN $ / DOZEN",TOTAL,NOT SPECIFIED,NATIONAL,,99,US,US TOTAL,,,,,,,,0,,,9000,UNITED STATES,US TOTAL,2019,MONTHLY,12,12,DEC,,2024-04-29 15:00:00.000,0.715,
SURVEY,ANIMALS & PRODUCTS,POULTRY,EGGS,TABLE,ALL PRODUCTION PRACTICES,ALL UTILIZATION PRACTICES,PRICE RECEIVED,$ / DOZEN,"EGGS, TABLE - PRICE RECEIVED, MEASURED IN $ / DOZEN",TOTAL,NOT SPECIFIED,NATIONAL,,99,US,US TOTAL,,,,,,,,0,,,9000,UNITED STATES,US TOTAL,2018,MONTHLY,1,1,JAN,,2024-04-29 15:00:00.000,0.964,
SURVEY,ANIMALS & PRODUCTS,POULTRY,EGGS,TABLE,ALL PRODUCTION PRACTICES,ALL UTILIZATION PRACTICES,PRICE RECEIVED,$ / DOZEN,"EGGS, TABLE - PRICE RECEIVED, MEASURED IN $ / DOZEN",TOTAL,NOT SPECIFIED,NATIONAL,,99,US,US TOTAL,,,,,,,,0,,,9000,UNITED STATES,US TOTAL,2018,MONTHLY,2,2,FEB,,2024-04-29 15:00:00.000,1.16,
SURVEY,ANIMALS & PRODUCTS,POULTRY,EGGS,TABLE,ALL PRODUCTION PRACTICES,ALL UTILIZATION PRACTICES,PRICE RECEIVED,$ / DOZEN,"EGGS, TABLE - PRICE RECEIVED, MEASURED IN $ / DOZEN",TOTAL,NOT SPECIFIED,NATIONAL,,99,US,US TOTAL,,,,,,,,0,,,9000,UNITED STATES,US TOTAL,2018,MONTHLY,3,3,MAR,,2024-04-29 15:00:00.000,1.81,
SURVEY,ANIMALS & PRODUCTS,POULTRY,EGGS,TABLE,ALL PRODUCTION PRACTICES,ALL UTILIZATION PRACTICES,PRICE RECEIVED,$ / DOZEN,"EGGS, TABLE - PRICE RECEIVED, MEASURED IN $ / DOZEN",TOTAL,NOT SPECIFIED,NATIONAL,,99,US,US TOTAL,,,,,,,,0,,,9000,UNITED STATES,US TOTAL,2018,MONTHLY,4,4,APR,,2024-04-29 15:00:00.000,0.971,
SURVEY,ANIMALS & PRODUCTS,POULTRY,EGGS,TABLE,ALL PRODUCTION PRACTICES,ALL UTILIZATION PRACTICES,PRICE RECEIVED,$ / DOZEN,"EGGS, TABLE - PRICE RECEIVED, MEASURED IN $ / DOZEN",TOTAL,NOT SPECIFIED,NATIONAL,,99,US,US TOTAL,,,,,,,,0,,,9000,UNITED STATES,US TOTAL,2018,MONTHLY,5,5,MAY,,2024-04-29 15:00:00.000,0.615,
SURVEY,ANIMALS & PRODUCTS,POULTRY,EGGS,TABLE,ALL PRODUCTION PRACTICES,ALL UTILIZATION PRACTICES,PRICE RECEIVED,$ / DOZEN,"EGGS, TABLE - PRICE RECEIVED, MEASURED IN $ / DOZEN",TOTAL,NOT SPECIFIED,NATIONAL,,99,US,US TOTAL,,,,,,,,0,,,9000,UNITED STATES,US TOTAL,2018,MONTHLY,6,6,JUN,,2024-04-29 15:00:00.000,0.707,
SURVEY,ANIMALS & PRODUCTS,POULTRY,EGGS,TABLE,ALL PRODUCTION PRACTICES,ALL UTILIZATION PRACTICES,PRICE RECEIVED,$ / DOZEN,"EGGS, TABLE - PRICE RECEIVED, MEASURED IN $ / DOZEN",TOTAL,NOT SPECIFIED,NATIONAL,,99,US,US TOTAL,,,,,,,,0,,,9000,UNITED STATES,US TOTAL,2018,MONTHLY,7,7,JUL,,2024-04-29 15:00:00.000,0.841,
SURVEY,ANIMALS & PRODUCTS,POULTRY,EGGS,TABLE,ALL PRODUCTION PRACTICES,ALL UTILIZATION PRACTICES,PRICE RECEIVED,$ / DOZEN,"EGGS, TABLE - PRICE RECEIVED, MEASURED IN $ / DOZEN",TOTAL,NOT SPECIFIED,NATIONAL,,99,US,US TOTAL,,,,,,,,0,,,9000,UNITED STATES,US TOTAL,2018,MONTHLY,8,8,AUG,,2024-04-29 15:00:00.000,0.797,
SURVEY,ANIMALS & PRODUCTS,POULTRY,EGGS,TABLE,ALL PRODUCTION PRACTICES,ALL UTILIZATION PRACTICES,PRICE RECEIVED,$ / DOZEN,"EGGS, TABLE - PRICE RECEIVED, MEASURED IN $ / DOZEN",TOTAL,NOT SPECIFIED,NATIONAL,,99,US,US TOTAL,,,,,,,,0,,,9000,UNITED STATES,US TOTAL,2018,MONTHLY,9,9,SEP,,2024-04-29 15:00:00.000,0.688,
SURVEY,ANIMALS & PRODUCTS,POULTRY,EGGS,TABLE,ALL PRODUCTION PRACTICES,ALL UTILIZATION PRACTICES,PRICE RECEIVED,$ / DOZEN,"EGGS, TABLE - PRICE RECEIVED, MEASURED IN $ / DOZEN",TOTAL,NOT SPECIFIED,NATIONAL,,99,US,US TOTAL,,,,,,,,0,,,9000,UNITED STATES,US TOTAL,2018,MONTHLY,10,10,OCT,,2024-04-29 15:00:00.000,0.74,
SURVEY,ANIMALS & PRODUCTS,POULTRY,EGGS,TABLE,ALL PRODUCTION PRACTICES,ALL UTILIZATION PRACTICES,PRICE RECEIVED,$ / DOZEN,"EGGS, TABLE - PRICE RECEIVED, MEASURED IN $ / DOZEN",TOTAL,NOT SPECIFIED,NATIONAL,,99,US,US TOTAL,,,,,,,,0,,,9000,UNITED STATES,US TOTAL,2018,MONTHLY,11,11,NOV,,2024-04-29 15:00:00.000,0.884,
SURVEY,ANIMALS & PRODUCTS,POULTRY,EGGS,TABLE,ALL PRODUCTION PRACTICES,ALL UTILIZATION PRACTICES,PRICE RECEIVED,$ / DOZEN,"EGGS, TABLE - PRICE RECEIVED, MEASURED IN $ / DOZEN",TOTAL,NOT SPECIFIED,NATIONAL,,99,US,US TOTAL,,,,,,,,0,,,9000,UNITED STATES,US TOTAL,2018,MONTHLY,12,12,DEC,,2024-04-29 15:00:00.000,0.886,
SURVEY,ANIMALS & PRODUCTS,POULTRY,EGGS,TABLE,ALL PRODUCTION PRACTICES,ALL UTILIZATION PRACTICES,PRICE RECEIVED,$ / DOZEN,"EGGS, TABLE - PRICE RECEIVED, MEASURED IN $ / DOZEN",TOTAL,NOT SPECIFIED,NATIONAL,,99,US,US TOTAL,,,,,,,,0,,,9000,UNITED STATES,US TOTAL,2017,MONTHLY,1,1,JAN,,2022-04-29 15:01:27.000,0.572,
SURVEY,ANIMALS & PRODUCTS,POULTRY,EGGS,TABLE,ALL PRODUCTION PRACTICES,ALL UTILIZATION PRACTICES,PRICE RECEIVED,$ / DOZEN,"EGGS, TABLE - PRICE RECEIVED, MEASURED IN $ / DOZEN",TOTAL,NOT SPECIFIED,NATIONAL,,99,US,US TOTAL,,,,,,,,0,,,9000,UNITED STATES,US TOTAL,2017,MONTHLY,2,2,FEB,,2022-04-29 15:01:27.000,0.371,
SURVEY,ANIMALS & PRODUCTS,POULTRY,EGGS,TABLE,ALL PRODUCTION PRACTICES,ALL UTILIZATION PRACTICES,PRICE RECEIVED,$ / DOZEN,"EGGS, TABLE - PRICE RECEIVED, MEASURED IN $ / DOZEN",TOTAL,NOT SPECIFIED,NATIONAL,,99,US,US TOTAL,,,,,,,,0,,,9000,UNITED STATES,US TOTAL,2017,MONTHLY,3,3,MAR,,2022-04-29 15:01:27.000,0.555,
SURVEY,ANIMALS & PRODUCTS,POULTRY,EGGS,TABLE,ALL PRODUCTION PRACTICES,ALL UTILIZATION PRACTICES,PRICE RECEIVED,$ / DOZEN,"EGGS, TABLE - PRICE RECEIVED, MEASURED IN $ / DOZEN",TOTAL,NOT SPECIFIED,NATIONAL,,99,US,US TOTAL,,,,,,,,0,,,9000,UNITED STATES,US TOTAL,2017,MONTHLY,4,4,APR,,2022-04-29 15:01:27.000,0.376,
SURVEY,ANIMALS & PRODUCTS,POULTRY,EGGS,TABLE,ALL PRODUCTION PRACTICES,ALL UTILIZATION PRACTICES,PRICE RECEIVED,$ / DOZEN,"EGGS, TABLE - PRICE RECEIVED, MEASURED IN $ / DOZEN",TOTAL,NOT SPECIFIED,NATIONAL,,99,US,US TOTAL,,,,,,,,0,,,9000,UNITED STATES,US TOTAL,2017,MONTHLY,5,5,MAY,,2022-04-29 15:01:27.000,0.358,
SURVEY,ANIMALS & PRODUCTS,POULTRY,EGGS,TABLE,ALL PRODUCTION PRACTICES,ALL UTILIZATION PRACTICES,PRICE RECEIVED,$ / DOZEN,"EGGS, TABLE - PRICE RECEIVED, MEASURED IN $ / DOZEN",TOTAL,NOT SPECIFIED,NATIONAL,,99,US,US TOTAL,,,,,,,,0,,,9000,UNITED STATES,US TOTAL,2017,MONTHLY,6,6,JUN,,2022-04-29 15:01:27.000,0.375,
SURVEY,ANIMALS & PRODUCTS,POULTRY,EGGS,TABLE,ALL PRODUCTION PRACTICES,ALL UTILIZATION PRACTICES,PRICE RECEIVED,$ / DOZEN,"EGGS, TABLE - PRICE RECEIVED, MEASURED IN $ / DOZEN",TOTAL,NOT SPECIFIED,NATIONAL,,99,US,US TOTAL,,,,,,,,0,,,9000,UNITED STATES,US TOTAL,2017,MONTHLY,7,7,JUL,,2022-04-29 15:01:27.000,0.589,
SURVEY,ANIMALS & PRODUCTS,POULTRY,EGGS,TABLE,ALL PRODUCTION PRACTICES,ALL UTILIZATION PRACTICES,PRICE RECEIVED,$ / DOZEN,"EGGS, TABLE - PRICE RECEIVED, MEASURED IN $ / DOZEN",TOTAL,NOT SPECIFIED,NATIONAL,,99,US,US TOTAL,,,,,,,,0,,,9000,UNITED STATES,US TOTAL,2017,MONTHLY,8,8,AUG,,2022-04-29 15:01:27.000,0.504,
SURVEY,ANIMALS & PRODUCTS,POULTRY,EGGS,TABLE,ALL PRODUCTION PRACTICES,ALL UTILIZATION PRACTICES,PRICE RECEIVED,$ / DOZEN,"EGGS, TABLE - PRICE RECEIVED, MEASURED IN $ / DOZEN",TOTAL,NOT SPECIFIED,NATIONAL,,99,US,US TOTAL,,,,,,,,0,,,9000,UNITED STATES,US TOTAL,2017,MONTHLY,9,9,SEP,,2022-04-29 15:01:27.000,0.9,
SURVEY,ANIMALS & PRODUCTS,POULTRY,EGGS,TABLE,ALL PRODUCTION PRACTICES,ALL UTILIZATION PRACTICES,PRICE RECEIVED,$ / DOZEN,"EGGS, TABLE - PRICE RECEIVED, MEASURED IN $ / DOZEN",TOTAL,NOT SPECIFIED,NATIONAL,,99,US,US TOTAL,,,,,,,,0,,,9000,UNITED STATES,US TOTAL,2017,MONTHLY,10,10,OCT,,2022-04-29 15:01:27.000,0.68,
SURVEY,ANIMALS & PRODUCTS,POULTRY,EGGS,TABLE,ALL PRODUCTION PRACTICES,ALL UTILIZATION PRACTICES,PRICE RECEIVED,$ / DOZEN,"EGGS, TABLE - PRICE RECEIVED, MEASURED IN $ / DOZEN",TOTAL,NOT SPECIFIED,NATIONAL,,99,US,US TOTAL,,,,,,,,0,,,9000,UNITED STATES,US TOTAL,2017,MONTHLY,11,11,NOV,,2022-04-29 15:01:27.000,1.23,
SURVEY,ANIMALS & PRODUCTS,POULTRY,EGGS,TABLE,ALL PRODUCTION PRACTICES,ALL UTILIZATION PRACTICES,PRICE RECEIVED,$ / DOZEN,"EGGS, TABLE - PRICE RECEIVED, MEASURED IN $ / DOZEN",TOTAL,NOT SPECIFIED,NATIONAL,,99,US,US TOTAL,,,,,,,,0,,,9000,UNITED STATES,US TOTAL,2017,MONTHLY,12,12,DEC,,2024-04-29 15:00:00.000,1.13,
SURVEY,ANIMALS & PRODUCTS,POULTRY,EGGS,TABLE,ALL PRODUCTION PRACTICES,ALL UTILIZATION PRACTICES,PRICE RECEIVED,$ / DOZEN,"EGGS, TABLE - PRICE RECEIVED, MEASURED IN $ / DOZEN",TOTAL,NOT SPECIFIED,NATIONAL,,99,US,US TOTAL,,,,,,,,0,,,9000,UNITED STATES,US TOTAL,2016,MONTHLY,1,1,JAN,,2022-04-29 15:01:27.000,0.969,
SURVEY,ANIMALS & PRODUCTS,POULTRY,EGGS,TABLE,ALL PRODUCTION PRACTICES,ALL UTILIZATION PRACTICES,PRICE RECEIVED,$ / DOZEN,"EGGS, TABLE - PRICE RECEIVED, MEASURED IN $ / DOZEN",TOTAL,NOT SPECIFIED,NATIONAL,,99,US,US TOTAL,,,,,,,,0,,,9000,UNITED STATES,US TOTAL,2016,MONTHLY,2,2,FEB,,2022-04-29 15:01:27.000,0.85,
SURVEY,ANIMALS & PRODUCTS,POULTRY,EGGS,TABLE,ALL PRODUCTION PRACTICES,ALL UTILIZATION PRACTICES,PRICE RECEIVED,$ / DOZEN,"EGGS, TABLE - PRICE RECEIVED, MEASURED IN $ / DOZEN",TOTAL,NOT SPECIFIED,NATIONAL,,99,US,US TOTAL,,,,,,,,0,,,9000,UNITED STATES,US TOTAL,2016,MONTHLY,3,3,MAR,,2022-04-29 15:01:27.000,0.731,
SURVEY,ANIMALS & PRODUCTS,POULTRY,EGGS,TABLE,ALL PRODUCTION PRACTICES,ALL UTILIZATION PRACTICES,PRICE RECEIVED,$ / DOZEN,"EGGS, TABLE - PRICE RECEIVED, MEASURED IN $ / DOZEN",TOTAL,NOT SPECIFIED,NATIONAL,,99,US,US TOTAL,,,,,,,,0,,,9000,UNITED STATES,US TOTAL,2016,MONTHLY,4,4,APR,,2022-04-29 15:01:27.000,0.391,
SURVEY,ANIMALS & PRODUCTS,POULTRY,EGGS,TABLE,ALL PRODUCTION PRACTICES,ALL UTILIZATION PRACTICES,PRICE RECEIVED,$ / DOZEN,"EGGS, TABLE - PRICE RECEIVED, MEASURED IN $ / DOZEN",TOTAL,NOT SPECIFIED,NATIONAL,,99,US,US TOTAL,,,,,,,,0,,,9000,UNITED STATES,US TOTAL,2016,MONTHLY,5,5,MAY,,2022-04-29 15:01:27.000,0.242,
SURVEY,ANIMALS & PRODUCTS,POULTRY,EGGS,TABLE,ALL PRODUCTION PRACTICES,ALL UTILIZATION PRACTICES,PRICE RECEIVED,$ / DOZEN,"EGGS, TABLE - PRICE RECEIVED, MEASURED IN $ / DOZEN",TOTAL,NOT SPECIFIED,NATIONAL,,99,US,US TOTAL,,,,,,,,0,,,9000,UNITED STATES,US TOTAL,2016,MONTHLY,6,6,JUN,,2022-04-29 15:01:27.000,0.231,
SURVEY,ANIMALS & PRODUCTS,POULTRY,EGGS,TABLE,ALL PRODUCTION PRACTICES,ALL UTILIZATION PRACTICES,PRICE RECEIVED,$ / DOZEN,"EGGS, TABLE - PRICE RECEIVED, MEASURED IN $ / DOZEN",TOTAL,NOT SPECIFIED,NATIONAL,,99,US,US TOTAL,,,,,,,,0,,,9000,UNITED STATES,US TOTAL,2016,MONTHLY,7,7,JUL,,2022-04-29 15:01:27.000,0.361,
SURVEY,ANIMALS & PRODUCTS,POULTRY,EGGS,TABLE,ALL PRODUCTION PRACTICES,ALL UTILIZATION PRACTICES,PRICE RECEIVED,$ / DOZEN,"EGGS, TABLE - PRICE RECEIVED, MEASURED IN $ / DOZEN",TOTAL,NOT SPECIFIED,NATIONAL,,99,US,US TOTAL,,,,,,,,0,,,9000,UNITED STATES,US TOTAL,2016,MONTHLY,8,8,AUG,,2022-04-29 15:01:27.000,0.369,
SURVEY,ANIMALS & PRODUCTS,POULTRY,EGGS,TABLE,ALL PRODUCTION PRACTICES,ALL UTILIZATION PRACTICES,PRICE RECEIVED,$ / DOZEN,"EGGS, TABLE - PRICE RECEIVED, MEASURED IN $ / DOZEN",TOTAL,NOT SPECIFIED,NATIONAL,,99,US,US TOTAL,,,,,,,,0,,,9000,UNITED STATES,US TOTAL,2016,MONTHLY,9,9,SEP,,2022-04-29 15:01:27.000,0.316,
SURVEY,ANIMALS & PRODUCTS,POULTRY,EGGS,TABLE,ALL PRODUCTION PRACTICES,ALL UTILIZATION PRACTICES,PRICE RECEIVED,$ / DOZEN,"EGGS, TABLE - PRICE RECEIVED, MEASURED IN $ / DOZEN",TOTAL,NOT SPECIFIED,NATIONAL,,99,US,US TOTAL,,,,,,,,0,,,9000,UNITED STATES,US TOTAL,2016,MONTHLY,10,10,OCT,,2022-04-29 15:01:27.000,0.215,
SURVEY,ANIMALS & PRODUCTS,POULTRY,EGGS,TABLE,ALL PRODUCTION PRACTICES,ALL UTILIZATION PRACTICES,PRICE RECEIVED,$ / DOZEN,"EGGS, TABLE - PRICE RECEIVED, MEASURED IN $ / DOZEN",TOTAL,NOT SPECIFIED,NATIONAL,,99,US,US TOTAL,,,,,,,,0,,,9000,UNITED STATES,US TOTAL,2016,MONTHLY,11,11,NOV,,2022-04-29 15:01:27.000,0.308,
SURVEY,ANIMALS & PRODUCTS,POULTRY,EGGS,TABLE,ALL PRODUCTION PRACTICES,ALL UTILIZATION PRACTICES,PRICE RECEIVED,$ / DOZEN,"EGGS, TABLE - PRICE RECEIVED, MEASURED IN $ / DOZEN",TOTAL,NOT SPECIFIED,NATIONAL,,99,US,US TOTAL,,,,,,,,0,,,9000,UNITED STATES,US TOTAL,2016,MONTHLY,12,12,DEC,,2022-04-29 15:01:27.000,1.02,
SURVEY,ANIMALS & PRODUCTS,POULTRY,EGGS,TABLE,ALL PRODUCTION PRACTICES,ALL UTILIZATION PRACTICES,PRICE RECEIVED,$ / DOZEN,"EGGS, TABLE - PRICE RECEIVED, MEASURED IN $ / DOZEN",TOTAL,NOT SPECIFIED,NATIONAL,,99,US,US TOTAL,,,,,,,,0,,,9000,UNITED STATES,US TOTAL,2015,MONTHLY,1,1,JAN,,2021-04-30 15:02:24.000,1.06,
SURVEY,ANIMALS & PRODUCTS,POULTRY,EGGS,TABLE,ALL PRODUCTION PRACTICES,ALL UTILIZATION PRACTICES,PRICE RECEIVED,$ / DOZEN,"EGGS, TABLE - PRICE RECEIVED, MEASURED IN $ / DOZEN",TOTAL,NOT SPECIFIED,NATIONAL,,99,US,US TOTAL,,,,,,,,0,,,9000,UNITED STATES,US TOTAL,2015,MONTHLY,2,2,FEB,,2021-04-30 15:02:24.000,1.11,
SURVEY,ANIMALS & PRODUCTS,POULTRY,EGGS,TABLE,ALL PRODUCTION PRACTICES,ALL UTILIZATION PRACTICES,PRICE RECEIVED,$ / DOZEN,"EGGS, TABLE - PRICE RECEIVED, MEASURED IN $ / DOZEN",TOTAL,NOT SPECIFIED,NATIONAL,,99,US,US TOTAL,,,,,,,,0,,,9000,UNITED STATES,US TOTAL,2015,MONTHLY,3,3,MAR,,2021-04-30 15:02:24.000,1.41,
SURVEY,ANIMALS & PRODUCTS,POULTRY,EGGS,TABLE,ALL PRODUCTION PRACTICES,ALL UTILIZATION PRACTICES,PRICE RECEIVED,$ / DOZEN,"EGGS, TABLE - PRICE RECEIVED, MEASURED IN $ / DOZEN",TOTAL,NOT SPECIFIED,NATIONAL,,99,US,US TOTAL,,,,,,,,0,,,9000,UNITED STATES,US TOTAL,2015,MONTHLY,4,4,APR,,2021-04-30 15:02:24.000,0.87,
SURVEY,ANIMALS & PRODUCTS,POULTRY,EGGS,TABLE,ALL PRODUCTION PRACTICES,ALL UTILIZATION PRACTICES,PRICE RECEIVED,$ / DOZEN,"EGGS, TABLE - PRICE RECEIVED, MEASURED IN $ / DOZEN",TOTAL,NOT SPECIFIED,NATIONAL,,99,US,US TOTAL,,,,,,,,0,,,9000,UNITED STATES,US TOTAL,2015,MONTHLY,5,5,MAY,,2021-04-30 15:02:24.000,1.61,
SURVEY,ANIMALS & PRODUCTS,POULTRY,EGGS,TABLE,ALL PRODUCTION PRACTICES,ALL UTILIZATION PRACTICES,PRICE RECEIVED,$ / DOZEN,"EGGS, TABLE - PRICE RECEIVED, MEASURED IN $ / DOZEN",TOTAL,NOT SPECIFIED,NATIONAL,,99,US,US TOTAL,,,,,,,,0,,,9000,UNITED STATES,US TOTAL,2015,MONTHLY,6,6,JUN,,2021-04-30 15:02:24.000,1.92,
SURVEY,ANIMALS & PRODUCTS,POULTRY,EGGS,TABLE,ALL PRODUCTION PRACTICES,ALL UTILIZATION PRACTICES,PRICE RECEIVED,$ / DOZEN,"EGGS, TABLE - PRICE RECEIVED, MEASURED IN $ / DOZEN",TOTAL,NOT SPECIFIED,NATIONAL,,99,US,US TOTAL,,,,,,,,0,,,9000,UNITED STATES,US TOTAL,2015,MONTHLY,7,7,JUL,,2021-04-30 15:02:24.000,1.81,
SURVEY,ANIMALS & PRODUCTS,POULTRY,EGGS,TABLE,ALL PRODUCTION PRACTICES,ALL UTILIZATION PRACTICES,PRICE RECEIVED,$ / DOZEN,"EGGS, TABLE - PRICE RECEIVED, MEASURED IN $ / DOZEN",TOTAL,NOT SPECIFIED,NATIONAL,,99,US,US TOTAL,,,,,,,,0,,,9000,UNITED STATES,US TOTAL,2015,MONTHLY,8,8,AUG,,2021-04-30 15:02:24.000,2.38,
SURVEY,ANIMALS & PRODUCTS,POULTRY,EGGS,TABLE,ALL PRODUCTION PRACTICES,ALL UTILIZATION PRACTICES,PRICE RECEIVED,$ / DOZEN,"EGGS, TABLE - PRICE RECEIVED, MEASURED IN $ / DOZEN",TOTAL,NOT SPECIFIED,NATIONAL,,99,US,US TOTAL,,,,,,,,0,,,9000,UNITED STATES,US TOTAL,2015,MONTHLY,9,9,SEP,,2021-04-30 15:02:24.000,1.8,
SURVEY,ANIMALS & PRODUCTS,POULTRY,EGGS,TABLE,ALL PRODUCTION PRACTICES,ALL UTILIZATION PRACTICES,PRICE RECEIVED,$ / DOZEN,"EGGS, TABLE - PRICE RECEIVED, MEASURED IN $ / DOZEN",TOTAL,NOT SPECIFIED,NATIONAL,,99,US,US TOTAL,,,,,,,,0,,,9000,UNITED STATES,US TOTAL,2015,MONTHLY,10,10,OCT,,2021-04-30 15:02:24.000,1.26,
SURVEY,ANIMALS & PRODUCTS,POULTRY,EGGS,TABLE,ALL PRODUCTION PRACTICES,ALL UTILIZATION PRACTICES,PRICE RECEIVED,$ / DOZEN,"EGGS, TABLE - PRICE RECEIVED, MEASURED IN $ / DOZEN",TOTAL,NOT SPECIFIED,NATIONAL,,99,US,US TOTAL,,,,,,,,0,,,9000,UNITED STATES,US TOTAL,2015,MONTHLY,11,11,NOV,,2021-04-30 15:02:24.000,1.93,
SURVEY,ANIMALS & PRODUCTS,POULTRY,EGGS,TABLE,ALL PRODUCTION PRACTICES,ALL UTILIZATION PRACTICES,PRICE RECEIVED,$ / DOZEN,"EGGS, TABLE - PRICE RECEIVED, MEASURED IN $ / DOZEN",TOTAL,NOT SPECIFIED,NATIONAL,,99,US,US TOTAL,,,,,,,,0,,,9000,UNITED STATES,US TOTAL,2015,MONTHLY,12,12,DEC,,2022-04-29 15:01:27.000,1.04,
SURVEY,ANIMALS & PRODUCTS,POULTRY,EGGS,TABLE,ALL PRODUCTION PRACTICES,ALL UTILIZATION PRACTICES,PRICE RECEIVED,$ / DOZEN,"EGGS, TABLE - PRICE RECEIVED, MEASURED IN $ / DOZEN",TOTAL,NOT SPECIFIED,NATIONAL,,99,US,US TOTAL,,,,,,,,0,,,9000,UNITED STATES,US TOTAL,2014,MONTHLY,1,1,JAN,,2020-04-30 15:11:12.000,0.906,
SURVEY,ANIMALS & PRODUCTS,POULTRY,EGGS,TABLE,ALL PRODUCTION PRACTICES,ALL UTILIZATION PRACTICES,PRICE RECEIVED,$ / DOZEN,"EGGS, TABLE - PRICE RECEIVED, MEASURED IN $ / DOZEN",TOTAL,NOT SPECIFIED,NATIONAL,,99,US,US TOTAL,,,,,,,,0,,,9000,UNITED STATES,US TOTAL,2014,MONTHLY,2,2,FEB,,2020-04-30 15:11:12.000,1.23,
SURVEY,ANIMALS & PRODUCTS,POULTRY,EGGS,TABLE,ALL PRODUCTION PRACTICES,ALL UTILIZATION PRACTICES,PRICE RECEIVED,$ / DOZEN,"EGGS, TABLE - PRICE RECEIVED, MEASURED IN $ / DOZEN",TOTAL,NOT SPECIFIED,NATIONAL,,99,US,US TOTAL,,,,,,,,0,,,9000,UNITED STATES,US TOTAL,2014,MONTHLY,3,3,MAR,,2020-04-30 15:11:12.000,1.04,
SURVEY,ANIMALS & PRODUCTS,POULTRY,EGGS,TABLE,ALL PRODUCTION PRACTICES,ALL UTILIZATION PRACTICES,PRICE RECEIVED,$ / DOZEN,"EGGS, TABLE - PRICE RECEIVED, MEASURED IN $ / DOZEN",TOTAL,NOT SPECIFIED,NATIONAL,,99,US,US TOTAL,,,,,,,,0,,,9000,UNITED STATES,US TOTAL,2014,MONTHLY,4,4,APR,,2020-04-30 15:11:12.000,1.09,
SURVEY,ANIMALS & PRODUCTS,POULTRY,EGGS,TABLE,ALL PRODUCTION PRACTICES,ALL UTILIZATION PRACTICES,PRICE RECEIVED,$ / DOZEN,"EGGS, TABLE - PRICE RECEIVED, MEASURED IN $ / DOZEN",TOTAL,NOT SPECIFIED,NATIONAL,,99,US,US TOTAL,,,,,,,,0,,,9000,UNITED STATES,US TOTAL,2014,MONTHLY,5,5,MAY,,2020-04-30 15:11:12.000,0.97,
SURVEY,ANIMALS & PRODUCTS,POULTRY,EGGS,TABLE,ALL PRODUCTION PRACTICES,ALL UTILIZATION PRACTICES,PRICE RECEIVED,$ / DOZEN,"EGGS, TABLE - PRICE RECEIVED, MEASURED IN $ / DOZEN",TOTAL,NOT SPECIFIED,NATIONAL,,99,US,US TOTAL,,,,,,,,0,,,9000,UNITED STATES,US TOTAL,2014,MONTHLY,6,6,JUN,,2020-04-30 15:11:12.000,0.873,
SURVEY,ANIMALS & PRODUCTS,POULTRY,EGGS,TABLE,ALL PRODUCTION PRACTICES,ALL UTILIZATION PRACTICES,PRICE RECEIVED,$ / DOZEN,"EGGS, TABLE - PRICE RECEIVED, MEASURED IN $ / DOZEN",TOTAL,NOT SPECIFIED,NATIONAL,,99,US,US TOTAL,,,,,,,,0,,,9000,UNITED STATES,US TOTAL,2014,MONTHLY,7,7,JUL,,2020-04-30 15:11:12.000,1.05,
SURVEY,ANIMALS & PRODUCTS,POULTRY,EGGS,TABLE,ALL PRODUCTION PRACTICES,ALL UTILIZATION PRACTICES,PRICE RECEIVED,$ / DOZEN,"EGGS, TABLE - PRICE RECEIVED, MEASURED IN $ / DOZEN",TOTAL,NOT SPECIFIED,NATIONAL,,99,US,US TOTAL,,,,,,,,0,,,9000,UNITED STATES,US TOTAL,2014,MONTHLY,8,8,AUG,,2020-04-30 15:11:12.000,0.861,
SURVEY,ANIMALS & PRODUCTS,POULTRY,EGGS,TABLE,ALL PRODUCTION PRACTICES,ALL UTILIZATION PRACTICES,PRICE RECEIVED,$ / DOZEN,"EGGS, TABLE - PRICE RECEIVED, MEASURED IN $ / DOZEN",TOTAL,NOT SPECIFIED,NATIONAL,,99,US,US TOTAL,,,,,,,,0,,,9000,UNITED STATES,US TOTAL,2014,MONTHLY,9,9,SEP,,2020-04-30 15:11:12.000,0.824,
SURVEY,ANIMALS & PRODUCTS,POULTRY,EGGS,TABLE,ALL PRODUCTION PRACTICES,ALL UTILIZATION PRACTICES,PRICE RECEIVED,$ / DOZEN,"EGGS, TABLE - PRICE RECEIVED, MEASURED IN $ / DOZEN",TOTAL,NOT SPECIFIED,NATIONAL,,99,US,US TOTAL,,,,,,,,0,,,9000,UNITED STATES,US TOTAL,2014,MONTHLY,10,10,OCT,,2020-04-30 15:11:12.000,0.934,
SURVEY,ANIMALS & PRODUCTS,POULTRY,EGGS,TABLE,ALL PRODUCTION PRACTICES,ALL UTILIZATION PRACTICES,PRICE RECEIVED,$ / DOZEN,"EGGS, TABLE - PRICE RECEIVED, MEASURED IN $ / DOZEN",TOTAL,NOT SPECIFIED,NATIONAL,,99,US,US TOTAL,,,,,,,,0,,,9000,UNITED STATES,US TOTAL,2014,MONTHLY,11,11,NOV,,2020-04-30 15:11:12.000,1.37,
SURVEY,ANIMALS & PRODUCTS,POULTRY,EGGS,TABLE,ALL PRODUCTION PRACTICES,ALL UTILIZATION PRACTICES,PRICE RECEIVED,$ / DOZEN,"EGGS, TABLE - PRICE RECEIVED, MEASURED IN $ / DOZEN",TOTAL,NOT SPECIFIED,NATIONAL,,99,US,US TOTAL,,,,,,,,0,,,9000,UNITED STATES,US TOTAL,2014,MONTHLY,12,12,DEC,,2021-04-30 15:02:24.000,1.65,
SURVEY,ANIMALS & PRODUCTS,POULTRY,EGGS,TABLE,ALL PRODUCTION PRACTICES,ALL UTILIZATION PRACTICES,PRICE RECEIVED,$ / DOZEN,"EGGS, TABLE - PRICE RECEIVED, MEASURED IN $ / DOZEN",TOTAL,NOT SPECIFIED,NATIONAL,,99,US,US TOTAL,,,,,,,,0,,,9000,UNITED STATES,US TOTAL,2013,MONTHLY,1,1,JAN,,2020-04-30 15:11:12.000,0.863,
SURVEY,ANIMALS & PRODUCTS,POULTRY,EGGS,TABLE,ALL PRODUCTION PRACTICES,ALL UTILIZATION PRACTICES,PRICE RECEIVED,$ / DOZEN,"EGGS, TABLE - PRICE RECEIVED, MEASURED IN $ / DOZEN",TOTAL,NOT SPECIFIED,NATIONAL,,99,US,US TOTAL,,,,,,,,0,,,9000,UNITED STATES,US TOTAL,2013,MONTHLY,2,2,FEB,,2020-04-30 15:11:12.000,0.776,
SURVEY,ANIMALS & PRODUCTS,POULTRY,EGGS,TABLE,ALL PRODUCTION PRACTICES,ALL UTILIZATION PRACTICES,PRICE RECEIVED,$ / DOZEN,"EGGS, TABLE - PRICE RECEIVED, MEASURED IN $ / DOZEN",TOTAL,NOT SPECIFIED,NATIONAL,,99,US,US TOTAL,,,,,,,,0,,,9000,UNITED STATES,US TOTAL,2013,MONTHLY,3,3,MAR,,2020-04-30 15:11:12.000,0.952,
SURVEY,ANIMALS & PRODUCTS,POULTRY,EGGS,TABLE,ALL PRODUCTION PRACTICES,ALL UTILIZATION PRACTICES,PRICE RECEIVED,$ / DOZEN,"EGGS, TABLE - PRICE RECEIVED, MEASURED IN $ / DOZEN",TOTAL,NOT SPECIFIED,NATIONAL,,99,US,US TOTAL,,,,,,,,0,,,9000,UNITED STATES,US TOTAL,2013,MONTHLY,4,4,APR,,2020-04-30 15:11:12.000,0.644,
SURVEY,ANIMALS & PRODUCTS,POULTRY,EGGS,TABLE,ALL PRODUCTION PRACTICES,ALL UTILIZATION PRACTICES,PRICE RECEIVED,$ / DOZEN,"EGGS, TABLE - PRICE RECEIVED, MEASURED IN $ / DOZEN",TOTAL,NOT SPECIFIED,NATIONAL,,99,US,US TOTAL,,,,,,,,0,,,9000,UNITED STATES,US TOTAL,2013,MONTHLY,5,5,MAY,,2020-04-30 15:11:12.000,0.976,
SURVEY,ANIMALS & PRODUCTS,POULTRY,EGGS,TABLE,ALL PRODUCTION PRACTICES,ALL UTILIZATION PRACTICES,PRICE RECEIVED,$ / DOZEN,"EGGS, TABLE - PRICE RECEIVED, MEASURED IN $ / DOZEN",TOTAL,NOT SPECIFIED,NATIONAL,,99,US,US TOTAL,,,,,,,,0,,,9000,UNITED STATES,US TOTAL,2013,MONTHLY,6,6,JUN,,2020-04-30 15:11:12.000,0.695,
SURVEY,ANIMALS & PRODUCTS,POULTRY,EGGS,TABLE,ALL PRODUCTION PRACTICES,ALL UTILIZATION PRACTICES,PRICE RECEIVED,$ / DOZEN,"EGGS, TABLE - PRICE RECEIVED, MEASURED IN $ / DOZEN",TOTAL,NOT SPECIFIED,NATIONAL,,99,US,US TOTAL,,,,,,,,0,,,9000,UNITED STATES,US TOTAL,2013,MONTHLY,7,7,JUL,,2020-04-30 15:11:12.000,0.82,
SURVEY,ANIMALS & PRODUCTS,POULTRY,EGGS,TABLE,ALL PRODUCTION PRACTICES,ALL UTILIZATION PRACTICES,PRICE RECEIVED,$ / DOZEN,"EGGS, TABLE - PRICE RECEIVED, MEASURED IN $ / DOZEN",TOTAL,NOT SPECIFIED,NATIONAL,,99,US,US TOTAL,,,,,,,,0,,,9000,UNITED STATES,US TOTAL,2013,MONTHLY,8,8,AUG,,2020-04-30 15:11:12.000,0.87,
SURVEY,ANIMALS & PRODUCTS,POULTRY,EGGS,TABLE,ALL PRODUCTION PRACTICES,ALL UTILIZATION PRACTICES,PRICE RECEIVED,$ / DOZEN,"EGGS, TABLE - PRICE RECEIVED, MEASURED IN $ / DOZEN",TOTAL,NOT SPECIFIED,NATIONAL,,99,US,US TOTAL,,,,,,,,0,,,9000,UNITED STATES,US TOTAL,2013,MONTHLY,9,9,SEP,,2020-04-30 15:11:12.000,0.823,
SURVEY,ANIMALS & PRODUCTS,POULTRY,EGGS,TABLE,ALL PRODUCTION PRACTICES,ALL UTILIZATION PRACTICES,PRICE RECEIVED,$ / DOZEN,"EGGS, TABLE - PRICE RECEIVED, MEASURED IN $ / DOZEN",TOTAL,NOT SPECIFIED,NATIONAL,,99,US,US TOTAL,,,,,,,,0,,,9000,UNITED STATES,US TOTAL,2013,MONTHLY,10,10,OCT,,2020-04-30 15:11:12.000,0.836,
SURVEY,ANIMALS & PRODUCTS,POULTRY,EGGS,TABLE,ALL PRODUCTION PRACTICES,ALL UTILIZATION PRACTICES,PRICE RECEIVED,$ / DOZEN,"EGGS, TABLE - PRICE RECEIVED, MEASURED IN $ / DOZEN",TOTAL,NOT SPECIFIED,NATIONAL,,99,US,US TOTAL,,,,,,,,0,,,9000,UNITED STATES,US TOTAL,2013,MONTHLY,11,11,NOV,,2020-04-30 15:11:12.000,1.16,
SURVEY,ANIMALS & PRODUCTS,POULTRY,EGGS,TABLE,ALL PRODUCTION PRACTICES,ALL UTILIZATION PRACTICES,PRICE RECEIVED,$ / DOZEN,"EGGS, TABLE - PRICE RECEIVED, MEASURED IN $ / DOZEN",TOTAL,NOT SPECIFIED,NATIONAL,,99,US,US TOTAL,,,,,,,,0,,,9000,UNITED STATES,US TOTAL,2013,MONTHLY,12,12,DEC,,2020-04-30 15:11:12.000,1.21,
SURVEY,ANIMALS & PRODUCTS,POULTRY,EGGS,TABLE,ALL PRODUCTION PRACTICES,ALL UTILIZATION PRACTICES,PRICE RECEIVED,$ / DOZEN,"EGGS, TABLE - PRICE RECEIVED, MEASURED IN $ / DOZEN",TOTAL,NOT SPECIFIED,NATIONAL,,99,US,US TOTAL,,,,,,,,0,,,9000,UNITED STATES,US TOTAL,2012,MONTHLY,1,1,JAN,,2018-04-27 15:07:08.000,0.667,
SURVEY,ANIMALS & PRODUCTS,POULTRY,EGGS,TABLE,ALL PRODUCTION PRACTICES,ALL UTILIZATION PRACTICES,PRICE RECEIVED,$ / DOZEN,"EGGS, TABLE - PRICE RECEIVED, MEASURED IN $ / DOZEN",TOTAL,NOT SPECIFIED,NATIONAL,,99,US,US TOTAL,,,,,,,,0,,,9000,UNITED STATES,US TOTAL,2012,MONTHLY,2,2,FEB,,2018-04-27 15:07:08.000,0.669,
SURVEY,ANIMALS & PRODUCTS,POULTRY,EGGS,TABLE,ALL PRODUCTION PRACTICES,ALL UTILIZATION PRACTICES,PRICE RECEIVED,$ / DOZEN,"EGGS, TABLE - PRICE RECEIVED, MEASURED IN $ / DOZEN",TOTAL,NOT SPECIFIED,NATIONAL,,99,US,US TOTAL,,,,,,,,0,,,9000,UNITED STATES,US TOTAL,2012,MONTHLY,3,3,MAR,,2018-04-27 15:07:08.000,0.792,
SURVEY,ANIMALS & PRODUCTS,POULTRY,EGGS,TABLE,ALL PRODUCTION PRACTICES,ALL UTILIZATION PRACTICES,PRICE RECEIVED,$ / DOZEN,"EGGS, TABLE - PRICE RECEIVED, MEASURED IN $ / DOZEN",TOTAL,NOT SPECIFIED,NATIONAL,,99,US,US TOTAL,,,,,,,,0,,,9000,UNITED STATES,US TOTAL,2012,MONTHLY,4,4,APR,,2018-04-27 15:07:08.000,0.641,
SURVEY,ANIMALS & PRODUCTS,POULTRY,EGGS,TABLE,ALL PRODUCTION PRACTICES,ALL UTILIZATION PRACTICES,PRICE RECEIVED,$ / DOZEN,"EGGS, TABLE - PRICE RECEIVED, MEASURED IN $ / DOZEN",TOTAL,NOT SPECIFIED,NATIONAL,,99,US,US TOTAL,,,,,,,,0,,,9000,UNITED STATES,US TOTAL,2012,MONTHLY,5,5,MAY,,2018-04-27 15:07:08.000,0.596,
SURVEY,ANIMALS & PRODUCTS,POULTRY,EGGS,TABLE,ALL PRODUCTION PRACTICES,ALL UTILIZATION PRACTICES,PRICE RECEIVED,$ / DOZEN,"EGGS, TABLE - PRICE RECEIVED, MEASURED IN $ / DOZEN",TOTAL,NOT SPECIFIED,NATIONAL,,99,US,US TOTAL,,,,,,,,0,,,9000,UNITED STATES,US TOTAL,2012,MONTHLY,6,6,JUN,,2018-04-27 15:07:08.000,0.688,
SURVEY,ANIMALS & PRODUCTS,POULTRY,EGGS,TABLE,ALL PRODUCTION PRACTICES,ALL UTILIZATION PRACTICES,PRICE RECEIVED,$ / DOZEN,"EGGS, TABLE - PRICE RECEIVED, MEASURED IN $ / DOZEN",TOTAL,NOT SPECIFIED,NATIONAL,,99,US,US TOTAL,,,,,,,,0,,,9000,UNITED STATES,US TOTAL,2012,MONTHLY,7,7,JUL,,2018-04-27 15:07:08.000,0.764,
SURVEY,ANIMALS & PRODUCTS,POULTRY,EGGS,TABLE,ALL PRODUCTION PRACTICES,ALL UTILIZATION PRACTICES,PRICE RECEIVED,$ / DOZEN,"EGGS, TABLE - PRICE RECEIVED, MEASURED IN $ / DOZEN",TOTAL,NOT SPECIFIED,NATIONAL,,99,US,US TOTAL,,,,,,,,0,,,9000,UNITED STATES,US TOTAL,2012,MONTHLY,8,8,AUG,,2018-04-27 15:07:08.000,0.949,
SURVEY,ANIMALS & PRODUCTS,POULTRY,EGGS,TABLE,ALL PRODUCTION PRACTICES,ALL UTILIZATION PRACTICES,PRICE RECEIVED,$ / DOZEN,"EGGS, TABLE - PRICE RECEIVED, MEASURED IN $ / DOZEN",TOTAL,NOT SPECIFIED,NATIONAL,,99,US,US TOTAL,,,,,,,,0,,,9000,UNITED STATES,US TOTAL,2012,MONTHLY,9,9,SEP,,2018-04-27 15:07:08.000,1.06,
SURVEY,ANIMALS & PRODUCTS,POULTRY,EGGS,TABLE,ALL PRODUCTION PRACTICES,ALL UTILIZATION PRACTICES,PRICE RECEIVED,$ / DOZEN,"EGGS, TABLE - PRICE RECEIVED, MEASURED IN $ / DOZEN",TOTAL,NOT SPECIFIED,NATIONAL,,99,US,US TOTAL,,,,,,,,0,,,9000,UNITED STATES,US TOTAL,2012,MONTHLY,10,10,OCT,,2018-04-27 15:07:08.000,0.837,
SURVEY,ANIMALS & PRODUCTS,POULTRY,EGGS,TABLE,ALL PRODUCTION PRACTICES,ALL UTILIZATION PRACTICES,PRICE RECEIVED,$ / DOZEN,"EGGS, TABLE - PRICE RECEIVED, MEASURED IN $ / DOZEN",TOTAL,NOT SPECIFIED,NATIONAL,,99,US,US TOTAL,,,,,,,,0,,,9000,UNITED STATES,US TOTAL,2012,MONTHLY,11,11,NOV,,2018-04-27 15:07:08.000,1.02,
SURVEY,ANIMALS & PRODUCTS,POULTRY,EGGS,TABLE,ALL PRODUCTION PRACTICES,ALL UTILIZATION PRACTICES,PRICE RECEIVED,$ / DOZEN,"EGGS, TABLE - PRICE RECEIVED, MEASURED IN $ / DOZEN",TOTAL,NOT SPECIFIED,NATIONAL,,99,US,US TOTAL,,,,,,,,0,,,9000,UNITED STATES,US TOTAL,2012,MONTHLY,12,12,DEC,,2020-04-30 15:11:12.000,0.957,
SURVEY,ANIMALS & PRODUCTS,POULTRY,EGGS,TABLE,ALL PRODUCTION PRACTICES,ALL UTILIZATION PRACTICES,PRICE RECEIVED,$ / DOZEN,"EGGS, TABLE - PRICE RECEIVED, MEASURED IN $ / DOZEN",TOTAL,NOT SPECIFIED,NATIONAL,,99,US,US TOTAL,,,,,,,,0,,,9000,UNITED STATES,US TOTAL,2011,MONTHLY,1,1,JAN,,2017-04-27 15:03:23.000,0.66,
SURVEY,ANIMALS & PRODUCTS,POULTRY,EGGS,TABLE,ALL PRODUCTION PRACTICES,ALL UTILIZATION PRACTICES,PRICE RECEIVED,$ / DOZEN,"EGGS, TABLE - PRICE RECEIVED, MEASURED IN $ / DOZEN",TOTAL,NOT SPECIFIED,NATIONAL,,99,US,US TOTAL,,,,,,,,0,,,9000,UNITED STATES,US TOTAL,2011,MONTHLY,2,2,FEB,,2017-04-27 15:03:23.000,0.776,
SURVEY,ANIMALS & PRODUCTS,POULTRY,EGGS,TABLE,ALL PRODUCTION PRACTICES,ALL UTILIZATION PRACTICES,PRICE RECEIVED,$ / DOZEN,"EGGS, TABLE - PRICE RECEIVED, MEASURED IN $ / DOZEN",TOTAL,NOT SPECIFIED,NATIONAL,,99,US,US TOTAL,,,,,,,,0,,,9000,UNITED STATES,US TOTAL,2011,MONTHLY,3,3,MAR,,2017-04-27 15:03:23.000,0.654,
SURVEY,ANIMALS & PRODUCTS,POULTRY,EGGS,TABLE,ALL PRODUCTION PRACTICES,ALL UTILIZATION PRACTICES,PRICE RECEIVED,$ / DOZEN,"EGGS, TABLE - PRICE RECEIVED, MEASURED IN $ / DOZEN",TOTAL,NOT SPECIFIED,NATIONAL,,99,US,US TOTAL,,,,,,,,0,,,9000,UNITED STATES,US TOTAL,2011,MONTHLY,4,4,APR,,2017-04-27 15:03:23.000,0.888,
SURVEY,ANIMALS & PRODUCTS,POULTRY,EGGS,TABLE,ALL PRODUCTION PRACTICES,ALL UTILIZATION PRACTICES,PRICE RECEIVED,$ / DOZEN,"EGGS, TABLE - PRICE RECEIVED, MEASURED IN $ / DOZEN",TOTAL,NOT SPECIFIED,NATIONAL,,99,US,US TOTAL,,,,,,,,0,,,9000,UNITED STATES,US TOTAL,2011,MONTHLY,5,5,MAY,,2017-04-27 15:03:23.000,0.622,
SURVEY,ANIMALS & PRODUCTS,POULTRY,EGGS,TABLE,ALL PRODUCTION PRACTICES,ALL UTILIZATION PRACTICES,PRICE RECEIVED,$ / DOZEN,"EGGS, TABLE - PRICE RECEIVED, MEASURED IN $ / DOZEN",TOTAL,NOT SPECIFIED,NATIONAL,,99,US,US TOTAL,,,,,,,,0,,,9000,UNITED STATES,US TOTAL,2011,MONTHLY,6,6,JUN,,2017-04-27 15:03:23.000,0.687,
SURVEY,ANIMALS & PRODUCTS,POULTRY,EGGS,TABLE,ALL PRODUCTION PRACTICES,ALL UTILIZATION PRACTICES,PRICE RECEIVED,$ / DOZEN,"EGGS, TABLE - PRICE RECEIVED, MEASURED IN $ / DOZEN",TOTAL,NOT SPECIFIED,NATIONAL,,99,US,US TOTAL,,,,,,,,0,,,9000,UNITED STATES,US TOTAL,2011,MONTHLY,7,7,JUL,,2017-04-27 15:03:23.000,0.684,
SURVEY,ANIMALS & PRODUCTS,POULTRY,EGGS,TABLE,ALL PRODUCTION PRACTICES,ALL UTILIZATION PRACTICES,PRICE RECEIVED,$ / DOZEN,"EGGS, TABLE - PRICE RECEIVED, MEASURED IN $ / DOZEN",TOTAL,NOT SPECIFIED,NATIONAL,,99,US,US TOTAL,,,,,,,,0,,,9000,UNITED STATES,US TOTAL,2011,MONTHLY,8,8,AUG,,2017-04-27 15:03:23.000,0.991,
SURVEY,ANIMALS & PRODUCTS,POULTRY,EGGS,TABLE,ALL PRODUCTION PRACTICES,ALL UTILIZATION PRACTICES,PRICE RECEIVED,$ / DOZEN,"EGGS, TABLE - PRICE RECEIVED, MEASURED IN $ / DOZEN",TOTAL,NOT SPECIFIED,NATIONAL,,99,US,US TOTAL,,,,,,,,0,,,9000,UNITED STATES,US TOTAL,2011,MONTHLY,9,9,SEP,,2017-04-27 15:03:23.000,0.769,
SURVEY,ANIMALS & PRODUCTS,POULTRY,EGGS,TABLE,ALL PRODUCTION PRACTICES,ALL UTILIZATION PRACTICES,PRICE RECEIVED,$ / DOZEN,"EGGS, TABLE - PRICE RECEIVED, MEASURED IN $ / DOZEN",TOTAL,NOT SPECIFIED,NATIONAL,,99,US,US TOTAL,,,,,,,,0,,,9000,UNITED STATES,US TOTAL,2011,MONTHLY,10,10,OCT,,2017-04-27 15:03:23.000,0.857,
SURVEY,ANIMALS & PRODUCTS,POULTRY,EGGS,TABLE,ALL PRODUCTION PRACTICES,ALL UTILIZATION PRACTICES,PRICE RECEIVED,$ / DOZEN,"EGGS, TABLE - PRICE RECEIVED, MEASURED IN $ / DOZEN",TOTAL,NOT SPECIFIED,NATIONAL,,99,US,US TOTAL,,,,,,,,0,,,9000,UNITED STATES,US TOTAL,2011,MONTHLY,11,11,NOV,,2017-04-27 15:03:23.000,0.862,
SURVEY,ANIMALS & PRODUCTS,POULTRY,EGGS,TABLE,ALL PRODUCTION PRACTICES,ALL UTILIZATION PRACTICES,PRICE RECEIVED,$ / DOZEN,"EGGS, TABLE - PRICE RECEIVED, MEASURED IN $ / DOZEN",TOTAL,NOT SPECIFIED,NATIONAL,,99,US,US TOTAL,,,,,,,,0,,,9000,UNITED STATES,US TOTAL,2011,MONTHLY,12,12,DEC,,2018-04-27 15:07:08.000,1.1,
SURVEY,ANIMALS & PRODUCTS,POULTRY,EGGS,TABLE,ALL PRODUCTION PRACTICES,ALL UTILIZATION PRACTICES,PRICE RECEIVED,$ / DOZEN,"EGGS, TABLE - PRICE RECEIVED, MEASURED IN $ / DOZEN",TOTAL,NOT SPECIFIED,NATIONAL,,99,US,US TOTAL,,,,,,,,0,,,9000,UNITED STATES,US TOTAL,2010,MONTHLY,1,1,JAN,,2016-04-29 15:12:51.000,0.906,
SURVEY,ANIMALS & PRODUCTS,POULTRY,EGGS,TABLE,ALL PRODUCTION PRACTICES,ALL UTILIZATION PRACTICES,PRICE RECEIVED,$ / DOZEN,"EGGS, TABLE - PRICE RECEIVED, MEASURED IN $ / DOZEN",TOTAL,NOT SPECIFIED,NATIONAL,,99,US,US TOTAL,,,,,,,,0,,,9000,UNITED STATES,US TOTAL,2010,MONTHLY,2,2,FEB,,2016-04-29 15:12:51.000,0.775,
SURVEY,ANIMALS & PRODUCTS,POULTRY,EGGS,TABLE,ALL PRODUCTION PRACTICES,ALL UTILIZATION PRACTICES,PRICE RECEIVED,$ / DOZEN,"EGGS, TABLE - PRICE RECEIVED, MEASURED IN $ / DOZEN",TOTAL,NOT SPECIFIED,NATIONAL,,99,US,US TOTAL,,,,,,,,0,,,9000,UNITED STATES,US TOTAL,2010,MONTHLY,3,3,MAR,,2016-04-29 15:12:51.000,1.06,
SURVEY,ANIMALS & PRODUCTS,POULTRY,EGGS,TABLE,ALL PRODUCTION PRACTICES,ALL UTILIZATION PRACTICES,PRICE RECEIVED,$ / DOZEN,"EGGS, TABLE - PRICE RECEIVED, MEASURED IN $ / DOZEN",TOTAL,NOT SPECIFIED,NATIONAL,,99,US,US TOTAL,,,,,,,,0,,,9000,UNITED STATES,US TOTAL,2010,MONTHLY,4,4,APR,,2016-04-29 15:12:51.000,0.6,
SURVEY,ANIMALS & PRODUCTS,POULTRY,EGGS,TABLE,ALL PRODUCTION PRACTICES,ALL UTILIZATION PRACTICES,PRICE RECEIVED,$ / DOZEN,"EGGS, TABLE - PRICE RECEIVED, MEASURED IN $ / DOZEN",TOTAL,NOT SPECIFIED,NATIONAL,,99,US,US TOTAL,,,,,,,,0,,,9000,UNITED STATES,US TOTAL,2010,MONTHLY,5,5,MAY,,2016-04-29 15:12:51.000,0.442,
SURVEY,ANIMALS & PRODUCTS,POULTRY,EGGS,TABLE,ALL PRODUCTION PRACTICES,ALL UTILIZATION PRACTICES,PRICE RECEIVED,$ / DOZEN,"EGGS, TABLE - PRICE RECEIVED, MEASURED IN $ / DOZEN",TOTAL,NOT SPECIFIED,NATIONAL,,99,US,US TOTAL,,,,,,,,0,,,9000,UNITED STATES,US TOTAL,2010,MONTHLY,6,6,JUN,,2016-04-29 15:12:51.000,0.423,
SURVEY,ANIMALS & PRODUCTS,POULTRY,EGGS,TABLE,ALL PRODUCTION PRACTICES,ALL UTILIZATION PRACTICES,PRICE RECEIVED,$ / DOZEN,"EGGS, TABLE - PRICE RECEIVED, MEASURED IN $ / DOZEN",TOTAL,NOT SPECIFIED,NATIONAL,,99,US,US TOTAL,,,,,,,,0,,,9000,UNITED STATES,US TOTAL,2010,MONTHLY,7,7,JUL,,2016-04-29 15:12:51.000,0.528,
SURVEY,ANIMALS & PRODUCTS,POULTRY,EGGS,TABLE,ALL PRODUCTION PRACTICES,ALL UTILIZATION PRACTICES,PRICE RECEIVED,$ / DOZEN,"EGGS, TABLE - PRICE RECEIVED, MEASURED IN $ / DOZEN",TOTAL,NOT SPECIFIED,NATIONAL,,99,US,US TOTAL,,,,,,,,0,,,9000,UNITED STATES,US TOTAL,2010,MONTHLY,8,8,AUG,,2016-04-29 15:12:51.000,0.625,
SURVEY,ANIMALS & PRODUCTS,POULTRY,EGGS,TABLE,ALL PRODUCTION PRACTICES,ALL UTILIZATION PRACTICES,PRICE RECEIVED,$ / DOZEN,"EGGS, TABLE - PRICE RECEIVED, MEASURED IN $ / DOZEN",TOTAL,NOT SPECIFIED,NATIONAL,,99,US,US TOTAL,,,,,,,,0,,,9000,UNITED STATES,US TOTAL,2010,MONTHLY,9,9,SEP,,2016-04-29 15:12:51.000,0.447,
SURVEY,ANIMALS & PRODUCTS,POULTRY,EGGS,TABLE,ALL PRODUCTION PRACTICES,ALL UTILIZATION PRACTICES,PRICE RECEIVED,$ / DOZEN,"EGGS, TABLE - PRICE RECEIVED, MEASURED IN $ / DOZEN",TOTAL,NOT SPECIFIED,NATIONAL,,99,US,US TOTAL,,,,,,,,0,,,9000,UNITED STATES,US TOTAL,2010,MONTHLY,10,10,OCT,,2016-04-29 15:12:51.000,0.655,
SURVEY,ANIMALS & PRODUCTS,POULTRY,EGGS,TABLE,ALL PRODUCTION PRACTICES,ALL UTILIZATION PRACTICES,PRICE RECEIVED,$ / DOZEN,"EGGS, TABLE - PRICE RECEIVED, MEASURED IN $ / DOZEN",TOTAL,NOT SPECIFIED,NATIONAL,,99,US,US TOTAL,,,,,,,,0,,,9000,UNITED STATES,US TOTAL,2010,MONTHLY,11,11,NOV,,2016-04-29 15:12:51.000,1.02,
SURVEY,ANIMALS & PRODUCTS,POULTRY,EGGS,TABLE,ALL PRODUCTION PRACTICES,ALL UTILIZATION PRACTICES,PRICE RECEIVED,$ / DOZEN,"EGGS, TABLE - PRICE RECEIVED, MEASURED IN $ / DOZEN",TOTAL,NOT SPECIFIED,NATIONAL,,99,US,US TOTAL,,,,,,,,0,,,9000,UNITED STATES,US TOTAL,2010,MONTHLY,12,12,DEC,,2017-04-27 15:03:23.000,0.919,
SURVEY,ANIMALS & PRODUCTS,POULTRY,EGGS,TABLE,ALL PRODUCTION PRACTICES,ALL UTILIZATION PRACTICES,PRICE RECEIVED,$ / DOZEN,"EGGS, TABLE - PRICE RECEIVED, MEASURED IN $ / DOZEN",TOTAL,NOT SPECIFIED,NATIONAL,,99,US,US TOTAL,,,,,,,,0,,,9000,UNITED STATES,US TOTAL,2009,MONTHLY,1,1,JAN,,2015-04-30 15:00:23.000,0.901,
SURVEY,ANIMALS & PRODUCTS,POULTRY,EGGS,TABLE,ALL PRODUCTION PRACTICES,ALL UTILIZATION PRACTICES,PRICE RECEIVED,$ / DOZEN,"EGGS, TABLE - PRICE RECEIVED, MEASURED IN $ / DOZEN",TOTAL,NOT SPECIFIED,NATIONAL,,99,US,US TOTAL,,,,,,,,0,,,9000,UNITED STATES,US TOTAL,2009,MONTHLY,2,2,FEB,,2015-04-30 15:00:23.000,0.642,
SURVEY,ANIMALS & PRODUCTS,POULTRY,EGGS,TABLE,ALL PRODUCTION PRACTICES,ALL UTILIZATION PRACTICES,PRICE RECEIVED,$ / DOZEN,"EGGS, TABLE - PRICE RECEIVED, MEASURED IN $ / DOZEN",TOTAL,NOT SPECIFIED,NATIONAL,,99,US,US TOTAL,,,,,,,,0,,,9000,UNITED STATES,US TOTAL,2009,MONTHLY,3,3,MAR,,2015-04-30 15:00:23.000,0.647,
SURVEY,ANIMALS & PRODUCTS,POULTRY,EGGS,TABLE,ALL PRODUCTION PRACTICES,ALL UTILIZATION PRACTICES,PRICE RECEIVED,$ / DOZEN,"EGGS, TABLE - PRICE RECEIVED, MEASURED IN $ / DOZEN",TOTAL,NOT SPECIFIED,NATIONAL,,99,US,US TOTAL,,,,,,,,0,,,9000,UNITED STATES,US TOTAL,2009,MONTHLY,4,4,APR,,2015-04-30 15:00:23.000,0.774,
SURVEY,ANIMALS & PRODUCTS,POULTRY,EGGS,TABLE,ALL PRODUCTION PRACTICES,ALL UTILIZATION PRACTICES,PRICE RECEIVED,$ / DOZEN,"EGGS, TABLE - PRICE RECEIVED, MEASURED IN $ / DOZEN",TOTAL,NOT SPECIFIED,NATIONAL,,99,US,US TOTAL,,,,,,,,0,,,9000,UNITED STATES,US TOTAL,2009,MONTHLY,5,5,MAY,,2015-04-30 15:00:23.000,0.417,
SURVEY,ANIMALS & PRODUCTS,POULTRY,EGGS,TABLE,ALL PRODUCTION PRACTICES,ALL UTILIZATION PRACTICES,PRICE RECEIVED,$ / DOZEN,"EGGS, TABLE - PRICE RECEIVED, MEASURED IN $ / DOZEN",TOTAL,NOT SPECIFIED,NATIONAL,,99,US,US TOTAL,,,,,,,,0,,,9000,UNITED STATES,US TOTAL,2009,MONTHLY,6,6,JUN,,2015-04-30 15:00:23.000,0.389,
SURVEY,ANIMALS & PRODUCTS,POULTRY,EGGS,TABLE,ALL PRODUCTION PRACTICES,ALL UTILIZATION PRACTICES,PRICE RECEIVED,$ / DOZEN,"EGGS, TABLE - PRICE RECEIVED, MEASURED IN $ / DOZEN",TOTAL,NOT SPECIFIED,NATIONAL,,99,US,US TOTAL,,,,,,,,0,,,9000,UNITED STATES,US TOTAL,2009,MONTHLY,7,7,JUL,,2015-04-30 15:00:23.000,0.524,
SURVEY,ANIMALS & PRODUCTS,POULTRY,EGGS,TABLE,ALL PRODUCTION PRACTICES,ALL UTILIZATION PRACTICES,PRICE RECEIVED,$ / DOZEN,"EGGS, TABLE - PRICE RECEIVED, MEASURED IN $ / DOZEN",TOTAL,NOT SPECIFIED,NATIONAL,,99,US,US TOTAL,,,,,,,,0,,,9000,UNITED STATES,US TOTAL,2009,MONTHLY,8,8,AUG,,2015-04-30 15:00:23.000,0.585,
SURVEY,ANIMALS & PRODUCTS,POULTRY,EGGS,TABLE,ALL PRODUCTION PRACTICES,ALL UTILIZATION PRACTICES,PRICE RECEIVED,$ / DOZEN,"EGGS, TABLE - PRICE RECEIVED, MEASURED IN $ / DOZEN",TOTAL,NOT SPECIFIED,NATIONAL,,99,US,US TOTAL,,,,,,,,0,,,9000,UNITED STATES,US TOTAL,2009,MONTHLY,9,9,SEP,,2015-04-30 15:00:23.000,0.571,
SURVEY,ANIMALS & PRODUCTS,POULTRY,EGGS,TABLE,ALL PRODUCTION PRACTICES,ALL UTILIZATION PRACTICES,PRICE RECEIVED,$ / DOZEN,"EGGS, TABLE - PRICE RECEIVED, MEASURED IN $ / DOZEN",TOTAL,NOT SPECIFIED,NATIONAL,,99,US,US TOTAL,,,,,,,,0,,,9000,UNITED STATES,US TOTAL,2009,MONTHLY,10,10,OCT,,2015-04-30 15:00:23.000,0.638,
SURVEY,ANIMALS & PRODUCTS,POULTRY,EGGS,TABLE,ALL PRODUCTION PRACTICES,ALL UTILIZATION PRACTICES,PRICE RECEIVED,$ / DOZEN,"EGGS, TABLE - PRICE RECEIVED, MEASURED IN $ / DOZEN",TOTAL,NOT SPECIFIED,NATIONAL,,99,US,US TOTAL,,,,,,,,0,,,9000,UNITED STATES,US TOTAL,2009,MONTHLY,11,11,NOV,,2015-04-30 15:00:23.000,0.884,
SURVEY,ANIMALS & PRODUCTS,POULTRY,EGGS,TABLE,ALL PRODUCTION PRACTICES,ALL UTILIZATION PRACTICES,PRICE RECEIVED,$ / DOZEN,"EGGS, TABLE - PRICE RECEIVED, MEASURED IN $ / DOZEN",TOTAL,NOT SPECIFIED,NATIONAL,,99,US,US TOTAL,,,,,,,,0,,,9000,UNITED STATES,US TOTAL,2009,MONTHLY,12,12,DEC,,2016-04-29 15:12:51.000,0.944,
SURVEY,ANIMALS & PRODUCTS,POULTRY,EGGS,TABLE,ALL PRODUCTION PRACTICES,ALL UTILIZATION PRACTICES,PRICE RECEIVED,$ / DOZEN,"EGGS, TABLE - PRICE RECEIVED, MEASURED IN $ / DOZEN",TOTAL,NOT SPECIFIED,NATIONAL,,99,US,US TOTAL,,,,,,,,0,,,9000,UNITED STATES,US TOTAL,2008,MONTHLY,1,1,JAN,,2014-04-30 15:10:28.000,1.21,
SURVEY,ANIMALS & PRODUCTS,POULTRY,EGGS,TABLE,ALL PRODUCTION PRACTICES,ALL UTILIZATION PRACTICES,PRICE RECEIVED,$ / DOZEN,"EGGS, TABLE - PRICE RECEIVED, MEASURED IN $ / DOZEN",TOTAL,NOT SPECIFIED,NATIONAL,,99,US,US TOTAL,,,,,,,,0,,,9000,UNITED STATES,US TOTAL,2008,MONTHLY,2,2,FEB,,2014-04-30 15:10:28.000,1.23,
SURVEY,ANIMALS & PRODUCTS,POULTRY,EGGS,TABLE,ALL PRODUCTION PRACTICES,ALL UTILIZATION PRACTICES,PRICE RECEIVED,$ / DOZEN,"EGGS, TABLE - PRICE RECEIVED, MEASURED IN $ / DOZEN",TOTAL,NOT SPECIFIED,NATIONAL,,99,US,US TOTAL,,,,,,,,0,,,9000,UNITED STATES,US TOTAL,2008,MONTHLY,3,3,MAR,,2014-04-30 15:10:28.000,1.3,
SURVEY,ANIMALS & PRODUCTS,POULTRY,EGGS,TABLE,ALL PRODUCTION PRACTICES,ALL UTILIZATION PRACTICES,PRICE RECEIVED,$ / DOZEN,"EGGS, TABLE - PRICE RECEIVED, MEASURED IN $ / DOZEN",TOTAL,NOT SPECIFIED,NATIONAL,,99,US,US TOTAL,,,,,,,,0,,,9000,UNITED STATES,US TOTAL,2008,MONTHLY,4,4,APR,,2014-04-30 15:10:28.000,0.89,
SURVEY,ANIMALS & PRODUCTS,POULTRY,EGGS,TABLE,ALL PRODUCTION PRACTICES,ALL UTILIZATION PRACTICES,PRICE RECEIVED,$ / DOZEN,"EGGS, TABLE - PRICE RECEIVED, MEASURED IN $ / DOZEN",TOTAL,NOT SPECIFIED,NATIONAL,,99,US,US TOTAL,,,,,,,,0,,,9000,UNITED STATES,US TOTAL,2008,MONTHLY,5,5,MAY,,2014-04-30 15:10:28.000,0.702,
SURVEY,ANIMALS & PRODUCTS,POULTRY,EGGS,TABLE,ALL PRODUCTION PRACTICES,ALL UTILIZATION PRACTICES,PRICE RECEIVED,$ / DOZEN,"EGGS, TABLE - PRICE RECEIVED, MEASURED IN $ / DOZEN",TOTAL,NOT SPECIFIED,NATIONAL,,99,US,US TOTAL,,,,,,,,0,,,9000,UNITED STATES,US TOTAL,2008,MONTHLY,6,6,JUN,,2014-04-30 15:10:28.000,0.93,
SURVEY,ANIMALS & PRODUCTS,POULTRY,EGGS,TABLE,ALL PRODUCTION PRACTICES,ALL UTILIZATION PRACTICES,PRICE RECEIVED,$ / DOZEN,"EGGS, TABLE - PRICE RECEIVED, MEASURED IN $ / DOZEN",TOTAL,NOT SPECIFIED,NATIONAL,,99,US,US TOTAL,,,,,,,,0,,,9000,UNITED STATES,US TOTAL,2008,MONTHLY,7,7,JUL,,2014-04-30 15:10:28.000,0.676,
SURVEY,ANIMALS & PRODUCTS,POULTRY,EGGS,TABLE,ALL PRODUCTION PRACTICES,ALL UTILIZATION PRACTICES,PRICE RECEIVED,$ / DOZEN,"EGGS, TABLE - PRICE RECEIVED, MEASURED IN $ / DOZEN",TOTAL,NOT SPECIFIED,NATIONAL,,99,US,US TOTAL,,,,,,,,0,,,9000,UNITED STATES,US TOTAL,2008,MONTHLY,8,8,AUG,,2014-04-30 15:10:28.000,0.82,
SURVEY,ANIMALS & PRODUCTS,POULTRY,EGGS,TABLE,ALL PRODUCTION PRACTICES,ALL UTILIZATION PRACTICES,PRICE RECEIVED,$ / DOZEN,"EGGS, TABLE - PRICE RECEIVED, MEASURED IN $ / DOZEN",TOTAL,NOT SPECIFIED,NATIONAL,,99,US,US TOTAL,,,,,,,,0,,,9000,UNITED STATES,US TOTAL,2008,MONTHLY,9,9,SEP,,2014-04-30 15:10:28.000,0.861,
SURVEY,ANIMALS & PRODUCTS,POULTRY,EGGS,TABLE,ALL PRODUCTION PRACTICES,ALL UTILIZATION PRACTICES,PRICE RECEIVED,$ / DOZEN,"EGGS, TABLE - PRICE RECEIVED, MEASURED IN $ / DOZEN",TOTAL,NOT SPECIFIED,NATIONAL,,99,US,US TOTAL,,,,,,,,0,,,9000,UNITED STATES,US TOTAL,2008,MONTHLY,10,10,OCT,,2014-04-30 15:10:28.000,0.892,
SURVEY,ANIMALS & PRODUCTS,POULTRY,EGGS,TABLE,ALL PRODUCTION PRACTICES,ALL UTILIZATION PRACTICES,PRICE RECEIVED,$ / DOZEN,"EGGS, TABLE - PRICE RECEIVED, MEASURED IN $ / DOZEN",TOTAL,NOT SPECIFIED,NATIONAL,,99,US,US TOTAL,,,,,,,,0,,,9000,UNITED STATES,US TOTAL,2008,MONTHLY,11,11,NOV,,2014-04-30 15:10:28.000,0.9,
SURVEY,ANIMALS & PRODUCTS,POULTRY,EGGS,TABLE,ALL PRODUCTION PRACTICES,ALL UTILIZATION PRACTICES,PRICE RECEIVED,$ / DOZEN,"EGGS, TABLE - PRICE RECEIVED, MEASURED IN $ / DOZEN",TOTAL,NOT SPECIFIED,NATIONAL,,99,US,US TOTAL,,,,,,,,0,,,9000,UNITED STATES,US TOTAL,2008,MONTHLY,12,12,DEC,,2015-04-30 15:00:23.000,0.864,
SURVEY,ANIMALS & PRODUCTS,POULTRY,EGGS,TABLE,ALL PRODUCTION PRACTICES,ALL UTILIZATION PRACTICES,PRICE RECEIVED,$ / DOZEN,"EGGS, TABLE - PRICE RECEIVED, MEASURED IN $ / DOZEN",TOTAL,NOT SPECIFIED,NATIONAL,,99,US,US TOTAL,,,,,,,,0,,,9000,UNITED STATES,US TOTAL,2007,MONTHLY,1,1,JAN,,2013-05-01 10:23:19.000,0.787,
SURVEY,ANIMALS & PRODUCTS,POULTRY,EGGS,TABLE,ALL PRODUCTION PRACTICES,ALL UTILIZATION PRACTICES,PRICE RECEIVED,$ / DOZEN,"EGGS, TABLE - PRICE RECEIVED, MEASURED IN $ / DOZEN",TOTAL,NOT SPECIFIED,NATIONAL,,99,US,US TOTAL,,,,,,,,0,,,9000,UNITED STATES,US TOTAL,2007,MONTHLY,2,2,FEB,,2013-05-01 10:23:19.000,0.629,
SURVEY,ANIMALS & PRODUCTS,POULTRY,EGGS,TABLE,ALL PRODUCTION PRACTICES,ALL UTILIZATION PRACTICES,PRICE RECEIVED,$ / DOZEN,"EGGS, TABLE - PRICE RECEIVED, MEASURED IN $ / DOZEN",TOTAL,NOT SPECIFIED,NATIONAL,,99,US,US TOTAL,,,,,,,,0,,,9000,UNITED STATES,US TOTAL,2007,MONTHLY,3,3,MAR,,2013-05-01 10:23:19.000,0.684,
SURVEY,ANIMALS & PRODUCTS,POULTRY,EGGS,TABLE,ALL PRODUCTION PRACTICES,ALL UTILIZATION PRACTICES,PRICE RECEIVED,$ / DOZEN,"EGGS, TABLE - PRICE RECEIVED, MEASURED IN $ / DOZEN",TOTAL,NOT SPECIFIED,NATIONAL,,99,US,US TOTAL,,,,,,,,0,,,9000,UNITED STATES,US TOTAL,2007,MONTHLY,4,4,APR,,2013-05-01 10:23:19.000,0.561,
SURVEY,ANIMALS & PRODUCTS,POULTRY,EGGS,TABLE,ALL PRODUCTION PRACTICES,ALL UTILIZATION PRACTICES,PRICE RECEIVED,$ / DOZEN,"EGGS, TABLE - PRICE RECEIVED, MEASURED IN $ / DOZEN",TOTAL,NOT SPECIFIED,NATIONAL,,99,US,US TOTAL,,,,,,,,0,,,9000,UNITED STATES,US TOTAL,2007,MONTHLY,5,5,MAY,,2013-05-01 10:23:19.000,0.618,
SURVEY,ANIMALS & PRODUCTS,POULTRY,EGGS,TABLE,ALL PRODUCTION PRACTICES,ALL UTILIZATION PRACTICES,PRICE RECEIVED,$ / DOZEN,"EGGS, TABLE - PRICE RECEIVED, MEASURED IN $ / DOZEN",TOTAL,NOT SPECIFIED,NATIONAL,,99,US,US TOTAL,,,,,,,,0,,,9000,UNITED STATES,US TOTAL,2007,MONTHLY,6,6,JUN,,2013-05-01 10:23:19.000,0.499,
SURVEY,ANIMALS & PRODUCTS,POULTRY,EGGS,TABLE,ALL PRODUCTION PRACTICES,ALL UTILIZATION PRACTICES,PRICE RECEIVED,$ / DOZEN,"EGGS, TABLE - PRICE RECEIVED, MEASURED IN $ / DOZEN",TOTAL,NOT SPECIFIED,NATIONAL,,99,US,US TOTAL,,,,,,,,0,,,9000,UNITED STATES,US TOTAL,2007,MONTHLY,7,7,JUL,,2013-05-01 10:23:19.000,0.814,
SURVEY,ANIMALS & PRODUCTS,POULTRY,EGGS,TABLE,ALL PRODUCTION PRACTICES,ALL UTILIZATION PRACTICES,PRICE RECEIVED,$ / DOZEN,"EGGS, TABLE - PRICE RECEIVED, MEASURED IN $ / DOZEN",TOTAL,NOT SPECIFIED,NATIONAL,,99,US,US TOTAL,,,,,,,,0,,,9000,UNITED STATES,US TOTAL,2007,MONTHLY,8,8,AUG,,2013-05-01 10:23:19.000,0.722,
SURVEY,ANIMALS & PRODUCTS,POULTRY,EGGS,TABLE,ALL PRODUCTION PRACTICES,ALL UTILIZATION PRACTICES,PRICE RECEIVED,$ / DOZEN,"EGGS, TABLE - PRICE RECEIVED, MEASURED IN $ / DOZEN",TOTAL,NOT SPECIFIED,NATIONAL,,99,US,US TOTAL,,,,,,,,0,,,9000,UNITED STATES,US TOTAL,2007,MONTHLY,9,9,SEP,,2013-05-01 10:23:19.000,0.961,
SURVEY,ANIMALS & PRODUCTS,POULTRY,EGGS,TABLE,ALL PRODUCTION PRACTICES,ALL UTILIZATION PRACTICES,PRICE RECEIVED,$ / DOZEN,"EGGS, TABLE - PRICE RECEIVED, MEASURED IN $ / DOZEN",TOTAL,NOT SPECIFIED,NATIONAL,,99,US,US TOTAL,,,,,,,,0,,,9000,UNITED STATES,US TOTAL,2007,MONTHLY,10,10,OCT,,2013-05-01 10:23:19.000,0.806,
SURVEY,ANIMALS & PRODUCTS,POULTRY,EGGS,TABLE,ALL PRODUCTION PRACTICES,ALL UTILIZATION PRACTICES,PRICE RECEIVED,$ / DOZEN,"EGGS, TABLE - PRICE RECEIVED, MEASURED IN $ / DOZEN",TOTAL,NOT SPECIFIED,NATIONAL,,99,US,US TOTAL,,,,,,,,0,,,9000,UNITED STATES,US TOTAL,2007,MONTHLY,11,11,NOV,,2013-05-01 10:23:19.000,1.19,
SURVEY,ANIMALS & PRODUCTS,POULTRY,EGGS,TABLE,ALL PRODUCTION PRACTICES,ALL UTILIZATION PRACTICES,PRICE RECEIVED,$ / DOZEN,"EGGS, TABLE - PRICE RECEIVED, MEASURED IN $ / DOZEN",TOTAL,NOT SPECIFIED,NATIONAL,,99,US,US TOTAL,,,,,,,,0,,,9000,UNITED STATES,US TOTAL,2007,MONTHLY,12,12,DEC,,2014-04-30 15:10:28.000,1.28,
SURVEY,ANIMALS & PRODUCTS,POULTRY,EGGS,TABLE,ALL PRODUCTION PRACTICES,ALL UTILIZATION PRACTICES,PRICE RECEIVED,$ / DOZEN,"EGGS, TABLE - PRICE RECEIVED, MEASURED IN $ / DOZEN",TOTAL,NOT SPECIFIED,NATIONAL,,99,US,US TOTAL,,,,,,,,0,,,9000,UNITED STATES,US TOTAL,2006,MONTHLY,1,1,JAN,,2012-05-03 16:54:47.000,0.437,
SURVEY,ANIMALS & PRODUCTS,POULTRY,EGGS,TABLE,ALL PRODUCTION PRACTICES,ALL UTILIZATION PRACTICES,PRICE RECEIVED,$ / DOZEN,"EGGS, TABLE - PRICE RECEIVED, MEASURED IN $ / DOZEN",TOTAL,NOT SPECIFIED,NATIONAL,,99,US,US TOTAL,,,,,,,,0,,,9000,UNITED STATES,US TOTAL,2006,MONTHLY,2,2,FEB,,2012-05-03 16:54:47.000,0.299,
SURVEY,ANIMALS & PRODUCTS,POULTRY,EGGS,TABLE,ALL PRODUCTION PRACTICES,ALL UTILIZATION PRACTICES,PRICE RECEIVED,$ / DOZEN,"EGGS, TABLE - PRICE RECEIVED, MEASURED IN $ / DOZEN",TOTAL,NOT SPECIFIED,NATIONAL,,99,US,US TOTAL,,,,,,,,0,,,9000,UNITED STATES,US TOTAL,2006,MONTHLY,3,3,MAR,,2012-05-03 16:54:47.000,0.496,
SURVEY,ANIMALS & PRODUCTS,POULTRY,EGGS,TABLE,ALL PRODUCTION PRACTICES,ALL UTILIZATION PRACTICES,PRICE RECEIVED,$ / DOZEN,"EGGS, TABLE - PRICE RECEIVED, MEASURED IN $ / DOZEN",TOTAL,NOT SPECIFIED,NATIONAL,,99,US,US TOTAL,,,,,,,,0,,,9000,UNITED STATES,US TOTAL,2006,MONTHLY,4,4,APR,,2012-05-03 16:54:47.000,0.322,
SURVEY,ANIMALS & PRODUCTS,POULTRY,EGGS,TABLE,ALL PRODUCTION PRACTICES,ALL UTILIZATION PRACTICES,PRICE RECEIVED,$ / DOZEN,"EGGS, TABLE - PRICE RECEIVED, MEASURED IN $ / DOZEN",TOTAL,NOT SPECIFIED,NATIONAL,,99,US,US TOTAL,,,,,,,,0,,,9000,UNITED STATES,US TOTAL,2006,MONTHLY,5,5,MAY,,2012-05-03 16:54:47.000,0.236,
SURVEY,ANIMALS & PRODUCTS,POULTRY,EGGS,TABLE,ALL PRODUCTION PRACTICES,ALL UTILIZATION PRACTICES,PRICE RECEIVED,$ / DOZEN,"EGGS, TABLE - PRICE RECEIVED, MEASURED IN $ / DOZEN",TOTAL,NOT SPECIFIED,NATIONAL,,99,US,US TOTAL,,,,,,,,0,,,9000,UNITED STATES,US TOTAL,2006,MONTHLY,6,6,JUN,,2012-05-03 16:54:47.000,0.376,
SURVEY,ANIMALS & PRODUCTS,POULTRY,EGGS,TABLE,ALL PRODUCTION PRACTICES,ALL UTILIZATION PRACTICES,PRICE RECEIVED,$ / DOZEN,"EGGS, TABLE - PRICE RECEIVED, MEASURED IN $ / DOZEN",TOTAL,NOT SPECIFIED,NATIONAL,,99,US,US TOTAL,,,,,,,,0,,,9000,UNITED STATES,US TOTAL,2006,MONTHLY,7,7,JUL,,2012-05-03 16:54:47.000,0.253,
SURVEY,ANIMALS & PRODUCTS,POULTRY,EGGS,TABLE,ALL PRODUCTION PRACTICES,ALL UTILIZATION PRACTICES,PRICE RECEIVED,$ / DOZEN,"EGGS, TABLE - PRICE RECEIVED, MEASURED IN $ / DOZEN",TOTAL,NOT SPECIFIED,NATIONAL,,99,US,US TOTAL,,,,,,,,0,,,9000,UNITED STATES,US TOTAL,2006,MONTHLY,8,8,AUG,,2012-05-03 16:54:47.000,0.395,
SURVEY,ANIMALS & PRODUCTS,POULTRY,EGGS,TABLE,ALL PRODUCTION PRACTICES,ALL UTILIZATION PRACTICES,PRICE RECEIVED,$ / DOZEN,"EGGS, TABLE - PRICE RECEIVED, MEASURED IN $ / DOZEN",TOTAL,NOT SPECIFIED,NATIONAL,,99,US,US TOTAL,,,,,,,,0,,,9000,UNITED STATES,US TOTAL,2006,MONTHLY,9,9,SEP,,2012-05-03 16:54:47.000,0.377,
SURVEY,ANIMALS & PRODUCTS,POULTRY,EGGS,TABLE,ALL PRODUCTION PRACTICES,ALL UTILIZATION PRACTICES,PRICE RECEIVED,$ / DOZEN,"EGGS, TABLE - PRICE RECEIVED, MEASURED IN $ / DOZEN",TOTAL,NOT SPECIFIED,NATIONAL,,99,US,US TOTAL,,,,,,,,0,,,9000,UNITED STATES,US TOTAL,2006,MONTHLY,10,10,OCT,,2012-05-03 16:54:47.000,0.389,
SURVEY,ANIMALS & PRODUCTS,POULTRY,EGGS,TABLE,ALL PRODUCTION PRACTICES,ALL UTILIZATION PRACTICES,PRICE RECEIVED,$ / DOZEN,"EGGS, TABLE - PRICE RECEIVED, MEASURED IN $ / DOZEN",TOTAL,NOT SPECIFIED,NATIONAL,,99,US,US TOTAL,,,,,,,,0,,,9000,UNITED STATES,US TOTAL,2006,MONTHLY,11,11,NOV,,2012-05-03 16:54:47.000,0.678,
SURVEY,ANIMALS & PRODUCTS,POULTRY,EGGS,TABLE,ALL PRODUCTION PRACTICES,ALL UTILIZATION PRACTICES,PRICE RECEIVED,$ / DOZEN,"EGGS, TABLE - PRICE RECEIVED, MEASURED IN $ / DOZEN",TOTAL,NOT SPECIFIED,NATIONAL,,99,US,US TOTAL,,,,,,,,0,,,9000,UNITED STATES,US TOTAL,2006,MONTHLY,12,12,DEC,,2013-05-01 10:23:19.000,0.671,
SURVEY,ANIMALS & PRODUCTS,POULTRY,EGGS,TABLE,ALL PRODUCTION PRACTICES,ALL UTILIZATION PRACTICES,PRICE RECEIVED,$ / DOZEN,"EGGS, TABLE - PRICE RECEIVED, MEASURED IN $ / DOZEN",TOTAL,NOT SPECIFIED,NATIONAL,,99,US,US TOTAL,,,,,,,,0,,,9000,UNITED STATES,US TOTAL,2005,MONTHLY,1,1,JAN,,2012-01-01 00:00:00.000,0.375,
SURVEY,ANIMALS & PRODUCTS,POULTRY,EGGS,TABLE,ALL PRODUCTION PRACTICES,ALL UTILIZATION PRACTICES,PRICE RECEIVED,$ / DOZEN,"EGGS, TABLE - PRICE RECEIVED, MEASURED IN $ / DOZEN",TOTAL,NOT SPECIFIED,NATIONAL,,99,US,US TOTAL,,,,,,,,0,,,9000,UNITED STATES,US TOTAL,2005,MONTHLY,2,2,FEB,,2012-01-01 00:00:00.000,0.362,
SURVEY,ANIMALS & PRODUCTS,POULTRY,EGGS,TABLE,ALL PRODUCTION PRACTICES,ALL UTILIZATION PRACTICES,PRICE RECEIVED,$ / DOZEN,"EGGS, TABLE - PRICE RECEIVED, MEASURED IN $ / DOZEN",TOTAL,NOT SPECIFIED,NATIONAL,,99,US,US TOTAL,,,,,,,,0,,,9000,UNITED STATES,US TOTAL,2005,MONTHLY,3,3,MAR,,2012-01-01 00:00:00.000,0.332,
SURVEY,ANIMALS & PRODUCTS,POULTRY,EGGS,TABLE,ALL PRODUCTION PRACTICES,ALL UTILIZATION PRACTICES,PRICE RECEIVED,$ / DOZEN,"EGGS, TABLE - PRICE RECEIVED, MEASURED IN $ / DOZEN",TOTAL,NOT SPECIFIED,NATIONAL,,99,US,US TOTAL,,,,,,,,0,,,9000,UNITED STATES,US TOTAL,2005,MONTHLY,4,4,APR,,2012-01-01 00:00:00.000,0.268,
SURVEY,ANIMALS & PRODUCTS,POULTRY,EGGS,TABLE,ALL PRODUCTION PRACTICES,ALL UTILIZATION PRACTICES,PRICE RECEIVED,$ / DOZEN,"EGGS, TABLE - PRICE RECEIVED, MEASURED IN $ / DOZEN",TOTAL,NOT SPECIFIED,NATIONAL,,99,US,US TOTAL,,,,,,,,0,,,9000,UNITED STATES,US TOTAL,2005,MONTHLY,5,5,MAY,,2012-01-01 00:00:00.000,0.244,
SURVEY,ANIMALS & PRODUCTS,POULTRY,EGGS,TABLE,ALL PRODUCTION PRACTICES,ALL UTILIZATION PRACTICES,PRICE RECEIVED,$ / DOZEN,"EGGS, TABLE - PRICE RECEIVED, MEASURED IN $ / DOZEN",TOTAL,NOT SPECIFIED,NATIONAL,,99,US,US TOTAL,,,,,,,,0,,,9000,UNITED STATES,US TOTAL,2005,MONTHLY,6,6,JUN,,2012-01-01 00:00:00.000,0.24,
SURVEY,ANIMALS & PRODUCTS,POULTRY,EGGS,TABLE,ALL PRODUCTION PRACTICES,ALL UTILIZATION PRACTICES,PRICE RECEIVED,$ / DOZEN,"EGGS, TABLE - PRICE RECEIVED, MEASURED IN $ / DOZEN",TOTAL,NOT SPECIFIED,NATIONAL,,99,US,US TOTAL,,,,,,,,0,,,9000,UNITED STATES,US TOTAL,2005,MONTHLY,7,7,JUL,,2012-01-01 00:00:00.000,0.329,
SURVEY,ANIMALS & PRODUCTS,POULTRY,EGGS,TABLE,ALL PRODUCTION PRACTICES,ALL UTILIZATION PRACTICES,PRICE RECEIVED,$ / DOZEN,"EGGS, TABLE - PRICE RECEIVED, MEASURED IN $ / DOZEN",TOTAL,NOT SPECIFIED,NATIONAL,,99,US,US TOTAL,,,,,,,,0,,,9000,UNITED STATES,US TOTAL,2005,MONTHLY,8,8,AUG,,2012-01-01 00:00:00.000,0.266,
SURVEY,ANIMALS & PRODUCTS,POULTRY,EGGS,TABLE,ALL PRODUCTION PRACTICES,ALL UTILIZATION PRACTICES,PRICE RECEIVED,$ / DOZEN,"EGGS, TABLE - PRICE RECEIVED, MEASURED IN $ / DOZEN",TOTAL,NOT SPECIFIED,NATIONAL,,99,US,US TOTAL,,,,,,,,0,,,9000,UNITED STATES,US TOTAL,2005,MONTHLY,9,9,SEP,,2012-01-01 00:00:00.000,0.461,
SURVEY,ANIMALS & PRODUCTS,POULTRY,EGGS,TABLE,ALL PRODUCTION PRACTICES,ALL UTILIZATION PRACTICES,PRICE RECEIVED,$ / DOZEN,"EGGS, TABLE - PRICE RECEIVED, MEASURED IN $ / DOZEN",TOTAL,NOT SPECIFIED,NATIONAL,,99,US,US TOTAL,,,,,,,,0,,,9000,UNITED STATES,US TOTAL,2005,MONTHLY,10,10,OCT,,2012-01-01 00:00:00.000,0.317,
SURVEY,ANIMALS & PRODUCTS,POULTRY,EGGS,TABLE,ALL PRODUCTION PRACTICES,ALL UTILIZATION PRACTICES,PRICE RECEIVED,$ / DOZEN,"EGGS, TABLE - PRICE RECEIVED, MEASURED IN $ / DOZEN",TOTAL,NOT SPECIFIED,NATIONAL,,99,US,US TOTAL,,,,,,,,0,,,9000,UNITED STATES,US TOTAL,2005,MONTHLY,11,11,NOV,,2012-01-01 00:00:00.000,0.485,
SURVEY,ANIMALS & PRODUCTS,POULTRY,EGGS,TABLE,ALL PRODUCTION PRACTICES,ALL UTILIZATION PRACTICES,PRICE RECEIVED,$ / DOZEN,"EGGS, TABLE - PRICE RECEIVED, MEASURED IN $ / DOZEN",TOTAL,NOT SPECIFIED,NATIONAL,,99,US,US TOTAL,,,,,,,,0,,,9000,UNITED STATES,US TOTAL,2005,MONTHLY,12,12,DEC,,2012-05-03 16:54:47.000,0.561,
SURVEY,ANIMALS & PRODUCTS,POULTRY,EGGS,TABLE,ALL PRODUCTION PRACTICES,ALL UTILIZATION PRACTICES,PRICE RECEIVED,$ / DOZEN,"EGGS, TABLE - PRICE RECEIVED, MEASURED IN $ / DOZEN",TOTAL,NOT SPECIFIED,NATIONAL,,99,US,US TOTAL,,,,,,,,0,,,9000,UNITED STATES,US TOTAL,2004,MONTHLY,1,1,JAN,,2012-01-01 00:00:00.000,0.81,
SURVEY,ANIMALS & PRODUCTS,POULTRY,EGGS,TABLE,ALL PRODUCTION PRACTICES,ALL UTILIZATION PRACTICES,PRICE RECEIVED,$ / DOZEN,"EGGS, TABLE - PRICE RECEIVED, MEASURED IN $ / DOZEN",TOTAL,NOT SPECIFIED,NATIONAL,,99,US,US TOTAL,,,,,,,,0,,,9000,UNITED STATES,US TOTAL,2004,MONTHLY,2,2,FEB,,2012-01-01 00:00:00.000,0.749,
SURVEY,ANIMALS & PRODUCTS,POULTRY,EGGS,TABLE,ALL PRODUCTION PRACTICES,ALL UTILIZATION PRACTICES,PRICE RECEIVED,$ / DOZEN,"EGGS, TABLE - PRICE RECEIVED, MEASURED IN $ / DOZEN",TOTAL,NOT SPECIFIED,NATIONAL,,99,US,US TOTAL,,,,,,,,0,,,9000,UNITED STATES,US TOTAL,2004,MONTHLY,3,3,MAR,,2012-01-01 00:00:00.000,1.0,
SURVEY,ANIMALS & PRODUCTS,POULTRY,EGGS,TABLE,ALL PRODUCTION PRACTICES,ALL UTILIZATION PRACTICES,PRICE RECEIVED,$ / DOZEN,"EGGS, TABLE - PRICE RECEIVED, MEASURED IN $ / DOZEN",TOTAL,NOT SPECIFIED,NATIONAL,,99,US,US TOTAL,,,,,,,,0,,,9000,UNITED STATES,US TOTAL,2004,MONTHLY,4,4,APR,,2012-01-01 00:00:00.000,0.619,
SURVEY,ANIMALS & PRODUCTS,POULTRY,EGGS,TABLE,ALL PRODUCTION PRACTICES,ALL UTILIZATION PRACTICES,PRICE RECEIVED,$ / DOZEN,"EGGS, TABLE - PRICE RECEIVED, MEASURED IN $ / DOZEN",TOTAL,NOT SPECIFIED,NATIONAL,,99,US,US TOTAL,,,,,,,,0,,,9000,UNITED STATES,US TOTAL,2004,MONTHLY,5,5,MAY,,2012-01-01 00:00:00.000,0.472,
SURVEY,ANIMALS & PRODUCTS,POULTRY,EGGS,TABLE,ALL PRODUCTION PRACTICES,ALL UTILIZATION PRACTICES,PRICE RECEIVED,$ / DOZEN,"EGGS, TABLE - PRICE RECEIVED, MEASURED IN $ / DOZEN",TOTAL,NOT SPECIFIED,NATIONAL,,99,US,US TOTAL,,,,,,,,0,,,9000,UNITED STATES,US TOTAL,2004,MONTHLY,6,6,JUN,,2012-01-01 00:00:00.000,0.498,
SURVEY,ANIMALS & PRODUCTS,POULTRY,EGGS,TABLE,ALL PRODUCTION PRACTICES,ALL UTILIZATION PRACTICES,PRICE RECEIVED,$ / DOZEN,"EGGS, TABLE - PRICE RECEIVED, MEASURED IN $ / DOZEN",TOTAL,NOT SPECIFIED,NATIONAL,,99,US,US TOTAL,,,,,,,,0,,,9000,UNITED STATES,US TOTAL,2004,MONTHLY,7,7,JUL,,2012-01-01 00:00:00.000,0.404,
SURVEY,ANIMALS & PRODUCTS,POULTRY,EGGS,TABLE,ALL PRODUCTION PRACTICES,ALL UTILIZATION PRACTICES,PRICE RECEIVED,$ / DOZEN,"EGGS, TABLE - PRICE RECEIVED, MEASURED IN $ / DOZEN",TOTAL,NOT SPECIFIED,NATIONAL,,99,US,US TOTAL,,,,,,,,0,,,9000,UNITED STATES,US TOTAL,2004,MONTHLY,8,8,AUG,,2012-01-01 00:00:00.000,0.338,
SURVEY,ANIMALS & PRODUCTS,POULTRY,EGGS,TABLE,ALL PRODUCTION PRACTICES,ALL UTILIZATION PRACTICES,PRICE RECEIVED,$ / DOZEN,"EGGS, TABLE - PRICE RECEIVED, MEASURED IN $ / DOZEN",TOTAL,NOT SPECIFIED,NATIONAL,,99,US,US TOTAL,,,,,,,,0,,,9000,UNITED STATES,US TOTAL,2004,MONTHLY,9,9,SEP,,2012-01-01 00:00:00.000,0.354,
SURVEY,ANIMALS & PRODUCTS,POULTRY,EGGS,TABLE,ALL PRODUCTION PRACTICES,ALL UTILIZATION PRACTICES,PRICE RECEIVED,$ / DOZEN,"EGGS, TABLE - PRICE RECEIVED, MEASURED IN $ / DOZEN",TOTAL,NOT SPECIFIED,NATIONAL,,99,US,US TOTAL,,,,,,,,0,,,9000,UNITED STATES,US TOTAL,2004,MONTHLY,10,10,OCT,,2012-01-01 00:00:00.000,0.306,
SURVEY,ANIMALS & PRODUCTS,POULTRY,EGGS,TABLE,ALL PRODUCTION PRACTICES,ALL UTILIZATION PRACTICES,PRICE RECEIVED,$ / DOZEN,"EGGS, TABLE - PRICE RECEIVED, MEASURED IN $ / DOZEN",TOTAL,NOT SPECIFIED,NATIONAL,,99,US,US TOTAL,,,,,,,,0,,,9000,UNITED STATES,US TOTAL,2004,MONTHLY,11,11,NOV,,2012-01-01 00:00:00.000,0.437,
SURVEY,ANIMALS & PRODUCTS,POULTRY,EGGS,TABLE,ALL PRODUCTION PRACTICES,ALL UTILIZATION PRACTICES,PRICE RECEIVED,$ / DOZEN,"EGGS, TABLE - PRICE RECEIVED, MEASURED IN $ / DOZEN",TOTAL,NOT SPECIFIED,NATIONAL,,99,US,US TOTAL,,,,,,,,0,,,9000,UNITED STATES,US TOTAL,2004,MONTHLY,12,12,DEC,,2012-01-01 00:00:00.000,0.488,
SURVEY,ANIMALS & PRODUCTS,POULTRY,EGGS,TABLE,ALL PRODUCTION PRACTICES,ALL UTILIZATION PRACTICES,PRICE RECEIVED,$ / DOZEN,"EGGS, TABLE - PRICE RECEIVED, MEASURED IN $ / DOZEN",TOTAL,NOT SPECIFIED,NATIONAL,,99,US,US TOTAL,,,,,,,,0,,,9000,UNITED STATES,US TOTAL,2003,MONTHLY,1,1,JAN,,2012-01-01 00:00:00.000,0.528,
SURVEY,ANIMALS & PRODUCTS,POULTRY,EGGS,TABLE,ALL PRODUCTION PRACTICES,ALL UTILIZATION PRACTICES,PRICE RECEIVED,$ / DOZEN,"EGGS, TABLE - PRICE RECEIVED, MEASURED IN $ / DOZEN",TOTAL,NOT SPECIFIED,NATIONAL,,99,US,US TOTAL,,,,,,,,0,,,9000,UNITED STATES,US TOTAL,2003,MONTHLY,2,2,FEB,,2012-01-01 00:00:00.000,0.463,
SURVEY,ANIMALS & PRODUCTS,POULTRY,EGGS,TABLE,ALL PRODUCTION PRACTICES,ALL UTILIZATION PRACTICES,PRICE RECEIVED,$ / DOZEN,"EGGS, TABLE - PRICE RECEIVED, MEASURED IN $ / DOZEN",TOTAL,NOT SPECIFIED,NATIONAL,,99,US,US TOTAL,,,,,,,,0,,,9000,UNITED STATES,US TOTAL,2003,MONTHLY,3,3,MAR,,2012-01-01 00:00:00.000,0.518,
SURVEY,ANIMALS & PRODUCTS,POULTRY,EGGS,TABLE,ALL PRODUCTION PRACTICES,ALL UTILIZATION PRACTICES,PRICE RECEIVED,$ / DOZEN,"EGGS, TABLE - PRICE RECEIVED, MEASURED IN $ / DOZEN",TOTAL,NOT SPECIFIED,NATIONAL,,99,US,US TOTAL,,,,,,,,0,,,9000,UNITED STATES,US TOTAL,2003,MONTHLY,4,4,APR,,2012-01-01 00:00:00.000,0.518,
SURVEY,ANIMALS & PRODUCTS,POULTRY,EGGS,TABLE,ALL PRODUCTION PRACTICES,ALL UTILIZATION PRACTICES,PRICE RECEIVED,$ / DOZEN,"EGGS, TABLE - PRICE RECEIVED, MEASURED IN $ / DOZEN",TOTAL,NOT SPECIFIED,NATIONAL,,99,US,US TOTAL,,,,,,,,0,,,9000,UNITED STATES,US TOTAL,2003,MONTHLY,5,5,MAY,,2012-01-01 00:00:00.000,0.397,
SURVEY,ANIMALS & PRODUCTS,POULTRY,EGGS,TABLE,ALL PRODUCTION PRACTICES,ALL UTILIZATION PRACTICES,PRICE RECEIVED,$ / DOZEN,"EGGS, TABLE - PRICE RECEIVED, MEASURED IN $ / DOZEN",TOTAL,NOT SPECIFIED,NATIONAL,,99,US,US TOTAL,,,,,,,,0,,,9000,UNITED STATES,US TOTAL,2003,MONTHLY,6,6,JUN,,2012-01-01 00:00:00.000,0.501,
SURVEY,ANIMALS & PRODUCTS,POULTRY,EGGS,TABLE,ALL PRODUCTION PRACTICES,ALL UTILIZATION PRACTICES,PRICE RECEIVED,$ / DOZEN,"EGGS, TABLE - PRICE RECEIVED, MEASURED IN $ / DOZEN",TOTAL,NOT SPECIFIED,NATIONAL,,99,US,US TOTAL,,,,,,,,0,,,9000,UNITED STATES,US TOTAL,2003,MONTHLY,7,7,JUL,,2012-01-01 00:00:00.000,0.524,
SURVEY,ANIMALS & PRODUCTS,POULTRY,EGGS,TABLE,ALL PRODUCTION PRACTICES,ALL UTILIZATION PRACTICES,PRICE RECEIVED,$ / DOZEN,"EGGS, TABLE - PRICE RECEIVED, MEASURED IN $ / DOZEN",TOTAL,NOT SPECIFIED,NATIONAL,,99,US,US TOTAL,,,,,,,,0,,,9000,UNITED STATES,US TOTAL,2003,MONTHLY,8,8,AUG,,2012-01-01 00:00:00.000,0.667,
SURVEY,ANIMALS & PRODUCTS,POULTRY,EGGS,TABLE,ALL PRODUCTION PRACTICES,ALL UTILIZATION PRACTICES,PRICE RECEIVED,$ / DOZEN,"EGGS, TABLE - PRICE RECEIVED, MEASURED IN $ / DOZEN",TOTAL,NOT SPECIFIED,NATIONAL,,99,US,US TOTAL,,,,,,,,0,,,9000,UNITED STATES,US TOTAL,2003,MONTHLY,9,9,SEP,,2012-01-01 00:00:00.000,0.633,
SURVEY,ANIMALS & PRODUCTS,POULTRY,EGGS,TABLE,ALL PRODUCTION PRACTICES,ALL UTILIZATION PRACTICES,PRICE RECEIVED,$ / DOZEN,"EGGS, TABLE - PRICE RECEIVED, MEASURED IN $ / DOZEN",TOTAL,NOT SPECIFIED,NATIONAL,,99,US,US TOTAL,,,,,,,,0,,,9000,UNITED STATES,US TOTAL,2003,MONTHLY,10,10,OCT,,2012-01-01 00:00:00.000,0.706,
SURVEY,ANIMALS & PRODUCTS,POULTRY,EGGS,TABLE,ALL PRODUCTION PRACTICES,ALL UTILIZATION PRACTICES,PRICE RECEIVED,$ / DOZEN,"EGGS, TABLE - PRICE RECEIVED, MEASURED IN $ / DOZEN",TOTAL,NOT SPECIFIED,NATIONAL,,99,US,US TOTAL,,,,,,,,0,,,9000,UNITED STATES,US TOTAL,2003,MONTHLY,11,11,NOV,,2012-01-01 00:00:00.000,0.925,
SURVEY,ANIMALS & PRODUCTS,POULTRY,EGGS,TABLE,ALL PRODUCTION PRACTICES,ALL UTILIZATION PRACTICES,PRICE RECEIVED,$ / DOZEN,"EGGS, TABLE - PRICE RECEIVED, MEASURED IN $ / DOZEN",TOTAL,NOT SPECIFIED,NATIONAL,,99,US,US TOTAL,,,,,,,,0,,,9000,UNITED STATES,US TOTAL,2003,MONTHLY,12,12,DEC,,2012-01-01 00:00:00.000,0.738,
SURVEY,ANIMALS & PRODUCTS,POULTRY,EGGS,TABLE,ALL PRODUCTION PRACTICES,ALL UTILIZATION PRACTICES,PRICE RECEIVED,$ / DOZEN,"EGGS, TABLE - PRICE RECEIVED, MEASURED IN $ / DOZEN",TOTAL,NOT SPECIFIED,NATIONAL,,99,US,US TOTAL,,,,,,,,0,,,9000,UNITED STATES,US TOTAL,2002,MONTHLY,1,1,JAN,,2012-01-01 00:00:00.000,0.552,
SURVEY,ANIMALS & PRODUCTS,POULTRY,EGGS,TABLE,ALL PRODUCTION PRACTICES,ALL UTILIZATION PRACTICES,PRICE RECEIVED,$ / DOZEN,"EGGS, TABLE - PRICE RECEIVED, MEASURED IN $ / DOZEN",TOTAL,NOT SPECIFIED,NATIONAL,,99,US,US TOTAL,,,,,,,,0,,,9000,UNITED STATES,US TOTAL,2002,MONTHLY,2,2,FEB,,2012-01-01 00:00:00.000,0.368,
SURVEY,ANIMALS & PRODUCTS,POULTRY,EGGS,TABLE,ALL PRODUCTION PRACTICES,ALL UTILIZATION PRACTICES,PRICE RECEIVED,$ / DOZEN,"EGGS, TABLE - PRICE RECEIVED, MEASURED IN $ / DOZEN",TOTAL,NOT SPECIFIED,NATIONAL,,99,US,US TOTAL,,,,,,,,0,,,9000,UNITED STATES,US TOTAL,2002,MONTHLY,3,3,MAR,,2012-01-01 00:00:00.000,0.513,
SURVEY,ANIMALS & PRODUCTS,POULTRY,EGGS,TABLE,ALL PRODUCTION PRACTICES,ALL UTILIZATION PRACTICES,PRICE RECEIVED,$ / DOZEN,"EGGS, TABLE - PRICE RECEIVED, MEASURED IN $ / DOZEN",TOTAL,NOT SPECIFIED,NATIONAL,,99,US,US TOTAL,,,,,,,,0,,,9000,UNITED STATES,US TOTAL,2002,MONTHLY,4,4,APR,,2012-01-01 00:00:00.000,0.326,
SURVEY,ANIMALS & PRODUCTS,POULTRY,EGGS,TABLE,ALL PRODUCTION PRACTICES,ALL UTILIZATION PRACTICES,PRICE RECEIVED,$ / DOZEN,"EGGS, TABLE - PRICE RECEIVED, MEASURED IN $ / DOZEN",TOTAL,NOT SPECIFIED,NATIONAL,,99,US,US TOTAL,,,,,,,,0,,,9000,UNITED STATES,US TOTAL,2002,MONTHLY,5,5,MAY,,2012-01-01 00:00:00.000,0.302,
SURVEY,ANIMALS & PRODUCTS,POULTRY,EGGS,TABLE,ALL PRODUCTION PRACTICES,ALL UTILIZATION PRACTICES,PRICE RECEIVED,$ / DOZEN,"EGGS, TABLE - PRICE RECEIVED, MEASURED IN $ / DOZEN",TOTAL,NOT SPECIFIED,NATIONAL,,99,US,US TOTAL,,,,,,,,0,,,9000,UNITED STATES,US TOTAL,2002,MONTHLY,6,6,JUN,,2012-01-01 00:00:00.000,0.442,
SURVEY,ANIMALS & PRODUCTS,POULTRY,EGGS,TABLE,ALL PRODUCTION PRACTICES,ALL UTILIZATION PRACTICES,PRICE RECEIVED,$ / DOZEN,"EGGS, TABLE - PRICE RECEIVED, MEASURED IN $ / DOZEN",TOTAL,NOT SPECIFIED,NATIONAL,,99,US,US TOTAL,,,,,,,,0,,,9000,UNITED STATES,US TOTAL,2002,MONTHLY,7,7,JUL,,2012-01-01 00:00:00.000,0.38,
SURVEY,ANIMALS & PRODUCTS,POULTRY,EGGS,TABLE,ALL PRODUCTION PRACTICES,ALL UTILIZATION PRACTICES,PRICE RECEIVED,$ / DOZEN,"EGGS, TABLE - PRICE RECEIVED, MEASURED IN $ / DOZEN",TOTAL,NOT SPECIFIED,NATIONAL,,99,US,US TOTAL,,,,,,,,0,,,9000,UNITED STATES,US TOTAL,2002,MONTHLY,8,8,AUG,,2012-01-01 00:00:00.000,0.436,
SURVEY,ANIMALS & PRODUCTS,POULTRY,EGGS,TABLE,ALL PRODUCTION PRACTICES,ALL UTILIZATION PRACTICES,PRICE RECEIVED,$ / DOZEN,"EGGS, TABLE - PRICE RECEIVED, MEASURED IN $ / DOZEN",TOTAL,NOT SPECIFIED,NATIONAL,,99,US,US TOTAL,,,,,,,,0,,,9000,UNITED STATES,US TOTAL,2002,MONTHLY,9,9,SEP,,2012-01-01 00:00:00.000,0.392,
SURVEY,ANIMALS & PRODUCTS,POULTRY,EGGS,TABLE,ALL PRODUCTION PRACTICES,ALL UTILIZATION PRACTICES,PRICE RECEIVED,$ / DOZEN,"EGGS, TABLE - PRICE RECEIVED, MEASURED IN $ / DOZEN",TOTAL,NOT SPECIFIED,NATIONAL,,99,US,US TOTAL,,,,,,,,0,,,9000,UNITED STATES,US TOTAL,2002,MONTHLY,10,10,OCT,,2012-01-01 00:00:00.000,0.352,
SURVEY,ANIMALS & PRODUCTS,POULTRY,EGGS,TABLE,ALL PRODUCTION PRACTICES,ALL UTILIZATION PRACTICES,PRICE RECEIVED,$ / DOZEN,"EGGS, TABLE - PRICE RECEIVED, MEASURED IN $ / DOZEN",TOTAL,NOT SPECIFIED,NATIONAL,,99,US,US TOTAL,,,,,,,,0,,,9000,UNITED STATES,US TOTAL,2002,MONTHLY,11,11,NOV,,2012-01-01 00:00:00.000,0.559,
SURVEY,ANIMALS & PRODUCTS,POULTRY,EGGS,TABLE,ALL PRODUCTION PRACTICES,ALL UTILIZATION PRACTICES,PRICE RECEIVED,$ / DOZEN,"EGGS, TABLE - PRICE RECEIVED, MEASURED IN $ / DOZEN",TOTAL,NOT SPECIFIED,NATIONAL,,99,US,US TOTAL,,,,,,,,0,,,9000,UNITED STATES,US TOTAL,2002,MONTHLY,12,12,DEC,,2012-01-01 00:00:00.000,0.518,
SURVEY,ANIMALS & PRODUCTS,POULTRY,EGGS,TABLE,ALL PRODUCTION PRACTICES,ALL UTILIZATION PRACTICES,PRICE RECEIVED,$ / DOZEN,"EGGS, TABLE - PRICE RECEIVED, MEASURED IN $ / DOZEN",TOTAL,NOT SPECIFIED,NATIONAL,,99,US,US TOTAL,,,,,,,,0,,,9000,UNITED STATES,US TOTAL,2001,MONTHLY,1,1,JAN,,2012-01-01 00:00:00.000,0.507,
SURVEY,ANIMALS & PRODUCTS,POULTRY,EGGS,TABLE,ALL PRODUCTION PRACTICES,ALL UTILIZATION PRACTICES,PRICE RECEIVED,$ / DOZEN,"EGGS, TABLE - PRICE RECEIVED, MEASURED IN $ / DOZEN",TOTAL,NOT SPECIFIED,NATIONAL,,99,US,US TOTAL,,,,,,,,0,,,9000,UNITED STATES,US TOTAL,2001,MONTHLY,2,2,FEB,,2012-01-01 00:00:00.000,0.501,
SURVEY,ANIMALS & PRODUCTS,POULTRY,EGGS,TABLE,ALL PRODUCTION PRACTICES,ALL UTILIZATION PRACTICES,PRICE RECEIVED,$ / DOZEN,"EGGS, TABLE - PRICE RECEIVED, MEASURED IN $ / DOZEN",TOTAL,NOT SPECIFIED,NATIONAL,,99,US,US TOTAL,,,,,,,,0,,,9000,UNITED STATES,US TOTAL,2001,MONTHLY,3,3,MAR,,2012-01-01 00:00:00.000,0.517,
SURVEY,ANIMALS & PRODUCTS,POULTRY,EGGS,TABLE,ALL PRODUCTION PRACTICES,ALL UTILIZATION PRACTICES,PRICE RECEIVED,$ / DOZEN,"EGGS, TABLE - PRICE RECEIVED, MEASURED IN $ / DOZEN",TOTAL,NOT SPECIFIED,NATIONAL,,99,US,US TOTAL,,,,,,,,0,,,9000,UNITED STATES,US TOTAL,2001,MONTHLY,4,4,APR,,2012-01-01 00:00:00.000,0.484,
SURVEY,ANIMALS & PRODUCTS,POULTRY,EGGS,TABLE,ALL PRODUCTION PRACTICES,ALL UTILIZATION PRACTICES,PRICE RECEIVED,$ / DOZEN,"EGGS, TABLE - PRICE RECEIVED, MEASURED IN $ / DOZEN",TOTAL,NOT SPECIFIED,NATIONAL,,99,US,US TOTAL,,,,,,,,0,,,9000,UNITED STATES,US TOTAL,2001,MONTHLY,5,5,MAY,,2012-01-01 00:00:00.000,0.365,
SURVEY,ANIMALS & PRODUCTS,POULTRY,EGGS,TABLE,ALL PRODUCTION PRACTICES,ALL UTILIZATION PRACTICES,PRICE RECEIVED,$ / DOZEN,"EGGS, TABLE - PRICE RECEIVED, MEASURED IN $ / DOZEN",TOTAL,NOT SPECIFIED,NATIONAL,,99,US,US TOTAL,,,,,,,,0,,,9000,UNITED STATES,US TOTAL,2001,MONTHLY,6,6,JUN,,2012-01-01 00:00:00.000,0.362,
SURVEY,ANIMALS & PRODUCTS,POULTRY,EGGS,TABLE,ALL PRODUCTION PRACTICES,ALL UTILIZATION PRACTICES,PRICE RECEIVED,$ / DOZEN,"EGGS, TABLE - PRICE RECEIVED, MEASURED IN $ / DOZEN",TOTAL,NOT SPECIFIED,NATIONAL,,99,US,US TOTAL,,,,,,,,0,,,9000,UNITED STATES,US TOTAL,2001,MONTHLY,7,7,JUL,,2012-01-01 00:00:00.000,0.353,
SURVEY,ANIMALS & PRODUCTS,POULTRY,EGGS,TABLE,ALL PRODUCTION PRACTICES,ALL UTILIZATION PRACTICES,PRICE RECEIVED,$ / DOZEN,"EGGS, TABLE - PRICE RECEIVED, MEASURED IN $ / DOZEN",TOTAL,NOT SPECIFIED,NATIONAL,,99,US,US TOTAL,,,,,,,,0,,,9000,UNITED STATES,US TOTAL,2001,MONTHLY,8,8,AUG,,2012-01-01 00:00:00.000,0.388,
SURVEY,ANIMALS & PRODUCTS,POULTRY,EGGS,TABLE,ALL PRODUCTION PRACTICES,ALL UTILIZATION PRACTICES,PRICE RECEIVED,$ / DOZEN,"EGGS, TABLE - PRICE RECEIVED, MEASURED IN $ / DOZEN",TOTAL,NOT SPECIFIED,NATIONAL,,99,US,US TOTAL,,,,,,,,0,,,9000,UNITED STATES,US TOTAL,2001,MONTHLY,9,9,SEP,,2012-01-01 00:00:00.000,0.377,
SURVEY,ANIMALS & PRODUCTS,POULTRY,EGGS,TABLE,ALL PRODUCTION PRACTICES,ALL UTILIZATION PRACTICES,PRICE RECEIVED,$ / DOZEN,"EGGS, TABLE - PRICE RECEIVED, MEASURED IN $ / DOZEN",TOTAL,NOT SPECIFIED,NATIONAL,,99,US,US TOTAL,,,,,,,,0,,,9000,UNITED STATES,US TOTAL,2001,MONTHLY,10,10,OCT,,2012-01-01 00:00:00.000,0.43,
SURVEY,ANIMALS & PRODUCTS,POULTRY,EGGS,TABLE,ALL PRODUCTION PRACTICES,ALL UTILIZATION PRACTICES,PRICE RECEIVED,$ / DOZEN,"EGGS, TABLE - PRICE RECEIVED, MEASURED IN $ / DOZEN",TOTAL,NOT SPECIFIED,NATIONAL,,99,US,US TOTAL,,,,,,,,0,,,9000,UNITED STATES,US TOTAL,2001,MONTHLY,11,11,NOV,,2012-01-01 00:00:00.000,0.486,
SURVEY,ANIMALS & PRODUCTS,POULTRY,EGGS,TABLE,ALL PRODUCTION PRACTICES,ALL UTILIZATION PRACTICES,PRICE RECEIVED,$ / DOZEN,"EGGS, TABLE - PRICE RECEIVED, MEASURED IN $ / DOZEN",TOTAL,NOT SPECIFIED,NATIONAL,,99,US,US TOTAL,,,,,,,,0,,,9000,UNITED STATES,US TOTAL,2001,MONTHLY,12,12,DEC,,2012-01-01 00:00:00.000,0.506,
SURVEY,ANIMALS & PRODUCTS,POULTRY,EGGS,TABLE,ALL PRODUCTION PRACTICES,ALL UTILIZATION PRACTICES,PRICE RECEIVED,$ / DOZEN,"EGGS, TABLE - PRICE RECEIVED, MEASURED IN $ / DOZEN",TOTAL,NOT SPECIFIED,NATIONAL,,99,US,US TOTAL,,,,,,,,0,,,9000,UNITED STATES,US TOTAL,2000,MONTHLY,12,12,DEC,,2012-01-01 00:00:00.000,0.674,
SURVEY,ANIMALS & PRODUCTS,POULTRY,EGGS,TURKEY,ALL PRODUCTION PRACTICES,ALL UTILIZATION PRACTICES,PRICE RECEIVED,$ / DOZEN,"EGGS, TURKEY - PRICE RECEIVED, MEASURED IN $ / DOZEN",TOTAL,NOT SPECIFIED,NATIONAL,,99,US,US TOTAL,,,,,,,,0,,,9000,UNITED STATES,US TOTAL,2005,ANNUAL,0,0,MARKETING YEAR,,2012-01-01 00:00:00.000,1.12,
SURVEY,ANIMALS & PRODUCTS,POULTRY,EGGS,TURKEY,ALL PRODUCTION PRACTICES,ALL UTILIZATION PRACTICES,PRICE RECEIVED,$ / DOZEN,"EGGS, TURKEY - PRICE RECEIVED, MEASURED IN $ / DOZEN",TOTAL,NOT SPECIFIED,NATIONAL,,99,US,US TOTAL,,,,,,,,0,,,9000,UNITED STATES,US TOTAL,2004,ANNUAL,0,0,MARKETING YEAR,,2012-01-01 00:00:00.000,1.09,
SURVEY,ANIMALS & PRODUCTS,POULTRY,EGGS,TURKEY,ALL PRODUCTION PRACTICES,ALL UTILIZATION PRACTICES,PRICE RECEIVED,$ / DOZEN,"EGGS, TURKEY - PRICE RECEIVED, MEASURED IN $ / DOZEN",TOTAL,NOT SPECIFIED,NATIONAL,,99,US,US TOTAL,,,,,,,,0,,,9000,UNITED STATES,US TOTAL,2003,ANNUAL,0,0,MARKETING YEAR,,2012-01-01 00:00:00.000,1.15,
SURVEY,ANIMALS & PRODUCTS,POULTRY,EGGS,TURKEY,ALL PRODUCTION PRACTICES,ALL UTILIZATION PRACTICES,PRICE RECEIVED,$ / DOZEN,"EGGS, TURKEY - PRICE RECEIVED, MEASURED IN $ / DOZEN",TOTAL,NOT SPECIFIED,NATIONAL,,99,US,US TOTAL,,,,,,,,0,,,9000,UNITED STATES,US TOTAL,2002,ANNUAL,0,0,MARKETING YEAR,,2012-01-01 00:00:00.000,1.15,
SURVEY,ANIMALS & PRODUCTS,POULTRY,EGGS,TURKEY,ALL PRODUCTION PRACTICES,ALL UTILIZATION PRACTICES,PRICE RECEIVED,$ / DOZEN,"EGGS, TURKEY - PRICE RECEIVED, MEASURED IN $ / DOZEN",TOTAL,NOT SPECIFIED,NATIONAL,,99,US,US TOTAL,,,,,,,,0,,,9000,UNITED STATES,US TOTAL,2001,ANNUAL,0,0,MARKETING YEAR,,2012-01-01 00:00:00.000,1.15,
SURVEY,ANIMALS & PRODUCTS,POULTRY,EGGS,TURKEY,ALL PRODUCTION PRACTICES,ALL UTILIZATION PRACTICES,PRICE RECEIVED,$ / DOZEN,"EGGS, TURKEY - PRICE RECEIVED, MEASURED IN $ / DOZEN",TOTAL,NOT SPECIFIED,NATIONAL,,99,US,US TOTAL,,,,,,,,0,,,9000,UNITED STATES,US TOTAL,2000,ANNUAL,0,0,MARKETING YEAR,,2012-01-01 00:00:00.000,1.14,
SURVEY,ANIMALS & PRODUCTS,POULTRY,EGGS,TURKEY,ALL PRODUCTION PRACTICES,ALL UTILIZATION PRACTICES,PRICE RECEIVED,$ / DOZEN,"EGGS, TURKEY - PRICE RECEIVED, MEASURED IN $ / DOZEN",TOTAL,NOT SPECIFIED,NATIONAL,,99,US,US TOTAL,,,,,,,,0,,,9000,UNITED STATES,US TOTAL,1999,ANNUAL,0,0,MARKETING YEAR,,2012-01-01 00:00:00.000,1.14,
