source_desc,sector_desc,group_desc,commodity_desc,class_desc,prodn_practice_desc,util_practice_desc,statisticcat_desc,unit_desc,short_desc,domain_desc,domaincat_desc,agg_level_desc,state_ansi,state_fips_code,state_alpha,state_name,asd_code,asd_desc,county_ansi,county_code,county_name,region_desc,zip_5,watershed_code,watershed_desc,congr_district_code,country_code,country_name,location_desc,year,freq_desc,begin_code,end_code,reference_period_desc,week_ending,load_time,Value,CV (%)
SURVEY,ANIMALS & PRODUCTS,LIVESTOCK,HOGS,ALL CLASSES,ALL PRODUCTION PRACTICES,ALL UTILIZATION PRACTICES,PRICE RECEIVED,$ / CWT,"HOGS - PRICE RECEIVED, MEASURED IN $ / CWT",TOTAL,NOT SPECIFIED,NATIONAL,,99,US,US TOTAL,,,,,,,,0,,,9000,UNITED STATES,US TOTAL,2026,MONTHLY,1,1,JAN,,2026-02-27 15:00:00.000,62.2,
SURVEY,ANIMALS & PRODUCTS,LIVESTOCK,HOGS,ALL CLASSES,ALL PRODUCTION PRACTICES,ALL UTILIZATION PRACTICES,PRICE RECEIVED,$ / CWT,"HOGS - PRICE RECEIVED, MEASURED IN $ / CWT",TOTAL,NOT SPECIFIED,NATIONAL,,99,US,US TOTAL,,,,,,,,0,,,9000,UNITED STATES,US TOTAL,2026,MONTHLY,2,2,FEB,,2026-03-30 15:00:00.000,65.9,
SURVEY,ANIMALS & PRODUCTS,LIVESTOCK,HOGS,ALL CLASSES,ALL PRODUCTION PRACTICES,ALL UTILIZATION PRACTICES,PRICE RECEIVED,$ / CWT,"HOGS - PRICE RECEIVED, MEASURED IN $ / CWT",TOTAL,NOT SPECIFIED,NATIONAL,,99,US,US TOTAL,,,,,,,,0,,,9000,UNITED STATES,US TOTAL,2026,MONTHLY,3,3,MAR,,2026-04-30 15:00:00.000,68.7,
SURVEY,ANIMALS & PRODUCTS,LIVESTOCK,HOGS,ALL CLASSES,ALL PRODUCTION PRACTICES,ALL UTILIZATION PRACTICES,PRICE RECEIVED,$ / CWT,"HOGS - PRICE RECEIVED, MEASURED IN $ / CWT",TOTAL,NOT SPECIFIED,NATIONAL,,99,US,US TOTAL,,,,,,,,0,,,9000,UNITED STATES,US TOTAL,2026,MONTHLY,4,4,APR,,2026-05-29 15:00:00.000,67.8,
SURVEY,ANIMALS & PRODUCTS,LIVESTOCK,HOGS,ALL CLASSES,ALL PRODUCTION PRACTICES,ALL UTILIZATION PRACTICES,PRICE RECEIVED,$ / CWT,"HOGS - PRICE RECEIVED, MEASURED IN $ / CWT",TOTAL,NOT SPECIFIED,NATIONAL,,99,US,US TOTAL,,,,,,,,0,,,9000,UNITED STATES,US TOTAL,2025,ANNUAL,0,0,MARKETING YEAR,,2026-02-27 15:00:00.000,69.9,
SURVEY,ANIMALS & PRODUCTS,LIVESTOCK,HOGS,ALL CLASSES,ALL PRODUCTION PRACTICES,ALL UTILIZATION PRACTICES,PRICE RECEIVED,$ / CWT,"HOGS - PRICE RECEIVED, MEASURED IN $ / CWT",TOTAL,NOT SPECIFIED,NATIONAL,,99,US,US TOTAL,,,,,,,,0,,,9000,UNITED STATES,US TOTAL,2025,MONTHLY,1,1,JAN,,2026-02-27 15:00:00.000,61.1,
SURVEY,ANIMALS & PRODUCTS,LIVESTOCK,HOGS,ALL CLASSES,ALL PRODUCTION PRACTICES,ALL UTILIZATION PRACTICES,PRICE RECEIVED,$ / CWT,"HOGS - PRICE RECEIVED, MEASURED IN $ / CWT",TOTAL,NOT SPECIFIED,NATIONAL,,99,US,US TOTAL,,,,,,,,0,,,9000,UNITED STATES,US TOTAL,2025,MONTHLY,2,2,FEB,,2026-02-27 15:00:00.000,66.0,
SURVEY,ANIMALS & PRODUCTS,LIVESTOCK,HOGS,ALL CLASSES,ALL PRODUCTION PRACTICES,ALL UTILIZATION PRACTICES,PRICE RECEIVED,$ / CWT,"HOGS - PRICE RECEIVED, MEASURED IN $ / CWT",TOTAL,NOT SPECIFIED,NATIONAL,,99,US,US TOTAL,,,,,,,,0,,,9000,UNITED STATES,US TOTAL,2025,MONTHLY,3,3,MAR,,2026-02-27 15:00:00.000,67.0,
SURVEY,ANIMALS & PRODUCTS,LIVESTOCK,HOGS,ALL CLASSES,ALL PRODUCTION PRACTICES,ALL UTILIZATION PRACTICES,PRICE RECEIVED,$ / CWT,"HOGS - PRICE RECEIVED, MEASURED IN $ / CWT",TOTAL,NOT SPECIFIED,NATIONAL,,99,US,US TOTAL,,,,,,,,0,,,9000,UNITED STATES,US TOTAL,2025,MONTHLY,4,4,APR,,2026-02-27 15:00:00.000,65.5,
SURVEY,ANIMALS & PRODUCTS,LIVESTOCK,HOGS,ALL CLASSES,ALL PRODUCTION PRACTICES,ALL UTILIZATION PRACTICES,PRICE RECEIVED,$ / CWT,"HOGS - PRICE RECEIVED, MEASURED IN $ / CWT",TOTAL,NOT SPECIFIED,NATIONAL,,99,US,US TOTAL,,,,,,,,0,,,9000,UNITED STATES,US TOTAL,2025,MONTHLY,5,5,MAY,,2026-02-27 15:00:00.000,68.4,
SURVEY,ANIMALS & PRODUCTS,LIVESTOCK,HOGS,ALL CLASSES,ALL PRODUCTION PRACTICES,ALL UTILIZATION PRACTICES,PRICE RECEIVED,$ / CWT,"HOGS - PRICE RECEIVED, MEASURED IN $ / CWT",TOTAL,NOT SPECIFIED,NATIONAL,,99,US,US TOTAL,,,,,,,,0,,,9000,UNITED STATES,US TOTAL,2025,MONTHLY,6,6,JUN,,2026-02-27 15:00:00.000,76.7,
SURVEY,ANIMALS & PRODUCTS,LIVESTOCK,HOGS,ALL CLASSES,ALL PRODUCTION PRACTICES,ALL UTILIZATION PRACTICES,PRICE RECEIVED,$ / CWT,"HOGS - PRICE RECEIVED, MEASURED IN $ / CWT",TOTAL,NOT SPECIFIED,NATIONAL,,99,US,US TOTAL,,,,,,,,0,,,9000,UNITED STATES,US TOTAL,2025,MONTHLY,7,7,JUL,,2026-02-27 15:00:00.000,79.8,
SURVEY,ANIMALS & PRODUCTS,LIVESTOCK,HOGS,ALL CLASSES,ALL PRODUCTION PRACTICES,ALL UTILIZATION PRACTICES,PRICE RECEIVED,$ / CWT,"HOGS - PRICE RECEIVED, MEASURED IN $ / CWT",TOTAL,NOT SPECIFIED,NATIONAL,,99,US,US TOTAL,,,,,,,,0,,,9000,UNITED STATES,US TOTAL,2025,MONTHLY,8,8,AUG,,2026-02-27 15:00:00.000,79.8,
SURVEY,ANIMALS & PRODUCTS,LIVESTOCK,HOGS,ALL CLASSES,ALL PRODUCTION PRACTICES,ALL UTILIZATION PRACTICES,PRICE RECEIVED,$ / CWT,"HOGS - PRICE RECEIVED, MEASURED IN $ / CWT",TOTAL,NOT SPECIFIED,NATIONAL,,99,US,US TOTAL,,,,,,,,0,,,9000,UNITED STATES,US TOTAL,2025,MONTHLY,9,9,SEP,,2026-02-27 15:00:00.000,77.2,
SURVEY,ANIMALS & PRODUCTS,LIVESTOCK,HOGS,ALL CLASSES,ALL PRODUCTION PRACTICES,ALL UTILIZATION PRACTICES,PRICE RECEIVED,$ / CWT,"HOGS - PRICE RECEIVED, MEASURED IN $ / CWT",TOTAL,NOT SPECIFIED,NATIONAL,,99,US,US TOTAL,,,,,,,,0,,,9000,UNITED STATES,US TOTAL,2025,MONTHLY,10,10,OCT,,2026-02-27 15:00:00.000,71.3,
SURVEY,ANIMALS & PRODUCTS,LIVESTOCK,HOGS,ALL CLASSES,ALL PRODUCTION PRACTICES,ALL UTILIZATION PRACTICES,PRICE RECEIVED,$ / CWT,"HOGS - PRICE RECEIVED, MEASURED IN $ / CWT",TOTAL,NOT SPECIFIED,NATIONAL,,99,US,US TOTAL,,,,,,,,0,,,9000,UNITED STATES,US TOTAL,2025,MONTHLY,11,11,NOV,,2026-02-27 15:00:00.000,65.1,
SURVEY,ANIMALS & PRODUCTS,LIVESTOCK,HOGS,ALL CLASSES,ALL PRODUCTION PRACTICES,ALL UTILIZATION PRACTICES,PRICE RECEIVED,$ / CWT,"HOGS - PRICE RECEIVED, MEASURED IN $ / CWT",TOTAL,NOT SPECIFIED,NATIONAL,,99,US,US TOTAL,,,,,,,,0,,,9000,UNITED STATES,US TOTAL,2025,MONTHLY,12,12,DEC,,2026-01-30 15:00:00.000,62.3,
SURVEY,ANIMALS & PRODUCTS,LIVESTOCK,HOGS,ALL CLASSES,ALL PRODUCTION PRACTICES,ALL UTILIZATION PRACTICES,PRICE RECEIVED,$ / CWT,"HOGS - PRICE RECEIVED, MEASURED IN $ / CWT",TOTAL,NOT SPECIFIED,NATIONAL,,99,US,US TOTAL,,,,,,,,0,,,9000,UNITED STATES,US TOTAL,2024,ANNUAL,0,0,MARKETING YEAR,,2026-02-27 15:00:00.000,63.3,
SURVEY,ANIMALS & PRODUCTS,LIVESTOCK,HOGS,ALL CLASSES,ALL PRODUCTION PRACTICES,ALL UTILIZATION PRACTICES,PRICE RECEIVED,$ / CWT,"HOGS - PRICE RECEIVED, MEASURED IN $ / CWT",TOTAL,NOT SPECIFIED,NATIONAL,,99,US,US TOTAL,,,,,,,,0,,,9000,UNITED STATES,US TOTAL,2024,ANNUAL,0,0,YEAR,,2025-07-31 15:00:00.000,64.1,
SURVEY,ANIMALS & PRODUCTS,LIVESTOCK,HOGS,ALL CLASSES,ALL PRODUCTION PRACTICES,ALL UTILIZATION PRACTICES,PRICE RECEIVED,$ / CWT,"HOGS - PRICE RECEIVED, MEASURED IN $ / CWT",TOTAL,NOT SPECIFIED,NATIONAL,,99,US,US TOTAL,,,,,,,,0,,,9000,UNITED STATES,US TOTAL,2024,MONTHLY,1,1,JAN,,2026-02-27 15:00:00.000,53.0,
SURVEY,ANIMALS & PRODUCTS,LIVESTOCK,HOGS,ALL CLASSES,ALL PRODUCTION PRACTICES,ALL UTILIZATION PRACTICES,PRICE RECEIVED,$ / CWT,"HOGS - PRICE RECEIVED, MEASURED IN $ / CWT",TOTAL,NOT SPECIFIED,NATIONAL,,99,US,US TOTAL,,,,,,,,0,,,9000,UNITED STATES,US TOTAL,2024,MONTHLY,2,2,FEB,,2026-02-27 15:00:00.000,58.2,
SURVEY,ANIMALS & PRODUCTS,LIVESTOCK,HOGS,ALL CLASSES,ALL PRODUCTION PRACTICES,ALL UTILIZATION PRACTICES,PRICE RECEIVED,$ / CWT,"HOGS - PRICE RECEIVED, MEASURED IN $ / CWT",TOTAL,NOT SPECIFIED,NATIONAL,,99,US,US TOTAL,,,,,,,,0,,,9000,UNITED STATES,US TOTAL,2024,MONTHLY,3,3,MAR,,2026-02-27 15:00:00.000,62.8,
SURVEY,ANIMALS & PRODUCTS,LIVESTOCK,HOGS,ALL CLASSES,ALL PRODUCTION PRACTICES,ALL UTILIZATION PRACTICES,PRICE RECEIVED,$ / CWT,"HOGS - PRICE RECEIVED, MEASURED IN $ / CWT",TOTAL,NOT SPECIFIED,NATIONAL,,99,US,US TOTAL,,,,,,,,0,,,9000,UNITED STATES,US TOTAL,2024,MONTHLY,4,4,APR,,2026-02-27 15:00:00.000,66.9,
SURVEY,ANIMALS & PRODUCTS,LIVESTOCK,HOGS,ALL CLASSES,ALL PRODUCTION PRACTICES,ALL UTILIZATION PRACTICES,PRICE RECEIVED,$ / CWT,"HOGS - PRICE RECEIVED, MEASURED IN $ / CWT",TOTAL,NOT SPECIFIED,NATIONAL,,99,US,US TOTAL,,,,,,,,0,,,9000,UNITED STATES,US TOTAL,2024,MONTHLY,5,5,MAY,,2026-02-27 15:00:00.000,67.9,
SURVEY,ANIMALS & PRODUCTS,LIVESTOCK,HOGS,ALL CLASSES,ALL PRODUCTION PRACTICES,ALL UTILIZATION PRACTICES,PRICE RECEIVED,$ / CWT,"HOGS - PRICE RECEIVED, MEASURED IN $ / CWT",TOTAL,NOT SPECIFIED,NATIONAL,,99,US,US TOTAL,,,,,,,,0,,,9000,UNITED STATES,US TOTAL,2024,MONTHLY,6,6,JUN,,2026-02-27 15:00:00.000,68.8,
SURVEY,ANIMALS & PRODUCTS,LIVESTOCK,HOGS,ALL CLASSES,ALL PRODUCTION PRACTICES,ALL UTILIZATION PRACTICES,PRICE RECEIVED,$ / CWT,"HOGS - PRICE RECEIVED, MEASURED IN $ / CWT",TOTAL,NOT SPECIFIED,NATIONAL,,99,US,US TOTAL,,,,,,,,0,,,9000,UNITED STATES,US TOTAL,2024,MONTHLY,7,7,JUL,,2026-02-27 15:00:00.000,68.4,
SURVEY,ANIMALS & PRODUCTS,LIVESTOCK,HOGS,ALL CLASSES,ALL PRODUCTION PRACTICES,ALL UTILIZATION PRACTICES,PRICE RECEIVED,$ / CWT,"HOGS - PRICE RECEIVED, MEASURED IN $ / CWT",TOTAL,NOT SPECIFIED,NATIONAL,,99,US,US TOTAL,,,,,,,,0,,,9000,UNITED STATES,US TOTAL,2024,MONTHLY,8,8,AUG,,2026-02-27 15:00:00.000,67.8,
SURVEY,ANIMALS & PRODUCTS,LIVESTOCK,HOGS,ALL CLASSES,ALL PRODUCTION PRACTICES,ALL UTILIZATION PRACTICES,PRICE RECEIVED,$ / CWT,"HOGS - PRICE RECEIVED, MEASURED IN $ / CWT",TOTAL,NOT SPECIFIED,NATIONAL,,99,US,US TOTAL,,,,,,,,0,,,9000,UNITED STATES,US TOTAL,2024,MONTHLY,9,9,SEP,,2026-02-27 15:00:00.000,64.3,
SURVEY,ANIMALS & PRODUCTS,LIVESTOCK,HOGS,ALL CLASSES,ALL PRODUCTION PRACTICES,ALL UTILIZATION PRACTICES,PRICE RECEIVED,$ / CWT,"HOGS - PRICE RECEIVED, MEASURED IN $ / CWT",TOTAL,NOT SPECIFIED,NATIONAL,,99,US,US TOTAL,,,,,,,,0,,,9000,UNITED STATES,US TOTAL,2024,MONTHLY,10,10,OCT,,2026-02-27 15:00:00.000,63.9,
SURVEY,ANIMALS & PRODUCTS,LIVESTOCK,HOGS,ALL CLASSES,ALL PRODUCTION PRACTICES,ALL UTILIZATION PRACTICES,PRICE RECEIVED,$ / CWT,"HOGS - PRICE RECEIVED, MEASURED IN $ / CWT",TOTAL,NOT SPECIFIED,NATIONAL,,99,US,US TOTAL,,,,,,,,0,,,9000,UNITED STATES,US TOTAL,2024,MONTHLY,11,11,NOV,,2026-02-27 15:00:00.000,65.4,
SURVEY,ANIMALS & PRODUCTS,LIVESTOCK,HOGS,ALL CLASSES,ALL PRODUCTION PRACTICES,ALL UTILIZATION PRACTICES,PRICE RECEIVED,$ / CWT,"HOGS - PRICE RECEIVED, MEASURED IN $ / CWT",TOTAL,NOT SPECIFIED,NATIONAL,,99,US,US TOTAL,,,,,,,,0,,,9000,UNITED STATES,US TOTAL,2024,MONTHLY,12,12,DEC,,2026-02-27 15:00:00.000,62.3,
SURVEY,ANIMALS & PRODUCTS,LIVESTOCK,HOGS,ALL CLASSES,ALL PRODUCTION PRACTICES,ALL UTILIZATION PRACTICES,PRICE RECEIVED,$ / CWT,"HOGS - PRICE RECEIVED, MEASURED IN $ / CWT",TOTAL,NOT SPECIFIED,NATIONAL,,99,US,US TOTAL,,,,,,,,0,,,9000,UNITED STATES,US TOTAL,2023,ANNUAL,0,0,MARKETING YEAR,,2025-02-28 15:00:00.000,62.7,
SURVEY,ANIMALS & PRODUCTS,LIVESTOCK,HOGS,ALL CLASSES,ALL PRODUCTION PRACTICES,ALL UTILIZATION PRACTICES,PRICE RECEIVED,$ / CWT,"HOGS - PRICE RECEIVED, MEASURED IN $ / CWT",TOTAL,NOT SPECIFIED,NATIONAL,,99,US,US TOTAL,,,,,,,,0,,,9000,UNITED STATES,US TOTAL,2023,ANNUAL,0,0,YEAR,,2025-07-31 15:00:00.000,62.0,
SURVEY,ANIMALS & PRODUCTS,LIVESTOCK,HOGS,ALL CLASSES,ALL PRODUCTION PRACTICES,ALL UTILIZATION PRACTICES,PRICE RECEIVED,$ / CWT,"HOGS - PRICE RECEIVED, MEASURED IN $ / CWT",TOTAL,NOT SPECIFIED,NATIONAL,,99,US,US TOTAL,,,,,,,,0,,,9000,UNITED STATES,US TOTAL,2023,MONTHLY,1,1,JAN,,2025-02-28 15:00:00.000,58.5,
SURVEY,ANIMALS & PRODUCTS,LIVESTOCK,HOGS,ALL CLASSES,ALL PRODUCTION PRACTICES,ALL UTILIZATION PRACTICES,PRICE RECEIVED,$ / CWT,"HOGS - PRICE RECEIVED, MEASURED IN $ / CWT",TOTAL,NOT SPECIFIED,NATIONAL,,99,US,US TOTAL,,,,,,,,0,,,9000,UNITED STATES,US TOTAL,2023,MONTHLY,2,2,FEB,,2025-02-28 15:00:00.000,59.6,
SURVEY,ANIMALS & PRODUCTS,LIVESTOCK,HOGS,ALL CLASSES,ALL PRODUCTION PRACTICES,ALL UTILIZATION PRACTICES,PRICE RECEIVED,$ / CWT,"HOGS - PRICE RECEIVED, MEASURED IN $ / CWT",TOTAL,NOT SPECIFIED,NATIONAL,,99,US,US TOTAL,,,,,,,,0,,,9000,UNITED STATES,US TOTAL,2023,MONTHLY,3,3,MAR,,2025-02-28 15:00:00.000,61.7,
SURVEY,ANIMALS & PRODUCTS,LIVESTOCK,HOGS,ALL CLASSES,ALL PRODUCTION PRACTICES,ALL UTILIZATION PRACTICES,PRICE RECEIVED,$ / CWT,"HOGS - PRICE RECEIVED, MEASURED IN $ / CWT",TOTAL,NOT SPECIFIED,NATIONAL,,99,US,US TOTAL,,,,,,,,0,,,9000,UNITED STATES,US TOTAL,2023,MONTHLY,4,4,APR,,2025-02-28 15:00:00.000,57.0,
SURVEY,ANIMALS & PRODUCTS,LIVESTOCK,HOGS,ALL CLASSES,ALL PRODUCTION PRACTICES,ALL UTILIZATION PRACTICES,PRICE RECEIVED,$ / CWT,"HOGS - PRICE RECEIVED, MEASURED IN $ / CWT",TOTAL,NOT SPECIFIED,NATIONAL,,99,US,US TOTAL,,,,,,,,0,,,9000,UNITED STATES,US TOTAL,2023,MONTHLY,5,5,MAY,,2025-02-28 15:00:00.000,58.8,
SURVEY,ANIMALS & PRODUCTS,LIVESTOCK,HOGS,ALL CLASSES,ALL PRODUCTION PRACTICES,ALL UTILIZATION PRACTICES,PRICE RECEIVED,$ / CWT,"HOGS - PRICE RECEIVED, MEASURED IN $ / CWT",TOTAL,NOT SPECIFIED,NATIONAL,,99,US,US TOTAL,,,,,,,,0,,,9000,UNITED STATES,US TOTAL,2023,MONTHLY,6,6,JUN,,2025-02-28 15:00:00.000,64.6,
SURVEY,ANIMALS & PRODUCTS,LIVESTOCK,HOGS,ALL CLASSES,ALL PRODUCTION PRACTICES,ALL UTILIZATION PRACTICES,PRICE RECEIVED,$ / CWT,"HOGS - PRICE RECEIVED, MEASURED IN $ / CWT",TOTAL,NOT SPECIFIED,NATIONAL,,99,US,US TOTAL,,,,,,,,0,,,9000,UNITED STATES,US TOTAL,2023,MONTHLY,7,7,JUL,,2025-02-28 15:00:00.000,74.3,
SURVEY,ANIMALS & PRODUCTS,LIVESTOCK,HOGS,ALL CLASSES,ALL PRODUCTION PRACTICES,ALL UTILIZATION PRACTICES,PRICE RECEIVED,$ / CWT,"HOGS - PRICE RECEIVED, MEASURED IN $ / CWT",TOTAL,NOT SPECIFIED,NATIONAL,,99,US,US TOTAL,,,,,,,,0,,,9000,UNITED STATES,US TOTAL,2023,MONTHLY,8,8,AUG,,2025-02-28 15:00:00.000,73.7,
SURVEY,ANIMALS & PRODUCTS,LIVESTOCK,HOGS,ALL CLASSES,ALL PRODUCTION PRACTICES,ALL UTILIZATION PRACTICES,PRICE RECEIVED,$ / CWT,"HOGS - PRICE RECEIVED, MEASURED IN $ / CWT",TOTAL,NOT SPECIFIED,NATIONAL,,99,US,US TOTAL,,,,,,,,0,,,9000,UNITED STATES,US TOTAL,2023,MONTHLY,9,9,SEP,,2025-02-28 15:00:00.000,64.9,
SURVEY,ANIMALS & PRODUCTS,LIVESTOCK,HOGS,ALL CLASSES,ALL PRODUCTION PRACTICES,ALL UTILIZATION PRACTICES,PRICE RECEIVED,$ / CWT,"HOGS - PRICE RECEIVED, MEASURED IN $ / CWT",TOTAL,NOT SPECIFIED,NATIONAL,,99,US,US TOTAL,,,,,,,,0,,,9000,UNITED STATES,US TOTAL,2023,MONTHLY,10,10,OCT,,2025-02-28 15:00:00.000,60.4,
SURVEY,ANIMALS & PRODUCTS,LIVESTOCK,HOGS,ALL CLASSES,ALL PRODUCTION PRACTICES,ALL UTILIZATION PRACTICES,PRICE RECEIVED,$ / CWT,"HOGS - PRICE RECEIVED, MEASURED IN $ / CWT",TOTAL,NOT SPECIFIED,NATIONAL,,99,US,US TOTAL,,,,,,,,0,,,9000,UNITED STATES,US TOTAL,2023,MONTHLY,11,11,NOV,,2025-02-28 15:00:00.000,57.5,
SURVEY,ANIMALS & PRODUCTS,LIVESTOCK,HOGS,ALL CLASSES,ALL PRODUCTION PRACTICES,ALL UTILIZATION PRACTICES,PRICE RECEIVED,$ / CWT,"HOGS - PRICE RECEIVED, MEASURED IN $ / CWT",TOTAL,NOT SPECIFIED,NATIONAL,,99,US,US TOTAL,,,,,,,,0,,,9000,UNITED STATES,US TOTAL,2023,MONTHLY,12,12,DEC,,2026-02-27 15:00:00.000,53.3,
SURVEY,ANIMALS & PRODUCTS,LIVESTOCK,HOGS,ALL CLASSES,ALL PRODUCTION PRACTICES,ALL UTILIZATION PRACTICES,PRICE RECEIVED,$ / CWT,"HOGS - PRICE RECEIVED, MEASURED IN $ / CWT",TOTAL,NOT SPECIFIED,NATIONAL,,99,US,US TOTAL,,,,,,,,0,,,9000,UNITED STATES,US TOTAL,2022,ANNUAL,0,0,MARKETING YEAR,,2024-02-29 15:00:00.000,72.2,
SURVEY,ANIMALS & PRODUCTS,LIVESTOCK,HOGS,ALL CLASSES,ALL PRODUCTION PRACTICES,ALL UTILIZATION PRACTICES,PRICE RECEIVED,$ / CWT,"HOGS - PRICE RECEIVED, MEASURED IN $ / CWT",TOTAL,NOT SPECIFIED,NATIONAL,,99,US,US TOTAL,,,,,,,,0,,,9000,UNITED STATES,US TOTAL,2022,ANNUAL,0,0,YEAR,,2025-07-31 15:00:00.000,73.0,
SURVEY,ANIMALS & PRODUCTS,LIVESTOCK,HOGS,ALL CLASSES,ALL PRODUCTION PRACTICES,ALL UTILIZATION PRACTICES,PRICE RECEIVED,$ / CWT,"HOGS - PRICE RECEIVED, MEASURED IN $ / CWT",TOTAL,NOT SPECIFIED,NATIONAL,,99,US,US TOTAL,,,,,,,,0,,,9000,UNITED STATES,US TOTAL,2022,MONTHLY,1,1,JAN,,2024-02-29 15:00:00.000,58.8,
SURVEY,ANIMALS & PRODUCTS,LIVESTOCK,HOGS,ALL CLASSES,ALL PRODUCTION PRACTICES,ALL UTILIZATION PRACTICES,PRICE RECEIVED,$ / CWT,"HOGS - PRICE RECEIVED, MEASURED IN $ / CWT",TOTAL,NOT SPECIFIED,NATIONAL,,99,US,US TOTAL,,,,,,,,0,,,9000,UNITED STATES,US TOTAL,2022,MONTHLY,2,2,FEB,,2024-02-29 15:00:00.000,68.6,
SURVEY,ANIMALS & PRODUCTS,LIVESTOCK,HOGS,ALL CLASSES,ALL PRODUCTION PRACTICES,ALL UTILIZATION PRACTICES,PRICE RECEIVED,$ / CWT,"HOGS - PRICE RECEIVED, MEASURED IN $ / CWT",TOTAL,NOT SPECIFIED,NATIONAL,,99,US,US TOTAL,,,,,,,,0,,,9000,UNITED STATES,US TOTAL,2022,MONTHLY,3,3,MAR,,2024-02-29 15:00:00.000,75.1,
SURVEY,ANIMALS & PRODUCTS,LIVESTOCK,HOGS,ALL CLASSES,ALL PRODUCTION PRACTICES,ALL UTILIZATION PRACTICES,PRICE RECEIVED,$ / CWT,"HOGS - PRICE RECEIVED, MEASURED IN $ / CWT",TOTAL,NOT SPECIFIED,NATIONAL,,99,US,US TOTAL,,,,,,,,0,,,9000,UNITED STATES,US TOTAL,2022,MONTHLY,4,4,APR,,2024-02-29 15:00:00.000,76.2,
SURVEY,ANIMALS & PRODUCTS,LIVESTOCK,HOGS,ALL CLASSES,ALL PRODUCTION PRACTICES,ALL UTILIZATION PRACTICES,PRICE RECEIVED,$ / CWT,"HOGS - PRICE RECEIVED, MEASURED IN $ / CWT",TOTAL,NOT SPECIFIED,NATIONAL,,99,US,US TOTAL,,,,,,,,0,,,9000,UNITED STATES,US TOTAL,2022,MONTHLY,5,5,MAY,,2024-02-29 15:00:00.000,75.9,
SURVEY,ANIMALS & PRODUCTS,LIVESTOCK,HOGS,ALL CLASSES,ALL PRODUCTION PRACTICES,ALL UTILIZATION PRACTICES,PRICE RECEIVED,$ / CWT,"HOGS - PRICE RECEIVED, MEASURED IN $ / CWT",TOTAL,NOT SPECIFIED,NATIONAL,,99,US,US TOTAL,,,,,,,,0,,,9000,UNITED STATES,US TOTAL,2022,MONTHLY,6,6,JUN,,2024-02-29 15:00:00.000,78.7,
SURVEY,ANIMALS & PRODUCTS,LIVESTOCK,HOGS,ALL CLASSES,ALL PRODUCTION PRACTICES,ALL UTILIZATION PRACTICES,PRICE RECEIVED,$ / CWT,"HOGS - PRICE RECEIVED, MEASURED IN $ / CWT",TOTAL,NOT SPECIFIED,NATIONAL,,99,US,US TOTAL,,,,,,,,0,,,9000,UNITED STATES,US TOTAL,2022,MONTHLY,7,7,JUL,,2024-02-29 15:00:00.000,83.0,
SURVEY,ANIMALS & PRODUCTS,LIVESTOCK,HOGS,ALL CLASSES,ALL PRODUCTION PRACTICES,ALL UTILIZATION PRACTICES,PRICE RECEIVED,$ / CWT,"HOGS - PRICE RECEIVED, MEASURED IN $ / CWT",TOTAL,NOT SPECIFIED,NATIONAL,,99,US,US TOTAL,,,,,,,,0,,,9000,UNITED STATES,US TOTAL,2022,MONTHLY,8,8,AUG,,2024-02-29 15:00:00.000,85.8,
SURVEY,ANIMALS & PRODUCTS,LIVESTOCK,HOGS,ALL CLASSES,ALL PRODUCTION PRACTICES,ALL UTILIZATION PRACTICES,PRICE RECEIVED,$ / CWT,"HOGS - PRICE RECEIVED, MEASURED IN $ / CWT",TOTAL,NOT SPECIFIED,NATIONAL,,99,US,US TOTAL,,,,,,,,0,,,9000,UNITED STATES,US TOTAL,2022,MONTHLY,9,9,SEP,,2024-02-29 15:00:00.000,73.8,
SURVEY,ANIMALS & PRODUCTS,LIVESTOCK,HOGS,ALL CLASSES,ALL PRODUCTION PRACTICES,ALL UTILIZATION PRACTICES,PRICE RECEIVED,$ / CWT,"HOGS - PRICE RECEIVED, MEASURED IN $ / CWT",TOTAL,NOT SPECIFIED,NATIONAL,,99,US,US TOTAL,,,,,,,,0,,,9000,UNITED STATES,US TOTAL,2022,MONTHLY,10,10,OCT,,2024-02-29 15:00:00.000,70.5,
SURVEY,ANIMALS & PRODUCTS,LIVESTOCK,HOGS,ALL CLASSES,ALL PRODUCTION PRACTICES,ALL UTILIZATION PRACTICES,PRICE RECEIVED,$ / CWT,"HOGS - PRICE RECEIVED, MEASURED IN $ / CWT",TOTAL,NOT SPECIFIED,NATIONAL,,99,US,US TOTAL,,,,,,,,0,,,9000,UNITED STATES,US TOTAL,2022,MONTHLY,11,11,NOV,,2024-02-29 15:00:00.000,66.7,
SURVEY,ANIMALS & PRODUCTS,LIVESTOCK,HOGS,ALL CLASSES,ALL PRODUCTION PRACTICES,ALL UTILIZATION PRACTICES,PRICE RECEIVED,$ / CWT,"HOGS - PRICE RECEIVED, MEASURED IN $ / CWT",TOTAL,NOT SPECIFIED,NATIONAL,,99,US,US TOTAL,,,,,,,,0,,,9000,UNITED STATES,US TOTAL,2022,MONTHLY,12,12,DEC,,2025-02-28 15:00:00.000,62.5,
SURVEY,ANIMALS & PRODUCTS,LIVESTOCK,HOGS,ALL CLASSES,ALL PRODUCTION PRACTICES,ALL UTILIZATION PRACTICES,PRICE RECEIVED,$ / CWT,"HOGS - PRICE RECEIVED, MEASURED IN $ / CWT",TOTAL,NOT SPECIFIED,NATIONAL,,99,US,US TOTAL,,,,,,,,0,,,9000,UNITED STATES,US TOTAL,2021,ANNUAL,0,0,MARKETING YEAR,,2023-02-28 15:00:00.000,67.3,
SURVEY,ANIMALS & PRODUCTS,LIVESTOCK,HOGS,ALL CLASSES,ALL PRODUCTION PRACTICES,ALL UTILIZATION PRACTICES,PRICE RECEIVED,$ / CWT,"HOGS - PRICE RECEIVED, MEASURED IN $ / CWT",TOTAL,NOT SPECIFIED,NATIONAL,,99,US,US TOTAL,,,,,,,,0,,,9000,UNITED STATES,US TOTAL,2021,ANNUAL,0,0,YEAR,,2024-07-31 15:00:00.000,68.5,
SURVEY,ANIMALS & PRODUCTS,LIVESTOCK,HOGS,ALL CLASSES,ALL PRODUCTION PRACTICES,ALL UTILIZATION PRACTICES,PRICE RECEIVED,$ / CWT,"HOGS - PRICE RECEIVED, MEASURED IN $ / CWT",TOTAL,NOT SPECIFIED,NATIONAL,,99,US,US TOTAL,,,,,,,,0,,,9000,UNITED STATES,US TOTAL,2021,MONTHLY,1,1,JAN,,2023-02-28 15:00:00.000,50.2,
SURVEY,ANIMALS & PRODUCTS,LIVESTOCK,HOGS,ALL CLASSES,ALL PRODUCTION PRACTICES,ALL UTILIZATION PRACTICES,PRICE RECEIVED,$ / CWT,"HOGS - PRICE RECEIVED, MEASURED IN $ / CWT",TOTAL,NOT SPECIFIED,NATIONAL,,99,US,US TOTAL,,,,,,,,0,,,9000,UNITED STATES,US TOTAL,2021,MONTHLY,2,2,FEB,,2023-02-28 15:00:00.000,56.4,
SURVEY,ANIMALS & PRODUCTS,LIVESTOCK,HOGS,ALL CLASSES,ALL PRODUCTION PRACTICES,ALL UTILIZATION PRACTICES,PRICE RECEIVED,$ / CWT,"HOGS - PRICE RECEIVED, MEASURED IN $ / CWT",TOTAL,NOT SPECIFIED,NATIONAL,,99,US,US TOTAL,,,,,,,,0,,,9000,UNITED STATES,US TOTAL,2021,MONTHLY,3,3,MAR,,2023-02-28 15:00:00.000,67.2,
SURVEY,ANIMALS & PRODUCTS,LIVESTOCK,HOGS,ALL CLASSES,ALL PRODUCTION PRACTICES,ALL UTILIZATION PRACTICES,PRICE RECEIVED,$ / CWT,"HOGS - PRICE RECEIVED, MEASURED IN $ / CWT",TOTAL,NOT SPECIFIED,NATIONAL,,99,US,US TOTAL,,,,,,,,0,,,9000,UNITED STATES,US TOTAL,2021,MONTHLY,4,4,APR,,2023-02-28 15:00:00.000,75.6,
SURVEY,ANIMALS & PRODUCTS,LIVESTOCK,HOGS,ALL CLASSES,ALL PRODUCTION PRACTICES,ALL UTILIZATION PRACTICES,PRICE RECEIVED,$ / CWT,"HOGS - PRICE RECEIVED, MEASURED IN $ / CWT",TOTAL,NOT SPECIFIED,NATIONAL,,99,US,US TOTAL,,,,,,,,0,,,9000,UNITED STATES,US TOTAL,2021,MONTHLY,5,5,MAY,,2023-02-28 15:00:00.000,79.3,
SURVEY,ANIMALS & PRODUCTS,LIVESTOCK,HOGS,ALL CLASSES,ALL PRODUCTION PRACTICES,ALL UTILIZATION PRACTICES,PRICE RECEIVED,$ / CWT,"HOGS - PRICE RECEIVED, MEASURED IN $ / CWT",TOTAL,NOT SPECIFIED,NATIONAL,,99,US,US TOTAL,,,,,,,,0,,,9000,UNITED STATES,US TOTAL,2021,MONTHLY,6,6,JUN,,2023-02-28 15:00:00.000,82.7,
SURVEY,ANIMALS & PRODUCTS,LIVESTOCK,HOGS,ALL CLASSES,ALL PRODUCTION PRACTICES,ALL UTILIZATION PRACTICES,PRICE RECEIVED,$ / CWT,"HOGS - PRICE RECEIVED, MEASURED IN $ / CWT",TOTAL,NOT SPECIFIED,NATIONAL,,99,US,US TOTAL,,,,,,,,0,,,9000,UNITED STATES,US TOTAL,2021,MONTHLY,7,7,JUL,,2023-02-28 15:00:00.000,80.0,
SURVEY,ANIMALS & PRODUCTS,LIVESTOCK,HOGS,ALL CLASSES,ALL PRODUCTION PRACTICES,ALL UTILIZATION PRACTICES,PRICE RECEIVED,$ / CWT,"HOGS - PRICE RECEIVED, MEASURED IN $ / CWT",TOTAL,NOT SPECIFIED,NATIONAL,,99,US,US TOTAL,,,,,,,,0,,,9000,UNITED STATES,US TOTAL,2021,MONTHLY,8,8,AUG,,2023-02-28 15:00:00.000,79.0,
SURVEY,ANIMALS & PRODUCTS,LIVESTOCK,HOGS,ALL CLASSES,ALL PRODUCTION PRACTICES,ALL UTILIZATION PRACTICES,PRICE RECEIVED,$ / CWT,"HOGS - PRICE RECEIVED, MEASURED IN $ / CWT",TOTAL,NOT SPECIFIED,NATIONAL,,99,US,US TOTAL,,,,,,,,0,,,9000,UNITED STATES,US TOTAL,2021,MONTHLY,9,9,SEP,,2023-02-28 15:00:00.000,70.8,
SURVEY,ANIMALS & PRODUCTS,LIVESTOCK,HOGS,ALL CLASSES,ALL PRODUCTION PRACTICES,ALL UTILIZATION PRACTICES,PRICE RECEIVED,$ / CWT,"HOGS - PRICE RECEIVED, MEASURED IN $ / CWT",TOTAL,NOT SPECIFIED,NATIONAL,,99,US,US TOTAL,,,,,,,,0,,,9000,UNITED STATES,US TOTAL,2021,MONTHLY,10,10,OCT,,2023-02-28 15:00:00.000,65.5,
SURVEY,ANIMALS & PRODUCTS,LIVESTOCK,HOGS,ALL CLASSES,ALL PRODUCTION PRACTICES,ALL UTILIZATION PRACTICES,PRICE RECEIVED,$ / CWT,"HOGS - PRICE RECEIVED, MEASURED IN $ / CWT",TOTAL,NOT SPECIFIED,NATIONAL,,99,US,US TOTAL,,,,,,,,0,,,9000,UNITED STATES,US TOTAL,2021,MONTHLY,11,11,NOV,,2023-02-28 15:00:00.000,58.6,
SURVEY,ANIMALS & PRODUCTS,LIVESTOCK,HOGS,ALL CLASSES,ALL PRODUCTION PRACTICES,ALL UTILIZATION PRACTICES,PRICE RECEIVED,$ / CWT,"HOGS - PRICE RECEIVED, MEASURED IN $ / CWT",TOTAL,NOT SPECIFIED,NATIONAL,,99,US,US TOTAL,,,,,,,,0,,,9000,UNITED STATES,US TOTAL,2021,MONTHLY,12,12,DEC,,2024-02-29 15:00:00.000,56.5,
SURVEY,ANIMALS & PRODUCTS,LIVESTOCK,HOGS,ALL CLASSES,ALL PRODUCTION PRACTICES,ALL UTILIZATION PRACTICES,PRICE RECEIVED,$ / CWT,"HOGS - PRICE RECEIVED, MEASURED IN $ / CWT",TOTAL,NOT SPECIFIED,NATIONAL,,99,US,US TOTAL,,,,,,,,0,,,9000,UNITED STATES,US TOTAL,2020,ANNUAL,0,0,MARKETING YEAR,,2022-02-28 15:03:56.000,46.9,
SURVEY,ANIMALS & PRODUCTS,LIVESTOCK,HOGS,ALL CLASSES,ALL PRODUCTION PRACTICES,ALL UTILIZATION PRACTICES,PRICE RECEIVED,$ / CWT,"HOGS - PRICE RECEIVED, MEASURED IN $ / CWT",TOTAL,NOT SPECIFIED,NATIONAL,,99,US,US TOTAL,,,,,,,,0,,,9000,UNITED STATES,US TOTAL,2020,ANNUAL,0,0,YEAR,,2023-07-28 15:00:00.000,47.1,
SURVEY,ANIMALS & PRODUCTS,LIVESTOCK,HOGS,ALL CLASSES,ALL PRODUCTION PRACTICES,ALL UTILIZATION PRACTICES,PRICE RECEIVED,$ / CWT,"HOGS - PRICE RECEIVED, MEASURED IN $ / CWT",TOTAL,NOT SPECIFIED,NATIONAL,,99,US,US TOTAL,,,,,,,,0,,,9000,UNITED STATES,US TOTAL,2020,MONTHLY,1,1,JAN,,2022-02-28 15:03:56.000,47.8,
SURVEY,ANIMALS & PRODUCTS,LIVESTOCK,HOGS,ALL CLASSES,ALL PRODUCTION PRACTICES,ALL UTILIZATION PRACTICES,PRICE RECEIVED,$ / CWT,"HOGS - PRICE RECEIVED, MEASURED IN $ / CWT",TOTAL,NOT SPECIFIED,NATIONAL,,99,US,US TOTAL,,,,,,,,0,,,9000,UNITED STATES,US TOTAL,2020,MONTHLY,2,2,FEB,,2022-02-28 15:03:56.000,45.5,
SURVEY,ANIMALS & PRODUCTS,LIVESTOCK,HOGS,ALL CLASSES,ALL PRODUCTION PRACTICES,ALL UTILIZATION PRACTICES,PRICE RECEIVED,$ / CWT,"HOGS - PRICE RECEIVED, MEASURED IN $ / CWT",TOTAL,NOT SPECIFIED,NATIONAL,,99,US,US TOTAL,,,,,,,,0,,,9000,UNITED STATES,US TOTAL,2020,MONTHLY,3,3,MAR,,2022-02-28 15:03:56.000,47.7,
SURVEY,ANIMALS & PRODUCTS,LIVESTOCK,HOGS,ALL CLASSES,ALL PRODUCTION PRACTICES,ALL UTILIZATION PRACTICES,PRICE RECEIVED,$ / CWT,"HOGS - PRICE RECEIVED, MEASURED IN $ / CWT",TOTAL,NOT SPECIFIED,NATIONAL,,99,US,US TOTAL,,,,,,,,0,,,9000,UNITED STATES,US TOTAL,2020,MONTHLY,4,4,APR,,2022-02-28 15:03:56.000,42.3,
SURVEY,ANIMALS & PRODUCTS,LIVESTOCK,HOGS,ALL CLASSES,ALL PRODUCTION PRACTICES,ALL UTILIZATION PRACTICES,PRICE RECEIVED,$ / CWT,"HOGS - PRICE RECEIVED, MEASURED IN $ / CWT",TOTAL,NOT SPECIFIED,NATIONAL,,99,US,US TOTAL,,,,,,,,0,,,9000,UNITED STATES,US TOTAL,2020,MONTHLY,5,5,MAY,,2022-02-28 15:03:56.000,51.0,
SURVEY,ANIMALS & PRODUCTS,LIVESTOCK,HOGS,ALL CLASSES,ALL PRODUCTION PRACTICES,ALL UTILIZATION PRACTICES,PRICE RECEIVED,$ / CWT,"HOGS - PRICE RECEIVED, MEASURED IN $ / CWT",TOTAL,NOT SPECIFIED,NATIONAL,,99,US,US TOTAL,,,,,,,,0,,,9000,UNITED STATES,US TOTAL,2020,MONTHLY,6,6,JUN,,2022-02-28 15:03:56.000,41.3,
SURVEY,ANIMALS & PRODUCTS,LIVESTOCK,HOGS,ALL CLASSES,ALL PRODUCTION PRACTICES,ALL UTILIZATION PRACTICES,PRICE RECEIVED,$ / CWT,"HOGS - PRICE RECEIVED, MEASURED IN $ / CWT",TOTAL,NOT SPECIFIED,NATIONAL,,99,US,US TOTAL,,,,,,,,0,,,9000,UNITED STATES,US TOTAL,2020,MONTHLY,7,7,JUL,,2022-02-28 15:03:56.000,39.9,
SURVEY,ANIMALS & PRODUCTS,LIVESTOCK,HOGS,ALL CLASSES,ALL PRODUCTION PRACTICES,ALL UTILIZATION PRACTICES,PRICE RECEIVED,$ / CWT,"HOGS - PRICE RECEIVED, MEASURED IN $ / CWT",TOTAL,NOT SPECIFIED,NATIONAL,,99,US,US TOTAL,,,,,,,,0,,,9000,UNITED STATES,US TOTAL,2020,MONTHLY,8,8,AUG,,2022-02-28 15:03:56.000,42.9,
SURVEY,ANIMALS & PRODUCTS,LIVESTOCK,HOGS,ALL CLASSES,ALL PRODUCTION PRACTICES,ALL UTILIZATION PRACTICES,PRICE RECEIVED,$ / CWT,"HOGS - PRICE RECEIVED, MEASURED IN $ / CWT",TOTAL,NOT SPECIFIED,NATIONAL,,99,US,US TOTAL,,,,,,,,0,,,9000,UNITED STATES,US TOTAL,2020,MONTHLY,9,9,SEP,,2022-02-28 15:03:56.000,49.7,
SURVEY,ANIMALS & PRODUCTS,LIVESTOCK,HOGS,ALL CLASSES,ALL PRODUCTION PRACTICES,ALL UTILIZATION PRACTICES,PRICE RECEIVED,$ / CWT,"HOGS - PRICE RECEIVED, MEASURED IN $ / CWT",TOTAL,NOT SPECIFIED,NATIONAL,,99,US,US TOTAL,,,,,,,,0,,,9000,UNITED STATES,US TOTAL,2020,MONTHLY,10,10,OCT,,2022-02-28 15:03:56.000,56.3,
SURVEY,ANIMALS & PRODUCTS,LIVESTOCK,HOGS,ALL CLASSES,ALL PRODUCTION PRACTICES,ALL UTILIZATION PRACTICES,PRICE RECEIVED,$ / CWT,"HOGS - PRICE RECEIVED, MEASURED IN $ / CWT",TOTAL,NOT SPECIFIED,NATIONAL,,99,US,US TOTAL,,,,,,,,0,,,9000,UNITED STATES,US TOTAL,2020,MONTHLY,11,11,NOV,,2022-02-28 15:03:56.000,51.9,
SURVEY,ANIMALS & PRODUCTS,LIVESTOCK,HOGS,ALL CLASSES,ALL PRODUCTION PRACTICES,ALL UTILIZATION PRACTICES,PRICE RECEIVED,$ / CWT,"HOGS - PRICE RECEIVED, MEASURED IN $ / CWT",TOTAL,NOT SPECIFIED,NATIONAL,,99,US,US TOTAL,,,,,,,,0,,,9000,UNITED STATES,US TOTAL,2020,MONTHLY,12,12,DEC,,2023-02-28 15:00:00.000,49.1,
SURVEY,ANIMALS & PRODUCTS,LIVESTOCK,HOGS,ALL CLASSES,ALL PRODUCTION PRACTICES,ALL UTILIZATION PRACTICES,PRICE RECEIVED,$ / CWT,"HOGS - PRICE RECEIVED, MEASURED IN $ / CWT",TOTAL,NOT SPECIFIED,NATIONAL,,99,US,US TOTAL,,,,,,,,0,,,9000,UNITED STATES,US TOTAL,2019,ANNUAL,0,0,MARKETING YEAR,,2021-02-26 15:10:12.000,51.4,
SURVEY,ANIMALS & PRODUCTS,LIVESTOCK,HOGS,ALL CLASSES,ALL PRODUCTION PRACTICES,ALL UTILIZATION PRACTICES,PRICE RECEIVED,$ / CWT,"HOGS - PRICE RECEIVED, MEASURED IN $ / CWT",TOTAL,NOT SPECIFIED,NATIONAL,,99,US,US TOTAL,,,,,,,,0,,,9000,UNITED STATES,US TOTAL,2019,ANNUAL,0,0,YEAR,,2022-07-29 15:01:54.000,51.9,
SURVEY,ANIMALS & PRODUCTS,LIVESTOCK,HOGS,ALL CLASSES,ALL PRODUCTION PRACTICES,ALL UTILIZATION PRACTICES,PRICE RECEIVED,$ / CWT,"HOGS - PRICE RECEIVED, MEASURED IN $ / CWT",TOTAL,NOT SPECIFIED,NATIONAL,,99,US,US TOTAL,,,,,,,,0,,,9000,UNITED STATES,US TOTAL,2019,MONTHLY,1,1,JAN,,2021-02-26 15:10:12.000,44.6,
SURVEY,ANIMALS & PRODUCTS,LIVESTOCK,HOGS,ALL CLASSES,ALL PRODUCTION PRACTICES,ALL UTILIZATION PRACTICES,PRICE RECEIVED,$ / CWT,"HOGS - PRICE RECEIVED, MEASURED IN $ / CWT",TOTAL,NOT SPECIFIED,NATIONAL,,99,US,US TOTAL,,,,,,,,0,,,9000,UNITED STATES,US TOTAL,2019,MONTHLY,2,2,FEB,,2021-02-26 15:10:12.000,43.4,
SURVEY,ANIMALS & PRODUCTS,LIVESTOCK,HOGS,ALL CLASSES,ALL PRODUCTION PRACTICES,ALL UTILIZATION PRACTICES,PRICE RECEIVED,$ / CWT,"HOGS - PRICE RECEIVED, MEASURED IN $ / CWT",TOTAL,NOT SPECIFIED,NATIONAL,,99,US,US TOTAL,,,,,,,,0,,,9000,UNITED STATES,US TOTAL,2019,MONTHLY,3,3,MAR,,2021-02-26 15:10:12.000,46.5,
SURVEY,ANIMALS & PRODUCTS,LIVESTOCK,HOGS,ALL CLASSES,ALL PRODUCTION PRACTICES,ALL UTILIZATION PRACTICES,PRICE RECEIVED,$ / CWT,"HOGS - PRICE RECEIVED, MEASURED IN $ / CWT",TOTAL,NOT SPECIFIED,NATIONAL,,99,US,US TOTAL,,,,,,,,0,,,9000,UNITED STATES,US TOTAL,2019,MONTHLY,4,4,APR,,2021-02-26 15:10:12.000,59.4,
SURVEY,ANIMALS & PRODUCTS,LIVESTOCK,HOGS,ALL CLASSES,ALL PRODUCTION PRACTICES,ALL UTILIZATION PRACTICES,PRICE RECEIVED,$ / CWT,"HOGS - PRICE RECEIVED, MEASURED IN $ / CWT",TOTAL,NOT SPECIFIED,NATIONAL,,99,US,US TOTAL,,,,,,,,0,,,9000,UNITED STATES,US TOTAL,2019,MONTHLY,5,5,MAY,,2021-02-26 15:10:12.000,62.3,
SURVEY,ANIMALS & PRODUCTS,LIVESTOCK,HOGS,ALL CLASSES,ALL PRODUCTION PRACTICES,ALL UTILIZATION PRACTICES,PRICE RECEIVED,$ / CWT,"HOGS - PRICE RECEIVED, MEASURED IN $ / CWT",TOTAL,NOT SPECIFIED,NATIONAL,,99,US,US TOTAL,,,,,,,,0,,,9000,UNITED STATES,US TOTAL,2019,MONTHLY,6,6,JUN,,2021-02-26 15:10:12.000,59.5,
SURVEY,ANIMALS & PRODUCTS,LIVESTOCK,HOGS,ALL CLASSES,ALL PRODUCTION PRACTICES,ALL UTILIZATION PRACTICES,PRICE RECEIVED,$ / CWT,"HOGS - PRICE RECEIVED, MEASURED IN $ / CWT",TOTAL,NOT SPECIFIED,NATIONAL,,99,US,US TOTAL,,,,,,,,0,,,9000,UNITED STATES,US TOTAL,2019,MONTHLY,7,7,JUL,,2021-02-26 15:10:12.000,56.6,
SURVEY,ANIMALS & PRODUCTS,LIVESTOCK,HOGS,ALL CLASSES,ALL PRODUCTION PRACTICES,ALL UTILIZATION PRACTICES,PRICE RECEIVED,$ / CWT,"HOGS - PRICE RECEIVED, MEASURED IN $ / CWT",TOTAL,NOT SPECIFIED,NATIONAL,,99,US,US TOTAL,,,,,,,,0,,,9000,UNITED STATES,US TOTAL,2019,MONTHLY,8,8,AUG,,2021-02-26 15:10:12.000,58.5,
SURVEY,ANIMALS & PRODUCTS,LIVESTOCK,HOGS,ALL CLASSES,ALL PRODUCTION PRACTICES,ALL UTILIZATION PRACTICES,PRICE RECEIVED,$ / CWT,"HOGS - PRICE RECEIVED, MEASURED IN $ / CWT",TOTAL,NOT SPECIFIED,NATIONAL,,99,US,US TOTAL,,,,,,,,0,,,9000,UNITED STATES,US TOTAL,2019,MONTHLY,9,9,SEP,,2021-02-26 15:10:12.000,47.7,
SURVEY,ANIMALS & PRODUCTS,LIVESTOCK,HOGS,ALL CLASSES,ALL PRODUCTION PRACTICES,ALL UTILIZATION PRACTICES,PRICE RECEIVED,$ / CWT,"HOGS - PRICE RECEIVED, MEASURED IN $ / CWT",TOTAL,NOT SPECIFIED,NATIONAL,,99,US,US TOTAL,,,,,,,,0,,,9000,UNITED STATES,US TOTAL,2019,MONTHLY,10,10,OCT,,2021-02-26 15:10:12.000,49.1,
SURVEY,ANIMALS & PRODUCTS,LIVESTOCK,HOGS,ALL CLASSES,ALL PRODUCTION PRACTICES,ALL UTILIZATION PRACTICES,PRICE RECEIVED,$ / CWT,"HOGS - PRICE RECEIVED, MEASURED IN $ / CWT",TOTAL,NOT SPECIFIED,NATIONAL,,99,US,US TOTAL,,,,,,,,0,,,9000,UNITED STATES,US TOTAL,2019,MONTHLY,11,11,NOV,,2021-02-26 15:10:12.000,48.0,
SURVEY,ANIMALS & PRODUCTS,LIVESTOCK,HOGS,ALL CLASSES,ALL PRODUCTION PRACTICES,ALL UTILIZATION PRACTICES,PRICE RECEIVED,$ / CWT,"HOGS - PRICE RECEIVED, MEASURED IN $ / CWT",TOTAL,NOT SPECIFIED,NATIONAL,,99,US,US TOTAL,,,,,,,,0,,,9000,UNITED STATES,US TOTAL,2019,MONTHLY,12,12,DEC,,2022-02-28 15:03:56.000,47.3,
SURVEY,ANIMALS & PRODUCTS,LIVESTOCK,HOGS,ALL CLASSES,ALL PRODUCTION PRACTICES,ALL UTILIZATION PRACTICES,PRICE RECEIVED,$ / CWT,"HOGS - PRICE RECEIVED, MEASURED IN $ / CWT",TOTAL,NOT SPECIFIED,NATIONAL,,99,US,US TOTAL,,,,,,,,0,,,9000,UNITED STATES,US TOTAL,2018,ANNUAL,0,0,MARKETING YEAR,,2020-02-28 15:02:03.000,50.2,
SURVEY,ANIMALS & PRODUCTS,LIVESTOCK,HOGS,ALL CLASSES,ALL PRODUCTION PRACTICES,ALL UTILIZATION PRACTICES,PRICE RECEIVED,$ / CWT,"HOGS - PRICE RECEIVED, MEASURED IN $ / CWT",TOTAL,NOT SPECIFIED,NATIONAL,,99,US,US TOTAL,,,,,,,,0,,,9000,UNITED STATES,US TOTAL,2018,ANNUAL,0,0,YEAR,,2022-07-29 15:01:54.000,49.9,
SURVEY,ANIMALS & PRODUCTS,LIVESTOCK,HOGS,ALL CLASSES,ALL PRODUCTION PRACTICES,ALL UTILIZATION PRACTICES,PRICE RECEIVED,$ / CWT,"HOGS - PRICE RECEIVED, MEASURED IN $ / CWT",TOTAL,NOT SPECIFIED,NATIONAL,,99,US,US TOTAL,,,,,,,,0,,,9000,UNITED STATES,US TOTAL,2018,MONTHLY,1,1,JAN,,2020-02-28 15:02:03.000,52.5,
SURVEY,ANIMALS & PRODUCTS,LIVESTOCK,HOGS,ALL CLASSES,ALL PRODUCTION PRACTICES,ALL UTILIZATION PRACTICES,PRICE RECEIVED,$ / CWT,"HOGS - PRICE RECEIVED, MEASURED IN $ / CWT",TOTAL,NOT SPECIFIED,NATIONAL,,99,US,US TOTAL,,,,,,,,0,,,9000,UNITED STATES,US TOTAL,2018,MONTHLY,2,2,FEB,,2020-02-28 15:02:03.000,54.6,
SURVEY,ANIMALS & PRODUCTS,LIVESTOCK,HOGS,ALL CLASSES,ALL PRODUCTION PRACTICES,ALL UTILIZATION PRACTICES,PRICE RECEIVED,$ / CWT,"HOGS - PRICE RECEIVED, MEASURED IN $ / CWT",TOTAL,NOT SPECIFIED,NATIONAL,,99,US,US TOTAL,,,,,,,,0,,,9000,UNITED STATES,US TOTAL,2018,MONTHLY,3,3,MAR,,2020-02-28 15:02:03.000,50.0,
SURVEY,ANIMALS & PRODUCTS,LIVESTOCK,HOGS,ALL CLASSES,ALL PRODUCTION PRACTICES,ALL UTILIZATION PRACTICES,PRICE RECEIVED,$ / CWT,"HOGS - PRICE RECEIVED, MEASURED IN $ / CWT",TOTAL,NOT SPECIFIED,NATIONAL,,99,US,US TOTAL,,,,,,,,0,,,9000,UNITED STATES,US TOTAL,2018,MONTHLY,4,4,APR,,2020-02-28 15:02:03.000,45.3,
SURVEY,ANIMALS & PRODUCTS,LIVESTOCK,HOGS,ALL CLASSES,ALL PRODUCTION PRACTICES,ALL UTILIZATION PRACTICES,PRICE RECEIVED,$ / CWT,"HOGS - PRICE RECEIVED, MEASURED IN $ / CWT",TOTAL,NOT SPECIFIED,NATIONAL,,99,US,US TOTAL,,,,,,,,0,,,9000,UNITED STATES,US TOTAL,2018,MONTHLY,5,5,MAY,,2020-02-28 15:02:03.000,51.5,
SURVEY,ANIMALS & PRODUCTS,LIVESTOCK,HOGS,ALL CLASSES,ALL PRODUCTION PRACTICES,ALL UTILIZATION PRACTICES,PRICE RECEIVED,$ / CWT,"HOGS - PRICE RECEIVED, MEASURED IN $ / CWT",TOTAL,NOT SPECIFIED,NATIONAL,,99,US,US TOTAL,,,,,,,,0,,,9000,UNITED STATES,US TOTAL,2018,MONTHLY,6,6,JUN,,2020-02-28 15:02:03.000,59.1,
SURVEY,ANIMALS & PRODUCTS,LIVESTOCK,HOGS,ALL CLASSES,ALL PRODUCTION PRACTICES,ALL UTILIZATION PRACTICES,PRICE RECEIVED,$ / CWT,"HOGS - PRICE RECEIVED, MEASURED IN $ / CWT",TOTAL,NOT SPECIFIED,NATIONAL,,99,US,US TOTAL,,,,,,,,0,,,9000,UNITED STATES,US TOTAL,2018,MONTHLY,7,7,JUL,,2020-02-28 15:02:03.000,58.6,
SURVEY,ANIMALS & PRODUCTS,LIVESTOCK,HOGS,ALL CLASSES,ALL PRODUCTION PRACTICES,ALL UTILIZATION PRACTICES,PRICE RECEIVED,$ / CWT,"HOGS - PRICE RECEIVED, MEASURED IN $ / CWT",TOTAL,NOT SPECIFIED,NATIONAL,,99,US,US TOTAL,,,,,,,,0,,,9000,UNITED STATES,US TOTAL,2018,MONTHLY,8,8,AUG,,2020-02-28 15:02:03.000,44.3,
SURVEY,ANIMALS & PRODUCTS,LIVESTOCK,HOGS,ALL CLASSES,ALL PRODUCTION PRACTICES,ALL UTILIZATION PRACTICES,PRICE RECEIVED,$ / CWT,"HOGS - PRICE RECEIVED, MEASURED IN $ / CWT",TOTAL,NOT SPECIFIED,NATIONAL,,99,US,US TOTAL,,,,,,,,0,,,9000,UNITED STATES,US TOTAL,2018,MONTHLY,9,9,SEP,,2020-02-28 15:02:03.000,43.2,
SURVEY,ANIMALS & PRODUCTS,LIVESTOCK,HOGS,ALL CLASSES,ALL PRODUCTION PRACTICES,ALL UTILIZATION PRACTICES,PRICE RECEIVED,$ / CWT,"HOGS - PRICE RECEIVED, MEASURED IN $ / CWT",TOTAL,NOT SPECIFIED,NATIONAL,,99,US,US TOTAL,,,,,,,,0,,,9000,UNITED STATES,US TOTAL,2018,MONTHLY,10,10,OCT,,2020-02-28 15:02:03.000,50.3,
SURVEY,ANIMALS & PRODUCTS,LIVESTOCK,HOGS,ALL CLASSES,ALL PRODUCTION PRACTICES,ALL UTILIZATION PRACTICES,PRICE RECEIVED,$ / CWT,"HOGS - PRICE RECEIVED, MEASURED IN $ / CWT",TOTAL,NOT SPECIFIED,NATIONAL,,99,US,US TOTAL,,,,,,,,0,,,9000,UNITED STATES,US TOTAL,2018,MONTHLY,11,11,NOV,,2020-02-28 15:02:03.000,46.2,
SURVEY,ANIMALS & PRODUCTS,LIVESTOCK,HOGS,ALL CLASSES,ALL PRODUCTION PRACTICES,ALL UTILIZATION PRACTICES,PRICE RECEIVED,$ / CWT,"HOGS - PRICE RECEIVED, MEASURED IN $ / CWT",TOTAL,NOT SPECIFIED,NATIONAL,,99,US,US TOTAL,,,,,,,,0,,,9000,UNITED STATES,US TOTAL,2018,MONTHLY,12,12,DEC,,2021-02-26 15:10:12.000,43.4,
SURVEY,ANIMALS & PRODUCTS,LIVESTOCK,HOGS,ALL CLASSES,ALL PRODUCTION PRACTICES,ALL UTILIZATION PRACTICES,PRICE RECEIVED,$ / CWT,"HOGS - PRICE RECEIVED, MEASURED IN $ / CWT",TOTAL,NOT SPECIFIED,NATIONAL,,99,US,US TOTAL,,,,,,,,0,,,9000,UNITED STATES,US TOTAL,2017,ANNUAL,0,0,MARKETING YEAR,,2019-02-28 15:06:11.000,53.1,
SURVEY,ANIMALS & PRODUCTS,LIVESTOCK,HOGS,ALL CLASSES,ALL PRODUCTION PRACTICES,ALL UTILIZATION PRACTICES,PRICE RECEIVED,$ / CWT,"HOGS - PRICE RECEIVED, MEASURED IN $ / CWT",TOTAL,NOT SPECIFIED,NATIONAL,,99,US,US TOTAL,,,,,,,,0,,,9000,UNITED STATES,US TOTAL,2017,ANNUAL,0,0,YEAR,,2022-07-29 15:01:54.000,53.6,
SURVEY,ANIMALS & PRODUCTS,LIVESTOCK,HOGS,ALL CLASSES,ALL PRODUCTION PRACTICES,ALL UTILIZATION PRACTICES,PRICE RECEIVED,$ / CWT,"HOGS - PRICE RECEIVED, MEASURED IN $ / CWT",TOTAL,NOT SPECIFIED,NATIONAL,,99,US,US TOTAL,,,,,,,,0,,,9000,UNITED STATES,US TOTAL,2017,MONTHLY,1,1,JAN,,2019-02-28 15:06:11.000,48.1,
SURVEY,ANIMALS & PRODUCTS,LIVESTOCK,HOGS,ALL CLASSES,ALL PRODUCTION PRACTICES,ALL UTILIZATION PRACTICES,PRICE RECEIVED,$ / CWT,"HOGS - PRICE RECEIVED, MEASURED IN $ / CWT",TOTAL,NOT SPECIFIED,NATIONAL,,99,US,US TOTAL,,,,,,,,0,,,9000,UNITED STATES,US TOTAL,2017,MONTHLY,2,2,FEB,,2019-02-28 15:06:11.000,54.4,
SURVEY,ANIMALS & PRODUCTS,LIVESTOCK,HOGS,ALL CLASSES,ALL PRODUCTION PRACTICES,ALL UTILIZATION PRACTICES,PRICE RECEIVED,$ / CWT,"HOGS - PRICE RECEIVED, MEASURED IN $ / CWT",TOTAL,NOT SPECIFIED,NATIONAL,,99,US,US TOTAL,,,,,,,,0,,,9000,UNITED STATES,US TOTAL,2017,MONTHLY,3,3,MAR,,2019-02-28 15:06:11.000,53.0,
SURVEY,ANIMALS & PRODUCTS,LIVESTOCK,HOGS,ALL CLASSES,ALL PRODUCTION PRACTICES,ALL UTILIZATION PRACTICES,PRICE RECEIVED,$ / CWT,"HOGS - PRICE RECEIVED, MEASURED IN $ / CWT",TOTAL,NOT SPECIFIED,NATIONAL,,99,US,US TOTAL,,,,,,,,0,,,9000,UNITED STATES,US TOTAL,2017,MONTHLY,4,4,APR,,2019-02-28 15:06:11.000,48.4,
SURVEY,ANIMALS & PRODUCTS,LIVESTOCK,HOGS,ALL CLASSES,ALL PRODUCTION PRACTICES,ALL UTILIZATION PRACTICES,PRICE RECEIVED,$ / CWT,"HOGS - PRICE RECEIVED, MEASURED IN $ / CWT",TOTAL,NOT SPECIFIED,NATIONAL,,99,US,US TOTAL,,,,,,,,0,,,9000,UNITED STATES,US TOTAL,2017,MONTHLY,5,5,MAY,,2019-02-28 15:06:11.000,53.6,
SURVEY,ANIMALS & PRODUCTS,LIVESTOCK,HOGS,ALL CLASSES,ALL PRODUCTION PRACTICES,ALL UTILIZATION PRACTICES,PRICE RECEIVED,$ / CWT,"HOGS - PRICE RECEIVED, MEASURED IN $ / CWT",TOTAL,NOT SPECIFIED,NATIONAL,,99,US,US TOTAL,,,,,,,,0,,,9000,UNITED STATES,US TOTAL,2017,MONTHLY,6,6,JUN,,2019-02-28 15:06:11.000,62.1,
SURVEY,ANIMALS & PRODUCTS,LIVESTOCK,HOGS,ALL CLASSES,ALL PRODUCTION PRACTICES,ALL UTILIZATION PRACTICES,PRICE RECEIVED,$ / CWT,"HOGS - PRICE RECEIVED, MEASURED IN $ / CWT",TOTAL,NOT SPECIFIED,NATIONAL,,99,US,US TOTAL,,,,,,,,0,,,9000,UNITED STATES,US TOTAL,2017,MONTHLY,7,7,JUL,,2019-02-28 15:06:11.000,67.3,
SURVEY,ANIMALS & PRODUCTS,LIVESTOCK,HOGS,ALL CLASSES,ALL PRODUCTION PRACTICES,ALL UTILIZATION PRACTICES,PRICE RECEIVED,$ / CWT,"HOGS - PRICE RECEIVED, MEASURED IN $ / CWT",TOTAL,NOT SPECIFIED,NATIONAL,,99,US,US TOTAL,,,,,,,,0,,,9000,UNITED STATES,US TOTAL,2017,MONTHLY,8,8,AUG,,2019-02-28 15:06:11.000,61.5,
SURVEY,ANIMALS & PRODUCTS,LIVESTOCK,HOGS,ALL CLASSES,ALL PRODUCTION PRACTICES,ALL UTILIZATION PRACTICES,PRICE RECEIVED,$ / CWT,"HOGS - PRICE RECEIVED, MEASURED IN $ / CWT",TOTAL,NOT SPECIFIED,NATIONAL,,99,US,US TOTAL,,,,,,,,0,,,9000,UNITED STATES,US TOTAL,2017,MONTHLY,9,9,SEP,,2019-02-28 15:06:11.000,48.9,
SURVEY,ANIMALS & PRODUCTS,LIVESTOCK,HOGS,ALL CLASSES,ALL PRODUCTION PRACTICES,ALL UTILIZATION PRACTICES,PRICE RECEIVED,$ / CWT,"HOGS - PRICE RECEIVED, MEASURED IN $ / CWT",TOTAL,NOT SPECIFIED,NATIONAL,,99,US,US TOTAL,,,,,,,,0,,,9000,UNITED STATES,US TOTAL,2017,MONTHLY,10,10,OCT,,2019-02-28 15:06:11.000,47.3,
SURVEY,ANIMALS & PRODUCTS,LIVESTOCK,HOGS,ALL CLASSES,ALL PRODUCTION PRACTICES,ALL UTILIZATION PRACTICES,PRICE RECEIVED,$ / CWT,"HOGS - PRICE RECEIVED, MEASURED IN $ / CWT",TOTAL,NOT SPECIFIED,NATIONAL,,99,US,US TOTAL,,,,,,,,0,,,9000,UNITED STATES,US TOTAL,2017,MONTHLY,11,11,NOV,,2019-02-28 15:06:11.000,50.0,
SURVEY,ANIMALS & PRODUCTS,LIVESTOCK,HOGS,ALL CLASSES,ALL PRODUCTION PRACTICES,ALL UTILIZATION PRACTICES,PRICE RECEIVED,$ / CWT,"HOGS - PRICE RECEIVED, MEASURED IN $ / CWT",TOTAL,NOT SPECIFIED,NATIONAL,,99,US,US TOTAL,,,,,,,,0,,,9000,UNITED STATES,US TOTAL,2017,MONTHLY,12,12,DEC,,2020-02-28 15:02:03.000,48.6,
SURVEY,ANIMALS & PRODUCTS,LIVESTOCK,HOGS,ALL CLASSES,ALL PRODUCTION PRACTICES,ALL UTILIZATION PRACTICES,PRICE RECEIVED,$ / CWT,"HOGS - PRICE RECEIVED, MEASURED IN $ / CWT",TOTAL,NOT SPECIFIED,NATIONAL,,99,US,US TOTAL,,,,,,,,0,,,9000,UNITED STATES,US TOTAL,2016,ANNUAL,0,0,MARKETING YEAR,,2018-02-27 15:15:05.000,49.3,
SURVEY,ANIMALS & PRODUCTS,LIVESTOCK,HOGS,ALL CLASSES,ALL PRODUCTION PRACTICES,ALL UTILIZATION PRACTICES,PRICE RECEIVED,$ / CWT,"HOGS - PRICE RECEIVED, MEASURED IN $ / CWT",TOTAL,NOT SPECIFIED,NATIONAL,,99,US,US TOTAL,,,,,,,,0,,,9000,UNITED STATES,US TOTAL,2016,ANNUAL,0,0,YEAR,,2022-07-29 15:01:54.000,49.6,
SURVEY,ANIMALS & PRODUCTS,LIVESTOCK,HOGS,ALL CLASSES,ALL PRODUCTION PRACTICES,ALL UTILIZATION PRACTICES,PRICE RECEIVED,$ / CWT,"HOGS - PRICE RECEIVED, MEASURED IN $ / CWT",TOTAL,NOT SPECIFIED,NATIONAL,,99,US,US TOTAL,,,,,,,,0,,,9000,UNITED STATES,US TOTAL,2016,MONTHLY,1,1,JAN,,2018-02-27 15:15:05.000,43.6,
SURVEY,ANIMALS & PRODUCTS,LIVESTOCK,HOGS,ALL CLASSES,ALL PRODUCTION PRACTICES,ALL UTILIZATION PRACTICES,PRICE RECEIVED,$ / CWT,"HOGS - PRICE RECEIVED, MEASURED IN $ / CWT",TOTAL,NOT SPECIFIED,NATIONAL,,99,US,US TOTAL,,,,,,,,0,,,9000,UNITED STATES,US TOTAL,2016,MONTHLY,2,2,FEB,,2018-02-27 15:15:05.000,49.6,
SURVEY,ANIMALS & PRODUCTS,LIVESTOCK,HOGS,ALL CLASSES,ALL PRODUCTION PRACTICES,ALL UTILIZATION PRACTICES,PRICE RECEIVED,$ / CWT,"HOGS - PRICE RECEIVED, MEASURED IN $ / CWT",TOTAL,NOT SPECIFIED,NATIONAL,,99,US,US TOTAL,,,,,,,,0,,,9000,UNITED STATES,US TOTAL,2016,MONTHLY,3,3,MAR,,2018-02-27 15:15:05.000,50.0,
SURVEY,ANIMALS & PRODUCTS,LIVESTOCK,HOGS,ALL CLASSES,ALL PRODUCTION PRACTICES,ALL UTILIZATION PRACTICES,PRICE RECEIVED,$ / CWT,"HOGS - PRICE RECEIVED, MEASURED IN $ / CWT",TOTAL,NOT SPECIFIED,NATIONAL,,99,US,US TOTAL,,,,,,,,0,,,9000,UNITED STATES,US TOTAL,2016,MONTHLY,4,4,APR,,2018-02-27 15:15:05.000,51.0,
SURVEY,ANIMALS & PRODUCTS,LIVESTOCK,HOGS,ALL CLASSES,ALL PRODUCTION PRACTICES,ALL UTILIZATION PRACTICES,PRICE RECEIVED,$ / CWT,"HOGS - PRICE RECEIVED, MEASURED IN $ / CWT",TOTAL,NOT SPECIFIED,NATIONAL,,99,US,US TOTAL,,,,,,,,0,,,9000,UNITED STATES,US TOTAL,2016,MONTHLY,5,5,MAY,,2018-02-27 15:15:05.000,57.2,
SURVEY,ANIMALS & PRODUCTS,LIVESTOCK,HOGS,ALL CLASSES,ALL PRODUCTION PRACTICES,ALL UTILIZATION PRACTICES,PRICE RECEIVED,$ / CWT,"HOGS - PRICE RECEIVED, MEASURED IN $ / CWT",TOTAL,NOT SPECIFIED,NATIONAL,,99,US,US TOTAL,,,,,,,,0,,,9000,UNITED STATES,US TOTAL,2016,MONTHLY,6,6,JUN,,2018-02-27 15:15:05.000,60.6,
SURVEY,ANIMALS & PRODUCTS,LIVESTOCK,HOGS,ALL CLASSES,ALL PRODUCTION PRACTICES,ALL UTILIZATION PRACTICES,PRICE RECEIVED,$ / CWT,"HOGS - PRICE RECEIVED, MEASURED IN $ / CWT",TOTAL,NOT SPECIFIED,NATIONAL,,99,US,US TOTAL,,,,,,,,0,,,9000,UNITED STATES,US TOTAL,2016,MONTHLY,7,7,JUL,,2018-02-27 15:15:05.000,59.4,
SURVEY,ANIMALS & PRODUCTS,LIVESTOCK,HOGS,ALL CLASSES,ALL PRODUCTION PRACTICES,ALL UTILIZATION PRACTICES,PRICE RECEIVED,$ / CWT,"HOGS - PRICE RECEIVED, MEASURED IN $ / CWT",TOTAL,NOT SPECIFIED,NATIONAL,,99,US,US TOTAL,,,,,,,,0,,,9000,UNITED STATES,US TOTAL,2016,MONTHLY,8,8,AUG,,2018-02-27 15:15:05.000,52.6,
SURVEY,ANIMALS & PRODUCTS,LIVESTOCK,HOGS,ALL CLASSES,ALL PRODUCTION PRACTICES,ALL UTILIZATION PRACTICES,PRICE RECEIVED,$ / CWT,"HOGS - PRICE RECEIVED, MEASURED IN $ / CWT",TOTAL,NOT SPECIFIED,NATIONAL,,99,US,US TOTAL,,,,,,,,0,,,9000,UNITED STATES,US TOTAL,2016,MONTHLY,9,9,SEP,,2018-02-27 15:15:05.000,47.8,
SURVEY,ANIMALS & PRODUCTS,LIVESTOCK,HOGS,ALL CLASSES,ALL PRODUCTION PRACTICES,ALL UTILIZATION PRACTICES,PRICE RECEIVED,$ / CWT,"HOGS - PRICE RECEIVED, MEASURED IN $ / CWT",TOTAL,NOT SPECIFIED,NATIONAL,,99,US,US TOTAL,,,,,,,,0,,,9000,UNITED STATES,US TOTAL,2016,MONTHLY,10,10,OCT,,2018-02-27 15:15:05.000,41.7,
SURVEY,ANIMALS & PRODUCTS,LIVESTOCK,HOGS,ALL CLASSES,ALL PRODUCTION PRACTICES,ALL UTILIZATION PRACTICES,PRICE RECEIVED,$ / CWT,"HOGS - PRICE RECEIVED, MEASURED IN $ / CWT",TOTAL,NOT SPECIFIED,NATIONAL,,99,US,US TOTAL,,,,,,,,0,,,9000,UNITED STATES,US TOTAL,2016,MONTHLY,11,11,NOV,,2018-02-27 15:15:05.000,39.0,
SURVEY,ANIMALS & PRODUCTS,LIVESTOCK,HOGS,ALL CLASSES,ALL PRODUCTION PRACTICES,ALL UTILIZATION PRACTICES,PRICE RECEIVED,$ / CWT,"HOGS - PRICE RECEIVED, MEASURED IN $ / CWT",TOTAL,NOT SPECIFIED,NATIONAL,,99,US,US TOTAL,,,,,,,,0,,,9000,UNITED STATES,US TOTAL,2016,MONTHLY,12,12,DEC,,2019-02-28 15:06:11.000,43.1,
SURVEY,ANIMALS & PRODUCTS,LIVESTOCK,HOGS,ALL CLASSES,ALL PRODUCTION PRACTICES,ALL UTILIZATION PRACTICES,PRICE RECEIVED,$ / CWT,"HOGS - PRICE RECEIVED, MEASURED IN $ / CWT",TOTAL,NOT SPECIFIED,NATIONAL,,99,US,US TOTAL,,,,,,,,0,,,9000,UNITED STATES,US TOTAL,2015,ANNUAL,0,0,MARKETING YEAR,,2017-02-28 15:05:23.000,55.3,
SURVEY,ANIMALS & PRODUCTS,LIVESTOCK,HOGS,ALL CLASSES,ALL PRODUCTION PRACTICES,ALL UTILIZATION PRACTICES,PRICE RECEIVED,$ / CWT,"HOGS - PRICE RECEIVED, MEASURED IN $ / CWT",TOTAL,NOT SPECIFIED,NATIONAL,,99,US,US TOTAL,,,,,,,,0,,,9000,UNITED STATES,US TOTAL,2015,ANNUAL,0,0,YEAR,,2022-07-29 15:01:54.000,53.5,
SURVEY,ANIMALS & PRODUCTS,LIVESTOCK,HOGS,ALL CLASSES,ALL PRODUCTION PRACTICES,ALL UTILIZATION PRACTICES,PRICE RECEIVED,$ / CWT,"HOGS - PRICE RECEIVED, MEASURED IN $ / CWT",TOTAL,NOT SPECIFIED,NATIONAL,,99,US,US TOTAL,,,,,,,,0,,,9000,UNITED STATES,US TOTAL,2015,MONTHLY,1,1,JAN,,2017-02-28 15:05:23.000,57.4,
SURVEY,ANIMALS & PRODUCTS,LIVESTOCK,HOGS,ALL CLASSES,ALL PRODUCTION PRACTICES,ALL UTILIZATION PRACTICES,PRICE RECEIVED,$ / CWT,"HOGS - PRICE RECEIVED, MEASURED IN $ / CWT",TOTAL,NOT SPECIFIED,NATIONAL,,99,US,US TOTAL,,,,,,,,0,,,9000,UNITED STATES,US TOTAL,2015,MONTHLY,2,2,FEB,,2017-02-28 15:05:23.000,50.4,
SURVEY,ANIMALS & PRODUCTS,LIVESTOCK,HOGS,ALL CLASSES,ALL PRODUCTION PRACTICES,ALL UTILIZATION PRACTICES,PRICE RECEIVED,$ / CWT,"HOGS - PRICE RECEIVED, MEASURED IN $ / CWT",TOTAL,NOT SPECIFIED,NATIONAL,,99,US,US TOTAL,,,,,,,,0,,,9000,UNITED STATES,US TOTAL,2015,MONTHLY,3,3,MAR,,2017-02-28 15:05:23.000,50.3,
SURVEY,ANIMALS & PRODUCTS,LIVESTOCK,HOGS,ALL CLASSES,ALL PRODUCTION PRACTICES,ALL UTILIZATION PRACTICES,PRICE RECEIVED,$ / CWT,"HOGS - PRICE RECEIVED, MEASURED IN $ / CWT",TOTAL,NOT SPECIFIED,NATIONAL,,99,US,US TOTAL,,,,,,,,0,,,9000,UNITED STATES,US TOTAL,2015,MONTHLY,4,4,APR,,2017-02-28 15:05:23.000,49.0,
SURVEY,ANIMALS & PRODUCTS,LIVESTOCK,HOGS,ALL CLASSES,ALL PRODUCTION PRACTICES,ALL UTILIZATION PRACTICES,PRICE RECEIVED,$ / CWT,"HOGS - PRICE RECEIVED, MEASURED IN $ / CWT",TOTAL,NOT SPECIFIED,NATIONAL,,99,US,US TOTAL,,,,,,,,0,,,9000,UNITED STATES,US TOTAL,2015,MONTHLY,5,5,MAY,,2017-02-28 15:05:23.000,58.9,
SURVEY,ANIMALS & PRODUCTS,LIVESTOCK,HOGS,ALL CLASSES,ALL PRODUCTION PRACTICES,ALL UTILIZATION PRACTICES,PRICE RECEIVED,$ / CWT,"HOGS - PRICE RECEIVED, MEASURED IN $ / CWT",TOTAL,NOT SPECIFIED,NATIONAL,,99,US,US TOTAL,,,,,,,,0,,,9000,UNITED STATES,US TOTAL,2015,MONTHLY,6,6,JUN,,2017-02-28 15:05:23.000,59.9,
SURVEY,ANIMALS & PRODUCTS,LIVESTOCK,HOGS,ALL CLASSES,ALL PRODUCTION PRACTICES,ALL UTILIZATION PRACTICES,PRICE RECEIVED,$ / CWT,"HOGS - PRICE RECEIVED, MEASURED IN $ / CWT",TOTAL,NOT SPECIFIED,NATIONAL,,99,US,US TOTAL,,,,,,,,0,,,9000,UNITED STATES,US TOTAL,2015,MONTHLY,7,7,JUL,,2017-02-28 15:05:23.000,58.7,
SURVEY,ANIMALS & PRODUCTS,LIVESTOCK,HOGS,ALL CLASSES,ALL PRODUCTION PRACTICES,ALL UTILIZATION PRACTICES,PRICE RECEIVED,$ / CWT,"HOGS - PRICE RECEIVED, MEASURED IN $ / CWT",TOTAL,NOT SPECIFIED,NATIONAL,,99,US,US TOTAL,,,,,,,,0,,,9000,UNITED STATES,US TOTAL,2015,MONTHLY,8,8,AUG,,2017-02-28 15:05:23.000,59.0,
SURVEY,ANIMALS & PRODUCTS,LIVESTOCK,HOGS,ALL CLASSES,ALL PRODUCTION PRACTICES,ALL UTILIZATION PRACTICES,PRICE RECEIVED,$ / CWT,"HOGS - PRICE RECEIVED, MEASURED IN $ / CWT",TOTAL,NOT SPECIFIED,NATIONAL,,99,US,US TOTAL,,,,,,,,0,,,9000,UNITED STATES,US TOTAL,2015,MONTHLY,9,9,SEP,,2017-02-28 15:05:23.000,54.5,
SURVEY,ANIMALS & PRODUCTS,LIVESTOCK,HOGS,ALL CLASSES,ALL PRODUCTION PRACTICES,ALL UTILIZATION PRACTICES,PRICE RECEIVED,$ / CWT,"HOGS - PRICE RECEIVED, MEASURED IN $ / CWT",TOTAL,NOT SPECIFIED,NATIONAL,,99,US,US TOTAL,,,,,,,,0,,,9000,UNITED STATES,US TOTAL,2015,MONTHLY,10,10,OCT,,2017-02-28 15:05:23.000,55.5,
SURVEY,ANIMALS & PRODUCTS,LIVESTOCK,HOGS,ALL CLASSES,ALL PRODUCTION PRACTICES,ALL UTILIZATION PRACTICES,PRICE RECEIVED,$ / CWT,"HOGS - PRICE RECEIVED, MEASURED IN $ / CWT",TOTAL,NOT SPECIFIED,NATIONAL,,99,US,US TOTAL,,,,,,,,0,,,9000,UNITED STATES,US TOTAL,2015,MONTHLY,11,11,NOV,,2017-02-28 15:05:23.000,45.9,
SURVEY,ANIMALS & PRODUCTS,LIVESTOCK,HOGS,ALL CLASSES,ALL PRODUCTION PRACTICES,ALL UTILIZATION PRACTICES,PRICE RECEIVED,$ / CWT,"HOGS - PRICE RECEIVED, MEASURED IN $ / CWT",TOTAL,NOT SPECIFIED,NATIONAL,,99,US,US TOTAL,,,,,,,,0,,,9000,UNITED STATES,US TOTAL,2015,MONTHLY,12,12,DEC,,2018-02-27 15:15:05.000,42.8,
SURVEY,ANIMALS & PRODUCTS,LIVESTOCK,HOGS,ALL CLASSES,ALL PRODUCTION PRACTICES,ALL UTILIZATION PRACTICES,PRICE RECEIVED,$ / CWT,"HOGS - PRICE RECEIVED, MEASURED IN $ / CWT",TOTAL,NOT SPECIFIED,NATIONAL,,99,US,US TOTAL,,,,,,,,0,,,9000,UNITED STATES,US TOTAL,2014,ANNUAL,0,0,MARKETING YEAR,,2016-02-29 15:03:32.000,76.5,
SURVEY,ANIMALS & PRODUCTS,LIVESTOCK,HOGS,ALL CLASSES,ALL PRODUCTION PRACTICES,ALL UTILIZATION PRACTICES,PRICE RECEIVED,$ / CWT,"HOGS - PRICE RECEIVED, MEASURED IN $ / CWT",TOTAL,NOT SPECIFIED,NATIONAL,,99,US,US TOTAL,,,,,,,,0,,,9000,UNITED STATES,US TOTAL,2014,ANNUAL,0,0,YEAR,,2022-07-29 15:01:54.000,77.1,
SURVEY,ANIMALS & PRODUCTS,LIVESTOCK,HOGS,ALL CLASSES,ALL PRODUCTION PRACTICES,ALL UTILIZATION PRACTICES,PRICE RECEIVED,$ / CWT,"HOGS - PRICE RECEIVED, MEASURED IN $ / CWT",TOTAL,NOT SPECIFIED,NATIONAL,,99,US,US TOTAL,,,,,,,,0,,,9000,UNITED STATES,US TOTAL,2014,MONTHLY,1,1,JAN,,2016-02-29 15:03:32.000,61.2,
SURVEY,ANIMALS & PRODUCTS,LIVESTOCK,HOGS,ALL CLASSES,ALL PRODUCTION PRACTICES,ALL UTILIZATION PRACTICES,PRICE RECEIVED,$ / CWT,"HOGS - PRICE RECEIVED, MEASURED IN $ / CWT",TOTAL,NOT SPECIFIED,NATIONAL,,99,US,US TOTAL,,,,,,,,0,,,9000,UNITED STATES,US TOTAL,2014,MONTHLY,2,2,FEB,,2016-02-29 15:03:32.000,65.5,
SURVEY,ANIMALS & PRODUCTS,LIVESTOCK,HOGS,ALL CLASSES,ALL PRODUCTION PRACTICES,ALL UTILIZATION PRACTICES,PRICE RECEIVED,$ / CWT,"HOGS - PRICE RECEIVED, MEASURED IN $ / CWT",TOTAL,NOT SPECIFIED,NATIONAL,,99,US,US TOTAL,,,,,,,,0,,,9000,UNITED STATES,US TOTAL,2014,MONTHLY,3,3,MAR,,2016-02-29 15:03:32.000,81.9,
SURVEY,ANIMALS & PRODUCTS,LIVESTOCK,HOGS,ALL CLASSES,ALL PRODUCTION PRACTICES,ALL UTILIZATION PRACTICES,PRICE RECEIVED,$ / CWT,"HOGS - PRICE RECEIVED, MEASURED IN $ / CWT",TOTAL,NOT SPECIFIED,NATIONAL,,99,US,US TOTAL,,,,,,,,0,,,9000,UNITED STATES,US TOTAL,2014,MONTHLY,4,4,APR,,2016-02-29 15:03:32.000,88.8,
SURVEY,ANIMALS & PRODUCTS,LIVESTOCK,HOGS,ALL CLASSES,ALL PRODUCTION PRACTICES,ALL UTILIZATION PRACTICES,PRICE RECEIVED,$ / CWT,"HOGS - PRICE RECEIVED, MEASURED IN $ / CWT",TOTAL,NOT SPECIFIED,NATIONAL,,99,US,US TOTAL,,,,,,,,0,,,9000,UNITED STATES,US TOTAL,2014,MONTHLY,5,5,MAY,,2016-02-29 15:03:32.000,82.8,
SURVEY,ANIMALS & PRODUCTS,LIVESTOCK,HOGS,ALL CLASSES,ALL PRODUCTION PRACTICES,ALL UTILIZATION PRACTICES,PRICE RECEIVED,$ / CWT,"HOGS - PRICE RECEIVED, MEASURED IN $ / CWT",TOTAL,NOT SPECIFIED,NATIONAL,,99,US,US TOTAL,,,,,,,,0,,,9000,UNITED STATES,US TOTAL,2014,MONTHLY,6,6,JUN,,2016-02-29 15:03:32.000,84.8,
SURVEY,ANIMALS & PRODUCTS,LIVESTOCK,HOGS,ALL CLASSES,ALL PRODUCTION PRACTICES,ALL UTILIZATION PRACTICES,PRICE RECEIVED,$ / CWT,"HOGS - PRICE RECEIVED, MEASURED IN $ / CWT",TOTAL,NOT SPECIFIED,NATIONAL,,99,US,US TOTAL,,,,,,,,0,,,9000,UNITED STATES,US TOTAL,2014,MONTHLY,7,7,JUL,,2016-02-29 15:03:32.000,93.3,
SURVEY,ANIMALS & PRODUCTS,LIVESTOCK,HOGS,ALL CLASSES,ALL PRODUCTION PRACTICES,ALL UTILIZATION PRACTICES,PRICE RECEIVED,$ / CWT,"HOGS - PRICE RECEIVED, MEASURED IN $ / CWT",TOTAL,NOT SPECIFIED,NATIONAL,,99,US,US TOTAL,,,,,,,,0,,,9000,UNITED STATES,US TOTAL,2014,MONTHLY,8,8,AUG,,2016-02-29 15:03:32.000,83.2,
SURVEY,ANIMALS & PRODUCTS,LIVESTOCK,HOGS,ALL CLASSES,ALL PRODUCTION PRACTICES,ALL UTILIZATION PRACTICES,PRICE RECEIVED,$ / CWT,"HOGS - PRICE RECEIVED, MEASURED IN $ / CWT",TOTAL,NOT SPECIFIED,NATIONAL,,99,US,US TOTAL,,,,,,,,0,,,9000,UNITED STATES,US TOTAL,2014,MONTHLY,9,9,SEP,,2016-02-29 15:03:32.000,75.7,
SURVEY,ANIMALS & PRODUCTS,LIVESTOCK,HOGS,ALL CLASSES,ALL PRODUCTION PRACTICES,ALL UTILIZATION PRACTICES,PRICE RECEIVED,$ / CWT,"HOGS - PRICE RECEIVED, MEASURED IN $ / CWT",TOTAL,NOT SPECIFIED,NATIONAL,,99,US,US TOTAL,,,,,,,,0,,,9000,UNITED STATES,US TOTAL,2014,MONTHLY,10,10,OCT,,2016-02-29 15:03:32.000,77.0,
SURVEY,ANIMALS & PRODUCTS,LIVESTOCK,HOGS,ALL CLASSES,ALL PRODUCTION PRACTICES,ALL UTILIZATION PRACTICES,PRICE RECEIVED,$ / CWT,"HOGS - PRICE RECEIVED, MEASURED IN $ / CWT",TOTAL,NOT SPECIFIED,NATIONAL,,99,US,US TOTAL,,,,,,,,0,,,9000,UNITED STATES,US TOTAL,2014,MONTHLY,11,11,NOV,,2016-02-29 15:03:32.000,66.7,
SURVEY,ANIMALS & PRODUCTS,LIVESTOCK,HOGS,ALL CLASSES,ALL PRODUCTION PRACTICES,ALL UTILIZATION PRACTICES,PRICE RECEIVED,$ / CWT,"HOGS - PRICE RECEIVED, MEASURED IN $ / CWT",TOTAL,NOT SPECIFIED,NATIONAL,,99,US,US TOTAL,,,,,,,,0,,,9000,UNITED STATES,US TOTAL,2014,MONTHLY,12,12,DEC,,2017-02-28 15:05:23.000,64.3,
SURVEY,ANIMALS & PRODUCTS,LIVESTOCK,HOGS,ALL CLASSES,ALL PRODUCTION PRACTICES,ALL UTILIZATION PRACTICES,PRICE RECEIVED,$ / CWT,"HOGS - PRICE RECEIVED, MEASURED IN $ / CWT",TOTAL,NOT SPECIFIED,NATIONAL,,99,US,US TOTAL,,,,,,,,0,,,9000,UNITED STATES,US TOTAL,2013,ANNUAL,0,0,MARKETING YEAR,,2015-02-27 15:10:53.000,67.2,
SURVEY,ANIMALS & PRODUCTS,LIVESTOCK,HOGS,ALL CLASSES,ALL PRODUCTION PRACTICES,ALL UTILIZATION PRACTICES,PRICE RECEIVED,$ / CWT,"HOGS - PRICE RECEIVED, MEASURED IN $ / CWT",TOTAL,NOT SPECIFIED,NATIONAL,,99,US,US TOTAL,,,,,,,,0,,,9000,UNITED STATES,US TOTAL,2013,ANNUAL,0,0,YEAR,,2022-07-29 15:01:54.000,67.2,
SURVEY,ANIMALS & PRODUCTS,LIVESTOCK,HOGS,ALL CLASSES,ALL PRODUCTION PRACTICES,ALL UTILIZATION PRACTICES,PRICE RECEIVED,$ / CWT,"HOGS - PRICE RECEIVED, MEASURED IN $ / CWT",TOTAL,NOT SPECIFIED,NATIONAL,,99,US,US TOTAL,,,,,,,,0,,,9000,UNITED STATES,US TOTAL,2013,MONTHLY,1,1,JAN,,2015-02-27 15:10:53.000,63.8,
SURVEY,ANIMALS & PRODUCTS,LIVESTOCK,HOGS,ALL CLASSES,ALL PRODUCTION PRACTICES,ALL UTILIZATION PRACTICES,PRICE RECEIVED,$ / CWT,"HOGS - PRICE RECEIVED, MEASURED IN $ / CWT",TOTAL,NOT SPECIFIED,NATIONAL,,99,US,US TOTAL,,,,,,,,0,,,9000,UNITED STATES,US TOTAL,2013,MONTHLY,2,2,FEB,,2015-02-27 15:10:53.000,64.5,
SURVEY,ANIMALS & PRODUCTS,LIVESTOCK,HOGS,ALL CLASSES,ALL PRODUCTION PRACTICES,ALL UTILIZATION PRACTICES,PRICE RECEIVED,$ / CWT,"HOGS - PRICE RECEIVED, MEASURED IN $ / CWT",TOTAL,NOT SPECIFIED,NATIONAL,,99,US,US TOTAL,,,,,,,,0,,,9000,UNITED STATES,US TOTAL,2013,MONTHLY,3,3,MAR,,2015-02-27 15:10:53.000,59.2,
SURVEY,ANIMALS & PRODUCTS,LIVESTOCK,HOGS,ALL CLASSES,ALL PRODUCTION PRACTICES,ALL UTILIZATION PRACTICES,PRICE RECEIVED,$ / CWT,"HOGS - PRICE RECEIVED, MEASURED IN $ / CWT",TOTAL,NOT SPECIFIED,NATIONAL,,99,US,US TOTAL,,,,,,,,0,,,9000,UNITED STATES,US TOTAL,2013,MONTHLY,4,4,APR,,2015-02-27 15:10:53.000,61.8,
SURVEY,ANIMALS & PRODUCTS,LIVESTOCK,HOGS,ALL CLASSES,ALL PRODUCTION PRACTICES,ALL UTILIZATION PRACTICES,PRICE RECEIVED,$ / CWT,"HOGS - PRICE RECEIVED, MEASURED IN $ / CWT",TOTAL,NOT SPECIFIED,NATIONAL,,99,US,US TOTAL,,,,,,,,0,,,9000,UNITED STATES,US TOTAL,2013,MONTHLY,5,5,MAY,,2015-02-27 15:10:53.000,68.6,
SURVEY,ANIMALS & PRODUCTS,LIVESTOCK,HOGS,ALL CLASSES,ALL PRODUCTION PRACTICES,ALL UTILIZATION PRACTICES,PRICE RECEIVED,$ / CWT,"HOGS - PRICE RECEIVED, MEASURED IN $ / CWT",TOTAL,NOT SPECIFIED,NATIONAL,,99,US,US TOTAL,,,,,,,,0,,,9000,UNITED STATES,US TOTAL,2013,MONTHLY,6,6,JUN,,2015-02-27 15:10:53.000,74.4,
SURVEY,ANIMALS & PRODUCTS,LIVESTOCK,HOGS,ALL CLASSES,ALL PRODUCTION PRACTICES,ALL UTILIZATION PRACTICES,PRICE RECEIVED,$ / CWT,"HOGS - PRICE RECEIVED, MEASURED IN $ / CWT",TOTAL,NOT SPECIFIED,NATIONAL,,99,US,US TOTAL,,,,,,,,0,,,9000,UNITED STATES,US TOTAL,2013,MONTHLY,7,7,JUL,,2015-02-27 15:10:53.000,75.8,
SURVEY,ANIMALS & PRODUCTS,LIVESTOCK,HOGS,ALL CLASSES,ALL PRODUCTION PRACTICES,ALL UTILIZATION PRACTICES,PRICE RECEIVED,$ / CWT,"HOGS - PRICE RECEIVED, MEASURED IN $ / CWT",TOTAL,NOT SPECIFIED,NATIONAL,,99,US,US TOTAL,,,,,,,,0,,,9000,UNITED STATES,US TOTAL,2013,MONTHLY,8,8,AUG,,2015-02-27 15:10:53.000,74.2,
SURVEY,ANIMALS & PRODUCTS,LIVESTOCK,HOGS,ALL CLASSES,ALL PRODUCTION PRACTICES,ALL UTILIZATION PRACTICES,PRICE RECEIVED,$ / CWT,"HOGS - PRICE RECEIVED, MEASURED IN $ / CWT",TOTAL,NOT SPECIFIED,NATIONAL,,99,US,US TOTAL,,,,,,,,0,,,9000,UNITED STATES,US TOTAL,2013,MONTHLY,9,9,SEP,,2015-02-27 15:10:53.000,70.7,
SURVEY,ANIMALS & PRODUCTS,LIVESTOCK,HOGS,ALL CLASSES,ALL PRODUCTION PRACTICES,ALL UTILIZATION PRACTICES,PRICE RECEIVED,$ / CWT,"HOGS - PRICE RECEIVED, MEASURED IN $ / CWT",TOTAL,NOT SPECIFIED,NATIONAL,,99,US,US TOTAL,,,,,,,,0,,,9000,UNITED STATES,US TOTAL,2013,MONTHLY,10,10,OCT,,2015-02-27 15:10:53.000,68.5,
SURVEY,ANIMALS & PRODUCTS,LIVESTOCK,HOGS,ALL CLASSES,ALL PRODUCTION PRACTICES,ALL UTILIZATION PRACTICES,PRICE RECEIVED,$ / CWT,"HOGS - PRICE RECEIVED, MEASURED IN $ / CWT",TOTAL,NOT SPECIFIED,NATIONAL,,99,US,US TOTAL,,,,,,,,0,,,9000,UNITED STATES,US TOTAL,2013,MONTHLY,11,11,NOV,,2015-02-27 15:10:53.000,63.6,
SURVEY,ANIMALS & PRODUCTS,LIVESTOCK,HOGS,ALL CLASSES,ALL PRODUCTION PRACTICES,ALL UTILIZATION PRACTICES,PRICE RECEIVED,$ / CWT,"HOGS - PRICE RECEIVED, MEASURED IN $ / CWT",TOTAL,NOT SPECIFIED,NATIONAL,,99,US,US TOTAL,,,,,,,,0,,,9000,UNITED STATES,US TOTAL,2013,MONTHLY,12,12,DEC,,2016-02-29 15:03:32.000,61.5,
SURVEY,ANIMALS & PRODUCTS,LIVESTOCK,HOGS,ALL CLASSES,ALL PRODUCTION PRACTICES,ALL UTILIZATION PRACTICES,PRICE RECEIVED,$ / CWT,"HOGS - PRICE RECEIVED, MEASURED IN $ / CWT",TOTAL,NOT SPECIFIED,NATIONAL,,99,US,US TOTAL,,,,,,,,0,,,9000,UNITED STATES,US TOTAL,2012,ANNUAL,0,0,MARKETING YEAR,,2014-02-28 15:04:35.000,64.2,
SURVEY,ANIMALS & PRODUCTS,LIVESTOCK,HOGS,ALL CLASSES,ALL PRODUCTION PRACTICES,ALL UTILIZATION PRACTICES,PRICE RECEIVED,$ / CWT,"HOGS - PRICE RECEIVED, MEASURED IN $ / CWT",TOTAL,NOT SPECIFIED,NATIONAL,,99,US,US TOTAL,,,,,,,,0,,,9000,UNITED STATES,US TOTAL,2012,ANNUAL,0,0,YEAR,,2022-07-29 15:01:54.000,64.2,
SURVEY,ANIMALS & PRODUCTS,LIVESTOCK,HOGS,ALL CLASSES,ALL PRODUCTION PRACTICES,ALL UTILIZATION PRACTICES,PRICE RECEIVED,$ / CWT,"HOGS - PRICE RECEIVED, MEASURED IN $ / CWT",TOTAL,NOT SPECIFIED,NATIONAL,,99,US,US TOTAL,,,,,,,,0,,,9000,UNITED STATES,US TOTAL,2012,MONTHLY,1,1,JAN,,2014-02-28 15:04:35.000,63.5,
SURVEY,ANIMALS & PRODUCTS,LIVESTOCK,HOGS,ALL CLASSES,ALL PRODUCTION PRACTICES,ALL UTILIZATION PRACTICES,PRICE RECEIVED,$ / CWT,"HOGS - PRICE RECEIVED, MEASURED IN $ / CWT",TOTAL,NOT SPECIFIED,NATIONAL,,99,US,US TOTAL,,,,,,,,0,,,9000,UNITED STATES,US TOTAL,2012,MONTHLY,2,2,FEB,,2014-02-28 15:04:35.000,65.5,
SURVEY,ANIMALS & PRODUCTS,LIVESTOCK,HOGS,ALL CLASSES,ALL PRODUCTION PRACTICES,ALL UTILIZATION PRACTICES,PRICE RECEIVED,$ / CWT,"HOGS - PRICE RECEIVED, MEASURED IN $ / CWT",TOTAL,NOT SPECIFIED,NATIONAL,,99,US,US TOTAL,,,,,,,,0,,,9000,UNITED STATES,US TOTAL,2012,MONTHLY,3,3,MAR,,2014-02-28 15:04:35.000,65.2,
SURVEY,ANIMALS & PRODUCTS,LIVESTOCK,HOGS,ALL CLASSES,ALL PRODUCTION PRACTICES,ALL UTILIZATION PRACTICES,PRICE RECEIVED,$ / CWT,"HOGS - PRICE RECEIVED, MEASURED IN $ / CWT",TOTAL,NOT SPECIFIED,NATIONAL,,99,US,US TOTAL,,,,,,,,0,,,9000,UNITED STATES,US TOTAL,2012,MONTHLY,4,4,APR,,2014-02-28 15:04:35.000,62.8,
SURVEY,ANIMALS & PRODUCTS,LIVESTOCK,HOGS,ALL CLASSES,ALL PRODUCTION PRACTICES,ALL UTILIZATION PRACTICES,PRICE RECEIVED,$ / CWT,"HOGS - PRICE RECEIVED, MEASURED IN $ / CWT",TOTAL,NOT SPECIFIED,NATIONAL,,99,US,US TOTAL,,,,,,,,0,,,9000,UNITED STATES,US TOTAL,2012,MONTHLY,5,5,MAY,,2014-02-28 15:04:35.000,62.8,
SURVEY,ANIMALS & PRODUCTS,LIVESTOCK,HOGS,ALL CLASSES,ALL PRODUCTION PRACTICES,ALL UTILIZATION PRACTICES,PRICE RECEIVED,$ / CWT,"HOGS - PRICE RECEIVED, MEASURED IN $ / CWT",TOTAL,NOT SPECIFIED,NATIONAL,,99,US,US TOTAL,,,,,,,,0,,,9000,UNITED STATES,US TOTAL,2012,MONTHLY,6,6,JUN,,2014-02-28 15:04:35.000,70.2,
SURVEY,ANIMALS & PRODUCTS,LIVESTOCK,HOGS,ALL CLASSES,ALL PRODUCTION PRACTICES,ALL UTILIZATION PRACTICES,PRICE RECEIVED,$ / CWT,"HOGS - PRICE RECEIVED, MEASURED IN $ / CWT",TOTAL,NOT SPECIFIED,NATIONAL,,99,US,US TOTAL,,,,,,,,0,,,9000,UNITED STATES,US TOTAL,2012,MONTHLY,7,7,JUL,,2014-02-28 15:04:35.000,72.1,
SURVEY,ANIMALS & PRODUCTS,LIVESTOCK,HOGS,ALL CLASSES,ALL PRODUCTION PRACTICES,ALL UTILIZATION PRACTICES,PRICE RECEIVED,$ / CWT,"HOGS - PRICE RECEIVED, MEASURED IN $ / CWT",TOTAL,NOT SPECIFIED,NATIONAL,,99,US,US TOTAL,,,,,,,,0,,,9000,UNITED STATES,US TOTAL,2012,MONTHLY,8,8,AUG,,2014-02-28 15:04:35.000,66.9,
SURVEY,ANIMALS & PRODUCTS,LIVESTOCK,HOGS,ALL CLASSES,ALL PRODUCTION PRACTICES,ALL UTILIZATION PRACTICES,PRICE RECEIVED,$ / CWT,"HOGS - PRICE RECEIVED, MEASURED IN $ / CWT",TOTAL,NOT SPECIFIED,NATIONAL,,99,US,US TOTAL,,,,,,,,0,,,9000,UNITED STATES,US TOTAL,2012,MONTHLY,9,9,SEP,,2014-02-28 15:04:35.000,55.7,
SURVEY,ANIMALS & PRODUCTS,LIVESTOCK,HOGS,ALL CLASSES,ALL PRODUCTION PRACTICES,ALL UTILIZATION PRACTICES,PRICE RECEIVED,$ / CWT,"HOGS - PRICE RECEIVED, MEASURED IN $ / CWT",TOTAL,NOT SPECIFIED,NATIONAL,,99,US,US TOTAL,,,,,,,,0,,,9000,UNITED STATES,US TOTAL,2012,MONTHLY,10,10,OCT,,2014-02-28 15:04:35.000,62.0,
SURVEY,ANIMALS & PRODUCTS,LIVESTOCK,HOGS,ALL CLASSES,ALL PRODUCTION PRACTICES,ALL UTILIZATION PRACTICES,PRICE RECEIVED,$ / CWT,"HOGS - PRICE RECEIVED, MEASURED IN $ / CWT",TOTAL,NOT SPECIFIED,NATIONAL,,99,US,US TOTAL,,,,,,,,0,,,9000,UNITED STATES,US TOTAL,2012,MONTHLY,11,11,NOV,,2014-02-28 15:04:35.000,61.1,
SURVEY,ANIMALS & PRODUCTS,LIVESTOCK,HOGS,ALL CLASSES,ALL PRODUCTION PRACTICES,ALL UTILIZATION PRACTICES,PRICE RECEIVED,$ / CWT,"HOGS - PRICE RECEIVED, MEASURED IN $ / CWT",TOTAL,NOT SPECIFIED,NATIONAL,,99,US,US TOTAL,,,,,,,,0,,,9000,UNITED STATES,US TOTAL,2012,MONTHLY,12,12,DEC,,2015-02-27 15:10:53.000,62.4,
SURVEY,ANIMALS & PRODUCTS,LIVESTOCK,HOGS,ALL CLASSES,ALL PRODUCTION PRACTICES,ALL UTILIZATION PRACTICES,PRICE RECEIVED,$ / CWT,"HOGS - PRICE RECEIVED, MEASURED IN $ / CWT",TOTAL,NOT SPECIFIED,NATIONAL,,99,US,US TOTAL,,,,,,,,0,,,9000,UNITED STATES,US TOTAL,2011,ANNUAL,0,0,MARKETING YEAR,,2013-02-28 15:06:59.000,65.3,
SURVEY,ANIMALS & PRODUCTS,LIVESTOCK,HOGS,ALL CLASSES,ALL PRODUCTION PRACTICES,ALL UTILIZATION PRACTICES,PRICE RECEIVED,$ / CWT,"HOGS - PRICE RECEIVED, MEASURED IN $ / CWT",TOTAL,NOT SPECIFIED,NATIONAL,,99,US,US TOTAL,,,,,,,,0,,,9000,UNITED STATES,US TOTAL,2011,ANNUAL,0,0,YEAR,,2021-07-30 15:01:19.000,66.5,
SURVEY,ANIMALS & PRODUCTS,LIVESTOCK,HOGS,ALL CLASSES,ALL PRODUCTION PRACTICES,ALL UTILIZATION PRACTICES,PRICE RECEIVED,$ / CWT,"HOGS - PRICE RECEIVED, MEASURED IN $ / CWT",TOTAL,NOT SPECIFIED,NATIONAL,,99,US,US TOTAL,,,,,,,,0,,,9000,UNITED STATES,US TOTAL,2011,MONTHLY,1,1,JAN,,2013-02-28 15:06:59.000,56.0,
SURVEY,ANIMALS & PRODUCTS,LIVESTOCK,HOGS,ALL CLASSES,ALL PRODUCTION PRACTICES,ALL UTILIZATION PRACTICES,PRICE RECEIVED,$ / CWT,"HOGS - PRICE RECEIVED, MEASURED IN $ / CWT",TOTAL,NOT SPECIFIED,NATIONAL,,99,US,US TOTAL,,,,,,,,0,,,9000,UNITED STATES,US TOTAL,2011,MONTHLY,2,2,FEB,,2013-02-28 15:06:59.000,61.4,
SURVEY,ANIMALS & PRODUCTS,LIVESTOCK,HOGS,ALL CLASSES,ALL PRODUCTION PRACTICES,ALL UTILIZATION PRACTICES,PRICE RECEIVED,$ / CWT,"HOGS - PRICE RECEIVED, MEASURED IN $ / CWT",TOTAL,NOT SPECIFIED,NATIONAL,,99,US,US TOTAL,,,,,,,,0,,,9000,UNITED STATES,US TOTAL,2011,MONTHLY,3,3,MAR,,2013-02-28 15:06:59.000,62.9,
SURVEY,ANIMALS & PRODUCTS,LIVESTOCK,HOGS,ALL CLASSES,ALL PRODUCTION PRACTICES,ALL UTILIZATION PRACTICES,PRICE RECEIVED,$ / CWT,"HOGS - PRICE RECEIVED, MEASURED IN $ / CWT",TOTAL,NOT SPECIFIED,NATIONAL,,99,US,US TOTAL,,,,,,,,0,,,9000,UNITED STATES,US TOTAL,2011,MONTHLY,4,4,APR,,2013-02-28 15:06:59.000,67.8,
SURVEY,ANIMALS & PRODUCTS,LIVESTOCK,HOGS,ALL CLASSES,ALL PRODUCTION PRACTICES,ALL UTILIZATION PRACTICES,PRICE RECEIVED,$ / CWT,"HOGS - PRICE RECEIVED, MEASURED IN $ / CWT",TOTAL,NOT SPECIFIED,NATIONAL,,99,US,US TOTAL,,,,,,,,0,,,9000,UNITED STATES,US TOTAL,2011,MONTHLY,5,5,MAY,,2013-02-28 15:06:59.000,68.6,
SURVEY,ANIMALS & PRODUCTS,LIVESTOCK,HOGS,ALL CLASSES,ALL PRODUCTION PRACTICES,ALL UTILIZATION PRACTICES,PRICE RECEIVED,$ / CWT,"HOGS - PRICE RECEIVED, MEASURED IN $ / CWT",TOTAL,NOT SPECIFIED,NATIONAL,,99,US,US TOTAL,,,,,,,,0,,,9000,UNITED STATES,US TOTAL,2011,MONTHLY,6,6,JUN,,2013-02-28 15:06:59.000,69.7,
SURVEY,ANIMALS & PRODUCTS,LIVESTOCK,HOGS,ALL CLASSES,ALL PRODUCTION PRACTICES,ALL UTILIZATION PRACTICES,PRICE RECEIVED,$ / CWT,"HOGS - PRICE RECEIVED, MEASURED IN $ / CWT",TOTAL,NOT SPECIFIED,NATIONAL,,99,US,US TOTAL,,,,,,,,0,,,9000,UNITED STATES,US TOTAL,2011,MONTHLY,7,7,JUL,,2013-02-28 15:06:59.000,71.7,
SURVEY,ANIMALS & PRODUCTS,LIVESTOCK,HOGS,ALL CLASSES,ALL PRODUCTION PRACTICES,ALL UTILIZATION PRACTICES,PRICE RECEIVED,$ / CWT,"HOGS - PRICE RECEIVED, MEASURED IN $ / CWT",TOTAL,NOT SPECIFIED,NATIONAL,,99,US,US TOTAL,,,,,,,,0,,,9000,UNITED STATES,US TOTAL,2011,MONTHLY,8,8,AUG,,2013-02-28 15:06:59.000,75.8,
SURVEY,ANIMALS & PRODUCTS,LIVESTOCK,HOGS,ALL CLASSES,ALL PRODUCTION PRACTICES,ALL UTILIZATION PRACTICES,PRICE RECEIVED,$ / CWT,"HOGS - PRICE RECEIVED, MEASURED IN $ / CWT",TOTAL,NOT SPECIFIED,NATIONAL,,99,US,US TOTAL,,,,,,,,0,,,9000,UNITED STATES,US TOTAL,2011,MONTHLY,9,9,SEP,,2013-02-28 15:06:59.000,67.1,
SURVEY,ANIMALS & PRODUCTS,LIVESTOCK,HOGS,ALL CLASSES,ALL PRODUCTION PRACTICES,ALL UTILIZATION PRACTICES,PRICE RECEIVED,$ / CWT,"HOGS - PRICE RECEIVED, MEASURED IN $ / CWT",TOTAL,NOT SPECIFIED,NATIONAL,,99,US,US TOTAL,,,,,,,,0,,,9000,UNITED STATES,US TOTAL,2011,MONTHLY,10,10,OCT,,2013-02-28 15:06:59.000,68.7,
SURVEY,ANIMALS & PRODUCTS,LIVESTOCK,HOGS,ALL CLASSES,ALL PRODUCTION PRACTICES,ALL UTILIZATION PRACTICES,PRICE RECEIVED,$ / CWT,"HOGS - PRICE RECEIVED, MEASURED IN $ / CWT",TOTAL,NOT SPECIFIED,NATIONAL,,99,US,US TOTAL,,,,,,,,0,,,9000,UNITED STATES,US TOTAL,2011,MONTHLY,11,11,NOV,,2013-02-28 15:06:59.000,64.4,
SURVEY,ANIMALS & PRODUCTS,LIVESTOCK,HOGS,ALL CLASSES,ALL PRODUCTION PRACTICES,ALL UTILIZATION PRACTICES,PRICE RECEIVED,$ / CWT,"HOGS - PRICE RECEIVED, MEASURED IN $ / CWT",TOTAL,NOT SPECIFIED,NATIONAL,,99,US,US TOTAL,,,,,,,,0,,,9000,UNITED STATES,US TOTAL,2011,MONTHLY,12,12,DEC,,2014-02-28 15:04:35.000,63.5,
SURVEY,ANIMALS & PRODUCTS,LIVESTOCK,HOGS,ALL CLASSES,ALL PRODUCTION PRACTICES,ALL UTILIZATION PRACTICES,PRICE RECEIVED,$ / CWT,"HOGS - PRICE RECEIVED, MEASURED IN $ / CWT",TOTAL,NOT SPECIFIED,NATIONAL,,99,US,US TOTAL,,,,,,,,0,,,9000,UNITED STATES,US TOTAL,2010,ANNUAL,0,0,MARKETING YEAR,,2012-01-01 00:00:00.000,54.1,
SURVEY,ANIMALS & PRODUCTS,LIVESTOCK,HOGS,ALL CLASSES,ALL PRODUCTION PRACTICES,ALL UTILIZATION PRACTICES,PRICE RECEIVED,$ / CWT,"HOGS - PRICE RECEIVED, MEASURED IN $ / CWT",TOTAL,NOT SPECIFIED,NATIONAL,,99,US,US TOTAL,,,,,,,,0,,,9000,UNITED STATES,US TOTAL,2010,ANNUAL,0,0,YEAR,,2020-07-31 15:04:55.000,55.1,
SURVEY,ANIMALS & PRODUCTS,LIVESTOCK,HOGS,ALL CLASSES,ALL PRODUCTION PRACTICES,ALL UTILIZATION PRACTICES,PRICE RECEIVED,$ / CWT,"HOGS - PRICE RECEIVED, MEASURED IN $ / CWT",TOTAL,NOT SPECIFIED,NATIONAL,,99,US,US TOTAL,,,,,,,,0,,,9000,UNITED STATES,US TOTAL,2010,MONTHLY,1,1,JAN,,2012-01-01 00:00:00.000,48.4,
SURVEY,ANIMALS & PRODUCTS,LIVESTOCK,HOGS,ALL CLASSES,ALL PRODUCTION PRACTICES,ALL UTILIZATION PRACTICES,PRICE RECEIVED,$ / CWT,"HOGS - PRICE RECEIVED, MEASURED IN $ / CWT",TOTAL,NOT SPECIFIED,NATIONAL,,99,US,US TOTAL,,,,,,,,0,,,9000,UNITED STATES,US TOTAL,2010,MONTHLY,2,2,FEB,,2012-01-01 00:00:00.000,48.9,
SURVEY,ANIMALS & PRODUCTS,LIVESTOCK,HOGS,ALL CLASSES,ALL PRODUCTION PRACTICES,ALL UTILIZATION PRACTICES,PRICE RECEIVED,$ / CWT,"HOGS - PRICE RECEIVED, MEASURED IN $ / CWT",TOTAL,NOT SPECIFIED,NATIONAL,,99,US,US TOTAL,,,,,,,,0,,,9000,UNITED STATES,US TOTAL,2010,MONTHLY,3,3,MAR,,2012-01-01 00:00:00.000,52.1,
SURVEY,ANIMALS & PRODUCTS,LIVESTOCK,HOGS,ALL CLASSES,ALL PRODUCTION PRACTICES,ALL UTILIZATION PRACTICES,PRICE RECEIVED,$ / CWT,"HOGS - PRICE RECEIVED, MEASURED IN $ / CWT",TOTAL,NOT SPECIFIED,NATIONAL,,99,US,US TOTAL,,,,,,,,0,,,9000,UNITED STATES,US TOTAL,2010,MONTHLY,4,4,APR,,2012-01-01 00:00:00.000,56.5,
SURVEY,ANIMALS & PRODUCTS,LIVESTOCK,HOGS,ALL CLASSES,ALL PRODUCTION PRACTICES,ALL UTILIZATION PRACTICES,PRICE RECEIVED,$ / CWT,"HOGS - PRICE RECEIVED, MEASURED IN $ / CWT",TOTAL,NOT SPECIFIED,NATIONAL,,99,US,US TOTAL,,,,,,,,0,,,9000,UNITED STATES,US TOTAL,2010,MONTHLY,5,5,MAY,,2012-01-01 00:00:00.000,62.2,
SURVEY,ANIMALS & PRODUCTS,LIVESTOCK,HOGS,ALL CLASSES,ALL PRODUCTION PRACTICES,ALL UTILIZATION PRACTICES,PRICE RECEIVED,$ / CWT,"HOGS - PRICE RECEIVED, MEASURED IN $ / CWT",TOTAL,NOT SPECIFIED,NATIONAL,,99,US,US TOTAL,,,,,,,,0,,,9000,UNITED STATES,US TOTAL,2010,MONTHLY,6,6,JUN,,2012-01-01 00:00:00.000,58.2,
SURVEY,ANIMALS & PRODUCTS,LIVESTOCK,HOGS,ALL CLASSES,ALL PRODUCTION PRACTICES,ALL UTILIZATION PRACTICES,PRICE RECEIVED,$ / CWT,"HOGS - PRICE RECEIVED, MEASURED IN $ / CWT",TOTAL,NOT SPECIFIED,NATIONAL,,99,US,US TOTAL,,,,,,,,0,,,9000,UNITED STATES,US TOTAL,2010,MONTHLY,7,7,JUL,,2012-01-01 00:00:00.000,58.5,
SURVEY,ANIMALS & PRODUCTS,LIVESTOCK,HOGS,ALL CLASSES,ALL PRODUCTION PRACTICES,ALL UTILIZATION PRACTICES,PRICE RECEIVED,$ / CWT,"HOGS - PRICE RECEIVED, MEASURED IN $ / CWT",TOTAL,NOT SPECIFIED,NATIONAL,,99,US,US TOTAL,,,,,,,,0,,,9000,UNITED STATES,US TOTAL,2010,MONTHLY,8,8,AUG,,2012-01-01 00:00:00.000,61.3,
SURVEY,ANIMALS & PRODUCTS,LIVESTOCK,HOGS,ALL CLASSES,ALL PRODUCTION PRACTICES,ALL UTILIZATION PRACTICES,PRICE RECEIVED,$ / CWT,"HOGS - PRICE RECEIVED, MEASURED IN $ / CWT",TOTAL,NOT SPECIFIED,NATIONAL,,99,US,US TOTAL,,,,,,,,0,,,9000,UNITED STATES,US TOTAL,2010,MONTHLY,9,9,SEP,,2012-01-01 00:00:00.000,61.0,
SURVEY,ANIMALS & PRODUCTS,LIVESTOCK,HOGS,ALL CLASSES,ALL PRODUCTION PRACTICES,ALL UTILIZATION PRACTICES,PRICE RECEIVED,$ / CWT,"HOGS - PRICE RECEIVED, MEASURED IN $ / CWT",TOTAL,NOT SPECIFIED,NATIONAL,,99,US,US TOTAL,,,,,,,,0,,,9000,UNITED STATES,US TOTAL,2010,MONTHLY,10,10,OCT,,2012-01-01 00:00:00.000,53.3,
SURVEY,ANIMALS & PRODUCTS,LIVESTOCK,HOGS,ALL CLASSES,ALL PRODUCTION PRACTICES,ALL UTILIZATION PRACTICES,PRICE RECEIVED,$ / CWT,"HOGS - PRICE RECEIVED, MEASURED IN $ / CWT",TOTAL,NOT SPECIFIED,NATIONAL,,99,US,US TOTAL,,,,,,,,0,,,9000,UNITED STATES,US TOTAL,2010,MONTHLY,11,11,NOV,,2012-01-01 00:00:00.000,47.8,
SURVEY,ANIMALS & PRODUCTS,LIVESTOCK,HOGS,ALL CLASSES,ALL PRODUCTION PRACTICES,ALL UTILIZATION PRACTICES,PRICE RECEIVED,$ / CWT,"HOGS - PRICE RECEIVED, MEASURED IN $ / CWT",TOTAL,NOT SPECIFIED,NATIONAL,,99,US,US TOTAL,,,,,,,,0,,,9000,UNITED STATES,US TOTAL,2010,MONTHLY,12,12,DEC,,2013-02-28 15:06:59.000,52.4,
SURVEY,ANIMALS & PRODUCTS,LIVESTOCK,HOGS,ALL CLASSES,ALL PRODUCTION PRACTICES,ALL UTILIZATION PRACTICES,PRICE RECEIVED,$ / CWT,"HOGS - PRICE RECEIVED, MEASURED IN $ / CWT",TOTAL,NOT SPECIFIED,NATIONAL,,99,US,US TOTAL,,,,,,,,0,,,9000,UNITED STATES,US TOTAL,2009,ANNUAL,0,0,MARKETING YEAR,,2012-01-01 00:00:00.000,41.6,
SURVEY,ANIMALS & PRODUCTS,LIVESTOCK,HOGS,ALL CLASSES,ALL PRODUCTION PRACTICES,ALL UTILIZATION PRACTICES,PRICE RECEIVED,$ / CWT,"HOGS - PRICE RECEIVED, MEASURED IN $ / CWT",TOTAL,NOT SPECIFIED,NATIONAL,,99,US,US TOTAL,,,,,,,,0,,,9000,UNITED STATES,US TOTAL,2009,ANNUAL,0,0,YEAR,,2019-07-31 15:10:36.000,42.0,
SURVEY,ANIMALS & PRODUCTS,LIVESTOCK,HOGS,ALL CLASSES,ALL PRODUCTION PRACTICES,ALL UTILIZATION PRACTICES,PRICE RECEIVED,$ / CWT,"HOGS - PRICE RECEIVED, MEASURED IN $ / CWT",TOTAL,NOT SPECIFIED,NATIONAL,,99,US,US TOTAL,,,,,,,,0,,,9000,UNITED STATES,US TOTAL,2009,MONTHLY,1,1,JAN,,2012-01-01 00:00:00.000,42.8,
SURVEY,ANIMALS & PRODUCTS,LIVESTOCK,HOGS,ALL CLASSES,ALL PRODUCTION PRACTICES,ALL UTILIZATION PRACTICES,PRICE RECEIVED,$ / CWT,"HOGS - PRICE RECEIVED, MEASURED IN $ / CWT",TOTAL,NOT SPECIFIED,NATIONAL,,99,US,US TOTAL,,,,,,,,0,,,9000,UNITED STATES,US TOTAL,2009,MONTHLY,2,2,FEB,,2012-01-01 00:00:00.000,43.8,
SURVEY,ANIMALS & PRODUCTS,LIVESTOCK,HOGS,ALL CLASSES,ALL PRODUCTION PRACTICES,ALL UTILIZATION PRACTICES,PRICE RECEIVED,$ / CWT,"HOGS - PRICE RECEIVED, MEASURED IN $ / CWT",TOTAL,NOT SPECIFIED,NATIONAL,,99,US,US TOTAL,,,,,,,,0,,,9000,UNITED STATES,US TOTAL,2009,MONTHLY,3,3,MAR,,2012-01-01 00:00:00.000,43.9,
SURVEY,ANIMALS & PRODUCTS,LIVESTOCK,HOGS,ALL CLASSES,ALL PRODUCTION PRACTICES,ALL UTILIZATION PRACTICES,PRICE RECEIVED,$ / CWT,"HOGS - PRICE RECEIVED, MEASURED IN $ / CWT",TOTAL,NOT SPECIFIED,NATIONAL,,99,US,US TOTAL,,,,,,,,0,,,9000,UNITED STATES,US TOTAL,2009,MONTHLY,4,4,APR,,2012-01-01 00:00:00.000,44.0,
SURVEY,ANIMALS & PRODUCTS,LIVESTOCK,HOGS,ALL CLASSES,ALL PRODUCTION PRACTICES,ALL UTILIZATION PRACTICES,PRICE RECEIVED,$ / CWT,"HOGS - PRICE RECEIVED, MEASURED IN $ / CWT",TOTAL,NOT SPECIFIED,NATIONAL,,99,US,US TOTAL,,,,,,,,0,,,9000,UNITED STATES,US TOTAL,2009,MONTHLY,5,5,MAY,,2012-01-01 00:00:00.000,44.6,
SURVEY,ANIMALS & PRODUCTS,LIVESTOCK,HOGS,ALL CLASSES,ALL PRODUCTION PRACTICES,ALL UTILIZATION PRACTICES,PRICE RECEIVED,$ / CWT,"HOGS - PRICE RECEIVED, MEASURED IN $ / CWT",TOTAL,NOT SPECIFIED,NATIONAL,,99,US,US TOTAL,,,,,,,,0,,,9000,UNITED STATES,US TOTAL,2009,MONTHLY,6,6,JUN,,2012-01-01 00:00:00.000,43.3,
SURVEY,ANIMALS & PRODUCTS,LIVESTOCK,HOGS,ALL CLASSES,ALL PRODUCTION PRACTICES,ALL UTILIZATION PRACTICES,PRICE RECEIVED,$ / CWT,"HOGS - PRICE RECEIVED, MEASURED IN $ / CWT",TOTAL,NOT SPECIFIED,NATIONAL,,99,US,US TOTAL,,,,,,,,0,,,9000,UNITED STATES,US TOTAL,2009,MONTHLY,7,7,JUL,,2012-01-01 00:00:00.000,43.3,
SURVEY,ANIMALS & PRODUCTS,LIVESTOCK,HOGS,ALL CLASSES,ALL PRODUCTION PRACTICES,ALL UTILIZATION PRACTICES,PRICE RECEIVED,$ / CWT,"HOGS - PRICE RECEIVED, MEASURED IN $ / CWT",TOTAL,NOT SPECIFIED,NATIONAL,,99,US,US TOTAL,,,,,,,,0,,,9000,UNITED STATES,US TOTAL,2009,MONTHLY,8,8,AUG,,2012-01-01 00:00:00.000,37.3,
SURVEY,ANIMALS & PRODUCTS,LIVESTOCK,HOGS,ALL CLASSES,ALL PRODUCTION PRACTICES,ALL UTILIZATION PRACTICES,PRICE RECEIVED,$ / CWT,"HOGS - PRICE RECEIVED, MEASURED IN $ / CWT",TOTAL,NOT SPECIFIED,NATIONAL,,99,US,US TOTAL,,,,,,,,0,,,9000,UNITED STATES,US TOTAL,2009,MONTHLY,9,9,SEP,,2012-01-01 00:00:00.000,37.7,
SURVEY,ANIMALS & PRODUCTS,LIVESTOCK,HOGS,ALL CLASSES,ALL PRODUCTION PRACTICES,ALL UTILIZATION PRACTICES,PRICE RECEIVED,$ / CWT,"HOGS - PRICE RECEIVED, MEASURED IN $ / CWT",TOTAL,NOT SPECIFIED,NATIONAL,,99,US,US TOTAL,,,,,,,,0,,,9000,UNITED STATES,US TOTAL,2009,MONTHLY,10,10,OCT,,2012-01-01 00:00:00.000,37.8,
SURVEY,ANIMALS & PRODUCTS,LIVESTOCK,HOGS,ALL CLASSES,ALL PRODUCTION PRACTICES,ALL UTILIZATION PRACTICES,PRICE RECEIVED,$ / CWT,"HOGS - PRICE RECEIVED, MEASURED IN $ / CWT",TOTAL,NOT SPECIFIED,NATIONAL,,99,US,US TOTAL,,,,,,,,0,,,9000,UNITED STATES,US TOTAL,2009,MONTHLY,11,11,NOV,,2012-01-01 00:00:00.000,40.3,
SURVEY,ANIMALS & PRODUCTS,LIVESTOCK,HOGS,ALL CLASSES,ALL PRODUCTION PRACTICES,ALL UTILIZATION PRACTICES,PRICE RECEIVED,$ / CWT,"HOGS - PRICE RECEIVED, MEASURED IN $ / CWT",TOTAL,NOT SPECIFIED,NATIONAL,,99,US,US TOTAL,,,,,,,,0,,,9000,UNITED STATES,US TOTAL,2009,MONTHLY,12,12,DEC,,2012-01-01 00:00:00.000,45.1,
SURVEY,ANIMALS & PRODUCTS,LIVESTOCK,HOGS,ALL CLASSES,ALL PRODUCTION PRACTICES,ALL UTILIZATION PRACTICES,PRICE RECEIVED,$ / CWT,"HOGS - PRICE RECEIVED, MEASURED IN $ / CWT",TOTAL,NOT SPECIFIED,NATIONAL,,99,US,US TOTAL,,,,,,,,0,,,9000,UNITED STATES,US TOTAL,2008,ANNUAL,0,0,MARKETING YEAR,,2012-01-01 00:00:00.000,47.0,
SURVEY,ANIMALS & PRODUCTS,LIVESTOCK,HOGS,ALL CLASSES,ALL PRODUCTION PRACTICES,ALL UTILIZATION PRACTICES,PRICE RECEIVED,$ / CWT,"HOGS - PRICE RECEIVED, MEASURED IN $ / CWT",TOTAL,NOT SPECIFIED,NATIONAL,,99,US,US TOTAL,,,,,,,,0,,,9000,UNITED STATES,US TOTAL,2008,ANNUAL,0,0,YEAR,,2018-07-30 15:00:12.000,47.7,
SURVEY,ANIMALS & PRODUCTS,LIVESTOCK,HOGS,ALL CLASSES,ALL PRODUCTION PRACTICES,ALL UTILIZATION PRACTICES,PRICE RECEIVED,$ / CWT,"HOGS - PRICE RECEIVED, MEASURED IN $ / CWT",TOTAL,NOT SPECIFIED,NATIONAL,,99,US,US TOTAL,,,,,,,,0,,,9000,UNITED STATES,US TOTAL,2008,MONTHLY,1,1,JAN,,2012-01-01 00:00:00.000,37.4,
SURVEY,ANIMALS & PRODUCTS,LIVESTOCK,HOGS,ALL CLASSES,ALL PRODUCTION PRACTICES,ALL UTILIZATION PRACTICES,PRICE RECEIVED,$ / CWT,"HOGS - PRICE RECEIVED, MEASURED IN $ / CWT",TOTAL,NOT SPECIFIED,NATIONAL,,99,US,US TOTAL,,,,,,,,0,,,9000,UNITED STATES,US TOTAL,2008,MONTHLY,2,2,FEB,,2012-01-01 00:00:00.000,42.2,
SURVEY,ANIMALS & PRODUCTS,LIVESTOCK,HOGS,ALL CLASSES,ALL PRODUCTION PRACTICES,ALL UTILIZATION PRACTICES,PRICE RECEIVED,$ / CWT,"HOGS - PRICE RECEIVED, MEASURED IN $ / CWT",TOTAL,NOT SPECIFIED,NATIONAL,,99,US,US TOTAL,,,,,,,,0,,,9000,UNITED STATES,US TOTAL,2008,MONTHLY,3,3,MAR,,2012-01-01 00:00:00.000,40.3,
SURVEY,ANIMALS & PRODUCTS,LIVESTOCK,HOGS,ALL CLASSES,ALL PRODUCTION PRACTICES,ALL UTILIZATION PRACTICES,PRICE RECEIVED,$ / CWT,"HOGS - PRICE RECEIVED, MEASURED IN $ / CWT",TOTAL,NOT SPECIFIED,NATIONAL,,99,US,US TOTAL,,,,,,,,0,,,9000,UNITED STATES,US TOTAL,2008,MONTHLY,4,4,APR,,2012-01-01 00:00:00.000,44.4,
SURVEY,ANIMALS & PRODUCTS,LIVESTOCK,HOGS,ALL CLASSES,ALL PRODUCTION PRACTICES,ALL UTILIZATION PRACTICES,PRICE RECEIVED,$ / CWT,"HOGS - PRICE RECEIVED, MEASURED IN $ / CWT",TOTAL,NOT SPECIFIED,NATIONAL,,99,US,US TOTAL,,,,,,,,0,,,9000,UNITED STATES,US TOTAL,2008,MONTHLY,5,5,MAY,,2012-01-01 00:00:00.000,55.3,
SURVEY,ANIMALS & PRODUCTS,LIVESTOCK,HOGS,ALL CLASSES,ALL PRODUCTION PRACTICES,ALL UTILIZATION PRACTICES,PRICE RECEIVED,$ / CWT,"HOGS - PRICE RECEIVED, MEASURED IN $ / CWT",TOTAL,NOT SPECIFIED,NATIONAL,,99,US,US TOTAL,,,,,,,,0,,,9000,UNITED STATES,US TOTAL,2008,MONTHLY,6,6,JUN,,2012-01-01 00:00:00.000,53.4,
SURVEY,ANIMALS & PRODUCTS,LIVESTOCK,HOGS,ALL CLASSES,ALL PRODUCTION PRACTICES,ALL UTILIZATION PRACTICES,PRICE RECEIVED,$ / CWT,"HOGS - PRICE RECEIVED, MEASURED IN $ / CWT",TOTAL,NOT SPECIFIED,NATIONAL,,99,US,US TOTAL,,,,,,,,0,,,9000,UNITED STATES,US TOTAL,2008,MONTHLY,7,7,JUL,,2012-01-01 00:00:00.000,54.3,
SURVEY,ANIMALS & PRODUCTS,LIVESTOCK,HOGS,ALL CLASSES,ALL PRODUCTION PRACTICES,ALL UTILIZATION PRACTICES,PRICE RECEIVED,$ / CWT,"HOGS - PRICE RECEIVED, MEASURED IN $ / CWT",TOTAL,NOT SPECIFIED,NATIONAL,,99,US,US TOTAL,,,,,,,,0,,,9000,UNITED STATES,US TOTAL,2008,MONTHLY,8,8,AUG,,2012-01-01 00:00:00.000,60.7,
SURVEY,ANIMALS & PRODUCTS,LIVESTOCK,HOGS,ALL CLASSES,ALL PRODUCTION PRACTICES,ALL UTILIZATION PRACTICES,PRICE RECEIVED,$ / CWT,"HOGS - PRICE RECEIVED, MEASURED IN $ / CWT",TOTAL,NOT SPECIFIED,NATIONAL,,99,US,US TOTAL,,,,,,,,0,,,9000,UNITED STATES,US TOTAL,2008,MONTHLY,9,9,SEP,,2012-01-01 00:00:00.000,52.6,
SURVEY,ANIMALS & PRODUCTS,LIVESTOCK,HOGS,ALL CLASSES,ALL PRODUCTION PRACTICES,ALL UTILIZATION PRACTICES,PRICE RECEIVED,$ / CWT,"HOGS - PRICE RECEIVED, MEASURED IN $ / CWT",TOTAL,NOT SPECIFIED,NATIONAL,,99,US,US TOTAL,,,,,,,,0,,,9000,UNITED STATES,US TOTAL,2008,MONTHLY,10,10,OCT,,2012-01-01 00:00:00.000,48.5,
SURVEY,ANIMALS & PRODUCTS,LIVESTOCK,HOGS,ALL CLASSES,ALL PRODUCTION PRACTICES,ALL UTILIZATION PRACTICES,PRICE RECEIVED,$ / CWT,"HOGS - PRICE RECEIVED, MEASURED IN $ / CWT",TOTAL,NOT SPECIFIED,NATIONAL,,99,US,US TOTAL,,,,,,,,0,,,9000,UNITED STATES,US TOTAL,2008,MONTHLY,11,11,NOV,,2012-01-01 00:00:00.000,40.7,
SURVEY,ANIMALS & PRODUCTS,LIVESTOCK,HOGS,ALL CLASSES,ALL PRODUCTION PRACTICES,ALL UTILIZATION PRACTICES,PRICE RECEIVED,$ / CWT,"HOGS - PRICE RECEIVED, MEASURED IN $ / CWT",TOTAL,NOT SPECIFIED,NATIONAL,,99,US,US TOTAL,,,,,,,,0,,,9000,UNITED STATES,US TOTAL,2008,MONTHLY,12,12,DEC,,2012-01-01 00:00:00.000,42.0,
SURVEY,ANIMALS & PRODUCTS,LIVESTOCK,HOGS,ALL CLASSES,ALL PRODUCTION PRACTICES,ALL UTILIZATION PRACTICES,PRICE RECEIVED,$ / CWT,"HOGS - PRICE RECEIVED, MEASURED IN $ / CWT",TOTAL,NOT SPECIFIED,NATIONAL,,99,US,US TOTAL,,,,,,,,0,,,9000,UNITED STATES,US TOTAL,2007,ANNUAL,0,0,MARKETING YEAR,,2012-01-01 00:00:00.000,46.6,
SURVEY,ANIMALS & PRODUCTS,LIVESTOCK,HOGS,ALL CLASSES,ALL PRODUCTION PRACTICES,ALL UTILIZATION PRACTICES,PRICE RECEIVED,$ / CWT,"HOGS - PRICE RECEIVED, MEASURED IN $ / CWT",TOTAL,NOT SPECIFIED,NATIONAL,,99,US,US TOTAL,,,,,,,,0,,,9000,UNITED STATES,US TOTAL,2007,ANNUAL,0,0,YEAR,,2017-07-31 15:00:20.000,46.7,
SURVEY,ANIMALS & PRODUCTS,LIVESTOCK,HOGS,ALL CLASSES,ALL PRODUCTION PRACTICES,ALL UTILIZATION PRACTICES,PRICE RECEIVED,$ / CWT,"HOGS - PRICE RECEIVED, MEASURED IN $ / CWT",TOTAL,NOT SPECIFIED,NATIONAL,,99,US,US TOTAL,,,,,,,,0,,,9000,UNITED STATES,US TOTAL,2007,MONTHLY,1,1,JAN,,2012-01-01 00:00:00.000,42.6,
SURVEY,ANIMALS & PRODUCTS,LIVESTOCK,HOGS,ALL CLASSES,ALL PRODUCTION PRACTICES,ALL UTILIZATION PRACTICES,PRICE RECEIVED,$ / CWT,"HOGS - PRICE RECEIVED, MEASURED IN $ / CWT",TOTAL,NOT SPECIFIED,NATIONAL,,99,US,US TOTAL,,,,,,,,0,,,9000,UNITED STATES,US TOTAL,2007,MONTHLY,2,2,FEB,,2012-01-01 00:00:00.000,47.5,
SURVEY,ANIMALS & PRODUCTS,LIVESTOCK,HOGS,ALL CLASSES,ALL PRODUCTION PRACTICES,ALL UTILIZATION PRACTICES,PRICE RECEIVED,$ / CWT,"HOGS - PRICE RECEIVED, MEASURED IN $ / CWT",TOTAL,NOT SPECIFIED,NATIONAL,,99,US,US TOTAL,,,,,,,,0,,,9000,UNITED STATES,US TOTAL,2007,MONTHLY,3,3,MAR,,2012-01-01 00:00:00.000,44.9,
SURVEY,ANIMALS & PRODUCTS,LIVESTOCK,HOGS,ALL CLASSES,ALL PRODUCTION PRACTICES,ALL UTILIZATION PRACTICES,PRICE RECEIVED,$ / CWT,"HOGS - PRICE RECEIVED, MEASURED IN $ / CWT",TOTAL,NOT SPECIFIED,NATIONAL,,99,US,US TOTAL,,,,,,,,0,,,9000,UNITED STATES,US TOTAL,2007,MONTHLY,4,4,APR,,2012-01-01 00:00:00.000,47.3,
SURVEY,ANIMALS & PRODUCTS,LIVESTOCK,HOGS,ALL CLASSES,ALL PRODUCTION PRACTICES,ALL UTILIZATION PRACTICES,PRICE RECEIVED,$ / CWT,"HOGS - PRICE RECEIVED, MEASURED IN $ / CWT",TOTAL,NOT SPECIFIED,NATIONAL,,99,US,US TOTAL,,,,,,,,0,,,9000,UNITED STATES,US TOTAL,2007,MONTHLY,5,5,MAY,,2012-01-01 00:00:00.000,53.1,
SURVEY,ANIMALS & PRODUCTS,LIVESTOCK,HOGS,ALL CLASSES,ALL PRODUCTION PRACTICES,ALL UTILIZATION PRACTICES,PRICE RECEIVED,$ / CWT,"HOGS - PRICE RECEIVED, MEASURED IN $ / CWT",TOTAL,NOT SPECIFIED,NATIONAL,,99,US,US TOTAL,,,,,,,,0,,,9000,UNITED STATES,US TOTAL,2007,MONTHLY,6,6,JUN,,2012-01-01 00:00:00.000,54.3,
SURVEY,ANIMALS & PRODUCTS,LIVESTOCK,HOGS,ALL CLASSES,ALL PRODUCTION PRACTICES,ALL UTILIZATION PRACTICES,PRICE RECEIVED,$ / CWT,"HOGS - PRICE RECEIVED, MEASURED IN $ / CWT",TOTAL,NOT SPECIFIED,NATIONAL,,99,US,US TOTAL,,,,,,,,0,,,9000,UNITED STATES,US TOTAL,2007,MONTHLY,7,7,JUL,,2012-01-01 00:00:00.000,52.2,
SURVEY,ANIMALS & PRODUCTS,LIVESTOCK,HOGS,ALL CLASSES,ALL PRODUCTION PRACTICES,ALL UTILIZATION PRACTICES,PRICE RECEIVED,$ / CWT,"HOGS - PRICE RECEIVED, MEASURED IN $ / CWT",TOTAL,NOT SPECIFIED,NATIONAL,,99,US,US TOTAL,,,,,,,,0,,,9000,UNITED STATES,US TOTAL,2007,MONTHLY,8,8,AUG,,2012-01-01 00:00:00.000,51.3,
SURVEY,ANIMALS & PRODUCTS,LIVESTOCK,HOGS,ALL CLASSES,ALL PRODUCTION PRACTICES,ALL UTILIZATION PRACTICES,PRICE RECEIVED,$ / CWT,"HOGS - PRICE RECEIVED, MEASURED IN $ / CWT",TOTAL,NOT SPECIFIED,NATIONAL,,99,US,US TOTAL,,,,,,,,0,,,9000,UNITED STATES,US TOTAL,2007,MONTHLY,9,9,SEP,,2012-01-01 00:00:00.000,46.8,
SURVEY,ANIMALS & PRODUCTS,LIVESTOCK,HOGS,ALL CLASSES,ALL PRODUCTION PRACTICES,ALL UTILIZATION PRACTICES,PRICE RECEIVED,$ / CWT,"HOGS - PRICE RECEIVED, MEASURED IN $ / CWT",TOTAL,NOT SPECIFIED,NATIONAL,,99,US,US TOTAL,,,,,,,,0,,,9000,UNITED STATES,US TOTAL,2007,MONTHLY,10,10,OCT,,2012-01-01 00:00:00.000,42.4,
SURVEY,ANIMALS & PRODUCTS,LIVESTOCK,HOGS,ALL CLASSES,ALL PRODUCTION PRACTICES,ALL UTILIZATION PRACTICES,PRICE RECEIVED,$ / CWT,"HOGS - PRICE RECEIVED, MEASURED IN $ / CWT",TOTAL,NOT SPECIFIED,NATIONAL,,99,US,US TOTAL,,,,,,,,0,,,9000,UNITED STATES,US TOTAL,2007,MONTHLY,11,11,NOV,,2012-01-01 00:00:00.000,37.9,
SURVEY,ANIMALS & PRODUCTS,LIVESTOCK,HOGS,ALL CLASSES,ALL PRODUCTION PRACTICES,ALL UTILIZATION PRACTICES,PRICE RECEIVED,$ / CWT,"HOGS - PRICE RECEIVED, MEASURED IN $ / CWT",TOTAL,NOT SPECIFIED,NATIONAL,,99,US,US TOTAL,,,,,,,,0,,,9000,UNITED STATES,US TOTAL,2007,MONTHLY,12,12,DEC,,2012-01-01 00:00:00.000,39.8,
SURVEY,ANIMALS & PRODUCTS,LIVESTOCK,HOGS,ALL CLASSES,ALL PRODUCTION PRACTICES,ALL UTILIZATION PRACTICES,PRICE RECEIVED,$ / CWT,"HOGS - PRICE RECEIVED, MEASURED IN $ / CWT",TOTAL,NOT SPECIFIED,NATIONAL,,99,US,US TOTAL,,,,,,,,0,,,9000,UNITED STATES,US TOTAL,2006,ANNUAL,0,0,MARKETING YEAR,,2012-01-01 00:00:00.000,46.0,
SURVEY,ANIMALS & PRODUCTS,LIVESTOCK,HOGS,ALL CLASSES,ALL PRODUCTION PRACTICES,ALL UTILIZATION PRACTICES,PRICE RECEIVED,$ / CWT,"HOGS - PRICE RECEIVED, MEASURED IN $ / CWT",TOTAL,NOT SPECIFIED,NATIONAL,,99,US,US TOTAL,,,,,,,,0,,,9000,UNITED STATES,US TOTAL,2006,ANNUAL,0,0,YEAR,,2016-02-29 15:03:32.000,46.3,
SURVEY,ANIMALS & PRODUCTS,LIVESTOCK,HOGS,ALL CLASSES,ALL PRODUCTION PRACTICES,ALL UTILIZATION PRACTICES,PRICE RECEIVED,$ / CWT,"HOGS - PRICE RECEIVED, MEASURED IN $ / CWT",TOTAL,NOT SPECIFIED,NATIONAL,,99,US,US TOTAL,,,,,,,,0,,,9000,UNITED STATES,US TOTAL,2006,MONTHLY,1,1,JAN,,2012-01-01 00:00:00.000,40.7,
SURVEY,ANIMALS & PRODUCTS,LIVESTOCK,HOGS,ALL CLASSES,ALL PRODUCTION PRACTICES,ALL UTILIZATION PRACTICES,PRICE RECEIVED,$ / CWT,"HOGS - PRICE RECEIVED, MEASURED IN $ / CWT",TOTAL,NOT SPECIFIED,NATIONAL,,99,US,US TOTAL,,,,,,,,0,,,9000,UNITED STATES,US TOTAL,2006,MONTHLY,2,2,FEB,,2012-01-01 00:00:00.000,42.6,
SURVEY,ANIMALS & PRODUCTS,LIVESTOCK,HOGS,ALL CLASSES,ALL PRODUCTION PRACTICES,ALL UTILIZATION PRACTICES,PRICE RECEIVED,$ / CWT,"HOGS - PRICE RECEIVED, MEASURED IN $ / CWT",TOTAL,NOT SPECIFIED,NATIONAL,,99,US,US TOTAL,,,,,,,,0,,,9000,UNITED STATES,US TOTAL,2006,MONTHLY,3,3,MAR,,2012-01-01 00:00:00.000,42.8,
SURVEY,ANIMALS & PRODUCTS,LIVESTOCK,HOGS,ALL CLASSES,ALL PRODUCTION PRACTICES,ALL UTILIZATION PRACTICES,PRICE RECEIVED,$ / CWT,"HOGS - PRICE RECEIVED, MEASURED IN $ / CWT",TOTAL,NOT SPECIFIED,NATIONAL,,99,US,US TOTAL,,,,,,,,0,,,9000,UNITED STATES,US TOTAL,2006,MONTHLY,4,4,APR,,2012-01-01 00:00:00.000,41.3,
SURVEY,ANIMALS & PRODUCTS,LIVESTOCK,HOGS,ALL CLASSES,ALL PRODUCTION PRACTICES,ALL UTILIZATION PRACTICES,PRICE RECEIVED,$ / CWT,"HOGS - PRICE RECEIVED, MEASURED IN $ / CWT",TOTAL,NOT SPECIFIED,NATIONAL,,99,US,US TOTAL,,,,,,,,0,,,9000,UNITED STATES,US TOTAL,2006,MONTHLY,5,5,MAY,,2012-01-01 00:00:00.000,48.2,
SURVEY,ANIMALS & PRODUCTS,LIVESTOCK,HOGS,ALL CLASSES,ALL PRODUCTION PRACTICES,ALL UTILIZATION PRACTICES,PRICE RECEIVED,$ / CWT,"HOGS - PRICE RECEIVED, MEASURED IN $ / CWT",TOTAL,NOT SPECIFIED,NATIONAL,,99,US,US TOTAL,,,,,,,,0,,,9000,UNITED STATES,US TOTAL,2006,MONTHLY,6,6,JUN,,2012-01-01 00:00:00.000,53.8,
SURVEY,ANIMALS & PRODUCTS,LIVESTOCK,HOGS,ALL CLASSES,ALL PRODUCTION PRACTICES,ALL UTILIZATION PRACTICES,PRICE RECEIVED,$ / CWT,"HOGS - PRICE RECEIVED, MEASURED IN $ / CWT",TOTAL,NOT SPECIFIED,NATIONAL,,99,US,US TOTAL,,,,,,,,0,,,9000,UNITED STATES,US TOTAL,2006,MONTHLY,7,7,JUL,,2012-01-01 00:00:00.000,50.2,
SURVEY,ANIMALS & PRODUCTS,LIVESTOCK,HOGS,ALL CLASSES,ALL PRODUCTION PRACTICES,ALL UTILIZATION PRACTICES,PRICE RECEIVED,$ / CWT,"HOGS - PRICE RECEIVED, MEASURED IN $ / CWT",TOTAL,NOT SPECIFIED,NATIONAL,,99,US,US TOTAL,,,,,,,,0,,,9000,UNITED STATES,US TOTAL,2006,MONTHLY,8,8,AUG,,2012-01-01 00:00:00.000,51.6,
SURVEY,ANIMALS & PRODUCTS,LIVESTOCK,HOGS,ALL CLASSES,ALL PRODUCTION PRACTICES,ALL UTILIZATION PRACTICES,PRICE RECEIVED,$ / CWT,"HOGS - PRICE RECEIVED, MEASURED IN $ / CWT",TOTAL,NOT SPECIFIED,NATIONAL,,99,US,US TOTAL,,,,,,,,0,,,9000,UNITED STATES,US TOTAL,2006,MONTHLY,9,9,SEP,,2012-01-01 00:00:00.000,48.9,
SURVEY,ANIMALS & PRODUCTS,LIVESTOCK,HOGS,ALL CLASSES,ALL PRODUCTION PRACTICES,ALL UTILIZATION PRACTICES,PRICE RECEIVED,$ / CWT,"HOGS - PRICE RECEIVED, MEASURED IN $ / CWT",TOTAL,NOT SPECIFIED,NATIONAL,,99,US,US TOTAL,,,,,,,,0,,,9000,UNITED STATES,US TOTAL,2006,MONTHLY,10,10,OCT,,2012-01-01 00:00:00.000,46.5,
SURVEY,ANIMALS & PRODUCTS,LIVESTOCK,HOGS,ALL CLASSES,ALL PRODUCTION PRACTICES,ALL UTILIZATION PRACTICES,PRICE RECEIVED,$ / CWT,"HOGS - PRICE RECEIVED, MEASURED IN $ / CWT",TOTAL,NOT SPECIFIED,NATIONAL,,99,US,US TOTAL,,,,,,,,0,,,9000,UNITED STATES,US TOTAL,2006,MONTHLY,11,11,NOV,,2012-01-01 00:00:00.000,44.9,
SURVEY,ANIMALS & PRODUCTS,LIVESTOCK,HOGS,ALL CLASSES,ALL PRODUCTION PRACTICES,ALL UTILIZATION PRACTICES,PRICE RECEIVED,$ / CWT,"HOGS - PRICE RECEIVED, MEASURED IN $ / CWT",TOTAL,NOT SPECIFIED,NATIONAL,,99,US,US TOTAL,,,,,,,,0,,,9000,UNITED STATES,US TOTAL,2006,MONTHLY,12,12,DEC,,2012-01-01 00:00:00.000,43.5,
SURVEY,ANIMALS & PRODUCTS,LIVESTOCK,HOGS,ALL CLASSES,ALL PRODUCTION PRACTICES,ALL UTILIZATION PRACTICES,PRICE RECEIVED,$ / CWT,"HOGS - PRICE RECEIVED, MEASURED IN $ / CWT",TOTAL,NOT SPECIFIED,NATIONAL,,99,US,US TOTAL,,,,,,,,0,,,9000,UNITED STATES,US TOTAL,2005,ANNUAL,0,0,MARKETING YEAR,,2012-01-01 00:00:00.000,50.2,
SURVEY,ANIMALS & PRODUCTS,LIVESTOCK,HOGS,ALL CLASSES,ALL PRODUCTION PRACTICES,ALL UTILIZATION PRACTICES,PRICE RECEIVED,$ / CWT,"HOGS - PRICE RECEIVED, MEASURED IN $ / CWT",TOTAL,NOT SPECIFIED,NATIONAL,,99,US,US TOTAL,,,,,,,,0,,,9000,UNITED STATES,US TOTAL,2005,ANNUAL,0,0,YEAR,,2015-02-27 15:10:53.000,49.6,
SURVEY,ANIMALS & PRODUCTS,LIVESTOCK,HOGS,ALL CLASSES,ALL PRODUCTION PRACTICES,ALL UTILIZATION PRACTICES,PRICE RECEIVED,$ / CWT,"HOGS - PRICE RECEIVED, MEASURED IN $ / CWT",TOTAL,NOT SPECIFIED,NATIONAL,,99,US,US TOTAL,,,,,,,,0,,,9000,UNITED STATES,US TOTAL,2005,MONTHLY,1,1,JAN,,2012-01-01 00:00:00.000,53.0,
SURVEY,ANIMALS & PRODUCTS,LIVESTOCK,HOGS,ALL CLASSES,ALL PRODUCTION PRACTICES,ALL UTILIZATION PRACTICES,PRICE RECEIVED,$ / CWT,"HOGS - PRICE RECEIVED, MEASURED IN $ / CWT",TOTAL,NOT SPECIFIED,NATIONAL,,99,US,US TOTAL,,,,,,,,0,,,9000,UNITED STATES,US TOTAL,2005,MONTHLY,2,2,FEB,,2012-01-01 00:00:00.000,50.7,
SURVEY,ANIMALS & PRODUCTS,LIVESTOCK,HOGS,ALL CLASSES,ALL PRODUCTION PRACTICES,ALL UTILIZATION PRACTICES,PRICE RECEIVED,$ / CWT,"HOGS - PRICE RECEIVED, MEASURED IN $ / CWT",TOTAL,NOT SPECIFIED,NATIONAL,,99,US,US TOTAL,,,,,,,,0,,,9000,UNITED STATES,US TOTAL,2005,MONTHLY,3,3,MAR,,2012-01-01 00:00:00.000,51.2,
SURVEY,ANIMALS & PRODUCTS,LIVESTOCK,HOGS,ALL CLASSES,ALL PRODUCTION PRACTICES,ALL UTILIZATION PRACTICES,PRICE RECEIVED,$ / CWT,"HOGS - PRICE RECEIVED, MEASURED IN $ / CWT",TOTAL,NOT SPECIFIED,NATIONAL,,99,US,US TOTAL,,,,,,,,0,,,9000,UNITED STATES,US TOTAL,2005,MONTHLY,4,4,APR,,2012-01-01 00:00:00.000,51.1,
SURVEY,ANIMALS & PRODUCTS,LIVESTOCK,HOGS,ALL CLASSES,ALL PRODUCTION PRACTICES,ALL UTILIZATION PRACTICES,PRICE RECEIVED,$ / CWT,"HOGS - PRICE RECEIVED, MEASURED IN $ / CWT",TOTAL,NOT SPECIFIED,NATIONAL,,99,US,US TOTAL,,,,,,,,0,,,9000,UNITED STATES,US TOTAL,2005,MONTHLY,5,5,MAY,,2012-01-01 00:00:00.000,54.9,
SURVEY,ANIMALS & PRODUCTS,LIVESTOCK,HOGS,ALL CLASSES,ALL PRODUCTION PRACTICES,ALL UTILIZATION PRACTICES,PRICE RECEIVED,$ / CWT,"HOGS - PRICE RECEIVED, MEASURED IN $ / CWT",TOTAL,NOT SPECIFIED,NATIONAL,,99,US,US TOTAL,,,,,,,,0,,,9000,UNITED STATES,US TOTAL,2005,MONTHLY,6,6,JUN,,2012-01-01 00:00:00.000,49.5,
SURVEY,ANIMALS & PRODUCTS,LIVESTOCK,HOGS,ALL CLASSES,ALL PRODUCTION PRACTICES,ALL UTILIZATION PRACTICES,PRICE RECEIVED,$ / CWT,"HOGS - PRICE RECEIVED, MEASURED IN $ / CWT",TOTAL,NOT SPECIFIED,NATIONAL,,99,US,US TOTAL,,,,,,,,0,,,9000,UNITED STATES,US TOTAL,2005,MONTHLY,7,7,JUL,,2012-01-01 00:00:00.000,49.8,
SURVEY,ANIMALS & PRODUCTS,LIVESTOCK,HOGS,ALL CLASSES,ALL PRODUCTION PRACTICES,ALL UTILIZATION PRACTICES,PRICE RECEIVED,$ / CWT,"HOGS - PRICE RECEIVED, MEASURED IN $ / CWT",TOTAL,NOT SPECIFIED,NATIONAL,,99,US,US TOTAL,,,,,,,,0,,,9000,UNITED STATES,US TOTAL,2005,MONTHLY,8,8,AUG,,2012-01-01 00:00:00.000,51.0,
SURVEY,ANIMALS & PRODUCTS,LIVESTOCK,HOGS,ALL CLASSES,ALL PRODUCTION PRACTICES,ALL UTILIZATION PRACTICES,PRICE RECEIVED,$ / CWT,"HOGS - PRICE RECEIVED, MEASURED IN $ / CWT",TOTAL,NOT SPECIFIED,NATIONAL,,99,US,US TOTAL,,,,,,,,0,,,9000,UNITED STATES,US TOTAL,2005,MONTHLY,9,9,SEP,,2012-01-01 00:00:00.000,49.4,
SURVEY,ANIMALS & PRODUCTS,LIVESTOCK,HOGS,ALL CLASSES,ALL PRODUCTION PRACTICES,ALL UTILIZATION PRACTICES,PRICE RECEIVED,$ / CWT,"HOGS - PRICE RECEIVED, MEASURED IN $ / CWT",TOTAL,NOT SPECIFIED,NATIONAL,,99,US,US TOTAL,,,,,,,,0,,,9000,UNITED STATES,US TOTAL,2005,MONTHLY,10,10,OCT,,2012-01-01 00:00:00.000,47.0,
SURVEY,ANIMALS & PRODUCTS,LIVESTOCK,HOGS,ALL CLASSES,ALL PRODUCTION PRACTICES,ALL UTILIZATION PRACTICES,PRICE RECEIVED,$ / CWT,"HOGS - PRICE RECEIVED, MEASURED IN $ / CWT",TOTAL,NOT SPECIFIED,NATIONAL,,99,US,US TOTAL,,,,,,,,0,,,9000,UNITED STATES,US TOTAL,2005,MONTHLY,11,11,NOV,,2012-01-01 00:00:00.000,43.5,
SURVEY,ANIMALS & PRODUCTS,LIVESTOCK,HOGS,ALL CLASSES,ALL PRODUCTION PRACTICES,ALL UTILIZATION PRACTICES,PRICE RECEIVED,$ / CWT,"HOGS - PRICE RECEIVED, MEASURED IN $ / CWT",TOTAL,NOT SPECIFIED,NATIONAL,,99,US,US TOTAL,,,,,,,,0,,,9000,UNITED STATES,US TOTAL,2005,MONTHLY,12,12,DEC,,2012-01-01 00:00:00.000,44.2,
SURVEY,ANIMALS & PRODUCTS,LIVESTOCK,HOGS,ALL CLASSES,ALL PRODUCTION PRACTICES,ALL UTILIZATION PRACTICES,PRICE RECEIVED,$ / CWT,"HOGS - PRICE RECEIVED, MEASURED IN $ / CWT",TOTAL,NOT SPECIFIED,NATIONAL,,99,US,US TOTAL,,,,,,,,0,,,9000,UNITED STATES,US TOTAL,2004,ANNUAL,0,0,MARKETING YEAR,,2012-01-01 00:00:00.000,49.3,
SURVEY,ANIMALS & PRODUCTS,LIVESTOCK,HOGS,ALL CLASSES,ALL PRODUCTION PRACTICES,ALL UTILIZATION PRACTICES,PRICE RECEIVED,$ / CWT,"HOGS - PRICE RECEIVED, MEASURED IN $ / CWT",TOTAL,NOT SPECIFIED,NATIONAL,,99,US,US TOTAL,,,,,,,,0,,,9000,UNITED STATES,US TOTAL,2004,ANNUAL,0,0,YEAR,,2014-07-31 15:07:59.000,51.2,
SURVEY,ANIMALS & PRODUCTS,LIVESTOCK,HOGS,ALL CLASSES,ALL PRODUCTION PRACTICES,ALL UTILIZATION PRACTICES,PRICE RECEIVED,$ / CWT,"HOGS - PRICE RECEIVED, MEASURED IN $ / CWT",TOTAL,NOT SPECIFIED,NATIONAL,,99,US,US TOTAL,,,,,,,,0,,,9000,UNITED STATES,US TOTAL,2004,MONTHLY,1,1,JAN,,2012-01-01 00:00:00.000,36.6,
SURVEY,ANIMALS & PRODUCTS,LIVESTOCK,HOGS,ALL CLASSES,ALL PRODUCTION PRACTICES,ALL UTILIZATION PRACTICES,PRICE RECEIVED,$ / CWT,"HOGS - PRICE RECEIVED, MEASURED IN $ / CWT",TOTAL,NOT SPECIFIED,NATIONAL,,99,US,US TOTAL,,,,,,,,0,,,9000,UNITED STATES,US TOTAL,2004,MONTHLY,2,2,FEB,,2012-01-01 00:00:00.000,42.6,
SURVEY,ANIMALS & PRODUCTS,LIVESTOCK,HOGS,ALL CLASSES,ALL PRODUCTION PRACTICES,ALL UTILIZATION PRACTICES,PRICE RECEIVED,$ / CWT,"HOGS - PRICE RECEIVED, MEASURED IN $ / CWT",TOTAL,NOT SPECIFIED,NATIONAL,,99,US,US TOTAL,,,,,,,,0,,,9000,UNITED STATES,US TOTAL,2004,MONTHLY,3,3,MAR,,2012-01-01 00:00:00.000,47.2,
SURVEY,ANIMALS & PRODUCTS,LIVESTOCK,HOGS,ALL CLASSES,ALL PRODUCTION PRACTICES,ALL UTILIZATION PRACTICES,PRICE RECEIVED,$ / CWT,"HOGS - PRICE RECEIVED, MEASURED IN $ / CWT",TOTAL,NOT SPECIFIED,NATIONAL,,99,US,US TOTAL,,,,,,,,0,,,9000,UNITED STATES,US TOTAL,2004,MONTHLY,4,4,APR,,2012-01-01 00:00:00.000,47.4,
SURVEY,ANIMALS & PRODUCTS,LIVESTOCK,HOGS,ALL CLASSES,ALL PRODUCTION PRACTICES,ALL UTILIZATION PRACTICES,PRICE RECEIVED,$ / CWT,"HOGS - PRICE RECEIVED, MEASURED IN $ / CWT",TOTAL,NOT SPECIFIED,NATIONAL,,99,US,US TOTAL,,,,,,,,0,,,9000,UNITED STATES,US TOTAL,2004,MONTHLY,5,5,MAY,,2012-01-01 00:00:00.000,56.6,
SURVEY,ANIMALS & PRODUCTS,LIVESTOCK,HOGS,ALL CLASSES,ALL PRODUCTION PRACTICES,ALL UTILIZATION PRACTICES,PRICE RECEIVED,$ / CWT,"HOGS - PRICE RECEIVED, MEASURED IN $ / CWT",TOTAL,NOT SPECIFIED,NATIONAL,,99,US,US TOTAL,,,,,,,,0,,,9000,UNITED STATES,US TOTAL,2004,MONTHLY,6,6,JUN,,2012-01-01 00:00:00.000,56.7,
SURVEY,ANIMALS & PRODUCTS,LIVESTOCK,HOGS,ALL CLASSES,ALL PRODUCTION PRACTICES,ALL UTILIZATION PRACTICES,PRICE RECEIVED,$ / CWT,"HOGS - PRICE RECEIVED, MEASURED IN $ / CWT",TOTAL,NOT SPECIFIED,NATIONAL,,99,US,US TOTAL,,,,,,,,0,,,9000,UNITED STATES,US TOTAL,2004,MONTHLY,7,7,JUL,,2012-01-01 00:00:00.000,57.1,
SURVEY,ANIMALS & PRODUCTS,LIVESTOCK,HOGS,ALL CLASSES,ALL PRODUCTION PRACTICES,ALL UTILIZATION PRACTICES,PRICE RECEIVED,$ / CWT,"HOGS - PRICE RECEIVED, MEASURED IN $ / CWT",TOTAL,NOT SPECIFIED,NATIONAL,,99,US,US TOTAL,,,,,,,,0,,,9000,UNITED STATES,US TOTAL,2004,MONTHLY,8,8,AUG,,2012-01-01 00:00:00.000,55.3,
SURVEY,ANIMALS & PRODUCTS,LIVESTOCK,HOGS,ALL CLASSES,ALL PRODUCTION PRACTICES,ALL UTILIZATION PRACTICES,PRICE RECEIVED,$ / CWT,"HOGS - PRICE RECEIVED, MEASURED IN $ / CWT",TOTAL,NOT SPECIFIED,NATIONAL,,99,US,US TOTAL,,,,,,,,0,,,9000,UNITED STATES,US TOTAL,2004,MONTHLY,9,9,SEP,,2012-01-01 00:00:00.000,54.8,
SURVEY,ANIMALS & PRODUCTS,LIVESTOCK,HOGS,ALL CLASSES,ALL PRODUCTION PRACTICES,ALL UTILIZATION PRACTICES,PRICE RECEIVED,$ / CWT,"HOGS - PRICE RECEIVED, MEASURED IN $ / CWT",TOTAL,NOT SPECIFIED,NATIONAL,,99,US,US TOTAL,,,,,,,,0,,,9000,UNITED STATES,US TOTAL,2004,MONTHLY,10,10,OCT,,2012-01-01 00:00:00.000,52.2,
SURVEY,ANIMALS & PRODUCTS,LIVESTOCK,HOGS,ALL CLASSES,ALL PRODUCTION PRACTICES,ALL UTILIZATION PRACTICES,PRICE RECEIVED,$ / CWT,"HOGS - PRICE RECEIVED, MEASURED IN $ / CWT",TOTAL,NOT SPECIFIED,NATIONAL,,99,US,US TOTAL,,,,,,,,0,,,9000,UNITED STATES,US TOTAL,2004,MONTHLY,11,11,NOV,,2012-01-01 00:00:00.000,55.6,
SURVEY,ANIMALS & PRODUCTS,LIVESTOCK,HOGS,ALL CLASSES,ALL PRODUCTION PRACTICES,ALL UTILIZATION PRACTICES,PRICE RECEIVED,$ / CWT,"HOGS - PRICE RECEIVED, MEASURED IN $ / CWT",TOTAL,NOT SPECIFIED,NATIONAL,,99,US,US TOTAL,,,,,,,,0,,,9000,UNITED STATES,US TOTAL,2004,MONTHLY,12,12,DEC,,2012-01-01 00:00:00.000,52.3,
SURVEY,ANIMALS & PRODUCTS,LIVESTOCK,HOGS,ALL CLASSES,ALL PRODUCTION PRACTICES,ALL UTILIZATION PRACTICES,PRICE RECEIVED,$ / CWT,"HOGS - PRICE RECEIVED, MEASURED IN $ / CWT",TOTAL,NOT SPECIFIED,NATIONAL,,99,US,US TOTAL,,,,,,,,0,,,9000,UNITED STATES,US TOTAL,2003,ANNUAL,0,0,MARKETING YEAR,,2012-01-01 00:00:00.000,37.2,
SURVEY,ANIMALS & PRODUCTS,LIVESTOCK,HOGS,ALL CLASSES,ALL PRODUCTION PRACTICES,ALL UTILIZATION PRACTICES,PRICE RECEIVED,$ / CWT,"HOGS - PRICE RECEIVED, MEASURED IN $ / CWT",TOTAL,NOT SPECIFIED,NATIONAL,,99,US,US TOTAL,,,,,,,,0,,,9000,UNITED STATES,US TOTAL,2003,ANNUAL,0,0,YEAR,,2013-01-31 15:08:55.000,37.5,
SURVEY,ANIMALS & PRODUCTS,LIVESTOCK,HOGS,ALL CLASSES,ALL PRODUCTION PRACTICES,ALL UTILIZATION PRACTICES,PRICE RECEIVED,$ / CWT,"HOGS - PRICE RECEIVED, MEASURED IN $ / CWT",TOTAL,NOT SPECIFIED,NATIONAL,,99,US,US TOTAL,,,,,,,,0,,,9000,UNITED STATES,US TOTAL,2003,MONTHLY,1,1,JAN,,2012-01-01 00:00:00.000,32.9,
SURVEY,ANIMALS & PRODUCTS,LIVESTOCK,HOGS,ALL CLASSES,ALL PRODUCTION PRACTICES,ALL UTILIZATION PRACTICES,PRICE RECEIVED,$ / CWT,"HOGS - PRICE RECEIVED, MEASURED IN $ / CWT",TOTAL,NOT SPECIFIED,NATIONAL,,99,US,US TOTAL,,,,,,,,0,,,9000,UNITED STATES,US TOTAL,2003,MONTHLY,2,2,FEB,,2012-01-01 00:00:00.000,34.3,
SURVEY,ANIMALS & PRODUCTS,LIVESTOCK,HOGS,ALL CLASSES,ALL PRODUCTION PRACTICES,ALL UTILIZATION PRACTICES,PRICE RECEIVED,$ / CWT,"HOGS - PRICE RECEIVED, MEASURED IN $ / CWT",TOTAL,NOT SPECIFIED,NATIONAL,,99,US,US TOTAL,,,,,,,,0,,,9000,UNITED STATES,US TOTAL,2003,MONTHLY,3,3,MAR,,2012-01-01 00:00:00.000,34.7,
SURVEY,ANIMALS & PRODUCTS,LIVESTOCK,HOGS,ALL CLASSES,ALL PRODUCTION PRACTICES,ALL UTILIZATION PRACTICES,PRICE RECEIVED,$ / CWT,"HOGS - PRICE RECEIVED, MEASURED IN $ / CWT",TOTAL,NOT SPECIFIED,NATIONAL,,99,US,US TOTAL,,,,,,,,0,,,9000,UNITED STATES,US TOTAL,2003,MONTHLY,4,4,APR,,2012-01-01 00:00:00.000,34.8,
SURVEY,ANIMALS & PRODUCTS,LIVESTOCK,HOGS,ALL CLASSES,ALL PRODUCTION PRACTICES,ALL UTILIZATION PRACTICES,PRICE RECEIVED,$ / CWT,"HOGS - PRICE RECEIVED, MEASURED IN $ / CWT",TOTAL,NOT SPECIFIED,NATIONAL,,99,US,US TOTAL,,,,,,,,0,,,9000,UNITED STATES,US TOTAL,2003,MONTHLY,5,5,MAY,,2012-01-01 00:00:00.000,41.3,
SURVEY,ANIMALS & PRODUCTS,LIVESTOCK,HOGS,ALL CLASSES,ALL PRODUCTION PRACTICES,ALL UTILIZATION PRACTICES,PRICE RECEIVED,$ / CWT,"HOGS - PRICE RECEIVED, MEASURED IN $ / CWT",TOTAL,NOT SPECIFIED,NATIONAL,,99,US,US TOTAL,,,,,,,,0,,,9000,UNITED STATES,US TOTAL,2003,MONTHLY,6,6,JUN,,2012-01-01 00:00:00.000,45.0,
SURVEY,ANIMALS & PRODUCTS,LIVESTOCK,HOGS,ALL CLASSES,ALL PRODUCTION PRACTICES,ALL UTILIZATION PRACTICES,PRICE RECEIVED,$ / CWT,"HOGS - PRICE RECEIVED, MEASURED IN $ / CWT",TOTAL,NOT SPECIFIED,NATIONAL,,99,US,US TOTAL,,,,,,,,0,,,9000,UNITED STATES,US TOTAL,2003,MONTHLY,7,7,JUL,,2012-01-01 00:00:00.000,42.7,
SURVEY,ANIMALS & PRODUCTS,LIVESTOCK,HOGS,ALL CLASSES,ALL PRODUCTION PRACTICES,ALL UTILIZATION PRACTICES,PRICE RECEIVED,$ / CWT,"HOGS - PRICE RECEIVED, MEASURED IN $ / CWT",TOTAL,NOT SPECIFIED,NATIONAL,,99,US,US TOTAL,,,,,,,,0,,,9000,UNITED STATES,US TOTAL,2003,MONTHLY,8,8,AUG,,2012-01-01 00:00:00.000,39.6,
SURVEY,ANIMALS & PRODUCTS,LIVESTOCK,HOGS,ALL CLASSES,ALL PRODUCTION PRACTICES,ALL UTILIZATION PRACTICES,PRICE RECEIVED,$ / CWT,"HOGS - PRICE RECEIVED, MEASURED IN $ / CWT",TOTAL,NOT SPECIFIED,NATIONAL,,99,US,US TOTAL,,,,,,,,0,,,9000,UNITED STATES,US TOTAL,2003,MONTHLY,9,9,SEP,,2012-01-01 00:00:00.000,39.7,
SURVEY,ANIMALS & PRODUCTS,LIVESTOCK,HOGS,ALL CLASSES,ALL PRODUCTION PRACTICES,ALL UTILIZATION PRACTICES,PRICE RECEIVED,$ / CWT,"HOGS - PRICE RECEIVED, MEASURED IN $ / CWT",TOTAL,NOT SPECIFIED,NATIONAL,,99,US,US TOTAL,,,,,,,,0,,,9000,UNITED STATES,US TOTAL,2003,MONTHLY,10,10,OCT,,2012-01-01 00:00:00.000,36.7,
SURVEY,ANIMALS & PRODUCTS,LIVESTOCK,HOGS,ALL CLASSES,ALL PRODUCTION PRACTICES,ALL UTILIZATION PRACTICES,PRICE RECEIVED,$ / CWT,"HOGS - PRICE RECEIVED, MEASURED IN $ / CWT",TOTAL,NOT SPECIFIED,NATIONAL,,99,US,US TOTAL,,,,,,,,0,,,9000,UNITED STATES,US TOTAL,2003,MONTHLY,11,11,NOV,,2012-01-01 00:00:00.000,34.7,
SURVEY,ANIMALS & PRODUCTS,LIVESTOCK,HOGS,ALL CLASSES,ALL PRODUCTION PRACTICES,ALL UTILIZATION PRACTICES,PRICE RECEIVED,$ / CWT,"HOGS - PRICE RECEIVED, MEASURED IN $ / CWT",TOTAL,NOT SPECIFIED,NATIONAL,,99,US,US TOTAL,,,,,,,,0,,,9000,UNITED STATES,US TOTAL,2003,MONTHLY,12,12,DEC,,2012-01-01 00:00:00.000,34.1,
SURVEY,ANIMALS & PRODUCTS,LIVESTOCK,HOGS,ALL CLASSES,ALL PRODUCTION PRACTICES,ALL UTILIZATION PRACTICES,PRICE RECEIVED,$ / CWT,"HOGS - PRICE RECEIVED, MEASURED IN $ / CWT",TOTAL,NOT SPECIFIED,NATIONAL,,99,US,US TOTAL,,,,,,,,0,,,9000,UNITED STATES,US TOTAL,2002,ANNUAL,0,0,YEAR,,2013-07-15 14:43:36.000,33.4,
SURVEY,ANIMALS & PRODUCTS,LIVESTOCK,HOGS,ALL CLASSES,ALL PRODUCTION PRACTICES,ALL UTILIZATION PRACTICES,PRICE RECEIVED,$ / CWT,"HOGS - PRICE RECEIVED, MEASURED IN $ / CWT",TOTAL,NOT SPECIFIED,NATIONAL,,99,US,US TOTAL,,,,,,,,0,,,9000,UNITED STATES,US TOTAL,2002,MONTHLY,1,1,JAN,,2012-01-01 00:00:00.000,37.6,
SURVEY,ANIMALS & PRODUCTS,LIVESTOCK,HOGS,ALL CLASSES,ALL PRODUCTION PRACTICES,ALL UTILIZATION PRACTICES,PRICE RECEIVED,$ / CWT,"HOGS - PRICE RECEIVED, MEASURED IN $ / CWT",TOTAL,NOT SPECIFIED,NATIONAL,,99,US,US TOTAL,,,,,,,,0,,,9000,UNITED STATES,US TOTAL,2002,MONTHLY,2,2,FEB,,2012-01-01 00:00:00.000,38.5,
SURVEY,ANIMALS & PRODUCTS,LIVESTOCK,HOGS,ALL CLASSES,ALL PRODUCTION PRACTICES,ALL UTILIZATION PRACTICES,PRICE RECEIVED,$ / CWT,"HOGS - PRICE RECEIVED, MEASURED IN $ / CWT",TOTAL,NOT SPECIFIED,NATIONAL,,99,US,US TOTAL,,,,,,,,0,,,9000,UNITED STATES,US TOTAL,2002,MONTHLY,3,3,MAR,,2012-01-01 00:00:00.000,36.0,
SURVEY,ANIMALS & PRODUCTS,LIVESTOCK,HOGS,ALL CLASSES,ALL PRODUCTION PRACTICES,ALL UTILIZATION PRACTICES,PRICE RECEIVED,$ / CWT,"HOGS - PRICE RECEIVED, MEASURED IN $ / CWT",TOTAL,NOT SPECIFIED,NATIONAL,,99,US,US TOTAL,,,,,,,,0,,,9000,UNITED STATES,US TOTAL,2002,MONTHLY,4,4,APR,,2012-01-01 00:00:00.000,31.7,
SURVEY,ANIMALS & PRODUCTS,LIVESTOCK,HOGS,ALL CLASSES,ALL PRODUCTION PRACTICES,ALL UTILIZATION PRACTICES,PRICE RECEIVED,$ / CWT,"HOGS - PRICE RECEIVED, MEASURED IN $ / CWT",TOTAL,NOT SPECIFIED,NATIONAL,,99,US,US TOTAL,,,,,,,,0,,,9000,UNITED STATES,US TOTAL,2002,MONTHLY,5,5,MAY,,2012-01-01 00:00:00.000,33.2,
SURVEY,ANIMALS & PRODUCTS,LIVESTOCK,HOGS,ALL CLASSES,ALL PRODUCTION PRACTICES,ALL UTILIZATION PRACTICES,PRICE RECEIVED,$ / CWT,"HOGS - PRICE RECEIVED, MEASURED IN $ / CWT",TOTAL,NOT SPECIFIED,NATIONAL,,99,US,US TOTAL,,,,,,,,0,,,9000,UNITED STATES,US TOTAL,2002,MONTHLY,6,6,JUN,,2012-01-01 00:00:00.000,35.8,
SURVEY,ANIMALS & PRODUCTS,LIVESTOCK,HOGS,ALL CLASSES,ALL PRODUCTION PRACTICES,ALL UTILIZATION PRACTICES,PRICE RECEIVED,$ / CWT,"HOGS - PRICE RECEIVED, MEASURED IN $ / CWT",TOTAL,NOT SPECIFIED,NATIONAL,,99,US,US TOTAL,,,,,,,,0,,,9000,UNITED STATES,US TOTAL,2002,MONTHLY,7,7,JUL,,2012-01-01 00:00:00.000,39.2,
SURVEY,ANIMALS & PRODUCTS,LIVESTOCK,HOGS,ALL CLASSES,ALL PRODUCTION PRACTICES,ALL UTILIZATION PRACTICES,PRICE RECEIVED,$ / CWT,"HOGS - PRICE RECEIVED, MEASURED IN $ / CWT",TOTAL,NOT SPECIFIED,NATIONAL,,99,US,US TOTAL,,,,,,,,0,,,9000,UNITED STATES,US TOTAL,2002,MONTHLY,8,8,AUG,,2012-01-01 00:00:00.000,31.9,
SURVEY,ANIMALS & PRODUCTS,LIVESTOCK,HOGS,ALL CLASSES,ALL PRODUCTION PRACTICES,ALL UTILIZATION PRACTICES,PRICE RECEIVED,$ / CWT,"HOGS - PRICE RECEIVED, MEASURED IN $ / CWT",TOTAL,NOT SPECIFIED,NATIONAL,,99,US,US TOTAL,,,,,,,,0,,,9000,UNITED STATES,US TOTAL,2002,MONTHLY,9,9,SEP,,2012-01-01 00:00:00.000,26.5,
SURVEY,ANIMALS & PRODUCTS,LIVESTOCK,HOGS,ALL CLASSES,ALL PRODUCTION PRACTICES,ALL UTILIZATION PRACTICES,PRICE RECEIVED,$ / CWT,"HOGS - PRICE RECEIVED, MEASURED IN $ / CWT",TOTAL,NOT SPECIFIED,NATIONAL,,99,US,US TOTAL,,,,,,,,0,,,9000,UNITED STATES,US TOTAL,2002,MONTHLY,10,10,OCT,,2012-01-01 00:00:00.000,30.8,
SURVEY,ANIMALS & PRODUCTS,LIVESTOCK,HOGS,ALL CLASSES,ALL PRODUCTION PRACTICES,ALL UTILIZATION PRACTICES,PRICE RECEIVED,$ / CWT,"HOGS - PRICE RECEIVED, MEASURED IN $ / CWT",TOTAL,NOT SPECIFIED,NATIONAL,,99,US,US TOTAL,,,,,,,,0,,,9000,UNITED STATES,US TOTAL,2002,MONTHLY,11,11,NOV,,2012-01-01 00:00:00.000,27.8,
SURVEY,ANIMALS & PRODUCTS,LIVESTOCK,HOGS,ALL CLASSES,ALL PRODUCTION PRACTICES,ALL UTILIZATION PRACTICES,PRICE RECEIVED,$ / CWT,"HOGS - PRICE RECEIVED, MEASURED IN $ / CWT",TOTAL,NOT SPECIFIED,NATIONAL,,99,US,US TOTAL,,,,,,,,0,,,9000,UNITED STATES,US TOTAL,2002,MONTHLY,12,12,DEC,,2012-01-01 00:00:00.000,30.3,
SURVEY,ANIMALS & PRODUCTS,LIVESTOCK,HOGS,ALL CLASSES,ALL PRODUCTION PRACTICES,ALL UTILIZATION PRACTICES,PRICE RECEIVED,$ / CWT,"HOGS - PRICE RECEIVED, MEASURED IN $ / CWT",TOTAL,NOT SPECIFIED,NATIONAL,,99,US,US TOTAL,,,,,,,,0,,,9000,UNITED STATES,US TOTAL,2001,ANNUAL,0,0,YEAR,,2012-01-01 00:00:00.000,44.4,
SURVEY,ANIMALS & PRODUCTS,LIVESTOCK,HOGS,ALL CLASSES,ALL PRODUCTION PRACTICES,ALL UTILIZATION PRACTICES,PRICE RECEIVED,$ / CWT,"HOGS - PRICE RECEIVED, MEASURED IN $ / CWT",TOTAL,NOT SPECIFIED,NATIONAL,,99,US,US TOTAL,,,,,,,,0,,,9000,UNITED STATES,US TOTAL,2001,MONTHLY,1,1,JAN,,2012-01-01 00:00:00.000,37.2,
SURVEY,ANIMALS & PRODUCTS,LIVESTOCK,HOGS,ALL CLASSES,ALL PRODUCTION PRACTICES,ALL UTILIZATION PRACTICES,PRICE RECEIVED,$ / CWT,"HOGS - PRICE RECEIVED, MEASURED IN $ / CWT",TOTAL,NOT SPECIFIED,NATIONAL,,99,US,US TOTAL,,,,,,,,0,,,9000,UNITED STATES,US TOTAL,2001,MONTHLY,2,2,FEB,,2012-01-01 00:00:00.000,39.2,
SURVEY,ANIMALS & PRODUCTS,LIVESTOCK,HOGS,ALL CLASSES,ALL PRODUCTION PRACTICES,ALL UTILIZATION PRACTICES,PRICE RECEIVED,$ / CWT,"HOGS - PRICE RECEIVED, MEASURED IN $ / CWT",TOTAL,NOT SPECIFIED,NATIONAL,,99,US,US TOTAL,,,,,,,,0,,,9000,UNITED STATES,US TOTAL,2001,MONTHLY,3,3,MAR,,2012-01-01 00:00:00.000,45.9,
SURVEY,ANIMALS & PRODUCTS,LIVESTOCK,HOGS,ALL CLASSES,ALL PRODUCTION PRACTICES,ALL UTILIZATION PRACTICES,PRICE RECEIVED,$ / CWT,"HOGS - PRICE RECEIVED, MEASURED IN $ / CWT",TOTAL,NOT SPECIFIED,NATIONAL,,99,US,US TOTAL,,,,,,,,0,,,9000,UNITED STATES,US TOTAL,2001,MONTHLY,4,4,APR,,2012-01-01 00:00:00.000,47.8,
SURVEY,ANIMALS & PRODUCTS,LIVESTOCK,HOGS,ALL CLASSES,ALL PRODUCTION PRACTICES,ALL UTILIZATION PRACTICES,PRICE RECEIVED,$ / CWT,"HOGS - PRICE RECEIVED, MEASURED IN $ / CWT",TOTAL,NOT SPECIFIED,NATIONAL,,99,US,US TOTAL,,,,,,,,0,,,9000,UNITED STATES,US TOTAL,2001,MONTHLY,5,5,MAY,,2012-01-01 00:00:00.000,50.4,
SURVEY,ANIMALS & PRODUCTS,LIVESTOCK,HOGS,ALL CLASSES,ALL PRODUCTION PRACTICES,ALL UTILIZATION PRACTICES,PRICE RECEIVED,$ / CWT,"HOGS - PRICE RECEIVED, MEASURED IN $ / CWT",TOTAL,NOT SPECIFIED,NATIONAL,,99,US,US TOTAL,,,,,,,,0,,,9000,UNITED STATES,US TOTAL,2001,MONTHLY,6,6,JUN,,2012-01-01 00:00:00.000,52.2,
SURVEY,ANIMALS & PRODUCTS,LIVESTOCK,HOGS,ALL CLASSES,ALL PRODUCTION PRACTICES,ALL UTILIZATION PRACTICES,PRICE RECEIVED,$ / CWT,"HOGS - PRICE RECEIVED, MEASURED IN $ / CWT",TOTAL,NOT SPECIFIED,NATIONAL,,99,US,US TOTAL,,,,,,,,0,,,9000,UNITED STATES,US TOTAL,2001,MONTHLY,7,7,JUL,,2012-01-01 00:00:00.000,51.7,
SURVEY,ANIMALS & PRODUCTS,LIVESTOCK,HOGS,ALL CLASSES,ALL PRODUCTION PRACTICES,ALL UTILIZATION PRACTICES,PRICE RECEIVED,$ / CWT,"HOGS - PRICE RECEIVED, MEASURED IN $ / CWT",TOTAL,NOT SPECIFIED,NATIONAL,,99,US,US TOTAL,,,,,,,,0,,,9000,UNITED STATES,US TOTAL,2001,MONTHLY,8,8,AUG,,2012-01-01 00:00:00.000,50.8,
SURVEY,ANIMALS & PRODUCTS,LIVESTOCK,HOGS,ALL CLASSES,ALL PRODUCTION PRACTICES,ALL UTILIZATION PRACTICES,PRICE RECEIVED,$ / CWT,"HOGS - PRICE RECEIVED, MEASURED IN $ / CWT",TOTAL,NOT SPECIFIED,NATIONAL,,99,US,US TOTAL,,,,,,,,0,,,9000,UNITED STATES,US TOTAL,2001,MONTHLY,9,9,SEP,,2012-01-01 00:00:00.000,45.2,
SURVEY,ANIMALS & PRODUCTS,LIVESTOCK,HOGS,ALL CLASSES,ALL PRODUCTION PRACTICES,ALL UTILIZATION PRACTICES,PRICE RECEIVED,$ / CWT,"HOGS - PRICE RECEIVED, MEASURED IN $ / CWT",TOTAL,NOT SPECIFIED,NATIONAL,,99,US,US TOTAL,,,,,,,,0,,,9000,UNITED STATES,US TOTAL,2001,MONTHLY,10,10,OCT,,2012-01-01 00:00:00.000,40.2,
SURVEY,ANIMALS & PRODUCTS,LIVESTOCK,HOGS,ALL CLASSES,ALL PRODUCTION PRACTICES,ALL UTILIZATION PRACTICES,PRICE RECEIVED,$ / CWT,"HOGS - PRICE RECEIVED, MEASURED IN $ / CWT",TOTAL,NOT SPECIFIED,NATIONAL,,99,US,US TOTAL,,,,,,,,0,,,9000,UNITED STATES,US TOTAL,2001,MONTHLY,11,11,NOV,,2012-01-01 00:00:00.000,35.0,
SURVEY,ANIMALS & PRODUCTS,LIVESTOCK,HOGS,ALL CLASSES,ALL PRODUCTION PRACTICES,ALL UTILIZATION PRACTICES,PRICE RECEIVED,$ / CWT,"HOGS - PRICE RECEIVED, MEASURED IN $ / CWT",TOTAL,NOT SPECIFIED,NATIONAL,,99,US,US TOTAL,,,,,,,,0,,,9000,UNITED STATES,US TOTAL,2001,MONTHLY,12,12,DEC,,2012-01-01 00:00:00.000,33.3,
SURVEY,ANIMALS & PRODUCTS,LIVESTOCK,HOGS,ALL CLASSES,ALL PRODUCTION PRACTICES,ALL UTILIZATION PRACTICES,PRICE RECEIVED,$ / CWT,"HOGS - PRICE RECEIVED, MEASURED IN $ / CWT",TOTAL,NOT SPECIFIED,NATIONAL,,99,US,US TOTAL,,,,,,,,0,,,9000,UNITED STATES,US TOTAL,2000,ANNUAL,0,0,YEAR,,2012-01-01 00:00:00.000,42.3,
SURVEY,ANIMALS & PRODUCTS,LIVESTOCK,HOGS,ALL CLASSES,ALL PRODUCTION PRACTICES,ALL UTILIZATION PRACTICES,PRICE RECEIVED,$ / CWT,"HOGS - PRICE RECEIVED, MEASURED IN $ / CWT",TOTAL,NOT SPECIFIED,NATIONAL,,99,US,US TOTAL,,,,,,,,0,,,9000,UNITED STATES,US TOTAL,2000,MONTHLY,1,1,JAN,,2012-01-01 00:00:00.000,36.8,
SURVEY,ANIMALS & PRODUCTS,LIVESTOCK,HOGS,ALL CLASSES,ALL PRODUCTION PRACTICES,ALL UTILIZATION PRACTICES,PRICE RECEIVED,$ / CWT,"HOGS - PRICE RECEIVED, MEASURED IN $ / CWT",TOTAL,NOT SPECIFIED,NATIONAL,,99,US,US TOTAL,,,,,,,,0,,,9000,UNITED STATES,US TOTAL,2000,MONTHLY,2,2,FEB,,2012-01-01 00:00:00.000,39.9,
SURVEY,ANIMALS & PRODUCTS,LIVESTOCK,HOGS,ALL CLASSES,ALL PRODUCTION PRACTICES,ALL UTILIZATION PRACTICES,PRICE RECEIVED,$ / CWT,"HOGS - PRICE RECEIVED, MEASURED IN $ / CWT",TOTAL,NOT SPECIFIED,NATIONAL,,99,US,US TOTAL,,,,,,,,0,,,9000,UNITED STATES,US TOTAL,2000,MONTHLY,3,3,MAR,,2012-01-01 00:00:00.000,41.7,
SURVEY,ANIMALS & PRODUCTS,LIVESTOCK,HOGS,ALL CLASSES,ALL PRODUCTION PRACTICES,ALL UTILIZATION PRACTICES,PRICE RECEIVED,$ / CWT,"HOGS - PRICE RECEIVED, MEASURED IN $ / CWT",TOTAL,NOT SPECIFIED,NATIONAL,,99,US,US TOTAL,,,,,,,,0,,,9000,UNITED STATES,US TOTAL,2000,MONTHLY,4,4,APR,,2012-01-01 00:00:00.000,47.4,
SURVEY,ANIMALS & PRODUCTS,LIVESTOCK,HOGS,ALL CLASSES,ALL PRODUCTION PRACTICES,ALL UTILIZATION PRACTICES,PRICE RECEIVED,$ / CWT,"HOGS - PRICE RECEIVED, MEASURED IN $ / CWT",TOTAL,NOT SPECIFIED,NATIONAL,,99,US,US TOTAL,,,,,,,,0,,,9000,UNITED STATES,US TOTAL,2000,MONTHLY,5,5,MAY,,2012-01-01 00:00:00.000,48.3,
SURVEY,ANIMALS & PRODUCTS,LIVESTOCK,HOGS,ALL CLASSES,ALL PRODUCTION PRACTICES,ALL UTILIZATION PRACTICES,PRICE RECEIVED,$ / CWT,"HOGS - PRICE RECEIVED, MEASURED IN $ / CWT",TOTAL,NOT SPECIFIED,NATIONAL,,99,US,US TOTAL,,,,,,,,0,,,9000,UNITED STATES,US TOTAL,2000,MONTHLY,6,6,JUN,,2012-01-01 00:00:00.000,48.9,
SURVEY,ANIMALS & PRODUCTS,LIVESTOCK,HOGS,ALL CLASSES,ALL PRODUCTION PRACTICES,ALL UTILIZATION PRACTICES,PRICE RECEIVED,$ / CWT,"HOGS - PRICE RECEIVED, MEASURED IN $ / CWT",TOTAL,NOT SPECIFIED,NATIONAL,,99,US,US TOTAL,,,,,,,,0,,,9000,UNITED STATES,US TOTAL,2000,MONTHLY,7,7,JUL,,2012-01-01 00:00:00.000,48.3,
SURVEY,ANIMALS & PRODUCTS,LIVESTOCK,HOGS,ALL CLASSES,ALL PRODUCTION PRACTICES,ALL UTILIZATION PRACTICES,PRICE RECEIVED,$ / CWT,"HOGS - PRICE RECEIVED, MEASURED IN $ / CWT",TOTAL,NOT SPECIFIED,NATIONAL,,99,US,US TOTAL,,,,,,,,0,,,9000,UNITED STATES,US TOTAL,2000,MONTHLY,8,8,AUG,,2012-01-01 00:00:00.000,43.8,
SURVEY,ANIMALS & PRODUCTS,LIVESTOCK,HOGS,ALL CLASSES,ALL PRODUCTION PRACTICES,ALL UTILIZATION PRACTICES,PRICE RECEIVED,$ / CWT,"HOGS - PRICE RECEIVED, MEASURED IN $ / CWT",TOTAL,NOT SPECIFIED,NATIONAL,,99,US,US TOTAL,,,,,,,,0,,,9000,UNITED STATES,US TOTAL,2000,MONTHLY,9,9,SEP,,2012-01-01 00:00:00.000,41.6,
SURVEY,ANIMALS & PRODUCTS,LIVESTOCK,HOGS,ALL CLASSES,ALL PRODUCTION PRACTICES,ALL UTILIZATION PRACTICES,PRICE RECEIVED,$ / CWT,"HOGS - PRICE RECEIVED, MEASURED IN $ / CWT",TOTAL,NOT SPECIFIED,NATIONAL,,99,US,US TOTAL,,,,,,,,0,,,9000,UNITED STATES,US TOTAL,2000,MONTHLY,10,10,OCT,,2012-01-01 00:00:00.000,41.4,
SURVEY,ANIMALS & PRODUCTS,LIVESTOCK,HOGS,ALL CLASSES,ALL PRODUCTION PRACTICES,ALL UTILIZATION PRACTICES,PRICE RECEIVED,$ / CWT,"HOGS - PRICE RECEIVED, MEASURED IN $ / CWT",TOTAL,NOT SPECIFIED,NATIONAL,,99,US,US TOTAL,,,,,,,,0,,,9000,UNITED STATES,US TOTAL,2000,MONTHLY,11,11,NOV,,2012-01-01 00:00:00.000,36.8,
SURVEY,ANIMALS & PRODUCTS,LIVESTOCK,HOGS,ALL CLASSES,ALL PRODUCTION PRACTICES,ALL UTILIZATION PRACTICES,PRICE RECEIVED,$ / CWT,"HOGS - PRICE RECEIVED, MEASURED IN $ / CWT",TOTAL,NOT SPECIFIED,NATIONAL,,99,US,US TOTAL,,,,,,,,0,,,9000,UNITED STATES,US TOTAL,2000,MONTHLY,12,12,DEC,,2012-01-01 00:00:00.000,39.7,
SURVEY,ANIMALS & PRODUCTS,LIVESTOCK,HOGS,ALL CLASSES,ALL PRODUCTION PRACTICES,ALL UTILIZATION PRACTICES,PRICE RECEIVED,$ / CWT,"HOGS - PRICE RECEIVED, MEASURED IN $ / CWT",TOTAL,NOT SPECIFIED,NATIONAL,,99,US,US TOTAL,,,,,,,,0,,,9000,UNITED STATES,US TOTAL,1999,ANNUAL,0,0,YEAR,,2012-01-01 00:00:00.000,30.3,
SURVEY,ANIMALS & PRODUCTS,LIVESTOCK,HOGS,ALL CLASSES,ALL PRODUCTION PRACTICES,ALL UTILIZATION PRACTICES,PRICE RECEIVED,$ / CWT,"HOGS - PRICE RECEIVED, MEASURED IN $ / CWT",TOTAL,NOT SPECIFIED,NATIONAL,,99,US,US TOTAL,,,,,,,,0,,,9000,UNITED STATES,US TOTAL,1999,MONTHLY,1,1,JAN,,2012-01-01 00:00:00.000,26.5,
SURVEY,ANIMALS & PRODUCTS,LIVESTOCK,HOGS,ALL CLASSES,ALL PRODUCTION PRACTICES,ALL UTILIZATION PRACTICES,PRICE RECEIVED,$ / CWT,"HOGS - PRICE RECEIVED, MEASURED IN $ / CWT",TOTAL,NOT SPECIFIED,NATIONAL,,99,US,US TOTAL,,,,,,,,0,,,9000,UNITED STATES,US TOTAL,1999,MONTHLY,2,2,FEB,,2012-01-01 00:00:00.000,27.7,
SURVEY,ANIMALS & PRODUCTS,LIVESTOCK,HOGS,ALL CLASSES,ALL PRODUCTION PRACTICES,ALL UTILIZATION PRACTICES,PRICE RECEIVED,$ / CWT,"HOGS - PRICE RECEIVED, MEASURED IN $ / CWT",TOTAL,NOT SPECIFIED,NATIONAL,,99,US,US TOTAL,,,,,,,,0,,,9000,UNITED STATES,US TOTAL,1999,MONTHLY,3,3,MAR,,2012-01-01 00:00:00.000,28.0,
SURVEY,ANIMALS & PRODUCTS,LIVESTOCK,HOGS,ALL CLASSES,ALL PRODUCTION PRACTICES,ALL UTILIZATION PRACTICES,PRICE RECEIVED,$ / CWT,"HOGS - PRICE RECEIVED, MEASURED IN $ / CWT",TOTAL,NOT SPECIFIED,NATIONAL,,99,US,US TOTAL,,,,,,,,0,,,9000,UNITED STATES,US TOTAL,1999,MONTHLY,4,4,APR,,2012-01-01 00:00:00.000,30.1,
SURVEY,ANIMALS & PRODUCTS,LIVESTOCK,HOGS,ALL CLASSES,ALL PRODUCTION PRACTICES,ALL UTILIZATION PRACTICES,PRICE RECEIVED,$ / CWT,"HOGS - PRICE RECEIVED, MEASURED IN $ / CWT",TOTAL,NOT SPECIFIED,NATIONAL,,99,US,US TOTAL,,,,,,,,0,,,9000,UNITED STATES,US TOTAL,1999,MONTHLY,5,5,MAY,,2012-01-01 00:00:00.000,36.6,
SURVEY,ANIMALS & PRODUCTS,LIVESTOCK,HOGS,ALL CLASSES,ALL PRODUCTION PRACTICES,ALL UTILIZATION PRACTICES,PRICE RECEIVED,$ / CWT,"HOGS - PRICE RECEIVED, MEASURED IN $ / CWT",TOTAL,NOT SPECIFIED,NATIONAL,,99,US,US TOTAL,,,,,,,,0,,,9000,UNITED STATES,US TOTAL,1999,MONTHLY,6,6,JUN,,2012-01-01 00:00:00.000,34.1,
SURVEY,ANIMALS & PRODUCTS,LIVESTOCK,HOGS,ALL CLASSES,ALL PRODUCTION PRACTICES,ALL UTILIZATION PRACTICES,PRICE RECEIVED,$ / CWT,"HOGS - PRICE RECEIVED, MEASURED IN $ / CWT",TOTAL,NOT SPECIFIED,NATIONAL,,99,US,US TOTAL,,,,,,,,0,,,9000,UNITED STATES,US TOTAL,1999,MONTHLY,7,7,JUL,,2012-01-01 00:00:00.000,31.6,
SURVEY,ANIMALS & PRODUCTS,LIVESTOCK,HOGS,ALL CLASSES,ALL PRODUCTION PRACTICES,ALL UTILIZATION PRACTICES,PRICE RECEIVED,$ / CWT,"HOGS - PRICE RECEIVED, MEASURED IN $ / CWT",TOTAL,NOT SPECIFIED,NATIONAL,,99,US,US TOTAL,,,,,,,,0,,,9000,UNITED STATES,US TOTAL,1999,MONTHLY,8,8,AUG,,2012-01-01 00:00:00.000,36.2,
SURVEY,ANIMALS & PRODUCTS,LIVESTOCK,HOGS,ALL CLASSES,ALL PRODUCTION PRACTICES,ALL UTILIZATION PRACTICES,PRICE RECEIVED,$ / CWT,"HOGS - PRICE RECEIVED, MEASURED IN $ / CWT",TOTAL,NOT SPECIFIED,NATIONAL,,99,US,US TOTAL,,,,,,,,0,,,9000,UNITED STATES,US TOTAL,1999,MONTHLY,9,9,SEP,,2012-01-01 00:00:00.000,33.9,
SURVEY,ANIMALS & PRODUCTS,LIVESTOCK,HOGS,ALL CLASSES,ALL PRODUCTION PRACTICES,ALL UTILIZATION PRACTICES,PRICE RECEIVED,$ / CWT,"HOGS - PRICE RECEIVED, MEASURED IN $ / CWT",TOTAL,NOT SPECIFIED,NATIONAL,,99,US,US TOTAL,,,,,,,,0,,,9000,UNITED STATES,US TOTAL,1999,MONTHLY,10,10,OCT,,2012-01-01 00:00:00.000,34.2,
SURVEY,ANIMALS & PRODUCTS,LIVESTOCK,HOGS,ALL CLASSES,ALL PRODUCTION PRACTICES,ALL UTILIZATION PRACTICES,PRICE RECEIVED,$ / CWT,"HOGS - PRICE RECEIVED, MEASURED IN $ / CWT",TOTAL,NOT SPECIFIED,NATIONAL,,99,US,US TOTAL,,,,,,,,0,,,9000,UNITED STATES,US TOTAL,1999,MONTHLY,11,11,NOV,,2012-01-01 00:00:00.000,33.4,
SURVEY,ANIMALS & PRODUCTS,LIVESTOCK,HOGS,ALL CLASSES,ALL PRODUCTION PRACTICES,ALL UTILIZATION PRACTICES,PRICE RECEIVED,$ / CWT,"HOGS - PRICE RECEIVED, MEASURED IN $ / CWT",TOTAL,NOT SPECIFIED,NATIONAL,,99,US,US TOTAL,,,,,,,,0,,,9000,UNITED STATES,US TOTAL,1999,MONTHLY,12,12,DEC,,2012-01-01 00:00:00.000,35.7,
SURVEY,ANIMALS & PRODUCTS,LIVESTOCK,HOGS,ALL CLASSES,ALL PRODUCTION PRACTICES,ALL UTILIZATION PRACTICES,PRICE RECEIVED,$ / CWT,"HOGS - PRICE RECEIVED, MEASURED IN $ / CWT",TOTAL,NOT SPECIFIED,NATIONAL,,99,US,US TOTAL,,,,,,,,0,,,9000,UNITED STATES,US TOTAL,1998,ANNUAL,0,0,YEAR,,2012-01-01 00:00:00.000,34.4,
SURVEY,ANIMALS & PRODUCTS,LIVESTOCK,HOGS,ALL CLASSES,ALL PRODUCTION PRACTICES,ALL UTILIZATION PRACTICES,PRICE RECEIVED,$ / CWT,"HOGS - PRICE RECEIVED, MEASURED IN $ / CWT",TOTAL,NOT SPECIFIED,NATIONAL,,99,US,US TOTAL,,,,,,,,0,,,9000,UNITED STATES,US TOTAL,1998,MONTHLY,1,1,JAN,,2012-01-01 00:00:00.000,36.0,
SURVEY,ANIMALS & PRODUCTS,LIVESTOCK,HOGS,ALL CLASSES,ALL PRODUCTION PRACTICES,ALL UTILIZATION PRACTICES,PRICE RECEIVED,$ / CWT,"HOGS - PRICE RECEIVED, MEASURED IN $ / CWT",TOTAL,NOT SPECIFIED,NATIONAL,,99,US,US TOTAL,,,,,,,,0,,,9000,UNITED STATES,US TOTAL,1998,MONTHLY,2,2,FEB,,2012-01-01 00:00:00.000,35.9,
SURVEY,ANIMALS & PRODUCTS,LIVESTOCK,HOGS,ALL CLASSES,ALL PRODUCTION PRACTICES,ALL UTILIZATION PRACTICES,PRICE RECEIVED,$ / CWT,"HOGS - PRICE RECEIVED, MEASURED IN $ / CWT",TOTAL,NOT SPECIFIED,NATIONAL,,99,US,US TOTAL,,,,,,,,0,,,9000,UNITED STATES,US TOTAL,1998,MONTHLY,3,3,MAR,,2012-01-01 00:00:00.000,34.9,
SURVEY,ANIMALS & PRODUCTS,LIVESTOCK,HOGS,ALL CLASSES,ALL PRODUCTION PRACTICES,ALL UTILIZATION PRACTICES,PRICE RECEIVED,$ / CWT,"HOGS - PRICE RECEIVED, MEASURED IN $ / CWT",TOTAL,NOT SPECIFIED,NATIONAL,,99,US,US TOTAL,,,,,,,,0,,,9000,UNITED STATES,US TOTAL,1998,MONTHLY,4,4,APR,,2012-01-01 00:00:00.000,35.6,
SURVEY,ANIMALS & PRODUCTS,LIVESTOCK,HOGS,ALL CLASSES,ALL PRODUCTION PRACTICES,ALL UTILIZATION PRACTICES,PRICE RECEIVED,$ / CWT,"HOGS - PRICE RECEIVED, MEASURED IN $ / CWT",TOTAL,NOT SPECIFIED,NATIONAL,,99,US,US TOTAL,,,,,,,,0,,,9000,UNITED STATES,US TOTAL,1998,MONTHLY,5,5,MAY,,2012-01-01 00:00:00.000,42.4,
SURVEY,ANIMALS & PRODUCTS,LIVESTOCK,HOGS,ALL CLASSES,ALL PRODUCTION PRACTICES,ALL UTILIZATION PRACTICES,PRICE RECEIVED,$ / CWT,"HOGS - PRICE RECEIVED, MEASURED IN $ / CWT",TOTAL,NOT SPECIFIED,NATIONAL,,99,US,US TOTAL,,,,,,,,0,,,9000,UNITED STATES,US TOTAL,1998,MONTHLY,6,6,JUN,,2012-01-01 00:00:00.000,42.5,
SURVEY,ANIMALS & PRODUCTS,LIVESTOCK,HOGS,ALL CLASSES,ALL PRODUCTION PRACTICES,ALL UTILIZATION PRACTICES,PRICE RECEIVED,$ / CWT,"HOGS - PRICE RECEIVED, MEASURED IN $ / CWT",TOTAL,NOT SPECIFIED,NATIONAL,,99,US,US TOTAL,,,,,,,,0,,,9000,UNITED STATES,US TOTAL,1998,MONTHLY,7,7,JUL,,2012-01-01 00:00:00.000,36.9,
SURVEY,ANIMALS & PRODUCTS,LIVESTOCK,HOGS,ALL CLASSES,ALL PRODUCTION PRACTICES,ALL UTILIZATION PRACTICES,PRICE RECEIVED,$ / CWT,"HOGS - PRICE RECEIVED, MEASURED IN $ / CWT",TOTAL,NOT SPECIFIED,NATIONAL,,99,US,US TOTAL,,,,,,,,0,,,9000,UNITED STATES,US TOTAL,1998,MONTHLY,8,8,AUG,,2012-01-01 00:00:00.000,35.2,
SURVEY,ANIMALS & PRODUCTS,LIVESTOCK,HOGS,ALL CLASSES,ALL PRODUCTION PRACTICES,ALL UTILIZATION PRACTICES,PRICE RECEIVED,$ / CWT,"HOGS - PRICE RECEIVED, MEASURED IN $ / CWT",TOTAL,NOT SPECIFIED,NATIONAL,,99,US,US TOTAL,,,,,,,,0,,,9000,UNITED STATES,US TOTAL,1998,MONTHLY,9,9,SEP,,2012-01-01 00:00:00.000,29.5,
SURVEY,ANIMALS & PRODUCTS,LIVESTOCK,HOGS,ALL CLASSES,ALL PRODUCTION PRACTICES,ALL UTILIZATION PRACTICES,PRICE RECEIVED,$ / CWT,"HOGS - PRICE RECEIVED, MEASURED IN $ / CWT",TOTAL,NOT SPECIFIED,NATIONAL,,99,US,US TOTAL,,,,,,,,0,,,9000,UNITED STATES,US TOTAL,1998,MONTHLY,10,10,OCT,,2012-01-01 00:00:00.000,27.8,
SURVEY,ANIMALS & PRODUCTS,LIVESTOCK,HOGS,ALL CLASSES,ALL PRODUCTION PRACTICES,ALL UTILIZATION PRACTICES,PRICE RECEIVED,$ / CWT,"HOGS - PRICE RECEIVED, MEASURED IN $ / CWT",TOTAL,NOT SPECIFIED,NATIONAL,,99,US,US TOTAL,,,,,,,,0,,,9000,UNITED STATES,US TOTAL,1998,MONTHLY,11,11,NOV,,2012-01-01 00:00:00.000,18.9,
SURVEY,ANIMALS & PRODUCTS,LIVESTOCK,HOGS,ALL CLASSES,ALL PRODUCTION PRACTICES,ALL UTILIZATION PRACTICES,PRICE RECEIVED,$ / CWT,"HOGS - PRICE RECEIVED, MEASURED IN $ / CWT",TOTAL,NOT SPECIFIED,NATIONAL,,99,US,US TOTAL,,,,,,,,0,,,9000,UNITED STATES,US TOTAL,1998,MONTHLY,12,12,DEC,,2012-01-01 00:00:00.000,15.0,
SURVEY,ANIMALS & PRODUCTS,LIVESTOCK,HOGS,ALL CLASSES,ALL PRODUCTION PRACTICES,ALL UTILIZATION PRACTICES,PRICE RECEIVED,$ / CWT,"HOGS - PRICE RECEIVED, MEASURED IN $ / CWT",TOTAL,NOT SPECIFIED,NATIONAL,,99,US,US TOTAL,,,,,,,,0,,,9000,UNITED STATES,US TOTAL,1997,ANNUAL,0,0,YEAR,,2012-01-01 00:00:00.000,52.9,
SURVEY,ANIMALS & PRODUCTS,LIVESTOCK,HOGS,ALL CLASSES,ALL PRODUCTION PRACTICES,ALL UTILIZATION PRACTICES,PRICE RECEIVED,$ / CWT,"HOGS - PRICE RECEIVED, MEASURED IN $ / CWT",TOTAL,NOT SPECIFIED,NATIONAL,,99,US,US TOTAL,,,,,,,,0,,,9000,UNITED STATES,US TOTAL,1997,MONTHLY,1,1,JAN,,2012-01-01 00:00:00.000,53.8,
SURVEY,ANIMALS & PRODUCTS,LIVESTOCK,HOGS,ALL CLASSES,ALL PRODUCTION PRACTICES,ALL UTILIZATION PRACTICES,PRICE RECEIVED,$ / CWT,"HOGS - PRICE RECEIVED, MEASURED IN $ / CWT",TOTAL,NOT SPECIFIED,NATIONAL,,99,US,US TOTAL,,,,,,,,0,,,9000,UNITED STATES,US TOTAL,1997,MONTHLY,2,2,FEB,,2012-01-01 00:00:00.000,52.8,
SURVEY,ANIMALS & PRODUCTS,LIVESTOCK,HOGS,ALL CLASSES,ALL PRODUCTION PRACTICES,ALL UTILIZATION PRACTICES,PRICE RECEIVED,$ / CWT,"HOGS - PRICE RECEIVED, MEASURED IN $ / CWT",TOTAL,NOT SPECIFIED,NATIONAL,,99,US,US TOTAL,,,,,,,,0,,,9000,UNITED STATES,US TOTAL,1997,MONTHLY,3,3,MAR,,2012-01-01 00:00:00.000,49.4,
SURVEY,ANIMALS & PRODUCTS,LIVESTOCK,HOGS,ALL CLASSES,ALL PRODUCTION PRACTICES,ALL UTILIZATION PRACTICES,PRICE RECEIVED,$ / CWT,"HOGS - PRICE RECEIVED, MEASURED IN $ / CWT",TOTAL,NOT SPECIFIED,NATIONAL,,99,US,US TOTAL,,,,,,,,0,,,9000,UNITED STATES,US TOTAL,1997,MONTHLY,4,4,APR,,2012-01-01 00:00:00.000,53.8,
SURVEY,ANIMALS & PRODUCTS,LIVESTOCK,HOGS,ALL CLASSES,ALL PRODUCTION PRACTICES,ALL UTILIZATION PRACTICES,PRICE RECEIVED,$ / CWT,"HOGS - PRICE RECEIVED, MEASURED IN $ / CWT",TOTAL,NOT SPECIFIED,NATIONAL,,99,US,US TOTAL,,,,,,,,0,,,9000,UNITED STATES,US TOTAL,1997,MONTHLY,5,5,MAY,,2012-01-01 00:00:00.000,58.2,
SURVEY,ANIMALS & PRODUCTS,LIVESTOCK,HOGS,ALL CLASSES,ALL PRODUCTION PRACTICES,ALL UTILIZATION PRACTICES,PRICE RECEIVED,$ / CWT,"HOGS - PRICE RECEIVED, MEASURED IN $ / CWT",TOTAL,NOT SPECIFIED,NATIONAL,,99,US,US TOTAL,,,,,,,,0,,,9000,UNITED STATES,US TOTAL,1997,MONTHLY,6,6,JUN,,2012-01-01 00:00:00.000,57.8,
SURVEY,ANIMALS & PRODUCTS,LIVESTOCK,HOGS,ALL CLASSES,ALL PRODUCTION PRACTICES,ALL UTILIZATION PRACTICES,PRICE RECEIVED,$ / CWT,"HOGS - PRICE RECEIVED, MEASURED IN $ / CWT",TOTAL,NOT SPECIFIED,NATIONAL,,99,US,US TOTAL,,,,,,,,0,,,9000,UNITED STATES,US TOTAL,1997,MONTHLY,7,7,JUL,,2012-01-01 00:00:00.000,58.9,
SURVEY,ANIMALS & PRODUCTS,LIVESTOCK,HOGS,ALL CLASSES,ALL PRODUCTION PRACTICES,ALL UTILIZATION PRACTICES,PRICE RECEIVED,$ / CWT,"HOGS - PRICE RECEIVED, MEASURED IN $ / CWT",TOTAL,NOT SPECIFIED,NATIONAL,,99,US,US TOTAL,,,,,,,,0,,,9000,UNITED STATES,US TOTAL,1997,MONTHLY,8,8,AUG,,2012-01-01 00:00:00.000,55.3,
SURVEY,ANIMALS & PRODUCTS,LIVESTOCK,HOGS,ALL CLASSES,ALL PRODUCTION PRACTICES,ALL UTILIZATION PRACTICES,PRICE RECEIVED,$ / CWT,"HOGS - PRICE RECEIVED, MEASURED IN $ / CWT",TOTAL,NOT SPECIFIED,NATIONAL,,99,US,US TOTAL,,,,,,,,0,,,9000,UNITED STATES,US TOTAL,1997,MONTHLY,9,9,SEP,,2012-01-01 00:00:00.000,50.4,
SURVEY,ANIMALS & PRODUCTS,LIVESTOCK,HOGS,ALL CLASSES,ALL PRODUCTION PRACTICES,ALL UTILIZATION PRACTICES,PRICE RECEIVED,$ / CWT,"HOGS - PRICE RECEIVED, MEASURED IN $ / CWT",TOTAL,NOT SPECIFIED,NATIONAL,,99,US,US TOTAL,,,,,,,,0,,,9000,UNITED STATES,US TOTAL,1997,MONTHLY,10,10,OCT,,2012-01-01 00:00:00.000,47.3,
SURVEY,ANIMALS & PRODUCTS,LIVESTOCK,HOGS,ALL CLASSES,ALL PRODUCTION PRACTICES,ALL UTILIZATION PRACTICES,PRICE RECEIVED,$ / CWT,"HOGS - PRICE RECEIVED, MEASURED IN $ / CWT",TOTAL,NOT SPECIFIED,NATIONAL,,99,US,US TOTAL,,,,,,,,0,,,9000,UNITED STATES,US TOTAL,1997,MONTHLY,11,11,NOV,,2012-01-01 00:00:00.000,45.1,
SURVEY,ANIMALS & PRODUCTS,LIVESTOCK,HOGS,ALL CLASSES,ALL PRODUCTION PRACTICES,ALL UTILIZATION PRACTICES,PRICE RECEIVED,$ / CWT,"HOGS - PRICE RECEIVED, MEASURED IN $ / CWT",TOTAL,NOT SPECIFIED,NATIONAL,,99,US,US TOTAL,,,,,,,,0,,,9000,UNITED STATES,US TOTAL,1997,MONTHLY,12,12,DEC,,2012-01-01 00:00:00.000,41.6,
SURVEY,ANIMALS & PRODUCTS,LIVESTOCK,HOGS,ALL CLASSES,ALL PRODUCTION PRACTICES,ALL UTILIZATION PRACTICES,PRICE RECEIVED,$ / CWT,"HOGS - PRICE RECEIVED, MEASURED IN $ / CWT",TOTAL,NOT SPECIFIED,NATIONAL,,99,US,US TOTAL,,,,,,,,0,,,9000,UNITED STATES,US TOTAL,1996,ANNUAL,0,0,YEAR,,2012-01-01 00:00:00.000,51.9,
SURVEY,ANIMALS & PRODUCTS,LIVESTOCK,HOGS,ALL CLASSES,ALL PRODUCTION PRACTICES,ALL UTILIZATION PRACTICES,PRICE RECEIVED,$ / CWT,"HOGS - PRICE RECEIVED, MEASURED IN $ / CWT",TOTAL,NOT SPECIFIED,NATIONAL,,99,US,US TOTAL,,,,,,,,0,,,9000,UNITED STATES,US TOTAL,1996,MONTHLY,1,1,JAN,,2012-01-01 00:00:00.000,42.6,
SURVEY,ANIMALS & PRODUCTS,LIVESTOCK,HOGS,ALL CLASSES,ALL PRODUCTION PRACTICES,ALL UTILIZATION PRACTICES,PRICE RECEIVED,$ / CWT,"HOGS - PRICE RECEIVED, MEASURED IN $ / CWT",TOTAL,NOT SPECIFIED,NATIONAL,,99,US,US TOTAL,,,,,,,,0,,,9000,UNITED STATES,US TOTAL,1996,MONTHLY,2,2,FEB,,2012-01-01 00:00:00.000,46.5,
SURVEY,ANIMALS & PRODUCTS,LIVESTOCK,HOGS,ALL CLASSES,ALL PRODUCTION PRACTICES,ALL UTILIZATION PRACTICES,PRICE RECEIVED,$ / CWT,"HOGS - PRICE RECEIVED, MEASURED IN $ / CWT",TOTAL,NOT SPECIFIED,NATIONAL,,99,US,US TOTAL,,,,,,,,0,,,9000,UNITED STATES,US TOTAL,1996,MONTHLY,3,3,MAR,,2012-01-01 00:00:00.000,48.7,
SURVEY,ANIMALS & PRODUCTS,LIVESTOCK,HOGS,ALL CLASSES,ALL PRODUCTION PRACTICES,ALL UTILIZATION PRACTICES,PRICE RECEIVED,$ / CWT,"HOGS - PRICE RECEIVED, MEASURED IN $ / CWT",TOTAL,NOT SPECIFIED,NATIONAL,,99,US,US TOTAL,,,,,,,,0,,,9000,UNITED STATES,US TOTAL,1996,MONTHLY,4,4,APR,,2012-01-01 00:00:00.000,49.7,
SURVEY,ANIMALS & PRODUCTS,LIVESTOCK,HOGS,ALL CLASSES,ALL PRODUCTION PRACTICES,ALL UTILIZATION PRACTICES,PRICE RECEIVED,$ / CWT,"HOGS - PRICE RECEIVED, MEASURED IN $ / CWT",TOTAL,NOT SPECIFIED,NATIONAL,,99,US,US TOTAL,,,,,,,,0,,,9000,UNITED STATES,US TOTAL,1996,MONTHLY,5,5,MAY,,2012-01-01 00:00:00.000,56.8,
SURVEY,ANIMALS & PRODUCTS,LIVESTOCK,HOGS,ALL CLASSES,ALL PRODUCTION PRACTICES,ALL UTILIZATION PRACTICES,PRICE RECEIVED,$ / CWT,"HOGS - PRICE RECEIVED, MEASURED IN $ / CWT",TOTAL,NOT SPECIFIED,NATIONAL,,99,US,US TOTAL,,,,,,,,0,,,9000,UNITED STATES,US TOTAL,1996,MONTHLY,6,6,JUN,,2012-01-01 00:00:00.000,56.4,
SURVEY,ANIMALS & PRODUCTS,LIVESTOCK,HOGS,ALL CLASSES,ALL PRODUCTION PRACTICES,ALL UTILIZATION PRACTICES,PRICE RECEIVED,$ / CWT,"HOGS - PRICE RECEIVED, MEASURED IN $ / CWT",TOTAL,NOT SPECIFIED,NATIONAL,,99,US,US TOTAL,,,,,,,,0,,,9000,UNITED STATES,US TOTAL,1996,MONTHLY,7,7,JUL,,2012-01-01 00:00:00.000,58.6,
SURVEY,ANIMALS & PRODUCTS,LIVESTOCK,HOGS,ALL CLASSES,ALL PRODUCTION PRACTICES,ALL UTILIZATION PRACTICES,PRICE RECEIVED,$ / CWT,"HOGS - PRICE RECEIVED, MEASURED IN $ / CWT",TOTAL,NOT SPECIFIED,NATIONAL,,99,US,US TOTAL,,,,,,,,0,,,9000,UNITED STATES,US TOTAL,1996,MONTHLY,8,8,AUG,,2012-01-01 00:00:00.000,59.7,
SURVEY,ANIMALS & PRODUCTS,LIVESTOCK,HOGS,ALL CLASSES,ALL PRODUCTION PRACTICES,ALL UTILIZATION PRACTICES,PRICE RECEIVED,$ / CWT,"HOGS - PRICE RECEIVED, MEASURED IN $ / CWT",TOTAL,NOT SPECIFIED,NATIONAL,,99,US,US TOTAL,,,,,,,,0,,,9000,UNITED STATES,US TOTAL,1996,MONTHLY,9,9,SEP,,2012-01-01 00:00:00.000,54.7,
SURVEY,ANIMALS & PRODUCTS,LIVESTOCK,HOGS,ALL CLASSES,ALL PRODUCTION PRACTICES,ALL UTILIZATION PRACTICES,PRICE RECEIVED,$ / CWT,"HOGS - PRICE RECEIVED, MEASURED IN $ / CWT",TOTAL,NOT SPECIFIED,NATIONAL,,99,US,US TOTAL,,,,,,,,0,,,9000,UNITED STATES,US TOTAL,1996,MONTHLY,10,10,OCT,,2012-01-01 00:00:00.000,55.6,
SURVEY,ANIMALS & PRODUCTS,LIVESTOCK,HOGS,ALL CLASSES,ALL PRODUCTION PRACTICES,ALL UTILIZATION PRACTICES,PRICE RECEIVED,$ / CWT,"HOGS - PRICE RECEIVED, MEASURED IN $ / CWT",TOTAL,NOT SPECIFIED,NATIONAL,,99,US,US TOTAL,,,,,,,,0,,,9000,UNITED STATES,US TOTAL,1996,MONTHLY,11,11,NOV,,2012-01-01 00:00:00.000,54.4,
SURVEY,ANIMALS & PRODUCTS,LIVESTOCK,HOGS,ALL CLASSES,ALL PRODUCTION PRACTICES,ALL UTILIZATION PRACTICES,PRICE RECEIVED,$ / CWT,"HOGS - PRICE RECEIVED, MEASURED IN $ / CWT",TOTAL,NOT SPECIFIED,NATIONAL,,99,US,US TOTAL,,,,,,,,0,,,9000,UNITED STATES,US TOTAL,1996,MONTHLY,12,12,DEC,,2012-01-01 00:00:00.000,55.6,
SURVEY,ANIMALS & PRODUCTS,LIVESTOCK,HOGS,ALL CLASSES,ALL PRODUCTION PRACTICES,ALL UTILIZATION PRACTICES,PRICE RECEIVED,$ / CWT,"HOGS - PRICE RECEIVED, MEASURED IN $ / CWT",TOTAL,NOT SPECIFIED,NATIONAL,,99,US,US TOTAL,,,,,,,,0,,,9000,UNITED STATES,US TOTAL,1995,ANNUAL,0,0,YEAR,,2012-01-01 00:00:00.000,40.5,
SURVEY,ANIMALS & PRODUCTS,LIVESTOCK,HOGS,ALL CLASSES,ALL PRODUCTION PRACTICES,ALL UTILIZATION PRACTICES,PRICE RECEIVED,$ / CWT,"HOGS - PRICE RECEIVED, MEASURED IN $ / CWT",TOTAL,NOT SPECIFIED,NATIONAL,,99,US,US TOTAL,,,,,,,,0,,,9000,UNITED STATES,US TOTAL,1995,MONTHLY,1,1,JAN,,2012-01-01 00:00:00.000,36.8,
SURVEY,ANIMALS & PRODUCTS,LIVESTOCK,HOGS,ALL CLASSES,ALL PRODUCTION PRACTICES,ALL UTILIZATION PRACTICES,PRICE RECEIVED,$ / CWT,"HOGS - PRICE RECEIVED, MEASURED IN $ / CWT",TOTAL,NOT SPECIFIED,NATIONAL,,99,US,US TOTAL,,,,,,,,0,,,9000,UNITED STATES,US TOTAL,1995,MONTHLY,2,2,FEB,,2012-01-01 00:00:00.000,39.1,
SURVEY,ANIMALS & PRODUCTS,LIVESTOCK,HOGS,ALL CLASSES,ALL PRODUCTION PRACTICES,ALL UTILIZATION PRACTICES,PRICE RECEIVED,$ / CWT,"HOGS - PRICE RECEIVED, MEASURED IN $ / CWT",TOTAL,NOT SPECIFIED,NATIONAL,,99,US,US TOTAL,,,,,,,,0,,,9000,UNITED STATES,US TOTAL,1995,MONTHLY,3,3,MAR,,2012-01-01 00:00:00.000,37.8,
SURVEY,ANIMALS & PRODUCTS,LIVESTOCK,HOGS,ALL CLASSES,ALL PRODUCTION PRACTICES,ALL UTILIZATION PRACTICES,PRICE RECEIVED,$ / CWT,"HOGS - PRICE RECEIVED, MEASURED IN $ / CWT",TOTAL,NOT SPECIFIED,NATIONAL,,99,US,US TOTAL,,,,,,,,0,,,9000,UNITED STATES,US TOTAL,1995,MONTHLY,4,4,APR,,2012-01-01 00:00:00.000,35.6,
SURVEY,ANIMALS & PRODUCTS,LIVESTOCK,HOGS,ALL CLASSES,ALL PRODUCTION PRACTICES,ALL UTILIZATION PRACTICES,PRICE RECEIVED,$ / CWT,"HOGS - PRICE RECEIVED, MEASURED IN $ / CWT",TOTAL,NOT SPECIFIED,NATIONAL,,99,US,US TOTAL,,,,,,,,0,,,9000,UNITED STATES,US TOTAL,1995,MONTHLY,5,5,MAY,,2012-01-01 00:00:00.000,37.1,
SURVEY,ANIMALS & PRODUCTS,LIVESTOCK,HOGS,ALL CLASSES,ALL PRODUCTION PRACTICES,ALL UTILIZATION PRACTICES,PRICE RECEIVED,$ / CWT,"HOGS - PRICE RECEIVED, MEASURED IN $ / CWT",TOTAL,NOT SPECIFIED,NATIONAL,,99,US,US TOTAL,,,,,,,,0,,,9000,UNITED STATES,US TOTAL,1995,MONTHLY,6,6,JUN,,2012-01-01 00:00:00.000,42.2,
SURVEY,ANIMALS & PRODUCTS,LIVESTOCK,HOGS,ALL CLASSES,ALL PRODUCTION PRACTICES,ALL UTILIZATION PRACTICES,PRICE RECEIVED,$ / CWT,"HOGS - PRICE RECEIVED, MEASURED IN $ / CWT",TOTAL,NOT SPECIFIED,NATIONAL,,99,US,US TOTAL,,,,,,,,0,,,9000,UNITED STATES,US TOTAL,1995,MONTHLY,7,7,JUL,,2012-01-01 00:00:00.000,46.3,
SURVEY,ANIMALS & PRODUCTS,LIVESTOCK,HOGS,ALL CLASSES,ALL PRODUCTION PRACTICES,ALL UTILIZATION PRACTICES,PRICE RECEIVED,$ / CWT,"HOGS - PRICE RECEIVED, MEASURED IN $ / CWT",TOTAL,NOT SPECIFIED,NATIONAL,,99,US,US TOTAL,,,,,,,,0,,,9000,UNITED STATES,US TOTAL,1995,MONTHLY,8,8,AUG,,2012-01-01 00:00:00.000,48.6,
SURVEY,ANIMALS & PRODUCTS,LIVESTOCK,HOGS,ALL CLASSES,ALL PRODUCTION PRACTICES,ALL UTILIZATION PRACTICES,PRICE RECEIVED,$ / CWT,"HOGS - PRICE RECEIVED, MEASURED IN $ / CWT",TOTAL,NOT SPECIFIED,NATIONAL,,99,US,US TOTAL,,,,,,,,0,,,9000,UNITED STATES,US TOTAL,1995,MONTHLY,9,9,SEP,,2012-01-01 00:00:00.000,48.4,
SURVEY,ANIMALS & PRODUCTS,LIVESTOCK,HOGS,ALL CLASSES,ALL PRODUCTION PRACTICES,ALL UTILIZATION PRACTICES,PRICE RECEIVED,$ / CWT,"HOGS - PRICE RECEIVED, MEASURED IN $ / CWT",TOTAL,NOT SPECIFIED,NATIONAL,,99,US,US TOTAL,,,,,,,,0,,,9000,UNITED STATES,US TOTAL,1995,MONTHLY,10,10,OCT,,2012-01-01 00:00:00.000,45.7,
SURVEY,ANIMALS & PRODUCTS,LIVESTOCK,HOGS,ALL CLASSES,ALL PRODUCTION PRACTICES,ALL UTILIZATION PRACTICES,PRICE RECEIVED,$ / CWT,"HOGS - PRICE RECEIVED, MEASURED IN $ / CWT",TOTAL,NOT SPECIFIED,NATIONAL,,99,US,US TOTAL,,,,,,,,0,,,9000,UNITED STATES,US TOTAL,1995,MONTHLY,11,11,NOV,,2012-01-01 00:00:00.000,39.9,
SURVEY,ANIMALS & PRODUCTS,LIVESTOCK,HOGS,ALL CLASSES,ALL PRODUCTION PRACTICES,ALL UTILIZATION PRACTICES,PRICE RECEIVED,$ / CWT,"HOGS - PRICE RECEIVED, MEASURED IN $ / CWT",TOTAL,NOT SPECIFIED,NATIONAL,,99,US,US TOTAL,,,,,,,,0,,,9000,UNITED STATES,US TOTAL,1995,MONTHLY,12,12,DEC,,2012-01-01 00:00:00.000,43.5,
SURVEY,ANIMALS & PRODUCTS,LIVESTOCK,HOGS,ALL CLASSES,ALL PRODUCTION PRACTICES,ALL UTILIZATION PRACTICES,PRICE RECEIVED,$ / CWT,"HOGS - PRICE RECEIVED, MEASURED IN $ / CWT",TOTAL,NOT SPECIFIED,NATIONAL,,99,US,US TOTAL,,,,,,,,0,,,9000,UNITED STATES,US TOTAL,1994,ANNUAL,0,0,YEAR,,2012-01-01 00:00:00.000,39.9,
SURVEY,ANIMALS & PRODUCTS,LIVESTOCK,HOGS,ALL CLASSES,ALL PRODUCTION PRACTICES,ALL UTILIZATION PRACTICES,PRICE RECEIVED,$ / CWT,"HOGS - PRICE RECEIVED, MEASURED IN $ / CWT",TOTAL,NOT SPECIFIED,NATIONAL,,99,US,US TOTAL,,,,,,,,0,,,9000,UNITED STATES,US TOTAL,1994,MONTHLY,1,1,JAN,,2012-01-01 00:00:00.000,43.5,
SURVEY,ANIMALS & PRODUCTS,LIVESTOCK,HOGS,ALL CLASSES,ALL PRODUCTION PRACTICES,ALL UTILIZATION PRACTICES,PRICE RECEIVED,$ / CWT,"HOGS - PRICE RECEIVED, MEASURED IN $ / CWT",TOTAL,NOT SPECIFIED,NATIONAL,,99,US,US TOTAL,,,,,,,,0,,,9000,UNITED STATES,US TOTAL,1994,MONTHLY,2,2,FEB,,2012-01-01 00:00:00.000,47.9,
SURVEY,ANIMALS & PRODUCTS,LIVESTOCK,HOGS,ALL CLASSES,ALL PRODUCTION PRACTICES,ALL UTILIZATION PRACTICES,PRICE RECEIVED,$ / CWT,"HOGS - PRICE RECEIVED, MEASURED IN $ / CWT",TOTAL,NOT SPECIFIED,NATIONAL,,99,US,US TOTAL,,,,,,,,0,,,9000,UNITED STATES,US TOTAL,1994,MONTHLY,3,3,MAR,,2012-01-01 00:00:00.000,44.4,
SURVEY,ANIMALS & PRODUCTS,LIVESTOCK,HOGS,ALL CLASSES,ALL PRODUCTION PRACTICES,ALL UTILIZATION PRACTICES,PRICE RECEIVED,$ / CWT,"HOGS - PRICE RECEIVED, MEASURED IN $ / CWT",TOTAL,NOT SPECIFIED,NATIONAL,,99,US,US TOTAL,,,,,,,,0,,,9000,UNITED STATES,US TOTAL,1994,MONTHLY,4,4,APR,,2012-01-01 00:00:00.000,42.7,
SURVEY,ANIMALS & PRODUCTS,LIVESTOCK,HOGS,ALL CLASSES,ALL PRODUCTION PRACTICES,ALL UTILIZATION PRACTICES,PRICE RECEIVED,$ / CWT,"HOGS - PRICE RECEIVED, MEASURED IN $ / CWT",TOTAL,NOT SPECIFIED,NATIONAL,,99,US,US TOTAL,,,,,,,,0,,,9000,UNITED STATES,US TOTAL,1994,MONTHLY,5,5,MAY,,2012-01-01 00:00:00.000,42.7,
SURVEY,ANIMALS & PRODUCTS,LIVESTOCK,HOGS,ALL CLASSES,ALL PRODUCTION PRACTICES,ALL UTILIZATION PRACTICES,PRICE RECEIVED,$ / CWT,"HOGS - PRICE RECEIVED, MEASURED IN $ / CWT",TOTAL,NOT SPECIFIED,NATIONAL,,99,US,US TOTAL,,,,,,,,0,,,9000,UNITED STATES,US TOTAL,1994,MONTHLY,6,6,JUN,,2012-01-01 00:00:00.000,42.7,
SURVEY,ANIMALS & PRODUCTS,LIVESTOCK,HOGS,ALL CLASSES,ALL PRODUCTION PRACTICES,ALL UTILIZATION PRACTICES,PRICE RECEIVED,$ / CWT,"HOGS - PRICE RECEIVED, MEASURED IN $ / CWT",TOTAL,NOT SPECIFIED,NATIONAL,,99,US,US TOTAL,,,,,,,,0,,,9000,UNITED STATES,US TOTAL,1994,MONTHLY,7,7,JUL,,2012-01-01 00:00:00.000,42.2,
SURVEY,ANIMALS & PRODUCTS,LIVESTOCK,HOGS,ALL CLASSES,ALL PRODUCTION PRACTICES,ALL UTILIZATION PRACTICES,PRICE RECEIVED,$ / CWT,"HOGS - PRICE RECEIVED, MEASURED IN $ / CWT",TOTAL,NOT SPECIFIED,NATIONAL,,99,US,US TOTAL,,,,,,,,0,,,9000,UNITED STATES,US TOTAL,1994,MONTHLY,8,8,AUG,,2012-01-01 00:00:00.000,41.8,
SURVEY,ANIMALS & PRODUCTS,LIVESTOCK,HOGS,ALL CLASSES,ALL PRODUCTION PRACTICES,ALL UTILIZATION PRACTICES,PRICE RECEIVED,$ / CWT,"HOGS - PRICE RECEIVED, MEASURED IN $ / CWT",TOTAL,NOT SPECIFIED,NATIONAL,,99,US,US TOTAL,,,,,,,,0,,,9000,UNITED STATES,US TOTAL,1994,MONTHLY,9,9,SEP,,2012-01-01 00:00:00.000,35.4,
SURVEY,ANIMALS & PRODUCTS,LIVESTOCK,HOGS,ALL CLASSES,ALL PRODUCTION PRACTICES,ALL UTILIZATION PRACTICES,PRICE RECEIVED,$ / CWT,"HOGS - PRICE RECEIVED, MEASURED IN $ / CWT",TOTAL,NOT SPECIFIED,NATIONAL,,99,US,US TOTAL,,,,,,,,0,,,9000,UNITED STATES,US TOTAL,1994,MONTHLY,10,10,OCT,,2012-01-01 00:00:00.000,31.8,
SURVEY,ANIMALS & PRODUCTS,LIVESTOCK,HOGS,ALL CLASSES,ALL PRODUCTION PRACTICES,ALL UTILIZATION PRACTICES,PRICE RECEIVED,$ / CWT,"HOGS - PRICE RECEIVED, MEASURED IN $ / CWT",TOTAL,NOT SPECIFIED,NATIONAL,,99,US,US TOTAL,,,,,,,,0,,,9000,UNITED STATES,US TOTAL,1994,MONTHLY,11,11,NOV,,2012-01-01 00:00:00.000,28.0,
SURVEY,ANIMALS & PRODUCTS,LIVESTOCK,HOGS,ALL CLASSES,ALL PRODUCTION PRACTICES,ALL UTILIZATION PRACTICES,PRICE RECEIVED,$ / CWT,"HOGS - PRICE RECEIVED, MEASURED IN $ / CWT",TOTAL,NOT SPECIFIED,NATIONAL,,99,US,US TOTAL,,,,,,,,0,,,9000,UNITED STATES,US TOTAL,1994,MONTHLY,12,12,DEC,,2012-01-01 00:00:00.000,30.9,
SURVEY,ANIMALS & PRODUCTS,LIVESTOCK,HOGS,ALL CLASSES,ALL PRODUCTION PRACTICES,ALL UTILIZATION PRACTICES,PRICE RECEIVED,$ / CWT,"HOGS - PRICE RECEIVED, MEASURED IN $ / CWT",TOTAL,NOT SPECIFIED,NATIONAL,,99,US,US TOTAL,,,,,,,,0,,,9000,UNITED STATES,US TOTAL,1993,ANNUAL,0,0,YEAR,,2012-01-01 00:00:00.000,45.2,
SURVEY,ANIMALS & PRODUCTS,LIVESTOCK,HOGS,ALL CLASSES,ALL PRODUCTION PRACTICES,ALL UTILIZATION PRACTICES,PRICE RECEIVED,$ / CWT,"HOGS - PRICE RECEIVED, MEASURED IN $ / CWT",TOTAL,NOT SPECIFIED,NATIONAL,,99,US,US TOTAL,,,,,,,,0,,,9000,UNITED STATES,US TOTAL,1993,MONTHLY,1,1,JAN,,2012-01-01 00:00:00.000,41.2,
SURVEY,ANIMALS & PRODUCTS,LIVESTOCK,HOGS,ALL CLASSES,ALL PRODUCTION PRACTICES,ALL UTILIZATION PRACTICES,PRICE RECEIVED,$ / CWT,"HOGS - PRICE RECEIVED, MEASURED IN $ / CWT",TOTAL,NOT SPECIFIED,NATIONAL,,99,US,US TOTAL,,,,,,,,0,,,9000,UNITED STATES,US TOTAL,1993,MONTHLY,2,2,FEB,,2012-01-01 00:00:00.000,44.0,
SURVEY,ANIMALS & PRODUCTS,LIVESTOCK,HOGS,ALL CLASSES,ALL PRODUCTION PRACTICES,ALL UTILIZATION PRACTICES,PRICE RECEIVED,$ / CWT,"HOGS - PRICE RECEIVED, MEASURED IN $ / CWT",TOTAL,NOT SPECIFIED,NATIONAL,,99,US,US TOTAL,,,,,,,,0,,,9000,UNITED STATES,US TOTAL,1993,MONTHLY,3,3,MAR,,2012-01-01 00:00:00.000,46.5,
SURVEY,ANIMALS & PRODUCTS,LIVESTOCK,HOGS,ALL CLASSES,ALL PRODUCTION PRACTICES,ALL UTILIZATION PRACTICES,PRICE RECEIVED,$ / CWT,"HOGS - PRICE RECEIVED, MEASURED IN $ / CWT",TOTAL,NOT SPECIFIED,NATIONAL,,99,US,US TOTAL,,,,,,,,0,,,9000,UNITED STATES,US TOTAL,1993,MONTHLY,4,4,APR,,2012-01-01 00:00:00.000,45.4,
SURVEY,ANIMALS & PRODUCTS,LIVESTOCK,HOGS,ALL CLASSES,ALL PRODUCTION PRACTICES,ALL UTILIZATION PRACTICES,PRICE RECEIVED,$ / CWT,"HOGS - PRICE RECEIVED, MEASURED IN $ / CWT",TOTAL,NOT SPECIFIED,NATIONAL,,99,US,US TOTAL,,,,,,,,0,,,9000,UNITED STATES,US TOTAL,1993,MONTHLY,5,5,MAY,,2012-01-01 00:00:00.000,46.9,
SURVEY,ANIMALS & PRODUCTS,LIVESTOCK,HOGS,ALL CLASSES,ALL PRODUCTION PRACTICES,ALL UTILIZATION PRACTICES,PRICE RECEIVED,$ / CWT,"HOGS - PRICE RECEIVED, MEASURED IN $ / CWT",TOTAL,NOT SPECIFIED,NATIONAL,,99,US,US TOTAL,,,,,,,,0,,,9000,UNITED STATES,US TOTAL,1993,MONTHLY,6,6,JUN,,2012-01-01 00:00:00.000,48.1,
SURVEY,ANIMALS & PRODUCTS,LIVESTOCK,HOGS,ALL CLASSES,ALL PRODUCTION PRACTICES,ALL UTILIZATION PRACTICES,PRICE RECEIVED,$ / CWT,"HOGS - PRICE RECEIVED, MEASURED IN $ / CWT",TOTAL,NOT SPECIFIED,NATIONAL,,99,US,US TOTAL,,,,,,,,0,,,9000,UNITED STATES,US TOTAL,1993,MONTHLY,7,7,JUL,,2012-01-01 00:00:00.000,45.7,
SURVEY,ANIMALS & PRODUCTS,LIVESTOCK,HOGS,ALL CLASSES,ALL PRODUCTION PRACTICES,ALL UTILIZATION PRACTICES,PRICE RECEIVED,$ / CWT,"HOGS - PRICE RECEIVED, MEASURED IN $ / CWT",TOTAL,NOT SPECIFIED,NATIONAL,,99,US,US TOTAL,,,,,,,,0,,,9000,UNITED STATES,US TOTAL,1993,MONTHLY,8,8,AUG,,2012-01-01 00:00:00.000,47.3,
SURVEY,ANIMALS & PRODUCTS,LIVESTOCK,HOGS,ALL CLASSES,ALL PRODUCTION PRACTICES,ALL UTILIZATION PRACTICES,PRICE RECEIVED,$ / CWT,"HOGS - PRICE RECEIVED, MEASURED IN $ / CWT",TOTAL,NOT SPECIFIED,NATIONAL,,99,US,US TOTAL,,,,,,,,0,,,9000,UNITED STATES,US TOTAL,1993,MONTHLY,9,9,SEP,,2012-01-01 00:00:00.000,47.8,
SURVEY,ANIMALS & PRODUCTS,LIVESTOCK,HOGS,ALL CLASSES,ALL PRODUCTION PRACTICES,ALL UTILIZATION PRACTICES,PRICE RECEIVED,$ / CWT,"HOGS - PRICE RECEIVED, MEASURED IN $ / CWT",TOTAL,NOT SPECIFIED,NATIONAL,,99,US,US TOTAL,,,,,,,,0,,,9000,UNITED STATES,US TOTAL,1993,MONTHLY,10,10,OCT,,2012-01-01 00:00:00.000,46.9,
SURVEY,ANIMALS & PRODUCTS,LIVESTOCK,HOGS,ALL CLASSES,ALL PRODUCTION PRACTICES,ALL UTILIZATION PRACTICES,PRICE RECEIVED,$ / CWT,"HOGS - PRICE RECEIVED, MEASURED IN $ / CWT",TOTAL,NOT SPECIFIED,NATIONAL,,99,US,US TOTAL,,,,,,,,0,,,9000,UNITED STATES,US TOTAL,1993,MONTHLY,11,11,NOV,,2012-01-01 00:00:00.000,42.5,
SURVEY,ANIMALS & PRODUCTS,LIVESTOCK,HOGS,ALL CLASSES,ALL PRODUCTION PRACTICES,ALL UTILIZATION PRACTICES,PRICE RECEIVED,$ / CWT,"HOGS - PRICE RECEIVED, MEASURED IN $ / CWT",TOTAL,NOT SPECIFIED,NATIONAL,,99,US,US TOTAL,,,,,,,,0,,,9000,UNITED STATES,US TOTAL,1993,MONTHLY,12,12,DEC,,2012-01-01 00:00:00.000,40.4,
SURVEY,ANIMALS & PRODUCTS,LIVESTOCK,HOGS,ALL CLASSES,ALL PRODUCTION PRACTICES,ALL UTILIZATION PRACTICES,PRICE RECEIVED,$ / CWT,"HOGS - PRICE RECEIVED, MEASURED IN $ / CWT",TOTAL,NOT SPECIFIED,NATIONAL,,99,US,US TOTAL,,,,,,,,0,,,9000,UNITED STATES,US TOTAL,1992,ANNUAL,0,0,YEAR,,2012-01-01 00:00:00.000,41.6,
SURVEY,ANIMALS & PRODUCTS,LIVESTOCK,HOGS,ALL CLASSES,ALL PRODUCTION PRACTICES,ALL UTILIZATION PRACTICES,PRICE RECEIVED,$ / CWT,"HOGS - PRICE RECEIVED, MEASURED IN $ / CWT",TOTAL,NOT SPECIFIED,NATIONAL,,99,US,US TOTAL,,,,,,,,0,,,9000,UNITED STATES,US TOTAL,1992,MONTHLY,1,1,JAN,,2012-01-01 00:00:00.000,36.8,
SURVEY,ANIMALS & PRODUCTS,LIVESTOCK,HOGS,ALL CLASSES,ALL PRODUCTION PRACTICES,ALL UTILIZATION PRACTICES,PRICE RECEIVED,$ / CWT,"HOGS - PRICE RECEIVED, MEASURED IN $ / CWT",TOTAL,NOT SPECIFIED,NATIONAL,,99,US,US TOTAL,,,,,,,,0,,,9000,UNITED STATES,US TOTAL,1992,MONTHLY,2,2,FEB,,2012-01-01 00:00:00.000,40.2,
SURVEY,ANIMALS & PRODUCTS,LIVESTOCK,HOGS,ALL CLASSES,ALL PRODUCTION PRACTICES,ALL UTILIZATION PRACTICES,PRICE RECEIVED,$ / CWT,"HOGS - PRICE RECEIVED, MEASURED IN $ / CWT",TOTAL,NOT SPECIFIED,NATIONAL,,99,US,US TOTAL,,,,,,,,0,,,9000,UNITED STATES,US TOTAL,1992,MONTHLY,3,3,MAR,,2012-01-01 00:00:00.000,39.1,
SURVEY,ANIMALS & PRODUCTS,LIVESTOCK,HOGS,ALL CLASSES,ALL PRODUCTION PRACTICES,ALL UTILIZATION PRACTICES,PRICE RECEIVED,$ / CWT,"HOGS - PRICE RECEIVED, MEASURED IN $ / CWT",TOTAL,NOT SPECIFIED,NATIONAL,,99,US,US TOTAL,,,,,,,,0,,,9000,UNITED STATES,US TOTAL,1992,MONTHLY,4,4,APR,,2012-01-01 00:00:00.000,41.0,
SURVEY,ANIMALS & PRODUCTS,LIVESTOCK,HOGS,ALL CLASSES,ALL PRODUCTION PRACTICES,ALL UTILIZATION PRACTICES,PRICE RECEIVED,$ / CWT,"HOGS - PRICE RECEIVED, MEASURED IN $ / CWT",TOTAL,NOT SPECIFIED,NATIONAL,,99,US,US TOTAL,,,,,,,,0,,,9000,UNITED STATES,US TOTAL,1992,MONTHLY,5,5,MAY,,2012-01-01 00:00:00.000,45.1,
SURVEY,ANIMALS & PRODUCTS,LIVESTOCK,HOGS,ALL CLASSES,ALL PRODUCTION PRACTICES,ALL UTILIZATION PRACTICES,PRICE RECEIVED,$ / CWT,"HOGS - PRICE RECEIVED, MEASURED IN $ / CWT",TOTAL,NOT SPECIFIED,NATIONAL,,99,US,US TOTAL,,,,,,,,0,,,9000,UNITED STATES,US TOTAL,1992,MONTHLY,6,6,JUN,,2012-01-01 00:00:00.000,46.7,
SURVEY,ANIMALS & PRODUCTS,LIVESTOCK,HOGS,ALL CLASSES,ALL PRODUCTION PRACTICES,ALL UTILIZATION PRACTICES,PRICE RECEIVED,$ / CWT,"HOGS - PRICE RECEIVED, MEASURED IN $ / CWT",TOTAL,NOT SPECIFIED,NATIONAL,,99,US,US TOTAL,,,,,,,,0,,,9000,UNITED STATES,US TOTAL,1992,MONTHLY,7,7,JUL,,2012-01-01 00:00:00.000,44.6,
SURVEY,ANIMALS & PRODUCTS,LIVESTOCK,HOGS,ALL CLASSES,ALL PRODUCTION PRACTICES,ALL UTILIZATION PRACTICES,PRICE RECEIVED,$ / CWT,"HOGS - PRICE RECEIVED, MEASURED IN $ / CWT",TOTAL,NOT SPECIFIED,NATIONAL,,99,US,US TOTAL,,,,,,,,0,,,9000,UNITED STATES,US TOTAL,1992,MONTHLY,8,8,AUG,,2012-01-01 00:00:00.000,44.1,
SURVEY,ANIMALS & PRODUCTS,LIVESTOCK,HOGS,ALL CLASSES,ALL PRODUCTION PRACTICES,ALL UTILIZATION PRACTICES,PRICE RECEIVED,$ / CWT,"HOGS - PRICE RECEIVED, MEASURED IN $ / CWT",TOTAL,NOT SPECIFIED,NATIONAL,,99,US,US TOTAL,,,,,,,,0,,,9000,UNITED STATES,US TOTAL,1992,MONTHLY,9,9,SEP,,2012-01-01 00:00:00.000,42.1,
SURVEY,ANIMALS & PRODUCTS,LIVESTOCK,HOGS,ALL CLASSES,ALL PRODUCTION PRACTICES,ALL UTILIZATION PRACTICES,PRICE RECEIVED,$ / CWT,"HOGS - PRICE RECEIVED, MEASURED IN $ / CWT",TOTAL,NOT SPECIFIED,NATIONAL,,99,US,US TOTAL,,,,,,,,0,,,9000,UNITED STATES,US TOTAL,1992,MONTHLY,10,10,OCT,,2012-01-01 00:00:00.000,42.0,
SURVEY,ANIMALS & PRODUCTS,LIVESTOCK,HOGS,ALL CLASSES,ALL PRODUCTION PRACTICES,ALL UTILIZATION PRACTICES,PRICE RECEIVED,$ / CWT,"HOGS - PRICE RECEIVED, MEASURED IN $ / CWT",TOTAL,NOT SPECIFIED,NATIONAL,,99,US,US TOTAL,,,,,,,,0,,,9000,UNITED STATES,US TOTAL,1992,MONTHLY,11,11,NOV,,2012-01-01 00:00:00.000,41.1,
SURVEY,ANIMALS & PRODUCTS,LIVESTOCK,HOGS,ALL CLASSES,ALL PRODUCTION PRACTICES,ALL UTILIZATION PRACTICES,PRICE RECEIVED,$ / CWT,"HOGS - PRICE RECEIVED, MEASURED IN $ / CWT",TOTAL,NOT SPECIFIED,NATIONAL,,99,US,US TOTAL,,,,,,,,0,,,9000,UNITED STATES,US TOTAL,1992,MONTHLY,12,12,DEC,,2012-01-01 00:00:00.000,41.7,
SURVEY,ANIMALS & PRODUCTS,LIVESTOCK,HOGS,ALL CLASSES,ALL PRODUCTION PRACTICES,ALL UTILIZATION PRACTICES,PRICE RECEIVED,$ / CWT,"HOGS - PRICE RECEIVED, MEASURED IN $ / CWT",TOTAL,NOT SPECIFIED,NATIONAL,,99,US,US TOTAL,,,,,,,,0,,,9000,UNITED STATES,US TOTAL,1991,ANNUAL,0,0,YEAR,,2012-01-01 00:00:00.000,49.1,
SURVEY,ANIMALS & PRODUCTS,LIVESTOCK,HOGS,ALL CLASSES,ALL PRODUCTION PRACTICES,ALL UTILIZATION PRACTICES,PRICE RECEIVED,$ / CWT,"HOGS - PRICE RECEIVED, MEASURED IN $ / CWT",TOTAL,NOT SPECIFIED,NATIONAL,,99,US,US TOTAL,,,,,,,,0,,,9000,UNITED STATES,US TOTAL,1991,MONTHLY,1,1,JAN,,2012-01-01 00:00:00.000,50.0,
SURVEY,ANIMALS & PRODUCTS,LIVESTOCK,HOGS,ALL CLASSES,ALL PRODUCTION PRACTICES,ALL UTILIZATION PRACTICES,PRICE RECEIVED,$ / CWT,"HOGS - PRICE RECEIVED, MEASURED IN $ / CWT",TOTAL,NOT SPECIFIED,NATIONAL,,99,US,US TOTAL,,,,,,,,0,,,9000,UNITED STATES,US TOTAL,1991,MONTHLY,2,2,FEB,,2012-01-01 00:00:00.000,52.2,
SURVEY,ANIMALS & PRODUCTS,LIVESTOCK,HOGS,ALL CLASSES,ALL PRODUCTION PRACTICES,ALL UTILIZATION PRACTICES,PRICE RECEIVED,$ / CWT,"HOGS - PRICE RECEIVED, MEASURED IN $ / CWT",TOTAL,NOT SPECIFIED,NATIONAL,,99,US,US TOTAL,,,,,,,,0,,,9000,UNITED STATES,US TOTAL,1991,MONTHLY,3,3,MAR,,2012-01-01 00:00:00.000,51.5,
SURVEY,ANIMALS & PRODUCTS,LIVESTOCK,HOGS,ALL CLASSES,ALL PRODUCTION PRACTICES,ALL UTILIZATION PRACTICES,PRICE RECEIVED,$ / CWT,"HOGS - PRICE RECEIVED, MEASURED IN $ / CWT",TOTAL,NOT SPECIFIED,NATIONAL,,99,US,US TOTAL,,,,,,,,0,,,9000,UNITED STATES,US TOTAL,1991,MONTHLY,4,4,APR,,2012-01-01 00:00:00.000,50.9,
SURVEY,ANIMALS & PRODUCTS,LIVESTOCK,HOGS,ALL CLASSES,ALL PRODUCTION PRACTICES,ALL UTILIZATION PRACTICES,PRICE RECEIVED,$ / CWT,"HOGS - PRICE RECEIVED, MEASURED IN $ / CWT",TOTAL,NOT SPECIFIED,NATIONAL,,99,US,US TOTAL,,,,,,,,0,,,9000,UNITED STATES,US TOTAL,1991,MONTHLY,5,5,MAY,,2012-01-01 00:00:00.000,54.1,
SURVEY,ANIMALS & PRODUCTS,LIVESTOCK,HOGS,ALL CLASSES,ALL PRODUCTION PRACTICES,ALL UTILIZATION PRACTICES,PRICE RECEIVED,$ / CWT,"HOGS - PRICE RECEIVED, MEASURED IN $ / CWT",TOTAL,NOT SPECIFIED,NATIONAL,,99,US,US TOTAL,,,,,,,,0,,,9000,UNITED STATES,US TOTAL,1991,MONTHLY,6,6,JUN,,2012-01-01 00:00:00.000,54.7,
SURVEY,ANIMALS & PRODUCTS,LIVESTOCK,HOGS,ALL CLASSES,ALL PRODUCTION PRACTICES,ALL UTILIZATION PRACTICES,PRICE RECEIVED,$ / CWT,"HOGS - PRICE RECEIVED, MEASURED IN $ / CWT",TOTAL,NOT SPECIFIED,NATIONAL,,99,US,US TOTAL,,,,,,,,0,,,9000,UNITED STATES,US TOTAL,1991,MONTHLY,7,7,JUL,,2012-01-01 00:00:00.000,54.2,
SURVEY,ANIMALS & PRODUCTS,LIVESTOCK,HOGS,ALL CLASSES,ALL PRODUCTION PRACTICES,ALL UTILIZATION PRACTICES,PRICE RECEIVED,$ / CWT,"HOGS - PRICE RECEIVED, MEASURED IN $ / CWT",TOTAL,NOT SPECIFIED,NATIONAL,,99,US,US TOTAL,,,,,,,,0,,,9000,UNITED STATES,US TOTAL,1991,MONTHLY,8,8,AUG,,2012-01-01 00:00:00.000,51.2,
SURVEY,ANIMALS & PRODUCTS,LIVESTOCK,HOGS,ALL CLASSES,ALL PRODUCTION PRACTICES,ALL UTILIZATION PRACTICES,PRICE RECEIVED,$ / CWT,"HOGS - PRICE RECEIVED, MEASURED IN $ / CWT",TOTAL,NOT SPECIFIED,NATIONAL,,99,US,US TOTAL,,,,,,,,0,,,9000,UNITED STATES,US TOTAL,1991,MONTHLY,9,9,SEP,,2012-01-01 00:00:00.000,46.4,
SURVEY,ANIMALS & PRODUCTS,LIVESTOCK,HOGS,ALL CLASSES,ALL PRODUCTION PRACTICES,ALL UTILIZATION PRACTICES,PRICE RECEIVED,$ / CWT,"HOGS - PRICE RECEIVED, MEASURED IN $ / CWT",TOTAL,NOT SPECIFIED,NATIONAL,,99,US,US TOTAL,,,,,,,,0,,,9000,UNITED STATES,US TOTAL,1991,MONTHLY,10,10,OCT,,2012-01-01 00:00:00.000,43.6,
SURVEY,ANIMALS & PRODUCTS,LIVESTOCK,HOGS,ALL CLASSES,ALL PRODUCTION PRACTICES,ALL UTILIZATION PRACTICES,PRICE RECEIVED,$ / CWT,"HOGS - PRICE RECEIVED, MEASURED IN $ / CWT",TOTAL,NOT SPECIFIED,NATIONAL,,99,US,US TOTAL,,,,,,,,0,,,9000,UNITED STATES,US TOTAL,1991,MONTHLY,11,11,NOV,,2012-01-01 00:00:00.000,38.0,
SURVEY,ANIMALS & PRODUCTS,LIVESTOCK,HOGS,ALL CLASSES,ALL PRODUCTION PRACTICES,ALL UTILIZATION PRACTICES,PRICE RECEIVED,$ / CWT,"HOGS - PRICE RECEIVED, MEASURED IN $ / CWT",TOTAL,NOT SPECIFIED,NATIONAL,,99,US,US TOTAL,,,,,,,,0,,,9000,UNITED STATES,US TOTAL,1991,MONTHLY,12,12,DEC,,2012-01-01 00:00:00.000,38.6,
SURVEY,ANIMALS & PRODUCTS,LIVESTOCK,HOGS,ALL CLASSES,ALL PRODUCTION PRACTICES,ALL UTILIZATION PRACTICES,PRICE RECEIVED,$ / CWT,"HOGS - PRICE RECEIVED, MEASURED IN $ / CWT",TOTAL,NOT SPECIFIED,NATIONAL,,99,US,US TOTAL,,,,,,,,0,,,9000,UNITED STATES,US TOTAL,1990,ANNUAL,0,0,YEAR,,2012-01-01 00:00:00.000,53.7,
SURVEY,ANIMALS & PRODUCTS,LIVESTOCK,HOGS,ALL CLASSES,ALL PRODUCTION PRACTICES,ALL UTILIZATION PRACTICES,PRICE RECEIVED,$ / CWT,"HOGS - PRICE RECEIVED, MEASURED IN $ / CWT",TOTAL,NOT SPECIFIED,NATIONAL,,99,US,US TOTAL,,,,,,,,0,,,9000,UNITED STATES,US TOTAL,1990,MONTHLY,1,1,JAN,,2012-01-01 00:00:00.000,47.3,
SURVEY,ANIMALS & PRODUCTS,LIVESTOCK,HOGS,ALL CLASSES,ALL PRODUCTION PRACTICES,ALL UTILIZATION PRACTICES,PRICE RECEIVED,$ / CWT,"HOGS - PRICE RECEIVED, MEASURED IN $ / CWT",TOTAL,NOT SPECIFIED,NATIONAL,,99,US,US TOTAL,,,,,,,,0,,,9000,UNITED STATES,US TOTAL,1990,MONTHLY,2,2,FEB,,2012-01-01 00:00:00.000,48.2,
SURVEY,ANIMALS & PRODUCTS,LIVESTOCK,HOGS,ALL CLASSES,ALL PRODUCTION PRACTICES,ALL UTILIZATION PRACTICES,PRICE RECEIVED,$ / CWT,"HOGS - PRICE RECEIVED, MEASURED IN $ / CWT",TOTAL,NOT SPECIFIED,NATIONAL,,99,US,US TOTAL,,,,,,,,0,,,9000,UNITED STATES,US TOTAL,1990,MONTHLY,3,3,MAR,,2012-01-01 00:00:00.000,51.3,
SURVEY,ANIMALS & PRODUCTS,LIVESTOCK,HOGS,ALL CLASSES,ALL PRODUCTION PRACTICES,ALL UTILIZATION PRACTICES,PRICE RECEIVED,$ / CWT,"HOGS - PRICE RECEIVED, MEASURED IN $ / CWT",TOTAL,NOT SPECIFIED,NATIONAL,,99,US,US TOTAL,,,,,,,,0,,,9000,UNITED STATES,US TOTAL,1990,MONTHLY,4,4,APR,,2012-01-01 00:00:00.000,53.8,
SURVEY,ANIMALS & PRODUCTS,LIVESTOCK,HOGS,ALL CLASSES,ALL PRODUCTION PRACTICES,ALL UTILIZATION PRACTICES,PRICE RECEIVED,$ / CWT,"HOGS - PRICE RECEIVED, MEASURED IN $ / CWT",TOTAL,NOT SPECIFIED,NATIONAL,,99,US,US TOTAL,,,,,,,,0,,,9000,UNITED STATES,US TOTAL,1990,MONTHLY,5,5,MAY,,2012-01-01 00:00:00.000,61.2,
SURVEY,ANIMALS & PRODUCTS,LIVESTOCK,HOGS,ALL CLASSES,ALL PRODUCTION PRACTICES,ALL UTILIZATION PRACTICES,PRICE RECEIVED,$ / CWT,"HOGS - PRICE RECEIVED, MEASURED IN $ / CWT",TOTAL,NOT SPECIFIED,NATIONAL,,99,US,US TOTAL,,,,,,,,0,,,9000,UNITED STATES,US TOTAL,1990,MONTHLY,6,6,JUN,,2012-01-01 00:00:00.000,60.3,
SURVEY,ANIMALS & PRODUCTS,LIVESTOCK,HOGS,ALL CLASSES,ALL PRODUCTION PRACTICES,ALL UTILIZATION PRACTICES,PRICE RECEIVED,$ / CWT,"HOGS - PRICE RECEIVED, MEASURED IN $ / CWT",TOTAL,NOT SPECIFIED,NATIONAL,,99,US,US TOTAL,,,,,,,,0,,,9000,UNITED STATES,US TOTAL,1990,MONTHLY,7,7,JUL,,2012-01-01 00:00:00.000,60.8,
SURVEY,ANIMALS & PRODUCTS,LIVESTOCK,HOGS,ALL CLASSES,ALL PRODUCTION PRACTICES,ALL UTILIZATION PRACTICES,PRICE RECEIVED,$ / CWT,"HOGS - PRICE RECEIVED, MEASURED IN $ / CWT",TOTAL,NOT SPECIFIED,NATIONAL,,99,US,US TOTAL,,,,,,,,0,,,9000,UNITED STATES,US TOTAL,1990,MONTHLY,8,8,AUG,,2012-01-01 00:00:00.000,55.9,
SURVEY,ANIMALS & PRODUCTS,LIVESTOCK,HOGS,ALL CLASSES,ALL PRODUCTION PRACTICES,ALL UTILIZATION PRACTICES,PRICE RECEIVED,$ / CWT,"HOGS - PRICE RECEIVED, MEASURED IN $ / CWT",TOTAL,NOT SPECIFIED,NATIONAL,,99,US,US TOTAL,,,,,,,,0,,,9000,UNITED STATES,US TOTAL,1990,MONTHLY,9,9,SEP,,2012-01-01 00:00:00.000,54.3,
SURVEY,ANIMALS & PRODUCTS,LIVESTOCK,HOGS,ALL CLASSES,ALL PRODUCTION PRACTICES,ALL UTILIZATION PRACTICES,PRICE RECEIVED,$ / CWT,"HOGS - PRICE RECEIVED, MEASURED IN $ / CWT",TOTAL,NOT SPECIFIED,NATIONAL,,99,US,US TOTAL,,,,,,,,0,,,9000,UNITED STATES,US TOTAL,1990,MONTHLY,10,10,OCT,,2012-01-01 00:00:00.000,56.8,
SURVEY,ANIMALS & PRODUCTS,LIVESTOCK,HOGS,ALL CLASSES,ALL PRODUCTION PRACTICES,ALL UTILIZATION PRACTICES,PRICE RECEIVED,$ / CWT,"HOGS - PRICE RECEIVED, MEASURED IN $ / CWT",TOTAL,NOT SPECIFIED,NATIONAL,,99,US,US TOTAL,,,,,,,,0,,,9000,UNITED STATES,US TOTAL,1990,MONTHLY,11,11,NOV,,2012-01-01 00:00:00.000,50.2,
SURVEY,ANIMALS & PRODUCTS,LIVESTOCK,HOGS,ALL CLASSES,ALL PRODUCTION PRACTICES,ALL UTILIZATION PRACTICES,PRICE RECEIVED,$ / CWT,"HOGS - PRICE RECEIVED, MEASURED IN $ / CWT",TOTAL,NOT SPECIFIED,NATIONAL,,99,US,US TOTAL,,,,,,,,0,,,9000,UNITED STATES,US TOTAL,1990,MONTHLY,12,12,DEC,,2012-01-01 00:00:00.000,47.8,
SURVEY,ANIMALS & PRODUCTS,LIVESTOCK,HOGS,ALL CLASSES,ALL PRODUCTION PRACTICES,ALL UTILIZATION PRACTICES,PRICE RECEIVED,$ / CWT,"HOGS - PRICE RECEIVED, MEASURED IN $ / CWT",TOTAL,NOT SPECIFIED,NATIONAL,,99,US,US TOTAL,,,,,,,,0,,,9000,UNITED STATES,US TOTAL,1989,ANNUAL,0,0,YEAR,,2012-01-01 00:00:00.000,42.5,
SURVEY,ANIMALS & PRODUCTS,LIVESTOCK,HOGS,ALL CLASSES,ALL PRODUCTION PRACTICES,ALL UTILIZATION PRACTICES,PRICE RECEIVED,$ / CWT,"HOGS - PRICE RECEIVED, MEASURED IN $ / CWT",TOTAL,NOT SPECIFIED,NATIONAL,,99,US,US TOTAL,,,,,,,,0,,,9000,UNITED STATES,US TOTAL,1989,MONTHLY,1,1,JAN,,2012-01-01 00:00:00.000,40.9,
SURVEY,ANIMALS & PRODUCTS,LIVESTOCK,HOGS,ALL CLASSES,ALL PRODUCTION PRACTICES,ALL UTILIZATION PRACTICES,PRICE RECEIVED,$ / CWT,"HOGS - PRICE RECEIVED, MEASURED IN $ / CWT",TOTAL,NOT SPECIFIED,NATIONAL,,99,US,US TOTAL,,,,,,,,0,,,9000,UNITED STATES,US TOTAL,1989,MONTHLY,2,2,FEB,,2012-01-01 00:00:00.000,40.4,
SURVEY,ANIMALS & PRODUCTS,LIVESTOCK,HOGS,ALL CLASSES,ALL PRODUCTION PRACTICES,ALL UTILIZATION PRACTICES,PRICE RECEIVED,$ / CWT,"HOGS - PRICE RECEIVED, MEASURED IN $ / CWT",TOTAL,NOT SPECIFIED,NATIONAL,,99,US,US TOTAL,,,,,,,,0,,,9000,UNITED STATES,US TOTAL,1989,MONTHLY,3,3,MAR,,2012-01-01 00:00:00.000,39.3,
SURVEY,ANIMALS & PRODUCTS,LIVESTOCK,HOGS,ALL CLASSES,ALL PRODUCTION PRACTICES,ALL UTILIZATION PRACTICES,PRICE RECEIVED,$ / CWT,"HOGS - PRICE RECEIVED, MEASURED IN $ / CWT",TOTAL,NOT SPECIFIED,NATIONAL,,99,US,US TOTAL,,,,,,,,0,,,9000,UNITED STATES,US TOTAL,1989,MONTHLY,4,4,APR,,2012-01-01 00:00:00.000,36.9,
SURVEY,ANIMALS & PRODUCTS,LIVESTOCK,HOGS,ALL CLASSES,ALL PRODUCTION PRACTICES,ALL UTILIZATION PRACTICES,PRICE RECEIVED,$ / CWT,"HOGS - PRICE RECEIVED, MEASURED IN $ / CWT",TOTAL,NOT SPECIFIED,NATIONAL,,99,US,US TOTAL,,,,,,,,0,,,9000,UNITED STATES,US TOTAL,1989,MONTHLY,5,5,MAY,,2012-01-01 00:00:00.000,41.6,
SURVEY,ANIMALS & PRODUCTS,LIVESTOCK,HOGS,ALL CLASSES,ALL PRODUCTION PRACTICES,ALL UTILIZATION PRACTICES,PRICE RECEIVED,$ / CWT,"HOGS - PRICE RECEIVED, MEASURED IN $ / CWT",TOTAL,NOT SPECIFIED,NATIONAL,,99,US,US TOTAL,,,,,,,,0,,,9000,UNITED STATES,US TOTAL,1989,MONTHLY,6,6,JUN,,2012-01-01 00:00:00.000,45.1,
SURVEY,ANIMALS & PRODUCTS,LIVESTOCK,HOGS,ALL CLASSES,ALL PRODUCTION PRACTICES,ALL UTILIZATION PRACTICES,PRICE RECEIVED,$ / CWT,"HOGS - PRICE RECEIVED, MEASURED IN $ / CWT",TOTAL,NOT SPECIFIED,NATIONAL,,99,US,US TOTAL,,,,,,,,0,,,9000,UNITED STATES,US TOTAL,1989,MONTHLY,7,7,JUL,,2012-01-01 00:00:00.000,45.9,
SURVEY,ANIMALS & PRODUCTS,LIVESTOCK,HOGS,ALL CLASSES,ALL PRODUCTION PRACTICES,ALL UTILIZATION PRACTICES,PRICE RECEIVED,$ / CWT,"HOGS - PRICE RECEIVED, MEASURED IN $ / CWT",TOTAL,NOT SPECIFIED,NATIONAL,,99,US,US TOTAL,,,,,,,,0,,,9000,UNITED STATES,US TOTAL,1989,MONTHLY,8,8,AUG,,2012-01-01 00:00:00.000,45.6,
SURVEY,ANIMALS & PRODUCTS,LIVESTOCK,HOGS,ALL CLASSES,ALL PRODUCTION PRACTICES,ALL UTILIZATION PRACTICES,PRICE RECEIVED,$ / CWT,"HOGS - PRICE RECEIVED, MEASURED IN $ / CWT",TOTAL,NOT SPECIFIED,NATIONAL,,99,US,US TOTAL,,,,,,,,0,,,9000,UNITED STATES,US TOTAL,1989,MONTHLY,9,9,SEP,,2012-01-01 00:00:00.000,43.4,
SURVEY,ANIMALS & PRODUCTS,LIVESTOCK,HOGS,ALL CLASSES,ALL PRODUCTION PRACTICES,ALL UTILIZATION PRACTICES,PRICE RECEIVED,$ / CWT,"HOGS - PRICE RECEIVED, MEASURED IN $ / CWT",TOTAL,NOT SPECIFIED,NATIONAL,,99,US,US TOTAL,,,,,,,,0,,,9000,UNITED STATES,US TOTAL,1989,MONTHLY,10,10,OCT,,2012-01-01 00:00:00.000,46.6,
SURVEY,ANIMALS & PRODUCTS,LIVESTOCK,HOGS,ALL CLASSES,ALL PRODUCTION PRACTICES,ALL UTILIZATION PRACTICES,PRICE RECEIVED,$ / CWT,"HOGS - PRICE RECEIVED, MEASURED IN $ / CWT",TOTAL,NOT SPECIFIED,NATIONAL,,99,US,US TOTAL,,,,,,,,0,,,9000,UNITED STATES,US TOTAL,1989,MONTHLY,11,11,NOV,,2012-01-01 00:00:00.000,45.0,
SURVEY,ANIMALS & PRODUCTS,LIVESTOCK,HOGS,ALL CLASSES,ALL PRODUCTION PRACTICES,ALL UTILIZATION PRACTICES,PRICE RECEIVED,$ / CWT,"HOGS - PRICE RECEIVED, MEASURED IN $ / CWT",TOTAL,NOT SPECIFIED,NATIONAL,,99,US,US TOTAL,,,,,,,,0,,,9000,UNITED STATES,US TOTAL,1989,MONTHLY,12,12,DEC,,2012-01-01 00:00:00.000,48.2,
SURVEY,ANIMALS & PRODUCTS,LIVESTOCK,HOGS,ALL CLASSES,ALL PRODUCTION PRACTICES,ALL UTILIZATION PRACTICES,PRICE RECEIVED,$ / CWT,"HOGS - PRICE RECEIVED, MEASURED IN $ / CWT",TOTAL,NOT SPECIFIED,NATIONAL,,99,US,US TOTAL,,,,,,,,0,,,9000,UNITED STATES,US TOTAL,1988,ANNUAL,0,0,YEAR,,2012-01-01 00:00:00.000,42.3,
SURVEY,ANIMALS & PRODUCTS,LIVESTOCK,HOGS,ALL CLASSES,ALL PRODUCTION PRACTICES,ALL UTILIZATION PRACTICES,PRICE RECEIVED,$ / CWT,"HOGS - PRICE RECEIVED, MEASURED IN $ / CWT",TOTAL,NOT SPECIFIED,NATIONAL,,99,US,US TOTAL,,,,,,,,0,,,9000,UNITED STATES,US TOTAL,1988,MONTHLY,1,1,JAN,,2012-01-01 00:00:00.000,43.0,
SURVEY,ANIMALS & PRODUCTS,LIVESTOCK,HOGS,ALL CLASSES,ALL PRODUCTION PRACTICES,ALL UTILIZATION PRACTICES,PRICE RECEIVED,$ / CWT,"HOGS - PRICE RECEIVED, MEASURED IN $ / CWT",TOTAL,NOT SPECIFIED,NATIONAL,,99,US,US TOTAL,,,,,,,,0,,,9000,UNITED STATES,US TOTAL,1988,MONTHLY,2,2,FEB,,2012-01-01 00:00:00.000,45.8,
SURVEY,ANIMALS & PRODUCTS,LIVESTOCK,HOGS,ALL CLASSES,ALL PRODUCTION PRACTICES,ALL UTILIZATION PRACTICES,PRICE RECEIVED,$ / CWT,"HOGS - PRICE RECEIVED, MEASURED IN $ / CWT",TOTAL,NOT SPECIFIED,NATIONAL,,99,US,US TOTAL,,,,,,,,0,,,9000,UNITED STATES,US TOTAL,1988,MONTHLY,3,3,MAR,,2012-01-01 00:00:00.000,42.2,
SURVEY,ANIMALS & PRODUCTS,LIVESTOCK,HOGS,ALL CLASSES,ALL PRODUCTION PRACTICES,ALL UTILIZATION PRACTICES,PRICE RECEIVED,$ / CWT,"HOGS - PRICE RECEIVED, MEASURED IN $ / CWT",TOTAL,NOT SPECIFIED,NATIONAL,,99,US,US TOTAL,,,,,,,,0,,,9000,UNITED STATES,US TOTAL,1988,MONTHLY,4,4,APR,,2012-01-01 00:00:00.000,41.9,
SURVEY,ANIMALS & PRODUCTS,LIVESTOCK,HOGS,ALL CLASSES,ALL PRODUCTION PRACTICES,ALL UTILIZATION PRACTICES,PRICE RECEIVED,$ / CWT,"HOGS - PRICE RECEIVED, MEASURED IN $ / CWT",TOTAL,NOT SPECIFIED,NATIONAL,,99,US,US TOTAL,,,,,,,,0,,,9000,UNITED STATES,US TOTAL,1988,MONTHLY,5,5,MAY,,2012-01-01 00:00:00.000,46.3,
SURVEY,ANIMALS & PRODUCTS,LIVESTOCK,HOGS,ALL CLASSES,ALL PRODUCTION PRACTICES,ALL UTILIZATION PRACTICES,PRICE RECEIVED,$ / CWT,"HOGS - PRICE RECEIVED, MEASURED IN $ / CWT",TOTAL,NOT SPECIFIED,NATIONAL,,99,US,US TOTAL,,,,,,,,0,,,9000,UNITED STATES,US TOTAL,1988,MONTHLY,6,6,JUN,,2012-01-01 00:00:00.000,47.1,
SURVEY,ANIMALS & PRODUCTS,LIVESTOCK,HOGS,ALL CLASSES,ALL PRODUCTION PRACTICES,ALL UTILIZATION PRACTICES,PRICE RECEIVED,$ / CWT,"HOGS - PRICE RECEIVED, MEASURED IN $ / CWT",TOTAL,NOT SPECIFIED,NATIONAL,,99,US,US TOTAL,,,,,,,,0,,,9000,UNITED STATES,US TOTAL,1988,MONTHLY,7,7,JUL,,2012-01-01 00:00:00.000,44.1,
SURVEY,ANIMALS & PRODUCTS,LIVESTOCK,HOGS,ALL CLASSES,ALL PRODUCTION PRACTICES,ALL UTILIZATION PRACTICES,PRICE RECEIVED,$ / CWT,"HOGS - PRICE RECEIVED, MEASURED IN $ / CWT",TOTAL,NOT SPECIFIED,NATIONAL,,99,US,US TOTAL,,,,,,,,0,,,9000,UNITED STATES,US TOTAL,1988,MONTHLY,8,8,AUG,,2012-01-01 00:00:00.000,44.7,
SURVEY,ANIMALS & PRODUCTS,LIVESTOCK,HOGS,ALL CLASSES,ALL PRODUCTION PRACTICES,ALL UTILIZATION PRACTICES,PRICE RECEIVED,$ / CWT,"HOGS - PRICE RECEIVED, MEASURED IN $ / CWT",TOTAL,NOT SPECIFIED,NATIONAL,,99,US,US TOTAL,,,,,,,,0,,,9000,UNITED STATES,US TOTAL,1988,MONTHLY,9,9,SEP,,2012-01-01 00:00:00.000,40.7,
SURVEY,ANIMALS & PRODUCTS,LIVESTOCK,HOGS,ALL CLASSES,ALL PRODUCTION PRACTICES,ALL UTILIZATION PRACTICES,PRICE RECEIVED,$ / CWT,"HOGS - PRICE RECEIVED, MEASURED IN $ / CWT",TOTAL,NOT SPECIFIED,NATIONAL,,99,US,US TOTAL,,,,,,,,0,,,9000,UNITED STATES,US TOTAL,1988,MONTHLY,10,10,OCT,,2012-01-01 00:00:00.000,38.7,
SURVEY,ANIMALS & PRODUCTS,LIVESTOCK,HOGS,ALL CLASSES,ALL PRODUCTION PRACTICES,ALL UTILIZATION PRACTICES,PRICE RECEIVED,$ / CWT,"HOGS - PRICE RECEIVED, MEASURED IN $ / CWT",TOTAL,NOT SPECIFIED,NATIONAL,,99,US,US TOTAL,,,,,,,,0,,,9000,UNITED STATES,US TOTAL,1988,MONTHLY,11,11,NOV,,2012-01-01 00:00:00.000,36.2,
SURVEY,ANIMALS & PRODUCTS,LIVESTOCK,HOGS,ALL CLASSES,ALL PRODUCTION PRACTICES,ALL UTILIZATION PRACTICES,PRICE RECEIVED,$ / CWT,"HOGS - PRICE RECEIVED, MEASURED IN $ / CWT",TOTAL,NOT SPECIFIED,NATIONAL,,99,US,US TOTAL,,,,,,,,0,,,9000,UNITED STATES,US TOTAL,1988,MONTHLY,12,12,DEC,,2012-01-01 00:00:00.000,39.7,
SURVEY,ANIMALS & PRODUCTS,LIVESTOCK,HOGS,ALL CLASSES,ALL PRODUCTION PRACTICES,ALL UTILIZATION PRACTICES,PRICE RECEIVED,$ / CWT,"HOGS - PRICE RECEIVED, MEASURED IN $ / CWT",TOTAL,NOT SPECIFIED,NATIONAL,,99,US,US TOTAL,,,,,,,,0,,,9000,UNITED STATES,US TOTAL,1987,MONTHLY,1,1,JAN,,2012-01-01 00:00:00.000,47.2,
SURVEY,ANIMALS & PRODUCTS,LIVESTOCK,HOGS,ALL CLASSES,ALL PRODUCTION PRACTICES,ALL UTILIZATION PRACTICES,PRICE RECEIVED,$ / CWT,"HOGS - PRICE RECEIVED, MEASURED IN $ / CWT",TOTAL,NOT SPECIFIED,NATIONAL,,99,US,US TOTAL,,,,,,,,0,,,9000,UNITED STATES,US TOTAL,1987,MONTHLY,2,2,FEB,,2012-01-01 00:00:00.000,48.2,
SURVEY,ANIMALS & PRODUCTS,LIVESTOCK,HOGS,ALL CLASSES,ALL PRODUCTION PRACTICES,ALL UTILIZATION PRACTICES,PRICE RECEIVED,$ / CWT,"HOGS - PRICE RECEIVED, MEASURED IN $ / CWT",TOTAL,NOT SPECIFIED,NATIONAL,,99,US,US TOTAL,,,,,,,,0,,,9000,UNITED STATES,US TOTAL,1987,MONTHLY,3,3,MAR,,2012-01-01 00:00:00.000,47.4,
SURVEY,ANIMALS & PRODUCTS,LIVESTOCK,HOGS,ALL CLASSES,ALL PRODUCTION PRACTICES,ALL UTILIZATION PRACTICES,PRICE RECEIVED,$ / CWT,"HOGS - PRICE RECEIVED, MEASURED IN $ / CWT",TOTAL,NOT SPECIFIED,NATIONAL,,99,US,US TOTAL,,,,,,,,0,,,9000,UNITED STATES,US TOTAL,1987,MONTHLY,4,4,APR,,2012-01-01 00:00:00.000,50.8,
SURVEY,ANIMALS & PRODUCTS,LIVESTOCK,HOGS,ALL CLASSES,ALL PRODUCTION PRACTICES,ALL UTILIZATION PRACTICES,PRICE RECEIVED,$ / CWT,"HOGS - PRICE RECEIVED, MEASURED IN $ / CWT",TOTAL,NOT SPECIFIED,NATIONAL,,99,US,US TOTAL,,,,,,,,0,,,9000,UNITED STATES,US TOTAL,1987,MONTHLY,5,5,MAY,,2012-01-01 00:00:00.000,54.4,
SURVEY,ANIMALS & PRODUCTS,LIVESTOCK,HOGS,ALL CLASSES,ALL PRODUCTION PRACTICES,ALL UTILIZATION PRACTICES,PRICE RECEIVED,$ / CWT,"HOGS - PRICE RECEIVED, MEASURED IN $ / CWT",TOTAL,NOT SPECIFIED,NATIONAL,,99,US,US TOTAL,,,,,,,,0,,,9000,UNITED STATES,US TOTAL,1987,MONTHLY,6,6,JUN,,2012-01-01 00:00:00.000,59.2,
SURVEY,ANIMALS & PRODUCTS,LIVESTOCK,HOGS,ALL CLASSES,ALL PRODUCTION PRACTICES,ALL UTILIZATION PRACTICES,PRICE RECEIVED,$ / CWT,"HOGS - PRICE RECEIVED, MEASURED IN $ / CWT",TOTAL,NOT SPECIFIED,NATIONAL,,99,US,US TOTAL,,,,,,,,0,,,9000,UNITED STATES,US TOTAL,1987,MONTHLY,7,7,JUL,,2012-01-01 00:00:00.000,59.6,
SURVEY,ANIMALS & PRODUCTS,LIVESTOCK,HOGS,ALL CLASSES,ALL PRODUCTION PRACTICES,ALL UTILIZATION PRACTICES,PRICE RECEIVED,$ / CWT,"HOGS - PRICE RECEIVED, MEASURED IN $ / CWT",TOTAL,NOT SPECIFIED,NATIONAL,,99,US,US TOTAL,,,,,,,,0,,,9000,UNITED STATES,US TOTAL,1987,MONTHLY,8,8,AUG,,2012-01-01 00:00:00.000,58.6,
SURVEY,ANIMALS & PRODUCTS,LIVESTOCK,HOGS,ALL CLASSES,ALL PRODUCTION PRACTICES,ALL UTILIZATION PRACTICES,PRICE RECEIVED,$ / CWT,"HOGS - PRICE RECEIVED, MEASURED IN $ / CWT",TOTAL,NOT SPECIFIED,NATIONAL,,99,US,US TOTAL,,,,,,,,0,,,9000,UNITED STATES,US TOTAL,1987,MONTHLY,9,9,SEP,,2012-01-01 00:00:00.000,54.3,
SURVEY,ANIMALS & PRODUCTS,LIVESTOCK,HOGS,ALL CLASSES,ALL PRODUCTION PRACTICES,ALL UTILIZATION PRACTICES,PRICE RECEIVED,$ / CWT,"HOGS - PRICE RECEIVED, MEASURED IN $ / CWT",TOTAL,NOT SPECIFIED,NATIONAL,,99,US,US TOTAL,,,,,,,,0,,,9000,UNITED STATES,US TOTAL,1987,MONTHLY,10,10,OCT,,2012-01-01 00:00:00.000,48.9,
SURVEY,ANIMALS & PRODUCTS,LIVESTOCK,HOGS,ALL CLASSES,ALL PRODUCTION PRACTICES,ALL UTILIZATION PRACTICES,PRICE RECEIVED,$ / CWT,"HOGS - PRICE RECEIVED, MEASURED IN $ / CWT",TOTAL,NOT SPECIFIED,NATIONAL,,99,US,US TOTAL,,,,,,,,0,,,9000,UNITED STATES,US TOTAL,1987,MONTHLY,11,11,NOV,,2012-01-01 00:00:00.000,40.6,
SURVEY,ANIMALS & PRODUCTS,LIVESTOCK,HOGS,ALL CLASSES,ALL PRODUCTION PRACTICES,ALL UTILIZATION PRACTICES,PRICE RECEIVED,$ / CWT,"HOGS - PRICE RECEIVED, MEASURED IN $ / CWT",TOTAL,NOT SPECIFIED,NATIONAL,,99,US,US TOTAL,,,,,,,,0,,,9000,UNITED STATES,US TOTAL,1987,MONTHLY,12,12,DEC,,2012-01-01 00:00:00.000,40.3,
SURVEY,ANIMALS & PRODUCTS,LIVESTOCK,HOGS,ALL CLASSES,ALL PRODUCTION PRACTICES,ALL UTILIZATION PRACTICES,PRICE RECEIVED,$ / CWT,"HOGS - PRICE RECEIVED, MEASURED IN $ / CWT",TOTAL,NOT SPECIFIED,NATIONAL,,99,US,US TOTAL,,,,,,,,0,,,9000,UNITED STATES,US TOTAL,1986,MONTHLY,1,1,JAN,,2012-01-01 00:00:00.000,44.3,
SURVEY,ANIMALS & PRODUCTS,LIVESTOCK,HOGS,ALL CLASSES,ALL PRODUCTION PRACTICES,ALL UTILIZATION PRACTICES,PRICE RECEIVED,$ / CWT,"HOGS - PRICE RECEIVED, MEASURED IN $ / CWT",TOTAL,NOT SPECIFIED,NATIONAL,,99,US,US TOTAL,,,,,,,,0,,,9000,UNITED STATES,US TOTAL,1986,MONTHLY,2,2,FEB,,2012-01-01 00:00:00.000,42.8,
SURVEY,ANIMALS & PRODUCTS,LIVESTOCK,HOGS,ALL CLASSES,ALL PRODUCTION PRACTICES,ALL UTILIZATION PRACTICES,PRICE RECEIVED,$ / CWT,"HOGS - PRICE RECEIVED, MEASURED IN $ / CWT",TOTAL,NOT SPECIFIED,NATIONAL,,99,US,US TOTAL,,,,,,,,0,,,9000,UNITED STATES,US TOTAL,1986,MONTHLY,3,3,MAR,,2012-01-01 00:00:00.000,40.4,
SURVEY,ANIMALS & PRODUCTS,LIVESTOCK,HOGS,ALL CLASSES,ALL PRODUCTION PRACTICES,ALL UTILIZATION PRACTICES,PRICE RECEIVED,$ / CWT,"HOGS - PRICE RECEIVED, MEASURED IN $ / CWT",TOTAL,NOT SPECIFIED,NATIONAL,,99,US,US TOTAL,,,,,,,,0,,,9000,UNITED STATES,US TOTAL,1986,MONTHLY,4,4,APR,,2012-01-01 00:00:00.000,39.7,
SURVEY,ANIMALS & PRODUCTS,LIVESTOCK,HOGS,ALL CLASSES,ALL PRODUCTION PRACTICES,ALL UTILIZATION PRACTICES,PRICE RECEIVED,$ / CWT,"HOGS - PRICE RECEIVED, MEASURED IN $ / CWT",TOTAL,NOT SPECIFIED,NATIONAL,,99,US,US TOTAL,,,,,,,,0,,,9000,UNITED STATES,US TOTAL,1986,MONTHLY,5,5,MAY,,2012-01-01 00:00:00.000,45.8,
SURVEY,ANIMALS & PRODUCTS,LIVESTOCK,HOGS,ALL CLASSES,ALL PRODUCTION PRACTICES,ALL UTILIZATION PRACTICES,PRICE RECEIVED,$ / CWT,"HOGS - PRICE RECEIVED, MEASURED IN $ / CWT",TOTAL,NOT SPECIFIED,NATIONAL,,99,US,US TOTAL,,,,,,,,0,,,9000,UNITED STATES,US TOTAL,1986,MONTHLY,6,6,JUN,,2012-01-01 00:00:00.000,52.6,
SURVEY,ANIMALS & PRODUCTS,LIVESTOCK,HOGS,ALL CLASSES,ALL PRODUCTION PRACTICES,ALL UTILIZATION PRACTICES,PRICE RECEIVED,$ / CWT,"HOGS - PRICE RECEIVED, MEASURED IN $ / CWT",TOTAL,NOT SPECIFIED,NATIONAL,,99,US,US TOTAL,,,,,,,,0,,,9000,UNITED STATES,US TOTAL,1986,MONTHLY,7,7,JUL,,2012-01-01 00:00:00.000,59.0,
SURVEY,ANIMALS & PRODUCTS,LIVESTOCK,HOGS,ALL CLASSES,ALL PRODUCTION PRACTICES,ALL UTILIZATION PRACTICES,PRICE RECEIVED,$ / CWT,"HOGS - PRICE RECEIVED, MEASURED IN $ / CWT",TOTAL,NOT SPECIFIED,NATIONAL,,99,US,US TOTAL,,,,,,,,0,,,9000,UNITED STATES,US TOTAL,1986,MONTHLY,8,8,AUG,,2012-01-01 00:00:00.000,62.1,
SURVEY,ANIMALS & PRODUCTS,LIVESTOCK,HOGS,ALL CLASSES,ALL PRODUCTION PRACTICES,ALL UTILIZATION PRACTICES,PRICE RECEIVED,$ / CWT,"HOGS - PRICE RECEIVED, MEASURED IN $ / CWT",TOTAL,NOT SPECIFIED,NATIONAL,,99,US,US TOTAL,,,,,,,,0,,,9000,UNITED STATES,US TOTAL,1986,MONTHLY,9,9,SEP,,2012-01-01 00:00:00.000,58.3,
SURVEY,ANIMALS & PRODUCTS,LIVESTOCK,HOGS,ALL CLASSES,ALL PRODUCTION PRACTICES,ALL UTILIZATION PRACTICES,PRICE RECEIVED,$ / CWT,"HOGS - PRICE RECEIVED, MEASURED IN $ / CWT",TOTAL,NOT SPECIFIED,NATIONAL,,99,US,US TOTAL,,,,,,,,0,,,9000,UNITED STATES,US TOTAL,1986,MONTHLY,10,10,OCT,,2012-01-01 00:00:00.000,53.1,
SURVEY,ANIMALS & PRODUCTS,LIVESTOCK,HOGS,ALL CLASSES,ALL PRODUCTION PRACTICES,ALL UTILIZATION PRACTICES,PRICE RECEIVED,$ / CWT,"HOGS - PRICE RECEIVED, MEASURED IN $ / CWT",TOTAL,NOT SPECIFIED,NATIONAL,,99,US,US TOTAL,,,,,,,,0,,,9000,UNITED STATES,US TOTAL,1986,MONTHLY,11,11,NOV,,2012-01-01 00:00:00.000,52.8,
SURVEY,ANIMALS & PRODUCTS,LIVESTOCK,HOGS,ALL CLASSES,ALL PRODUCTION PRACTICES,ALL UTILIZATION PRACTICES,PRICE RECEIVED,$ / CWT,"HOGS - PRICE RECEIVED, MEASURED IN $ / CWT",TOTAL,NOT SPECIFIED,NATIONAL,,99,US,US TOTAL,,,,,,,,0,,,9000,UNITED STATES,US TOTAL,1986,MONTHLY,12,12,DEC,,2012-01-01 00:00:00.000,50.6,
SURVEY,ANIMALS & PRODUCTS,LIVESTOCK,HOGS,ALL CLASSES,ALL PRODUCTION PRACTICES,ALL UTILIZATION PRACTICES,PRICE RECEIVED,$ / CWT,"HOGS - PRICE RECEIVED, MEASURED IN $ / CWT",TOTAL,NOT SPECIFIED,NATIONAL,,99,US,US TOTAL,,,,,,,,0,,,9000,UNITED STATES,US TOTAL,1985,MONTHLY,1,1,JAN,,2012-01-01 00:00:00.000,48.4,
SURVEY,ANIMALS & PRODUCTS,LIVESTOCK,HOGS,ALL CLASSES,ALL PRODUCTION PRACTICES,ALL UTILIZATION PRACTICES,PRICE RECEIVED,$ / CWT,"HOGS - PRICE RECEIVED, MEASURED IN $ / CWT",TOTAL,NOT SPECIFIED,NATIONAL,,99,US,US TOTAL,,,,,,,,0,,,9000,UNITED STATES,US TOTAL,1985,MONTHLY,2,2,FEB,,2012-01-01 00:00:00.000,48.3,
SURVEY,ANIMALS & PRODUCTS,LIVESTOCK,HOGS,ALL CLASSES,ALL PRODUCTION PRACTICES,ALL UTILIZATION PRACTICES,PRICE RECEIVED,$ / CWT,"HOGS - PRICE RECEIVED, MEASURED IN $ / CWT",TOTAL,NOT SPECIFIED,NATIONAL,,99,US,US TOTAL,,,,,,,,0,,,9000,UNITED STATES,US TOTAL,1985,MONTHLY,3,3,MAR,,2012-01-01 00:00:00.000,43.6,
SURVEY,ANIMALS & PRODUCTS,LIVESTOCK,HOGS,ALL CLASSES,ALL PRODUCTION PRACTICES,ALL UTILIZATION PRACTICES,PRICE RECEIVED,$ / CWT,"HOGS - PRICE RECEIVED, MEASURED IN $ / CWT",TOTAL,NOT SPECIFIED,NATIONAL,,99,US,US TOTAL,,,,,,,,0,,,9000,UNITED STATES,US TOTAL,1985,MONTHLY,4,4,APR,,2012-01-01 00:00:00.000,41.2,
SURVEY,ANIMALS & PRODUCTS,LIVESTOCK,HOGS,ALL CLASSES,ALL PRODUCTION PRACTICES,ALL UTILIZATION PRACTICES,PRICE RECEIVED,$ / CWT,"HOGS - PRICE RECEIVED, MEASURED IN $ / CWT",TOTAL,NOT SPECIFIED,NATIONAL,,99,US,US TOTAL,,,,,,,,0,,,9000,UNITED STATES,US TOTAL,1985,MONTHLY,5,5,MAY,,2012-01-01 00:00:00.000,41.4,
SURVEY,ANIMALS & PRODUCTS,LIVESTOCK,HOGS,ALL CLASSES,ALL PRODUCTION PRACTICES,ALL UTILIZATION PRACTICES,PRICE RECEIVED,$ / CWT,"HOGS - PRICE RECEIVED, MEASURED IN $ / CWT",TOTAL,NOT SPECIFIED,NATIONAL,,99,US,US TOTAL,,,,,,,,0,,,9000,UNITED STATES,US TOTAL,1985,MONTHLY,6,6,JUN,,2012-01-01 00:00:00.000,44.6,
SURVEY,ANIMALS & PRODUCTS,LIVESTOCK,HOGS,ALL CLASSES,ALL PRODUCTION PRACTICES,ALL UTILIZATION PRACTICES,PRICE RECEIVED,$ / CWT,"HOGS - PRICE RECEIVED, MEASURED IN $ / CWT",TOTAL,NOT SPECIFIED,NATIONAL,,99,US,US TOTAL,,,,,,,,0,,,9000,UNITED STATES,US TOTAL,1985,MONTHLY,7,7,JUL,,2012-01-01 00:00:00.000,45.7,
SURVEY,ANIMALS & PRODUCTS,LIVESTOCK,HOGS,ALL CLASSES,ALL PRODUCTION PRACTICES,ALL UTILIZATION PRACTICES,PRICE RECEIVED,$ / CWT,"HOGS - PRICE RECEIVED, MEASURED IN $ / CWT",TOTAL,NOT SPECIFIED,NATIONAL,,99,US,US TOTAL,,,,,,,,0,,,9000,UNITED STATES,US TOTAL,1985,MONTHLY,8,8,AUG,,2012-01-01 00:00:00.000,42.5,
SURVEY,ANIMALS & PRODUCTS,LIVESTOCK,HOGS,ALL CLASSES,ALL PRODUCTION PRACTICES,ALL UTILIZATION PRACTICES,PRICE RECEIVED,$ / CWT,"HOGS - PRICE RECEIVED, MEASURED IN $ / CWT",TOTAL,NOT SPECIFIED,NATIONAL,,99,US,US TOTAL,,,,,,,,0,,,9000,UNITED STATES,US TOTAL,1985,MONTHLY,9,9,SEP,,2012-01-01 00:00:00.000,39.7,
SURVEY,ANIMALS & PRODUCTS,LIVESTOCK,HOGS,ALL CLASSES,ALL PRODUCTION PRACTICES,ALL UTILIZATION PRACTICES,PRICE RECEIVED,$ / CWT,"HOGS - PRICE RECEIVED, MEASURED IN $ / CWT",TOTAL,NOT SPECIFIED,NATIONAL,,99,US,US TOTAL,,,,,,,,0,,,9000,UNITED STATES,US TOTAL,1985,MONTHLY,10,10,OCT,,2012-01-01 00:00:00.000,43.1,
SURVEY,ANIMALS & PRODUCTS,LIVESTOCK,HOGS,ALL CLASSES,ALL PRODUCTION PRACTICES,ALL UTILIZATION PRACTICES,PRICE RECEIVED,$ / CWT,"HOGS - PRICE RECEIVED, MEASURED IN $ / CWT",TOTAL,NOT SPECIFIED,NATIONAL,,99,US,US TOTAL,,,,,,,,0,,,9000,UNITED STATES,US TOTAL,1985,MONTHLY,11,11,NOV,,2012-01-01 00:00:00.000,43.2,
SURVEY,ANIMALS & PRODUCTS,LIVESTOCK,HOGS,ALL CLASSES,ALL PRODUCTION PRACTICES,ALL UTILIZATION PRACTICES,PRICE RECEIVED,$ / CWT,"HOGS - PRICE RECEIVED, MEASURED IN $ / CWT",TOTAL,NOT SPECIFIED,NATIONAL,,99,US,US TOTAL,,,,,,,,0,,,9000,UNITED STATES,US TOTAL,1985,MONTHLY,12,12,DEC,,2012-01-01 00:00:00.000,45.3,
SURVEY,ANIMALS & PRODUCTS,LIVESTOCK,HOGS,ALL CLASSES,ALL PRODUCTION PRACTICES,ALL UTILIZATION PRACTICES,PRICE RECEIVED,$ / CWT,"HOGS - PRICE RECEIVED, MEASURED IN $ / CWT",TOTAL,NOT SPECIFIED,NATIONAL,,99,US,US TOTAL,,,,,,,,0,,,9000,UNITED STATES,US TOTAL,1984,MONTHLY,1,1,JAN,,2012-01-01 00:00:00.000,48.4,
SURVEY,ANIMALS & PRODUCTS,LIVESTOCK,HOGS,ALL CLASSES,ALL PRODUCTION PRACTICES,ALL UTILIZATION PRACTICES,PRICE RECEIVED,$ / CWT,"HOGS - PRICE RECEIVED, MEASURED IN $ / CWT",TOTAL,NOT SPECIFIED,NATIONAL,,99,US,US TOTAL,,,,,,,,0,,,9000,UNITED STATES,US TOTAL,1984,MONTHLY,2,2,FEB,,2012-01-01 00:00:00.000,45.4,
SURVEY,ANIMALS & PRODUCTS,LIVESTOCK,HOGS,ALL CLASSES,ALL PRODUCTION PRACTICES,ALL UTILIZATION PRACTICES,PRICE RECEIVED,$ / CWT,"HOGS - PRICE RECEIVED, MEASURED IN $ / CWT",TOTAL,NOT SPECIFIED,NATIONAL,,99,US,US TOTAL,,,,,,,,0,,,9000,UNITED STATES,US TOTAL,1984,MONTHLY,3,3,MAR,,2012-01-01 00:00:00.000,45.8,
SURVEY,ANIMALS & PRODUCTS,LIVESTOCK,HOGS,ALL CLASSES,ALL PRODUCTION PRACTICES,ALL UTILIZATION PRACTICES,PRICE RECEIVED,$ / CWT,"HOGS - PRICE RECEIVED, MEASURED IN $ / CWT",TOTAL,NOT SPECIFIED,NATIONAL,,99,US,US TOTAL,,,,,,,,0,,,9000,UNITED STATES,US TOTAL,1984,MONTHLY,4,4,APR,,2012-01-01 00:00:00.000,47.5,
SURVEY,ANIMALS & PRODUCTS,LIVESTOCK,HOGS,ALL CLASSES,ALL PRODUCTION PRACTICES,ALL UTILIZATION PRACTICES,PRICE RECEIVED,$ / CWT,"HOGS - PRICE RECEIVED, MEASURED IN $ / CWT",TOTAL,NOT SPECIFIED,NATIONAL,,99,US,US TOTAL,,,,,,,,0,,,9000,UNITED STATES,US TOTAL,1984,MONTHLY,5,5,MAY,,2012-01-01 00:00:00.000,47.2,
SURVEY,ANIMALS & PRODUCTS,LIVESTOCK,HOGS,ALL CLASSES,ALL PRODUCTION PRACTICES,ALL UTILIZATION PRACTICES,PRICE RECEIVED,$ / CWT,"HOGS - PRICE RECEIVED, MEASURED IN $ / CWT",TOTAL,NOT SPECIFIED,NATIONAL,,99,US,US TOTAL,,,,,,,,0,,,9000,UNITED STATES,US TOTAL,1984,MONTHLY,6,6,JUN,,2012-01-01 00:00:00.000,49.0,
SURVEY,ANIMALS & PRODUCTS,LIVESTOCK,HOGS,ALL CLASSES,ALL PRODUCTION PRACTICES,ALL UTILIZATION PRACTICES,PRICE RECEIVED,$ / CWT,"HOGS - PRICE RECEIVED, MEASURED IN $ / CWT",TOTAL,NOT SPECIFIED,NATIONAL,,99,US,US TOTAL,,,,,,,,0,,,9000,UNITED STATES,US TOTAL,1984,MONTHLY,7,7,JUL,,2012-01-01 00:00:00.000,52.0,
SURVEY,ANIMALS & PRODUCTS,LIVESTOCK,HOGS,ALL CLASSES,ALL PRODUCTION PRACTICES,ALL UTILIZATION PRACTICES,PRICE RECEIVED,$ / CWT,"HOGS - PRICE RECEIVED, MEASURED IN $ / CWT",TOTAL,NOT SPECIFIED,NATIONAL,,99,US,US TOTAL,,,,,,,,0,,,9000,UNITED STATES,US TOTAL,1984,MONTHLY,8,8,AUG,,2012-01-01 00:00:00.000,50.5,
SURVEY,ANIMALS & PRODUCTS,LIVESTOCK,HOGS,ALL CLASSES,ALL PRODUCTION PRACTICES,ALL UTILIZATION PRACTICES,PRICE RECEIVED,$ / CWT,"HOGS - PRICE RECEIVED, MEASURED IN $ / CWT",TOTAL,NOT SPECIFIED,NATIONAL,,99,US,US TOTAL,,,,,,,,0,,,9000,UNITED STATES,US TOTAL,1984,MONTHLY,9,9,SEP,,2012-01-01 00:00:00.000,46.3,
SURVEY,ANIMALS & PRODUCTS,LIVESTOCK,HOGS,ALL CLASSES,ALL PRODUCTION PRACTICES,ALL UTILIZATION PRACTICES,PRICE RECEIVED,$ / CWT,"HOGS - PRICE RECEIVED, MEASURED IN $ / CWT",TOTAL,NOT SPECIFIED,NATIONAL,,99,US,US TOTAL,,,,,,,,0,,,9000,UNITED STATES,US TOTAL,1984,MONTHLY,10,10,OCT,,2012-01-01 00:00:00.000,43.6,
SURVEY,ANIMALS & PRODUCTS,LIVESTOCK,HOGS,ALL CLASSES,ALL PRODUCTION PRACTICES,ALL UTILIZATION PRACTICES,PRICE RECEIVED,$ / CWT,"HOGS - PRICE RECEIVED, MEASURED IN $ / CWT",TOTAL,NOT SPECIFIED,NATIONAL,,99,US,US TOTAL,,,,,,,,0,,,9000,UNITED STATES,US TOTAL,1984,MONTHLY,11,11,NOV,,2012-01-01 00:00:00.000,47.0,
SURVEY,ANIMALS & PRODUCTS,LIVESTOCK,HOGS,ALL CLASSES,ALL PRODUCTION PRACTICES,ALL UTILIZATION PRACTICES,PRICE RECEIVED,$ / CWT,"HOGS - PRICE RECEIVED, MEASURED IN $ / CWT",TOTAL,NOT SPECIFIED,NATIONAL,,99,US,US TOTAL,,,,,,,,0,,,9000,UNITED STATES,US TOTAL,1984,MONTHLY,12,12,DEC,,2012-01-01 00:00:00.000,48.6,
SURVEY,ANIMALS & PRODUCTS,LIVESTOCK,HOGS,ALL CLASSES,ALL PRODUCTION PRACTICES,ALL UTILIZATION PRACTICES,PRICE RECEIVED,$ / CWT,"HOGS - PRICE RECEIVED, MEASURED IN $ / CWT",TOTAL,NOT SPECIFIED,NATIONAL,,99,US,US TOTAL,,,,,,,,0,,,9000,UNITED STATES,US TOTAL,1983,MONTHLY,1,1,JAN,,2012-01-01 00:00:00.000,55.3,
SURVEY,ANIMALS & PRODUCTS,LIVESTOCK,HOGS,ALL CLASSES,ALL PRODUCTION PRACTICES,ALL UTILIZATION PRACTICES,PRICE RECEIVED,$ / CWT,"HOGS - PRICE RECEIVED, MEASURED IN $ / CWT",TOTAL,NOT SPECIFIED,NATIONAL,,99,US,US TOTAL,,,,,,,,0,,,9000,UNITED STATES,US TOTAL,1983,MONTHLY,2,2,FEB,,2012-01-01 00:00:00.000,56.1,
SURVEY,ANIMALS & PRODUCTS,LIVESTOCK,HOGS,ALL CLASSES,ALL PRODUCTION PRACTICES,ALL UTILIZATION PRACTICES,PRICE RECEIVED,$ / CWT,"HOGS - PRICE RECEIVED, MEASURED IN $ / CWT",TOTAL,NOT SPECIFIED,NATIONAL,,99,US,US TOTAL,,,,,,,,0,,,9000,UNITED STATES,US TOTAL,1983,MONTHLY,3,3,MAR,,2012-01-01 00:00:00.000,50.4,
SURVEY,ANIMALS & PRODUCTS,LIVESTOCK,HOGS,ALL CLASSES,ALL PRODUCTION PRACTICES,ALL UTILIZATION PRACTICES,PRICE RECEIVED,$ / CWT,"HOGS - PRICE RECEIVED, MEASURED IN $ / CWT",TOTAL,NOT SPECIFIED,NATIONAL,,99,US,US TOTAL,,,,,,,,0,,,9000,UNITED STATES,US TOTAL,1983,MONTHLY,4,4,APR,,2012-01-01 00:00:00.000,46.9,
SURVEY,ANIMALS & PRODUCTS,LIVESTOCK,HOGS,ALL CLASSES,ALL PRODUCTION PRACTICES,ALL UTILIZATION PRACTICES,PRICE RECEIVED,$ / CWT,"HOGS - PRICE RECEIVED, MEASURED IN $ / CWT",TOTAL,NOT SPECIFIED,NATIONAL,,99,US,US TOTAL,,,,,,,,0,,,9000,UNITED STATES,US TOTAL,1983,MONTHLY,5,5,MAY,,2012-01-01 00:00:00.000,45.9,
SURVEY,ANIMALS & PRODUCTS,LIVESTOCK,HOGS,ALL CLASSES,ALL PRODUCTION PRACTICES,ALL UTILIZATION PRACTICES,PRICE RECEIVED,$ / CWT,"HOGS - PRICE RECEIVED, MEASURED IN $ / CWT",TOTAL,NOT SPECIFIED,NATIONAL,,99,US,US TOTAL,,,,,,,,0,,,9000,UNITED STATES,US TOTAL,1983,MONTHLY,6,6,JUN,,2012-01-01 00:00:00.000,43.9,
SURVEY,ANIMALS & PRODUCTS,LIVESTOCK,HOGS,ALL CLASSES,ALL PRODUCTION PRACTICES,ALL UTILIZATION PRACTICES,PRICE RECEIVED,$ / CWT,"HOGS - PRICE RECEIVED, MEASURED IN $ / CWT",TOTAL,NOT SPECIFIED,NATIONAL,,99,US,US TOTAL,,,,,,,,0,,,9000,UNITED STATES,US TOTAL,1983,MONTHLY,7,7,JUL,,2012-01-01 00:00:00.000,43.4,
SURVEY,ANIMALS & PRODUCTS,LIVESTOCK,HOGS,ALL CLASSES,ALL PRODUCTION PRACTICES,ALL UTILIZATION PRACTICES,PRICE RECEIVED,$ / CWT,"HOGS - PRICE RECEIVED, MEASURED IN $ / CWT",TOTAL,NOT SPECIFIED,NATIONAL,,99,US,US TOTAL,,,,,,,,0,,,9000,UNITED STATES,US TOTAL,1983,MONTHLY,8,8,AUG,,2012-01-01 00:00:00.000,46.7,
SURVEY,ANIMALS & PRODUCTS,LIVESTOCK,HOGS,ALL CLASSES,ALL PRODUCTION PRACTICES,ALL UTILIZATION PRACTICES,PRICE RECEIVED,$ / CWT,"HOGS - PRICE RECEIVED, MEASURED IN $ / CWT",TOTAL,NOT SPECIFIED,NATIONAL,,99,US,US TOTAL,,,,,,,,0,,,9000,UNITED STATES,US TOTAL,1983,MONTHLY,9,9,SEP,,2012-01-01 00:00:00.000,44.1,
SURVEY,ANIMALS & PRODUCTS,LIVESTOCK,HOGS,ALL CLASSES,ALL PRODUCTION PRACTICES,ALL UTILIZATION PRACTICES,PRICE RECEIVED,$ / CWT,"HOGS - PRICE RECEIVED, MEASURED IN $ / CWT",TOTAL,NOT SPECIFIED,NATIONAL,,99,US,US TOTAL,,,,,,,,0,,,9000,UNITED STATES,US TOTAL,1983,MONTHLY,10,10,OCT,,2012-01-01 00:00:00.000,40.4,
SURVEY,ANIMALS & PRODUCTS,LIVESTOCK,HOGS,ALL CLASSES,ALL PRODUCTION PRACTICES,ALL UTILIZATION PRACTICES,PRICE RECEIVED,$ / CWT,"HOGS - PRICE RECEIVED, MEASURED IN $ / CWT",TOTAL,NOT SPECIFIED,NATIONAL,,99,US,US TOTAL,,,,,,,,0,,,9000,UNITED STATES,US TOTAL,1983,MONTHLY,11,11,NOV,,2012-01-01 00:00:00.000,37.5,
SURVEY,ANIMALS & PRODUCTS,LIVESTOCK,HOGS,ALL CLASSES,ALL PRODUCTION PRACTICES,ALL UTILIZATION PRACTICES,PRICE RECEIVED,$ / CWT,"HOGS - PRICE RECEIVED, MEASURED IN $ / CWT",TOTAL,NOT SPECIFIED,NATIONAL,,99,US,US TOTAL,,,,,,,,0,,,9000,UNITED STATES,US TOTAL,1983,MONTHLY,12,12,DEC,,2012-01-01 00:00:00.000,44.2,
SURVEY,ANIMALS & PRODUCTS,LIVESTOCK,HOGS,ALL CLASSES,ALL PRODUCTION PRACTICES,ALL UTILIZATION PRACTICES,PRICE RECEIVED,$ / CWT,"HOGS - PRICE RECEIVED, MEASURED IN $ / CWT",TOTAL,NOT SPECIFIED,NATIONAL,,99,US,US TOTAL,,,,,,,,0,,,9000,UNITED STATES,US TOTAL,1982,MONTHLY,1,1,JAN,,2012-01-01 00:00:00.000,43.4,
SURVEY,ANIMALS & PRODUCTS,LIVESTOCK,HOGS,ALL CLASSES,ALL PRODUCTION PRACTICES,ALL UTILIZATION PRACTICES,PRICE RECEIVED,$ / CWT,"HOGS - PRICE RECEIVED, MEASURED IN $ / CWT",TOTAL,NOT SPECIFIED,NATIONAL,,99,US,US TOTAL,,,,,,,,0,,,9000,UNITED STATES,US TOTAL,1982,MONTHLY,2,2,FEB,,2012-01-01 00:00:00.000,48.3,
SURVEY,ANIMALS & PRODUCTS,LIVESTOCK,HOGS,ALL CLASSES,ALL PRODUCTION PRACTICES,ALL UTILIZATION PRACTICES,PRICE RECEIVED,$ / CWT,"HOGS - PRICE RECEIVED, MEASURED IN $ / CWT",TOTAL,NOT SPECIFIED,NATIONAL,,99,US,US TOTAL,,,,,,,,0,,,9000,UNITED STATES,US TOTAL,1982,MONTHLY,3,3,MAR,,2012-01-01 00:00:00.000,48.6,
SURVEY,ANIMALS & PRODUCTS,LIVESTOCK,HOGS,ALL CLASSES,ALL PRODUCTION PRACTICES,ALL UTILIZATION PRACTICES,PRICE RECEIVED,$ / CWT,"HOGS - PRICE RECEIVED, MEASURED IN $ / CWT",TOTAL,NOT SPECIFIED,NATIONAL,,99,US,US TOTAL,,,,,,,,0,,,9000,UNITED STATES,US TOTAL,1982,MONTHLY,4,4,APR,,2012-01-01 00:00:00.000,51.2,
SURVEY,ANIMALS & PRODUCTS,LIVESTOCK,HOGS,ALL CLASSES,ALL PRODUCTION PRACTICES,ALL UTILIZATION PRACTICES,PRICE RECEIVED,$ / CWT,"HOGS - PRICE RECEIVED, MEASURED IN $ / CWT",TOTAL,NOT SPECIFIED,NATIONAL,,99,US,US TOTAL,,,,,,,,0,,,9000,UNITED STATES,US TOTAL,1982,MONTHLY,5,5,MAY,,2012-01-01 00:00:00.000,56.7,
SURVEY,ANIMALS & PRODUCTS,LIVESTOCK,HOGS,ALL CLASSES,ALL PRODUCTION PRACTICES,ALL UTILIZATION PRACTICES,PRICE RECEIVED,$ / CWT,"HOGS - PRICE RECEIVED, MEASURED IN $ / CWT",TOTAL,NOT SPECIFIED,NATIONAL,,99,US,US TOTAL,,,,,,,,0,,,9000,UNITED STATES,US TOTAL,1982,MONTHLY,6,6,JUN,,2012-01-01 00:00:00.000,57.5,
SURVEY,ANIMALS & PRODUCTS,LIVESTOCK,HOGS,ALL CLASSES,ALL PRODUCTION PRACTICES,ALL UTILIZATION PRACTICES,PRICE RECEIVED,$ / CWT,"HOGS - PRICE RECEIVED, MEASURED IN $ / CWT",TOTAL,NOT SPECIFIED,NATIONAL,,99,US,US TOTAL,,,,,,,,0,,,9000,UNITED STATES,US TOTAL,1982,MONTHLY,7,7,JUL,,2012-01-01 00:00:00.000,57.8,
SURVEY,ANIMALS & PRODUCTS,LIVESTOCK,HOGS,ALL CLASSES,ALL PRODUCTION PRACTICES,ALL UTILIZATION PRACTICES,PRICE RECEIVED,$ / CWT,"HOGS - PRICE RECEIVED, MEASURED IN $ / CWT",TOTAL,NOT SPECIFIED,NATIONAL,,99,US,US TOTAL,,,,,,,,0,,,9000,UNITED STATES,US TOTAL,1982,MONTHLY,8,8,AUG,,2012-01-01 00:00:00.000,61.2,
SURVEY,ANIMALS & PRODUCTS,LIVESTOCK,HOGS,ALL CLASSES,ALL PRODUCTION PRACTICES,ALL UTILIZATION PRACTICES,PRICE RECEIVED,$ / CWT,"HOGS - PRICE RECEIVED, MEASURED IN $ / CWT",TOTAL,NOT SPECIFIED,NATIONAL,,99,US,US TOTAL,,,,,,,,0,,,9000,UNITED STATES,US TOTAL,1982,MONTHLY,9,9,SEP,,2012-01-01 00:00:00.000,61.3,
SURVEY,ANIMALS & PRODUCTS,LIVESTOCK,HOGS,ALL CLASSES,ALL PRODUCTION PRACTICES,ALL UTILIZATION PRACTICES,PRICE RECEIVED,$ / CWT,"HOGS - PRICE RECEIVED, MEASURED IN $ / CWT",TOTAL,NOT SPECIFIED,NATIONAL,,99,US,US TOTAL,,,,,,,,0,,,9000,UNITED STATES,US TOTAL,1982,MONTHLY,10,10,OCT,,2012-01-01 00:00:00.000,55.8,
SURVEY,ANIMALS & PRODUCTS,LIVESTOCK,HOGS,ALL CLASSES,ALL PRODUCTION PRACTICES,ALL UTILIZATION PRACTICES,PRICE RECEIVED,$ / CWT,"HOGS - PRICE RECEIVED, MEASURED IN $ / CWT",TOTAL,NOT SPECIFIED,NATIONAL,,99,US,US TOTAL,,,,,,,,0,,,9000,UNITED STATES,US TOTAL,1982,MONTHLY,11,11,NOV,,2012-01-01 00:00:00.000,52.5,
SURVEY,ANIMALS & PRODUCTS,LIVESTOCK,HOGS,ALL CLASSES,ALL PRODUCTION PRACTICES,ALL UTILIZATION PRACTICES,PRICE RECEIVED,$ / CWT,"HOGS - PRICE RECEIVED, MEASURED IN $ / CWT",TOTAL,NOT SPECIFIED,NATIONAL,,99,US,US TOTAL,,,,,,,,0,,,9000,UNITED STATES,US TOTAL,1982,MONTHLY,12,12,DEC,,2012-01-01 00:00:00.000,53.6,
SURVEY,ANIMALS & PRODUCTS,LIVESTOCK,HOGS,ALL CLASSES,ALL PRODUCTION PRACTICES,ALL UTILIZATION PRACTICES,PRICE RECEIVED,$ / CWT,"HOGS - PRICE RECEIVED, MEASURED IN $ / CWT",TOTAL,NOT SPECIFIED,NATIONAL,,99,US,US TOTAL,,,,,,,,0,,,9000,UNITED STATES,US TOTAL,1981,MONTHLY,1,1,JAN,,2012-01-01 00:00:00.000,40.9,
SURVEY,ANIMALS & PRODUCTS,LIVESTOCK,HOGS,ALL CLASSES,ALL PRODUCTION PRACTICES,ALL UTILIZATION PRACTICES,PRICE RECEIVED,$ / CWT,"HOGS - PRICE RECEIVED, MEASURED IN $ / CWT",TOTAL,NOT SPECIFIED,NATIONAL,,99,US,US TOTAL,,,,,,,,0,,,9000,UNITED STATES,US TOTAL,1981,MONTHLY,2,2,FEB,,2012-01-01 00:00:00.000,41.3,
SURVEY,ANIMALS & PRODUCTS,LIVESTOCK,HOGS,ALL CLASSES,ALL PRODUCTION PRACTICES,ALL UTILIZATION PRACTICES,PRICE RECEIVED,$ / CWT,"HOGS - PRICE RECEIVED, MEASURED IN $ / CWT",TOTAL,NOT SPECIFIED,NATIONAL,,99,US,US TOTAL,,,,,,,,0,,,9000,UNITED STATES,US TOTAL,1981,MONTHLY,3,3,MAR,,2012-01-01 00:00:00.000,38.8,
SURVEY,ANIMALS & PRODUCTS,LIVESTOCK,HOGS,ALL CLASSES,ALL PRODUCTION PRACTICES,ALL UTILIZATION PRACTICES,PRICE RECEIVED,$ / CWT,"HOGS - PRICE RECEIVED, MEASURED IN $ / CWT",TOTAL,NOT SPECIFIED,NATIONAL,,99,US,US TOTAL,,,,,,,,0,,,9000,UNITED STATES,US TOTAL,1981,MONTHLY,4,4,APR,,2012-01-01 00:00:00.000,39.0,
SURVEY,ANIMALS & PRODUCTS,LIVESTOCK,HOGS,ALL CLASSES,ALL PRODUCTION PRACTICES,ALL UTILIZATION PRACTICES,PRICE RECEIVED,$ / CWT,"HOGS - PRICE RECEIVED, MEASURED IN $ / CWT",TOTAL,NOT SPECIFIED,NATIONAL,,99,US,US TOTAL,,,,,,,,0,,,9000,UNITED STATES,US TOTAL,1981,MONTHLY,5,5,MAY,,2012-01-01 00:00:00.000,40.9,
SURVEY,ANIMALS & PRODUCTS,LIVESTOCK,HOGS,ALL CLASSES,ALL PRODUCTION PRACTICES,ALL UTILIZATION PRACTICES,PRICE RECEIVED,$ / CWT,"HOGS - PRICE RECEIVED, MEASURED IN $ / CWT",TOTAL,NOT SPECIFIED,NATIONAL,,99,US,US TOTAL,,,,,,,,0,,,9000,UNITED STATES,US TOTAL,1981,MONTHLY,6,6,JUN,,2012-01-01 00:00:00.000,47.4,
SURVEY,ANIMALS & PRODUCTS,LIVESTOCK,HOGS,ALL CLASSES,ALL PRODUCTION PRACTICES,ALL UTILIZATION PRACTICES,PRICE RECEIVED,$ / CWT,"HOGS - PRICE RECEIVED, MEASURED IN $ / CWT",TOTAL,NOT SPECIFIED,NATIONAL,,99,US,US TOTAL,,,,,,,,0,,,9000,UNITED STATES,US TOTAL,1981,MONTHLY,7,7,JUL,,2012-01-01 00:00:00.000,49.3,
SURVEY,ANIMALS & PRODUCTS,LIVESTOCK,HOGS,ALL CLASSES,ALL PRODUCTION PRACTICES,ALL UTILIZATION PRACTICES,PRICE RECEIVED,$ / CWT,"HOGS - PRICE RECEIVED, MEASURED IN $ / CWT",TOTAL,NOT SPECIFIED,NATIONAL,,99,US,US TOTAL,,,,,,,,0,,,9000,UNITED STATES,US TOTAL,1981,MONTHLY,8,8,AUG,,2012-01-01 00:00:00.000,49.2,
SURVEY,ANIMALS & PRODUCTS,LIVESTOCK,HOGS,ALL CLASSES,ALL PRODUCTION PRACTICES,ALL UTILIZATION PRACTICES,PRICE RECEIVED,$ / CWT,"HOGS - PRICE RECEIVED, MEASURED IN $ / CWT",TOTAL,NOT SPECIFIED,NATIONAL,,99,US,US TOTAL,,,,,,,,0,,,9000,UNITED STATES,US TOTAL,1981,MONTHLY,9,9,SEP,,2012-01-01 00:00:00.000,48.6,
SURVEY,ANIMALS & PRODUCTS,LIVESTOCK,HOGS,ALL CLASSES,ALL PRODUCTION PRACTICES,ALL UTILIZATION PRACTICES,PRICE RECEIVED,$ / CWT,"HOGS - PRICE RECEIVED, MEASURED IN $ / CWT",TOTAL,NOT SPECIFIED,NATIONAL,,99,US,US TOTAL,,,,,,,,0,,,9000,UNITED STATES,US TOTAL,1981,MONTHLY,10,10,OCT,,2012-01-01 00:00:00.000,45.0,
SURVEY,ANIMALS & PRODUCTS,LIVESTOCK,HOGS,ALL CLASSES,ALL PRODUCTION PRACTICES,ALL UTILIZATION PRACTICES,PRICE RECEIVED,$ / CWT,"HOGS - PRICE RECEIVED, MEASURED IN $ / CWT",TOTAL,NOT SPECIFIED,NATIONAL,,99,US,US TOTAL,,,,,,,,0,,,9000,UNITED STATES,US TOTAL,1981,MONTHLY,11,11,NOV,,2012-01-01 00:00:00.000,41.5,
SURVEY,ANIMALS & PRODUCTS,LIVESTOCK,HOGS,ALL CLASSES,ALL PRODUCTION PRACTICES,ALL UTILIZATION PRACTICES,PRICE RECEIVED,$ / CWT,"HOGS - PRICE RECEIVED, MEASURED IN $ / CWT",TOTAL,NOT SPECIFIED,NATIONAL,,99,US,US TOTAL,,,,,,,,0,,,9000,UNITED STATES,US TOTAL,1981,MONTHLY,12,12,DEC,,2012-01-01 00:00:00.000,39.0,
SURVEY,ANIMALS & PRODUCTS,LIVESTOCK,HOGS,ALL CLASSES,ALL PRODUCTION PRACTICES,ALL UTILIZATION PRACTICES,PRICE RECEIVED,$ / CWT,"HOGS - PRICE RECEIVED, MEASURED IN $ / CWT",TOTAL,NOT SPECIFIED,NATIONAL,,99,US,US TOTAL,,,,,,,,0,,,9000,UNITED STATES,US TOTAL,1980,MONTHLY,1,1,JAN,,2012-01-01 00:00:00.000,36.2,
SURVEY,ANIMALS & PRODUCTS,LIVESTOCK,HOGS,ALL CLASSES,ALL PRODUCTION PRACTICES,ALL UTILIZATION PRACTICES,PRICE RECEIVED,$ / CWT,"HOGS - PRICE RECEIVED, MEASURED IN $ / CWT",TOTAL,NOT SPECIFIED,NATIONAL,,99,US,US TOTAL,,,,,,,,0,,,9000,UNITED STATES,US TOTAL,1980,MONTHLY,2,2,FEB,,2012-01-01 00:00:00.000,36.7,
SURVEY,ANIMALS & PRODUCTS,LIVESTOCK,HOGS,ALL CLASSES,ALL PRODUCTION PRACTICES,ALL UTILIZATION PRACTICES,PRICE RECEIVED,$ / CWT,"HOGS - PRICE RECEIVED, MEASURED IN $ / CWT",TOTAL,NOT SPECIFIED,NATIONAL,,99,US,US TOTAL,,,,,,,,0,,,9000,UNITED STATES,US TOTAL,1980,MONTHLY,3,3,MAR,,2012-01-01 00:00:00.000,33.4,
SURVEY,ANIMALS & PRODUCTS,LIVESTOCK,HOGS,ALL CLASSES,ALL PRODUCTION PRACTICES,ALL UTILIZATION PRACTICES,PRICE RECEIVED,$ / CWT,"HOGS - PRICE RECEIVED, MEASURED IN $ / CWT",TOTAL,NOT SPECIFIED,NATIONAL,,99,US,US TOTAL,,,,,,,,0,,,9000,UNITED STATES,US TOTAL,1980,MONTHLY,4,4,APR,,2012-01-01 00:00:00.000,28.0,
SURVEY,ANIMALS & PRODUCTS,LIVESTOCK,HOGS,ALL CLASSES,ALL PRODUCTION PRACTICES,ALL UTILIZATION PRACTICES,PRICE RECEIVED,$ / CWT,"HOGS - PRICE RECEIVED, MEASURED IN $ / CWT",TOTAL,NOT SPECIFIED,NATIONAL,,99,US,US TOTAL,,,,,,,,0,,,9000,UNITED STATES,US TOTAL,1980,MONTHLY,5,5,MAY,,2012-01-01 00:00:00.000,28.6,
SURVEY,ANIMALS & PRODUCTS,LIVESTOCK,HOGS,ALL CLASSES,ALL PRODUCTION PRACTICES,ALL UTILIZATION PRACTICES,PRICE RECEIVED,$ / CWT,"HOGS - PRICE RECEIVED, MEASURED IN $ / CWT",TOTAL,NOT SPECIFIED,NATIONAL,,99,US,US TOTAL,,,,,,,,0,,,9000,UNITED STATES,US TOTAL,1980,MONTHLY,6,6,JUN,,2012-01-01 00:00:00.000,33.1,
SURVEY,ANIMALS & PRODUCTS,LIVESTOCK,HOGS,ALL CLASSES,ALL PRODUCTION PRACTICES,ALL UTILIZATION PRACTICES,PRICE RECEIVED,$ / CWT,"HOGS - PRICE RECEIVED, MEASURED IN $ / CWT",TOTAL,NOT SPECIFIED,NATIONAL,,99,US,US TOTAL,,,,,,,,0,,,9000,UNITED STATES,US TOTAL,1980,MONTHLY,7,7,JUL,,2012-01-01 00:00:00.000,41.2,
SURVEY,ANIMALS & PRODUCTS,LIVESTOCK,HOGS,ALL CLASSES,ALL PRODUCTION PRACTICES,ALL UTILIZATION PRACTICES,PRICE RECEIVED,$ / CWT,"HOGS - PRICE RECEIVED, MEASURED IN $ / CWT",TOTAL,NOT SPECIFIED,NATIONAL,,99,US,US TOTAL,,,,,,,,0,,,9000,UNITED STATES,US TOTAL,1980,MONTHLY,8,8,AUG,,2012-01-01 00:00:00.000,46.2,
SURVEY,ANIMALS & PRODUCTS,LIVESTOCK,HOGS,ALL CLASSES,ALL PRODUCTION PRACTICES,ALL UTILIZATION PRACTICES,PRICE RECEIVED,$ / CWT,"HOGS - PRICE RECEIVED, MEASURED IN $ / CWT",TOTAL,NOT SPECIFIED,NATIONAL,,99,US,US TOTAL,,,,,,,,0,,,9000,UNITED STATES,US TOTAL,1980,MONTHLY,9,9,SEP,,2012-01-01 00:00:00.000,46.1,
SURVEY,ANIMALS & PRODUCTS,LIVESTOCK,HOGS,ALL CLASSES,ALL PRODUCTION PRACTICES,ALL UTILIZATION PRACTICES,PRICE RECEIVED,$ / CWT,"HOGS - PRICE RECEIVED, MEASURED IN $ / CWT",TOTAL,NOT SPECIFIED,NATIONAL,,99,US,US TOTAL,,,,,,,,0,,,9000,UNITED STATES,US TOTAL,1980,MONTHLY,10,10,OCT,,2012-01-01 00:00:00.000,47.2,
SURVEY,ANIMALS & PRODUCTS,LIVESTOCK,HOGS,ALL CLASSES,ALL PRODUCTION PRACTICES,ALL UTILIZATION PRACTICES,PRICE RECEIVED,$ / CWT,"HOGS - PRICE RECEIVED, MEASURED IN $ / CWT",TOTAL,NOT SPECIFIED,NATIONAL,,99,US,US TOTAL,,,,,,,,0,,,9000,UNITED STATES,US TOTAL,1980,MONTHLY,11,11,NOV,,2012-01-01 00:00:00.000,45.6,
SURVEY,ANIMALS & PRODUCTS,LIVESTOCK,HOGS,ALL CLASSES,ALL PRODUCTION PRACTICES,ALL UTILIZATION PRACTICES,PRICE RECEIVED,$ / CWT,"HOGS - PRICE RECEIVED, MEASURED IN $ / CWT",TOTAL,NOT SPECIFIED,NATIONAL,,99,US,US TOTAL,,,,,,,,0,,,9000,UNITED STATES,US TOTAL,1980,MONTHLY,12,12,DEC,,2012-01-01 00:00:00.000,43.8,
SURVEY,ANIMALS & PRODUCTS,LIVESTOCK,HOGS,ALL CLASSES,ALL PRODUCTION PRACTICES,ALL UTILIZATION PRACTICES,PRICE RECEIVED,$ / CWT,"HOGS - PRICE RECEIVED, MEASURED IN $ / CWT",TOTAL,NOT SPECIFIED,NATIONAL,,99,US,US TOTAL,,,,,,,,0,,,9000,UNITED STATES,US TOTAL,1979,MONTHLY,1,1,JAN,,2012-01-01 00:00:00.000,50.7,
SURVEY,ANIMALS & PRODUCTS,LIVESTOCK,HOGS,ALL CLASSES,ALL PRODUCTION PRACTICES,ALL UTILIZATION PRACTICES,PRICE RECEIVED,$ / CWT,"HOGS - PRICE RECEIVED, MEASURED IN $ / CWT",TOTAL,NOT SPECIFIED,NATIONAL,,99,US,US TOTAL,,,,,,,,0,,,9000,UNITED STATES,US TOTAL,1979,MONTHLY,2,2,FEB,,2012-01-01 00:00:00.000,52.6,
SURVEY,ANIMALS & PRODUCTS,LIVESTOCK,HOGS,ALL CLASSES,ALL PRODUCTION PRACTICES,ALL UTILIZATION PRACTICES,PRICE RECEIVED,$ / CWT,"HOGS - PRICE RECEIVED, MEASURED IN $ / CWT",TOTAL,NOT SPECIFIED,NATIONAL,,99,US,US TOTAL,,,,,,,,0,,,9000,UNITED STATES,US TOTAL,1979,MONTHLY,3,3,MAR,,2012-01-01 00:00:00.000,48.3,
SURVEY,ANIMALS & PRODUCTS,LIVESTOCK,HOGS,ALL CLASSES,ALL PRODUCTION PRACTICES,ALL UTILIZATION PRACTICES,PRICE RECEIVED,$ / CWT,"HOGS - PRICE RECEIVED, MEASURED IN $ / CWT",TOTAL,NOT SPECIFIED,NATIONAL,,99,US,US TOTAL,,,,,,,,0,,,9000,UNITED STATES,US TOTAL,1979,MONTHLY,4,4,APR,,2012-01-01 00:00:00.000,44.1,
SURVEY,ANIMALS & PRODUCTS,LIVESTOCK,HOGS,ALL CLASSES,ALL PRODUCTION PRACTICES,ALL UTILIZATION PRACTICES,PRICE RECEIVED,$ / CWT,"HOGS - PRICE RECEIVED, MEASURED IN $ / CWT",TOTAL,NOT SPECIFIED,NATIONAL,,99,US,US TOTAL,,,,,,,,0,,,9000,UNITED STATES,US TOTAL,1979,MONTHLY,5,5,MAY,,2012-01-01 00:00:00.000,43.2,
SURVEY,ANIMALS & PRODUCTS,LIVESTOCK,HOGS,ALL CLASSES,ALL PRODUCTION PRACTICES,ALL UTILIZATION PRACTICES,PRICE RECEIVED,$ / CWT,"HOGS - PRICE RECEIVED, MEASURED IN $ / CWT",TOTAL,NOT SPECIFIED,NATIONAL,,99,US,US TOTAL,,,,,,,,0,,,9000,UNITED STATES,US TOTAL,1979,MONTHLY,6,6,JUN,,2012-01-01 00:00:00.000,39.6,
SURVEY,ANIMALS & PRODUCTS,LIVESTOCK,HOGS,ALL CLASSES,ALL PRODUCTION PRACTICES,ALL UTILIZATION PRACTICES,PRICE RECEIVED,$ / CWT,"HOGS - PRICE RECEIVED, MEASURED IN $ / CWT",TOTAL,NOT SPECIFIED,NATIONAL,,99,US,US TOTAL,,,,,,,,0,,,9000,UNITED STATES,US TOTAL,1979,MONTHLY,7,7,JUL,,2012-01-01 00:00:00.000,37.9,
SURVEY,ANIMALS & PRODUCTS,LIVESTOCK,HOGS,ALL CLASSES,ALL PRODUCTION PRACTICES,ALL UTILIZATION PRACTICES,PRICE RECEIVED,$ / CWT,"HOGS - PRICE RECEIVED, MEASURED IN $ / CWT",TOTAL,NOT SPECIFIED,NATIONAL,,99,US,US TOTAL,,,,,,,,0,,,9000,UNITED STATES,US TOTAL,1979,MONTHLY,8,8,AUG,,2012-01-01 00:00:00.000,36.2,
SURVEY,ANIMALS & PRODUCTS,LIVESTOCK,HOGS,ALL CLASSES,ALL PRODUCTION PRACTICES,ALL UTILIZATION PRACTICES,PRICE RECEIVED,$ / CWT,"HOGS - PRICE RECEIVED, MEASURED IN $ / CWT",TOTAL,NOT SPECIFIED,NATIONAL,,99,US,US TOTAL,,,,,,,,0,,,9000,UNITED STATES,US TOTAL,1979,MONTHLY,9,9,SEP,,2012-01-01 00:00:00.000,37.2,
SURVEY,ANIMALS & PRODUCTS,LIVESTOCK,HOGS,ALL CLASSES,ALL PRODUCTION PRACTICES,ALL UTILIZATION PRACTICES,PRICE RECEIVED,$ / CWT,"HOGS - PRICE RECEIVED, MEASURED IN $ / CWT",TOTAL,NOT SPECIFIED,NATIONAL,,99,US,US TOTAL,,,,,,,,0,,,9000,UNITED STATES,US TOTAL,1979,MONTHLY,10,10,OCT,,2012-01-01 00:00:00.000,33.8,
SURVEY,ANIMALS & PRODUCTS,LIVESTOCK,HOGS,ALL CLASSES,ALL PRODUCTION PRACTICES,ALL UTILIZATION PRACTICES,PRICE RECEIVED,$ / CWT,"HOGS - PRICE RECEIVED, MEASURED IN $ / CWT",TOTAL,NOT SPECIFIED,NATIONAL,,99,US,US TOTAL,,,,,,,,0,,,9000,UNITED STATES,US TOTAL,1979,MONTHLY,11,11,NOV,,2012-01-01 00:00:00.000,34.5,
SURVEY,ANIMALS & PRODUCTS,LIVESTOCK,HOGS,ALL CLASSES,ALL PRODUCTION PRACTICES,ALL UTILIZATION PRACTICES,PRICE RECEIVED,$ / CWT,"HOGS - PRICE RECEIVED, MEASURED IN $ / CWT",TOTAL,NOT SPECIFIED,NATIONAL,,99,US,US TOTAL,,,,,,,,0,,,9000,UNITED STATES,US TOTAL,1979,MONTHLY,12,12,DEC,,2012-01-01 00:00:00.000,36.9,
SURVEY,ANIMALS & PRODUCTS,LIVESTOCK,HOGS,ALL CLASSES,ALL PRODUCTION PRACTICES,ALL UTILIZATION PRACTICES,PRICE RECEIVED,$ / CWT,"HOGS - PRICE RECEIVED, MEASURED IN $ / CWT",TOTAL,NOT SPECIFIED,NATIONAL,,99,US,US TOTAL,,,,,,,,0,,,9000,UNITED STATES,US TOTAL,1978,MONTHLY,1,1,JAN,,2012-01-01 00:00:00.000,43.9,
SURVEY,ANIMALS & PRODUCTS,LIVESTOCK,HOGS,ALL CLASSES,ALL PRODUCTION PRACTICES,ALL UTILIZATION PRACTICES,PRICE RECEIVED,$ / CWT,"HOGS - PRICE RECEIVED, MEASURED IN $ / CWT",TOTAL,NOT SPECIFIED,NATIONAL,,99,US,US TOTAL,,,,,,,,0,,,9000,UNITED STATES,US TOTAL,1978,MONTHLY,2,2,FEB,,2012-01-01 00:00:00.000,47.4,
SURVEY,ANIMALS & PRODUCTS,LIVESTOCK,HOGS,ALL CLASSES,ALL PRODUCTION PRACTICES,ALL UTILIZATION PRACTICES,PRICE RECEIVED,$ / CWT,"HOGS - PRICE RECEIVED, MEASURED IN $ / CWT",TOTAL,NOT SPECIFIED,NATIONAL,,99,US,US TOTAL,,,,,,,,0,,,9000,UNITED STATES,US TOTAL,1978,MONTHLY,3,3,MAR,,2012-01-01 00:00:00.000,46.4,
SURVEY,ANIMALS & PRODUCTS,LIVESTOCK,HOGS,ALL CLASSES,ALL PRODUCTION PRACTICES,ALL UTILIZATION PRACTICES,PRICE RECEIVED,$ / CWT,"HOGS - PRICE RECEIVED, MEASURED IN $ / CWT",TOTAL,NOT SPECIFIED,NATIONAL,,99,US,US TOTAL,,,,,,,,0,,,9000,UNITED STATES,US TOTAL,1978,MONTHLY,4,4,APR,,2012-01-01 00:00:00.000,45.0,
SURVEY,ANIMALS & PRODUCTS,LIVESTOCK,HOGS,ALL CLASSES,ALL PRODUCTION PRACTICES,ALL UTILIZATION PRACTICES,PRICE RECEIVED,$ / CWT,"HOGS - PRICE RECEIVED, MEASURED IN $ / CWT",TOTAL,NOT SPECIFIED,NATIONAL,,99,US,US TOTAL,,,,,,,,0,,,9000,UNITED STATES,US TOTAL,1978,MONTHLY,5,5,MAY,,2012-01-01 00:00:00.000,47.9,
SURVEY,ANIMALS & PRODUCTS,LIVESTOCK,HOGS,ALL CLASSES,ALL PRODUCTION PRACTICES,ALL UTILIZATION PRACTICES,PRICE RECEIVED,$ / CWT,"HOGS - PRICE RECEIVED, MEASURED IN $ / CWT",TOTAL,NOT SPECIFIED,NATIONAL,,99,US,US TOTAL,,,,,,,,0,,,9000,UNITED STATES,US TOTAL,1978,MONTHLY,6,6,JUN,,2012-01-01 00:00:00.000,47.6,
SURVEY,ANIMALS & PRODUCTS,LIVESTOCK,HOGS,ALL CLASSES,ALL PRODUCTION PRACTICES,ALL UTILIZATION PRACTICES,PRICE RECEIVED,$ / CWT,"HOGS - PRICE RECEIVED, MEASURED IN $ / CWT",TOTAL,NOT SPECIFIED,NATIONAL,,99,US,US TOTAL,,,,,,,,0,,,9000,UNITED STATES,US TOTAL,1978,MONTHLY,7,7,JUL,,2012-01-01 00:00:00.000,45.4,
SURVEY,ANIMALS & PRODUCTS,LIVESTOCK,HOGS,ALL CLASSES,ALL PRODUCTION PRACTICES,ALL UTILIZATION PRACTICES,PRICE RECEIVED,$ / CWT,"HOGS - PRICE RECEIVED, MEASURED IN $ / CWT",TOTAL,NOT SPECIFIED,NATIONAL,,99,US,US TOTAL,,,,,,,,0,,,9000,UNITED STATES,US TOTAL,1978,MONTHLY,8,8,AUG,,2012-01-01 00:00:00.000,47.4,
SURVEY,ANIMALS & PRODUCTS,LIVESTOCK,HOGS,ALL CLASSES,ALL PRODUCTION PRACTICES,ALL UTILIZATION PRACTICES,PRICE RECEIVED,$ / CWT,"HOGS - PRICE RECEIVED, MEASURED IN $ / CWT",TOTAL,NOT SPECIFIED,NATIONAL,,99,US,US TOTAL,,,,,,,,0,,,9000,UNITED STATES,US TOTAL,1978,MONTHLY,9,9,SEP,,2012-01-01 00:00:00.000,48.0,
SURVEY,ANIMALS & PRODUCTS,LIVESTOCK,HOGS,ALL CLASSES,ALL PRODUCTION PRACTICES,ALL UTILIZATION PRACTICES,PRICE RECEIVED,$ / CWT,"HOGS - PRICE RECEIVED, MEASURED IN $ / CWT",TOTAL,NOT SPECIFIED,NATIONAL,,99,US,US TOTAL,,,,,,,,0,,,9000,UNITED STATES,US TOTAL,1978,MONTHLY,10,10,OCT,,2012-01-01 00:00:00.000,50.8,
SURVEY,ANIMALS & PRODUCTS,LIVESTOCK,HOGS,ALL CLASSES,ALL PRODUCTION PRACTICES,ALL UTILIZATION PRACTICES,PRICE RECEIVED,$ / CWT,"HOGS - PRICE RECEIVED, MEASURED IN $ / CWT",TOTAL,NOT SPECIFIED,NATIONAL,,99,US,US TOTAL,,,,,,,,0,,,9000,UNITED STATES,US TOTAL,1978,MONTHLY,11,11,NOV,,2012-01-01 00:00:00.000,47.3,
SURVEY,ANIMALS & PRODUCTS,LIVESTOCK,HOGS,ALL CLASSES,ALL PRODUCTION PRACTICES,ALL UTILIZATION PRACTICES,PRICE RECEIVED,$ / CWT,"HOGS - PRICE RECEIVED, MEASURED IN $ / CWT",TOTAL,NOT SPECIFIED,NATIONAL,,99,US,US TOTAL,,,,,,,,0,,,9000,UNITED STATES,US TOTAL,1978,MONTHLY,12,12,DEC,,2012-01-01 00:00:00.000,48.0,
SURVEY,ANIMALS & PRODUCTS,LIVESTOCK,HOGS,ALL CLASSES,ALL PRODUCTION PRACTICES,ALL UTILIZATION PRACTICES,PRICE RECEIVED,$ / CWT,"HOGS - PRICE RECEIVED, MEASURED IN $ / CWT",TOTAL,NOT SPECIFIED,NATIONAL,,99,US,US TOTAL,,,,,,,,0,,,9000,UNITED STATES,US TOTAL,1977,MONTHLY,1,1,JAN,,2012-01-01 00:00:00.000,38.1,
SURVEY,ANIMALS & PRODUCTS,LIVESTOCK,HOGS,ALL CLASSES,ALL PRODUCTION PRACTICES,ALL UTILIZATION PRACTICES,PRICE RECEIVED,$ / CWT,"HOGS - PRICE RECEIVED, MEASURED IN $ / CWT",TOTAL,NOT SPECIFIED,NATIONAL,,99,US,US TOTAL,,,,,,,,0,,,9000,UNITED STATES,US TOTAL,1977,MONTHLY,2,2,FEB,,2012-01-01 00:00:00.000,39.4,
SURVEY,ANIMALS & PRODUCTS,LIVESTOCK,HOGS,ALL CLASSES,ALL PRODUCTION PRACTICES,ALL UTILIZATION PRACTICES,PRICE RECEIVED,$ / CWT,"HOGS - PRICE RECEIVED, MEASURED IN $ / CWT",TOTAL,NOT SPECIFIED,NATIONAL,,99,US,US TOTAL,,,,,,,,0,,,9000,UNITED STATES,US TOTAL,1977,MONTHLY,3,3,MAR,,2012-01-01 00:00:00.000,37.2,
SURVEY,ANIMALS & PRODUCTS,LIVESTOCK,HOGS,ALL CLASSES,ALL PRODUCTION PRACTICES,ALL UTILIZATION PRACTICES,PRICE RECEIVED,$ / CWT,"HOGS - PRICE RECEIVED, MEASURED IN $ / CWT",TOTAL,NOT SPECIFIED,NATIONAL,,99,US,US TOTAL,,,,,,,,0,,,9000,UNITED STATES,US TOTAL,1977,MONTHLY,4,4,APR,,2012-01-01 00:00:00.000,36.0,
SURVEY,ANIMALS & PRODUCTS,LIVESTOCK,HOGS,ALL CLASSES,ALL PRODUCTION PRACTICES,ALL UTILIZATION PRACTICES,PRICE RECEIVED,$ / CWT,"HOGS - PRICE RECEIVED, MEASURED IN $ / CWT",TOTAL,NOT SPECIFIED,NATIONAL,,99,US,US TOTAL,,,,,,,,0,,,9000,UNITED STATES,US TOTAL,1977,MONTHLY,5,5,MAY,,2012-01-01 00:00:00.000,40.7,
SURVEY,ANIMALS & PRODUCTS,LIVESTOCK,HOGS,ALL CLASSES,ALL PRODUCTION PRACTICES,ALL UTILIZATION PRACTICES,PRICE RECEIVED,$ / CWT,"HOGS - PRICE RECEIVED, MEASURED IN $ / CWT",TOTAL,NOT SPECIFIED,NATIONAL,,99,US,US TOTAL,,,,,,,,0,,,9000,UNITED STATES,US TOTAL,1977,MONTHLY,6,6,JUN,,2012-01-01 00:00:00.000,42.0,
SURVEY,ANIMALS & PRODUCTS,LIVESTOCK,HOGS,ALL CLASSES,ALL PRODUCTION PRACTICES,ALL UTILIZATION PRACTICES,PRICE RECEIVED,$ / CWT,"HOGS - PRICE RECEIVED, MEASURED IN $ / CWT",TOTAL,NOT SPECIFIED,NATIONAL,,99,US,US TOTAL,,,,,,,,0,,,9000,UNITED STATES,US TOTAL,1977,MONTHLY,7,7,JUL,,2012-01-01 00:00:00.000,44.8,
SURVEY,ANIMALS & PRODUCTS,LIVESTOCK,HOGS,ALL CLASSES,ALL PRODUCTION PRACTICES,ALL UTILIZATION PRACTICES,PRICE RECEIVED,$ / CWT,"HOGS - PRICE RECEIVED, MEASURED IN $ / CWT",TOTAL,NOT SPECIFIED,NATIONAL,,99,US,US TOTAL,,,,,,,,0,,,9000,UNITED STATES,US TOTAL,1977,MONTHLY,8,8,AUG,,2012-01-01 00:00:00.000,42.8,
SURVEY,ANIMALS & PRODUCTS,LIVESTOCK,HOGS,ALL CLASSES,ALL PRODUCTION PRACTICES,ALL UTILIZATION PRACTICES,PRICE RECEIVED,$ / CWT,"HOGS - PRICE RECEIVED, MEASURED IN $ / CWT",TOTAL,NOT SPECIFIED,NATIONAL,,99,US,US TOTAL,,,,,,,,0,,,9000,UNITED STATES,US TOTAL,1977,MONTHLY,9,9,SEP,,2012-01-01 00:00:00.000,40.3,
SURVEY,ANIMALS & PRODUCTS,LIVESTOCK,HOGS,ALL CLASSES,ALL PRODUCTION PRACTICES,ALL UTILIZATION PRACTICES,PRICE RECEIVED,$ / CWT,"HOGS - PRICE RECEIVED, MEASURED IN $ / CWT",TOTAL,NOT SPECIFIED,NATIONAL,,99,US,US TOTAL,,,,,,,,0,,,9000,UNITED STATES,US TOTAL,1977,MONTHLY,10,10,OCT,,2012-01-01 00:00:00.000,39.9,
SURVEY,ANIMALS & PRODUCTS,LIVESTOCK,HOGS,ALL CLASSES,ALL PRODUCTION PRACTICES,ALL UTILIZATION PRACTICES,PRICE RECEIVED,$ / CWT,"HOGS - PRICE RECEIVED, MEASURED IN $ / CWT",TOTAL,NOT SPECIFIED,NATIONAL,,99,US,US TOTAL,,,,,,,,0,,,9000,UNITED STATES,US TOTAL,1977,MONTHLY,11,11,NOV,,2012-01-01 00:00:00.000,37.8,
SURVEY,ANIMALS & PRODUCTS,LIVESTOCK,HOGS,ALL CLASSES,ALL PRODUCTION PRACTICES,ALL UTILIZATION PRACTICES,PRICE RECEIVED,$ / CWT,"HOGS - PRICE RECEIVED, MEASURED IN $ / CWT",TOTAL,NOT SPECIFIED,NATIONAL,,99,US,US TOTAL,,,,,,,,0,,,9000,UNITED STATES,US TOTAL,1977,MONTHLY,12,12,DEC,,2012-01-01 00:00:00.000,41.8,
SURVEY,ANIMALS & PRODUCTS,LIVESTOCK,HOGS,ALL CLASSES,ALL PRODUCTION PRACTICES,ALL UTILIZATION PRACTICES,PRICE RECEIVED,$ / CWT,"HOGS - PRICE RECEIVED, MEASURED IN $ / CWT",TOTAL,NOT SPECIFIED,NATIONAL,,99,US,US TOTAL,,,,,,,,0,,,9000,UNITED STATES,US TOTAL,1976,MONTHLY,1,1,JAN,,2012-01-01 00:00:00.000,47.7,
SURVEY,ANIMALS & PRODUCTS,LIVESTOCK,HOGS,ALL CLASSES,ALL PRODUCTION PRACTICES,ALL UTILIZATION PRACTICES,PRICE RECEIVED,$ / CWT,"HOGS - PRICE RECEIVED, MEASURED IN $ / CWT",TOTAL,NOT SPECIFIED,NATIONAL,,99,US,US TOTAL,,,,,,,,0,,,9000,UNITED STATES,US TOTAL,1976,MONTHLY,2,2,FEB,,2012-01-01 00:00:00.000,48.0,
SURVEY,ANIMALS & PRODUCTS,LIVESTOCK,HOGS,ALL CLASSES,ALL PRODUCTION PRACTICES,ALL UTILIZATION PRACTICES,PRICE RECEIVED,$ / CWT,"HOGS - PRICE RECEIVED, MEASURED IN $ / CWT",TOTAL,NOT SPECIFIED,NATIONAL,,99,US,US TOTAL,,,,,,,,0,,,9000,UNITED STATES,US TOTAL,1976,MONTHLY,3,3,MAR,,2012-01-01 00:00:00.000,45.6,
SURVEY,ANIMALS & PRODUCTS,LIVESTOCK,HOGS,ALL CLASSES,ALL PRODUCTION PRACTICES,ALL UTILIZATION PRACTICES,PRICE RECEIVED,$ / CWT,"HOGS - PRICE RECEIVED, MEASURED IN $ / CWT",TOTAL,NOT SPECIFIED,NATIONAL,,99,US,US TOTAL,,,,,,,,0,,,9000,UNITED STATES,US TOTAL,1976,MONTHLY,4,4,APR,,2012-01-01 00:00:00.000,47.0,
SURVEY,ANIMALS & PRODUCTS,LIVESTOCK,HOGS,ALL CLASSES,ALL PRODUCTION PRACTICES,ALL UTILIZATION PRACTICES,PRICE RECEIVED,$ / CWT,"HOGS - PRICE RECEIVED, MEASURED IN $ / CWT",TOTAL,NOT SPECIFIED,NATIONAL,,99,US,US TOTAL,,,,,,,,0,,,9000,UNITED STATES,US TOTAL,1976,MONTHLY,5,5,MAY,,2012-01-01 00:00:00.000,47.6,
SURVEY,ANIMALS & PRODUCTS,LIVESTOCK,HOGS,ALL CLASSES,ALL PRODUCTION PRACTICES,ALL UTILIZATION PRACTICES,PRICE RECEIVED,$ / CWT,"HOGS - PRICE RECEIVED, MEASURED IN $ / CWT",TOTAL,NOT SPECIFIED,NATIONAL,,99,US,US TOTAL,,,,,,,,0,,,9000,UNITED STATES,US TOTAL,1976,MONTHLY,6,6,JUN,,2012-01-01 00:00:00.000,49.2,
SURVEY,ANIMALS & PRODUCTS,LIVESTOCK,HOGS,ALL CLASSES,ALL PRODUCTION PRACTICES,ALL UTILIZATION PRACTICES,PRICE RECEIVED,$ / CWT,"HOGS - PRICE RECEIVED, MEASURED IN $ / CWT",TOTAL,NOT SPECIFIED,NATIONAL,,99,US,US TOTAL,,,,,,,,0,,,9000,UNITED STATES,US TOTAL,1976,MONTHLY,7,7,JUL,,2012-01-01 00:00:00.000,47.6,
SURVEY,ANIMALS & PRODUCTS,LIVESTOCK,HOGS,ALL CLASSES,ALL PRODUCTION PRACTICES,ALL UTILIZATION PRACTICES,PRICE RECEIVED,$ / CWT,"HOGS - PRICE RECEIVED, MEASURED IN $ / CWT",TOTAL,NOT SPECIFIED,NATIONAL,,99,US,US TOTAL,,,,,,,,0,,,9000,UNITED STATES,US TOTAL,1976,MONTHLY,8,8,AUG,,2012-01-01 00:00:00.000,42.6,
SURVEY,ANIMALS & PRODUCTS,LIVESTOCK,HOGS,ALL CLASSES,ALL PRODUCTION PRACTICES,ALL UTILIZATION PRACTICES,PRICE RECEIVED,$ / CWT,"HOGS - PRICE RECEIVED, MEASURED IN $ / CWT",TOTAL,NOT SPECIFIED,NATIONAL,,99,US,US TOTAL,,,,,,,,0,,,9000,UNITED STATES,US TOTAL,1976,MONTHLY,9,9,SEP,,2012-01-01 00:00:00.000,39.7,
SURVEY,ANIMALS & PRODUCTS,LIVESTOCK,HOGS,ALL CLASSES,ALL PRODUCTION PRACTICES,ALL UTILIZATION PRACTICES,PRICE RECEIVED,$ / CWT,"HOGS - PRICE RECEIVED, MEASURED IN $ / CWT",TOTAL,NOT SPECIFIED,NATIONAL,,99,US,US TOTAL,,,,,,,,0,,,9000,UNITED STATES,US TOTAL,1976,MONTHLY,10,10,OCT,,2012-01-01 00:00:00.000,32.9,
SURVEY,ANIMALS & PRODUCTS,LIVESTOCK,HOGS,ALL CLASSES,ALL PRODUCTION PRACTICES,ALL UTILIZATION PRACTICES,PRICE RECEIVED,$ / CWT,"HOGS - PRICE RECEIVED, MEASURED IN $ / CWT",TOTAL,NOT SPECIFIED,NATIONAL,,99,US,US TOTAL,,,,,,,,0,,,9000,UNITED STATES,US TOTAL,1976,MONTHLY,11,11,NOV,,2012-01-01 00:00:00.000,31.2,
SURVEY,ANIMALS & PRODUCTS,LIVESTOCK,HOGS,ALL CLASSES,ALL PRODUCTION PRACTICES,ALL UTILIZATION PRACTICES,PRICE RECEIVED,$ / CWT,"HOGS - PRICE RECEIVED, MEASURED IN $ / CWT",TOTAL,NOT SPECIFIED,NATIONAL,,99,US,US TOTAL,,,,,,,,0,,,9000,UNITED STATES,US TOTAL,1976,MONTHLY,12,12,DEC,,2012-01-01 00:00:00.000,36.6,
SURVEY,ANIMALS & PRODUCTS,LIVESTOCK,HOGS,ALL CLASSES,ALL PRODUCTION PRACTICES,ALL UTILIZATION PRACTICES,PRICE RECEIVED,$ / CWT,"HOGS - PRICE RECEIVED, MEASURED IN $ / CWT",TOTAL,NOT SPECIFIED,NATIONAL,,99,US,US TOTAL,,,,,,,,0,,,9000,UNITED STATES,US TOTAL,1975,MONTHLY,1,1,JAN,,2012-01-01 00:00:00.000,38.2,
SURVEY,ANIMALS & PRODUCTS,LIVESTOCK,HOGS,ALL CLASSES,ALL PRODUCTION PRACTICES,ALL UTILIZATION PRACTICES,PRICE RECEIVED,$ / CWT,"HOGS - PRICE RECEIVED, MEASURED IN $ / CWT",TOTAL,NOT SPECIFIED,NATIONAL,,99,US,US TOTAL,,,,,,,,0,,,9000,UNITED STATES,US TOTAL,1975,MONTHLY,2,2,FEB,,2012-01-01 00:00:00.000,38.5,
SURVEY,ANIMALS & PRODUCTS,LIVESTOCK,HOGS,ALL CLASSES,ALL PRODUCTION PRACTICES,ALL UTILIZATION PRACTICES,PRICE RECEIVED,$ / CWT,"HOGS - PRICE RECEIVED, MEASURED IN $ / CWT",TOTAL,NOT SPECIFIED,NATIONAL,,99,US,US TOTAL,,,,,,,,0,,,9000,UNITED STATES,US TOTAL,1975,MONTHLY,3,3,MAR,,2012-01-01 00:00:00.000,38.6,
SURVEY,ANIMALS & PRODUCTS,LIVESTOCK,HOGS,ALL CLASSES,ALL PRODUCTION PRACTICES,ALL UTILIZATION PRACTICES,PRICE RECEIVED,$ / CWT,"HOGS - PRICE RECEIVED, MEASURED IN $ / CWT",TOTAL,NOT SPECIFIED,NATIONAL,,99,US,US TOTAL,,,,,,,,0,,,9000,UNITED STATES,US TOTAL,1975,MONTHLY,4,4,APR,,2012-01-01 00:00:00.000,39.3,
SURVEY,ANIMALS & PRODUCTS,LIVESTOCK,HOGS,ALL CLASSES,ALL PRODUCTION PRACTICES,ALL UTILIZATION PRACTICES,PRICE RECEIVED,$ / CWT,"HOGS - PRICE RECEIVED, MEASURED IN $ / CWT",TOTAL,NOT SPECIFIED,NATIONAL,,99,US,US TOTAL,,,,,,,,0,,,9000,UNITED STATES,US TOTAL,1975,MONTHLY,5,5,MAY,,2012-01-01 00:00:00.000,45.1,
SURVEY,ANIMALS & PRODUCTS,LIVESTOCK,HOGS,ALL CLASSES,ALL PRODUCTION PRACTICES,ALL UTILIZATION PRACTICES,PRICE RECEIVED,$ / CWT,"HOGS - PRICE RECEIVED, MEASURED IN $ / CWT",TOTAL,NOT SPECIFIED,NATIONAL,,99,US,US TOTAL,,,,,,,,0,,,9000,UNITED STATES,US TOTAL,1975,MONTHLY,6,6,JUN,,2012-01-01 00:00:00.000,47.4,
SURVEY,ANIMALS & PRODUCTS,LIVESTOCK,HOGS,ALL CLASSES,ALL PRODUCTION PRACTICES,ALL UTILIZATION PRACTICES,PRICE RECEIVED,$ / CWT,"HOGS - PRICE RECEIVED, MEASURED IN $ / CWT",TOTAL,NOT SPECIFIED,NATIONAL,,99,US,US TOTAL,,,,,,,,0,,,9000,UNITED STATES,US TOTAL,1975,MONTHLY,7,7,JUL,,2012-01-01 00:00:00.000,53.9,
SURVEY,ANIMALS & PRODUCTS,LIVESTOCK,HOGS,ALL CLASSES,ALL PRODUCTION PRACTICES,ALL UTILIZATION PRACTICES,PRICE RECEIVED,$ / CWT,"HOGS - PRICE RECEIVED, MEASURED IN $ / CWT",TOTAL,NOT SPECIFIED,NATIONAL,,99,US,US TOTAL,,,,,,,,0,,,9000,UNITED STATES,US TOTAL,1975,MONTHLY,8,8,AUG,,2012-01-01 00:00:00.000,56.1,
SURVEY,ANIMALS & PRODUCTS,LIVESTOCK,HOGS,ALL CLASSES,ALL PRODUCTION PRACTICES,ALL UTILIZATION PRACTICES,PRICE RECEIVED,$ / CWT,"HOGS - PRICE RECEIVED, MEASURED IN $ / CWT",TOTAL,NOT SPECIFIED,NATIONAL,,99,US,US TOTAL,,,,,,,,0,,,9000,UNITED STATES,US TOTAL,1975,MONTHLY,9,9,SEP,,2012-01-01 00:00:00.000,58.6,
SURVEY,ANIMALS & PRODUCTS,LIVESTOCK,HOGS,ALL CLASSES,ALL PRODUCTION PRACTICES,ALL UTILIZATION PRACTICES,PRICE RECEIVED,$ / CWT,"HOGS - PRICE RECEIVED, MEASURED IN $ / CWT",TOTAL,NOT SPECIFIED,NATIONAL,,99,US,US TOTAL,,,,,,,,0,,,9000,UNITED STATES,US TOTAL,1975,MONTHLY,10,10,OCT,,2012-01-01 00:00:00.000,58.3,
SURVEY,ANIMALS & PRODUCTS,LIVESTOCK,HOGS,ALL CLASSES,ALL PRODUCTION PRACTICES,ALL UTILIZATION PRACTICES,PRICE RECEIVED,$ / CWT,"HOGS - PRICE RECEIVED, MEASURED IN $ / CWT",TOTAL,NOT SPECIFIED,NATIONAL,,99,US,US TOTAL,,,,,,,,0,,,9000,UNITED STATES,US TOTAL,1975,MONTHLY,11,11,NOV,,2012-01-01 00:00:00.000,49.1,
SURVEY,ANIMALS & PRODUCTS,LIVESTOCK,HOGS,ALL CLASSES,ALL PRODUCTION PRACTICES,ALL UTILIZATION PRACTICES,PRICE RECEIVED,$ / CWT,"HOGS - PRICE RECEIVED, MEASURED IN $ / CWT",TOTAL,NOT SPECIFIED,NATIONAL,,99,US,US TOTAL,,,,,,,,0,,,9000,UNITED STATES,US TOTAL,1975,MONTHLY,12,12,DEC,,2012-01-01 00:00:00.000,47.6,
SURVEY,ANIMALS & PRODUCTS,LIVESTOCK,HOGS,ALL CLASSES,ALL PRODUCTION PRACTICES,ALL UTILIZATION PRACTICES,PRICE RECEIVED,$ / CWT,"HOGS - PRICE RECEIVED, MEASURED IN $ / CWT",TOTAL,NOT SPECIFIED,NATIONAL,,99,US,US TOTAL,,,,,,,,0,,,9000,UNITED STATES,US TOTAL,1974,MONTHLY,1,1,JAN,,2012-01-01 00:00:00.000,40.1,
SURVEY,ANIMALS & PRODUCTS,LIVESTOCK,HOGS,ALL CLASSES,ALL PRODUCTION PRACTICES,ALL UTILIZATION PRACTICES,PRICE RECEIVED,$ / CWT,"HOGS - PRICE RECEIVED, MEASURED IN $ / CWT",TOTAL,NOT SPECIFIED,NATIONAL,,99,US,US TOTAL,,,,,,,,0,,,9000,UNITED STATES,US TOTAL,1974,MONTHLY,2,2,FEB,,2012-01-01 00:00:00.000,39.3,
SURVEY,ANIMALS & PRODUCTS,LIVESTOCK,HOGS,ALL CLASSES,ALL PRODUCTION PRACTICES,ALL UTILIZATION PRACTICES,PRICE RECEIVED,$ / CWT,"HOGS - PRICE RECEIVED, MEASURED IN $ / CWT",TOTAL,NOT SPECIFIED,NATIONAL,,99,US,US TOTAL,,,,,,,,0,,,9000,UNITED STATES,US TOTAL,1974,MONTHLY,3,3,MAR,,2012-01-01 00:00:00.000,35.0,
SURVEY,ANIMALS & PRODUCTS,LIVESTOCK,HOGS,ALL CLASSES,ALL PRODUCTION PRACTICES,ALL UTILIZATION PRACTICES,PRICE RECEIVED,$ / CWT,"HOGS - PRICE RECEIVED, MEASURED IN $ / CWT",TOTAL,NOT SPECIFIED,NATIONAL,,99,US,US TOTAL,,,,,,,,0,,,9000,UNITED STATES,US TOTAL,1974,MONTHLY,4,4,APR,,2012-01-01 00:00:00.000,30.6,
SURVEY,ANIMALS & PRODUCTS,LIVESTOCK,HOGS,ALL CLASSES,ALL PRODUCTION PRACTICES,ALL UTILIZATION PRACTICES,PRICE RECEIVED,$ / CWT,"HOGS - PRICE RECEIVED, MEASURED IN $ / CWT",TOTAL,NOT SPECIFIED,NATIONAL,,99,US,US TOTAL,,,,,,,,0,,,9000,UNITED STATES,US TOTAL,1974,MONTHLY,5,5,MAY,,2012-01-01 00:00:00.000,26.3,
SURVEY,ANIMALS & PRODUCTS,LIVESTOCK,HOGS,ALL CLASSES,ALL PRODUCTION PRACTICES,ALL UTILIZATION PRACTICES,PRICE RECEIVED,$ / CWT,"HOGS - PRICE RECEIVED, MEASURED IN $ / CWT",TOTAL,NOT SPECIFIED,NATIONAL,,99,US,US TOTAL,,,,,,,,0,,,9000,UNITED STATES,US TOTAL,1974,MONTHLY,6,6,JUN,,2012-01-01 00:00:00.000,24.2,
SURVEY,ANIMALS & PRODUCTS,LIVESTOCK,HOGS,ALL CLASSES,ALL PRODUCTION PRACTICES,ALL UTILIZATION PRACTICES,PRICE RECEIVED,$ / CWT,"HOGS - PRICE RECEIVED, MEASURED IN $ / CWT",TOTAL,NOT SPECIFIED,NATIONAL,,99,US,US TOTAL,,,,,,,,0,,,9000,UNITED STATES,US TOTAL,1974,MONTHLY,7,7,JUL,,2012-01-01 00:00:00.000,34.3,
SURVEY,ANIMALS & PRODUCTS,LIVESTOCK,HOGS,ALL CLASSES,ALL PRODUCTION PRACTICES,ALL UTILIZATION PRACTICES,PRICE RECEIVED,$ / CWT,"HOGS - PRICE RECEIVED, MEASURED IN $ / CWT",TOTAL,NOT SPECIFIED,NATIONAL,,99,US,US TOTAL,,,,,,,,0,,,9000,UNITED STATES,US TOTAL,1974,MONTHLY,8,8,AUG,,2012-01-01 00:00:00.000,36.0,
SURVEY,ANIMALS & PRODUCTS,LIVESTOCK,HOGS,ALL CLASSES,ALL PRODUCTION PRACTICES,ALL UTILIZATION PRACTICES,PRICE RECEIVED,$ / CWT,"HOGS - PRICE RECEIVED, MEASURED IN $ / CWT",TOTAL,NOT SPECIFIED,NATIONAL,,99,US,US TOTAL,,,,,,,,0,,,9000,UNITED STATES,US TOTAL,1974,MONTHLY,9,9,SEP,,2012-01-01 00:00:00.000,33.7,
SURVEY,ANIMALS & PRODUCTS,LIVESTOCK,HOGS,ALL CLASSES,ALL PRODUCTION PRACTICES,ALL UTILIZATION PRACTICES,PRICE RECEIVED,$ / CWT,"HOGS - PRICE RECEIVED, MEASURED IN $ / CWT",TOTAL,NOT SPECIFIED,NATIONAL,,99,US,US TOTAL,,,,,,,,0,,,9000,UNITED STATES,US TOTAL,1974,MONTHLY,10,10,OCT,,2012-01-01 00:00:00.000,37.1,
SURVEY,ANIMALS & PRODUCTS,LIVESTOCK,HOGS,ALL CLASSES,ALL PRODUCTION PRACTICES,ALL UTILIZATION PRACTICES,PRICE RECEIVED,$ / CWT,"HOGS - PRICE RECEIVED, MEASURED IN $ / CWT",TOTAL,NOT SPECIFIED,NATIONAL,,99,US,US TOTAL,,,,,,,,0,,,9000,UNITED STATES,US TOTAL,1974,MONTHLY,11,11,NOV,,2012-01-01 00:00:00.000,36.8,
SURVEY,ANIMALS & PRODUCTS,LIVESTOCK,HOGS,ALL CLASSES,ALL PRODUCTION PRACTICES,ALL UTILIZATION PRACTICES,PRICE RECEIVED,$ / CWT,"HOGS - PRICE RECEIVED, MEASURED IN $ / CWT",TOTAL,NOT SPECIFIED,NATIONAL,,99,US,US TOTAL,,,,,,,,0,,,9000,UNITED STATES,US TOTAL,1974,MONTHLY,12,12,DEC,,2012-01-01 00:00:00.000,38.4,
SURVEY,ANIMALS & PRODUCTS,LIVESTOCK,HOGS,ALL CLASSES,ALL PRODUCTION PRACTICES,ALL UTILIZATION PRACTICES,PRICE RECEIVED,$ / CWT,"HOGS - PRICE RECEIVED, MEASURED IN $ / CWT",TOTAL,NOT SPECIFIED,NATIONAL,,99,US,US TOTAL,,,,,,,,0,,,9000,UNITED STATES,US TOTAL,1973,MONTHLY,1,1,JAN,,2012-01-01 00:00:00.000,31.0,
SURVEY,ANIMALS & PRODUCTS,LIVESTOCK,HOGS,ALL CLASSES,ALL PRODUCTION PRACTICES,ALL UTILIZATION PRACTICES,PRICE RECEIVED,$ / CWT,"HOGS - PRICE RECEIVED, MEASURED IN $ / CWT",TOTAL,NOT SPECIFIED,NATIONAL,,99,US,US TOTAL,,,,,,,,0,,,9000,UNITED STATES,US TOTAL,1973,MONTHLY,2,2,FEB,,2012-01-01 00:00:00.000,34.3,
SURVEY,ANIMALS & PRODUCTS,LIVESTOCK,HOGS,ALL CLASSES,ALL PRODUCTION PRACTICES,ALL UTILIZATION PRACTICES,PRICE RECEIVED,$ / CWT,"HOGS - PRICE RECEIVED, MEASURED IN $ / CWT",TOTAL,NOT SPECIFIED,NATIONAL,,99,US,US TOTAL,,,,,,,,0,,,9000,UNITED STATES,US TOTAL,1973,MONTHLY,3,3,MAR,,2012-01-01 00:00:00.000,38.2,
SURVEY,ANIMALS & PRODUCTS,LIVESTOCK,HOGS,ALL CLASSES,ALL PRODUCTION PRACTICES,ALL UTILIZATION PRACTICES,PRICE RECEIVED,$ / CWT,"HOGS - PRICE RECEIVED, MEASURED IN $ / CWT",TOTAL,NOT SPECIFIED,NATIONAL,,99,US,US TOTAL,,,,,,,,0,,,9000,UNITED STATES,US TOTAL,1973,MONTHLY,4,4,APR,,2012-01-01 00:00:00.000,35.1,
SURVEY,ANIMALS & PRODUCTS,LIVESTOCK,HOGS,ALL CLASSES,ALL PRODUCTION PRACTICES,ALL UTILIZATION PRACTICES,PRICE RECEIVED,$ / CWT,"HOGS - PRICE RECEIVED, MEASURED IN $ / CWT",TOTAL,NOT SPECIFIED,NATIONAL,,99,US,US TOTAL,,,,,,,,0,,,9000,UNITED STATES,US TOTAL,1973,MONTHLY,5,5,MAY,,2012-01-01 00:00:00.000,35.3,
SURVEY,ANIMALS & PRODUCTS,LIVESTOCK,HOGS,ALL CLASSES,ALL PRODUCTION PRACTICES,ALL UTILIZATION PRACTICES,PRICE RECEIVED,$ / CWT,"HOGS - PRICE RECEIVED, MEASURED IN $ / CWT",TOTAL,NOT SPECIFIED,NATIONAL,,99,US,US TOTAL,,,,,,,,0,,,9000,UNITED STATES,US TOTAL,1973,MONTHLY,6,6,JUN,,2012-01-01 00:00:00.000,37.3,
SURVEY,ANIMALS & PRODUCTS,LIVESTOCK,HOGS,ALL CLASSES,ALL PRODUCTION PRACTICES,ALL UTILIZATION PRACTICES,PRICE RECEIVED,$ / CWT,"HOGS - PRICE RECEIVED, MEASURED IN $ / CWT",TOTAL,NOT SPECIFIED,NATIONAL,,99,US,US TOTAL,,,,,,,,0,,,9000,UNITED STATES,US TOTAL,1973,MONTHLY,7,7,JUL,,2012-01-01 00:00:00.000,41.3,
SURVEY,ANIMALS & PRODUCTS,LIVESTOCK,HOGS,ALL CLASSES,ALL PRODUCTION PRACTICES,ALL UTILIZATION PRACTICES,PRICE RECEIVED,$ / CWT,"HOGS - PRICE RECEIVED, MEASURED IN $ / CWT",TOTAL,NOT SPECIFIED,NATIONAL,,99,US,US TOTAL,,,,,,,,0,,,9000,UNITED STATES,US TOTAL,1973,MONTHLY,8,8,AUG,,2012-01-01 00:00:00.000,56.3,
SURVEY,ANIMALS & PRODUCTS,LIVESTOCK,HOGS,ALL CLASSES,ALL PRODUCTION PRACTICES,ALL UTILIZATION PRACTICES,PRICE RECEIVED,$ / CWT,"HOGS - PRICE RECEIVED, MEASURED IN $ / CWT",TOTAL,NOT SPECIFIED,NATIONAL,,99,US,US TOTAL,,,,,,,,0,,,9000,UNITED STATES,US TOTAL,1973,MONTHLY,9,9,SEP,,2012-01-01 00:00:00.000,43.8,
SURVEY,ANIMALS & PRODUCTS,LIVESTOCK,HOGS,ALL CLASSES,ALL PRODUCTION PRACTICES,ALL UTILIZATION PRACTICES,PRICE RECEIVED,$ / CWT,"HOGS - PRICE RECEIVED, MEASURED IN $ / CWT",TOTAL,NOT SPECIFIED,NATIONAL,,99,US,US TOTAL,,,,,,,,0,,,9000,UNITED STATES,US TOTAL,1973,MONTHLY,10,10,OCT,,2012-01-01 00:00:00.000,40.9,
SURVEY,ANIMALS & PRODUCTS,LIVESTOCK,HOGS,ALL CLASSES,ALL PRODUCTION PRACTICES,ALL UTILIZATION PRACTICES,PRICE RECEIVED,$ / CWT,"HOGS - PRICE RECEIVED, MEASURED IN $ / CWT",TOTAL,NOT SPECIFIED,NATIONAL,,99,US,US TOTAL,,,,,,,,0,,,9000,UNITED STATES,US TOTAL,1973,MONTHLY,11,11,NOV,,2012-01-01 00:00:00.000,40.5,
SURVEY,ANIMALS & PRODUCTS,LIVESTOCK,HOGS,ALL CLASSES,ALL PRODUCTION PRACTICES,ALL UTILIZATION PRACTICES,PRICE RECEIVED,$ / CWT,"HOGS - PRICE RECEIVED, MEASURED IN $ / CWT",TOTAL,NOT SPECIFIED,NATIONAL,,99,US,US TOTAL,,,,,,,,0,,,9000,UNITED STATES,US TOTAL,1973,MONTHLY,12,12,DEC,,2012-01-01 00:00:00.000,38.2,
SURVEY,ANIMALS & PRODUCTS,LIVESTOCK,HOGS,ALL CLASSES,ALL PRODUCTION PRACTICES,ALL UTILIZATION PRACTICES,PRICE RECEIVED,$ / CWT,"HOGS - PRICE RECEIVED, MEASURED IN $ / CWT",TOTAL,NOT SPECIFIED,NATIONAL,,99,US,US TOTAL,,,,,,,,0,,,9000,UNITED STATES,US TOTAL,1972,MONTHLY,1,1,JAN,,2012-01-01 00:00:00.000,22.8,
SURVEY,ANIMALS & PRODUCTS,LIVESTOCK,HOGS,ALL CLASSES,ALL PRODUCTION PRACTICES,ALL UTILIZATION PRACTICES,PRICE RECEIVED,$ / CWT,"HOGS - PRICE RECEIVED, MEASURED IN $ / CWT",TOTAL,NOT SPECIFIED,NATIONAL,,99,US,US TOTAL,,,,,,,,0,,,9000,UNITED STATES,US TOTAL,1972,MONTHLY,2,2,FEB,,2012-01-01 00:00:00.000,25.6,
SURVEY,ANIMALS & PRODUCTS,LIVESTOCK,HOGS,ALL CLASSES,ALL PRODUCTION PRACTICES,ALL UTILIZATION PRACTICES,PRICE RECEIVED,$ / CWT,"HOGS - PRICE RECEIVED, MEASURED IN $ / CWT",TOTAL,NOT SPECIFIED,NATIONAL,,99,US,US TOTAL,,,,,,,,0,,,9000,UNITED STATES,US TOTAL,1972,MONTHLY,3,3,MAR,,2012-01-01 00:00:00.000,23.3,
SURVEY,ANIMALS & PRODUCTS,LIVESTOCK,HOGS,ALL CLASSES,ALL PRODUCTION PRACTICES,ALL UTILIZATION PRACTICES,PRICE RECEIVED,$ / CWT,"HOGS - PRICE RECEIVED, MEASURED IN $ / CWT",TOTAL,NOT SPECIFIED,NATIONAL,,99,US,US TOTAL,,,,,,,,0,,,9000,UNITED STATES,US TOTAL,1972,MONTHLY,4,4,APR,,2012-01-01 00:00:00.000,22.5,
SURVEY,ANIMALS & PRODUCTS,LIVESTOCK,HOGS,ALL CLASSES,ALL PRODUCTION PRACTICES,ALL UTILIZATION PRACTICES,PRICE RECEIVED,$ / CWT,"HOGS - PRICE RECEIVED, MEASURED IN $ / CWT",TOTAL,NOT SPECIFIED,NATIONAL,,99,US,US TOTAL,,,,,,,,0,,,9000,UNITED STATES,US TOTAL,1972,MONTHLY,5,5,MAY,,2012-01-01 00:00:00.000,24.9,
SURVEY,ANIMALS & PRODUCTS,LIVESTOCK,HOGS,ALL CLASSES,ALL PRODUCTION PRACTICES,ALL UTILIZATION PRACTICES,PRICE RECEIVED,$ / CWT,"HOGS - PRICE RECEIVED, MEASURED IN $ / CWT",TOTAL,NOT SPECIFIED,NATIONAL,,99,US,US TOTAL,,,,,,,,0,,,9000,UNITED STATES,US TOTAL,1972,MONTHLY,6,6,JUN,,2012-01-01 00:00:00.000,25.6,
SURVEY,ANIMALS & PRODUCTS,LIVESTOCK,HOGS,ALL CLASSES,ALL PRODUCTION PRACTICES,ALL UTILIZATION PRACTICES,PRICE RECEIVED,$ / CWT,"HOGS - PRICE RECEIVED, MEASURED IN $ / CWT",TOTAL,NOT SPECIFIED,NATIONAL,,99,US,US TOTAL,,,,,,,,0,,,9000,UNITED STATES,US TOTAL,1972,MONTHLY,7,7,JUL,,2012-01-01 00:00:00.000,27.5,
SURVEY,ANIMALS & PRODUCTS,LIVESTOCK,HOGS,ALL CLASSES,ALL PRODUCTION PRACTICES,ALL UTILIZATION PRACTICES,PRICE RECEIVED,$ / CWT,"HOGS - PRICE RECEIVED, MEASURED IN $ / CWT",TOTAL,NOT SPECIFIED,NATIONAL,,99,US,US TOTAL,,,,,,,,0,,,9000,UNITED STATES,US TOTAL,1972,MONTHLY,8,8,AUG,,2012-01-01 00:00:00.000,28.0,
SURVEY,ANIMALS & PRODUCTS,LIVESTOCK,HOGS,ALL CLASSES,ALL PRODUCTION PRACTICES,ALL UTILIZATION PRACTICES,PRICE RECEIVED,$ / CWT,"HOGS - PRICE RECEIVED, MEASURED IN $ / CWT",TOTAL,NOT SPECIFIED,NATIONAL,,99,US,US TOTAL,,,,,,,,0,,,9000,UNITED STATES,US TOTAL,1972,MONTHLY,9,9,SEP,,2012-01-01 00:00:00.000,28.1,
SURVEY,ANIMALS & PRODUCTS,LIVESTOCK,HOGS,ALL CLASSES,ALL PRODUCTION PRACTICES,ALL UTILIZATION PRACTICES,PRICE RECEIVED,$ / CWT,"HOGS - PRICE RECEIVED, MEASURED IN $ / CWT",TOTAL,NOT SPECIFIED,NATIONAL,,99,US,US TOTAL,,,,,,,,0,,,9000,UNITED STATES,US TOTAL,1972,MONTHLY,10,10,OCT,,2012-01-01 00:00:00.000,27.4,
SURVEY,ANIMALS & PRODUCTS,LIVESTOCK,HOGS,ALL CLASSES,ALL PRODUCTION PRACTICES,ALL UTILIZATION PRACTICES,PRICE RECEIVED,$ / CWT,"HOGS - PRICE RECEIVED, MEASURED IN $ / CWT",TOTAL,NOT SPECIFIED,NATIONAL,,99,US,US TOTAL,,,,,,,,0,,,9000,UNITED STATES,US TOTAL,1972,MONTHLY,11,11,NOV,,2012-01-01 00:00:00.000,26.8,
SURVEY,ANIMALS & PRODUCTS,LIVESTOCK,HOGS,ALL CLASSES,ALL PRODUCTION PRACTICES,ALL UTILIZATION PRACTICES,PRICE RECEIVED,$ / CWT,"HOGS - PRICE RECEIVED, MEASURED IN $ / CWT",TOTAL,NOT SPECIFIED,NATIONAL,,99,US,US TOTAL,,,,,,,,0,,,9000,UNITED STATES,US TOTAL,1972,MONTHLY,12,12,DEC,,2012-01-01 00:00:00.000,29.6,
SURVEY,ANIMALS & PRODUCTS,LIVESTOCK,HOGS,ALL CLASSES,ALL PRODUCTION PRACTICES,ALL UTILIZATION PRACTICES,PRICE RECEIVED,$ / CWT,"HOGS - PRICE RECEIVED, MEASURED IN $ / CWT",TOTAL,NOT SPECIFIED,NATIONAL,,99,US,US TOTAL,,,,,,,,0,,,9000,UNITED STATES,US TOTAL,1971,MONTHLY,1,1,JAN,,2012-01-01 00:00:00.000,15.3,
SURVEY,ANIMALS & PRODUCTS,LIVESTOCK,HOGS,ALL CLASSES,ALL PRODUCTION PRACTICES,ALL UTILIZATION PRACTICES,PRICE RECEIVED,$ / CWT,"HOGS - PRICE RECEIVED, MEASURED IN $ / CWT",TOTAL,NOT SPECIFIED,NATIONAL,,99,US,US TOTAL,,,,,,,,0,,,9000,UNITED STATES,US TOTAL,1971,MONTHLY,2,2,FEB,,2012-01-01 00:00:00.000,19.1,
SURVEY,ANIMALS & PRODUCTS,LIVESTOCK,HOGS,ALL CLASSES,ALL PRODUCTION PRACTICES,ALL UTILIZATION PRACTICES,PRICE RECEIVED,$ / CWT,"HOGS - PRICE RECEIVED, MEASURED IN $ / CWT",TOTAL,NOT SPECIFIED,NATIONAL,,99,US,US TOTAL,,,,,,,,0,,,9000,UNITED STATES,US TOTAL,1971,MONTHLY,3,3,MAR,,2012-01-01 00:00:00.000,16.9,
SURVEY,ANIMALS & PRODUCTS,LIVESTOCK,HOGS,ALL CLASSES,ALL PRODUCTION PRACTICES,ALL UTILIZATION PRACTICES,PRICE RECEIVED,$ / CWT,"HOGS - PRICE RECEIVED, MEASURED IN $ / CWT",TOTAL,NOT SPECIFIED,NATIONAL,,99,US,US TOTAL,,,,,,,,0,,,9000,UNITED STATES,US TOTAL,1971,MONTHLY,4,4,APR,,2012-01-01 00:00:00.000,15.9,
SURVEY,ANIMALS & PRODUCTS,LIVESTOCK,HOGS,ALL CLASSES,ALL PRODUCTION PRACTICES,ALL UTILIZATION PRACTICES,PRICE RECEIVED,$ / CWT,"HOGS - PRICE RECEIVED, MEASURED IN $ / CWT",TOTAL,NOT SPECIFIED,NATIONAL,,99,US,US TOTAL,,,,,,,,0,,,9000,UNITED STATES,US TOTAL,1971,MONTHLY,5,5,MAY,,2012-01-01 00:00:00.000,17.0,
SURVEY,ANIMALS & PRODUCTS,LIVESTOCK,HOGS,ALL CLASSES,ALL PRODUCTION PRACTICES,ALL UTILIZATION PRACTICES,PRICE RECEIVED,$ / CWT,"HOGS - PRICE RECEIVED, MEASURED IN $ / CWT",TOTAL,NOT SPECIFIED,NATIONAL,,99,US,US TOTAL,,,,,,,,0,,,9000,UNITED STATES,US TOTAL,1971,MONTHLY,6,6,JUN,,2012-01-01 00:00:00.000,17.5,
SURVEY,ANIMALS & PRODUCTS,LIVESTOCK,HOGS,ALL CLASSES,ALL PRODUCTION PRACTICES,ALL UTILIZATION PRACTICES,PRICE RECEIVED,$ / CWT,"HOGS - PRICE RECEIVED, MEASURED IN $ / CWT",TOTAL,NOT SPECIFIED,NATIONAL,,99,US,US TOTAL,,,,,,,,0,,,9000,UNITED STATES,US TOTAL,1971,MONTHLY,7,7,JUL,,2012-01-01 00:00:00.000,19.0,
SURVEY,ANIMALS & PRODUCTS,LIVESTOCK,HOGS,ALL CLASSES,ALL PRODUCTION PRACTICES,ALL UTILIZATION PRACTICES,PRICE RECEIVED,$ / CWT,"HOGS - PRICE RECEIVED, MEASURED IN $ / CWT",TOTAL,NOT SPECIFIED,NATIONAL,,99,US,US TOTAL,,,,,,,,0,,,9000,UNITED STATES,US TOTAL,1971,MONTHLY,8,8,AUG,,2012-01-01 00:00:00.000,18.5,
SURVEY,ANIMALS & PRODUCTS,LIVESTOCK,HOGS,ALL CLASSES,ALL PRODUCTION PRACTICES,ALL UTILIZATION PRACTICES,PRICE RECEIVED,$ / CWT,"HOGS - PRICE RECEIVED, MEASURED IN $ / CWT",TOTAL,NOT SPECIFIED,NATIONAL,,99,US,US TOTAL,,,,,,,,0,,,9000,UNITED STATES,US TOTAL,1971,MONTHLY,9,9,SEP,,2012-01-01 00:00:00.000,17.9,
SURVEY,ANIMALS & PRODUCTS,LIVESTOCK,HOGS,ALL CLASSES,ALL PRODUCTION PRACTICES,ALL UTILIZATION PRACTICES,PRICE RECEIVED,$ / CWT,"HOGS - PRICE RECEIVED, MEASURED IN $ / CWT",TOTAL,NOT SPECIFIED,NATIONAL,,99,US,US TOTAL,,,,,,,,0,,,9000,UNITED STATES,US TOTAL,1971,MONTHLY,10,10,OCT,,2012-01-01 00:00:00.000,19.5,
SURVEY,ANIMALS & PRODUCTS,LIVESTOCK,HOGS,ALL CLASSES,ALL PRODUCTION PRACTICES,ALL UTILIZATION PRACTICES,PRICE RECEIVED,$ / CWT,"HOGS - PRICE RECEIVED, MEASURED IN $ / CWT",TOTAL,NOT SPECIFIED,NATIONAL,,99,US,US TOTAL,,,,,,,,0,,,9000,UNITED STATES,US TOTAL,1971,MONTHLY,11,11,NOV,,2012-01-01 00:00:00.000,18.8,
SURVEY,ANIMALS & PRODUCTS,LIVESTOCK,HOGS,ALL CLASSES,ALL PRODUCTION PRACTICES,ALL UTILIZATION PRACTICES,PRICE RECEIVED,$ / CWT,"HOGS - PRICE RECEIVED, MEASURED IN $ / CWT",TOTAL,NOT SPECIFIED,NATIONAL,,99,US,US TOTAL,,,,,,,,0,,,9000,UNITED STATES,US TOTAL,1971,MONTHLY,12,12,DEC,,2012-01-01 00:00:00.000,19.7,
SURVEY,ANIMALS & PRODUCTS,LIVESTOCK,HOGS,ALL CLASSES,ALL PRODUCTION PRACTICES,ALL UTILIZATION PRACTICES,PRICE RECEIVED,$ / CWT,"HOGS - PRICE RECEIVED, MEASURED IN $ / CWT",TOTAL,NOT SPECIFIED,NATIONAL,,99,US,US TOTAL,,,,,,,,0,,,9000,UNITED STATES,US TOTAL,1970,MONTHLY,1,1,JAN,,2012-01-01 00:00:00.000,26.4,
SURVEY,ANIMALS & PRODUCTS,LIVESTOCK,HOGS,ALL CLASSES,ALL PRODUCTION PRACTICES,ALL UTILIZATION PRACTICES,PRICE RECEIVED,$ / CWT,"HOGS - PRICE RECEIVED, MEASURED IN $ / CWT",TOTAL,NOT SPECIFIED,NATIONAL,,99,US,US TOTAL,,,,,,,,0,,,9000,UNITED STATES,US TOTAL,1970,MONTHLY,2,2,FEB,,2012-01-01 00:00:00.000,27.5,
SURVEY,ANIMALS & PRODUCTS,LIVESTOCK,HOGS,ALL CLASSES,ALL PRODUCTION PRACTICES,ALL UTILIZATION PRACTICES,PRICE RECEIVED,$ / CWT,"HOGS - PRICE RECEIVED, MEASURED IN $ / CWT",TOTAL,NOT SPECIFIED,NATIONAL,,99,US,US TOTAL,,,,,,,,0,,,9000,UNITED STATES,US TOTAL,1970,MONTHLY,3,3,MAR,,2012-01-01 00:00:00.000,25.6,
SURVEY,ANIMALS & PRODUCTS,LIVESTOCK,HOGS,ALL CLASSES,ALL PRODUCTION PRACTICES,ALL UTILIZATION PRACTICES,PRICE RECEIVED,$ / CWT,"HOGS - PRICE RECEIVED, MEASURED IN $ / CWT",TOTAL,NOT SPECIFIED,NATIONAL,,99,US,US TOTAL,,,,,,,,0,,,9000,UNITED STATES,US TOTAL,1970,MONTHLY,4,4,APR,,2012-01-01 00:00:00.000,23.8,
SURVEY,ANIMALS & PRODUCTS,LIVESTOCK,HOGS,ALL CLASSES,ALL PRODUCTION PRACTICES,ALL UTILIZATION PRACTICES,PRICE RECEIVED,$ / CWT,"HOGS - PRICE RECEIVED, MEASURED IN $ / CWT",TOTAL,NOT SPECIFIED,NATIONAL,,99,US,US TOTAL,,,,,,,,0,,,9000,UNITED STATES,US TOTAL,1970,MONTHLY,5,5,MAY,,2012-01-01 00:00:00.000,23.0,
SURVEY,ANIMALS & PRODUCTS,LIVESTOCK,HOGS,ALL CLASSES,ALL PRODUCTION PRACTICES,ALL UTILIZATION PRACTICES,PRICE RECEIVED,$ / CWT,"HOGS - PRICE RECEIVED, MEASURED IN $ / CWT",TOTAL,NOT SPECIFIED,NATIONAL,,99,US,US TOTAL,,,,,,,,0,,,9000,UNITED STATES,US TOTAL,1970,MONTHLY,6,6,JUN,,2012-01-01 00:00:00.000,23.2,
SURVEY,ANIMALS & PRODUCTS,LIVESTOCK,HOGS,ALL CLASSES,ALL PRODUCTION PRACTICES,ALL UTILIZATION PRACTICES,PRICE RECEIVED,$ / CWT,"HOGS - PRICE RECEIVED, MEASURED IN $ / CWT",TOTAL,NOT SPECIFIED,NATIONAL,,99,US,US TOTAL,,,,,,,,0,,,9000,UNITED STATES,US TOTAL,1970,MONTHLY,7,7,JUL,,2012-01-01 00:00:00.000,23.8,
SURVEY,ANIMALS & PRODUCTS,LIVESTOCK,HOGS,ALL CLASSES,ALL PRODUCTION PRACTICES,ALL UTILIZATION PRACTICES,PRICE RECEIVED,$ / CWT,"HOGS - PRICE RECEIVED, MEASURED IN $ / CWT",TOTAL,NOT SPECIFIED,NATIONAL,,99,US,US TOTAL,,,,,,,,0,,,9000,UNITED STATES,US TOTAL,1970,MONTHLY,8,8,AUG,,2012-01-01 00:00:00.000,21.6,
SURVEY,ANIMALS & PRODUCTS,LIVESTOCK,HOGS,ALL CLASSES,ALL PRODUCTION PRACTICES,ALL UTILIZATION PRACTICES,PRICE RECEIVED,$ / CWT,"HOGS - PRICE RECEIVED, MEASURED IN $ / CWT",TOTAL,NOT SPECIFIED,NATIONAL,,99,US,US TOTAL,,,,,,,,0,,,9000,UNITED STATES,US TOTAL,1970,MONTHLY,9,9,SEP,,2012-01-01 00:00:00.000,19.7,
SURVEY,ANIMALS & PRODUCTS,LIVESTOCK,HOGS,ALL CLASSES,ALL PRODUCTION PRACTICES,ALL UTILIZATION PRACTICES,PRICE RECEIVED,$ / CWT,"HOGS - PRICE RECEIVED, MEASURED IN $ / CWT",TOTAL,NOT SPECIFIED,NATIONAL,,99,US,US TOTAL,,,,,,,,0,,,9000,UNITED STATES,US TOTAL,1970,MONTHLY,10,10,OCT,,2012-01-01 00:00:00.000,17.9,
SURVEY,ANIMALS & PRODUCTS,LIVESTOCK,HOGS,ALL CLASSES,ALL PRODUCTION PRACTICES,ALL UTILIZATION PRACTICES,PRICE RECEIVED,$ / CWT,"HOGS - PRICE RECEIVED, MEASURED IN $ / CWT",TOTAL,NOT SPECIFIED,NATIONAL,,99,US,US TOTAL,,,,,,,,0,,,9000,UNITED STATES,US TOTAL,1970,MONTHLY,11,11,NOV,,2012-01-01 00:00:00.000,15.4,
SURVEY,ANIMALS & PRODUCTS,LIVESTOCK,HOGS,ALL CLASSES,ALL PRODUCTION PRACTICES,ALL UTILIZATION PRACTICES,PRICE RECEIVED,$ / CWT,"HOGS - PRICE RECEIVED, MEASURED IN $ / CWT",TOTAL,NOT SPECIFIED,NATIONAL,,99,US,US TOTAL,,,,,,,,0,,,9000,UNITED STATES,US TOTAL,1970,MONTHLY,12,12,DEC,,2012-01-01 00:00:00.000,15.1,
SURVEY,ANIMALS & PRODUCTS,LIVESTOCK,HOGS,ALL CLASSES,ALL PRODUCTION PRACTICES,ALL UTILIZATION PRACTICES,PRICE RECEIVED,$ / CWT,"HOGS - PRICE RECEIVED, MEASURED IN $ / CWT",TOTAL,NOT SPECIFIED,NATIONAL,,99,US,US TOTAL,,,,,,,,0,,,9000,UNITED STATES,US TOTAL,1969,MONTHLY,1,1,JAN,,2012-01-01 00:00:00.000,18.7,
SURVEY,ANIMALS & PRODUCTS,LIVESTOCK,HOGS,ALL CLASSES,ALL PRODUCTION PRACTICES,ALL UTILIZATION PRACTICES,PRICE RECEIVED,$ / CWT,"HOGS - PRICE RECEIVED, MEASURED IN $ / CWT",TOTAL,NOT SPECIFIED,NATIONAL,,99,US,US TOTAL,,,,,,,,0,,,9000,UNITED STATES,US TOTAL,1969,MONTHLY,2,2,FEB,,2012-01-01 00:00:00.000,19.6,
SURVEY,ANIMALS & PRODUCTS,LIVESTOCK,HOGS,ALL CLASSES,ALL PRODUCTION PRACTICES,ALL UTILIZATION PRACTICES,PRICE RECEIVED,$ / CWT,"HOGS - PRICE RECEIVED, MEASURED IN $ / CWT",TOTAL,NOT SPECIFIED,NATIONAL,,99,US,US TOTAL,,,,,,,,0,,,9000,UNITED STATES,US TOTAL,1969,MONTHLY,3,3,MAR,,2012-01-01 00:00:00.000,20.0,
SURVEY,ANIMALS & PRODUCTS,LIVESTOCK,HOGS,ALL CLASSES,ALL PRODUCTION PRACTICES,ALL UTILIZATION PRACTICES,PRICE RECEIVED,$ / CWT,"HOGS - PRICE RECEIVED, MEASURED IN $ / CWT",TOTAL,NOT SPECIFIED,NATIONAL,,99,US,US TOTAL,,,,,,,,0,,,9000,UNITED STATES,US TOTAL,1969,MONTHLY,4,4,APR,,2012-01-01 00:00:00.000,19.7,
SURVEY,ANIMALS & PRODUCTS,LIVESTOCK,HOGS,ALL CLASSES,ALL PRODUCTION PRACTICES,ALL UTILIZATION PRACTICES,PRICE RECEIVED,$ / CWT,"HOGS - PRICE RECEIVED, MEASURED IN $ / CWT",TOTAL,NOT SPECIFIED,NATIONAL,,99,US,US TOTAL,,,,,,,,0,,,9000,UNITED STATES,US TOTAL,1969,MONTHLY,5,5,MAY,,2012-01-01 00:00:00.000,22.3,
SURVEY,ANIMALS & PRODUCTS,LIVESTOCK,HOGS,ALL CLASSES,ALL PRODUCTION PRACTICES,ALL UTILIZATION PRACTICES,PRICE RECEIVED,$ / CWT,"HOGS - PRICE RECEIVED, MEASURED IN $ / CWT",TOTAL,NOT SPECIFIED,NATIONAL,,99,US,US TOTAL,,,,,,,,0,,,9000,UNITED STATES,US TOTAL,1969,MONTHLY,6,6,JUN,,2012-01-01 00:00:00.000,24.0,
SURVEY,ANIMALS & PRODUCTS,LIVESTOCK,HOGS,ALL CLASSES,ALL PRODUCTION PRACTICES,ALL UTILIZATION PRACTICES,PRICE RECEIVED,$ / CWT,"HOGS - PRICE RECEIVED, MEASURED IN $ / CWT",TOTAL,NOT SPECIFIED,NATIONAL,,99,US,US TOTAL,,,,,,,,0,,,9000,UNITED STATES,US TOTAL,1969,MONTHLY,7,7,JUL,,2012-01-01 00:00:00.000,24.9,
SURVEY,ANIMALS & PRODUCTS,LIVESTOCK,HOGS,ALL CLASSES,ALL PRODUCTION PRACTICES,ALL UTILIZATION PRACTICES,PRICE RECEIVED,$ / CWT,"HOGS - PRICE RECEIVED, MEASURED IN $ / CWT",TOTAL,NOT SPECIFIED,NATIONAL,,99,US,US TOTAL,,,,,,,,0,,,9000,UNITED STATES,US TOTAL,1969,MONTHLY,8,8,AUG,,2012-01-01 00:00:00.000,25.9,
SURVEY,ANIMALS & PRODUCTS,LIVESTOCK,HOGS,ALL CLASSES,ALL PRODUCTION PRACTICES,ALL UTILIZATION PRACTICES,PRICE RECEIVED,$ / CWT,"HOGS - PRICE RECEIVED, MEASURED IN $ / CWT",TOTAL,NOT SPECIFIED,NATIONAL,,99,US,US TOTAL,,,,,,,,0,,,9000,UNITED STATES,US TOTAL,1969,MONTHLY,9,9,SEP,,2012-01-01 00:00:00.000,24.9,
SURVEY,ANIMALS & PRODUCTS,LIVESTOCK,HOGS,ALL CLASSES,ALL PRODUCTION PRACTICES,ALL UTILIZATION PRACTICES,PRICE RECEIVED,$ / CWT,"HOGS - PRICE RECEIVED, MEASURED IN $ / CWT",TOTAL,NOT SPECIFIED,NATIONAL,,99,US,US TOTAL,,,,,,,,0,,,9000,UNITED STATES,US TOTAL,1969,MONTHLY,10,10,OCT,,2012-01-01 00:00:00.000,24.8,
SURVEY,ANIMALS & PRODUCTS,LIVESTOCK,HOGS,ALL CLASSES,ALL PRODUCTION PRACTICES,ALL UTILIZATION PRACTICES,PRICE RECEIVED,$ / CWT,"HOGS - PRICE RECEIVED, MEASURED IN $ / CWT",TOTAL,NOT SPECIFIED,NATIONAL,,99,US,US TOTAL,,,,,,,,0,,,9000,UNITED STATES,US TOTAL,1969,MONTHLY,11,11,NOV,,2012-01-01 00:00:00.000,25.0,
SURVEY,ANIMALS & PRODUCTS,LIVESTOCK,HOGS,ALL CLASSES,ALL PRODUCTION PRACTICES,ALL UTILIZATION PRACTICES,PRICE RECEIVED,$ / CWT,"HOGS - PRICE RECEIVED, MEASURED IN $ / CWT",TOTAL,NOT SPECIFIED,NATIONAL,,99,US,US TOTAL,,,,,,,,0,,,9000,UNITED STATES,US TOTAL,1969,MONTHLY,12,12,DEC,,2012-01-01 00:00:00.000,25.8,
SURVEY,ANIMALS & PRODUCTS,LIVESTOCK,HOGS,ALL CLASSES,ALL PRODUCTION PRACTICES,ALL UTILIZATION PRACTICES,PRICE RECEIVED,$ / CWT,"HOGS - PRICE RECEIVED, MEASURED IN $ / CWT",TOTAL,NOT SPECIFIED,NATIONAL,,99,US,US TOTAL,,,,,,,,0,,,9000,UNITED STATES,US TOTAL,1968,MONTHLY,1,1,JAN,,2012-01-01 00:00:00.000,17.6,
SURVEY,ANIMALS & PRODUCTS,LIVESTOCK,HOGS,ALL CLASSES,ALL PRODUCTION PRACTICES,ALL UTILIZATION PRACTICES,PRICE RECEIVED,$ / CWT,"HOGS - PRICE RECEIVED, MEASURED IN $ / CWT",TOTAL,NOT SPECIFIED,NATIONAL,,99,US,US TOTAL,,,,,,,,0,,,9000,UNITED STATES,US TOTAL,1968,MONTHLY,2,2,FEB,,2012-01-01 00:00:00.000,18.9,
SURVEY,ANIMALS & PRODUCTS,LIVESTOCK,HOGS,ALL CLASSES,ALL PRODUCTION PRACTICES,ALL UTILIZATION PRACTICES,PRICE RECEIVED,$ / CWT,"HOGS - PRICE RECEIVED, MEASURED IN $ / CWT",TOTAL,NOT SPECIFIED,NATIONAL,,99,US,US TOTAL,,,,,,,,0,,,9000,UNITED STATES,US TOTAL,1968,MONTHLY,3,3,MAR,,2012-01-01 00:00:00.000,18.6,
SURVEY,ANIMALS & PRODUCTS,LIVESTOCK,HOGS,ALL CLASSES,ALL PRODUCTION PRACTICES,ALL UTILIZATION PRACTICES,PRICE RECEIVED,$ / CWT,"HOGS - PRICE RECEIVED, MEASURED IN $ / CWT",TOTAL,NOT SPECIFIED,NATIONAL,,99,US,US TOTAL,,,,,,,,0,,,9000,UNITED STATES,US TOTAL,1968,MONTHLY,4,4,APR,,2012-01-01 00:00:00.000,18.5,
SURVEY,ANIMALS & PRODUCTS,LIVESTOCK,HOGS,ALL CLASSES,ALL PRODUCTION PRACTICES,ALL UTILIZATION PRACTICES,PRICE RECEIVED,$ / CWT,"HOGS - PRICE RECEIVED, MEASURED IN $ / CWT",TOTAL,NOT SPECIFIED,NATIONAL,,99,US,US TOTAL,,,,,,,,0,,,9000,UNITED STATES,US TOTAL,1968,MONTHLY,5,5,MAY,,2012-01-01 00:00:00.000,18.3,
SURVEY,ANIMALS & PRODUCTS,LIVESTOCK,HOGS,ALL CLASSES,ALL PRODUCTION PRACTICES,ALL UTILIZATION PRACTICES,PRICE RECEIVED,$ / CWT,"HOGS - PRICE RECEIVED, MEASURED IN $ / CWT",TOTAL,NOT SPECIFIED,NATIONAL,,99,US,US TOTAL,,,,,,,,0,,,9000,UNITED STATES,US TOTAL,1968,MONTHLY,6,6,JUN,,2012-01-01 00:00:00.000,19.4,
SURVEY,ANIMALS & PRODUCTS,LIVESTOCK,HOGS,ALL CLASSES,ALL PRODUCTION PRACTICES,ALL UTILIZATION PRACTICES,PRICE RECEIVED,$ / CWT,"HOGS - PRICE RECEIVED, MEASURED IN $ / CWT",TOTAL,NOT SPECIFIED,NATIONAL,,99,US,US TOTAL,,,,,,,,0,,,9000,UNITED STATES,US TOTAL,1968,MONTHLY,7,7,JUL,,2012-01-01 00:00:00.000,20.8,
SURVEY,ANIMALS & PRODUCTS,LIVESTOCK,HOGS,ALL CLASSES,ALL PRODUCTION PRACTICES,ALL UTILIZATION PRACTICES,PRICE RECEIVED,$ / CWT,"HOGS - PRICE RECEIVED, MEASURED IN $ / CWT",TOTAL,NOT SPECIFIED,NATIONAL,,99,US,US TOTAL,,,,,,,,0,,,9000,UNITED STATES,US TOTAL,1968,MONTHLY,8,8,AUG,,2012-01-01 00:00:00.000,19.2,
SURVEY,ANIMALS & PRODUCTS,LIVESTOCK,HOGS,ALL CLASSES,ALL PRODUCTION PRACTICES,ALL UTILIZATION PRACTICES,PRICE RECEIVED,$ / CWT,"HOGS - PRICE RECEIVED, MEASURED IN $ / CWT",TOTAL,NOT SPECIFIED,NATIONAL,,99,US,US TOTAL,,,,,,,,0,,,9000,UNITED STATES,US TOTAL,1968,MONTHLY,9,9,SEP,,2012-01-01 00:00:00.000,19.5,
SURVEY,ANIMALS & PRODUCTS,LIVESTOCK,HOGS,ALL CLASSES,ALL PRODUCTION PRACTICES,ALL UTILIZATION PRACTICES,PRICE RECEIVED,$ / CWT,"HOGS - PRICE RECEIVED, MEASURED IN $ / CWT",TOTAL,NOT SPECIFIED,NATIONAL,,99,US,US TOTAL,,,,,,,,0,,,9000,UNITED STATES,US TOTAL,1968,MONTHLY,10,10,OCT,,2012-01-01 00:00:00.000,17.9,
SURVEY,ANIMALS & PRODUCTS,LIVESTOCK,HOGS,ALL CLASSES,ALL PRODUCTION PRACTICES,ALL UTILIZATION PRACTICES,PRICE RECEIVED,$ / CWT,"HOGS - PRICE RECEIVED, MEASURED IN $ / CWT",TOTAL,NOT SPECIFIED,NATIONAL,,99,US,US TOTAL,,,,,,,,0,,,9000,UNITED STATES,US TOTAL,1968,MONTHLY,11,11,NOV,,2012-01-01 00:00:00.000,17.5,
SURVEY,ANIMALS & PRODUCTS,LIVESTOCK,HOGS,ALL CLASSES,ALL PRODUCTION PRACTICES,ALL UTILIZATION PRACTICES,PRICE RECEIVED,$ / CWT,"HOGS - PRICE RECEIVED, MEASURED IN $ / CWT",TOTAL,NOT SPECIFIED,NATIONAL,,99,US,US TOTAL,,,,,,,,0,,,9000,UNITED STATES,US TOTAL,1968,MONTHLY,12,12,DEC,,2012-01-01 00:00:00.000,17.8,
SURVEY,ANIMALS & PRODUCTS,LIVESTOCK,HOGS,ALL CLASSES,ALL PRODUCTION PRACTICES,ALL UTILIZATION PRACTICES,PRICE RECEIVED,$ / CWT,"HOGS - PRICE RECEIVED, MEASURED IN $ / CWT",TOTAL,NOT SPECIFIED,NATIONAL,,99,US,US TOTAL,,,,,,,,0,,,9000,UNITED STATES,US TOTAL,1967,MONTHLY,1,1,JAN,,2012-01-01 00:00:00.000,19.0,
SURVEY,ANIMALS & PRODUCTS,LIVESTOCK,HOGS,ALL CLASSES,ALL PRODUCTION PRACTICES,ALL UTILIZATION PRACTICES,PRICE RECEIVED,$ / CWT,"HOGS - PRICE RECEIVED, MEASURED IN $ / CWT",TOTAL,NOT SPECIFIED,NATIONAL,,99,US,US TOTAL,,,,,,,,0,,,9000,UNITED STATES,US TOTAL,1967,MONTHLY,2,2,FEB,,2012-01-01 00:00:00.000,18.9,
SURVEY,ANIMALS & PRODUCTS,LIVESTOCK,HOGS,ALL CLASSES,ALL PRODUCTION PRACTICES,ALL UTILIZATION PRACTICES,PRICE RECEIVED,$ / CWT,"HOGS - PRICE RECEIVED, MEASURED IN $ / CWT",TOTAL,NOT SPECIFIED,NATIONAL,,99,US,US TOTAL,,,,,,,,0,,,9000,UNITED STATES,US TOTAL,1967,MONTHLY,3,3,MAR,,2012-01-01 00:00:00.000,17.9,
SURVEY,ANIMALS & PRODUCTS,LIVESTOCK,HOGS,ALL CLASSES,ALL PRODUCTION PRACTICES,ALL UTILIZATION PRACTICES,PRICE RECEIVED,$ / CWT,"HOGS - PRICE RECEIVED, MEASURED IN $ / CWT",TOTAL,NOT SPECIFIED,NATIONAL,,99,US,US TOTAL,,,,,,,,0,,,9000,UNITED STATES,US TOTAL,1967,MONTHLY,4,4,APR,,2012-01-01 00:00:00.000,17.0,
SURVEY,ANIMALS & PRODUCTS,LIVESTOCK,HOGS,ALL CLASSES,ALL PRODUCTION PRACTICES,ALL UTILIZATION PRACTICES,PRICE RECEIVED,$ / CWT,"HOGS - PRICE RECEIVED, MEASURED IN $ / CWT",TOTAL,NOT SPECIFIED,NATIONAL,,99,US,US TOTAL,,,,,,,,0,,,9000,UNITED STATES,US TOTAL,1967,MONTHLY,5,5,MAY,,2012-01-01 00:00:00.000,21.5,
SURVEY,ANIMALS & PRODUCTS,LIVESTOCK,HOGS,ALL CLASSES,ALL PRODUCTION PRACTICES,ALL UTILIZATION PRACTICES,PRICE RECEIVED,$ / CWT,"HOGS - PRICE RECEIVED, MEASURED IN $ / CWT",TOTAL,NOT SPECIFIED,NATIONAL,,99,US,US TOTAL,,,,,,,,0,,,9000,UNITED STATES,US TOTAL,1967,MONTHLY,6,6,JUN,,2012-01-01 00:00:00.000,21.1,
SURVEY,ANIMALS & PRODUCTS,LIVESTOCK,HOGS,ALL CLASSES,ALL PRODUCTION PRACTICES,ALL UTILIZATION PRACTICES,PRICE RECEIVED,$ / CWT,"HOGS - PRICE RECEIVED, MEASURED IN $ / CWT",TOTAL,NOT SPECIFIED,NATIONAL,,99,US,US TOTAL,,,,,,,,0,,,9000,UNITED STATES,US TOTAL,1967,MONTHLY,7,7,JUL,,2012-01-01 00:00:00.000,21.5,
SURVEY,ANIMALS & PRODUCTS,LIVESTOCK,HOGS,ALL CLASSES,ALL PRODUCTION PRACTICES,ALL UTILIZATION PRACTICES,PRICE RECEIVED,$ / CWT,"HOGS - PRICE RECEIVED, MEASURED IN $ / CWT",TOTAL,NOT SPECIFIED,NATIONAL,,99,US,US TOTAL,,,,,,,,0,,,9000,UNITED STATES,US TOTAL,1967,MONTHLY,8,8,AUG,,2012-01-01 00:00:00.000,20.4,
SURVEY,ANIMALS & PRODUCTS,LIVESTOCK,HOGS,ALL CLASSES,ALL PRODUCTION PRACTICES,ALL UTILIZATION PRACTICES,PRICE RECEIVED,$ / CWT,"HOGS - PRICE RECEIVED, MEASURED IN $ / CWT",TOTAL,NOT SPECIFIED,NATIONAL,,99,US,US TOTAL,,,,,,,,0,,,9000,UNITED STATES,US TOTAL,1967,MONTHLY,9,9,SEP,,2012-01-01 00:00:00.000,19.1,
SURVEY,ANIMALS & PRODUCTS,LIVESTOCK,HOGS,ALL CLASSES,ALL PRODUCTION PRACTICES,ALL UTILIZATION PRACTICES,PRICE RECEIVED,$ / CWT,"HOGS - PRICE RECEIVED, MEASURED IN $ / CWT",TOTAL,NOT SPECIFIED,NATIONAL,,99,US,US TOTAL,,,,,,,,0,,,9000,UNITED STATES,US TOTAL,1967,MONTHLY,10,10,OCT,,2012-01-01 00:00:00.000,18.0,
SURVEY,ANIMALS & PRODUCTS,LIVESTOCK,HOGS,ALL CLASSES,ALL PRODUCTION PRACTICES,ALL UTILIZATION PRACTICES,PRICE RECEIVED,$ / CWT,"HOGS - PRICE RECEIVED, MEASURED IN $ / CWT",TOTAL,NOT SPECIFIED,NATIONAL,,99,US,US TOTAL,,,,,,,,0,,,9000,UNITED STATES,US TOTAL,1967,MONTHLY,11,11,NOV,,2012-01-01 00:00:00.000,17.1,
SURVEY,ANIMALS & PRODUCTS,LIVESTOCK,HOGS,ALL CLASSES,ALL PRODUCTION PRACTICES,ALL UTILIZATION PRACTICES,PRICE RECEIVED,$ / CWT,"HOGS - PRICE RECEIVED, MEASURED IN $ / CWT",TOTAL,NOT SPECIFIED,NATIONAL,,99,US,US TOTAL,,,,,,,,0,,,9000,UNITED STATES,US TOTAL,1967,MONTHLY,12,12,DEC,,2012-01-01 00:00:00.000,16.7,
SURVEY,ANIMALS & PRODUCTS,LIVESTOCK,HOGS,ALL CLASSES,ALL PRODUCTION PRACTICES,ALL UTILIZATION PRACTICES,PRICE RECEIVED,$ / CWT,"HOGS - PRICE RECEIVED, MEASURED IN $ / CWT",TOTAL,NOT SPECIFIED,NATIONAL,,99,US,US TOTAL,,,,,,,,0,,,9000,UNITED STATES,US TOTAL,1966,MONTHLY,1,1,JAN,,2012-01-01 00:00:00.000,27.3,
SURVEY,ANIMALS & PRODUCTS,LIVESTOCK,HOGS,ALL CLASSES,ALL PRODUCTION PRACTICES,ALL UTILIZATION PRACTICES,PRICE RECEIVED,$ / CWT,"HOGS - PRICE RECEIVED, MEASURED IN $ / CWT",TOTAL,NOT SPECIFIED,NATIONAL,,99,US,US TOTAL,,,,,,,,0,,,9000,UNITED STATES,US TOTAL,1966,MONTHLY,2,2,FEB,,2012-01-01 00:00:00.000,27.2,
SURVEY,ANIMALS & PRODUCTS,LIVESTOCK,HOGS,ALL CLASSES,ALL PRODUCTION PRACTICES,ALL UTILIZATION PRACTICES,PRICE RECEIVED,$ / CWT,"HOGS - PRICE RECEIVED, MEASURED IN $ / CWT",TOTAL,NOT SPECIFIED,NATIONAL,,99,US,US TOTAL,,,,,,,,0,,,9000,UNITED STATES,US TOTAL,1966,MONTHLY,3,3,MAR,,2012-01-01 00:00:00.000,24.0,
SURVEY,ANIMALS & PRODUCTS,LIVESTOCK,HOGS,ALL CLASSES,ALL PRODUCTION PRACTICES,ALL UTILIZATION PRACTICES,PRICE RECEIVED,$ / CWT,"HOGS - PRICE RECEIVED, MEASURED IN $ / CWT",TOTAL,NOT SPECIFIED,NATIONAL,,99,US,US TOTAL,,,,,,,,0,,,9000,UNITED STATES,US TOTAL,1966,MONTHLY,4,4,APR,,2012-01-01 00:00:00.000,22.1,
SURVEY,ANIMALS & PRODUCTS,LIVESTOCK,HOGS,ALL CLASSES,ALL PRODUCTION PRACTICES,ALL UTILIZATION PRACTICES,PRICE RECEIVED,$ / CWT,"HOGS - PRICE RECEIVED, MEASURED IN $ / CWT",TOTAL,NOT SPECIFIED,NATIONAL,,99,US,US TOTAL,,,,,,,,0,,,9000,UNITED STATES,US TOTAL,1966,MONTHLY,5,5,MAY,,2012-01-01 00:00:00.000,22.3,
SURVEY,ANIMALS & PRODUCTS,LIVESTOCK,HOGS,ALL CLASSES,ALL PRODUCTION PRACTICES,ALL UTILIZATION PRACTICES,PRICE RECEIVED,$ / CWT,"HOGS - PRICE RECEIVED, MEASURED IN $ / CWT",TOTAL,NOT SPECIFIED,NATIONAL,,99,US,US TOTAL,,,,,,,,0,,,9000,UNITED STATES,US TOTAL,1966,MONTHLY,6,6,JUN,,2012-01-01 00:00:00.000,23.2,
SURVEY,ANIMALS & PRODUCTS,LIVESTOCK,HOGS,ALL CLASSES,ALL PRODUCTION PRACTICES,ALL UTILIZATION PRACTICES,PRICE RECEIVED,$ / CWT,"HOGS - PRICE RECEIVED, MEASURED IN $ / CWT",TOTAL,NOT SPECIFIED,NATIONAL,,99,US,US TOTAL,,,,,,,,0,,,9000,UNITED STATES,US TOTAL,1966,MONTHLY,7,7,JUL,,2012-01-01 00:00:00.000,23.2,
SURVEY,ANIMALS & PRODUCTS,LIVESTOCK,HOGS,ALL CLASSES,ALL PRODUCTION PRACTICES,ALL UTILIZATION PRACTICES,PRICE RECEIVED,$ / CWT,"HOGS - PRICE RECEIVED, MEASURED IN $ / CWT",TOTAL,NOT SPECIFIED,NATIONAL,,99,US,US TOTAL,,,,,,,,0,,,9000,UNITED STATES,US TOTAL,1966,MONTHLY,8,8,AUG,,2012-01-01 00:00:00.000,24.5,
SURVEY,ANIMALS & PRODUCTS,LIVESTOCK,HOGS,ALL CLASSES,ALL PRODUCTION PRACTICES,ALL UTILIZATION PRACTICES,PRICE RECEIVED,$ / CWT,"HOGS - PRICE RECEIVED, MEASURED IN $ / CWT",TOTAL,NOT SPECIFIED,NATIONAL,,99,US,US TOTAL,,,,,,,,0,,,9000,UNITED STATES,US TOTAL,1966,MONTHLY,9,9,SEP,,2012-01-01 00:00:00.000,22.3,
SURVEY,ANIMALS & PRODUCTS,LIVESTOCK,HOGS,ALL CLASSES,ALL PRODUCTION PRACTICES,ALL UTILIZATION PRACTICES,PRICE RECEIVED,$ / CWT,"HOGS - PRICE RECEIVED, MEASURED IN $ / CWT",TOTAL,NOT SPECIFIED,NATIONAL,,99,US,US TOTAL,,,,,,,,0,,,9000,UNITED STATES,US TOTAL,1966,MONTHLY,10,10,OCT,,2012-01-01 00:00:00.000,21.2,
SURVEY,ANIMALS & PRODUCTS,LIVESTOCK,HOGS,ALL CLASSES,ALL PRODUCTION PRACTICES,ALL UTILIZATION PRACTICES,PRICE RECEIVED,$ / CWT,"HOGS - PRICE RECEIVED, MEASURED IN $ / CWT",TOTAL,NOT SPECIFIED,NATIONAL,,99,US,US TOTAL,,,,,,,,0,,,9000,UNITED STATES,US TOTAL,1966,MONTHLY,11,11,NOV,,2012-01-01 00:00:00.000,19.3,
SURVEY,ANIMALS & PRODUCTS,LIVESTOCK,HOGS,ALL CLASSES,ALL PRODUCTION PRACTICES,ALL UTILIZATION PRACTICES,PRICE RECEIVED,$ / CWT,"HOGS - PRICE RECEIVED, MEASURED IN $ / CWT",TOTAL,NOT SPECIFIED,NATIONAL,,99,US,US TOTAL,,,,,,,,0,,,9000,UNITED STATES,US TOTAL,1966,MONTHLY,12,12,DEC,,2012-01-01 00:00:00.000,18.9,
SURVEY,ANIMALS & PRODUCTS,LIVESTOCK,HOGS,ALL CLASSES,ALL PRODUCTION PRACTICES,ALL UTILIZATION PRACTICES,PRICE RECEIVED,$ / CWT,"HOGS - PRICE RECEIVED, MEASURED IN $ / CWT",TOTAL,NOT SPECIFIED,NATIONAL,,99,US,US TOTAL,,,,,,,,0,,,9000,UNITED STATES,US TOTAL,1965,MONTHLY,1,1,JAN,,2012-01-01 00:00:00.000,15.5,
SURVEY,ANIMALS & PRODUCTS,LIVESTOCK,HOGS,ALL CLASSES,ALL PRODUCTION PRACTICES,ALL UTILIZATION PRACTICES,PRICE RECEIVED,$ / CWT,"HOGS - PRICE RECEIVED, MEASURED IN $ / CWT",TOTAL,NOT SPECIFIED,NATIONAL,,99,US,US TOTAL,,,,,,,,0,,,9000,UNITED STATES,US TOTAL,1965,MONTHLY,2,2,FEB,,2012-01-01 00:00:00.000,16.4,
SURVEY,ANIMALS & PRODUCTS,LIVESTOCK,HOGS,ALL CLASSES,ALL PRODUCTION PRACTICES,ALL UTILIZATION PRACTICES,PRICE RECEIVED,$ / CWT,"HOGS - PRICE RECEIVED, MEASURED IN $ / CWT",TOTAL,NOT SPECIFIED,NATIONAL,,99,US,US TOTAL,,,,,,,,0,,,9000,UNITED STATES,US TOTAL,1965,MONTHLY,3,3,MAR,,2012-01-01 00:00:00.000,16.4,
SURVEY,ANIMALS & PRODUCTS,LIVESTOCK,HOGS,ALL CLASSES,ALL PRODUCTION PRACTICES,ALL UTILIZATION PRACTICES,PRICE RECEIVED,$ / CWT,"HOGS - PRICE RECEIVED, MEASURED IN $ / CWT",TOTAL,NOT SPECIFIED,NATIONAL,,99,US,US TOTAL,,,,,,,,0,,,9000,UNITED STATES,US TOTAL,1965,MONTHLY,4,4,APR,,2012-01-01 00:00:00.000,16.9,
SURVEY,ANIMALS & PRODUCTS,LIVESTOCK,HOGS,ALL CLASSES,ALL PRODUCTION PRACTICES,ALL UTILIZATION PRACTICES,PRICE RECEIVED,$ / CWT,"HOGS - PRICE RECEIVED, MEASURED IN $ / CWT",TOTAL,NOT SPECIFIED,NATIONAL,,99,US,US TOTAL,,,,,,,,0,,,9000,UNITED STATES,US TOTAL,1965,MONTHLY,5,5,MAY,,2012-01-01 00:00:00.000,19.7,
SURVEY,ANIMALS & PRODUCTS,LIVESTOCK,HOGS,ALL CLASSES,ALL PRODUCTION PRACTICES,ALL UTILIZATION PRACTICES,PRICE RECEIVED,$ / CWT,"HOGS - PRICE RECEIVED, MEASURED IN $ / CWT",TOTAL,NOT SPECIFIED,NATIONAL,,99,US,US TOTAL,,,,,,,,0,,,9000,UNITED STATES,US TOTAL,1965,MONTHLY,6,6,JUN,,2012-01-01 00:00:00.000,22.4,
SURVEY,ANIMALS & PRODUCTS,LIVESTOCK,HOGS,ALL CLASSES,ALL PRODUCTION PRACTICES,ALL UTILIZATION PRACTICES,PRICE RECEIVED,$ / CWT,"HOGS - PRICE RECEIVED, MEASURED IN $ / CWT",TOTAL,NOT SPECIFIED,NATIONAL,,99,US,US TOTAL,,,,,,,,0,,,9000,UNITED STATES,US TOTAL,1965,MONTHLY,7,7,JUL,,2012-01-01 00:00:00.000,23.2,
SURVEY,ANIMALS & PRODUCTS,LIVESTOCK,HOGS,ALL CLASSES,ALL PRODUCTION PRACTICES,ALL UTILIZATION PRACTICES,PRICE RECEIVED,$ / CWT,"HOGS - PRICE RECEIVED, MEASURED IN $ / CWT",TOTAL,NOT SPECIFIED,NATIONAL,,99,US,US TOTAL,,,,,,,,0,,,9000,UNITED STATES,US TOTAL,1965,MONTHLY,8,8,AUG,,2012-01-01 00:00:00.000,23.7,
SURVEY,ANIMALS & PRODUCTS,LIVESTOCK,HOGS,ALL CLASSES,ALL PRODUCTION PRACTICES,ALL UTILIZATION PRACTICES,PRICE RECEIVED,$ / CWT,"HOGS - PRICE RECEIVED, MEASURED IN $ / CWT",TOTAL,NOT SPECIFIED,NATIONAL,,99,US,US TOTAL,,,,,,,,0,,,9000,UNITED STATES,US TOTAL,1965,MONTHLY,9,9,SEP,,2012-01-01 00:00:00.000,22.1,
SURVEY,ANIMALS & PRODUCTS,LIVESTOCK,HOGS,ALL CLASSES,ALL PRODUCTION PRACTICES,ALL UTILIZATION PRACTICES,PRICE RECEIVED,$ / CWT,"HOGS - PRICE RECEIVED, MEASURED IN $ / CWT",TOTAL,NOT SPECIFIED,NATIONAL,,99,US,US TOTAL,,,,,,,,0,,,9000,UNITED STATES,US TOTAL,1965,MONTHLY,10,10,OCT,,2012-01-01 00:00:00.000,22.9,
SURVEY,ANIMALS & PRODUCTS,LIVESTOCK,HOGS,ALL CLASSES,ALL PRODUCTION PRACTICES,ALL UTILIZATION PRACTICES,PRICE RECEIVED,$ / CWT,"HOGS - PRICE RECEIVED, MEASURED IN $ / CWT",TOTAL,NOT SPECIFIED,NATIONAL,,99,US,US TOTAL,,,,,,,,0,,,9000,UNITED STATES,US TOTAL,1965,MONTHLY,11,11,NOV,,2012-01-01 00:00:00.000,23.5,
SURVEY,ANIMALS & PRODUCTS,LIVESTOCK,HOGS,ALL CLASSES,ALL PRODUCTION PRACTICES,ALL UTILIZATION PRACTICES,PRICE RECEIVED,$ / CWT,"HOGS - PRICE RECEIVED, MEASURED IN $ / CWT",TOTAL,NOT SPECIFIED,NATIONAL,,99,US,US TOTAL,,,,,,,,0,,,9000,UNITED STATES,US TOTAL,1965,MONTHLY,12,12,DEC,,2012-01-01 00:00:00.000,26.9,
SURVEY,ANIMALS & PRODUCTS,LIVESTOCK,HOGS,ALL CLASSES,ALL PRODUCTION PRACTICES,ALL UTILIZATION PRACTICES,PRICE RECEIVED,$ / CWT,"HOGS - PRICE RECEIVED, MEASURED IN $ / CWT",TOTAL,NOT SPECIFIED,NATIONAL,,99,US,US TOTAL,,,,,,,,0,,,9000,UNITED STATES,US TOTAL,1964,MONTHLY,1,1,JAN,,2012-01-01 00:00:00.000,14.3,
SURVEY,ANIMALS & PRODUCTS,LIVESTOCK,HOGS,ALL CLASSES,ALL PRODUCTION PRACTICES,ALL UTILIZATION PRACTICES,PRICE RECEIVED,$ / CWT,"HOGS - PRICE RECEIVED, MEASURED IN $ / CWT",TOTAL,NOT SPECIFIED,NATIONAL,,99,US,US TOTAL,,,,,,,,0,,,9000,UNITED STATES,US TOTAL,1964,MONTHLY,2,2,FEB,,2012-01-01 00:00:00.000,14.3,
SURVEY,ANIMALS & PRODUCTS,LIVESTOCK,HOGS,ALL CLASSES,ALL PRODUCTION PRACTICES,ALL UTILIZATION PRACTICES,PRICE RECEIVED,$ / CWT,"HOGS - PRICE RECEIVED, MEASURED IN $ / CWT",TOTAL,NOT SPECIFIED,NATIONAL,,99,US,US TOTAL,,,,,,,,0,,,9000,UNITED STATES,US TOTAL,1964,MONTHLY,3,3,MAR,,2012-01-01 00:00:00.000,14.2,
SURVEY,ANIMALS & PRODUCTS,LIVESTOCK,HOGS,ALL CLASSES,ALL PRODUCTION PRACTICES,ALL UTILIZATION PRACTICES,PRICE RECEIVED,$ / CWT,"HOGS - PRICE RECEIVED, MEASURED IN $ / CWT",TOTAL,NOT SPECIFIED,NATIONAL,,99,US,US TOTAL,,,,,,,,0,,,9000,UNITED STATES,US TOTAL,1964,MONTHLY,4,4,APR,,2012-01-01 00:00:00.000,14.0,
SURVEY,ANIMALS & PRODUCTS,LIVESTOCK,HOGS,ALL CLASSES,ALL PRODUCTION PRACTICES,ALL UTILIZATION PRACTICES,PRICE RECEIVED,$ / CWT,"HOGS - PRICE RECEIVED, MEASURED IN $ / CWT",TOTAL,NOT SPECIFIED,NATIONAL,,99,US,US TOTAL,,,,,,,,0,,,9000,UNITED STATES,US TOTAL,1964,MONTHLY,5,5,MAY,,2012-01-01 00:00:00.000,14.3,
SURVEY,ANIMALS & PRODUCTS,LIVESTOCK,HOGS,ALL CLASSES,ALL PRODUCTION PRACTICES,ALL UTILIZATION PRACTICES,PRICE RECEIVED,$ / CWT,"HOGS - PRICE RECEIVED, MEASURED IN $ / CWT",TOTAL,NOT SPECIFIED,NATIONAL,,99,US,US TOTAL,,,,,,,,0,,,9000,UNITED STATES,US TOTAL,1964,MONTHLY,6,6,JUN,,2012-01-01 00:00:00.000,14.9,
SURVEY,ANIMALS & PRODUCTS,LIVESTOCK,HOGS,ALL CLASSES,ALL PRODUCTION PRACTICES,ALL UTILIZATION PRACTICES,PRICE RECEIVED,$ / CWT,"HOGS - PRICE RECEIVED, MEASURED IN $ / CWT",TOTAL,NOT SPECIFIED,NATIONAL,,99,US,US TOTAL,,,,,,,,0,,,9000,UNITED STATES,US TOTAL,1964,MONTHLY,7,7,JUL,,2012-01-01 00:00:00.000,16.0,
SURVEY,ANIMALS & PRODUCTS,LIVESTOCK,HOGS,ALL CLASSES,ALL PRODUCTION PRACTICES,ALL UTILIZATION PRACTICES,PRICE RECEIVED,$ / CWT,"HOGS - PRICE RECEIVED, MEASURED IN $ / CWT",TOTAL,NOT SPECIFIED,NATIONAL,,99,US,US TOTAL,,,,,,,,0,,,9000,UNITED STATES,US TOTAL,1964,MONTHLY,8,8,AUG,,2012-01-01 00:00:00.000,15.8,
SURVEY,ANIMALS & PRODUCTS,LIVESTOCK,HOGS,ALL CLASSES,ALL PRODUCTION PRACTICES,ALL UTILIZATION PRACTICES,PRICE RECEIVED,$ / CWT,"HOGS - PRICE RECEIVED, MEASURED IN $ / CWT",TOTAL,NOT SPECIFIED,NATIONAL,,99,US,US TOTAL,,,,,,,,0,,,9000,UNITED STATES,US TOTAL,1964,MONTHLY,9,9,SEP,,2012-01-01 00:00:00.000,16.2,
SURVEY,ANIMALS & PRODUCTS,LIVESTOCK,HOGS,ALL CLASSES,ALL PRODUCTION PRACTICES,ALL UTILIZATION PRACTICES,PRICE RECEIVED,$ / CWT,"HOGS - PRICE RECEIVED, MEASURED IN $ / CWT",TOTAL,NOT SPECIFIED,NATIONAL,,99,US,US TOTAL,,,,,,,,0,,,9000,UNITED STATES,US TOTAL,1964,MONTHLY,10,10,OCT,,2012-01-01 00:00:00.000,15.1,
SURVEY,ANIMALS & PRODUCTS,LIVESTOCK,HOGS,ALL CLASSES,ALL PRODUCTION PRACTICES,ALL UTILIZATION PRACTICES,PRICE RECEIVED,$ / CWT,"HOGS - PRICE RECEIVED, MEASURED IN $ / CWT",TOTAL,NOT SPECIFIED,NATIONAL,,99,US,US TOTAL,,,,,,,,0,,,9000,UNITED STATES,US TOTAL,1964,MONTHLY,11,11,NOV,,2012-01-01 00:00:00.000,14.0,
SURVEY,ANIMALS & PRODUCTS,LIVESTOCK,HOGS,ALL CLASSES,ALL PRODUCTION PRACTICES,ALL UTILIZATION PRACTICES,PRICE RECEIVED,$ / CWT,"HOGS - PRICE RECEIVED, MEASURED IN $ / CWT",TOTAL,NOT SPECIFIED,NATIONAL,,99,US,US TOTAL,,,,,,,,0,,,9000,UNITED STATES,US TOTAL,1964,MONTHLY,12,12,DEC,,2012-01-01 00:00:00.000,14.8,
SURVEY,ANIMALS & PRODUCTS,LIVESTOCK,HOGS,ALL CLASSES,ALL PRODUCTION PRACTICES,ALL UTILIZATION PRACTICES,PRICE RECEIVED,$ / CWT,"HOGS - PRICE RECEIVED, MEASURED IN $ / CWT",TOTAL,NOT SPECIFIED,NATIONAL,,99,US,US TOTAL,,,,,,,,0,,,9000,UNITED STATES,US TOTAL,1963,MONTHLY,1,1,JAN,,2012-01-01 00:00:00.000,15.4,
SURVEY,ANIMALS & PRODUCTS,LIVESTOCK,HOGS,ALL CLASSES,ALL PRODUCTION PRACTICES,ALL UTILIZATION PRACTICES,PRICE RECEIVED,$ / CWT,"HOGS - PRICE RECEIVED, MEASURED IN $ / CWT",TOTAL,NOT SPECIFIED,NATIONAL,,99,US,US TOTAL,,,,,,,,0,,,9000,UNITED STATES,US TOTAL,1963,MONTHLY,2,2,FEB,,2012-01-01 00:00:00.000,14.8,
SURVEY,ANIMALS & PRODUCTS,LIVESTOCK,HOGS,ALL CLASSES,ALL PRODUCTION PRACTICES,ALL UTILIZATION PRACTICES,PRICE RECEIVED,$ / CWT,"HOGS - PRICE RECEIVED, MEASURED IN $ / CWT",TOTAL,NOT SPECIFIED,NATIONAL,,99,US,US TOTAL,,,,,,,,0,,,9000,UNITED STATES,US TOTAL,1963,MONTHLY,3,3,MAR,,2012-01-01 00:00:00.000,13.8,
SURVEY,ANIMALS & PRODUCTS,LIVESTOCK,HOGS,ALL CLASSES,ALL PRODUCTION PRACTICES,ALL UTILIZATION PRACTICES,PRICE RECEIVED,$ / CWT,"HOGS - PRICE RECEIVED, MEASURED IN $ / CWT",TOTAL,NOT SPECIFIED,NATIONAL,,99,US,US TOTAL,,,,,,,,0,,,9000,UNITED STATES,US TOTAL,1963,MONTHLY,4,4,APR,,2012-01-01 00:00:00.000,13.5,
SURVEY,ANIMALS & PRODUCTS,LIVESTOCK,HOGS,ALL CLASSES,ALL PRODUCTION PRACTICES,ALL UTILIZATION PRACTICES,PRICE RECEIVED,$ / CWT,"HOGS - PRICE RECEIVED, MEASURED IN $ / CWT",TOTAL,NOT SPECIFIED,NATIONAL,,99,US,US TOTAL,,,,,,,,0,,,9000,UNITED STATES,US TOTAL,1963,MONTHLY,5,5,MAY,,2012-01-01 00:00:00.000,14.4,
SURVEY,ANIMALS & PRODUCTS,LIVESTOCK,HOGS,ALL CLASSES,ALL PRODUCTION PRACTICES,ALL UTILIZATION PRACTICES,PRICE RECEIVED,$ / CWT,"HOGS - PRICE RECEIVED, MEASURED IN $ / CWT",TOTAL,NOT SPECIFIED,NATIONAL,,99,US,US TOTAL,,,,,,,,0,,,9000,UNITED STATES,US TOTAL,1963,MONTHLY,6,6,JUN,,2012-01-01 00:00:00.000,16.1,
SURVEY,ANIMALS & PRODUCTS,LIVESTOCK,HOGS,ALL CLASSES,ALL PRODUCTION PRACTICES,ALL UTILIZATION PRACTICES,PRICE RECEIVED,$ / CWT,"HOGS - PRICE RECEIVED, MEASURED IN $ / CWT",TOTAL,NOT SPECIFIED,NATIONAL,,99,US,US TOTAL,,,,,,,,0,,,9000,UNITED STATES,US TOTAL,1963,MONTHLY,7,7,JUL,,2012-01-01 00:00:00.000,17.1,
SURVEY,ANIMALS & PRODUCTS,LIVESTOCK,HOGS,ALL CLASSES,ALL PRODUCTION PRACTICES,ALL UTILIZATION PRACTICES,PRICE RECEIVED,$ / CWT,"HOGS - PRICE RECEIVED, MEASURED IN $ / CWT",TOTAL,NOT SPECIFIED,NATIONAL,,99,US,US TOTAL,,,,,,,,0,,,9000,UNITED STATES,US TOTAL,1963,MONTHLY,8,8,AUG,,2012-01-01 00:00:00.000,16.7,
SURVEY,ANIMALS & PRODUCTS,LIVESTOCK,HOGS,ALL CLASSES,ALL PRODUCTION PRACTICES,ALL UTILIZATION PRACTICES,PRICE RECEIVED,$ / CWT,"HOGS - PRICE RECEIVED, MEASURED IN $ / CWT",TOTAL,NOT SPECIFIED,NATIONAL,,99,US,US TOTAL,,,,,,,,0,,,9000,UNITED STATES,US TOTAL,1963,MONTHLY,9,9,SEP,,2012-01-01 00:00:00.000,15.5,
SURVEY,ANIMALS & PRODUCTS,LIVESTOCK,HOGS,ALL CLASSES,ALL PRODUCTION PRACTICES,ALL UTILIZATION PRACTICES,PRICE RECEIVED,$ / CWT,"HOGS - PRICE RECEIVED, MEASURED IN $ / CWT",TOTAL,NOT SPECIFIED,NATIONAL,,99,US,US TOTAL,,,,,,,,0,,,9000,UNITED STATES,US TOTAL,1963,MONTHLY,10,10,OCT,,2012-01-01 00:00:00.000,15.2,
SURVEY,ANIMALS & PRODUCTS,LIVESTOCK,HOGS,ALL CLASSES,ALL PRODUCTION PRACTICES,ALL UTILIZATION PRACTICES,PRICE RECEIVED,$ / CWT,"HOGS - PRICE RECEIVED, MEASURED IN $ / CWT",TOTAL,NOT SPECIFIED,NATIONAL,,99,US,US TOTAL,,,,,,,,0,,,9000,UNITED STATES,US TOTAL,1963,MONTHLY,11,11,NOV,,2012-01-01 00:00:00.000,14.2,
SURVEY,ANIMALS & PRODUCTS,LIVESTOCK,HOGS,ALL CLASSES,ALL PRODUCTION PRACTICES,ALL UTILIZATION PRACTICES,PRICE RECEIVED,$ / CWT,"HOGS - PRICE RECEIVED, MEASURED IN $ / CWT",TOTAL,NOT SPECIFIED,NATIONAL,,99,US,US TOTAL,,,,,,,,0,,,9000,UNITED STATES,US TOTAL,1963,MONTHLY,12,12,DEC,,2012-01-01 00:00:00.000,13.6,
SURVEY,ANIMALS & PRODUCTS,LIVESTOCK,HOGS,ALL CLASSES,ALL PRODUCTION PRACTICES,ALL UTILIZATION PRACTICES,PRICE RECEIVED,$ / CWT,"HOGS - PRICE RECEIVED, MEASURED IN $ / CWT",TOTAL,NOT SPECIFIED,NATIONAL,,99,US,US TOTAL,,,,,,,,0,,,9000,UNITED STATES,US TOTAL,1962,MONTHLY,1,1,JAN,,2012-01-01 00:00:00.000,16.5,
SURVEY,ANIMALS & PRODUCTS,LIVESTOCK,HOGS,ALL CLASSES,ALL PRODUCTION PRACTICES,ALL UTILIZATION PRACTICES,PRICE RECEIVED,$ / CWT,"HOGS - PRICE RECEIVED, MEASURED IN $ / CWT",TOTAL,NOT SPECIFIED,NATIONAL,,99,US,US TOTAL,,,,,,,,0,,,9000,UNITED STATES,US TOTAL,1962,MONTHLY,2,2,FEB,,2012-01-01 00:00:00.000,16.3,
SURVEY,ANIMALS & PRODUCTS,LIVESTOCK,HOGS,ALL CLASSES,ALL PRODUCTION PRACTICES,ALL UTILIZATION PRACTICES,PRICE RECEIVED,$ / CWT,"HOGS - PRICE RECEIVED, MEASURED IN $ / CWT",TOTAL,NOT SPECIFIED,NATIONAL,,99,US,US TOTAL,,,,,,,,0,,,9000,UNITED STATES,US TOTAL,1962,MONTHLY,3,3,MAR,,2012-01-01 00:00:00.000,15.9,
SURVEY,ANIMALS & PRODUCTS,LIVESTOCK,HOGS,ALL CLASSES,ALL PRODUCTION PRACTICES,ALL UTILIZATION PRACTICES,PRICE RECEIVED,$ / CWT,"HOGS - PRICE RECEIVED, MEASURED IN $ / CWT",TOTAL,NOT SPECIFIED,NATIONAL,,99,US,US TOTAL,,,,,,,,0,,,9000,UNITED STATES,US TOTAL,1962,MONTHLY,4,4,APR,,2012-01-01 00:00:00.000,15.5,
SURVEY,ANIMALS & PRODUCTS,LIVESTOCK,HOGS,ALL CLASSES,ALL PRODUCTION PRACTICES,ALL UTILIZATION PRACTICES,PRICE RECEIVED,$ / CWT,"HOGS - PRICE RECEIVED, MEASURED IN $ / CWT",TOTAL,NOT SPECIFIED,NATIONAL,,99,US,US TOTAL,,,,,,,,0,,,9000,UNITED STATES,US TOTAL,1962,MONTHLY,5,5,MAY,,2012-01-01 00:00:00.000,15.2,
SURVEY,ANIMALS & PRODUCTS,LIVESTOCK,HOGS,ALL CLASSES,ALL PRODUCTION PRACTICES,ALL UTILIZATION PRACTICES,PRICE RECEIVED,$ / CWT,"HOGS - PRICE RECEIVED, MEASURED IN $ / CWT",TOTAL,NOT SPECIFIED,NATIONAL,,99,US,US TOTAL,,,,,,,,0,,,9000,UNITED STATES,US TOTAL,1962,MONTHLY,6,6,JUN,,2012-01-01 00:00:00.000,15.9,
SURVEY,ANIMALS & PRODUCTS,LIVESTOCK,HOGS,ALL CLASSES,ALL PRODUCTION PRACTICES,ALL UTILIZATION PRACTICES,PRICE RECEIVED,$ / CWT,"HOGS - PRICE RECEIVED, MEASURED IN $ / CWT",TOTAL,NOT SPECIFIED,NATIONAL,,99,US,US TOTAL,,,,,,,,0,,,9000,UNITED STATES,US TOTAL,1962,MONTHLY,7,7,JUL,,2012-01-01 00:00:00.000,17.0,
SURVEY,ANIMALS & PRODUCTS,LIVESTOCK,HOGS,ALL CLASSES,ALL PRODUCTION PRACTICES,ALL UTILIZATION PRACTICES,PRICE RECEIVED,$ / CWT,"HOGS - PRICE RECEIVED, MEASURED IN $ / CWT",TOTAL,NOT SPECIFIED,NATIONAL,,99,US,US TOTAL,,,,,,,,0,,,9000,UNITED STATES,US TOTAL,1962,MONTHLY,8,8,AUG,,2012-01-01 00:00:00.000,17.5,
SURVEY,ANIMALS & PRODUCTS,LIVESTOCK,HOGS,ALL CLASSES,ALL PRODUCTION PRACTICES,ALL UTILIZATION PRACTICES,PRICE RECEIVED,$ / CWT,"HOGS - PRICE RECEIVED, MEASURED IN $ / CWT",TOTAL,NOT SPECIFIED,NATIONAL,,99,US,US TOTAL,,,,,,,,0,,,9000,UNITED STATES,US TOTAL,1962,MONTHLY,9,9,SEP,,2012-01-01 00:00:00.000,18.1,
SURVEY,ANIMALS & PRODUCTS,LIVESTOCK,HOGS,ALL CLASSES,ALL PRODUCTION PRACTICES,ALL UTILIZATION PRACTICES,PRICE RECEIVED,$ / CWT,"HOGS - PRICE RECEIVED, MEASURED IN $ / CWT",TOTAL,NOT SPECIFIED,NATIONAL,,99,US,US TOTAL,,,,,,,,0,,,9000,UNITED STATES,US TOTAL,1962,MONTHLY,10,10,OCT,,2012-01-01 00:00:00.000,16.6,
SURVEY,ANIMALS & PRODUCTS,LIVESTOCK,HOGS,ALL CLASSES,ALL PRODUCTION PRACTICES,ALL UTILIZATION PRACTICES,PRICE RECEIVED,$ / CWT,"HOGS - PRICE RECEIVED, MEASURED IN $ / CWT",TOTAL,NOT SPECIFIED,NATIONAL,,99,US,US TOTAL,,,,,,,,0,,,9000,UNITED STATES,US TOTAL,1962,MONTHLY,11,11,NOV,,2012-01-01 00:00:00.000,16.2,
SURVEY,ANIMALS & PRODUCTS,LIVESTOCK,HOGS,ALL CLASSES,ALL PRODUCTION PRACTICES,ALL UTILIZATION PRACTICES,PRICE RECEIVED,$ / CWT,"HOGS - PRICE RECEIVED, MEASURED IN $ / CWT",TOTAL,NOT SPECIFIED,NATIONAL,,99,US,US TOTAL,,,,,,,,0,,,9000,UNITED STATES,US TOTAL,1962,MONTHLY,12,12,DEC,,2012-01-01 00:00:00.000,15.7,
SURVEY,ANIMALS & PRODUCTS,LIVESTOCK,HOGS,ALL CLASSES,ALL PRODUCTION PRACTICES,ALL UTILIZATION PRACTICES,PRICE RECEIVED,$ / CWT,"HOGS - PRICE RECEIVED, MEASURED IN $ / CWT",TOTAL,NOT SPECIFIED,NATIONAL,,99,US,US TOTAL,,,,,,,,0,,,9000,UNITED STATES,US TOTAL,1961,MONTHLY,1,1,JAN,,2012-01-01 00:00:00.000,16.7,
SURVEY,ANIMALS & PRODUCTS,LIVESTOCK,HOGS,ALL CLASSES,ALL PRODUCTION PRACTICES,ALL UTILIZATION PRACTICES,PRICE RECEIVED,$ / CWT,"HOGS - PRICE RECEIVED, MEASURED IN $ / CWT",TOTAL,NOT SPECIFIED,NATIONAL,,99,US,US TOTAL,,,,,,,,0,,,9000,UNITED STATES,US TOTAL,1961,MONTHLY,2,2,FEB,,2012-01-01 00:00:00.000,17.6,
SURVEY,ANIMALS & PRODUCTS,LIVESTOCK,HOGS,ALL CLASSES,ALL PRODUCTION PRACTICES,ALL UTILIZATION PRACTICES,PRICE RECEIVED,$ / CWT,"HOGS - PRICE RECEIVED, MEASURED IN $ / CWT",TOTAL,NOT SPECIFIED,NATIONAL,,99,US,US TOTAL,,,,,,,,0,,,9000,UNITED STATES,US TOTAL,1961,MONTHLY,3,3,MAR,,2012-01-01 00:00:00.000,17.1,
SURVEY,ANIMALS & PRODUCTS,LIVESTOCK,HOGS,ALL CLASSES,ALL PRODUCTION PRACTICES,ALL UTILIZATION PRACTICES,PRICE RECEIVED,$ / CWT,"HOGS - PRICE RECEIVED, MEASURED IN $ / CWT",TOTAL,NOT SPECIFIED,NATIONAL,,99,US,US TOTAL,,,,,,,,0,,,9000,UNITED STATES,US TOTAL,1961,MONTHLY,4,4,APR,,2012-01-01 00:00:00.000,16.8,
SURVEY,ANIMALS & PRODUCTS,LIVESTOCK,HOGS,ALL CLASSES,ALL PRODUCTION PRACTICES,ALL UTILIZATION PRACTICES,PRICE RECEIVED,$ / CWT,"HOGS - PRICE RECEIVED, MEASURED IN $ / CWT",TOTAL,NOT SPECIFIED,NATIONAL,,99,US,US TOTAL,,,,,,,,0,,,9000,UNITED STATES,US TOTAL,1961,MONTHLY,5,5,MAY,,2012-01-01 00:00:00.000,16.1,
SURVEY,ANIMALS & PRODUCTS,LIVESTOCK,HOGS,ALL CLASSES,ALL PRODUCTION PRACTICES,ALL UTILIZATION PRACTICES,PRICE RECEIVED,$ / CWT,"HOGS - PRICE RECEIVED, MEASURED IN $ / CWT",TOTAL,NOT SPECIFIED,NATIONAL,,99,US,US TOTAL,,,,,,,,0,,,9000,UNITED STATES,US TOTAL,1961,MONTHLY,6,6,JUN,,2012-01-01 00:00:00.000,15.8,
SURVEY,ANIMALS & PRODUCTS,LIVESTOCK,HOGS,ALL CLASSES,ALL PRODUCTION PRACTICES,ALL UTILIZATION PRACTICES,PRICE RECEIVED,$ / CWT,"HOGS - PRICE RECEIVED, MEASURED IN $ / CWT",TOTAL,NOT SPECIFIED,NATIONAL,,99,US,US TOTAL,,,,,,,,0,,,9000,UNITED STATES,US TOTAL,1961,MONTHLY,7,7,JUL,,2012-01-01 00:00:00.000,16.6,
SURVEY,ANIMALS & PRODUCTS,LIVESTOCK,HOGS,ALL CLASSES,ALL PRODUCTION PRACTICES,ALL UTILIZATION PRACTICES,PRICE RECEIVED,$ / CWT,"HOGS - PRICE RECEIVED, MEASURED IN $ / CWT",TOTAL,NOT SPECIFIED,NATIONAL,,99,US,US TOTAL,,,,,,,,0,,,9000,UNITED STATES,US TOTAL,1961,MONTHLY,8,8,AUG,,2012-01-01 00:00:00.000,17.3,
SURVEY,ANIMALS & PRODUCTS,LIVESTOCK,HOGS,ALL CLASSES,ALL PRODUCTION PRACTICES,ALL UTILIZATION PRACTICES,PRICE RECEIVED,$ / CWT,"HOGS - PRICE RECEIVED, MEASURED IN $ / CWT",TOTAL,NOT SPECIFIED,NATIONAL,,99,US,US TOTAL,,,,,,,,0,,,9000,UNITED STATES,US TOTAL,1961,MONTHLY,9,9,SEP,,2012-01-01 00:00:00.000,17.5,
SURVEY,ANIMALS & PRODUCTS,LIVESTOCK,HOGS,ALL CLASSES,ALL PRODUCTION PRACTICES,ALL UTILIZATION PRACTICES,PRICE RECEIVED,$ / CWT,"HOGS - PRICE RECEIVED, MEASURED IN $ / CWT",TOTAL,NOT SPECIFIED,NATIONAL,,99,US,US TOTAL,,,,,,,,0,,,9000,UNITED STATES,US TOTAL,1961,MONTHLY,10,10,OCT,,2012-01-01 00:00:00.000,16.6,
SURVEY,ANIMALS & PRODUCTS,LIVESTOCK,HOGS,ALL CLASSES,ALL PRODUCTION PRACTICES,ALL UTILIZATION PRACTICES,PRICE RECEIVED,$ / CWT,"HOGS - PRICE RECEIVED, MEASURED IN $ / CWT",TOTAL,NOT SPECIFIED,NATIONAL,,99,US,US TOTAL,,,,,,,,0,,,9000,UNITED STATES,US TOTAL,1961,MONTHLY,11,11,NOV,,2012-01-01 00:00:00.000,15.7,
SURVEY,ANIMALS & PRODUCTS,LIVESTOCK,HOGS,ALL CLASSES,ALL PRODUCTION PRACTICES,ALL UTILIZATION PRACTICES,PRICE RECEIVED,$ / CWT,"HOGS - PRICE RECEIVED, MEASURED IN $ / CWT",TOTAL,NOT SPECIFIED,NATIONAL,,99,US,US TOTAL,,,,,,,,0,,,9000,UNITED STATES,US TOTAL,1961,MONTHLY,12,12,DEC,,2012-01-01 00:00:00.000,16.1,
SURVEY,ANIMALS & PRODUCTS,LIVESTOCK,HOGS,ALL CLASSES,ALL PRODUCTION PRACTICES,ALL UTILIZATION PRACTICES,PRICE RECEIVED,$ / CWT,"HOGS - PRICE RECEIVED, MEASURED IN $ / CWT",TOTAL,NOT SPECIFIED,NATIONAL,,99,US,US TOTAL,,,,,,,,0,,,9000,UNITED STATES,US TOTAL,1960,MONTHLY,1,1,JAN,,2012-01-01 00:00:00.000,12.1,
SURVEY,ANIMALS & PRODUCTS,LIVESTOCK,HOGS,ALL CLASSES,ALL PRODUCTION PRACTICES,ALL UTILIZATION PRACTICES,PRICE RECEIVED,$ / CWT,"HOGS - PRICE RECEIVED, MEASURED IN $ / CWT",TOTAL,NOT SPECIFIED,NATIONAL,,99,US,US TOTAL,,,,,,,,0,,,9000,UNITED STATES,US TOTAL,1960,MONTHLY,2,2,FEB,,2012-01-01 00:00:00.000,13.0,
SURVEY,ANIMALS & PRODUCTS,LIVESTOCK,HOGS,ALL CLASSES,ALL PRODUCTION PRACTICES,ALL UTILIZATION PRACTICES,PRICE RECEIVED,$ / CWT,"HOGS - PRICE RECEIVED, MEASURED IN $ / CWT",TOTAL,NOT SPECIFIED,NATIONAL,,99,US,US TOTAL,,,,,,,,0,,,9000,UNITED STATES,US TOTAL,1960,MONTHLY,3,3,MAR,,2012-01-01 00:00:00.000,15.0,
SURVEY,ANIMALS & PRODUCTS,LIVESTOCK,HOGS,ALL CLASSES,ALL PRODUCTION PRACTICES,ALL UTILIZATION PRACTICES,PRICE RECEIVED,$ / CWT,"HOGS - PRICE RECEIVED, MEASURED IN $ / CWT",TOTAL,NOT SPECIFIED,NATIONAL,,99,US,US TOTAL,,,,,,,,0,,,9000,UNITED STATES,US TOTAL,1960,MONTHLY,4,4,APR,,2012-01-01 00:00:00.000,15.5,
SURVEY,ANIMALS & PRODUCTS,LIVESTOCK,HOGS,ALL CLASSES,ALL PRODUCTION PRACTICES,ALL UTILIZATION PRACTICES,PRICE RECEIVED,$ / CWT,"HOGS - PRICE RECEIVED, MEASURED IN $ / CWT",TOTAL,NOT SPECIFIED,NATIONAL,,99,US,US TOTAL,,,,,,,,0,,,9000,UNITED STATES,US TOTAL,1960,MONTHLY,5,5,MAY,,2012-01-01 00:00:00.000,15.4,
SURVEY,ANIMALS & PRODUCTS,LIVESTOCK,HOGS,ALL CLASSES,ALL PRODUCTION PRACTICES,ALL UTILIZATION PRACTICES,PRICE RECEIVED,$ / CWT,"HOGS - PRICE RECEIVED, MEASURED IN $ / CWT",TOTAL,NOT SPECIFIED,NATIONAL,,99,US,US TOTAL,,,,,,,,0,,,9000,UNITED STATES,US TOTAL,1960,MONTHLY,6,6,JUN,,2012-01-01 00:00:00.000,16.0,
SURVEY,ANIMALS & PRODUCTS,LIVESTOCK,HOGS,ALL CLASSES,ALL PRODUCTION PRACTICES,ALL UTILIZATION PRACTICES,PRICE RECEIVED,$ / CWT,"HOGS - PRICE RECEIVED, MEASURED IN $ / CWT",TOTAL,NOT SPECIFIED,NATIONAL,,99,US,US TOTAL,,,,,,,,0,,,9000,UNITED STATES,US TOTAL,1960,MONTHLY,7,7,JUL,,2012-01-01 00:00:00.000,16.6,
SURVEY,ANIMALS & PRODUCTS,LIVESTOCK,HOGS,ALL CLASSES,ALL PRODUCTION PRACTICES,ALL UTILIZATION PRACTICES,PRICE RECEIVED,$ / CWT,"HOGS - PRICE RECEIVED, MEASURED IN $ / CWT",TOTAL,NOT SPECIFIED,NATIONAL,,99,US,US TOTAL,,,,,,,,0,,,9000,UNITED STATES,US TOTAL,1960,MONTHLY,8,8,AUG,,2012-01-01 00:00:00.000,16.3,
SURVEY,ANIMALS & PRODUCTS,LIVESTOCK,HOGS,ALL CLASSES,ALL PRODUCTION PRACTICES,ALL UTILIZATION PRACTICES,PRICE RECEIVED,$ / CWT,"HOGS - PRICE RECEIVED, MEASURED IN $ / CWT",TOTAL,NOT SPECIFIED,NATIONAL,,99,US,US TOTAL,,,,,,,,0,,,9000,UNITED STATES,US TOTAL,1960,MONTHLY,9,9,SEP,,2012-01-01 00:00:00.000,15.7,
SURVEY,ANIMALS & PRODUCTS,LIVESTOCK,HOGS,ALL CLASSES,ALL PRODUCTION PRACTICES,ALL UTILIZATION PRACTICES,PRICE RECEIVED,$ / CWT,"HOGS - PRICE RECEIVED, MEASURED IN $ / CWT",TOTAL,NOT SPECIFIED,NATIONAL,,99,US,US TOTAL,,,,,,,,0,,,9000,UNITED STATES,US TOTAL,1960,MONTHLY,10,10,OCT,,2012-01-01 00:00:00.000,16.7,
SURVEY,ANIMALS & PRODUCTS,LIVESTOCK,HOGS,ALL CLASSES,ALL PRODUCTION PRACTICES,ALL UTILIZATION PRACTICES,PRICE RECEIVED,$ / CWT,"HOGS - PRICE RECEIVED, MEASURED IN $ / CWT",TOTAL,NOT SPECIFIED,NATIONAL,,99,US,US TOTAL,,,,,,,,0,,,9000,UNITED STATES,US TOTAL,1960,MONTHLY,11,11,NOV,,2012-01-01 00:00:00.000,16.6,
SURVEY,ANIMALS & PRODUCTS,LIVESTOCK,HOGS,ALL CLASSES,ALL PRODUCTION PRACTICES,ALL UTILIZATION PRACTICES,PRICE RECEIVED,$ / CWT,"HOGS - PRICE RECEIVED, MEASURED IN $ / CWT",TOTAL,NOT SPECIFIED,NATIONAL,,99,US,US TOTAL,,,,,,,,0,,,9000,UNITED STATES,US TOTAL,1960,MONTHLY,12,12,DEC,,2012-01-01 00:00:00.000,16.5,
SURVEY,ANIMALS & PRODUCTS,LIVESTOCK,HOGS,ALL CLASSES,ALL PRODUCTION PRACTICES,ALL UTILIZATION PRACTICES,PRICE RECEIVED,$ / CWT,"HOGS - PRICE RECEIVED, MEASURED IN $ / CWT",TOTAL,NOT SPECIFIED,NATIONAL,,99,US,US TOTAL,,,,,,,,0,,,9000,UNITED STATES,US TOTAL,1959,MONTHLY,1,1,JAN,,2012-01-01 00:00:00.000,16.4,
SURVEY,ANIMALS & PRODUCTS,LIVESTOCK,HOGS,ALL CLASSES,ALL PRODUCTION PRACTICES,ALL UTILIZATION PRACTICES,PRICE RECEIVED,$ / CWT,"HOGS - PRICE RECEIVED, MEASURED IN $ / CWT",TOTAL,NOT SPECIFIED,NATIONAL,,99,US,US TOTAL,,,,,,,,0,,,9000,UNITED STATES,US TOTAL,1959,MONTHLY,2,2,FEB,,2012-01-01 00:00:00.000,15.4,
SURVEY,ANIMALS & PRODUCTS,LIVESTOCK,HOGS,ALL CLASSES,ALL PRODUCTION PRACTICES,ALL UTILIZATION PRACTICES,PRICE RECEIVED,$ / CWT,"HOGS - PRICE RECEIVED, MEASURED IN $ / CWT",TOTAL,NOT SPECIFIED,NATIONAL,,99,US,US TOTAL,,,,,,,,0,,,9000,UNITED STATES,US TOTAL,1959,MONTHLY,3,3,MAR,,2012-01-01 00:00:00.000,15.5,
SURVEY,ANIMALS & PRODUCTS,LIVESTOCK,HOGS,ALL CLASSES,ALL PRODUCTION PRACTICES,ALL UTILIZATION PRACTICES,PRICE RECEIVED,$ / CWT,"HOGS - PRICE RECEIVED, MEASURED IN $ / CWT",TOTAL,NOT SPECIFIED,NATIONAL,,99,US,US TOTAL,,,,,,,,0,,,9000,UNITED STATES,US TOTAL,1959,MONTHLY,4,4,APR,,2012-01-01 00:00:00.000,15.5,
SURVEY,ANIMALS & PRODUCTS,LIVESTOCK,HOGS,ALL CLASSES,ALL PRODUCTION PRACTICES,ALL UTILIZATION PRACTICES,PRICE RECEIVED,$ / CWT,"HOGS - PRICE RECEIVED, MEASURED IN $ / CWT",TOTAL,NOT SPECIFIED,NATIONAL,,99,US,US TOTAL,,,,,,,,0,,,9000,UNITED STATES,US TOTAL,1959,MONTHLY,5,5,MAY,,2012-01-01 00:00:00.000,15.4,
SURVEY,ANIMALS & PRODUCTS,LIVESTOCK,HOGS,ALL CLASSES,ALL PRODUCTION PRACTICES,ALL UTILIZATION PRACTICES,PRICE RECEIVED,$ / CWT,"HOGS - PRICE RECEIVED, MEASURED IN $ / CWT",TOTAL,NOT SPECIFIED,NATIONAL,,99,US,US TOTAL,,,,,,,,0,,,9000,UNITED STATES,US TOTAL,1959,MONTHLY,6,6,JUN,,2012-01-01 00:00:00.000,14.9,
SURVEY,ANIMALS & PRODUCTS,LIVESTOCK,HOGS,ALL CLASSES,ALL PRODUCTION PRACTICES,ALL UTILIZATION PRACTICES,PRICE RECEIVED,$ / CWT,"HOGS - PRICE RECEIVED, MEASURED IN $ / CWT",TOTAL,NOT SPECIFIED,NATIONAL,,99,US,US TOTAL,,,,,,,,0,,,9000,UNITED STATES,US TOTAL,1959,MONTHLY,7,7,JUL,,2012-01-01 00:00:00.000,13.4,
SURVEY,ANIMALS & PRODUCTS,LIVESTOCK,HOGS,ALL CLASSES,ALL PRODUCTION PRACTICES,ALL UTILIZATION PRACTICES,PRICE RECEIVED,$ / CWT,"HOGS - PRICE RECEIVED, MEASURED IN $ / CWT",TOTAL,NOT SPECIFIED,NATIONAL,,99,US,US TOTAL,,,,,,,,0,,,9000,UNITED STATES,US TOTAL,1959,MONTHLY,8,8,AUG,,2012-01-01 00:00:00.000,13.8,
SURVEY,ANIMALS & PRODUCTS,LIVESTOCK,HOGS,ALL CLASSES,ALL PRODUCTION PRACTICES,ALL UTILIZATION PRACTICES,PRICE RECEIVED,$ / CWT,"HOGS - PRICE RECEIVED, MEASURED IN $ / CWT",TOTAL,NOT SPECIFIED,NATIONAL,,99,US,US TOTAL,,,,,,,,0,,,9000,UNITED STATES,US TOTAL,1959,MONTHLY,9,9,SEP,,2012-01-01 00:00:00.000,13.3,
SURVEY,ANIMALS & PRODUCTS,LIVESTOCK,HOGS,ALL CLASSES,ALL PRODUCTION PRACTICES,ALL UTILIZATION PRACTICES,PRICE RECEIVED,$ / CWT,"HOGS - PRICE RECEIVED, MEASURED IN $ / CWT",TOTAL,NOT SPECIFIED,NATIONAL,,99,US,US TOTAL,,,,,,,,0,,,9000,UNITED STATES,US TOTAL,1959,MONTHLY,10,10,OCT,,2012-01-01 00:00:00.000,12.6,
SURVEY,ANIMALS & PRODUCTS,LIVESTOCK,HOGS,ALL CLASSES,ALL PRODUCTION PRACTICES,ALL UTILIZATION PRACTICES,PRICE RECEIVED,$ / CWT,"HOGS - PRICE RECEIVED, MEASURED IN $ / CWT",TOTAL,NOT SPECIFIED,NATIONAL,,99,US,US TOTAL,,,,,,,,0,,,9000,UNITED STATES,US TOTAL,1959,MONTHLY,11,11,NOV,,2012-01-01 00:00:00.000,12.1,
SURVEY,ANIMALS & PRODUCTS,LIVESTOCK,HOGS,ALL CLASSES,ALL PRODUCTION PRACTICES,ALL UTILIZATION PRACTICES,PRICE RECEIVED,$ / CWT,"HOGS - PRICE RECEIVED, MEASURED IN $ / CWT",TOTAL,NOT SPECIFIED,NATIONAL,,99,US,US TOTAL,,,,,,,,0,,,9000,UNITED STATES,US TOTAL,1959,MONTHLY,12,12,DEC,,2012-01-01 00:00:00.000,11.3,
SURVEY,ANIMALS & PRODUCTS,LIVESTOCK,HOGS,ALL CLASSES,ALL PRODUCTION PRACTICES,ALL UTILIZATION PRACTICES,PRICE RECEIVED,$ / CWT,"HOGS - PRICE RECEIVED, MEASURED IN $ / CWT",TOTAL,NOT SPECIFIED,NATIONAL,,99,US,US TOTAL,,,,,,,,0,,,9000,UNITED STATES,US TOTAL,1958,MONTHLY,1,1,JAN,,2012-01-01 00:00:00.000,18.5,
SURVEY,ANIMALS & PRODUCTS,LIVESTOCK,HOGS,ALL CLASSES,ALL PRODUCTION PRACTICES,ALL UTILIZATION PRACTICES,PRICE RECEIVED,$ / CWT,"HOGS - PRICE RECEIVED, MEASURED IN $ / CWT",TOTAL,NOT SPECIFIED,NATIONAL,,99,US,US TOTAL,,,,,,,,0,,,9000,UNITED STATES,US TOTAL,1958,MONTHLY,2,2,FEB,,2012-01-01 00:00:00.000,19.5,
SURVEY,ANIMALS & PRODUCTS,LIVESTOCK,HOGS,ALL CLASSES,ALL PRODUCTION PRACTICES,ALL UTILIZATION PRACTICES,PRICE RECEIVED,$ / CWT,"HOGS - PRICE RECEIVED, MEASURED IN $ / CWT",TOTAL,NOT SPECIFIED,NATIONAL,,99,US,US TOTAL,,,,,,,,0,,,9000,UNITED STATES,US TOTAL,1958,MONTHLY,3,3,MAR,,2012-01-01 00:00:00.000,20.3,
SURVEY,ANIMALS & PRODUCTS,LIVESTOCK,HOGS,ALL CLASSES,ALL PRODUCTION PRACTICES,ALL UTILIZATION PRACTICES,PRICE RECEIVED,$ / CWT,"HOGS - PRICE RECEIVED, MEASURED IN $ / CWT",TOTAL,NOT SPECIFIED,NATIONAL,,99,US,US TOTAL,,,,,,,,0,,,9000,UNITED STATES,US TOTAL,1958,MONTHLY,4,4,APR,,2012-01-01 00:00:00.000,20.2,
SURVEY,ANIMALS & PRODUCTS,LIVESTOCK,HOGS,ALL CLASSES,ALL PRODUCTION PRACTICES,ALL UTILIZATION PRACTICES,PRICE RECEIVED,$ / CWT,"HOGS - PRICE RECEIVED, MEASURED IN $ / CWT",TOTAL,NOT SPECIFIED,NATIONAL,,99,US,US TOTAL,,,,,,,,0,,,9000,UNITED STATES,US TOTAL,1958,MONTHLY,5,5,MAY,,2012-01-01 00:00:00.000,21.1,
SURVEY,ANIMALS & PRODUCTS,LIVESTOCK,HOGS,ALL CLASSES,ALL PRODUCTION PRACTICES,ALL UTILIZATION PRACTICES,PRICE RECEIVED,$ / CWT,"HOGS - PRICE RECEIVED, MEASURED IN $ / CWT",TOTAL,NOT SPECIFIED,NATIONAL,,99,US,US TOTAL,,,,,,,,0,,,9000,UNITED STATES,US TOTAL,1958,MONTHLY,6,6,JUN,,2012-01-01 00:00:00.000,21.6,
SURVEY,ANIMALS & PRODUCTS,LIVESTOCK,HOGS,ALL CLASSES,ALL PRODUCTION PRACTICES,ALL UTILIZATION PRACTICES,PRICE RECEIVED,$ / CWT,"HOGS - PRICE RECEIVED, MEASURED IN $ / CWT",TOTAL,NOT SPECIFIED,NATIONAL,,99,US,US TOTAL,,,,,,,,0,,,9000,UNITED STATES,US TOTAL,1958,MONTHLY,7,7,JUL,,2012-01-01 00:00:00.000,21.7,
SURVEY,ANIMALS & PRODUCTS,LIVESTOCK,HOGS,ALL CLASSES,ALL PRODUCTION PRACTICES,ALL UTILIZATION PRACTICES,PRICE RECEIVED,$ / CWT,"HOGS - PRICE RECEIVED, MEASURED IN $ / CWT",TOTAL,NOT SPECIFIED,NATIONAL,,99,US,US TOTAL,,,,,,,,0,,,9000,UNITED STATES,US TOTAL,1958,MONTHLY,8,8,AUG,,2012-01-01 00:00:00.000,20.8,
SURVEY,ANIMALS & PRODUCTS,LIVESTOCK,HOGS,ALL CLASSES,ALL PRODUCTION PRACTICES,ALL UTILIZATION PRACTICES,PRICE RECEIVED,$ / CWT,"HOGS - PRICE RECEIVED, MEASURED IN $ / CWT",TOTAL,NOT SPECIFIED,NATIONAL,,99,US,US TOTAL,,,,,,,,0,,,9000,UNITED STATES,US TOTAL,1958,MONTHLY,9,9,SEP,,2012-01-01 00:00:00.000,19.9,
SURVEY,ANIMALS & PRODUCTS,LIVESTOCK,HOGS,ALL CLASSES,ALL PRODUCTION PRACTICES,ALL UTILIZATION PRACTICES,PRICE RECEIVED,$ / CWT,"HOGS - PRICE RECEIVED, MEASURED IN $ / CWT",TOTAL,NOT SPECIFIED,NATIONAL,,99,US,US TOTAL,,,,,,,,0,,,9000,UNITED STATES,US TOTAL,1958,MONTHLY,10,10,OCT,,2012-01-01 00:00:00.000,18.5,
SURVEY,ANIMALS & PRODUCTS,LIVESTOCK,HOGS,ALL CLASSES,ALL PRODUCTION PRACTICES,ALL UTILIZATION PRACTICES,PRICE RECEIVED,$ / CWT,"HOGS - PRICE RECEIVED, MEASURED IN $ / CWT",TOTAL,NOT SPECIFIED,NATIONAL,,99,US,US TOTAL,,,,,,,,0,,,9000,UNITED STATES,US TOTAL,1958,MONTHLY,11,11,NOV,,2012-01-01 00:00:00.000,17.9,
SURVEY,ANIMALS & PRODUCTS,LIVESTOCK,HOGS,ALL CLASSES,ALL PRODUCTION PRACTICES,ALL UTILIZATION PRACTICES,PRICE RECEIVED,$ / CWT,"HOGS - PRICE RECEIVED, MEASURED IN $ / CWT",TOTAL,NOT SPECIFIED,NATIONAL,,99,US,US TOTAL,,,,,,,,0,,,9000,UNITED STATES,US TOTAL,1958,MONTHLY,12,12,DEC,,2012-01-01 00:00:00.000,17.5,
SURVEY,ANIMALS & PRODUCTS,LIVESTOCK,HOGS,ALL CLASSES,ALL PRODUCTION PRACTICES,ALL UTILIZATION PRACTICES,PRICE RECEIVED,$ / CWT,"HOGS - PRICE RECEIVED, MEASURED IN $ / CWT",TOTAL,NOT SPECIFIED,NATIONAL,,99,US,US TOTAL,,,,,,,,0,,,9000,UNITED STATES,US TOTAL,1957,MONTHLY,1,1,JAN,,2012-01-01 00:00:00.000,17.3,
SURVEY,ANIMALS & PRODUCTS,LIVESTOCK,HOGS,ALL CLASSES,ALL PRODUCTION PRACTICES,ALL UTILIZATION PRACTICES,PRICE RECEIVED,$ / CWT,"HOGS - PRICE RECEIVED, MEASURED IN $ / CWT",TOTAL,NOT SPECIFIED,NATIONAL,,99,US,US TOTAL,,,,,,,,0,,,9000,UNITED STATES,US TOTAL,1957,MONTHLY,2,2,FEB,,2012-01-01 00:00:00.000,16.8,
SURVEY,ANIMALS & PRODUCTS,LIVESTOCK,HOGS,ALL CLASSES,ALL PRODUCTION PRACTICES,ALL UTILIZATION PRACTICES,PRICE RECEIVED,$ / CWT,"HOGS - PRICE RECEIVED, MEASURED IN $ / CWT",TOTAL,NOT SPECIFIED,NATIONAL,,99,US,US TOTAL,,,,,,,,0,,,9000,UNITED STATES,US TOTAL,1957,MONTHLY,3,3,MAR,,2012-01-01 00:00:00.000,16.9,
SURVEY,ANIMALS & PRODUCTS,LIVESTOCK,HOGS,ALL CLASSES,ALL PRODUCTION PRACTICES,ALL UTILIZATION PRACTICES,PRICE RECEIVED,$ / CWT,"HOGS - PRICE RECEIVED, MEASURED IN $ / CWT",TOTAL,NOT SPECIFIED,NATIONAL,,99,US,US TOTAL,,,,,,,,0,,,9000,UNITED STATES,US TOTAL,1957,MONTHLY,4,4,APR,,2012-01-01 00:00:00.000,17.4,
SURVEY,ANIMALS & PRODUCTS,LIVESTOCK,HOGS,ALL CLASSES,ALL PRODUCTION PRACTICES,ALL UTILIZATION PRACTICES,PRICE RECEIVED,$ / CWT,"HOGS - PRICE RECEIVED, MEASURED IN $ / CWT",TOTAL,NOT SPECIFIED,NATIONAL,,99,US,US TOTAL,,,,,,,,0,,,9000,UNITED STATES,US TOTAL,1957,MONTHLY,5,5,MAY,,2012-01-01 00:00:00.000,17.4,
SURVEY,ANIMALS & PRODUCTS,LIVESTOCK,HOGS,ALL CLASSES,ALL PRODUCTION PRACTICES,ALL UTILIZATION PRACTICES,PRICE RECEIVED,$ / CWT,"HOGS - PRICE RECEIVED, MEASURED IN $ / CWT",TOTAL,NOT SPECIFIED,NATIONAL,,99,US,US TOTAL,,,,,,,,0,,,9000,UNITED STATES,US TOTAL,1957,MONTHLY,6,6,JUN,,2012-01-01 00:00:00.000,18.4,
SURVEY,ANIMALS & PRODUCTS,LIVESTOCK,HOGS,ALL CLASSES,ALL PRODUCTION PRACTICES,ALL UTILIZATION PRACTICES,PRICE RECEIVED,$ / CWT,"HOGS - PRICE RECEIVED, MEASURED IN $ / CWT",TOTAL,NOT SPECIFIED,NATIONAL,,99,US,US TOTAL,,,,,,,,0,,,9000,UNITED STATES,US TOTAL,1957,MONTHLY,7,7,JUL,,2012-01-01 00:00:00.000,19.3,
SURVEY,ANIMALS & PRODUCTS,LIVESTOCK,HOGS,ALL CLASSES,ALL PRODUCTION PRACTICES,ALL UTILIZATION PRACTICES,PRICE RECEIVED,$ / CWT,"HOGS - PRICE RECEIVED, MEASURED IN $ / CWT",TOTAL,NOT SPECIFIED,NATIONAL,,99,US,US TOTAL,,,,,,,,0,,,9000,UNITED STATES,US TOTAL,1957,MONTHLY,8,8,AUG,,2012-01-01 00:00:00.000,20.2,
SURVEY,ANIMALS & PRODUCTS,LIVESTOCK,HOGS,ALL CLASSES,ALL PRODUCTION PRACTICES,ALL UTILIZATION PRACTICES,PRICE RECEIVED,$ / CWT,"HOGS - PRICE RECEIVED, MEASURED IN $ / CWT",TOTAL,NOT SPECIFIED,NATIONAL,,99,US,US TOTAL,,,,,,,,0,,,9000,UNITED STATES,US TOTAL,1957,MONTHLY,9,9,SEP,,2012-01-01 00:00:00.000,19.1,
SURVEY,ANIMALS & PRODUCTS,LIVESTOCK,HOGS,ALL CLASSES,ALL PRODUCTION PRACTICES,ALL UTILIZATION PRACTICES,PRICE RECEIVED,$ / CWT,"HOGS - PRICE RECEIVED, MEASURED IN $ / CWT",TOTAL,NOT SPECIFIED,NATIONAL,,99,US,US TOTAL,,,,,,,,0,,,9000,UNITED STATES,US TOTAL,1957,MONTHLY,10,10,OCT,,2012-01-01 00:00:00.000,17.0,
SURVEY,ANIMALS & PRODUCTS,LIVESTOCK,HOGS,ALL CLASSES,ALL PRODUCTION PRACTICES,ALL UTILIZATION PRACTICES,PRICE RECEIVED,$ / CWT,"HOGS - PRICE RECEIVED, MEASURED IN $ / CWT",TOTAL,NOT SPECIFIED,NATIONAL,,99,US,US TOTAL,,,,,,,,0,,,9000,UNITED STATES,US TOTAL,1957,MONTHLY,11,11,NOV,,2012-01-01 00:00:00.000,16.6,
SURVEY,ANIMALS & PRODUCTS,LIVESTOCK,HOGS,ALL CLASSES,ALL PRODUCTION PRACTICES,ALL UTILIZATION PRACTICES,PRICE RECEIVED,$ / CWT,"HOGS - PRICE RECEIVED, MEASURED IN $ / CWT",TOTAL,NOT SPECIFIED,NATIONAL,,99,US,US TOTAL,,,,,,,,0,,,9000,UNITED STATES,US TOTAL,1957,MONTHLY,12,12,DEC,,2012-01-01 00:00:00.000,17.8,
SURVEY,ANIMALS & PRODUCTS,LIVESTOCK,HOGS,ALL CLASSES,ALL PRODUCTION PRACTICES,ALL UTILIZATION PRACTICES,PRICE RECEIVED,$ / CWT,"HOGS - PRICE RECEIVED, MEASURED IN $ / CWT",TOTAL,NOT SPECIFIED,NATIONAL,,99,US,US TOTAL,,,,,,,,0,,,9000,UNITED STATES,US TOTAL,1956,MONTHLY,1,1,JAN,,2012-01-01 00:00:00.000,11.0,
SURVEY,ANIMALS & PRODUCTS,LIVESTOCK,HOGS,ALL CLASSES,ALL PRODUCTION PRACTICES,ALL UTILIZATION PRACTICES,PRICE RECEIVED,$ / CWT,"HOGS - PRICE RECEIVED, MEASURED IN $ / CWT",TOTAL,NOT SPECIFIED,NATIONAL,,99,US,US TOTAL,,,,,,,,0,,,9000,UNITED STATES,US TOTAL,1956,MONTHLY,2,2,FEB,,2012-01-01 00:00:00.000,12.1,
SURVEY,ANIMALS & PRODUCTS,LIVESTOCK,HOGS,ALL CLASSES,ALL PRODUCTION PRACTICES,ALL UTILIZATION PRACTICES,PRICE RECEIVED,$ / CWT,"HOGS - PRICE RECEIVED, MEASURED IN $ / CWT",TOTAL,NOT SPECIFIED,NATIONAL,,99,US,US TOTAL,,,,,,,,0,,,9000,UNITED STATES,US TOTAL,1956,MONTHLY,3,3,MAR,,2012-01-01 00:00:00.000,12.4,
SURVEY,ANIMALS & PRODUCTS,LIVESTOCK,HOGS,ALL CLASSES,ALL PRODUCTION PRACTICES,ALL UTILIZATION PRACTICES,PRICE RECEIVED,$ / CWT,"HOGS - PRICE RECEIVED, MEASURED IN $ / CWT",TOTAL,NOT SPECIFIED,NATIONAL,,99,US,US TOTAL,,,,,,,,0,,,9000,UNITED STATES,US TOTAL,1956,MONTHLY,4,4,APR,,2012-01-01 00:00:00.000,14.4,
SURVEY,ANIMALS & PRODUCTS,LIVESTOCK,HOGS,ALL CLASSES,ALL PRODUCTION PRACTICES,ALL UTILIZATION PRACTICES,PRICE RECEIVED,$ / CWT,"HOGS - PRICE RECEIVED, MEASURED IN $ / CWT",TOTAL,NOT SPECIFIED,NATIONAL,,99,US,US TOTAL,,,,,,,,0,,,9000,UNITED STATES,US TOTAL,1956,MONTHLY,5,5,MAY,,2012-01-01 00:00:00.000,15.4,
SURVEY,ANIMALS & PRODUCTS,LIVESTOCK,HOGS,ALL CLASSES,ALL PRODUCTION PRACTICES,ALL UTILIZATION PRACTICES,PRICE RECEIVED,$ / CWT,"HOGS - PRICE RECEIVED, MEASURED IN $ / CWT",TOTAL,NOT SPECIFIED,NATIONAL,,99,US,US TOTAL,,,,,,,,0,,,9000,UNITED STATES,US TOTAL,1956,MONTHLY,6,6,JUN,,2012-01-01 00:00:00.000,15.7,
SURVEY,ANIMALS & PRODUCTS,LIVESTOCK,HOGS,ALL CLASSES,ALL PRODUCTION PRACTICES,ALL UTILIZATION PRACTICES,PRICE RECEIVED,$ / CWT,"HOGS - PRICE RECEIVED, MEASURED IN $ / CWT",TOTAL,NOT SPECIFIED,NATIONAL,,99,US,US TOTAL,,,,,,,,0,,,9000,UNITED STATES,US TOTAL,1956,MONTHLY,7,7,JUL,,2012-01-01 00:00:00.000,15.3,
SURVEY,ANIMALS & PRODUCTS,LIVESTOCK,HOGS,ALL CLASSES,ALL PRODUCTION PRACTICES,ALL UTILIZATION PRACTICES,PRICE RECEIVED,$ / CWT,"HOGS - PRICE RECEIVED, MEASURED IN $ / CWT",TOTAL,NOT SPECIFIED,NATIONAL,,99,US,US TOTAL,,,,,,,,0,,,9000,UNITED STATES,US TOTAL,1956,MONTHLY,8,8,AUG,,2012-01-01 00:00:00.000,16.2,
SURVEY,ANIMALS & PRODUCTS,LIVESTOCK,HOGS,ALL CLASSES,ALL PRODUCTION PRACTICES,ALL UTILIZATION PRACTICES,PRICE RECEIVED,$ / CWT,"HOGS - PRICE RECEIVED, MEASURED IN $ / CWT",TOTAL,NOT SPECIFIED,NATIONAL,,99,US,US TOTAL,,,,,,,,0,,,9000,UNITED STATES,US TOTAL,1956,MONTHLY,9,9,SEP,,2012-01-01 00:00:00.000,15.7,
SURVEY,ANIMALS & PRODUCTS,LIVESTOCK,HOGS,ALL CLASSES,ALL PRODUCTION PRACTICES,ALL UTILIZATION PRACTICES,PRICE RECEIVED,$ / CWT,"HOGS - PRICE RECEIVED, MEASURED IN $ / CWT",TOTAL,NOT SPECIFIED,NATIONAL,,99,US,US TOTAL,,,,,,,,0,,,9000,UNITED STATES,US TOTAL,1956,MONTHLY,10,10,OCT,,2012-01-01 00:00:00.000,15.5,
SURVEY,ANIMALS & PRODUCTS,LIVESTOCK,HOGS,ALL CLASSES,ALL PRODUCTION PRACTICES,ALL UTILIZATION PRACTICES,PRICE RECEIVED,$ / CWT,"HOGS - PRICE RECEIVED, MEASURED IN $ / CWT",TOTAL,NOT SPECIFIED,NATIONAL,,99,US,US TOTAL,,,,,,,,0,,,9000,UNITED STATES,US TOTAL,1956,MONTHLY,11,11,NOV,,2012-01-01 00:00:00.000,14.3,
SURVEY,ANIMALS & PRODUCTS,LIVESTOCK,HOGS,ALL CLASSES,ALL PRODUCTION PRACTICES,ALL UTILIZATION PRACTICES,PRICE RECEIVED,$ / CWT,"HOGS - PRICE RECEIVED, MEASURED IN $ / CWT",TOTAL,NOT SPECIFIED,NATIONAL,,99,US,US TOTAL,,,,,,,,0,,,9000,UNITED STATES,US TOTAL,1956,MONTHLY,12,12,DEC,,2012-01-01 00:00:00.000,16.2,
SURVEY,ANIMALS & PRODUCTS,LIVESTOCK,HOGS,ALL CLASSES,ALL PRODUCTION PRACTICES,ALL UTILIZATION PRACTICES,PRICE RECEIVED,$ / CWT,"HOGS - PRICE RECEIVED, MEASURED IN $ / CWT",TOTAL,NOT SPECIFIED,NATIONAL,,99,US,US TOTAL,,,,,,,,0,,,9000,UNITED STATES,US TOTAL,1955,MONTHLY,1,1,JAN,,2012-01-01 00:00:00.000,16.8,
SURVEY,ANIMALS & PRODUCTS,LIVESTOCK,HOGS,ALL CLASSES,ALL PRODUCTION PRACTICES,ALL UTILIZATION PRACTICES,PRICE RECEIVED,$ / CWT,"HOGS - PRICE RECEIVED, MEASURED IN $ / CWT",TOTAL,NOT SPECIFIED,NATIONAL,,99,US,US TOTAL,,,,,,,,0,,,9000,UNITED STATES,US TOTAL,1955,MONTHLY,2,2,FEB,,2012-01-01 00:00:00.000,16.3,
SURVEY,ANIMALS & PRODUCTS,LIVESTOCK,HOGS,ALL CLASSES,ALL PRODUCTION PRACTICES,ALL UTILIZATION PRACTICES,PRICE RECEIVED,$ / CWT,"HOGS - PRICE RECEIVED, MEASURED IN $ / CWT",TOTAL,NOT SPECIFIED,NATIONAL,,99,US,US TOTAL,,,,,,,,0,,,9000,UNITED STATES,US TOTAL,1955,MONTHLY,3,3,MAR,,2012-01-01 00:00:00.000,15.5,
SURVEY,ANIMALS & PRODUCTS,LIVESTOCK,HOGS,ALL CLASSES,ALL PRODUCTION PRACTICES,ALL UTILIZATION PRACTICES,PRICE RECEIVED,$ / CWT,"HOGS - PRICE RECEIVED, MEASURED IN $ / CWT",TOTAL,NOT SPECIFIED,NATIONAL,,99,US,US TOTAL,,,,,,,,0,,,9000,UNITED STATES,US TOTAL,1955,MONTHLY,4,4,APR,,2012-01-01 00:00:00.000,16.6,
SURVEY,ANIMALS & PRODUCTS,LIVESTOCK,HOGS,ALL CLASSES,ALL PRODUCTION PRACTICES,ALL UTILIZATION PRACTICES,PRICE RECEIVED,$ / CWT,"HOGS - PRICE RECEIVED, MEASURED IN $ / CWT",TOTAL,NOT SPECIFIED,NATIONAL,,99,US,US TOTAL,,,,,,,,0,,,9000,UNITED STATES,US TOTAL,1955,MONTHLY,5,5,MAY,,2012-01-01 00:00:00.000,16.4,
SURVEY,ANIMALS & PRODUCTS,LIVESTOCK,HOGS,ALL CLASSES,ALL PRODUCTION PRACTICES,ALL UTILIZATION PRACTICES,PRICE RECEIVED,$ / CWT,"HOGS - PRICE RECEIVED, MEASURED IN $ / CWT",TOTAL,NOT SPECIFIED,NATIONAL,,99,US,US TOTAL,,,,,,,,0,,,9000,UNITED STATES,US TOTAL,1955,MONTHLY,6,6,JUN,,2012-01-01 00:00:00.000,17.7,
SURVEY,ANIMALS & PRODUCTS,LIVESTOCK,HOGS,ALL CLASSES,ALL PRODUCTION PRACTICES,ALL UTILIZATION PRACTICES,PRICE RECEIVED,$ / CWT,"HOGS - PRICE RECEIVED, MEASURED IN $ / CWT",TOTAL,NOT SPECIFIED,NATIONAL,,99,US,US TOTAL,,,,,,,,0,,,9000,UNITED STATES,US TOTAL,1955,MONTHLY,7,7,JUL,,2012-01-01 00:00:00.000,16.4,
SURVEY,ANIMALS & PRODUCTS,LIVESTOCK,HOGS,ALL CLASSES,ALL PRODUCTION PRACTICES,ALL UTILIZATION PRACTICES,PRICE RECEIVED,$ / CWT,"HOGS - PRICE RECEIVED, MEASURED IN $ / CWT",TOTAL,NOT SPECIFIED,NATIONAL,,99,US,US TOTAL,,,,,,,,0,,,9000,UNITED STATES,US TOTAL,1955,MONTHLY,8,8,AUG,,2012-01-01 00:00:00.000,15.7,
SURVEY,ANIMALS & PRODUCTS,LIVESTOCK,HOGS,ALL CLASSES,ALL PRODUCTION PRACTICES,ALL UTILIZATION PRACTICES,PRICE RECEIVED,$ / CWT,"HOGS - PRICE RECEIVED, MEASURED IN $ / CWT",TOTAL,NOT SPECIFIED,NATIONAL,,99,US,US TOTAL,,,,,,,,0,,,9000,UNITED STATES,US TOTAL,1955,MONTHLY,9,9,SEP,,2012-01-01 00:00:00.000,15.7,
SURVEY,ANIMALS & PRODUCTS,LIVESTOCK,HOGS,ALL CLASSES,ALL PRODUCTION PRACTICES,ALL UTILIZATION PRACTICES,PRICE RECEIVED,$ / CWT,"HOGS - PRICE RECEIVED, MEASURED IN $ / CWT",TOTAL,NOT SPECIFIED,NATIONAL,,99,US,US TOTAL,,,,,,,,0,,,9000,UNITED STATES,US TOTAL,1955,MONTHLY,10,10,OCT,,2012-01-01 00:00:00.000,14.5,
SURVEY,ANIMALS & PRODUCTS,LIVESTOCK,HOGS,ALL CLASSES,ALL PRODUCTION PRACTICES,ALL UTILIZATION PRACTICES,PRICE RECEIVED,$ / CWT,"HOGS - PRICE RECEIVED, MEASURED IN $ / CWT",TOTAL,NOT SPECIFIED,NATIONAL,,99,US,US TOTAL,,,,,,,,0,,,9000,UNITED STATES,US TOTAL,1955,MONTHLY,11,11,NOV,,2012-01-01 00:00:00.000,12.1,
SURVEY,ANIMALS & PRODUCTS,LIVESTOCK,HOGS,ALL CLASSES,ALL PRODUCTION PRACTICES,ALL UTILIZATION PRACTICES,PRICE RECEIVED,$ / CWT,"HOGS - PRICE RECEIVED, MEASURED IN $ / CWT",TOTAL,NOT SPECIFIED,NATIONAL,,99,US,US TOTAL,,,,,,,,0,,,9000,UNITED STATES,US TOTAL,1955,MONTHLY,12,12,DEC,,2012-01-01 00:00:00.000,10.6,
SURVEY,ANIMALS & PRODUCTS,LIVESTOCK,HOGS,ALL CLASSES,ALL PRODUCTION PRACTICES,ALL UTILIZATION PRACTICES,PRICE RECEIVED,$ / CWT,"HOGS - PRICE RECEIVED, MEASURED IN $ / CWT",TOTAL,NOT SPECIFIED,NATIONAL,,99,US,US TOTAL,,,,,,,,0,,,9000,UNITED STATES,US TOTAL,1954,MONTHLY,1,1,JAN,,2012-01-01 00:00:00.000,24.7,
SURVEY,ANIMALS & PRODUCTS,LIVESTOCK,HOGS,ALL CLASSES,ALL PRODUCTION PRACTICES,ALL UTILIZATION PRACTICES,PRICE RECEIVED,$ / CWT,"HOGS - PRICE RECEIVED, MEASURED IN $ / CWT",TOTAL,NOT SPECIFIED,NATIONAL,,99,US,US TOTAL,,,,,,,,0,,,9000,UNITED STATES,US TOTAL,1954,MONTHLY,2,2,FEB,,2012-01-01 00:00:00.000,25.3,
SURVEY,ANIMALS & PRODUCTS,LIVESTOCK,HOGS,ALL CLASSES,ALL PRODUCTION PRACTICES,ALL UTILIZATION PRACTICES,PRICE RECEIVED,$ / CWT,"HOGS - PRICE RECEIVED, MEASURED IN $ / CWT",TOTAL,NOT SPECIFIED,NATIONAL,,99,US,US TOTAL,,,,,,,,0,,,9000,UNITED STATES,US TOTAL,1954,MONTHLY,3,3,MAR,,2012-01-01 00:00:00.000,25.0,
SURVEY,ANIMALS & PRODUCTS,LIVESTOCK,HOGS,ALL CLASSES,ALL PRODUCTION PRACTICES,ALL UTILIZATION PRACTICES,PRICE RECEIVED,$ / CWT,"HOGS - PRICE RECEIVED, MEASURED IN $ / CWT",TOTAL,NOT SPECIFIED,NATIONAL,,99,US,US TOTAL,,,,,,,,0,,,9000,UNITED STATES,US TOTAL,1954,MONTHLY,4,4,APR,,2012-01-01 00:00:00.000,26.4,
SURVEY,ANIMALS & PRODUCTS,LIVESTOCK,HOGS,ALL CLASSES,ALL PRODUCTION PRACTICES,ALL UTILIZATION PRACTICES,PRICE RECEIVED,$ / CWT,"HOGS - PRICE RECEIVED, MEASURED IN $ / CWT",TOTAL,NOT SPECIFIED,NATIONAL,,99,US,US TOTAL,,,,,,,,0,,,9000,UNITED STATES,US TOTAL,1954,MONTHLY,5,5,MAY,,2012-01-01 00:00:00.000,24.7,
SURVEY,ANIMALS & PRODUCTS,LIVESTOCK,HOGS,ALL CLASSES,ALL PRODUCTION PRACTICES,ALL UTILIZATION PRACTICES,PRICE RECEIVED,$ / CWT,"HOGS - PRICE RECEIVED, MEASURED IN $ / CWT",TOTAL,NOT SPECIFIED,NATIONAL,,99,US,US TOTAL,,,,,,,,0,,,9000,UNITED STATES,US TOTAL,1954,MONTHLY,6,6,JUN,,2012-01-01 00:00:00.000,21.5,
SURVEY,ANIMALS & PRODUCTS,LIVESTOCK,HOGS,ALL CLASSES,ALL PRODUCTION PRACTICES,ALL UTILIZATION PRACTICES,PRICE RECEIVED,$ / CWT,"HOGS - PRICE RECEIVED, MEASURED IN $ / CWT",TOTAL,NOT SPECIFIED,NATIONAL,,99,US,US TOTAL,,,,,,,,0,,,9000,UNITED STATES,US TOTAL,1954,MONTHLY,7,7,JUL,,2012-01-01 00:00:00.000,20.4,
SURVEY,ANIMALS & PRODUCTS,LIVESTOCK,HOGS,ALL CLASSES,ALL PRODUCTION PRACTICES,ALL UTILIZATION PRACTICES,PRICE RECEIVED,$ / CWT,"HOGS - PRICE RECEIVED, MEASURED IN $ / CWT",TOTAL,NOT SPECIFIED,NATIONAL,,99,US,US TOTAL,,,,,,,,0,,,9000,UNITED STATES,US TOTAL,1954,MONTHLY,8,8,AUG,,2012-01-01 00:00:00.000,21.1,
SURVEY,ANIMALS & PRODUCTS,LIVESTOCK,HOGS,ALL CLASSES,ALL PRODUCTION PRACTICES,ALL UTILIZATION PRACTICES,PRICE RECEIVED,$ / CWT,"HOGS - PRICE RECEIVED, MEASURED IN $ / CWT",TOTAL,NOT SPECIFIED,NATIONAL,,99,US,US TOTAL,,,,,,,,0,,,9000,UNITED STATES,US TOTAL,1954,MONTHLY,9,9,SEP,,2012-01-01 00:00:00.000,19.7,
SURVEY,ANIMALS & PRODUCTS,LIVESTOCK,HOGS,ALL CLASSES,ALL PRODUCTION PRACTICES,ALL UTILIZATION PRACTICES,PRICE RECEIVED,$ / CWT,"HOGS - PRICE RECEIVED, MEASURED IN $ / CWT",TOTAL,NOT SPECIFIED,NATIONAL,,99,US,US TOTAL,,,,,,,,0,,,9000,UNITED STATES,US TOTAL,1954,MONTHLY,10,10,OCT,,2012-01-01 00:00:00.000,18.4,
SURVEY,ANIMALS & PRODUCTS,LIVESTOCK,HOGS,ALL CLASSES,ALL PRODUCTION PRACTICES,ALL UTILIZATION PRACTICES,PRICE RECEIVED,$ / CWT,"HOGS - PRICE RECEIVED, MEASURED IN $ / CWT",TOTAL,NOT SPECIFIED,NATIONAL,,99,US,US TOTAL,,,,,,,,0,,,9000,UNITED STATES,US TOTAL,1954,MONTHLY,11,11,NOV,,2012-01-01 00:00:00.000,18.5,
SURVEY,ANIMALS & PRODUCTS,LIVESTOCK,HOGS,ALL CLASSES,ALL PRODUCTION PRACTICES,ALL UTILIZATION PRACTICES,PRICE RECEIVED,$ / CWT,"HOGS - PRICE RECEIVED, MEASURED IN $ / CWT",TOTAL,NOT SPECIFIED,NATIONAL,,99,US,US TOTAL,,,,,,,,0,,,9000,UNITED STATES,US TOTAL,1954,MONTHLY,12,12,DEC,,2012-01-01 00:00:00.000,17.0,
SURVEY,ANIMALS & PRODUCTS,LIVESTOCK,HOGS,ALL CLASSES,ALL PRODUCTION PRACTICES,ALL UTILIZATION PRACTICES,PRICE RECEIVED,$ / CWT,"HOGS - PRICE RECEIVED, MEASURED IN $ / CWT",TOTAL,NOT SPECIFIED,NATIONAL,,99,US,US TOTAL,,,,,,,,0,,,9000,UNITED STATES,US TOTAL,1953,MONTHLY,1,1,JAN,,2012-01-01 00:00:00.000,17.9,
SURVEY,ANIMALS & PRODUCTS,LIVESTOCK,HOGS,ALL CLASSES,ALL PRODUCTION PRACTICES,ALL UTILIZATION PRACTICES,PRICE RECEIVED,$ / CWT,"HOGS - PRICE RECEIVED, MEASURED IN $ / CWT",TOTAL,NOT SPECIFIED,NATIONAL,,99,US,US TOTAL,,,,,,,,0,,,9000,UNITED STATES,US TOTAL,1953,MONTHLY,2,2,FEB,,2012-01-01 00:00:00.000,19.3,
SURVEY,ANIMALS & PRODUCTS,LIVESTOCK,HOGS,ALL CLASSES,ALL PRODUCTION PRACTICES,ALL UTILIZATION PRACTICES,PRICE RECEIVED,$ / CWT,"HOGS - PRICE RECEIVED, MEASURED IN $ / CWT",TOTAL,NOT SPECIFIED,NATIONAL,,99,US,US TOTAL,,,,,,,,0,,,9000,UNITED STATES,US TOTAL,1953,MONTHLY,3,3,MAR,,2012-01-01 00:00:00.000,20.2,
SURVEY,ANIMALS & PRODUCTS,LIVESTOCK,HOGS,ALL CLASSES,ALL PRODUCTION PRACTICES,ALL UTILIZATION PRACTICES,PRICE RECEIVED,$ / CWT,"HOGS - PRICE RECEIVED, MEASURED IN $ / CWT",TOTAL,NOT SPECIFIED,NATIONAL,,99,US,US TOTAL,,,,,,,,0,,,9000,UNITED STATES,US TOTAL,1953,MONTHLY,4,4,APR,,2012-01-01 00:00:00.000,21.0,
SURVEY,ANIMALS & PRODUCTS,LIVESTOCK,HOGS,ALL CLASSES,ALL PRODUCTION PRACTICES,ALL UTILIZATION PRACTICES,PRICE RECEIVED,$ / CWT,"HOGS - PRICE RECEIVED, MEASURED IN $ / CWT",TOTAL,NOT SPECIFIED,NATIONAL,,99,US,US TOTAL,,,,,,,,0,,,9000,UNITED STATES,US TOTAL,1953,MONTHLY,5,5,MAY,,2012-01-01 00:00:00.000,23.1,
SURVEY,ANIMALS & PRODUCTS,LIVESTOCK,HOGS,ALL CLASSES,ALL PRODUCTION PRACTICES,ALL UTILIZATION PRACTICES,PRICE RECEIVED,$ / CWT,"HOGS - PRICE RECEIVED, MEASURED IN $ / CWT",TOTAL,NOT SPECIFIED,NATIONAL,,99,US,US TOTAL,,,,,,,,0,,,9000,UNITED STATES,US TOTAL,1953,MONTHLY,6,6,JUN,,2012-01-01 00:00:00.000,22.8,
SURVEY,ANIMALS & PRODUCTS,LIVESTOCK,HOGS,ALL CLASSES,ALL PRODUCTION PRACTICES,ALL UTILIZATION PRACTICES,PRICE RECEIVED,$ / CWT,"HOGS - PRICE RECEIVED, MEASURED IN $ / CWT",TOTAL,NOT SPECIFIED,NATIONAL,,99,US,US TOTAL,,,,,,,,0,,,9000,UNITED STATES,US TOTAL,1953,MONTHLY,7,7,JUL,,2012-01-01 00:00:00.000,23.7,
SURVEY,ANIMALS & PRODUCTS,LIVESTOCK,HOGS,ALL CLASSES,ALL PRODUCTION PRACTICES,ALL UTILIZATION PRACTICES,PRICE RECEIVED,$ / CWT,"HOGS - PRICE RECEIVED, MEASURED IN $ / CWT",TOTAL,NOT SPECIFIED,NATIONAL,,99,US,US TOTAL,,,,,,,,0,,,9000,UNITED STATES,US TOTAL,1953,MONTHLY,8,8,AUG,,2012-01-01 00:00:00.000,23.3,
SURVEY,ANIMALS & PRODUCTS,LIVESTOCK,HOGS,ALL CLASSES,ALL PRODUCTION PRACTICES,ALL UTILIZATION PRACTICES,PRICE RECEIVED,$ / CWT,"HOGS - PRICE RECEIVED, MEASURED IN $ / CWT",TOTAL,NOT SPECIFIED,NATIONAL,,99,US,US TOTAL,,,,,,,,0,,,9000,UNITED STATES,US TOTAL,1953,MONTHLY,9,9,SEP,,2012-01-01 00:00:00.000,23.9,
SURVEY,ANIMALS & PRODUCTS,LIVESTOCK,HOGS,ALL CLASSES,ALL PRODUCTION PRACTICES,ALL UTILIZATION PRACTICES,PRICE RECEIVED,$ / CWT,"HOGS - PRICE RECEIVED, MEASURED IN $ / CWT",TOTAL,NOT SPECIFIED,NATIONAL,,99,US,US TOTAL,,,,,,,,0,,,9000,UNITED STATES,US TOTAL,1953,MONTHLY,10,10,OCT,,2012-01-01 00:00:00.000,21.3,
SURVEY,ANIMALS & PRODUCTS,LIVESTOCK,HOGS,ALL CLASSES,ALL PRODUCTION PRACTICES,ALL UTILIZATION PRACTICES,PRICE RECEIVED,$ / CWT,"HOGS - PRICE RECEIVED, MEASURED IN $ / CWT",TOTAL,NOT SPECIFIED,NATIONAL,,99,US,US TOTAL,,,,,,,,0,,,9000,UNITED STATES,US TOTAL,1953,MONTHLY,11,11,NOV,,2012-01-01 00:00:00.000,20.3,
SURVEY,ANIMALS & PRODUCTS,LIVESTOCK,HOGS,ALL CLASSES,ALL PRODUCTION PRACTICES,ALL UTILIZATION PRACTICES,PRICE RECEIVED,$ / CWT,"HOGS - PRICE RECEIVED, MEASURED IN $ / CWT",TOTAL,NOT SPECIFIED,NATIONAL,,99,US,US TOTAL,,,,,,,,0,,,9000,UNITED STATES,US TOTAL,1953,MONTHLY,12,12,DEC,,2012-01-01 00:00:00.000,23.0,
SURVEY,ANIMALS & PRODUCTS,LIVESTOCK,HOGS,ALL CLASSES,ALL PRODUCTION PRACTICES,ALL UTILIZATION PRACTICES,PRICE RECEIVED,$ / CWT,"HOGS - PRICE RECEIVED, MEASURED IN $ / CWT",TOTAL,NOT SPECIFIED,NATIONAL,,99,US,US TOTAL,,,,,,,,0,,,9000,UNITED STATES,US TOTAL,1952,MONTHLY,1,1,JAN,,2012-01-01 00:00:00.000,17.3,
SURVEY,ANIMALS & PRODUCTS,LIVESTOCK,HOGS,ALL CLASSES,ALL PRODUCTION PRACTICES,ALL UTILIZATION PRACTICES,PRICE RECEIVED,$ / CWT,"HOGS - PRICE RECEIVED, MEASURED IN $ / CWT",TOTAL,NOT SPECIFIED,NATIONAL,,99,US,US TOTAL,,,,,,,,0,,,9000,UNITED STATES,US TOTAL,1952,MONTHLY,2,2,FEB,,2012-01-01 00:00:00.000,17.1,
SURVEY,ANIMALS & PRODUCTS,LIVESTOCK,HOGS,ALL CLASSES,ALL PRODUCTION PRACTICES,ALL UTILIZATION PRACTICES,PRICE RECEIVED,$ / CWT,"HOGS - PRICE RECEIVED, MEASURED IN $ / CWT",TOTAL,NOT SPECIFIED,NATIONAL,,99,US,US TOTAL,,,,,,,,0,,,9000,UNITED STATES,US TOTAL,1952,MONTHLY,3,3,MAR,,2012-01-01 00:00:00.000,16.6,
SURVEY,ANIMALS & PRODUCTS,LIVESTOCK,HOGS,ALL CLASSES,ALL PRODUCTION PRACTICES,ALL UTILIZATION PRACTICES,PRICE RECEIVED,$ / CWT,"HOGS - PRICE RECEIVED, MEASURED IN $ / CWT",TOTAL,NOT SPECIFIED,NATIONAL,,99,US,US TOTAL,,,,,,,,0,,,9000,UNITED STATES,US TOTAL,1952,MONTHLY,4,4,APR,,2012-01-01 00:00:00.000,16.4,
SURVEY,ANIMALS & PRODUCTS,LIVESTOCK,HOGS,ALL CLASSES,ALL PRODUCTION PRACTICES,ALL UTILIZATION PRACTICES,PRICE RECEIVED,$ / CWT,"HOGS - PRICE RECEIVED, MEASURED IN $ / CWT",TOTAL,NOT SPECIFIED,NATIONAL,,99,US,US TOTAL,,,,,,,,0,,,9000,UNITED STATES,US TOTAL,1952,MONTHLY,5,5,MAY,,2012-01-01 00:00:00.000,19.2,
SURVEY,ANIMALS & PRODUCTS,LIVESTOCK,HOGS,ALL CLASSES,ALL PRODUCTION PRACTICES,ALL UTILIZATION PRACTICES,PRICE RECEIVED,$ / CWT,"HOGS - PRICE RECEIVED, MEASURED IN $ / CWT",TOTAL,NOT SPECIFIED,NATIONAL,,99,US,US TOTAL,,,,,,,,0,,,9000,UNITED STATES,US TOTAL,1952,MONTHLY,6,6,JUN,,2012-01-01 00:00:00.000,19.4,
SURVEY,ANIMALS & PRODUCTS,LIVESTOCK,HOGS,ALL CLASSES,ALL PRODUCTION PRACTICES,ALL UTILIZATION PRACTICES,PRICE RECEIVED,$ / CWT,"HOGS - PRICE RECEIVED, MEASURED IN $ / CWT",TOTAL,NOT SPECIFIED,NATIONAL,,99,US,US TOTAL,,,,,,,,0,,,9000,UNITED STATES,US TOTAL,1952,MONTHLY,7,7,JUL,,2012-01-01 00:00:00.000,19.7,
SURVEY,ANIMALS & PRODUCTS,LIVESTOCK,HOGS,ALL CLASSES,ALL PRODUCTION PRACTICES,ALL UTILIZATION PRACTICES,PRICE RECEIVED,$ / CWT,"HOGS - PRICE RECEIVED, MEASURED IN $ / CWT",TOTAL,NOT SPECIFIED,NATIONAL,,99,US,US TOTAL,,,,,,,,0,,,9000,UNITED STATES,US TOTAL,1952,MONTHLY,8,8,AUG,,2012-01-01 00:00:00.000,20.6,
SURVEY,ANIMALS & PRODUCTS,LIVESTOCK,HOGS,ALL CLASSES,ALL PRODUCTION PRACTICES,ALL UTILIZATION PRACTICES,PRICE RECEIVED,$ / CWT,"HOGS - PRICE RECEIVED, MEASURED IN $ / CWT",TOTAL,NOT SPECIFIED,NATIONAL,,99,US,US TOTAL,,,,,,,,0,,,9000,UNITED STATES,US TOTAL,1952,MONTHLY,9,9,SEP,,2012-01-01 00:00:00.000,19.0,
SURVEY,ANIMALS & PRODUCTS,LIVESTOCK,HOGS,ALL CLASSES,ALL PRODUCTION PRACTICES,ALL UTILIZATION PRACTICES,PRICE RECEIVED,$ / CWT,"HOGS - PRICE RECEIVED, MEASURED IN $ / CWT",TOTAL,NOT SPECIFIED,NATIONAL,,99,US,US TOTAL,,,,,,,,0,,,9000,UNITED STATES,US TOTAL,1952,MONTHLY,10,10,OCT,,2012-01-01 00:00:00.000,18.5,
SURVEY,ANIMALS & PRODUCTS,LIVESTOCK,HOGS,ALL CLASSES,ALL PRODUCTION PRACTICES,ALL UTILIZATION PRACTICES,PRICE RECEIVED,$ / CWT,"HOGS - PRICE RECEIVED, MEASURED IN $ / CWT",TOTAL,NOT SPECIFIED,NATIONAL,,99,US,US TOTAL,,,,,,,,0,,,9000,UNITED STATES,US TOTAL,1952,MONTHLY,11,11,NOV,,2012-01-01 00:00:00.000,16.6,
SURVEY,ANIMALS & PRODUCTS,LIVESTOCK,HOGS,ALL CLASSES,ALL PRODUCTION PRACTICES,ALL UTILIZATION PRACTICES,PRICE RECEIVED,$ / CWT,"HOGS - PRICE RECEIVED, MEASURED IN $ / CWT",TOTAL,NOT SPECIFIED,NATIONAL,,99,US,US TOTAL,,,,,,,,0,,,9000,UNITED STATES,US TOTAL,1952,MONTHLY,12,12,DEC,,2012-01-01 00:00:00.000,16.1,
SURVEY,ANIMALS & PRODUCTS,LIVESTOCK,HOGS,ALL CLASSES,ALL PRODUCTION PRACTICES,ALL UTILIZATION PRACTICES,PRICE RECEIVED,$ / CWT,"HOGS - PRICE RECEIVED, MEASURED IN $ / CWT",TOTAL,NOT SPECIFIED,NATIONAL,,99,US,US TOTAL,,,,,,,,0,,,9000,UNITED STATES,US TOTAL,1951,MONTHLY,1,1,JAN,,2012-01-01 00:00:00.000,20.0,
SURVEY,ANIMALS & PRODUCTS,LIVESTOCK,HOGS,ALL CLASSES,ALL PRODUCTION PRACTICES,ALL UTILIZATION PRACTICES,PRICE RECEIVED,$ / CWT,"HOGS - PRICE RECEIVED, MEASURED IN $ / CWT",TOTAL,NOT SPECIFIED,NATIONAL,,99,US,US TOTAL,,,,,,,,0,,,9000,UNITED STATES,US TOTAL,1951,MONTHLY,2,2,FEB,,2012-01-01 00:00:00.000,21.9,
SURVEY,ANIMALS & PRODUCTS,LIVESTOCK,HOGS,ALL CLASSES,ALL PRODUCTION PRACTICES,ALL UTILIZATION PRACTICES,PRICE RECEIVED,$ / CWT,"HOGS - PRICE RECEIVED, MEASURED IN $ / CWT",TOTAL,NOT SPECIFIED,NATIONAL,,99,US,US TOTAL,,,,,,,,0,,,9000,UNITED STATES,US TOTAL,1951,MONTHLY,3,3,MAR,,2012-01-01 00:00:00.000,21.2,
SURVEY,ANIMALS & PRODUCTS,LIVESTOCK,HOGS,ALL CLASSES,ALL PRODUCTION PRACTICES,ALL UTILIZATION PRACTICES,PRICE RECEIVED,$ / CWT,"HOGS - PRICE RECEIVED, MEASURED IN $ / CWT",TOTAL,NOT SPECIFIED,NATIONAL,,99,US,US TOTAL,,,,,,,,0,,,9000,UNITED STATES,US TOTAL,1951,MONTHLY,4,4,APR,,2012-01-01 00:00:00.000,20.6,
SURVEY,ANIMALS & PRODUCTS,LIVESTOCK,HOGS,ALL CLASSES,ALL PRODUCTION PRACTICES,ALL UTILIZATION PRACTICES,PRICE RECEIVED,$ / CWT,"HOGS - PRICE RECEIVED, MEASURED IN $ / CWT",TOTAL,NOT SPECIFIED,NATIONAL,,99,US,US TOTAL,,,,,,,,0,,,9000,UNITED STATES,US TOTAL,1951,MONTHLY,5,5,MAY,,2012-01-01 00:00:00.000,20.4,
SURVEY,ANIMALS & PRODUCTS,LIVESTOCK,HOGS,ALL CLASSES,ALL PRODUCTION PRACTICES,ALL UTILIZATION PRACTICES,PRICE RECEIVED,$ / CWT,"HOGS - PRICE RECEIVED, MEASURED IN $ / CWT",TOTAL,NOT SPECIFIED,NATIONAL,,99,US,US TOTAL,,,,,,,,0,,,9000,UNITED STATES,US TOTAL,1951,MONTHLY,6,6,JUN,,2012-01-01 00:00:00.000,20.9,
SURVEY,ANIMALS & PRODUCTS,LIVESTOCK,HOGS,ALL CLASSES,ALL PRODUCTION PRACTICES,ALL UTILIZATION PRACTICES,PRICE RECEIVED,$ / CWT,"HOGS - PRICE RECEIVED, MEASURED IN $ / CWT",TOTAL,NOT SPECIFIED,NATIONAL,,99,US,US TOTAL,,,,,,,,0,,,9000,UNITED STATES,US TOTAL,1951,MONTHLY,7,7,JUL,,2012-01-01 00:00:00.000,20.5,
SURVEY,ANIMALS & PRODUCTS,LIVESTOCK,HOGS,ALL CLASSES,ALL PRODUCTION PRACTICES,ALL UTILIZATION PRACTICES,PRICE RECEIVED,$ / CWT,"HOGS - PRICE RECEIVED, MEASURED IN $ / CWT",TOTAL,NOT SPECIFIED,NATIONAL,,99,US,US TOTAL,,,,,,,,0,,,9000,UNITED STATES,US TOTAL,1951,MONTHLY,8,8,AUG,,2012-01-01 00:00:00.000,20.9,
SURVEY,ANIMALS & PRODUCTS,LIVESTOCK,HOGS,ALL CLASSES,ALL PRODUCTION PRACTICES,ALL UTILIZATION PRACTICES,PRICE RECEIVED,$ / CWT,"HOGS - PRICE RECEIVED, MEASURED IN $ / CWT",TOTAL,NOT SPECIFIED,NATIONAL,,99,US,US TOTAL,,,,,,,,0,,,9000,UNITED STATES,US TOTAL,1951,MONTHLY,9,9,SEP,,2012-01-01 00:00:00.000,19.8,
SURVEY,ANIMALS & PRODUCTS,LIVESTOCK,HOGS,ALL CLASSES,ALL PRODUCTION PRACTICES,ALL UTILIZATION PRACTICES,PRICE RECEIVED,$ / CWT,"HOGS - PRICE RECEIVED, MEASURED IN $ / CWT",TOTAL,NOT SPECIFIED,NATIONAL,,99,US,US TOTAL,,,,,,,,0,,,9000,UNITED STATES,US TOTAL,1951,MONTHLY,10,10,OCT,,2012-01-01 00:00:00.000,20.2,
SURVEY,ANIMALS & PRODUCTS,LIVESTOCK,HOGS,ALL CLASSES,ALL PRODUCTION PRACTICES,ALL UTILIZATION PRACTICES,PRICE RECEIVED,$ / CWT,"HOGS - PRICE RECEIVED, MEASURED IN $ / CWT",TOTAL,NOT SPECIFIED,NATIONAL,,99,US,US TOTAL,,,,,,,,0,,,9000,UNITED STATES,US TOTAL,1951,MONTHLY,11,11,NOV,,2012-01-01 00:00:00.000,18.1,
SURVEY,ANIMALS & PRODUCTS,LIVESTOCK,HOGS,ALL CLASSES,ALL PRODUCTION PRACTICES,ALL UTILIZATION PRACTICES,PRICE RECEIVED,$ / CWT,"HOGS - PRICE RECEIVED, MEASURED IN $ / CWT",TOTAL,NOT SPECIFIED,NATIONAL,,99,US,US TOTAL,,,,,,,,0,,,9000,UNITED STATES,US TOTAL,1951,MONTHLY,12,12,DEC,,2012-01-01 00:00:00.000,17.6,
SURVEY,ANIMALS & PRODUCTS,LIVESTOCK,HOGS,ALL CLASSES,ALL PRODUCTION PRACTICES,ALL UTILIZATION PRACTICES,PRICE RECEIVED,$ / CWT,"HOGS - PRICE RECEIVED, MEASURED IN $ / CWT",TOTAL,NOT SPECIFIED,NATIONAL,,99,US,US TOTAL,,,,,,,,0,,,9000,UNITED STATES,US TOTAL,1950,MONTHLY,1,1,JAN,,2012-01-01 00:00:00.000,15.1,
SURVEY,ANIMALS & PRODUCTS,LIVESTOCK,HOGS,ALL CLASSES,ALL PRODUCTION PRACTICES,ALL UTILIZATION PRACTICES,PRICE RECEIVED,$ / CWT,"HOGS - PRICE RECEIVED, MEASURED IN $ / CWT",TOTAL,NOT SPECIFIED,NATIONAL,,99,US,US TOTAL,,,,,,,,0,,,9000,UNITED STATES,US TOTAL,1950,MONTHLY,2,2,FEB,,2012-01-01 00:00:00.000,16.6,
SURVEY,ANIMALS & PRODUCTS,LIVESTOCK,HOGS,ALL CLASSES,ALL PRODUCTION PRACTICES,ALL UTILIZATION PRACTICES,PRICE RECEIVED,$ / CWT,"HOGS - PRICE RECEIVED, MEASURED IN $ / CWT",TOTAL,NOT SPECIFIED,NATIONAL,,99,US,US TOTAL,,,,,,,,0,,,9000,UNITED STATES,US TOTAL,1950,MONTHLY,3,3,MAR,,2012-01-01 00:00:00.000,16.0,
SURVEY,ANIMALS & PRODUCTS,LIVESTOCK,HOGS,ALL CLASSES,ALL PRODUCTION PRACTICES,ALL UTILIZATION PRACTICES,PRICE RECEIVED,$ / CWT,"HOGS - PRICE RECEIVED, MEASURED IN $ / CWT",TOTAL,NOT SPECIFIED,NATIONAL,,99,US,US TOTAL,,,,,,,,0,,,9000,UNITED STATES,US TOTAL,1950,MONTHLY,4,4,APR,,2012-01-01 00:00:00.000,15.7,
SURVEY,ANIMALS & PRODUCTS,LIVESTOCK,HOGS,ALL CLASSES,ALL PRODUCTION PRACTICES,ALL UTILIZATION PRACTICES,PRICE RECEIVED,$ / CWT,"HOGS - PRICE RECEIVED, MEASURED IN $ / CWT",TOTAL,NOT SPECIFIED,NATIONAL,,99,US,US TOTAL,,,,,,,,0,,,9000,UNITED STATES,US TOTAL,1950,MONTHLY,5,5,MAY,,2012-01-01 00:00:00.000,18.3,
SURVEY,ANIMALS & PRODUCTS,LIVESTOCK,HOGS,ALL CLASSES,ALL PRODUCTION PRACTICES,ALL UTILIZATION PRACTICES,PRICE RECEIVED,$ / CWT,"HOGS - PRICE RECEIVED, MEASURED IN $ / CWT",TOTAL,NOT SPECIFIED,NATIONAL,,99,US,US TOTAL,,,,,,,,0,,,9000,UNITED STATES,US TOTAL,1950,MONTHLY,6,6,JUN,,2012-01-01 00:00:00.000,18.2,
SURVEY,ANIMALS & PRODUCTS,LIVESTOCK,HOGS,ALL CLASSES,ALL PRODUCTION PRACTICES,ALL UTILIZATION PRACTICES,PRICE RECEIVED,$ / CWT,"HOGS - PRICE RECEIVED, MEASURED IN $ / CWT",TOTAL,NOT SPECIFIED,NATIONAL,,99,US,US TOTAL,,,,,,,,0,,,9000,UNITED STATES,US TOTAL,1950,MONTHLY,7,7,JUL,,2012-01-01 00:00:00.000,20.9,
SURVEY,ANIMALS & PRODUCTS,LIVESTOCK,HOGS,ALL CLASSES,ALL PRODUCTION PRACTICES,ALL UTILIZATION PRACTICES,PRICE RECEIVED,$ / CWT,"HOGS - PRICE RECEIVED, MEASURED IN $ / CWT",TOTAL,NOT SPECIFIED,NATIONAL,,99,US,US TOTAL,,,,,,,,0,,,9000,UNITED STATES,US TOTAL,1950,MONTHLY,8,8,AUG,,2012-01-01 00:00:00.000,21.7,
SURVEY,ANIMALS & PRODUCTS,LIVESTOCK,HOGS,ALL CLASSES,ALL PRODUCTION PRACTICES,ALL UTILIZATION PRACTICES,PRICE RECEIVED,$ / CWT,"HOGS - PRICE RECEIVED, MEASURED IN $ / CWT",TOTAL,NOT SPECIFIED,NATIONAL,,99,US,US TOTAL,,,,,,,,0,,,9000,UNITED STATES,US TOTAL,1950,MONTHLY,9,9,SEP,,2012-01-01 00:00:00.000,21.3,
SURVEY,ANIMALS & PRODUCTS,LIVESTOCK,HOGS,ALL CLASSES,ALL PRODUCTION PRACTICES,ALL UTILIZATION PRACTICES,PRICE RECEIVED,$ / CWT,"HOGS - PRICE RECEIVED, MEASURED IN $ / CWT",TOTAL,NOT SPECIFIED,NATIONAL,,99,US,US TOTAL,,,,,,,,0,,,9000,UNITED STATES,US TOTAL,1950,MONTHLY,10,10,OCT,,2012-01-01 00:00:00.000,19.2,
SURVEY,ANIMALS & PRODUCTS,LIVESTOCK,HOGS,ALL CLASSES,ALL PRODUCTION PRACTICES,ALL UTILIZATION PRACTICES,PRICE RECEIVED,$ / CWT,"HOGS - PRICE RECEIVED, MEASURED IN $ / CWT",TOTAL,NOT SPECIFIED,NATIONAL,,99,US,US TOTAL,,,,,,,,0,,,9000,UNITED STATES,US TOTAL,1950,MONTHLY,11,11,NOV,,2012-01-01 00:00:00.000,17.8,
SURVEY,ANIMALS & PRODUCTS,LIVESTOCK,HOGS,ALL CLASSES,ALL PRODUCTION PRACTICES,ALL UTILIZATION PRACTICES,PRICE RECEIVED,$ / CWT,"HOGS - PRICE RECEIVED, MEASURED IN $ / CWT",TOTAL,NOT SPECIFIED,NATIONAL,,99,US,US TOTAL,,,,,,,,0,,,9000,UNITED STATES,US TOTAL,1950,MONTHLY,12,12,DEC,,2012-01-01 00:00:00.000,17.8,
SURVEY,ANIMALS & PRODUCTS,LIVESTOCK,HOGS,ALL CLASSES,ALL PRODUCTION PRACTICES,ALL UTILIZATION PRACTICES,PRICE RECEIVED,$ / CWT,"HOGS - PRICE RECEIVED, MEASURED IN $ / CWT",TOTAL,NOT SPECIFIED,NATIONAL,,99,US,US TOTAL,,,,,,,,0,,,9000,UNITED STATES,US TOTAL,1949,MONTHLY,1,1,JAN,,2012-01-01 00:00:00.000,19.6,
SURVEY,ANIMALS & PRODUCTS,LIVESTOCK,HOGS,ALL CLASSES,ALL PRODUCTION PRACTICES,ALL UTILIZATION PRACTICES,PRICE RECEIVED,$ / CWT,"HOGS - PRICE RECEIVED, MEASURED IN $ / CWT",TOTAL,NOT SPECIFIED,NATIONAL,,99,US,US TOTAL,,,,,,,,0,,,9000,UNITED STATES,US TOTAL,1949,MONTHLY,2,2,FEB,,2012-01-01 00:00:00.000,19.3,
SURVEY,ANIMALS & PRODUCTS,LIVESTOCK,HOGS,ALL CLASSES,ALL PRODUCTION PRACTICES,ALL UTILIZATION PRACTICES,PRICE RECEIVED,$ / CWT,"HOGS - PRICE RECEIVED, MEASURED IN $ / CWT",TOTAL,NOT SPECIFIED,NATIONAL,,99,US,US TOTAL,,,,,,,,0,,,9000,UNITED STATES,US TOTAL,1949,MONTHLY,3,3,MAR,,2012-01-01 00:00:00.000,20.0,
SURVEY,ANIMALS & PRODUCTS,LIVESTOCK,HOGS,ALL CLASSES,ALL PRODUCTION PRACTICES,ALL UTILIZATION PRACTICES,PRICE RECEIVED,$ / CWT,"HOGS - PRICE RECEIVED, MEASURED IN $ / CWT",TOTAL,NOT SPECIFIED,NATIONAL,,99,US,US TOTAL,,,,,,,,0,,,9000,UNITED STATES,US TOTAL,1949,MONTHLY,4,4,APR,,2012-01-01 00:00:00.000,18.3,
SURVEY,ANIMALS & PRODUCTS,LIVESTOCK,HOGS,ALL CLASSES,ALL PRODUCTION PRACTICES,ALL UTILIZATION PRACTICES,PRICE RECEIVED,$ / CWT,"HOGS - PRICE RECEIVED, MEASURED IN $ / CWT",TOTAL,NOT SPECIFIED,NATIONAL,,99,US,US TOTAL,,,,,,,,0,,,9000,UNITED STATES,US TOTAL,1949,MONTHLY,5,5,MAY,,2012-01-01 00:00:00.000,17.9,
SURVEY,ANIMALS & PRODUCTS,LIVESTOCK,HOGS,ALL CLASSES,ALL PRODUCTION PRACTICES,ALL UTILIZATION PRACTICES,PRICE RECEIVED,$ / CWT,"HOGS - PRICE RECEIVED, MEASURED IN $ / CWT",TOTAL,NOT SPECIFIED,NATIONAL,,99,US,US TOTAL,,,,,,,,0,,,9000,UNITED STATES,US TOTAL,1949,MONTHLY,6,6,JUN,,2012-01-01 00:00:00.000,18.8,
SURVEY,ANIMALS & PRODUCTS,LIVESTOCK,HOGS,ALL CLASSES,ALL PRODUCTION PRACTICES,ALL UTILIZATION PRACTICES,PRICE RECEIVED,$ / CWT,"HOGS - PRICE RECEIVED, MEASURED IN $ / CWT",TOTAL,NOT SPECIFIED,NATIONAL,,99,US,US TOTAL,,,,,,,,0,,,9000,UNITED STATES,US TOTAL,1949,MONTHLY,7,7,JUL,,2012-01-01 00:00:00.000,18.6,
SURVEY,ANIMALS & PRODUCTS,LIVESTOCK,HOGS,ALL CLASSES,ALL PRODUCTION PRACTICES,ALL UTILIZATION PRACTICES,PRICE RECEIVED,$ / CWT,"HOGS - PRICE RECEIVED, MEASURED IN $ / CWT",TOTAL,NOT SPECIFIED,NATIONAL,,99,US,US TOTAL,,,,,,,,0,,,9000,UNITED STATES,US TOTAL,1949,MONTHLY,8,8,AUG,,2012-01-01 00:00:00.000,19.4,
SURVEY,ANIMALS & PRODUCTS,LIVESTOCK,HOGS,ALL CLASSES,ALL PRODUCTION PRACTICES,ALL UTILIZATION PRACTICES,PRICE RECEIVED,$ / CWT,"HOGS - PRICE RECEIVED, MEASURED IN $ / CWT",TOTAL,NOT SPECIFIED,NATIONAL,,99,US,US TOTAL,,,,,,,,0,,,9000,UNITED STATES,US TOTAL,1949,MONTHLY,9,9,SEP,,2012-01-01 00:00:00.000,19.8,
SURVEY,ANIMALS & PRODUCTS,LIVESTOCK,HOGS,ALL CLASSES,ALL PRODUCTION PRACTICES,ALL UTILIZATION PRACTICES,PRICE RECEIVED,$ / CWT,"HOGS - PRICE RECEIVED, MEASURED IN $ / CWT",TOTAL,NOT SPECIFIED,NATIONAL,,99,US,US TOTAL,,,,,,,,0,,,9000,UNITED STATES,US TOTAL,1949,MONTHLY,10,10,OCT,,2012-01-01 00:00:00.000,17.6,
SURVEY,ANIMALS & PRODUCTS,LIVESTOCK,HOGS,ALL CLASSES,ALL PRODUCTION PRACTICES,ALL UTILIZATION PRACTICES,PRICE RECEIVED,$ / CWT,"HOGS - PRICE RECEIVED, MEASURED IN $ / CWT",TOTAL,NOT SPECIFIED,NATIONAL,,99,US,US TOTAL,,,,,,,,0,,,9000,UNITED STATES,US TOTAL,1949,MONTHLY,11,11,NOV,,2012-01-01 00:00:00.000,15.6,
SURVEY,ANIMALS & PRODUCTS,LIVESTOCK,HOGS,ALL CLASSES,ALL PRODUCTION PRACTICES,ALL UTILIZATION PRACTICES,PRICE RECEIVED,$ / CWT,"HOGS - PRICE RECEIVED, MEASURED IN $ / CWT",TOTAL,NOT SPECIFIED,NATIONAL,,99,US,US TOTAL,,,,,,,,0,,,9000,UNITED STATES,US TOTAL,1949,MONTHLY,12,12,DEC,,2012-01-01 00:00:00.000,14.8,
SURVEY,ANIMALS & PRODUCTS,LIVESTOCK,HOGS,ALL CLASSES,ALL PRODUCTION PRACTICES,ALL UTILIZATION PRACTICES,PRICE RECEIVED,$ / CWT,"HOGS - PRICE RECEIVED, MEASURED IN $ / CWT",TOTAL,NOT SPECIFIED,NATIONAL,,99,US,US TOTAL,,,,,,,,0,,,9000,UNITED STATES,US TOTAL,1948,MONTHLY,1,1,JAN,,2012-01-01 00:00:00.000,26.6,
SURVEY,ANIMALS & PRODUCTS,LIVESTOCK,HOGS,ALL CLASSES,ALL PRODUCTION PRACTICES,ALL UTILIZATION PRACTICES,PRICE RECEIVED,$ / CWT,"HOGS - PRICE RECEIVED, MEASURED IN $ / CWT",TOTAL,NOT SPECIFIED,NATIONAL,,99,US,US TOTAL,,,,,,,,0,,,9000,UNITED STATES,US TOTAL,1948,MONTHLY,2,2,FEB,,2012-01-01 00:00:00.000,21.6,
SURVEY,ANIMALS & PRODUCTS,LIVESTOCK,HOGS,ALL CLASSES,ALL PRODUCTION PRACTICES,ALL UTILIZATION PRACTICES,PRICE RECEIVED,$ / CWT,"HOGS - PRICE RECEIVED, MEASURED IN $ / CWT",TOTAL,NOT SPECIFIED,NATIONAL,,99,US,US TOTAL,,,,,,,,0,,,9000,UNITED STATES,US TOTAL,1948,MONTHLY,3,3,MAR,,2012-01-01 00:00:00.000,21.5,
SURVEY,ANIMALS & PRODUCTS,LIVESTOCK,HOGS,ALL CLASSES,ALL PRODUCTION PRACTICES,ALL UTILIZATION PRACTICES,PRICE RECEIVED,$ / CWT,"HOGS - PRICE RECEIVED, MEASURED IN $ / CWT",TOTAL,NOT SPECIFIED,NATIONAL,,99,US,US TOTAL,,,,,,,,0,,,9000,UNITED STATES,US TOTAL,1948,MONTHLY,4,4,APR,,2012-01-01 00:00:00.000,20.3,
SURVEY,ANIMALS & PRODUCTS,LIVESTOCK,HOGS,ALL CLASSES,ALL PRODUCTION PRACTICES,ALL UTILIZATION PRACTICES,PRICE RECEIVED,$ / CWT,"HOGS - PRICE RECEIVED, MEASURED IN $ / CWT",TOTAL,NOT SPECIFIED,NATIONAL,,99,US,US TOTAL,,,,,,,,0,,,9000,UNITED STATES,US TOTAL,1948,MONTHLY,5,5,MAY,,2012-01-01 00:00:00.000,19.9,
SURVEY,ANIMALS & PRODUCTS,LIVESTOCK,HOGS,ALL CLASSES,ALL PRODUCTION PRACTICES,ALL UTILIZATION PRACTICES,PRICE RECEIVED,$ / CWT,"HOGS - PRICE RECEIVED, MEASURED IN $ / CWT",TOTAL,NOT SPECIFIED,NATIONAL,,99,US,US TOTAL,,,,,,,,0,,,9000,UNITED STATES,US TOTAL,1948,MONTHLY,6,6,JUN,,2012-01-01 00:00:00.000,22.9,
SURVEY,ANIMALS & PRODUCTS,LIVESTOCK,HOGS,ALL CLASSES,ALL PRODUCTION PRACTICES,ALL UTILIZATION PRACTICES,PRICE RECEIVED,$ / CWT,"HOGS - PRICE RECEIVED, MEASURED IN $ / CWT",TOTAL,NOT SPECIFIED,NATIONAL,,99,US,US TOTAL,,,,,,,,0,,,9000,UNITED STATES,US TOTAL,1948,MONTHLY,7,7,JUL,,2012-01-01 00:00:00.000,25.2,
SURVEY,ANIMALS & PRODUCTS,LIVESTOCK,HOGS,ALL CLASSES,ALL PRODUCTION PRACTICES,ALL UTILIZATION PRACTICES,PRICE RECEIVED,$ / CWT,"HOGS - PRICE RECEIVED, MEASURED IN $ / CWT",TOTAL,NOT SPECIFIED,NATIONAL,,99,US,US TOTAL,,,,,,,,0,,,9000,UNITED STATES,US TOTAL,1948,MONTHLY,8,8,AUG,,2012-01-01 00:00:00.000,26.9,
SURVEY,ANIMALS & PRODUCTS,LIVESTOCK,HOGS,ALL CLASSES,ALL PRODUCTION PRACTICES,ALL UTILIZATION PRACTICES,PRICE RECEIVED,$ / CWT,"HOGS - PRICE RECEIVED, MEASURED IN $ / CWT",TOTAL,NOT SPECIFIED,NATIONAL,,99,US,US TOTAL,,,,,,,,0,,,9000,UNITED STATES,US TOTAL,1948,MONTHLY,9,9,SEP,,2012-01-01 00:00:00.000,27.4,
SURVEY,ANIMALS & PRODUCTS,LIVESTOCK,HOGS,ALL CLASSES,ALL PRODUCTION PRACTICES,ALL UTILIZATION PRACTICES,PRICE RECEIVED,$ / CWT,"HOGS - PRICE RECEIVED, MEASURED IN $ / CWT",TOTAL,NOT SPECIFIED,NATIONAL,,99,US,US TOTAL,,,,,,,,0,,,9000,UNITED STATES,US TOTAL,1948,MONTHLY,10,10,OCT,,2012-01-01 00:00:00.000,24.7,
SURVEY,ANIMALS & PRODUCTS,LIVESTOCK,HOGS,ALL CLASSES,ALL PRODUCTION PRACTICES,ALL UTILIZATION PRACTICES,PRICE RECEIVED,$ / CWT,"HOGS - PRICE RECEIVED, MEASURED IN $ / CWT",TOTAL,NOT SPECIFIED,NATIONAL,,99,US,US TOTAL,,,,,,,,0,,,9000,UNITED STATES,US TOTAL,1948,MONTHLY,11,11,NOV,,2012-01-01 00:00:00.000,21.8,
SURVEY,ANIMALS & PRODUCTS,LIVESTOCK,HOGS,ALL CLASSES,ALL PRODUCTION PRACTICES,ALL UTILIZATION PRACTICES,PRICE RECEIVED,$ / CWT,"HOGS - PRICE RECEIVED, MEASURED IN $ / CWT",TOTAL,NOT SPECIFIED,NATIONAL,,99,US,US TOTAL,,,,,,,,0,,,9000,UNITED STATES,US TOTAL,1948,MONTHLY,12,12,DEC,,2012-01-01 00:00:00.000,20.9,
SURVEY,ANIMALS & PRODUCTS,LIVESTOCK,HOGS,ALL CLASSES,ALL PRODUCTION PRACTICES,ALL UTILIZATION PRACTICES,PRICE RECEIVED,$ / CWT,"HOGS - PRICE RECEIVED, MEASURED IN $ / CWT",TOTAL,NOT SPECIFIED,NATIONAL,,99,US,US TOTAL,,,,,,,,0,,,9000,UNITED STATES,US TOTAL,1947,MONTHLY,1,1,JAN,,2012-01-01 00:00:00.000,21.9,
SURVEY,ANIMALS & PRODUCTS,LIVESTOCK,HOGS,ALL CLASSES,ALL PRODUCTION PRACTICES,ALL UTILIZATION PRACTICES,PRICE RECEIVED,$ / CWT,"HOGS - PRICE RECEIVED, MEASURED IN $ / CWT",TOTAL,NOT SPECIFIED,NATIONAL,,99,US,US TOTAL,,,,,,,,0,,,9000,UNITED STATES,US TOTAL,1947,MONTHLY,2,2,FEB,,2012-01-01 00:00:00.000,24.3,
SURVEY,ANIMALS & PRODUCTS,LIVESTOCK,HOGS,ALL CLASSES,ALL PRODUCTION PRACTICES,ALL UTILIZATION PRACTICES,PRICE RECEIVED,$ / CWT,"HOGS - PRICE RECEIVED, MEASURED IN $ / CWT",TOTAL,NOT SPECIFIED,NATIONAL,,99,US,US TOTAL,,,,,,,,0,,,9000,UNITED STATES,US TOTAL,1947,MONTHLY,3,3,MAR,,2012-01-01 00:00:00.000,26.5,
SURVEY,ANIMALS & PRODUCTS,LIVESTOCK,HOGS,ALL CLASSES,ALL PRODUCTION PRACTICES,ALL UTILIZATION PRACTICES,PRICE RECEIVED,$ / CWT,"HOGS - PRICE RECEIVED, MEASURED IN $ / CWT",TOTAL,NOT SPECIFIED,NATIONAL,,99,US,US TOTAL,,,,,,,,0,,,9000,UNITED STATES,US TOTAL,1947,MONTHLY,4,4,APR,,2012-01-01 00:00:00.000,23.9,
SURVEY,ANIMALS & PRODUCTS,LIVESTOCK,HOGS,ALL CLASSES,ALL PRODUCTION PRACTICES,ALL UTILIZATION PRACTICES,PRICE RECEIVED,$ / CWT,"HOGS - PRICE RECEIVED, MEASURED IN $ / CWT",TOTAL,NOT SPECIFIED,NATIONAL,,99,US,US TOTAL,,,,,,,,0,,,9000,UNITED STATES,US TOTAL,1947,MONTHLY,5,5,MAY,,2012-01-01 00:00:00.000,22.2,
SURVEY,ANIMALS & PRODUCTS,LIVESTOCK,HOGS,ALL CLASSES,ALL PRODUCTION PRACTICES,ALL UTILIZATION PRACTICES,PRICE RECEIVED,$ / CWT,"HOGS - PRICE RECEIVED, MEASURED IN $ / CWT",TOTAL,NOT SPECIFIED,NATIONAL,,99,US,US TOTAL,,,,,,,,0,,,9000,UNITED STATES,US TOTAL,1947,MONTHLY,6,6,JUN,,2012-01-01 00:00:00.000,22.1,
SURVEY,ANIMALS & PRODUCTS,LIVESTOCK,HOGS,ALL CLASSES,ALL PRODUCTION PRACTICES,ALL UTILIZATION PRACTICES,PRICE RECEIVED,$ / CWT,"HOGS - PRICE RECEIVED, MEASURED IN $ / CWT",TOTAL,NOT SPECIFIED,NATIONAL,,99,US,US TOTAL,,,,,,,,0,,,9000,UNITED STATES,US TOTAL,1947,MONTHLY,7,7,JUL,,2012-01-01 00:00:00.000,22.0,
SURVEY,ANIMALS & PRODUCTS,LIVESTOCK,HOGS,ALL CLASSES,ALL PRODUCTION PRACTICES,ALL UTILIZATION PRACTICES,PRICE RECEIVED,$ / CWT,"HOGS - PRICE RECEIVED, MEASURED IN $ / CWT",TOTAL,NOT SPECIFIED,NATIONAL,,99,US,US TOTAL,,,,,,,,0,,,9000,UNITED STATES,US TOTAL,1947,MONTHLY,8,8,AUG,,2012-01-01 00:00:00.000,23.6,
SURVEY,ANIMALS & PRODUCTS,LIVESTOCK,HOGS,ALL CLASSES,ALL PRODUCTION PRACTICES,ALL UTILIZATION PRACTICES,PRICE RECEIVED,$ / CWT,"HOGS - PRICE RECEIVED, MEASURED IN $ / CWT",TOTAL,NOT SPECIFIED,NATIONAL,,99,US,US TOTAL,,,,,,,,0,,,9000,UNITED STATES,US TOTAL,1947,MONTHLY,9,9,SEP,,2012-01-01 00:00:00.000,26.7,
SURVEY,ANIMALS & PRODUCTS,LIVESTOCK,HOGS,ALL CLASSES,ALL PRODUCTION PRACTICES,ALL UTILIZATION PRACTICES,PRICE RECEIVED,$ / CWT,"HOGS - PRICE RECEIVED, MEASURED IN $ / CWT",TOTAL,NOT SPECIFIED,NATIONAL,,99,US,US TOTAL,,,,,,,,0,,,9000,UNITED STATES,US TOTAL,1947,MONTHLY,10,10,OCT,,2012-01-01 00:00:00.000,27.1,
SURVEY,ANIMALS & PRODUCTS,LIVESTOCK,HOGS,ALL CLASSES,ALL PRODUCTION PRACTICES,ALL UTILIZATION PRACTICES,PRICE RECEIVED,$ / CWT,"HOGS - PRICE RECEIVED, MEASURED IN $ / CWT",TOTAL,NOT SPECIFIED,NATIONAL,,99,US,US TOTAL,,,,,,,,0,,,9000,UNITED STATES,US TOTAL,1947,MONTHLY,11,11,NOV,,2012-01-01 00:00:00.000,24.3,
SURVEY,ANIMALS & PRODUCTS,LIVESTOCK,HOGS,ALL CLASSES,ALL PRODUCTION PRACTICES,ALL UTILIZATION PRACTICES,PRICE RECEIVED,$ / CWT,"HOGS - PRICE RECEIVED, MEASURED IN $ / CWT",TOTAL,NOT SPECIFIED,NATIONAL,,99,US,US TOTAL,,,,,,,,0,,,9000,UNITED STATES,US TOTAL,1947,MONTHLY,12,12,DEC,,2012-01-01 00:00:00.000,25.2,
SURVEY,ANIMALS & PRODUCTS,LIVESTOCK,HOGS,ALL CLASSES,ALL PRODUCTION PRACTICES,ALL UTILIZATION PRACTICES,PRICE RECEIVED,$ / CWT,"HOGS - PRICE RECEIVED, MEASURED IN $ / CWT",TOTAL,NOT SPECIFIED,NATIONAL,,99,US,US TOTAL,,,,,,,,0,,,9000,UNITED STATES,US TOTAL,1946,MONTHLY,1,1,JAN,,2012-01-01 00:00:00.000,14.1,
SURVEY,ANIMALS & PRODUCTS,LIVESTOCK,HOGS,ALL CLASSES,ALL PRODUCTION PRACTICES,ALL UTILIZATION PRACTICES,PRICE RECEIVED,$ / CWT,"HOGS - PRICE RECEIVED, MEASURED IN $ / CWT",TOTAL,NOT SPECIFIED,NATIONAL,,99,US,US TOTAL,,,,,,,,0,,,9000,UNITED STATES,US TOTAL,1946,MONTHLY,2,2,FEB,,2012-01-01 00:00:00.000,14.2,
SURVEY,ANIMALS & PRODUCTS,LIVESTOCK,HOGS,ALL CLASSES,ALL PRODUCTION PRACTICES,ALL UTILIZATION PRACTICES,PRICE RECEIVED,$ / CWT,"HOGS - PRICE RECEIVED, MEASURED IN $ / CWT",TOTAL,NOT SPECIFIED,NATIONAL,,99,US,US TOTAL,,,,,,,,0,,,9000,UNITED STATES,US TOTAL,1946,MONTHLY,3,3,MAR,,2012-01-01 00:00:00.000,14.2,
SURVEY,ANIMALS & PRODUCTS,LIVESTOCK,HOGS,ALL CLASSES,ALL PRODUCTION PRACTICES,ALL UTILIZATION PRACTICES,PRICE RECEIVED,$ / CWT,"HOGS - PRICE RECEIVED, MEASURED IN $ / CWT",TOTAL,NOT SPECIFIED,NATIONAL,,99,US,US TOTAL,,,,,,,,0,,,9000,UNITED STATES,US TOTAL,1946,MONTHLY,4,4,APR,,2012-01-01 00:00:00.000,14.2,
SURVEY,ANIMALS & PRODUCTS,LIVESTOCK,HOGS,ALL CLASSES,ALL PRODUCTION PRACTICES,ALL UTILIZATION PRACTICES,PRICE RECEIVED,$ / CWT,"HOGS - PRICE RECEIVED, MEASURED IN $ / CWT",TOTAL,NOT SPECIFIED,NATIONAL,,99,US,US TOTAL,,,,,,,,0,,,9000,UNITED STATES,US TOTAL,1946,MONTHLY,5,5,MAY,,2012-01-01 00:00:00.000,14.3,
SURVEY,ANIMALS & PRODUCTS,LIVESTOCK,HOGS,ALL CLASSES,ALL PRODUCTION PRACTICES,ALL UTILIZATION PRACTICES,PRICE RECEIVED,$ / CWT,"HOGS - PRICE RECEIVED, MEASURED IN $ / CWT",TOTAL,NOT SPECIFIED,NATIONAL,,99,US,US TOTAL,,,,,,,,0,,,9000,UNITED STATES,US TOTAL,1946,MONTHLY,6,6,JUN,,2012-01-01 00:00:00.000,14.3,
SURVEY,ANIMALS & PRODUCTS,LIVESTOCK,HOGS,ALL CLASSES,ALL PRODUCTION PRACTICES,ALL UTILIZATION PRACTICES,PRICE RECEIVED,$ / CWT,"HOGS - PRICE RECEIVED, MEASURED IN $ / CWT",TOTAL,NOT SPECIFIED,NATIONAL,,99,US,US TOTAL,,,,,,,,0,,,9000,UNITED STATES,US TOTAL,1946,MONTHLY,7,7,JUL,,2012-01-01 00:00:00.000,17.2,
SURVEY,ANIMALS & PRODUCTS,LIVESTOCK,HOGS,ALL CLASSES,ALL PRODUCTION PRACTICES,ALL UTILIZATION PRACTICES,PRICE RECEIVED,$ / CWT,"HOGS - PRICE RECEIVED, MEASURED IN $ / CWT",TOTAL,NOT SPECIFIED,NATIONAL,,99,US,US TOTAL,,,,,,,,0,,,9000,UNITED STATES,US TOTAL,1946,MONTHLY,8,8,AUG,,2012-01-01 00:00:00.000,20.8,
SURVEY,ANIMALS & PRODUCTS,LIVESTOCK,HOGS,ALL CLASSES,ALL PRODUCTION PRACTICES,ALL UTILIZATION PRACTICES,PRICE RECEIVED,$ / CWT,"HOGS - PRICE RECEIVED, MEASURED IN $ / CWT",TOTAL,NOT SPECIFIED,NATIONAL,,99,US,US TOTAL,,,,,,,,0,,,9000,UNITED STATES,US TOTAL,1946,MONTHLY,9,9,SEP,,2012-01-01 00:00:00.000,16.1,
SURVEY,ANIMALS & PRODUCTS,LIVESTOCK,HOGS,ALL CLASSES,ALL PRODUCTION PRACTICES,ALL UTILIZATION PRACTICES,PRICE RECEIVED,$ / CWT,"HOGS - PRICE RECEIVED, MEASURED IN $ / CWT",TOTAL,NOT SPECIFIED,NATIONAL,,99,US,US TOTAL,,,,,,,,0,,,9000,UNITED STATES,US TOTAL,1946,MONTHLY,10,10,OCT,,2012-01-01 00:00:00.000,22.2,
SURVEY,ANIMALS & PRODUCTS,LIVESTOCK,HOGS,ALL CLASSES,ALL PRODUCTION PRACTICES,ALL UTILIZATION PRACTICES,PRICE RECEIVED,$ / CWT,"HOGS - PRICE RECEIVED, MEASURED IN $ / CWT",TOTAL,NOT SPECIFIED,NATIONAL,,99,US,US TOTAL,,,,,,,,0,,,9000,UNITED STATES,US TOTAL,1946,MONTHLY,11,11,NOV,,2012-01-01 00:00:00.000,23.0,
SURVEY,ANIMALS & PRODUCTS,LIVESTOCK,HOGS,ALL CLASSES,ALL PRODUCTION PRACTICES,ALL UTILIZATION PRACTICES,PRICE RECEIVED,$ / CWT,"HOGS - PRICE RECEIVED, MEASURED IN $ / CWT",TOTAL,NOT SPECIFIED,NATIONAL,,99,US,US TOTAL,,,,,,,,0,,,9000,UNITED STATES,US TOTAL,1946,MONTHLY,12,12,DEC,,2012-01-01 00:00:00.000,22.8,
SURVEY,ANIMALS & PRODUCTS,LIVESTOCK,HOGS,ALL CLASSES,ALL PRODUCTION PRACTICES,ALL UTILIZATION PRACTICES,PRICE RECEIVED,$ / CWT,"HOGS - PRICE RECEIVED, MEASURED IN $ / CWT",TOTAL,NOT SPECIFIED,NATIONAL,,99,US,US TOTAL,,,,,,,,0,,,9000,UNITED STATES,US TOTAL,1945,MONTHLY,1,1,JAN,,2012-01-01 00:00:00.000,13.8,
SURVEY,ANIMALS & PRODUCTS,LIVESTOCK,HOGS,ALL CLASSES,ALL PRODUCTION PRACTICES,ALL UTILIZATION PRACTICES,PRICE RECEIVED,$ / CWT,"HOGS - PRICE RECEIVED, MEASURED IN $ / CWT",TOTAL,NOT SPECIFIED,NATIONAL,,99,US,US TOTAL,,,,,,,,0,,,9000,UNITED STATES,US TOTAL,1945,MONTHLY,2,2,FEB,,2012-01-01 00:00:00.000,14.0,
SURVEY,ANIMALS & PRODUCTS,LIVESTOCK,HOGS,ALL CLASSES,ALL PRODUCTION PRACTICES,ALL UTILIZATION PRACTICES,PRICE RECEIVED,$ / CWT,"HOGS - PRICE RECEIVED, MEASURED IN $ / CWT",TOTAL,NOT SPECIFIED,NATIONAL,,99,US,US TOTAL,,,,,,,,0,,,9000,UNITED STATES,US TOTAL,1945,MONTHLY,3,3,MAR,,2012-01-01 00:00:00.000,14.0,
SURVEY,ANIMALS & PRODUCTS,LIVESTOCK,HOGS,ALL CLASSES,ALL PRODUCTION PRACTICES,ALL UTILIZATION PRACTICES,PRICE RECEIVED,$ / CWT,"HOGS - PRICE RECEIVED, MEASURED IN $ / CWT",TOTAL,NOT SPECIFIED,NATIONAL,,99,US,US TOTAL,,,,,,,,0,,,9000,UNITED STATES,US TOTAL,1945,MONTHLY,4,4,APR,,2012-01-01 00:00:00.000,14.1,
SURVEY,ANIMALS & PRODUCTS,LIVESTOCK,HOGS,ALL CLASSES,ALL PRODUCTION PRACTICES,ALL UTILIZATION PRACTICES,PRICE RECEIVED,$ / CWT,"HOGS - PRICE RECEIVED, MEASURED IN $ / CWT",TOTAL,NOT SPECIFIED,NATIONAL,,99,US,US TOTAL,,,,,,,,0,,,9000,UNITED STATES,US TOTAL,1945,MONTHLY,5,5,MAY,,2012-01-01 00:00:00.000,14.1,
SURVEY,ANIMALS & PRODUCTS,LIVESTOCK,HOGS,ALL CLASSES,ALL PRODUCTION PRACTICES,ALL UTILIZATION PRACTICES,PRICE RECEIVED,$ / CWT,"HOGS - PRICE RECEIVED, MEASURED IN $ / CWT",TOTAL,NOT SPECIFIED,NATIONAL,,99,US,US TOTAL,,,,,,,,0,,,9000,UNITED STATES,US TOTAL,1945,MONTHLY,6,6,JUN,,2012-01-01 00:00:00.000,14.1,
SURVEY,ANIMALS & PRODUCTS,LIVESTOCK,HOGS,ALL CLASSES,ALL PRODUCTION PRACTICES,ALL UTILIZATION PRACTICES,PRICE RECEIVED,$ / CWT,"HOGS - PRICE RECEIVED, MEASURED IN $ / CWT",TOTAL,NOT SPECIFIED,NATIONAL,,99,US,US TOTAL,,,,,,,,0,,,9000,UNITED STATES,US TOTAL,1945,MONTHLY,7,7,JUL,,2012-01-01 00:00:00.000,14.1,
SURVEY,ANIMALS & PRODUCTS,LIVESTOCK,HOGS,ALL CLASSES,ALL PRODUCTION PRACTICES,ALL UTILIZATION PRACTICES,PRICE RECEIVED,$ / CWT,"HOGS - PRICE RECEIVED, MEASURED IN $ / CWT",TOTAL,NOT SPECIFIED,NATIONAL,,99,US,US TOTAL,,,,,,,,0,,,9000,UNITED STATES,US TOTAL,1945,MONTHLY,8,8,AUG,,2012-01-01 00:00:00.000,14.0,
SURVEY,ANIMALS & PRODUCTS,LIVESTOCK,HOGS,ALL CLASSES,ALL PRODUCTION PRACTICES,ALL UTILIZATION PRACTICES,PRICE RECEIVED,$ / CWT,"HOGS - PRICE RECEIVED, MEASURED IN $ / CWT",TOTAL,NOT SPECIFIED,NATIONAL,,99,US,US TOTAL,,,,,,,,0,,,9000,UNITED STATES,US TOTAL,1945,MONTHLY,9,9,SEP,,2012-01-01 00:00:00.000,14.1,
SURVEY,ANIMALS & PRODUCTS,LIVESTOCK,HOGS,ALL CLASSES,ALL PRODUCTION PRACTICES,ALL UTILIZATION PRACTICES,PRICE RECEIVED,$ / CWT,"HOGS - PRICE RECEIVED, MEASURED IN $ / CWT",TOTAL,NOT SPECIFIED,NATIONAL,,99,US,US TOTAL,,,,,,,,0,,,9000,UNITED STATES,US TOTAL,1945,MONTHLY,10,10,OCT,,2012-01-01 00:00:00.000,14.1,
SURVEY,ANIMALS & PRODUCTS,LIVESTOCK,HOGS,ALL CLASSES,ALL PRODUCTION PRACTICES,ALL UTILIZATION PRACTICES,PRICE RECEIVED,$ / CWT,"HOGS - PRICE RECEIVED, MEASURED IN $ / CWT",TOTAL,NOT SPECIFIED,NATIONAL,,99,US,US TOTAL,,,,,,,,0,,,9000,UNITED STATES,US TOTAL,1945,MONTHLY,11,11,NOV,,2012-01-01 00:00:00.000,14.2,
SURVEY,ANIMALS & PRODUCTS,LIVESTOCK,HOGS,ALL CLASSES,ALL PRODUCTION PRACTICES,ALL UTILIZATION PRACTICES,PRICE RECEIVED,$ / CWT,"HOGS - PRICE RECEIVED, MEASURED IN $ / CWT",TOTAL,NOT SPECIFIED,NATIONAL,,99,US,US TOTAL,,,,,,,,0,,,9000,UNITED STATES,US TOTAL,1945,MONTHLY,12,12,DEC,,2012-01-01 00:00:00.000,14.2,
SURVEY,ANIMALS & PRODUCTS,LIVESTOCK,HOGS,ALL CLASSES,ALL PRODUCTION PRACTICES,ALL UTILIZATION PRACTICES,PRICE RECEIVED,$ / CWT,"HOGS - PRICE RECEIVED, MEASURED IN $ / CWT",TOTAL,NOT SPECIFIED,NATIONAL,,99,US,US TOTAL,,,,,,,,0,,,9000,UNITED STATES,US TOTAL,1944,MONTHLY,1,1,JAN,,2012-01-01 00:00:00.000,12.8,
SURVEY,ANIMALS & PRODUCTS,LIVESTOCK,HOGS,ALL CLASSES,ALL PRODUCTION PRACTICES,ALL UTILIZATION PRACTICES,PRICE RECEIVED,$ / CWT,"HOGS - PRICE RECEIVED, MEASURED IN $ / CWT",TOTAL,NOT SPECIFIED,NATIONAL,,99,US,US TOTAL,,,,,,,,0,,,9000,UNITED STATES,US TOTAL,1944,MONTHLY,2,2,FEB,,2012-01-01 00:00:00.000,12.9,
SURVEY,ANIMALS & PRODUCTS,LIVESTOCK,HOGS,ALL CLASSES,ALL PRODUCTION PRACTICES,ALL UTILIZATION PRACTICES,PRICE RECEIVED,$ / CWT,"HOGS - PRICE RECEIVED, MEASURED IN $ / CWT",TOTAL,NOT SPECIFIED,NATIONAL,,99,US,US TOTAL,,,,,,,,0,,,9000,UNITED STATES,US TOTAL,1944,MONTHLY,3,3,MAR,,2012-01-01 00:00:00.000,12.9,
SURVEY,ANIMALS & PRODUCTS,LIVESTOCK,HOGS,ALL CLASSES,ALL PRODUCTION PRACTICES,ALL UTILIZATION PRACTICES,PRICE RECEIVED,$ / CWT,"HOGS - PRICE RECEIVED, MEASURED IN $ / CWT",TOTAL,NOT SPECIFIED,NATIONAL,,99,US,US TOTAL,,,,,,,,0,,,9000,UNITED STATES,US TOTAL,1944,MONTHLY,4,4,APR,,2012-01-01 00:00:00.000,13.0,
SURVEY,ANIMALS & PRODUCTS,LIVESTOCK,HOGS,ALL CLASSES,ALL PRODUCTION PRACTICES,ALL UTILIZATION PRACTICES,PRICE RECEIVED,$ / CWT,"HOGS - PRICE RECEIVED, MEASURED IN $ / CWT",TOTAL,NOT SPECIFIED,NATIONAL,,99,US,US TOTAL,,,,,,,,0,,,9000,UNITED STATES,US TOTAL,1944,MONTHLY,5,5,MAY,,2012-01-01 00:00:00.000,12.7,
SURVEY,ANIMALS & PRODUCTS,LIVESTOCK,HOGS,ALL CLASSES,ALL PRODUCTION PRACTICES,ALL UTILIZATION PRACTICES,PRICE RECEIVED,$ / CWT,"HOGS - PRICE RECEIVED, MEASURED IN $ / CWT",TOTAL,NOT SPECIFIED,NATIONAL,,99,US,US TOTAL,,,,,,,,0,,,9000,UNITED STATES,US TOTAL,1944,MONTHLY,6,6,JUN,,2012-01-01 00:00:00.000,12.6,
SURVEY,ANIMALS & PRODUCTS,LIVESTOCK,HOGS,ALL CLASSES,ALL PRODUCTION PRACTICES,ALL UTILIZATION PRACTICES,PRICE RECEIVED,$ / CWT,"HOGS - PRICE RECEIVED, MEASURED IN $ / CWT",TOTAL,NOT SPECIFIED,NATIONAL,,99,US,US TOTAL,,,,,,,,0,,,9000,UNITED STATES,US TOTAL,1944,MONTHLY,7,7,JUL,,2012-01-01 00:00:00.000,12.7,
SURVEY,ANIMALS & PRODUCTS,LIVESTOCK,HOGS,ALL CLASSES,ALL PRODUCTION PRACTICES,ALL UTILIZATION PRACTICES,PRICE RECEIVED,$ / CWT,"HOGS - PRICE RECEIVED, MEASURED IN $ / CWT",TOTAL,NOT SPECIFIED,NATIONAL,,99,US,US TOTAL,,,,,,,,0,,,9000,UNITED STATES,US TOTAL,1944,MONTHLY,8,8,AUG,,2012-01-01 00:00:00.000,13.5,
SURVEY,ANIMALS & PRODUCTS,LIVESTOCK,HOGS,ALL CLASSES,ALL PRODUCTION PRACTICES,ALL UTILIZATION PRACTICES,PRICE RECEIVED,$ / CWT,"HOGS - PRICE RECEIVED, MEASURED IN $ / CWT",TOTAL,NOT SPECIFIED,NATIONAL,,99,US,US TOTAL,,,,,,,,0,,,9000,UNITED STATES,US TOTAL,1944,MONTHLY,9,9,SEP,,2012-01-01 00:00:00.000,13.6,
SURVEY,ANIMALS & PRODUCTS,LIVESTOCK,HOGS,ALL CLASSES,ALL PRODUCTION PRACTICES,ALL UTILIZATION PRACTICES,PRICE RECEIVED,$ / CWT,"HOGS - PRICE RECEIVED, MEASURED IN $ / CWT",TOTAL,NOT SPECIFIED,NATIONAL,,99,US,US TOTAL,,,,,,,,0,,,9000,UNITED STATES,US TOTAL,1944,MONTHLY,10,10,OCT,,2012-01-01 00:00:00.000,13.8,
SURVEY,ANIMALS & PRODUCTS,LIVESTOCK,HOGS,ALL CLASSES,ALL PRODUCTION PRACTICES,ALL UTILIZATION PRACTICES,PRICE RECEIVED,$ / CWT,"HOGS - PRICE RECEIVED, MEASURED IN $ / CWT",TOTAL,NOT SPECIFIED,NATIONAL,,99,US,US TOTAL,,,,,,,,0,,,9000,UNITED STATES,US TOTAL,1944,MONTHLY,11,11,NOV,,2012-01-01 00:00:00.000,13.5,
SURVEY,ANIMALS & PRODUCTS,LIVESTOCK,HOGS,ALL CLASSES,ALL PRODUCTION PRACTICES,ALL UTILIZATION PRACTICES,PRICE RECEIVED,$ / CWT,"HOGS - PRICE RECEIVED, MEASURED IN $ / CWT",TOTAL,NOT SPECIFIED,NATIONAL,,99,US,US TOTAL,,,,,,,,0,,,9000,UNITED STATES,US TOTAL,1944,MONTHLY,12,12,DEC,,2012-01-01 00:00:00.000,13.4,
SURVEY,ANIMALS & PRODUCTS,LIVESTOCK,HOGS,ALL CLASSES,ALL PRODUCTION PRACTICES,ALL UTILIZATION PRACTICES,PRICE RECEIVED,$ / CWT,"HOGS - PRICE RECEIVED, MEASURED IN $ / CWT",TOTAL,NOT SPECIFIED,NATIONAL,,99,US,US TOTAL,,,,,,,,0,,,9000,UNITED STATES,US TOTAL,1943,MONTHLY,1,1,JAN,,2012-01-01 00:00:00.000,14.1,
SURVEY,ANIMALS & PRODUCTS,LIVESTOCK,HOGS,ALL CLASSES,ALL PRODUCTION PRACTICES,ALL UTILIZATION PRACTICES,PRICE RECEIVED,$ / CWT,"HOGS - PRICE RECEIVED, MEASURED IN $ / CWT",TOTAL,NOT SPECIFIED,NATIONAL,,99,US,US TOTAL,,,,,,,,0,,,9000,UNITED STATES,US TOTAL,1943,MONTHLY,2,2,FEB,,2012-01-01 00:00:00.000,14.6,
SURVEY,ANIMALS & PRODUCTS,LIVESTOCK,HOGS,ALL CLASSES,ALL PRODUCTION PRACTICES,ALL UTILIZATION PRACTICES,PRICE RECEIVED,$ / CWT,"HOGS - PRICE RECEIVED, MEASURED IN $ / CWT",TOTAL,NOT SPECIFIED,NATIONAL,,99,US,US TOTAL,,,,,,,,0,,,9000,UNITED STATES,US TOTAL,1943,MONTHLY,3,3,MAR,,2012-01-01 00:00:00.000,14.7,
SURVEY,ANIMALS & PRODUCTS,LIVESTOCK,HOGS,ALL CLASSES,ALL PRODUCTION PRACTICES,ALL UTILIZATION PRACTICES,PRICE RECEIVED,$ / CWT,"HOGS - PRICE RECEIVED, MEASURED IN $ / CWT",TOTAL,NOT SPECIFIED,NATIONAL,,99,US,US TOTAL,,,,,,,,0,,,9000,UNITED STATES,US TOTAL,1943,MONTHLY,4,4,APR,,2012-01-01 00:00:00.000,14.3,
SURVEY,ANIMALS & PRODUCTS,LIVESTOCK,HOGS,ALL CLASSES,ALL PRODUCTION PRACTICES,ALL UTILIZATION PRACTICES,PRICE RECEIVED,$ / CWT,"HOGS - PRICE RECEIVED, MEASURED IN $ / CWT",TOTAL,NOT SPECIFIED,NATIONAL,,99,US,US TOTAL,,,,,,,,0,,,9000,UNITED STATES,US TOTAL,1943,MONTHLY,5,5,MAY,,2012-01-01 00:00:00.000,13.9,
SURVEY,ANIMALS & PRODUCTS,LIVESTOCK,HOGS,ALL CLASSES,ALL PRODUCTION PRACTICES,ALL UTILIZATION PRACTICES,PRICE RECEIVED,$ / CWT,"HOGS - PRICE RECEIVED, MEASURED IN $ / CWT",TOTAL,NOT SPECIFIED,NATIONAL,,99,US,US TOTAL,,,,,,,,0,,,9000,UNITED STATES,US TOTAL,1943,MONTHLY,6,6,JUN,,2012-01-01 00:00:00.000,13.6,
SURVEY,ANIMALS & PRODUCTS,LIVESTOCK,HOGS,ALL CLASSES,ALL PRODUCTION PRACTICES,ALL UTILIZATION PRACTICES,PRICE RECEIVED,$ / CWT,"HOGS - PRICE RECEIVED, MEASURED IN $ / CWT",TOTAL,NOT SPECIFIED,NATIONAL,,99,US,US TOTAL,,,,,,,,0,,,9000,UNITED STATES,US TOTAL,1943,MONTHLY,7,7,JUL,,2012-01-01 00:00:00.000,13.2,
SURVEY,ANIMALS & PRODUCTS,LIVESTOCK,HOGS,ALL CLASSES,ALL PRODUCTION PRACTICES,ALL UTILIZATION PRACTICES,PRICE RECEIVED,$ / CWT,"HOGS - PRICE RECEIVED, MEASURED IN $ / CWT",TOTAL,NOT SPECIFIED,NATIONAL,,99,US,US TOTAL,,,,,,,,0,,,9000,UNITED STATES,US TOTAL,1943,MONTHLY,8,8,AUG,,2012-01-01 00:00:00.000,13.7,
SURVEY,ANIMALS & PRODUCTS,LIVESTOCK,HOGS,ALL CLASSES,ALL PRODUCTION PRACTICES,ALL UTILIZATION PRACTICES,PRICE RECEIVED,$ / CWT,"HOGS - PRICE RECEIVED, MEASURED IN $ / CWT",TOTAL,NOT SPECIFIED,NATIONAL,,99,US,US TOTAL,,,,,,,,0,,,9000,UNITED STATES,US TOTAL,1943,MONTHLY,9,9,SEP,,2012-01-01 00:00:00.000,14.1,
SURVEY,ANIMALS & PRODUCTS,LIVESTOCK,HOGS,ALL CLASSES,ALL PRODUCTION PRACTICES,ALL UTILIZATION PRACTICES,PRICE RECEIVED,$ / CWT,"HOGS - PRICE RECEIVED, MEASURED IN $ / CWT",TOTAL,NOT SPECIFIED,NATIONAL,,99,US,US TOTAL,,,,,,,,0,,,9000,UNITED STATES,US TOTAL,1943,MONTHLY,10,10,OCT,,2012-01-01 00:00:00.000,14.0,
SURVEY,ANIMALS & PRODUCTS,LIVESTOCK,HOGS,ALL CLASSES,ALL PRODUCTION PRACTICES,ALL UTILIZATION PRACTICES,PRICE RECEIVED,$ / CWT,"HOGS - PRICE RECEIVED, MEASURED IN $ / CWT",TOTAL,NOT SPECIFIED,NATIONAL,,99,US,US TOTAL,,,,,,,,0,,,9000,UNITED STATES,US TOTAL,1943,MONTHLY,11,11,NOV,,2012-01-01 00:00:00.000,12.9,
SURVEY,ANIMALS & PRODUCTS,LIVESTOCK,HOGS,ALL CLASSES,ALL PRODUCTION PRACTICES,ALL UTILIZATION PRACTICES,PRICE RECEIVED,$ / CWT,"HOGS - PRICE RECEIVED, MEASURED IN $ / CWT",TOTAL,NOT SPECIFIED,NATIONAL,,99,US,US TOTAL,,,,,,,,0,,,9000,UNITED STATES,US TOTAL,1943,MONTHLY,12,12,DEC,,2012-01-01 00:00:00.000,12.8,
SURVEY,ANIMALS & PRODUCTS,LIVESTOCK,HOGS,ALL CLASSES,ALL PRODUCTION PRACTICES,ALL UTILIZATION PRACTICES,PRICE RECEIVED,$ / CWT,"HOGS - PRICE RECEIVED, MEASURED IN $ / CWT",TOTAL,NOT SPECIFIED,NATIONAL,,99,US,US TOTAL,,,,,,,,0,,,9000,UNITED STATES,US TOTAL,1942,MONTHLY,1,1,JAN,,2012-01-01 00:00:00.000,10.7,
SURVEY,ANIMALS & PRODUCTS,LIVESTOCK,HOGS,ALL CLASSES,ALL PRODUCTION PRACTICES,ALL UTILIZATION PRACTICES,PRICE RECEIVED,$ / CWT,"HOGS - PRICE RECEIVED, MEASURED IN $ / CWT",TOTAL,NOT SPECIFIED,NATIONAL,,99,US,US TOTAL,,,,,,,,0,,,9000,UNITED STATES,US TOTAL,1942,MONTHLY,2,2,FEB,,2012-01-01 00:00:00.000,11.9,
SURVEY,ANIMALS & PRODUCTS,LIVESTOCK,HOGS,ALL CLASSES,ALL PRODUCTION PRACTICES,ALL UTILIZATION PRACTICES,PRICE RECEIVED,$ / CWT,"HOGS - PRICE RECEIVED, MEASURED IN $ / CWT",TOTAL,NOT SPECIFIED,NATIONAL,,99,US,US TOTAL,,,,,,,,0,,,9000,UNITED STATES,US TOTAL,1942,MONTHLY,3,3,MAR,,2012-01-01 00:00:00.000,12.5,
SURVEY,ANIMALS & PRODUCTS,LIVESTOCK,HOGS,ALL CLASSES,ALL PRODUCTION PRACTICES,ALL UTILIZATION PRACTICES,PRICE RECEIVED,$ / CWT,"HOGS - PRICE RECEIVED, MEASURED IN $ / CWT",TOTAL,NOT SPECIFIED,NATIONAL,,99,US,US TOTAL,,,,,,,,0,,,9000,UNITED STATES,US TOTAL,1942,MONTHLY,4,4,APR,,2012-01-01 00:00:00.000,13.5,
SURVEY,ANIMALS & PRODUCTS,LIVESTOCK,HOGS,ALL CLASSES,ALL PRODUCTION PRACTICES,ALL UTILIZATION PRACTICES,PRICE RECEIVED,$ / CWT,"HOGS - PRICE RECEIVED, MEASURED IN $ / CWT",TOTAL,NOT SPECIFIED,NATIONAL,,99,US,US TOTAL,,,,,,,,0,,,9000,UNITED STATES,US TOTAL,1942,MONTHLY,5,5,MAY,,2012-01-01 00:00:00.000,13.3,
SURVEY,ANIMALS & PRODUCTS,LIVESTOCK,HOGS,ALL CLASSES,ALL PRODUCTION PRACTICES,ALL UTILIZATION PRACTICES,PRICE RECEIVED,$ / CWT,"HOGS - PRICE RECEIVED, MEASURED IN $ / CWT",TOTAL,NOT SPECIFIED,NATIONAL,,99,US,US TOTAL,,,,,,,,0,,,9000,UNITED STATES,US TOTAL,1942,MONTHLY,6,6,JUN,,2012-01-01 00:00:00.000,13.4,
SURVEY,ANIMALS & PRODUCTS,LIVESTOCK,HOGS,ALL CLASSES,ALL PRODUCTION PRACTICES,ALL UTILIZATION PRACTICES,PRICE RECEIVED,$ / CWT,"HOGS - PRICE RECEIVED, MEASURED IN $ / CWT",TOTAL,NOT SPECIFIED,NATIONAL,,99,US,US TOTAL,,,,,,,,0,,,9000,UNITED STATES,US TOTAL,1942,MONTHLY,7,7,JUL,,2012-01-01 00:00:00.000,13.8,
SURVEY,ANIMALS & PRODUCTS,LIVESTOCK,HOGS,ALL CLASSES,ALL PRODUCTION PRACTICES,ALL UTILIZATION PRACTICES,PRICE RECEIVED,$ / CWT,"HOGS - PRICE RECEIVED, MEASURED IN $ / CWT",TOTAL,NOT SPECIFIED,NATIONAL,,99,US,US TOTAL,,,,,,,,0,,,9000,UNITED STATES,US TOTAL,1942,MONTHLY,8,8,AUG,,2012-01-01 00:00:00.000,14.1,
SURVEY,ANIMALS & PRODUCTS,LIVESTOCK,HOGS,ALL CLASSES,ALL PRODUCTION PRACTICES,ALL UTILIZATION PRACTICES,PRICE RECEIVED,$ / CWT,"HOGS - PRICE RECEIVED, MEASURED IN $ / CWT",TOTAL,NOT SPECIFIED,NATIONAL,,99,US,US TOTAL,,,,,,,,0,,,9000,UNITED STATES,US TOTAL,1942,MONTHLY,9,9,SEP,,2012-01-01 00:00:00.000,13.6,
SURVEY,ANIMALS & PRODUCTS,LIVESTOCK,HOGS,ALL CLASSES,ALL PRODUCTION PRACTICES,ALL UTILIZATION PRACTICES,PRICE RECEIVED,$ / CWT,"HOGS - PRICE RECEIVED, MEASURED IN $ / CWT",TOTAL,NOT SPECIFIED,NATIONAL,,99,US,US TOTAL,,,,,,,,0,,,9000,UNITED STATES,US TOTAL,1942,MONTHLY,10,10,OCT,,2012-01-01 00:00:00.000,14.1,
SURVEY,ANIMALS & PRODUCTS,LIVESTOCK,HOGS,ALL CLASSES,ALL PRODUCTION PRACTICES,ALL UTILIZATION PRACTICES,PRICE RECEIVED,$ / CWT,"HOGS - PRICE RECEIVED, MEASURED IN $ / CWT",TOTAL,NOT SPECIFIED,NATIONAL,,99,US,US TOTAL,,,,,,,,0,,,9000,UNITED STATES,US TOTAL,1942,MONTHLY,11,11,NOV,,2012-01-01 00:00:00.000,13.4,
SURVEY,ANIMALS & PRODUCTS,LIVESTOCK,HOGS,ALL CLASSES,ALL PRODUCTION PRACTICES,ALL UTILIZATION PRACTICES,PRICE RECEIVED,$ / CWT,"HOGS - PRICE RECEIVED, MEASURED IN $ / CWT",TOTAL,NOT SPECIFIED,NATIONAL,,99,US,US TOTAL,,,,,,,,0,,,9000,UNITED STATES,US TOTAL,1942,MONTHLY,12,12,DEC,,2012-01-01 00:00:00.000,13.3,
SURVEY,ANIMALS & PRODUCTS,LIVESTOCK,HOGS,ALL CLASSES,ALL PRODUCTION PRACTICES,ALL UTILIZATION PRACTICES,PRICE RECEIVED,$ / CWT,"HOGS - PRICE RECEIVED, MEASURED IN $ / CWT",TOTAL,NOT SPECIFIED,NATIONAL,,99,US,US TOTAL,,,,,,,,0,,,9000,UNITED STATES,US TOTAL,1941,MONTHLY,1,1,JAN,,2012-01-01 00:00:00.000,7.47,
SURVEY,ANIMALS & PRODUCTS,LIVESTOCK,HOGS,ALL CLASSES,ALL PRODUCTION PRACTICES,ALL UTILIZATION PRACTICES,PRICE RECEIVED,$ / CWT,"HOGS - PRICE RECEIVED, MEASURED IN $ / CWT",TOTAL,NOT SPECIFIED,NATIONAL,,99,US,US TOTAL,,,,,,,,0,,,9000,UNITED STATES,US TOTAL,1941,MONTHLY,2,2,FEB,,2012-01-01 00:00:00.000,7.29,
SURVEY,ANIMALS & PRODUCTS,LIVESTOCK,HOGS,ALL CLASSES,ALL PRODUCTION PRACTICES,ALL UTILIZATION PRACTICES,PRICE RECEIVED,$ / CWT,"HOGS - PRICE RECEIVED, MEASURED IN $ / CWT",TOTAL,NOT SPECIFIED,NATIONAL,,99,US,US TOTAL,,,,,,,,0,,,9000,UNITED STATES,US TOTAL,1941,MONTHLY,3,3,MAR,,2012-01-01 00:00:00.000,7.16,
SURVEY,ANIMALS & PRODUCTS,LIVESTOCK,HOGS,ALL CLASSES,ALL PRODUCTION PRACTICES,ALL UTILIZATION PRACTICES,PRICE RECEIVED,$ / CWT,"HOGS - PRICE RECEIVED, MEASURED IN $ / CWT",TOTAL,NOT SPECIFIED,NATIONAL,,99,US,US TOTAL,,,,,,,,0,,,9000,UNITED STATES,US TOTAL,1941,MONTHLY,4,4,APR,,2012-01-01 00:00:00.000,8.16,
SURVEY,ANIMALS & PRODUCTS,LIVESTOCK,HOGS,ALL CLASSES,ALL PRODUCTION PRACTICES,ALL UTILIZATION PRACTICES,PRICE RECEIVED,$ / CWT,"HOGS - PRICE RECEIVED, MEASURED IN $ / CWT",TOTAL,NOT SPECIFIED,NATIONAL,,99,US,US TOTAL,,,,,,,,0,,,9000,UNITED STATES,US TOTAL,1941,MONTHLY,5,5,MAY,,2012-01-01 00:00:00.000,8.31,
SURVEY,ANIMALS & PRODUCTS,LIVESTOCK,HOGS,ALL CLASSES,ALL PRODUCTION PRACTICES,ALL UTILIZATION PRACTICES,PRICE RECEIVED,$ / CWT,"HOGS - PRICE RECEIVED, MEASURED IN $ / CWT",TOTAL,NOT SPECIFIED,NATIONAL,,99,US,US TOTAL,,,,,,,,0,,,9000,UNITED STATES,US TOTAL,1941,MONTHLY,6,6,JUN,,2012-01-01 00:00:00.000,9.12,
SURVEY,ANIMALS & PRODUCTS,LIVESTOCK,HOGS,ALL CLASSES,ALL PRODUCTION PRACTICES,ALL UTILIZATION PRACTICES,PRICE RECEIVED,$ / CWT,"HOGS - PRICE RECEIVED, MEASURED IN $ / CWT",TOTAL,NOT SPECIFIED,NATIONAL,,99,US,US TOTAL,,,,,,,,0,,,9000,UNITED STATES,US TOTAL,1941,MONTHLY,7,7,JUL,,2012-01-01 00:00:00.000,10.3,
SURVEY,ANIMALS & PRODUCTS,LIVESTOCK,HOGS,ALL CLASSES,ALL PRODUCTION PRACTICES,ALL UTILIZATION PRACTICES,PRICE RECEIVED,$ / CWT,"HOGS - PRICE RECEIVED, MEASURED IN $ / CWT",TOTAL,NOT SPECIFIED,NATIONAL,,99,US,US TOTAL,,,,,,,,0,,,9000,UNITED STATES,US TOTAL,1941,MONTHLY,8,8,AUG,,2012-01-01 00:00:00.000,10.5,
SURVEY,ANIMALS & PRODUCTS,LIVESTOCK,HOGS,ALL CLASSES,ALL PRODUCTION PRACTICES,ALL UTILIZATION PRACTICES,PRICE RECEIVED,$ / CWT,"HOGS - PRICE RECEIVED, MEASURED IN $ / CWT",TOTAL,NOT SPECIFIED,NATIONAL,,99,US,US TOTAL,,,,,,,,0,,,9000,UNITED STATES,US TOTAL,1941,MONTHLY,9,9,SEP,,2012-01-01 00:00:00.000,11.2,
SURVEY,ANIMALS & PRODUCTS,LIVESTOCK,HOGS,ALL CLASSES,ALL PRODUCTION PRACTICES,ALL UTILIZATION PRACTICES,PRICE RECEIVED,$ / CWT,"HOGS - PRICE RECEIVED, MEASURED IN $ / CWT",TOTAL,NOT SPECIFIED,NATIONAL,,99,US,US TOTAL,,,,,,,,0,,,9000,UNITED STATES,US TOTAL,1941,MONTHLY,10,10,OCT,,2012-01-01 00:00:00.000,10.1,
SURVEY,ANIMALS & PRODUCTS,LIVESTOCK,HOGS,ALL CLASSES,ALL PRODUCTION PRACTICES,ALL UTILIZATION PRACTICES,PRICE RECEIVED,$ / CWT,"HOGS - PRICE RECEIVED, MEASURED IN $ / CWT",TOTAL,NOT SPECIFIED,NATIONAL,,99,US,US TOTAL,,,,,,,,0,,,9000,UNITED STATES,US TOTAL,1941,MONTHLY,11,11,NOV,,2012-01-01 00:00:00.000,9.7,
SURVEY,ANIMALS & PRODUCTS,LIVESTOCK,HOGS,ALL CLASSES,ALL PRODUCTION PRACTICES,ALL UTILIZATION PRACTICES,PRICE RECEIVED,$ / CWT,"HOGS - PRICE RECEIVED, MEASURED IN $ / CWT",TOTAL,NOT SPECIFIED,NATIONAL,,99,US,US TOTAL,,,,,,,,0,,,9000,UNITED STATES,US TOTAL,1941,MONTHLY,12,12,DEC,,2012-01-01 00:00:00.000,10.3,
SURVEY,ANIMALS & PRODUCTS,LIVESTOCK,HOGS,ALL CLASSES,ALL PRODUCTION PRACTICES,ALL UTILIZATION PRACTICES,PRICE RECEIVED,$ / CWT,"HOGS - PRICE RECEIVED, MEASURED IN $ / CWT",TOTAL,NOT SPECIFIED,NATIONAL,,99,US,US TOTAL,,,,,,,,0,,,9000,UNITED STATES,US TOTAL,1940,MONTHLY,1,1,JAN,,2012-01-01 00:00:00.000,5.17,
SURVEY,ANIMALS & PRODUCTS,LIVESTOCK,HOGS,ALL CLASSES,ALL PRODUCTION PRACTICES,ALL UTILIZATION PRACTICES,PRICE RECEIVED,$ / CWT,"HOGS - PRICE RECEIVED, MEASURED IN $ / CWT",TOTAL,NOT SPECIFIED,NATIONAL,,99,US,US TOTAL,,,,,,,,0,,,9000,UNITED STATES,US TOTAL,1940,MONTHLY,2,2,FEB,,2012-01-01 00:00:00.000,4.96,
SURVEY,ANIMALS & PRODUCTS,LIVESTOCK,HOGS,ALL CLASSES,ALL PRODUCTION PRACTICES,ALL UTILIZATION PRACTICES,PRICE RECEIVED,$ / CWT,"HOGS - PRICE RECEIVED, MEASURED IN $ / CWT",TOTAL,NOT SPECIFIED,NATIONAL,,99,US,US TOTAL,,,,,,,,0,,,9000,UNITED STATES,US TOTAL,1940,MONTHLY,3,3,MAR,,2012-01-01 00:00:00.000,4.87,
SURVEY,ANIMALS & PRODUCTS,LIVESTOCK,HOGS,ALL CLASSES,ALL PRODUCTION PRACTICES,ALL UTILIZATION PRACTICES,PRICE RECEIVED,$ / CWT,"HOGS - PRICE RECEIVED, MEASURED IN $ / CWT",TOTAL,NOT SPECIFIED,NATIONAL,,99,US,US TOTAL,,,,,,,,0,,,9000,UNITED STATES,US TOTAL,1940,MONTHLY,4,4,APR,,2012-01-01 00:00:00.000,4.91,
SURVEY,ANIMALS & PRODUCTS,LIVESTOCK,HOGS,ALL CLASSES,ALL PRODUCTION PRACTICES,ALL UTILIZATION PRACTICES,PRICE RECEIVED,$ / CWT,"HOGS - PRICE RECEIVED, MEASURED IN $ / CWT",TOTAL,NOT SPECIFIED,NATIONAL,,99,US,US TOTAL,,,,,,,,0,,,9000,UNITED STATES,US TOTAL,1940,MONTHLY,5,5,MAY,,2012-01-01 00:00:00.000,5.37,
SURVEY,ANIMALS & PRODUCTS,LIVESTOCK,HOGS,ALL CLASSES,ALL PRODUCTION PRACTICES,ALL UTILIZATION PRACTICES,PRICE RECEIVED,$ / CWT,"HOGS - PRICE RECEIVED, MEASURED IN $ / CWT",TOTAL,NOT SPECIFIED,NATIONAL,,99,US,US TOTAL,,,,,,,,0,,,9000,UNITED STATES,US TOTAL,1940,MONTHLY,6,6,JUN,,2012-01-01 00:00:00.000,4.78,
SURVEY,ANIMALS & PRODUCTS,LIVESTOCK,HOGS,ALL CLASSES,ALL PRODUCTION PRACTICES,ALL UTILIZATION PRACTICES,PRICE RECEIVED,$ / CWT,"HOGS - PRICE RECEIVED, MEASURED IN $ / CWT",TOTAL,NOT SPECIFIED,NATIONAL,,99,US,US TOTAL,,,,,,,,0,,,9000,UNITED STATES,US TOTAL,1940,MONTHLY,7,7,JUL,,2012-01-01 00:00:00.000,5.84,
SURVEY,ANIMALS & PRODUCTS,LIVESTOCK,HOGS,ALL CLASSES,ALL PRODUCTION PRACTICES,ALL UTILIZATION PRACTICES,PRICE RECEIVED,$ / CWT,"HOGS - PRICE RECEIVED, MEASURED IN $ / CWT",TOTAL,NOT SPECIFIED,NATIONAL,,99,US,US TOTAL,,,,,,,,0,,,9000,UNITED STATES,US TOTAL,1940,MONTHLY,8,8,AUG,,2012-01-01 00:00:00.000,5.9,
SURVEY,ANIMALS & PRODUCTS,LIVESTOCK,HOGS,ALL CLASSES,ALL PRODUCTION PRACTICES,ALL UTILIZATION PRACTICES,PRICE RECEIVED,$ / CWT,"HOGS - PRICE RECEIVED, MEASURED IN $ / CWT",TOTAL,NOT SPECIFIED,NATIONAL,,99,US,US TOTAL,,,,,,,,0,,,9000,UNITED STATES,US TOTAL,1940,MONTHLY,9,9,SEP,,2012-01-01 00:00:00.000,6.2,
SURVEY,ANIMALS & PRODUCTS,LIVESTOCK,HOGS,ALL CLASSES,ALL PRODUCTION PRACTICES,ALL UTILIZATION PRACTICES,PRICE RECEIVED,$ / CWT,"HOGS - PRICE RECEIVED, MEASURED IN $ / CWT",TOTAL,NOT SPECIFIED,NATIONAL,,99,US,US TOTAL,,,,,,,,0,,,9000,UNITED STATES,US TOTAL,1940,MONTHLY,10,10,OCT,,2012-01-01 00:00:00.000,5.85,
SURVEY,ANIMALS & PRODUCTS,LIVESTOCK,HOGS,ALL CLASSES,ALL PRODUCTION PRACTICES,ALL UTILIZATION PRACTICES,PRICE RECEIVED,$ / CWT,"HOGS - PRICE RECEIVED, MEASURED IN $ / CWT",TOTAL,NOT SPECIFIED,NATIONAL,,99,US,US TOTAL,,,,,,,,0,,,9000,UNITED STATES,US TOTAL,1940,MONTHLY,11,11,NOV,,2012-01-01 00:00:00.000,5.61,
SURVEY,ANIMALS & PRODUCTS,LIVESTOCK,HOGS,ALL CLASSES,ALL PRODUCTION PRACTICES,ALL UTILIZATION PRACTICES,PRICE RECEIVED,$ / CWT,"HOGS - PRICE RECEIVED, MEASURED IN $ / CWT",TOTAL,NOT SPECIFIED,NATIONAL,,99,US,US TOTAL,,,,,,,,0,,,9000,UNITED STATES,US TOTAL,1940,MONTHLY,12,12,DEC,,2012-01-01 00:00:00.000,5.61,
SURVEY,ANIMALS & PRODUCTS,LIVESTOCK,HOGS,ALL CLASSES,ALL PRODUCTION PRACTICES,ALL UTILIZATION PRACTICES,PRICE RECEIVED,$ / CWT,"HOGS - PRICE RECEIVED, MEASURED IN $ / CWT",TOTAL,NOT SPECIFIED,NATIONAL,,99,US,US TOTAL,,,,,,,,0,,,9000,UNITED STATES,US TOTAL,1939,MONTHLY,1,1,JAN,,2012-01-01 00:00:00.000,6.97,
SURVEY,ANIMALS & PRODUCTS,LIVESTOCK,HOGS,ALL CLASSES,ALL PRODUCTION PRACTICES,ALL UTILIZATION PRACTICES,PRICE RECEIVED,$ / CWT,"HOGS - PRICE RECEIVED, MEASURED IN $ / CWT",TOTAL,NOT SPECIFIED,NATIONAL,,99,US,US TOTAL,,,,,,,,0,,,9000,UNITED STATES,US TOTAL,1939,MONTHLY,2,2,FEB,,2012-01-01 00:00:00.000,7.3,
SURVEY,ANIMALS & PRODUCTS,LIVESTOCK,HOGS,ALL CLASSES,ALL PRODUCTION PRACTICES,ALL UTILIZATION PRACTICES,PRICE RECEIVED,$ / CWT,"HOGS - PRICE RECEIVED, MEASURED IN $ / CWT",TOTAL,NOT SPECIFIED,NATIONAL,,99,US,US TOTAL,,,,,,,,0,,,9000,UNITED STATES,US TOTAL,1939,MONTHLY,3,3,MAR,,2012-01-01 00:00:00.000,7.14,
SURVEY,ANIMALS & PRODUCTS,LIVESTOCK,HOGS,ALL CLASSES,ALL PRODUCTION PRACTICES,ALL UTILIZATION PRACTICES,PRICE RECEIVED,$ / CWT,"HOGS - PRICE RECEIVED, MEASURED IN $ / CWT",TOTAL,NOT SPECIFIED,NATIONAL,,99,US,US TOTAL,,,,,,,,0,,,9000,UNITED STATES,US TOTAL,1939,MONTHLY,4,4,APR,,2012-01-01 00:00:00.000,6.59,
SURVEY,ANIMALS & PRODUCTS,LIVESTOCK,HOGS,ALL CLASSES,ALL PRODUCTION PRACTICES,ALL UTILIZATION PRACTICES,PRICE RECEIVED,$ / CWT,"HOGS - PRICE RECEIVED, MEASURED IN $ / CWT",TOTAL,NOT SPECIFIED,NATIONAL,,99,US,US TOTAL,,,,,,,,0,,,9000,UNITED STATES,US TOTAL,1939,MONTHLY,5,5,MAY,,2012-01-01 00:00:00.000,6.34,
SURVEY,ANIMALS & PRODUCTS,LIVESTOCK,HOGS,ALL CLASSES,ALL PRODUCTION PRACTICES,ALL UTILIZATION PRACTICES,PRICE RECEIVED,$ / CWT,"HOGS - PRICE RECEIVED, MEASURED IN $ / CWT",TOTAL,NOT SPECIFIED,NATIONAL,,99,US,US TOTAL,,,,,,,,0,,,9000,UNITED STATES,US TOTAL,1939,MONTHLY,6,6,JUN,,2012-01-01 00:00:00.000,5.91,
SURVEY,ANIMALS & PRODUCTS,LIVESTOCK,HOGS,ALL CLASSES,ALL PRODUCTION PRACTICES,ALL UTILIZATION PRACTICES,PRICE RECEIVED,$ / CWT,"HOGS - PRICE RECEIVED, MEASURED IN $ / CWT",TOTAL,NOT SPECIFIED,NATIONAL,,99,US,US TOTAL,,,,,,,,0,,,9000,UNITED STATES,US TOTAL,1939,MONTHLY,7,7,JUL,,2012-01-01 00:00:00.000,5.96,
SURVEY,ANIMALS & PRODUCTS,LIVESTOCK,HOGS,ALL CLASSES,ALL PRODUCTION PRACTICES,ALL UTILIZATION PRACTICES,PRICE RECEIVED,$ / CWT,"HOGS - PRICE RECEIVED, MEASURED IN $ / CWT",TOTAL,NOT SPECIFIED,NATIONAL,,99,US,US TOTAL,,,,,,,,0,,,9000,UNITED STATES,US TOTAL,1939,MONTHLY,8,8,AUG,,2012-01-01 00:00:00.000,5.3,
SURVEY,ANIMALS & PRODUCTS,LIVESTOCK,HOGS,ALL CLASSES,ALL PRODUCTION PRACTICES,ALL UTILIZATION PRACTICES,PRICE RECEIVED,$ / CWT,"HOGS - PRICE RECEIVED, MEASURED IN $ / CWT",TOTAL,NOT SPECIFIED,NATIONAL,,99,US,US TOTAL,,,,,,,,0,,,9000,UNITED STATES,US TOTAL,1939,MONTHLY,9,9,SEP,,2012-01-01 00:00:00.000,6.88,
SURVEY,ANIMALS & PRODUCTS,LIVESTOCK,HOGS,ALL CLASSES,ALL PRODUCTION PRACTICES,ALL UTILIZATION PRACTICES,PRICE RECEIVED,$ / CWT,"HOGS - PRICE RECEIVED, MEASURED IN $ / CWT",TOTAL,NOT SPECIFIED,NATIONAL,,99,US,US TOTAL,,,,,,,,0,,,9000,UNITED STATES,US TOTAL,1939,MONTHLY,10,10,OCT,,2012-01-01 00:00:00.000,6.5,
SURVEY,ANIMALS & PRODUCTS,LIVESTOCK,HOGS,ALL CLASSES,ALL PRODUCTION PRACTICES,ALL UTILIZATION PRACTICES,PRICE RECEIVED,$ / CWT,"HOGS - PRICE RECEIVED, MEASURED IN $ / CWT",TOTAL,NOT SPECIFIED,NATIONAL,,99,US,US TOTAL,,,,,,,,0,,,9000,UNITED STATES,US TOTAL,1939,MONTHLY,11,11,NOV,,2012-01-01 00:00:00.000,5.82,
SURVEY,ANIMALS & PRODUCTS,LIVESTOCK,HOGS,ALL CLASSES,ALL PRODUCTION PRACTICES,ALL UTILIZATION PRACTICES,PRICE RECEIVED,$ / CWT,"HOGS - PRICE RECEIVED, MEASURED IN $ / CWT",TOTAL,NOT SPECIFIED,NATIONAL,,99,US,US TOTAL,,,,,,,,0,,,9000,UNITED STATES,US TOTAL,1939,MONTHLY,12,12,DEC,,2012-01-01 00:00:00.000,4.97,
SURVEY,ANIMALS & PRODUCTS,LIVESTOCK,HOGS,ALL CLASSES,ALL PRODUCTION PRACTICES,ALL UTILIZATION PRACTICES,PRICE RECEIVED,$ / CWT,"HOGS - PRICE RECEIVED, MEASURED IN $ / CWT",TOTAL,NOT SPECIFIED,NATIONAL,,99,US,US TOTAL,,,,,,,,0,,,9000,UNITED STATES,US TOTAL,1938,MONTHLY,1,1,JAN,,2012-01-01 00:00:00.000,7.66,
SURVEY,ANIMALS & PRODUCTS,LIVESTOCK,HOGS,ALL CLASSES,ALL PRODUCTION PRACTICES,ALL UTILIZATION PRACTICES,PRICE RECEIVED,$ / CWT,"HOGS - PRICE RECEIVED, MEASURED IN $ / CWT",TOTAL,NOT SPECIFIED,NATIONAL,,99,US,US TOTAL,,,,,,,,0,,,9000,UNITED STATES,US TOTAL,1938,MONTHLY,2,2,FEB,,2012-01-01 00:00:00.000,7.83,
SURVEY,ANIMALS & PRODUCTS,LIVESTOCK,HOGS,ALL CLASSES,ALL PRODUCTION PRACTICES,ALL UTILIZATION PRACTICES,PRICE RECEIVED,$ / CWT,"HOGS - PRICE RECEIVED, MEASURED IN $ / CWT",TOTAL,NOT SPECIFIED,NATIONAL,,99,US,US TOTAL,,,,,,,,0,,,9000,UNITED STATES,US TOTAL,1938,MONTHLY,3,3,MAR,,2012-01-01 00:00:00.000,8.53,
SURVEY,ANIMALS & PRODUCTS,LIVESTOCK,HOGS,ALL CLASSES,ALL PRODUCTION PRACTICES,ALL UTILIZATION PRACTICES,PRICE RECEIVED,$ / CWT,"HOGS - PRICE RECEIVED, MEASURED IN $ / CWT",TOTAL,NOT SPECIFIED,NATIONAL,,99,US,US TOTAL,,,,,,,,0,,,9000,UNITED STATES,US TOTAL,1938,MONTHLY,4,4,APR,,2012-01-01 00:00:00.000,7.85,
SURVEY,ANIMALS & PRODUCTS,LIVESTOCK,HOGS,ALL CLASSES,ALL PRODUCTION PRACTICES,ALL UTILIZATION PRACTICES,PRICE RECEIVED,$ / CWT,"HOGS - PRICE RECEIVED, MEASURED IN $ / CWT",TOTAL,NOT SPECIFIED,NATIONAL,,99,US,US TOTAL,,,,,,,,0,,,9000,UNITED STATES,US TOTAL,1938,MONTHLY,5,5,MAY,,2012-01-01 00:00:00.000,7.43,
SURVEY,ANIMALS & PRODUCTS,LIVESTOCK,HOGS,ALL CLASSES,ALL PRODUCTION PRACTICES,ALL UTILIZATION PRACTICES,PRICE RECEIVED,$ / CWT,"HOGS - PRICE RECEIVED, MEASURED IN $ / CWT",TOTAL,NOT SPECIFIED,NATIONAL,,99,US,US TOTAL,,,,,,,,0,,,9000,UNITED STATES,US TOTAL,1938,MONTHLY,6,6,JUN,,2012-01-01 00:00:00.000,8.14,
SURVEY,ANIMALS & PRODUCTS,LIVESTOCK,HOGS,ALL CLASSES,ALL PRODUCTION PRACTICES,ALL UTILIZATION PRACTICES,PRICE RECEIVED,$ / CWT,"HOGS - PRICE RECEIVED, MEASURED IN $ / CWT",TOTAL,NOT SPECIFIED,NATIONAL,,99,US,US TOTAL,,,,,,,,0,,,9000,UNITED STATES,US TOTAL,1938,MONTHLY,7,7,JUL,,2012-01-01 00:00:00.000,8.71,
SURVEY,ANIMALS & PRODUCTS,LIVESTOCK,HOGS,ALL CLASSES,ALL PRODUCTION PRACTICES,ALL UTILIZATION PRACTICES,PRICE RECEIVED,$ / CWT,"HOGS - PRICE RECEIVED, MEASURED IN $ / CWT",TOTAL,NOT SPECIFIED,NATIONAL,,99,US,US TOTAL,,,,,,,,0,,,9000,UNITED STATES,US TOTAL,1938,MONTHLY,8,8,AUG,,2012-01-01 00:00:00.000,7.85,
SURVEY,ANIMALS & PRODUCTS,LIVESTOCK,HOGS,ALL CLASSES,ALL PRODUCTION PRACTICES,ALL UTILIZATION PRACTICES,PRICE RECEIVED,$ / CWT,"HOGS - PRICE RECEIVED, MEASURED IN $ / CWT",TOTAL,NOT SPECIFIED,NATIONAL,,99,US,US TOTAL,,,,,,,,0,,,9000,UNITED STATES,US TOTAL,1938,MONTHLY,9,9,SEP,,2012-01-01 00:00:00.000,8.19,
SURVEY,ANIMALS & PRODUCTS,LIVESTOCK,HOGS,ALL CLASSES,ALL PRODUCTION PRACTICES,ALL UTILIZATION PRACTICES,PRICE RECEIVED,$ / CWT,"HOGS - PRICE RECEIVED, MEASURED IN $ / CWT",TOTAL,NOT SPECIFIED,NATIONAL,,99,US,US TOTAL,,,,,,,,0,,,9000,UNITED STATES,US TOTAL,1938,MONTHLY,10,10,OCT,,2012-01-01 00:00:00.000,7.25,
SURVEY,ANIMALS & PRODUCTS,LIVESTOCK,HOGS,ALL CLASSES,ALL PRODUCTION PRACTICES,ALL UTILIZATION PRACTICES,PRICE RECEIVED,$ / CWT,"HOGS - PRICE RECEIVED, MEASURED IN $ / CWT",TOTAL,NOT SPECIFIED,NATIONAL,,99,US,US TOTAL,,,,,,,,0,,,9000,UNITED STATES,US TOTAL,1938,MONTHLY,11,11,NOV,,2012-01-01 00:00:00.000,7.27,
SURVEY,ANIMALS & PRODUCTS,LIVESTOCK,HOGS,ALL CLASSES,ALL PRODUCTION PRACTICES,ALL UTILIZATION PRACTICES,PRICE RECEIVED,$ / CWT,"HOGS - PRICE RECEIVED, MEASURED IN $ / CWT",TOTAL,NOT SPECIFIED,NATIONAL,,99,US,US TOTAL,,,,,,,,0,,,9000,UNITED STATES,US TOTAL,1938,MONTHLY,12,12,DEC,,2012-01-01 00:00:00.000,6.91,
SURVEY,ANIMALS & PRODUCTS,LIVESTOCK,HOGS,ALL CLASSES,ALL PRODUCTION PRACTICES,ALL UTILIZATION PRACTICES,PRICE RECEIVED,$ / CWT,"HOGS - PRICE RECEIVED, MEASURED IN $ / CWT",TOTAL,NOT SPECIFIED,NATIONAL,,99,US,US TOTAL,,,,,,,,0,,,9000,UNITED STATES,US TOTAL,1937,MONTHLY,1,1,JAN,,2012-01-01 00:00:00.000,9.58,
SURVEY,ANIMALS & PRODUCTS,LIVESTOCK,HOGS,ALL CLASSES,ALL PRODUCTION PRACTICES,ALL UTILIZATION PRACTICES,PRICE RECEIVED,$ / CWT,"HOGS - PRICE RECEIVED, MEASURED IN $ / CWT",TOTAL,NOT SPECIFIED,NATIONAL,,99,US,US TOTAL,,,,,,,,0,,,9000,UNITED STATES,US TOTAL,1937,MONTHLY,2,2,FEB,,2012-01-01 00:00:00.000,9.38,
SURVEY,ANIMALS & PRODUCTS,LIVESTOCK,HOGS,ALL CLASSES,ALL PRODUCTION PRACTICES,ALL UTILIZATION PRACTICES,PRICE RECEIVED,$ / CWT,"HOGS - PRICE RECEIVED, MEASURED IN $ / CWT",TOTAL,NOT SPECIFIED,NATIONAL,,99,US,US TOTAL,,,,,,,,0,,,9000,UNITED STATES,US TOTAL,1937,MONTHLY,3,3,MAR,,2012-01-01 00:00:00.000,9.38,
SURVEY,ANIMALS & PRODUCTS,LIVESTOCK,HOGS,ALL CLASSES,ALL PRODUCTION PRACTICES,ALL UTILIZATION PRACTICES,PRICE RECEIVED,$ / CWT,"HOGS - PRICE RECEIVED, MEASURED IN $ / CWT",TOTAL,NOT SPECIFIED,NATIONAL,,99,US,US TOTAL,,,,,,,,0,,,9000,UNITED STATES,US TOTAL,1937,MONTHLY,4,4,APR,,2012-01-01 00:00:00.000,9.21,
SURVEY,ANIMALS & PRODUCTS,LIVESTOCK,HOGS,ALL CLASSES,ALL PRODUCTION PRACTICES,ALL UTILIZATION PRACTICES,PRICE RECEIVED,$ / CWT,"HOGS - PRICE RECEIVED, MEASURED IN $ / CWT",TOTAL,NOT SPECIFIED,NATIONAL,,99,US,US TOTAL,,,,,,,,0,,,9000,UNITED STATES,US TOTAL,1937,MONTHLY,5,5,MAY,,2012-01-01 00:00:00.000,9.63,
SURVEY,ANIMALS & PRODUCTS,LIVESTOCK,HOGS,ALL CLASSES,ALL PRODUCTION PRACTICES,ALL UTILIZATION PRACTICES,PRICE RECEIVED,$ / CWT,"HOGS - PRICE RECEIVED, MEASURED IN $ / CWT",TOTAL,NOT SPECIFIED,NATIONAL,,99,US,US TOTAL,,,,,,,,0,,,9000,UNITED STATES,US TOTAL,1937,MONTHLY,6,6,JUN,,2012-01-01 00:00:00.000,10.2,
SURVEY,ANIMALS & PRODUCTS,LIVESTOCK,HOGS,ALL CLASSES,ALL PRODUCTION PRACTICES,ALL UTILIZATION PRACTICES,PRICE RECEIVED,$ / CWT,"HOGS - PRICE RECEIVED, MEASURED IN $ / CWT",TOTAL,NOT SPECIFIED,NATIONAL,,99,US,US TOTAL,,,,,,,,0,,,9000,UNITED STATES,US TOTAL,1937,MONTHLY,7,7,JUL,,2012-01-01 00:00:00.000,11.0,
SURVEY,ANIMALS & PRODUCTS,LIVESTOCK,HOGS,ALL CLASSES,ALL PRODUCTION PRACTICES,ALL UTILIZATION PRACTICES,PRICE RECEIVED,$ / CWT,"HOGS - PRICE RECEIVED, MEASURED IN $ / CWT",TOTAL,NOT SPECIFIED,NATIONAL,,99,US,US TOTAL,,,,,,,,0,,,9000,UNITED STATES,US TOTAL,1937,MONTHLY,8,8,AUG,,2012-01-01 00:00:00.000,11.8,
SURVEY,ANIMALS & PRODUCTS,LIVESTOCK,HOGS,ALL CLASSES,ALL PRODUCTION PRACTICES,ALL UTILIZATION PRACTICES,PRICE RECEIVED,$ / CWT,"HOGS - PRICE RECEIVED, MEASURED IN $ / CWT",TOTAL,NOT SPECIFIED,NATIONAL,,99,US,US TOTAL,,,,,,,,0,,,9000,UNITED STATES,US TOTAL,1937,MONTHLY,9,9,SEP,,2012-01-01 00:00:00.000,10.8,
SURVEY,ANIMALS & PRODUCTS,LIVESTOCK,HOGS,ALL CLASSES,ALL PRODUCTION PRACTICES,ALL UTILIZATION PRACTICES,PRICE RECEIVED,$ / CWT,"HOGS - PRICE RECEIVED, MEASURED IN $ / CWT",TOTAL,NOT SPECIFIED,NATIONAL,,99,US,US TOTAL,,,,,,,,0,,,9000,UNITED STATES,US TOTAL,1937,MONTHLY,10,10,OCT,,2012-01-01 00:00:00.000,9.92,
SURVEY,ANIMALS & PRODUCTS,LIVESTOCK,HOGS,ALL CLASSES,ALL PRODUCTION PRACTICES,ALL UTILIZATION PRACTICES,PRICE RECEIVED,$ / CWT,"HOGS - PRICE RECEIVED, MEASURED IN $ / CWT",TOTAL,NOT SPECIFIED,NATIONAL,,99,US,US TOTAL,,,,,,,,0,,,9000,UNITED STATES,US TOTAL,1937,MONTHLY,11,11,NOV,,2012-01-01 00:00:00.000,8.26,
SURVEY,ANIMALS & PRODUCTS,LIVESTOCK,HOGS,ALL CLASSES,ALL PRODUCTION PRACTICES,ALL UTILIZATION PRACTICES,PRICE RECEIVED,$ / CWT,"HOGS - PRICE RECEIVED, MEASURED IN $ / CWT",TOTAL,NOT SPECIFIED,NATIONAL,,99,US,US TOTAL,,,,,,,,0,,,9000,UNITED STATES,US TOTAL,1937,MONTHLY,12,12,DEC,,2012-01-01 00:00:00.000,7.55,
SURVEY,ANIMALS & PRODUCTS,LIVESTOCK,HOGS,ALL CLASSES,ALL PRODUCTION PRACTICES,ALL UTILIZATION PRACTICES,PRICE RECEIVED,$ / CWT,"HOGS - PRICE RECEIVED, MEASURED IN $ / CWT",TOTAL,NOT SPECIFIED,NATIONAL,,99,US,US TOTAL,,,,,,,,0,,,9000,UNITED STATES,US TOTAL,1936,MONTHLY,1,1,JAN,,2012-01-01 00:00:00.000,9.09,
SURVEY,ANIMALS & PRODUCTS,LIVESTOCK,HOGS,ALL CLASSES,ALL PRODUCTION PRACTICES,ALL UTILIZATION PRACTICES,PRICE RECEIVED,$ / CWT,"HOGS - PRICE RECEIVED, MEASURED IN $ / CWT",TOTAL,NOT SPECIFIED,NATIONAL,,99,US,US TOTAL,,,,,,,,0,,,9000,UNITED STATES,US TOTAL,1936,MONTHLY,2,2,FEB,,2012-01-01 00:00:00.000,9.62,
SURVEY,ANIMALS & PRODUCTS,LIVESTOCK,HOGS,ALL CLASSES,ALL PRODUCTION PRACTICES,ALL UTILIZATION PRACTICES,PRICE RECEIVED,$ / CWT,"HOGS - PRICE RECEIVED, MEASURED IN $ / CWT",TOTAL,NOT SPECIFIED,NATIONAL,,99,US,US TOTAL,,,,,,,,0,,,9000,UNITED STATES,US TOTAL,1936,MONTHLY,3,3,MAR,,2012-01-01 00:00:00.000,9.44,
SURVEY,ANIMALS & PRODUCTS,LIVESTOCK,HOGS,ALL CLASSES,ALL PRODUCTION PRACTICES,ALL UTILIZATION PRACTICES,PRICE RECEIVED,$ / CWT,"HOGS - PRICE RECEIVED, MEASURED IN $ / CWT",TOTAL,NOT SPECIFIED,NATIONAL,,99,US,US TOTAL,,,,,,,,0,,,9000,UNITED STATES,US TOTAL,1936,MONTHLY,4,4,APR,,2012-01-01 00:00:00.000,9.68,
SURVEY,ANIMALS & PRODUCTS,LIVESTOCK,HOGS,ALL CLASSES,ALL PRODUCTION PRACTICES,ALL UTILIZATION PRACTICES,PRICE RECEIVED,$ / CWT,"HOGS - PRICE RECEIVED, MEASURED IN $ / CWT",TOTAL,NOT SPECIFIED,NATIONAL,,99,US,US TOTAL,,,,,,,,0,,,9000,UNITED STATES,US TOTAL,1936,MONTHLY,5,5,MAY,,2012-01-01 00:00:00.000,8.71,
SURVEY,ANIMALS & PRODUCTS,LIVESTOCK,HOGS,ALL CLASSES,ALL PRODUCTION PRACTICES,ALL UTILIZATION PRACTICES,PRICE RECEIVED,$ / CWT,"HOGS - PRICE RECEIVED, MEASURED IN $ / CWT",TOTAL,NOT SPECIFIED,NATIONAL,,99,US,US TOTAL,,,,,,,,0,,,9000,UNITED STATES,US TOTAL,1936,MONTHLY,6,6,JUN,,2012-01-01 00:00:00.000,9.1,
SURVEY,ANIMALS & PRODUCTS,LIVESTOCK,HOGS,ALL CLASSES,ALL PRODUCTION PRACTICES,ALL UTILIZATION PRACTICES,PRICE RECEIVED,$ / CWT,"HOGS - PRICE RECEIVED, MEASURED IN $ / CWT",TOTAL,NOT SPECIFIED,NATIONAL,,99,US,US TOTAL,,,,,,,,0,,,9000,UNITED STATES,US TOTAL,1936,MONTHLY,7,7,JUL,,2012-01-01 00:00:00.000,9.84,
SURVEY,ANIMALS & PRODUCTS,LIVESTOCK,HOGS,ALL CLASSES,ALL PRODUCTION PRACTICES,ALL UTILIZATION PRACTICES,PRICE RECEIVED,$ / CWT,"HOGS - PRICE RECEIVED, MEASURED IN $ / CWT",TOTAL,NOT SPECIFIED,NATIONAL,,99,US,US TOTAL,,,,,,,,0,,,9000,UNITED STATES,US TOTAL,1936,MONTHLY,8,8,AUG,,2012-01-01 00:00:00.000,10.1,
SURVEY,ANIMALS & PRODUCTS,LIVESTOCK,HOGS,ALL CLASSES,ALL PRODUCTION PRACTICES,ALL UTILIZATION PRACTICES,PRICE RECEIVED,$ / CWT,"HOGS - PRICE RECEIVED, MEASURED IN $ / CWT",TOTAL,NOT SPECIFIED,NATIONAL,,99,US,US TOTAL,,,,,,,,0,,,9000,UNITED STATES,US TOTAL,1936,MONTHLY,9,9,SEP,,2012-01-01 00:00:00.000,9.84,
SURVEY,ANIMALS & PRODUCTS,LIVESTOCK,HOGS,ALL CLASSES,ALL PRODUCTION PRACTICES,ALL UTILIZATION PRACTICES,PRICE RECEIVED,$ / CWT,"HOGS - PRICE RECEIVED, MEASURED IN $ / CWT",TOTAL,NOT SPECIFIED,NATIONAL,,99,US,US TOTAL,,,,,,,,0,,,9000,UNITED STATES,US TOTAL,1936,MONTHLY,10,10,OCT,,2012-01-01 00:00:00.000,9.24,
SURVEY,ANIMALS & PRODUCTS,LIVESTOCK,HOGS,ALL CLASSES,ALL PRODUCTION PRACTICES,ALL UTILIZATION PRACTICES,PRICE RECEIVED,$ / CWT,"HOGS - PRICE RECEIVED, MEASURED IN $ / CWT",TOTAL,NOT SPECIFIED,NATIONAL,,99,US,US TOTAL,,,,,,,,0,,,9000,UNITED STATES,US TOTAL,1936,MONTHLY,11,11,NOV,,2012-01-01 00:00:00.000,8.78,
SURVEY,ANIMALS & PRODUCTS,LIVESTOCK,HOGS,ALL CLASSES,ALL PRODUCTION PRACTICES,ALL UTILIZATION PRACTICES,PRICE RECEIVED,$ / CWT,"HOGS - PRICE RECEIVED, MEASURED IN $ / CWT",TOTAL,NOT SPECIFIED,NATIONAL,,99,US,US TOTAL,,,,,,,,0,,,9000,UNITED STATES,US TOTAL,1936,MONTHLY,12,12,DEC,,2012-01-01 00:00:00.000,9.19,
SURVEY,ANIMALS & PRODUCTS,LIVESTOCK,HOGS,ALL CLASSES,ALL PRODUCTION PRACTICES,ALL UTILIZATION PRACTICES,PRICE RECEIVED,$ / CWT,"HOGS - PRICE RECEIVED, MEASURED IN $ / CWT",TOTAL,NOT SPECIFIED,NATIONAL,,99,US,US TOTAL,,,,,,,,0,,,9000,UNITED STATES,US TOTAL,1935,MONTHLY,1,1,JAN,,2012-01-01 00:00:00.000,7.05,
SURVEY,ANIMALS & PRODUCTS,LIVESTOCK,HOGS,ALL CLASSES,ALL PRODUCTION PRACTICES,ALL UTILIZATION PRACTICES,PRICE RECEIVED,$ / CWT,"HOGS - PRICE RECEIVED, MEASURED IN $ / CWT",TOTAL,NOT SPECIFIED,NATIONAL,,99,US,US TOTAL,,,,,,,,0,,,9000,UNITED STATES,US TOTAL,1935,MONTHLY,2,2,FEB,,2012-01-01 00:00:00.000,7.36,
SURVEY,ANIMALS & PRODUCTS,LIVESTOCK,HOGS,ALL CLASSES,ALL PRODUCTION PRACTICES,ALL UTILIZATION PRACTICES,PRICE RECEIVED,$ / CWT,"HOGS - PRICE RECEIVED, MEASURED IN $ / CWT",TOTAL,NOT SPECIFIED,NATIONAL,,99,US,US TOTAL,,,,,,,,0,,,9000,UNITED STATES,US TOTAL,1935,MONTHLY,3,3,MAR,,2012-01-01 00:00:00.000,8.46,
SURVEY,ANIMALS & PRODUCTS,LIVESTOCK,HOGS,ALL CLASSES,ALL PRODUCTION PRACTICES,ALL UTILIZATION PRACTICES,PRICE RECEIVED,$ / CWT,"HOGS - PRICE RECEIVED, MEASURED IN $ / CWT",TOTAL,NOT SPECIFIED,NATIONAL,,99,US,US TOTAL,,,,,,,,0,,,9000,UNITED STATES,US TOTAL,1935,MONTHLY,4,4,APR,,2012-01-01 00:00:00.000,8.17,
SURVEY,ANIMALS & PRODUCTS,LIVESTOCK,HOGS,ALL CLASSES,ALL PRODUCTION PRACTICES,ALL UTILIZATION PRACTICES,PRICE RECEIVED,$ / CWT,"HOGS - PRICE RECEIVED, MEASURED IN $ / CWT",TOTAL,NOT SPECIFIED,NATIONAL,,99,US,US TOTAL,,,,,,,,0,,,9000,UNITED STATES,US TOTAL,1935,MONTHLY,5,5,MAY,,2012-01-01 00:00:00.000,8.23,
SURVEY,ANIMALS & PRODUCTS,LIVESTOCK,HOGS,ALL CLASSES,ALL PRODUCTION PRACTICES,ALL UTILIZATION PRACTICES,PRICE RECEIVED,$ / CWT,"HOGS - PRICE RECEIVED, MEASURED IN $ / CWT",TOTAL,NOT SPECIFIED,NATIONAL,,99,US,US TOTAL,,,,,,,,0,,,9000,UNITED STATES,US TOTAL,1935,MONTHLY,6,6,JUN,,2012-01-01 00:00:00.000,8.66,
SURVEY,ANIMALS & PRODUCTS,LIVESTOCK,HOGS,ALL CLASSES,ALL PRODUCTION PRACTICES,ALL UTILIZATION PRACTICES,PRICE RECEIVED,$ / CWT,"HOGS - PRICE RECEIVED, MEASURED IN $ / CWT",TOTAL,NOT SPECIFIED,NATIONAL,,99,US,US TOTAL,,,,,,,,0,,,9000,UNITED STATES,US TOTAL,1935,MONTHLY,7,7,JUL,,2012-01-01 00:00:00.000,8.72,
SURVEY,ANIMALS & PRODUCTS,LIVESTOCK,HOGS,ALL CLASSES,ALL PRODUCTION PRACTICES,ALL UTILIZATION PRACTICES,PRICE RECEIVED,$ / CWT,"HOGS - PRICE RECEIVED, MEASURED IN $ / CWT",TOTAL,NOT SPECIFIED,NATIONAL,,99,US,US TOTAL,,,,,,,,0,,,9000,UNITED STATES,US TOTAL,1935,MONTHLY,8,8,AUG,,2012-01-01 00:00:00.000,10.6,
SURVEY,ANIMALS & PRODUCTS,LIVESTOCK,HOGS,ALL CLASSES,ALL PRODUCTION PRACTICES,ALL UTILIZATION PRACTICES,PRICE RECEIVED,$ / CWT,"HOGS - PRICE RECEIVED, MEASURED IN $ / CWT",TOTAL,NOT SPECIFIED,NATIONAL,,99,US,US TOTAL,,,,,,,,0,,,9000,UNITED STATES,US TOTAL,1935,MONTHLY,9,9,SEP,,2012-01-01 00:00:00.000,10.6,
SURVEY,ANIMALS & PRODUCTS,LIVESTOCK,HOGS,ALL CLASSES,ALL PRODUCTION PRACTICES,ALL UTILIZATION PRACTICES,PRICE RECEIVED,$ / CWT,"HOGS - PRICE RECEIVED, MEASURED IN $ / CWT",TOTAL,NOT SPECIFIED,NATIONAL,,99,US,US TOTAL,,,,,,,,0,,,9000,UNITED STATES,US TOTAL,1935,MONTHLY,10,10,OCT,,2012-01-01 00:00:00.000,9.71,
SURVEY,ANIMALS & PRODUCTS,LIVESTOCK,HOGS,ALL CLASSES,ALL PRODUCTION PRACTICES,ALL UTILIZATION PRACTICES,PRICE RECEIVED,$ / CWT,"HOGS - PRICE RECEIVED, MEASURED IN $ / CWT",TOTAL,NOT SPECIFIED,NATIONAL,,99,US,US TOTAL,,,,,,,,0,,,9000,UNITED STATES,US TOTAL,1935,MONTHLY,11,11,NOV,,2012-01-01 00:00:00.000,8.57,
SURVEY,ANIMALS & PRODUCTS,LIVESTOCK,HOGS,ALL CLASSES,ALL PRODUCTION PRACTICES,ALL UTILIZATION PRACTICES,PRICE RECEIVED,$ / CWT,"HOGS - PRICE RECEIVED, MEASURED IN $ / CWT",TOTAL,NOT SPECIFIED,NATIONAL,,99,US,US TOTAL,,,,,,,,0,,,9000,UNITED STATES,US TOTAL,1935,MONTHLY,12,12,DEC,,2012-01-01 00:00:00.000,8.8,
SURVEY,ANIMALS & PRODUCTS,LIVESTOCK,HOGS,ALL CLASSES,ALL PRODUCTION PRACTICES,ALL UTILIZATION PRACTICES,PRICE RECEIVED,$ / CWT,"HOGS - PRICE RECEIVED, MEASURED IN $ / CWT",TOTAL,NOT SPECIFIED,NATIONAL,,99,US,US TOTAL,,,,,,,,0,,,9000,UNITED STATES,US TOTAL,1934,MONTHLY,1,1,JAN,,2012-01-01 00:00:00.000,2.95,
SURVEY,ANIMALS & PRODUCTS,LIVESTOCK,HOGS,ALL CLASSES,ALL PRODUCTION PRACTICES,ALL UTILIZATION PRACTICES,PRICE RECEIVED,$ / CWT,"HOGS - PRICE RECEIVED, MEASURED IN $ / CWT",TOTAL,NOT SPECIFIED,NATIONAL,,99,US,US TOTAL,,,,,,,,0,,,9000,UNITED STATES,US TOTAL,1934,MONTHLY,2,2,FEB,,2012-01-01 00:00:00.000,3.86,
SURVEY,ANIMALS & PRODUCTS,LIVESTOCK,HOGS,ALL CLASSES,ALL PRODUCTION PRACTICES,ALL UTILIZATION PRACTICES,PRICE RECEIVED,$ / CWT,"HOGS - PRICE RECEIVED, MEASURED IN $ / CWT",TOTAL,NOT SPECIFIED,NATIONAL,,99,US,US TOTAL,,,,,,,,0,,,9000,UNITED STATES,US TOTAL,1934,MONTHLY,3,3,MAR,,2012-01-01 00:00:00.000,3.85,
SURVEY,ANIMALS & PRODUCTS,LIVESTOCK,HOGS,ALL CLASSES,ALL PRODUCTION PRACTICES,ALL UTILIZATION PRACTICES,PRICE RECEIVED,$ / CWT,"HOGS - PRICE RECEIVED, MEASURED IN $ / CWT",TOTAL,NOT SPECIFIED,NATIONAL,,99,US,US TOTAL,,,,,,,,0,,,9000,UNITED STATES,US TOTAL,1934,MONTHLY,4,4,APR,,2012-01-01 00:00:00.000,3.42,
SURVEY,ANIMALS & PRODUCTS,LIVESTOCK,HOGS,ALL CLASSES,ALL PRODUCTION PRACTICES,ALL UTILIZATION PRACTICES,PRICE RECEIVED,$ / CWT,"HOGS - PRICE RECEIVED, MEASURED IN $ / CWT",TOTAL,NOT SPECIFIED,NATIONAL,,99,US,US TOTAL,,,,,,,,0,,,9000,UNITED STATES,US TOTAL,1934,MONTHLY,5,5,MAY,,2012-01-01 00:00:00.000,3.06,
SURVEY,ANIMALS & PRODUCTS,LIVESTOCK,HOGS,ALL CLASSES,ALL PRODUCTION PRACTICES,ALL UTILIZATION PRACTICES,PRICE RECEIVED,$ / CWT,"HOGS - PRICE RECEIVED, MEASURED IN $ / CWT",TOTAL,NOT SPECIFIED,NATIONAL,,99,US,US TOTAL,,,,,,,,0,,,9000,UNITED STATES,US TOTAL,1934,MONTHLY,6,6,JUN,,2012-01-01 00:00:00.000,3.48,
SURVEY,ANIMALS & PRODUCTS,LIVESTOCK,HOGS,ALL CLASSES,ALL PRODUCTION PRACTICES,ALL UTILIZATION PRACTICES,PRICE RECEIVED,$ / CWT,"HOGS - PRICE RECEIVED, MEASURED IN $ / CWT",TOTAL,NOT SPECIFIED,NATIONAL,,99,US,US TOTAL,,,,,,,,0,,,9000,UNITED STATES,US TOTAL,1934,MONTHLY,7,7,JUL,,2012-01-01 00:00:00.000,3.98,
SURVEY,ANIMALS & PRODUCTS,LIVESTOCK,HOGS,ALL CLASSES,ALL PRODUCTION PRACTICES,ALL UTILIZATION PRACTICES,PRICE RECEIVED,$ / CWT,"HOGS - PRICE RECEIVED, MEASURED IN $ / CWT",TOTAL,NOT SPECIFIED,NATIONAL,,99,US,US TOTAL,,,,,,,,0,,,9000,UNITED STATES,US TOTAL,1934,MONTHLY,8,8,AUG,,2012-01-01 00:00:00.000,4.68,
SURVEY,ANIMALS & PRODUCTS,LIVESTOCK,HOGS,ALL CLASSES,ALL PRODUCTION PRACTICES,ALL UTILIZATION PRACTICES,PRICE RECEIVED,$ / CWT,"HOGS - PRICE RECEIVED, MEASURED IN $ / CWT",TOTAL,NOT SPECIFIED,NATIONAL,,99,US,US TOTAL,,,,,,,,0,,,9000,UNITED STATES,US TOTAL,1934,MONTHLY,9,9,SEP,,2012-01-01 00:00:00.000,6.1,
SURVEY,ANIMALS & PRODUCTS,LIVESTOCK,HOGS,ALL CLASSES,ALL PRODUCTION PRACTICES,ALL UTILIZATION PRACTICES,PRICE RECEIVED,$ / CWT,"HOGS - PRICE RECEIVED, MEASURED IN $ / CWT",TOTAL,NOT SPECIFIED,NATIONAL,,99,US,US TOTAL,,,,,,,,0,,,9000,UNITED STATES,US TOTAL,1934,MONTHLY,10,10,OCT,,2012-01-01 00:00:00.000,5.13,
SURVEY,ANIMALS & PRODUCTS,LIVESTOCK,HOGS,ALL CLASSES,ALL PRODUCTION PRACTICES,ALL UTILIZATION PRACTICES,PRICE RECEIVED,$ / CWT,"HOGS - PRICE RECEIVED, MEASURED IN $ / CWT",TOTAL,NOT SPECIFIED,NATIONAL,,99,US,US TOTAL,,,,,,,,0,,,9000,UNITED STATES,US TOTAL,1934,MONTHLY,11,11,NOV,,2012-01-01 00:00:00.000,4.98,
SURVEY,ANIMALS & PRODUCTS,LIVESTOCK,HOGS,ALL CLASSES,ALL PRODUCTION PRACTICES,ALL UTILIZATION PRACTICES,PRICE RECEIVED,$ / CWT,"HOGS - PRICE RECEIVED, MEASURED IN $ / CWT",TOTAL,NOT SPECIFIED,NATIONAL,,99,US,US TOTAL,,,,,,,,0,,,9000,UNITED STATES,US TOTAL,1934,MONTHLY,12,12,DEC,,2012-01-01 00:00:00.000,5.1,
SURVEY,ANIMALS & PRODUCTS,LIVESTOCK,HOGS,ALL CLASSES,ALL PRODUCTION PRACTICES,ALL UTILIZATION PRACTICES,PRICE RECEIVED,$ / CWT,"HOGS - PRICE RECEIVED, MEASURED IN $ / CWT",TOTAL,NOT SPECIFIED,NATIONAL,,99,US,US TOTAL,,,,,,,,0,,,9000,UNITED STATES,US TOTAL,1933,MONTHLY,1,1,JAN,,2012-01-01 00:00:00.000,2.59,
SURVEY,ANIMALS & PRODUCTS,LIVESTOCK,HOGS,ALL CLASSES,ALL PRODUCTION PRACTICES,ALL UTILIZATION PRACTICES,PRICE RECEIVED,$ / CWT,"HOGS - PRICE RECEIVED, MEASURED IN $ / CWT",TOTAL,NOT SPECIFIED,NATIONAL,,99,US,US TOTAL,,,,,,,,0,,,9000,UNITED STATES,US TOTAL,1933,MONTHLY,2,2,FEB,,2012-01-01 00:00:00.000,2.92,
SURVEY,ANIMALS & PRODUCTS,LIVESTOCK,HOGS,ALL CLASSES,ALL PRODUCTION PRACTICES,ALL UTILIZATION PRACTICES,PRICE RECEIVED,$ / CWT,"HOGS - PRICE RECEIVED, MEASURED IN $ / CWT",TOTAL,NOT SPECIFIED,NATIONAL,,99,US,US TOTAL,,,,,,,,0,,,9000,UNITED STATES,US TOTAL,1933,MONTHLY,3,3,MAR,,2012-01-01 00:00:00.000,3.21,
SURVEY,ANIMALS & PRODUCTS,LIVESTOCK,HOGS,ALL CLASSES,ALL PRODUCTION PRACTICES,ALL UTILIZATION PRACTICES,PRICE RECEIVED,$ / CWT,"HOGS - PRICE RECEIVED, MEASURED IN $ / CWT",TOTAL,NOT SPECIFIED,NATIONAL,,99,US,US TOTAL,,,,,,,,0,,,9000,UNITED STATES,US TOTAL,1933,MONTHLY,4,4,APR,,2012-01-01 00:00:00.000,3.2,
SURVEY,ANIMALS & PRODUCTS,LIVESTOCK,HOGS,ALL CLASSES,ALL PRODUCTION PRACTICES,ALL UTILIZATION PRACTICES,PRICE RECEIVED,$ / CWT,"HOGS - PRICE RECEIVED, MEASURED IN $ / CWT",TOTAL,NOT SPECIFIED,NATIONAL,,99,US,US TOTAL,,,,,,,,0,,,9000,UNITED STATES,US TOTAL,1933,MONTHLY,5,5,MAY,,2012-01-01 00:00:00.000,3.94,
SURVEY,ANIMALS & PRODUCTS,LIVESTOCK,HOGS,ALL CLASSES,ALL PRODUCTION PRACTICES,ALL UTILIZATION PRACTICES,PRICE RECEIVED,$ / CWT,"HOGS - PRICE RECEIVED, MEASURED IN $ / CWT",TOTAL,NOT SPECIFIED,NATIONAL,,99,US,US TOTAL,,,,,,,,0,,,9000,UNITED STATES,US TOTAL,1933,MONTHLY,6,6,JUN,,2012-01-01 00:00:00.000,3.99,
SURVEY,ANIMALS & PRODUCTS,LIVESTOCK,HOGS,ALL CLASSES,ALL PRODUCTION PRACTICES,ALL UTILIZATION PRACTICES,PRICE RECEIVED,$ / CWT,"HOGS - PRICE RECEIVED, MEASURED IN $ / CWT",TOTAL,NOT SPECIFIED,NATIONAL,,99,US,US TOTAL,,,,,,,,0,,,9000,UNITED STATES,US TOTAL,1933,MONTHLY,7,7,JUL,,2012-01-01 00:00:00.000,4.0,
SURVEY,ANIMALS & PRODUCTS,LIVESTOCK,HOGS,ALL CLASSES,ALL PRODUCTION PRACTICES,ALL UTILIZATION PRACTICES,PRICE RECEIVED,$ / CWT,"HOGS - PRICE RECEIVED, MEASURED IN $ / CWT",TOTAL,NOT SPECIFIED,NATIONAL,,99,US,US TOTAL,,,,,,,,0,,,9000,UNITED STATES,US TOTAL,1933,MONTHLY,8,8,AUG,,2012-01-01 00:00:00.000,3.77,
SURVEY,ANIMALS & PRODUCTS,LIVESTOCK,HOGS,ALL CLASSES,ALL PRODUCTION PRACTICES,ALL UTILIZATION PRACTICES,PRICE RECEIVED,$ / CWT,"HOGS - PRICE RECEIVED, MEASURED IN $ / CWT",TOTAL,NOT SPECIFIED,NATIONAL,,99,US,US TOTAL,,,,,,,,0,,,9000,UNITED STATES,US TOTAL,1933,MONTHLY,9,9,SEP,,2012-01-01 00:00:00.000,3.7,
SURVEY,ANIMALS & PRODUCTS,LIVESTOCK,HOGS,ALL CLASSES,ALL PRODUCTION PRACTICES,ALL UTILIZATION PRACTICES,PRICE RECEIVED,$ / CWT,"HOGS - PRICE RECEIVED, MEASURED IN $ / CWT",TOTAL,NOT SPECIFIED,NATIONAL,,99,US,US TOTAL,,,,,,,,0,,,9000,UNITED STATES,US TOTAL,1933,MONTHLY,10,10,OCT,,2012-01-01 00:00:00.000,4.19,
SURVEY,ANIMALS & PRODUCTS,LIVESTOCK,HOGS,ALL CLASSES,ALL PRODUCTION PRACTICES,ALL UTILIZATION PRACTICES,PRICE RECEIVED,$ / CWT,"HOGS - PRICE RECEIVED, MEASURED IN $ / CWT",TOTAL,NOT SPECIFIED,NATIONAL,,99,US,US TOTAL,,,,,,,,0,,,9000,UNITED STATES,US TOTAL,1933,MONTHLY,11,11,NOV,,2012-01-01 00:00:00.000,3.66,
SURVEY,ANIMALS & PRODUCTS,LIVESTOCK,HOGS,ALL CLASSES,ALL PRODUCTION PRACTICES,ALL UTILIZATION PRACTICES,PRICE RECEIVED,$ / CWT,"HOGS - PRICE RECEIVED, MEASURED IN $ / CWT",TOTAL,NOT SPECIFIED,NATIONAL,,99,US,US TOTAL,,,,,,,,0,,,9000,UNITED STATES,US TOTAL,1933,MONTHLY,12,12,DEC,,2012-01-01 00:00:00.000,2.7,
SURVEY,ANIMALS & PRODUCTS,LIVESTOCK,HOGS,ALL CLASSES,ALL PRODUCTION PRACTICES,ALL UTILIZATION PRACTICES,PRICE RECEIVED,$ / CWT,"HOGS - PRICE RECEIVED, MEASURED IN $ / CWT",TOTAL,NOT SPECIFIED,NATIONAL,,99,US,US TOTAL,,,,,,,,0,,,9000,UNITED STATES,US TOTAL,1932,MONTHLY,1,1,JAN,,2012-01-01 00:00:00.000,3.61,
SURVEY,ANIMALS & PRODUCTS,LIVESTOCK,HOGS,ALL CLASSES,ALL PRODUCTION PRACTICES,ALL UTILIZATION PRACTICES,PRICE RECEIVED,$ / CWT,"HOGS - PRICE RECEIVED, MEASURED IN $ / CWT",TOTAL,NOT SPECIFIED,NATIONAL,,99,US,US TOTAL,,,,,,,,0,,,9000,UNITED STATES,US TOTAL,1932,MONTHLY,2,2,FEB,,2012-01-01 00:00:00.000,3.4,
SURVEY,ANIMALS & PRODUCTS,LIVESTOCK,HOGS,ALL CLASSES,ALL PRODUCTION PRACTICES,ALL UTILIZATION PRACTICES,PRICE RECEIVED,$ / CWT,"HOGS - PRICE RECEIVED, MEASURED IN $ / CWT",TOTAL,NOT SPECIFIED,NATIONAL,,99,US,US TOTAL,,,,,,,,0,,,9000,UNITED STATES,US TOTAL,1932,MONTHLY,3,3,MAR,,2012-01-01 00:00:00.000,3.87,
SURVEY,ANIMALS & PRODUCTS,LIVESTOCK,HOGS,ALL CLASSES,ALL PRODUCTION PRACTICES,ALL UTILIZATION PRACTICES,PRICE RECEIVED,$ / CWT,"HOGS - PRICE RECEIVED, MEASURED IN $ / CWT",TOTAL,NOT SPECIFIED,NATIONAL,,99,US,US TOTAL,,,,,,,,0,,,9000,UNITED STATES,US TOTAL,1932,MONTHLY,4,4,APR,,2012-01-01 00:00:00.000,3.51,
SURVEY,ANIMALS & PRODUCTS,LIVESTOCK,HOGS,ALL CLASSES,ALL PRODUCTION PRACTICES,ALL UTILIZATION PRACTICES,PRICE RECEIVED,$ / CWT,"HOGS - PRICE RECEIVED, MEASURED IN $ / CWT",TOTAL,NOT SPECIFIED,NATIONAL,,99,US,US TOTAL,,,,,,,,0,,,9000,UNITED STATES,US TOTAL,1932,MONTHLY,5,5,MAY,,2012-01-01 00:00:00.000,2.83,
SURVEY,ANIMALS & PRODUCTS,LIVESTOCK,HOGS,ALL CLASSES,ALL PRODUCTION PRACTICES,ALL UTILIZATION PRACTICES,PRICE RECEIVED,$ / CWT,"HOGS - PRICE RECEIVED, MEASURED IN $ / CWT",TOTAL,NOT SPECIFIED,NATIONAL,,99,US,US TOTAL,,,,,,,,0,,,9000,UNITED STATES,US TOTAL,1932,MONTHLY,6,6,JUN,,2012-01-01 00:00:00.000,2.71,
SURVEY,ANIMALS & PRODUCTS,LIVESTOCK,HOGS,ALL CLASSES,ALL PRODUCTION PRACTICES,ALL UTILIZATION PRACTICES,PRICE RECEIVED,$ / CWT,"HOGS - PRICE RECEIVED, MEASURED IN $ / CWT",TOTAL,NOT SPECIFIED,NATIONAL,,99,US,US TOTAL,,,,,,,,0,,,9000,UNITED STATES,US TOTAL,1932,MONTHLY,7,7,JUL,,2012-01-01 00:00:00.000,4.27,
SURVEY,ANIMALS & PRODUCTS,LIVESTOCK,HOGS,ALL CLASSES,ALL PRODUCTION PRACTICES,ALL UTILIZATION PRACTICES,PRICE RECEIVED,$ / CWT,"HOGS - PRICE RECEIVED, MEASURED IN $ / CWT",TOTAL,NOT SPECIFIED,NATIONAL,,99,US,US TOTAL,,,,,,,,0,,,9000,UNITED STATES,US TOTAL,1932,MONTHLY,8,8,AUG,,2012-01-01 00:00:00.000,4.05,
SURVEY,ANIMALS & PRODUCTS,LIVESTOCK,HOGS,ALL CLASSES,ALL PRODUCTION PRACTICES,ALL UTILIZATION PRACTICES,PRICE RECEIVED,$ / CWT,"HOGS - PRICE RECEIVED, MEASURED IN $ / CWT",TOTAL,NOT SPECIFIED,NATIONAL,,99,US,US TOTAL,,,,,,,,0,,,9000,UNITED STATES,US TOTAL,1932,MONTHLY,9,9,SEP,,2012-01-01 00:00:00.000,3.73,
SURVEY,ANIMALS & PRODUCTS,LIVESTOCK,HOGS,ALL CLASSES,ALL PRODUCTION PRACTICES,ALL UTILIZATION PRACTICES,PRICE RECEIVED,$ / CWT,"HOGS - PRICE RECEIVED, MEASURED IN $ / CWT",TOTAL,NOT SPECIFIED,NATIONAL,,99,US,US TOTAL,,,,,,,,0,,,9000,UNITED STATES,US TOTAL,1932,MONTHLY,10,10,OCT,,2012-01-01 00:00:00.000,3.14,
SURVEY,ANIMALS & PRODUCTS,LIVESTOCK,HOGS,ALL CLASSES,ALL PRODUCTION PRACTICES,ALL UTILIZATION PRACTICES,PRICE RECEIVED,$ / CWT,"HOGS - PRICE RECEIVED, MEASURED IN $ / CWT",TOTAL,NOT SPECIFIED,NATIONAL,,99,US,US TOTAL,,,,,,,,0,,,9000,UNITED STATES,US TOTAL,1932,MONTHLY,11,11,NOV,,2012-01-01 00:00:00.000,2.55,
SURVEY,ANIMALS & PRODUCTS,LIVESTOCK,HOGS,ALL CLASSES,ALL PRODUCTION PRACTICES,ALL UTILIZATION PRACTICES,PRICE RECEIVED,$ / CWT,"HOGS - PRICE RECEIVED, MEASURED IN $ / CWT",TOTAL,NOT SPECIFIED,NATIONAL,,99,US,US TOTAL,,,,,,,,0,,,9000,UNITED STATES,US TOTAL,1932,MONTHLY,12,12,DEC,,2012-01-01 00:00:00.000,2.6,
SURVEY,ANIMALS & PRODUCTS,LIVESTOCK,HOGS,ALL CLASSES,ALL PRODUCTION PRACTICES,ALL UTILIZATION PRACTICES,PRICE RECEIVED,$ / CWT,"HOGS - PRICE RECEIVED, MEASURED IN $ / CWT",TOTAL,NOT SPECIFIED,NATIONAL,,99,US,US TOTAL,,,,,,,,0,,,9000,UNITED STATES,US TOTAL,1931,MONTHLY,1,1,JAN,,2012-01-01 00:00:00.000,7.21,
SURVEY,ANIMALS & PRODUCTS,LIVESTOCK,HOGS,ALL CLASSES,ALL PRODUCTION PRACTICES,ALL UTILIZATION PRACTICES,PRICE RECEIVED,$ / CWT,"HOGS - PRICE RECEIVED, MEASURED IN $ / CWT",TOTAL,NOT SPECIFIED,NATIONAL,,99,US,US TOTAL,,,,,,,,0,,,9000,UNITED STATES,US TOTAL,1931,MONTHLY,2,2,FEB,,2012-01-01 00:00:00.000,6.74,
SURVEY,ANIMALS & PRODUCTS,LIVESTOCK,HOGS,ALL CLASSES,ALL PRODUCTION PRACTICES,ALL UTILIZATION PRACTICES,PRICE RECEIVED,$ / CWT,"HOGS - PRICE RECEIVED, MEASURED IN $ / CWT",TOTAL,NOT SPECIFIED,NATIONAL,,99,US,US TOTAL,,,,,,,,0,,,9000,UNITED STATES,US TOTAL,1931,MONTHLY,3,3,MAR,,2012-01-01 00:00:00.000,6.91,
SURVEY,ANIMALS & PRODUCTS,LIVESTOCK,HOGS,ALL CLASSES,ALL PRODUCTION PRACTICES,ALL UTILIZATION PRACTICES,PRICE RECEIVED,$ / CWT,"HOGS - PRICE RECEIVED, MEASURED IN $ / CWT",TOTAL,NOT SPECIFIED,NATIONAL,,99,US,US TOTAL,,,,,,,,0,,,9000,UNITED STATES,US TOTAL,1931,MONTHLY,4,4,APR,,2012-01-01 00:00:00.000,6.88,
SURVEY,ANIMALS & PRODUCTS,LIVESTOCK,HOGS,ALL CLASSES,ALL PRODUCTION PRACTICES,ALL UTILIZATION PRACTICES,PRICE RECEIVED,$ / CWT,"HOGS - PRICE RECEIVED, MEASURED IN $ / CWT",TOTAL,NOT SPECIFIED,NATIONAL,,99,US,US TOTAL,,,,,,,,0,,,9000,UNITED STATES,US TOTAL,1931,MONTHLY,5,5,MAY,,2012-01-01 00:00:00.000,6.26,
SURVEY,ANIMALS & PRODUCTS,LIVESTOCK,HOGS,ALL CLASSES,ALL PRODUCTION PRACTICES,ALL UTILIZATION PRACTICES,PRICE RECEIVED,$ / CWT,"HOGS - PRICE RECEIVED, MEASURED IN $ / CWT",TOTAL,NOT SPECIFIED,NATIONAL,,99,US,US TOTAL,,,,,,,,0,,,9000,UNITED STATES,US TOTAL,1931,MONTHLY,6,6,JUN,,2012-01-01 00:00:00.000,5.58,
SURVEY,ANIMALS & PRODUCTS,LIVESTOCK,HOGS,ALL CLASSES,ALL PRODUCTION PRACTICES,ALL UTILIZATION PRACTICES,PRICE RECEIVED,$ / CWT,"HOGS - PRICE RECEIVED, MEASURED IN $ / CWT",TOTAL,NOT SPECIFIED,NATIONAL,,99,US,US TOTAL,,,,,,,,0,,,9000,UNITED STATES,US TOTAL,1931,MONTHLY,7,7,JUL,,2012-01-01 00:00:00.000,6.16,
SURVEY,ANIMALS & PRODUCTS,LIVESTOCK,HOGS,ALL CLASSES,ALL PRODUCTION PRACTICES,ALL UTILIZATION PRACTICES,PRICE RECEIVED,$ / CWT,"HOGS - PRICE RECEIVED, MEASURED IN $ / CWT",TOTAL,NOT SPECIFIED,NATIONAL,,99,US,US TOTAL,,,,,,,,0,,,9000,UNITED STATES,US TOTAL,1931,MONTHLY,8,8,AUG,,2012-01-01 00:00:00.000,6.2,
SURVEY,ANIMALS & PRODUCTS,LIVESTOCK,HOGS,ALL CLASSES,ALL PRODUCTION PRACTICES,ALL UTILIZATION PRACTICES,PRICE RECEIVED,$ / CWT,"HOGS - PRICE RECEIVED, MEASURED IN $ / CWT",TOTAL,NOT SPECIFIED,NATIONAL,,99,US,US TOTAL,,,,,,,,0,,,9000,UNITED STATES,US TOTAL,1931,MONTHLY,9,9,SEP,,2012-01-01 00:00:00.000,5.35,
SURVEY,ANIMALS & PRODUCTS,LIVESTOCK,HOGS,ALL CLASSES,ALL PRODUCTION PRACTICES,ALL UTILIZATION PRACTICES,PRICE RECEIVED,$ / CWT,"HOGS - PRICE RECEIVED, MEASURED IN $ / CWT",TOTAL,NOT SPECIFIED,NATIONAL,,99,US,US TOTAL,,,,,,,,0,,,9000,UNITED STATES,US TOTAL,1931,MONTHLY,10,10,OCT,,2012-01-01 00:00:00.000,4.58,
SURVEY,ANIMALS & PRODUCTS,LIVESTOCK,HOGS,ALL CLASSES,ALL PRODUCTION PRACTICES,ALL UTILIZATION PRACTICES,PRICE RECEIVED,$ / CWT,"HOGS - PRICE RECEIVED, MEASURED IN $ / CWT",TOTAL,NOT SPECIFIED,NATIONAL,,99,US,US TOTAL,,,,,,,,0,,,9000,UNITED STATES,US TOTAL,1931,MONTHLY,11,11,NOV,,2012-01-01 00:00:00.000,4.21,
SURVEY,ANIMALS & PRODUCTS,LIVESTOCK,HOGS,ALL CLASSES,ALL PRODUCTION PRACTICES,ALL UTILIZATION PRACTICES,PRICE RECEIVED,$ / CWT,"HOGS - PRICE RECEIVED, MEASURED IN $ / CWT",TOTAL,NOT SPECIFIED,NATIONAL,,99,US,US TOTAL,,,,,,,,0,,,9000,UNITED STATES,US TOTAL,1931,MONTHLY,12,12,DEC,,2012-01-01 00:00:00.000,3.58,
SURVEY,ANIMALS & PRODUCTS,LIVESTOCK,HOGS,ALL CLASSES,ALL PRODUCTION PRACTICES,ALL UTILIZATION PRACTICES,PRICE RECEIVED,$ / CWT,"HOGS - PRICE RECEIVED, MEASURED IN $ / CWT",TOTAL,NOT SPECIFIED,NATIONAL,,99,US,US TOTAL,,,,,,,,0,,,9000,UNITED STATES,US TOTAL,1930,MONTHLY,1,1,JAN,,2012-01-01 00:00:00.000,8.84,
SURVEY,ANIMALS & PRODUCTS,LIVESTOCK,HOGS,ALL CLASSES,ALL PRODUCTION PRACTICES,ALL UTILIZATION PRACTICES,PRICE RECEIVED,$ / CWT,"HOGS - PRICE RECEIVED, MEASURED IN $ / CWT",TOTAL,NOT SPECIFIED,NATIONAL,,99,US,US TOTAL,,,,,,,,0,,,9000,UNITED STATES,US TOTAL,1930,MONTHLY,2,2,FEB,,2012-01-01 00:00:00.000,9.55,
SURVEY,ANIMALS & PRODUCTS,LIVESTOCK,HOGS,ALL CLASSES,ALL PRODUCTION PRACTICES,ALL UTILIZATION PRACTICES,PRICE RECEIVED,$ / CWT,"HOGS - PRICE RECEIVED, MEASURED IN $ / CWT",TOTAL,NOT SPECIFIED,NATIONAL,,99,US,US TOTAL,,,,,,,,0,,,9000,UNITED STATES,US TOTAL,1930,MONTHLY,3,3,MAR,,2012-01-01 00:00:00.000,9.71,
SURVEY,ANIMALS & PRODUCTS,LIVESTOCK,HOGS,ALL CLASSES,ALL PRODUCTION PRACTICES,ALL UTILIZATION PRACTICES,PRICE RECEIVED,$ / CWT,"HOGS - PRICE RECEIVED, MEASURED IN $ / CWT",TOTAL,NOT SPECIFIED,NATIONAL,,99,US,US TOTAL,,,,,,,,0,,,9000,UNITED STATES,US TOTAL,1930,MONTHLY,4,4,APR,,2012-01-01 00:00:00.000,9.26,
SURVEY,ANIMALS & PRODUCTS,LIVESTOCK,HOGS,ALL CLASSES,ALL PRODUCTION PRACTICES,ALL UTILIZATION PRACTICES,PRICE RECEIVED,$ / CWT,"HOGS - PRICE RECEIVED, MEASURED IN $ / CWT",TOTAL,NOT SPECIFIED,NATIONAL,,99,US,US TOTAL,,,,,,,,0,,,9000,UNITED STATES,US TOTAL,1930,MONTHLY,5,5,MAY,,2012-01-01 00:00:00.000,9.06,
SURVEY,ANIMALS & PRODUCTS,LIVESTOCK,HOGS,ALL CLASSES,ALL PRODUCTION PRACTICES,ALL UTILIZATION PRACTICES,PRICE RECEIVED,$ / CWT,"HOGS - PRICE RECEIVED, MEASURED IN $ / CWT",TOTAL,NOT SPECIFIED,NATIONAL,,99,US,US TOTAL,,,,,,,,0,,,9000,UNITED STATES,US TOTAL,1930,MONTHLY,6,6,JUN,,2012-01-01 00:00:00.000,9.17,
SURVEY,ANIMALS & PRODUCTS,LIVESTOCK,HOGS,ALL CLASSES,ALL PRODUCTION PRACTICES,ALL UTILIZATION PRACTICES,PRICE RECEIVED,$ / CWT,"HOGS - PRICE RECEIVED, MEASURED IN $ / CWT",TOTAL,NOT SPECIFIED,NATIONAL,,99,US,US TOTAL,,,,,,,,0,,,9000,UNITED STATES,US TOTAL,1930,MONTHLY,7,7,JUL,,2012-01-01 00:00:00.000,8.38,
SURVEY,ANIMALS & PRODUCTS,LIVESTOCK,HOGS,ALL CLASSES,ALL PRODUCTION PRACTICES,ALL UTILIZATION PRACTICES,PRICE RECEIVED,$ / CWT,"HOGS - PRICE RECEIVED, MEASURED IN $ / CWT",TOTAL,NOT SPECIFIED,NATIONAL,,99,US,US TOTAL,,,,,,,,0,,,9000,UNITED STATES,US TOTAL,1930,MONTHLY,8,8,AUG,,2012-01-01 00:00:00.000,8.58,
SURVEY,ANIMALS & PRODUCTS,LIVESTOCK,HOGS,ALL CLASSES,ALL PRODUCTION PRACTICES,ALL UTILIZATION PRACTICES,PRICE RECEIVED,$ / CWT,"HOGS - PRICE RECEIVED, MEASURED IN $ / CWT",TOTAL,NOT SPECIFIED,NATIONAL,,99,US,US TOTAL,,,,,,,,0,,,9000,UNITED STATES,US TOTAL,1930,MONTHLY,9,9,SEP,,2012-01-01 00:00:00.000,9.55,
SURVEY,ANIMALS & PRODUCTS,LIVESTOCK,HOGS,ALL CLASSES,ALL PRODUCTION PRACTICES,ALL UTILIZATION PRACTICES,PRICE RECEIVED,$ / CWT,"HOGS - PRICE RECEIVED, MEASURED IN $ / CWT",TOTAL,NOT SPECIFIED,NATIONAL,,99,US,US TOTAL,,,,,,,,0,,,9000,UNITED STATES,US TOTAL,1930,MONTHLY,10,10,OCT,,2012-01-01 00:00:00.000,8.82,
SURVEY,ANIMALS & PRODUCTS,LIVESTOCK,HOGS,ALL CLASSES,ALL PRODUCTION PRACTICES,ALL UTILIZATION PRACTICES,PRICE RECEIVED,$ / CWT,"HOGS - PRICE RECEIVED, MEASURED IN $ / CWT",TOTAL,NOT SPECIFIED,NATIONAL,,99,US,US TOTAL,,,,,,,,0,,,9000,UNITED STATES,US TOTAL,1930,MONTHLY,11,11,NOV,,2012-01-01 00:00:00.000,8.17,
SURVEY,ANIMALS & PRODUCTS,LIVESTOCK,HOGS,ALL CLASSES,ALL PRODUCTION PRACTICES,ALL UTILIZATION PRACTICES,PRICE RECEIVED,$ / CWT,"HOGS - PRICE RECEIVED, MEASURED IN $ / CWT",TOTAL,NOT SPECIFIED,NATIONAL,,99,US,US TOTAL,,,,,,,,0,,,9000,UNITED STATES,US TOTAL,1930,MONTHLY,12,12,DEC,,2012-01-01 00:00:00.000,7.4,
SURVEY,ANIMALS & PRODUCTS,LIVESTOCK,HOGS,ALL CLASSES,ALL PRODUCTION PRACTICES,ALL UTILIZATION PRACTICES,PRICE RECEIVED,$ / CWT,"HOGS - PRICE RECEIVED, MEASURED IN $ / CWT",TOTAL,NOT SPECIFIED,NATIONAL,,99,US,US TOTAL,,,,,,,,0,,,9000,UNITED STATES,US TOTAL,1929,MONTHLY,1,1,JAN,,2012-01-01 00:00:00.000,8.18,
SURVEY,ANIMALS & PRODUCTS,LIVESTOCK,HOGS,ALL CLASSES,ALL PRODUCTION PRACTICES,ALL UTILIZATION PRACTICES,PRICE RECEIVED,$ / CWT,"HOGS - PRICE RECEIVED, MEASURED IN $ / CWT",TOTAL,NOT SPECIFIED,NATIONAL,,99,US,US TOTAL,,,,,,,,0,,,9000,UNITED STATES,US TOTAL,1929,MONTHLY,2,2,FEB,,2012-01-01 00:00:00.000,8.99,
SURVEY,ANIMALS & PRODUCTS,LIVESTOCK,HOGS,ALL CLASSES,ALL PRODUCTION PRACTICES,ALL UTILIZATION PRACTICES,PRICE RECEIVED,$ / CWT,"HOGS - PRICE RECEIVED, MEASURED IN $ / CWT",TOTAL,NOT SPECIFIED,NATIONAL,,99,US,US TOTAL,,,,,,,,0,,,9000,UNITED STATES,US TOTAL,1929,MONTHLY,3,3,MAR,,2012-01-01 00:00:00.000,10.3,
SURVEY,ANIMALS & PRODUCTS,LIVESTOCK,HOGS,ALL CLASSES,ALL PRODUCTION PRACTICES,ALL UTILIZATION PRACTICES,PRICE RECEIVED,$ / CWT,"HOGS - PRICE RECEIVED, MEASURED IN $ / CWT",TOTAL,NOT SPECIFIED,NATIONAL,,99,US,US TOTAL,,,,,,,,0,,,9000,UNITED STATES,US TOTAL,1929,MONTHLY,4,4,APR,,2012-01-01 00:00:00.000,10.5,
SURVEY,ANIMALS & PRODUCTS,LIVESTOCK,HOGS,ALL CLASSES,ALL PRODUCTION PRACTICES,ALL UTILIZATION PRACTICES,PRICE RECEIVED,$ / CWT,"HOGS - PRICE RECEIVED, MEASURED IN $ / CWT",TOTAL,NOT SPECIFIED,NATIONAL,,99,US,US TOTAL,,,,,,,,0,,,9000,UNITED STATES,US TOTAL,1929,MONTHLY,5,5,MAY,,2012-01-01 00:00:00.000,10.1,
SURVEY,ANIMALS & PRODUCTS,LIVESTOCK,HOGS,ALL CLASSES,ALL PRODUCTION PRACTICES,ALL UTILIZATION PRACTICES,PRICE RECEIVED,$ / CWT,"HOGS - PRICE RECEIVED, MEASURED IN $ / CWT",TOTAL,NOT SPECIFIED,NATIONAL,,99,US,US TOTAL,,,,,,,,0,,,9000,UNITED STATES,US TOTAL,1929,MONTHLY,6,6,JUN,,2012-01-01 00:00:00.000,9.92,
SURVEY,ANIMALS & PRODUCTS,LIVESTOCK,HOGS,ALL CLASSES,ALL PRODUCTION PRACTICES,ALL UTILIZATION PRACTICES,PRICE RECEIVED,$ / CWT,"HOGS - PRICE RECEIVED, MEASURED IN $ / CWT",TOTAL,NOT SPECIFIED,NATIONAL,,99,US,US TOTAL,,,,,,,,0,,,9000,UNITED STATES,US TOTAL,1929,MONTHLY,7,7,JUL,,2012-01-01 00:00:00.000,10.5,
SURVEY,ANIMALS & PRODUCTS,LIVESTOCK,HOGS,ALL CLASSES,ALL PRODUCTION PRACTICES,ALL UTILIZATION PRACTICES,PRICE RECEIVED,$ / CWT,"HOGS - PRICE RECEIVED, MEASURED IN $ / CWT",TOTAL,NOT SPECIFIED,NATIONAL,,99,US,US TOTAL,,,,,,,,0,,,9000,UNITED STATES,US TOTAL,1929,MONTHLY,8,8,AUG,,2012-01-01 00:00:00.000,10.4,
SURVEY,ANIMALS & PRODUCTS,LIVESTOCK,HOGS,ALL CLASSES,ALL PRODUCTION PRACTICES,ALL UTILIZATION PRACTICES,PRICE RECEIVED,$ / CWT,"HOGS - PRICE RECEIVED, MEASURED IN $ / CWT",TOTAL,NOT SPECIFIED,NATIONAL,,99,US,US TOTAL,,,,,,,,0,,,9000,UNITED STATES,US TOTAL,1929,MONTHLY,9,9,SEP,,2012-01-01 00:00:00.000,9.56,
SURVEY,ANIMALS & PRODUCTS,LIVESTOCK,HOGS,ALL CLASSES,ALL PRODUCTION PRACTICES,ALL UTILIZATION PRACTICES,PRICE RECEIVED,$ / CWT,"HOGS - PRICE RECEIVED, MEASURED IN $ / CWT",TOTAL,NOT SPECIFIED,NATIONAL,,99,US,US TOTAL,,,,,,,,0,,,9000,UNITED STATES,US TOTAL,1929,MONTHLY,10,10,OCT,,2012-01-01 00:00:00.000,9.08,
SURVEY,ANIMALS & PRODUCTS,LIVESTOCK,HOGS,ALL CLASSES,ALL PRODUCTION PRACTICES,ALL UTILIZATION PRACTICES,PRICE RECEIVED,$ / CWT,"HOGS - PRICE RECEIVED, MEASURED IN $ / CWT",TOTAL,NOT SPECIFIED,NATIONAL,,99,US,US TOTAL,,,,,,,,0,,,9000,UNITED STATES,US TOTAL,1929,MONTHLY,11,11,NOV,,2012-01-01 00:00:00.000,8.48,
SURVEY,ANIMALS & PRODUCTS,LIVESTOCK,HOGS,ALL CLASSES,ALL PRODUCTION PRACTICES,ALL UTILIZATION PRACTICES,PRICE RECEIVED,$ / CWT,"HOGS - PRICE RECEIVED, MEASURED IN $ / CWT",TOTAL,NOT SPECIFIED,NATIONAL,,99,US,US TOTAL,,,,,,,,0,,,9000,UNITED STATES,US TOTAL,1929,MONTHLY,12,12,DEC,,2012-01-01 00:00:00.000,8.5,
SURVEY,ANIMALS & PRODUCTS,LIVESTOCK,HOGS,ALL CLASSES,ALL PRODUCTION PRACTICES,ALL UTILIZATION PRACTICES,PRICE RECEIVED,$ / CWT,"HOGS - PRICE RECEIVED, MEASURED IN $ / CWT",TOTAL,NOT SPECIFIED,NATIONAL,,99,US,US TOTAL,,,,,,,,0,,,9000,UNITED STATES,US TOTAL,1928,MONTHLY,1,1,JAN,,2012-01-01 00:00:00.000,7.72,
SURVEY,ANIMALS & PRODUCTS,LIVESTOCK,HOGS,ALL CLASSES,ALL PRODUCTION PRACTICES,ALL UTILIZATION PRACTICES,PRICE RECEIVED,$ / CWT,"HOGS - PRICE RECEIVED, MEASURED IN $ / CWT",TOTAL,NOT SPECIFIED,NATIONAL,,99,US,US TOTAL,,,,,,,,0,,,9000,UNITED STATES,US TOTAL,1928,MONTHLY,2,2,FEB,,2012-01-01 00:00:00.000,7.55,
SURVEY,ANIMALS & PRODUCTS,LIVESTOCK,HOGS,ALL CLASSES,ALL PRODUCTION PRACTICES,ALL UTILIZATION PRACTICES,PRICE RECEIVED,$ / CWT,"HOGS - PRICE RECEIVED, MEASURED IN $ / CWT",TOTAL,NOT SPECIFIED,NATIONAL,,99,US,US TOTAL,,,,,,,,0,,,9000,UNITED STATES,US TOTAL,1928,MONTHLY,3,3,MAR,,2012-01-01 00:00:00.000,7.45,
SURVEY,ANIMALS & PRODUCTS,LIVESTOCK,HOGS,ALL CLASSES,ALL PRODUCTION PRACTICES,ALL UTILIZATION PRACTICES,PRICE RECEIVED,$ / CWT,"HOGS - PRICE RECEIVED, MEASURED IN $ / CWT",TOTAL,NOT SPECIFIED,NATIONAL,,99,US,US TOTAL,,,,,,,,0,,,9000,UNITED STATES,US TOTAL,1928,MONTHLY,4,4,APR,,2012-01-01 00:00:00.000,7.84,
SURVEY,ANIMALS & PRODUCTS,LIVESTOCK,HOGS,ALL CLASSES,ALL PRODUCTION PRACTICES,ALL UTILIZATION PRACTICES,PRICE RECEIVED,$ / CWT,"HOGS - PRICE RECEIVED, MEASURED IN $ / CWT",TOTAL,NOT SPECIFIED,NATIONAL,,99,US,US TOTAL,,,,,,,,0,,,9000,UNITED STATES,US TOTAL,1928,MONTHLY,5,5,MAY,,2012-01-01 00:00:00.000,8.95,
SURVEY,ANIMALS & PRODUCTS,LIVESTOCK,HOGS,ALL CLASSES,ALL PRODUCTION PRACTICES,ALL UTILIZATION PRACTICES,PRICE RECEIVED,$ / CWT,"HOGS - PRICE RECEIVED, MEASURED IN $ / CWT",TOTAL,NOT SPECIFIED,NATIONAL,,99,US,US TOTAL,,,,,,,,0,,,9000,UNITED STATES,US TOTAL,1928,MONTHLY,6,6,JUN,,2012-01-01 00:00:00.000,8.18,
SURVEY,ANIMALS & PRODUCTS,LIVESTOCK,HOGS,ALL CLASSES,ALL PRODUCTION PRACTICES,ALL UTILIZATION PRACTICES,PRICE RECEIVED,$ / CWT,"HOGS - PRICE RECEIVED, MEASURED IN $ / CWT",TOTAL,NOT SPECIFIED,NATIONAL,,99,US,US TOTAL,,,,,,,,0,,,9000,UNITED STATES,US TOTAL,1928,MONTHLY,7,7,JUL,,2012-01-01 00:00:00.000,9.81,
SURVEY,ANIMALS & PRODUCTS,LIVESTOCK,HOGS,ALL CLASSES,ALL PRODUCTION PRACTICES,ALL UTILIZATION PRACTICES,PRICE RECEIVED,$ / CWT,"HOGS - PRICE RECEIVED, MEASURED IN $ / CWT",TOTAL,NOT SPECIFIED,NATIONAL,,99,US,US TOTAL,,,,,,,,0,,,9000,UNITED STATES,US TOTAL,1928,MONTHLY,8,8,AUG,,2012-01-01 00:00:00.000,10.2,
SURVEY,ANIMALS & PRODUCTS,LIVESTOCK,HOGS,ALL CLASSES,ALL PRODUCTION PRACTICES,ALL UTILIZATION PRACTICES,PRICE RECEIVED,$ / CWT,"HOGS - PRICE RECEIVED, MEASURED IN $ / CWT",TOTAL,NOT SPECIFIED,NATIONAL,,99,US,US TOTAL,,,,,,,,0,,,9000,UNITED STATES,US TOTAL,1928,MONTHLY,9,9,SEP,,2012-01-01 00:00:00.000,11.4,
SURVEY,ANIMALS & PRODUCTS,LIVESTOCK,HOGS,ALL CLASSES,ALL PRODUCTION PRACTICES,ALL UTILIZATION PRACTICES,PRICE RECEIVED,$ / CWT,"HOGS - PRICE RECEIVED, MEASURED IN $ / CWT",TOTAL,NOT SPECIFIED,NATIONAL,,99,US,US TOTAL,,,,,,,,0,,,9000,UNITED STATES,US TOTAL,1928,MONTHLY,10,10,OCT,,2012-01-01 00:00:00.000,9.55,
SURVEY,ANIMALS & PRODUCTS,LIVESTOCK,HOGS,ALL CLASSES,ALL PRODUCTION PRACTICES,ALL UTILIZATION PRACTICES,PRICE RECEIVED,$ / CWT,"HOGS - PRICE RECEIVED, MEASURED IN $ / CWT",TOTAL,NOT SPECIFIED,NATIONAL,,99,US,US TOTAL,,,,,,,,0,,,9000,UNITED STATES,US TOTAL,1928,MONTHLY,11,11,NOV,,2012-01-01 00:00:00.000,8.46,
SURVEY,ANIMALS & PRODUCTS,LIVESTOCK,HOGS,ALL CLASSES,ALL PRODUCTION PRACTICES,ALL UTILIZATION PRACTICES,PRICE RECEIVED,$ / CWT,"HOGS - PRICE RECEIVED, MEASURED IN $ / CWT",TOTAL,NOT SPECIFIED,NATIONAL,,99,US,US TOTAL,,,,,,,,0,,,9000,UNITED STATES,US TOTAL,1928,MONTHLY,12,12,DEC,,2012-01-01 00:00:00.000,7.89,
SURVEY,ANIMALS & PRODUCTS,LIVESTOCK,HOGS,ALL CLASSES,ALL PRODUCTION PRACTICES,ALL UTILIZATION PRACTICES,PRICE RECEIVED,$ / CWT,"HOGS - PRICE RECEIVED, MEASURED IN $ / CWT",TOTAL,NOT SPECIFIED,NATIONAL,,99,US,US TOTAL,,,,,,,,0,,,9000,UNITED STATES,US TOTAL,1927,MONTHLY,1,1,JAN,,2012-01-01 00:00:00.000,11.0,
SURVEY,ANIMALS & PRODUCTS,LIVESTOCK,HOGS,ALL CLASSES,ALL PRODUCTION PRACTICES,ALL UTILIZATION PRACTICES,PRICE RECEIVED,$ / CWT,"HOGS - PRICE RECEIVED, MEASURED IN $ / CWT",TOTAL,NOT SPECIFIED,NATIONAL,,99,US,US TOTAL,,,,,,,,0,,,9000,UNITED STATES,US TOTAL,1927,MONTHLY,2,2,FEB,,2012-01-01 00:00:00.000,11.2,
SURVEY,ANIMALS & PRODUCTS,LIVESTOCK,HOGS,ALL CLASSES,ALL PRODUCTION PRACTICES,ALL UTILIZATION PRACTICES,PRICE RECEIVED,$ / CWT,"HOGS - PRICE RECEIVED, MEASURED IN $ / CWT",TOTAL,NOT SPECIFIED,NATIONAL,,99,US,US TOTAL,,,,,,,,0,,,9000,UNITED STATES,US TOTAL,1927,MONTHLY,3,3,MAR,,2012-01-01 00:00:00.000,10.9,
SURVEY,ANIMALS & PRODUCTS,LIVESTOCK,HOGS,ALL CLASSES,ALL PRODUCTION PRACTICES,ALL UTILIZATION PRACTICES,PRICE RECEIVED,$ / CWT,"HOGS - PRICE RECEIVED, MEASURED IN $ / CWT",TOTAL,NOT SPECIFIED,NATIONAL,,99,US,US TOTAL,,,,,,,,0,,,9000,UNITED STATES,US TOTAL,1927,MONTHLY,4,4,APR,,2012-01-01 00:00:00.000,10.4,
SURVEY,ANIMALS & PRODUCTS,LIVESTOCK,HOGS,ALL CLASSES,ALL PRODUCTION PRACTICES,ALL UTILIZATION PRACTICES,PRICE RECEIVED,$ / CWT,"HOGS - PRICE RECEIVED, MEASURED IN $ / CWT",TOTAL,NOT SPECIFIED,NATIONAL,,99,US,US TOTAL,,,,,,,,0,,,9000,UNITED STATES,US TOTAL,1927,MONTHLY,5,5,MAY,,2012-01-01 00:00:00.000,9.35,
SURVEY,ANIMALS & PRODUCTS,LIVESTOCK,HOGS,ALL CLASSES,ALL PRODUCTION PRACTICES,ALL UTILIZATION PRACTICES,PRICE RECEIVED,$ / CWT,"HOGS - PRICE RECEIVED, MEASURED IN $ / CWT",TOTAL,NOT SPECIFIED,NATIONAL,,99,US,US TOTAL,,,,,,,,0,,,9000,UNITED STATES,US TOTAL,1927,MONTHLY,6,6,JUN,,2012-01-01 00:00:00.000,8.23,
SURVEY,ANIMALS & PRODUCTS,LIVESTOCK,HOGS,ALL CLASSES,ALL PRODUCTION PRACTICES,ALL UTILIZATION PRACTICES,PRICE RECEIVED,$ / CWT,"HOGS - PRICE RECEIVED, MEASURED IN $ / CWT",TOTAL,NOT SPECIFIED,NATIONAL,,99,US,US TOTAL,,,,,,,,0,,,9000,UNITED STATES,US TOTAL,1927,MONTHLY,7,7,JUL,,2012-01-01 00:00:00.000,8.45,
SURVEY,ANIMALS & PRODUCTS,LIVESTOCK,HOGS,ALL CLASSES,ALL PRODUCTION PRACTICES,ALL UTILIZATION PRACTICES,PRICE RECEIVED,$ / CWT,"HOGS - PRICE RECEIVED, MEASURED IN $ / CWT",TOTAL,NOT SPECIFIED,NATIONAL,,99,US,US TOTAL,,,,,,,,0,,,9000,UNITED STATES,US TOTAL,1927,MONTHLY,8,8,AUG,,2012-01-01 00:00:00.000,9.18,
SURVEY,ANIMALS & PRODUCTS,LIVESTOCK,HOGS,ALL CLASSES,ALL PRODUCTION PRACTICES,ALL UTILIZATION PRACTICES,PRICE RECEIVED,$ / CWT,"HOGS - PRICE RECEIVED, MEASURED IN $ / CWT",TOTAL,NOT SPECIFIED,NATIONAL,,99,US,US TOTAL,,,,,,,,0,,,9000,UNITED STATES,US TOTAL,1927,MONTHLY,9,9,SEP,,2012-01-01 00:00:00.000,9.78,
SURVEY,ANIMALS & PRODUCTS,LIVESTOCK,HOGS,ALL CLASSES,ALL PRODUCTION PRACTICES,ALL UTILIZATION PRACTICES,PRICE RECEIVED,$ / CWT,"HOGS - PRICE RECEIVED, MEASURED IN $ / CWT",TOTAL,NOT SPECIFIED,NATIONAL,,99,US,US TOTAL,,,,,,,,0,,,9000,UNITED STATES,US TOTAL,1927,MONTHLY,10,10,OCT,,2012-01-01 00:00:00.000,10.2,
SURVEY,ANIMALS & PRODUCTS,LIVESTOCK,HOGS,ALL CLASSES,ALL PRODUCTION PRACTICES,ALL UTILIZATION PRACTICES,PRICE RECEIVED,$ / CWT,"HOGS - PRICE RECEIVED, MEASURED IN $ / CWT",TOTAL,NOT SPECIFIED,NATIONAL,,99,US,US TOTAL,,,,,,,,0,,,9000,UNITED STATES,US TOTAL,1927,MONTHLY,11,11,NOV,,2012-01-01 00:00:00.000,8.9,
SURVEY,ANIMALS & PRODUCTS,LIVESTOCK,HOGS,ALL CLASSES,ALL PRODUCTION PRACTICES,ALL UTILIZATION PRACTICES,PRICE RECEIVED,$ / CWT,"HOGS - PRICE RECEIVED, MEASURED IN $ / CWT",TOTAL,NOT SPECIFIED,NATIONAL,,99,US,US TOTAL,,,,,,,,0,,,9000,UNITED STATES,US TOTAL,1927,MONTHLY,12,12,DEC,,2012-01-01 00:00:00.000,8.01,
SURVEY,ANIMALS & PRODUCTS,LIVESTOCK,HOGS,ALL CLASSES,ALL PRODUCTION PRACTICES,ALL UTILIZATION PRACTICES,PRICE RECEIVED,$ / CWT,"HOGS - PRICE RECEIVED, MEASURED IN $ / CWT",TOTAL,NOT SPECIFIED,NATIONAL,,99,US,US TOTAL,,,,,,,,0,,,9000,UNITED STATES,US TOTAL,1926,MONTHLY,1,1,JAN,,2012-01-01 00:00:00.000,11.0,
SURVEY,ANIMALS & PRODUCTS,LIVESTOCK,HOGS,ALL CLASSES,ALL PRODUCTION PRACTICES,ALL UTILIZATION PRACTICES,PRICE RECEIVED,$ / CWT,"HOGS - PRICE RECEIVED, MEASURED IN $ / CWT",TOTAL,NOT SPECIFIED,NATIONAL,,99,US,US TOTAL,,,,,,,,0,,,9000,UNITED STATES,US TOTAL,1926,MONTHLY,2,2,FEB,,2012-01-01 00:00:00.000,11.9,
SURVEY,ANIMALS & PRODUCTS,LIVESTOCK,HOGS,ALL CLASSES,ALL PRODUCTION PRACTICES,ALL UTILIZATION PRACTICES,PRICE RECEIVED,$ / CWT,"HOGS - PRICE RECEIVED, MEASURED IN $ / CWT",TOTAL,NOT SPECIFIED,NATIONAL,,99,US,US TOTAL,,,,,,,,0,,,9000,UNITED STATES,US TOTAL,1926,MONTHLY,3,3,MAR,,2012-01-01 00:00:00.000,11.8,
SURVEY,ANIMALS & PRODUCTS,LIVESTOCK,HOGS,ALL CLASSES,ALL PRODUCTION PRACTICES,ALL UTILIZATION PRACTICES,PRICE RECEIVED,$ / CWT,"HOGS - PRICE RECEIVED, MEASURED IN $ / CWT",TOTAL,NOT SPECIFIED,NATIONAL,,99,US,US TOTAL,,,,,,,,0,,,9000,UNITED STATES,US TOTAL,1926,MONTHLY,4,4,APR,,2012-01-01 00:00:00.000,11.5,
SURVEY,ANIMALS & PRODUCTS,LIVESTOCK,HOGS,ALL CLASSES,ALL PRODUCTION PRACTICES,ALL UTILIZATION PRACTICES,PRICE RECEIVED,$ / CWT,"HOGS - PRICE RECEIVED, MEASURED IN $ / CWT",TOTAL,NOT SPECIFIED,NATIONAL,,99,US,US TOTAL,,,,,,,,0,,,9000,UNITED STATES,US TOTAL,1926,MONTHLY,5,5,MAY,,2012-01-01 00:00:00.000,12.1,
SURVEY,ANIMALS & PRODUCTS,LIVESTOCK,HOGS,ALL CLASSES,ALL PRODUCTION PRACTICES,ALL UTILIZATION PRACTICES,PRICE RECEIVED,$ / CWT,"HOGS - PRICE RECEIVED, MEASURED IN $ / CWT",TOTAL,NOT SPECIFIED,NATIONAL,,99,US,US TOTAL,,,,,,,,0,,,9000,UNITED STATES,US TOTAL,1926,MONTHLY,6,6,JUN,,2012-01-01 00:00:00.000,13.0,
SURVEY,ANIMALS & PRODUCTS,LIVESTOCK,HOGS,ALL CLASSES,ALL PRODUCTION PRACTICES,ALL UTILIZATION PRACTICES,PRICE RECEIVED,$ / CWT,"HOGS - PRICE RECEIVED, MEASURED IN $ / CWT",TOTAL,NOT SPECIFIED,NATIONAL,,99,US,US TOTAL,,,,,,,,0,,,9000,UNITED STATES,US TOTAL,1926,MONTHLY,7,7,JUL,,2012-01-01 00:00:00.000,12.8,
SURVEY,ANIMALS & PRODUCTS,LIVESTOCK,HOGS,ALL CLASSES,ALL PRODUCTION PRACTICES,ALL UTILIZATION PRACTICES,PRICE RECEIVED,$ / CWT,"HOGS - PRICE RECEIVED, MEASURED IN $ / CWT",TOTAL,NOT SPECIFIED,NATIONAL,,99,US,US TOTAL,,,,,,,,0,,,9000,UNITED STATES,US TOTAL,1926,MONTHLY,8,8,AUG,,2012-01-01 00:00:00.000,11.6,
SURVEY,ANIMALS & PRODUCTS,LIVESTOCK,HOGS,ALL CLASSES,ALL PRODUCTION PRACTICES,ALL UTILIZATION PRACTICES,PRICE RECEIVED,$ / CWT,"HOGS - PRICE RECEIVED, MEASURED IN $ / CWT",TOTAL,NOT SPECIFIED,NATIONAL,,99,US,US TOTAL,,,,,,,,0,,,9000,UNITED STATES,US TOTAL,1926,MONTHLY,9,9,SEP,,2012-01-01 00:00:00.000,12.1,
SURVEY,ANIMALS & PRODUCTS,LIVESTOCK,HOGS,ALL CLASSES,ALL PRODUCTION PRACTICES,ALL UTILIZATION PRACTICES,PRICE RECEIVED,$ / CWT,"HOGS - PRICE RECEIVED, MEASURED IN $ / CWT",TOTAL,NOT SPECIFIED,NATIONAL,,99,US,US TOTAL,,,,,,,,0,,,9000,UNITED STATES,US TOTAL,1926,MONTHLY,10,10,OCT,,2012-01-01 00:00:00.000,12.1,
SURVEY,ANIMALS & PRODUCTS,LIVESTOCK,HOGS,ALL CLASSES,ALL PRODUCTION PRACTICES,ALL UTILIZATION PRACTICES,PRICE RECEIVED,$ / CWT,"HOGS - PRICE RECEIVED, MEASURED IN $ / CWT",TOTAL,NOT SPECIFIED,NATIONAL,,99,US,US TOTAL,,,,,,,,0,,,9000,UNITED STATES,US TOTAL,1926,MONTHLY,11,11,NOV,,2012-01-01 00:00:00.000,11.4,
SURVEY,ANIMALS & PRODUCTS,LIVESTOCK,HOGS,ALL CLASSES,ALL PRODUCTION PRACTICES,ALL UTILIZATION PRACTICES,PRICE RECEIVED,$ / CWT,"HOGS - PRICE RECEIVED, MEASURED IN $ / CWT",TOTAL,NOT SPECIFIED,NATIONAL,,99,US,US TOTAL,,,,,,,,0,,,9000,UNITED STATES,US TOTAL,1926,MONTHLY,12,12,DEC,,2012-01-01 00:00:00.000,10.9,
SURVEY,ANIMALS & PRODUCTS,LIVESTOCK,HOGS,ALL CLASSES,ALL PRODUCTION PRACTICES,ALL UTILIZATION PRACTICES,PRICE RECEIVED,$ / CWT,"HOGS - PRICE RECEIVED, MEASURED IN $ / CWT",TOTAL,NOT SPECIFIED,NATIONAL,,99,US,US TOTAL,,,,,,,,0,,,9000,UNITED STATES,US TOTAL,1925,MONTHLY,1,1,JAN,,2012-01-01 00:00:00.000,9.32,
SURVEY,ANIMALS & PRODUCTS,LIVESTOCK,HOGS,ALL CLASSES,ALL PRODUCTION PRACTICES,ALL UTILIZATION PRACTICES,PRICE RECEIVED,$ / CWT,"HOGS - PRICE RECEIVED, MEASURED IN $ / CWT",TOTAL,NOT SPECIFIED,NATIONAL,,99,US,US TOTAL,,,,,,,,0,,,9000,UNITED STATES,US TOTAL,1925,MONTHLY,2,2,FEB,,2012-01-01 00:00:00.000,9.66,
SURVEY,ANIMALS & PRODUCTS,LIVESTOCK,HOGS,ALL CLASSES,ALL PRODUCTION PRACTICES,ALL UTILIZATION PRACTICES,PRICE RECEIVED,$ / CWT,"HOGS - PRICE RECEIVED, MEASURED IN $ / CWT",TOTAL,NOT SPECIFIED,NATIONAL,,99,US,US TOTAL,,,,,,,,0,,,9000,UNITED STATES,US TOTAL,1925,MONTHLY,3,3,MAR,,2012-01-01 00:00:00.000,12.2,
SURVEY,ANIMALS & PRODUCTS,LIVESTOCK,HOGS,ALL CLASSES,ALL PRODUCTION PRACTICES,ALL UTILIZATION PRACTICES,PRICE RECEIVED,$ / CWT,"HOGS - PRICE RECEIVED, MEASURED IN $ / CWT",TOTAL,NOT SPECIFIED,NATIONAL,,99,US,US TOTAL,,,,,,,,0,,,9000,UNITED STATES,US TOTAL,1925,MONTHLY,4,4,APR,,2012-01-01 00:00:00.000,11.9,
SURVEY,ANIMALS & PRODUCTS,LIVESTOCK,HOGS,ALL CLASSES,ALL PRODUCTION PRACTICES,ALL UTILIZATION PRACTICES,PRICE RECEIVED,$ / CWT,"HOGS - PRICE RECEIVED, MEASURED IN $ / CWT",TOTAL,NOT SPECIFIED,NATIONAL,,99,US,US TOTAL,,,,,,,,0,,,9000,UNITED STATES,US TOTAL,1925,MONTHLY,5,5,MAY,,2012-01-01 00:00:00.000,10.9,
SURVEY,ANIMALS & PRODUCTS,LIVESTOCK,HOGS,ALL CLASSES,ALL PRODUCTION PRACTICES,ALL UTILIZATION PRACTICES,PRICE RECEIVED,$ / CWT,"HOGS - PRICE RECEIVED, MEASURED IN $ / CWT",TOTAL,NOT SPECIFIED,NATIONAL,,99,US,US TOTAL,,,,,,,,0,,,9000,UNITED STATES,US TOTAL,1925,MONTHLY,6,6,JUN,,2012-01-01 00:00:00.000,10.9,
SURVEY,ANIMALS & PRODUCTS,LIVESTOCK,HOGS,ALL CLASSES,ALL PRODUCTION PRACTICES,ALL UTILIZATION PRACTICES,PRICE RECEIVED,$ / CWT,"HOGS - PRICE RECEIVED, MEASURED IN $ / CWT",TOTAL,NOT SPECIFIED,NATIONAL,,99,US,US TOTAL,,,,,,,,0,,,9000,UNITED STATES,US TOTAL,1925,MONTHLY,7,7,JUL,,2012-01-01 00:00:00.000,12.3,
SURVEY,ANIMALS & PRODUCTS,LIVESTOCK,HOGS,ALL CLASSES,ALL PRODUCTION PRACTICES,ALL UTILIZATION PRACTICES,PRICE RECEIVED,$ / CWT,"HOGS - PRICE RECEIVED, MEASURED IN $ / CWT",TOTAL,NOT SPECIFIED,NATIONAL,,99,US,US TOTAL,,,,,,,,0,,,9000,UNITED STATES,US TOTAL,1925,MONTHLY,8,8,AUG,,2012-01-01 00:00:00.000,12.4,
SURVEY,ANIMALS & PRODUCTS,LIVESTOCK,HOGS,ALL CLASSES,ALL PRODUCTION PRACTICES,ALL UTILIZATION PRACTICES,PRICE RECEIVED,$ / CWT,"HOGS - PRICE RECEIVED, MEASURED IN $ / CWT",TOTAL,NOT SPECIFIED,NATIONAL,,99,US,US TOTAL,,,,,,,,0,,,9000,UNITED STATES,US TOTAL,1925,MONTHLY,9,9,SEP,,2012-01-01 00:00:00.000,11.6,
SURVEY,ANIMALS & PRODUCTS,LIVESTOCK,HOGS,ALL CLASSES,ALL PRODUCTION PRACTICES,ALL UTILIZATION PRACTICES,PRICE RECEIVED,$ / CWT,"HOGS - PRICE RECEIVED, MEASURED IN $ / CWT",TOTAL,NOT SPECIFIED,NATIONAL,,99,US,US TOTAL,,,,,,,,0,,,9000,UNITED STATES,US TOTAL,1925,MONTHLY,10,10,OCT,,2012-01-01 00:00:00.000,11.1,
SURVEY,ANIMALS & PRODUCTS,LIVESTOCK,HOGS,ALL CLASSES,ALL PRODUCTION PRACTICES,ALL UTILIZATION PRACTICES,PRICE RECEIVED,$ / CWT,"HOGS - PRICE RECEIVED, MEASURED IN $ / CWT",TOTAL,NOT SPECIFIED,NATIONAL,,99,US,US TOTAL,,,,,,,,0,,,9000,UNITED STATES,US TOTAL,1925,MONTHLY,11,11,NOV,,2012-01-01 00:00:00.000,10.5,
SURVEY,ANIMALS & PRODUCTS,LIVESTOCK,HOGS,ALL CLASSES,ALL PRODUCTION PRACTICES,ALL UTILIZATION PRACTICES,PRICE RECEIVED,$ / CWT,"HOGS - PRICE RECEIVED, MEASURED IN $ / CWT",TOTAL,NOT SPECIFIED,NATIONAL,,99,US,US TOTAL,,,,,,,,0,,,9000,UNITED STATES,US TOTAL,1925,MONTHLY,12,12,DEC,,2012-01-01 00:00:00.000,10.4,
SURVEY,ANIMALS & PRODUCTS,LIVESTOCK,HOGS,ALL CLASSES,ALL PRODUCTION PRACTICES,ALL UTILIZATION PRACTICES,PRICE RECEIVED,$ / CWT,"HOGS - PRICE RECEIVED, MEASURED IN $ / CWT",TOTAL,NOT SPECIFIED,NATIONAL,,99,US,US TOTAL,,,,,,,,0,,,9000,UNITED STATES,US TOTAL,1924,MONTHLY,1,1,JAN,,2012-01-01 00:00:00.000,6.42,
SURVEY,ANIMALS & PRODUCTS,LIVESTOCK,HOGS,ALL CLASSES,ALL PRODUCTION PRACTICES,ALL UTILIZATION PRACTICES,PRICE RECEIVED,$ / CWT,"HOGS - PRICE RECEIVED, MEASURED IN $ / CWT",TOTAL,NOT SPECIFIED,NATIONAL,,99,US,US TOTAL,,,,,,,,0,,,9000,UNITED STATES,US TOTAL,1924,MONTHLY,2,2,FEB,,2012-01-01 00:00:00.000,6.37,
SURVEY,ANIMALS & PRODUCTS,LIVESTOCK,HOGS,ALL CLASSES,ALL PRODUCTION PRACTICES,ALL UTILIZATION PRACTICES,PRICE RECEIVED,$ / CWT,"HOGS - PRICE RECEIVED, MEASURED IN $ / CWT",TOTAL,NOT SPECIFIED,NATIONAL,,99,US,US TOTAL,,,,,,,,0,,,9000,UNITED STATES,US TOTAL,1924,MONTHLY,3,3,MAR,,2012-01-01 00:00:00.000,6.5,
SURVEY,ANIMALS & PRODUCTS,LIVESTOCK,HOGS,ALL CLASSES,ALL PRODUCTION PRACTICES,ALL UTILIZATION PRACTICES,PRICE RECEIVED,$ / CWT,"HOGS - PRICE RECEIVED, MEASURED IN $ / CWT",TOTAL,NOT SPECIFIED,NATIONAL,,99,US,US TOTAL,,,,,,,,0,,,9000,UNITED STATES,US TOTAL,1924,MONTHLY,4,4,APR,,2012-01-01 00:00:00.000,6.6,
SURVEY,ANIMALS & PRODUCTS,LIVESTOCK,HOGS,ALL CLASSES,ALL PRODUCTION PRACTICES,ALL UTILIZATION PRACTICES,PRICE RECEIVED,$ / CWT,"HOGS - PRICE RECEIVED, MEASURED IN $ / CWT",TOTAL,NOT SPECIFIED,NATIONAL,,99,US,US TOTAL,,,,,,,,0,,,9000,UNITED STATES,US TOTAL,1924,MONTHLY,5,5,MAY,,2012-01-01 00:00:00.000,6.59,
SURVEY,ANIMALS & PRODUCTS,LIVESTOCK,HOGS,ALL CLASSES,ALL PRODUCTION PRACTICES,ALL UTILIZATION PRACTICES,PRICE RECEIVED,$ / CWT,"HOGS - PRICE RECEIVED, MEASURED IN $ / CWT",TOTAL,NOT SPECIFIED,NATIONAL,,99,US,US TOTAL,,,,,,,,0,,,9000,UNITED STATES,US TOTAL,1924,MONTHLY,6,6,JUN,,2012-01-01 00:00:00.000,6.43,
SURVEY,ANIMALS & PRODUCTS,LIVESTOCK,HOGS,ALL CLASSES,ALL PRODUCTION PRACTICES,ALL UTILIZATION PRACTICES,PRICE RECEIVED,$ / CWT,"HOGS - PRICE RECEIVED, MEASURED IN $ / CWT",TOTAL,NOT SPECIFIED,NATIONAL,,99,US,US TOTAL,,,,,,,,0,,,9000,UNITED STATES,US TOTAL,1924,MONTHLY,7,7,JUL,,2012-01-01 00:00:00.000,6.5,
SURVEY,ANIMALS & PRODUCTS,LIVESTOCK,HOGS,ALL CLASSES,ALL PRODUCTION PRACTICES,ALL UTILIZATION PRACTICES,PRICE RECEIVED,$ / CWT,"HOGS - PRICE RECEIVED, MEASURED IN $ / CWT",TOTAL,NOT SPECIFIED,NATIONAL,,99,US,US TOTAL,,,,,,,,0,,,9000,UNITED STATES,US TOTAL,1924,MONTHLY,8,8,AUG,,2012-01-01 00:00:00.000,8.62,
SURVEY,ANIMALS & PRODUCTS,LIVESTOCK,HOGS,ALL CLASSES,ALL PRODUCTION PRACTICES,ALL UTILIZATION PRACTICES,PRICE RECEIVED,$ / CWT,"HOGS - PRICE RECEIVED, MEASURED IN $ / CWT",TOTAL,NOT SPECIFIED,NATIONAL,,99,US,US TOTAL,,,,,,,,0,,,9000,UNITED STATES,US TOTAL,1924,MONTHLY,9,9,SEP,,2012-01-01 00:00:00.000,8.57,
SURVEY,ANIMALS & PRODUCTS,LIVESTOCK,HOGS,ALL CLASSES,ALL PRODUCTION PRACTICES,ALL UTILIZATION PRACTICES,PRICE RECEIVED,$ / CWT,"HOGS - PRICE RECEIVED, MEASURED IN $ / CWT",TOTAL,NOT SPECIFIED,NATIONAL,,99,US,US TOTAL,,,,,,,,0,,,9000,UNITED STATES,US TOTAL,1924,MONTHLY,10,10,OCT,,2012-01-01 00:00:00.000,9.61,
SURVEY,ANIMALS & PRODUCTS,LIVESTOCK,HOGS,ALL CLASSES,ALL PRODUCTION PRACTICES,ALL UTILIZATION PRACTICES,PRICE RECEIVED,$ / CWT,"HOGS - PRICE RECEIVED, MEASURED IN $ / CWT",TOTAL,NOT SPECIFIED,NATIONAL,,99,US,US TOTAL,,,,,,,,0,,,9000,UNITED STATES,US TOTAL,1924,MONTHLY,11,11,NOV,,2012-01-01 00:00:00.000,8.54,
SURVEY,ANIMALS & PRODUCTS,LIVESTOCK,HOGS,ALL CLASSES,ALL PRODUCTION PRACTICES,ALL UTILIZATION PRACTICES,PRICE RECEIVED,$ / CWT,"HOGS - PRICE RECEIVED, MEASURED IN $ / CWT",TOTAL,NOT SPECIFIED,NATIONAL,,99,US,US TOTAL,,,,,,,,0,,,9000,UNITED STATES,US TOTAL,1924,MONTHLY,12,12,DEC,,2012-01-01 00:00:00.000,8.27,
SURVEY,ANIMALS & PRODUCTS,LIVESTOCK,HOGS,ALL CLASSES,ALL PRODUCTION PRACTICES,ALL UTILIZATION PRACTICES,PRICE RECEIVED,$ / CWT,"HOGS - PRICE RECEIVED, MEASURED IN $ / CWT",TOTAL,NOT SPECIFIED,NATIONAL,,99,US,US TOTAL,,,,,,,,0,,,9000,UNITED STATES,US TOTAL,1923,MONTHLY,1,1,JAN,,2012-01-01 00:00:00.000,7.68,
SURVEY,ANIMALS & PRODUCTS,LIVESTOCK,HOGS,ALL CLASSES,ALL PRODUCTION PRACTICES,ALL UTILIZATION PRACTICES,PRICE RECEIVED,$ / CWT,"HOGS - PRICE RECEIVED, MEASURED IN $ / CWT",TOTAL,NOT SPECIFIED,NATIONAL,,99,US,US TOTAL,,,,,,,,0,,,9000,UNITED STATES,US TOTAL,1923,MONTHLY,2,2,FEB,,2012-01-01 00:00:00.000,7.55,
SURVEY,ANIMALS & PRODUCTS,LIVESTOCK,HOGS,ALL CLASSES,ALL PRODUCTION PRACTICES,ALL UTILIZATION PRACTICES,PRICE RECEIVED,$ / CWT,"HOGS - PRICE RECEIVED, MEASURED IN $ / CWT",TOTAL,NOT SPECIFIED,NATIONAL,,99,US,US TOTAL,,,,,,,,0,,,9000,UNITED STATES,US TOTAL,1923,MONTHLY,3,3,MAR,,2012-01-01 00:00:00.000,7.44,
SURVEY,ANIMALS & PRODUCTS,LIVESTOCK,HOGS,ALL CLASSES,ALL PRODUCTION PRACTICES,ALL UTILIZATION PRACTICES,PRICE RECEIVED,$ / CWT,"HOGS - PRICE RECEIVED, MEASURED IN $ / CWT",TOTAL,NOT SPECIFIED,NATIONAL,,99,US,US TOTAL,,,,,,,,0,,,9000,UNITED STATES,US TOTAL,1923,MONTHLY,4,4,APR,,2012-01-01 00:00:00.000,7.39,
SURVEY,ANIMALS & PRODUCTS,LIVESTOCK,HOGS,ALL CLASSES,ALL PRODUCTION PRACTICES,ALL UTILIZATION PRACTICES,PRICE RECEIVED,$ / CWT,"HOGS - PRICE RECEIVED, MEASURED IN $ / CWT",TOTAL,NOT SPECIFIED,NATIONAL,,99,US,US TOTAL,,,,,,,,0,,,9000,UNITED STATES,US TOTAL,1923,MONTHLY,5,5,MAY,,2012-01-01 00:00:00.000,6.99,
SURVEY,ANIMALS & PRODUCTS,LIVESTOCK,HOGS,ALL CLASSES,ALL PRODUCTION PRACTICES,ALL UTILIZATION PRACTICES,PRICE RECEIVED,$ / CWT,"HOGS - PRICE RECEIVED, MEASURED IN $ / CWT",TOTAL,NOT SPECIFIED,NATIONAL,,99,US,US TOTAL,,,,,,,,0,,,9000,UNITED STATES,US TOTAL,1923,MONTHLY,6,6,JUN,,2012-01-01 00:00:00.000,6.09,
SURVEY,ANIMALS & PRODUCTS,LIVESTOCK,HOGS,ALL CLASSES,ALL PRODUCTION PRACTICES,ALL UTILIZATION PRACTICES,PRICE RECEIVED,$ / CWT,"HOGS - PRICE RECEIVED, MEASURED IN $ / CWT",TOTAL,NOT SPECIFIED,NATIONAL,,99,US,US TOTAL,,,,,,,,0,,,9000,UNITED STATES,US TOTAL,1923,MONTHLY,7,7,JUL,,2012-01-01 00:00:00.000,6.45,
SURVEY,ANIMALS & PRODUCTS,LIVESTOCK,HOGS,ALL CLASSES,ALL PRODUCTION PRACTICES,ALL UTILIZATION PRACTICES,PRICE RECEIVED,$ / CWT,"HOGS - PRICE RECEIVED, MEASURED IN $ / CWT",TOTAL,NOT SPECIFIED,NATIONAL,,99,US,US TOTAL,,,,,,,,0,,,9000,UNITED STATES,US TOTAL,1923,MONTHLY,8,8,AUG,,2012-01-01 00:00:00.000,6.72,
SURVEY,ANIMALS & PRODUCTS,LIVESTOCK,HOGS,ALL CLASSES,ALL PRODUCTION PRACTICES,ALL UTILIZATION PRACTICES,PRICE RECEIVED,$ / CWT,"HOGS - PRICE RECEIVED, MEASURED IN $ / CWT",TOTAL,NOT SPECIFIED,NATIONAL,,99,US,US TOTAL,,,,,,,,0,,,9000,UNITED STATES,US TOTAL,1923,MONTHLY,9,9,SEP,,2012-01-01 00:00:00.000,7.81,
SURVEY,ANIMALS & PRODUCTS,LIVESTOCK,HOGS,ALL CLASSES,ALL PRODUCTION PRACTICES,ALL UTILIZATION PRACTICES,PRICE RECEIVED,$ / CWT,"HOGS - PRICE RECEIVED, MEASURED IN $ / CWT",TOTAL,NOT SPECIFIED,NATIONAL,,99,US,US TOTAL,,,,,,,,0,,,9000,UNITED STATES,US TOTAL,1923,MONTHLY,10,10,OCT,,2012-01-01 00:00:00.000,7.03,
SURVEY,ANIMALS & PRODUCTS,LIVESTOCK,HOGS,ALL CLASSES,ALL PRODUCTION PRACTICES,ALL UTILIZATION PRACTICES,PRICE RECEIVED,$ / CWT,"HOGS - PRICE RECEIVED, MEASURED IN $ / CWT",TOTAL,NOT SPECIFIED,NATIONAL,,99,US,US TOTAL,,,,,,,,0,,,9000,UNITED STATES,US TOTAL,1923,MONTHLY,11,11,NOV,,2012-01-01 00:00:00.000,6.34,
SURVEY,ANIMALS & PRODUCTS,LIVESTOCK,HOGS,ALL CLASSES,ALL PRODUCTION PRACTICES,ALL UTILIZATION PRACTICES,PRICE RECEIVED,$ / CWT,"HOGS - PRICE RECEIVED, MEASURED IN $ / CWT",TOTAL,NOT SPECIFIED,NATIONAL,,99,US,US TOTAL,,,,,,,,0,,,9000,UNITED STATES,US TOTAL,1923,MONTHLY,12,12,DEC,,2012-01-01 00:00:00.000,6.08,
SURVEY,ANIMALS & PRODUCTS,LIVESTOCK,HOGS,ALL CLASSES,ALL PRODUCTION PRACTICES,ALL UTILIZATION PRACTICES,PRICE RECEIVED,$ / CWT,"HOGS - PRICE RECEIVED, MEASURED IN $ / CWT",TOTAL,NOT SPECIFIED,NATIONAL,,99,US,US TOTAL,,,,,,,,0,,,9000,UNITED STATES,US TOTAL,1922,MONTHLY,1,1,JAN,,2012-01-01 00:00:00.000,6.78,
SURVEY,ANIMALS & PRODUCTS,LIVESTOCK,HOGS,ALL CLASSES,ALL PRODUCTION PRACTICES,ALL UTILIZATION PRACTICES,PRICE RECEIVED,$ / CWT,"HOGS - PRICE RECEIVED, MEASURED IN $ / CWT",TOTAL,NOT SPECIFIED,NATIONAL,,99,US,US TOTAL,,,,,,,,0,,,9000,UNITED STATES,US TOTAL,1922,MONTHLY,2,2,FEB,,2012-01-01 00:00:00.000,8.54,
SURVEY,ANIMALS & PRODUCTS,LIVESTOCK,HOGS,ALL CLASSES,ALL PRODUCTION PRACTICES,ALL UTILIZATION PRACTICES,PRICE RECEIVED,$ / CWT,"HOGS - PRICE RECEIVED, MEASURED IN $ / CWT",TOTAL,NOT SPECIFIED,NATIONAL,,99,US,US TOTAL,,,,,,,,0,,,9000,UNITED STATES,US TOTAL,1922,MONTHLY,3,3,MAR,,2012-01-01 00:00:00.000,9.4,
SURVEY,ANIMALS & PRODUCTS,LIVESTOCK,HOGS,ALL CLASSES,ALL PRODUCTION PRACTICES,ALL UTILIZATION PRACTICES,PRICE RECEIVED,$ / CWT,"HOGS - PRICE RECEIVED, MEASURED IN $ / CWT",TOTAL,NOT SPECIFIED,NATIONAL,,99,US,US TOTAL,,,,,,,,0,,,9000,UNITED STATES,US TOTAL,1922,MONTHLY,4,4,APR,,2012-01-01 00:00:00.000,9.14,
SURVEY,ANIMALS & PRODUCTS,LIVESTOCK,HOGS,ALL CLASSES,ALL PRODUCTION PRACTICES,ALL UTILIZATION PRACTICES,PRICE RECEIVED,$ / CWT,"HOGS - PRICE RECEIVED, MEASURED IN $ / CWT",TOTAL,NOT SPECIFIED,NATIONAL,,99,US,US TOTAL,,,,,,,,0,,,9000,UNITED STATES,US TOTAL,1922,MONTHLY,5,5,MAY,,2012-01-01 00:00:00.000,9.35,
SURVEY,ANIMALS & PRODUCTS,LIVESTOCK,HOGS,ALL CLASSES,ALL PRODUCTION PRACTICES,ALL UTILIZATION PRACTICES,PRICE RECEIVED,$ / CWT,"HOGS - PRICE RECEIVED, MEASURED IN $ / CWT",TOTAL,NOT SPECIFIED,NATIONAL,,99,US,US TOTAL,,,,,,,,0,,,9000,UNITED STATES,US TOTAL,1922,MONTHLY,6,6,JUN,,2012-01-01 00:00:00.000,9.38,
SURVEY,ANIMALS & PRODUCTS,LIVESTOCK,HOGS,ALL CLASSES,ALL PRODUCTION PRACTICES,ALL UTILIZATION PRACTICES,PRICE RECEIVED,$ / CWT,"HOGS - PRICE RECEIVED, MEASURED IN $ / CWT",TOTAL,NOT SPECIFIED,NATIONAL,,99,US,US TOTAL,,,,,,,,0,,,9000,UNITED STATES,US TOTAL,1922,MONTHLY,7,7,JUL,,2012-01-01 00:00:00.000,9.31,
SURVEY,ANIMALS & PRODUCTS,LIVESTOCK,HOGS,ALL CLASSES,ALL PRODUCTION PRACTICES,ALL UTILIZATION PRACTICES,PRICE RECEIVED,$ / CWT,"HOGS - PRICE RECEIVED, MEASURED IN $ / CWT",TOTAL,NOT SPECIFIED,NATIONAL,,99,US,US TOTAL,,,,,,,,0,,,9000,UNITED STATES,US TOTAL,1922,MONTHLY,8,8,AUG,,2012-01-01 00:00:00.000,8.52,
SURVEY,ANIMALS & PRODUCTS,LIVESTOCK,HOGS,ALL CLASSES,ALL PRODUCTION PRACTICES,ALL UTILIZATION PRACTICES,PRICE RECEIVED,$ / CWT,"HOGS - PRICE RECEIVED, MEASURED IN $ / CWT",TOTAL,NOT SPECIFIED,NATIONAL,,99,US,US TOTAL,,,,,,,,0,,,9000,UNITED STATES,US TOTAL,1922,MONTHLY,9,9,SEP,,2012-01-01 00:00:00.000,8.12,
SURVEY,ANIMALS & PRODUCTS,LIVESTOCK,HOGS,ALL CLASSES,ALL PRODUCTION PRACTICES,ALL UTILIZATION PRACTICES,PRICE RECEIVED,$ / CWT,"HOGS - PRICE RECEIVED, MEASURED IN $ / CWT",TOTAL,NOT SPECIFIED,NATIONAL,,99,US,US TOTAL,,,,,,,,0,,,9000,UNITED STATES,US TOTAL,1922,MONTHLY,10,10,OCT,,2012-01-01 00:00:00.000,8.28,
SURVEY,ANIMALS & PRODUCTS,LIVESTOCK,HOGS,ALL CLASSES,ALL PRODUCTION PRACTICES,ALL UTILIZATION PRACTICES,PRICE RECEIVED,$ / CWT,"HOGS - PRICE RECEIVED, MEASURED IN $ / CWT",TOTAL,NOT SPECIFIED,NATIONAL,,99,US,US TOTAL,,,,,,,,0,,,9000,UNITED STATES,US TOTAL,1922,MONTHLY,11,11,NOV,,2012-01-01 00:00:00.000,7.53,
SURVEY,ANIMALS & PRODUCTS,LIVESTOCK,HOGS,ALL CLASSES,ALL PRODUCTION PRACTICES,ALL UTILIZATION PRACTICES,PRICE RECEIVED,$ / CWT,"HOGS - PRICE RECEIVED, MEASURED IN $ / CWT",TOTAL,NOT SPECIFIED,NATIONAL,,99,US,US TOTAL,,,,,,,,0,,,9000,UNITED STATES,US TOTAL,1922,MONTHLY,12,12,DEC,,2012-01-01 00:00:00.000,7.45,
SURVEY,ANIMALS & PRODUCTS,LIVESTOCK,HOGS,ALL CLASSES,ALL PRODUCTION PRACTICES,ALL UTILIZATION PRACTICES,PRICE RECEIVED,$ / CWT,"HOGS - PRICE RECEIVED, MEASURED IN $ / CWT",TOTAL,NOT SPECIFIED,NATIONAL,,99,US,US TOTAL,,,,,,,,0,,,9000,UNITED STATES,US TOTAL,1921,MONTHLY,1,1,JAN,,2012-01-01 00:00:00.000,8.38,
SURVEY,ANIMALS & PRODUCTS,LIVESTOCK,HOGS,ALL CLASSES,ALL PRODUCTION PRACTICES,ALL UTILIZATION PRACTICES,PRICE RECEIVED,$ / CWT,"HOGS - PRICE RECEIVED, MEASURED IN $ / CWT",TOTAL,NOT SPECIFIED,NATIONAL,,99,US,US TOTAL,,,,,,,,0,,,9000,UNITED STATES,US TOTAL,1921,MONTHLY,2,2,FEB,,2012-01-01 00:00:00.000,8.37,
SURVEY,ANIMALS & PRODUCTS,LIVESTOCK,HOGS,ALL CLASSES,ALL PRODUCTION PRACTICES,ALL UTILIZATION PRACTICES,PRICE RECEIVED,$ / CWT,"HOGS - PRICE RECEIVED, MEASURED IN $ / CWT",TOTAL,NOT SPECIFIED,NATIONAL,,99,US,US TOTAL,,,,,,,,0,,,9000,UNITED STATES,US TOTAL,1921,MONTHLY,3,3,MAR,,2012-01-01 00:00:00.000,9.16,
SURVEY,ANIMALS & PRODUCTS,LIVESTOCK,HOGS,ALL CLASSES,ALL PRODUCTION PRACTICES,ALL UTILIZATION PRACTICES,PRICE RECEIVED,$ / CWT,"HOGS - PRICE RECEIVED, MEASURED IN $ / CWT",TOTAL,NOT SPECIFIED,NATIONAL,,99,US,US TOTAL,,,,,,,,0,,,9000,UNITED STATES,US TOTAL,1921,MONTHLY,4,4,APR,,2012-01-01 00:00:00.000,7.74,
SURVEY,ANIMALS & PRODUCTS,LIVESTOCK,HOGS,ALL CLASSES,ALL PRODUCTION PRACTICES,ALL UTILIZATION PRACTICES,PRICE RECEIVED,$ / CWT,"HOGS - PRICE RECEIVED, MEASURED IN $ / CWT",TOTAL,NOT SPECIFIED,NATIONAL,,99,US,US TOTAL,,,,,,,,0,,,9000,UNITED STATES,US TOTAL,1921,MONTHLY,5,5,MAY,,2012-01-01 00:00:00.000,7.47,
SURVEY,ANIMALS & PRODUCTS,LIVESTOCK,HOGS,ALL CLASSES,ALL PRODUCTION PRACTICES,ALL UTILIZATION PRACTICES,PRICE RECEIVED,$ / CWT,"HOGS - PRICE RECEIVED, MEASURED IN $ / CWT",TOTAL,NOT SPECIFIED,NATIONAL,,99,US,US TOTAL,,,,,,,,0,,,9000,UNITED STATES,US TOTAL,1921,MONTHLY,6,6,JUN,,2012-01-01 00:00:00.000,7.01,
SURVEY,ANIMALS & PRODUCTS,LIVESTOCK,HOGS,ALL CLASSES,ALL PRODUCTION PRACTICES,ALL UTILIZATION PRACTICES,PRICE RECEIVED,$ / CWT,"HOGS - PRICE RECEIVED, MEASURED IN $ / CWT",TOTAL,NOT SPECIFIED,NATIONAL,,99,US,US TOTAL,,,,,,,,0,,,9000,UNITED STATES,US TOTAL,1921,MONTHLY,7,7,JUL,,2012-01-01 00:00:00.000,8.16,
SURVEY,ANIMALS & PRODUCTS,LIVESTOCK,HOGS,ALL CLASSES,ALL PRODUCTION PRACTICES,ALL UTILIZATION PRACTICES,PRICE RECEIVED,$ / CWT,"HOGS - PRICE RECEIVED, MEASURED IN $ / CWT",TOTAL,NOT SPECIFIED,NATIONAL,,99,US,US TOTAL,,,,,,,,0,,,9000,UNITED STATES,US TOTAL,1921,MONTHLY,8,8,AUG,,2012-01-01 00:00:00.000,8.87,
SURVEY,ANIMALS & PRODUCTS,LIVESTOCK,HOGS,ALL CLASSES,ALL PRODUCTION PRACTICES,ALL UTILIZATION PRACTICES,PRICE RECEIVED,$ / CWT,"HOGS - PRICE RECEIVED, MEASURED IN $ / CWT",TOTAL,NOT SPECIFIED,NATIONAL,,99,US,US TOTAL,,,,,,,,0,,,9000,UNITED STATES,US TOTAL,1921,MONTHLY,9,9,SEP,,2012-01-01 00:00:00.000,7.24,
SURVEY,ANIMALS & PRODUCTS,LIVESTOCK,HOGS,ALL CLASSES,ALL PRODUCTION PRACTICES,ALL UTILIZATION PRACTICES,PRICE RECEIVED,$ / CWT,"HOGS - PRICE RECEIVED, MEASURED IN $ / CWT",TOTAL,NOT SPECIFIED,NATIONAL,,99,US,US TOTAL,,,,,,,,0,,,9000,UNITED STATES,US TOTAL,1921,MONTHLY,10,10,OCT,,2012-01-01 00:00:00.000,6.99,
SURVEY,ANIMALS & PRODUCTS,LIVESTOCK,HOGS,ALL CLASSES,ALL PRODUCTION PRACTICES,ALL UTILIZATION PRACTICES,PRICE RECEIVED,$ / CWT,"HOGS - PRICE RECEIVED, MEASURED IN $ / CWT",TOTAL,NOT SPECIFIED,NATIONAL,,99,US,US TOTAL,,,,,,,,0,,,9000,UNITED STATES,US TOTAL,1921,MONTHLY,11,11,NOV,,2012-01-01 00:00:00.000,6.28,
SURVEY,ANIMALS & PRODUCTS,LIVESTOCK,HOGS,ALL CLASSES,ALL PRODUCTION PRACTICES,ALL UTILIZATION PRACTICES,PRICE RECEIVED,$ / CWT,"HOGS - PRICE RECEIVED, MEASURED IN $ / CWT",TOTAL,NOT SPECIFIED,NATIONAL,,99,US,US TOTAL,,,,,,,,0,,,9000,UNITED STATES,US TOTAL,1921,MONTHLY,12,12,DEC,,2012-01-01 00:00:00.000,6.15,
SURVEY,ANIMALS & PRODUCTS,LIVESTOCK,HOGS,ALL CLASSES,ALL PRODUCTION PRACTICES,ALL UTILIZATION PRACTICES,PRICE RECEIVED,$ / CWT,"HOGS - PRICE RECEIVED, MEASURED IN $ / CWT",TOTAL,NOT SPECIFIED,NATIONAL,,99,US,US TOTAL,,,,,,,,0,,,9000,UNITED STATES,US TOTAL,1920,MONTHLY,1,1,JAN,,2012-01-01 00:00:00.000,13.3,
SURVEY,ANIMALS & PRODUCTS,LIVESTOCK,HOGS,ALL CLASSES,ALL PRODUCTION PRACTICES,ALL UTILIZATION PRACTICES,PRICE RECEIVED,$ / CWT,"HOGS - PRICE RECEIVED, MEASURED IN $ / CWT",TOTAL,NOT SPECIFIED,NATIONAL,,99,US,US TOTAL,,,,,,,,0,,,9000,UNITED STATES,US TOTAL,1920,MONTHLY,2,2,FEB,,2012-01-01 00:00:00.000,13.6,
SURVEY,ANIMALS & PRODUCTS,LIVESTOCK,HOGS,ALL CLASSES,ALL PRODUCTION PRACTICES,ALL UTILIZATION PRACTICES,PRICE RECEIVED,$ / CWT,"HOGS - PRICE RECEIVED, MEASURED IN $ / CWT",TOTAL,NOT SPECIFIED,NATIONAL,,99,US,US TOTAL,,,,,,,,0,,,9000,UNITED STATES,US TOTAL,1920,MONTHLY,3,3,MAR,,2012-01-01 00:00:00.000,13.7,
SURVEY,ANIMALS & PRODUCTS,LIVESTOCK,HOGS,ALL CLASSES,ALL PRODUCTION PRACTICES,ALL UTILIZATION PRACTICES,PRICE RECEIVED,$ / CWT,"HOGS - PRICE RECEIVED, MEASURED IN $ / CWT",TOTAL,NOT SPECIFIED,NATIONAL,,99,US,US TOTAL,,,,,,,,0,,,9000,UNITED STATES,US TOTAL,1920,MONTHLY,4,4,APR,,2012-01-01 00:00:00.000,13.7,
SURVEY,ANIMALS & PRODUCTS,LIVESTOCK,HOGS,ALL CLASSES,ALL PRODUCTION PRACTICES,ALL UTILIZATION PRACTICES,PRICE RECEIVED,$ / CWT,"HOGS - PRICE RECEIVED, MEASURED IN $ / CWT",TOTAL,NOT SPECIFIED,NATIONAL,,99,US,US TOTAL,,,,,,,,0,,,9000,UNITED STATES,US TOTAL,1920,MONTHLY,5,5,MAY,,2012-01-01 00:00:00.000,13.4,
SURVEY,ANIMALS & PRODUCTS,LIVESTOCK,HOGS,ALL CLASSES,ALL PRODUCTION PRACTICES,ALL UTILIZATION PRACTICES,PRICE RECEIVED,$ / CWT,"HOGS - PRICE RECEIVED, MEASURED IN $ / CWT",TOTAL,NOT SPECIFIED,NATIONAL,,99,US,US TOTAL,,,,,,,,0,,,9000,UNITED STATES,US TOTAL,1920,MONTHLY,6,6,JUN,,2012-01-01 00:00:00.000,13.2,
SURVEY,ANIMALS & PRODUCTS,LIVESTOCK,HOGS,ALL CLASSES,ALL PRODUCTION PRACTICES,ALL UTILIZATION PRACTICES,PRICE RECEIVED,$ / CWT,"HOGS - PRICE RECEIVED, MEASURED IN $ / CWT",TOTAL,NOT SPECIFIED,NATIONAL,,99,US,US TOTAL,,,,,,,,0,,,9000,UNITED STATES,US TOTAL,1920,MONTHLY,7,7,JUL,,2012-01-01 00:00:00.000,13.8,
SURVEY,ANIMALS & PRODUCTS,LIVESTOCK,HOGS,ALL CLASSES,ALL PRODUCTION PRACTICES,ALL UTILIZATION PRACTICES,PRICE RECEIVED,$ / CWT,"HOGS - PRICE RECEIVED, MEASURED IN $ / CWT",TOTAL,NOT SPECIFIED,NATIONAL,,99,US,US TOTAL,,,,,,,,0,,,9000,UNITED STATES,US TOTAL,1920,MONTHLY,8,8,AUG,,2012-01-01 00:00:00.000,13.8,
SURVEY,ANIMALS & PRODUCTS,LIVESTOCK,HOGS,ALL CLASSES,ALL PRODUCTION PRACTICES,ALL UTILIZATION PRACTICES,PRICE RECEIVED,$ / CWT,"HOGS - PRICE RECEIVED, MEASURED IN $ / CWT",TOTAL,NOT SPECIFIED,NATIONAL,,99,US,US TOTAL,,,,,,,,0,,,9000,UNITED STATES,US TOTAL,1920,MONTHLY,9,9,SEP,,2012-01-01 00:00:00.000,14.3,
SURVEY,ANIMALS & PRODUCTS,LIVESTOCK,HOGS,ALL CLASSES,ALL PRODUCTION PRACTICES,ALL UTILIZATION PRACTICES,PRICE RECEIVED,$ / CWT,"HOGS - PRICE RECEIVED, MEASURED IN $ / CWT",TOTAL,NOT SPECIFIED,NATIONAL,,99,US,US TOTAL,,,,,,,,0,,,9000,UNITED STATES,US TOTAL,1920,MONTHLY,10,10,OCT,,2012-01-01 00:00:00.000,13.7,
SURVEY,ANIMALS & PRODUCTS,LIVESTOCK,HOGS,ALL CLASSES,ALL PRODUCTION PRACTICES,ALL UTILIZATION PRACTICES,PRICE RECEIVED,$ / CWT,"HOGS - PRICE RECEIVED, MEASURED IN $ / CWT",TOTAL,NOT SPECIFIED,NATIONAL,,99,US,US TOTAL,,,,,,,,0,,,9000,UNITED STATES,US TOTAL,1920,MONTHLY,11,11,NOV,,2012-01-01 00:00:00.000,11.6,
SURVEY,ANIMALS & PRODUCTS,LIVESTOCK,HOGS,ALL CLASSES,ALL PRODUCTION PRACTICES,ALL UTILIZATION PRACTICES,PRICE RECEIVED,$ / CWT,"HOGS - PRICE RECEIVED, MEASURED IN $ / CWT",TOTAL,NOT SPECIFIED,NATIONAL,,99,US,US TOTAL,,,,,,,,0,,,9000,UNITED STATES,US TOTAL,1920,MONTHLY,12,12,DEC,,2012-01-01 00:00:00.000,8.5,
SURVEY,ANIMALS & PRODUCTS,LIVESTOCK,HOGS,ALL CLASSES,ALL PRODUCTION PRACTICES,ALL UTILIZATION PRACTICES,PRICE RECEIVED,$ / CWT,"HOGS - PRICE RECEIVED, MEASURED IN $ / CWT",TOTAL,NOT SPECIFIED,NATIONAL,,99,US,US TOTAL,,,,,,,,0,,,9000,UNITED STATES,US TOTAL,1919,MONTHLY,1,1,JAN,,2012-01-01 00:00:00.000,16.1,
SURVEY,ANIMALS & PRODUCTS,LIVESTOCK,HOGS,ALL CLASSES,ALL PRODUCTION PRACTICES,ALL UTILIZATION PRACTICES,PRICE RECEIVED,$ / CWT,"HOGS - PRICE RECEIVED, MEASURED IN $ / CWT",TOTAL,NOT SPECIFIED,NATIONAL,,99,US,US TOTAL,,,,,,,,0,,,9000,UNITED STATES,US TOTAL,1919,MONTHLY,2,2,FEB,,2012-01-01 00:00:00.000,16.0,
SURVEY,ANIMALS & PRODUCTS,LIVESTOCK,HOGS,ALL CLASSES,ALL PRODUCTION PRACTICES,ALL UTILIZATION PRACTICES,PRICE RECEIVED,$ / CWT,"HOGS - PRICE RECEIVED, MEASURED IN $ / CWT",TOTAL,NOT SPECIFIED,NATIONAL,,99,US,US TOTAL,,,,,,,,0,,,9000,UNITED STATES,US TOTAL,1919,MONTHLY,3,3,MAR,,2012-01-01 00:00:00.000,16.8,
SURVEY,ANIMALS & PRODUCTS,LIVESTOCK,HOGS,ALL CLASSES,ALL PRODUCTION PRACTICES,ALL UTILIZATION PRACTICES,PRICE RECEIVED,$ / CWT,"HOGS - PRICE RECEIVED, MEASURED IN $ / CWT",TOTAL,NOT SPECIFIED,NATIONAL,,99,US,US TOTAL,,,,,,,,0,,,9000,UNITED STATES,US TOTAL,1919,MONTHLY,4,4,APR,,2012-01-01 00:00:00.000,18.3,
SURVEY,ANIMALS & PRODUCTS,LIVESTOCK,HOGS,ALL CLASSES,ALL PRODUCTION PRACTICES,ALL UTILIZATION PRACTICES,PRICE RECEIVED,$ / CWT,"HOGS - PRICE RECEIVED, MEASURED IN $ / CWT",TOTAL,NOT SPECIFIED,NATIONAL,,99,US,US TOTAL,,,,,,,,0,,,9000,UNITED STATES,US TOTAL,1919,MONTHLY,5,5,MAY,,2012-01-01 00:00:00.000,18.9,
SURVEY,ANIMALS & PRODUCTS,LIVESTOCK,HOGS,ALL CLASSES,ALL PRODUCTION PRACTICES,ALL UTILIZATION PRACTICES,PRICE RECEIVED,$ / CWT,"HOGS - PRICE RECEIVED, MEASURED IN $ / CWT",TOTAL,NOT SPECIFIED,NATIONAL,,99,US,US TOTAL,,,,,,,,0,,,9000,UNITED STATES,US TOTAL,1919,MONTHLY,6,6,JUN,,2012-01-01 00:00:00.000,18.7,
SURVEY,ANIMALS & PRODUCTS,LIVESTOCK,HOGS,ALL CLASSES,ALL PRODUCTION PRACTICES,ALL UTILIZATION PRACTICES,PRICE RECEIVED,$ / CWT,"HOGS - PRICE RECEIVED, MEASURED IN $ / CWT",TOTAL,NOT SPECIFIED,NATIONAL,,99,US,US TOTAL,,,,,,,,0,,,9000,UNITED STATES,US TOTAL,1919,MONTHLY,7,7,JUL,,2012-01-01 00:00:00.000,20.1,
SURVEY,ANIMALS & PRODUCTS,LIVESTOCK,HOGS,ALL CLASSES,ALL PRODUCTION PRACTICES,ALL UTILIZATION PRACTICES,PRICE RECEIVED,$ / CWT,"HOGS - PRICE RECEIVED, MEASURED IN $ / CWT",TOTAL,NOT SPECIFIED,NATIONAL,,99,US,US TOTAL,,,,,,,,0,,,9000,UNITED STATES,US TOTAL,1919,MONTHLY,8,8,AUG,,2012-01-01 00:00:00.000,19.9,
SURVEY,ANIMALS & PRODUCTS,LIVESTOCK,HOGS,ALL CLASSES,ALL PRODUCTION PRACTICES,ALL UTILIZATION PRACTICES,PRICE RECEIVED,$ / CWT,"HOGS - PRICE RECEIVED, MEASURED IN $ / CWT",TOTAL,NOT SPECIFIED,NATIONAL,,99,US,US TOTAL,,,,,,,,0,,,9000,UNITED STATES,US TOTAL,1919,MONTHLY,9,9,SEP,,2012-01-01 00:00:00.000,15.8,
SURVEY,ANIMALS & PRODUCTS,LIVESTOCK,HOGS,ALL CLASSES,ALL PRODUCTION PRACTICES,ALL UTILIZATION PRACTICES,PRICE RECEIVED,$ / CWT,"HOGS - PRICE RECEIVED, MEASURED IN $ / CWT",TOTAL,NOT SPECIFIED,NATIONAL,,99,US,US TOTAL,,,,,,,,0,,,9000,UNITED STATES,US TOTAL,1919,MONTHLY,10,10,OCT,,2012-01-01 00:00:00.000,13.7,
SURVEY,ANIMALS & PRODUCTS,LIVESTOCK,HOGS,ALL CLASSES,ALL PRODUCTION PRACTICES,ALL UTILIZATION PRACTICES,PRICE RECEIVED,$ / CWT,"HOGS - PRICE RECEIVED, MEASURED IN $ / CWT",TOTAL,NOT SPECIFIED,NATIONAL,,99,US,US TOTAL,,,,,,,,0,,,9000,UNITED STATES,US TOTAL,1919,MONTHLY,11,11,NOV,,2012-01-01 00:00:00.000,13.3,
SURVEY,ANIMALS & PRODUCTS,LIVESTOCK,HOGS,ALL CLASSES,ALL PRODUCTION PRACTICES,ALL UTILIZATION PRACTICES,PRICE RECEIVED,$ / CWT,"HOGS - PRICE RECEIVED, MEASURED IN $ / CWT",TOTAL,NOT SPECIFIED,NATIONAL,,99,US,US TOTAL,,,,,,,,0,,,9000,UNITED STATES,US TOTAL,1919,MONTHLY,12,12,DEC,,2012-01-01 00:00:00.000,12.4,
SURVEY,ANIMALS & PRODUCTS,LIVESTOCK,HOGS,ALL CLASSES,ALL PRODUCTION PRACTICES,ALL UTILIZATION PRACTICES,PRICE RECEIVED,$ / CWT,"HOGS - PRICE RECEIVED, MEASURED IN $ / CWT",TOTAL,NOT SPECIFIED,NATIONAL,,99,US,US TOTAL,,,,,,,,0,,,9000,UNITED STATES,US TOTAL,1918,MONTHLY,1,1,JAN,,2012-01-01 00:00:00.000,15.4,
SURVEY,ANIMALS & PRODUCTS,LIVESTOCK,HOGS,ALL CLASSES,ALL PRODUCTION PRACTICES,ALL UTILIZATION PRACTICES,PRICE RECEIVED,$ / CWT,"HOGS - PRICE RECEIVED, MEASURED IN $ / CWT",TOTAL,NOT SPECIFIED,NATIONAL,,99,US,US TOTAL,,,,,,,,0,,,9000,UNITED STATES,US TOTAL,1918,MONTHLY,2,2,FEB,,2012-01-01 00:00:00.000,15.2,
SURVEY,ANIMALS & PRODUCTS,LIVESTOCK,HOGS,ALL CLASSES,ALL PRODUCTION PRACTICES,ALL UTILIZATION PRACTICES,PRICE RECEIVED,$ / CWT,"HOGS - PRICE RECEIVED, MEASURED IN $ / CWT",TOTAL,NOT SPECIFIED,NATIONAL,,99,US,US TOTAL,,,,,,,,0,,,9000,UNITED STATES,US TOTAL,1918,MONTHLY,3,3,MAR,,2012-01-01 00:00:00.000,15.9,
SURVEY,ANIMALS & PRODUCTS,LIVESTOCK,HOGS,ALL CLASSES,ALL PRODUCTION PRACTICES,ALL UTILIZATION PRACTICES,PRICE RECEIVED,$ / CWT,"HOGS - PRICE RECEIVED, MEASURED IN $ / CWT",TOTAL,NOT SPECIFIED,NATIONAL,,99,US,US TOTAL,,,,,,,,0,,,9000,UNITED STATES,US TOTAL,1918,MONTHLY,4,4,APR,,2012-01-01 00:00:00.000,16.1,
SURVEY,ANIMALS & PRODUCTS,LIVESTOCK,HOGS,ALL CLASSES,ALL PRODUCTION PRACTICES,ALL UTILIZATION PRACTICES,PRICE RECEIVED,$ / CWT,"HOGS - PRICE RECEIVED, MEASURED IN $ / CWT",TOTAL,NOT SPECIFIED,NATIONAL,,99,US,US TOTAL,,,,,,,,0,,,9000,UNITED STATES,US TOTAL,1918,MONTHLY,5,5,MAY,,2012-01-01 00:00:00.000,16.3,
SURVEY,ANIMALS & PRODUCTS,LIVESTOCK,HOGS,ALL CLASSES,ALL PRODUCTION PRACTICES,ALL UTILIZATION PRACTICES,PRICE RECEIVED,$ / CWT,"HOGS - PRICE RECEIVED, MEASURED IN $ / CWT",TOTAL,NOT SPECIFIED,NATIONAL,,99,US,US TOTAL,,,,,,,,0,,,9000,UNITED STATES,US TOTAL,1918,MONTHLY,6,6,JUN,,2012-01-01 00:00:00.000,15.7,
SURVEY,ANIMALS & PRODUCTS,LIVESTOCK,HOGS,ALL CLASSES,ALL PRODUCTION PRACTICES,ALL UTILIZATION PRACTICES,PRICE RECEIVED,$ / CWT,"HOGS - PRICE RECEIVED, MEASURED IN $ / CWT",TOTAL,NOT SPECIFIED,NATIONAL,,99,US,US TOTAL,,,,,,,,0,,,9000,UNITED STATES,US TOTAL,1918,MONTHLY,7,7,JUL,,2012-01-01 00:00:00.000,16.0,
SURVEY,ANIMALS & PRODUCTS,LIVESTOCK,HOGS,ALL CLASSES,ALL PRODUCTION PRACTICES,ALL UTILIZATION PRACTICES,PRICE RECEIVED,$ / CWT,"HOGS - PRICE RECEIVED, MEASURED IN $ / CWT",TOTAL,NOT SPECIFIED,NATIONAL,,99,US,US TOTAL,,,,,,,,0,,,9000,UNITED STATES,US TOTAL,1918,MONTHLY,8,8,AUG,,2012-01-01 00:00:00.000,17.6,
SURVEY,ANIMALS & PRODUCTS,LIVESTOCK,HOGS,ALL CLASSES,ALL PRODUCTION PRACTICES,ALL UTILIZATION PRACTICES,PRICE RECEIVED,$ / CWT,"HOGS - PRICE RECEIVED, MEASURED IN $ / CWT",TOTAL,NOT SPECIFIED,NATIONAL,,99,US,US TOTAL,,,,,,,,0,,,9000,UNITED STATES,US TOTAL,1918,MONTHLY,9,9,SEP,,2012-01-01 00:00:00.000,18.2,
SURVEY,ANIMALS & PRODUCTS,LIVESTOCK,HOGS,ALL CLASSES,ALL PRODUCTION PRACTICES,ALL UTILIZATION PRACTICES,PRICE RECEIVED,$ / CWT,"HOGS - PRICE RECEIVED, MEASURED IN $ / CWT",TOTAL,NOT SPECIFIED,NATIONAL,,99,US,US TOTAL,,,,,,,,0,,,9000,UNITED STATES,US TOTAL,1918,MONTHLY,10,10,OCT,,2012-01-01 00:00:00.000,16.8,
SURVEY,ANIMALS & PRODUCTS,LIVESTOCK,HOGS,ALL CLASSES,ALL PRODUCTION PRACTICES,ALL UTILIZATION PRACTICES,PRICE RECEIVED,$ / CWT,"HOGS - PRICE RECEIVED, MEASURED IN $ / CWT",TOTAL,NOT SPECIFIED,NATIONAL,,99,US,US TOTAL,,,,,,,,0,,,9000,UNITED STATES,US TOTAL,1918,MONTHLY,11,11,NOV,,2012-01-01 00:00:00.000,16.1,
SURVEY,ANIMALS & PRODUCTS,LIVESTOCK,HOGS,ALL CLASSES,ALL PRODUCTION PRACTICES,ALL UTILIZATION PRACTICES,PRICE RECEIVED,$ / CWT,"HOGS - PRICE RECEIVED, MEASURED IN $ / CWT",TOTAL,NOT SPECIFIED,NATIONAL,,99,US,US TOTAL,,,,,,,,0,,,9000,UNITED STATES,US TOTAL,1918,MONTHLY,12,12,DEC,,2012-01-01 00:00:00.000,16.1,
SURVEY,ANIMALS & PRODUCTS,LIVESTOCK,HOGS,ALL CLASSES,ALL PRODUCTION PRACTICES,ALL UTILIZATION PRACTICES,PRICE RECEIVED,$ / CWT,"HOGS - PRICE RECEIVED, MEASURED IN $ / CWT",TOTAL,NOT SPECIFIED,NATIONAL,,99,US,US TOTAL,,,,,,,,0,,,9000,UNITED STATES,US TOTAL,1917,MONTHLY,1,1,JAN,,2012-01-01 00:00:00.000,9.52,
SURVEY,ANIMALS & PRODUCTS,LIVESTOCK,HOGS,ALL CLASSES,ALL PRODUCTION PRACTICES,ALL UTILIZATION PRACTICES,PRICE RECEIVED,$ / CWT,"HOGS - PRICE RECEIVED, MEASURED IN $ / CWT",TOTAL,NOT SPECIFIED,NATIONAL,,99,US,US TOTAL,,,,,,,,0,,,9000,UNITED STATES,US TOTAL,1917,MONTHLY,2,2,FEB,,2012-01-01 00:00:00.000,11.0,
SURVEY,ANIMALS & PRODUCTS,LIVESTOCK,HOGS,ALL CLASSES,ALL PRODUCTION PRACTICES,ALL UTILIZATION PRACTICES,PRICE RECEIVED,$ / CWT,"HOGS - PRICE RECEIVED, MEASURED IN $ / CWT",TOTAL,NOT SPECIFIED,NATIONAL,,99,US,US TOTAL,,,,,,,,0,,,9000,UNITED STATES,US TOTAL,1917,MONTHLY,3,3,MAR,,2012-01-01 00:00:00.000,13.3,
SURVEY,ANIMALS & PRODUCTS,LIVESTOCK,HOGS,ALL CLASSES,ALL PRODUCTION PRACTICES,ALL UTILIZATION PRACTICES,PRICE RECEIVED,$ / CWT,"HOGS - PRICE RECEIVED, MEASURED IN $ / CWT",TOTAL,NOT SPECIFIED,NATIONAL,,99,US,US TOTAL,,,,,,,,0,,,9000,UNITED STATES,US TOTAL,1917,MONTHLY,4,4,APR,,2012-01-01 00:00:00.000,14.6,
SURVEY,ANIMALS & PRODUCTS,LIVESTOCK,HOGS,ALL CLASSES,ALL PRODUCTION PRACTICES,ALL UTILIZATION PRACTICES,PRICE RECEIVED,$ / CWT,"HOGS - PRICE RECEIVED, MEASURED IN $ / CWT",TOTAL,NOT SPECIFIED,NATIONAL,,99,US,US TOTAL,,,,,,,,0,,,9000,UNITED STATES,US TOTAL,1917,MONTHLY,5,5,MAY,,2012-01-01 00:00:00.000,14.6,
SURVEY,ANIMALS & PRODUCTS,LIVESTOCK,HOGS,ALL CLASSES,ALL PRODUCTION PRACTICES,ALL UTILIZATION PRACTICES,PRICE RECEIVED,$ / CWT,"HOGS - PRICE RECEIVED, MEASURED IN $ / CWT",TOTAL,NOT SPECIFIED,NATIONAL,,99,US,US TOTAL,,,,,,,,0,,,9000,UNITED STATES,US TOTAL,1917,MONTHLY,6,6,JUN,,2012-01-01 00:00:00.000,14.4,
SURVEY,ANIMALS & PRODUCTS,LIVESTOCK,HOGS,ALL CLASSES,ALL PRODUCTION PRACTICES,ALL UTILIZATION PRACTICES,PRICE RECEIVED,$ / CWT,"HOGS - PRICE RECEIVED, MEASURED IN $ / CWT",TOTAL,NOT SPECIFIED,NATIONAL,,99,US,US TOTAL,,,,,,,,0,,,9000,UNITED STATES,US TOTAL,1917,MONTHLY,7,7,JUL,,2012-01-01 00:00:00.000,14.1,
SURVEY,ANIMALS & PRODUCTS,LIVESTOCK,HOGS,ALL CLASSES,ALL PRODUCTION PRACTICES,ALL UTILIZATION PRACTICES,PRICE RECEIVED,$ / CWT,"HOGS - PRICE RECEIVED, MEASURED IN $ / CWT",TOTAL,NOT SPECIFIED,NATIONAL,,99,US,US TOTAL,,,,,,,,0,,,9000,UNITED STATES,US TOTAL,1917,MONTHLY,8,8,AUG,,2012-01-01 00:00:00.000,15.2,
SURVEY,ANIMALS & PRODUCTS,LIVESTOCK,HOGS,ALL CLASSES,ALL PRODUCTION PRACTICES,ALL UTILIZATION PRACTICES,PRICE RECEIVED,$ / CWT,"HOGS - PRICE RECEIVED, MEASURED IN $ / CWT",TOTAL,NOT SPECIFIED,NATIONAL,,99,US,US TOTAL,,,,,,,,0,,,9000,UNITED STATES,US TOTAL,1917,MONTHLY,9,9,SEP,,2012-01-01 00:00:00.000,16.5,
SURVEY,ANIMALS & PRODUCTS,LIVESTOCK,HOGS,ALL CLASSES,ALL PRODUCTION PRACTICES,ALL UTILIZATION PRACTICES,PRICE RECEIVED,$ / CWT,"HOGS - PRICE RECEIVED, MEASURED IN $ / CWT",TOTAL,NOT SPECIFIED,NATIONAL,,99,US,US TOTAL,,,,,,,,0,,,9000,UNITED STATES,US TOTAL,1917,MONTHLY,10,10,OCT,,2012-01-01 00:00:00.000,16.7,
SURVEY,ANIMALS & PRODUCTS,LIVESTOCK,HOGS,ALL CLASSES,ALL PRODUCTION PRACTICES,ALL UTILIZATION PRACTICES,PRICE RECEIVED,$ / CWT,"HOGS - PRICE RECEIVED, MEASURED IN $ / CWT",TOTAL,NOT SPECIFIED,NATIONAL,,99,US,US TOTAL,,,,,,,,0,,,9000,UNITED STATES,US TOTAL,1917,MONTHLY,11,11,NOV,,2012-01-01 00:00:00.000,15.6,
SURVEY,ANIMALS & PRODUCTS,LIVESTOCK,HOGS,ALL CLASSES,ALL PRODUCTION PRACTICES,ALL UTILIZATION PRACTICES,PRICE RECEIVED,$ / CWT,"HOGS - PRICE RECEIVED, MEASURED IN $ / CWT",TOTAL,NOT SPECIFIED,NATIONAL,,99,US,US TOTAL,,,,,,,,0,,,9000,UNITED STATES,US TOTAL,1917,MONTHLY,12,12,DEC,,2012-01-01 00:00:00.000,16.0,
SURVEY,ANIMALS & PRODUCTS,LIVESTOCK,HOGS,ALL CLASSES,ALL PRODUCTION PRACTICES,ALL UTILIZATION PRACTICES,PRICE RECEIVED,$ / CWT,"HOGS - PRICE RECEIVED, MEASURED IN $ / CWT",TOTAL,NOT SPECIFIED,NATIONAL,,99,US,US TOTAL,,,,,,,,0,,,9000,UNITED STATES,US TOTAL,1916,MONTHLY,1,1,JAN,,2012-01-01 00:00:00.000,6.24,
SURVEY,ANIMALS & PRODUCTS,LIVESTOCK,HOGS,ALL CLASSES,ALL PRODUCTION PRACTICES,ALL UTILIZATION PRACTICES,PRICE RECEIVED,$ / CWT,"HOGS - PRICE RECEIVED, MEASURED IN $ / CWT",TOTAL,NOT SPECIFIED,NATIONAL,,99,US,US TOTAL,,,,,,,,0,,,9000,UNITED STATES,US TOTAL,1916,MONTHLY,2,2,FEB,,2012-01-01 00:00:00.000,7.25,
SURVEY,ANIMALS & PRODUCTS,LIVESTOCK,HOGS,ALL CLASSES,ALL PRODUCTION PRACTICES,ALL UTILIZATION PRACTICES,PRICE RECEIVED,$ / CWT,"HOGS - PRICE RECEIVED, MEASURED IN $ / CWT",TOTAL,NOT SPECIFIED,NATIONAL,,99,US,US TOTAL,,,,,,,,0,,,9000,UNITED STATES,US TOTAL,1916,MONTHLY,3,3,MAR,,2012-01-01 00:00:00.000,8.58,
SURVEY,ANIMALS & PRODUCTS,LIVESTOCK,HOGS,ALL CLASSES,ALL PRODUCTION PRACTICES,ALL UTILIZATION PRACTICES,PRICE RECEIVED,$ / CWT,"HOGS - PRICE RECEIVED, MEASURED IN $ / CWT",TOTAL,NOT SPECIFIED,NATIONAL,,99,US,US TOTAL,,,,,,,,0,,,9000,UNITED STATES,US TOTAL,1916,MONTHLY,4,4,APR,,2012-01-01 00:00:00.000,8.62,
SURVEY,ANIMALS & PRODUCTS,LIVESTOCK,HOGS,ALL CLASSES,ALL PRODUCTION PRACTICES,ALL UTILIZATION PRACTICES,PRICE RECEIVED,$ / CWT,"HOGS - PRICE RECEIVED, MEASURED IN $ / CWT",TOTAL,NOT SPECIFIED,NATIONAL,,99,US,US TOTAL,,,,,,,,0,,,9000,UNITED STATES,US TOTAL,1916,MONTHLY,5,5,MAY,,2012-01-01 00:00:00.000,8.77,
SURVEY,ANIMALS & PRODUCTS,LIVESTOCK,HOGS,ALL CLASSES,ALL PRODUCTION PRACTICES,ALL UTILIZATION PRACTICES,PRICE RECEIVED,$ / CWT,"HOGS - PRICE RECEIVED, MEASURED IN $ / CWT",TOTAL,NOT SPECIFIED,NATIONAL,,99,US,US TOTAL,,,,,,,,0,,,9000,UNITED STATES,US TOTAL,1916,MONTHLY,6,6,JUN,,2012-01-01 00:00:00.000,8.54,
SURVEY,ANIMALS & PRODUCTS,LIVESTOCK,HOGS,ALL CLASSES,ALL PRODUCTION PRACTICES,ALL UTILIZATION PRACTICES,PRICE RECEIVED,$ / CWT,"HOGS - PRICE RECEIVED, MEASURED IN $ / CWT",TOTAL,NOT SPECIFIED,NATIONAL,,99,US,US TOTAL,,,,,,,,0,,,9000,UNITED STATES,US TOTAL,1916,MONTHLY,7,7,JUL,,2012-01-01 00:00:00.000,8.8,
SURVEY,ANIMALS & PRODUCTS,LIVESTOCK,HOGS,ALL CLASSES,ALL PRODUCTION PRACTICES,ALL UTILIZATION PRACTICES,PRICE RECEIVED,$ / CWT,"HOGS - PRICE RECEIVED, MEASURED IN $ / CWT",TOTAL,NOT SPECIFIED,NATIONAL,,99,US,US TOTAL,,,,,,,,0,,,9000,UNITED STATES,US TOTAL,1916,MONTHLY,8,8,AUG,,2012-01-01 00:00:00.000,9.01,
SURVEY,ANIMALS & PRODUCTS,LIVESTOCK,HOGS,ALL CLASSES,ALL PRODUCTION PRACTICES,ALL UTILIZATION PRACTICES,PRICE RECEIVED,$ / CWT,"HOGS - PRICE RECEIVED, MEASURED IN $ / CWT",TOTAL,NOT SPECIFIED,NATIONAL,,99,US,US TOTAL,,,,,,,,0,,,9000,UNITED STATES,US TOTAL,1916,MONTHLY,9,9,SEP,,2012-01-01 00:00:00.000,9.65,
SURVEY,ANIMALS & PRODUCTS,LIVESTOCK,HOGS,ALL CLASSES,ALL PRODUCTION PRACTICES,ALL UTILIZATION PRACTICES,PRICE RECEIVED,$ / CWT,"HOGS - PRICE RECEIVED, MEASURED IN $ / CWT",TOTAL,NOT SPECIFIED,NATIONAL,,99,US,US TOTAL,,,,,,,,0,,,9000,UNITED STATES,US TOTAL,1916,MONTHLY,10,10,OCT,,2012-01-01 00:00:00.000,8.82,
SURVEY,ANIMALS & PRODUCTS,LIVESTOCK,HOGS,ALL CLASSES,ALL PRODUCTION PRACTICES,ALL UTILIZATION PRACTICES,PRICE RECEIVED,$ / CWT,"HOGS - PRICE RECEIVED, MEASURED IN $ / CWT",TOTAL,NOT SPECIFIED,NATIONAL,,99,US,US TOTAL,,,,,,,,0,,,9000,UNITED STATES,US TOTAL,1916,MONTHLY,11,11,NOV,,2012-01-01 00:00:00.000,8.9,
SURVEY,ANIMALS & PRODUCTS,LIVESTOCK,HOGS,ALL CLASSES,ALL PRODUCTION PRACTICES,ALL UTILIZATION PRACTICES,PRICE RECEIVED,$ / CWT,"HOGS - PRICE RECEIVED, MEASURED IN $ / CWT",TOTAL,NOT SPECIFIED,NATIONAL,,99,US,US TOTAL,,,,,,,,0,,,9000,UNITED STATES,US TOTAL,1916,MONTHLY,12,12,DEC,,2012-01-01 00:00:00.000,8.95,
SURVEY,ANIMALS & PRODUCTS,LIVESTOCK,HOGS,ALL CLASSES,ALL PRODUCTION PRACTICES,ALL UTILIZATION PRACTICES,PRICE RECEIVED,$ / CWT,"HOGS - PRICE RECEIVED, MEASURED IN $ / CWT",TOTAL,NOT SPECIFIED,NATIONAL,,99,US,US TOTAL,,,,,,,,0,,,9000,UNITED STATES,US TOTAL,1915,MONTHLY,1,1,JAN,,2012-01-01 00:00:00.000,6.42,
SURVEY,ANIMALS & PRODUCTS,LIVESTOCK,HOGS,ALL CLASSES,ALL PRODUCTION PRACTICES,ALL UTILIZATION PRACTICES,PRICE RECEIVED,$ / CWT,"HOGS - PRICE RECEIVED, MEASURED IN $ / CWT",TOTAL,NOT SPECIFIED,NATIONAL,,99,US,US TOTAL,,,,,,,,0,,,9000,UNITED STATES,US TOTAL,1915,MONTHLY,2,2,FEB,,2012-01-01 00:00:00.000,6.19,
SURVEY,ANIMALS & PRODUCTS,LIVESTOCK,HOGS,ALL CLASSES,ALL PRODUCTION PRACTICES,ALL UTILIZATION PRACTICES,PRICE RECEIVED,$ / CWT,"HOGS - PRICE RECEIVED, MEASURED IN $ / CWT",TOTAL,NOT SPECIFIED,NATIONAL,,99,US,US TOTAL,,,,,,,,0,,,9000,UNITED STATES,US TOTAL,1915,MONTHLY,3,3,MAR,,2012-01-01 00:00:00.000,6.21,
SURVEY,ANIMALS & PRODUCTS,LIVESTOCK,HOGS,ALL CLASSES,ALL PRODUCTION PRACTICES,ALL UTILIZATION PRACTICES,PRICE RECEIVED,$ / CWT,"HOGS - PRICE RECEIVED, MEASURED IN $ / CWT",TOTAL,NOT SPECIFIED,NATIONAL,,99,US,US TOTAL,,,,,,,,0,,,9000,UNITED STATES,US TOTAL,1915,MONTHLY,4,4,APR,,2012-01-01 00:00:00.000,6.44,
SURVEY,ANIMALS & PRODUCTS,LIVESTOCK,HOGS,ALL CLASSES,ALL PRODUCTION PRACTICES,ALL UTILIZATION PRACTICES,PRICE RECEIVED,$ / CWT,"HOGS - PRICE RECEIVED, MEASURED IN $ / CWT",TOTAL,NOT SPECIFIED,NATIONAL,,99,US,US TOTAL,,,,,,,,0,,,9000,UNITED STATES,US TOTAL,1915,MONTHLY,5,5,MAY,,2012-01-01 00:00:00.000,6.8,
SURVEY,ANIMALS & PRODUCTS,LIVESTOCK,HOGS,ALL CLASSES,ALL PRODUCTION PRACTICES,ALL UTILIZATION PRACTICES,PRICE RECEIVED,$ / CWT,"HOGS - PRICE RECEIVED, MEASURED IN $ / CWT",TOTAL,NOT SPECIFIED,NATIONAL,,99,US,US TOTAL,,,,,,,,0,,,9000,UNITED STATES,US TOTAL,1915,MONTHLY,6,6,JUN,,2012-01-01 00:00:00.000,6.85,
SURVEY,ANIMALS & PRODUCTS,LIVESTOCK,HOGS,ALL CLASSES,ALL PRODUCTION PRACTICES,ALL UTILIZATION PRACTICES,PRICE RECEIVED,$ / CWT,"HOGS - PRICE RECEIVED, MEASURED IN $ / CWT",TOTAL,NOT SPECIFIED,NATIONAL,,99,US,US TOTAL,,,,,,,,0,,,9000,UNITED STATES,US TOTAL,1915,MONTHLY,7,7,JUL,,2012-01-01 00:00:00.000,6.85,
SURVEY,ANIMALS & PRODUCTS,LIVESTOCK,HOGS,ALL CLASSES,ALL PRODUCTION PRACTICES,ALL UTILIZATION PRACTICES,PRICE RECEIVED,$ / CWT,"HOGS - PRICE RECEIVED, MEASURED IN $ / CWT",TOTAL,NOT SPECIFIED,NATIONAL,,99,US,US TOTAL,,,,,,,,0,,,9000,UNITED STATES,US TOTAL,1915,MONTHLY,8,8,AUG,,2012-01-01 00:00:00.000,6.53,
SURVEY,ANIMALS & PRODUCTS,LIVESTOCK,HOGS,ALL CLASSES,ALL PRODUCTION PRACTICES,ALL UTILIZATION PRACTICES,PRICE RECEIVED,$ / CWT,"HOGS - PRICE RECEIVED, MEASURED IN $ / CWT",TOTAL,NOT SPECIFIED,NATIONAL,,99,US,US TOTAL,,,,,,,,0,,,9000,UNITED STATES,US TOTAL,1915,MONTHLY,9,9,SEP,,2012-01-01 00:00:00.000,6.76,
SURVEY,ANIMALS & PRODUCTS,LIVESTOCK,HOGS,ALL CLASSES,ALL PRODUCTION PRACTICES,ALL UTILIZATION PRACTICES,PRICE RECEIVED,$ / CWT,"HOGS - PRICE RECEIVED, MEASURED IN $ / CWT",TOTAL,NOT SPECIFIED,NATIONAL,,99,US,US TOTAL,,,,,,,,0,,,9000,UNITED STATES,US TOTAL,1915,MONTHLY,10,10,OCT,,2012-01-01 00:00:00.000,7.3,
SURVEY,ANIMALS & PRODUCTS,LIVESTOCK,HOGS,ALL CLASSES,ALL PRODUCTION PRACTICES,ALL UTILIZATION PRACTICES,PRICE RECEIVED,$ / CWT,"HOGS - PRICE RECEIVED, MEASURED IN $ / CWT",TOTAL,NOT SPECIFIED,NATIONAL,,99,US,US TOTAL,,,,,,,,0,,,9000,UNITED STATES,US TOTAL,1915,MONTHLY,11,11,NOV,,2012-01-01 00:00:00.000,6.2,
SURVEY,ANIMALS & PRODUCTS,LIVESTOCK,HOGS,ALL CLASSES,ALL PRODUCTION PRACTICES,ALL UTILIZATION PRACTICES,PRICE RECEIVED,$ / CWT,"HOGS - PRICE RECEIVED, MEASURED IN $ / CWT",TOTAL,NOT SPECIFIED,NATIONAL,,99,US,US TOTAL,,,,,,,,0,,,9000,UNITED STATES,US TOTAL,1915,MONTHLY,12,12,DEC,,2012-01-01 00:00:00.000,5.86,
SURVEY,ANIMALS & PRODUCTS,LIVESTOCK,HOGS,ALL CLASSES,ALL PRODUCTION PRACTICES,ALL UTILIZATION PRACTICES,PRICE RECEIVED,$ / CWT,"HOGS - PRICE RECEIVED, MEASURED IN $ / CWT",TOTAL,NOT SPECIFIED,NATIONAL,,99,US,US TOTAL,,,,,,,,0,,,9000,UNITED STATES,US TOTAL,1914,MONTHLY,1,1,JAN,,2012-01-01 00:00:00.000,7.49,
SURVEY,ANIMALS & PRODUCTS,LIVESTOCK,HOGS,ALL CLASSES,ALL PRODUCTION PRACTICES,ALL UTILIZATION PRACTICES,PRICE RECEIVED,$ / CWT,"HOGS - PRICE RECEIVED, MEASURED IN $ / CWT",TOTAL,NOT SPECIFIED,NATIONAL,,99,US,US TOTAL,,,,,,,,0,,,9000,UNITED STATES,US TOTAL,1914,MONTHLY,2,2,FEB,,2012-01-01 00:00:00.000,7.86,
SURVEY,ANIMALS & PRODUCTS,LIVESTOCK,HOGS,ALL CLASSES,ALL PRODUCTION PRACTICES,ALL UTILIZATION PRACTICES,PRICE RECEIVED,$ / CWT,"HOGS - PRICE RECEIVED, MEASURED IN $ / CWT",TOTAL,NOT SPECIFIED,NATIONAL,,99,US,US TOTAL,,,,,,,,0,,,9000,UNITED STATES,US TOTAL,1914,MONTHLY,3,3,MAR,,2012-01-01 00:00:00.000,7.93,
SURVEY,ANIMALS & PRODUCTS,LIVESTOCK,HOGS,ALL CLASSES,ALL PRODUCTION PRACTICES,ALL UTILIZATION PRACTICES,PRICE RECEIVED,$ / CWT,"HOGS - PRICE RECEIVED, MEASURED IN $ / CWT",TOTAL,NOT SPECIFIED,NATIONAL,,99,US,US TOTAL,,,,,,,,0,,,9000,UNITED STATES,US TOTAL,1914,MONTHLY,4,4,APR,,2012-01-01 00:00:00.000,7.95,
SURVEY,ANIMALS & PRODUCTS,LIVESTOCK,HOGS,ALL CLASSES,ALL PRODUCTION PRACTICES,ALL UTILIZATION PRACTICES,PRICE RECEIVED,$ / CWT,"HOGS - PRICE RECEIVED, MEASURED IN $ / CWT",TOTAL,NOT SPECIFIED,NATIONAL,,99,US,US TOTAL,,,,,,,,0,,,9000,UNITED STATES,US TOTAL,1914,MONTHLY,5,5,MAY,,2012-01-01 00:00:00.000,7.72,
SURVEY,ANIMALS & PRODUCTS,LIVESTOCK,HOGS,ALL CLASSES,ALL PRODUCTION PRACTICES,ALL UTILIZATION PRACTICES,PRICE RECEIVED,$ / CWT,"HOGS - PRICE RECEIVED, MEASURED IN $ / CWT",TOTAL,NOT SPECIFIED,NATIONAL,,99,US,US TOTAL,,,,,,,,0,,,9000,UNITED STATES,US TOTAL,1914,MONTHLY,6,6,JUN,,2012-01-01 00:00:00.000,7.46,
SURVEY,ANIMALS & PRODUCTS,LIVESTOCK,HOGS,ALL CLASSES,ALL PRODUCTION PRACTICES,ALL UTILIZATION PRACTICES,PRICE RECEIVED,$ / CWT,"HOGS - PRICE RECEIVED, MEASURED IN $ / CWT",TOTAL,NOT SPECIFIED,NATIONAL,,99,US,US TOTAL,,,,,,,,0,,,9000,UNITED STATES,US TOTAL,1914,MONTHLY,7,7,JUL,,2012-01-01 00:00:00.000,7.84,
SURVEY,ANIMALS & PRODUCTS,LIVESTOCK,HOGS,ALL CLASSES,ALL PRODUCTION PRACTICES,ALL UTILIZATION PRACTICES,PRICE RECEIVED,$ / CWT,"HOGS - PRICE RECEIVED, MEASURED IN $ / CWT",TOTAL,NOT SPECIFIED,NATIONAL,,99,US,US TOTAL,,,,,,,,0,,,9000,UNITED STATES,US TOTAL,1914,MONTHLY,8,8,AUG,,2012-01-01 00:00:00.000,8.24,
SURVEY,ANIMALS & PRODUCTS,LIVESTOCK,HOGS,ALL CLASSES,ALL PRODUCTION PRACTICES,ALL UTILIZATION PRACTICES,PRICE RECEIVED,$ / CWT,"HOGS - PRICE RECEIVED, MEASURED IN $ / CWT",TOTAL,NOT SPECIFIED,NATIONAL,,99,US,US TOTAL,,,,,,,,0,,,9000,UNITED STATES,US TOTAL,1914,MONTHLY,9,9,SEP,,2012-01-01 00:00:00.000,8.19,
SURVEY,ANIMALS & PRODUCTS,LIVESTOCK,HOGS,ALL CLASSES,ALL PRODUCTION PRACTICES,ALL UTILIZATION PRACTICES,PRICE RECEIVED,$ / CWT,"HOGS - PRICE RECEIVED, MEASURED IN $ / CWT",TOTAL,NOT SPECIFIED,NATIONAL,,99,US,US TOTAL,,,,,,,,0,,,9000,UNITED STATES,US TOTAL,1914,MONTHLY,10,10,OCT,,2012-01-01 00:00:00.000,7.29,
SURVEY,ANIMALS & PRODUCTS,LIVESTOCK,HOGS,ALL CLASSES,ALL PRODUCTION PRACTICES,ALL UTILIZATION PRACTICES,PRICE RECEIVED,$ / CWT,"HOGS - PRICE RECEIVED, MEASURED IN $ / CWT",TOTAL,NOT SPECIFIED,NATIONAL,,99,US,US TOTAL,,,,,,,,0,,,9000,UNITED STATES,US TOTAL,1914,MONTHLY,11,11,NOV,,2012-01-01 00:00:00.000,6.86,
SURVEY,ANIMALS & PRODUCTS,LIVESTOCK,HOGS,ALL CLASSES,ALL PRODUCTION PRACTICES,ALL UTILIZATION PRACTICES,PRICE RECEIVED,$ / CWT,"HOGS - PRICE RECEIVED, MEASURED IN $ / CWT",TOTAL,NOT SPECIFIED,NATIONAL,,99,US,US TOTAL,,,,,,,,0,,,9000,UNITED STATES,US TOTAL,1914,MONTHLY,12,12,DEC,,2012-01-01 00:00:00.000,6.51,
SURVEY,ANIMALS & PRODUCTS,LIVESTOCK,HOGS,ALL CLASSES,ALL PRODUCTION PRACTICES,ALL UTILIZATION PRACTICES,PRICE RECEIVED,$ / CWT,"HOGS - PRICE RECEIVED, MEASURED IN $ / CWT",TOTAL,NOT SPECIFIED,NATIONAL,,99,US,US TOTAL,,,,,,,,0,,,9000,UNITED STATES,US TOTAL,1913,MONTHLY,1,1,JAN,,2012-01-01 00:00:00.000,6.83,
SURVEY,ANIMALS & PRODUCTS,LIVESTOCK,HOGS,ALL CLASSES,ALL PRODUCTION PRACTICES,ALL UTILIZATION PRACTICES,PRICE RECEIVED,$ / CWT,"HOGS - PRICE RECEIVED, MEASURED IN $ / CWT",TOTAL,NOT SPECIFIED,NATIONAL,,99,US,US TOTAL,,,,,,,,0,,,9000,UNITED STATES,US TOTAL,1913,MONTHLY,2,2,FEB,,2012-01-01 00:00:00.000,7.33,
SURVEY,ANIMALS & PRODUCTS,LIVESTOCK,HOGS,ALL CLASSES,ALL PRODUCTION PRACTICES,ALL UTILIZATION PRACTICES,PRICE RECEIVED,$ / CWT,"HOGS - PRICE RECEIVED, MEASURED IN $ / CWT",TOTAL,NOT SPECIFIED,NATIONAL,,99,US,US TOTAL,,,,,,,,0,,,9000,UNITED STATES,US TOTAL,1913,MONTHLY,3,3,MAR,,2012-01-01 00:00:00.000,7.89,
SURVEY,ANIMALS & PRODUCTS,LIVESTOCK,HOGS,ALL CLASSES,ALL PRODUCTION PRACTICES,ALL UTILIZATION PRACTICES,PRICE RECEIVED,$ / CWT,"HOGS - PRICE RECEIVED, MEASURED IN $ / CWT",TOTAL,NOT SPECIFIED,NATIONAL,,99,US,US TOTAL,,,,,,,,0,,,9000,UNITED STATES,US TOTAL,1913,MONTHLY,4,4,APR,,2012-01-01 00:00:00.000,8.26,
SURVEY,ANIMALS & PRODUCTS,LIVESTOCK,HOGS,ALL CLASSES,ALL PRODUCTION PRACTICES,ALL UTILIZATION PRACTICES,PRICE RECEIVED,$ / CWT,"HOGS - PRICE RECEIVED, MEASURED IN $ / CWT",TOTAL,NOT SPECIFIED,NATIONAL,,99,US,US TOTAL,,,,,,,,0,,,9000,UNITED STATES,US TOTAL,1913,MONTHLY,5,5,MAY,,2012-01-01 00:00:00.000,7.63,
SURVEY,ANIMALS & PRODUCTS,LIVESTOCK,HOGS,ALL CLASSES,ALL PRODUCTION PRACTICES,ALL UTILIZATION PRACTICES,PRICE RECEIVED,$ / CWT,"HOGS - PRICE RECEIVED, MEASURED IN $ / CWT",TOTAL,NOT SPECIFIED,NATIONAL,,99,US,US TOTAL,,,,,,,,0,,,9000,UNITED STATES,US TOTAL,1913,MONTHLY,6,6,JUN,,2012-01-01 00:00:00.000,7.83,
SURVEY,ANIMALS & PRODUCTS,LIVESTOCK,HOGS,ALL CLASSES,ALL PRODUCTION PRACTICES,ALL UTILIZATION PRACTICES,PRICE RECEIVED,$ / CWT,"HOGS - PRICE RECEIVED, MEASURED IN $ / CWT",TOTAL,NOT SPECIFIED,NATIONAL,,99,US,US TOTAL,,,,,,,,0,,,9000,UNITED STATES,US TOTAL,1913,MONTHLY,7,7,JUL,,2012-01-01 00:00:00.000,8.07,
SURVEY,ANIMALS & PRODUCTS,LIVESTOCK,HOGS,ALL CLASSES,ALL PRODUCTION PRACTICES,ALL UTILIZATION PRACTICES,PRICE RECEIVED,$ / CWT,"HOGS - PRICE RECEIVED, MEASURED IN $ / CWT",TOTAL,NOT SPECIFIED,NATIONAL,,99,US,US TOTAL,,,,,,,,0,,,9000,UNITED STATES,US TOTAL,1913,MONTHLY,8,8,AUG,,2012-01-01 00:00:00.000,7.9,
SURVEY,ANIMALS & PRODUCTS,LIVESTOCK,HOGS,ALL CLASSES,ALL PRODUCTION PRACTICES,ALL UTILIZATION PRACTICES,PRICE RECEIVED,$ / CWT,"HOGS - PRICE RECEIVED, MEASURED IN $ / CWT",TOTAL,NOT SPECIFIED,NATIONAL,,99,US,US TOTAL,,,,,,,,0,,,9000,UNITED STATES,US TOTAL,1913,MONTHLY,9,9,SEP,,2012-01-01 00:00:00.000,7.75,
SURVEY,ANIMALS & PRODUCTS,LIVESTOCK,HOGS,ALL CLASSES,ALL PRODUCTION PRACTICES,ALL UTILIZATION PRACTICES,PRICE RECEIVED,$ / CWT,"HOGS - PRICE RECEIVED, MEASURED IN $ / CWT",TOTAL,NOT SPECIFIED,NATIONAL,,99,US,US TOTAL,,,,,,,,0,,,9000,UNITED STATES,US TOTAL,1913,MONTHLY,10,10,OCT,,2012-01-01 00:00:00.000,7.61,
SURVEY,ANIMALS & PRODUCTS,LIVESTOCK,HOGS,ALL CLASSES,ALL PRODUCTION PRACTICES,ALL UTILIZATION PRACTICES,PRICE RECEIVED,$ / CWT,"HOGS - PRICE RECEIVED, MEASURED IN $ / CWT",TOTAL,NOT SPECIFIED,NATIONAL,,99,US,US TOTAL,,,,,,,,0,,,9000,UNITED STATES,US TOTAL,1913,MONTHLY,11,11,NOV,,2012-01-01 00:00:00.000,7.27,
SURVEY,ANIMALS & PRODUCTS,LIVESTOCK,HOGS,ALL CLASSES,ALL PRODUCTION PRACTICES,ALL UTILIZATION PRACTICES,PRICE RECEIVED,$ / CWT,"HOGS - PRICE RECEIVED, MEASURED IN $ / CWT",TOTAL,NOT SPECIFIED,NATIONAL,,99,US,US TOTAL,,,,,,,,0,,,9000,UNITED STATES,US TOTAL,1913,MONTHLY,12,12,DEC,,2012-01-01 00:00:00.000,7.09,
SURVEY,ANIMALS & PRODUCTS,LIVESTOCK,HOGS,ALL CLASSES,ALL PRODUCTION PRACTICES,ALL UTILIZATION PRACTICES,PRICE RECEIVED,$ / CWT,"HOGS - PRICE RECEIVED, MEASURED IN $ / CWT",TOTAL,NOT SPECIFIED,NATIONAL,,99,US,US TOTAL,,,,,,,,0,,,9000,UNITED STATES,US TOTAL,1912,MONTHLY,1,1,JAN,,2012-01-01 00:00:00.000,5.69,
SURVEY,ANIMALS & PRODUCTS,LIVESTOCK,HOGS,ALL CLASSES,ALL PRODUCTION PRACTICES,ALL UTILIZATION PRACTICES,PRICE RECEIVED,$ / CWT,"HOGS - PRICE RECEIVED, MEASURED IN $ / CWT",TOTAL,NOT SPECIFIED,NATIONAL,,99,US,US TOTAL,,,,,,,,0,,,9000,UNITED STATES,US TOTAL,1912,MONTHLY,2,2,FEB,,2012-01-01 00:00:00.000,5.73,
SURVEY,ANIMALS & PRODUCTS,LIVESTOCK,HOGS,ALL CLASSES,ALL PRODUCTION PRACTICES,ALL UTILIZATION PRACTICES,PRICE RECEIVED,$ / CWT,"HOGS - PRICE RECEIVED, MEASURED IN $ / CWT",TOTAL,NOT SPECIFIED,NATIONAL,,99,US,US TOTAL,,,,,,,,0,,,9000,UNITED STATES,US TOTAL,1912,MONTHLY,3,3,MAR,,2012-01-01 00:00:00.000,5.95,
SURVEY,ANIMALS & PRODUCTS,LIVESTOCK,HOGS,ALL CLASSES,ALL PRODUCTION PRACTICES,ALL UTILIZATION PRACTICES,PRICE RECEIVED,$ / CWT,"HOGS - PRICE RECEIVED, MEASURED IN $ / CWT",TOTAL,NOT SPECIFIED,NATIONAL,,99,US,US TOTAL,,,,,,,,0,,,9000,UNITED STATES,US TOTAL,1912,MONTHLY,4,4,APR,,2012-01-01 00:00:00.000,6.97,
SURVEY,ANIMALS & PRODUCTS,LIVESTOCK,HOGS,ALL CLASSES,ALL PRODUCTION PRACTICES,ALL UTILIZATION PRACTICES,PRICE RECEIVED,$ / CWT,"HOGS - PRICE RECEIVED, MEASURED IN $ / CWT",TOTAL,NOT SPECIFIED,NATIONAL,,99,US,US TOTAL,,,,,,,,0,,,9000,UNITED STATES,US TOTAL,1912,MONTHLY,5,5,MAY,,2012-01-01 00:00:00.000,6.96,
SURVEY,ANIMALS & PRODUCTS,LIVESTOCK,HOGS,ALL CLASSES,ALL PRODUCTION PRACTICES,ALL UTILIZATION PRACTICES,PRICE RECEIVED,$ / CWT,"HOGS - PRICE RECEIVED, MEASURED IN $ / CWT",TOTAL,NOT SPECIFIED,NATIONAL,,99,US,US TOTAL,,,,,,,,0,,,9000,UNITED STATES,US TOTAL,1912,MONTHLY,6,6,JUN,,2012-01-01 00:00:00.000,6.79,
SURVEY,ANIMALS & PRODUCTS,LIVESTOCK,HOGS,ALL CLASSES,ALL PRODUCTION PRACTICES,ALL UTILIZATION PRACTICES,PRICE RECEIVED,$ / CWT,"HOGS - PRICE RECEIVED, MEASURED IN $ / CWT",TOTAL,NOT SPECIFIED,NATIONAL,,99,US,US TOTAL,,,,,,,,0,,,9000,UNITED STATES,US TOTAL,1912,MONTHLY,7,7,JUL,,2012-01-01 00:00:00.000,6.78,
SURVEY,ANIMALS & PRODUCTS,LIVESTOCK,HOGS,ALL CLASSES,ALL PRODUCTION PRACTICES,ALL UTILIZATION PRACTICES,PRICE RECEIVED,$ / CWT,"HOGS - PRICE RECEIVED, MEASURED IN $ / CWT",TOTAL,NOT SPECIFIED,NATIONAL,,99,US,US TOTAL,,,,,,,,0,,,9000,UNITED STATES,US TOTAL,1912,MONTHLY,8,8,AUG,,2012-01-01 00:00:00.000,7.34,
SURVEY,ANIMALS & PRODUCTS,LIVESTOCK,HOGS,ALL CLASSES,ALL PRODUCTION PRACTICES,ALL UTILIZATION PRACTICES,PRICE RECEIVED,$ / CWT,"HOGS - PRICE RECEIVED, MEASURED IN $ / CWT",TOTAL,NOT SPECIFIED,NATIONAL,,99,US,US TOTAL,,,,,,,,0,,,9000,UNITED STATES,US TOTAL,1912,MONTHLY,9,9,SEP,,2012-01-01 00:00:00.000,7.7,
SURVEY,ANIMALS & PRODUCTS,LIVESTOCK,HOGS,ALL CLASSES,ALL PRODUCTION PRACTICES,ALL UTILIZATION PRACTICES,PRICE RECEIVED,$ / CWT,"HOGS - PRICE RECEIVED, MEASURED IN $ / CWT",TOTAL,NOT SPECIFIED,NATIONAL,,99,US,US TOTAL,,,,,,,,0,,,9000,UNITED STATES,US TOTAL,1912,MONTHLY,10,10,OCT,,2012-01-01 00:00:00.000,7.99,
SURVEY,ANIMALS & PRODUCTS,LIVESTOCK,HOGS,ALL CLASSES,ALL PRODUCTION PRACTICES,ALL UTILIZATION PRACTICES,PRICE RECEIVED,$ / CWT,"HOGS - PRICE RECEIVED, MEASURED IN $ / CWT",TOTAL,NOT SPECIFIED,NATIONAL,,99,US,US TOTAL,,,,,,,,0,,,9000,UNITED STATES,US TOTAL,1912,MONTHLY,11,11,NOV,,2012-01-01 00:00:00.000,7.17,
SURVEY,ANIMALS & PRODUCTS,LIVESTOCK,HOGS,ALL CLASSES,ALL PRODUCTION PRACTICES,ALL UTILIZATION PRACTICES,PRICE RECEIVED,$ / CWT,"HOGS - PRICE RECEIVED, MEASURED IN $ / CWT",TOTAL,NOT SPECIFIED,NATIONAL,,99,US,US TOTAL,,,,,,,,0,,,9000,UNITED STATES,US TOTAL,1912,MONTHLY,12,12,DEC,,2012-01-01 00:00:00.000,6.95,
SURVEY,ANIMALS & PRODUCTS,LIVESTOCK,HOGS,ALL CLASSES,ALL PRODUCTION PRACTICES,ALL UTILIZATION PRACTICES,PRICE RECEIVED,$ / CWT,"HOGS - PRICE RECEIVED, MEASURED IN $ / CWT",TOTAL,NOT SPECIFIED,NATIONAL,,99,US,US TOTAL,,,,,,,,0,,,9000,UNITED STATES,US TOTAL,1911,MONTHLY,1,1,JAN,,2012-01-01 00:00:00.000,7.38,
SURVEY,ANIMALS & PRODUCTS,LIVESTOCK,HOGS,ALL CLASSES,ALL PRODUCTION PRACTICES,ALL UTILIZATION PRACTICES,PRICE RECEIVED,$ / CWT,"HOGS - PRICE RECEIVED, MEASURED IN $ / CWT",TOTAL,NOT SPECIFIED,NATIONAL,,99,US,US TOTAL,,,,,,,,0,,,9000,UNITED STATES,US TOTAL,1911,MONTHLY,2,2,FEB,,2012-01-01 00:00:00.000,6.93,
SURVEY,ANIMALS & PRODUCTS,LIVESTOCK,HOGS,ALL CLASSES,ALL PRODUCTION PRACTICES,ALL UTILIZATION PRACTICES,PRICE RECEIVED,$ / CWT,"HOGS - PRICE RECEIVED, MEASURED IN $ / CWT",TOTAL,NOT SPECIFIED,NATIONAL,,99,US,US TOTAL,,,,,,,,0,,,9000,UNITED STATES,US TOTAL,1911,MONTHLY,3,3,MAR,,2012-01-01 00:00:00.000,6.5,
SURVEY,ANIMALS & PRODUCTS,LIVESTOCK,HOGS,ALL CLASSES,ALL PRODUCTION PRACTICES,ALL UTILIZATION PRACTICES,PRICE RECEIVED,$ / CWT,"HOGS - PRICE RECEIVED, MEASURED IN $ / CWT",TOTAL,NOT SPECIFIED,NATIONAL,,99,US,US TOTAL,,,,,,,,0,,,9000,UNITED STATES,US TOTAL,1911,MONTHLY,4,4,APR,,2012-01-01 00:00:00.000,5.95,
SURVEY,ANIMALS & PRODUCTS,LIVESTOCK,HOGS,ALL CLASSES,ALL PRODUCTION PRACTICES,ALL UTILIZATION PRACTICES,PRICE RECEIVED,$ / CWT,"HOGS - PRICE RECEIVED, MEASURED IN $ / CWT",TOTAL,NOT SPECIFIED,NATIONAL,,99,US,US TOTAL,,,,,,,,0,,,9000,UNITED STATES,US TOTAL,1911,MONTHLY,5,5,MAY,,2012-01-01 00:00:00.000,5.52,
SURVEY,ANIMALS & PRODUCTS,LIVESTOCK,HOGS,ALL CLASSES,ALL PRODUCTION PRACTICES,ALL UTILIZATION PRACTICES,PRICE RECEIVED,$ / CWT,"HOGS - PRICE RECEIVED, MEASURED IN $ / CWT",TOTAL,NOT SPECIFIED,NATIONAL,,99,US,US TOTAL,,,,,,,,0,,,9000,UNITED STATES,US TOTAL,1911,MONTHLY,6,6,JUN,,2012-01-01 00:00:00.000,5.49,
SURVEY,ANIMALS & PRODUCTS,LIVESTOCK,HOGS,ALL CLASSES,ALL PRODUCTION PRACTICES,ALL UTILIZATION PRACTICES,PRICE RECEIVED,$ / CWT,"HOGS - PRICE RECEIVED, MEASURED IN $ / CWT",TOTAL,NOT SPECIFIED,NATIONAL,,99,US,US TOTAL,,,,,,,,0,,,9000,UNITED STATES,US TOTAL,1911,MONTHLY,7,7,JUL,,2012-01-01 00:00:00.000,5.86,
SURVEY,ANIMALS & PRODUCTS,LIVESTOCK,HOGS,ALL CLASSES,ALL PRODUCTION PRACTICES,ALL UTILIZATION PRACTICES,PRICE RECEIVED,$ / CWT,"HOGS - PRICE RECEIVED, MEASURED IN $ / CWT",TOTAL,NOT SPECIFIED,NATIONAL,,99,US,US TOTAL,,,,,,,,0,,,9000,UNITED STATES,US TOTAL,1911,MONTHLY,8,8,AUG,,2012-01-01 00:00:00.000,6.64,
SURVEY,ANIMALS & PRODUCTS,LIVESTOCK,HOGS,ALL CLASSES,ALL PRODUCTION PRACTICES,ALL UTILIZATION PRACTICES,PRICE RECEIVED,$ / CWT,"HOGS - PRICE RECEIVED, MEASURED IN $ / CWT",TOTAL,NOT SPECIFIED,NATIONAL,,99,US,US TOTAL,,,,,,,,0,,,9000,UNITED STATES,US TOTAL,1911,MONTHLY,9,9,SEP,,2012-01-01 00:00:00.000,6.55,
SURVEY,ANIMALS & PRODUCTS,LIVESTOCK,HOGS,ALL CLASSES,ALL PRODUCTION PRACTICES,ALL UTILIZATION PRACTICES,PRICE RECEIVED,$ / CWT,"HOGS - PRICE RECEIVED, MEASURED IN $ / CWT",TOTAL,NOT SPECIFIED,NATIONAL,,99,US,US TOTAL,,,,,,,,0,,,9000,UNITED STATES,US TOTAL,1911,MONTHLY,10,10,OCT,,2012-01-01 00:00:00.000,5.97,
SURVEY,ANIMALS & PRODUCTS,LIVESTOCK,HOGS,ALL CLASSES,ALL PRODUCTION PRACTICES,ALL UTILIZATION PRACTICES,PRICE RECEIVED,$ / CWT,"HOGS - PRICE RECEIVED, MEASURED IN $ / CWT",TOTAL,NOT SPECIFIED,NATIONAL,,99,US,US TOTAL,,,,,,,,0,,,9000,UNITED STATES,US TOTAL,1911,MONTHLY,11,11,NOV,,2012-01-01 00:00:00.000,5.74,
SURVEY,ANIMALS & PRODUCTS,LIVESTOCK,HOGS,ALL CLASSES,ALL PRODUCTION PRACTICES,ALL UTILIZATION PRACTICES,PRICE RECEIVED,$ / CWT,"HOGS - PRICE RECEIVED, MEASURED IN $ / CWT",TOTAL,NOT SPECIFIED,NATIONAL,,99,US,US TOTAL,,,,,,,,0,,,9000,UNITED STATES,US TOTAL,1911,MONTHLY,12,12,DEC,,2012-01-01 00:00:00.000,5.62,
SURVEY,ANIMALS & PRODUCTS,LIVESTOCK,HOGS,ALL CLASSES,ALL PRODUCTION PRACTICES,ALL UTILIZATION PRACTICES,PRICE RECEIVED,$ / CWT,"HOGS - PRICE RECEIVED, MEASURED IN $ / CWT",TOTAL,NOT SPECIFIED,NATIONAL,,99,US,US TOTAL,,,,,,,,0,,,9000,UNITED STATES,US TOTAL,1910,MONTHLY,1,1,JAN,,2012-01-01 00:00:00.000,7.84,
SURVEY,ANIMALS & PRODUCTS,LIVESTOCK,HOGS,ALL CLASSES,ALL PRODUCTION PRACTICES,ALL UTILIZATION PRACTICES,PRICE RECEIVED,$ / CWT,"HOGS - PRICE RECEIVED, MEASURED IN $ / CWT",TOTAL,NOT SPECIFIED,NATIONAL,,99,US,US TOTAL,,,,,,,,0,,,9000,UNITED STATES,US TOTAL,1910,MONTHLY,2,2,FEB,,2012-01-01 00:00:00.000,7.97,
SURVEY,ANIMALS & PRODUCTS,LIVESTOCK,HOGS,ALL CLASSES,ALL PRODUCTION PRACTICES,ALL UTILIZATION PRACTICES,PRICE RECEIVED,$ / CWT,"HOGS - PRICE RECEIVED, MEASURED IN $ / CWT",TOTAL,NOT SPECIFIED,NATIONAL,,99,US,US TOTAL,,,,,,,,0,,,9000,UNITED STATES,US TOTAL,1910,MONTHLY,3,3,MAR,,2012-01-01 00:00:00.000,9.29,
SURVEY,ANIMALS & PRODUCTS,LIVESTOCK,HOGS,ALL CLASSES,ALL PRODUCTION PRACTICES,ALL UTILIZATION PRACTICES,PRICE RECEIVED,$ / CWT,"HOGS - PRICE RECEIVED, MEASURED IN $ / CWT",TOTAL,NOT SPECIFIED,NATIONAL,,99,US,US TOTAL,,,,,,,,0,,,9000,UNITED STATES,US TOTAL,1910,MONTHLY,4,4,APR,,2012-01-01 00:00:00.000,9.44,
SURVEY,ANIMALS & PRODUCTS,LIVESTOCK,HOGS,ALL CLASSES,ALL PRODUCTION PRACTICES,ALL UTILIZATION PRACTICES,PRICE RECEIVED,$ / CWT,"HOGS - PRICE RECEIVED, MEASURED IN $ / CWT",TOTAL,NOT SPECIFIED,NATIONAL,,99,US,US TOTAL,,,,,,,,0,,,9000,UNITED STATES,US TOTAL,1910,MONTHLY,5,5,MAY,,2012-01-01 00:00:00.000,8.65,
SURVEY,ANIMALS & PRODUCTS,LIVESTOCK,HOGS,ALL CLASSES,ALL PRODUCTION PRACTICES,ALL UTILIZATION PRACTICES,PRICE RECEIVED,$ / CWT,"HOGS - PRICE RECEIVED, MEASURED IN $ / CWT",TOTAL,NOT SPECIFIED,NATIONAL,,99,US,US TOTAL,,,,,,,,0,,,9000,UNITED STATES,US TOTAL,1910,MONTHLY,6,6,JUN,,2012-01-01 00:00:00.000,8.65,
SURVEY,ANIMALS & PRODUCTS,LIVESTOCK,HOGS,ALL CLASSES,ALL PRODUCTION PRACTICES,ALL UTILIZATION PRACTICES,PRICE RECEIVED,$ / CWT,"HOGS - PRICE RECEIVED, MEASURED IN $ / CWT",TOTAL,NOT SPECIFIED,NATIONAL,,99,US,US TOTAL,,,,,,,,0,,,9000,UNITED STATES,US TOTAL,1910,MONTHLY,7,7,JUL,,2012-01-01 00:00:00.000,8.2,
SURVEY,ANIMALS & PRODUCTS,LIVESTOCK,HOGS,ALL CLASSES,ALL PRODUCTION PRACTICES,ALL UTILIZATION PRACTICES,PRICE RECEIVED,$ / CWT,"HOGS - PRICE RECEIVED, MEASURED IN $ / CWT",TOTAL,NOT SPECIFIED,NATIONAL,,99,US,US TOTAL,,,,,,,,0,,,9000,UNITED STATES,US TOTAL,1910,MONTHLY,8,8,AUG,,2012-01-01 00:00:00.000,7.73,
SURVEY,ANIMALS & PRODUCTS,LIVESTOCK,HOGS,ALL CLASSES,ALL PRODUCTION PRACTICES,ALL UTILIZATION PRACTICES,PRICE RECEIVED,$ / CWT,"HOGS - PRICE RECEIVED, MEASURED IN $ / CWT",TOTAL,NOT SPECIFIED,NATIONAL,,99,US,US TOTAL,,,,,,,,0,,,9000,UNITED STATES,US TOTAL,1910,MONTHLY,9,9,SEP,,2012-01-01 00:00:00.000,8.38,
SURVEY,ANIMALS & PRODUCTS,LIVESTOCK,HOGS,ALL CLASSES,ALL PRODUCTION PRACTICES,ALL UTILIZATION PRACTICES,PRICE RECEIVED,$ / CWT,"HOGS - PRICE RECEIVED, MEASURED IN $ / CWT",TOTAL,NOT SPECIFIED,NATIONAL,,99,US,US TOTAL,,,,,,,,0,,,9000,UNITED STATES,US TOTAL,1910,MONTHLY,10,10,OCT,,2012-01-01 00:00:00.000,8.05,
SURVEY,ANIMALS & PRODUCTS,LIVESTOCK,HOGS,ALL CLASSES,ALL PRODUCTION PRACTICES,ALL UTILIZATION PRACTICES,PRICE RECEIVED,$ / CWT,"HOGS - PRICE RECEIVED, MEASURED IN $ / CWT",TOTAL,NOT SPECIFIED,NATIONAL,,99,US,US TOTAL,,,,,,,,0,,,9000,UNITED STATES,US TOTAL,1910,MONTHLY,11,11,NOV,,2012-01-01 00:00:00.000,7.14,
SURVEY,ANIMALS & PRODUCTS,LIVESTOCK,HOGS,ALL CLASSES,ALL PRODUCTION PRACTICES,ALL UTILIZATION PRACTICES,PRICE RECEIVED,$ / CWT,"HOGS - PRICE RECEIVED, MEASURED IN $ / CWT",TOTAL,NOT SPECIFIED,NATIONAL,,99,US,US TOTAL,,,,,,,,0,,,9000,UNITED STATES,US TOTAL,1910,MONTHLY,12,12,DEC,,2012-01-01 00:00:00.000,6.97,
SURVEY,ANIMALS & PRODUCTS,LIVESTOCK,HOGS,ALL CLASSES,ALL PRODUCTION PRACTICES,ALL UTILIZATION PRACTICES,PRICE RECEIVED,$ / CWT,"HOGS - PRICE RECEIVED, MEASURED IN $ / CWT",TOTAL,NOT SPECIFIED,NATIONAL,,99,US,US TOTAL,,,,,,,,0,,,9000,UNITED STATES,US TOTAL,1909,MONTHLY,8,8,AUG,,2012-01-01 00:00:00.000,6.97,
SURVEY,ANIMALS & PRODUCTS,LIVESTOCK,HOGS,ALL CLASSES,ALL PRODUCTION PRACTICES,ALL UTILIZATION PRACTICES,PRICE RECEIVED,$ / CWT,"HOGS - PRICE RECEIVED, MEASURED IN $ / CWT",TOTAL,NOT SPECIFIED,NATIONAL,,99,US,US TOTAL,,,,,,,,0,,,9000,UNITED STATES,US TOTAL,1909,MONTHLY,9,9,SEP,,2012-01-01 00:00:00.000,7.18,
SURVEY,ANIMALS & PRODUCTS,LIVESTOCK,HOGS,ALL CLASSES,ALL PRODUCTION PRACTICES,ALL UTILIZATION PRACTICES,PRICE RECEIVED,$ / CWT,"HOGS - PRICE RECEIVED, MEASURED IN $ / CWT",TOTAL,NOT SPECIFIED,NATIONAL,,99,US,US TOTAL,,,,,,,,0,,,9000,UNITED STATES,US TOTAL,1909,MONTHLY,10,10,OCT,,2012-01-01 00:00:00.000,7.04,
SURVEY,ANIMALS & PRODUCTS,LIVESTOCK,HOGS,ALL CLASSES,ALL PRODUCTION PRACTICES,ALL UTILIZATION PRACTICES,PRICE RECEIVED,$ / CWT,"HOGS - PRICE RECEIVED, MEASURED IN $ / CWT",TOTAL,NOT SPECIFIED,NATIONAL,,99,US,US TOTAL,,,,,,,,0,,,9000,UNITED STATES,US TOTAL,1909,MONTHLY,11,11,NOV,,2012-01-01 00:00:00.000,7.23,
SURVEY,ANIMALS & PRODUCTS,LIVESTOCK,HOGS,ALL CLASSES,ALL PRODUCTION PRACTICES,ALL UTILIZATION PRACTICES,PRICE RECEIVED,$ / CWT,"HOGS - PRICE RECEIVED, MEASURED IN $ / CWT",TOTAL,NOT SPECIFIED,NATIONAL,,99,US,US TOTAL,,,,,,,,0,,,9000,UNITED STATES,US TOTAL,1909,MONTHLY,12,12,DEC,,2012-01-01 00:00:00.000,7.54,
SURVEY,ANIMALS & PRODUCTS,LIVESTOCK,HOGS,ALL CLASSES,ALL PRODUCTION PRACTICES,ALL UTILIZATION PRACTICES,PRICE RECEIVED,PCT OF PARITY,"HOGS - PRICE RECEIVED, MEASURED IN PCT OF PARITY",TOTAL,NOT SPECIFIED,NATIONAL,,99,US,US TOTAL,,,,,,,,0,,,9000,UNITED STATES,US TOTAL,2026,MONTHLY,1,1,JAN,,2026-05-29 15:00:00.000,28.0,
SURVEY,ANIMALS & PRODUCTS,LIVESTOCK,HOGS,ALL CLASSES,ALL PRODUCTION PRACTICES,ALL UTILIZATION PRACTICES,PRICE RECEIVED,PCT OF PARITY,"HOGS - PRICE RECEIVED, MEASURED IN PCT OF PARITY",TOTAL,NOT SPECIFIED,NATIONAL,,99,US,US TOTAL,,,,,,,,0,,,9000,UNITED STATES,US TOTAL,2026,MONTHLY,2,2,FEB,,2026-05-29 15:00:00.000,30.0,
SURVEY,ANIMALS & PRODUCTS,LIVESTOCK,HOGS,ALL CLASSES,ALL PRODUCTION PRACTICES,ALL UTILIZATION PRACTICES,PRICE RECEIVED,PCT OF PARITY,"HOGS - PRICE RECEIVED, MEASURED IN PCT OF PARITY",TOTAL,NOT SPECIFIED,NATIONAL,,99,US,US TOTAL,,,,,,,,0,,,9000,UNITED STATES,US TOTAL,2026,MONTHLY,3,3,MAR,,2026-05-29 15:00:00.000,31.0,
SURVEY,ANIMALS & PRODUCTS,LIVESTOCK,HOGS,ALL CLASSES,ALL PRODUCTION PRACTICES,ALL UTILIZATION PRACTICES,PRICE RECEIVED,PCT OF PARITY,"HOGS - PRICE RECEIVED, MEASURED IN PCT OF PARITY",TOTAL,NOT SPECIFIED,NATIONAL,,99,US,US TOTAL,,,,,,,,0,,,9000,UNITED STATES,US TOTAL,2026,MONTHLY,4,4,APR,,2026-05-29 15:00:00.000,30.0,
SURVEY,ANIMALS & PRODUCTS,LIVESTOCK,HOGS,ALL CLASSES,ALL PRODUCTION PRACTICES,ALL UTILIZATION PRACTICES,PRICE RECEIVED,PCT OF PARITY,"HOGS - PRICE RECEIVED, MEASURED IN PCT OF PARITY",TOTAL,NOT SPECIFIED,NATIONAL,,99,US,US TOTAL,,,,,,,,0,,,9000,UNITED STATES,US TOTAL,2025,MONTHLY,1,1,JAN,,2026-05-29 15:00:00.000,30.0,
SURVEY,ANIMALS & PRODUCTS,LIVESTOCK,HOGS,ALL CLASSES,ALL PRODUCTION PRACTICES,ALL UTILIZATION PRACTICES,PRICE RECEIVED,PCT OF PARITY,"HOGS - PRICE RECEIVED, MEASURED IN PCT OF PARITY",TOTAL,NOT SPECIFIED,NATIONAL,,99,US,US TOTAL,,,,,,,,0,,,9000,UNITED STATES,US TOTAL,2025,MONTHLY,2,2,FEB,,2026-05-29 15:00:00.000,32.0,
SURVEY,ANIMALS & PRODUCTS,LIVESTOCK,HOGS,ALL CLASSES,ALL PRODUCTION PRACTICES,ALL UTILIZATION PRACTICES,PRICE RECEIVED,PCT OF PARITY,"HOGS - PRICE RECEIVED, MEASURED IN PCT OF PARITY",TOTAL,NOT SPECIFIED,NATIONAL,,99,US,US TOTAL,,,,,,,,0,,,9000,UNITED STATES,US TOTAL,2025,MONTHLY,3,3,MAR,,2026-05-29 15:00:00.000,33.0,
SURVEY,ANIMALS & PRODUCTS,LIVESTOCK,HOGS,ALL CLASSES,ALL PRODUCTION PRACTICES,ALL UTILIZATION PRACTICES,PRICE RECEIVED,PCT OF PARITY,"HOGS - PRICE RECEIVED, MEASURED IN PCT OF PARITY",TOTAL,NOT SPECIFIED,NATIONAL,,99,US,US TOTAL,,,,,,,,0,,,9000,UNITED STATES,US TOTAL,2025,MONTHLY,4,4,APR,,2026-05-29 15:00:00.000,32.0,
SURVEY,ANIMALS & PRODUCTS,LIVESTOCK,HOGS,ALL CLASSES,ALL PRODUCTION PRACTICES,ALL UTILIZATION PRACTICES,PRICE RECEIVED,PCT OF PARITY,"HOGS - PRICE RECEIVED, MEASURED IN PCT OF PARITY",TOTAL,NOT SPECIFIED,NATIONAL,,99,US,US TOTAL,,,,,,,,0,,,9000,UNITED STATES,US TOTAL,2025,MONTHLY,5,5,MAY,,2026-05-29 15:00:00.000,33.0,
SURVEY,ANIMALS & PRODUCTS,LIVESTOCK,HOGS,ALL CLASSES,ALL PRODUCTION PRACTICES,ALL UTILIZATION PRACTICES,PRICE RECEIVED,PCT OF PARITY,"HOGS - PRICE RECEIVED, MEASURED IN PCT OF PARITY",TOTAL,NOT SPECIFIED,NATIONAL,,99,US,US TOTAL,,,,,,,,0,,,9000,UNITED STATES,US TOTAL,2025,MONTHLY,6,6,JUN,,2026-05-29 15:00:00.000,37.0,
SURVEY,ANIMALS & PRODUCTS,LIVESTOCK,HOGS,ALL CLASSES,ALL PRODUCTION PRACTICES,ALL UTILIZATION PRACTICES,PRICE RECEIVED,PCT OF PARITY,"HOGS - PRICE RECEIVED, MEASURED IN PCT OF PARITY",TOTAL,NOT SPECIFIED,NATIONAL,,99,US,US TOTAL,,,,,,,,0,,,9000,UNITED STATES,US TOTAL,2025,MONTHLY,7,7,JUL,,2026-05-29 15:00:00.000,38.0,
SURVEY,ANIMALS & PRODUCTS,LIVESTOCK,HOGS,ALL CLASSES,ALL PRODUCTION PRACTICES,ALL UTILIZATION PRACTICES,PRICE RECEIVED,PCT OF PARITY,"HOGS - PRICE RECEIVED, MEASURED IN PCT OF PARITY",TOTAL,NOT SPECIFIED,NATIONAL,,99,US,US TOTAL,,,,,,,,0,,,9000,UNITED STATES,US TOTAL,2025,MONTHLY,8,8,AUG,,2026-05-29 15:00:00.000,38.0,
SURVEY,ANIMALS & PRODUCTS,LIVESTOCK,HOGS,ALL CLASSES,ALL PRODUCTION PRACTICES,ALL UTILIZATION PRACTICES,PRICE RECEIVED,PCT OF PARITY,"HOGS - PRICE RECEIVED, MEASURED IN PCT OF PARITY",TOTAL,NOT SPECIFIED,NATIONAL,,99,US,US TOTAL,,,,,,,,0,,,9000,UNITED STATES,US TOTAL,2025,MONTHLY,9,9,SEP,,2026-05-29 15:00:00.000,36.0,
SURVEY,ANIMALS & PRODUCTS,LIVESTOCK,HOGS,ALL CLASSES,ALL PRODUCTION PRACTICES,ALL UTILIZATION PRACTICES,PRICE RECEIVED,PCT OF PARITY,"HOGS - PRICE RECEIVED, MEASURED IN PCT OF PARITY",TOTAL,NOT SPECIFIED,NATIONAL,,99,US,US TOTAL,,,,,,,,0,,,9000,UNITED STATES,US TOTAL,2025,MONTHLY,10,10,OCT,,2026-05-29 15:00:00.000,33.0,
SURVEY,ANIMALS & PRODUCTS,LIVESTOCK,HOGS,ALL CLASSES,ALL PRODUCTION PRACTICES,ALL UTILIZATION PRACTICES,PRICE RECEIVED,PCT OF PARITY,"HOGS - PRICE RECEIVED, MEASURED IN PCT OF PARITY",TOTAL,NOT SPECIFIED,NATIONAL,,99,US,US TOTAL,,,,,,,,0,,,9000,UNITED STATES,US TOTAL,2025,MONTHLY,11,11,NOV,,2026-05-29 15:00:00.000,31.0,
SURVEY,ANIMALS & PRODUCTS,LIVESTOCK,HOGS,ALL CLASSES,ALL PRODUCTION PRACTICES,ALL UTILIZATION PRACTICES,PRICE RECEIVED,PCT OF PARITY,"HOGS - PRICE RECEIVED, MEASURED IN PCT OF PARITY",TOTAL,NOT SPECIFIED,NATIONAL,,99,US,US TOTAL,,,,,,,,0,,,9000,UNITED STATES,US TOTAL,2025,MONTHLY,12,12,DEC,,2026-05-29 15:00:00.000,29.0,
SURVEY,ANIMALS & PRODUCTS,LIVESTOCK,HOGS,ALL CLASSES,ALL PRODUCTION PRACTICES,ALL UTILIZATION PRACTICES,PRICE RECEIVED,PCT OF PARITY,"HOGS - PRICE RECEIVED, MEASURED IN PCT OF PARITY",TOTAL,NOT SPECIFIED,NATIONAL,,99,US,US TOTAL,,,,,,,,0,,,9000,UNITED STATES,US TOTAL,2024,MONTHLY,1,1,JAN,,2026-05-29 15:00:00.000,27.0,
SURVEY,ANIMALS & PRODUCTS,LIVESTOCK,HOGS,ALL CLASSES,ALL PRODUCTION PRACTICES,ALL UTILIZATION PRACTICES,PRICE RECEIVED,PCT OF PARITY,"HOGS - PRICE RECEIVED, MEASURED IN PCT OF PARITY",TOTAL,NOT SPECIFIED,NATIONAL,,99,US,US TOTAL,,,,,,,,0,,,9000,UNITED STATES,US TOTAL,2024,MONTHLY,2,2,FEB,,2026-05-29 15:00:00.000,29.0,
SURVEY,ANIMALS & PRODUCTS,LIVESTOCK,HOGS,ALL CLASSES,ALL PRODUCTION PRACTICES,ALL UTILIZATION PRACTICES,PRICE RECEIVED,PCT OF PARITY,"HOGS - PRICE RECEIVED, MEASURED IN PCT OF PARITY",TOTAL,NOT SPECIFIED,NATIONAL,,99,US,US TOTAL,,,,,,,,0,,,9000,UNITED STATES,US TOTAL,2024,MONTHLY,3,3,MAR,,2026-05-29 15:00:00.000,32.0,
SURVEY,ANIMALS & PRODUCTS,LIVESTOCK,HOGS,ALL CLASSES,ALL PRODUCTION PRACTICES,ALL UTILIZATION PRACTICES,PRICE RECEIVED,PCT OF PARITY,"HOGS - PRICE RECEIVED, MEASURED IN PCT OF PARITY",TOTAL,NOT SPECIFIED,NATIONAL,,99,US,US TOTAL,,,,,,,,0,,,9000,UNITED STATES,US TOTAL,2024,MONTHLY,4,4,APR,,2026-05-29 15:00:00.000,33.0,
SURVEY,ANIMALS & PRODUCTS,LIVESTOCK,HOGS,ALL CLASSES,ALL PRODUCTION PRACTICES,ALL UTILIZATION PRACTICES,PRICE RECEIVED,PCT OF PARITY,"HOGS - PRICE RECEIVED, MEASURED IN PCT OF PARITY",TOTAL,NOT SPECIFIED,NATIONAL,,99,US,US TOTAL,,,,,,,,0,,,9000,UNITED STATES,US TOTAL,2024,MONTHLY,5,5,MAY,,2026-05-29 15:00:00.000,34.0,
SURVEY,ANIMALS & PRODUCTS,LIVESTOCK,HOGS,ALL CLASSES,ALL PRODUCTION PRACTICES,ALL UTILIZATION PRACTICES,PRICE RECEIVED,PCT OF PARITY,"HOGS - PRICE RECEIVED, MEASURED IN PCT OF PARITY",TOTAL,NOT SPECIFIED,NATIONAL,,99,US,US TOTAL,,,,,,,,0,,,9000,UNITED STATES,US TOTAL,2024,MONTHLY,6,6,JUN,,2026-05-29 15:00:00.000,34.0,
SURVEY,ANIMALS & PRODUCTS,LIVESTOCK,HOGS,ALL CLASSES,ALL PRODUCTION PRACTICES,ALL UTILIZATION PRACTICES,PRICE RECEIVED,PCT OF PARITY,"HOGS - PRICE RECEIVED, MEASURED IN PCT OF PARITY",TOTAL,NOT SPECIFIED,NATIONAL,,99,US,US TOTAL,,,,,,,,0,,,9000,UNITED STATES,US TOTAL,2024,MONTHLY,7,7,JUL,,2026-05-29 15:00:00.000,34.0,
SURVEY,ANIMALS & PRODUCTS,LIVESTOCK,HOGS,ALL CLASSES,ALL PRODUCTION PRACTICES,ALL UTILIZATION PRACTICES,PRICE RECEIVED,PCT OF PARITY,"HOGS - PRICE RECEIVED, MEASURED IN PCT OF PARITY",TOTAL,NOT SPECIFIED,NATIONAL,,99,US,US TOTAL,,,,,,,,0,,,9000,UNITED STATES,US TOTAL,2024,MONTHLY,8,8,AUG,,2026-05-29 15:00:00.000,34.0,
SURVEY,ANIMALS & PRODUCTS,LIVESTOCK,HOGS,ALL CLASSES,ALL PRODUCTION PRACTICES,ALL UTILIZATION PRACTICES,PRICE RECEIVED,PCT OF PARITY,"HOGS - PRICE RECEIVED, MEASURED IN PCT OF PARITY",TOTAL,NOT SPECIFIED,NATIONAL,,99,US,US TOTAL,,,,,,,,0,,,9000,UNITED STATES,US TOTAL,2024,MONTHLY,9,9,SEP,,2026-05-29 15:00:00.000,32.0,
SURVEY,ANIMALS & PRODUCTS,LIVESTOCK,HOGS,ALL CLASSES,ALL PRODUCTION PRACTICES,ALL UTILIZATION PRACTICES,PRICE RECEIVED,PCT OF PARITY,"HOGS - PRICE RECEIVED, MEASURED IN PCT OF PARITY",TOTAL,NOT SPECIFIED,NATIONAL,,99,US,US TOTAL,,,,,,,,0,,,9000,UNITED STATES,US TOTAL,2024,MONTHLY,10,10,OCT,,2026-05-29 15:00:00.000,32.0,
SURVEY,ANIMALS & PRODUCTS,LIVESTOCK,HOGS,ALL CLASSES,ALL PRODUCTION PRACTICES,ALL UTILIZATION PRACTICES,PRICE RECEIVED,PCT OF PARITY,"HOGS - PRICE RECEIVED, MEASURED IN PCT OF PARITY",TOTAL,NOT SPECIFIED,NATIONAL,,99,US,US TOTAL,,,,,,,,0,,,9000,UNITED STATES,US TOTAL,2024,MONTHLY,11,11,NOV,,2026-05-29 15:00:00.000,32.0,
SURVEY,ANIMALS & PRODUCTS,LIVESTOCK,HOGS,ALL CLASSES,ALL PRODUCTION PRACTICES,ALL UTILIZATION PRACTICES,PRICE RECEIVED,PCT OF PARITY,"HOGS - PRICE RECEIVED, MEASURED IN PCT OF PARITY",TOTAL,NOT SPECIFIED,NATIONAL,,99,US,US TOTAL,,,,,,,,0,,,9000,UNITED STATES,US TOTAL,2024,MONTHLY,12,12,DEC,,2026-05-29 15:00:00.000,31.0,
SURVEY,ANIMALS & PRODUCTS,LIVESTOCK,HOGS,ALL CLASSES,ALL PRODUCTION PRACTICES,ALL UTILIZATION PRACTICES,PRICE RECEIVED,PCT OF PARITY,"HOGS - PRICE RECEIVED, MEASURED IN PCT OF PARITY",TOTAL,NOT SPECIFIED,NATIONAL,,99,US,US TOTAL,,,,,,,,0,,,9000,UNITED STATES,US TOTAL,2023,MONTHLY,1,1,JAN,,2026-05-29 15:00:00.000,28.0,
SURVEY,ANIMALS & PRODUCTS,LIVESTOCK,HOGS,ALL CLASSES,ALL PRODUCTION PRACTICES,ALL UTILIZATION PRACTICES,PRICE RECEIVED,PCT OF PARITY,"HOGS - PRICE RECEIVED, MEASURED IN PCT OF PARITY",TOTAL,NOT SPECIFIED,NATIONAL,,99,US,US TOTAL,,,,,,,,0,,,9000,UNITED STATES,US TOTAL,2023,MONTHLY,2,2,FEB,,2026-05-29 15:00:00.000,29.0,
SURVEY,ANIMALS & PRODUCTS,LIVESTOCK,HOGS,ALL CLASSES,ALL PRODUCTION PRACTICES,ALL UTILIZATION PRACTICES,PRICE RECEIVED,PCT OF PARITY,"HOGS - PRICE RECEIVED, MEASURED IN PCT OF PARITY",TOTAL,NOT SPECIFIED,NATIONAL,,99,US,US TOTAL,,,,,,,,0,,,9000,UNITED STATES,US TOTAL,2023,MONTHLY,3,3,MAR,,2026-05-29 15:00:00.000,30.0,
SURVEY,ANIMALS & PRODUCTS,LIVESTOCK,HOGS,ALL CLASSES,ALL PRODUCTION PRACTICES,ALL UTILIZATION PRACTICES,PRICE RECEIVED,PCT OF PARITY,"HOGS - PRICE RECEIVED, MEASURED IN PCT OF PARITY",TOTAL,NOT SPECIFIED,NATIONAL,,99,US,US TOTAL,,,,,,,,0,,,9000,UNITED STATES,US TOTAL,2023,MONTHLY,4,4,APR,,2026-05-29 15:00:00.000,27.0,
SURVEY,ANIMALS & PRODUCTS,LIVESTOCK,HOGS,ALL CLASSES,ALL PRODUCTION PRACTICES,ALL UTILIZATION PRACTICES,PRICE RECEIVED,PCT OF PARITY,"HOGS - PRICE RECEIVED, MEASURED IN PCT OF PARITY",TOTAL,NOT SPECIFIED,NATIONAL,,99,US,US TOTAL,,,,,,,,0,,,9000,UNITED STATES,US TOTAL,2023,MONTHLY,5,5,MAY,,2026-05-29 15:00:00.000,28.0,
SURVEY,ANIMALS & PRODUCTS,LIVESTOCK,HOGS,ALL CLASSES,ALL PRODUCTION PRACTICES,ALL UTILIZATION PRACTICES,PRICE RECEIVED,PCT OF PARITY,"HOGS - PRICE RECEIVED, MEASURED IN PCT OF PARITY",TOTAL,NOT SPECIFIED,NATIONAL,,99,US,US TOTAL,,,,,,,,0,,,9000,UNITED STATES,US TOTAL,2023,MONTHLY,6,6,JUN,,2026-05-29 15:00:00.000,31.0,
SURVEY,ANIMALS & PRODUCTS,LIVESTOCK,HOGS,ALL CLASSES,ALL PRODUCTION PRACTICES,ALL UTILIZATION PRACTICES,PRICE RECEIVED,PCT OF PARITY,"HOGS - PRICE RECEIVED, MEASURED IN PCT OF PARITY",TOTAL,NOT SPECIFIED,NATIONAL,,99,US,US TOTAL,,,,,,,,0,,,9000,UNITED STATES,US TOTAL,2023,MONTHLY,7,7,JUL,,2026-05-29 15:00:00.000,36.0,
SURVEY,ANIMALS & PRODUCTS,LIVESTOCK,HOGS,ALL CLASSES,ALL PRODUCTION PRACTICES,ALL UTILIZATION PRACTICES,PRICE RECEIVED,PCT OF PARITY,"HOGS - PRICE RECEIVED, MEASURED IN PCT OF PARITY",TOTAL,NOT SPECIFIED,NATIONAL,,99,US,US TOTAL,,,,,,,,0,,,9000,UNITED STATES,US TOTAL,2023,MONTHLY,8,8,AUG,,2026-05-29 15:00:00.000,36.0,
SURVEY,ANIMALS & PRODUCTS,LIVESTOCK,HOGS,ALL CLASSES,ALL PRODUCTION PRACTICES,ALL UTILIZATION PRACTICES,PRICE RECEIVED,PCT OF PARITY,"HOGS - PRICE RECEIVED, MEASURED IN PCT OF PARITY",TOTAL,NOT SPECIFIED,NATIONAL,,99,US,US TOTAL,,,,,,,,0,,,9000,UNITED STATES,US TOTAL,2023,MONTHLY,9,9,SEP,,2026-05-29 15:00:00.000,32.0,
SURVEY,ANIMALS & PRODUCTS,LIVESTOCK,HOGS,ALL CLASSES,ALL PRODUCTION PRACTICES,ALL UTILIZATION PRACTICES,PRICE RECEIVED,PCT OF PARITY,"HOGS - PRICE RECEIVED, MEASURED IN PCT OF PARITY",TOTAL,NOT SPECIFIED,NATIONAL,,99,US,US TOTAL,,,,,,,,0,,,9000,UNITED STATES,US TOTAL,2023,MONTHLY,10,10,OCT,,2026-05-29 15:00:00.000,29.0,
SURVEY,ANIMALS & PRODUCTS,LIVESTOCK,HOGS,ALL CLASSES,ALL PRODUCTION PRACTICES,ALL UTILIZATION PRACTICES,PRICE RECEIVED,PCT OF PARITY,"HOGS - PRICE RECEIVED, MEASURED IN PCT OF PARITY",TOTAL,NOT SPECIFIED,NATIONAL,,99,US,US TOTAL,,,,,,,,0,,,9000,UNITED STATES,US TOTAL,2023,MONTHLY,11,11,NOV,,2026-05-29 15:00:00.000,28.0,
SURVEY,ANIMALS & PRODUCTS,LIVESTOCK,HOGS,ALL CLASSES,ALL PRODUCTION PRACTICES,ALL UTILIZATION PRACTICES,PRICE RECEIVED,PCT OF PARITY,"HOGS - PRICE RECEIVED, MEASURED IN PCT OF PARITY",TOTAL,NOT SPECIFIED,NATIONAL,,99,US,US TOTAL,,,,,,,,0,,,9000,UNITED STATES,US TOTAL,2023,MONTHLY,12,12,DEC,,2026-05-29 15:00:00.000,26.0,
SURVEY,ANIMALS & PRODUCTS,LIVESTOCK,HOGS,ALL CLASSES,ALL PRODUCTION PRACTICES,ALL UTILIZATION PRACTICES,PRICE RECEIVED,PCT OF PARITY,"HOGS - PRICE RECEIVED, MEASURED IN PCT OF PARITY",TOTAL,NOT SPECIFIED,NATIONAL,,99,US,US TOTAL,,,,,,,,0,,,9000,UNITED STATES,US TOTAL,2022,MONTHLY,1,1,JAN,,2026-02-27 15:00:00.000,32.0,
SURVEY,ANIMALS & PRODUCTS,LIVESTOCK,HOGS,ALL CLASSES,ALL PRODUCTION PRACTICES,ALL UTILIZATION PRACTICES,PRICE RECEIVED,PCT OF PARITY,"HOGS - PRICE RECEIVED, MEASURED IN PCT OF PARITY",TOTAL,NOT SPECIFIED,NATIONAL,,99,US,US TOTAL,,,,,,,,0,,,9000,UNITED STATES,US TOTAL,2022,MONTHLY,2,2,FEB,,2026-03-30 15:00:00.000,37.0,
SURVEY,ANIMALS & PRODUCTS,LIVESTOCK,HOGS,ALL CLASSES,ALL PRODUCTION PRACTICES,ALL UTILIZATION PRACTICES,PRICE RECEIVED,PCT OF PARITY,"HOGS - PRICE RECEIVED, MEASURED IN PCT OF PARITY",TOTAL,NOT SPECIFIED,NATIONAL,,99,US,US TOTAL,,,,,,,,0,,,9000,UNITED STATES,US TOTAL,2022,MONTHLY,3,3,MAR,,2026-04-30 15:00:00.000,39.0,
SURVEY,ANIMALS & PRODUCTS,LIVESTOCK,HOGS,ALL CLASSES,ALL PRODUCTION PRACTICES,ALL UTILIZATION PRACTICES,PRICE RECEIVED,PCT OF PARITY,"HOGS - PRICE RECEIVED, MEASURED IN PCT OF PARITY",TOTAL,NOT SPECIFIED,NATIONAL,,99,US,US TOTAL,,,,,,,,0,,,9000,UNITED STATES,US TOTAL,2022,MONTHLY,4,4,APR,,2026-05-29 15:00:00.000,39.0,
SURVEY,ANIMALS & PRODUCTS,LIVESTOCK,HOGS,ALL CLASSES,ALL PRODUCTION PRACTICES,ALL UTILIZATION PRACTICES,PRICE RECEIVED,PCT OF PARITY,"HOGS - PRICE RECEIVED, MEASURED IN PCT OF PARITY",TOTAL,NOT SPECIFIED,NATIONAL,,99,US,US TOTAL,,,,,,,,0,,,9000,UNITED STATES,US TOTAL,2022,MONTHLY,5,5,MAY,,2026-05-29 15:00:00.000,38.0,
SURVEY,ANIMALS & PRODUCTS,LIVESTOCK,HOGS,ALL CLASSES,ALL PRODUCTION PRACTICES,ALL UTILIZATION PRACTICES,PRICE RECEIVED,PCT OF PARITY,"HOGS - PRICE RECEIVED, MEASURED IN PCT OF PARITY",TOTAL,NOT SPECIFIED,NATIONAL,,99,US,US TOTAL,,,,,,,,0,,,9000,UNITED STATES,US TOTAL,2022,MONTHLY,6,6,JUN,,2026-05-29 15:00:00.000,40.0,
SURVEY,ANIMALS & PRODUCTS,LIVESTOCK,HOGS,ALL CLASSES,ALL PRODUCTION PRACTICES,ALL UTILIZATION PRACTICES,PRICE RECEIVED,PCT OF PARITY,"HOGS - PRICE RECEIVED, MEASURED IN PCT OF PARITY",TOTAL,NOT SPECIFIED,NATIONAL,,99,US,US TOTAL,,,,,,,,0,,,9000,UNITED STATES,US TOTAL,2022,MONTHLY,7,7,JUL,,2026-05-29 15:00:00.000,42.0,
SURVEY,ANIMALS & PRODUCTS,LIVESTOCK,HOGS,ALL CLASSES,ALL PRODUCTION PRACTICES,ALL UTILIZATION PRACTICES,PRICE RECEIVED,PCT OF PARITY,"HOGS - PRICE RECEIVED, MEASURED IN PCT OF PARITY",TOTAL,NOT SPECIFIED,NATIONAL,,99,US,US TOTAL,,,,,,,,0,,,9000,UNITED STATES,US TOTAL,2022,MONTHLY,8,8,AUG,,2026-05-29 15:00:00.000,43.0,
SURVEY,ANIMALS & PRODUCTS,LIVESTOCK,HOGS,ALL CLASSES,ALL PRODUCTION PRACTICES,ALL UTILIZATION PRACTICES,PRICE RECEIVED,PCT OF PARITY,"HOGS - PRICE RECEIVED, MEASURED IN PCT OF PARITY",TOTAL,NOT SPECIFIED,NATIONAL,,99,US,US TOTAL,,,,,,,,0,,,9000,UNITED STATES,US TOTAL,2022,MONTHLY,9,9,SEP,,2026-05-29 15:00:00.000,37.0,
SURVEY,ANIMALS & PRODUCTS,LIVESTOCK,HOGS,ALL CLASSES,ALL PRODUCTION PRACTICES,ALL UTILIZATION PRACTICES,PRICE RECEIVED,PCT OF PARITY,"HOGS - PRICE RECEIVED, MEASURED IN PCT OF PARITY",TOTAL,NOT SPECIFIED,NATIONAL,,99,US,US TOTAL,,,,,,,,0,,,9000,UNITED STATES,US TOTAL,2022,MONTHLY,10,10,OCT,,2026-05-29 15:00:00.000,35.0,
SURVEY,ANIMALS & PRODUCTS,LIVESTOCK,HOGS,ALL CLASSES,ALL PRODUCTION PRACTICES,ALL UTILIZATION PRACTICES,PRICE RECEIVED,PCT OF PARITY,"HOGS - PRICE RECEIVED, MEASURED IN PCT OF PARITY",TOTAL,NOT SPECIFIED,NATIONAL,,99,US,US TOTAL,,,,,,,,0,,,9000,UNITED STATES,US TOTAL,2022,MONTHLY,11,11,NOV,,2026-05-29 15:00:00.000,33.0,
SURVEY,ANIMALS & PRODUCTS,LIVESTOCK,HOGS,ALL CLASSES,ALL PRODUCTION PRACTICES,ALL UTILIZATION PRACTICES,PRICE RECEIVED,PCT OF PARITY,"HOGS - PRICE RECEIVED, MEASURED IN PCT OF PARITY",TOTAL,NOT SPECIFIED,NATIONAL,,99,US,US TOTAL,,,,,,,,0,,,9000,UNITED STATES,US TOTAL,2022,MONTHLY,12,12,DEC,,2026-05-29 15:00:00.000,31.0,
SURVEY,ANIMALS & PRODUCTS,LIVESTOCK,HOGS,ALL CLASSES,ALL PRODUCTION PRACTICES,ALL UTILIZATION PRACTICES,PRICE RECEIVED,PCT OF PARITY,"HOGS - PRICE RECEIVED, MEASURED IN PCT OF PARITY",TOTAL,NOT SPECIFIED,NATIONAL,,99,US,US TOTAL,,,,,,,,0,,,9000,UNITED STATES,US TOTAL,2021,MONTHLY,1,1,JAN,,2025-02-28 15:00:00.000,30.0,
SURVEY,ANIMALS & PRODUCTS,LIVESTOCK,HOGS,ALL CLASSES,ALL PRODUCTION PRACTICES,ALL UTILIZATION PRACTICES,PRICE RECEIVED,PCT OF PARITY,"HOGS - PRICE RECEIVED, MEASURED IN PCT OF PARITY",TOTAL,NOT SPECIFIED,NATIONAL,,99,US,US TOTAL,,,,,,,,0,,,9000,UNITED STATES,US TOTAL,2021,MONTHLY,2,2,FEB,,2025-03-31 15:00:00.000,33.0,
SURVEY,ANIMALS & PRODUCTS,LIVESTOCK,HOGS,ALL CLASSES,ALL PRODUCTION PRACTICES,ALL UTILIZATION PRACTICES,PRICE RECEIVED,PCT OF PARITY,"HOGS - PRICE RECEIVED, MEASURED IN PCT OF PARITY",TOTAL,NOT SPECIFIED,NATIONAL,,99,US,US TOTAL,,,,,,,,0,,,9000,UNITED STATES,US TOTAL,2021,MONTHLY,3,3,MAR,,2025-04-30 15:00:00.000,40.0,
SURVEY,ANIMALS & PRODUCTS,LIVESTOCK,HOGS,ALL CLASSES,ALL PRODUCTION PRACTICES,ALL UTILIZATION PRACTICES,PRICE RECEIVED,PCT OF PARITY,"HOGS - PRICE RECEIVED, MEASURED IN PCT OF PARITY",TOTAL,NOT SPECIFIED,NATIONAL,,99,US,US TOTAL,,,,,,,,0,,,9000,UNITED STATES,US TOTAL,2021,MONTHLY,4,4,APR,,2025-05-30 15:00:00.000,45.0,
SURVEY,ANIMALS & PRODUCTS,LIVESTOCK,HOGS,ALL CLASSES,ALL PRODUCTION PRACTICES,ALL UTILIZATION PRACTICES,PRICE RECEIVED,PCT OF PARITY,"HOGS - PRICE RECEIVED, MEASURED IN PCT OF PARITY",TOTAL,NOT SPECIFIED,NATIONAL,,99,US,US TOTAL,,,,,,,,0,,,9000,UNITED STATES,US TOTAL,2021,MONTHLY,5,5,MAY,,2025-06-27 15:00:00.000,46.0,
SURVEY,ANIMALS & PRODUCTS,LIVESTOCK,HOGS,ALL CLASSES,ALL PRODUCTION PRACTICES,ALL UTILIZATION PRACTICES,PRICE RECEIVED,PCT OF PARITY,"HOGS - PRICE RECEIVED, MEASURED IN PCT OF PARITY",TOTAL,NOT SPECIFIED,NATIONAL,,99,US,US TOTAL,,,,,,,,0,,,9000,UNITED STATES,US TOTAL,2021,MONTHLY,6,6,JUN,,2025-07-31 15:00:00.000,48.0,
SURVEY,ANIMALS & PRODUCTS,LIVESTOCK,HOGS,ALL CLASSES,ALL PRODUCTION PRACTICES,ALL UTILIZATION PRACTICES,PRICE RECEIVED,PCT OF PARITY,"HOGS - PRICE RECEIVED, MEASURED IN PCT OF PARITY",TOTAL,NOT SPECIFIED,NATIONAL,,99,US,US TOTAL,,,,,,,,0,,,9000,UNITED STATES,US TOTAL,2021,MONTHLY,7,7,JUL,,2025-08-29 15:00:00.000,46.0,
SURVEY,ANIMALS & PRODUCTS,LIVESTOCK,HOGS,ALL CLASSES,ALL PRODUCTION PRACTICES,ALL UTILIZATION PRACTICES,PRICE RECEIVED,PCT OF PARITY,"HOGS - PRICE RECEIVED, MEASURED IN PCT OF PARITY",TOTAL,NOT SPECIFIED,NATIONAL,,99,US,US TOTAL,,,,,,,,0,,,9000,UNITED STATES,US TOTAL,2021,MONTHLY,8,8,AUG,,2025-09-30 15:00:00.000,45.0,
SURVEY,ANIMALS & PRODUCTS,LIVESTOCK,HOGS,ALL CLASSES,ALL PRODUCTION PRACTICES,ALL UTILIZATION PRACTICES,PRICE RECEIVED,PCT OF PARITY,"HOGS - PRICE RECEIVED, MEASURED IN PCT OF PARITY",TOTAL,NOT SPECIFIED,NATIONAL,,99,US,US TOTAL,,,,,,,,0,,,9000,UNITED STATES,US TOTAL,2021,MONTHLY,9,9,SEP,,2025-09-30 15:00:00.000,40.0,
SURVEY,ANIMALS & PRODUCTS,LIVESTOCK,HOGS,ALL CLASSES,ALL PRODUCTION PRACTICES,ALL UTILIZATION PRACTICES,PRICE RECEIVED,PCT OF PARITY,"HOGS - PRICE RECEIVED, MEASURED IN PCT OF PARITY",TOTAL,NOT SPECIFIED,NATIONAL,,99,US,US TOTAL,,,,,,,,0,,,9000,UNITED STATES,US TOTAL,2021,MONTHLY,10,10,OCT,,2025-09-30 15:00:00.000,37.0,
SURVEY,ANIMALS & PRODUCTS,LIVESTOCK,HOGS,ALL CLASSES,ALL PRODUCTION PRACTICES,ALL UTILIZATION PRACTICES,PRICE RECEIVED,PCT OF PARITY,"HOGS - PRICE RECEIVED, MEASURED IN PCT OF PARITY",TOTAL,NOT SPECIFIED,NATIONAL,,99,US,US TOTAL,,,,,,,,0,,,9000,UNITED STATES,US TOTAL,2021,MONTHLY,11,11,NOV,,2025-12-31 15:00:00.000,33.0,
SURVEY,ANIMALS & PRODUCTS,LIVESTOCK,HOGS,ALL CLASSES,ALL PRODUCTION PRACTICES,ALL UTILIZATION PRACTICES,PRICE RECEIVED,PCT OF PARITY,"HOGS - PRICE RECEIVED, MEASURED IN PCT OF PARITY",TOTAL,NOT SPECIFIED,NATIONAL,,99,US,US TOTAL,,,,,,,,0,,,9000,UNITED STATES,US TOTAL,2021,MONTHLY,12,12,DEC,,2026-01-30 15:00:00.000,31.0,
SURVEY,ANIMALS & PRODUCTS,LIVESTOCK,HOGS,ALL CLASSES,ALL PRODUCTION PRACTICES,ALL UTILIZATION PRACTICES,PRICE RECEIVED,PCT OF PARITY,"HOGS - PRICE RECEIVED, MEASURED IN PCT OF PARITY",TOTAL,NOT SPECIFIED,NATIONAL,,99,US,US TOTAL,,,,,,,,0,,,9000,UNITED STATES,US TOTAL,2020,MONTHLY,1,1,JAN,,2024-02-29 15:00:00.000,28.0,
SURVEY,ANIMALS & PRODUCTS,LIVESTOCK,HOGS,ALL CLASSES,ALL PRODUCTION PRACTICES,ALL UTILIZATION PRACTICES,PRICE RECEIVED,PCT OF PARITY,"HOGS - PRICE RECEIVED, MEASURED IN PCT OF PARITY",TOTAL,NOT SPECIFIED,NATIONAL,,99,US,US TOTAL,,,,,,,,0,,,9000,UNITED STATES,US TOTAL,2020,MONTHLY,2,2,FEB,,2024-03-28 15:00:00.000,27.0,
SURVEY,ANIMALS & PRODUCTS,LIVESTOCK,HOGS,ALL CLASSES,ALL PRODUCTION PRACTICES,ALL UTILIZATION PRACTICES,PRICE RECEIVED,PCT OF PARITY,"HOGS - PRICE RECEIVED, MEASURED IN PCT OF PARITY",TOTAL,NOT SPECIFIED,NATIONAL,,99,US,US TOTAL,,,,,,,,0,,,9000,UNITED STATES,US TOTAL,2020,MONTHLY,3,3,MAR,,2024-04-30 15:00:00.000,28.0,
SURVEY,ANIMALS & PRODUCTS,LIVESTOCK,HOGS,ALL CLASSES,ALL PRODUCTION PRACTICES,ALL UTILIZATION PRACTICES,PRICE RECEIVED,PCT OF PARITY,"HOGS - PRICE RECEIVED, MEASURED IN PCT OF PARITY",TOTAL,NOT SPECIFIED,NATIONAL,,99,US,US TOTAL,,,,,,,,0,,,9000,UNITED STATES,US TOTAL,2020,MONTHLY,4,4,APR,,2024-05-31 15:00:00.000,25.0,
SURVEY,ANIMALS & PRODUCTS,LIVESTOCK,HOGS,ALL CLASSES,ALL PRODUCTION PRACTICES,ALL UTILIZATION PRACTICES,PRICE RECEIVED,PCT OF PARITY,"HOGS - PRICE RECEIVED, MEASURED IN PCT OF PARITY",TOTAL,NOT SPECIFIED,NATIONAL,,99,US,US TOTAL,,,,,,,,0,,,9000,UNITED STATES,US TOTAL,2020,MONTHLY,5,5,MAY,,2024-06-28 15:00:00.000,30.0,
SURVEY,ANIMALS & PRODUCTS,LIVESTOCK,HOGS,ALL CLASSES,ALL PRODUCTION PRACTICES,ALL UTILIZATION PRACTICES,PRICE RECEIVED,PCT OF PARITY,"HOGS - PRICE RECEIVED, MEASURED IN PCT OF PARITY",TOTAL,NOT SPECIFIED,NATIONAL,,99,US,US TOTAL,,,,,,,,0,,,9000,UNITED STATES,US TOTAL,2020,MONTHLY,6,6,JUN,,2024-07-31 15:00:00.000,24.0,
SURVEY,ANIMALS & PRODUCTS,LIVESTOCK,HOGS,ALL CLASSES,ALL PRODUCTION PRACTICES,ALL UTILIZATION PRACTICES,PRICE RECEIVED,PCT OF PARITY,"HOGS - PRICE RECEIVED, MEASURED IN PCT OF PARITY",TOTAL,NOT SPECIFIED,NATIONAL,,99,US,US TOTAL,,,,,,,,0,,,9000,UNITED STATES,US TOTAL,2020,MONTHLY,7,7,JUL,,2024-08-30 15:00:00.000,24.0,
SURVEY,ANIMALS & PRODUCTS,LIVESTOCK,HOGS,ALL CLASSES,ALL PRODUCTION PRACTICES,ALL UTILIZATION PRACTICES,PRICE RECEIVED,PCT OF PARITY,"HOGS - PRICE RECEIVED, MEASURED IN PCT OF PARITY",TOTAL,NOT SPECIFIED,NATIONAL,,99,US,US TOTAL,,,,,,,,0,,,9000,UNITED STATES,US TOTAL,2020,MONTHLY,8,8,AUG,,2024-09-27 15:00:00.000,25.0,
SURVEY,ANIMALS & PRODUCTS,LIVESTOCK,HOGS,ALL CLASSES,ALL PRODUCTION PRACTICES,ALL UTILIZATION PRACTICES,PRICE RECEIVED,PCT OF PARITY,"HOGS - PRICE RECEIVED, MEASURED IN PCT OF PARITY",TOTAL,NOT SPECIFIED,NATIONAL,,99,US,US TOTAL,,,,,,,,0,,,9000,UNITED STATES,US TOTAL,2020,MONTHLY,9,9,SEP,,2024-10-31 15:00:00.000,29.0,
SURVEY,ANIMALS & PRODUCTS,LIVESTOCK,HOGS,ALL CLASSES,ALL PRODUCTION PRACTICES,ALL UTILIZATION PRACTICES,PRICE RECEIVED,PCT OF PARITY,"HOGS - PRICE RECEIVED, MEASURED IN PCT OF PARITY",TOTAL,NOT SPECIFIED,NATIONAL,,99,US,US TOTAL,,,,,,,,0,,,9000,UNITED STATES,US TOTAL,2020,MONTHLY,10,10,OCT,,2024-11-29 15:00:00.000,33.0,
SURVEY,ANIMALS & PRODUCTS,LIVESTOCK,HOGS,ALL CLASSES,ALL PRODUCTION PRACTICES,ALL UTILIZATION PRACTICES,PRICE RECEIVED,PCT OF PARITY,"HOGS - PRICE RECEIVED, MEASURED IN PCT OF PARITY",TOTAL,NOT SPECIFIED,NATIONAL,,99,US,US TOTAL,,,,,,,,0,,,9000,UNITED STATES,US TOTAL,2020,MONTHLY,11,11,NOV,,2024-12-31 15:00:00.000,30.0,
SURVEY,ANIMALS & PRODUCTS,LIVESTOCK,HOGS,ALL CLASSES,ALL PRODUCTION PRACTICES,ALL UTILIZATION PRACTICES,PRICE RECEIVED,PCT OF PARITY,"HOGS - PRICE RECEIVED, MEASURED IN PCT OF PARITY",TOTAL,NOT SPECIFIED,NATIONAL,,99,US,US TOTAL,,,,,,,,0,,,9000,UNITED STATES,US TOTAL,2020,MONTHLY,12,12,DEC,,2025-01-31 15:00:00.000,28.0,
SURVEY,ANIMALS & PRODUCTS,LIVESTOCK,HOGS,ALL CLASSES,ALL PRODUCTION PRACTICES,ALL UTILIZATION PRACTICES,PRICE RECEIVED,PCT OF PARITY,"HOGS - PRICE RECEIVED, MEASURED IN PCT OF PARITY",TOTAL,NOT SPECIFIED,NATIONAL,,99,US,US TOTAL,,,,,,,,0,,,9000,UNITED STATES,US TOTAL,2019,MONTHLY,1,1,JAN,,2023-02-28 15:00:00.000,27.0,
SURVEY,ANIMALS & PRODUCTS,LIVESTOCK,HOGS,ALL CLASSES,ALL PRODUCTION PRACTICES,ALL UTILIZATION PRACTICES,PRICE RECEIVED,PCT OF PARITY,"HOGS - PRICE RECEIVED, MEASURED IN PCT OF PARITY",TOTAL,NOT SPECIFIED,NATIONAL,,99,US,US TOTAL,,,,,,,,0,,,9000,UNITED STATES,US TOTAL,2019,MONTHLY,2,2,FEB,,2023-03-31 15:00:00.000,26.0,
SURVEY,ANIMALS & PRODUCTS,LIVESTOCK,HOGS,ALL CLASSES,ALL PRODUCTION PRACTICES,ALL UTILIZATION PRACTICES,PRICE RECEIVED,PCT OF PARITY,"HOGS - PRICE RECEIVED, MEASURED IN PCT OF PARITY",TOTAL,NOT SPECIFIED,NATIONAL,,99,US,US TOTAL,,,,,,,,0,,,9000,UNITED STATES,US TOTAL,2019,MONTHLY,3,3,MAR,,2023-04-27 15:00:00.000,27.0,
SURVEY,ANIMALS & PRODUCTS,LIVESTOCK,HOGS,ALL CLASSES,ALL PRODUCTION PRACTICES,ALL UTILIZATION PRACTICES,PRICE RECEIVED,PCT OF PARITY,"HOGS - PRICE RECEIVED, MEASURED IN PCT OF PARITY",TOTAL,NOT SPECIFIED,NATIONAL,,99,US,US TOTAL,,,,,,,,0,,,9000,UNITED STATES,US TOTAL,2019,MONTHLY,4,4,APR,,2023-05-31 15:00:00.000,35.0,
SURVEY,ANIMALS & PRODUCTS,LIVESTOCK,HOGS,ALL CLASSES,ALL PRODUCTION PRACTICES,ALL UTILIZATION PRACTICES,PRICE RECEIVED,PCT OF PARITY,"HOGS - PRICE RECEIVED, MEASURED IN PCT OF PARITY",TOTAL,NOT SPECIFIED,NATIONAL,,99,US,US TOTAL,,,,,,,,0,,,9000,UNITED STATES,US TOTAL,2019,MONTHLY,5,5,MAY,,2023-06-30 15:00:00.000,36.0,
SURVEY,ANIMALS & PRODUCTS,LIVESTOCK,HOGS,ALL CLASSES,ALL PRODUCTION PRACTICES,ALL UTILIZATION PRACTICES,PRICE RECEIVED,PCT OF PARITY,"HOGS - PRICE RECEIVED, MEASURED IN PCT OF PARITY",TOTAL,NOT SPECIFIED,NATIONAL,,99,US,US TOTAL,,,,,,,,0,,,9000,UNITED STATES,US TOTAL,2019,MONTHLY,6,6,JUN,,2023-07-28 15:00:00.000,35.0,
SURVEY,ANIMALS & PRODUCTS,LIVESTOCK,HOGS,ALL CLASSES,ALL PRODUCTION PRACTICES,ALL UTILIZATION PRACTICES,PRICE RECEIVED,PCT OF PARITY,"HOGS - PRICE RECEIVED, MEASURED IN PCT OF PARITY",TOTAL,NOT SPECIFIED,NATIONAL,,99,US,US TOTAL,,,,,,,,0,,,9000,UNITED STATES,US TOTAL,2019,MONTHLY,7,7,JUL,,2023-08-31 15:00:00.000,33.0,
SURVEY,ANIMALS & PRODUCTS,LIVESTOCK,HOGS,ALL CLASSES,ALL PRODUCTION PRACTICES,ALL UTILIZATION PRACTICES,PRICE RECEIVED,PCT OF PARITY,"HOGS - PRICE RECEIVED, MEASURED IN PCT OF PARITY",TOTAL,NOT SPECIFIED,NATIONAL,,99,US,US TOTAL,,,,,,,,0,,,9000,UNITED STATES,US TOTAL,2019,MONTHLY,8,8,AUG,,2023-09-29 15:00:00.000,35.0,
SURVEY,ANIMALS & PRODUCTS,LIVESTOCK,HOGS,ALL CLASSES,ALL PRODUCTION PRACTICES,ALL UTILIZATION PRACTICES,PRICE RECEIVED,PCT OF PARITY,"HOGS - PRICE RECEIVED, MEASURED IN PCT OF PARITY",TOTAL,NOT SPECIFIED,NATIONAL,,99,US,US TOTAL,,,,,,,,0,,,9000,UNITED STATES,US TOTAL,2019,MONTHLY,9,9,SEP,,2023-10-31 15:00:00.000,28.0,
SURVEY,ANIMALS & PRODUCTS,LIVESTOCK,HOGS,ALL CLASSES,ALL PRODUCTION PRACTICES,ALL UTILIZATION PRACTICES,PRICE RECEIVED,PCT OF PARITY,"HOGS - PRICE RECEIVED, MEASURED IN PCT OF PARITY",TOTAL,NOT SPECIFIED,NATIONAL,,99,US,US TOTAL,,,,,,,,0,,,9000,UNITED STATES,US TOTAL,2019,MONTHLY,10,10,OCT,,2023-11-30 15:00:00.000,29.0,
SURVEY,ANIMALS & PRODUCTS,LIVESTOCK,HOGS,ALL CLASSES,ALL PRODUCTION PRACTICES,ALL UTILIZATION PRACTICES,PRICE RECEIVED,PCT OF PARITY,"HOGS - PRICE RECEIVED, MEASURED IN PCT OF PARITY",TOTAL,NOT SPECIFIED,NATIONAL,,99,US,US TOTAL,,,,,,,,0,,,9000,UNITED STATES,US TOTAL,2019,MONTHLY,11,11,NOV,,2023-12-29 15:00:00.000,28.0,
SURVEY,ANIMALS & PRODUCTS,LIVESTOCK,HOGS,ALL CLASSES,ALL PRODUCTION PRACTICES,ALL UTILIZATION PRACTICES,PRICE RECEIVED,PCT OF PARITY,"HOGS - PRICE RECEIVED, MEASURED IN PCT OF PARITY",TOTAL,NOT SPECIFIED,NATIONAL,,99,US,US TOTAL,,,,,,,,0,,,9000,UNITED STATES,US TOTAL,2019,MONTHLY,12,12,DEC,,2024-01-31 15:00:00.000,28.0,
SURVEY,ANIMALS & PRODUCTS,LIVESTOCK,HOGS,ALL CLASSES,ALL PRODUCTION PRACTICES,ALL UTILIZATION PRACTICES,PRICE RECEIVED,PCT OF PARITY,"HOGS - PRICE RECEIVED, MEASURED IN PCT OF PARITY",TOTAL,NOT SPECIFIED,NATIONAL,,99,US,US TOTAL,,,,,,,,0,,,9000,UNITED STATES,US TOTAL,2018,MONTHLY,1,1,JAN,,2019-02-28 15:06:11.000,32.0,
SURVEY,ANIMALS & PRODUCTS,LIVESTOCK,HOGS,ALL CLASSES,ALL PRODUCTION PRACTICES,ALL UTILIZATION PRACTICES,PRICE RECEIVED,PCT OF PARITY,"HOGS - PRICE RECEIVED, MEASURED IN PCT OF PARITY",TOTAL,NOT SPECIFIED,NATIONAL,,99,US,US TOTAL,,,,,,,,0,,,9000,UNITED STATES,US TOTAL,2018,MONTHLY,2,2,FEB,,2019-03-28 15:00:51.000,33.0,
SURVEY,ANIMALS & PRODUCTS,LIVESTOCK,HOGS,ALL CLASSES,ALL PRODUCTION PRACTICES,ALL UTILIZATION PRACTICES,PRICE RECEIVED,PCT OF PARITY,"HOGS - PRICE RECEIVED, MEASURED IN PCT OF PARITY",TOTAL,NOT SPECIFIED,NATIONAL,,99,US,US TOTAL,,,,,,,,0,,,9000,UNITED STATES,US TOTAL,2018,MONTHLY,3,3,MAR,,2019-04-30 15:06:07.000,30.0,
SURVEY,ANIMALS & PRODUCTS,LIVESTOCK,HOGS,ALL CLASSES,ALL PRODUCTION PRACTICES,ALL UTILIZATION PRACTICES,PRICE RECEIVED,PCT OF PARITY,"HOGS - PRICE RECEIVED, MEASURED IN PCT OF PARITY",TOTAL,NOT SPECIFIED,NATIONAL,,99,US,US TOTAL,,,,,,,,0,,,9000,UNITED STATES,US TOTAL,2018,MONTHLY,4,4,APR,,2019-05-31 15:07:33.000,27.0,
SURVEY,ANIMALS & PRODUCTS,LIVESTOCK,HOGS,ALL CLASSES,ALL PRODUCTION PRACTICES,ALL UTILIZATION PRACTICES,PRICE RECEIVED,PCT OF PARITY,"HOGS - PRICE RECEIVED, MEASURED IN PCT OF PARITY",TOTAL,NOT SPECIFIED,NATIONAL,,99,US,US TOTAL,,,,,,,,0,,,9000,UNITED STATES,US TOTAL,2018,MONTHLY,5,5,MAY,,2019-06-27 15:25:14.000,31.0,
SURVEY,ANIMALS & PRODUCTS,LIVESTOCK,HOGS,ALL CLASSES,ALL PRODUCTION PRACTICES,ALL UTILIZATION PRACTICES,PRICE RECEIVED,PCT OF PARITY,"HOGS - PRICE RECEIVED, MEASURED IN PCT OF PARITY",TOTAL,NOT SPECIFIED,NATIONAL,,99,US,US TOTAL,,,,,,,,0,,,9000,UNITED STATES,US TOTAL,2018,MONTHLY,6,6,JUN,,2019-07-31 15:10:36.000,35.0,
SURVEY,ANIMALS & PRODUCTS,LIVESTOCK,HOGS,ALL CLASSES,ALL PRODUCTION PRACTICES,ALL UTILIZATION PRACTICES,PRICE RECEIVED,PCT OF PARITY,"HOGS - PRICE RECEIVED, MEASURED IN PCT OF PARITY",TOTAL,NOT SPECIFIED,NATIONAL,,99,US,US TOTAL,,,,,,,,0,,,9000,UNITED STATES,US TOTAL,2018,MONTHLY,7,7,JUL,,2019-08-30 15:06:13.000,35.0,
SURVEY,ANIMALS & PRODUCTS,LIVESTOCK,HOGS,ALL CLASSES,ALL PRODUCTION PRACTICES,ALL UTILIZATION PRACTICES,PRICE RECEIVED,PCT OF PARITY,"HOGS - PRICE RECEIVED, MEASURED IN PCT OF PARITY",TOTAL,NOT SPECIFIED,NATIONAL,,99,US,US TOTAL,,,,,,,,0,,,9000,UNITED STATES,US TOTAL,2018,MONTHLY,8,8,AUG,,2019-09-27 15:12:29.000,27.0,
SURVEY,ANIMALS & PRODUCTS,LIVESTOCK,HOGS,ALL CLASSES,ALL PRODUCTION PRACTICES,ALL UTILIZATION PRACTICES,PRICE RECEIVED,PCT OF PARITY,"HOGS - PRICE RECEIVED, MEASURED IN PCT OF PARITY",TOTAL,NOT SPECIFIED,NATIONAL,,99,US,US TOTAL,,,,,,,,0,,,9000,UNITED STATES,US TOTAL,2018,MONTHLY,9,9,SEP,,2019-10-31 15:03:44.000,26.0,
SURVEY,ANIMALS & PRODUCTS,LIVESTOCK,HOGS,ALL CLASSES,ALL PRODUCTION PRACTICES,ALL UTILIZATION PRACTICES,PRICE RECEIVED,PCT OF PARITY,"HOGS - PRICE RECEIVED, MEASURED IN PCT OF PARITY",TOTAL,NOT SPECIFIED,NATIONAL,,99,US,US TOTAL,,,,,,,,0,,,9000,UNITED STATES,US TOTAL,2018,MONTHLY,10,10,OCT,,2019-11-27 15:09:50.000,30.0,
SURVEY,ANIMALS & PRODUCTS,LIVESTOCK,HOGS,ALL CLASSES,ALL PRODUCTION PRACTICES,ALL UTILIZATION PRACTICES,PRICE RECEIVED,PCT OF PARITY,"HOGS - PRICE RECEIVED, MEASURED IN PCT OF PARITY",TOTAL,NOT SPECIFIED,NATIONAL,,99,US,US TOTAL,,,,,,,,0,,,9000,UNITED STATES,US TOTAL,2018,MONTHLY,11,11,NOV,,2019-12-27 15:06:20.000,28.0,
SURVEY,ANIMALS & PRODUCTS,LIVESTOCK,HOGS,ALL CLASSES,ALL PRODUCTION PRACTICES,ALL UTILIZATION PRACTICES,PRICE RECEIVED,PCT OF PARITY,"HOGS - PRICE RECEIVED, MEASURED IN PCT OF PARITY",TOTAL,NOT SPECIFIED,NATIONAL,,99,US,US TOTAL,,,,,,,,0,,,9000,UNITED STATES,US TOTAL,2018,MONTHLY,12,12,DEC,,2020-01-31 15:04:44.000,26.0,
SURVEY,ANIMALS & PRODUCTS,LIVESTOCK,HOGS,ALL CLASSES,ALL PRODUCTION PRACTICES,ALL UTILIZATION PRACTICES,PRICE RECEIVED,PCT OF PARITY,"HOGS - PRICE RECEIVED, MEASURED IN PCT OF PARITY",TOTAL,NOT SPECIFIED,NATIONAL,,99,US,US TOTAL,,,,,,,,0,,,9000,UNITED STATES,US TOTAL,2017,MONTHLY,1,1,JAN,,2018-02-27 15:15:05.000,30.0,
SURVEY,ANIMALS & PRODUCTS,LIVESTOCK,HOGS,ALL CLASSES,ALL PRODUCTION PRACTICES,ALL UTILIZATION PRACTICES,PRICE RECEIVED,PCT OF PARITY,"HOGS - PRICE RECEIVED, MEASURED IN PCT OF PARITY",TOTAL,NOT SPECIFIED,NATIONAL,,99,US,US TOTAL,,,,,,,,0,,,9000,UNITED STATES,US TOTAL,2017,MONTHLY,2,2,FEB,,2018-03-28 15:07:05.000,34.0,
SURVEY,ANIMALS & PRODUCTS,LIVESTOCK,HOGS,ALL CLASSES,ALL PRODUCTION PRACTICES,ALL UTILIZATION PRACTICES,PRICE RECEIVED,PCT OF PARITY,"HOGS - PRICE RECEIVED, MEASURED IN PCT OF PARITY",TOTAL,NOT SPECIFIED,NATIONAL,,99,US,US TOTAL,,,,,,,,0,,,9000,UNITED STATES,US TOTAL,2017,MONTHLY,3,3,MAR,,2018-04-27 15:07:08.000,33.0,
SURVEY,ANIMALS & PRODUCTS,LIVESTOCK,HOGS,ALL CLASSES,ALL PRODUCTION PRACTICES,ALL UTILIZATION PRACTICES,PRICE RECEIVED,PCT OF PARITY,"HOGS - PRICE RECEIVED, MEASURED IN PCT OF PARITY",TOTAL,NOT SPECIFIED,NATIONAL,,99,US,US TOTAL,,,,,,,,0,,,9000,UNITED STATES,US TOTAL,2017,MONTHLY,4,4,APR,,2018-05-30 15:00:03.000,30.0,
SURVEY,ANIMALS & PRODUCTS,LIVESTOCK,HOGS,ALL CLASSES,ALL PRODUCTION PRACTICES,ALL UTILIZATION PRACTICES,PRICE RECEIVED,PCT OF PARITY,"HOGS - PRICE RECEIVED, MEASURED IN PCT OF PARITY",TOTAL,NOT SPECIFIED,NATIONAL,,99,US,US TOTAL,,,,,,,,0,,,9000,UNITED STATES,US TOTAL,2017,MONTHLY,5,5,MAY,,2018-06-28 15:08:24.000,33.0,
SURVEY,ANIMALS & PRODUCTS,LIVESTOCK,HOGS,ALL CLASSES,ALL PRODUCTION PRACTICES,ALL UTILIZATION PRACTICES,PRICE RECEIVED,PCT OF PARITY,"HOGS - PRICE RECEIVED, MEASURED IN PCT OF PARITY",TOTAL,NOT SPECIFIED,NATIONAL,,99,US,US TOTAL,,,,,,,,0,,,9000,UNITED STATES,US TOTAL,2017,MONTHLY,6,6,JUN,,2018-07-30 15:00:12.000,38.0,
SURVEY,ANIMALS & PRODUCTS,LIVESTOCK,HOGS,ALL CLASSES,ALL PRODUCTION PRACTICES,ALL UTILIZATION PRACTICES,PRICE RECEIVED,PCT OF PARITY,"HOGS - PRICE RECEIVED, MEASURED IN PCT OF PARITY",TOTAL,NOT SPECIFIED,NATIONAL,,99,US,US TOTAL,,,,,,,,0,,,9000,UNITED STATES,US TOTAL,2017,MONTHLY,7,7,JUL,,2018-08-29 15:05:27.000,42.0,
SURVEY,ANIMALS & PRODUCTS,LIVESTOCK,HOGS,ALL CLASSES,ALL PRODUCTION PRACTICES,ALL UTILIZATION PRACTICES,PRICE RECEIVED,PCT OF PARITY,"HOGS - PRICE RECEIVED, MEASURED IN PCT OF PARITY",TOTAL,NOT SPECIFIED,NATIONAL,,99,US,US TOTAL,,,,,,,,0,,,9000,UNITED STATES,US TOTAL,2017,MONTHLY,8,8,AUG,,2018-09-27 15:06:18.000,38.0,
SURVEY,ANIMALS & PRODUCTS,LIVESTOCK,HOGS,ALL CLASSES,ALL PRODUCTION PRACTICES,ALL UTILIZATION PRACTICES,PRICE RECEIVED,PCT OF PARITY,"HOGS - PRICE RECEIVED, MEASURED IN PCT OF PARITY",TOTAL,NOT SPECIFIED,NATIONAL,,99,US,US TOTAL,,,,,,,,0,,,9000,UNITED STATES,US TOTAL,2017,MONTHLY,9,9,SEP,,2018-10-30 15:01:57.000,30.0,
SURVEY,ANIMALS & PRODUCTS,LIVESTOCK,HOGS,ALL CLASSES,ALL PRODUCTION PRACTICES,ALL UTILIZATION PRACTICES,PRICE RECEIVED,PCT OF PARITY,"HOGS - PRICE RECEIVED, MEASURED IN PCT OF PARITY",TOTAL,NOT SPECIFIED,NATIONAL,,99,US,US TOTAL,,,,,,,,0,,,9000,UNITED STATES,US TOTAL,2017,MONTHLY,10,10,OCT,,2018-11-29 15:01:10.000,29.0,
SURVEY,ANIMALS & PRODUCTS,LIVESTOCK,HOGS,ALL CLASSES,ALL PRODUCTION PRACTICES,ALL UTILIZATION PRACTICES,PRICE RECEIVED,PCT OF PARITY,"HOGS - PRICE RECEIVED, MEASURED IN PCT OF PARITY",TOTAL,NOT SPECIFIED,NATIONAL,,99,US,US TOTAL,,,,,,,,0,,,9000,UNITED STATES,US TOTAL,2017,MONTHLY,11,11,NOV,,2019-01-31 15:01:36.000,31.0,
SURVEY,ANIMALS & PRODUCTS,LIVESTOCK,HOGS,ALL CLASSES,ALL PRODUCTION PRACTICES,ALL UTILIZATION PRACTICES,PRICE RECEIVED,PCT OF PARITY,"HOGS - PRICE RECEIVED, MEASURED IN PCT OF PARITY",TOTAL,NOT SPECIFIED,NATIONAL,,99,US,US TOTAL,,,,,,,,0,,,9000,UNITED STATES,US TOTAL,2017,MONTHLY,12,12,DEC,,2019-02-20 15:00:15.000,30.0,
SURVEY,ANIMALS & PRODUCTS,LIVESTOCK,HOGS,ALL CLASSES,ALL PRODUCTION PRACTICES,ALL UTILIZATION PRACTICES,PRICE RECEIVED,PCT OF PARITY,"HOGS - PRICE RECEIVED, MEASURED IN PCT OF PARITY",TOTAL,NOT SPECIFIED,NATIONAL,,99,US,US TOTAL,,,,,,,,0,,,9000,UNITED STATES,US TOTAL,2016,MONTHLY,1,1,JAN,,2017-02-28 15:05:23.000,26.0,
SURVEY,ANIMALS & PRODUCTS,LIVESTOCK,HOGS,ALL CLASSES,ALL PRODUCTION PRACTICES,ALL UTILIZATION PRACTICES,PRICE RECEIVED,PCT OF PARITY,"HOGS - PRICE RECEIVED, MEASURED IN PCT OF PARITY",TOTAL,NOT SPECIFIED,NATIONAL,,99,US,US TOTAL,,,,,,,,0,,,9000,UNITED STATES,US TOTAL,2016,MONTHLY,2,2,FEB,,2017-03-30 15:00:16.000,30.0,
SURVEY,ANIMALS & PRODUCTS,LIVESTOCK,HOGS,ALL CLASSES,ALL PRODUCTION PRACTICES,ALL UTILIZATION PRACTICES,PRICE RECEIVED,PCT OF PARITY,"HOGS - PRICE RECEIVED, MEASURED IN PCT OF PARITY",TOTAL,NOT SPECIFIED,NATIONAL,,99,US,US TOTAL,,,,,,,,0,,,9000,UNITED STATES,US TOTAL,2016,MONTHLY,3,3,MAR,,2017-04-27 15:03:23.000,30.0,
SURVEY,ANIMALS & PRODUCTS,LIVESTOCK,HOGS,ALL CLASSES,ALL PRODUCTION PRACTICES,ALL UTILIZATION PRACTICES,PRICE RECEIVED,PCT OF PARITY,"HOGS - PRICE RECEIVED, MEASURED IN PCT OF PARITY",TOTAL,NOT SPECIFIED,NATIONAL,,99,US,US TOTAL,,,,,,,,0,,,9000,UNITED STATES,US TOTAL,2016,MONTHLY,4,4,APR,,2017-05-31 15:00:03.000,31.0,
SURVEY,ANIMALS & PRODUCTS,LIVESTOCK,HOGS,ALL CLASSES,ALL PRODUCTION PRACTICES,ALL UTILIZATION PRACTICES,PRICE RECEIVED,PCT OF PARITY,"HOGS - PRICE RECEIVED, MEASURED IN PCT OF PARITY",TOTAL,NOT SPECIFIED,NATIONAL,,99,US,US TOTAL,,,,,,,,0,,,9000,UNITED STATES,US TOTAL,2016,MONTHLY,5,5,MAY,,2017-06-29 15:05:42.000,35.0,
SURVEY,ANIMALS & PRODUCTS,LIVESTOCK,HOGS,ALL CLASSES,ALL PRODUCTION PRACTICES,ALL UTILIZATION PRACTICES,PRICE RECEIVED,PCT OF PARITY,"HOGS - PRICE RECEIVED, MEASURED IN PCT OF PARITY",TOTAL,NOT SPECIFIED,NATIONAL,,99,US,US TOTAL,,,,,,,,0,,,9000,UNITED STATES,US TOTAL,2016,MONTHLY,6,6,JUN,,2017-07-31 15:00:20.000,37.0,
SURVEY,ANIMALS & PRODUCTS,LIVESTOCK,HOGS,ALL CLASSES,ALL PRODUCTION PRACTICES,ALL UTILIZATION PRACTICES,PRICE RECEIVED,PCT OF PARITY,"HOGS - PRICE RECEIVED, MEASURED IN PCT OF PARITY",TOTAL,NOT SPECIFIED,NATIONAL,,99,US,US TOTAL,,,,,,,,0,,,9000,UNITED STATES,US TOTAL,2016,MONTHLY,7,7,JUL,,2017-08-30 15:00:23.000,36.0,
SURVEY,ANIMALS & PRODUCTS,LIVESTOCK,HOGS,ALL CLASSES,ALL PRODUCTION PRACTICES,ALL UTILIZATION PRACTICES,PRICE RECEIVED,PCT OF PARITY,"HOGS - PRICE RECEIVED, MEASURED IN PCT OF PARITY",TOTAL,NOT SPECIFIED,NATIONAL,,99,US,US TOTAL,,,,,,,,0,,,9000,UNITED STATES,US TOTAL,2016,MONTHLY,8,8,AUG,,2017-09-28 15:08:15.000,32.0,
SURVEY,ANIMALS & PRODUCTS,LIVESTOCK,HOGS,ALL CLASSES,ALL PRODUCTION PRACTICES,ALL UTILIZATION PRACTICES,PRICE RECEIVED,PCT OF PARITY,"HOGS - PRICE RECEIVED, MEASURED IN PCT OF PARITY",TOTAL,NOT SPECIFIED,NATIONAL,,99,US,US TOTAL,,,,,,,,0,,,9000,UNITED STATES,US TOTAL,2016,MONTHLY,9,9,SEP,,2017-10-30 15:00:20.000,30.0,
SURVEY,ANIMALS & PRODUCTS,LIVESTOCK,HOGS,ALL CLASSES,ALL PRODUCTION PRACTICES,ALL UTILIZATION PRACTICES,PRICE RECEIVED,PCT OF PARITY,"HOGS - PRICE RECEIVED, MEASURED IN PCT OF PARITY",TOTAL,NOT SPECIFIED,NATIONAL,,99,US,US TOTAL,,,,,,,,0,,,9000,UNITED STATES,US TOTAL,2016,MONTHLY,10,10,OCT,,2017-11-30 15:00:27.000,26.0,
SURVEY,ANIMALS & PRODUCTS,LIVESTOCK,HOGS,ALL CLASSES,ALL PRODUCTION PRACTICES,ALL UTILIZATION PRACTICES,PRICE RECEIVED,PCT OF PARITY,"HOGS - PRICE RECEIVED, MEASURED IN PCT OF PARITY",TOTAL,NOT SPECIFIED,NATIONAL,,99,US,US TOTAL,,,,,,,,0,,,9000,UNITED STATES,US TOTAL,2016,MONTHLY,11,11,NOV,,2017-12-28 15:02:49.000,24.0,
SURVEY,ANIMALS & PRODUCTS,LIVESTOCK,HOGS,ALL CLASSES,ALL PRODUCTION PRACTICES,ALL UTILIZATION PRACTICES,PRICE RECEIVED,PCT OF PARITY,"HOGS - PRICE RECEIVED, MEASURED IN PCT OF PARITY",TOTAL,NOT SPECIFIED,NATIONAL,,99,US,US TOTAL,,,,,,,,0,,,9000,UNITED STATES,US TOTAL,2016,MONTHLY,12,12,DEC,,2018-01-30 15:00:29.000,27.0,
SURVEY,ANIMALS & PRODUCTS,LIVESTOCK,HOGS,ALL CLASSES,ALL PRODUCTION PRACTICES,ALL UTILIZATION PRACTICES,PRICE RECEIVED,PCT OF PARITY,"HOGS - PRICE RECEIVED, MEASURED IN PCT OF PARITY",TOTAL,NOT SPECIFIED,NATIONAL,,99,US,US TOTAL,,,,,,,,0,,,9000,UNITED STATES,US TOTAL,2015,MONTHLY,1,1,JAN,,2016-02-29 15:03:32.000,33.0,
SURVEY,ANIMALS & PRODUCTS,LIVESTOCK,HOGS,ALL CLASSES,ALL PRODUCTION PRACTICES,ALL UTILIZATION PRACTICES,PRICE RECEIVED,PCT OF PARITY,"HOGS - PRICE RECEIVED, MEASURED IN PCT OF PARITY",TOTAL,NOT SPECIFIED,NATIONAL,,99,US,US TOTAL,,,,,,,,0,,,9000,UNITED STATES,US TOTAL,2015,MONTHLY,2,2,FEB,,2016-03-30 15:11:41.000,29.0,
SURVEY,ANIMALS & PRODUCTS,LIVESTOCK,HOGS,ALL CLASSES,ALL PRODUCTION PRACTICES,ALL UTILIZATION PRACTICES,PRICE RECEIVED,PCT OF PARITY,"HOGS - PRICE RECEIVED, MEASURED IN PCT OF PARITY",TOTAL,NOT SPECIFIED,NATIONAL,,99,US,US TOTAL,,,,,,,,0,,,9000,UNITED STATES,US TOTAL,2015,MONTHLY,3,3,MAR,,2016-04-29 15:12:51.000,29.0,
SURVEY,ANIMALS & PRODUCTS,LIVESTOCK,HOGS,ALL CLASSES,ALL PRODUCTION PRACTICES,ALL UTILIZATION PRACTICES,PRICE RECEIVED,PCT OF PARITY,"HOGS - PRICE RECEIVED, MEASURED IN PCT OF PARITY",TOTAL,NOT SPECIFIED,NATIONAL,,99,US,US TOTAL,,,,,,,,0,,,9000,UNITED STATES,US TOTAL,2015,MONTHLY,4,4,APR,,2016-05-31 15:12:25.000,28.0,
SURVEY,ANIMALS & PRODUCTS,LIVESTOCK,HOGS,ALL CLASSES,ALL PRODUCTION PRACTICES,ALL UTILIZATION PRACTICES,PRICE RECEIVED,PCT OF PARITY,"HOGS - PRICE RECEIVED, MEASURED IN PCT OF PARITY",TOTAL,NOT SPECIFIED,NATIONAL,,99,US,US TOTAL,,,,,,,,0,,,9000,UNITED STATES,US TOTAL,2015,MONTHLY,5,5,MAY,,2016-06-29 15:13:46.000,34.0,
SURVEY,ANIMALS & PRODUCTS,LIVESTOCK,HOGS,ALL CLASSES,ALL PRODUCTION PRACTICES,ALL UTILIZATION PRACTICES,PRICE RECEIVED,PCT OF PARITY,"HOGS - PRICE RECEIVED, MEASURED IN PCT OF PARITY",TOTAL,NOT SPECIFIED,NATIONAL,,99,US,US TOTAL,,,,,,,,0,,,9000,UNITED STATES,US TOTAL,2015,MONTHLY,6,6,JUN,,2016-07-29 15:12:57.000,35.0,
SURVEY,ANIMALS & PRODUCTS,LIVESTOCK,HOGS,ALL CLASSES,ALL PRODUCTION PRACTICES,ALL UTILIZATION PRACTICES,PRICE RECEIVED,PCT OF PARITY,"HOGS - PRICE RECEIVED, MEASURED IN PCT OF PARITY",TOTAL,NOT SPECIFIED,NATIONAL,,99,US,US TOTAL,,,,,,,,0,,,9000,UNITED STATES,US TOTAL,2015,MONTHLY,7,7,JUL,,2016-08-31 15:19:47.000,34.0,
SURVEY,ANIMALS & PRODUCTS,LIVESTOCK,HOGS,ALL CLASSES,ALL PRODUCTION PRACTICES,ALL UTILIZATION PRACTICES,PRICE RECEIVED,PCT OF PARITY,"HOGS - PRICE RECEIVED, MEASURED IN PCT OF PARITY",TOTAL,NOT SPECIFIED,NATIONAL,,99,US,US TOTAL,,,,,,,,0,,,9000,UNITED STATES,US TOTAL,2015,MONTHLY,8,8,AUG,,2016-09-29 15:07:37.000,35.0,
SURVEY,ANIMALS & PRODUCTS,LIVESTOCK,HOGS,ALL CLASSES,ALL PRODUCTION PRACTICES,ALL UTILIZATION PRACTICES,PRICE RECEIVED,PCT OF PARITY,"HOGS - PRICE RECEIVED, MEASURED IN PCT OF PARITY",TOTAL,NOT SPECIFIED,NATIONAL,,99,US,US TOTAL,,,,,,,,0,,,9000,UNITED STATES,US TOTAL,2015,MONTHLY,9,9,SEP,,2016-10-31 15:04:48.000,32.0,
SURVEY,ANIMALS & PRODUCTS,LIVESTOCK,HOGS,ALL CLASSES,ALL PRODUCTION PRACTICES,ALL UTILIZATION PRACTICES,PRICE RECEIVED,PCT OF PARITY,"HOGS - PRICE RECEIVED, MEASURED IN PCT OF PARITY",TOTAL,NOT SPECIFIED,NATIONAL,,99,US,US TOTAL,,,,,,,,0,,,9000,UNITED STATES,US TOTAL,2015,MONTHLY,10,10,OCT,,2016-11-30 15:19:50.000,33.0,
SURVEY,ANIMALS & PRODUCTS,LIVESTOCK,HOGS,ALL CLASSES,ALL PRODUCTION PRACTICES,ALL UTILIZATION PRACTICES,PRICE RECEIVED,PCT OF PARITY,"HOGS - PRICE RECEIVED, MEASURED IN PCT OF PARITY",TOTAL,NOT SPECIFIED,NATIONAL,,99,US,US TOTAL,,,,,,,,0,,,9000,UNITED STATES,US TOTAL,2015,MONTHLY,11,11,NOV,,2016-12-29 15:04:46.000,27.0,
SURVEY,ANIMALS & PRODUCTS,LIVESTOCK,HOGS,ALL CLASSES,ALL PRODUCTION PRACTICES,ALL UTILIZATION PRACTICES,PRICE RECEIVED,PCT OF PARITY,"HOGS - PRICE RECEIVED, MEASURED IN PCT OF PARITY",TOTAL,NOT SPECIFIED,NATIONAL,,99,US,US TOTAL,,,,,,,,0,,,9000,UNITED STATES,US TOTAL,2015,MONTHLY,12,12,DEC,,2017-01-31 15:03:17.000,26.0,
SURVEY,ANIMALS & PRODUCTS,LIVESTOCK,HOGS,ALL CLASSES,ALL PRODUCTION PRACTICES,ALL UTILIZATION PRACTICES,PRICE RECEIVED,PCT OF PARITY,"HOGS - PRICE RECEIVED, MEASURED IN PCT OF PARITY",TOTAL,NOT SPECIFIED,NATIONAL,,99,US,US TOTAL,,,,,,,,0,,,9000,UNITED STATES,US TOTAL,2014,MONTHLY,1,1,JAN,,2015-02-27 15:10:53.000,37.0,
SURVEY,ANIMALS & PRODUCTS,LIVESTOCK,HOGS,ALL CLASSES,ALL PRODUCTION PRACTICES,ALL UTILIZATION PRACTICES,PRICE RECEIVED,PCT OF PARITY,"HOGS - PRICE RECEIVED, MEASURED IN PCT OF PARITY",TOTAL,NOT SPECIFIED,NATIONAL,,99,US,US TOTAL,,,,,,,,0,,,9000,UNITED STATES,US TOTAL,2014,MONTHLY,2,2,FEB,,2015-03-30 15:05:33.000,39.0,
SURVEY,ANIMALS & PRODUCTS,LIVESTOCK,HOGS,ALL CLASSES,ALL PRODUCTION PRACTICES,ALL UTILIZATION PRACTICES,PRICE RECEIVED,PCT OF PARITY,"HOGS - PRICE RECEIVED, MEASURED IN PCT OF PARITY",TOTAL,NOT SPECIFIED,NATIONAL,,99,US,US TOTAL,,,,,,,,0,,,9000,UNITED STATES,US TOTAL,2014,MONTHLY,3,3,MAR,,2015-04-30 15:00:23.000,49.0,
SURVEY,ANIMALS & PRODUCTS,LIVESTOCK,HOGS,ALL CLASSES,ALL PRODUCTION PRACTICES,ALL UTILIZATION PRACTICES,PRICE RECEIVED,PCT OF PARITY,"HOGS - PRICE RECEIVED, MEASURED IN PCT OF PARITY",TOTAL,NOT SPECIFIED,NATIONAL,,99,US,US TOTAL,,,,,,,,0,,,9000,UNITED STATES,US TOTAL,2014,MONTHLY,4,4,APR,,2015-05-28 15:04:02.000,51.0,
SURVEY,ANIMALS & PRODUCTS,LIVESTOCK,HOGS,ALL CLASSES,ALL PRODUCTION PRACTICES,ALL UTILIZATION PRACTICES,PRICE RECEIVED,PCT OF PARITY,"HOGS - PRICE RECEIVED, MEASURED IN PCT OF PARITY",TOTAL,NOT SPECIFIED,NATIONAL,,99,US,US TOTAL,,,,,,,,0,,,9000,UNITED STATES,US TOTAL,2014,MONTHLY,5,5,MAY,,2015-06-29 15:03:27.000,48.0,
SURVEY,ANIMALS & PRODUCTS,LIVESTOCK,HOGS,ALL CLASSES,ALL PRODUCTION PRACTICES,ALL UTILIZATION PRACTICES,PRICE RECEIVED,PCT OF PARITY,"HOGS - PRICE RECEIVED, MEASURED IN PCT OF PARITY",TOTAL,NOT SPECIFIED,NATIONAL,,99,US,US TOTAL,,,,,,,,0,,,9000,UNITED STATES,US TOTAL,2014,MONTHLY,6,6,JUN,,2015-07-30 15:04:06.000,48.0,
SURVEY,ANIMALS & PRODUCTS,LIVESTOCK,HOGS,ALL CLASSES,ALL PRODUCTION PRACTICES,ALL UTILIZATION PRACTICES,PRICE RECEIVED,PCT OF PARITY,"HOGS - PRICE RECEIVED, MEASURED IN PCT OF PARITY",TOTAL,NOT SPECIFIED,NATIONAL,,99,US,US TOTAL,,,,,,,,0,,,9000,UNITED STATES,US TOTAL,2014,MONTHLY,7,7,JUL,,2015-08-31 15:03:56.000,53.0,
SURVEY,ANIMALS & PRODUCTS,LIVESTOCK,HOGS,ALL CLASSES,ALL PRODUCTION PRACTICES,ALL UTILIZATION PRACTICES,PRICE RECEIVED,PCT OF PARITY,"HOGS - PRICE RECEIVED, MEASURED IN PCT OF PARITY",TOTAL,NOT SPECIFIED,NATIONAL,,99,US,US TOTAL,,,,,,,,0,,,9000,UNITED STATES,US TOTAL,2014,MONTHLY,8,8,AUG,,2015-09-29 15:13:09.000,48.0,
SURVEY,ANIMALS & PRODUCTS,LIVESTOCK,HOGS,ALL CLASSES,ALL PRODUCTION PRACTICES,ALL UTILIZATION PRACTICES,PRICE RECEIVED,PCT OF PARITY,"HOGS - PRICE RECEIVED, MEASURED IN PCT OF PARITY",TOTAL,NOT SPECIFIED,NATIONAL,,99,US,US TOTAL,,,,,,,,0,,,9000,UNITED STATES,US TOTAL,2014,MONTHLY,9,9,SEP,,2015-10-29 15:13:56.000,44.0,
SURVEY,ANIMALS & PRODUCTS,LIVESTOCK,HOGS,ALL CLASSES,ALL PRODUCTION PRACTICES,ALL UTILIZATION PRACTICES,PRICE RECEIVED,PCT OF PARITY,"HOGS - PRICE RECEIVED, MEASURED IN PCT OF PARITY",TOTAL,NOT SPECIFIED,NATIONAL,,99,US,US TOTAL,,,,,,,,0,,,9000,UNITED STATES,US TOTAL,2014,MONTHLY,10,10,OCT,,2015-11-30 15:03:48.000,44.0,
SURVEY,ANIMALS & PRODUCTS,LIVESTOCK,HOGS,ALL CLASSES,ALL PRODUCTION PRACTICES,ALL UTILIZATION PRACTICES,PRICE RECEIVED,PCT OF PARITY,"HOGS - PRICE RECEIVED, MEASURED IN PCT OF PARITY",TOTAL,NOT SPECIFIED,NATIONAL,,99,US,US TOTAL,,,,,,,,0,,,9000,UNITED STATES,US TOTAL,2014,MONTHLY,11,11,NOV,,2015-12-30 15:08:49.000,39.0,
SURVEY,ANIMALS & PRODUCTS,LIVESTOCK,HOGS,ALL CLASSES,ALL PRODUCTION PRACTICES,ALL UTILIZATION PRACTICES,PRICE RECEIVED,PCT OF PARITY,"HOGS - PRICE RECEIVED, MEASURED IN PCT OF PARITY",TOTAL,NOT SPECIFIED,NATIONAL,,99,US,US TOTAL,,,,,,,,0,,,9000,UNITED STATES,US TOTAL,2014,MONTHLY,12,12,DEC,,2016-01-29 15:04:14.000,37.0,
SURVEY,ANIMALS & PRODUCTS,LIVESTOCK,HOGS,ALL CLASSES,ALL PRODUCTION PRACTICES,ALL UTILIZATION PRACTICES,PRICE RECEIVED,PCT OF PARITY,"HOGS - PRICE RECEIVED, MEASURED IN PCT OF PARITY",TOTAL,NOT SPECIFIED,NATIONAL,,99,US,US TOTAL,,,,,,,,0,,,9000,UNITED STATES,US TOTAL,2013,MONTHLY,1,1,JAN,,2014-02-04 15:45:06.000,40.0,
SURVEY,ANIMALS & PRODUCTS,LIVESTOCK,HOGS,ALL CLASSES,ALL PRODUCTION PRACTICES,ALL UTILIZATION PRACTICES,PRICE RECEIVED,PCT OF PARITY,"HOGS - PRICE RECEIVED, MEASURED IN PCT OF PARITY",TOTAL,NOT SPECIFIED,NATIONAL,,99,US,US TOTAL,,,,,,,,0,,,9000,UNITED STATES,US TOTAL,2013,MONTHLY,2,2,FEB,,2014-02-28 15:04:35.000,40.0,
SURVEY,ANIMALS & PRODUCTS,LIVESTOCK,HOGS,ALL CLASSES,ALL PRODUCTION PRACTICES,ALL UTILIZATION PRACTICES,PRICE RECEIVED,PCT OF PARITY,"HOGS - PRICE RECEIVED, MEASURED IN PCT OF PARITY",TOTAL,NOT SPECIFIED,NATIONAL,,99,US,US TOTAL,,,,,,,,0,,,9000,UNITED STATES,US TOTAL,2013,MONTHLY,3,3,MAR,,2014-03-28 15:04:52.000,37.0,
SURVEY,ANIMALS & PRODUCTS,LIVESTOCK,HOGS,ALL CLASSES,ALL PRODUCTION PRACTICES,ALL UTILIZATION PRACTICES,PRICE RECEIVED,PCT OF PARITY,"HOGS - PRICE RECEIVED, MEASURED IN PCT OF PARITY",TOTAL,NOT SPECIFIED,NATIONAL,,99,US,US TOTAL,,,,,,,,0,,,9000,UNITED STATES,US TOTAL,2013,MONTHLY,4,4,APR,,2014-04-30 15:10:28.000,39.0,
SURVEY,ANIMALS & PRODUCTS,LIVESTOCK,HOGS,ALL CLASSES,ALL PRODUCTION PRACTICES,ALL UTILIZATION PRACTICES,PRICE RECEIVED,PCT OF PARITY,"HOGS - PRICE RECEIVED, MEASURED IN PCT OF PARITY",TOTAL,NOT SPECIFIED,NATIONAL,,99,US,US TOTAL,,,,,,,,0,,,9000,UNITED STATES,US TOTAL,2013,MONTHLY,5,5,MAY,,2014-05-30 15:05:15.000,43.0,
SURVEY,ANIMALS & PRODUCTS,LIVESTOCK,HOGS,ALL CLASSES,ALL PRODUCTION PRACTICES,ALL UTILIZATION PRACTICES,PRICE RECEIVED,PCT OF PARITY,"HOGS - PRICE RECEIVED, MEASURED IN PCT OF PARITY",TOTAL,NOT SPECIFIED,NATIONAL,,99,US,US TOTAL,,,,,,,,0,,,9000,UNITED STATES,US TOTAL,2013,MONTHLY,6,6,JUN,,2014-06-27 15:04:35.000,46.0,
SURVEY,ANIMALS & PRODUCTS,LIVESTOCK,HOGS,ALL CLASSES,ALL PRODUCTION PRACTICES,ALL UTILIZATION PRACTICES,PRICE RECEIVED,PCT OF PARITY,"HOGS - PRICE RECEIVED, MEASURED IN PCT OF PARITY",TOTAL,NOT SPECIFIED,NATIONAL,,99,US,US TOTAL,,,,,,,,0,,,9000,UNITED STATES,US TOTAL,2013,MONTHLY,7,7,JUL,,2014-07-31 15:07:59.000,47.0,
SURVEY,ANIMALS & PRODUCTS,LIVESTOCK,HOGS,ALL CLASSES,ALL PRODUCTION PRACTICES,ALL UTILIZATION PRACTICES,PRICE RECEIVED,PCT OF PARITY,"HOGS - PRICE RECEIVED, MEASURED IN PCT OF PARITY",TOTAL,NOT SPECIFIED,NATIONAL,,99,US,US TOTAL,,,,,,,,0,,,9000,UNITED STATES,US TOTAL,2013,MONTHLY,8,8,AUG,,2014-08-28 15:10:37.000,46.0,
SURVEY,ANIMALS & PRODUCTS,LIVESTOCK,HOGS,ALL CLASSES,ALL PRODUCTION PRACTICES,ALL UTILIZATION PRACTICES,PRICE RECEIVED,PCT OF PARITY,"HOGS - PRICE RECEIVED, MEASURED IN PCT OF PARITY",TOTAL,NOT SPECIFIED,NATIONAL,,99,US,US TOTAL,,,,,,,,0,,,9000,UNITED STATES,US TOTAL,2013,MONTHLY,9,9,SEP,,2014-09-29 15:10:54.000,46.0,
SURVEY,ANIMALS & PRODUCTS,LIVESTOCK,HOGS,ALL CLASSES,ALL PRODUCTION PRACTICES,ALL UTILIZATION PRACTICES,PRICE RECEIVED,PCT OF PARITY,"HOGS - PRICE RECEIVED, MEASURED IN PCT OF PARITY",TOTAL,NOT SPECIFIED,NATIONAL,,99,US,US TOTAL,,,,,,,,0,,,9000,UNITED STATES,US TOTAL,2013,MONTHLY,10,10,OCT,,2014-11-04 09:03:35.000,43.0,
SURVEY,ANIMALS & PRODUCTS,LIVESTOCK,HOGS,ALL CLASSES,ALL PRODUCTION PRACTICES,ALL UTILIZATION PRACTICES,PRICE RECEIVED,PCT OF PARITY,"HOGS - PRICE RECEIVED, MEASURED IN PCT OF PARITY",TOTAL,NOT SPECIFIED,NATIONAL,,99,US,US TOTAL,,,,,,,,0,,,9000,UNITED STATES,US TOTAL,2013,MONTHLY,11,11,NOV,,2014-11-26 12:14:27.000,41.0,
SURVEY,ANIMALS & PRODUCTS,LIVESTOCK,HOGS,ALL CLASSES,ALL PRODUCTION PRACTICES,ALL UTILIZATION PRACTICES,PRICE RECEIVED,PCT OF PARITY,"HOGS - PRICE RECEIVED, MEASURED IN PCT OF PARITY",TOTAL,NOT SPECIFIED,NATIONAL,,99,US,US TOTAL,,,,,,,,0,,,9000,UNITED STATES,US TOTAL,2013,MONTHLY,12,12,DEC,,2015-01-30 15:04:53.000,40.0,
SURVEY,ANIMALS & PRODUCTS,LIVESTOCK,HOGS,ALL CLASSES,ALL PRODUCTION PRACTICES,ALL UTILIZATION PRACTICES,PRICE RECEIVED,PCT OF PARITY,"HOGS - PRICE RECEIVED, MEASURED IN PCT OF PARITY",TOTAL,NOT SPECIFIED,NATIONAL,,99,US,US TOTAL,,,,,,,,0,,,9000,UNITED STATES,US TOTAL,2012,MONTHLY,1,1,JAN,,2013-01-31 15:08:55.000,42.0,
SURVEY,ANIMALS & PRODUCTS,LIVESTOCK,HOGS,ALL CLASSES,ALL PRODUCTION PRACTICES,ALL UTILIZATION PRACTICES,PRICE RECEIVED,PCT OF PARITY,"HOGS - PRICE RECEIVED, MEASURED IN PCT OF PARITY",TOTAL,NOT SPECIFIED,NATIONAL,,99,US,US TOTAL,,,,,,,,0,,,9000,UNITED STATES,US TOTAL,2012,MONTHLY,2,2,FEB,,2013-02-28 15:06:59.000,43.0,
SURVEY,ANIMALS & PRODUCTS,LIVESTOCK,HOGS,ALL CLASSES,ALL PRODUCTION PRACTICES,ALL UTILIZATION PRACTICES,PRICE RECEIVED,PCT OF PARITY,"HOGS - PRICE RECEIVED, MEASURED IN PCT OF PARITY",TOTAL,NOT SPECIFIED,NATIONAL,,99,US,US TOTAL,,,,,,,,0,,,9000,UNITED STATES,US TOTAL,2012,MONTHLY,3,3,MAR,,2013-03-27 15:16:26.000,42.0,
SURVEY,ANIMALS & PRODUCTS,LIVESTOCK,HOGS,ALL CLASSES,ALL PRODUCTION PRACTICES,ALL UTILIZATION PRACTICES,PRICE RECEIVED,PCT OF PARITY,"HOGS - PRICE RECEIVED, MEASURED IN PCT OF PARITY",TOTAL,NOT SPECIFIED,NATIONAL,,99,US,US TOTAL,,,,,,,,0,,,9000,UNITED STATES,US TOTAL,2012,MONTHLY,4,4,APR,,2013-05-01 10:23:19.000,40.0,
SURVEY,ANIMALS & PRODUCTS,LIVESTOCK,HOGS,ALL CLASSES,ALL PRODUCTION PRACTICES,ALL UTILIZATION PRACTICES,PRICE RECEIVED,PCT OF PARITY,"HOGS - PRICE RECEIVED, MEASURED IN PCT OF PARITY",TOTAL,NOT SPECIFIED,NATIONAL,,99,US,US TOTAL,,,,,,,,0,,,9000,UNITED STATES,US TOTAL,2012,MONTHLY,5,5,MAY,,2013-06-03 08:29:42.000,40.0,
SURVEY,ANIMALS & PRODUCTS,LIVESTOCK,HOGS,ALL CLASSES,ALL PRODUCTION PRACTICES,ALL UTILIZATION PRACTICES,PRICE RECEIVED,PCT OF PARITY,"HOGS - PRICE RECEIVED, MEASURED IN PCT OF PARITY",TOTAL,NOT SPECIFIED,NATIONAL,,99,US,US TOTAL,,,,,,,,0,,,9000,UNITED STATES,US TOTAL,2012,MONTHLY,6,6,JUN,,2013-06-27 15:04:26.000,44.0,
SURVEY,ANIMALS & PRODUCTS,LIVESTOCK,HOGS,ALL CLASSES,ALL PRODUCTION PRACTICES,ALL UTILIZATION PRACTICES,PRICE RECEIVED,PCT OF PARITY,"HOGS - PRICE RECEIVED, MEASURED IN PCT OF PARITY",TOTAL,NOT SPECIFIED,NATIONAL,,99,US,US TOTAL,,,,,,,,0,,,9000,UNITED STATES,US TOTAL,2012,MONTHLY,7,7,JUL,,2013-07-31 15:08:07.000,46.0,
SURVEY,ANIMALS & PRODUCTS,LIVESTOCK,HOGS,ALL CLASSES,ALL PRODUCTION PRACTICES,ALL UTILIZATION PRACTICES,PRICE RECEIVED,PCT OF PARITY,"HOGS - PRICE RECEIVED, MEASURED IN PCT OF PARITY",TOTAL,NOT SPECIFIED,NATIONAL,,99,US,US TOTAL,,,,,,,,0,,,9000,UNITED STATES,US TOTAL,2012,MONTHLY,8,8,AUG,,2013-08-30 15:04:59.000,42.0,
SURVEY,ANIMALS & PRODUCTS,LIVESTOCK,HOGS,ALL CLASSES,ALL PRODUCTION PRACTICES,ALL UTILIZATION PRACTICES,PRICE RECEIVED,PCT OF PARITY,"HOGS - PRICE RECEIVED, MEASURED IN PCT OF PARITY",TOTAL,NOT SPECIFIED,NATIONAL,,99,US,US TOTAL,,,,,,,,0,,,9000,UNITED STATES,US TOTAL,2012,MONTHLY,9,9,SEP,,2013-09-27 15:18:36.000,35.0,
SURVEY,ANIMALS & PRODUCTS,LIVESTOCK,HOGS,ALL CLASSES,ALL PRODUCTION PRACTICES,ALL UTILIZATION PRACTICES,PRICE RECEIVED,PCT OF PARITY,"HOGS - PRICE RECEIVED, MEASURED IN PCT OF PARITY",TOTAL,NOT SPECIFIED,NATIONAL,,99,US,US TOTAL,,,,,,,,0,,,9000,UNITED STATES,US TOTAL,2012,MONTHLY,10,10,OCT,,2013-10-31 15:16:51.000,38.0,
SURVEY,ANIMALS & PRODUCTS,LIVESTOCK,HOGS,ALL CLASSES,ALL PRODUCTION PRACTICES,ALL UTILIZATION PRACTICES,PRICE RECEIVED,PCT OF PARITY,"HOGS - PRICE RECEIVED, MEASURED IN PCT OF PARITY",TOTAL,NOT SPECIFIED,NATIONAL,,99,US,US TOTAL,,,,,,,,0,,,9000,UNITED STATES,US TOTAL,2012,MONTHLY,11,11,NOV,,2013-12-03 12:19:02.000,38.0,
SURVEY,ANIMALS & PRODUCTS,LIVESTOCK,HOGS,ALL CLASSES,ALL PRODUCTION PRACTICES,ALL UTILIZATION PRACTICES,PRICE RECEIVED,PCT OF PARITY,"HOGS - PRICE RECEIVED, MEASURED IN PCT OF PARITY",TOTAL,NOT SPECIFIED,NATIONAL,,99,US,US TOTAL,,,,,,,,0,,,9000,UNITED STATES,US TOTAL,2012,MONTHLY,12,12,DEC,,2013-12-30 15:04:09.000,39.0,
SURVEY,ANIMALS & PRODUCTS,LIVESTOCK,HOGS,ALL CLASSES,ALL PRODUCTION PRACTICES,ALL UTILIZATION PRACTICES,PRICE RECEIVED,PCT OF PARITY,"HOGS - PRICE RECEIVED, MEASURED IN PCT OF PARITY",TOTAL,NOT SPECIFIED,NATIONAL,,99,US,US TOTAL,,,,,,,,0,,,9000,UNITED STATES,US TOTAL,2011,MONTHLY,1,1,JAN,,2012-01-01 00:00:00.000,39.0,
SURVEY,ANIMALS & PRODUCTS,LIVESTOCK,HOGS,ALL CLASSES,ALL PRODUCTION PRACTICES,ALL UTILIZATION PRACTICES,PRICE RECEIVED,PCT OF PARITY,"HOGS - PRICE RECEIVED, MEASURED IN PCT OF PARITY",TOTAL,NOT SPECIFIED,NATIONAL,,99,US,US TOTAL,,,,,,,,0,,,9000,UNITED STATES,US TOTAL,2011,MONTHLY,2,2,FEB,,2012-01-01 00:00:00.000,43.0,
SURVEY,ANIMALS & PRODUCTS,LIVESTOCK,HOGS,ALL CLASSES,ALL PRODUCTION PRACTICES,ALL UTILIZATION PRACTICES,PRICE RECEIVED,PCT OF PARITY,"HOGS - PRICE RECEIVED, MEASURED IN PCT OF PARITY",TOTAL,NOT SPECIFIED,NATIONAL,,99,US,US TOTAL,,,,,,,,0,,,9000,UNITED STATES,US TOTAL,2011,MONTHLY,3,3,MAR,,2012-01-01 00:00:00.000,43.0,
SURVEY,ANIMALS & PRODUCTS,LIVESTOCK,HOGS,ALL CLASSES,ALL PRODUCTION PRACTICES,ALL UTILIZATION PRACTICES,PRICE RECEIVED,PCT OF PARITY,"HOGS - PRICE RECEIVED, MEASURED IN PCT OF PARITY",TOTAL,NOT SPECIFIED,NATIONAL,,99,US,US TOTAL,,,,,,,,0,,,9000,UNITED STATES,US TOTAL,2011,MONTHLY,4,4,APR,,2012-05-03 16:54:47.000,45.0,
SURVEY,ANIMALS & PRODUCTS,LIVESTOCK,HOGS,ALL CLASSES,ALL PRODUCTION PRACTICES,ALL UTILIZATION PRACTICES,PRICE RECEIVED,PCT OF PARITY,"HOGS - PRICE RECEIVED, MEASURED IN PCT OF PARITY",TOTAL,NOT SPECIFIED,NATIONAL,,99,US,US TOTAL,,,,,,,,0,,,9000,UNITED STATES,US TOTAL,2011,MONTHLY,5,5,MAY,,2012-05-31 15:24:21.000,46.0,
SURVEY,ANIMALS & PRODUCTS,LIVESTOCK,HOGS,ALL CLASSES,ALL PRODUCTION PRACTICES,ALL UTILIZATION PRACTICES,PRICE RECEIVED,PCT OF PARITY,"HOGS - PRICE RECEIVED, MEASURED IN PCT OF PARITY",TOTAL,NOT SPECIFIED,NATIONAL,,99,US,US TOTAL,,,,,,,,0,,,9000,UNITED STATES,US TOTAL,2011,MONTHLY,6,6,JUN,,2012-06-28 15:09:24.000,47.0,
SURVEY,ANIMALS & PRODUCTS,LIVESTOCK,HOGS,ALL CLASSES,ALL PRODUCTION PRACTICES,ALL UTILIZATION PRACTICES,PRICE RECEIVED,PCT OF PARITY,"HOGS - PRICE RECEIVED, MEASURED IN PCT OF PARITY",TOTAL,NOT SPECIFIED,NATIONAL,,99,US,US TOTAL,,,,,,,,0,,,9000,UNITED STATES,US TOTAL,2011,MONTHLY,7,7,JUL,,2012-08-02 10:42:16.000,47.0,
SURVEY,ANIMALS & PRODUCTS,LIVESTOCK,HOGS,ALL CLASSES,ALL PRODUCTION PRACTICES,ALL UTILIZATION PRACTICES,PRICE RECEIVED,PCT OF PARITY,"HOGS - PRICE RECEIVED, MEASURED IN PCT OF PARITY",TOTAL,NOT SPECIFIED,NATIONAL,,99,US,US TOTAL,,,,,,,,0,,,9000,UNITED STATES,US TOTAL,2011,MONTHLY,8,8,AUG,,2012-08-31 15:16:31.000,51.0,
SURVEY,ANIMALS & PRODUCTS,LIVESTOCK,HOGS,ALL CLASSES,ALL PRODUCTION PRACTICES,ALL UTILIZATION PRACTICES,PRICE RECEIVED,PCT OF PARITY,"HOGS - PRICE RECEIVED, MEASURED IN PCT OF PARITY",TOTAL,NOT SPECIFIED,NATIONAL,,99,US,US TOTAL,,,,,,,,0,,,9000,UNITED STATES,US TOTAL,2011,MONTHLY,9,9,SEP,,2012-09-27 15:15:55.000,45.0,
SURVEY,ANIMALS & PRODUCTS,LIVESTOCK,HOGS,ALL CLASSES,ALL PRODUCTION PRACTICES,ALL UTILIZATION PRACTICES,PRICE RECEIVED,PCT OF PARITY,"HOGS - PRICE RECEIVED, MEASURED IN PCT OF PARITY",TOTAL,NOT SPECIFIED,NATIONAL,,99,US,US TOTAL,,,,,,,,0,,,9000,UNITED STATES,US TOTAL,2011,MONTHLY,10,10,OCT,,2012-10-31 15:08:40.000,45.0,
SURVEY,ANIMALS & PRODUCTS,LIVESTOCK,HOGS,ALL CLASSES,ALL PRODUCTION PRACTICES,ALL UTILIZATION PRACTICES,PRICE RECEIVED,PCT OF PARITY,"HOGS - PRICE RECEIVED, MEASURED IN PCT OF PARITY",TOTAL,NOT SPECIFIED,NATIONAL,,99,US,US TOTAL,,,,,,,,0,,,9000,UNITED STATES,US TOTAL,2011,MONTHLY,11,11,NOV,,2012-01-01 00:00:00.000,43.0,
SURVEY,ANIMALS & PRODUCTS,LIVESTOCK,HOGS,ALL CLASSES,ALL PRODUCTION PRACTICES,ALL UTILIZATION PRACTICES,PRICE RECEIVED,PCT OF PARITY,"HOGS - PRICE RECEIVED, MEASURED IN PCT OF PARITY",TOTAL,NOT SPECIFIED,NATIONAL,,99,US,US TOTAL,,,,,,,,0,,,9000,UNITED STATES,US TOTAL,2011,MONTHLY,12,12,DEC,,2012-12-31 13:14:32.000,42.0,
SURVEY,ANIMALS & PRODUCTS,LIVESTOCK,HOGS,ALL CLASSES,ALL PRODUCTION PRACTICES,ALL UTILIZATION PRACTICES,PRICE RECEIVED,PCT OF PARITY,"HOGS - PRICE RECEIVED, MEASURED IN PCT OF PARITY",TOTAL,NOT SPECIFIED,NATIONAL,,99,US,US TOTAL,,,,,,,,0,,,9000,UNITED STATES,US TOTAL,2010,MONTHLY,1,1,JAN,,2012-01-01 00:00:00.000,36.0,
SURVEY,ANIMALS & PRODUCTS,LIVESTOCK,HOGS,ALL CLASSES,ALL PRODUCTION PRACTICES,ALL UTILIZATION PRACTICES,PRICE RECEIVED,PCT OF PARITY,"HOGS - PRICE RECEIVED, MEASURED IN PCT OF PARITY",TOTAL,NOT SPECIFIED,NATIONAL,,99,US,US TOTAL,,,,,,,,0,,,9000,UNITED STATES,US TOTAL,2010,MONTHLY,2,2,FEB,,2012-01-01 00:00:00.000,36.0,
SURVEY,ANIMALS & PRODUCTS,LIVESTOCK,HOGS,ALL CLASSES,ALL PRODUCTION PRACTICES,ALL UTILIZATION PRACTICES,PRICE RECEIVED,PCT OF PARITY,"HOGS - PRICE RECEIVED, MEASURED IN PCT OF PARITY",TOTAL,NOT SPECIFIED,NATIONAL,,99,US,US TOTAL,,,,,,,,0,,,9000,UNITED STATES,US TOTAL,2010,MONTHLY,3,3,MAR,,2012-01-01 00:00:00.000,38.0,
SURVEY,ANIMALS & PRODUCTS,LIVESTOCK,HOGS,ALL CLASSES,ALL PRODUCTION PRACTICES,ALL UTILIZATION PRACTICES,PRICE RECEIVED,PCT OF PARITY,"HOGS - PRICE RECEIVED, MEASURED IN PCT OF PARITY",TOTAL,NOT SPECIFIED,NATIONAL,,99,US,US TOTAL,,,,,,,,0,,,9000,UNITED STATES,US TOTAL,2010,MONTHLY,4,4,APR,,2012-01-01 00:00:00.000,42.0,
SURVEY,ANIMALS & PRODUCTS,LIVESTOCK,HOGS,ALL CLASSES,ALL PRODUCTION PRACTICES,ALL UTILIZATION PRACTICES,PRICE RECEIVED,PCT OF PARITY,"HOGS - PRICE RECEIVED, MEASURED IN PCT OF PARITY",TOTAL,NOT SPECIFIED,NATIONAL,,99,US,US TOTAL,,,,,,,,0,,,9000,UNITED STATES,US TOTAL,2010,MONTHLY,5,5,MAY,,2012-01-01 00:00:00.000,46.0,
SURVEY,ANIMALS & PRODUCTS,LIVESTOCK,HOGS,ALL CLASSES,ALL PRODUCTION PRACTICES,ALL UTILIZATION PRACTICES,PRICE RECEIVED,PCT OF PARITY,"HOGS - PRICE RECEIVED, MEASURED IN PCT OF PARITY",TOTAL,NOT SPECIFIED,NATIONAL,,99,US,US TOTAL,,,,,,,,0,,,9000,UNITED STATES,US TOTAL,2010,MONTHLY,6,6,JUN,,2012-01-01 00:00:00.000,43.0,
SURVEY,ANIMALS & PRODUCTS,LIVESTOCK,HOGS,ALL CLASSES,ALL PRODUCTION PRACTICES,ALL UTILIZATION PRACTICES,PRICE RECEIVED,PCT OF PARITY,"HOGS - PRICE RECEIVED, MEASURED IN PCT OF PARITY",TOTAL,NOT SPECIFIED,NATIONAL,,99,US,US TOTAL,,,,,,,,0,,,9000,UNITED STATES,US TOTAL,2010,MONTHLY,7,7,JUL,,2012-01-01 00:00:00.000,44.0,
SURVEY,ANIMALS & PRODUCTS,LIVESTOCK,HOGS,ALL CLASSES,ALL PRODUCTION PRACTICES,ALL UTILIZATION PRACTICES,PRICE RECEIVED,PCT OF PARITY,"HOGS - PRICE RECEIVED, MEASURED IN PCT OF PARITY",TOTAL,NOT SPECIFIED,NATIONAL,,99,US,US TOTAL,,,,,,,,0,,,9000,UNITED STATES,US TOTAL,2010,MONTHLY,8,8,AUG,,2012-01-01 00:00:00.000,45.0,
SURVEY,ANIMALS & PRODUCTS,LIVESTOCK,HOGS,ALL CLASSES,ALL PRODUCTION PRACTICES,ALL UTILIZATION PRACTICES,PRICE RECEIVED,PCT OF PARITY,"HOGS - PRICE RECEIVED, MEASURED IN PCT OF PARITY",TOTAL,NOT SPECIFIED,NATIONAL,,99,US,US TOTAL,,,,,,,,0,,,9000,UNITED STATES,US TOTAL,2010,MONTHLY,9,9,SEP,,2012-01-01 00:00:00.000,45.0,
SURVEY,ANIMALS & PRODUCTS,LIVESTOCK,HOGS,ALL CLASSES,ALL PRODUCTION PRACTICES,ALL UTILIZATION PRACTICES,PRICE RECEIVED,PCT OF PARITY,"HOGS - PRICE RECEIVED, MEASURED IN PCT OF PARITY",TOTAL,NOT SPECIFIED,NATIONAL,,99,US,US TOTAL,,,,,,,,0,,,9000,UNITED STATES,US TOTAL,2010,MONTHLY,10,10,OCT,,2012-01-01 00:00:00.000,39.0,
SURVEY,ANIMALS & PRODUCTS,LIVESTOCK,HOGS,ALL CLASSES,ALL PRODUCTION PRACTICES,ALL UTILIZATION PRACTICES,PRICE RECEIVED,PCT OF PARITY,"HOGS - PRICE RECEIVED, MEASURED IN PCT OF PARITY",TOTAL,NOT SPECIFIED,NATIONAL,,99,US,US TOTAL,,,,,,,,0,,,9000,UNITED STATES,US TOTAL,2010,MONTHLY,11,11,NOV,,2012-01-01 00:00:00.000,34.0,
SURVEY,ANIMALS & PRODUCTS,LIVESTOCK,HOGS,ALL CLASSES,ALL PRODUCTION PRACTICES,ALL UTILIZATION PRACTICES,PRICE RECEIVED,PCT OF PARITY,"HOGS - PRICE RECEIVED, MEASURED IN PCT OF PARITY",TOTAL,NOT SPECIFIED,NATIONAL,,99,US,US TOTAL,,,,,,,,0,,,9000,UNITED STATES,US TOTAL,2010,MONTHLY,12,12,DEC,,2012-01-01 00:00:00.000,37.0,
SURVEY,ANIMALS & PRODUCTS,LIVESTOCK,HOGS,ALL CLASSES,ALL PRODUCTION PRACTICES,ALL UTILIZATION PRACTICES,PRICE RECEIVED,PCT OF PARITY,"HOGS - PRICE RECEIVED, MEASURED IN PCT OF PARITY",TOTAL,NOT SPECIFIED,NATIONAL,,99,US,US TOTAL,,,,,,,,0,,,9000,UNITED STATES,US TOTAL,2009,MONTHLY,1,1,JAN,,2012-01-01 00:00:00.000,33.0,
SURVEY,ANIMALS & PRODUCTS,LIVESTOCK,HOGS,ALL CLASSES,ALL PRODUCTION PRACTICES,ALL UTILIZATION PRACTICES,PRICE RECEIVED,PCT OF PARITY,"HOGS - PRICE RECEIVED, MEASURED IN PCT OF PARITY",TOTAL,NOT SPECIFIED,NATIONAL,,99,US,US TOTAL,,,,,,,,0,,,9000,UNITED STATES,US TOTAL,2009,MONTHLY,2,2,FEB,,2012-01-01 00:00:00.000,34.0,
SURVEY,ANIMALS & PRODUCTS,LIVESTOCK,HOGS,ALL CLASSES,ALL PRODUCTION PRACTICES,ALL UTILIZATION PRACTICES,PRICE RECEIVED,PCT OF PARITY,"HOGS - PRICE RECEIVED, MEASURED IN PCT OF PARITY",TOTAL,NOT SPECIFIED,NATIONAL,,99,US,US TOTAL,,,,,,,,0,,,9000,UNITED STATES,US TOTAL,2009,MONTHLY,3,3,MAR,,2012-01-01 00:00:00.000,34.0,
SURVEY,ANIMALS & PRODUCTS,LIVESTOCK,HOGS,ALL CLASSES,ALL PRODUCTION PRACTICES,ALL UTILIZATION PRACTICES,PRICE RECEIVED,PCT OF PARITY,"HOGS - PRICE RECEIVED, MEASURED IN PCT OF PARITY",TOTAL,NOT SPECIFIED,NATIONAL,,99,US,US TOTAL,,,,,,,,0,,,9000,UNITED STATES,US TOTAL,2009,MONTHLY,4,4,APR,,2012-01-01 00:00:00.000,33.0,
SURVEY,ANIMALS & PRODUCTS,LIVESTOCK,HOGS,ALL CLASSES,ALL PRODUCTION PRACTICES,ALL UTILIZATION PRACTICES,PRICE RECEIVED,PCT OF PARITY,"HOGS - PRICE RECEIVED, MEASURED IN PCT OF PARITY",TOTAL,NOT SPECIFIED,NATIONAL,,99,US,US TOTAL,,,,,,,,0,,,9000,UNITED STATES,US TOTAL,2009,MONTHLY,5,5,MAY,,2012-01-01 00:00:00.000,34.0,
SURVEY,ANIMALS & PRODUCTS,LIVESTOCK,HOGS,ALL CLASSES,ALL PRODUCTION PRACTICES,ALL UTILIZATION PRACTICES,PRICE RECEIVED,PCT OF PARITY,"HOGS - PRICE RECEIVED, MEASURED IN PCT OF PARITY",TOTAL,NOT SPECIFIED,NATIONAL,,99,US,US TOTAL,,,,,,,,0,,,9000,UNITED STATES,US TOTAL,2009,MONTHLY,6,6,JUN,,2012-01-01 00:00:00.000,33.0,
SURVEY,ANIMALS & PRODUCTS,LIVESTOCK,HOGS,ALL CLASSES,ALL PRODUCTION PRACTICES,ALL UTILIZATION PRACTICES,PRICE RECEIVED,PCT OF PARITY,"HOGS - PRICE RECEIVED, MEASURED IN PCT OF PARITY",TOTAL,NOT SPECIFIED,NATIONAL,,99,US,US TOTAL,,,,,,,,0,,,9000,UNITED STATES,US TOTAL,2009,MONTHLY,7,7,JUL,,2012-01-01 00:00:00.000,33.0,
SURVEY,ANIMALS & PRODUCTS,LIVESTOCK,HOGS,ALL CLASSES,ALL PRODUCTION PRACTICES,ALL UTILIZATION PRACTICES,PRICE RECEIVED,PCT OF PARITY,"HOGS - PRICE RECEIVED, MEASURED IN PCT OF PARITY",TOTAL,NOT SPECIFIED,NATIONAL,,99,US,US TOTAL,,,,,,,,0,,,9000,UNITED STATES,US TOTAL,2009,MONTHLY,8,8,AUG,,2012-01-01 00:00:00.000,28.0,
SURVEY,ANIMALS & PRODUCTS,LIVESTOCK,HOGS,ALL CLASSES,ALL PRODUCTION PRACTICES,ALL UTILIZATION PRACTICES,PRICE RECEIVED,PCT OF PARITY,"HOGS - PRICE RECEIVED, MEASURED IN PCT OF PARITY",TOTAL,NOT SPECIFIED,NATIONAL,,99,US,US TOTAL,,,,,,,,0,,,9000,UNITED STATES,US TOTAL,2009,MONTHLY,9,9,SEP,,2012-01-01 00:00:00.000,29.0,
SURVEY,ANIMALS & PRODUCTS,LIVESTOCK,HOGS,ALL CLASSES,ALL PRODUCTION PRACTICES,ALL UTILIZATION PRACTICES,PRICE RECEIVED,PCT OF PARITY,"HOGS - PRICE RECEIVED, MEASURED IN PCT OF PARITY",TOTAL,NOT SPECIFIED,NATIONAL,,99,US,US TOTAL,,,,,,,,0,,,9000,UNITED STATES,US TOTAL,2009,MONTHLY,10,10,OCT,,2012-01-01 00:00:00.000,29.0,
SURVEY,ANIMALS & PRODUCTS,LIVESTOCK,HOGS,ALL CLASSES,ALL PRODUCTION PRACTICES,ALL UTILIZATION PRACTICES,PRICE RECEIVED,PCT OF PARITY,"HOGS - PRICE RECEIVED, MEASURED IN PCT OF PARITY",TOTAL,NOT SPECIFIED,NATIONAL,,99,US,US TOTAL,,,,,,,,0,,,9000,UNITED STATES,US TOTAL,2009,MONTHLY,11,11,NOV,,2012-01-01 00:00:00.000,31.0,
SURVEY,ANIMALS & PRODUCTS,LIVESTOCK,HOGS,ALL CLASSES,ALL PRODUCTION PRACTICES,ALL UTILIZATION PRACTICES,PRICE RECEIVED,PCT OF PARITY,"HOGS - PRICE RECEIVED, MEASURED IN PCT OF PARITY",TOTAL,NOT SPECIFIED,NATIONAL,,99,US,US TOTAL,,,,,,,,0,,,9000,UNITED STATES,US TOTAL,2009,MONTHLY,12,12,DEC,,2012-01-01 00:00:00.000,34.0,
SURVEY,ANIMALS & PRODUCTS,LIVESTOCK,HOGS,ALL CLASSES,ALL PRODUCTION PRACTICES,ALL UTILIZATION PRACTICES,PRICE RECEIVED,PCT OF PARITY,"HOGS - PRICE RECEIVED, MEASURED IN PCT OF PARITY",TOTAL,NOT SPECIFIED,NATIONAL,,99,US,US TOTAL,,,,,,,,0,,,9000,UNITED STATES,US TOTAL,2008,MONTHLY,1,1,JAN,,2012-01-01 00:00:00.000,30.0,
SURVEY,ANIMALS & PRODUCTS,LIVESTOCK,HOGS,ALL CLASSES,ALL PRODUCTION PRACTICES,ALL UTILIZATION PRACTICES,PRICE RECEIVED,PCT OF PARITY,"HOGS - PRICE RECEIVED, MEASURED IN PCT OF PARITY",TOTAL,NOT SPECIFIED,NATIONAL,,99,US,US TOTAL,,,,,,,,0,,,9000,UNITED STATES,US TOTAL,2008,MONTHLY,2,2,FEB,,2012-01-01 00:00:00.000,33.0,
SURVEY,ANIMALS & PRODUCTS,LIVESTOCK,HOGS,ALL CLASSES,ALL PRODUCTION PRACTICES,ALL UTILIZATION PRACTICES,PRICE RECEIVED,PCT OF PARITY,"HOGS - PRICE RECEIVED, MEASURED IN PCT OF PARITY",TOTAL,NOT SPECIFIED,NATIONAL,,99,US,US TOTAL,,,,,,,,0,,,9000,UNITED STATES,US TOTAL,2008,MONTHLY,3,3,MAR,,2012-01-01 00:00:00.000,31.0,
SURVEY,ANIMALS & PRODUCTS,LIVESTOCK,HOGS,ALL CLASSES,ALL PRODUCTION PRACTICES,ALL UTILIZATION PRACTICES,PRICE RECEIVED,PCT OF PARITY,"HOGS - PRICE RECEIVED, MEASURED IN PCT OF PARITY",TOTAL,NOT SPECIFIED,NATIONAL,,99,US,US TOTAL,,,,,,,,0,,,9000,UNITED STATES,US TOTAL,2008,MONTHLY,4,4,APR,,2012-01-01 00:00:00.000,33.0,
SURVEY,ANIMALS & PRODUCTS,LIVESTOCK,HOGS,ALL CLASSES,ALL PRODUCTION PRACTICES,ALL UTILIZATION PRACTICES,PRICE RECEIVED,PCT OF PARITY,"HOGS - PRICE RECEIVED, MEASURED IN PCT OF PARITY",TOTAL,NOT SPECIFIED,NATIONAL,,99,US,US TOTAL,,,,,,,,0,,,9000,UNITED STATES,US TOTAL,2008,MONTHLY,5,5,MAY,,2012-01-01 00:00:00.000,40.0,
SURVEY,ANIMALS & PRODUCTS,LIVESTOCK,HOGS,ALL CLASSES,ALL PRODUCTION PRACTICES,ALL UTILIZATION PRACTICES,PRICE RECEIVED,PCT OF PARITY,"HOGS - PRICE RECEIVED, MEASURED IN PCT OF PARITY",TOTAL,NOT SPECIFIED,NATIONAL,,99,US,US TOTAL,,,,,,,,0,,,9000,UNITED STATES,US TOTAL,2008,MONTHLY,6,6,JUN,,2012-01-01 00:00:00.000,38.0,
SURVEY,ANIMALS & PRODUCTS,LIVESTOCK,HOGS,ALL CLASSES,ALL PRODUCTION PRACTICES,ALL UTILIZATION PRACTICES,PRICE RECEIVED,PCT OF PARITY,"HOGS - PRICE RECEIVED, MEASURED IN PCT OF PARITY",TOTAL,NOT SPECIFIED,NATIONAL,,99,US,US TOTAL,,,,,,,,0,,,9000,UNITED STATES,US TOTAL,2008,MONTHLY,7,7,JUL,,2012-01-01 00:00:00.000,38.0,
SURVEY,ANIMALS & PRODUCTS,LIVESTOCK,HOGS,ALL CLASSES,ALL PRODUCTION PRACTICES,ALL UTILIZATION PRACTICES,PRICE RECEIVED,PCT OF PARITY,"HOGS - PRICE RECEIVED, MEASURED IN PCT OF PARITY",TOTAL,NOT SPECIFIED,NATIONAL,,99,US,US TOTAL,,,,,,,,0,,,9000,UNITED STATES,US TOTAL,2008,MONTHLY,8,8,AUG,,2012-01-01 00:00:00.000,42.0,
SURVEY,ANIMALS & PRODUCTS,LIVESTOCK,HOGS,ALL CLASSES,ALL PRODUCTION PRACTICES,ALL UTILIZATION PRACTICES,PRICE RECEIVED,PCT OF PARITY,"HOGS - PRICE RECEIVED, MEASURED IN PCT OF PARITY",TOTAL,NOT SPECIFIED,NATIONAL,,99,US,US TOTAL,,,,,,,,0,,,9000,UNITED STATES,US TOTAL,2008,MONTHLY,9,9,SEP,,2012-01-01 00:00:00.000,37.0,
SURVEY,ANIMALS & PRODUCTS,LIVESTOCK,HOGS,ALL CLASSES,ALL PRODUCTION PRACTICES,ALL UTILIZATION PRACTICES,PRICE RECEIVED,PCT OF PARITY,"HOGS - PRICE RECEIVED, MEASURED IN PCT OF PARITY",TOTAL,NOT SPECIFIED,NATIONAL,,99,US,US TOTAL,,,,,,,,0,,,9000,UNITED STATES,US TOTAL,2008,MONTHLY,10,10,OCT,,2012-01-01 00:00:00.000,35.0,
SURVEY,ANIMALS & PRODUCTS,LIVESTOCK,HOGS,ALL CLASSES,ALL PRODUCTION PRACTICES,ALL UTILIZATION PRACTICES,PRICE RECEIVED,PCT OF PARITY,"HOGS - PRICE RECEIVED, MEASURED IN PCT OF PARITY",TOTAL,NOT SPECIFIED,NATIONAL,,99,US,US TOTAL,,,,,,,,0,,,9000,UNITED STATES,US TOTAL,2008,MONTHLY,11,11,NOV,,2012-01-01 00:00:00.000,30.0,
SURVEY,ANIMALS & PRODUCTS,LIVESTOCK,HOGS,ALL CLASSES,ALL PRODUCTION PRACTICES,ALL UTILIZATION PRACTICES,PRICE RECEIVED,PCT OF PARITY,"HOGS - PRICE RECEIVED, MEASURED IN PCT OF PARITY",TOTAL,NOT SPECIFIED,NATIONAL,,99,US,US TOTAL,,,,,,,,0,,,9000,UNITED STATES,US TOTAL,2008,MONTHLY,12,12,DEC,,2012-01-01 00:00:00.000,32.0,
SURVEY,ANIMALS & PRODUCTS,LIVESTOCK,HOGS,ALL CLASSES,ALL PRODUCTION PRACTICES,ALL UTILIZATION PRACTICES,PRICE RECEIVED,PCT OF PARITY,"HOGS - PRICE RECEIVED, MEASURED IN PCT OF PARITY",TOTAL,NOT SPECIFIED,NATIONAL,,99,US,US TOTAL,,,,,,,,0,,,9000,UNITED STATES,US TOTAL,2007,MONTHLY,1,1,JAN,,2012-01-01 00:00:00.000,36.0,
SURVEY,ANIMALS & PRODUCTS,LIVESTOCK,HOGS,ALL CLASSES,ALL PRODUCTION PRACTICES,ALL UTILIZATION PRACTICES,PRICE RECEIVED,PCT OF PARITY,"HOGS - PRICE RECEIVED, MEASURED IN PCT OF PARITY",TOTAL,NOT SPECIFIED,NATIONAL,,99,US,US TOTAL,,,,,,,,0,,,9000,UNITED STATES,US TOTAL,2007,MONTHLY,2,2,FEB,,2012-01-01 00:00:00.000,40.0,
SURVEY,ANIMALS & PRODUCTS,LIVESTOCK,HOGS,ALL CLASSES,ALL PRODUCTION PRACTICES,ALL UTILIZATION PRACTICES,PRICE RECEIVED,PCT OF PARITY,"HOGS - PRICE RECEIVED, MEASURED IN PCT OF PARITY",TOTAL,NOT SPECIFIED,NATIONAL,,99,US,US TOTAL,,,,,,,,0,,,9000,UNITED STATES,US TOTAL,2007,MONTHLY,3,3,MAR,,2012-01-01 00:00:00.000,37.0,
SURVEY,ANIMALS & PRODUCTS,LIVESTOCK,HOGS,ALL CLASSES,ALL PRODUCTION PRACTICES,ALL UTILIZATION PRACTICES,PRICE RECEIVED,PCT OF PARITY,"HOGS - PRICE RECEIVED, MEASURED IN PCT OF PARITY",TOTAL,NOT SPECIFIED,NATIONAL,,99,US,US TOTAL,,,,,,,,0,,,9000,UNITED STATES,US TOTAL,2007,MONTHLY,4,4,APR,,2012-01-01 00:00:00.000,39.0,
SURVEY,ANIMALS & PRODUCTS,LIVESTOCK,HOGS,ALL CLASSES,ALL PRODUCTION PRACTICES,ALL UTILIZATION PRACTICES,PRICE RECEIVED,PCT OF PARITY,"HOGS - PRICE RECEIVED, MEASURED IN PCT OF PARITY",TOTAL,NOT SPECIFIED,NATIONAL,,99,US,US TOTAL,,,,,,,,0,,,9000,UNITED STATES,US TOTAL,2007,MONTHLY,5,5,MAY,,2012-01-01 00:00:00.000,44.0,
SURVEY,ANIMALS & PRODUCTS,LIVESTOCK,HOGS,ALL CLASSES,ALL PRODUCTION PRACTICES,ALL UTILIZATION PRACTICES,PRICE RECEIVED,PCT OF PARITY,"HOGS - PRICE RECEIVED, MEASURED IN PCT OF PARITY",TOTAL,NOT SPECIFIED,NATIONAL,,99,US,US TOTAL,,,,,,,,0,,,9000,UNITED STATES,US TOTAL,2007,MONTHLY,6,6,JUN,,2012-01-01 00:00:00.000,45.0,
SURVEY,ANIMALS & PRODUCTS,LIVESTOCK,HOGS,ALL CLASSES,ALL PRODUCTION PRACTICES,ALL UTILIZATION PRACTICES,PRICE RECEIVED,PCT OF PARITY,"HOGS - PRICE RECEIVED, MEASURED IN PCT OF PARITY",TOTAL,NOT SPECIFIED,NATIONAL,,99,US,US TOTAL,,,,,,,,0,,,9000,UNITED STATES,US TOTAL,2007,MONTHLY,7,7,JUL,,2012-01-01 00:00:00.000,42.0,
SURVEY,ANIMALS & PRODUCTS,LIVESTOCK,HOGS,ALL CLASSES,ALL PRODUCTION PRACTICES,ALL UTILIZATION PRACTICES,PRICE RECEIVED,PCT OF PARITY,"HOGS - PRICE RECEIVED, MEASURED IN PCT OF PARITY",TOTAL,NOT SPECIFIED,NATIONAL,,99,US,US TOTAL,,,,,,,,0,,,9000,UNITED STATES,US TOTAL,2007,MONTHLY,8,8,AUG,,2012-01-01 00:00:00.000,42.0,
SURVEY,ANIMALS & PRODUCTS,LIVESTOCK,HOGS,ALL CLASSES,ALL PRODUCTION PRACTICES,ALL UTILIZATION PRACTICES,PRICE RECEIVED,PCT OF PARITY,"HOGS - PRICE RECEIVED, MEASURED IN PCT OF PARITY",TOTAL,NOT SPECIFIED,NATIONAL,,99,US,US TOTAL,,,,,,,,0,,,9000,UNITED STATES,US TOTAL,2007,MONTHLY,9,9,SEP,,2012-01-01 00:00:00.000,38.0,
SURVEY,ANIMALS & PRODUCTS,LIVESTOCK,HOGS,ALL CLASSES,ALL PRODUCTION PRACTICES,ALL UTILIZATION PRACTICES,PRICE RECEIVED,PCT OF PARITY,"HOGS - PRICE RECEIVED, MEASURED IN PCT OF PARITY",TOTAL,NOT SPECIFIED,NATIONAL,,99,US,US TOTAL,,,,,,,,0,,,9000,UNITED STATES,US TOTAL,2007,MONTHLY,10,10,OCT,,2012-01-01 00:00:00.000,34.0,
SURVEY,ANIMALS & PRODUCTS,LIVESTOCK,HOGS,ALL CLASSES,ALL PRODUCTION PRACTICES,ALL UTILIZATION PRACTICES,PRICE RECEIVED,PCT OF PARITY,"HOGS - PRICE RECEIVED, MEASURED IN PCT OF PARITY",TOTAL,NOT SPECIFIED,NATIONAL,,99,US,US TOTAL,,,,,,,,0,,,9000,UNITED STATES,US TOTAL,2007,MONTHLY,11,11,NOV,,2012-01-01 00:00:00.000,30.0,
SURVEY,ANIMALS & PRODUCTS,LIVESTOCK,HOGS,ALL CLASSES,ALL PRODUCTION PRACTICES,ALL UTILIZATION PRACTICES,PRICE RECEIVED,PCT OF PARITY,"HOGS - PRICE RECEIVED, MEASURED IN PCT OF PARITY",TOTAL,NOT SPECIFIED,NATIONAL,,99,US,US TOTAL,,,,,,,,0,,,9000,UNITED STATES,US TOTAL,2007,MONTHLY,12,12,DEC,,2012-01-01 00:00:00.000,31.0,
SURVEY,ANIMALS & PRODUCTS,LIVESTOCK,HOGS,ALL CLASSES,ALL PRODUCTION PRACTICES,ALL UTILIZATION PRACTICES,PRICE RECEIVED,PCT OF PARITY,"HOGS - PRICE RECEIVED, MEASURED IN PCT OF PARITY",TOTAL,NOT SPECIFIED,NATIONAL,,99,US,US TOTAL,,,,,,,,0,,,9000,UNITED STATES,US TOTAL,2006,MONTHLY,1,1,JAN,,2012-01-01 00:00:00.000,35.0,
SURVEY,ANIMALS & PRODUCTS,LIVESTOCK,HOGS,ALL CLASSES,ALL PRODUCTION PRACTICES,ALL UTILIZATION PRACTICES,PRICE RECEIVED,PCT OF PARITY,"HOGS - PRICE RECEIVED, MEASURED IN PCT OF PARITY",TOTAL,NOT SPECIFIED,NATIONAL,,99,US,US TOTAL,,,,,,,,0,,,9000,UNITED STATES,US TOTAL,2006,MONTHLY,2,2,FEB,,2012-01-01 00:00:00.000,37.0,
SURVEY,ANIMALS & PRODUCTS,LIVESTOCK,HOGS,ALL CLASSES,ALL PRODUCTION PRACTICES,ALL UTILIZATION PRACTICES,PRICE RECEIVED,PCT OF PARITY,"HOGS - PRICE RECEIVED, MEASURED IN PCT OF PARITY",TOTAL,NOT SPECIFIED,NATIONAL,,99,US,US TOTAL,,,,,,,,0,,,9000,UNITED STATES,US TOTAL,2006,MONTHLY,3,3,MAR,,2012-01-01 00:00:00.000,37.0,
SURVEY,ANIMALS & PRODUCTS,LIVESTOCK,HOGS,ALL CLASSES,ALL PRODUCTION PRACTICES,ALL UTILIZATION PRACTICES,PRICE RECEIVED,PCT OF PARITY,"HOGS - PRICE RECEIVED, MEASURED IN PCT OF PARITY",TOTAL,NOT SPECIFIED,NATIONAL,,99,US,US TOTAL,,,,,,,,0,,,9000,UNITED STATES,US TOTAL,2006,MONTHLY,4,4,APR,,2012-01-01 00:00:00.000,35.0,
SURVEY,ANIMALS & PRODUCTS,LIVESTOCK,HOGS,ALL CLASSES,ALL PRODUCTION PRACTICES,ALL UTILIZATION PRACTICES,PRICE RECEIVED,PCT OF PARITY,"HOGS - PRICE RECEIVED, MEASURED IN PCT OF PARITY",TOTAL,NOT SPECIFIED,NATIONAL,,99,US,US TOTAL,,,,,,,,0,,,9000,UNITED STATES,US TOTAL,2006,MONTHLY,5,5,MAY,,2012-01-01 00:00:00.000,41.0,
SURVEY,ANIMALS & PRODUCTS,LIVESTOCK,HOGS,ALL CLASSES,ALL PRODUCTION PRACTICES,ALL UTILIZATION PRACTICES,PRICE RECEIVED,PCT OF PARITY,"HOGS - PRICE RECEIVED, MEASURED IN PCT OF PARITY",TOTAL,NOT SPECIFIED,NATIONAL,,99,US,US TOTAL,,,,,,,,0,,,9000,UNITED STATES,US TOTAL,2006,MONTHLY,6,6,JUN,,2012-01-01 00:00:00.000,46.0,
SURVEY,ANIMALS & PRODUCTS,LIVESTOCK,HOGS,ALL CLASSES,ALL PRODUCTION PRACTICES,ALL UTILIZATION PRACTICES,PRICE RECEIVED,PCT OF PARITY,"HOGS - PRICE RECEIVED, MEASURED IN PCT OF PARITY",TOTAL,NOT SPECIFIED,NATIONAL,,99,US,US TOTAL,,,,,,,,0,,,9000,UNITED STATES,US TOTAL,2006,MONTHLY,7,7,JUL,,2012-01-01 00:00:00.000,43.0,
SURVEY,ANIMALS & PRODUCTS,LIVESTOCK,HOGS,ALL CLASSES,ALL PRODUCTION PRACTICES,ALL UTILIZATION PRACTICES,PRICE RECEIVED,PCT OF PARITY,"HOGS - PRICE RECEIVED, MEASURED IN PCT OF PARITY",TOTAL,NOT SPECIFIED,NATIONAL,,99,US,US TOTAL,,,,,,,,0,,,9000,UNITED STATES,US TOTAL,2006,MONTHLY,8,8,AUG,,2012-01-01 00:00:00.000,44.0,
SURVEY,ANIMALS & PRODUCTS,LIVESTOCK,HOGS,ALL CLASSES,ALL PRODUCTION PRACTICES,ALL UTILIZATION PRACTICES,PRICE RECEIVED,PCT OF PARITY,"HOGS - PRICE RECEIVED, MEASURED IN PCT OF PARITY",TOTAL,NOT SPECIFIED,NATIONAL,,99,US,US TOTAL,,,,,,,,0,,,9000,UNITED STATES,US TOTAL,2006,MONTHLY,9,9,SEP,,2012-01-01 00:00:00.000,42.0,
SURVEY,ANIMALS & PRODUCTS,LIVESTOCK,HOGS,ALL CLASSES,ALL PRODUCTION PRACTICES,ALL UTILIZATION PRACTICES,PRICE RECEIVED,PCT OF PARITY,"HOGS - PRICE RECEIVED, MEASURED IN PCT OF PARITY",TOTAL,NOT SPECIFIED,NATIONAL,,99,US,US TOTAL,,,,,,,,0,,,9000,UNITED STATES,US TOTAL,2006,MONTHLY,10,10,OCT,,2012-01-01 00:00:00.000,40.0,
SURVEY,ANIMALS & PRODUCTS,LIVESTOCK,HOGS,ALL CLASSES,ALL PRODUCTION PRACTICES,ALL UTILIZATION PRACTICES,PRICE RECEIVED,PCT OF PARITY,"HOGS - PRICE RECEIVED, MEASURED IN PCT OF PARITY",TOTAL,NOT SPECIFIED,NATIONAL,,99,US,US TOTAL,,,,,,,,0,,,9000,UNITED STATES,US TOTAL,2006,MONTHLY,11,11,NOV,,2012-01-01 00:00:00.000,39.0,
SURVEY,ANIMALS & PRODUCTS,LIVESTOCK,HOGS,ALL CLASSES,ALL PRODUCTION PRACTICES,ALL UTILIZATION PRACTICES,PRICE RECEIVED,PCT OF PARITY,"HOGS - PRICE RECEIVED, MEASURED IN PCT OF PARITY",TOTAL,NOT SPECIFIED,NATIONAL,,99,US,US TOTAL,,,,,,,,0,,,9000,UNITED STATES,US TOTAL,2006,MONTHLY,12,12,DEC,,2012-01-01 00:00:00.000,37.0,
SURVEY,ANIMALS & PRODUCTS,LIVESTOCK,HOGS,ALL CLASSES,ALL PRODUCTION PRACTICES,ALL UTILIZATION PRACTICES,PRICE RECEIVED,PCT OF PARITY,"HOGS - PRICE RECEIVED, MEASURED IN PCT OF PARITY",TOTAL,NOT SPECIFIED,NATIONAL,,99,US,US TOTAL,,,,,,,,0,,,9000,UNITED STATES,US TOTAL,2005,MONTHLY,1,1,JAN,,2012-01-01 00:00:00.000,52.0,
SURVEY,ANIMALS & PRODUCTS,LIVESTOCK,HOGS,ALL CLASSES,ALL PRODUCTION PRACTICES,ALL UTILIZATION PRACTICES,PRICE RECEIVED,PCT OF PARITY,"HOGS - PRICE RECEIVED, MEASURED IN PCT OF PARITY",TOTAL,NOT SPECIFIED,NATIONAL,,99,US,US TOTAL,,,,,,,,0,,,9000,UNITED STATES,US TOTAL,2005,MONTHLY,2,2,FEB,,2012-01-01 00:00:00.000,47.0,
SURVEY,ANIMALS & PRODUCTS,LIVESTOCK,HOGS,ALL CLASSES,ALL PRODUCTION PRACTICES,ALL UTILIZATION PRACTICES,PRICE RECEIVED,PCT OF PARITY,"HOGS - PRICE RECEIVED, MEASURED IN PCT OF PARITY",TOTAL,NOT SPECIFIED,NATIONAL,,99,US,US TOTAL,,,,,,,,0,,,9000,UNITED STATES,US TOTAL,2005,MONTHLY,3,3,MAR,,2012-01-01 00:00:00.000,47.0,
SURVEY,ANIMALS & PRODUCTS,LIVESTOCK,HOGS,ALL CLASSES,ALL PRODUCTION PRACTICES,ALL UTILIZATION PRACTICES,PRICE RECEIVED,PCT OF PARITY,"HOGS - PRICE RECEIVED, MEASURED IN PCT OF PARITY",TOTAL,NOT SPECIFIED,NATIONAL,,99,US,US TOTAL,,,,,,,,0,,,9000,UNITED STATES,US TOTAL,2005,MONTHLY,4,4,APR,,2012-01-01 00:00:00.000,46.0,
SURVEY,ANIMALS & PRODUCTS,LIVESTOCK,HOGS,ALL CLASSES,ALL PRODUCTION PRACTICES,ALL UTILIZATION PRACTICES,PRICE RECEIVED,PCT OF PARITY,"HOGS - PRICE RECEIVED, MEASURED IN PCT OF PARITY",TOTAL,NOT SPECIFIED,NATIONAL,,99,US,US TOTAL,,,,,,,,0,,,9000,UNITED STATES,US TOTAL,2005,MONTHLY,5,5,MAY,,2012-01-01 00:00:00.000,49.0,
SURVEY,ANIMALS & PRODUCTS,LIVESTOCK,HOGS,ALL CLASSES,ALL PRODUCTION PRACTICES,ALL UTILIZATION PRACTICES,PRICE RECEIVED,PCT OF PARITY,"HOGS - PRICE RECEIVED, MEASURED IN PCT OF PARITY",TOTAL,NOT SPECIFIED,NATIONAL,,99,US,US TOTAL,,,,,,,,0,,,9000,UNITED STATES,US TOTAL,2005,MONTHLY,6,6,JUN,,2012-01-01 00:00:00.000,45.0,
SURVEY,ANIMALS & PRODUCTS,LIVESTOCK,HOGS,ALL CLASSES,ALL PRODUCTION PRACTICES,ALL UTILIZATION PRACTICES,PRICE RECEIVED,PCT OF PARITY,"HOGS - PRICE RECEIVED, MEASURED IN PCT OF PARITY",TOTAL,NOT SPECIFIED,NATIONAL,,99,US,US TOTAL,,,,,,,,0,,,9000,UNITED STATES,US TOTAL,2005,MONTHLY,7,7,JUL,,2012-01-01 00:00:00.000,44.0,
SURVEY,ANIMALS & PRODUCTS,LIVESTOCK,HOGS,ALL CLASSES,ALL PRODUCTION PRACTICES,ALL UTILIZATION PRACTICES,PRICE RECEIVED,PCT OF PARITY,"HOGS - PRICE RECEIVED, MEASURED IN PCT OF PARITY",TOTAL,NOT SPECIFIED,NATIONAL,,99,US,US TOTAL,,,,,,,,0,,,9000,UNITED STATES,US TOTAL,2005,MONTHLY,8,8,AUG,,2012-01-01 00:00:00.000,46.0,
SURVEY,ANIMALS & PRODUCTS,LIVESTOCK,HOGS,ALL CLASSES,ALL PRODUCTION PRACTICES,ALL UTILIZATION PRACTICES,PRICE RECEIVED,PCT OF PARITY,"HOGS - PRICE RECEIVED, MEASURED IN PCT OF PARITY",TOTAL,NOT SPECIFIED,NATIONAL,,99,US,US TOTAL,,,,,,,,0,,,9000,UNITED STATES,US TOTAL,2005,MONTHLY,9,9,SEP,,2012-01-01 00:00:00.000,44.0,
SURVEY,ANIMALS & PRODUCTS,LIVESTOCK,HOGS,ALL CLASSES,ALL PRODUCTION PRACTICES,ALL UTILIZATION PRACTICES,PRICE RECEIVED,PCT OF PARITY,"HOGS - PRICE RECEIVED, MEASURED IN PCT OF PARITY",TOTAL,NOT SPECIFIED,NATIONAL,,99,US,US TOTAL,,,,,,,,0,,,9000,UNITED STATES,US TOTAL,2005,MONTHLY,10,10,OCT,,2012-01-01 00:00:00.000,41.0,
SURVEY,ANIMALS & PRODUCTS,LIVESTOCK,HOGS,ALL CLASSES,ALL PRODUCTION PRACTICES,ALL UTILIZATION PRACTICES,PRICE RECEIVED,PCT OF PARITY,"HOGS - PRICE RECEIVED, MEASURED IN PCT OF PARITY",TOTAL,NOT SPECIFIED,NATIONAL,,99,US,US TOTAL,,,,,,,,0,,,9000,UNITED STATES,US TOTAL,2005,MONTHLY,11,11,NOV,,2012-01-01 00:00:00.000,38.0,
SURVEY,ANIMALS & PRODUCTS,LIVESTOCK,HOGS,ALL CLASSES,ALL PRODUCTION PRACTICES,ALL UTILIZATION PRACTICES,PRICE RECEIVED,PCT OF PARITY,"HOGS - PRICE RECEIVED, MEASURED IN PCT OF PARITY",TOTAL,NOT SPECIFIED,NATIONAL,,99,US,US TOTAL,,,,,,,,0,,,9000,UNITED STATES,US TOTAL,2005,MONTHLY,12,12,DEC,,2012-01-01 00:00:00.000,39.0,
SURVEY,ANIMALS & PRODUCTS,LIVESTOCK,HOGS,ALL CLASSES,ALL PRODUCTION PRACTICES,ALL UTILIZATION PRACTICES,PRICE RECEIVED,PCT OF PARITY,"HOGS - PRICE RECEIVED, MEASURED IN PCT OF PARITY",TOTAL,NOT SPECIFIED,NATIONAL,,99,US,US TOTAL,,,,,,,,0,,,9000,UNITED STATES,US TOTAL,2004,MONTHLY,7,7,JUL,,2012-01-01 00:00:00.000,54.0,
SURVEY,ANIMALS & PRODUCTS,LIVESTOCK,HOGS,ALL CLASSES,ALL PRODUCTION PRACTICES,ALL UTILIZATION PRACTICES,PRICE RECEIVED,PCT OF PARITY,"HOGS - PRICE RECEIVED, MEASURED IN PCT OF PARITY",TOTAL,NOT SPECIFIED,NATIONAL,,99,US,US TOTAL,,,,,,,,0,,,9000,UNITED STATES,US TOTAL,2004,MONTHLY,8,8,AUG,,2012-01-01 00:00:00.000,52.0,
SURVEY,ANIMALS & PRODUCTS,LIVESTOCK,HOGS,ALL CLASSES,ALL PRODUCTION PRACTICES,ALL UTILIZATION PRACTICES,PRICE RECEIVED,PCT OF PARITY,"HOGS - PRICE RECEIVED, MEASURED IN PCT OF PARITY",TOTAL,NOT SPECIFIED,NATIONAL,,99,US,US TOTAL,,,,,,,,0,,,9000,UNITED STATES,US TOTAL,2004,MONTHLY,9,9,SEP,,2012-01-01 00:00:00.000,52.0,
SURVEY,ANIMALS & PRODUCTS,LIVESTOCK,HOGS,ALL CLASSES,ALL PRODUCTION PRACTICES,ALL UTILIZATION PRACTICES,PRICE RECEIVED,PCT OF PARITY,"HOGS - PRICE RECEIVED, MEASURED IN PCT OF PARITY",TOTAL,NOT SPECIFIED,NATIONAL,,99,US,US TOTAL,,,,,,,,0,,,9000,UNITED STATES,US TOTAL,2004,MONTHLY,10,10,OCT,,2012-01-01 00:00:00.000,50.0,
SURVEY,ANIMALS & PRODUCTS,LIVESTOCK,HOGS,ALL CLASSES,ALL PRODUCTION PRACTICES,ALL UTILIZATION PRACTICES,PRICE RECEIVED,PCT OF PARITY,"HOGS - PRICE RECEIVED, MEASURED IN PCT OF PARITY",TOTAL,NOT SPECIFIED,NATIONAL,,99,US,US TOTAL,,,,,,,,0,,,9000,UNITED STATES,US TOTAL,2004,MONTHLY,11,11,NOV,,2012-01-01 00:00:00.000,53.0,
SURVEY,ANIMALS & PRODUCTS,LIVESTOCK,HOGS,ALL CLASSES,ALL PRODUCTION PRACTICES,ALL UTILIZATION PRACTICES,PRICE RECEIVED,PCT OF PARITY,"HOGS - PRICE RECEIVED, MEASURED IN PCT OF PARITY",TOTAL,NOT SPECIFIED,NATIONAL,,99,US,US TOTAL,,,,,,,,0,,,9000,UNITED STATES,US TOTAL,2004,MONTHLY,12,12,DEC,,2012-01-01 00:00:00.000,50.0,
SURVEY,ANIMALS & PRODUCTS,LIVESTOCK,HOGS,BARROWS & GILTS,ALL PRODUCTION PRACTICES,ALL UTILIZATION PRACTICES,PRICE RECEIVED,$ / CWT,"HOGS, BARROWS & GILTS - PRICE RECEIVED, MEASURED IN $ / CWT",TOTAL,NOT SPECIFIED,NATIONAL,,99,US,US TOTAL,,,,,,,,0,,,9000,UNITED STATES,US TOTAL,2026,MONTHLY,1,1,JAN,,2026-02-27 15:00:00.000,62.3,
SURVEY,ANIMALS & PRODUCTS,LIVESTOCK,HOGS,BARROWS & GILTS,ALL PRODUCTION PRACTICES,ALL UTILIZATION PRACTICES,PRICE RECEIVED,$ / CWT,"HOGS, BARROWS & GILTS - PRICE RECEIVED, MEASURED IN $ / CWT",TOTAL,NOT SPECIFIED,NATIONAL,,99,US,US TOTAL,,,,,,,,0,,,9000,UNITED STATES,US TOTAL,2026,MONTHLY,2,2,FEB,,2026-03-30 15:00:00.000,65.6,
SURVEY,ANIMALS & PRODUCTS,LIVESTOCK,HOGS,BARROWS & GILTS,ALL PRODUCTION PRACTICES,ALL UTILIZATION PRACTICES,PRICE RECEIVED,$ / CWT,"HOGS, BARROWS & GILTS - PRICE RECEIVED, MEASURED IN $ / CWT",TOTAL,NOT SPECIFIED,NATIONAL,,99,US,US TOTAL,,,,,,,,0,,,9000,UNITED STATES,US TOTAL,2026,MONTHLY,3,3,MAR,,2026-04-30 15:00:00.000,68.3,
SURVEY,ANIMALS & PRODUCTS,LIVESTOCK,HOGS,BARROWS & GILTS,ALL PRODUCTION PRACTICES,ALL UTILIZATION PRACTICES,PRICE RECEIVED,$ / CWT,"HOGS, BARROWS & GILTS - PRICE RECEIVED, MEASURED IN $ / CWT",TOTAL,NOT SPECIFIED,NATIONAL,,99,US,US TOTAL,,,,,,,,0,,,9000,UNITED STATES,US TOTAL,2026,MONTHLY,4,4,APR,,2026-05-29 15:00:00.000,68.1,
SURVEY,ANIMALS & PRODUCTS,LIVESTOCK,HOGS,BARROWS & GILTS,ALL PRODUCTION PRACTICES,ALL UTILIZATION PRACTICES,PRICE RECEIVED,$ / CWT,"HOGS, BARROWS & GILTS - PRICE RECEIVED, MEASURED IN $ / CWT",TOTAL,NOT SPECIFIED,NATIONAL,,99,US,US TOTAL,,,,,,,,0,,,9000,UNITED STATES,US TOTAL,2025,ANNUAL,0,0,MARKETING YEAR,,2026-02-27 15:00:00.000,69.7,
SURVEY,ANIMALS & PRODUCTS,LIVESTOCK,HOGS,BARROWS & GILTS,ALL PRODUCTION PRACTICES,ALL UTILIZATION PRACTICES,PRICE RECEIVED,$ / CWT,"HOGS, BARROWS & GILTS - PRICE RECEIVED, MEASURED IN $ / CWT",TOTAL,NOT SPECIFIED,NATIONAL,,99,US,US TOTAL,,,,,,,,0,,,9000,UNITED STATES,US TOTAL,2025,MONTHLY,1,1,JAN,,2026-02-27 15:00:00.000,61.4,
SURVEY,ANIMALS & PRODUCTS,LIVESTOCK,HOGS,BARROWS & GILTS,ALL PRODUCTION PRACTICES,ALL UTILIZATION PRACTICES,PRICE RECEIVED,$ / CWT,"HOGS, BARROWS & GILTS - PRICE RECEIVED, MEASURED IN $ / CWT",TOTAL,NOT SPECIFIED,NATIONAL,,99,US,US TOTAL,,,,,,,,0,,,9000,UNITED STATES,US TOTAL,2025,MONTHLY,2,2,FEB,,2026-02-27 15:00:00.000,65.6,
SURVEY,ANIMALS & PRODUCTS,LIVESTOCK,HOGS,BARROWS & GILTS,ALL PRODUCTION PRACTICES,ALL UTILIZATION PRACTICES,PRICE RECEIVED,$ / CWT,"HOGS, BARROWS & GILTS - PRICE RECEIVED, MEASURED IN $ / CWT",TOTAL,NOT SPECIFIED,NATIONAL,,99,US,US TOTAL,,,,,,,,0,,,9000,UNITED STATES,US TOTAL,2025,MONTHLY,3,3,MAR,,2026-02-27 15:00:00.000,66.5,
SURVEY,ANIMALS & PRODUCTS,LIVESTOCK,HOGS,BARROWS & GILTS,ALL PRODUCTION PRACTICES,ALL UTILIZATION PRACTICES,PRICE RECEIVED,$ / CWT,"HOGS, BARROWS & GILTS - PRICE RECEIVED, MEASURED IN $ / CWT",TOTAL,NOT SPECIFIED,NATIONAL,,99,US,US TOTAL,,,,,,,,0,,,9000,UNITED STATES,US TOTAL,2025,MONTHLY,4,4,APR,,2026-02-27 15:00:00.000,65.7,
SURVEY,ANIMALS & PRODUCTS,LIVESTOCK,HOGS,BARROWS & GILTS,ALL PRODUCTION PRACTICES,ALL UTILIZATION PRACTICES,PRICE RECEIVED,$ / CWT,"HOGS, BARROWS & GILTS - PRICE RECEIVED, MEASURED IN $ / CWT",TOTAL,NOT SPECIFIED,NATIONAL,,99,US,US TOTAL,,,,,,,,0,,,9000,UNITED STATES,US TOTAL,2025,MONTHLY,5,5,MAY,,2026-02-27 15:00:00.000,68.8,
SURVEY,ANIMALS & PRODUCTS,LIVESTOCK,HOGS,BARROWS & GILTS,ALL PRODUCTION PRACTICES,ALL UTILIZATION PRACTICES,PRICE RECEIVED,$ / CWT,"HOGS, BARROWS & GILTS - PRICE RECEIVED, MEASURED IN $ / CWT",TOTAL,NOT SPECIFIED,NATIONAL,,99,US,US TOTAL,,,,,,,,0,,,9000,UNITED STATES,US TOTAL,2025,MONTHLY,6,6,JUN,,2026-02-27 15:00:00.000,77.0,
SURVEY,ANIMALS & PRODUCTS,LIVESTOCK,HOGS,BARROWS & GILTS,ALL PRODUCTION PRACTICES,ALL UTILIZATION PRACTICES,PRICE RECEIVED,$ / CWT,"HOGS, BARROWS & GILTS - PRICE RECEIVED, MEASURED IN $ / CWT",TOTAL,NOT SPECIFIED,NATIONAL,,99,US,US TOTAL,,,,,,,,0,,,9000,UNITED STATES,US TOTAL,2025,MONTHLY,7,7,JUL,,2026-02-27 15:00:00.000,79.5,
SURVEY,ANIMALS & PRODUCTS,LIVESTOCK,HOGS,BARROWS & GILTS,ALL PRODUCTION PRACTICES,ALL UTILIZATION PRACTICES,PRICE RECEIVED,$ / CWT,"HOGS, BARROWS & GILTS - PRICE RECEIVED, MEASURED IN $ / CWT",TOTAL,NOT SPECIFIED,NATIONAL,,99,US,US TOTAL,,,,,,,,0,,,9000,UNITED STATES,US TOTAL,2025,MONTHLY,8,8,AUG,,2026-02-27 15:00:00.000,79.1,
SURVEY,ANIMALS & PRODUCTS,LIVESTOCK,HOGS,BARROWS & GILTS,ALL PRODUCTION PRACTICES,ALL UTILIZATION PRACTICES,PRICE RECEIVED,$ / CWT,"HOGS, BARROWS & GILTS - PRICE RECEIVED, MEASURED IN $ / CWT",TOTAL,NOT SPECIFIED,NATIONAL,,99,US,US TOTAL,,,,,,,,0,,,9000,UNITED STATES,US TOTAL,2025,MONTHLY,9,9,SEP,,2026-02-27 15:00:00.000,76.6,
SURVEY,ANIMALS & PRODUCTS,LIVESTOCK,HOGS,BARROWS & GILTS,ALL PRODUCTION PRACTICES,ALL UTILIZATION PRACTICES,PRICE RECEIVED,$ / CWT,"HOGS, BARROWS & GILTS - PRICE RECEIVED, MEASURED IN $ / CWT",TOTAL,NOT SPECIFIED,NATIONAL,,99,US,US TOTAL,,,,,,,,0,,,9000,UNITED STATES,US TOTAL,2025,MONTHLY,10,10,OCT,,2026-02-27 15:00:00.000,71.1,
SURVEY,ANIMALS & PRODUCTS,LIVESTOCK,HOGS,BARROWS & GILTS,ALL PRODUCTION PRACTICES,ALL UTILIZATION PRACTICES,PRICE RECEIVED,$ / CWT,"HOGS, BARROWS & GILTS - PRICE RECEIVED, MEASURED IN $ / CWT",TOTAL,NOT SPECIFIED,NATIONAL,,99,US,US TOTAL,,,,,,,,0,,,9000,UNITED STATES,US TOTAL,2025,MONTHLY,11,11,NOV,,2026-02-27 15:00:00.000,64.9,
SURVEY,ANIMALS & PRODUCTS,LIVESTOCK,HOGS,BARROWS & GILTS,ALL PRODUCTION PRACTICES,ALL UTILIZATION PRACTICES,PRICE RECEIVED,$ / CWT,"HOGS, BARROWS & GILTS - PRICE RECEIVED, MEASURED IN $ / CWT",TOTAL,NOT SPECIFIED,NATIONAL,,99,US,US TOTAL,,,,,,,,0,,,9000,UNITED STATES,US TOTAL,2025,MONTHLY,12,12,DEC,,2026-01-30 15:00:00.000,62.4,
SURVEY,ANIMALS & PRODUCTS,LIVESTOCK,HOGS,BARROWS & GILTS,ALL PRODUCTION PRACTICES,ALL UTILIZATION PRACTICES,PRICE RECEIVED,$ / CWT,"HOGS, BARROWS & GILTS - PRICE RECEIVED, MEASURED IN $ / CWT",TOTAL,NOT SPECIFIED,NATIONAL,,99,US,US TOTAL,,,,,,,,0,,,9000,UNITED STATES,US TOTAL,2024,ANNUAL,0,0,MARKETING YEAR,,2026-02-27 15:00:00.000,63.4,
SURVEY,ANIMALS & PRODUCTS,LIVESTOCK,HOGS,BARROWS & GILTS,ALL PRODUCTION PRACTICES,ALL UTILIZATION PRACTICES,PRICE RECEIVED,$ / CWT,"HOGS, BARROWS & GILTS - PRICE RECEIVED, MEASURED IN $ / CWT",TOTAL,NOT SPECIFIED,NATIONAL,,99,US,US TOTAL,,,,,,,,0,,,9000,UNITED STATES,US TOTAL,2024,MONTHLY,1,1,JAN,,2026-02-27 15:00:00.000,53.9,
SURVEY,ANIMALS & PRODUCTS,LIVESTOCK,HOGS,BARROWS & GILTS,ALL PRODUCTION PRACTICES,ALL UTILIZATION PRACTICES,PRICE RECEIVED,$ / CWT,"HOGS, BARROWS & GILTS - PRICE RECEIVED, MEASURED IN $ / CWT",TOTAL,NOT SPECIFIED,NATIONAL,,99,US,US TOTAL,,,,,,,,0,,,9000,UNITED STATES,US TOTAL,2024,MONTHLY,2,2,FEB,,2026-02-27 15:00:00.000,58.7,
SURVEY,ANIMALS & PRODUCTS,LIVESTOCK,HOGS,BARROWS & GILTS,ALL PRODUCTION PRACTICES,ALL UTILIZATION PRACTICES,PRICE RECEIVED,$ / CWT,"HOGS, BARROWS & GILTS - PRICE RECEIVED, MEASURED IN $ / CWT",TOTAL,NOT SPECIFIED,NATIONAL,,99,US,US TOTAL,,,,,,,,0,,,9000,UNITED STATES,US TOTAL,2024,MONTHLY,3,3,MAR,,2026-02-27 15:00:00.000,62.7,
SURVEY,ANIMALS & PRODUCTS,LIVESTOCK,HOGS,BARROWS & GILTS,ALL PRODUCTION PRACTICES,ALL UTILIZATION PRACTICES,PRICE RECEIVED,$ / CWT,"HOGS, BARROWS & GILTS - PRICE RECEIVED, MEASURED IN $ / CWT",TOTAL,NOT SPECIFIED,NATIONAL,,99,US,US TOTAL,,,,,,,,0,,,9000,UNITED STATES,US TOTAL,2024,MONTHLY,4,4,APR,,2026-02-27 15:00:00.000,67.1,
SURVEY,ANIMALS & PRODUCTS,LIVESTOCK,HOGS,BARROWS & GILTS,ALL PRODUCTION PRACTICES,ALL UTILIZATION PRACTICES,PRICE RECEIVED,$ / CWT,"HOGS, BARROWS & GILTS - PRICE RECEIVED, MEASURED IN $ / CWT",TOTAL,NOT SPECIFIED,NATIONAL,,99,US,US TOTAL,,,,,,,,0,,,9000,UNITED STATES,US TOTAL,2024,MONTHLY,5,5,MAY,,2026-02-27 15:00:00.000,69.0,
SURVEY,ANIMALS & PRODUCTS,LIVESTOCK,HOGS,BARROWS & GILTS,ALL PRODUCTION PRACTICES,ALL UTILIZATION PRACTICES,PRICE RECEIVED,$ / CWT,"HOGS, BARROWS & GILTS - PRICE RECEIVED, MEASURED IN $ / CWT",TOTAL,NOT SPECIFIED,NATIONAL,,99,US,US TOTAL,,,,,,,,0,,,9000,UNITED STATES,US TOTAL,2024,MONTHLY,6,6,JUN,,2026-02-27 15:00:00.000,68.9,
SURVEY,ANIMALS & PRODUCTS,LIVESTOCK,HOGS,BARROWS & GILTS,ALL PRODUCTION PRACTICES,ALL UTILIZATION PRACTICES,PRICE RECEIVED,$ / CWT,"HOGS, BARROWS & GILTS - PRICE RECEIVED, MEASURED IN $ / CWT",TOTAL,NOT SPECIFIED,NATIONAL,,99,US,US TOTAL,,,,,,,,0,,,9000,UNITED STATES,US TOTAL,2024,MONTHLY,7,7,JUL,,2026-02-27 15:00:00.000,68.5,
SURVEY,ANIMALS & PRODUCTS,LIVESTOCK,HOGS,BARROWS & GILTS,ALL PRODUCTION PRACTICES,ALL UTILIZATION PRACTICES,PRICE RECEIVED,$ / CWT,"HOGS, BARROWS & GILTS - PRICE RECEIVED, MEASURED IN $ / CWT",TOTAL,NOT SPECIFIED,NATIONAL,,99,US,US TOTAL,,,,,,,,0,,,9000,UNITED STATES,US TOTAL,2024,MONTHLY,8,8,AUG,,2026-02-27 15:00:00.000,67.9,
SURVEY,ANIMALS & PRODUCTS,LIVESTOCK,HOGS,BARROWS & GILTS,ALL PRODUCTION PRACTICES,ALL UTILIZATION PRACTICES,PRICE RECEIVED,$ / CWT,"HOGS, BARROWS & GILTS - PRICE RECEIVED, MEASURED IN $ / CWT",TOTAL,NOT SPECIFIED,NATIONAL,,99,US,US TOTAL,,,,,,,,0,,,9000,UNITED STATES,US TOTAL,2024,MONTHLY,9,9,SEP,,2026-02-27 15:00:00.000,64.0,
SURVEY,ANIMALS & PRODUCTS,LIVESTOCK,HOGS,BARROWS & GILTS,ALL PRODUCTION PRACTICES,ALL UTILIZATION PRACTICES,PRICE RECEIVED,$ / CWT,"HOGS, BARROWS & GILTS - PRICE RECEIVED, MEASURED IN $ / CWT",TOTAL,NOT SPECIFIED,NATIONAL,,99,US,US TOTAL,,,,,,,,0,,,9000,UNITED STATES,US TOTAL,2024,MONTHLY,10,10,OCT,,2026-02-27 15:00:00.000,63.6,
SURVEY,ANIMALS & PRODUCTS,LIVESTOCK,HOGS,BARROWS & GILTS,ALL PRODUCTION PRACTICES,ALL UTILIZATION PRACTICES,PRICE RECEIVED,$ / CWT,"HOGS, BARROWS & GILTS - PRICE RECEIVED, MEASURED IN $ / CWT",TOTAL,NOT SPECIFIED,NATIONAL,,99,US,US TOTAL,,,,,,,,0,,,9000,UNITED STATES,US TOTAL,2024,MONTHLY,11,11,NOV,,2026-02-27 15:00:00.000,65.3,
SURVEY,ANIMALS & PRODUCTS,LIVESTOCK,HOGS,BARROWS & GILTS,ALL PRODUCTION PRACTICES,ALL UTILIZATION PRACTICES,PRICE RECEIVED,$ / CWT,"HOGS, BARROWS & GILTS - PRICE RECEIVED, MEASURED IN $ / CWT",TOTAL,NOT SPECIFIED,NATIONAL,,99,US,US TOTAL,,,,,,,,0,,,9000,UNITED STATES,US TOTAL,2024,MONTHLY,12,12,DEC,,2026-02-27 15:00:00.000,62.9,
SURVEY,ANIMALS & PRODUCTS,LIVESTOCK,HOGS,BARROWS & GILTS,ALL PRODUCTION PRACTICES,ALL UTILIZATION PRACTICES,PRICE RECEIVED,$ / CWT,"HOGS, BARROWS & GILTS - PRICE RECEIVED, MEASURED IN $ / CWT",TOTAL,NOT SPECIFIED,NATIONAL,,99,US,US TOTAL,,,,,,,,0,,,9000,UNITED STATES,US TOTAL,2023,ANNUAL,0,0,MARKETING YEAR,,2025-02-28 15:00:00.000,63.5,
SURVEY,ANIMALS & PRODUCTS,LIVESTOCK,HOGS,BARROWS & GILTS,ALL PRODUCTION PRACTICES,ALL UTILIZATION PRACTICES,PRICE RECEIVED,$ / CWT,"HOGS, BARROWS & GILTS - PRICE RECEIVED, MEASURED IN $ / CWT",TOTAL,NOT SPECIFIED,NATIONAL,,99,US,US TOTAL,,,,,,,,0,,,9000,UNITED STATES,US TOTAL,2023,MONTHLY,1,1,JAN,,2025-02-28 15:00:00.000,59.3,
SURVEY,ANIMALS & PRODUCTS,LIVESTOCK,HOGS,BARROWS & GILTS,ALL PRODUCTION PRACTICES,ALL UTILIZATION PRACTICES,PRICE RECEIVED,$ / CWT,"HOGS, BARROWS & GILTS - PRICE RECEIVED, MEASURED IN $ / CWT",TOTAL,NOT SPECIFIED,NATIONAL,,99,US,US TOTAL,,,,,,,,0,,,9000,UNITED STATES,US TOTAL,2023,MONTHLY,2,2,FEB,,2025-02-28 15:00:00.000,59.7,
SURVEY,ANIMALS & PRODUCTS,LIVESTOCK,HOGS,BARROWS & GILTS,ALL PRODUCTION PRACTICES,ALL UTILIZATION PRACTICES,PRICE RECEIVED,$ / CWT,"HOGS, BARROWS & GILTS - PRICE RECEIVED, MEASURED IN $ / CWT",TOTAL,NOT SPECIFIED,NATIONAL,,99,US,US TOTAL,,,,,,,,0,,,9000,UNITED STATES,US TOTAL,2023,MONTHLY,3,3,MAR,,2025-02-28 15:00:00.000,61.6,
SURVEY,ANIMALS & PRODUCTS,LIVESTOCK,HOGS,BARROWS & GILTS,ALL PRODUCTION PRACTICES,ALL UTILIZATION PRACTICES,PRICE RECEIVED,$ / CWT,"HOGS, BARROWS & GILTS - PRICE RECEIVED, MEASURED IN $ / CWT",TOTAL,NOT SPECIFIED,NATIONAL,,99,US,US TOTAL,,,,,,,,0,,,9000,UNITED STATES,US TOTAL,2023,MONTHLY,4,4,APR,,2025-02-28 15:00:00.000,57.7,
SURVEY,ANIMALS & PRODUCTS,LIVESTOCK,HOGS,BARROWS & GILTS,ALL PRODUCTION PRACTICES,ALL UTILIZATION PRACTICES,PRICE RECEIVED,$ / CWT,"HOGS, BARROWS & GILTS - PRICE RECEIVED, MEASURED IN $ / CWT",TOTAL,NOT SPECIFIED,NATIONAL,,99,US,US TOTAL,,,,,,,,0,,,9000,UNITED STATES,US TOTAL,2023,MONTHLY,5,5,MAY,,2025-02-28 15:00:00.000,60.7,
SURVEY,ANIMALS & PRODUCTS,LIVESTOCK,HOGS,BARROWS & GILTS,ALL PRODUCTION PRACTICES,ALL UTILIZATION PRACTICES,PRICE RECEIVED,$ / CWT,"HOGS, BARROWS & GILTS - PRICE RECEIVED, MEASURED IN $ / CWT",TOTAL,NOT SPECIFIED,NATIONAL,,99,US,US TOTAL,,,,,,,,0,,,9000,UNITED STATES,US TOTAL,2023,MONTHLY,6,6,JUN,,2025-02-28 15:00:00.000,66.8,
SURVEY,ANIMALS & PRODUCTS,LIVESTOCK,HOGS,BARROWS & GILTS,ALL PRODUCTION PRACTICES,ALL UTILIZATION PRACTICES,PRICE RECEIVED,$ / CWT,"HOGS, BARROWS & GILTS - PRICE RECEIVED, MEASURED IN $ / CWT",TOTAL,NOT SPECIFIED,NATIONAL,,99,US,US TOTAL,,,,,,,,0,,,9000,UNITED STATES,US TOTAL,2023,MONTHLY,7,7,JUL,,2025-02-28 15:00:00.000,76.1,
SURVEY,ANIMALS & PRODUCTS,LIVESTOCK,HOGS,BARROWS & GILTS,ALL PRODUCTION PRACTICES,ALL UTILIZATION PRACTICES,PRICE RECEIVED,$ / CWT,"HOGS, BARROWS & GILTS - PRICE RECEIVED, MEASURED IN $ / CWT",TOTAL,NOT SPECIFIED,NATIONAL,,99,US,US TOTAL,,,,,,,,0,,,9000,UNITED STATES,US TOTAL,2023,MONTHLY,8,8,AUG,,2025-02-28 15:00:00.000,74.3,
SURVEY,ANIMALS & PRODUCTS,LIVESTOCK,HOGS,BARROWS & GILTS,ALL PRODUCTION PRACTICES,ALL UTILIZATION PRACTICES,PRICE RECEIVED,$ / CWT,"HOGS, BARROWS & GILTS - PRICE RECEIVED, MEASURED IN $ / CWT",TOTAL,NOT SPECIFIED,NATIONAL,,99,US,US TOTAL,,,,,,,,0,,,9000,UNITED STATES,US TOTAL,2023,MONTHLY,9,9,SEP,,2025-02-28 15:00:00.000,65.6,
SURVEY,ANIMALS & PRODUCTS,LIVESTOCK,HOGS,BARROWS & GILTS,ALL PRODUCTION PRACTICES,ALL UTILIZATION PRACTICES,PRICE RECEIVED,$ / CWT,"HOGS, BARROWS & GILTS - PRICE RECEIVED, MEASURED IN $ / CWT",TOTAL,NOT SPECIFIED,NATIONAL,,99,US,US TOTAL,,,,,,,,0,,,9000,UNITED STATES,US TOTAL,2023,MONTHLY,10,10,OCT,,2025-02-28 15:00:00.000,61.5,
SURVEY,ANIMALS & PRODUCTS,LIVESTOCK,HOGS,BARROWS & GILTS,ALL PRODUCTION PRACTICES,ALL UTILIZATION PRACTICES,PRICE RECEIVED,$ / CWT,"HOGS, BARROWS & GILTS - PRICE RECEIVED, MEASURED IN $ / CWT",TOTAL,NOT SPECIFIED,NATIONAL,,99,US,US TOTAL,,,,,,,,0,,,9000,UNITED STATES,US TOTAL,2023,MONTHLY,11,11,NOV,,2025-02-28 15:00:00.000,57.5,
SURVEY,ANIMALS & PRODUCTS,LIVESTOCK,HOGS,BARROWS & GILTS,ALL PRODUCTION PRACTICES,ALL UTILIZATION PRACTICES,PRICE RECEIVED,$ / CWT,"HOGS, BARROWS & GILTS - PRICE RECEIVED, MEASURED IN $ / CWT",TOTAL,NOT SPECIFIED,NATIONAL,,99,US,US TOTAL,,,,,,,,0,,,9000,UNITED STATES,US TOTAL,2023,MONTHLY,12,12,DEC,,2026-02-27 15:00:00.000,53.5,
SURVEY,ANIMALS & PRODUCTS,LIVESTOCK,HOGS,BARROWS & GILTS,ALL PRODUCTION PRACTICES,ALL UTILIZATION PRACTICES,PRICE RECEIVED,$ / CWT,"HOGS, BARROWS & GILTS - PRICE RECEIVED, MEASURED IN $ / CWT",TOTAL,NOT SPECIFIED,NATIONAL,,99,US,US TOTAL,,,,,,,,0,,,9000,UNITED STATES,US TOTAL,2022,ANNUAL,0,0,MARKETING YEAR,,2024-02-29 15:00:00.000,72.4,
SURVEY,ANIMALS & PRODUCTS,LIVESTOCK,HOGS,BARROWS & GILTS,ALL PRODUCTION PRACTICES,ALL UTILIZATION PRACTICES,PRICE RECEIVED,$ / CWT,"HOGS, BARROWS & GILTS - PRICE RECEIVED, MEASURED IN $ / CWT",TOTAL,NOT SPECIFIED,NATIONAL,,99,US,US TOTAL,,,,,,,,0,,,9000,UNITED STATES,US TOTAL,2022,MONTHLY,1,1,JAN,,2024-02-29 15:00:00.000,59.3,
SURVEY,ANIMALS & PRODUCTS,LIVESTOCK,HOGS,BARROWS & GILTS,ALL PRODUCTION PRACTICES,ALL UTILIZATION PRACTICES,PRICE RECEIVED,$ / CWT,"HOGS, BARROWS & GILTS - PRICE RECEIVED, MEASURED IN $ / CWT",TOTAL,NOT SPECIFIED,NATIONAL,,99,US,US TOTAL,,,,,,,,0,,,9000,UNITED STATES,US TOTAL,2022,MONTHLY,2,2,FEB,,2024-02-29 15:00:00.000,68.8,
SURVEY,ANIMALS & PRODUCTS,LIVESTOCK,HOGS,BARROWS & GILTS,ALL PRODUCTION PRACTICES,ALL UTILIZATION PRACTICES,PRICE RECEIVED,$ / CWT,"HOGS, BARROWS & GILTS - PRICE RECEIVED, MEASURED IN $ / CWT",TOTAL,NOT SPECIFIED,NATIONAL,,99,US,US TOTAL,,,,,,,,0,,,9000,UNITED STATES,US TOTAL,2022,MONTHLY,3,3,MAR,,2024-02-29 15:00:00.000,74.6,
SURVEY,ANIMALS & PRODUCTS,LIVESTOCK,HOGS,BARROWS & GILTS,ALL PRODUCTION PRACTICES,ALL UTILIZATION PRACTICES,PRICE RECEIVED,$ / CWT,"HOGS, BARROWS & GILTS - PRICE RECEIVED, MEASURED IN $ / CWT",TOTAL,NOT SPECIFIED,NATIONAL,,99,US,US TOTAL,,,,,,,,0,,,9000,UNITED STATES,US TOTAL,2022,MONTHLY,4,4,APR,,2024-02-29 15:00:00.000,75.4,
SURVEY,ANIMALS & PRODUCTS,LIVESTOCK,HOGS,BARROWS & GILTS,ALL PRODUCTION PRACTICES,ALL UTILIZATION PRACTICES,PRICE RECEIVED,$ / CWT,"HOGS, BARROWS & GILTS - PRICE RECEIVED, MEASURED IN $ / CWT",TOTAL,NOT SPECIFIED,NATIONAL,,99,US,US TOTAL,,,,,,,,0,,,9000,UNITED STATES,US TOTAL,2022,MONTHLY,5,5,MAY,,2024-02-29 15:00:00.000,76.1,
SURVEY,ANIMALS & PRODUCTS,LIVESTOCK,HOGS,BARROWS & GILTS,ALL PRODUCTION PRACTICES,ALL UTILIZATION PRACTICES,PRICE RECEIVED,$ / CWT,"HOGS, BARROWS & GILTS - PRICE RECEIVED, MEASURED IN $ / CWT",TOTAL,NOT SPECIFIED,NATIONAL,,99,US,US TOTAL,,,,,,,,0,,,9000,UNITED STATES,US TOTAL,2022,MONTHLY,6,6,JUN,,2024-02-29 15:00:00.000,80.0,
SURVEY,ANIMALS & PRODUCTS,LIVESTOCK,HOGS,BARROWS & GILTS,ALL PRODUCTION PRACTICES,ALL UTILIZATION PRACTICES,PRICE RECEIVED,$ / CWT,"HOGS, BARROWS & GILTS - PRICE RECEIVED, MEASURED IN $ / CWT",TOTAL,NOT SPECIFIED,NATIONAL,,99,US,US TOTAL,,,,,,,,0,,,9000,UNITED STATES,US TOTAL,2022,MONTHLY,7,7,JUL,,2024-02-29 15:00:00.000,84.0,
SURVEY,ANIMALS & PRODUCTS,LIVESTOCK,HOGS,BARROWS & GILTS,ALL PRODUCTION PRACTICES,ALL UTILIZATION PRACTICES,PRICE RECEIVED,$ / CWT,"HOGS, BARROWS & GILTS - PRICE RECEIVED, MEASURED IN $ / CWT",TOTAL,NOT SPECIFIED,NATIONAL,,99,US,US TOTAL,,,,,,,,0,,,9000,UNITED STATES,US TOTAL,2022,MONTHLY,8,8,AUG,,2024-02-29 15:00:00.000,86.0,
SURVEY,ANIMALS & PRODUCTS,LIVESTOCK,HOGS,BARROWS & GILTS,ALL PRODUCTION PRACTICES,ALL UTILIZATION PRACTICES,PRICE RECEIVED,$ / CWT,"HOGS, BARROWS & GILTS - PRICE RECEIVED, MEASURED IN $ / CWT",TOTAL,NOT SPECIFIED,NATIONAL,,99,US,US TOTAL,,,,,,,,0,,,9000,UNITED STATES,US TOTAL,2022,MONTHLY,9,9,SEP,,2024-02-29 15:00:00.000,73.9,
SURVEY,ANIMALS & PRODUCTS,LIVESTOCK,HOGS,BARROWS & GILTS,ALL PRODUCTION PRACTICES,ALL UTILIZATION PRACTICES,PRICE RECEIVED,$ / CWT,"HOGS, BARROWS & GILTS - PRICE RECEIVED, MEASURED IN $ / CWT",TOTAL,NOT SPECIFIED,NATIONAL,,99,US,US TOTAL,,,,,,,,0,,,9000,UNITED STATES,US TOTAL,2022,MONTHLY,10,10,OCT,,2024-02-29 15:00:00.000,70.5,
SURVEY,ANIMALS & PRODUCTS,LIVESTOCK,HOGS,BARROWS & GILTS,ALL PRODUCTION PRACTICES,ALL UTILIZATION PRACTICES,PRICE RECEIVED,$ / CWT,"HOGS, BARROWS & GILTS - PRICE RECEIVED, MEASURED IN $ / CWT",TOTAL,NOT SPECIFIED,NATIONAL,,99,US,US TOTAL,,,,,,,,0,,,9000,UNITED STATES,US TOTAL,2022,MONTHLY,11,11,NOV,,2024-02-29 15:00:00.000,66.9,
SURVEY,ANIMALS & PRODUCTS,LIVESTOCK,HOGS,BARROWS & GILTS,ALL PRODUCTION PRACTICES,ALL UTILIZATION PRACTICES,PRICE RECEIVED,$ / CWT,"HOGS, BARROWS & GILTS - PRICE RECEIVED, MEASURED IN $ / CWT",TOTAL,NOT SPECIFIED,NATIONAL,,99,US,US TOTAL,,,,,,,,0,,,9000,UNITED STATES,US TOTAL,2022,MONTHLY,12,12,DEC,,2025-02-28 15:00:00.000,63.0,
SURVEY,ANIMALS & PRODUCTS,LIVESTOCK,HOGS,BARROWS & GILTS,ALL PRODUCTION PRACTICES,ALL UTILIZATION PRACTICES,PRICE RECEIVED,$ / CWT,"HOGS, BARROWS & GILTS - PRICE RECEIVED, MEASURED IN $ / CWT",TOTAL,NOT SPECIFIED,NATIONAL,,99,US,US TOTAL,,,,,,,,0,,,9000,UNITED STATES,US TOTAL,2021,ANNUAL,0,0,MARKETING YEAR,,2023-02-28 15:00:00.000,67.4,
SURVEY,ANIMALS & PRODUCTS,LIVESTOCK,HOGS,BARROWS & GILTS,ALL PRODUCTION PRACTICES,ALL UTILIZATION PRACTICES,PRICE RECEIVED,$ / CWT,"HOGS, BARROWS & GILTS - PRICE RECEIVED, MEASURED IN $ / CWT",TOTAL,NOT SPECIFIED,NATIONAL,,99,US,US TOTAL,,,,,,,,0,,,9000,UNITED STATES,US TOTAL,2021,MONTHLY,1,1,JAN,,2023-02-28 15:00:00.000,50.5,
SURVEY,ANIMALS & PRODUCTS,LIVESTOCK,HOGS,BARROWS & GILTS,ALL PRODUCTION PRACTICES,ALL UTILIZATION PRACTICES,PRICE RECEIVED,$ / CWT,"HOGS, BARROWS & GILTS - PRICE RECEIVED, MEASURED IN $ / CWT",TOTAL,NOT SPECIFIED,NATIONAL,,99,US,US TOTAL,,,,,,,,0,,,9000,UNITED STATES,US TOTAL,2021,MONTHLY,2,2,FEB,,2023-02-28 15:00:00.000,56.4,
SURVEY,ANIMALS & PRODUCTS,LIVESTOCK,HOGS,BARROWS & GILTS,ALL PRODUCTION PRACTICES,ALL UTILIZATION PRACTICES,PRICE RECEIVED,$ / CWT,"HOGS, BARROWS & GILTS - PRICE RECEIVED, MEASURED IN $ / CWT",TOTAL,NOT SPECIFIED,NATIONAL,,99,US,US TOTAL,,,,,,,,0,,,9000,UNITED STATES,US TOTAL,2021,MONTHLY,3,3,MAR,,2023-02-28 15:00:00.000,66.6,
SURVEY,ANIMALS & PRODUCTS,LIVESTOCK,HOGS,BARROWS & GILTS,ALL PRODUCTION PRACTICES,ALL UTILIZATION PRACTICES,PRICE RECEIVED,$ / CWT,"HOGS, BARROWS & GILTS - PRICE RECEIVED, MEASURED IN $ / CWT",TOTAL,NOT SPECIFIED,NATIONAL,,99,US,US TOTAL,,,,,,,,0,,,9000,UNITED STATES,US TOTAL,2021,MONTHLY,4,4,APR,,2023-02-28 15:00:00.000,75.4,
SURVEY,ANIMALS & PRODUCTS,LIVESTOCK,HOGS,BARROWS & GILTS,ALL PRODUCTION PRACTICES,ALL UTILIZATION PRACTICES,PRICE RECEIVED,$ / CWT,"HOGS, BARROWS & GILTS - PRICE RECEIVED, MEASURED IN $ / CWT",TOTAL,NOT SPECIFIED,NATIONAL,,99,US,US TOTAL,,,,,,,,0,,,9000,UNITED STATES,US TOTAL,2021,MONTHLY,5,5,MAY,,2023-02-28 15:00:00.000,80.0,
SURVEY,ANIMALS & PRODUCTS,LIVESTOCK,HOGS,BARROWS & GILTS,ALL PRODUCTION PRACTICES,ALL UTILIZATION PRACTICES,PRICE RECEIVED,$ / CWT,"HOGS, BARROWS & GILTS - PRICE RECEIVED, MEASURED IN $ / CWT",TOTAL,NOT SPECIFIED,NATIONAL,,99,US,US TOTAL,,,,,,,,0,,,9000,UNITED STATES,US TOTAL,2021,MONTHLY,6,6,JUN,,2023-02-28 15:00:00.000,84.2,
SURVEY,ANIMALS & PRODUCTS,LIVESTOCK,HOGS,BARROWS & GILTS,ALL PRODUCTION PRACTICES,ALL UTILIZATION PRACTICES,PRICE RECEIVED,$ / CWT,"HOGS, BARROWS & GILTS - PRICE RECEIVED, MEASURED IN $ / CWT",TOTAL,NOT SPECIFIED,NATIONAL,,99,US,US TOTAL,,,,,,,,0,,,9000,UNITED STATES,US TOTAL,2021,MONTHLY,7,7,JUL,,2023-02-28 15:00:00.000,80.7,
SURVEY,ANIMALS & PRODUCTS,LIVESTOCK,HOGS,BARROWS & GILTS,ALL PRODUCTION PRACTICES,ALL UTILIZATION PRACTICES,PRICE RECEIVED,$ / CWT,"HOGS, BARROWS & GILTS - PRICE RECEIVED, MEASURED IN $ / CWT",TOTAL,NOT SPECIFIED,NATIONAL,,99,US,US TOTAL,,,,,,,,0,,,9000,UNITED STATES,US TOTAL,2021,MONTHLY,8,8,AUG,,2023-02-28 15:00:00.000,78.6,
SURVEY,ANIMALS & PRODUCTS,LIVESTOCK,HOGS,BARROWS & GILTS,ALL PRODUCTION PRACTICES,ALL UTILIZATION PRACTICES,PRICE RECEIVED,$ / CWT,"HOGS, BARROWS & GILTS - PRICE RECEIVED, MEASURED IN $ / CWT",TOTAL,NOT SPECIFIED,NATIONAL,,99,US,US TOTAL,,,,,,,,0,,,9000,UNITED STATES,US TOTAL,2021,MONTHLY,9,9,SEP,,2023-02-28 15:00:00.000,70.4,
SURVEY,ANIMALS & PRODUCTS,LIVESTOCK,HOGS,BARROWS & GILTS,ALL PRODUCTION PRACTICES,ALL UTILIZATION PRACTICES,PRICE RECEIVED,$ / CWT,"HOGS, BARROWS & GILTS - PRICE RECEIVED, MEASURED IN $ / CWT",TOTAL,NOT SPECIFIED,NATIONAL,,99,US,US TOTAL,,,,,,,,0,,,9000,UNITED STATES,US TOTAL,2021,MONTHLY,10,10,OCT,,2023-02-28 15:00:00.000,65.6,
SURVEY,ANIMALS & PRODUCTS,LIVESTOCK,HOGS,BARROWS & GILTS,ALL PRODUCTION PRACTICES,ALL UTILIZATION PRACTICES,PRICE RECEIVED,$ / CWT,"HOGS, BARROWS & GILTS - PRICE RECEIVED, MEASURED IN $ / CWT",TOTAL,NOT SPECIFIED,NATIONAL,,99,US,US TOTAL,,,,,,,,0,,,9000,UNITED STATES,US TOTAL,2021,MONTHLY,11,11,NOV,,2023-02-28 15:00:00.000,58.2,
SURVEY,ANIMALS & PRODUCTS,LIVESTOCK,HOGS,BARROWS & GILTS,ALL PRODUCTION PRACTICES,ALL UTILIZATION PRACTICES,PRICE RECEIVED,$ / CWT,"HOGS, BARROWS & GILTS - PRICE RECEIVED, MEASURED IN $ / CWT",TOTAL,NOT SPECIFIED,NATIONAL,,99,US,US TOTAL,,,,,,,,0,,,9000,UNITED STATES,US TOTAL,2021,MONTHLY,12,12,DEC,,2024-02-29 15:00:00.000,56.2,
SURVEY,ANIMALS & PRODUCTS,LIVESTOCK,HOGS,BARROWS & GILTS,ALL PRODUCTION PRACTICES,ALL UTILIZATION PRACTICES,PRICE RECEIVED,$ / CWT,"HOGS, BARROWS & GILTS - PRICE RECEIVED, MEASURED IN $ / CWT",TOTAL,NOT SPECIFIED,NATIONAL,,99,US,US TOTAL,,,,,,,,0,,,9000,UNITED STATES,US TOTAL,2020,ANNUAL,0,0,MARKETING YEAR,,2022-02-28 15:03:56.000,47.8,
SURVEY,ANIMALS & PRODUCTS,LIVESTOCK,HOGS,BARROWS & GILTS,ALL PRODUCTION PRACTICES,ALL UTILIZATION PRACTICES,PRICE RECEIVED,$ / CWT,"HOGS, BARROWS & GILTS - PRICE RECEIVED, MEASURED IN $ / CWT",TOTAL,NOT SPECIFIED,NATIONAL,,99,US,US TOTAL,,,,,,,,0,,,9000,UNITED STATES,US TOTAL,2020,MONTHLY,1,1,JAN,,2022-02-28 15:03:56.000,48.6,
SURVEY,ANIMALS & PRODUCTS,LIVESTOCK,HOGS,BARROWS & GILTS,ALL PRODUCTION PRACTICES,ALL UTILIZATION PRACTICES,PRICE RECEIVED,$ / CWT,"HOGS, BARROWS & GILTS - PRICE RECEIVED, MEASURED IN $ / CWT",TOTAL,NOT SPECIFIED,NATIONAL,,99,US,US TOTAL,,,,,,,,0,,,9000,UNITED STATES,US TOTAL,2020,MONTHLY,2,2,FEB,,2022-02-28 15:03:56.000,46.3,
SURVEY,ANIMALS & PRODUCTS,LIVESTOCK,HOGS,BARROWS & GILTS,ALL PRODUCTION PRACTICES,ALL UTILIZATION PRACTICES,PRICE RECEIVED,$ / CWT,"HOGS, BARROWS & GILTS - PRICE RECEIVED, MEASURED IN $ / CWT",TOTAL,NOT SPECIFIED,NATIONAL,,99,US,US TOTAL,,,,,,,,0,,,9000,UNITED STATES,US TOTAL,2020,MONTHLY,3,3,MAR,,2022-02-28 15:03:56.000,48.3,
SURVEY,ANIMALS & PRODUCTS,LIVESTOCK,HOGS,BARROWS & GILTS,ALL PRODUCTION PRACTICES,ALL UTILIZATION PRACTICES,PRICE RECEIVED,$ / CWT,"HOGS, BARROWS & GILTS - PRICE RECEIVED, MEASURED IN $ / CWT",TOTAL,NOT SPECIFIED,NATIONAL,,99,US,US TOTAL,,,,,,,,0,,,9000,UNITED STATES,US TOTAL,2020,MONTHLY,4,4,APR,,2022-02-28 15:03:56.000,42.6,
SURVEY,ANIMALS & PRODUCTS,LIVESTOCK,HOGS,BARROWS & GILTS,ALL PRODUCTION PRACTICES,ALL UTILIZATION PRACTICES,PRICE RECEIVED,$ / CWT,"HOGS, BARROWS & GILTS - PRICE RECEIVED, MEASURED IN $ / CWT",TOTAL,NOT SPECIFIED,NATIONAL,,99,US,US TOTAL,,,,,,,,0,,,9000,UNITED STATES,US TOTAL,2020,MONTHLY,5,5,MAY,,2022-02-28 15:03:56.000,52.7,
SURVEY,ANIMALS & PRODUCTS,LIVESTOCK,HOGS,BARROWS & GILTS,ALL PRODUCTION PRACTICES,ALL UTILIZATION PRACTICES,PRICE RECEIVED,$ / CWT,"HOGS, BARROWS & GILTS - PRICE RECEIVED, MEASURED IN $ / CWT",TOTAL,NOT SPECIFIED,NATIONAL,,99,US,US TOTAL,,,,,,,,0,,,9000,UNITED STATES,US TOTAL,2020,MONTHLY,6,6,JUN,,2022-02-28 15:03:56.000,42.2,
SURVEY,ANIMALS & PRODUCTS,LIVESTOCK,HOGS,BARROWS & GILTS,ALL PRODUCTION PRACTICES,ALL UTILIZATION PRACTICES,PRICE RECEIVED,$ / CWT,"HOGS, BARROWS & GILTS - PRICE RECEIVED, MEASURED IN $ / CWT",TOTAL,NOT SPECIFIED,NATIONAL,,99,US,US TOTAL,,,,,,,,0,,,9000,UNITED STATES,US TOTAL,2020,MONTHLY,7,7,JUL,,2022-02-28 15:03:56.000,40.7,
SURVEY,ANIMALS & PRODUCTS,LIVESTOCK,HOGS,BARROWS & GILTS,ALL PRODUCTION PRACTICES,ALL UTILIZATION PRACTICES,PRICE RECEIVED,$ / CWT,"HOGS, BARROWS & GILTS - PRICE RECEIVED, MEASURED IN $ / CWT",TOTAL,NOT SPECIFIED,NATIONAL,,99,US,US TOTAL,,,,,,,,0,,,9000,UNITED STATES,US TOTAL,2020,MONTHLY,8,8,AUG,,2022-02-28 15:03:56.000,43.8,
SURVEY,ANIMALS & PRODUCTS,LIVESTOCK,HOGS,BARROWS & GILTS,ALL PRODUCTION PRACTICES,ALL UTILIZATION PRACTICES,PRICE RECEIVED,$ / CWT,"HOGS, BARROWS & GILTS - PRICE RECEIVED, MEASURED IN $ / CWT",TOTAL,NOT SPECIFIED,NATIONAL,,99,US,US TOTAL,,,,,,,,0,,,9000,UNITED STATES,US TOTAL,2020,MONTHLY,9,9,SEP,,2022-02-28 15:03:56.000,50.9,
SURVEY,ANIMALS & PRODUCTS,LIVESTOCK,HOGS,BARROWS & GILTS,ALL PRODUCTION PRACTICES,ALL UTILIZATION PRACTICES,PRICE RECEIVED,$ / CWT,"HOGS, BARROWS & GILTS - PRICE RECEIVED, MEASURED IN $ / CWT",TOTAL,NOT SPECIFIED,NATIONAL,,99,US,US TOTAL,,,,,,,,0,,,9000,UNITED STATES,US TOTAL,2020,MONTHLY,10,10,OCT,,2022-02-28 15:03:56.000,57.3,
SURVEY,ANIMALS & PRODUCTS,LIVESTOCK,HOGS,BARROWS & GILTS,ALL PRODUCTION PRACTICES,ALL UTILIZATION PRACTICES,PRICE RECEIVED,$ / CWT,"HOGS, BARROWS & GILTS - PRICE RECEIVED, MEASURED IN $ / CWT",TOTAL,NOT SPECIFIED,NATIONAL,,99,US,US TOTAL,,,,,,,,0,,,9000,UNITED STATES,US TOTAL,2020,MONTHLY,11,11,NOV,,2022-02-28 15:03:56.000,52.3,
SURVEY,ANIMALS & PRODUCTS,LIVESTOCK,HOGS,BARROWS & GILTS,ALL PRODUCTION PRACTICES,ALL UTILIZATION PRACTICES,PRICE RECEIVED,$ / CWT,"HOGS, BARROWS & GILTS - PRICE RECEIVED, MEASURED IN $ / CWT",TOTAL,NOT SPECIFIED,NATIONAL,,99,US,US TOTAL,,,,,,,,0,,,9000,UNITED STATES,US TOTAL,2020,MONTHLY,12,12,DEC,,2023-02-28 15:00:00.000,49.4,
SURVEY,ANIMALS & PRODUCTS,LIVESTOCK,HOGS,BARROWS & GILTS,ALL PRODUCTION PRACTICES,ALL UTILIZATION PRACTICES,PRICE RECEIVED,$ / CWT,"HOGS, BARROWS & GILTS - PRICE RECEIVED, MEASURED IN $ / CWT",TOTAL,NOT SPECIFIED,NATIONAL,,99,US,US TOTAL,,,,,,,,0,,,9000,UNITED STATES,US TOTAL,2019,ANNUAL,0,0,MARKETING YEAR,,2021-02-26 15:10:12.000,51.7,
SURVEY,ANIMALS & PRODUCTS,LIVESTOCK,HOGS,BARROWS & GILTS,ALL PRODUCTION PRACTICES,ALL UTILIZATION PRACTICES,PRICE RECEIVED,$ / CWT,"HOGS, BARROWS & GILTS - PRICE RECEIVED, MEASURED IN $ / CWT",TOTAL,NOT SPECIFIED,NATIONAL,,99,US,US TOTAL,,,,,,,,0,,,9000,UNITED STATES,US TOTAL,2019,MONTHLY,1,1,JAN,,2021-02-26 15:10:12.000,45.0,
SURVEY,ANIMALS & PRODUCTS,LIVESTOCK,HOGS,BARROWS & GILTS,ALL PRODUCTION PRACTICES,ALL UTILIZATION PRACTICES,PRICE RECEIVED,$ / CWT,"HOGS, BARROWS & GILTS - PRICE RECEIVED, MEASURED IN $ / CWT",TOTAL,NOT SPECIFIED,NATIONAL,,99,US,US TOTAL,,,,,,,,0,,,9000,UNITED STATES,US TOTAL,2019,MONTHLY,2,2,FEB,,2021-02-26 15:10:12.000,43.6,
SURVEY,ANIMALS & PRODUCTS,LIVESTOCK,HOGS,BARROWS & GILTS,ALL PRODUCTION PRACTICES,ALL UTILIZATION PRACTICES,PRICE RECEIVED,$ / CWT,"HOGS, BARROWS & GILTS - PRICE RECEIVED, MEASURED IN $ / CWT",TOTAL,NOT SPECIFIED,NATIONAL,,99,US,US TOTAL,,,,,,,,0,,,9000,UNITED STATES,US TOTAL,2019,MONTHLY,3,3,MAR,,2021-02-26 15:10:12.000,46.5,
SURVEY,ANIMALS & PRODUCTS,LIVESTOCK,HOGS,BARROWS & GILTS,ALL PRODUCTION PRACTICES,ALL UTILIZATION PRACTICES,PRICE RECEIVED,$ / CWT,"HOGS, BARROWS & GILTS - PRICE RECEIVED, MEASURED IN $ / CWT",TOTAL,NOT SPECIFIED,NATIONAL,,99,US,US TOTAL,,,,,,,,0,,,9000,UNITED STATES,US TOTAL,2019,MONTHLY,4,4,APR,,2021-02-26 15:10:12.000,59.7,
SURVEY,ANIMALS & PRODUCTS,LIVESTOCK,HOGS,BARROWS & GILTS,ALL PRODUCTION PRACTICES,ALL UTILIZATION PRACTICES,PRICE RECEIVED,$ / CWT,"HOGS, BARROWS & GILTS - PRICE RECEIVED, MEASURED IN $ / CWT",TOTAL,NOT SPECIFIED,NATIONAL,,99,US,US TOTAL,,,,,,,,0,,,9000,UNITED STATES,US TOTAL,2019,MONTHLY,5,5,MAY,,2021-02-26 15:10:12.000,62.3,
SURVEY,ANIMALS & PRODUCTS,LIVESTOCK,HOGS,BARROWS & GILTS,ALL PRODUCTION PRACTICES,ALL UTILIZATION PRACTICES,PRICE RECEIVED,$ / CWT,"HOGS, BARROWS & GILTS - PRICE RECEIVED, MEASURED IN $ / CWT",TOTAL,NOT SPECIFIED,NATIONAL,,99,US,US TOTAL,,,,,,,,0,,,9000,UNITED STATES,US TOTAL,2019,MONTHLY,6,6,JUN,,2021-02-26 15:10:12.000,60.0,
SURVEY,ANIMALS & PRODUCTS,LIVESTOCK,HOGS,BARROWS & GILTS,ALL PRODUCTION PRACTICES,ALL UTILIZATION PRACTICES,PRICE RECEIVED,$ / CWT,"HOGS, BARROWS & GILTS - PRICE RECEIVED, MEASURED IN $ / CWT",TOTAL,NOT SPECIFIED,NATIONAL,,99,US,US TOTAL,,,,,,,,0,,,9000,UNITED STATES,US TOTAL,2019,MONTHLY,7,7,JUL,,2021-02-26 15:10:12.000,57.4,
SURVEY,ANIMALS & PRODUCTS,LIVESTOCK,HOGS,BARROWS & GILTS,ALL PRODUCTION PRACTICES,ALL UTILIZATION PRACTICES,PRICE RECEIVED,$ / CWT,"HOGS, BARROWS & GILTS - PRICE RECEIVED, MEASURED IN $ / CWT",TOTAL,NOT SPECIFIED,NATIONAL,,99,US,US TOTAL,,,,,,,,0,,,9000,UNITED STATES,US TOTAL,2019,MONTHLY,8,8,AUG,,2021-02-26 15:10:12.000,59.3,
SURVEY,ANIMALS & PRODUCTS,LIVESTOCK,HOGS,BARROWS & GILTS,ALL PRODUCTION PRACTICES,ALL UTILIZATION PRACTICES,PRICE RECEIVED,$ / CWT,"HOGS, BARROWS & GILTS - PRICE RECEIVED, MEASURED IN $ / CWT",TOTAL,NOT SPECIFIED,NATIONAL,,99,US,US TOTAL,,,,,,,,0,,,9000,UNITED STATES,US TOTAL,2019,MONTHLY,9,9,SEP,,2021-02-26 15:10:12.000,48.3,
SURVEY,ANIMALS & PRODUCTS,LIVESTOCK,HOGS,BARROWS & GILTS,ALL PRODUCTION PRACTICES,ALL UTILIZATION PRACTICES,PRICE RECEIVED,$ / CWT,"HOGS, BARROWS & GILTS - PRICE RECEIVED, MEASURED IN $ / CWT",TOTAL,NOT SPECIFIED,NATIONAL,,99,US,US TOTAL,,,,,,,,0,,,9000,UNITED STATES,US TOTAL,2019,MONTHLY,10,10,OCT,,2021-02-26 15:10:12.000,49.7,
SURVEY,ANIMALS & PRODUCTS,LIVESTOCK,HOGS,BARROWS & GILTS,ALL PRODUCTION PRACTICES,ALL UTILIZATION PRACTICES,PRICE RECEIVED,$ / CWT,"HOGS, BARROWS & GILTS - PRICE RECEIVED, MEASURED IN $ / CWT",TOTAL,NOT SPECIFIED,NATIONAL,,99,US,US TOTAL,,,,,,,,0,,,9000,UNITED STATES,US TOTAL,2019,MONTHLY,11,11,NOV,,2021-02-26 15:10:12.000,48.2,
SURVEY,ANIMALS & PRODUCTS,LIVESTOCK,HOGS,BARROWS & GILTS,ALL PRODUCTION PRACTICES,ALL UTILIZATION PRACTICES,PRICE RECEIVED,$ / CWT,"HOGS, BARROWS & GILTS - PRICE RECEIVED, MEASURED IN $ / CWT",TOTAL,NOT SPECIFIED,NATIONAL,,99,US,US TOTAL,,,,,,,,0,,,9000,UNITED STATES,US TOTAL,2019,MONTHLY,12,12,DEC,,2022-02-28 15:03:56.000,47.7,
SURVEY,ANIMALS & PRODUCTS,LIVESTOCK,HOGS,BARROWS & GILTS,ALL PRODUCTION PRACTICES,ALL UTILIZATION PRACTICES,PRICE RECEIVED,$ / CWT,"HOGS, BARROWS & GILTS - PRICE RECEIVED, MEASURED IN $ / CWT",TOTAL,NOT SPECIFIED,NATIONAL,,99,US,US TOTAL,,,,,,,,0,,,9000,UNITED STATES,US TOTAL,2018,ANNUAL,0,0,MARKETING YEAR,,2020-02-28 15:02:03.000,50.5,
SURVEY,ANIMALS & PRODUCTS,LIVESTOCK,HOGS,BARROWS & GILTS,ALL PRODUCTION PRACTICES,ALL UTILIZATION PRACTICES,PRICE RECEIVED,$ / CWT,"HOGS, BARROWS & GILTS - PRICE RECEIVED, MEASURED IN $ / CWT",TOTAL,NOT SPECIFIED,NATIONAL,,99,US,US TOTAL,,,,,,,,0,,,9000,UNITED STATES,US TOTAL,2018,MONTHLY,1,1,JAN,,2020-02-28 15:02:03.000,52.9,
SURVEY,ANIMALS & PRODUCTS,LIVESTOCK,HOGS,BARROWS & GILTS,ALL PRODUCTION PRACTICES,ALL UTILIZATION PRACTICES,PRICE RECEIVED,$ / CWT,"HOGS, BARROWS & GILTS - PRICE RECEIVED, MEASURED IN $ / CWT",TOTAL,NOT SPECIFIED,NATIONAL,,99,US,US TOTAL,,,,,,,,0,,,9000,UNITED STATES,US TOTAL,2018,MONTHLY,2,2,FEB,,2020-02-28 15:02:03.000,54.6,
SURVEY,ANIMALS & PRODUCTS,LIVESTOCK,HOGS,BARROWS & GILTS,ALL PRODUCTION PRACTICES,ALL UTILIZATION PRACTICES,PRICE RECEIVED,$ / CWT,"HOGS, BARROWS & GILTS - PRICE RECEIVED, MEASURED IN $ / CWT",TOTAL,NOT SPECIFIED,NATIONAL,,99,US,US TOTAL,,,,,,,,0,,,9000,UNITED STATES,US TOTAL,2018,MONTHLY,3,3,MAR,,2020-02-28 15:02:03.000,50.0,
SURVEY,ANIMALS & PRODUCTS,LIVESTOCK,HOGS,BARROWS & GILTS,ALL PRODUCTION PRACTICES,ALL UTILIZATION PRACTICES,PRICE RECEIVED,$ / CWT,"HOGS, BARROWS & GILTS - PRICE RECEIVED, MEASURED IN $ / CWT",TOTAL,NOT SPECIFIED,NATIONAL,,99,US,US TOTAL,,,,,,,,0,,,9000,UNITED STATES,US TOTAL,2018,MONTHLY,4,4,APR,,2020-02-28 15:02:03.000,45.5,
SURVEY,ANIMALS & PRODUCTS,LIVESTOCK,HOGS,BARROWS & GILTS,ALL PRODUCTION PRACTICES,ALL UTILIZATION PRACTICES,PRICE RECEIVED,$ / CWT,"HOGS, BARROWS & GILTS - PRICE RECEIVED, MEASURED IN $ / CWT",TOTAL,NOT SPECIFIED,NATIONAL,,99,US,US TOTAL,,,,,,,,0,,,9000,UNITED STATES,US TOTAL,2018,MONTHLY,5,5,MAY,,2020-02-28 15:02:03.000,51.8,
SURVEY,ANIMALS & PRODUCTS,LIVESTOCK,HOGS,BARROWS & GILTS,ALL PRODUCTION PRACTICES,ALL UTILIZATION PRACTICES,PRICE RECEIVED,$ / CWT,"HOGS, BARROWS & GILTS - PRICE RECEIVED, MEASURED IN $ / CWT",TOTAL,NOT SPECIFIED,NATIONAL,,99,US,US TOTAL,,,,,,,,0,,,9000,UNITED STATES,US TOTAL,2018,MONTHLY,6,6,JUN,,2020-02-28 15:02:03.000,59.8,
SURVEY,ANIMALS & PRODUCTS,LIVESTOCK,HOGS,BARROWS & GILTS,ALL PRODUCTION PRACTICES,ALL UTILIZATION PRACTICES,PRICE RECEIVED,$ / CWT,"HOGS, BARROWS & GILTS - PRICE RECEIVED, MEASURED IN $ / CWT",TOTAL,NOT SPECIFIED,NATIONAL,,99,US,US TOTAL,,,,,,,,0,,,9000,UNITED STATES,US TOTAL,2018,MONTHLY,7,7,JUL,,2020-02-28 15:02:03.000,59.2,
SURVEY,ANIMALS & PRODUCTS,LIVESTOCK,HOGS,BARROWS & GILTS,ALL PRODUCTION PRACTICES,ALL UTILIZATION PRACTICES,PRICE RECEIVED,$ / CWT,"HOGS, BARROWS & GILTS - PRICE RECEIVED, MEASURED IN $ / CWT",TOTAL,NOT SPECIFIED,NATIONAL,,99,US,US TOTAL,,,,,,,,0,,,9000,UNITED STATES,US TOTAL,2018,MONTHLY,8,8,AUG,,2020-02-28 15:02:03.000,44.7,
SURVEY,ANIMALS & PRODUCTS,LIVESTOCK,HOGS,BARROWS & GILTS,ALL PRODUCTION PRACTICES,ALL UTILIZATION PRACTICES,PRICE RECEIVED,$ / CWT,"HOGS, BARROWS & GILTS - PRICE RECEIVED, MEASURED IN $ / CWT",TOTAL,NOT SPECIFIED,NATIONAL,,99,US,US TOTAL,,,,,,,,0,,,9000,UNITED STATES,US TOTAL,2018,MONTHLY,9,9,SEP,,2020-02-28 15:02:03.000,43.7,
SURVEY,ANIMALS & PRODUCTS,LIVESTOCK,HOGS,BARROWS & GILTS,ALL PRODUCTION PRACTICES,ALL UTILIZATION PRACTICES,PRICE RECEIVED,$ / CWT,"HOGS, BARROWS & GILTS - PRICE RECEIVED, MEASURED IN $ / CWT",TOTAL,NOT SPECIFIED,NATIONAL,,99,US,US TOTAL,,,,,,,,0,,,9000,UNITED STATES,US TOTAL,2018,MONTHLY,10,10,OCT,,2020-02-28 15:02:03.000,50.8,
SURVEY,ANIMALS & PRODUCTS,LIVESTOCK,HOGS,BARROWS & GILTS,ALL PRODUCTION PRACTICES,ALL UTILIZATION PRACTICES,PRICE RECEIVED,$ / CWT,"HOGS, BARROWS & GILTS - PRICE RECEIVED, MEASURED IN $ / CWT",TOTAL,NOT SPECIFIED,NATIONAL,,99,US,US TOTAL,,,,,,,,0,,,9000,UNITED STATES,US TOTAL,2018,MONTHLY,11,11,NOV,,2020-02-28 15:02:03.000,46.3,
SURVEY,ANIMALS & PRODUCTS,LIVESTOCK,HOGS,BARROWS & GILTS,ALL PRODUCTION PRACTICES,ALL UTILIZATION PRACTICES,PRICE RECEIVED,$ / CWT,"HOGS, BARROWS & GILTS - PRICE RECEIVED, MEASURED IN $ / CWT",TOTAL,NOT SPECIFIED,NATIONAL,,99,US,US TOTAL,,,,,,,,0,,,9000,UNITED STATES,US TOTAL,2018,MONTHLY,12,12,DEC,,2021-02-26 15:10:12.000,43.6,
SURVEY,ANIMALS & PRODUCTS,LIVESTOCK,HOGS,BARROWS & GILTS,ALL PRODUCTION PRACTICES,ALL UTILIZATION PRACTICES,PRICE RECEIVED,$ / CWT,"HOGS, BARROWS & GILTS - PRICE RECEIVED, MEASURED IN $ / CWT",TOTAL,NOT SPECIFIED,NATIONAL,,99,US,US TOTAL,,,,,,,,0,,,9000,UNITED STATES,US TOTAL,2017,ANNUAL,0,0,MARKETING YEAR,,2019-02-28 15:06:11.000,53.5,
SURVEY,ANIMALS & PRODUCTS,LIVESTOCK,HOGS,BARROWS & GILTS,ALL PRODUCTION PRACTICES,ALL UTILIZATION PRACTICES,PRICE RECEIVED,$ / CWT,"HOGS, BARROWS & GILTS - PRICE RECEIVED, MEASURED IN $ / CWT",TOTAL,NOT SPECIFIED,NATIONAL,,99,US,US TOTAL,,,,,,,,0,,,9000,UNITED STATES,US TOTAL,2017,MONTHLY,1,1,JAN,,2019-02-28 15:06:11.000,48.7,
SURVEY,ANIMALS & PRODUCTS,LIVESTOCK,HOGS,BARROWS & GILTS,ALL PRODUCTION PRACTICES,ALL UTILIZATION PRACTICES,PRICE RECEIVED,$ / CWT,"HOGS, BARROWS & GILTS - PRICE RECEIVED, MEASURED IN $ / CWT",TOTAL,NOT SPECIFIED,NATIONAL,,99,US,US TOTAL,,,,,,,,0,,,9000,UNITED STATES,US TOTAL,2017,MONTHLY,2,2,FEB,,2019-02-28 15:06:11.000,55.3,
SURVEY,ANIMALS & PRODUCTS,LIVESTOCK,HOGS,BARROWS & GILTS,ALL PRODUCTION PRACTICES,ALL UTILIZATION PRACTICES,PRICE RECEIVED,$ / CWT,"HOGS, BARROWS & GILTS - PRICE RECEIVED, MEASURED IN $ / CWT",TOTAL,NOT SPECIFIED,NATIONAL,,99,US,US TOTAL,,,,,,,,0,,,9000,UNITED STATES,US TOTAL,2017,MONTHLY,3,3,MAR,,2019-02-28 15:06:11.000,53.7,
SURVEY,ANIMALS & PRODUCTS,LIVESTOCK,HOGS,BARROWS & GILTS,ALL PRODUCTION PRACTICES,ALL UTILIZATION PRACTICES,PRICE RECEIVED,$ / CWT,"HOGS, BARROWS & GILTS - PRICE RECEIVED, MEASURED IN $ / CWT",TOTAL,NOT SPECIFIED,NATIONAL,,99,US,US TOTAL,,,,,,,,0,,,9000,UNITED STATES,US TOTAL,2017,MONTHLY,4,4,APR,,2019-02-28 15:06:11.000,48.7,
SURVEY,ANIMALS & PRODUCTS,LIVESTOCK,HOGS,BARROWS & GILTS,ALL PRODUCTION PRACTICES,ALL UTILIZATION PRACTICES,PRICE RECEIVED,$ / CWT,"HOGS, BARROWS & GILTS - PRICE RECEIVED, MEASURED IN $ / CWT",TOTAL,NOT SPECIFIED,NATIONAL,,99,US,US TOTAL,,,,,,,,0,,,9000,UNITED STATES,US TOTAL,2017,MONTHLY,5,5,MAY,,2019-02-28 15:06:11.000,53.8,
SURVEY,ANIMALS & PRODUCTS,LIVESTOCK,HOGS,BARROWS & GILTS,ALL PRODUCTION PRACTICES,ALL UTILIZATION PRACTICES,PRICE RECEIVED,$ / CWT,"HOGS, BARROWS & GILTS - PRICE RECEIVED, MEASURED IN $ / CWT",TOTAL,NOT SPECIFIED,NATIONAL,,99,US,US TOTAL,,,,,,,,0,,,9000,UNITED STATES,US TOTAL,2017,MONTHLY,6,6,JUN,,2019-02-28 15:06:11.000,62.7,
SURVEY,ANIMALS & PRODUCTS,LIVESTOCK,HOGS,BARROWS & GILTS,ALL PRODUCTION PRACTICES,ALL UTILIZATION PRACTICES,PRICE RECEIVED,$ / CWT,"HOGS, BARROWS & GILTS - PRICE RECEIVED, MEASURED IN $ / CWT",TOTAL,NOT SPECIFIED,NATIONAL,,99,US,US TOTAL,,,,,,,,0,,,9000,UNITED STATES,US TOTAL,2017,MONTHLY,7,7,JUL,,2019-02-28 15:06:11.000,67.4,
SURVEY,ANIMALS & PRODUCTS,LIVESTOCK,HOGS,BARROWS & GILTS,ALL PRODUCTION PRACTICES,ALL UTILIZATION PRACTICES,PRICE RECEIVED,$ / CWT,"HOGS, BARROWS & GILTS - PRICE RECEIVED, MEASURED IN $ / CWT",TOTAL,NOT SPECIFIED,NATIONAL,,99,US,US TOTAL,,,,,,,,0,,,9000,UNITED STATES,US TOTAL,2017,MONTHLY,8,8,AUG,,2019-02-28 15:06:11.000,61.2,
SURVEY,ANIMALS & PRODUCTS,LIVESTOCK,HOGS,BARROWS & GILTS,ALL PRODUCTION PRACTICES,ALL UTILIZATION PRACTICES,PRICE RECEIVED,$ / CWT,"HOGS, BARROWS & GILTS - PRICE RECEIVED, MEASURED IN $ / CWT",TOTAL,NOT SPECIFIED,NATIONAL,,99,US,US TOTAL,,,,,,,,0,,,9000,UNITED STATES,US TOTAL,2017,MONTHLY,9,9,SEP,,2019-02-28 15:06:11.000,49.0,
SURVEY,ANIMALS & PRODUCTS,LIVESTOCK,HOGS,BARROWS & GILTS,ALL PRODUCTION PRACTICES,ALL UTILIZATION PRACTICES,PRICE RECEIVED,$ / CWT,"HOGS, BARROWS & GILTS - PRICE RECEIVED, MEASURED IN $ / CWT",TOTAL,NOT SPECIFIED,NATIONAL,,99,US,US TOTAL,,,,,,,,0,,,9000,UNITED STATES,US TOTAL,2017,MONTHLY,10,10,OCT,,2019-02-28 15:06:11.000,47.6,
SURVEY,ANIMALS & PRODUCTS,LIVESTOCK,HOGS,BARROWS & GILTS,ALL PRODUCTION PRACTICES,ALL UTILIZATION PRACTICES,PRICE RECEIVED,$ / CWT,"HOGS, BARROWS & GILTS - PRICE RECEIVED, MEASURED IN $ / CWT",TOTAL,NOT SPECIFIED,NATIONAL,,99,US,US TOTAL,,,,,,,,0,,,9000,UNITED STATES,US TOTAL,2017,MONTHLY,11,11,NOV,,2019-02-28 15:06:11.000,50.2,
SURVEY,ANIMALS & PRODUCTS,LIVESTOCK,HOGS,BARROWS & GILTS,ALL PRODUCTION PRACTICES,ALL UTILIZATION PRACTICES,PRICE RECEIVED,$ / CWT,"HOGS, BARROWS & GILTS - PRICE RECEIVED, MEASURED IN $ / CWT",TOTAL,NOT SPECIFIED,NATIONAL,,99,US,US TOTAL,,,,,,,,0,,,9000,UNITED STATES,US TOTAL,2017,MONTHLY,12,12,DEC,,2020-02-28 15:02:03.000,48.8,
SURVEY,ANIMALS & PRODUCTS,LIVESTOCK,HOGS,BARROWS & GILTS,ALL PRODUCTION PRACTICES,ALL UTILIZATION PRACTICES,PRICE RECEIVED,$ / CWT,"HOGS, BARROWS & GILTS - PRICE RECEIVED, MEASURED IN $ / CWT",TOTAL,NOT SPECIFIED,NATIONAL,,99,US,US TOTAL,,,,,,,,0,,,9000,UNITED STATES,US TOTAL,2016,ANNUAL,0,0,MARKETING YEAR,,2018-02-27 15:15:05.000,49.6,
SURVEY,ANIMALS & PRODUCTS,LIVESTOCK,HOGS,BARROWS & GILTS,ALL PRODUCTION PRACTICES,ALL UTILIZATION PRACTICES,PRICE RECEIVED,$ / CWT,"HOGS, BARROWS & GILTS - PRICE RECEIVED, MEASURED IN $ / CWT",TOTAL,NOT SPECIFIED,NATIONAL,,99,US,US TOTAL,,,,,,,,0,,,9000,UNITED STATES,US TOTAL,2016,MONTHLY,1,1,JAN,,2018-02-27 15:15:05.000,44.0,
SURVEY,ANIMALS & PRODUCTS,LIVESTOCK,HOGS,BARROWS & GILTS,ALL PRODUCTION PRACTICES,ALL UTILIZATION PRACTICES,PRICE RECEIVED,$ / CWT,"HOGS, BARROWS & GILTS - PRICE RECEIVED, MEASURED IN $ / CWT",TOTAL,NOT SPECIFIED,NATIONAL,,99,US,US TOTAL,,,,,,,,0,,,9000,UNITED STATES,US TOTAL,2016,MONTHLY,2,2,FEB,,2018-02-27 15:15:05.000,49.8,
SURVEY,ANIMALS & PRODUCTS,LIVESTOCK,HOGS,BARROWS & GILTS,ALL PRODUCTION PRACTICES,ALL UTILIZATION PRACTICES,PRICE RECEIVED,$ / CWT,"HOGS, BARROWS & GILTS - PRICE RECEIVED, MEASURED IN $ / CWT",TOTAL,NOT SPECIFIED,NATIONAL,,99,US,US TOTAL,,,,,,,,0,,,9000,UNITED STATES,US TOTAL,2016,MONTHLY,3,3,MAR,,2018-02-27 15:15:05.000,50.5,
SURVEY,ANIMALS & PRODUCTS,LIVESTOCK,HOGS,BARROWS & GILTS,ALL PRODUCTION PRACTICES,ALL UTILIZATION PRACTICES,PRICE RECEIVED,$ / CWT,"HOGS, BARROWS & GILTS - PRICE RECEIVED, MEASURED IN $ / CWT",TOTAL,NOT SPECIFIED,NATIONAL,,99,US,US TOTAL,,,,,,,,0,,,9000,UNITED STATES,US TOTAL,2016,MONTHLY,4,4,APR,,2018-02-27 15:15:05.000,51.4,
SURVEY,ANIMALS & PRODUCTS,LIVESTOCK,HOGS,BARROWS & GILTS,ALL PRODUCTION PRACTICES,ALL UTILIZATION PRACTICES,PRICE RECEIVED,$ / CWT,"HOGS, BARROWS & GILTS - PRICE RECEIVED, MEASURED IN $ / CWT",TOTAL,NOT SPECIFIED,NATIONAL,,99,US,US TOTAL,,,,,,,,0,,,9000,UNITED STATES,US TOTAL,2016,MONTHLY,5,5,MAY,,2018-02-27 15:15:05.000,57.5,
SURVEY,ANIMALS & PRODUCTS,LIVESTOCK,HOGS,BARROWS & GILTS,ALL PRODUCTION PRACTICES,ALL UTILIZATION PRACTICES,PRICE RECEIVED,$ / CWT,"HOGS, BARROWS & GILTS - PRICE RECEIVED, MEASURED IN $ / CWT",TOTAL,NOT SPECIFIED,NATIONAL,,99,US,US TOTAL,,,,,,,,0,,,9000,UNITED STATES,US TOTAL,2016,MONTHLY,6,6,JUN,,2018-02-27 15:15:05.000,61.0,
SURVEY,ANIMALS & PRODUCTS,LIVESTOCK,HOGS,BARROWS & GILTS,ALL PRODUCTION PRACTICES,ALL UTILIZATION PRACTICES,PRICE RECEIVED,$ / CWT,"HOGS, BARROWS & GILTS - PRICE RECEIVED, MEASURED IN $ / CWT",TOTAL,NOT SPECIFIED,NATIONAL,,99,US,US TOTAL,,,,,,,,0,,,9000,UNITED STATES,US TOTAL,2016,MONTHLY,7,7,JUL,,2018-02-27 15:15:05.000,60.1,
SURVEY,ANIMALS & PRODUCTS,LIVESTOCK,HOGS,BARROWS & GILTS,ALL PRODUCTION PRACTICES,ALL UTILIZATION PRACTICES,PRICE RECEIVED,$ / CWT,"HOGS, BARROWS & GILTS - PRICE RECEIVED, MEASURED IN $ / CWT",TOTAL,NOT SPECIFIED,NATIONAL,,99,US,US TOTAL,,,,,,,,0,,,9000,UNITED STATES,US TOTAL,2016,MONTHLY,8,8,AUG,,2018-02-27 15:15:05.000,52.6,
SURVEY,ANIMALS & PRODUCTS,LIVESTOCK,HOGS,BARROWS & GILTS,ALL PRODUCTION PRACTICES,ALL UTILIZATION PRACTICES,PRICE RECEIVED,$ / CWT,"HOGS, BARROWS & GILTS - PRICE RECEIVED, MEASURED IN $ / CWT",TOTAL,NOT SPECIFIED,NATIONAL,,99,US,US TOTAL,,,,,,,,0,,,9000,UNITED STATES,US TOTAL,2016,MONTHLY,9,9,SEP,,2018-02-27 15:15:05.000,47.9,
SURVEY,ANIMALS & PRODUCTS,LIVESTOCK,HOGS,BARROWS & GILTS,ALL PRODUCTION PRACTICES,ALL UTILIZATION PRACTICES,PRICE RECEIVED,$ / CWT,"HOGS, BARROWS & GILTS - PRICE RECEIVED, MEASURED IN $ / CWT",TOTAL,NOT SPECIFIED,NATIONAL,,99,US,US TOTAL,,,,,,,,0,,,9000,UNITED STATES,US TOTAL,2016,MONTHLY,10,10,OCT,,2018-02-27 15:15:05.000,42.0,
SURVEY,ANIMALS & PRODUCTS,LIVESTOCK,HOGS,BARROWS & GILTS,ALL PRODUCTION PRACTICES,ALL UTILIZATION PRACTICES,PRICE RECEIVED,$ / CWT,"HOGS, BARROWS & GILTS - PRICE RECEIVED, MEASURED IN $ / CWT",TOTAL,NOT SPECIFIED,NATIONAL,,99,US,US TOTAL,,,,,,,,0,,,9000,UNITED STATES,US TOTAL,2016,MONTHLY,11,11,NOV,,2018-02-27 15:15:05.000,39.3,
SURVEY,ANIMALS & PRODUCTS,LIVESTOCK,HOGS,BARROWS & GILTS,ALL PRODUCTION PRACTICES,ALL UTILIZATION PRACTICES,PRICE RECEIVED,$ / CWT,"HOGS, BARROWS & GILTS - PRICE RECEIVED, MEASURED IN $ / CWT",TOTAL,NOT SPECIFIED,NATIONAL,,99,US,US TOTAL,,,,,,,,0,,,9000,UNITED STATES,US TOTAL,2016,MONTHLY,12,12,DEC,,2019-02-28 15:06:11.000,43.6,
SURVEY,ANIMALS & PRODUCTS,LIVESTOCK,HOGS,BARROWS & GILTS,ALL PRODUCTION PRACTICES,ALL UTILIZATION PRACTICES,PRICE RECEIVED,$ / CWT,"HOGS, BARROWS & GILTS - PRICE RECEIVED, MEASURED IN $ / CWT",TOTAL,NOT SPECIFIED,NATIONAL,,99,US,US TOTAL,,,,,,,,0,,,9000,UNITED STATES,US TOTAL,2015,ANNUAL,0,0,MARKETING YEAR,,2017-02-28 15:05:23.000,55.7,
SURVEY,ANIMALS & PRODUCTS,LIVESTOCK,HOGS,BARROWS & GILTS,ALL PRODUCTION PRACTICES,ALL UTILIZATION PRACTICES,PRICE RECEIVED,$ / CWT,"HOGS, BARROWS & GILTS - PRICE RECEIVED, MEASURED IN $ / CWT",TOTAL,NOT SPECIFIED,NATIONAL,,99,US,US TOTAL,,,,,,,,0,,,9000,UNITED STATES,US TOTAL,2015,MONTHLY,1,1,JAN,,2017-02-28 15:05:23.000,57.7,
SURVEY,ANIMALS & PRODUCTS,LIVESTOCK,HOGS,BARROWS & GILTS,ALL PRODUCTION PRACTICES,ALL UTILIZATION PRACTICES,PRICE RECEIVED,$ / CWT,"HOGS, BARROWS & GILTS - PRICE RECEIVED, MEASURED IN $ / CWT",TOTAL,NOT SPECIFIED,NATIONAL,,99,US,US TOTAL,,,,,,,,0,,,9000,UNITED STATES,US TOTAL,2015,MONTHLY,2,2,FEB,,2017-02-28 15:05:23.000,50.8,
SURVEY,ANIMALS & PRODUCTS,LIVESTOCK,HOGS,BARROWS & GILTS,ALL PRODUCTION PRACTICES,ALL UTILIZATION PRACTICES,PRICE RECEIVED,$ / CWT,"HOGS, BARROWS & GILTS - PRICE RECEIVED, MEASURED IN $ / CWT",TOTAL,NOT SPECIFIED,NATIONAL,,99,US,US TOTAL,,,,,,,,0,,,9000,UNITED STATES,US TOTAL,2015,MONTHLY,3,3,MAR,,2017-02-28 15:05:23.000,50.7,
SURVEY,ANIMALS & PRODUCTS,LIVESTOCK,HOGS,BARROWS & GILTS,ALL PRODUCTION PRACTICES,ALL UTILIZATION PRACTICES,PRICE RECEIVED,$ / CWT,"HOGS, BARROWS & GILTS - PRICE RECEIVED, MEASURED IN $ / CWT",TOTAL,NOT SPECIFIED,NATIONAL,,99,US,US TOTAL,,,,,,,,0,,,9000,UNITED STATES,US TOTAL,2015,MONTHLY,4,4,APR,,2017-02-28 15:05:23.000,49.4,
SURVEY,ANIMALS & PRODUCTS,LIVESTOCK,HOGS,BARROWS & GILTS,ALL PRODUCTION PRACTICES,ALL UTILIZATION PRACTICES,PRICE RECEIVED,$ / CWT,"HOGS, BARROWS & GILTS - PRICE RECEIVED, MEASURED IN $ / CWT",TOTAL,NOT SPECIFIED,NATIONAL,,99,US,US TOTAL,,,,,,,,0,,,9000,UNITED STATES,US TOTAL,2015,MONTHLY,5,5,MAY,,2017-02-28 15:05:23.000,60.0,
SURVEY,ANIMALS & PRODUCTS,LIVESTOCK,HOGS,BARROWS & GILTS,ALL PRODUCTION PRACTICES,ALL UTILIZATION PRACTICES,PRICE RECEIVED,$ / CWT,"HOGS, BARROWS & GILTS - PRICE RECEIVED, MEASURED IN $ / CWT",TOTAL,NOT SPECIFIED,NATIONAL,,99,US,US TOTAL,,,,,,,,0,,,9000,UNITED STATES,US TOTAL,2015,MONTHLY,6,6,JUN,,2017-02-28 15:05:23.000,60.8,
SURVEY,ANIMALS & PRODUCTS,LIVESTOCK,HOGS,BARROWS & GILTS,ALL PRODUCTION PRACTICES,ALL UTILIZATION PRACTICES,PRICE RECEIVED,$ / CWT,"HOGS, BARROWS & GILTS - PRICE RECEIVED, MEASURED IN $ / CWT",TOTAL,NOT SPECIFIED,NATIONAL,,99,US,US TOTAL,,,,,,,,0,,,9000,UNITED STATES,US TOTAL,2015,MONTHLY,7,7,JUL,,2017-02-28 15:05:23.000,59.5,
SURVEY,ANIMALS & PRODUCTS,LIVESTOCK,HOGS,BARROWS & GILTS,ALL PRODUCTION PRACTICES,ALL UTILIZATION PRACTICES,PRICE RECEIVED,$ / CWT,"HOGS, BARROWS & GILTS - PRICE RECEIVED, MEASURED IN $ / CWT",TOTAL,NOT SPECIFIED,NATIONAL,,99,US,US TOTAL,,,,,,,,0,,,9000,UNITED STATES,US TOTAL,2015,MONTHLY,8,8,AUG,,2017-02-28 15:05:23.000,59.3,
SURVEY,ANIMALS & PRODUCTS,LIVESTOCK,HOGS,BARROWS & GILTS,ALL PRODUCTION PRACTICES,ALL UTILIZATION PRACTICES,PRICE RECEIVED,$ / CWT,"HOGS, BARROWS & GILTS - PRICE RECEIVED, MEASURED IN $ / CWT",TOTAL,NOT SPECIFIED,NATIONAL,,99,US,US TOTAL,,,,,,,,0,,,9000,UNITED STATES,US TOTAL,2015,MONTHLY,9,9,SEP,,2017-02-28 15:05:23.000,54.9,
SURVEY,ANIMALS & PRODUCTS,LIVESTOCK,HOGS,BARROWS & GILTS,ALL PRODUCTION PRACTICES,ALL UTILIZATION PRACTICES,PRICE RECEIVED,$ / CWT,"HOGS, BARROWS & GILTS - PRICE RECEIVED, MEASURED IN $ / CWT",TOTAL,NOT SPECIFIED,NATIONAL,,99,US,US TOTAL,,,,,,,,0,,,9000,UNITED STATES,US TOTAL,2015,MONTHLY,10,10,OCT,,2017-02-28 15:05:23.000,55.4,
SURVEY,ANIMALS & PRODUCTS,LIVESTOCK,HOGS,BARROWS & GILTS,ALL PRODUCTION PRACTICES,ALL UTILIZATION PRACTICES,PRICE RECEIVED,$ / CWT,"HOGS, BARROWS & GILTS - PRICE RECEIVED, MEASURED IN $ / CWT",TOTAL,NOT SPECIFIED,NATIONAL,,99,US,US TOTAL,,,,,,,,0,,,9000,UNITED STATES,US TOTAL,2015,MONTHLY,11,11,NOV,,2017-02-28 15:05:23.000,45.8,
SURVEY,ANIMALS & PRODUCTS,LIVESTOCK,HOGS,BARROWS & GILTS,ALL PRODUCTION PRACTICES,ALL UTILIZATION PRACTICES,PRICE RECEIVED,$ / CWT,"HOGS, BARROWS & GILTS - PRICE RECEIVED, MEASURED IN $ / CWT",TOTAL,NOT SPECIFIED,NATIONAL,,99,US,US TOTAL,,,,,,,,0,,,9000,UNITED STATES,US TOTAL,2015,MONTHLY,12,12,DEC,,2018-02-27 15:15:05.000,43.3,
SURVEY,ANIMALS & PRODUCTS,LIVESTOCK,HOGS,BARROWS & GILTS,ALL PRODUCTION PRACTICES,ALL UTILIZATION PRACTICES,PRICE RECEIVED,$ / CWT,"HOGS, BARROWS & GILTS - PRICE RECEIVED, MEASURED IN $ / CWT",TOTAL,NOT SPECIFIED,NATIONAL,,99,US,US TOTAL,,,,,,,,0,,,9000,UNITED STATES,US TOTAL,2014,ANNUAL,0,0,MARKETING YEAR,,2016-02-29 15:03:32.000,76.5,
SURVEY,ANIMALS & PRODUCTS,LIVESTOCK,HOGS,BARROWS & GILTS,ALL PRODUCTION PRACTICES,ALL UTILIZATION PRACTICES,PRICE RECEIVED,$ / CWT,"HOGS, BARROWS & GILTS - PRICE RECEIVED, MEASURED IN $ / CWT",TOTAL,NOT SPECIFIED,NATIONAL,,99,US,US TOTAL,,,,,,,,0,,,9000,UNITED STATES,US TOTAL,2014,MONTHLY,1,1,JAN,,2016-02-29 15:03:32.000,61.1,
SURVEY,ANIMALS & PRODUCTS,LIVESTOCK,HOGS,BARROWS & GILTS,ALL PRODUCTION PRACTICES,ALL UTILIZATION PRACTICES,PRICE RECEIVED,$ / CWT,"HOGS, BARROWS & GILTS - PRICE RECEIVED, MEASURED IN $ / CWT",TOTAL,NOT SPECIFIED,NATIONAL,,99,US,US TOTAL,,,,,,,,0,,,9000,UNITED STATES,US TOTAL,2014,MONTHLY,2,2,FEB,,2016-02-29 15:03:32.000,65.6,
SURVEY,ANIMALS & PRODUCTS,LIVESTOCK,HOGS,BARROWS & GILTS,ALL PRODUCTION PRACTICES,ALL UTILIZATION PRACTICES,PRICE RECEIVED,$ / CWT,"HOGS, BARROWS & GILTS - PRICE RECEIVED, MEASURED IN $ / CWT",TOTAL,NOT SPECIFIED,NATIONAL,,99,US,US TOTAL,,,,,,,,0,,,9000,UNITED STATES,US TOTAL,2014,MONTHLY,3,3,MAR,,2016-02-29 15:03:32.000,82.0,
SURVEY,ANIMALS & PRODUCTS,LIVESTOCK,HOGS,BARROWS & GILTS,ALL PRODUCTION PRACTICES,ALL UTILIZATION PRACTICES,PRICE RECEIVED,$ / CWT,"HOGS, BARROWS & GILTS - PRICE RECEIVED, MEASURED IN $ / CWT",TOTAL,NOT SPECIFIED,NATIONAL,,99,US,US TOTAL,,,,,,,,0,,,9000,UNITED STATES,US TOTAL,2014,MONTHLY,4,4,APR,,2016-02-29 15:03:32.000,88.4,
SURVEY,ANIMALS & PRODUCTS,LIVESTOCK,HOGS,BARROWS & GILTS,ALL PRODUCTION PRACTICES,ALL UTILIZATION PRACTICES,PRICE RECEIVED,$ / CWT,"HOGS, BARROWS & GILTS - PRICE RECEIVED, MEASURED IN $ / CWT",TOTAL,NOT SPECIFIED,NATIONAL,,99,US,US TOTAL,,,,,,,,0,,,9000,UNITED STATES,US TOTAL,2014,MONTHLY,5,5,MAY,,2016-02-29 15:03:32.000,82.6,
SURVEY,ANIMALS & PRODUCTS,LIVESTOCK,HOGS,BARROWS & GILTS,ALL PRODUCTION PRACTICES,ALL UTILIZATION PRACTICES,PRICE RECEIVED,$ / CWT,"HOGS, BARROWS & GILTS - PRICE RECEIVED, MEASURED IN $ / CWT",TOTAL,NOT SPECIFIED,NATIONAL,,99,US,US TOTAL,,,,,,,,0,,,9000,UNITED STATES,US TOTAL,2014,MONTHLY,6,6,JUN,,2016-02-29 15:03:32.000,85.0,
SURVEY,ANIMALS & PRODUCTS,LIVESTOCK,HOGS,BARROWS & GILTS,ALL PRODUCTION PRACTICES,ALL UTILIZATION PRACTICES,PRICE RECEIVED,$ / CWT,"HOGS, BARROWS & GILTS - PRICE RECEIVED, MEASURED IN $ / CWT",TOTAL,NOT SPECIFIED,NATIONAL,,99,US,US TOTAL,,,,,,,,0,,,9000,UNITED STATES,US TOTAL,2014,MONTHLY,7,7,JUL,,2016-02-29 15:03:32.000,93.6,
SURVEY,ANIMALS & PRODUCTS,LIVESTOCK,HOGS,BARROWS & GILTS,ALL PRODUCTION PRACTICES,ALL UTILIZATION PRACTICES,PRICE RECEIVED,$ / CWT,"HOGS, BARROWS & GILTS - PRICE RECEIVED, MEASURED IN $ / CWT",TOTAL,NOT SPECIFIED,NATIONAL,,99,US,US TOTAL,,,,,,,,0,,,9000,UNITED STATES,US TOTAL,2014,MONTHLY,8,8,AUG,,2016-02-29 15:03:32.000,82.9,
SURVEY,ANIMALS & PRODUCTS,LIVESTOCK,HOGS,BARROWS & GILTS,ALL PRODUCTION PRACTICES,ALL UTILIZATION PRACTICES,PRICE RECEIVED,$ / CWT,"HOGS, BARROWS & GILTS - PRICE RECEIVED, MEASURED IN $ / CWT",TOTAL,NOT SPECIFIED,NATIONAL,,99,US,US TOTAL,,,,,,,,0,,,9000,UNITED STATES,US TOTAL,2014,MONTHLY,9,9,SEP,,2016-02-29 15:03:32.000,76.0,
SURVEY,ANIMALS & PRODUCTS,LIVESTOCK,HOGS,BARROWS & GILTS,ALL PRODUCTION PRACTICES,ALL UTILIZATION PRACTICES,PRICE RECEIVED,$ / CWT,"HOGS, BARROWS & GILTS - PRICE RECEIVED, MEASURED IN $ / CWT",TOTAL,NOT SPECIFIED,NATIONAL,,99,US,US TOTAL,,,,,,,,0,,,9000,UNITED STATES,US TOTAL,2014,MONTHLY,10,10,OCT,,2016-02-29 15:03:32.000,77.4,
SURVEY,ANIMALS & PRODUCTS,LIVESTOCK,HOGS,BARROWS & GILTS,ALL PRODUCTION PRACTICES,ALL UTILIZATION PRACTICES,PRICE RECEIVED,$ / CWT,"HOGS, BARROWS & GILTS - PRICE RECEIVED, MEASURED IN $ / CWT",TOTAL,NOT SPECIFIED,NATIONAL,,99,US,US TOTAL,,,,,,,,0,,,9000,UNITED STATES,US TOTAL,2014,MONTHLY,11,11,NOV,,2016-02-29 15:03:32.000,66.4,
SURVEY,ANIMALS & PRODUCTS,LIVESTOCK,HOGS,BARROWS & GILTS,ALL PRODUCTION PRACTICES,ALL UTILIZATION PRACTICES,PRICE RECEIVED,$ / CWT,"HOGS, BARROWS & GILTS - PRICE RECEIVED, MEASURED IN $ / CWT",TOTAL,NOT SPECIFIED,NATIONAL,,99,US,US TOTAL,,,,,,,,0,,,9000,UNITED STATES,US TOTAL,2014,MONTHLY,12,12,DEC,,2017-02-28 15:05:23.000,64.2,
SURVEY,ANIMALS & PRODUCTS,LIVESTOCK,HOGS,BARROWS & GILTS,ALL PRODUCTION PRACTICES,ALL UTILIZATION PRACTICES,PRICE RECEIVED,$ / CWT,"HOGS, BARROWS & GILTS - PRICE RECEIVED, MEASURED IN $ / CWT",TOTAL,NOT SPECIFIED,NATIONAL,,99,US,US TOTAL,,,,,,,,0,,,9000,UNITED STATES,US TOTAL,2013,ANNUAL,0,0,MARKETING YEAR,,2015-02-27 15:10:53.000,67.3,
SURVEY,ANIMALS & PRODUCTS,LIVESTOCK,HOGS,BARROWS & GILTS,ALL PRODUCTION PRACTICES,ALL UTILIZATION PRACTICES,PRICE RECEIVED,$ / CWT,"HOGS, BARROWS & GILTS - PRICE RECEIVED, MEASURED IN $ / CWT",TOTAL,NOT SPECIFIED,NATIONAL,,99,US,US TOTAL,,,,,,,,0,,,9000,UNITED STATES,US TOTAL,2013,MONTHLY,1,1,JAN,,2015-02-27 15:10:53.000,64.4,
SURVEY,ANIMALS & PRODUCTS,LIVESTOCK,HOGS,BARROWS & GILTS,ALL PRODUCTION PRACTICES,ALL UTILIZATION PRACTICES,PRICE RECEIVED,$ / CWT,"HOGS, BARROWS & GILTS - PRICE RECEIVED, MEASURED IN $ / CWT",TOTAL,NOT SPECIFIED,NATIONAL,,99,US,US TOTAL,,,,,,,,0,,,9000,UNITED STATES,US TOTAL,2013,MONTHLY,2,2,FEB,,2015-02-27 15:10:53.000,65.1,
SURVEY,ANIMALS & PRODUCTS,LIVESTOCK,HOGS,BARROWS & GILTS,ALL PRODUCTION PRACTICES,ALL UTILIZATION PRACTICES,PRICE RECEIVED,$ / CWT,"HOGS, BARROWS & GILTS - PRICE RECEIVED, MEASURED IN $ / CWT",TOTAL,NOT SPECIFIED,NATIONAL,,99,US,US TOTAL,,,,,,,,0,,,9000,UNITED STATES,US TOTAL,2013,MONTHLY,3,3,MAR,,2015-02-27 15:10:53.000,59.1,
SURVEY,ANIMALS & PRODUCTS,LIVESTOCK,HOGS,BARROWS & GILTS,ALL PRODUCTION PRACTICES,ALL UTILIZATION PRACTICES,PRICE RECEIVED,$ / CWT,"HOGS, BARROWS & GILTS - PRICE RECEIVED, MEASURED IN $ / CWT",TOTAL,NOT SPECIFIED,NATIONAL,,99,US,US TOTAL,,,,,,,,0,,,9000,UNITED STATES,US TOTAL,2013,MONTHLY,4,4,APR,,2015-02-27 15:10:53.000,61.9,
SURVEY,ANIMALS & PRODUCTS,LIVESTOCK,HOGS,BARROWS & GILTS,ALL PRODUCTION PRACTICES,ALL UTILIZATION PRACTICES,PRICE RECEIVED,$ / CWT,"HOGS, BARROWS & GILTS - PRICE RECEIVED, MEASURED IN $ / CWT",TOTAL,NOT SPECIFIED,NATIONAL,,99,US,US TOTAL,,,,,,,,0,,,9000,UNITED STATES,US TOTAL,2013,MONTHLY,5,5,MAY,,2015-02-27 15:10:53.000,69.1,
SURVEY,ANIMALS & PRODUCTS,LIVESTOCK,HOGS,BARROWS & GILTS,ALL PRODUCTION PRACTICES,ALL UTILIZATION PRACTICES,PRICE RECEIVED,$ / CWT,"HOGS, BARROWS & GILTS - PRICE RECEIVED, MEASURED IN $ / CWT",TOTAL,NOT SPECIFIED,NATIONAL,,99,US,US TOTAL,,,,,,,,0,,,9000,UNITED STATES,US TOTAL,2013,MONTHLY,6,6,JUN,,2015-02-27 15:10:53.000,75.0,
SURVEY,ANIMALS & PRODUCTS,LIVESTOCK,HOGS,BARROWS & GILTS,ALL PRODUCTION PRACTICES,ALL UTILIZATION PRACTICES,PRICE RECEIVED,$ / CWT,"HOGS, BARROWS & GILTS - PRICE RECEIVED, MEASURED IN $ / CWT",TOTAL,NOT SPECIFIED,NATIONAL,,99,US,US TOTAL,,,,,,,,0,,,9000,UNITED STATES,US TOTAL,2013,MONTHLY,7,7,JUL,,2015-02-27 15:10:53.000,76.0,
SURVEY,ANIMALS & PRODUCTS,LIVESTOCK,HOGS,BARROWS & GILTS,ALL PRODUCTION PRACTICES,ALL UTILIZATION PRACTICES,PRICE RECEIVED,$ / CWT,"HOGS, BARROWS & GILTS - PRICE RECEIVED, MEASURED IN $ / CWT",TOTAL,NOT SPECIFIED,NATIONAL,,99,US,US TOTAL,,,,,,,,0,,,9000,UNITED STATES,US TOTAL,2013,MONTHLY,8,8,AUG,,2015-02-27 15:10:53.000,74.1,
SURVEY,ANIMALS & PRODUCTS,LIVESTOCK,HOGS,BARROWS & GILTS,ALL PRODUCTION PRACTICES,ALL UTILIZATION PRACTICES,PRICE RECEIVED,$ / CWT,"HOGS, BARROWS & GILTS - PRICE RECEIVED, MEASURED IN $ / CWT",TOTAL,NOT SPECIFIED,NATIONAL,,99,US,US TOTAL,,,,,,,,0,,,9000,UNITED STATES,US TOTAL,2013,MONTHLY,9,9,SEP,,2015-02-27 15:10:53.000,70.6,
SURVEY,ANIMALS & PRODUCTS,LIVESTOCK,HOGS,BARROWS & GILTS,ALL PRODUCTION PRACTICES,ALL UTILIZATION PRACTICES,PRICE RECEIVED,$ / CWT,"HOGS, BARROWS & GILTS - PRICE RECEIVED, MEASURED IN $ / CWT",TOTAL,NOT SPECIFIED,NATIONAL,,99,US,US TOTAL,,,,,,,,0,,,9000,UNITED STATES,US TOTAL,2013,MONTHLY,10,10,OCT,,2015-02-27 15:10:53.000,68.4,
SURVEY,ANIMALS & PRODUCTS,LIVESTOCK,HOGS,BARROWS & GILTS,ALL PRODUCTION PRACTICES,ALL UTILIZATION PRACTICES,PRICE RECEIVED,$ / CWT,"HOGS, BARROWS & GILTS - PRICE RECEIVED, MEASURED IN $ / CWT",TOTAL,NOT SPECIFIED,NATIONAL,,99,US,US TOTAL,,,,,,,,0,,,9000,UNITED STATES,US TOTAL,2013,MONTHLY,11,11,NOV,,2015-02-27 15:10:53.000,63.3,
SURVEY,ANIMALS & PRODUCTS,LIVESTOCK,HOGS,BARROWS & GILTS,ALL PRODUCTION PRACTICES,ALL UTILIZATION PRACTICES,PRICE RECEIVED,$ / CWT,"HOGS, BARROWS & GILTS - PRICE RECEIVED, MEASURED IN $ / CWT",TOTAL,NOT SPECIFIED,NATIONAL,,99,US,US TOTAL,,,,,,,,0,,,9000,UNITED STATES,US TOTAL,2013,MONTHLY,12,12,DEC,,2016-02-29 15:03:32.000,61.3,
SURVEY,ANIMALS & PRODUCTS,LIVESTOCK,HOGS,BARROWS & GILTS,ALL PRODUCTION PRACTICES,ALL UTILIZATION PRACTICES,PRICE RECEIVED,$ / CWT,"HOGS, BARROWS & GILTS - PRICE RECEIVED, MEASURED IN $ / CWT",TOTAL,NOT SPECIFIED,NATIONAL,,99,US,US TOTAL,,,,,,,,0,,,9000,UNITED STATES,US TOTAL,2012,ANNUAL,0,0,MARKETING YEAR,,2014-02-28 15:04:35.000,64.6,
SURVEY,ANIMALS & PRODUCTS,LIVESTOCK,HOGS,BARROWS & GILTS,ALL PRODUCTION PRACTICES,ALL UTILIZATION PRACTICES,PRICE RECEIVED,$ / CWT,"HOGS, BARROWS & GILTS - PRICE RECEIVED, MEASURED IN $ / CWT",TOTAL,NOT SPECIFIED,NATIONAL,,99,US,US TOTAL,,,,,,,,0,,,9000,UNITED STATES,US TOTAL,2012,MONTHLY,1,1,JAN,,2014-02-28 15:04:35.000,63.7,
SURVEY,ANIMALS & PRODUCTS,LIVESTOCK,HOGS,BARROWS & GILTS,ALL PRODUCTION PRACTICES,ALL UTILIZATION PRACTICES,PRICE RECEIVED,$ / CWT,"HOGS, BARROWS & GILTS - PRICE RECEIVED, MEASURED IN $ / CWT",TOTAL,NOT SPECIFIED,NATIONAL,,99,US,US TOTAL,,,,,,,,0,,,9000,UNITED STATES,US TOTAL,2012,MONTHLY,2,2,FEB,,2014-02-28 15:04:35.000,65.8,
SURVEY,ANIMALS & PRODUCTS,LIVESTOCK,HOGS,BARROWS & GILTS,ALL PRODUCTION PRACTICES,ALL UTILIZATION PRACTICES,PRICE RECEIVED,$ / CWT,"HOGS, BARROWS & GILTS - PRICE RECEIVED, MEASURED IN $ / CWT",TOTAL,NOT SPECIFIED,NATIONAL,,99,US,US TOTAL,,,,,,,,0,,,9000,UNITED STATES,US TOTAL,2012,MONTHLY,3,3,MAR,,2014-02-28 15:04:35.000,65.5,
SURVEY,ANIMALS & PRODUCTS,LIVESTOCK,HOGS,BARROWS & GILTS,ALL PRODUCTION PRACTICES,ALL UTILIZATION PRACTICES,PRICE RECEIVED,$ / CWT,"HOGS, BARROWS & GILTS - PRICE RECEIVED, MEASURED IN $ / CWT",TOTAL,NOT SPECIFIED,NATIONAL,,99,US,US TOTAL,,,,,,,,0,,,9000,UNITED STATES,US TOTAL,2012,MONTHLY,4,4,APR,,2014-02-28 15:04:35.000,63.1,
SURVEY,ANIMALS & PRODUCTS,LIVESTOCK,HOGS,BARROWS & GILTS,ALL PRODUCTION PRACTICES,ALL UTILIZATION PRACTICES,PRICE RECEIVED,$ / CWT,"HOGS, BARROWS & GILTS - PRICE RECEIVED, MEASURED IN $ / CWT",TOTAL,NOT SPECIFIED,NATIONAL,,99,US,US TOTAL,,,,,,,,0,,,9000,UNITED STATES,US TOTAL,2012,MONTHLY,5,5,MAY,,2014-02-28 15:04:35.000,63.2,
SURVEY,ANIMALS & PRODUCTS,LIVESTOCK,HOGS,BARROWS & GILTS,ALL PRODUCTION PRACTICES,ALL UTILIZATION PRACTICES,PRICE RECEIVED,$ / CWT,"HOGS, BARROWS & GILTS - PRICE RECEIVED, MEASURED IN $ / CWT",TOTAL,NOT SPECIFIED,NATIONAL,,99,US,US TOTAL,,,,,,,,0,,,9000,UNITED STATES,US TOTAL,2012,MONTHLY,6,6,JUN,,2014-02-28 15:04:35.000,71.0,
SURVEY,ANIMALS & PRODUCTS,LIVESTOCK,HOGS,BARROWS & GILTS,ALL PRODUCTION PRACTICES,ALL UTILIZATION PRACTICES,PRICE RECEIVED,$ / CWT,"HOGS, BARROWS & GILTS - PRICE RECEIVED, MEASURED IN $ / CWT",TOTAL,NOT SPECIFIED,NATIONAL,,99,US,US TOTAL,,,,,,,,0,,,9000,UNITED STATES,US TOTAL,2012,MONTHLY,7,7,JUL,,2014-02-28 15:04:35.000,73.1,
SURVEY,ANIMALS & PRODUCTS,LIVESTOCK,HOGS,BARROWS & GILTS,ALL PRODUCTION PRACTICES,ALL UTILIZATION PRACTICES,PRICE RECEIVED,$ / CWT,"HOGS, BARROWS & GILTS - PRICE RECEIVED, MEASURED IN $ / CWT",TOTAL,NOT SPECIFIED,NATIONAL,,99,US,US TOTAL,,,,,,,,0,,,9000,UNITED STATES,US TOTAL,2012,MONTHLY,8,8,AUG,,2014-02-28 15:04:35.000,68.0,
SURVEY,ANIMALS & PRODUCTS,LIVESTOCK,HOGS,BARROWS & GILTS,ALL PRODUCTION PRACTICES,ALL UTILIZATION PRACTICES,PRICE RECEIVED,$ / CWT,"HOGS, BARROWS & GILTS - PRICE RECEIVED, MEASURED IN $ / CWT",TOTAL,NOT SPECIFIED,NATIONAL,,99,US,US TOTAL,,,,,,,,0,,,9000,UNITED STATES,US TOTAL,2012,MONTHLY,9,9,SEP,,2014-02-28 15:04:35.000,56.3,
SURVEY,ANIMALS & PRODUCTS,LIVESTOCK,HOGS,BARROWS & GILTS,ALL PRODUCTION PRACTICES,ALL UTILIZATION PRACTICES,PRICE RECEIVED,$ / CWT,"HOGS, BARROWS & GILTS - PRICE RECEIVED, MEASURED IN $ / CWT",TOTAL,NOT SPECIFIED,NATIONAL,,99,US,US TOTAL,,,,,,,,0,,,9000,UNITED STATES,US TOTAL,2012,MONTHLY,10,10,OCT,,2014-02-28 15:04:35.000,62.7,
SURVEY,ANIMALS & PRODUCTS,LIVESTOCK,HOGS,BARROWS & GILTS,ALL PRODUCTION PRACTICES,ALL UTILIZATION PRACTICES,PRICE RECEIVED,$ / CWT,"HOGS, BARROWS & GILTS - PRICE RECEIVED, MEASURED IN $ / CWT",TOTAL,NOT SPECIFIED,NATIONAL,,99,US,US TOTAL,,,,,,,,0,,,9000,UNITED STATES,US TOTAL,2012,MONTHLY,11,11,NOV,,2014-02-28 15:04:35.000,61.2,
SURVEY,ANIMALS & PRODUCTS,LIVESTOCK,HOGS,BARROWS & GILTS,ALL PRODUCTION PRACTICES,ALL UTILIZATION PRACTICES,PRICE RECEIVED,$ / CWT,"HOGS, BARROWS & GILTS - PRICE RECEIVED, MEASURED IN $ / CWT",TOTAL,NOT SPECIFIED,NATIONAL,,99,US,US TOTAL,,,,,,,,0,,,9000,UNITED STATES,US TOTAL,2012,MONTHLY,12,12,DEC,,2015-02-27 15:10:53.000,62.7,
SURVEY,ANIMALS & PRODUCTS,LIVESTOCK,HOGS,BARROWS & GILTS,ALL PRODUCTION PRACTICES,ALL UTILIZATION PRACTICES,PRICE RECEIVED,$ / CWT,"HOGS, BARROWS & GILTS - PRICE RECEIVED, MEASURED IN $ / CWT",TOTAL,NOT SPECIFIED,NATIONAL,,99,US,US TOTAL,,,,,,,,0,,,9000,UNITED STATES,US TOTAL,2011,ANNUAL,0,0,MARKETING YEAR,,2013-02-28 15:06:59.000,65.7,
SURVEY,ANIMALS & PRODUCTS,LIVESTOCK,HOGS,BARROWS & GILTS,ALL PRODUCTION PRACTICES,ALL UTILIZATION PRACTICES,PRICE RECEIVED,$ / CWT,"HOGS, BARROWS & GILTS - PRICE RECEIVED, MEASURED IN $ / CWT",TOTAL,NOT SPECIFIED,NATIONAL,,99,US,US TOTAL,,,,,,,,0,,,9000,UNITED STATES,US TOTAL,2011,MONTHLY,1,1,JAN,,2013-02-28 15:06:59.000,56.3,
SURVEY,ANIMALS & PRODUCTS,LIVESTOCK,HOGS,BARROWS & GILTS,ALL PRODUCTION PRACTICES,ALL UTILIZATION PRACTICES,PRICE RECEIVED,$ / CWT,"HOGS, BARROWS & GILTS - PRICE RECEIVED, MEASURED IN $ / CWT",TOTAL,NOT SPECIFIED,NATIONAL,,99,US,US TOTAL,,,,,,,,0,,,9000,UNITED STATES,US TOTAL,2011,MONTHLY,2,2,FEB,,2013-02-28 15:06:59.000,61.7,
SURVEY,ANIMALS & PRODUCTS,LIVESTOCK,HOGS,BARROWS & GILTS,ALL PRODUCTION PRACTICES,ALL UTILIZATION PRACTICES,PRICE RECEIVED,$ / CWT,"HOGS, BARROWS & GILTS - PRICE RECEIVED, MEASURED IN $ / CWT",TOTAL,NOT SPECIFIED,NATIONAL,,99,US,US TOTAL,,,,,,,,0,,,9000,UNITED STATES,US TOTAL,2011,MONTHLY,3,3,MAR,,2013-02-28 15:06:59.000,63.1,
SURVEY,ANIMALS & PRODUCTS,LIVESTOCK,HOGS,BARROWS & GILTS,ALL PRODUCTION PRACTICES,ALL UTILIZATION PRACTICES,PRICE RECEIVED,$ / CWT,"HOGS, BARROWS & GILTS - PRICE RECEIVED, MEASURED IN $ / CWT",TOTAL,NOT SPECIFIED,NATIONAL,,99,US,US TOTAL,,,,,,,,0,,,9000,UNITED STATES,US TOTAL,2011,MONTHLY,4,4,APR,,2013-02-28 15:06:59.000,68.2,
SURVEY,ANIMALS & PRODUCTS,LIVESTOCK,HOGS,BARROWS & GILTS,ALL PRODUCTION PRACTICES,ALL UTILIZATION PRACTICES,PRICE RECEIVED,$ / CWT,"HOGS, BARROWS & GILTS - PRICE RECEIVED, MEASURED IN $ / CWT",TOTAL,NOT SPECIFIED,NATIONAL,,99,US,US TOTAL,,,,,,,,0,,,9000,UNITED STATES,US TOTAL,2011,MONTHLY,5,5,MAY,,2013-02-28 15:06:59.000,69.2,
SURVEY,ANIMALS & PRODUCTS,LIVESTOCK,HOGS,BARROWS & GILTS,ALL PRODUCTION PRACTICES,ALL UTILIZATION PRACTICES,PRICE RECEIVED,$ / CWT,"HOGS, BARROWS & GILTS - PRICE RECEIVED, MEASURED IN $ / CWT",TOTAL,NOT SPECIFIED,NATIONAL,,99,US,US TOTAL,,,,,,,,0,,,9000,UNITED STATES,US TOTAL,2011,MONTHLY,6,6,JUN,,2013-02-28 15:06:59.000,70.4,
SURVEY,ANIMALS & PRODUCTS,LIVESTOCK,HOGS,BARROWS & GILTS,ALL PRODUCTION PRACTICES,ALL UTILIZATION PRACTICES,PRICE RECEIVED,$ / CWT,"HOGS, BARROWS & GILTS - PRICE RECEIVED, MEASURED IN $ / CWT",TOTAL,NOT SPECIFIED,NATIONAL,,99,US,US TOTAL,,,,,,,,0,,,9000,UNITED STATES,US TOTAL,2011,MONTHLY,7,7,JUL,,2013-02-28 15:06:59.000,72.4,
SURVEY,ANIMALS & PRODUCTS,LIVESTOCK,HOGS,BARROWS & GILTS,ALL PRODUCTION PRACTICES,ALL UTILIZATION PRACTICES,PRICE RECEIVED,$ / CWT,"HOGS, BARROWS & GILTS - PRICE RECEIVED, MEASURED IN $ / CWT",TOTAL,NOT SPECIFIED,NATIONAL,,99,US,US TOTAL,,,,,,,,0,,,9000,UNITED STATES,US TOTAL,2011,MONTHLY,8,8,AUG,,2013-02-28 15:06:59.000,76.1,
SURVEY,ANIMALS & PRODUCTS,LIVESTOCK,HOGS,BARROWS & GILTS,ALL PRODUCTION PRACTICES,ALL UTILIZATION PRACTICES,PRICE RECEIVED,$ / CWT,"HOGS, BARROWS & GILTS - PRICE RECEIVED, MEASURED IN $ / CWT",TOTAL,NOT SPECIFIED,NATIONAL,,99,US,US TOTAL,,,,,,,,0,,,9000,UNITED STATES,US TOTAL,2011,MONTHLY,9,9,SEP,,2013-02-28 15:06:59.000,67.2,
SURVEY,ANIMALS & PRODUCTS,LIVESTOCK,HOGS,BARROWS & GILTS,ALL PRODUCTION PRACTICES,ALL UTILIZATION PRACTICES,PRICE RECEIVED,$ / CWT,"HOGS, BARROWS & GILTS - PRICE RECEIVED, MEASURED IN $ / CWT",TOTAL,NOT SPECIFIED,NATIONAL,,99,US,US TOTAL,,,,,,,,0,,,9000,UNITED STATES,US TOTAL,2011,MONTHLY,10,10,OCT,,2013-02-28 15:06:59.000,69.0,
SURVEY,ANIMALS & PRODUCTS,LIVESTOCK,HOGS,BARROWS & GILTS,ALL PRODUCTION PRACTICES,ALL UTILIZATION PRACTICES,PRICE RECEIVED,$ / CWT,"HOGS, BARROWS & GILTS - PRICE RECEIVED, MEASURED IN $ / CWT",TOTAL,NOT SPECIFIED,NATIONAL,,99,US,US TOTAL,,,,,,,,0,,,9000,UNITED STATES,US TOTAL,2011,MONTHLY,11,11,NOV,,2013-02-28 15:06:59.000,64.5,
SURVEY,ANIMALS & PRODUCTS,LIVESTOCK,HOGS,BARROWS & GILTS,ALL PRODUCTION PRACTICES,ALL UTILIZATION PRACTICES,PRICE RECEIVED,$ / CWT,"HOGS, BARROWS & GILTS - PRICE RECEIVED, MEASURED IN $ / CWT",TOTAL,NOT SPECIFIED,NATIONAL,,99,US,US TOTAL,,,,,,,,0,,,9000,UNITED STATES,US TOTAL,2011,MONTHLY,12,12,DEC,,2014-02-28 15:04:35.000,63.7,
SURVEY,ANIMALS & PRODUCTS,LIVESTOCK,HOGS,BARROWS & GILTS,ALL PRODUCTION PRACTICES,ALL UTILIZATION PRACTICES,PRICE RECEIVED,$ / CWT,"HOGS, BARROWS & GILTS - PRICE RECEIVED, MEASURED IN $ / CWT",TOTAL,NOT SPECIFIED,NATIONAL,,99,US,US TOTAL,,,,,,,,0,,,9000,UNITED STATES,US TOTAL,2010,ANNUAL,0,0,MARKETING YEAR,,2012-01-01 00:00:00.000,54.4,
SURVEY,ANIMALS & PRODUCTS,LIVESTOCK,HOGS,BARROWS & GILTS,ALL PRODUCTION PRACTICES,ALL UTILIZATION PRACTICES,PRICE RECEIVED,$ / CWT,"HOGS, BARROWS & GILTS - PRICE RECEIVED, MEASURED IN $ / CWT",TOTAL,NOT SPECIFIED,NATIONAL,,99,US,US TOTAL,,,,,,,,0,,,9000,UNITED STATES,US TOTAL,2010,MONTHLY,1,1,JAN,,2012-01-01 00:00:00.000,48.9,
SURVEY,ANIMALS & PRODUCTS,LIVESTOCK,HOGS,BARROWS & GILTS,ALL PRODUCTION PRACTICES,ALL UTILIZATION PRACTICES,PRICE RECEIVED,$ / CWT,"HOGS, BARROWS & GILTS - PRICE RECEIVED, MEASURED IN $ / CWT",TOTAL,NOT SPECIFIED,NATIONAL,,99,US,US TOTAL,,,,,,,,0,,,9000,UNITED STATES,US TOTAL,2010,MONTHLY,2,2,FEB,,2012-01-01 00:00:00.000,48.9,
SURVEY,ANIMALS & PRODUCTS,LIVESTOCK,HOGS,BARROWS & GILTS,ALL PRODUCTION PRACTICES,ALL UTILIZATION PRACTICES,PRICE RECEIVED,$ / CWT,"HOGS, BARROWS & GILTS - PRICE RECEIVED, MEASURED IN $ / CWT",TOTAL,NOT SPECIFIED,NATIONAL,,99,US,US TOTAL,,,,,,,,0,,,9000,UNITED STATES,US TOTAL,2010,MONTHLY,3,3,MAR,,2012-01-01 00:00:00.000,52.3,
SURVEY,ANIMALS & PRODUCTS,LIVESTOCK,HOGS,BARROWS & GILTS,ALL PRODUCTION PRACTICES,ALL UTILIZATION PRACTICES,PRICE RECEIVED,$ / CWT,"HOGS, BARROWS & GILTS - PRICE RECEIVED, MEASURED IN $ / CWT",TOTAL,NOT SPECIFIED,NATIONAL,,99,US,US TOTAL,,,,,,,,0,,,9000,UNITED STATES,US TOTAL,2010,MONTHLY,4,4,APR,,2012-01-01 00:00:00.000,56.6,
SURVEY,ANIMALS & PRODUCTS,LIVESTOCK,HOGS,BARROWS & GILTS,ALL PRODUCTION PRACTICES,ALL UTILIZATION PRACTICES,PRICE RECEIVED,$ / CWT,"HOGS, BARROWS & GILTS - PRICE RECEIVED, MEASURED IN $ / CWT",TOTAL,NOT SPECIFIED,NATIONAL,,99,US,US TOTAL,,,,,,,,0,,,9000,UNITED STATES,US TOTAL,2010,MONTHLY,5,5,MAY,,2012-01-01 00:00:00.000,62.4,
SURVEY,ANIMALS & PRODUCTS,LIVESTOCK,HOGS,BARROWS & GILTS,ALL PRODUCTION PRACTICES,ALL UTILIZATION PRACTICES,PRICE RECEIVED,$ / CWT,"HOGS, BARROWS & GILTS - PRICE RECEIVED, MEASURED IN $ / CWT",TOTAL,NOT SPECIFIED,NATIONAL,,99,US,US TOTAL,,,,,,,,0,,,9000,UNITED STATES,US TOTAL,2010,MONTHLY,6,6,JUN,,2012-01-01 00:00:00.000,58.5,
SURVEY,ANIMALS & PRODUCTS,LIVESTOCK,HOGS,BARROWS & GILTS,ALL PRODUCTION PRACTICES,ALL UTILIZATION PRACTICES,PRICE RECEIVED,$ / CWT,"HOGS, BARROWS & GILTS - PRICE RECEIVED, MEASURED IN $ / CWT",TOTAL,NOT SPECIFIED,NATIONAL,,99,US,US TOTAL,,,,,,,,0,,,9000,UNITED STATES,US TOTAL,2010,MONTHLY,7,7,JUL,,2012-01-01 00:00:00.000,58.7,
SURVEY,ANIMALS & PRODUCTS,LIVESTOCK,HOGS,BARROWS & GILTS,ALL PRODUCTION PRACTICES,ALL UTILIZATION PRACTICES,PRICE RECEIVED,$ / CWT,"HOGS, BARROWS & GILTS - PRICE RECEIVED, MEASURED IN $ / CWT",TOTAL,NOT SPECIFIED,NATIONAL,,99,US,US TOTAL,,,,,,,,0,,,9000,UNITED STATES,US TOTAL,2010,MONTHLY,8,8,AUG,,2012-01-01 00:00:00.000,61.5,
SURVEY,ANIMALS & PRODUCTS,LIVESTOCK,HOGS,BARROWS & GILTS,ALL PRODUCTION PRACTICES,ALL UTILIZATION PRACTICES,PRICE RECEIVED,$ / CWT,"HOGS, BARROWS & GILTS - PRICE RECEIVED, MEASURED IN $ / CWT",TOTAL,NOT SPECIFIED,NATIONAL,,99,US,US TOTAL,,,,,,,,0,,,9000,UNITED STATES,US TOTAL,2010,MONTHLY,9,9,SEP,,2012-01-01 00:00:00.000,61.2,
SURVEY,ANIMALS & PRODUCTS,LIVESTOCK,HOGS,BARROWS & GILTS,ALL PRODUCTION PRACTICES,ALL UTILIZATION PRACTICES,PRICE RECEIVED,$ / CWT,"HOGS, BARROWS & GILTS - PRICE RECEIVED, MEASURED IN $ / CWT",TOTAL,NOT SPECIFIED,NATIONAL,,99,US,US TOTAL,,,,,,,,0,,,9000,UNITED STATES,US TOTAL,2010,MONTHLY,10,10,OCT,,2012-01-01 00:00:00.000,53.5,
SURVEY,ANIMALS & PRODUCTS,LIVESTOCK,HOGS,BARROWS & GILTS,ALL PRODUCTION PRACTICES,ALL UTILIZATION PRACTICES,PRICE RECEIVED,$ / CWT,"HOGS, BARROWS & GILTS - PRICE RECEIVED, MEASURED IN $ / CWT",TOTAL,NOT SPECIFIED,NATIONAL,,99,US,US TOTAL,,,,,,,,0,,,9000,UNITED STATES,US TOTAL,2010,MONTHLY,11,11,NOV,,2012-01-01 00:00:00.000,48.0,
SURVEY,ANIMALS & PRODUCTS,LIVESTOCK,HOGS,BARROWS & GILTS,ALL PRODUCTION PRACTICES,ALL UTILIZATION PRACTICES,PRICE RECEIVED,$ / CWT,"HOGS, BARROWS & GILTS - PRICE RECEIVED, MEASURED IN $ / CWT",TOTAL,NOT SPECIFIED,NATIONAL,,99,US,US TOTAL,,,,,,,,0,,,9000,UNITED STATES,US TOTAL,2010,MONTHLY,12,12,DEC,,2013-02-28 15:06:59.000,52.6,
SURVEY,ANIMALS & PRODUCTS,LIVESTOCK,HOGS,BARROWS & GILTS,ALL PRODUCTION PRACTICES,ALL UTILIZATION PRACTICES,PRICE RECEIVED,$ / CWT,"HOGS, BARROWS & GILTS - PRICE RECEIVED, MEASURED IN $ / CWT",TOTAL,NOT SPECIFIED,NATIONAL,,99,US,US TOTAL,,,,,,,,0,,,9000,UNITED STATES,US TOTAL,2009,ANNUAL,0,0,MARKETING YEAR,,2012-01-01 00:00:00.000,42.0,
SURVEY,ANIMALS & PRODUCTS,LIVESTOCK,HOGS,BARROWS & GILTS,ALL PRODUCTION PRACTICES,ALL UTILIZATION PRACTICES,PRICE RECEIVED,$ / CWT,"HOGS, BARROWS & GILTS - PRICE RECEIVED, MEASURED IN $ / CWT",TOTAL,NOT SPECIFIED,NATIONAL,,99,US,US TOTAL,,,,,,,,0,,,9000,UNITED STATES,US TOTAL,2009,MONTHLY,1,1,JAN,,2012-01-01 00:00:00.000,42.7,
SURVEY,ANIMALS & PRODUCTS,LIVESTOCK,HOGS,BARROWS & GILTS,ALL PRODUCTION PRACTICES,ALL UTILIZATION PRACTICES,PRICE RECEIVED,$ / CWT,"HOGS, BARROWS & GILTS - PRICE RECEIVED, MEASURED IN $ / CWT",TOTAL,NOT SPECIFIED,NATIONAL,,99,US,US TOTAL,,,,,,,,0,,,9000,UNITED STATES,US TOTAL,2009,MONTHLY,2,2,FEB,,2012-01-01 00:00:00.000,43.8,
SURVEY,ANIMALS & PRODUCTS,LIVESTOCK,HOGS,BARROWS & GILTS,ALL PRODUCTION PRACTICES,ALL UTILIZATION PRACTICES,PRICE RECEIVED,$ / CWT,"HOGS, BARROWS & GILTS - PRICE RECEIVED, MEASURED IN $ / CWT",TOTAL,NOT SPECIFIED,NATIONAL,,99,US,US TOTAL,,,,,,,,0,,,9000,UNITED STATES,US TOTAL,2009,MONTHLY,3,3,MAR,,2012-01-01 00:00:00.000,44.0,
SURVEY,ANIMALS & PRODUCTS,LIVESTOCK,HOGS,BARROWS & GILTS,ALL PRODUCTION PRACTICES,ALL UTILIZATION PRACTICES,PRICE RECEIVED,$ / CWT,"HOGS, BARROWS & GILTS - PRICE RECEIVED, MEASURED IN $ / CWT",TOTAL,NOT SPECIFIED,NATIONAL,,99,US,US TOTAL,,,,,,,,0,,,9000,UNITED STATES,US TOTAL,2009,MONTHLY,4,4,APR,,2012-01-01 00:00:00.000,44.2,
SURVEY,ANIMALS & PRODUCTS,LIVESTOCK,HOGS,BARROWS & GILTS,ALL PRODUCTION PRACTICES,ALL UTILIZATION PRACTICES,PRICE RECEIVED,$ / CWT,"HOGS, BARROWS & GILTS - PRICE RECEIVED, MEASURED IN $ / CWT",TOTAL,NOT SPECIFIED,NATIONAL,,99,US,US TOTAL,,,,,,,,0,,,9000,UNITED STATES,US TOTAL,2009,MONTHLY,5,5,MAY,,2012-01-01 00:00:00.000,44.6,
SURVEY,ANIMALS & PRODUCTS,LIVESTOCK,HOGS,BARROWS & GILTS,ALL PRODUCTION PRACTICES,ALL UTILIZATION PRACTICES,PRICE RECEIVED,$ / CWT,"HOGS, BARROWS & GILTS - PRICE RECEIVED, MEASURED IN $ / CWT",TOTAL,NOT SPECIFIED,NATIONAL,,99,US,US TOTAL,,,,,,,,0,,,9000,UNITED STATES,US TOTAL,2009,MONTHLY,6,6,JUN,,2012-01-01 00:00:00.000,43.7,
SURVEY,ANIMALS & PRODUCTS,LIVESTOCK,HOGS,BARROWS & GILTS,ALL PRODUCTION PRACTICES,ALL UTILIZATION PRACTICES,PRICE RECEIVED,$ / CWT,"HOGS, BARROWS & GILTS - PRICE RECEIVED, MEASURED IN $ / CWT",TOTAL,NOT SPECIFIED,NATIONAL,,99,US,US TOTAL,,,,,,,,0,,,9000,UNITED STATES,US TOTAL,2009,MONTHLY,7,7,JUL,,2012-01-01 00:00:00.000,44.0,
SURVEY,ANIMALS & PRODUCTS,LIVESTOCK,HOGS,BARROWS & GILTS,ALL PRODUCTION PRACTICES,ALL UTILIZATION PRACTICES,PRICE RECEIVED,$ / CWT,"HOGS, BARROWS & GILTS - PRICE RECEIVED, MEASURED IN $ / CWT",TOTAL,NOT SPECIFIED,NATIONAL,,99,US,US TOTAL,,,,,,,,0,,,9000,UNITED STATES,US TOTAL,2009,MONTHLY,8,8,AUG,,2012-01-01 00:00:00.000,37.6,
SURVEY,ANIMALS & PRODUCTS,LIVESTOCK,HOGS,BARROWS & GILTS,ALL PRODUCTION PRACTICES,ALL UTILIZATION PRACTICES,PRICE RECEIVED,$ / CWT,"HOGS, BARROWS & GILTS - PRICE RECEIVED, MEASURED IN $ / CWT",TOTAL,NOT SPECIFIED,NATIONAL,,99,US,US TOTAL,,,,,,,,0,,,9000,UNITED STATES,US TOTAL,2009,MONTHLY,9,9,SEP,,2012-01-01 00:00:00.000,38.2,
SURVEY,ANIMALS & PRODUCTS,LIVESTOCK,HOGS,BARROWS & GILTS,ALL PRODUCTION PRACTICES,ALL UTILIZATION PRACTICES,PRICE RECEIVED,$ / CWT,"HOGS, BARROWS & GILTS - PRICE RECEIVED, MEASURED IN $ / CWT",TOTAL,NOT SPECIFIED,NATIONAL,,99,US,US TOTAL,,,,,,,,0,,,9000,UNITED STATES,US TOTAL,2009,MONTHLY,10,10,OCT,,2012-01-01 00:00:00.000,38.3,
SURVEY,ANIMALS & PRODUCTS,LIVESTOCK,HOGS,BARROWS & GILTS,ALL PRODUCTION PRACTICES,ALL UTILIZATION PRACTICES,PRICE RECEIVED,$ / CWT,"HOGS, BARROWS & GILTS - PRICE RECEIVED, MEASURED IN $ / CWT",TOTAL,NOT SPECIFIED,NATIONAL,,99,US,US TOTAL,,,,,,,,0,,,9000,UNITED STATES,US TOTAL,2009,MONTHLY,11,11,NOV,,2012-01-01 00:00:00.000,40.5,
SURVEY,ANIMALS & PRODUCTS,LIVESTOCK,HOGS,BARROWS & GILTS,ALL PRODUCTION PRACTICES,ALL UTILIZATION PRACTICES,PRICE RECEIVED,$ / CWT,"HOGS, BARROWS & GILTS - PRICE RECEIVED, MEASURED IN $ / CWT",TOTAL,NOT SPECIFIED,NATIONAL,,99,US,US TOTAL,,,,,,,,0,,,9000,UNITED STATES,US TOTAL,2009,MONTHLY,12,12,DEC,,2012-01-01 00:00:00.000,45.6,
SURVEY,ANIMALS & PRODUCTS,LIVESTOCK,HOGS,BARROWS & GILTS,ALL PRODUCTION PRACTICES,ALL UTILIZATION PRACTICES,PRICE RECEIVED,$ / CWT,"HOGS, BARROWS & GILTS - PRICE RECEIVED, MEASURED IN $ / CWT",TOTAL,NOT SPECIFIED,NATIONAL,,99,US,US TOTAL,,,,,,,,0,,,9000,UNITED STATES,US TOTAL,2008,ANNUAL,0,0,MARKETING YEAR,,2012-01-01 00:00:00.000,47.9,
SURVEY,ANIMALS & PRODUCTS,LIVESTOCK,HOGS,BARROWS & GILTS,ALL PRODUCTION PRACTICES,ALL UTILIZATION PRACTICES,PRICE RECEIVED,$ / CWT,"HOGS, BARROWS & GILTS - PRICE RECEIVED, MEASURED IN $ / CWT",TOTAL,NOT SPECIFIED,NATIONAL,,99,US,US TOTAL,,,,,,,,0,,,9000,UNITED STATES,US TOTAL,2008,MONTHLY,1,1,JAN,,2012-01-01 00:00:00.000,38.2,
SURVEY,ANIMALS & PRODUCTS,LIVESTOCK,HOGS,BARROWS & GILTS,ALL PRODUCTION PRACTICES,ALL UTILIZATION PRACTICES,PRICE RECEIVED,$ / CWT,"HOGS, BARROWS & GILTS - PRICE RECEIVED, MEASURED IN $ / CWT",TOTAL,NOT SPECIFIED,NATIONAL,,99,US,US TOTAL,,,,,,,,0,,,9000,UNITED STATES,US TOTAL,2008,MONTHLY,2,2,FEB,,2012-01-01 00:00:00.000,43.2,
SURVEY,ANIMALS & PRODUCTS,LIVESTOCK,HOGS,BARROWS & GILTS,ALL PRODUCTION PRACTICES,ALL UTILIZATION PRACTICES,PRICE RECEIVED,$ / CWT,"HOGS, BARROWS & GILTS - PRICE RECEIVED, MEASURED IN $ / CWT",TOTAL,NOT SPECIFIED,NATIONAL,,99,US,US TOTAL,,,,,,,,0,,,9000,UNITED STATES,US TOTAL,2008,MONTHLY,3,3,MAR,,2012-01-01 00:00:00.000,41.1,
SURVEY,ANIMALS & PRODUCTS,LIVESTOCK,HOGS,BARROWS & GILTS,ALL PRODUCTION PRACTICES,ALL UTILIZATION PRACTICES,PRICE RECEIVED,$ / CWT,"HOGS, BARROWS & GILTS - PRICE RECEIVED, MEASURED IN $ / CWT",TOTAL,NOT SPECIFIED,NATIONAL,,99,US,US TOTAL,,,,,,,,0,,,9000,UNITED STATES,US TOTAL,2008,MONTHLY,4,4,APR,,2012-01-01 00:00:00.000,45.5,
SURVEY,ANIMALS & PRODUCTS,LIVESTOCK,HOGS,BARROWS & GILTS,ALL PRODUCTION PRACTICES,ALL UTILIZATION PRACTICES,PRICE RECEIVED,$ / CWT,"HOGS, BARROWS & GILTS - PRICE RECEIVED, MEASURED IN $ / CWT",TOTAL,NOT SPECIFIED,NATIONAL,,99,US,US TOTAL,,,,,,,,0,,,9000,UNITED STATES,US TOTAL,2008,MONTHLY,5,5,MAY,,2012-01-01 00:00:00.000,56.6,
SURVEY,ANIMALS & PRODUCTS,LIVESTOCK,HOGS,BARROWS & GILTS,ALL PRODUCTION PRACTICES,ALL UTILIZATION PRACTICES,PRICE RECEIVED,$ / CWT,"HOGS, BARROWS & GILTS - PRICE RECEIVED, MEASURED IN $ / CWT",TOTAL,NOT SPECIFIED,NATIONAL,,99,US,US TOTAL,,,,,,,,0,,,9000,UNITED STATES,US TOTAL,2008,MONTHLY,6,6,JUN,,2012-01-01 00:00:00.000,54.6,
SURVEY,ANIMALS & PRODUCTS,LIVESTOCK,HOGS,BARROWS & GILTS,ALL PRODUCTION PRACTICES,ALL UTILIZATION PRACTICES,PRICE RECEIVED,$ / CWT,"HOGS, BARROWS & GILTS - PRICE RECEIVED, MEASURED IN $ / CWT",TOTAL,NOT SPECIFIED,NATIONAL,,99,US,US TOTAL,,,,,,,,0,,,9000,UNITED STATES,US TOTAL,2008,MONTHLY,7,7,JUL,,2012-01-01 00:00:00.000,55.9,
SURVEY,ANIMALS & PRODUCTS,LIVESTOCK,HOGS,BARROWS & GILTS,ALL PRODUCTION PRACTICES,ALL UTILIZATION PRACTICES,PRICE RECEIVED,$ / CWT,"HOGS, BARROWS & GILTS - PRICE RECEIVED, MEASURED IN $ / CWT",TOTAL,NOT SPECIFIED,NATIONAL,,99,US,US TOTAL,,,,,,,,0,,,9000,UNITED STATES,US TOTAL,2008,MONTHLY,8,8,AUG,,2012-01-01 00:00:00.000,61.7,
SURVEY,ANIMALS & PRODUCTS,LIVESTOCK,HOGS,BARROWS & GILTS,ALL PRODUCTION PRACTICES,ALL UTILIZATION PRACTICES,PRICE RECEIVED,$ / CWT,"HOGS, BARROWS & GILTS - PRICE RECEIVED, MEASURED IN $ / CWT",TOTAL,NOT SPECIFIED,NATIONAL,,99,US,US TOTAL,,,,,,,,0,,,9000,UNITED STATES,US TOTAL,2008,MONTHLY,9,9,SEP,,2012-01-01 00:00:00.000,52.7,
SURVEY,ANIMALS & PRODUCTS,LIVESTOCK,HOGS,BARROWS & GILTS,ALL PRODUCTION PRACTICES,ALL UTILIZATION PRACTICES,PRICE RECEIVED,$ / CWT,"HOGS, BARROWS & GILTS - PRICE RECEIVED, MEASURED IN $ / CWT",TOTAL,NOT SPECIFIED,NATIONAL,,99,US,US TOTAL,,,,,,,,0,,,9000,UNITED STATES,US TOTAL,2008,MONTHLY,10,10,OCT,,2012-01-01 00:00:00.000,48.7,
SURVEY,ANIMALS & PRODUCTS,LIVESTOCK,HOGS,BARROWS & GILTS,ALL PRODUCTION PRACTICES,ALL UTILIZATION PRACTICES,PRICE RECEIVED,$ / CWT,"HOGS, BARROWS & GILTS - PRICE RECEIVED, MEASURED IN $ / CWT",TOTAL,NOT SPECIFIED,NATIONAL,,99,US,US TOTAL,,,,,,,,0,,,9000,UNITED STATES,US TOTAL,2008,MONTHLY,11,11,NOV,,2012-01-01 00:00:00.000,41.0,
SURVEY,ANIMALS & PRODUCTS,LIVESTOCK,HOGS,BARROWS & GILTS,ALL PRODUCTION PRACTICES,ALL UTILIZATION PRACTICES,PRICE RECEIVED,$ / CWT,"HOGS, BARROWS & GILTS - PRICE RECEIVED, MEASURED IN $ / CWT",TOTAL,NOT SPECIFIED,NATIONAL,,99,US,US TOTAL,,,,,,,,0,,,9000,UNITED STATES,US TOTAL,2008,MONTHLY,12,12,DEC,,2012-01-01 00:00:00.000,42.0,
SURVEY,ANIMALS & PRODUCTS,LIVESTOCK,HOGS,BARROWS & GILTS,ALL PRODUCTION PRACTICES,ALL UTILIZATION PRACTICES,PRICE RECEIVED,$ / CWT,"HOGS, BARROWS & GILTS - PRICE RECEIVED, MEASURED IN $ / CWT",TOTAL,NOT SPECIFIED,NATIONAL,,99,US,US TOTAL,,,,,,,,0,,,9000,UNITED STATES,US TOTAL,2007,ANNUAL,0,0,MARKETING YEAR,,2012-01-01 00:00:00.000,47.4,
SURVEY,ANIMALS & PRODUCTS,LIVESTOCK,HOGS,BARROWS & GILTS,ALL PRODUCTION PRACTICES,ALL UTILIZATION PRACTICES,PRICE RECEIVED,$ / CWT,"HOGS, BARROWS & GILTS - PRICE RECEIVED, MEASURED IN $ / CWT",TOTAL,NOT SPECIFIED,NATIONAL,,99,US,US TOTAL,,,,,,,,0,,,9000,UNITED STATES,US TOTAL,2007,MONTHLY,1,1,JAN,,2012-01-01 00:00:00.000,43.2,
SURVEY,ANIMALS & PRODUCTS,LIVESTOCK,HOGS,BARROWS & GILTS,ALL PRODUCTION PRACTICES,ALL UTILIZATION PRACTICES,PRICE RECEIVED,$ / CWT,"HOGS, BARROWS & GILTS - PRICE RECEIVED, MEASURED IN $ / CWT",TOTAL,NOT SPECIFIED,NATIONAL,,99,US,US TOTAL,,,,,,,,0,,,9000,UNITED STATES,US TOTAL,2007,MONTHLY,2,2,FEB,,2012-01-01 00:00:00.000,48.3,
SURVEY,ANIMALS & PRODUCTS,LIVESTOCK,HOGS,BARROWS & GILTS,ALL PRODUCTION PRACTICES,ALL UTILIZATION PRACTICES,PRICE RECEIVED,$ / CWT,"HOGS, BARROWS & GILTS - PRICE RECEIVED, MEASURED IN $ / CWT",TOTAL,NOT SPECIFIED,NATIONAL,,99,US,US TOTAL,,,,,,,,0,,,9000,UNITED STATES,US TOTAL,2007,MONTHLY,3,3,MAR,,2012-01-01 00:00:00.000,45.5,
SURVEY,ANIMALS & PRODUCTS,LIVESTOCK,HOGS,BARROWS & GILTS,ALL PRODUCTION PRACTICES,ALL UTILIZATION PRACTICES,PRICE RECEIVED,$ / CWT,"HOGS, BARROWS & GILTS - PRICE RECEIVED, MEASURED IN $ / CWT",TOTAL,NOT SPECIFIED,NATIONAL,,99,US,US TOTAL,,,,,,,,0,,,9000,UNITED STATES,US TOTAL,2007,MONTHLY,4,4,APR,,2012-01-01 00:00:00.000,48.1,
SURVEY,ANIMALS & PRODUCTS,LIVESTOCK,HOGS,BARROWS & GILTS,ALL PRODUCTION PRACTICES,ALL UTILIZATION PRACTICES,PRICE RECEIVED,$ / CWT,"HOGS, BARROWS & GILTS - PRICE RECEIVED, MEASURED IN $ / CWT",TOTAL,NOT SPECIFIED,NATIONAL,,99,US,US TOTAL,,,,,,,,0,,,9000,UNITED STATES,US TOTAL,2007,MONTHLY,5,5,MAY,,2012-01-01 00:00:00.000,53.9,
SURVEY,ANIMALS & PRODUCTS,LIVESTOCK,HOGS,BARROWS & GILTS,ALL PRODUCTION PRACTICES,ALL UTILIZATION PRACTICES,PRICE RECEIVED,$ / CWT,"HOGS, BARROWS & GILTS - PRICE RECEIVED, MEASURED IN $ / CWT",TOTAL,NOT SPECIFIED,NATIONAL,,99,US,US TOTAL,,,,,,,,0,,,9000,UNITED STATES,US TOTAL,2007,MONTHLY,6,6,JUN,,2012-01-01 00:00:00.000,55.1,
SURVEY,ANIMALS & PRODUCTS,LIVESTOCK,HOGS,BARROWS & GILTS,ALL PRODUCTION PRACTICES,ALL UTILIZATION PRACTICES,PRICE RECEIVED,$ / CWT,"HOGS, BARROWS & GILTS - PRICE RECEIVED, MEASURED IN $ / CWT",TOTAL,NOT SPECIFIED,NATIONAL,,99,US,US TOTAL,,,,,,,,0,,,9000,UNITED STATES,US TOTAL,2007,MONTHLY,7,7,JUL,,2012-01-01 00:00:00.000,53.0,
SURVEY,ANIMALS & PRODUCTS,LIVESTOCK,HOGS,BARROWS & GILTS,ALL PRODUCTION PRACTICES,ALL UTILIZATION PRACTICES,PRICE RECEIVED,$ / CWT,"HOGS, BARROWS & GILTS - PRICE RECEIVED, MEASURED IN $ / CWT",TOTAL,NOT SPECIFIED,NATIONAL,,99,US,US TOTAL,,,,,,,,0,,,9000,UNITED STATES,US TOTAL,2007,MONTHLY,8,8,AUG,,2012-01-01 00:00:00.000,52.1,
SURVEY,ANIMALS & PRODUCTS,LIVESTOCK,HOGS,BARROWS & GILTS,ALL PRODUCTION PRACTICES,ALL UTILIZATION PRACTICES,PRICE RECEIVED,$ / CWT,"HOGS, BARROWS & GILTS - PRICE RECEIVED, MEASURED IN $ / CWT",TOTAL,NOT SPECIFIED,NATIONAL,,99,US,US TOTAL,,,,,,,,0,,,9000,UNITED STATES,US TOTAL,2007,MONTHLY,9,9,SEP,,2012-01-01 00:00:00.000,47.2,
SURVEY,ANIMALS & PRODUCTS,LIVESTOCK,HOGS,BARROWS & GILTS,ALL PRODUCTION PRACTICES,ALL UTILIZATION PRACTICES,PRICE RECEIVED,$ / CWT,"HOGS, BARROWS & GILTS - PRICE RECEIVED, MEASURED IN $ / CWT",TOTAL,NOT SPECIFIED,NATIONAL,,99,US,US TOTAL,,,,,,,,0,,,9000,UNITED STATES,US TOTAL,2007,MONTHLY,10,10,OCT,,2012-01-01 00:00:00.000,43.1,
SURVEY,ANIMALS & PRODUCTS,LIVESTOCK,HOGS,BARROWS & GILTS,ALL PRODUCTION PRACTICES,ALL UTILIZATION PRACTICES,PRICE RECEIVED,$ / CWT,"HOGS, BARROWS & GILTS - PRICE RECEIVED, MEASURED IN $ / CWT",TOTAL,NOT SPECIFIED,NATIONAL,,99,US,US TOTAL,,,,,,,,0,,,9000,UNITED STATES,US TOTAL,2007,MONTHLY,11,11,NOV,,2012-01-01 00:00:00.000,38.5,
SURVEY,ANIMALS & PRODUCTS,LIVESTOCK,HOGS,BARROWS & GILTS,ALL PRODUCTION PRACTICES,ALL UTILIZATION PRACTICES,PRICE RECEIVED,$ / CWT,"HOGS, BARROWS & GILTS - PRICE RECEIVED, MEASURED IN $ / CWT",TOTAL,NOT SPECIFIED,NATIONAL,,99,US,US TOTAL,,,,,,,,0,,,9000,UNITED STATES,US TOTAL,2007,MONTHLY,12,12,DEC,,2012-01-01 00:00:00.000,40.5,
SURVEY,ANIMALS & PRODUCTS,LIVESTOCK,HOGS,BARROWS & GILTS,ALL PRODUCTION PRACTICES,ALL UTILIZATION PRACTICES,PRICE RECEIVED,$ / CWT,"HOGS, BARROWS & GILTS - PRICE RECEIVED, MEASURED IN $ / CWT",TOTAL,NOT SPECIFIED,NATIONAL,,99,US,US TOTAL,,,,,,,,0,,,9000,UNITED STATES,US TOTAL,2006,ANNUAL,0,0,MARKETING YEAR,,2012-01-01 00:00:00.000,46.6,
SURVEY,ANIMALS & PRODUCTS,LIVESTOCK,HOGS,BARROWS & GILTS,ALL PRODUCTION PRACTICES,ALL UTILIZATION PRACTICES,PRICE RECEIVED,$ / CWT,"HOGS, BARROWS & GILTS - PRICE RECEIVED, MEASURED IN $ / CWT",TOTAL,NOT SPECIFIED,NATIONAL,,99,US,US TOTAL,,,,,,,,0,,,9000,UNITED STATES,US TOTAL,2006,MONTHLY,1,1,JAN,,2012-01-01 00:00:00.000,41.1,
SURVEY,ANIMALS & PRODUCTS,LIVESTOCK,HOGS,BARROWS & GILTS,ALL PRODUCTION PRACTICES,ALL UTILIZATION PRACTICES,PRICE RECEIVED,$ / CWT,"HOGS, BARROWS & GILTS - PRICE RECEIVED, MEASURED IN $ / CWT",TOTAL,NOT SPECIFIED,NATIONAL,,99,US,US TOTAL,,,,,,,,0,,,9000,UNITED STATES,US TOTAL,2006,MONTHLY,2,2,FEB,,2012-01-01 00:00:00.000,43.2,
SURVEY,ANIMALS & PRODUCTS,LIVESTOCK,HOGS,BARROWS & GILTS,ALL PRODUCTION PRACTICES,ALL UTILIZATION PRACTICES,PRICE RECEIVED,$ / CWT,"HOGS, BARROWS & GILTS - PRICE RECEIVED, MEASURED IN $ / CWT",TOTAL,NOT SPECIFIED,NATIONAL,,99,US,US TOTAL,,,,,,,,0,,,9000,UNITED STATES,US TOTAL,2006,MONTHLY,3,3,MAR,,2012-01-01 00:00:00.000,43.2,
SURVEY,ANIMALS & PRODUCTS,LIVESTOCK,HOGS,BARROWS & GILTS,ALL PRODUCTION PRACTICES,ALL UTILIZATION PRACTICES,PRICE RECEIVED,$ / CWT,"HOGS, BARROWS & GILTS - PRICE RECEIVED, MEASURED IN $ / CWT",TOTAL,NOT SPECIFIED,NATIONAL,,99,US,US TOTAL,,,,,,,,0,,,9000,UNITED STATES,US TOTAL,2006,MONTHLY,4,4,APR,,2012-01-01 00:00:00.000,41.8,
SURVEY,ANIMALS & PRODUCTS,LIVESTOCK,HOGS,BARROWS & GILTS,ALL PRODUCTION PRACTICES,ALL UTILIZATION PRACTICES,PRICE RECEIVED,$ / CWT,"HOGS, BARROWS & GILTS - PRICE RECEIVED, MEASURED IN $ / CWT",TOTAL,NOT SPECIFIED,NATIONAL,,99,US,US TOTAL,,,,,,,,0,,,9000,UNITED STATES,US TOTAL,2006,MONTHLY,5,5,MAY,,2012-01-01 00:00:00.000,48.9,
SURVEY,ANIMALS & PRODUCTS,LIVESTOCK,HOGS,BARROWS & GILTS,ALL PRODUCTION PRACTICES,ALL UTILIZATION PRACTICES,PRICE RECEIVED,$ / CWT,"HOGS, BARROWS & GILTS - PRICE RECEIVED, MEASURED IN $ / CWT",TOTAL,NOT SPECIFIED,NATIONAL,,99,US,US TOTAL,,,,,,,,0,,,9000,UNITED STATES,US TOTAL,2006,MONTHLY,6,6,JUN,,2012-01-01 00:00:00.000,54.8,
SURVEY,ANIMALS & PRODUCTS,LIVESTOCK,HOGS,BARROWS & GILTS,ALL PRODUCTION PRACTICES,ALL UTILIZATION PRACTICES,PRICE RECEIVED,$ / CWT,"HOGS, BARROWS & GILTS - PRICE RECEIVED, MEASURED IN $ / CWT",TOTAL,NOT SPECIFIED,NATIONAL,,99,US,US TOTAL,,,,,,,,0,,,9000,UNITED STATES,US TOTAL,2006,MONTHLY,7,7,JUL,,2012-01-01 00:00:00.000,51.1,
SURVEY,ANIMALS & PRODUCTS,LIVESTOCK,HOGS,BARROWS & GILTS,ALL PRODUCTION PRACTICES,ALL UTILIZATION PRACTICES,PRICE RECEIVED,$ / CWT,"HOGS, BARROWS & GILTS - PRICE RECEIVED, MEASURED IN $ / CWT",TOTAL,NOT SPECIFIED,NATIONAL,,99,US,US TOTAL,,,,,,,,0,,,9000,UNITED STATES,US TOTAL,2006,MONTHLY,8,8,AUG,,2012-01-01 00:00:00.000,52.5,
SURVEY,ANIMALS & PRODUCTS,LIVESTOCK,HOGS,BARROWS & GILTS,ALL PRODUCTION PRACTICES,ALL UTILIZATION PRACTICES,PRICE RECEIVED,$ / CWT,"HOGS, BARROWS & GILTS - PRICE RECEIVED, MEASURED IN $ / CWT",TOTAL,NOT SPECIFIED,NATIONAL,,99,US,US TOTAL,,,,,,,,0,,,9000,UNITED STATES,US TOTAL,2006,MONTHLY,9,9,SEP,,2012-01-01 00:00:00.000,49.5,
SURVEY,ANIMALS & PRODUCTS,LIVESTOCK,HOGS,BARROWS & GILTS,ALL PRODUCTION PRACTICES,ALL UTILIZATION PRACTICES,PRICE RECEIVED,$ / CWT,"HOGS, BARROWS & GILTS - PRICE RECEIVED, MEASURED IN $ / CWT",TOTAL,NOT SPECIFIED,NATIONAL,,99,US,US TOTAL,,,,,,,,0,,,9000,UNITED STATES,US TOTAL,2006,MONTHLY,10,10,OCT,,2012-01-01 00:00:00.000,46.9,
SURVEY,ANIMALS & PRODUCTS,LIVESTOCK,HOGS,BARROWS & GILTS,ALL PRODUCTION PRACTICES,ALL UTILIZATION PRACTICES,PRICE RECEIVED,$ / CWT,"HOGS, BARROWS & GILTS - PRICE RECEIVED, MEASURED IN $ / CWT",TOTAL,NOT SPECIFIED,NATIONAL,,99,US,US TOTAL,,,,,,,,0,,,9000,UNITED STATES,US TOTAL,2006,MONTHLY,11,11,NOV,,2012-01-01 00:00:00.000,45.3,
SURVEY,ANIMALS & PRODUCTS,LIVESTOCK,HOGS,BARROWS & GILTS,ALL PRODUCTION PRACTICES,ALL UTILIZATION PRACTICES,PRICE RECEIVED,$ / CWT,"HOGS, BARROWS & GILTS - PRICE RECEIVED, MEASURED IN $ / CWT",TOTAL,NOT SPECIFIED,NATIONAL,,99,US,US TOTAL,,,,,,,,0,,,9000,UNITED STATES,US TOTAL,2006,MONTHLY,12,12,DEC,,2012-01-01 00:00:00.000,44.1,
SURVEY,ANIMALS & PRODUCTS,LIVESTOCK,HOGS,BARROWS & GILTS,ALL PRODUCTION PRACTICES,ALL UTILIZATION PRACTICES,PRICE RECEIVED,$ / CWT,"HOGS, BARROWS & GILTS - PRICE RECEIVED, MEASURED IN $ / CWT",TOTAL,NOT SPECIFIED,NATIONAL,,99,US,US TOTAL,,,,,,,,0,,,9000,UNITED STATES,US TOTAL,2005,ANNUAL,0,0,MARKETING YEAR,,2012-01-01 00:00:00.000,50.7,
SURVEY,ANIMALS & PRODUCTS,LIVESTOCK,HOGS,BARROWS & GILTS,ALL PRODUCTION PRACTICES,ALL UTILIZATION PRACTICES,PRICE RECEIVED,$ / CWT,"HOGS, BARROWS & GILTS - PRICE RECEIVED, MEASURED IN $ / CWT",TOTAL,NOT SPECIFIED,NATIONAL,,99,US,US TOTAL,,,,,,,,0,,,9000,UNITED STATES,US TOTAL,2005,MONTHLY,1,1,JAN,,2012-01-01 00:00:00.000,53.4,
SURVEY,ANIMALS & PRODUCTS,LIVESTOCK,HOGS,BARROWS & GILTS,ALL PRODUCTION PRACTICES,ALL UTILIZATION PRACTICES,PRICE RECEIVED,$ / CWT,"HOGS, BARROWS & GILTS - PRICE RECEIVED, MEASURED IN $ / CWT",TOTAL,NOT SPECIFIED,NATIONAL,,99,US,US TOTAL,,,,,,,,0,,,9000,UNITED STATES,US TOTAL,2005,MONTHLY,2,2,FEB,,2012-01-01 00:00:00.000,51.0,
SURVEY,ANIMALS & PRODUCTS,LIVESTOCK,HOGS,BARROWS & GILTS,ALL PRODUCTION PRACTICES,ALL UTILIZATION PRACTICES,PRICE RECEIVED,$ / CWT,"HOGS, BARROWS & GILTS - PRICE RECEIVED, MEASURED IN $ / CWT",TOTAL,NOT SPECIFIED,NATIONAL,,99,US,US TOTAL,,,,,,,,0,,,9000,UNITED STATES,US TOTAL,2005,MONTHLY,3,3,MAR,,2012-01-01 00:00:00.000,51.5,
SURVEY,ANIMALS & PRODUCTS,LIVESTOCK,HOGS,BARROWS & GILTS,ALL PRODUCTION PRACTICES,ALL UTILIZATION PRACTICES,PRICE RECEIVED,$ / CWT,"HOGS, BARROWS & GILTS - PRICE RECEIVED, MEASURED IN $ / CWT",TOTAL,NOT SPECIFIED,NATIONAL,,99,US,US TOTAL,,,,,,,,0,,,9000,UNITED STATES,US TOTAL,2005,MONTHLY,4,4,APR,,2012-01-01 00:00:00.000,51.5,
SURVEY,ANIMALS & PRODUCTS,LIVESTOCK,HOGS,BARROWS & GILTS,ALL PRODUCTION PRACTICES,ALL UTILIZATION PRACTICES,PRICE RECEIVED,$ / CWT,"HOGS, BARROWS & GILTS - PRICE RECEIVED, MEASURED IN $ / CWT",TOTAL,NOT SPECIFIED,NATIONAL,,99,US,US TOTAL,,,,,,,,0,,,9000,UNITED STATES,US TOTAL,2005,MONTHLY,5,5,MAY,,2012-01-01 00:00:00.000,55.5,
SURVEY,ANIMALS & PRODUCTS,LIVESTOCK,HOGS,BARROWS & GILTS,ALL PRODUCTION PRACTICES,ALL UTILIZATION PRACTICES,PRICE RECEIVED,$ / CWT,"HOGS, BARROWS & GILTS - PRICE RECEIVED, MEASURED IN $ / CWT",TOTAL,NOT SPECIFIED,NATIONAL,,99,US,US TOTAL,,,,,,,,0,,,9000,UNITED STATES,US TOTAL,2005,MONTHLY,6,6,JUN,,2012-01-01 00:00:00.000,49.9,
SURVEY,ANIMALS & PRODUCTS,LIVESTOCK,HOGS,BARROWS & GILTS,ALL PRODUCTION PRACTICES,ALL UTILIZATION PRACTICES,PRICE RECEIVED,$ / CWT,"HOGS, BARROWS & GILTS - PRICE RECEIVED, MEASURED IN $ / CWT",TOTAL,NOT SPECIFIED,NATIONAL,,99,US,US TOTAL,,,,,,,,0,,,9000,UNITED STATES,US TOTAL,2005,MONTHLY,7,7,JUL,,2012-01-01 00:00:00.000,50.4,
SURVEY,ANIMALS & PRODUCTS,LIVESTOCK,HOGS,BARROWS & GILTS,ALL PRODUCTION PRACTICES,ALL UTILIZATION PRACTICES,PRICE RECEIVED,$ / CWT,"HOGS, BARROWS & GILTS - PRICE RECEIVED, MEASURED IN $ / CWT",TOTAL,NOT SPECIFIED,NATIONAL,,99,US,US TOTAL,,,,,,,,0,,,9000,UNITED STATES,US TOTAL,2005,MONTHLY,8,8,AUG,,2012-01-01 00:00:00.000,51.6,
SURVEY,ANIMALS & PRODUCTS,LIVESTOCK,HOGS,BARROWS & GILTS,ALL PRODUCTION PRACTICES,ALL UTILIZATION PRACTICES,PRICE RECEIVED,$ / CWT,"HOGS, BARROWS & GILTS - PRICE RECEIVED, MEASURED IN $ / CWT",TOTAL,NOT SPECIFIED,NATIONAL,,99,US,US TOTAL,,,,,,,,0,,,9000,UNITED STATES,US TOTAL,2005,MONTHLY,9,9,SEP,,2012-01-01 00:00:00.000,49.9,
SURVEY,ANIMALS & PRODUCTS,LIVESTOCK,HOGS,BARROWS & GILTS,ALL PRODUCTION PRACTICES,ALL UTILIZATION PRACTICES,PRICE RECEIVED,$ / CWT,"HOGS, BARROWS & GILTS - PRICE RECEIVED, MEASURED IN $ / CWT",TOTAL,NOT SPECIFIED,NATIONAL,,99,US,US TOTAL,,,,,,,,0,,,9000,UNITED STATES,US TOTAL,2005,MONTHLY,10,10,OCT,,2012-01-01 00:00:00.000,47.3,
SURVEY,ANIMALS & PRODUCTS,LIVESTOCK,HOGS,BARROWS & GILTS,ALL PRODUCTION PRACTICES,ALL UTILIZATION PRACTICES,PRICE RECEIVED,$ / CWT,"HOGS, BARROWS & GILTS - PRICE RECEIVED, MEASURED IN $ / CWT",TOTAL,NOT SPECIFIED,NATIONAL,,99,US,US TOTAL,,,,,,,,0,,,9000,UNITED STATES,US TOTAL,2005,MONTHLY,11,11,NOV,,2012-01-01 00:00:00.000,43.8,
SURVEY,ANIMALS & PRODUCTS,LIVESTOCK,HOGS,BARROWS & GILTS,ALL PRODUCTION PRACTICES,ALL UTILIZATION PRACTICES,PRICE RECEIVED,$ / CWT,"HOGS, BARROWS & GILTS - PRICE RECEIVED, MEASURED IN $ / CWT",TOTAL,NOT SPECIFIED,NATIONAL,,99,US,US TOTAL,,,,,,,,0,,,9000,UNITED STATES,US TOTAL,2005,MONTHLY,12,12,DEC,,2012-01-01 00:00:00.000,44.5,
SURVEY,ANIMALS & PRODUCTS,LIVESTOCK,HOGS,BARROWS & GILTS,ALL PRODUCTION PRACTICES,ALL UTILIZATION PRACTICES,PRICE RECEIVED,$ / CWT,"HOGS, BARROWS & GILTS - PRICE RECEIVED, MEASURED IN $ / CWT",TOTAL,NOT SPECIFIED,NATIONAL,,99,US,US TOTAL,,,,,,,,0,,,9000,UNITED STATES,US TOTAL,2004,ANNUAL,0,0,MARKETING YEAR,,2012-01-01 00:00:00.000,49.8,
SURVEY,ANIMALS & PRODUCTS,LIVESTOCK,HOGS,BARROWS & GILTS,ALL PRODUCTION PRACTICES,ALL UTILIZATION PRACTICES,PRICE RECEIVED,$ / CWT,"HOGS, BARROWS & GILTS - PRICE RECEIVED, MEASURED IN $ / CWT",TOTAL,NOT SPECIFIED,NATIONAL,,99,US,US TOTAL,,,,,,,,0,,,9000,UNITED STATES,US TOTAL,2004,MONTHLY,1,1,JAN,,2012-01-01 00:00:00.000,37.0,
SURVEY,ANIMALS & PRODUCTS,LIVESTOCK,HOGS,BARROWS & GILTS,ALL PRODUCTION PRACTICES,ALL UTILIZATION PRACTICES,PRICE RECEIVED,$ / CWT,"HOGS, BARROWS & GILTS - PRICE RECEIVED, MEASURED IN $ / CWT",TOTAL,NOT SPECIFIED,NATIONAL,,99,US,US TOTAL,,,,,,,,0,,,9000,UNITED STATES,US TOTAL,2004,MONTHLY,2,2,FEB,,2012-01-01 00:00:00.000,43.0,
SURVEY,ANIMALS & PRODUCTS,LIVESTOCK,HOGS,BARROWS & GILTS,ALL PRODUCTION PRACTICES,ALL UTILIZATION PRACTICES,PRICE RECEIVED,$ / CWT,"HOGS, BARROWS & GILTS - PRICE RECEIVED, MEASURED IN $ / CWT",TOTAL,NOT SPECIFIED,NATIONAL,,99,US,US TOTAL,,,,,,,,0,,,9000,UNITED STATES,US TOTAL,2004,MONTHLY,3,3,MAR,,2012-01-01 00:00:00.000,47.6,
SURVEY,ANIMALS & PRODUCTS,LIVESTOCK,HOGS,BARROWS & GILTS,ALL PRODUCTION PRACTICES,ALL UTILIZATION PRACTICES,PRICE RECEIVED,$ / CWT,"HOGS, BARROWS & GILTS - PRICE RECEIVED, MEASURED IN $ / CWT",TOTAL,NOT SPECIFIED,NATIONAL,,99,US,US TOTAL,,,,,,,,0,,,9000,UNITED STATES,US TOTAL,2004,MONTHLY,4,4,APR,,2012-01-01 00:00:00.000,47.7,
SURVEY,ANIMALS & PRODUCTS,LIVESTOCK,HOGS,BARROWS & GILTS,ALL PRODUCTION PRACTICES,ALL UTILIZATION PRACTICES,PRICE RECEIVED,$ / CWT,"HOGS, BARROWS & GILTS - PRICE RECEIVED, MEASURED IN $ / CWT",TOTAL,NOT SPECIFIED,NATIONAL,,99,US,US TOTAL,,,,,,,,0,,,9000,UNITED STATES,US TOTAL,2004,MONTHLY,5,5,MAY,,2012-01-01 00:00:00.000,57.3,
SURVEY,ANIMALS & PRODUCTS,LIVESTOCK,HOGS,BARROWS & GILTS,ALL PRODUCTION PRACTICES,ALL UTILIZATION PRACTICES,PRICE RECEIVED,$ / CWT,"HOGS, BARROWS & GILTS - PRICE RECEIVED, MEASURED IN $ / CWT",TOTAL,NOT SPECIFIED,NATIONAL,,99,US,US TOTAL,,,,,,,,0,,,9000,UNITED STATES,US TOTAL,2004,MONTHLY,6,6,JUN,,2012-01-01 00:00:00.000,57.2,
SURVEY,ANIMALS & PRODUCTS,LIVESTOCK,HOGS,BARROWS & GILTS,ALL PRODUCTION PRACTICES,ALL UTILIZATION PRACTICES,PRICE RECEIVED,$ / CWT,"HOGS, BARROWS & GILTS - PRICE RECEIVED, MEASURED IN $ / CWT",TOTAL,NOT SPECIFIED,NATIONAL,,99,US,US TOTAL,,,,,,,,0,,,9000,UNITED STATES,US TOTAL,2004,MONTHLY,7,7,JUL,,2012-01-01 00:00:00.000,57.6,
SURVEY,ANIMALS & PRODUCTS,LIVESTOCK,HOGS,BARROWS & GILTS,ALL PRODUCTION PRACTICES,ALL UTILIZATION PRACTICES,PRICE RECEIVED,$ / CWT,"HOGS, BARROWS & GILTS - PRICE RECEIVED, MEASURED IN $ / CWT",TOTAL,NOT SPECIFIED,NATIONAL,,99,US,US TOTAL,,,,,,,,0,,,9000,UNITED STATES,US TOTAL,2004,MONTHLY,8,8,AUG,,2012-01-01 00:00:00.000,55.8,
SURVEY,ANIMALS & PRODUCTS,LIVESTOCK,HOGS,BARROWS & GILTS,ALL PRODUCTION PRACTICES,ALL UTILIZATION PRACTICES,PRICE RECEIVED,$ / CWT,"HOGS, BARROWS & GILTS - PRICE RECEIVED, MEASURED IN $ / CWT",TOTAL,NOT SPECIFIED,NATIONAL,,99,US,US TOTAL,,,,,,,,0,,,9000,UNITED STATES,US TOTAL,2004,MONTHLY,9,9,SEP,,2012-01-01 00:00:00.000,55.4,
SURVEY,ANIMALS & PRODUCTS,LIVESTOCK,HOGS,BARROWS & GILTS,ALL PRODUCTION PRACTICES,ALL UTILIZATION PRACTICES,PRICE RECEIVED,$ / CWT,"HOGS, BARROWS & GILTS - PRICE RECEIVED, MEASURED IN $ / CWT",TOTAL,NOT SPECIFIED,NATIONAL,,99,US,US TOTAL,,,,,,,,0,,,9000,UNITED STATES,US TOTAL,2004,MONTHLY,10,10,OCT,,2012-01-01 00:00:00.000,52.7,
SURVEY,ANIMALS & PRODUCTS,LIVESTOCK,HOGS,BARROWS & GILTS,ALL PRODUCTION PRACTICES,ALL UTILIZATION PRACTICES,PRICE RECEIVED,$ / CWT,"HOGS, BARROWS & GILTS - PRICE RECEIVED, MEASURED IN $ / CWT",TOTAL,NOT SPECIFIED,NATIONAL,,99,US,US TOTAL,,,,,,,,0,,,9000,UNITED STATES,US TOTAL,2004,MONTHLY,11,11,NOV,,2012-01-01 00:00:00.000,56.1,
SURVEY,ANIMALS & PRODUCTS,LIVESTOCK,HOGS,BARROWS & GILTS,ALL PRODUCTION PRACTICES,ALL UTILIZATION PRACTICES,PRICE RECEIVED,$ / CWT,"HOGS, BARROWS & GILTS - PRICE RECEIVED, MEASURED IN $ / CWT",TOTAL,NOT SPECIFIED,NATIONAL,,99,US,US TOTAL,,,,,,,,0,,,9000,UNITED STATES,US TOTAL,2004,MONTHLY,12,12,DEC,,2012-01-01 00:00:00.000,52.7,
SURVEY,ANIMALS & PRODUCTS,LIVESTOCK,HOGS,BARROWS & GILTS,ALL PRODUCTION PRACTICES,ALL UTILIZATION PRACTICES,PRICE RECEIVED,$ / CWT,"HOGS, BARROWS & GILTS - PRICE RECEIVED, MEASURED IN $ / CWT",TOTAL,NOT SPECIFIED,NATIONAL,,99,US,US TOTAL,,,,,,,,0,,,9000,UNITED STATES,US TOTAL,2003,ANNUAL,0,0,MARKETING YEAR,,2012-01-01 00:00:00.000,37.6,
SURVEY,ANIMALS & PRODUCTS,LIVESTOCK,HOGS,BARROWS & GILTS,ALL PRODUCTION PRACTICES,ALL UTILIZATION PRACTICES,PRICE RECEIVED,$ / CWT,"HOGS, BARROWS & GILTS - PRICE RECEIVED, MEASURED IN $ / CWT",TOTAL,NOT SPECIFIED,NATIONAL,,99,US,US TOTAL,,,,,,,,0,,,9000,UNITED STATES,US TOTAL,2003,MONTHLY,1,1,JAN,,2012-01-01 00:00:00.000,33.5,
SURVEY,ANIMALS & PRODUCTS,LIVESTOCK,HOGS,BARROWS & GILTS,ALL PRODUCTION PRACTICES,ALL UTILIZATION PRACTICES,PRICE RECEIVED,$ / CWT,"HOGS, BARROWS & GILTS - PRICE RECEIVED, MEASURED IN $ / CWT",TOTAL,NOT SPECIFIED,NATIONAL,,99,US,US TOTAL,,,,,,,,0,,,9000,UNITED STATES,US TOTAL,2003,MONTHLY,2,2,FEB,,2012-01-01 00:00:00.000,34.9,
SURVEY,ANIMALS & PRODUCTS,LIVESTOCK,HOGS,BARROWS & GILTS,ALL PRODUCTION PRACTICES,ALL UTILIZATION PRACTICES,PRICE RECEIVED,$ / CWT,"HOGS, BARROWS & GILTS - PRICE RECEIVED, MEASURED IN $ / CWT",TOTAL,NOT SPECIFIED,NATIONAL,,99,US,US TOTAL,,,,,,,,0,,,9000,UNITED STATES,US TOTAL,2003,MONTHLY,3,3,MAR,,2012-01-01 00:00:00.000,35.2,
SURVEY,ANIMALS & PRODUCTS,LIVESTOCK,HOGS,BARROWS & GILTS,ALL PRODUCTION PRACTICES,ALL UTILIZATION PRACTICES,PRICE RECEIVED,$ / CWT,"HOGS, BARROWS & GILTS - PRICE RECEIVED, MEASURED IN $ / CWT",TOTAL,NOT SPECIFIED,NATIONAL,,99,US,US TOTAL,,,,,,,,0,,,9000,UNITED STATES,US TOTAL,2003,MONTHLY,4,4,APR,,2012-01-01 00:00:00.000,35.3,
SURVEY,ANIMALS & PRODUCTS,LIVESTOCK,HOGS,BARROWS & GILTS,ALL PRODUCTION PRACTICES,ALL UTILIZATION PRACTICES,PRICE RECEIVED,$ / CWT,"HOGS, BARROWS & GILTS - PRICE RECEIVED, MEASURED IN $ / CWT",TOTAL,NOT SPECIFIED,NATIONAL,,99,US,US TOTAL,,,,,,,,0,,,9000,UNITED STATES,US TOTAL,2003,MONTHLY,5,5,MAY,,2012-01-01 00:00:00.000,41.8,
SURVEY,ANIMALS & PRODUCTS,LIVESTOCK,HOGS,BARROWS & GILTS,ALL PRODUCTION PRACTICES,ALL UTILIZATION PRACTICES,PRICE RECEIVED,$ / CWT,"HOGS, BARROWS & GILTS - PRICE RECEIVED, MEASURED IN $ / CWT",TOTAL,NOT SPECIFIED,NATIONAL,,99,US,US TOTAL,,,,,,,,0,,,9000,UNITED STATES,US TOTAL,2003,MONTHLY,6,6,JUN,,2012-01-01 00:00:00.000,45.7,
SURVEY,ANIMALS & PRODUCTS,LIVESTOCK,HOGS,BARROWS & GILTS,ALL PRODUCTION PRACTICES,ALL UTILIZATION PRACTICES,PRICE RECEIVED,$ / CWT,"HOGS, BARROWS & GILTS - PRICE RECEIVED, MEASURED IN $ / CWT",TOTAL,NOT SPECIFIED,NATIONAL,,99,US,US TOTAL,,,,,,,,0,,,9000,UNITED STATES,US TOTAL,2003,MONTHLY,7,7,JUL,,2012-01-01 00:00:00.000,43.2,
SURVEY,ANIMALS & PRODUCTS,LIVESTOCK,HOGS,BARROWS & GILTS,ALL PRODUCTION PRACTICES,ALL UTILIZATION PRACTICES,PRICE RECEIVED,$ / CWT,"HOGS, BARROWS & GILTS - PRICE RECEIVED, MEASURED IN $ / CWT",TOTAL,NOT SPECIFIED,NATIONAL,,99,US,US TOTAL,,,,,,,,0,,,9000,UNITED STATES,US TOTAL,2003,MONTHLY,8,8,AUG,,2012-01-01 00:00:00.000,39.9,
SURVEY,ANIMALS & PRODUCTS,LIVESTOCK,HOGS,BARROWS & GILTS,ALL PRODUCTION PRACTICES,ALL UTILIZATION PRACTICES,PRICE RECEIVED,$ / CWT,"HOGS, BARROWS & GILTS - PRICE RECEIVED, MEASURED IN $ / CWT",TOTAL,NOT SPECIFIED,NATIONAL,,99,US,US TOTAL,,,,,,,,0,,,9000,UNITED STATES,US TOTAL,2003,MONTHLY,9,9,SEP,,2012-01-01 00:00:00.000,40.1,
SURVEY,ANIMALS & PRODUCTS,LIVESTOCK,HOGS,BARROWS & GILTS,ALL PRODUCTION PRACTICES,ALL UTILIZATION PRACTICES,PRICE RECEIVED,$ / CWT,"HOGS, BARROWS & GILTS - PRICE RECEIVED, MEASURED IN $ / CWT",TOTAL,NOT SPECIFIED,NATIONAL,,99,US,US TOTAL,,,,,,,,0,,,9000,UNITED STATES,US TOTAL,2003,MONTHLY,10,10,OCT,,2012-01-01 00:00:00.000,37.0,
SURVEY,ANIMALS & PRODUCTS,LIVESTOCK,HOGS,BARROWS & GILTS,ALL PRODUCTION PRACTICES,ALL UTILIZATION PRACTICES,PRICE RECEIVED,$ / CWT,"HOGS, BARROWS & GILTS - PRICE RECEIVED, MEASURED IN $ / CWT",TOTAL,NOT SPECIFIED,NATIONAL,,99,US,US TOTAL,,,,,,,,0,,,9000,UNITED STATES,US TOTAL,2003,MONTHLY,11,11,NOV,,2012-01-01 00:00:00.000,34.9,
SURVEY,ANIMALS & PRODUCTS,LIVESTOCK,HOGS,BARROWS & GILTS,ALL PRODUCTION PRACTICES,ALL UTILIZATION PRACTICES,PRICE RECEIVED,$ / CWT,"HOGS, BARROWS & GILTS - PRICE RECEIVED, MEASURED IN $ / CWT",TOTAL,NOT SPECIFIED,NATIONAL,,99,US,US TOTAL,,,,,,,,0,,,9000,UNITED STATES,US TOTAL,2003,MONTHLY,12,12,DEC,,2012-01-01 00:00:00.000,34.5,
SURVEY,ANIMALS & PRODUCTS,LIVESTOCK,HOGS,BARROWS & GILTS,ALL PRODUCTION PRACTICES,ALL UTILIZATION PRACTICES,PRICE RECEIVED,$ / CWT,"HOGS, BARROWS & GILTS - PRICE RECEIVED, MEASURED IN $ / CWT",TOTAL,NOT SPECIFIED,NATIONAL,,99,US,US TOTAL,,,,,,,,0,,,9000,UNITED STATES,US TOTAL,2002,MONTHLY,1,1,JAN,,2012-01-01 00:00:00.000,38.3,
SURVEY,ANIMALS & PRODUCTS,LIVESTOCK,HOGS,BARROWS & GILTS,ALL PRODUCTION PRACTICES,ALL UTILIZATION PRACTICES,PRICE RECEIVED,$ / CWT,"HOGS, BARROWS & GILTS - PRICE RECEIVED, MEASURED IN $ / CWT",TOTAL,NOT SPECIFIED,NATIONAL,,99,US,US TOTAL,,,,,,,,0,,,9000,UNITED STATES,US TOTAL,2002,MONTHLY,2,2,FEB,,2012-01-01 00:00:00.000,39.0,
SURVEY,ANIMALS & PRODUCTS,LIVESTOCK,HOGS,BARROWS & GILTS,ALL PRODUCTION PRACTICES,ALL UTILIZATION PRACTICES,PRICE RECEIVED,$ / CWT,"HOGS, BARROWS & GILTS - PRICE RECEIVED, MEASURED IN $ / CWT",TOTAL,NOT SPECIFIED,NATIONAL,,99,US,US TOTAL,,,,,,,,0,,,9000,UNITED STATES,US TOTAL,2002,MONTHLY,3,3,MAR,,2012-01-01 00:00:00.000,36.3,
SURVEY,ANIMALS & PRODUCTS,LIVESTOCK,HOGS,BARROWS & GILTS,ALL PRODUCTION PRACTICES,ALL UTILIZATION PRACTICES,PRICE RECEIVED,$ / CWT,"HOGS, BARROWS & GILTS - PRICE RECEIVED, MEASURED IN $ / CWT",TOTAL,NOT SPECIFIED,NATIONAL,,99,US,US TOTAL,,,,,,,,0,,,9000,UNITED STATES,US TOTAL,2002,MONTHLY,4,4,APR,,2012-01-01 00:00:00.000,32.0,
SURVEY,ANIMALS & PRODUCTS,LIVESTOCK,HOGS,BARROWS & GILTS,ALL PRODUCTION PRACTICES,ALL UTILIZATION PRACTICES,PRICE RECEIVED,$ / CWT,"HOGS, BARROWS & GILTS - PRICE RECEIVED, MEASURED IN $ / CWT",TOTAL,NOT SPECIFIED,NATIONAL,,99,US,US TOTAL,,,,,,,,0,,,9000,UNITED STATES,US TOTAL,2002,MONTHLY,5,5,MAY,,2012-01-01 00:00:00.000,33.6,
SURVEY,ANIMALS & PRODUCTS,LIVESTOCK,HOGS,BARROWS & GILTS,ALL PRODUCTION PRACTICES,ALL UTILIZATION PRACTICES,PRICE RECEIVED,$ / CWT,"HOGS, BARROWS & GILTS - PRICE RECEIVED, MEASURED IN $ / CWT",TOTAL,NOT SPECIFIED,NATIONAL,,99,US,US TOTAL,,,,,,,,0,,,9000,UNITED STATES,US TOTAL,2002,MONTHLY,6,6,JUN,,2012-01-01 00:00:00.000,36.6,
SURVEY,ANIMALS & PRODUCTS,LIVESTOCK,HOGS,BARROWS & GILTS,ALL PRODUCTION PRACTICES,ALL UTILIZATION PRACTICES,PRICE RECEIVED,$ / CWT,"HOGS, BARROWS & GILTS - PRICE RECEIVED, MEASURED IN $ / CWT",TOTAL,NOT SPECIFIED,NATIONAL,,99,US,US TOTAL,,,,,,,,0,,,9000,UNITED STATES,US TOTAL,2002,MONTHLY,7,7,JUL,,2012-01-01 00:00:00.000,40.2,
SURVEY,ANIMALS & PRODUCTS,LIVESTOCK,HOGS,BARROWS & GILTS,ALL PRODUCTION PRACTICES,ALL UTILIZATION PRACTICES,PRICE RECEIVED,$ / CWT,"HOGS, BARROWS & GILTS - PRICE RECEIVED, MEASURED IN $ / CWT",TOTAL,NOT SPECIFIED,NATIONAL,,99,US,US TOTAL,,,,,,,,0,,,9000,UNITED STATES,US TOTAL,2002,MONTHLY,8,8,AUG,,2012-01-01 00:00:00.000,32.6,
SURVEY,ANIMALS & PRODUCTS,LIVESTOCK,HOGS,BARROWS & GILTS,ALL PRODUCTION PRACTICES,ALL UTILIZATION PRACTICES,PRICE RECEIVED,$ / CWT,"HOGS, BARROWS & GILTS - PRICE RECEIVED, MEASURED IN $ / CWT",TOTAL,NOT SPECIFIED,NATIONAL,,99,US,US TOTAL,,,,,,,,0,,,9000,UNITED STATES,US TOTAL,2002,MONTHLY,9,9,SEP,,2012-01-01 00:00:00.000,27.1,
SURVEY,ANIMALS & PRODUCTS,LIVESTOCK,HOGS,BARROWS & GILTS,ALL PRODUCTION PRACTICES,ALL UTILIZATION PRACTICES,PRICE RECEIVED,$ / CWT,"HOGS, BARROWS & GILTS - PRICE RECEIVED, MEASURED IN $ / CWT",TOTAL,NOT SPECIFIED,NATIONAL,,99,US,US TOTAL,,,,,,,,0,,,9000,UNITED STATES,US TOTAL,2002,MONTHLY,10,10,OCT,,2012-01-01 00:00:00.000,31.4,
SURVEY,ANIMALS & PRODUCTS,LIVESTOCK,HOGS,BARROWS & GILTS,ALL PRODUCTION PRACTICES,ALL UTILIZATION PRACTICES,PRICE RECEIVED,$ / CWT,"HOGS, BARROWS & GILTS - PRICE RECEIVED, MEASURED IN $ / CWT",TOTAL,NOT SPECIFIED,NATIONAL,,99,US,US TOTAL,,,,,,,,0,,,9000,UNITED STATES,US TOTAL,2002,MONTHLY,11,11,NOV,,2012-01-01 00:00:00.000,28.1,
SURVEY,ANIMALS & PRODUCTS,LIVESTOCK,HOGS,BARROWS & GILTS,ALL PRODUCTION PRACTICES,ALL UTILIZATION PRACTICES,PRICE RECEIVED,$ / CWT,"HOGS, BARROWS & GILTS - PRICE RECEIVED, MEASURED IN $ / CWT",TOTAL,NOT SPECIFIED,NATIONAL,,99,US,US TOTAL,,,,,,,,0,,,9000,UNITED STATES,US TOTAL,2002,MONTHLY,12,12,DEC,,2012-01-01 00:00:00.000,30.7,
SURVEY,ANIMALS & PRODUCTS,LIVESTOCK,HOGS,BARROWS & GILTS,ALL PRODUCTION PRACTICES,ALL UTILIZATION PRACTICES,PRICE RECEIVED,$ / CWT,"HOGS, BARROWS & GILTS - PRICE RECEIVED, MEASURED IN $ / CWT",TOTAL,NOT SPECIFIED,NATIONAL,,99,US,US TOTAL,,,,,,,,0,,,9000,UNITED STATES,US TOTAL,2001,MONTHLY,1,1,JAN,,2012-01-01 00:00:00.000,37.6,
SURVEY,ANIMALS & PRODUCTS,LIVESTOCK,HOGS,BARROWS & GILTS,ALL PRODUCTION PRACTICES,ALL UTILIZATION PRACTICES,PRICE RECEIVED,$ / CWT,"HOGS, BARROWS & GILTS - PRICE RECEIVED, MEASURED IN $ / CWT",TOTAL,NOT SPECIFIED,NATIONAL,,99,US,US TOTAL,,,,,,,,0,,,9000,UNITED STATES,US TOTAL,2001,MONTHLY,2,2,FEB,,2012-01-01 00:00:00.000,39.6,
SURVEY,ANIMALS & PRODUCTS,LIVESTOCK,HOGS,BARROWS & GILTS,ALL PRODUCTION PRACTICES,ALL UTILIZATION PRACTICES,PRICE RECEIVED,$ / CWT,"HOGS, BARROWS & GILTS - PRICE RECEIVED, MEASURED IN $ / CWT",TOTAL,NOT SPECIFIED,NATIONAL,,99,US,US TOTAL,,,,,,,,0,,,9000,UNITED STATES,US TOTAL,2001,MONTHLY,3,3,MAR,,2012-01-01 00:00:00.000,46.5,
SURVEY,ANIMALS & PRODUCTS,LIVESTOCK,HOGS,BARROWS & GILTS,ALL PRODUCTION PRACTICES,ALL UTILIZATION PRACTICES,PRICE RECEIVED,$ / CWT,"HOGS, BARROWS & GILTS - PRICE RECEIVED, MEASURED IN $ / CWT",TOTAL,NOT SPECIFIED,NATIONAL,,99,US,US TOTAL,,,,,,,,0,,,9000,UNITED STATES,US TOTAL,2001,MONTHLY,4,4,APR,,2012-01-01 00:00:00.000,48.3,
SURVEY,ANIMALS & PRODUCTS,LIVESTOCK,HOGS,BARROWS & GILTS,ALL PRODUCTION PRACTICES,ALL UTILIZATION PRACTICES,PRICE RECEIVED,$ / CWT,"HOGS, BARROWS & GILTS - PRICE RECEIVED, MEASURED IN $ / CWT",TOTAL,NOT SPECIFIED,NATIONAL,,99,US,US TOTAL,,,,,,,,0,,,9000,UNITED STATES,US TOTAL,2001,MONTHLY,5,5,MAY,,2012-01-01 00:00:00.000,51.2,
SURVEY,ANIMALS & PRODUCTS,LIVESTOCK,HOGS,BARROWS & GILTS,ALL PRODUCTION PRACTICES,ALL UTILIZATION PRACTICES,PRICE RECEIVED,$ / CWT,"HOGS, BARROWS & GILTS - PRICE RECEIVED, MEASURED IN $ / CWT",TOTAL,NOT SPECIFIED,NATIONAL,,99,US,US TOTAL,,,,,,,,0,,,9000,UNITED STATES,US TOTAL,2001,MONTHLY,6,6,JUN,,2012-01-01 00:00:00.000,53.0,
SURVEY,ANIMALS & PRODUCTS,LIVESTOCK,HOGS,BARROWS & GILTS,ALL PRODUCTION PRACTICES,ALL UTILIZATION PRACTICES,PRICE RECEIVED,$ / CWT,"HOGS, BARROWS & GILTS - PRICE RECEIVED, MEASURED IN $ / CWT",TOTAL,NOT SPECIFIED,NATIONAL,,99,US,US TOTAL,,,,,,,,0,,,9000,UNITED STATES,US TOTAL,2001,MONTHLY,7,7,JUL,,2012-01-01 00:00:00.000,52.3,
SURVEY,ANIMALS & PRODUCTS,LIVESTOCK,HOGS,BARROWS & GILTS,ALL PRODUCTION PRACTICES,ALL UTILIZATION PRACTICES,PRICE RECEIVED,$ / CWT,"HOGS, BARROWS & GILTS - PRICE RECEIVED, MEASURED IN $ / CWT",TOTAL,NOT SPECIFIED,NATIONAL,,99,US,US TOTAL,,,,,,,,0,,,9000,UNITED STATES,US TOTAL,2001,MONTHLY,8,8,AUG,,2012-01-01 00:00:00.000,51.5,
SURVEY,ANIMALS & PRODUCTS,LIVESTOCK,HOGS,BARROWS & GILTS,ALL PRODUCTION PRACTICES,ALL UTILIZATION PRACTICES,PRICE RECEIVED,$ / CWT,"HOGS, BARROWS & GILTS - PRICE RECEIVED, MEASURED IN $ / CWT",TOTAL,NOT SPECIFIED,NATIONAL,,99,US,US TOTAL,,,,,,,,0,,,9000,UNITED STATES,US TOTAL,2001,MONTHLY,9,9,SEP,,2012-01-01 00:00:00.000,45.8,
SURVEY,ANIMALS & PRODUCTS,LIVESTOCK,HOGS,BARROWS & GILTS,ALL PRODUCTION PRACTICES,ALL UTILIZATION PRACTICES,PRICE RECEIVED,$ / CWT,"HOGS, BARROWS & GILTS - PRICE RECEIVED, MEASURED IN $ / CWT",TOTAL,NOT SPECIFIED,NATIONAL,,99,US,US TOTAL,,,,,,,,0,,,9000,UNITED STATES,US TOTAL,2001,MONTHLY,10,10,OCT,,2012-01-01 00:00:00.000,40.6,
SURVEY,ANIMALS & PRODUCTS,LIVESTOCK,HOGS,BARROWS & GILTS,ALL PRODUCTION PRACTICES,ALL UTILIZATION PRACTICES,PRICE RECEIVED,$ / CWT,"HOGS, BARROWS & GILTS - PRICE RECEIVED, MEASURED IN $ / CWT",TOTAL,NOT SPECIFIED,NATIONAL,,99,US,US TOTAL,,,,,,,,0,,,9000,UNITED STATES,US TOTAL,2001,MONTHLY,11,11,NOV,,2012-01-01 00:00:00.000,35.4,
SURVEY,ANIMALS & PRODUCTS,LIVESTOCK,HOGS,BARROWS & GILTS,ALL PRODUCTION PRACTICES,ALL UTILIZATION PRACTICES,PRICE RECEIVED,$ / CWT,"HOGS, BARROWS & GILTS - PRICE RECEIVED, MEASURED IN $ / CWT",TOTAL,NOT SPECIFIED,NATIONAL,,99,US,US TOTAL,,,,,,,,0,,,9000,UNITED STATES,US TOTAL,2001,MONTHLY,12,12,DEC,,2012-01-01 00:00:00.000,33.7,
SURVEY,ANIMALS & PRODUCTS,LIVESTOCK,HOGS,BARROWS & GILTS,ALL PRODUCTION PRACTICES,ALL UTILIZATION PRACTICES,PRICE RECEIVED,$ / CWT,"HOGS, BARROWS & GILTS - PRICE RECEIVED, MEASURED IN $ / CWT",TOTAL,NOT SPECIFIED,NATIONAL,,99,US,US TOTAL,,,,,,,,0,,,9000,UNITED STATES,US TOTAL,2000,MONTHLY,1,1,JAN,,2012-01-01 00:00:00.000,37.0,
SURVEY,ANIMALS & PRODUCTS,LIVESTOCK,HOGS,BARROWS & GILTS,ALL PRODUCTION PRACTICES,ALL UTILIZATION PRACTICES,PRICE RECEIVED,$ / CWT,"HOGS, BARROWS & GILTS - PRICE RECEIVED, MEASURED IN $ / CWT",TOTAL,NOT SPECIFIED,NATIONAL,,99,US,US TOTAL,,,,,,,,0,,,9000,UNITED STATES,US TOTAL,2000,MONTHLY,2,2,FEB,,2012-01-01 00:00:00.000,40.1,
SURVEY,ANIMALS & PRODUCTS,LIVESTOCK,HOGS,BARROWS & GILTS,ALL PRODUCTION PRACTICES,ALL UTILIZATION PRACTICES,PRICE RECEIVED,$ / CWT,"HOGS, BARROWS & GILTS - PRICE RECEIVED, MEASURED IN $ / CWT",TOTAL,NOT SPECIFIED,NATIONAL,,99,US,US TOTAL,,,,,,,,0,,,9000,UNITED STATES,US TOTAL,2000,MONTHLY,3,3,MAR,,2012-01-01 00:00:00.000,42.0,
SURVEY,ANIMALS & PRODUCTS,LIVESTOCK,HOGS,BARROWS & GILTS,ALL PRODUCTION PRACTICES,ALL UTILIZATION PRACTICES,PRICE RECEIVED,$ / CWT,"HOGS, BARROWS & GILTS - PRICE RECEIVED, MEASURED IN $ / CWT",TOTAL,NOT SPECIFIED,NATIONAL,,99,US,US TOTAL,,,,,,,,0,,,9000,UNITED STATES,US TOTAL,2000,MONTHLY,4,4,APR,,2012-01-01 00:00:00.000,47.9,
SURVEY,ANIMALS & PRODUCTS,LIVESTOCK,HOGS,BARROWS & GILTS,ALL PRODUCTION PRACTICES,ALL UTILIZATION PRACTICES,PRICE RECEIVED,$ / CWT,"HOGS, BARROWS & GILTS - PRICE RECEIVED, MEASURED IN $ / CWT",TOTAL,NOT SPECIFIED,NATIONAL,,99,US,US TOTAL,,,,,,,,0,,,9000,UNITED STATES,US TOTAL,2000,MONTHLY,5,5,MAY,,2012-01-01 00:00:00.000,48.8,
SURVEY,ANIMALS & PRODUCTS,LIVESTOCK,HOGS,BARROWS & GILTS,ALL PRODUCTION PRACTICES,ALL UTILIZATION PRACTICES,PRICE RECEIVED,$ / CWT,"HOGS, BARROWS & GILTS - PRICE RECEIVED, MEASURED IN $ / CWT",TOTAL,NOT SPECIFIED,NATIONAL,,99,US,US TOTAL,,,,,,,,0,,,9000,UNITED STATES,US TOTAL,2000,MONTHLY,6,6,JUN,,2012-01-01 00:00:00.000,49.6,
SURVEY,ANIMALS & PRODUCTS,LIVESTOCK,HOGS,BARROWS & GILTS,ALL PRODUCTION PRACTICES,ALL UTILIZATION PRACTICES,PRICE RECEIVED,$ / CWT,"HOGS, BARROWS & GILTS - PRICE RECEIVED, MEASURED IN $ / CWT",TOTAL,NOT SPECIFIED,NATIONAL,,99,US,US TOTAL,,,,,,,,0,,,9000,UNITED STATES,US TOTAL,2000,MONTHLY,7,7,JUL,,2012-01-01 00:00:00.000,49.1,
SURVEY,ANIMALS & PRODUCTS,LIVESTOCK,HOGS,BARROWS & GILTS,ALL PRODUCTION PRACTICES,ALL UTILIZATION PRACTICES,PRICE RECEIVED,$ / CWT,"HOGS, BARROWS & GILTS - PRICE RECEIVED, MEASURED IN $ / CWT",TOTAL,NOT SPECIFIED,NATIONAL,,99,US,US TOTAL,,,,,,,,0,,,9000,UNITED STATES,US TOTAL,2000,MONTHLY,8,8,AUG,,2012-01-01 00:00:00.000,44.3,
SURVEY,ANIMALS & PRODUCTS,LIVESTOCK,HOGS,BARROWS & GILTS,ALL PRODUCTION PRACTICES,ALL UTILIZATION PRACTICES,PRICE RECEIVED,$ / CWT,"HOGS, BARROWS & GILTS - PRICE RECEIVED, MEASURED IN $ / CWT",TOTAL,NOT SPECIFIED,NATIONAL,,99,US,US TOTAL,,,,,,,,0,,,9000,UNITED STATES,US TOTAL,2000,MONTHLY,9,9,SEP,,2012-01-01 00:00:00.000,42.1,
SURVEY,ANIMALS & PRODUCTS,LIVESTOCK,HOGS,BARROWS & GILTS,ALL PRODUCTION PRACTICES,ALL UTILIZATION PRACTICES,PRICE RECEIVED,$ / CWT,"HOGS, BARROWS & GILTS - PRICE RECEIVED, MEASURED IN $ / CWT",TOTAL,NOT SPECIFIED,NATIONAL,,99,US,US TOTAL,,,,,,,,0,,,9000,UNITED STATES,US TOTAL,2000,MONTHLY,10,10,OCT,,2012-01-01 00:00:00.000,41.8,
SURVEY,ANIMALS & PRODUCTS,LIVESTOCK,HOGS,BARROWS & GILTS,ALL PRODUCTION PRACTICES,ALL UTILIZATION PRACTICES,PRICE RECEIVED,$ / CWT,"HOGS, BARROWS & GILTS - PRICE RECEIVED, MEASURED IN $ / CWT",TOTAL,NOT SPECIFIED,NATIONAL,,99,US,US TOTAL,,,,,,,,0,,,9000,UNITED STATES,US TOTAL,2000,MONTHLY,11,11,NOV,,2012-01-01 00:00:00.000,37.2,
SURVEY,ANIMALS & PRODUCTS,LIVESTOCK,HOGS,BARROWS & GILTS,ALL PRODUCTION PRACTICES,ALL UTILIZATION PRACTICES,PRICE RECEIVED,$ / CWT,"HOGS, BARROWS & GILTS - PRICE RECEIVED, MEASURED IN $ / CWT",TOTAL,NOT SPECIFIED,NATIONAL,,99,US,US TOTAL,,,,,,,,0,,,9000,UNITED STATES,US TOTAL,2000,MONTHLY,12,12,DEC,,2012-01-01 00:00:00.000,40.2,
SURVEY,ANIMALS & PRODUCTS,LIVESTOCK,HOGS,BARROWS & GILTS,ALL PRODUCTION PRACTICES,ALL UTILIZATION PRACTICES,PRICE RECEIVED,$ / CWT,"HOGS, BARROWS & GILTS - PRICE RECEIVED, MEASURED IN $ / CWT",TOTAL,NOT SPECIFIED,NATIONAL,,99,US,US TOTAL,,,,,,,,0,,,9000,UNITED STATES,US TOTAL,1999,MONTHLY,1,1,JAN,,2012-01-01 00:00:00.000,26.9,
SURVEY,ANIMALS & PRODUCTS,LIVESTOCK,HOGS,BARROWS & GILTS,ALL PRODUCTION PRACTICES,ALL UTILIZATION PRACTICES,PRICE RECEIVED,$ / CWT,"HOGS, BARROWS & GILTS - PRICE RECEIVED, MEASURED IN $ / CWT",TOTAL,NOT SPECIFIED,NATIONAL,,99,US,US TOTAL,,,,,,,,0,,,9000,UNITED STATES,US TOTAL,1999,MONTHLY,2,2,FEB,,2012-01-01 00:00:00.000,28.2,
SURVEY,ANIMALS & PRODUCTS,LIVESTOCK,HOGS,BARROWS & GILTS,ALL PRODUCTION PRACTICES,ALL UTILIZATION PRACTICES,PRICE RECEIVED,$ / CWT,"HOGS, BARROWS & GILTS - PRICE RECEIVED, MEASURED IN $ / CWT",TOTAL,NOT SPECIFIED,NATIONAL,,99,US,US TOTAL,,,,,,,,0,,,9000,UNITED STATES,US TOTAL,1999,MONTHLY,3,3,MAR,,2012-01-01 00:00:00.000,28.3,
SURVEY,ANIMALS & PRODUCTS,LIVESTOCK,HOGS,BARROWS & GILTS,ALL PRODUCTION PRACTICES,ALL UTILIZATION PRACTICES,PRICE RECEIVED,$ / CWT,"HOGS, BARROWS & GILTS - PRICE RECEIVED, MEASURED IN $ / CWT",TOTAL,NOT SPECIFIED,NATIONAL,,99,US,US TOTAL,,,,,,,,0,,,9000,UNITED STATES,US TOTAL,1999,MONTHLY,4,4,APR,,2012-01-01 00:00:00.000,30.5,
SURVEY,ANIMALS & PRODUCTS,LIVESTOCK,HOGS,BARROWS & GILTS,ALL PRODUCTION PRACTICES,ALL UTILIZATION PRACTICES,PRICE RECEIVED,$ / CWT,"HOGS, BARROWS & GILTS - PRICE RECEIVED, MEASURED IN $ / CWT",TOTAL,NOT SPECIFIED,NATIONAL,,99,US,US TOTAL,,,,,,,,0,,,9000,UNITED STATES,US TOTAL,1999,MONTHLY,5,5,MAY,,2012-01-01 00:00:00.000,37.0,
SURVEY,ANIMALS & PRODUCTS,LIVESTOCK,HOGS,BARROWS & GILTS,ALL PRODUCTION PRACTICES,ALL UTILIZATION PRACTICES,PRICE RECEIVED,$ / CWT,"HOGS, BARROWS & GILTS - PRICE RECEIVED, MEASURED IN $ / CWT",TOTAL,NOT SPECIFIED,NATIONAL,,99,US,US TOTAL,,,,,,,,0,,,9000,UNITED STATES,US TOTAL,1999,MONTHLY,6,6,JUN,,2012-01-01 00:00:00.000,34.5,
SURVEY,ANIMALS & PRODUCTS,LIVESTOCK,HOGS,BARROWS & GILTS,ALL PRODUCTION PRACTICES,ALL UTILIZATION PRACTICES,PRICE RECEIVED,$ / CWT,"HOGS, BARROWS & GILTS - PRICE RECEIVED, MEASURED IN $ / CWT",TOTAL,NOT SPECIFIED,NATIONAL,,99,US,US TOTAL,,,,,,,,0,,,9000,UNITED STATES,US TOTAL,1999,MONTHLY,7,7,JUL,,2012-01-01 00:00:00.000,32.2,
SURVEY,ANIMALS & PRODUCTS,LIVESTOCK,HOGS,BARROWS & GILTS,ALL PRODUCTION PRACTICES,ALL UTILIZATION PRACTICES,PRICE RECEIVED,$ / CWT,"HOGS, BARROWS & GILTS - PRICE RECEIVED, MEASURED IN $ / CWT",TOTAL,NOT SPECIFIED,NATIONAL,,99,US,US TOTAL,,,,,,,,0,,,9000,UNITED STATES,US TOTAL,1999,MONTHLY,8,8,AUG,,2012-01-01 00:00:00.000,36.9,
SURVEY,ANIMALS & PRODUCTS,LIVESTOCK,HOGS,BARROWS & GILTS,ALL PRODUCTION PRACTICES,ALL UTILIZATION PRACTICES,PRICE RECEIVED,$ / CWT,"HOGS, BARROWS & GILTS - PRICE RECEIVED, MEASURED IN $ / CWT",TOTAL,NOT SPECIFIED,NATIONAL,,99,US,US TOTAL,,,,,,,,0,,,9000,UNITED STATES,US TOTAL,1999,MONTHLY,9,9,SEP,,2012-01-01 00:00:00.000,34.4,
SURVEY,ANIMALS & PRODUCTS,LIVESTOCK,HOGS,BARROWS & GILTS,ALL PRODUCTION PRACTICES,ALL UTILIZATION PRACTICES,PRICE RECEIVED,$ / CWT,"HOGS, BARROWS & GILTS - PRICE RECEIVED, MEASURED IN $ / CWT",TOTAL,NOT SPECIFIED,NATIONAL,,99,US,US TOTAL,,,,,,,,0,,,9000,UNITED STATES,US TOTAL,1999,MONTHLY,10,10,OCT,,2012-01-01 00:00:00.000,34.8,
SURVEY,ANIMALS & PRODUCTS,LIVESTOCK,HOGS,BARROWS & GILTS,ALL PRODUCTION PRACTICES,ALL UTILIZATION PRACTICES,PRICE RECEIVED,$ / CWT,"HOGS, BARROWS & GILTS - PRICE RECEIVED, MEASURED IN $ / CWT",TOTAL,NOT SPECIFIED,NATIONAL,,99,US,US TOTAL,,,,,,,,0,,,9000,UNITED STATES,US TOTAL,1999,MONTHLY,11,11,NOV,,2012-01-01 00:00:00.000,33.8,
SURVEY,ANIMALS & PRODUCTS,LIVESTOCK,HOGS,BARROWS & GILTS,ALL PRODUCTION PRACTICES,ALL UTILIZATION PRACTICES,PRICE RECEIVED,$ / CWT,"HOGS, BARROWS & GILTS - PRICE RECEIVED, MEASURED IN $ / CWT",TOTAL,NOT SPECIFIED,NATIONAL,,99,US,US TOTAL,,,,,,,,0,,,9000,UNITED STATES,US TOTAL,1999,MONTHLY,12,12,DEC,,2012-01-01 00:00:00.000,36.1,
SURVEY,ANIMALS & PRODUCTS,LIVESTOCK,HOGS,BARROWS & GILTS,ALL PRODUCTION PRACTICES,ALL UTILIZATION PRACTICES,PRICE RECEIVED,$ / CWT,"HOGS, BARROWS & GILTS - PRICE RECEIVED, MEASURED IN $ / CWT",TOTAL,NOT SPECIFIED,NATIONAL,,99,US,US TOTAL,,,,,,,,0,,,9000,UNITED STATES,US TOTAL,1998,MONTHLY,1,1,JAN,,2012-01-01 00:00:00.000,36.5,
SURVEY,ANIMALS & PRODUCTS,LIVESTOCK,HOGS,BARROWS & GILTS,ALL PRODUCTION PRACTICES,ALL UTILIZATION PRACTICES,PRICE RECEIVED,$ / CWT,"HOGS, BARROWS & GILTS - PRICE RECEIVED, MEASURED IN $ / CWT",TOTAL,NOT SPECIFIED,NATIONAL,,99,US,US TOTAL,,,,,,,,0,,,9000,UNITED STATES,US TOTAL,1998,MONTHLY,2,2,FEB,,2012-01-01 00:00:00.000,36.3,
SURVEY,ANIMALS & PRODUCTS,LIVESTOCK,HOGS,BARROWS & GILTS,ALL PRODUCTION PRACTICES,ALL UTILIZATION PRACTICES,PRICE RECEIVED,$ / CWT,"HOGS, BARROWS & GILTS - PRICE RECEIVED, MEASURED IN $ / CWT",TOTAL,NOT SPECIFIED,NATIONAL,,99,US,US TOTAL,,,,,,,,0,,,9000,UNITED STATES,US TOTAL,1998,MONTHLY,3,3,MAR,,2012-01-01 00:00:00.000,35.3,
SURVEY,ANIMALS & PRODUCTS,LIVESTOCK,HOGS,BARROWS & GILTS,ALL PRODUCTION PRACTICES,ALL UTILIZATION PRACTICES,PRICE RECEIVED,$ / CWT,"HOGS, BARROWS & GILTS - PRICE RECEIVED, MEASURED IN $ / CWT",TOTAL,NOT SPECIFIED,NATIONAL,,99,US,US TOTAL,,,,,,,,0,,,9000,UNITED STATES,US TOTAL,1998,MONTHLY,4,4,APR,,2012-01-01 00:00:00.000,36.0,
SURVEY,ANIMALS & PRODUCTS,LIVESTOCK,HOGS,BARROWS & GILTS,ALL PRODUCTION PRACTICES,ALL UTILIZATION PRACTICES,PRICE RECEIVED,$ / CWT,"HOGS, BARROWS & GILTS - PRICE RECEIVED, MEASURED IN $ / CWT",TOTAL,NOT SPECIFIED,NATIONAL,,99,US,US TOTAL,,,,,,,,0,,,9000,UNITED STATES,US TOTAL,1998,MONTHLY,5,5,MAY,,2012-01-01 00:00:00.000,43.2,
SURVEY,ANIMALS & PRODUCTS,LIVESTOCK,HOGS,BARROWS & GILTS,ALL PRODUCTION PRACTICES,ALL UTILIZATION PRACTICES,PRICE RECEIVED,$ / CWT,"HOGS, BARROWS & GILTS - PRICE RECEIVED, MEASURED IN $ / CWT",TOTAL,NOT SPECIFIED,NATIONAL,,99,US,US TOTAL,,,,,,,,0,,,9000,UNITED STATES,US TOTAL,1998,MONTHLY,6,6,JUN,,2012-01-01 00:00:00.000,43.3,
SURVEY,ANIMALS & PRODUCTS,LIVESTOCK,HOGS,BARROWS & GILTS,ALL PRODUCTION PRACTICES,ALL UTILIZATION PRACTICES,PRICE RECEIVED,$ / CWT,"HOGS, BARROWS & GILTS - PRICE RECEIVED, MEASURED IN $ / CWT",TOTAL,NOT SPECIFIED,NATIONAL,,99,US,US TOTAL,,,,,,,,0,,,9000,UNITED STATES,US TOTAL,1998,MONTHLY,7,7,JUL,,2012-01-01 00:00:00.000,37.6,
SURVEY,ANIMALS & PRODUCTS,LIVESTOCK,HOGS,BARROWS & GILTS,ALL PRODUCTION PRACTICES,ALL UTILIZATION PRACTICES,PRICE RECEIVED,$ / CWT,"HOGS, BARROWS & GILTS - PRICE RECEIVED, MEASURED IN $ / CWT",TOTAL,NOT SPECIFIED,NATIONAL,,99,US,US TOTAL,,,,,,,,0,,,9000,UNITED STATES,US TOTAL,1998,MONTHLY,8,8,AUG,,2012-01-01 00:00:00.000,35.9,
SURVEY,ANIMALS & PRODUCTS,LIVESTOCK,HOGS,BARROWS & GILTS,ALL PRODUCTION PRACTICES,ALL UTILIZATION PRACTICES,PRICE RECEIVED,$ / CWT,"HOGS, BARROWS & GILTS - PRICE RECEIVED, MEASURED IN $ / CWT",TOTAL,NOT SPECIFIED,NATIONAL,,99,US,US TOTAL,,,,,,,,0,,,9000,UNITED STATES,US TOTAL,1998,MONTHLY,9,9,SEP,,2012-01-01 00:00:00.000,30.1,
SURVEY,ANIMALS & PRODUCTS,LIVESTOCK,HOGS,BARROWS & GILTS,ALL PRODUCTION PRACTICES,ALL UTILIZATION PRACTICES,PRICE RECEIVED,$ / CWT,"HOGS, BARROWS & GILTS - PRICE RECEIVED, MEASURED IN $ / CWT",TOTAL,NOT SPECIFIED,NATIONAL,,99,US,US TOTAL,,,,,,,,0,,,9000,UNITED STATES,US TOTAL,1998,MONTHLY,10,10,OCT,,2012-01-01 00:00:00.000,28.3,
SURVEY,ANIMALS & PRODUCTS,LIVESTOCK,HOGS,BARROWS & GILTS,ALL PRODUCTION PRACTICES,ALL UTILIZATION PRACTICES,PRICE RECEIVED,$ / CWT,"HOGS, BARROWS & GILTS - PRICE RECEIVED, MEASURED IN $ / CWT",TOTAL,NOT SPECIFIED,NATIONAL,,99,US,US TOTAL,,,,,,,,0,,,9000,UNITED STATES,US TOTAL,1998,MONTHLY,11,11,NOV,,2012-01-01 00:00:00.000,19.1,
SURVEY,ANIMALS & PRODUCTS,LIVESTOCK,HOGS,BARROWS & GILTS,ALL PRODUCTION PRACTICES,ALL UTILIZATION PRACTICES,PRICE RECEIVED,$ / CWT,"HOGS, BARROWS & GILTS - PRICE RECEIVED, MEASURED IN $ / CWT",TOTAL,NOT SPECIFIED,NATIONAL,,99,US,US TOTAL,,,,,,,,0,,,9000,UNITED STATES,US TOTAL,1998,MONTHLY,12,12,DEC,,2012-01-01 00:00:00.000,15.1,
SURVEY,ANIMALS & PRODUCTS,LIVESTOCK,HOGS,BARROWS & GILTS,ALL PRODUCTION PRACTICES,ALL UTILIZATION PRACTICES,PRICE RECEIVED,$ / CWT,"HOGS, BARROWS & GILTS - PRICE RECEIVED, MEASURED IN $ / CWT",TOTAL,NOT SPECIFIED,NATIONAL,,99,US,US TOTAL,,,,,,,,0,,,9000,UNITED STATES,US TOTAL,1997,MONTHLY,1,1,JAN,,2012-01-01 00:00:00.000,54.1,
SURVEY,ANIMALS & PRODUCTS,LIVESTOCK,HOGS,BARROWS & GILTS,ALL PRODUCTION PRACTICES,ALL UTILIZATION PRACTICES,PRICE RECEIVED,$ / CWT,"HOGS, BARROWS & GILTS - PRICE RECEIVED, MEASURED IN $ / CWT",TOTAL,NOT SPECIFIED,NATIONAL,,99,US,US TOTAL,,,,,,,,0,,,9000,UNITED STATES,US TOTAL,1997,MONTHLY,2,2,FEB,,2012-01-01 00:00:00.000,53.0,
SURVEY,ANIMALS & PRODUCTS,LIVESTOCK,HOGS,BARROWS & GILTS,ALL PRODUCTION PRACTICES,ALL UTILIZATION PRACTICES,PRICE RECEIVED,$ / CWT,"HOGS, BARROWS & GILTS - PRICE RECEIVED, MEASURED IN $ / CWT",TOTAL,NOT SPECIFIED,NATIONAL,,99,US,US TOTAL,,,,,,,,0,,,9000,UNITED STATES,US TOTAL,1997,MONTHLY,3,3,MAR,,2012-01-01 00:00:00.000,49.6,
SURVEY,ANIMALS & PRODUCTS,LIVESTOCK,HOGS,BARROWS & GILTS,ALL PRODUCTION PRACTICES,ALL UTILIZATION PRACTICES,PRICE RECEIVED,$ / CWT,"HOGS, BARROWS & GILTS - PRICE RECEIVED, MEASURED IN $ / CWT",TOTAL,NOT SPECIFIED,NATIONAL,,99,US,US TOTAL,,,,,,,,0,,,9000,UNITED STATES,US TOTAL,1997,MONTHLY,4,4,APR,,2012-01-01 00:00:00.000,54.4,
SURVEY,ANIMALS & PRODUCTS,LIVESTOCK,HOGS,BARROWS & GILTS,ALL PRODUCTION PRACTICES,ALL UTILIZATION PRACTICES,PRICE RECEIVED,$ / CWT,"HOGS, BARROWS & GILTS - PRICE RECEIVED, MEASURED IN $ / CWT",TOTAL,NOT SPECIFIED,NATIONAL,,99,US,US TOTAL,,,,,,,,0,,,9000,UNITED STATES,US TOTAL,1997,MONTHLY,5,5,MAY,,2012-01-01 00:00:00.000,58.8,
SURVEY,ANIMALS & PRODUCTS,LIVESTOCK,HOGS,BARROWS & GILTS,ALL PRODUCTION PRACTICES,ALL UTILIZATION PRACTICES,PRICE RECEIVED,$ / CWT,"HOGS, BARROWS & GILTS - PRICE RECEIVED, MEASURED IN $ / CWT",TOTAL,NOT SPECIFIED,NATIONAL,,99,US,US TOTAL,,,,,,,,0,,,9000,UNITED STATES,US TOTAL,1997,MONTHLY,6,6,JUN,,2012-01-01 00:00:00.000,58.4,
SURVEY,ANIMALS & PRODUCTS,LIVESTOCK,HOGS,BARROWS & GILTS,ALL PRODUCTION PRACTICES,ALL UTILIZATION PRACTICES,PRICE RECEIVED,$ / CWT,"HOGS, BARROWS & GILTS - PRICE RECEIVED, MEASURED IN $ / CWT",TOTAL,NOT SPECIFIED,NATIONAL,,99,US,US TOTAL,,,,,,,,0,,,9000,UNITED STATES,US TOTAL,1997,MONTHLY,7,7,JUL,,2012-01-01 00:00:00.000,59.7,
SURVEY,ANIMALS & PRODUCTS,LIVESTOCK,HOGS,BARROWS & GILTS,ALL PRODUCTION PRACTICES,ALL UTILIZATION PRACTICES,PRICE RECEIVED,$ / CWT,"HOGS, BARROWS & GILTS - PRICE RECEIVED, MEASURED IN $ / CWT",TOTAL,NOT SPECIFIED,NATIONAL,,99,US,US TOTAL,,,,,,,,0,,,9000,UNITED STATES,US TOTAL,1997,MONTHLY,8,8,AUG,,2012-01-01 00:00:00.000,55.9,
SURVEY,ANIMALS & PRODUCTS,LIVESTOCK,HOGS,BARROWS & GILTS,ALL PRODUCTION PRACTICES,ALL UTILIZATION PRACTICES,PRICE RECEIVED,$ / CWT,"HOGS, BARROWS & GILTS - PRICE RECEIVED, MEASURED IN $ / CWT",TOTAL,NOT SPECIFIED,NATIONAL,,99,US,US TOTAL,,,,,,,,0,,,9000,UNITED STATES,US TOTAL,1997,MONTHLY,9,9,SEP,,2012-01-01 00:00:00.000,50.9,
SURVEY,ANIMALS & PRODUCTS,LIVESTOCK,HOGS,BARROWS & GILTS,ALL PRODUCTION PRACTICES,ALL UTILIZATION PRACTICES,PRICE RECEIVED,$ / CWT,"HOGS, BARROWS & GILTS - PRICE RECEIVED, MEASURED IN $ / CWT",TOTAL,NOT SPECIFIED,NATIONAL,,99,US,US TOTAL,,,,,,,,0,,,9000,UNITED STATES,US TOTAL,1997,MONTHLY,10,10,OCT,,2012-01-01 00:00:00.000,47.8,
SURVEY,ANIMALS & PRODUCTS,LIVESTOCK,HOGS,BARROWS & GILTS,ALL PRODUCTION PRACTICES,ALL UTILIZATION PRACTICES,PRICE RECEIVED,$ / CWT,"HOGS, BARROWS & GILTS - PRICE RECEIVED, MEASURED IN $ / CWT",TOTAL,NOT SPECIFIED,NATIONAL,,99,US,US TOTAL,,,,,,,,0,,,9000,UNITED STATES,US TOTAL,1997,MONTHLY,11,11,NOV,,2012-01-01 00:00:00.000,45.6,
SURVEY,ANIMALS & PRODUCTS,LIVESTOCK,HOGS,BARROWS & GILTS,ALL PRODUCTION PRACTICES,ALL UTILIZATION PRACTICES,PRICE RECEIVED,$ / CWT,"HOGS, BARROWS & GILTS - PRICE RECEIVED, MEASURED IN $ / CWT",TOTAL,NOT SPECIFIED,NATIONAL,,99,US,US TOTAL,,,,,,,,0,,,9000,UNITED STATES,US TOTAL,1997,MONTHLY,12,12,DEC,,2012-01-01 00:00:00.000,42.0,
SURVEY,ANIMALS & PRODUCTS,LIVESTOCK,HOGS,BARROWS & GILTS,ALL PRODUCTION PRACTICES,ALL UTILIZATION PRACTICES,PRICE RECEIVED,$ / CWT,"HOGS, BARROWS & GILTS - PRICE RECEIVED, MEASURED IN $ / CWT",TOTAL,NOT SPECIFIED,NATIONAL,,99,US,US TOTAL,,,,,,,,0,,,9000,UNITED STATES,US TOTAL,1996,MONTHLY,1,1,JAN,,2012-01-01 00:00:00.000,43.2,
SURVEY,ANIMALS & PRODUCTS,LIVESTOCK,HOGS,BARROWS & GILTS,ALL PRODUCTION PRACTICES,ALL UTILIZATION PRACTICES,PRICE RECEIVED,$ / CWT,"HOGS, BARROWS & GILTS - PRICE RECEIVED, MEASURED IN $ / CWT",TOTAL,NOT SPECIFIED,NATIONAL,,99,US,US TOTAL,,,,,,,,0,,,9000,UNITED STATES,US TOTAL,1996,MONTHLY,2,2,FEB,,2012-01-01 00:00:00.000,47.3,
SURVEY,ANIMALS & PRODUCTS,LIVESTOCK,HOGS,BARROWS & GILTS,ALL PRODUCTION PRACTICES,ALL UTILIZATION PRACTICES,PRICE RECEIVED,$ / CWT,"HOGS, BARROWS & GILTS - PRICE RECEIVED, MEASURED IN $ / CWT",TOTAL,NOT SPECIFIED,NATIONAL,,99,US,US TOTAL,,,,,,,,0,,,9000,UNITED STATES,US TOTAL,1996,MONTHLY,3,3,MAR,,2012-01-01 00:00:00.000,49.5,
SURVEY,ANIMALS & PRODUCTS,LIVESTOCK,HOGS,BARROWS & GILTS,ALL PRODUCTION PRACTICES,ALL UTILIZATION PRACTICES,PRICE RECEIVED,$ / CWT,"HOGS, BARROWS & GILTS - PRICE RECEIVED, MEASURED IN $ / CWT",TOTAL,NOT SPECIFIED,NATIONAL,,99,US,US TOTAL,,,,,,,,0,,,9000,UNITED STATES,US TOTAL,1996,MONTHLY,4,4,APR,,2012-01-01 00:00:00.000,50.6,
SURVEY,ANIMALS & PRODUCTS,LIVESTOCK,HOGS,BARROWS & GILTS,ALL PRODUCTION PRACTICES,ALL UTILIZATION PRACTICES,PRICE RECEIVED,$ / CWT,"HOGS, BARROWS & GILTS - PRICE RECEIVED, MEASURED IN $ / CWT",TOTAL,NOT SPECIFIED,NATIONAL,,99,US,US TOTAL,,,,,,,,0,,,9000,UNITED STATES,US TOTAL,1996,MONTHLY,5,5,MAY,,2012-01-01 00:00:00.000,57.7,
SURVEY,ANIMALS & PRODUCTS,LIVESTOCK,HOGS,BARROWS & GILTS,ALL PRODUCTION PRACTICES,ALL UTILIZATION PRACTICES,PRICE RECEIVED,$ / CWT,"HOGS, BARROWS & GILTS - PRICE RECEIVED, MEASURED IN $ / CWT",TOTAL,NOT SPECIFIED,NATIONAL,,99,US,US TOTAL,,,,,,,,0,,,9000,UNITED STATES,US TOTAL,1996,MONTHLY,6,6,JUN,,2012-01-01 00:00:00.000,57.1,
SURVEY,ANIMALS & PRODUCTS,LIVESTOCK,HOGS,BARROWS & GILTS,ALL PRODUCTION PRACTICES,ALL UTILIZATION PRACTICES,PRICE RECEIVED,$ / CWT,"HOGS, BARROWS & GILTS - PRICE RECEIVED, MEASURED IN $ / CWT",TOTAL,NOT SPECIFIED,NATIONAL,,99,US,US TOTAL,,,,,,,,0,,,9000,UNITED STATES,US TOTAL,1996,MONTHLY,7,7,JUL,,2012-01-01 00:00:00.000,59.4,
SURVEY,ANIMALS & PRODUCTS,LIVESTOCK,HOGS,BARROWS & GILTS,ALL PRODUCTION PRACTICES,ALL UTILIZATION PRACTICES,PRICE RECEIVED,$ / CWT,"HOGS, BARROWS & GILTS - PRICE RECEIVED, MEASURED IN $ / CWT",TOTAL,NOT SPECIFIED,NATIONAL,,99,US,US TOTAL,,,,,,,,0,,,9000,UNITED STATES,US TOTAL,1996,MONTHLY,8,8,AUG,,2012-01-01 00:00:00.000,60.3,
SURVEY,ANIMALS & PRODUCTS,LIVESTOCK,HOGS,BARROWS & GILTS,ALL PRODUCTION PRACTICES,ALL UTILIZATION PRACTICES,PRICE RECEIVED,$ / CWT,"HOGS, BARROWS & GILTS - PRICE RECEIVED, MEASURED IN $ / CWT",TOTAL,NOT SPECIFIED,NATIONAL,,99,US,US TOTAL,,,,,,,,0,,,9000,UNITED STATES,US TOTAL,1996,MONTHLY,9,9,SEP,,2012-01-01 00:00:00.000,55.1,
SURVEY,ANIMALS & PRODUCTS,LIVESTOCK,HOGS,BARROWS & GILTS,ALL PRODUCTION PRACTICES,ALL UTILIZATION PRACTICES,PRICE RECEIVED,$ / CWT,"HOGS, BARROWS & GILTS - PRICE RECEIVED, MEASURED IN $ / CWT",TOTAL,NOT SPECIFIED,NATIONAL,,99,US,US TOTAL,,,,,,,,0,,,9000,UNITED STATES,US TOTAL,1996,MONTHLY,10,10,OCT,,2012-01-01 00:00:00.000,56.0,
SURVEY,ANIMALS & PRODUCTS,LIVESTOCK,HOGS,BARROWS & GILTS,ALL PRODUCTION PRACTICES,ALL UTILIZATION PRACTICES,PRICE RECEIVED,$ / CWT,"HOGS, BARROWS & GILTS - PRICE RECEIVED, MEASURED IN $ / CWT",TOTAL,NOT SPECIFIED,NATIONAL,,99,US,US TOTAL,,,,,,,,0,,,9000,UNITED STATES,US TOTAL,1996,MONTHLY,11,11,NOV,,2012-01-01 00:00:00.000,54.6,
SURVEY,ANIMALS & PRODUCTS,LIVESTOCK,HOGS,BARROWS & GILTS,ALL PRODUCTION PRACTICES,ALL UTILIZATION PRACTICES,PRICE RECEIVED,$ / CWT,"HOGS, BARROWS & GILTS - PRICE RECEIVED, MEASURED IN $ / CWT",TOTAL,NOT SPECIFIED,NATIONAL,,99,US,US TOTAL,,,,,,,,0,,,9000,UNITED STATES,US TOTAL,1996,MONTHLY,12,12,DEC,,2012-01-01 00:00:00.000,56.1,
SURVEY,ANIMALS & PRODUCTS,LIVESTOCK,HOGS,BARROWS & GILTS,ALL PRODUCTION PRACTICES,ALL UTILIZATION PRACTICES,PRICE RECEIVED,$ / CWT,"HOGS, BARROWS & GILTS - PRICE RECEIVED, MEASURED IN $ / CWT",TOTAL,NOT SPECIFIED,NATIONAL,,99,US,US TOTAL,,,,,,,,0,,,9000,UNITED STATES,US TOTAL,1995,MONTHLY,1,1,JAN,,2012-01-01 00:00:00.000,37.6,
SURVEY,ANIMALS & PRODUCTS,LIVESTOCK,HOGS,BARROWS & GILTS,ALL PRODUCTION PRACTICES,ALL UTILIZATION PRACTICES,PRICE RECEIVED,$ / CWT,"HOGS, BARROWS & GILTS - PRICE RECEIVED, MEASURED IN $ / CWT",TOTAL,NOT SPECIFIED,NATIONAL,,99,US,US TOTAL,,,,,,,,0,,,9000,UNITED STATES,US TOTAL,1995,MONTHLY,2,2,FEB,,2012-01-01 00:00:00.000,39.8,
SURVEY,ANIMALS & PRODUCTS,LIVESTOCK,HOGS,BARROWS & GILTS,ALL PRODUCTION PRACTICES,ALL UTILIZATION PRACTICES,PRICE RECEIVED,$ / CWT,"HOGS, BARROWS & GILTS - PRICE RECEIVED, MEASURED IN $ / CWT",TOTAL,NOT SPECIFIED,NATIONAL,,99,US,US TOTAL,,,,,,,,0,,,9000,UNITED STATES,US TOTAL,1995,MONTHLY,3,3,MAR,,2012-01-01 00:00:00.000,38.2,
SURVEY,ANIMALS & PRODUCTS,LIVESTOCK,HOGS,BARROWS & GILTS,ALL PRODUCTION PRACTICES,ALL UTILIZATION PRACTICES,PRICE RECEIVED,$ / CWT,"HOGS, BARROWS & GILTS - PRICE RECEIVED, MEASURED IN $ / CWT",TOTAL,NOT SPECIFIED,NATIONAL,,99,US,US TOTAL,,,,,,,,0,,,9000,UNITED STATES,US TOTAL,1995,MONTHLY,4,4,APR,,2012-01-01 00:00:00.000,35.9,
SURVEY,ANIMALS & PRODUCTS,LIVESTOCK,HOGS,BARROWS & GILTS,ALL PRODUCTION PRACTICES,ALL UTILIZATION PRACTICES,PRICE RECEIVED,$ / CWT,"HOGS, BARROWS & GILTS - PRICE RECEIVED, MEASURED IN $ / CWT",TOTAL,NOT SPECIFIED,NATIONAL,,99,US,US TOTAL,,,,,,,,0,,,9000,UNITED STATES,US TOTAL,1995,MONTHLY,5,5,MAY,,2012-01-01 00:00:00.000,37.5,
SURVEY,ANIMALS & PRODUCTS,LIVESTOCK,HOGS,BARROWS & GILTS,ALL PRODUCTION PRACTICES,ALL UTILIZATION PRACTICES,PRICE RECEIVED,$ / CWT,"HOGS, BARROWS & GILTS - PRICE RECEIVED, MEASURED IN $ / CWT",TOTAL,NOT SPECIFIED,NATIONAL,,99,US,US TOTAL,,,,,,,,0,,,9000,UNITED STATES,US TOTAL,1995,MONTHLY,6,6,JUN,,2012-01-01 00:00:00.000,43.2,
SURVEY,ANIMALS & PRODUCTS,LIVESTOCK,HOGS,BARROWS & GILTS,ALL PRODUCTION PRACTICES,ALL UTILIZATION PRACTICES,PRICE RECEIVED,$ / CWT,"HOGS, BARROWS & GILTS - PRICE RECEIVED, MEASURED IN $ / CWT",TOTAL,NOT SPECIFIED,NATIONAL,,99,US,US TOTAL,,,,,,,,0,,,9000,UNITED STATES,US TOTAL,1995,MONTHLY,7,7,JUL,,2012-01-01 00:00:00.000,47.4,
SURVEY,ANIMALS & PRODUCTS,LIVESTOCK,HOGS,BARROWS & GILTS,ALL PRODUCTION PRACTICES,ALL UTILIZATION PRACTICES,PRICE RECEIVED,$ / CWT,"HOGS, BARROWS & GILTS - PRICE RECEIVED, MEASURED IN $ / CWT",TOTAL,NOT SPECIFIED,NATIONAL,,99,US,US TOTAL,,,,,,,,0,,,9000,UNITED STATES,US TOTAL,1995,MONTHLY,8,8,AUG,,2012-01-01 00:00:00.000,49.6,
SURVEY,ANIMALS & PRODUCTS,LIVESTOCK,HOGS,BARROWS & GILTS,ALL PRODUCTION PRACTICES,ALL UTILIZATION PRACTICES,PRICE RECEIVED,$ / CWT,"HOGS, BARROWS & GILTS - PRICE RECEIVED, MEASURED IN $ / CWT",TOTAL,NOT SPECIFIED,NATIONAL,,99,US,US TOTAL,,,,,,,,0,,,9000,UNITED STATES,US TOTAL,1995,MONTHLY,9,9,SEP,,2012-01-01 00:00:00.000,49.2,
SURVEY,ANIMALS & PRODUCTS,LIVESTOCK,HOGS,BARROWS & GILTS,ALL PRODUCTION PRACTICES,ALL UTILIZATION PRACTICES,PRICE RECEIVED,$ / CWT,"HOGS, BARROWS & GILTS - PRICE RECEIVED, MEASURED IN $ / CWT",TOTAL,NOT SPECIFIED,NATIONAL,,99,US,US TOTAL,,,,,,,,0,,,9000,UNITED STATES,US TOTAL,1995,MONTHLY,10,10,OCT,,2012-01-01 00:00:00.000,46.1,
SURVEY,ANIMALS & PRODUCTS,LIVESTOCK,HOGS,BARROWS & GILTS,ALL PRODUCTION PRACTICES,ALL UTILIZATION PRACTICES,PRICE RECEIVED,$ / CWT,"HOGS, BARROWS & GILTS - PRICE RECEIVED, MEASURED IN $ / CWT",TOTAL,NOT SPECIFIED,NATIONAL,,99,US,US TOTAL,,,,,,,,0,,,9000,UNITED STATES,US TOTAL,1995,MONTHLY,11,11,NOV,,2012-01-01 00:00:00.000,40.4,
SURVEY,ANIMALS & PRODUCTS,LIVESTOCK,HOGS,BARROWS & GILTS,ALL PRODUCTION PRACTICES,ALL UTILIZATION PRACTICES,PRICE RECEIVED,$ / CWT,"HOGS, BARROWS & GILTS - PRICE RECEIVED, MEASURED IN $ / CWT",TOTAL,NOT SPECIFIED,NATIONAL,,99,US,US TOTAL,,,,,,,,0,,,9000,UNITED STATES,US TOTAL,1995,MONTHLY,12,12,DEC,,2012-01-01 00:00:00.000,44.3,
SURVEY,ANIMALS & PRODUCTS,LIVESTOCK,HOGS,BARROWS & GILTS,ALL PRODUCTION PRACTICES,ALL UTILIZATION PRACTICES,PRICE RECEIVED,$ / CWT,"HOGS, BARROWS & GILTS - PRICE RECEIVED, MEASURED IN $ / CWT",TOTAL,NOT SPECIFIED,NATIONAL,,99,US,US TOTAL,,,,,,,,0,,,9000,UNITED STATES,US TOTAL,1994,MONTHLY,1,1,JAN,,2012-01-01 00:00:00.000,44.1,
SURVEY,ANIMALS & PRODUCTS,LIVESTOCK,HOGS,BARROWS & GILTS,ALL PRODUCTION PRACTICES,ALL UTILIZATION PRACTICES,PRICE RECEIVED,$ / CWT,"HOGS, BARROWS & GILTS - PRICE RECEIVED, MEASURED IN $ / CWT",TOTAL,NOT SPECIFIED,NATIONAL,,99,US,US TOTAL,,,,,,,,0,,,9000,UNITED STATES,US TOTAL,1994,MONTHLY,2,2,FEB,,2012-01-01 00:00:00.000,48.4,
SURVEY,ANIMALS & PRODUCTS,LIVESTOCK,HOGS,BARROWS & GILTS,ALL PRODUCTION PRACTICES,ALL UTILIZATION PRACTICES,PRICE RECEIVED,$ / CWT,"HOGS, BARROWS & GILTS - PRICE RECEIVED, MEASURED IN $ / CWT",TOTAL,NOT SPECIFIED,NATIONAL,,99,US,US TOTAL,,,,,,,,0,,,9000,UNITED STATES,US TOTAL,1994,MONTHLY,3,3,MAR,,2012-01-01 00:00:00.000,44.8,
SURVEY,ANIMALS & PRODUCTS,LIVESTOCK,HOGS,BARROWS & GILTS,ALL PRODUCTION PRACTICES,ALL UTILIZATION PRACTICES,PRICE RECEIVED,$ / CWT,"HOGS, BARROWS & GILTS - PRICE RECEIVED, MEASURED IN $ / CWT",TOTAL,NOT SPECIFIED,NATIONAL,,99,US,US TOTAL,,,,,,,,0,,,9000,UNITED STATES,US TOTAL,1994,MONTHLY,4,4,APR,,2012-01-01 00:00:00.000,43.0,
SURVEY,ANIMALS & PRODUCTS,LIVESTOCK,HOGS,BARROWS & GILTS,ALL PRODUCTION PRACTICES,ALL UTILIZATION PRACTICES,PRICE RECEIVED,$ / CWT,"HOGS, BARROWS & GILTS - PRICE RECEIVED, MEASURED IN $ / CWT",TOTAL,NOT SPECIFIED,NATIONAL,,99,US,US TOTAL,,,,,,,,0,,,9000,UNITED STATES,US TOTAL,1994,MONTHLY,5,5,MAY,,2012-01-01 00:00:00.000,43.1,
SURVEY,ANIMALS & PRODUCTS,LIVESTOCK,HOGS,BARROWS & GILTS,ALL PRODUCTION PRACTICES,ALL UTILIZATION PRACTICES,PRICE RECEIVED,$ / CWT,"HOGS, BARROWS & GILTS - PRICE RECEIVED, MEASURED IN $ / CWT",TOTAL,NOT SPECIFIED,NATIONAL,,99,US,US TOTAL,,,,,,,,0,,,9000,UNITED STATES,US TOTAL,1994,MONTHLY,6,6,JUN,,2012-01-01 00:00:00.000,43.4,
SURVEY,ANIMALS & PRODUCTS,LIVESTOCK,HOGS,BARROWS & GILTS,ALL PRODUCTION PRACTICES,ALL UTILIZATION PRACTICES,PRICE RECEIVED,$ / CWT,"HOGS, BARROWS & GILTS - PRICE RECEIVED, MEASURED IN $ / CWT",TOTAL,NOT SPECIFIED,NATIONAL,,99,US,US TOTAL,,,,,,,,0,,,9000,UNITED STATES,US TOTAL,1994,MONTHLY,7,7,JUL,,2012-01-01 00:00:00.000,43.2,
SURVEY,ANIMALS & PRODUCTS,LIVESTOCK,HOGS,BARROWS & GILTS,ALL PRODUCTION PRACTICES,ALL UTILIZATION PRACTICES,PRICE RECEIVED,$ / CWT,"HOGS, BARROWS & GILTS - PRICE RECEIVED, MEASURED IN $ / CWT",TOTAL,NOT SPECIFIED,NATIONAL,,99,US,US TOTAL,,,,,,,,0,,,9000,UNITED STATES,US TOTAL,1994,MONTHLY,8,8,AUG,,2012-01-01 00:00:00.000,42.8,
SURVEY,ANIMALS & PRODUCTS,LIVESTOCK,HOGS,BARROWS & GILTS,ALL PRODUCTION PRACTICES,ALL UTILIZATION PRACTICES,PRICE RECEIVED,$ / CWT,"HOGS, BARROWS & GILTS - PRICE RECEIVED, MEASURED IN $ / CWT",TOTAL,NOT SPECIFIED,NATIONAL,,99,US,US TOTAL,,,,,,,,0,,,9000,UNITED STATES,US TOTAL,1994,MONTHLY,9,9,SEP,,2012-01-01 00:00:00.000,36.0,
SURVEY,ANIMALS & PRODUCTS,LIVESTOCK,HOGS,BARROWS & GILTS,ALL PRODUCTION PRACTICES,ALL UTILIZATION PRACTICES,PRICE RECEIVED,$ / CWT,"HOGS, BARROWS & GILTS - PRICE RECEIVED, MEASURED IN $ / CWT",TOTAL,NOT SPECIFIED,NATIONAL,,99,US,US TOTAL,,,,,,,,0,,,9000,UNITED STATES,US TOTAL,1994,MONTHLY,10,10,OCT,,2012-01-01 00:00:00.000,32.3,
SURVEY,ANIMALS & PRODUCTS,LIVESTOCK,HOGS,BARROWS & GILTS,ALL PRODUCTION PRACTICES,ALL UTILIZATION PRACTICES,PRICE RECEIVED,$ / CWT,"HOGS, BARROWS & GILTS - PRICE RECEIVED, MEASURED IN $ / CWT",TOTAL,NOT SPECIFIED,NATIONAL,,99,US,US TOTAL,,,,,,,,0,,,9000,UNITED STATES,US TOTAL,1994,MONTHLY,11,11,NOV,,2012-01-01 00:00:00.000,28.6,
SURVEY,ANIMALS & PRODUCTS,LIVESTOCK,HOGS,BARROWS & GILTS,ALL PRODUCTION PRACTICES,ALL UTILIZATION PRACTICES,PRICE RECEIVED,$ / CWT,"HOGS, BARROWS & GILTS - PRICE RECEIVED, MEASURED IN $ / CWT",TOTAL,NOT SPECIFIED,NATIONAL,,99,US,US TOTAL,,,,,,,,0,,,9000,UNITED STATES,US TOTAL,1994,MONTHLY,12,12,DEC,,2012-01-01 00:00:00.000,31.7,
SURVEY,ANIMALS & PRODUCTS,LIVESTOCK,HOGS,BARROWS & GILTS,ALL PRODUCTION PRACTICES,ALL UTILIZATION PRACTICES,PRICE RECEIVED,$ / CWT,"HOGS, BARROWS & GILTS - PRICE RECEIVED, MEASURED IN $ / CWT",TOTAL,NOT SPECIFIED,NATIONAL,,99,US,US TOTAL,,,,,,,,0,,,9000,UNITED STATES,US TOTAL,1993,MONTHLY,1,1,JAN,,2012-01-01 00:00:00.000,41.9,
SURVEY,ANIMALS & PRODUCTS,LIVESTOCK,HOGS,BARROWS & GILTS,ALL PRODUCTION PRACTICES,ALL UTILIZATION PRACTICES,PRICE RECEIVED,$ / CWT,"HOGS, BARROWS & GILTS - PRICE RECEIVED, MEASURED IN $ / CWT",TOTAL,NOT SPECIFIED,NATIONAL,,99,US,US TOTAL,,,,,,,,0,,,9000,UNITED STATES,US TOTAL,1993,MONTHLY,2,2,FEB,,2012-01-01 00:00:00.000,44.7,
SURVEY,ANIMALS & PRODUCTS,LIVESTOCK,HOGS,BARROWS & GILTS,ALL PRODUCTION PRACTICES,ALL UTILIZATION PRACTICES,PRICE RECEIVED,$ / CWT,"HOGS, BARROWS & GILTS - PRICE RECEIVED, MEASURED IN $ / CWT",TOTAL,NOT SPECIFIED,NATIONAL,,99,US,US TOTAL,,,,,,,,0,,,9000,UNITED STATES,US TOTAL,1993,MONTHLY,3,3,MAR,,2012-01-01 00:00:00.000,47.0,
SURVEY,ANIMALS & PRODUCTS,LIVESTOCK,HOGS,BARROWS & GILTS,ALL PRODUCTION PRACTICES,ALL UTILIZATION PRACTICES,PRICE RECEIVED,$ / CWT,"HOGS, BARROWS & GILTS - PRICE RECEIVED, MEASURED IN $ / CWT",TOTAL,NOT SPECIFIED,NATIONAL,,99,US,US TOTAL,,,,,,,,0,,,9000,UNITED STATES,US TOTAL,1993,MONTHLY,4,4,APR,,2012-01-01 00:00:00.000,45.8,
SURVEY,ANIMALS & PRODUCTS,LIVESTOCK,HOGS,BARROWS & GILTS,ALL PRODUCTION PRACTICES,ALL UTILIZATION PRACTICES,PRICE RECEIVED,$ / CWT,"HOGS, BARROWS & GILTS - PRICE RECEIVED, MEASURED IN $ / CWT",TOTAL,NOT SPECIFIED,NATIONAL,,99,US,US TOTAL,,,,,,,,0,,,9000,UNITED STATES,US TOTAL,1993,MONTHLY,5,5,MAY,,2012-01-01 00:00:00.000,47.5,
SURVEY,ANIMALS & PRODUCTS,LIVESTOCK,HOGS,BARROWS & GILTS,ALL PRODUCTION PRACTICES,ALL UTILIZATION PRACTICES,PRICE RECEIVED,$ / CWT,"HOGS, BARROWS & GILTS - PRICE RECEIVED, MEASURED IN $ / CWT",TOTAL,NOT SPECIFIED,NATIONAL,,99,US,US TOTAL,,,,,,,,0,,,9000,UNITED STATES,US TOTAL,1993,MONTHLY,6,6,JUN,,2012-01-01 00:00:00.000,48.9,
SURVEY,ANIMALS & PRODUCTS,LIVESTOCK,HOGS,BARROWS & GILTS,ALL PRODUCTION PRACTICES,ALL UTILIZATION PRACTICES,PRICE RECEIVED,$ / CWT,"HOGS, BARROWS & GILTS - PRICE RECEIVED, MEASURED IN $ / CWT",TOTAL,NOT SPECIFIED,NATIONAL,,99,US,US TOTAL,,,,,,,,0,,,9000,UNITED STATES,US TOTAL,1993,MONTHLY,7,7,JUL,,2012-01-01 00:00:00.000,46.6,
SURVEY,ANIMALS & PRODUCTS,LIVESTOCK,HOGS,BARROWS & GILTS,ALL PRODUCTION PRACTICES,ALL UTILIZATION PRACTICES,PRICE RECEIVED,$ / CWT,"HOGS, BARROWS & GILTS - PRICE RECEIVED, MEASURED IN $ / CWT",TOTAL,NOT SPECIFIED,NATIONAL,,99,US,US TOTAL,,,,,,,,0,,,9000,UNITED STATES,US TOTAL,1993,MONTHLY,8,8,AUG,,2012-01-01 00:00:00.000,48.3,
SURVEY,ANIMALS & PRODUCTS,LIVESTOCK,HOGS,BARROWS & GILTS,ALL PRODUCTION PRACTICES,ALL UTILIZATION PRACTICES,PRICE RECEIVED,$ / CWT,"HOGS, BARROWS & GILTS - PRICE RECEIVED, MEASURED IN $ / CWT",TOTAL,NOT SPECIFIED,NATIONAL,,99,US,US TOTAL,,,,,,,,0,,,9000,UNITED STATES,US TOTAL,1993,MONTHLY,9,9,SEP,,2012-01-01 00:00:00.000,48.5,
SURVEY,ANIMALS & PRODUCTS,LIVESTOCK,HOGS,BARROWS & GILTS,ALL PRODUCTION PRACTICES,ALL UTILIZATION PRACTICES,PRICE RECEIVED,$ / CWT,"HOGS, BARROWS & GILTS - PRICE RECEIVED, MEASURED IN $ / CWT",TOTAL,NOT SPECIFIED,NATIONAL,,99,US,US TOTAL,,,,,,,,0,,,9000,UNITED STATES,US TOTAL,1993,MONTHLY,10,10,OCT,,2012-01-01 00:00:00.000,47.5,
SURVEY,ANIMALS & PRODUCTS,LIVESTOCK,HOGS,BARROWS & GILTS,ALL PRODUCTION PRACTICES,ALL UTILIZATION PRACTICES,PRICE RECEIVED,$ / CWT,"HOGS, BARROWS & GILTS - PRICE RECEIVED, MEASURED IN $ / CWT",TOTAL,NOT SPECIFIED,NATIONAL,,99,US,US TOTAL,,,,,,,,0,,,9000,UNITED STATES,US TOTAL,1993,MONTHLY,11,11,NOV,,2012-01-01 00:00:00.000,43.2,
SURVEY,ANIMALS & PRODUCTS,LIVESTOCK,HOGS,BARROWS & GILTS,ALL PRODUCTION PRACTICES,ALL UTILIZATION PRACTICES,PRICE RECEIVED,$ / CWT,"HOGS, BARROWS & GILTS - PRICE RECEIVED, MEASURED IN $ / CWT",TOTAL,NOT SPECIFIED,NATIONAL,,99,US,US TOTAL,,,,,,,,0,,,9000,UNITED STATES,US TOTAL,1993,MONTHLY,12,12,DEC,,2012-01-01 00:00:00.000,41.0,
SURVEY,ANIMALS & PRODUCTS,LIVESTOCK,HOGS,BARROWS & GILTS,ALL PRODUCTION PRACTICES,ALL UTILIZATION PRACTICES,PRICE RECEIVED,$ / CWT,"HOGS, BARROWS & GILTS - PRICE RECEIVED, MEASURED IN $ / CWT",TOTAL,NOT SPECIFIED,NATIONAL,,99,US,US TOTAL,,,,,,,,0,,,9000,UNITED STATES,US TOTAL,1992,MONTHLY,1,1,JAN,,2012-01-01 00:00:00.000,37.6,
SURVEY,ANIMALS & PRODUCTS,LIVESTOCK,HOGS,BARROWS & GILTS,ALL PRODUCTION PRACTICES,ALL UTILIZATION PRACTICES,PRICE RECEIVED,$ / CWT,"HOGS, BARROWS & GILTS - PRICE RECEIVED, MEASURED IN $ / CWT",TOTAL,NOT SPECIFIED,NATIONAL,,99,US,US TOTAL,,,,,,,,0,,,9000,UNITED STATES,US TOTAL,1992,MONTHLY,2,2,FEB,,2012-01-01 00:00:00.000,40.8,
SURVEY,ANIMALS & PRODUCTS,LIVESTOCK,HOGS,BARROWS & GILTS,ALL PRODUCTION PRACTICES,ALL UTILIZATION PRACTICES,PRICE RECEIVED,$ / CWT,"HOGS, BARROWS & GILTS - PRICE RECEIVED, MEASURED IN $ / CWT",TOTAL,NOT SPECIFIED,NATIONAL,,99,US,US TOTAL,,,,,,,,0,,,9000,UNITED STATES,US TOTAL,1992,MONTHLY,3,3,MAR,,2012-01-01 00:00:00.000,39.5,
SURVEY,ANIMALS & PRODUCTS,LIVESTOCK,HOGS,BARROWS & GILTS,ALL PRODUCTION PRACTICES,ALL UTILIZATION PRACTICES,PRICE RECEIVED,$ / CWT,"HOGS, BARROWS & GILTS - PRICE RECEIVED, MEASURED IN $ / CWT",TOTAL,NOT SPECIFIED,NATIONAL,,99,US,US TOTAL,,,,,,,,0,,,9000,UNITED STATES,US TOTAL,1992,MONTHLY,4,4,APR,,2012-01-01 00:00:00.000,41.5,
SURVEY,ANIMALS & PRODUCTS,LIVESTOCK,HOGS,BARROWS & GILTS,ALL PRODUCTION PRACTICES,ALL UTILIZATION PRACTICES,PRICE RECEIVED,$ / CWT,"HOGS, BARROWS & GILTS - PRICE RECEIVED, MEASURED IN $ / CWT",TOTAL,NOT SPECIFIED,NATIONAL,,99,US,US TOTAL,,,,,,,,0,,,9000,UNITED STATES,US TOTAL,1992,MONTHLY,5,5,MAY,,2012-01-01 00:00:00.000,45.6,
SURVEY,ANIMALS & PRODUCTS,LIVESTOCK,HOGS,BARROWS & GILTS,ALL PRODUCTION PRACTICES,ALL UTILIZATION PRACTICES,PRICE RECEIVED,$ / CWT,"HOGS, BARROWS & GILTS - PRICE RECEIVED, MEASURED IN $ / CWT",TOTAL,NOT SPECIFIED,NATIONAL,,99,US,US TOTAL,,,,,,,,0,,,9000,UNITED STATES,US TOTAL,1992,MONTHLY,6,6,JUN,,2012-01-01 00:00:00.000,47.7,
SURVEY,ANIMALS & PRODUCTS,LIVESTOCK,HOGS,BARROWS & GILTS,ALL PRODUCTION PRACTICES,ALL UTILIZATION PRACTICES,PRICE RECEIVED,$ / CWT,"HOGS, BARROWS & GILTS - PRICE RECEIVED, MEASURED IN $ / CWT",TOTAL,NOT SPECIFIED,NATIONAL,,99,US,US TOTAL,,,,,,,,0,,,9000,UNITED STATES,US TOTAL,1992,MONTHLY,7,7,JUL,,2012-01-01 00:00:00.000,45.8,
SURVEY,ANIMALS & PRODUCTS,LIVESTOCK,HOGS,BARROWS & GILTS,ALL PRODUCTION PRACTICES,ALL UTILIZATION PRACTICES,PRICE RECEIVED,$ / CWT,"HOGS, BARROWS & GILTS - PRICE RECEIVED, MEASURED IN $ / CWT",TOTAL,NOT SPECIFIED,NATIONAL,,99,US,US TOTAL,,,,,,,,0,,,9000,UNITED STATES,US TOTAL,1992,MONTHLY,8,8,AUG,,2012-01-01 00:00:00.000,45.0,
SURVEY,ANIMALS & PRODUCTS,LIVESTOCK,HOGS,BARROWS & GILTS,ALL PRODUCTION PRACTICES,ALL UTILIZATION PRACTICES,PRICE RECEIVED,$ / CWT,"HOGS, BARROWS & GILTS - PRICE RECEIVED, MEASURED IN $ / CWT",TOTAL,NOT SPECIFIED,NATIONAL,,99,US,US TOTAL,,,,,,,,0,,,9000,UNITED STATES,US TOTAL,1992,MONTHLY,9,9,SEP,,2012-01-01 00:00:00.000,42.8,
SURVEY,ANIMALS & PRODUCTS,LIVESTOCK,HOGS,BARROWS & GILTS,ALL PRODUCTION PRACTICES,ALL UTILIZATION PRACTICES,PRICE RECEIVED,$ / CWT,"HOGS, BARROWS & GILTS - PRICE RECEIVED, MEASURED IN $ / CWT",TOTAL,NOT SPECIFIED,NATIONAL,,99,US,US TOTAL,,,,,,,,0,,,9000,UNITED STATES,US TOTAL,1992,MONTHLY,10,10,OCT,,2012-01-01 00:00:00.000,42.5,
SURVEY,ANIMALS & PRODUCTS,LIVESTOCK,HOGS,BARROWS & GILTS,ALL PRODUCTION PRACTICES,ALL UTILIZATION PRACTICES,PRICE RECEIVED,$ / CWT,"HOGS, BARROWS & GILTS - PRICE RECEIVED, MEASURED IN $ / CWT",TOTAL,NOT SPECIFIED,NATIONAL,,99,US,US TOTAL,,,,,,,,0,,,9000,UNITED STATES,US TOTAL,1992,MONTHLY,11,11,NOV,,2012-01-01 00:00:00.000,41.7,
SURVEY,ANIMALS & PRODUCTS,LIVESTOCK,HOGS,BARROWS & GILTS,ALL PRODUCTION PRACTICES,ALL UTILIZATION PRACTICES,PRICE RECEIVED,$ / CWT,"HOGS, BARROWS & GILTS - PRICE RECEIVED, MEASURED IN $ / CWT",TOTAL,NOT SPECIFIED,NATIONAL,,99,US,US TOTAL,,,,,,,,0,,,9000,UNITED STATES,US TOTAL,1992,MONTHLY,12,12,DEC,,2012-01-01 00:00:00.000,42.5,
SURVEY,ANIMALS & PRODUCTS,LIVESTOCK,HOGS,SOWS,ALL PRODUCTION PRACTICES,ALL UTILIZATION PRACTICES,PRICE RECEIVED,$ / CWT,"HOGS, SOWS - PRICE RECEIVED, MEASURED IN $ / CWT",TOTAL,NOT SPECIFIED,NATIONAL,,99,US,US TOTAL,,,,,,,,0,,,9000,UNITED STATES,US TOTAL,2026,MONTHLY,1,1,JAN,,2026-02-27 15:00:00.000,60.8,
SURVEY,ANIMALS & PRODUCTS,LIVESTOCK,HOGS,SOWS,ALL PRODUCTION PRACTICES,ALL UTILIZATION PRACTICES,PRICE RECEIVED,$ / CWT,"HOGS, SOWS - PRICE RECEIVED, MEASURED IN $ / CWT",TOTAL,NOT SPECIFIED,NATIONAL,,99,US,US TOTAL,,,,,,,,0,,,9000,UNITED STATES,US TOTAL,2026,MONTHLY,2,2,FEB,,2026-03-30 15:00:00.000,71.3,
SURVEY,ANIMALS & PRODUCTS,LIVESTOCK,HOGS,SOWS,ALL PRODUCTION PRACTICES,ALL UTILIZATION PRACTICES,PRICE RECEIVED,$ / CWT,"HOGS, SOWS - PRICE RECEIVED, MEASURED IN $ / CWT",TOTAL,NOT SPECIFIED,NATIONAL,,99,US,US TOTAL,,,,,,,,0,,,9000,UNITED STATES,US TOTAL,2026,MONTHLY,3,3,MAR,,2026-04-30 15:00:00.000,76.8,
SURVEY,ANIMALS & PRODUCTS,LIVESTOCK,HOGS,SOWS,ALL PRODUCTION PRACTICES,ALL UTILIZATION PRACTICES,PRICE RECEIVED,$ / CWT,"HOGS, SOWS - PRICE RECEIVED, MEASURED IN $ / CWT",TOTAL,NOT SPECIFIED,NATIONAL,,99,US,US TOTAL,,,,,,,,0,,,9000,UNITED STATES,US TOTAL,2026,MONTHLY,4,4,APR,,2026-05-29 15:00:00.000,63.1,
SURVEY,ANIMALS & PRODUCTS,LIVESTOCK,HOGS,SOWS,ALL PRODUCTION PRACTICES,ALL UTILIZATION PRACTICES,PRICE RECEIVED,$ / CWT,"HOGS, SOWS - PRICE RECEIVED, MEASURED IN $ / CWT",TOTAL,NOT SPECIFIED,NATIONAL,,99,US,US TOTAL,,,,,,,,0,,,9000,UNITED STATES,US TOTAL,2025,ANNUAL,0,0,MARKETING YEAR,,2026-02-27 15:00:00.000,71.9,
SURVEY,ANIMALS & PRODUCTS,LIVESTOCK,HOGS,SOWS,ALL PRODUCTION PRACTICES,ALL UTILIZATION PRACTICES,PRICE RECEIVED,$ / CWT,"HOGS, SOWS - PRICE RECEIVED, MEASURED IN $ / CWT",TOTAL,NOT SPECIFIED,NATIONAL,,99,US,US TOTAL,,,,,,,,0,,,9000,UNITED STATES,US TOTAL,2025,MONTHLY,1,1,JAN,,2026-02-27 15:00:00.000,55.3,
SURVEY,ANIMALS & PRODUCTS,LIVESTOCK,HOGS,SOWS,ALL PRODUCTION PRACTICES,ALL UTILIZATION PRACTICES,PRICE RECEIVED,$ / CWT,"HOGS, SOWS - PRICE RECEIVED, MEASURED IN $ / CWT",TOTAL,NOT SPECIFIED,NATIONAL,,99,US,US TOTAL,,,,,,,,0,,,9000,UNITED STATES,US TOTAL,2025,MONTHLY,2,2,FEB,,2026-02-27 15:00:00.000,74.3,
SURVEY,ANIMALS & PRODUCTS,LIVESTOCK,HOGS,SOWS,ALL PRODUCTION PRACTICES,ALL UTILIZATION PRACTICES,PRICE RECEIVED,$ / CWT,"HOGS, SOWS - PRICE RECEIVED, MEASURED IN $ / CWT",TOTAL,NOT SPECIFIED,NATIONAL,,99,US,US TOTAL,,,,,,,,0,,,9000,UNITED STATES,US TOTAL,2025,MONTHLY,3,3,MAR,,2026-02-27 15:00:00.000,75.9,
SURVEY,ANIMALS & PRODUCTS,LIVESTOCK,HOGS,SOWS,ALL PRODUCTION PRACTICES,ALL UTILIZATION PRACTICES,PRICE RECEIVED,$ / CWT,"HOGS, SOWS - PRICE RECEIVED, MEASURED IN $ / CWT",TOTAL,NOT SPECIFIED,NATIONAL,,99,US,US TOTAL,,,,,,,,0,,,9000,UNITED STATES,US TOTAL,2025,MONTHLY,4,4,APR,,2026-02-27 15:00:00.000,62.4,
SURVEY,ANIMALS & PRODUCTS,LIVESTOCK,HOGS,SOWS,ALL PRODUCTION PRACTICES,ALL UTILIZATION PRACTICES,PRICE RECEIVED,$ / CWT,"HOGS, SOWS - PRICE RECEIVED, MEASURED IN $ / CWT",TOTAL,NOT SPECIFIED,NATIONAL,,99,US,US TOTAL,,,,,,,,0,,,9000,UNITED STATES,US TOTAL,2025,MONTHLY,5,5,MAY,,2026-02-27 15:00:00.000,62.2,
SURVEY,ANIMALS & PRODUCTS,LIVESTOCK,HOGS,SOWS,ALL PRODUCTION PRACTICES,ALL UTILIZATION PRACTICES,PRICE RECEIVED,$ / CWT,"HOGS, SOWS - PRICE RECEIVED, MEASURED IN $ / CWT",TOTAL,NOT SPECIFIED,NATIONAL,,99,US,US TOTAL,,,,,,,,0,,,9000,UNITED STATES,US TOTAL,2025,MONTHLY,6,6,JUN,,2026-02-27 15:00:00.000,70.6,
SURVEY,ANIMALS & PRODUCTS,LIVESTOCK,HOGS,SOWS,ALL PRODUCTION PRACTICES,ALL UTILIZATION PRACTICES,PRICE RECEIVED,$ / CWT,"HOGS, SOWS - PRICE RECEIVED, MEASURED IN $ / CWT",TOTAL,NOT SPECIFIED,NATIONAL,,99,US,US TOTAL,,,,,,,,0,,,9000,UNITED STATES,US TOTAL,2025,MONTHLY,7,7,JUL,,2026-02-27 15:00:00.000,84.2,
SURVEY,ANIMALS & PRODUCTS,LIVESTOCK,HOGS,SOWS,ALL PRODUCTION PRACTICES,ALL UTILIZATION PRACTICES,PRICE RECEIVED,$ / CWT,"HOGS, SOWS - PRICE RECEIVED, MEASURED IN $ / CWT",TOTAL,NOT SPECIFIED,NATIONAL,,99,US,US TOTAL,,,,,,,,0,,,9000,UNITED STATES,US TOTAL,2025,MONTHLY,8,8,AUG,,2026-02-27 15:00:00.000,95.2,
SURVEY,ANIMALS & PRODUCTS,LIVESTOCK,HOGS,SOWS,ALL PRODUCTION PRACTICES,ALL UTILIZATION PRACTICES,PRICE RECEIVED,$ / CWT,"HOGS, SOWS - PRICE RECEIVED, MEASURED IN $ / CWT",TOTAL,NOT SPECIFIED,NATIONAL,,99,US,US TOTAL,,,,,,,,0,,,9000,UNITED STATES,US TOTAL,2025,MONTHLY,9,9,SEP,,2026-02-27 15:00:00.000,89.6,
SURVEY,ANIMALS & PRODUCTS,LIVESTOCK,HOGS,SOWS,ALL PRODUCTION PRACTICES,ALL UTILIZATION PRACTICES,PRICE RECEIVED,$ / CWT,"HOGS, SOWS - PRICE RECEIVED, MEASURED IN $ / CWT",TOTAL,NOT SPECIFIED,NATIONAL,,99,US,US TOTAL,,,,,,,,0,,,9000,UNITED STATES,US TOTAL,2025,MONTHLY,10,10,OCT,,2026-02-27 15:00:00.000,75.9,
SURVEY,ANIMALS & PRODUCTS,LIVESTOCK,HOGS,SOWS,ALL PRODUCTION PRACTICES,ALL UTILIZATION PRACTICES,PRICE RECEIVED,$ / CWT,"HOGS, SOWS - PRICE RECEIVED, MEASURED IN $ / CWT",TOTAL,NOT SPECIFIED,NATIONAL,,99,US,US TOTAL,,,,,,,,0,,,9000,UNITED STATES,US TOTAL,2025,MONTHLY,11,11,NOV,,2026-02-27 15:00:00.000,69.7,
SURVEY,ANIMALS & PRODUCTS,LIVESTOCK,HOGS,SOWS,ALL PRODUCTION PRACTICES,ALL UTILIZATION PRACTICES,PRICE RECEIVED,$ / CWT,"HOGS, SOWS - PRICE RECEIVED, MEASURED IN $ / CWT",TOTAL,NOT SPECIFIED,NATIONAL,,99,US,US TOTAL,,,,,,,,0,,,9000,UNITED STATES,US TOTAL,2025,MONTHLY,12,12,DEC,,2026-01-30 15:00:00.000,60.0,
SURVEY,ANIMALS & PRODUCTS,LIVESTOCK,HOGS,SOWS,ALL PRODUCTION PRACTICES,ALL UTILIZATION PRACTICES,PRICE RECEIVED,$ / CWT,"HOGS, SOWS - PRICE RECEIVED, MEASURED IN $ / CWT",TOTAL,NOT SPECIFIED,NATIONAL,,99,US,US TOTAL,,,,,,,,0,,,9000,UNITED STATES,US TOTAL,2024,ANNUAL,0,0,MARKETING YEAR,,2026-02-27 15:00:00.000,59.7,
SURVEY,ANIMALS & PRODUCTS,LIVESTOCK,HOGS,SOWS,ALL PRODUCTION PRACTICES,ALL UTILIZATION PRACTICES,PRICE RECEIVED,$ / CWT,"HOGS, SOWS - PRICE RECEIVED, MEASURED IN $ / CWT",TOTAL,NOT SPECIFIED,NATIONAL,,99,US,US TOTAL,,,,,,,,0,,,9000,UNITED STATES,US TOTAL,2024,MONTHLY,1,1,JAN,,2026-02-27 15:00:00.000,36.8,
SURVEY,ANIMALS & PRODUCTS,LIVESTOCK,HOGS,SOWS,ALL PRODUCTION PRACTICES,ALL UTILIZATION PRACTICES,PRICE RECEIVED,$ / CWT,"HOGS, SOWS - PRICE RECEIVED, MEASURED IN $ / CWT",TOTAL,NOT SPECIFIED,NATIONAL,,99,US,US TOTAL,,,,,,,,0,,,9000,UNITED STATES,US TOTAL,2024,MONTHLY,2,2,FEB,,2026-02-27 15:00:00.000,50.1,
SURVEY,ANIMALS & PRODUCTS,LIVESTOCK,HOGS,SOWS,ALL PRODUCTION PRACTICES,ALL UTILIZATION PRACTICES,PRICE RECEIVED,$ / CWT,"HOGS, SOWS - PRICE RECEIVED, MEASURED IN $ / CWT",TOTAL,NOT SPECIFIED,NATIONAL,,99,US,US TOTAL,,,,,,,,0,,,9000,UNITED STATES,US TOTAL,2024,MONTHLY,3,3,MAR,,2026-02-27 15:00:00.000,64.5,
SURVEY,ANIMALS & PRODUCTS,LIVESTOCK,HOGS,SOWS,ALL PRODUCTION PRACTICES,ALL UTILIZATION PRACTICES,PRICE RECEIVED,$ / CWT,"HOGS, SOWS - PRICE RECEIVED, MEASURED IN $ / CWT",TOTAL,NOT SPECIFIED,NATIONAL,,99,US,US TOTAL,,,,,,,,0,,,9000,UNITED STATES,US TOTAL,2024,MONTHLY,4,4,APR,,2026-02-27 15:00:00.000,62.5,
SURVEY,ANIMALS & PRODUCTS,LIVESTOCK,HOGS,SOWS,ALL PRODUCTION PRACTICES,ALL UTILIZATION PRACTICES,PRICE RECEIVED,$ / CWT,"HOGS, SOWS - PRICE RECEIVED, MEASURED IN $ / CWT",TOTAL,NOT SPECIFIED,NATIONAL,,99,US,US TOTAL,,,,,,,,0,,,9000,UNITED STATES,US TOTAL,2024,MONTHLY,5,5,MAY,,2026-02-27 15:00:00.000,49.2,
SURVEY,ANIMALS & PRODUCTS,LIVESTOCK,HOGS,SOWS,ALL PRODUCTION PRACTICES,ALL UTILIZATION PRACTICES,PRICE RECEIVED,$ / CWT,"HOGS, SOWS - PRICE RECEIVED, MEASURED IN $ / CWT",TOTAL,NOT SPECIFIED,NATIONAL,,99,US,US TOTAL,,,,,,,,0,,,9000,UNITED STATES,US TOTAL,2024,MONTHLY,6,6,JUN,,2026-02-27 15:00:00.000,67.0,
SURVEY,ANIMALS & PRODUCTS,LIVESTOCK,HOGS,SOWS,ALL PRODUCTION PRACTICES,ALL UTILIZATION PRACTICES,PRICE RECEIVED,$ / CWT,"HOGS, SOWS - PRICE RECEIVED, MEASURED IN $ / CWT",TOTAL,NOT SPECIFIED,NATIONAL,,99,US,US TOTAL,,,,,,,,0,,,9000,UNITED STATES,US TOTAL,2024,MONTHLY,7,7,JUL,,2026-02-27 15:00:00.000,67.2,
SURVEY,ANIMALS & PRODUCTS,LIVESTOCK,HOGS,SOWS,ALL PRODUCTION PRACTICES,ALL UTILIZATION PRACTICES,PRICE RECEIVED,$ / CWT,"HOGS, SOWS - PRICE RECEIVED, MEASURED IN $ / CWT",TOTAL,NOT SPECIFIED,NATIONAL,,99,US,US TOTAL,,,,,,,,0,,,9000,UNITED STATES,US TOTAL,2024,MONTHLY,8,8,AUG,,2026-02-27 15:00:00.000,66.8,
SURVEY,ANIMALS & PRODUCTS,LIVESTOCK,HOGS,SOWS,ALL PRODUCTION PRACTICES,ALL UTILIZATION PRACTICES,PRICE RECEIVED,$ / CWT,"HOGS, SOWS - PRICE RECEIVED, MEASURED IN $ / CWT",TOTAL,NOT SPECIFIED,NATIONAL,,99,US,US TOTAL,,,,,,,,0,,,9000,UNITED STATES,US TOTAL,2024,MONTHLY,9,9,SEP,,2026-02-27 15:00:00.000,70.2,
SURVEY,ANIMALS & PRODUCTS,LIVESTOCK,HOGS,SOWS,ALL PRODUCTION PRACTICES,ALL UTILIZATION PRACTICES,PRICE RECEIVED,$ / CWT,"HOGS, SOWS - PRICE RECEIVED, MEASURED IN $ / CWT",TOTAL,NOT SPECIFIED,NATIONAL,,99,US,US TOTAL,,,,,,,,0,,,9000,UNITED STATES,US TOTAL,2024,MONTHLY,10,10,OCT,,2026-02-27 15:00:00.000,70.6,
SURVEY,ANIMALS & PRODUCTS,LIVESTOCK,HOGS,SOWS,ALL PRODUCTION PRACTICES,ALL UTILIZATION PRACTICES,PRICE RECEIVED,$ / CWT,"HOGS, SOWS - PRICE RECEIVED, MEASURED IN $ / CWT",TOTAL,NOT SPECIFIED,NATIONAL,,99,US,US TOTAL,,,,,,,,0,,,9000,UNITED STATES,US TOTAL,2024,MONTHLY,11,11,NOV,,2026-02-27 15:00:00.000,66.1,
SURVEY,ANIMALS & PRODUCTS,LIVESTOCK,HOGS,SOWS,ALL PRODUCTION PRACTICES,ALL UTILIZATION PRACTICES,PRICE RECEIVED,$ / CWT,"HOGS, SOWS - PRICE RECEIVED, MEASURED IN $ / CWT",TOTAL,NOT SPECIFIED,NATIONAL,,99,US,US TOTAL,,,,,,,,0,,,9000,UNITED STATES,US TOTAL,2024,MONTHLY,12,12,DEC,,2026-02-27 15:00:00.000,50.6,
SURVEY,ANIMALS & PRODUCTS,LIVESTOCK,HOGS,SOWS,ALL PRODUCTION PRACTICES,ALL UTILIZATION PRACTICES,PRICE RECEIVED,$ / CWT,"HOGS, SOWS - PRICE RECEIVED, MEASURED IN $ / CWT",TOTAL,NOT SPECIFIED,NATIONAL,,99,US,US TOTAL,,,,,,,,0,,,9000,UNITED STATES,US TOTAL,2023,ANNUAL,0,0,MARKETING YEAR,,2025-02-28 15:00:00.000,47.3,
SURVEY,ANIMALS & PRODUCTS,LIVESTOCK,HOGS,SOWS,ALL PRODUCTION PRACTICES,ALL UTILIZATION PRACTICES,PRICE RECEIVED,$ / CWT,"HOGS, SOWS - PRICE RECEIVED, MEASURED IN $ / CWT",TOTAL,NOT SPECIFIED,NATIONAL,,99,US,US TOTAL,,,,,,,,0,,,9000,UNITED STATES,US TOTAL,2023,MONTHLY,1,1,JAN,,2025-02-28 15:00:00.000,42.7,
SURVEY,ANIMALS & PRODUCTS,LIVESTOCK,HOGS,SOWS,ALL PRODUCTION PRACTICES,ALL UTILIZATION PRACTICES,PRICE RECEIVED,$ / CWT,"HOGS, SOWS - PRICE RECEIVED, MEASURED IN $ / CWT",TOTAL,NOT SPECIFIED,NATIONAL,,99,US,US TOTAL,,,,,,,,0,,,9000,UNITED STATES,US TOTAL,2023,MONTHLY,2,2,FEB,,2025-02-28 15:00:00.000,57.5,
SURVEY,ANIMALS & PRODUCTS,LIVESTOCK,HOGS,SOWS,ALL PRODUCTION PRACTICES,ALL UTILIZATION PRACTICES,PRICE RECEIVED,$ / CWT,"HOGS, SOWS - PRICE RECEIVED, MEASURED IN $ / CWT",TOTAL,NOT SPECIFIED,NATIONAL,,99,US,US TOTAL,,,,,,,,0,,,9000,UNITED STATES,US TOTAL,2023,MONTHLY,3,3,MAR,,2025-02-28 15:00:00.000,64.4,
SURVEY,ANIMALS & PRODUCTS,LIVESTOCK,HOGS,SOWS,ALL PRODUCTION PRACTICES,ALL UTILIZATION PRACTICES,PRICE RECEIVED,$ / CWT,"HOGS, SOWS - PRICE RECEIVED, MEASURED IN $ / CWT",TOTAL,NOT SPECIFIED,NATIONAL,,99,US,US TOTAL,,,,,,,,0,,,9000,UNITED STATES,US TOTAL,2023,MONTHLY,4,4,APR,,2025-02-28 15:00:00.000,41.2,
SURVEY,ANIMALS & PRODUCTS,LIVESTOCK,HOGS,SOWS,ALL PRODUCTION PRACTICES,ALL UTILIZATION PRACTICES,PRICE RECEIVED,$ / CWT,"HOGS, SOWS - PRICE RECEIVED, MEASURED IN $ / CWT",TOTAL,NOT SPECIFIED,NATIONAL,,99,US,US TOTAL,,,,,,,,0,,,9000,UNITED STATES,US TOTAL,2023,MONTHLY,5,5,MAY,,2025-02-28 15:00:00.000,23.0,
SURVEY,ANIMALS & PRODUCTS,LIVESTOCK,HOGS,SOWS,ALL PRODUCTION PRACTICES,ALL UTILIZATION PRACTICES,PRICE RECEIVED,$ / CWT,"HOGS, SOWS - PRICE RECEIVED, MEASURED IN $ / CWT",TOTAL,NOT SPECIFIED,NATIONAL,,99,US,US TOTAL,,,,,,,,0,,,9000,UNITED STATES,US TOTAL,2023,MONTHLY,6,6,JUN,,2025-02-28 15:00:00.000,30.1,
SURVEY,ANIMALS & PRODUCTS,LIVESTOCK,HOGS,SOWS,ALL PRODUCTION PRACTICES,ALL UTILIZATION PRACTICES,PRICE RECEIVED,$ / CWT,"HOGS, SOWS - PRICE RECEIVED, MEASURED IN $ / CWT",TOTAL,NOT SPECIFIED,NATIONAL,,99,US,US TOTAL,,,,,,,,0,,,9000,UNITED STATES,US TOTAL,2023,MONTHLY,7,7,JUL,,2025-02-28 15:00:00.000,46.0,
SURVEY,ANIMALS & PRODUCTS,LIVESTOCK,HOGS,SOWS,ALL PRODUCTION PRACTICES,ALL UTILIZATION PRACTICES,PRICE RECEIVED,$ / CWT,"HOGS, SOWS - PRICE RECEIVED, MEASURED IN $ / CWT",TOTAL,NOT SPECIFIED,NATIONAL,,99,US,US TOTAL,,,,,,,,0,,,9000,UNITED STATES,US TOTAL,2023,MONTHLY,8,8,AUG,,2025-02-28 15:00:00.000,64.1,
SURVEY,ANIMALS & PRODUCTS,LIVESTOCK,HOGS,SOWS,ALL PRODUCTION PRACTICES,ALL UTILIZATION PRACTICES,PRICE RECEIVED,$ / CWT,"HOGS, SOWS - PRICE RECEIVED, MEASURED IN $ / CWT",TOTAL,NOT SPECIFIED,NATIONAL,,99,US,US TOTAL,,,,,,,,0,,,9000,UNITED STATES,US TOTAL,2023,MONTHLY,9,9,SEP,,2025-02-28 15:00:00.000,50.2,
SURVEY,ANIMALS & PRODUCTS,LIVESTOCK,HOGS,SOWS,ALL PRODUCTION PRACTICES,ALL UTILIZATION PRACTICES,PRICE RECEIVED,$ / CWT,"HOGS, SOWS - PRICE RECEIVED, MEASURED IN $ / CWT",TOTAL,NOT SPECIFIED,NATIONAL,,99,US,US TOTAL,,,,,,,,0,,,9000,UNITED STATES,US TOTAL,2023,MONTHLY,10,10,OCT,,2025-02-28 15:00:00.000,39.5,
SURVEY,ANIMALS & PRODUCTS,LIVESTOCK,HOGS,SOWS,ALL PRODUCTION PRACTICES,ALL UTILIZATION PRACTICES,PRICE RECEIVED,$ / CWT,"HOGS, SOWS - PRICE RECEIVED, MEASURED IN $ / CWT",TOTAL,NOT SPECIFIED,NATIONAL,,99,US,US TOTAL,,,,,,,,0,,,9000,UNITED STATES,US TOTAL,2023,MONTHLY,11,11,NOV,,2025-02-28 15:00:00.000,58.1,
SURVEY,ANIMALS & PRODUCTS,LIVESTOCK,HOGS,SOWS,ALL PRODUCTION PRACTICES,ALL UTILIZATION PRACTICES,PRICE RECEIVED,$ / CWT,"HOGS, SOWS - PRICE RECEIVED, MEASURED IN $ / CWT",TOTAL,NOT SPECIFIED,NATIONAL,,99,US,US TOTAL,,,,,,,,0,,,9000,UNITED STATES,US TOTAL,2023,MONTHLY,12,12,DEC,,2026-02-27 15:00:00.000,48.9,
SURVEY,ANIMALS & PRODUCTS,LIVESTOCK,HOGS,SOWS,ALL PRODUCTION PRACTICES,ALL UTILIZATION PRACTICES,PRICE RECEIVED,$ / CWT,"HOGS, SOWS - PRICE RECEIVED, MEASURED IN $ / CWT",TOTAL,NOT SPECIFIED,NATIONAL,,99,US,US TOTAL,,,,,,,,0,,,9000,UNITED STATES,US TOTAL,2022,ANNUAL,0,0,MARKETING YEAR,,2024-02-29 15:00:00.000,69.2,
SURVEY,ANIMALS & PRODUCTS,LIVESTOCK,HOGS,SOWS,ALL PRODUCTION PRACTICES,ALL UTILIZATION PRACTICES,PRICE RECEIVED,$ / CWT,"HOGS, SOWS - PRICE RECEIVED, MEASURED IN $ / CWT",TOTAL,NOT SPECIFIED,NATIONAL,,99,US,US TOTAL,,,,,,,,0,,,9000,UNITED STATES,US TOTAL,2022,MONTHLY,1,1,JAN,,2024-02-29 15:00:00.000,45.9,
SURVEY,ANIMALS & PRODUCTS,LIVESTOCK,HOGS,SOWS,ALL PRODUCTION PRACTICES,ALL UTILIZATION PRACTICES,PRICE RECEIVED,$ / CWT,"HOGS, SOWS - PRICE RECEIVED, MEASURED IN $ / CWT",TOTAL,NOT SPECIFIED,NATIONAL,,99,US,US TOTAL,,,,,,,,0,,,9000,UNITED STATES,US TOTAL,2022,MONTHLY,2,2,FEB,,2024-02-29 15:00:00.000,63.7,
SURVEY,ANIMALS & PRODUCTS,LIVESTOCK,HOGS,SOWS,ALL PRODUCTION PRACTICES,ALL UTILIZATION PRACTICES,PRICE RECEIVED,$ / CWT,"HOGS, SOWS - PRICE RECEIVED, MEASURED IN $ / CWT",TOTAL,NOT SPECIFIED,NATIONAL,,99,US,US TOTAL,,,,,,,,0,,,9000,UNITED STATES,US TOTAL,2022,MONTHLY,3,3,MAR,,2024-02-29 15:00:00.000,84.6,
SURVEY,ANIMALS & PRODUCTS,LIVESTOCK,HOGS,SOWS,ALL PRODUCTION PRACTICES,ALL UTILIZATION PRACTICES,PRICE RECEIVED,$ / CWT,"HOGS, SOWS - PRICE RECEIVED, MEASURED IN $ / CWT",TOTAL,NOT SPECIFIED,NATIONAL,,99,US,US TOTAL,,,,,,,,0,,,9000,UNITED STATES,US TOTAL,2022,MONTHLY,4,4,APR,,2024-02-29 15:00:00.000,94.7,
SURVEY,ANIMALS & PRODUCTS,LIVESTOCK,HOGS,SOWS,ALL PRODUCTION PRACTICES,ALL UTILIZATION PRACTICES,PRICE RECEIVED,$ / CWT,"HOGS, SOWS - PRICE RECEIVED, MEASURED IN $ / CWT",TOTAL,NOT SPECIFIED,NATIONAL,,99,US,US TOTAL,,,,,,,,0,,,9000,UNITED STATES,US TOTAL,2022,MONTHLY,5,5,MAY,,2024-02-29 15:00:00.000,72.1,
SURVEY,ANIMALS & PRODUCTS,LIVESTOCK,HOGS,SOWS,ALL PRODUCTION PRACTICES,ALL UTILIZATION PRACTICES,PRICE RECEIVED,$ / CWT,"HOGS, SOWS - PRICE RECEIVED, MEASURED IN $ / CWT",TOTAL,NOT SPECIFIED,NATIONAL,,99,US,US TOTAL,,,,,,,,0,,,9000,UNITED STATES,US TOTAL,2022,MONTHLY,6,6,JUN,,2024-02-29 15:00:00.000,51.1,
SURVEY,ANIMALS & PRODUCTS,LIVESTOCK,HOGS,SOWS,ALL PRODUCTION PRACTICES,ALL UTILIZATION PRACTICES,PRICE RECEIVED,$ / CWT,"HOGS, SOWS - PRICE RECEIVED, MEASURED IN $ / CWT",TOTAL,NOT SPECIFIED,NATIONAL,,99,US,US TOTAL,,,,,,,,0,,,9000,UNITED STATES,US TOTAL,2022,MONTHLY,7,7,JUL,,2024-02-29 15:00:00.000,61.4,
SURVEY,ANIMALS & PRODUCTS,LIVESTOCK,HOGS,SOWS,ALL PRODUCTION PRACTICES,ALL UTILIZATION PRACTICES,PRICE RECEIVED,$ / CWT,"HOGS, SOWS - PRICE RECEIVED, MEASURED IN $ / CWT",TOTAL,NOT SPECIFIED,NATIONAL,,99,US,US TOTAL,,,,,,,,0,,,9000,UNITED STATES,US TOTAL,2022,MONTHLY,8,8,AUG,,2024-02-29 15:00:00.000,82.9,
SURVEY,ANIMALS & PRODUCTS,LIVESTOCK,HOGS,SOWS,ALL PRODUCTION PRACTICES,ALL UTILIZATION PRACTICES,PRICE RECEIVED,$ / CWT,"HOGS, SOWS - PRICE RECEIVED, MEASURED IN $ / CWT",TOTAL,NOT SPECIFIED,NATIONAL,,99,US,US TOTAL,,,,,,,,0,,,9000,UNITED STATES,US TOTAL,2022,MONTHLY,9,9,SEP,,2024-02-29 15:00:00.000,70.9,
SURVEY,ANIMALS & PRODUCTS,LIVESTOCK,HOGS,SOWS,ALL PRODUCTION PRACTICES,ALL UTILIZATION PRACTICES,PRICE RECEIVED,$ / CWT,"HOGS, SOWS - PRICE RECEIVED, MEASURED IN $ / CWT",TOTAL,NOT SPECIFIED,NATIONAL,,99,US,US TOTAL,,,,,,,,0,,,9000,UNITED STATES,US TOTAL,2022,MONTHLY,10,10,OCT,,2024-02-29 15:00:00.000,70.4,
SURVEY,ANIMALS & PRODUCTS,LIVESTOCK,HOGS,SOWS,ALL PRODUCTION PRACTICES,ALL UTILIZATION PRACTICES,PRICE RECEIVED,$ / CWT,"HOGS, SOWS - PRICE RECEIVED, MEASURED IN $ / CWT",TOTAL,NOT SPECIFIED,NATIONAL,,99,US,US TOTAL,,,,,,,,0,,,9000,UNITED STATES,US TOTAL,2022,MONTHLY,11,11,NOV,,2024-02-29 15:00:00.000,63.8,
SURVEY,ANIMALS & PRODUCTS,LIVESTOCK,HOGS,SOWS,ALL PRODUCTION PRACTICES,ALL UTILIZATION PRACTICES,PRICE RECEIVED,$ / CWT,"HOGS, SOWS - PRICE RECEIVED, MEASURED IN $ / CWT",TOTAL,NOT SPECIFIED,NATIONAL,,99,US,US TOTAL,,,,,,,,0,,,9000,UNITED STATES,US TOTAL,2022,MONTHLY,12,12,DEC,,2025-02-28 15:00:00.000,51.9,
SURVEY,ANIMALS & PRODUCTS,LIVESTOCK,HOGS,SOWS,ALL PRODUCTION PRACTICES,ALL UTILIZATION PRACTICES,PRICE RECEIVED,$ / CWT,"HOGS, SOWS - PRICE RECEIVED, MEASURED IN $ / CWT",TOTAL,NOT SPECIFIED,NATIONAL,,99,US,US TOTAL,,,,,,,,0,,,9000,UNITED STATES,US TOTAL,2021,ANNUAL,0,0,MARKETING YEAR,,2023-02-28 15:00:00.000,65.2,
SURVEY,ANIMALS & PRODUCTS,LIVESTOCK,HOGS,SOWS,ALL PRODUCTION PRACTICES,ALL UTILIZATION PRACTICES,PRICE RECEIVED,$ / CWT,"HOGS, SOWS - PRICE RECEIVED, MEASURED IN $ / CWT",TOTAL,NOT SPECIFIED,NATIONAL,,99,US,US TOTAL,,,,,,,,0,,,9000,UNITED STATES,US TOTAL,2021,MONTHLY,1,1,JAN,,2023-02-28 15:00:00.000,42.5,
SURVEY,ANIMALS & PRODUCTS,LIVESTOCK,HOGS,SOWS,ALL PRODUCTION PRACTICES,ALL UTILIZATION PRACTICES,PRICE RECEIVED,$ / CWT,"HOGS, SOWS - PRICE RECEIVED, MEASURED IN $ / CWT",TOTAL,NOT SPECIFIED,NATIONAL,,99,US,US TOTAL,,,,,,,,0,,,9000,UNITED STATES,US TOTAL,2021,MONTHLY,2,2,FEB,,2023-02-28 15:00:00.000,56.9,
SURVEY,ANIMALS & PRODUCTS,LIVESTOCK,HOGS,SOWS,ALL PRODUCTION PRACTICES,ALL UTILIZATION PRACTICES,PRICE RECEIVED,$ / CWT,"HOGS, SOWS - PRICE RECEIVED, MEASURED IN $ / CWT",TOTAL,NOT SPECIFIED,NATIONAL,,99,US,US TOTAL,,,,,,,,0,,,9000,UNITED STATES,US TOTAL,2021,MONTHLY,3,3,MAR,,2023-02-28 15:00:00.000,78.8,
SURVEY,ANIMALS & PRODUCTS,LIVESTOCK,HOGS,SOWS,ALL PRODUCTION PRACTICES,ALL UTILIZATION PRACTICES,PRICE RECEIVED,$ / CWT,"HOGS, SOWS - PRICE RECEIVED, MEASURED IN $ / CWT",TOTAL,NOT SPECIFIED,NATIONAL,,99,US,US TOTAL,,,,,,,,0,,,9000,UNITED STATES,US TOTAL,2021,MONTHLY,4,4,APR,,2023-02-28 15:00:00.000,79.9,
SURVEY,ANIMALS & PRODUCTS,LIVESTOCK,HOGS,SOWS,ALL PRODUCTION PRACTICES,ALL UTILIZATION PRACTICES,PRICE RECEIVED,$ / CWT,"HOGS, SOWS - PRICE RECEIVED, MEASURED IN $ / CWT",TOTAL,NOT SPECIFIED,NATIONAL,,99,US,US TOTAL,,,,,,,,0,,,9000,UNITED STATES,US TOTAL,2021,MONTHLY,5,5,MAY,,2023-02-28 15:00:00.000,63.3,
SURVEY,ANIMALS & PRODUCTS,LIVESTOCK,HOGS,SOWS,ALL PRODUCTION PRACTICES,ALL UTILIZATION PRACTICES,PRICE RECEIVED,$ / CWT,"HOGS, SOWS - PRICE RECEIVED, MEASURED IN $ / CWT",TOTAL,NOT SPECIFIED,NATIONAL,,99,US,US TOTAL,,,,,,,,0,,,9000,UNITED STATES,US TOTAL,2021,MONTHLY,6,6,JUN,,2023-02-28 15:00:00.000,52.4,
SURVEY,ANIMALS & PRODUCTS,LIVESTOCK,HOGS,SOWS,ALL PRODUCTION PRACTICES,ALL UTILIZATION PRACTICES,PRICE RECEIVED,$ / CWT,"HOGS, SOWS - PRICE RECEIVED, MEASURED IN $ / CWT",TOTAL,NOT SPECIFIED,NATIONAL,,99,US,US TOTAL,,,,,,,,0,,,9000,UNITED STATES,US TOTAL,2021,MONTHLY,7,7,JUL,,2023-02-28 15:00:00.000,67.1,
SURVEY,ANIMALS & PRODUCTS,LIVESTOCK,HOGS,SOWS,ALL PRODUCTION PRACTICES,ALL UTILIZATION PRACTICES,PRICE RECEIVED,$ / CWT,"HOGS, SOWS - PRICE RECEIVED, MEASURED IN $ / CWT",TOTAL,NOT SPECIFIED,NATIONAL,,99,US,US TOTAL,,,,,,,,0,,,9000,UNITED STATES,US TOTAL,2021,MONTHLY,8,8,AUG,,2023-02-28 15:00:00.000,88.5,
SURVEY,ANIMALS & PRODUCTS,LIVESTOCK,HOGS,SOWS,ALL PRODUCTION PRACTICES,ALL UTILIZATION PRACTICES,PRICE RECEIVED,$ / CWT,"HOGS, SOWS - PRICE RECEIVED, MEASURED IN $ / CWT",TOTAL,NOT SPECIFIED,NATIONAL,,99,US,US TOTAL,,,,,,,,0,,,9000,UNITED STATES,US TOTAL,2021,MONTHLY,9,9,SEP,,2023-02-28 15:00:00.000,79.5,
SURVEY,ANIMALS & PRODUCTS,LIVESTOCK,HOGS,SOWS,ALL PRODUCTION PRACTICES,ALL UTILIZATION PRACTICES,PRICE RECEIVED,$ / CWT,"HOGS, SOWS - PRICE RECEIVED, MEASURED IN $ / CWT",TOTAL,NOT SPECIFIED,NATIONAL,,99,US,US TOTAL,,,,,,,,0,,,9000,UNITED STATES,US TOTAL,2021,MONTHLY,10,10,OCT,,2023-02-28 15:00:00.000,62.0,
SURVEY,ANIMALS & PRODUCTS,LIVESTOCK,HOGS,SOWS,ALL PRODUCTION PRACTICES,ALL UTILIZATION PRACTICES,PRICE RECEIVED,$ / CWT,"HOGS, SOWS - PRICE RECEIVED, MEASURED IN $ / CWT",TOTAL,NOT SPECIFIED,NATIONAL,,99,US,US TOTAL,,,,,,,,0,,,9000,UNITED STATES,US TOTAL,2021,MONTHLY,11,11,NOV,,2023-02-28 15:00:00.000,69.6,
SURVEY,ANIMALS & PRODUCTS,LIVESTOCK,HOGS,SOWS,ALL PRODUCTION PRACTICES,ALL UTILIZATION PRACTICES,PRICE RECEIVED,$ / CWT,"HOGS, SOWS - PRICE RECEIVED, MEASURED IN $ / CWT",TOTAL,NOT SPECIFIED,NATIONAL,,99,US,US TOTAL,,,,,,,,0,,,9000,UNITED STATES,US TOTAL,2021,MONTHLY,12,12,DEC,,2024-02-29 15:00:00.000,64.3,
SURVEY,ANIMALS & PRODUCTS,LIVESTOCK,HOGS,SOWS,ALL PRODUCTION PRACTICES,ALL UTILIZATION PRACTICES,PRICE RECEIVED,$ / CWT,"HOGS, SOWS - PRICE RECEIVED, MEASURED IN $ / CWT",TOTAL,NOT SPECIFIED,NATIONAL,,99,US,US TOTAL,,,,,,,,0,,,9000,UNITED STATES,US TOTAL,2020,ANNUAL,0,0,MARKETING YEAR,,2022-02-28 15:03:56.000,27.7,
SURVEY,ANIMALS & PRODUCTS,LIVESTOCK,HOGS,SOWS,ALL PRODUCTION PRACTICES,ALL UTILIZATION PRACTICES,PRICE RECEIVED,$ / CWT,"HOGS, SOWS - PRICE RECEIVED, MEASURED IN $ / CWT",TOTAL,NOT SPECIFIED,NATIONAL,,99,US,US TOTAL,,,,,,,,0,,,9000,UNITED STATES,US TOTAL,2020,MONTHLY,1,1,JAN,,2022-02-28 15:03:56.000,25.7,
SURVEY,ANIMALS & PRODUCTS,LIVESTOCK,HOGS,SOWS,ALL PRODUCTION PRACTICES,ALL UTILIZATION PRACTICES,PRICE RECEIVED,$ / CWT,"HOGS, SOWS - PRICE RECEIVED, MEASURED IN $ / CWT",TOTAL,NOT SPECIFIED,NATIONAL,,99,US,US TOTAL,,,,,,,,0,,,9000,UNITED STATES,US TOTAL,2020,MONTHLY,2,2,FEB,,2022-02-28 15:03:56.000,26.1,
SURVEY,ANIMALS & PRODUCTS,LIVESTOCK,HOGS,SOWS,ALL PRODUCTION PRACTICES,ALL UTILIZATION PRACTICES,PRICE RECEIVED,$ / CWT,"HOGS, SOWS - PRICE RECEIVED, MEASURED IN $ / CWT",TOTAL,NOT SPECIFIED,NATIONAL,,99,US,US TOTAL,,,,,,,,0,,,9000,UNITED STATES,US TOTAL,2020,MONTHLY,3,3,MAR,,2022-02-28 15:03:56.000,31.5,
SURVEY,ANIMALS & PRODUCTS,LIVESTOCK,HOGS,SOWS,ALL PRODUCTION PRACTICES,ALL UTILIZATION PRACTICES,PRICE RECEIVED,$ / CWT,"HOGS, SOWS - PRICE RECEIVED, MEASURED IN $ / CWT",TOTAL,NOT SPECIFIED,NATIONAL,,99,US,US TOTAL,,,,,,,,0,,,9000,UNITED STATES,US TOTAL,2020,MONTHLY,4,4,APR,,2022-02-28 15:03:56.000,36.2,
SURVEY,ANIMALS & PRODUCTS,LIVESTOCK,HOGS,SOWS,ALL PRODUCTION PRACTICES,ALL UTILIZATION PRACTICES,PRICE RECEIVED,$ / CWT,"HOGS, SOWS - PRICE RECEIVED, MEASURED IN $ / CWT",TOTAL,NOT SPECIFIED,NATIONAL,,99,US,US TOTAL,,,,,,,,0,,,9000,UNITED STATES,US TOTAL,2020,MONTHLY,5,5,MAY,,2022-02-28 15:03:56.000,22.4,
SURVEY,ANIMALS & PRODUCTS,LIVESTOCK,HOGS,SOWS,ALL PRODUCTION PRACTICES,ALL UTILIZATION PRACTICES,PRICE RECEIVED,$ / CWT,"HOGS, SOWS - PRICE RECEIVED, MEASURED IN $ / CWT",TOTAL,NOT SPECIFIED,NATIONAL,,99,US,US TOTAL,,,,,,,,0,,,9000,UNITED STATES,US TOTAL,2020,MONTHLY,6,6,JUN,,2022-02-28 15:03:56.000,21.0,
SURVEY,ANIMALS & PRODUCTS,LIVESTOCK,HOGS,SOWS,ALL PRODUCTION PRACTICES,ALL UTILIZATION PRACTICES,PRICE RECEIVED,$ / CWT,"HOGS, SOWS - PRICE RECEIVED, MEASURED IN $ / CWT",TOTAL,NOT SPECIFIED,NATIONAL,,99,US,US TOTAL,,,,,,,,0,,,9000,UNITED STATES,US TOTAL,2020,MONTHLY,7,7,JUL,,2022-02-28 15:03:56.000,21.2,
SURVEY,ANIMALS & PRODUCTS,LIVESTOCK,HOGS,SOWS,ALL PRODUCTION PRACTICES,ALL UTILIZATION PRACTICES,PRICE RECEIVED,$ / CWT,"HOGS, SOWS - PRICE RECEIVED, MEASURED IN $ / CWT",TOTAL,NOT SPECIFIED,NATIONAL,,99,US,US TOTAL,,,,,,,,0,,,9000,UNITED STATES,US TOTAL,2020,MONTHLY,8,8,AUG,,2022-02-28 15:03:56.000,22.3,
SURVEY,ANIMALS & PRODUCTS,LIVESTOCK,HOGS,SOWS,ALL PRODUCTION PRACTICES,ALL UTILIZATION PRACTICES,PRICE RECEIVED,$ / CWT,"HOGS, SOWS - PRICE RECEIVED, MEASURED IN $ / CWT",TOTAL,NOT SPECIFIED,NATIONAL,,99,US,US TOTAL,,,,,,,,0,,,9000,UNITED STATES,US TOTAL,2020,MONTHLY,9,9,SEP,,2022-02-28 15:03:56.000,22.4,
SURVEY,ANIMALS & PRODUCTS,LIVESTOCK,HOGS,SOWS,ALL PRODUCTION PRACTICES,ALL UTILIZATION PRACTICES,PRICE RECEIVED,$ / CWT,"HOGS, SOWS - PRICE RECEIVED, MEASURED IN $ / CWT",TOTAL,NOT SPECIFIED,NATIONAL,,99,US,US TOTAL,,,,,,,,0,,,9000,UNITED STATES,US TOTAL,2020,MONTHLY,10,10,OCT,,2022-02-28 15:03:56.000,29.9,
SURVEY,ANIMALS & PRODUCTS,LIVESTOCK,HOGS,SOWS,ALL PRODUCTION PRACTICES,ALL UTILIZATION PRACTICES,PRICE RECEIVED,$ / CWT,"HOGS, SOWS - PRICE RECEIVED, MEASURED IN $ / CWT",TOTAL,NOT SPECIFIED,NATIONAL,,99,US,US TOTAL,,,,,,,,0,,,9000,UNITED STATES,US TOTAL,2020,MONTHLY,11,11,NOV,,2022-02-28 15:03:56.000,41.8,
SURVEY,ANIMALS & PRODUCTS,LIVESTOCK,HOGS,SOWS,ALL PRODUCTION PRACTICES,ALL UTILIZATION PRACTICES,PRICE RECEIVED,$ / CWT,"HOGS, SOWS - PRICE RECEIVED, MEASURED IN $ / CWT",TOTAL,NOT SPECIFIED,NATIONAL,,99,US,US TOTAL,,,,,,,,0,,,9000,UNITED STATES,US TOTAL,2020,MONTHLY,12,12,DEC,,2023-02-28 15:00:00.000,42.2,
SURVEY,ANIMALS & PRODUCTS,LIVESTOCK,HOGS,SOWS,ALL PRODUCTION PRACTICES,ALL UTILIZATION PRACTICES,PRICE RECEIVED,$ / CWT,"HOGS, SOWS - PRICE RECEIVED, MEASURED IN $ / CWT",TOTAL,NOT SPECIFIED,NATIONAL,,99,US,US TOTAL,,,,,,,,0,,,9000,UNITED STATES,US TOTAL,2019,ANNUAL,0,0,MARKETING YEAR,,2021-02-26 15:10:12.000,41.1,
SURVEY,ANIMALS & PRODUCTS,LIVESTOCK,HOGS,SOWS,ALL PRODUCTION PRACTICES,ALL UTILIZATION PRACTICES,PRICE RECEIVED,$ / CWT,"HOGS, SOWS - PRICE RECEIVED, MEASURED IN $ / CWT",TOTAL,NOT SPECIFIED,NATIONAL,,99,US,US TOTAL,,,,,,,,0,,,9000,UNITED STATES,US TOTAL,2019,MONTHLY,1,1,JAN,,2021-02-26 15:10:12.000,32.3,
SURVEY,ANIMALS & PRODUCTS,LIVESTOCK,HOGS,SOWS,ALL PRODUCTION PRACTICES,ALL UTILIZATION PRACTICES,PRICE RECEIVED,$ / CWT,"HOGS, SOWS - PRICE RECEIVED, MEASURED IN $ / CWT",TOTAL,NOT SPECIFIED,NATIONAL,,99,US,US TOTAL,,,,,,,,0,,,9000,UNITED STATES,US TOTAL,2019,MONTHLY,2,2,FEB,,2021-02-26 15:10:12.000,36.2,
SURVEY,ANIMALS & PRODUCTS,LIVESTOCK,HOGS,SOWS,ALL PRODUCTION PRACTICES,ALL UTILIZATION PRACTICES,PRICE RECEIVED,$ / CWT,"HOGS, SOWS - PRICE RECEIVED, MEASURED IN $ / CWT",TOTAL,NOT SPECIFIED,NATIONAL,,99,US,US TOTAL,,,,,,,,0,,,9000,UNITED STATES,US TOTAL,2019,MONTHLY,3,3,MAR,,2021-02-26 15:10:12.000,43.9,
SURVEY,ANIMALS & PRODUCTS,LIVESTOCK,HOGS,SOWS,ALL PRODUCTION PRACTICES,ALL UTILIZATION PRACTICES,PRICE RECEIVED,$ / CWT,"HOGS, SOWS - PRICE RECEIVED, MEASURED IN $ / CWT",TOTAL,NOT SPECIFIED,NATIONAL,,99,US,US TOTAL,,,,,,,,0,,,9000,UNITED STATES,US TOTAL,2019,MONTHLY,4,4,APR,,2021-02-26 15:10:12.000,50.6,
SURVEY,ANIMALS & PRODUCTS,LIVESTOCK,HOGS,SOWS,ALL PRODUCTION PRACTICES,ALL UTILIZATION PRACTICES,PRICE RECEIVED,$ / CWT,"HOGS, SOWS - PRICE RECEIVED, MEASURED IN $ / CWT",TOTAL,NOT SPECIFIED,NATIONAL,,99,US,US TOTAL,,,,,,,,0,,,9000,UNITED STATES,US TOTAL,2019,MONTHLY,5,5,MAY,,2021-02-26 15:10:12.000,61.8,
SURVEY,ANIMALS & PRODUCTS,LIVESTOCK,HOGS,SOWS,ALL PRODUCTION PRACTICES,ALL UTILIZATION PRACTICES,PRICE RECEIVED,$ / CWT,"HOGS, SOWS - PRICE RECEIVED, MEASURED IN $ / CWT",TOTAL,NOT SPECIFIED,NATIONAL,,99,US,US TOTAL,,,,,,,,0,,,9000,UNITED STATES,US TOTAL,2019,MONTHLY,6,6,JUN,,2021-02-26 15:10:12.000,47.5,
SURVEY,ANIMALS & PRODUCTS,LIVESTOCK,HOGS,SOWS,ALL PRODUCTION PRACTICES,ALL UTILIZATION PRACTICES,PRICE RECEIVED,$ / CWT,"HOGS, SOWS - PRICE RECEIVED, MEASURED IN $ / CWT",TOTAL,NOT SPECIFIED,NATIONAL,,99,US,US TOTAL,,,,,,,,0,,,9000,UNITED STATES,US TOTAL,2019,MONTHLY,7,7,JUL,,2021-02-26 15:10:12.000,35.6,
SURVEY,ANIMALS & PRODUCTS,LIVESTOCK,HOGS,SOWS,ALL PRODUCTION PRACTICES,ALL UTILIZATION PRACTICES,PRICE RECEIVED,$ / CWT,"HOGS, SOWS - PRICE RECEIVED, MEASURED IN $ / CWT",TOTAL,NOT SPECIFIED,NATIONAL,,99,US,US TOTAL,,,,,,,,0,,,9000,UNITED STATES,US TOTAL,2019,MONTHLY,8,8,AUG,,2021-02-26 15:10:12.000,38.3,
SURVEY,ANIMALS & PRODUCTS,LIVESTOCK,HOGS,SOWS,ALL PRODUCTION PRACTICES,ALL UTILIZATION PRACTICES,PRICE RECEIVED,$ / CWT,"HOGS, SOWS - PRICE RECEIVED, MEASURED IN $ / CWT",TOTAL,NOT SPECIFIED,NATIONAL,,99,US,US TOTAL,,,,,,,,0,,,9000,UNITED STATES,US TOTAL,2019,MONTHLY,9,9,SEP,,2021-02-26 15:10:12.000,31.9,
SURVEY,ANIMALS & PRODUCTS,LIVESTOCK,HOGS,SOWS,ALL PRODUCTION PRACTICES,ALL UTILIZATION PRACTICES,PRICE RECEIVED,$ / CWT,"HOGS, SOWS - PRICE RECEIVED, MEASURED IN $ / CWT",TOTAL,NOT SPECIFIED,NATIONAL,,99,US,US TOTAL,,,,,,,,0,,,9000,UNITED STATES,US TOTAL,2019,MONTHLY,10,10,OCT,,2021-02-26 15:10:12.000,33.1,
SURVEY,ANIMALS & PRODUCTS,LIVESTOCK,HOGS,SOWS,ALL PRODUCTION PRACTICES,ALL UTILIZATION PRACTICES,PRICE RECEIVED,$ / CWT,"HOGS, SOWS - PRICE RECEIVED, MEASURED IN $ / CWT",TOTAL,NOT SPECIFIED,NATIONAL,,99,US,US TOTAL,,,,,,,,0,,,9000,UNITED STATES,US TOTAL,2019,MONTHLY,11,11,NOV,,2021-02-26 15:10:12.000,41.9,
SURVEY,ANIMALS & PRODUCTS,LIVESTOCK,HOGS,SOWS,ALL PRODUCTION PRACTICES,ALL UTILIZATION PRACTICES,PRICE RECEIVED,$ / CWT,"HOGS, SOWS - PRICE RECEIVED, MEASURED IN $ / CWT",TOTAL,NOT SPECIFIED,NATIONAL,,99,US,US TOTAL,,,,,,,,0,,,9000,UNITED STATES,US TOTAL,2019,MONTHLY,12,12,DEC,,2022-02-28 15:03:56.000,33.4,
SURVEY,ANIMALS & PRODUCTS,LIVESTOCK,HOGS,SOWS,ALL PRODUCTION PRACTICES,ALL UTILIZATION PRACTICES,PRICE RECEIVED,$ / CWT,"HOGS, SOWS - PRICE RECEIVED, MEASURED IN $ / CWT",TOTAL,NOT SPECIFIED,NATIONAL,,99,US,US TOTAL,,,,,,,,0,,,9000,UNITED STATES,US TOTAL,2018,ANNUAL,0,0,MARKETING YEAR,,2020-02-28 15:02:03.000,41.3,
SURVEY,ANIMALS & PRODUCTS,LIVESTOCK,HOGS,SOWS,ALL PRODUCTION PRACTICES,ALL UTILIZATION PRACTICES,PRICE RECEIVED,$ / CWT,"HOGS, SOWS - PRICE RECEIVED, MEASURED IN $ / CWT",TOTAL,NOT SPECIFIED,NATIONAL,,99,US,US TOTAL,,,,,,,,0,,,9000,UNITED STATES,US TOTAL,2018,MONTHLY,1,1,JAN,,2020-02-28 15:02:03.000,40.4,
SURVEY,ANIMALS & PRODUCTS,LIVESTOCK,HOGS,SOWS,ALL PRODUCTION PRACTICES,ALL UTILIZATION PRACTICES,PRICE RECEIVED,$ / CWT,"HOGS, SOWS - PRICE RECEIVED, MEASURED IN $ / CWT",TOTAL,NOT SPECIFIED,NATIONAL,,99,US,US TOTAL,,,,,,,,0,,,9000,UNITED STATES,US TOTAL,2018,MONTHLY,2,2,FEB,,2020-02-28 15:02:03.000,54.5,
SURVEY,ANIMALS & PRODUCTS,LIVESTOCK,HOGS,SOWS,ALL PRODUCTION PRACTICES,ALL UTILIZATION PRACTICES,PRICE RECEIVED,$ / CWT,"HOGS, SOWS - PRICE RECEIVED, MEASURED IN $ / CWT",TOTAL,NOT SPECIFIED,NATIONAL,,99,US,US TOTAL,,,,,,,,0,,,9000,UNITED STATES,US TOTAL,2018,MONTHLY,3,3,MAR,,2020-02-28 15:02:03.000,47.7,
SURVEY,ANIMALS & PRODUCTS,LIVESTOCK,HOGS,SOWS,ALL PRODUCTION PRACTICES,ALL UTILIZATION PRACTICES,PRICE RECEIVED,$ / CWT,"HOGS, SOWS - PRICE RECEIVED, MEASURED IN $ / CWT",TOTAL,NOT SPECIFIED,NATIONAL,,99,US,US TOTAL,,,,,,,,0,,,9000,UNITED STATES,US TOTAL,2018,MONTHLY,4,4,APR,,2020-02-28 15:02:03.000,40.2,
SURVEY,ANIMALS & PRODUCTS,LIVESTOCK,HOGS,SOWS,ALL PRODUCTION PRACTICES,ALL UTILIZATION PRACTICES,PRICE RECEIVED,$ / CWT,"HOGS, SOWS - PRICE RECEIVED, MEASURED IN $ / CWT",TOTAL,NOT SPECIFIED,NATIONAL,,99,US,US TOTAL,,,,,,,,0,,,9000,UNITED STATES,US TOTAL,2018,MONTHLY,5,5,MAY,,2020-02-28 15:02:03.000,43.5,
SURVEY,ANIMALS & PRODUCTS,LIVESTOCK,HOGS,SOWS,ALL PRODUCTION PRACTICES,ALL UTILIZATION PRACTICES,PRICE RECEIVED,$ / CWT,"HOGS, SOWS - PRICE RECEIVED, MEASURED IN $ / CWT",TOTAL,NOT SPECIFIED,NATIONAL,,99,US,US TOTAL,,,,,,,,0,,,9000,UNITED STATES,US TOTAL,2018,MONTHLY,6,6,JUN,,2020-02-28 15:02:03.000,42.0,
SURVEY,ANIMALS & PRODUCTS,LIVESTOCK,HOGS,SOWS,ALL PRODUCTION PRACTICES,ALL UTILIZATION PRACTICES,PRICE RECEIVED,$ / CWT,"HOGS, SOWS - PRICE RECEIVED, MEASURED IN $ / CWT",TOTAL,NOT SPECIFIED,NATIONAL,,99,US,US TOTAL,,,,,,,,0,,,9000,UNITED STATES,US TOTAL,2018,MONTHLY,7,7,JUL,,2020-02-28 15:02:03.000,43.6,
SURVEY,ANIMALS & PRODUCTS,LIVESTOCK,HOGS,SOWS,ALL PRODUCTION PRACTICES,ALL UTILIZATION PRACTICES,PRICE RECEIVED,$ / CWT,"HOGS, SOWS - PRICE RECEIVED, MEASURED IN $ / CWT",TOTAL,NOT SPECIFIED,NATIONAL,,99,US,US TOTAL,,,,,,,,0,,,9000,UNITED STATES,US TOTAL,2018,MONTHLY,8,8,AUG,,2020-02-28 15:02:03.000,34.0,
SURVEY,ANIMALS & PRODUCTS,LIVESTOCK,HOGS,SOWS,ALL PRODUCTION PRACTICES,ALL UTILIZATION PRACTICES,PRICE RECEIVED,$ / CWT,"HOGS, SOWS - PRICE RECEIVED, MEASURED IN $ / CWT",TOTAL,NOT SPECIFIED,NATIONAL,,99,US,US TOTAL,,,,,,,,0,,,9000,UNITED STATES,US TOTAL,2018,MONTHLY,9,9,SEP,,2020-02-28 15:02:03.000,28.6,
SURVEY,ANIMALS & PRODUCTS,LIVESTOCK,HOGS,SOWS,ALL PRODUCTION PRACTICES,ALL UTILIZATION PRACTICES,PRICE RECEIVED,$ / CWT,"HOGS, SOWS - PRICE RECEIVED, MEASURED IN $ / CWT",TOTAL,NOT SPECIFIED,NATIONAL,,99,US,US TOTAL,,,,,,,,0,,,9000,UNITED STATES,US TOTAL,2018,MONTHLY,10,10,OCT,,2020-02-28 15:02:03.000,35.2,
SURVEY,ANIMALS & PRODUCTS,LIVESTOCK,HOGS,SOWS,ALL PRODUCTION PRACTICES,ALL UTILIZATION PRACTICES,PRICE RECEIVED,$ / CWT,"HOGS, SOWS - PRICE RECEIVED, MEASURED IN $ / CWT",TOTAL,NOT SPECIFIED,NATIONAL,,99,US,US TOTAL,,,,,,,,0,,,9000,UNITED STATES,US TOTAL,2018,MONTHLY,11,11,NOV,,2020-02-28 15:02:03.000,43.3,
SURVEY,ANIMALS & PRODUCTS,LIVESTOCK,HOGS,SOWS,ALL PRODUCTION PRACTICES,ALL UTILIZATION PRACTICES,PRICE RECEIVED,$ / CWT,"HOGS, SOWS - PRICE RECEIVED, MEASURED IN $ / CWT",TOTAL,NOT SPECIFIED,NATIONAL,,99,US,US TOTAL,,,,,,,,0,,,9000,UNITED STATES,US TOTAL,2018,MONTHLY,12,12,DEC,,2021-02-26 15:10:12.000,38.0,
SURVEY,ANIMALS & PRODUCTS,LIVESTOCK,HOGS,SOWS,ALL PRODUCTION PRACTICES,ALL UTILIZATION PRACTICES,PRICE RECEIVED,$ / CWT,"HOGS, SOWS - PRICE RECEIVED, MEASURED IN $ / CWT",TOTAL,NOT SPECIFIED,NATIONAL,,99,US,US TOTAL,,,,,,,,0,,,9000,UNITED STATES,US TOTAL,2017,ANNUAL,0,0,MARKETING YEAR,,2019-02-28 15:06:11.000,44.5,
SURVEY,ANIMALS & PRODUCTS,LIVESTOCK,HOGS,SOWS,ALL PRODUCTION PRACTICES,ALL UTILIZATION PRACTICES,PRICE RECEIVED,$ / CWT,"HOGS, SOWS - PRICE RECEIVED, MEASURED IN $ / CWT",TOTAL,NOT SPECIFIED,NATIONAL,,99,US,US TOTAL,,,,,,,,0,,,9000,UNITED STATES,US TOTAL,2017,MONTHLY,1,1,JAN,,2019-02-28 15:06:11.000,31.9,
SURVEY,ANIMALS & PRODUCTS,LIVESTOCK,HOGS,SOWS,ALL PRODUCTION PRACTICES,ALL UTILIZATION PRACTICES,PRICE RECEIVED,$ / CWT,"HOGS, SOWS - PRICE RECEIVED, MEASURED IN $ / CWT",TOTAL,NOT SPECIFIED,NATIONAL,,99,US,US TOTAL,,,,,,,,0,,,9000,UNITED STATES,US TOTAL,2017,MONTHLY,2,2,FEB,,2019-02-28 15:06:11.000,33.2,
SURVEY,ANIMALS & PRODUCTS,LIVESTOCK,HOGS,SOWS,ALL PRODUCTION PRACTICES,ALL UTILIZATION PRACTICES,PRICE RECEIVED,$ / CWT,"HOGS, SOWS - PRICE RECEIVED, MEASURED IN $ / CWT",TOTAL,NOT SPECIFIED,NATIONAL,,99,US,US TOTAL,,,,,,,,0,,,9000,UNITED STATES,US TOTAL,2017,MONTHLY,3,3,MAR,,2019-02-28 15:06:11.000,36.2,
SURVEY,ANIMALS & PRODUCTS,LIVESTOCK,HOGS,SOWS,ALL PRODUCTION PRACTICES,ALL UTILIZATION PRACTICES,PRICE RECEIVED,$ / CWT,"HOGS, SOWS - PRICE RECEIVED, MEASURED IN $ / CWT",TOTAL,NOT SPECIFIED,NATIONAL,,99,US,US TOTAL,,,,,,,,0,,,9000,UNITED STATES,US TOTAL,2017,MONTHLY,4,4,APR,,2019-02-28 15:06:11.000,42.7,
SURVEY,ANIMALS & PRODUCTS,LIVESTOCK,HOGS,SOWS,ALL PRODUCTION PRACTICES,ALL UTILIZATION PRACTICES,PRICE RECEIVED,$ / CWT,"HOGS, SOWS - PRICE RECEIVED, MEASURED IN $ / CWT",TOTAL,NOT SPECIFIED,NATIONAL,,99,US,US TOTAL,,,,,,,,0,,,9000,UNITED STATES,US TOTAL,2017,MONTHLY,5,5,MAY,,2019-02-28 15:06:11.000,50.0,
SURVEY,ANIMALS & PRODUCTS,LIVESTOCK,HOGS,SOWS,ALL PRODUCTION PRACTICES,ALL UTILIZATION PRACTICES,PRICE RECEIVED,$ / CWT,"HOGS, SOWS - PRICE RECEIVED, MEASURED IN $ / CWT",TOTAL,NOT SPECIFIED,NATIONAL,,99,US,US TOTAL,,,,,,,,0,,,9000,UNITED STATES,US TOTAL,2017,MONTHLY,6,6,JUN,,2019-02-28 15:06:11.000,49.3,
SURVEY,ANIMALS & PRODUCTS,LIVESTOCK,HOGS,SOWS,ALL PRODUCTION PRACTICES,ALL UTILIZATION PRACTICES,PRICE RECEIVED,$ / CWT,"HOGS, SOWS - PRICE RECEIVED, MEASURED IN $ / CWT",TOTAL,NOT SPECIFIED,NATIONAL,,99,US,US TOTAL,,,,,,,,0,,,9000,UNITED STATES,US TOTAL,2017,MONTHLY,7,7,JUL,,2019-02-28 15:06:11.000,64.8,
SURVEY,ANIMALS & PRODUCTS,LIVESTOCK,HOGS,SOWS,ALL PRODUCTION PRACTICES,ALL UTILIZATION PRACTICES,PRICE RECEIVED,$ / CWT,"HOGS, SOWS - PRICE RECEIVED, MEASURED IN $ / CWT",TOTAL,NOT SPECIFIED,NATIONAL,,99,US,US TOTAL,,,,,,,,0,,,9000,UNITED STATES,US TOTAL,2017,MONTHLY,8,8,AUG,,2019-02-28 15:06:11.000,71.8,
SURVEY,ANIMALS & PRODUCTS,LIVESTOCK,HOGS,SOWS,ALL PRODUCTION PRACTICES,ALL UTILIZATION PRACTICES,PRICE RECEIVED,$ / CWT,"HOGS, SOWS - PRICE RECEIVED, MEASURED IN $ / CWT",TOTAL,NOT SPECIFIED,NATIONAL,,99,US,US TOTAL,,,,,,,,0,,,9000,UNITED STATES,US TOTAL,2017,MONTHLY,9,9,SEP,,2019-02-28 15:06:11.000,45.5,
SURVEY,ANIMALS & PRODUCTS,LIVESTOCK,HOGS,SOWS,ALL PRODUCTION PRACTICES,ALL UTILIZATION PRACTICES,PRICE RECEIVED,$ / CWT,"HOGS, SOWS - PRICE RECEIVED, MEASURED IN $ / CWT",TOTAL,NOT SPECIFIED,NATIONAL,,99,US,US TOTAL,,,,,,,,0,,,9000,UNITED STATES,US TOTAL,2017,MONTHLY,10,10,OCT,,2019-02-28 15:06:11.000,36.3,
SURVEY,ANIMALS & PRODUCTS,LIVESTOCK,HOGS,SOWS,ALL PRODUCTION PRACTICES,ALL UTILIZATION PRACTICES,PRICE RECEIVED,$ / CWT,"HOGS, SOWS - PRICE RECEIVED, MEASURED IN $ / CWT",TOTAL,NOT SPECIFIED,NATIONAL,,99,US,US TOTAL,,,,,,,,0,,,9000,UNITED STATES,US TOTAL,2017,MONTHLY,11,11,NOV,,2019-02-28 15:06:11.000,44.6,
SURVEY,ANIMALS & PRODUCTS,LIVESTOCK,HOGS,SOWS,ALL PRODUCTION PRACTICES,ALL UTILIZATION PRACTICES,PRICE RECEIVED,$ / CWT,"HOGS, SOWS - PRICE RECEIVED, MEASURED IN $ / CWT",TOTAL,NOT SPECIFIED,NATIONAL,,99,US,US TOTAL,,,,,,,,0,,,9000,UNITED STATES,US TOTAL,2017,MONTHLY,12,12,DEC,,2020-02-28 15:02:03.000,41.8,
SURVEY,ANIMALS & PRODUCTS,LIVESTOCK,HOGS,SOWS,ALL PRODUCTION PRACTICES,ALL UTILIZATION PRACTICES,PRICE RECEIVED,$ / CWT,"HOGS, SOWS - PRICE RECEIVED, MEASURED IN $ / CWT",TOTAL,NOT SPECIFIED,NATIONAL,,99,US,US TOTAL,,,,,,,,0,,,9000,UNITED STATES,US TOTAL,2016,ANNUAL,0,0,MARKETING YEAR,,2018-02-27 15:15:05.000,40.7,
SURVEY,ANIMALS & PRODUCTS,LIVESTOCK,HOGS,SOWS,ALL PRODUCTION PRACTICES,ALL UTILIZATION PRACTICES,PRICE RECEIVED,$ / CWT,"HOGS, SOWS - PRICE RECEIVED, MEASURED IN $ / CWT",TOTAL,NOT SPECIFIED,NATIONAL,,99,US,US TOTAL,,,,,,,,0,,,9000,UNITED STATES,US TOTAL,2016,MONTHLY,1,1,JAN,,2018-02-27 15:15:05.000,31.5,
SURVEY,ANIMALS & PRODUCTS,LIVESTOCK,HOGS,SOWS,ALL PRODUCTION PRACTICES,ALL UTILIZATION PRACTICES,PRICE RECEIVED,$ / CWT,"HOGS, SOWS - PRICE RECEIVED, MEASURED IN $ / CWT",TOTAL,NOT SPECIFIED,NATIONAL,,99,US,US TOTAL,,,,,,,,0,,,9000,UNITED STATES,US TOTAL,2016,MONTHLY,2,2,FEB,,2018-02-27 15:15:05.000,45.4,
SURVEY,ANIMALS & PRODUCTS,LIVESTOCK,HOGS,SOWS,ALL PRODUCTION PRACTICES,ALL UTILIZATION PRACTICES,PRICE RECEIVED,$ / CWT,"HOGS, SOWS - PRICE RECEIVED, MEASURED IN $ / CWT",TOTAL,NOT SPECIFIED,NATIONAL,,99,US,US TOTAL,,,,,,,,0,,,9000,UNITED STATES,US TOTAL,2016,MONTHLY,3,3,MAR,,2018-02-27 15:15:05.000,36.3,
SURVEY,ANIMALS & PRODUCTS,LIVESTOCK,HOGS,SOWS,ALL PRODUCTION PRACTICES,ALL UTILIZATION PRACTICES,PRICE RECEIVED,$ / CWT,"HOGS, SOWS - PRICE RECEIVED, MEASURED IN $ / CWT",TOTAL,NOT SPECIFIED,NATIONAL,,99,US,US TOTAL,,,,,,,,0,,,9000,UNITED STATES,US TOTAL,2016,MONTHLY,4,4,APR,,2018-02-27 15:15:05.000,41.3,
SURVEY,ANIMALS & PRODUCTS,LIVESTOCK,HOGS,SOWS,ALL PRODUCTION PRACTICES,ALL UTILIZATION PRACTICES,PRICE RECEIVED,$ / CWT,"HOGS, SOWS - PRICE RECEIVED, MEASURED IN $ / CWT",TOTAL,NOT SPECIFIED,NATIONAL,,99,US,US TOTAL,,,,,,,,0,,,9000,UNITED STATES,US TOTAL,2016,MONTHLY,5,5,MAY,,2018-02-27 15:15:05.000,49.0,
SURVEY,ANIMALS & PRODUCTS,LIVESTOCK,HOGS,SOWS,ALL PRODUCTION PRACTICES,ALL UTILIZATION PRACTICES,PRICE RECEIVED,$ / CWT,"HOGS, SOWS - PRICE RECEIVED, MEASURED IN $ / CWT",TOTAL,NOT SPECIFIED,NATIONAL,,99,US,US TOTAL,,,,,,,,0,,,9000,UNITED STATES,US TOTAL,2016,MONTHLY,6,6,JUN,,2018-02-27 15:15:05.000,49.2,
SURVEY,ANIMALS & PRODUCTS,LIVESTOCK,HOGS,SOWS,ALL PRODUCTION PRACTICES,ALL UTILIZATION PRACTICES,PRICE RECEIVED,$ / CWT,"HOGS, SOWS - PRICE RECEIVED, MEASURED IN $ / CWT",TOTAL,NOT SPECIFIED,NATIONAL,,99,US,US TOTAL,,,,,,,,0,,,9000,UNITED STATES,US TOTAL,2016,MONTHLY,7,7,JUL,,2018-02-27 15:15:05.000,44.5,
SURVEY,ANIMALS & PRODUCTS,LIVESTOCK,HOGS,SOWS,ALL PRODUCTION PRACTICES,ALL UTILIZATION PRACTICES,PRICE RECEIVED,$ / CWT,"HOGS, SOWS - PRICE RECEIVED, MEASURED IN $ / CWT",TOTAL,NOT SPECIFIED,NATIONAL,,99,US,US TOTAL,,,,,,,,0,,,9000,UNITED STATES,US TOTAL,2016,MONTHLY,8,8,AUG,,2018-02-27 15:15:05.000,50.8,
SURVEY,ANIMALS & PRODUCTS,LIVESTOCK,HOGS,SOWS,ALL PRODUCTION PRACTICES,ALL UTILIZATION PRACTICES,PRICE RECEIVED,$ / CWT,"HOGS, SOWS - PRICE RECEIVED, MEASURED IN $ / CWT",TOTAL,NOT SPECIFIED,NATIONAL,,99,US,US TOTAL,,,,,,,,0,,,9000,UNITED STATES,US TOTAL,2016,MONTHLY,9,9,SEP,,2018-02-27 15:15:05.000,46.3,
SURVEY,ANIMALS & PRODUCTS,LIVESTOCK,HOGS,SOWS,ALL PRODUCTION PRACTICES,ALL UTILIZATION PRACTICES,PRICE RECEIVED,$ / CWT,"HOGS, SOWS - PRICE RECEIVED, MEASURED IN $ / CWT",TOTAL,NOT SPECIFIED,NATIONAL,,99,US,US TOTAL,,,,,,,,0,,,9000,UNITED STATES,US TOTAL,2016,MONTHLY,10,10,OCT,,2018-02-27 15:15:05.000,33.2,
SURVEY,ANIMALS & PRODUCTS,LIVESTOCK,HOGS,SOWS,ALL PRODUCTION PRACTICES,ALL UTILIZATION PRACTICES,PRICE RECEIVED,$ / CWT,"HOGS, SOWS - PRICE RECEIVED, MEASURED IN $ / CWT",TOTAL,NOT SPECIFIED,NATIONAL,,99,US,US TOTAL,,,,,,,,0,,,9000,UNITED STATES,US TOTAL,2016,MONTHLY,11,11,NOV,,2018-02-27 15:15:05.000,30.4,
SURVEY,ANIMALS & PRODUCTS,LIVESTOCK,HOGS,SOWS,ALL PRODUCTION PRACTICES,ALL UTILIZATION PRACTICES,PRICE RECEIVED,$ / CWT,"HOGS, SOWS - PRICE RECEIVED, MEASURED IN $ / CWT",TOTAL,NOT SPECIFIED,NATIONAL,,99,US,US TOTAL,,,,,,,,0,,,9000,UNITED STATES,US TOTAL,2016,MONTHLY,12,12,DEC,,2019-02-28 15:06:11.000,27.6,
SURVEY,ANIMALS & PRODUCTS,LIVESTOCK,HOGS,SOWS,ALL PRODUCTION PRACTICES,ALL UTILIZATION PRACTICES,PRICE RECEIVED,$ / CWT,"HOGS, SOWS - PRICE RECEIVED, MEASURED IN $ / CWT",TOTAL,NOT SPECIFIED,NATIONAL,,99,US,US TOTAL,,,,,,,,0,,,9000,UNITED STATES,US TOTAL,2015,ANNUAL,0,0,MARKETING YEAR,,2017-02-28 15:05:23.000,44.9,
SURVEY,ANIMALS & PRODUCTS,LIVESTOCK,HOGS,SOWS,ALL PRODUCTION PRACTICES,ALL UTILIZATION PRACTICES,PRICE RECEIVED,$ / CWT,"HOGS, SOWS - PRICE RECEIVED, MEASURED IN $ / CWT",TOTAL,NOT SPECIFIED,NATIONAL,,99,US,US TOTAL,,,,,,,,0,,,9000,UNITED STATES,US TOTAL,2015,MONTHLY,1,1,JAN,,2017-02-28 15:05:23.000,48.0,
SURVEY,ANIMALS & PRODUCTS,LIVESTOCK,HOGS,SOWS,ALL PRODUCTION PRACTICES,ALL UTILIZATION PRACTICES,PRICE RECEIVED,$ / CWT,"HOGS, SOWS - PRICE RECEIVED, MEASURED IN $ / CWT",TOTAL,NOT SPECIFIED,NATIONAL,,99,US,US TOTAL,,,,,,,,0,,,9000,UNITED STATES,US TOTAL,2015,MONTHLY,2,2,FEB,,2017-02-28 15:05:23.000,39.7,
SURVEY,ANIMALS & PRODUCTS,LIVESTOCK,HOGS,SOWS,ALL PRODUCTION PRACTICES,ALL UTILIZATION PRACTICES,PRICE RECEIVED,$ / CWT,"HOGS, SOWS - PRICE RECEIVED, MEASURED IN $ / CWT",TOTAL,NOT SPECIFIED,NATIONAL,,99,US,US TOTAL,,,,,,,,0,,,9000,UNITED STATES,US TOTAL,2015,MONTHLY,3,3,MAR,,2017-02-28 15:05:23.000,38.2,
SURVEY,ANIMALS & PRODUCTS,LIVESTOCK,HOGS,SOWS,ALL PRODUCTION PRACTICES,ALL UTILIZATION PRACTICES,PRICE RECEIVED,$ / CWT,"HOGS, SOWS - PRICE RECEIVED, MEASURED IN $ / CWT",TOTAL,NOT SPECIFIED,NATIONAL,,99,US,US TOTAL,,,,,,,,0,,,9000,UNITED STATES,US TOTAL,2015,MONTHLY,4,4,APR,,2017-02-28 15:05:23.000,38.5,
SURVEY,ANIMALS & PRODUCTS,LIVESTOCK,HOGS,SOWS,ALL PRODUCTION PRACTICES,ALL UTILIZATION PRACTICES,PRICE RECEIVED,$ / CWT,"HOGS, SOWS - PRICE RECEIVED, MEASURED IN $ / CWT",TOTAL,NOT SPECIFIED,NATIONAL,,99,US,US TOTAL,,,,,,,,0,,,9000,UNITED STATES,US TOTAL,2015,MONTHLY,5,5,MAY,,2017-02-28 15:05:23.000,31.4,
SURVEY,ANIMALS & PRODUCTS,LIVESTOCK,HOGS,SOWS,ALL PRODUCTION PRACTICES,ALL UTILIZATION PRACTICES,PRICE RECEIVED,$ / CWT,"HOGS, SOWS - PRICE RECEIVED, MEASURED IN $ / CWT",TOTAL,NOT SPECIFIED,NATIONAL,,99,US,US TOTAL,,,,,,,,0,,,9000,UNITED STATES,US TOTAL,2015,MONTHLY,6,6,JUN,,2017-02-28 15:05:23.000,36.8,
SURVEY,ANIMALS & PRODUCTS,LIVESTOCK,HOGS,SOWS,ALL PRODUCTION PRACTICES,ALL UTILIZATION PRACTICES,PRICE RECEIVED,$ / CWT,"HOGS, SOWS - PRICE RECEIVED, MEASURED IN $ / CWT",TOTAL,NOT SPECIFIED,NATIONAL,,99,US,US TOTAL,,,,,,,,0,,,9000,UNITED STATES,US TOTAL,2015,MONTHLY,7,7,JUL,,2017-02-28 15:05:23.000,40.0,
SURVEY,ANIMALS & PRODUCTS,LIVESTOCK,HOGS,SOWS,ALL PRODUCTION PRACTICES,ALL UTILIZATION PRACTICES,PRICE RECEIVED,$ / CWT,"HOGS, SOWS - PRICE RECEIVED, MEASURED IN $ / CWT",TOTAL,NOT SPECIFIED,NATIONAL,,99,US,US TOTAL,,,,,,,,0,,,9000,UNITED STATES,US TOTAL,2015,MONTHLY,8,8,AUG,,2017-02-28 15:05:23.000,50.7,
SURVEY,ANIMALS & PRODUCTS,LIVESTOCK,HOGS,SOWS,ALL PRODUCTION PRACTICES,ALL UTILIZATION PRACTICES,PRICE RECEIVED,$ / CWT,"HOGS, SOWS - PRICE RECEIVED, MEASURED IN $ / CWT",TOTAL,NOT SPECIFIED,NATIONAL,,99,US,US TOTAL,,,,,,,,0,,,9000,UNITED STATES,US TOTAL,2015,MONTHLY,9,9,SEP,,2017-02-28 15:05:23.000,45.2,
SURVEY,ANIMALS & PRODUCTS,LIVESTOCK,HOGS,SOWS,ALL PRODUCTION PRACTICES,ALL UTILIZATION PRACTICES,PRICE RECEIVED,$ / CWT,"HOGS, SOWS - PRICE RECEIVED, MEASURED IN $ / CWT",TOTAL,NOT SPECIFIED,NATIONAL,,99,US,US TOTAL,,,,,,,,0,,,9000,UNITED STATES,US TOTAL,2015,MONTHLY,10,10,OCT,,2017-02-28 15:05:23.000,57.4,
SURVEY,ANIMALS & PRODUCTS,LIVESTOCK,HOGS,SOWS,ALL PRODUCTION PRACTICES,ALL UTILIZATION PRACTICES,PRICE RECEIVED,$ / CWT,"HOGS, SOWS - PRICE RECEIVED, MEASURED IN $ / CWT",TOTAL,NOT SPECIFIED,NATIONAL,,99,US,US TOTAL,,,,,,,,0,,,9000,UNITED STATES,US TOTAL,2015,MONTHLY,11,11,NOV,,2017-02-28 15:05:23.000,48.5,
SURVEY,ANIMALS & PRODUCTS,LIVESTOCK,HOGS,SOWS,ALL PRODUCTION PRACTICES,ALL UTILIZATION PRACTICES,PRICE RECEIVED,$ / CWT,"HOGS, SOWS - PRICE RECEIVED, MEASURED IN $ / CWT",TOTAL,NOT SPECIFIED,NATIONAL,,99,US,US TOTAL,,,,,,,,0,,,9000,UNITED STATES,US TOTAL,2015,MONTHLY,12,12,DEC,,2018-02-27 15:15:05.000,28.4,
SURVEY,ANIMALS & PRODUCTS,LIVESTOCK,HOGS,SOWS,ALL PRODUCTION PRACTICES,ALL UTILIZATION PRACTICES,PRICE RECEIVED,$ / CWT,"HOGS, SOWS - PRICE RECEIVED, MEASURED IN $ / CWT",TOTAL,NOT SPECIFIED,NATIONAL,,99,US,US TOTAL,,,,,,,,0,,,9000,UNITED STATES,US TOTAL,2014,ANNUAL,0,0,MARKETING YEAR,,2016-02-29 15:03:32.000,77.7,
SURVEY,ANIMALS & PRODUCTS,LIVESTOCK,HOGS,SOWS,ALL PRODUCTION PRACTICES,ALL UTILIZATION PRACTICES,PRICE RECEIVED,$ / CWT,"HOGS, SOWS - PRICE RECEIVED, MEASURED IN $ / CWT",TOTAL,NOT SPECIFIED,NATIONAL,,99,US,US TOTAL,,,,,,,,0,,,9000,UNITED STATES,US TOTAL,2014,MONTHLY,1,1,JAN,,2016-02-29 15:03:32.000,64.4,
SURVEY,ANIMALS & PRODUCTS,LIVESTOCK,HOGS,SOWS,ALL PRODUCTION PRACTICES,ALL UTILIZATION PRACTICES,PRICE RECEIVED,$ / CWT,"HOGS, SOWS - PRICE RECEIVED, MEASURED IN $ / CWT",TOTAL,NOT SPECIFIED,NATIONAL,,99,US,US TOTAL,,,,,,,,0,,,9000,UNITED STATES,US TOTAL,2014,MONTHLY,2,2,FEB,,2016-02-29 15:03:32.000,63.4,
SURVEY,ANIMALS & PRODUCTS,LIVESTOCK,HOGS,SOWS,ALL PRODUCTION PRACTICES,ALL UTILIZATION PRACTICES,PRICE RECEIVED,$ / CWT,"HOGS, SOWS - PRICE RECEIVED, MEASURED IN $ / CWT",TOTAL,NOT SPECIFIED,NATIONAL,,99,US,US TOTAL,,,,,,,,0,,,9000,UNITED STATES,US TOTAL,2014,MONTHLY,3,3,MAR,,2016-02-29 15:03:32.000,79.3,
SURVEY,ANIMALS & PRODUCTS,LIVESTOCK,HOGS,SOWS,ALL PRODUCTION PRACTICES,ALL UTILIZATION PRACTICES,PRICE RECEIVED,$ / CWT,"HOGS, SOWS - PRICE RECEIVED, MEASURED IN $ / CWT",TOTAL,NOT SPECIFIED,NATIONAL,,99,US,US TOTAL,,,,,,,,0,,,9000,UNITED STATES,US TOTAL,2014,MONTHLY,4,4,APR,,2016-02-29 15:03:32.000,98.0,
SURVEY,ANIMALS & PRODUCTS,LIVESTOCK,HOGS,SOWS,ALL PRODUCTION PRACTICES,ALL UTILIZATION PRACTICES,PRICE RECEIVED,$ / CWT,"HOGS, SOWS - PRICE RECEIVED, MEASURED IN $ / CWT",TOTAL,NOT SPECIFIED,NATIONAL,,99,US,US TOTAL,,,,,,,,0,,,9000,UNITED STATES,US TOTAL,2014,MONTHLY,5,5,MAY,,2016-02-29 15:03:32.000,89.3,
SURVEY,ANIMALS & PRODUCTS,LIVESTOCK,HOGS,SOWS,ALL PRODUCTION PRACTICES,ALL UTILIZATION PRACTICES,PRICE RECEIVED,$ / CWT,"HOGS, SOWS - PRICE RECEIVED, MEASURED IN $ / CWT",TOTAL,NOT SPECIFIED,NATIONAL,,99,US,US TOTAL,,,,,,,,0,,,9000,UNITED STATES,US TOTAL,2014,MONTHLY,6,6,JUN,,2016-02-29 15:03:32.000,80.4,
SURVEY,ANIMALS & PRODUCTS,LIVESTOCK,HOGS,SOWS,ALL PRODUCTION PRACTICES,ALL UTILIZATION PRACTICES,PRICE RECEIVED,$ / CWT,"HOGS, SOWS - PRICE RECEIVED, MEASURED IN $ / CWT",TOTAL,NOT SPECIFIED,NATIONAL,,99,US,US TOTAL,,,,,,,,0,,,9000,UNITED STATES,US TOTAL,2014,MONTHLY,7,7,JUL,,2016-02-29 15:03:32.000,85.1,
SURVEY,ANIMALS & PRODUCTS,LIVESTOCK,HOGS,SOWS,ALL PRODUCTION PRACTICES,ALL UTILIZATION PRACTICES,PRICE RECEIVED,$ / CWT,"HOGS, SOWS - PRICE RECEIVED, MEASURED IN $ / CWT",TOTAL,NOT SPECIFIED,NATIONAL,,99,US,US TOTAL,,,,,,,,0,,,9000,UNITED STATES,US TOTAL,2014,MONTHLY,8,8,AUG,,2016-02-29 15:03:32.000,91.6,
SURVEY,ANIMALS & PRODUCTS,LIVESTOCK,HOGS,SOWS,ALL PRODUCTION PRACTICES,ALL UTILIZATION PRACTICES,PRICE RECEIVED,$ / CWT,"HOGS, SOWS - PRICE RECEIVED, MEASURED IN $ / CWT",TOTAL,NOT SPECIFIED,NATIONAL,,99,US,US TOTAL,,,,,,,,0,,,9000,UNITED STATES,US TOTAL,2014,MONTHLY,9,9,SEP,,2016-02-29 15:03:32.000,67.1,
SURVEY,ANIMALS & PRODUCTS,LIVESTOCK,HOGS,SOWS,ALL PRODUCTION PRACTICES,ALL UTILIZATION PRACTICES,PRICE RECEIVED,$ / CWT,"HOGS, SOWS - PRICE RECEIVED, MEASURED IN $ / CWT",TOTAL,NOT SPECIFIED,NATIONAL,,99,US,US TOTAL,,,,,,,,0,,,9000,UNITED STATES,US TOTAL,2014,MONTHLY,10,10,OCT,,2016-02-29 15:03:32.000,66.4,
SURVEY,ANIMALS & PRODUCTS,LIVESTOCK,HOGS,SOWS,ALL PRODUCTION PRACTICES,ALL UTILIZATION PRACTICES,PRICE RECEIVED,$ / CWT,"HOGS, SOWS - PRICE RECEIVED, MEASURED IN $ / CWT",TOTAL,NOT SPECIFIED,NATIONAL,,99,US,US TOTAL,,,,,,,,0,,,9000,UNITED STATES,US TOTAL,2014,MONTHLY,11,11,NOV,,2016-02-29 15:03:32.000,74.2,
SURVEY,ANIMALS & PRODUCTS,LIVESTOCK,HOGS,SOWS,ALL PRODUCTION PRACTICES,ALL UTILIZATION PRACTICES,PRICE RECEIVED,$ / CWT,"HOGS, SOWS - PRICE RECEIVED, MEASURED IN $ / CWT",TOTAL,NOT SPECIFIED,NATIONAL,,99,US,US TOTAL,,,,,,,,0,,,9000,UNITED STATES,US TOTAL,2014,MONTHLY,12,12,DEC,,2017-02-28 15:05:23.000,65.8,
SURVEY,ANIMALS & PRODUCTS,LIVESTOCK,HOGS,SOWS,ALL PRODUCTION PRACTICES,ALL UTILIZATION PRACTICES,PRICE RECEIVED,$ / CWT,"HOGS, SOWS - PRICE RECEIVED, MEASURED IN $ / CWT",TOTAL,NOT SPECIFIED,NATIONAL,,99,US,US TOTAL,,,,,,,,0,,,9000,UNITED STATES,US TOTAL,2013,ANNUAL,0,0,MARKETING YEAR,,2015-02-27 15:10:53.000,62.9,
SURVEY,ANIMALS & PRODUCTS,LIVESTOCK,HOGS,SOWS,ALL PRODUCTION PRACTICES,ALL UTILIZATION PRACTICES,PRICE RECEIVED,$ / CWT,"HOGS, SOWS - PRICE RECEIVED, MEASURED IN $ / CWT",TOTAL,NOT SPECIFIED,NATIONAL,,99,US,US TOTAL,,,,,,,,0,,,9000,UNITED STATES,US TOTAL,2013,MONTHLY,1,1,JAN,,2015-02-27 15:10:53.000,49.4,
SURVEY,ANIMALS & PRODUCTS,LIVESTOCK,HOGS,SOWS,ALL PRODUCTION PRACTICES,ALL UTILIZATION PRACTICES,PRICE RECEIVED,$ / CWT,"HOGS, SOWS - PRICE RECEIVED, MEASURED IN $ / CWT",TOTAL,NOT SPECIFIED,NATIONAL,,99,US,US TOTAL,,,,,,,,0,,,9000,UNITED STATES,US TOTAL,2013,MONTHLY,2,2,FEB,,2015-02-27 15:10:53.000,49.2,
SURVEY,ANIMALS & PRODUCTS,LIVESTOCK,HOGS,SOWS,ALL PRODUCTION PRACTICES,ALL UTILIZATION PRACTICES,PRICE RECEIVED,$ / CWT,"HOGS, SOWS - PRICE RECEIVED, MEASURED IN $ / CWT",TOTAL,NOT SPECIFIED,NATIONAL,,99,US,US TOTAL,,,,,,,,0,,,9000,UNITED STATES,US TOTAL,2013,MONTHLY,3,3,MAR,,2015-02-27 15:10:53.000,62.7,
SURVEY,ANIMALS & PRODUCTS,LIVESTOCK,HOGS,SOWS,ALL PRODUCTION PRACTICES,ALL UTILIZATION PRACTICES,PRICE RECEIVED,$ / CWT,"HOGS, SOWS - PRICE RECEIVED, MEASURED IN $ / CWT",TOTAL,NOT SPECIFIED,NATIONAL,,99,US,US TOTAL,,,,,,,,0,,,9000,UNITED STATES,US TOTAL,2013,MONTHLY,4,4,APR,,2015-02-27 15:10:53.000,57.9,
SURVEY,ANIMALS & PRODUCTS,LIVESTOCK,HOGS,SOWS,ALL PRODUCTION PRACTICES,ALL UTILIZATION PRACTICES,PRICE RECEIVED,$ / CWT,"HOGS, SOWS - PRICE RECEIVED, MEASURED IN $ / CWT",TOTAL,NOT SPECIFIED,NATIONAL,,99,US,US TOTAL,,,,,,,,0,,,9000,UNITED STATES,US TOTAL,2013,MONTHLY,5,5,MAY,,2015-02-27 15:10:53.000,55.2,
SURVEY,ANIMALS & PRODUCTS,LIVESTOCK,HOGS,SOWS,ALL PRODUCTION PRACTICES,ALL UTILIZATION PRACTICES,PRICE RECEIVED,$ / CWT,"HOGS, SOWS - PRICE RECEIVED, MEASURED IN $ / CWT",TOTAL,NOT SPECIFIED,NATIONAL,,99,US,US TOTAL,,,,,,,,0,,,9000,UNITED STATES,US TOTAL,2013,MONTHLY,6,6,JUN,,2015-02-27 15:10:53.000,60.0,
SURVEY,ANIMALS & PRODUCTS,LIVESTOCK,HOGS,SOWS,ALL PRODUCTION PRACTICES,ALL UTILIZATION PRACTICES,PRICE RECEIVED,$ / CWT,"HOGS, SOWS - PRICE RECEIVED, MEASURED IN $ / CWT",TOTAL,NOT SPECIFIED,NATIONAL,,99,US,US TOTAL,,,,,,,,0,,,9000,UNITED STATES,US TOTAL,2013,MONTHLY,7,7,JUL,,2015-02-27 15:10:53.000,72.6,
SURVEY,ANIMALS & PRODUCTS,LIVESTOCK,HOGS,SOWS,ALL PRODUCTION PRACTICES,ALL UTILIZATION PRACTICES,PRICE RECEIVED,$ / CWT,"HOGS, SOWS - PRICE RECEIVED, MEASURED IN $ / CWT",TOTAL,NOT SPECIFIED,NATIONAL,,99,US,US TOTAL,,,,,,,,0,,,9000,UNITED STATES,US TOTAL,2013,MONTHLY,8,8,AUG,,2015-02-27 15:10:53.000,75.9,
SURVEY,ANIMALS & PRODUCTS,LIVESTOCK,HOGS,SOWS,ALL PRODUCTION PRACTICES,ALL UTILIZATION PRACTICES,PRICE RECEIVED,$ / CWT,"HOGS, SOWS - PRICE RECEIVED, MEASURED IN $ / CWT",TOTAL,NOT SPECIFIED,NATIONAL,,99,US,US TOTAL,,,,,,,,0,,,9000,UNITED STATES,US TOTAL,2013,MONTHLY,9,9,SEP,,2015-02-27 15:10:53.000,74.4,
SURVEY,ANIMALS & PRODUCTS,LIVESTOCK,HOGS,SOWS,ALL PRODUCTION PRACTICES,ALL UTILIZATION PRACTICES,PRICE RECEIVED,$ / CWT,"HOGS, SOWS - PRICE RECEIVED, MEASURED IN $ / CWT",TOTAL,NOT SPECIFIED,NATIONAL,,99,US,US TOTAL,,,,,,,,0,,,9000,UNITED STATES,US TOTAL,2013,MONTHLY,10,10,OCT,,2015-02-27 15:10:53.000,71.9,
SURVEY,ANIMALS & PRODUCTS,LIVESTOCK,HOGS,SOWS,ALL PRODUCTION PRACTICES,ALL UTILIZATION PRACTICES,PRICE RECEIVED,$ / CWT,"HOGS, SOWS - PRICE RECEIVED, MEASURED IN $ / CWT",TOTAL,NOT SPECIFIED,NATIONAL,,99,US,US TOTAL,,,,,,,,0,,,9000,UNITED STATES,US TOTAL,2013,MONTHLY,11,11,NOV,,2015-02-27 15:10:53.000,71.0,
SURVEY,ANIMALS & PRODUCTS,LIVESTOCK,HOGS,SOWS,ALL PRODUCTION PRACTICES,ALL UTILIZATION PRACTICES,PRICE RECEIVED,$ / CWT,"HOGS, SOWS - PRICE RECEIVED, MEASURED IN $ / CWT",TOTAL,NOT SPECIFIED,NATIONAL,,99,US,US TOTAL,,,,,,,,0,,,9000,UNITED STATES,US TOTAL,2013,MONTHLY,12,12,DEC,,2016-02-29 15:03:32.000,70.1,
SURVEY,ANIMALS & PRODUCTS,LIVESTOCK,HOGS,SOWS,ALL PRODUCTION PRACTICES,ALL UTILIZATION PRACTICES,PRICE RECEIVED,$ / CWT,"HOGS, SOWS - PRICE RECEIVED, MEASURED IN $ / CWT",TOTAL,NOT SPECIFIED,NATIONAL,,99,US,US TOTAL,,,,,,,,0,,,9000,UNITED STATES,US TOTAL,2012,ANNUAL,0,0,MARKETING YEAR,,2014-02-28 15:04:35.000,51.3,
SURVEY,ANIMALS & PRODUCTS,LIVESTOCK,HOGS,SOWS,ALL PRODUCTION PRACTICES,ALL UTILIZATION PRACTICES,PRICE RECEIVED,$ / CWT,"HOGS, SOWS - PRICE RECEIVED, MEASURED IN $ / CWT",TOTAL,NOT SPECIFIED,NATIONAL,,99,US,US TOTAL,,,,,,,,0,,,9000,UNITED STATES,US TOTAL,2012,MONTHLY,1,1,JAN,,2014-02-28 15:04:35.000,56.6,
SURVEY,ANIMALS & PRODUCTS,LIVESTOCK,HOGS,SOWS,ALL PRODUCTION PRACTICES,ALL UTILIZATION PRACTICES,PRICE RECEIVED,$ / CWT,"HOGS, SOWS - PRICE RECEIVED, MEASURED IN $ / CWT",TOTAL,NOT SPECIFIED,NATIONAL,,99,US,US TOTAL,,,,,,,,0,,,9000,UNITED STATES,US TOTAL,2012,MONTHLY,2,2,FEB,,2014-02-28 15:04:35.000,58.3,
SURVEY,ANIMALS & PRODUCTS,LIVESTOCK,HOGS,SOWS,ALL PRODUCTION PRACTICES,ALL UTILIZATION PRACTICES,PRICE RECEIVED,$ / CWT,"HOGS, SOWS - PRICE RECEIVED, MEASURED IN $ / CWT",TOTAL,NOT SPECIFIED,NATIONAL,,99,US,US TOTAL,,,,,,,,0,,,9000,UNITED STATES,US TOTAL,2012,MONTHLY,3,3,MAR,,2014-02-28 15:04:35.000,59.6,
SURVEY,ANIMALS & PRODUCTS,LIVESTOCK,HOGS,SOWS,ALL PRODUCTION PRACTICES,ALL UTILIZATION PRACTICES,PRICE RECEIVED,$ / CWT,"HOGS, SOWS - PRICE RECEIVED, MEASURED IN $ / CWT",TOTAL,NOT SPECIFIED,NATIONAL,,99,US,US TOTAL,,,,,,,,0,,,9000,UNITED STATES,US TOTAL,2012,MONTHLY,4,4,APR,,2014-02-28 15:04:35.000,55.2,
SURVEY,ANIMALS & PRODUCTS,LIVESTOCK,HOGS,SOWS,ALL PRODUCTION PRACTICES,ALL UTILIZATION PRACTICES,PRICE RECEIVED,$ / CWT,"HOGS, SOWS - PRICE RECEIVED, MEASURED IN $ / CWT",TOTAL,NOT SPECIFIED,NATIONAL,,99,US,US TOTAL,,,,,,,,0,,,9000,UNITED STATES,US TOTAL,2012,MONTHLY,5,5,MAY,,2014-02-28 15:04:35.000,52.1,
SURVEY,ANIMALS & PRODUCTS,LIVESTOCK,HOGS,SOWS,ALL PRODUCTION PRACTICES,ALL UTILIZATION PRACTICES,PRICE RECEIVED,$ / CWT,"HOGS, SOWS - PRICE RECEIVED, MEASURED IN $ / CWT",TOTAL,NOT SPECIFIED,NATIONAL,,99,US,US TOTAL,,,,,,,,0,,,9000,UNITED STATES,US TOTAL,2012,MONTHLY,6,6,JUN,,2014-02-28 15:04:35.000,51.8,
SURVEY,ANIMALS & PRODUCTS,LIVESTOCK,HOGS,SOWS,ALL PRODUCTION PRACTICES,ALL UTILIZATION PRACTICES,PRICE RECEIVED,$ / CWT,"HOGS, SOWS - PRICE RECEIVED, MEASURED IN $ / CWT",TOTAL,NOT SPECIFIED,NATIONAL,,99,US,US TOTAL,,,,,,,,0,,,9000,UNITED STATES,US TOTAL,2012,MONTHLY,7,7,JUL,,2014-02-28 15:04:35.000,47.9,
SURVEY,ANIMALS & PRODUCTS,LIVESTOCK,HOGS,SOWS,ALL PRODUCTION PRACTICES,ALL UTILIZATION PRACTICES,PRICE RECEIVED,$ / CWT,"HOGS, SOWS - PRICE RECEIVED, MEASURED IN $ / CWT",TOTAL,NOT SPECIFIED,NATIONAL,,99,US,US TOTAL,,,,,,,,0,,,9000,UNITED STATES,US TOTAL,2012,MONTHLY,8,8,AUG,,2014-02-28 15:04:35.000,40.4,
SURVEY,ANIMALS & PRODUCTS,LIVESTOCK,HOGS,SOWS,ALL PRODUCTION PRACTICES,ALL UTILIZATION PRACTICES,PRICE RECEIVED,$ / CWT,"HOGS, SOWS - PRICE RECEIVED, MEASURED IN $ / CWT",TOTAL,NOT SPECIFIED,NATIONAL,,99,US,US TOTAL,,,,,,,,0,,,9000,UNITED STATES,US TOTAL,2012,MONTHLY,9,9,SEP,,2014-02-28 15:04:35.000,39.1,
SURVEY,ANIMALS & PRODUCTS,LIVESTOCK,HOGS,SOWS,ALL PRODUCTION PRACTICES,ALL UTILIZATION PRACTICES,PRICE RECEIVED,$ / CWT,"HOGS, SOWS - PRICE RECEIVED, MEASURED IN $ / CWT",TOTAL,NOT SPECIFIED,NATIONAL,,99,US,US TOTAL,,,,,,,,0,,,9000,UNITED STATES,US TOTAL,2012,MONTHLY,10,10,OCT,,2014-02-28 15:04:35.000,43.3,
SURVEY,ANIMALS & PRODUCTS,LIVESTOCK,HOGS,SOWS,ALL PRODUCTION PRACTICES,ALL UTILIZATION PRACTICES,PRICE RECEIVED,$ / CWT,"HOGS, SOWS - PRICE RECEIVED, MEASURED IN $ / CWT",TOTAL,NOT SPECIFIED,NATIONAL,,99,US,US TOTAL,,,,,,,,0,,,9000,UNITED STATES,US TOTAL,2012,MONTHLY,11,11,NOV,,2014-02-28 15:04:35.000,58.9,
SURVEY,ANIMALS & PRODUCTS,LIVESTOCK,HOGS,SOWS,ALL PRODUCTION PRACTICES,ALL UTILIZATION PRACTICES,PRICE RECEIVED,$ / CWT,"HOGS, SOWS - PRICE RECEIVED, MEASURED IN $ / CWT",TOTAL,NOT SPECIFIED,NATIONAL,,99,US,US TOTAL,,,,,,,,0,,,9000,UNITED STATES,US TOTAL,2012,MONTHLY,12,12,DEC,,2015-02-27 15:10:53.000,54.8,
SURVEY,ANIMALS & PRODUCTS,LIVESTOCK,HOGS,SOWS,ALL PRODUCTION PRACTICES,ALL UTILIZATION PRACTICES,PRICE RECEIVED,$ / CWT,"HOGS, SOWS - PRICE RECEIVED, MEASURED IN $ / CWT",TOTAL,NOT SPECIFIED,NATIONAL,,99,US,US TOTAL,,,,,,,,0,,,9000,UNITED STATES,US TOTAL,2011,ANNUAL,0,0,MARKETING YEAR,,2013-02-28 15:06:59.000,57.5,
SURVEY,ANIMALS & PRODUCTS,LIVESTOCK,HOGS,SOWS,ALL PRODUCTION PRACTICES,ALL UTILIZATION PRACTICES,PRICE RECEIVED,$ / CWT,"HOGS, SOWS - PRICE RECEIVED, MEASURED IN $ / CWT",TOTAL,NOT SPECIFIED,NATIONAL,,99,US,US TOTAL,,,,,,,,0,,,9000,UNITED STATES,US TOTAL,2011,MONTHLY,1,1,JAN,,2013-02-28 15:06:59.000,47.8,
SURVEY,ANIMALS & PRODUCTS,LIVESTOCK,HOGS,SOWS,ALL PRODUCTION PRACTICES,ALL UTILIZATION PRACTICES,PRICE RECEIVED,$ / CWT,"HOGS, SOWS - PRICE RECEIVED, MEASURED IN $ / CWT",TOTAL,NOT SPECIFIED,NATIONAL,,99,US,US TOTAL,,,,,,,,0,,,9000,UNITED STATES,US TOTAL,2011,MONTHLY,2,2,FEB,,2013-02-28 15:06:59.000,53.3,
SURVEY,ANIMALS & PRODUCTS,LIVESTOCK,HOGS,SOWS,ALL PRODUCTION PRACTICES,ALL UTILIZATION PRACTICES,PRICE RECEIVED,$ / CWT,"HOGS, SOWS - PRICE RECEIVED, MEASURED IN $ / CWT",TOTAL,NOT SPECIFIED,NATIONAL,,99,US,US TOTAL,,,,,,,,0,,,9000,UNITED STATES,US TOTAL,2011,MONTHLY,3,3,MAR,,2013-02-28 15:06:59.000,58.0,
SURVEY,ANIMALS & PRODUCTS,LIVESTOCK,HOGS,SOWS,ALL PRODUCTION PRACTICES,ALL UTILIZATION PRACTICES,PRICE RECEIVED,$ / CWT,"HOGS, SOWS - PRICE RECEIVED, MEASURED IN $ / CWT",TOTAL,NOT SPECIFIED,NATIONAL,,99,US,US TOTAL,,,,,,,,0,,,9000,UNITED STATES,US TOTAL,2011,MONTHLY,4,4,APR,,2013-02-28 15:06:59.000,57.9,
SURVEY,ANIMALS & PRODUCTS,LIVESTOCK,HOGS,SOWS,ALL PRODUCTION PRACTICES,ALL UTILIZATION PRACTICES,PRICE RECEIVED,$ / CWT,"HOGS, SOWS - PRICE RECEIVED, MEASURED IN $ / CWT",TOTAL,NOT SPECIFIED,NATIONAL,,99,US,US TOTAL,,,,,,,,0,,,9000,UNITED STATES,US TOTAL,2011,MONTHLY,5,5,MAY,,2013-02-28 15:06:59.000,56.0,
SURVEY,ANIMALS & PRODUCTS,LIVESTOCK,HOGS,SOWS,ALL PRODUCTION PRACTICES,ALL UTILIZATION PRACTICES,PRICE RECEIVED,$ / CWT,"HOGS, SOWS - PRICE RECEIVED, MEASURED IN $ / CWT",TOTAL,NOT SPECIFIED,NATIONAL,,99,US,US TOTAL,,,,,,,,0,,,9000,UNITED STATES,US TOTAL,2011,MONTHLY,6,6,JUN,,2013-02-28 15:06:59.000,53.7,
SURVEY,ANIMALS & PRODUCTS,LIVESTOCK,HOGS,SOWS,ALL PRODUCTION PRACTICES,ALL UTILIZATION PRACTICES,PRICE RECEIVED,$ / CWT,"HOGS, SOWS - PRICE RECEIVED, MEASURED IN $ / CWT",TOTAL,NOT SPECIFIED,NATIONAL,,99,US,US TOTAL,,,,,,,,0,,,9000,UNITED STATES,US TOTAL,2011,MONTHLY,7,7,JUL,,2013-02-28 15:06:59.000,55.8,
SURVEY,ANIMALS & PRODUCTS,LIVESTOCK,HOGS,SOWS,ALL PRODUCTION PRACTICES,ALL UTILIZATION PRACTICES,PRICE RECEIVED,$ / CWT,"HOGS, SOWS - PRICE RECEIVED, MEASURED IN $ / CWT",TOTAL,NOT SPECIFIED,NATIONAL,,99,US,US TOTAL,,,,,,,,0,,,9000,UNITED STATES,US TOTAL,2011,MONTHLY,8,8,AUG,,2013-02-28 15:06:59.000,68.9,
SURVEY,ANIMALS & PRODUCTS,LIVESTOCK,HOGS,SOWS,ALL PRODUCTION PRACTICES,ALL UTILIZATION PRACTICES,PRICE RECEIVED,$ / CWT,"HOGS, SOWS - PRICE RECEIVED, MEASURED IN $ / CWT",TOTAL,NOT SPECIFIED,NATIONAL,,99,US,US TOTAL,,,,,,,,0,,,9000,UNITED STATES,US TOTAL,2011,MONTHLY,9,9,SEP,,2013-02-28 15:06:59.000,65.1,
SURVEY,ANIMALS & PRODUCTS,LIVESTOCK,HOGS,SOWS,ALL PRODUCTION PRACTICES,ALL UTILIZATION PRACTICES,PRICE RECEIVED,$ / CWT,"HOGS, SOWS - PRICE RECEIVED, MEASURED IN $ / CWT",TOTAL,NOT SPECIFIED,NATIONAL,,99,US,US TOTAL,,,,,,,,0,,,9000,UNITED STATES,US TOTAL,2011,MONTHLY,10,10,OCT,,2013-02-28 15:06:59.000,61.8,
SURVEY,ANIMALS & PRODUCTS,LIVESTOCK,HOGS,SOWS,ALL PRODUCTION PRACTICES,ALL UTILIZATION PRACTICES,PRICE RECEIVED,$ / CWT,"HOGS, SOWS - PRICE RECEIVED, MEASURED IN $ / CWT",TOTAL,NOT SPECIFIED,NATIONAL,,99,US,US TOTAL,,,,,,,,0,,,9000,UNITED STATES,US TOTAL,2011,MONTHLY,11,11,NOV,,2013-02-28 15:06:59.000,60.8,
SURVEY,ANIMALS & PRODUCTS,LIVESTOCK,HOGS,SOWS,ALL PRODUCTION PRACTICES,ALL UTILIZATION PRACTICES,PRICE RECEIVED,$ / CWT,"HOGS, SOWS - PRICE RECEIVED, MEASURED IN $ / CWT",TOTAL,NOT SPECIFIED,NATIONAL,,99,US,US TOTAL,,,,,,,,0,,,9000,UNITED STATES,US TOTAL,2011,MONTHLY,12,12,DEC,,2014-02-28 15:04:35.000,55.9,
SURVEY,ANIMALS & PRODUCTS,LIVESTOCK,HOGS,SOWS,ALL PRODUCTION PRACTICES,ALL UTILIZATION PRACTICES,PRICE RECEIVED,$ / CWT,"HOGS, SOWS - PRICE RECEIVED, MEASURED IN $ / CWT",TOTAL,NOT SPECIFIED,NATIONAL,,99,US,US TOTAL,,,,,,,,0,,,9000,UNITED STATES,US TOTAL,2010,ANNUAL,0,0,MARKETING YEAR,,2012-01-01 00:00:00.000,48.7,
SURVEY,ANIMALS & PRODUCTS,LIVESTOCK,HOGS,SOWS,ALL PRODUCTION PRACTICES,ALL UTILIZATION PRACTICES,PRICE RECEIVED,$ / CWT,"HOGS, SOWS - PRICE RECEIVED, MEASURED IN $ / CWT",TOTAL,NOT SPECIFIED,NATIONAL,,99,US,US TOTAL,,,,,,,,0,,,9000,UNITED STATES,US TOTAL,2010,MONTHLY,1,1,JAN,,2012-01-01 00:00:00.000,38.3,
SURVEY,ANIMALS & PRODUCTS,LIVESTOCK,HOGS,SOWS,ALL PRODUCTION PRACTICES,ALL UTILIZATION PRACTICES,PRICE RECEIVED,$ / CWT,"HOGS, SOWS - PRICE RECEIVED, MEASURED IN $ / CWT",TOTAL,NOT SPECIFIED,NATIONAL,,99,US,US TOTAL,,,,,,,,0,,,9000,UNITED STATES,US TOTAL,2010,MONTHLY,2,2,FEB,,2012-01-01 00:00:00.000,49.2,
SURVEY,ANIMALS & PRODUCTS,LIVESTOCK,HOGS,SOWS,ALL PRODUCTION PRACTICES,ALL UTILIZATION PRACTICES,PRICE RECEIVED,$ / CWT,"HOGS, SOWS - PRICE RECEIVED, MEASURED IN $ / CWT",TOTAL,NOT SPECIFIED,NATIONAL,,99,US,US TOTAL,,,,,,,,0,,,9000,UNITED STATES,US TOTAL,2010,MONTHLY,3,3,MAR,,2012-01-01 00:00:00.000,48.8,
SURVEY,ANIMALS & PRODUCTS,LIVESTOCK,HOGS,SOWS,ALL PRODUCTION PRACTICES,ALL UTILIZATION PRACTICES,PRICE RECEIVED,$ / CWT,"HOGS, SOWS - PRICE RECEIVED, MEASURED IN $ / CWT",TOTAL,NOT SPECIFIED,NATIONAL,,99,US,US TOTAL,,,,,,,,0,,,9000,UNITED STATES,US TOTAL,2010,MONTHLY,4,4,APR,,2012-01-01 00:00:00.000,53.3,
SURVEY,ANIMALS & PRODUCTS,LIVESTOCK,HOGS,SOWS,ALL PRODUCTION PRACTICES,ALL UTILIZATION PRACTICES,PRICE RECEIVED,$ / CWT,"HOGS, SOWS - PRICE RECEIVED, MEASURED IN $ / CWT",TOTAL,NOT SPECIFIED,NATIONAL,,99,US,US TOTAL,,,,,,,,0,,,9000,UNITED STATES,US TOTAL,2010,MONTHLY,5,5,MAY,,2012-01-01 00:00:00.000,56.7,
SURVEY,ANIMALS & PRODUCTS,LIVESTOCK,HOGS,SOWS,ALL PRODUCTION PRACTICES,ALL UTILIZATION PRACTICES,PRICE RECEIVED,$ / CWT,"HOGS, SOWS - PRICE RECEIVED, MEASURED IN $ / CWT",TOTAL,NOT SPECIFIED,NATIONAL,,99,US,US TOTAL,,,,,,,,0,,,9000,UNITED STATES,US TOTAL,2010,MONTHLY,6,6,JUN,,2012-01-01 00:00:00.000,53.2,
SURVEY,ANIMALS & PRODUCTS,LIVESTOCK,HOGS,SOWS,ALL PRODUCTION PRACTICES,ALL UTILIZATION PRACTICES,PRICE RECEIVED,$ / CWT,"HOGS, SOWS - PRICE RECEIVED, MEASURED IN $ / CWT",TOTAL,NOT SPECIFIED,NATIONAL,,99,US,US TOTAL,,,,,,,,0,,,9000,UNITED STATES,US TOTAL,2010,MONTHLY,7,7,JUL,,2012-01-01 00:00:00.000,54.2,
SURVEY,ANIMALS & PRODUCTS,LIVESTOCK,HOGS,SOWS,ALL PRODUCTION PRACTICES,ALL UTILIZATION PRACTICES,PRICE RECEIVED,$ / CWT,"HOGS, SOWS - PRICE RECEIVED, MEASURED IN $ / CWT",TOTAL,NOT SPECIFIED,NATIONAL,,99,US,US TOTAL,,,,,,,,0,,,9000,UNITED STATES,US TOTAL,2010,MONTHLY,8,8,AUG,,2012-01-01 00:00:00.000,57.9,
SURVEY,ANIMALS & PRODUCTS,LIVESTOCK,HOGS,SOWS,ALL PRODUCTION PRACTICES,ALL UTILIZATION PRACTICES,PRICE RECEIVED,$ / CWT,"HOGS, SOWS - PRICE RECEIVED, MEASURED IN $ / CWT",TOTAL,NOT SPECIFIED,NATIONAL,,99,US,US TOTAL,,,,,,,,0,,,9000,UNITED STATES,US TOTAL,2010,MONTHLY,9,9,SEP,,2012-01-01 00:00:00.000,57.8,
SURVEY,ANIMALS & PRODUCTS,LIVESTOCK,HOGS,SOWS,ALL PRODUCTION PRACTICES,ALL UTILIZATION PRACTICES,PRICE RECEIVED,$ / CWT,"HOGS, SOWS - PRICE RECEIVED, MEASURED IN $ / CWT",TOTAL,NOT SPECIFIED,NATIONAL,,99,US,US TOTAL,,,,,,,,0,,,9000,UNITED STATES,US TOTAL,2010,MONTHLY,10,10,OCT,,2012-01-01 00:00:00.000,49.4,
SURVEY,ANIMALS & PRODUCTS,LIVESTOCK,HOGS,SOWS,ALL PRODUCTION PRACTICES,ALL UTILIZATION PRACTICES,PRICE RECEIVED,$ / CWT,"HOGS, SOWS - PRICE RECEIVED, MEASURED IN $ / CWT",TOTAL,NOT SPECIFIED,NATIONAL,,99,US,US TOTAL,,,,,,,,0,,,9000,UNITED STATES,US TOTAL,2010,MONTHLY,11,11,NOV,,2012-01-01 00:00:00.000,43.3,
SURVEY,ANIMALS & PRODUCTS,LIVESTOCK,HOGS,SOWS,ALL PRODUCTION PRACTICES,ALL UTILIZATION PRACTICES,PRICE RECEIVED,$ / CWT,"HOGS, SOWS - PRICE RECEIVED, MEASURED IN $ / CWT",TOTAL,NOT SPECIFIED,NATIONAL,,99,US,US TOTAL,,,,,,,,0,,,9000,UNITED STATES,US TOTAL,2010,MONTHLY,12,12,DEC,,2013-02-28 15:06:59.000,48.6,
SURVEY,ANIMALS & PRODUCTS,LIVESTOCK,HOGS,SOWS,ALL PRODUCTION PRACTICES,ALL UTILIZATION PRACTICES,PRICE RECEIVED,$ / CWT,"HOGS, SOWS - PRICE RECEIVED, MEASURED IN $ / CWT",TOTAL,NOT SPECIFIED,NATIONAL,,99,US,US TOTAL,,,,,,,,0,,,9000,UNITED STATES,US TOTAL,2009,ANNUAL,0,0,MARKETING YEAR,,2012-01-01 00:00:00.000,36.1,
SURVEY,ANIMALS & PRODUCTS,LIVESTOCK,HOGS,SOWS,ALL PRODUCTION PRACTICES,ALL UTILIZATION PRACTICES,PRICE RECEIVED,$ / CWT,"HOGS, SOWS - PRICE RECEIVED, MEASURED IN $ / CWT",TOTAL,NOT SPECIFIED,NATIONAL,,99,US,US TOTAL,,,,,,,,0,,,9000,UNITED STATES,US TOTAL,2009,MONTHLY,1,1,JAN,,2012-01-01 00:00:00.000,44.1,
SURVEY,ANIMALS & PRODUCTS,LIVESTOCK,HOGS,SOWS,ALL PRODUCTION PRACTICES,ALL UTILIZATION PRACTICES,PRICE RECEIVED,$ / CWT,"HOGS, SOWS - PRICE RECEIVED, MEASURED IN $ / CWT",TOTAL,NOT SPECIFIED,NATIONAL,,99,US,US TOTAL,,,,,,,,0,,,9000,UNITED STATES,US TOTAL,2009,MONTHLY,2,2,FEB,,2012-01-01 00:00:00.000,43.3,
SURVEY,ANIMALS & PRODUCTS,LIVESTOCK,HOGS,SOWS,ALL PRODUCTION PRACTICES,ALL UTILIZATION PRACTICES,PRICE RECEIVED,$ / CWT,"HOGS, SOWS - PRICE RECEIVED, MEASURED IN $ / CWT",TOTAL,NOT SPECIFIED,NATIONAL,,99,US,US TOTAL,,,,,,,,0,,,9000,UNITED STATES,US TOTAL,2009,MONTHLY,3,3,MAR,,2012-01-01 00:00:00.000,41.9,
SURVEY,ANIMALS & PRODUCTS,LIVESTOCK,HOGS,SOWS,ALL PRODUCTION PRACTICES,ALL UTILIZATION PRACTICES,PRICE RECEIVED,$ / CWT,"HOGS, SOWS - PRICE RECEIVED, MEASURED IN $ / CWT",TOTAL,NOT SPECIFIED,NATIONAL,,99,US,US TOTAL,,,,,,,,0,,,9000,UNITED STATES,US TOTAL,2009,MONTHLY,4,4,APR,,2012-01-01 00:00:00.000,41.5,
SURVEY,ANIMALS & PRODUCTS,LIVESTOCK,HOGS,SOWS,ALL PRODUCTION PRACTICES,ALL UTILIZATION PRACTICES,PRICE RECEIVED,$ / CWT,"HOGS, SOWS - PRICE RECEIVED, MEASURED IN $ / CWT",TOTAL,NOT SPECIFIED,NATIONAL,,99,US,US TOTAL,,,,,,,,0,,,9000,UNITED STATES,US TOTAL,2009,MONTHLY,5,5,MAY,,2012-01-01 00:00:00.000,43.3,
SURVEY,ANIMALS & PRODUCTS,LIVESTOCK,HOGS,SOWS,ALL PRODUCTION PRACTICES,ALL UTILIZATION PRACTICES,PRICE RECEIVED,$ / CWT,"HOGS, SOWS - PRICE RECEIVED, MEASURED IN $ / CWT",TOTAL,NOT SPECIFIED,NATIONAL,,99,US,US TOTAL,,,,,,,,0,,,9000,UNITED STATES,US TOTAL,2009,MONTHLY,6,6,JUN,,2012-01-01 00:00:00.000,32.8,
SURVEY,ANIMALS & PRODUCTS,LIVESTOCK,HOGS,SOWS,ALL PRODUCTION PRACTICES,ALL UTILIZATION PRACTICES,PRICE RECEIVED,$ / CWT,"HOGS, SOWS - PRICE RECEIVED, MEASURED IN $ / CWT",TOTAL,NOT SPECIFIED,NATIONAL,,99,US,US TOTAL,,,,,,,,0,,,9000,UNITED STATES,US TOTAL,2009,MONTHLY,7,7,JUL,,2012-01-01 00:00:00.000,28.3,
SURVEY,ANIMALS & PRODUCTS,LIVESTOCK,HOGS,SOWS,ALL PRODUCTION PRACTICES,ALL UTILIZATION PRACTICES,PRICE RECEIVED,$ / CWT,"HOGS, SOWS - PRICE RECEIVED, MEASURED IN $ / CWT",TOTAL,NOT SPECIFIED,NATIONAL,,99,US,US TOTAL,,,,,,,,0,,,9000,UNITED STATES,US TOTAL,2009,MONTHLY,8,8,AUG,,2012-01-01 00:00:00.000,30.0,
SURVEY,ANIMALS & PRODUCTS,LIVESTOCK,HOGS,SOWS,ALL PRODUCTION PRACTICES,ALL UTILIZATION PRACTICES,PRICE RECEIVED,$ / CWT,"HOGS, SOWS - PRICE RECEIVED, MEASURED IN $ / CWT",TOTAL,NOT SPECIFIED,NATIONAL,,99,US,US TOTAL,,,,,,,,0,,,9000,UNITED STATES,US TOTAL,2009,MONTHLY,9,9,SEP,,2012-01-01 00:00:00.000,24.1,
SURVEY,ANIMALS & PRODUCTS,LIVESTOCK,HOGS,SOWS,ALL PRODUCTION PRACTICES,ALL UTILIZATION PRACTICES,PRICE RECEIVED,$ / CWT,"HOGS, SOWS - PRICE RECEIVED, MEASURED IN $ / CWT",TOTAL,NOT SPECIFIED,NATIONAL,,99,US,US TOTAL,,,,,,,,0,,,9000,UNITED STATES,US TOTAL,2009,MONTHLY,10,10,OCT,,2012-01-01 00:00:00.000,27.4,
SURVEY,ANIMALS & PRODUCTS,LIVESTOCK,HOGS,SOWS,ALL PRODUCTION PRACTICES,ALL UTILIZATION PRACTICES,PRICE RECEIVED,$ / CWT,"HOGS, SOWS - PRICE RECEIVED, MEASURED IN $ / CWT",TOTAL,NOT SPECIFIED,NATIONAL,,99,US,US TOTAL,,,,,,,,0,,,9000,UNITED STATES,US TOTAL,2009,MONTHLY,11,11,NOV,,2012-01-01 00:00:00.000,36.1,
SURVEY,ANIMALS & PRODUCTS,LIVESTOCK,HOGS,SOWS,ALL PRODUCTION PRACTICES,ALL UTILIZATION PRACTICES,PRICE RECEIVED,$ / CWT,"HOGS, SOWS - PRICE RECEIVED, MEASURED IN $ / CWT",TOTAL,NOT SPECIFIED,NATIONAL,,99,US,US TOTAL,,,,,,,,0,,,9000,UNITED STATES,US TOTAL,2009,MONTHLY,12,12,DEC,,2012-01-01 00:00:00.000,32.1,
SURVEY,ANIMALS & PRODUCTS,LIVESTOCK,HOGS,SOWS,ALL PRODUCTION PRACTICES,ALL UTILIZATION PRACTICES,PRICE RECEIVED,$ / CWT,"HOGS, SOWS - PRICE RECEIVED, MEASURED IN $ / CWT",TOTAL,NOT SPECIFIED,NATIONAL,,99,US,US TOTAL,,,,,,,,0,,,9000,UNITED STATES,US TOTAL,2008,ANNUAL,0,0,MARKETING YEAR,,2012-01-01 00:00:00.000,29.2,
SURVEY,ANIMALS & PRODUCTS,LIVESTOCK,HOGS,SOWS,ALL PRODUCTION PRACTICES,ALL UTILIZATION PRACTICES,PRICE RECEIVED,$ / CWT,"HOGS, SOWS - PRICE RECEIVED, MEASURED IN $ / CWT",TOTAL,NOT SPECIFIED,NATIONAL,,99,US,US TOTAL,,,,,,,,0,,,9000,UNITED STATES,US TOTAL,2008,MONTHLY,1,1,JAN,,2012-01-01 00:00:00.000,18.6,
SURVEY,ANIMALS & PRODUCTS,LIVESTOCK,HOGS,SOWS,ALL PRODUCTION PRACTICES,ALL UTILIZATION PRACTICES,PRICE RECEIVED,$ / CWT,"HOGS, SOWS - PRICE RECEIVED, MEASURED IN $ / CWT",TOTAL,NOT SPECIFIED,NATIONAL,,99,US,US TOTAL,,,,,,,,0,,,9000,UNITED STATES,US TOTAL,2008,MONTHLY,2,2,FEB,,2012-01-01 00:00:00.000,23.0,
SURVEY,ANIMALS & PRODUCTS,LIVESTOCK,HOGS,SOWS,ALL PRODUCTION PRACTICES,ALL UTILIZATION PRACTICES,PRICE RECEIVED,$ / CWT,"HOGS, SOWS - PRICE RECEIVED, MEASURED IN $ / CWT",TOTAL,NOT SPECIFIED,NATIONAL,,99,US,US TOTAL,,,,,,,,0,,,9000,UNITED STATES,US TOTAL,2008,MONTHLY,3,3,MAR,,2012-01-01 00:00:00.000,22.5,
SURVEY,ANIMALS & PRODUCTS,LIVESTOCK,HOGS,SOWS,ALL PRODUCTION PRACTICES,ALL UTILIZATION PRACTICES,PRICE RECEIVED,$ / CWT,"HOGS, SOWS - PRICE RECEIVED, MEASURED IN $ / CWT",TOTAL,NOT SPECIFIED,NATIONAL,,99,US,US TOTAL,,,,,,,,0,,,9000,UNITED STATES,US TOTAL,2008,MONTHLY,4,4,APR,,2012-01-01 00:00:00.000,17.3,
SURVEY,ANIMALS & PRODUCTS,LIVESTOCK,HOGS,SOWS,ALL PRODUCTION PRACTICES,ALL UTILIZATION PRACTICES,PRICE RECEIVED,$ / CWT,"HOGS, SOWS - PRICE RECEIVED, MEASURED IN $ / CWT",TOTAL,NOT SPECIFIED,NATIONAL,,99,US,US TOTAL,,,,,,,,0,,,9000,UNITED STATES,US TOTAL,2008,MONTHLY,5,5,MAY,,2012-01-01 00:00:00.000,25.3,
SURVEY,ANIMALS & PRODUCTS,LIVESTOCK,HOGS,SOWS,ALL PRODUCTION PRACTICES,ALL UTILIZATION PRACTICES,PRICE RECEIVED,$ / CWT,"HOGS, SOWS - PRICE RECEIVED, MEASURED IN $ / CWT",TOTAL,NOT SPECIFIED,NATIONAL,,99,US,US TOTAL,,,,,,,,0,,,9000,UNITED STATES,US TOTAL,2008,MONTHLY,6,6,JUN,,2012-01-01 00:00:00.000,26.5,
SURVEY,ANIMALS & PRODUCTS,LIVESTOCK,HOGS,SOWS,ALL PRODUCTION PRACTICES,ALL UTILIZATION PRACTICES,PRICE RECEIVED,$ / CWT,"HOGS, SOWS - PRICE RECEIVED, MEASURED IN $ / CWT",TOTAL,NOT SPECIFIED,NATIONAL,,99,US,US TOTAL,,,,,,,,0,,,9000,UNITED STATES,US TOTAL,2008,MONTHLY,7,7,JUL,,2012-01-01 00:00:00.000,20.2,
SURVEY,ANIMALS & PRODUCTS,LIVESTOCK,HOGS,SOWS,ALL PRODUCTION PRACTICES,ALL UTILIZATION PRACTICES,PRICE RECEIVED,$ / CWT,"HOGS, SOWS - PRICE RECEIVED, MEASURED IN $ / CWT",TOTAL,NOT SPECIFIED,NATIONAL,,99,US,US TOTAL,,,,,,,,0,,,9000,UNITED STATES,US TOTAL,2008,MONTHLY,8,8,AUG,,2012-01-01 00:00:00.000,40.5,
SURVEY,ANIMALS & PRODUCTS,LIVESTOCK,HOGS,SOWS,ALL PRODUCTION PRACTICES,ALL UTILIZATION PRACTICES,PRICE RECEIVED,$ / CWT,"HOGS, SOWS - PRICE RECEIVED, MEASURED IN $ / CWT",TOTAL,NOT SPECIFIED,NATIONAL,,99,US,US TOTAL,,,,,,,,0,,,9000,UNITED STATES,US TOTAL,2008,MONTHLY,9,9,SEP,,2012-01-01 00:00:00.000,49.8,
SURVEY,ANIMALS & PRODUCTS,LIVESTOCK,HOGS,SOWS,ALL PRODUCTION PRACTICES,ALL UTILIZATION PRACTICES,PRICE RECEIVED,$ / CWT,"HOGS, SOWS - PRICE RECEIVED, MEASURED IN $ / CWT",TOTAL,NOT SPECIFIED,NATIONAL,,99,US,US TOTAL,,,,,,,,0,,,9000,UNITED STATES,US TOTAL,2008,MONTHLY,10,10,OCT,,2012-01-01 00:00:00.000,45.1,
SURVEY,ANIMALS & PRODUCTS,LIVESTOCK,HOGS,SOWS,ALL PRODUCTION PRACTICES,ALL UTILIZATION PRACTICES,PRICE RECEIVED,$ / CWT,"HOGS, SOWS - PRICE RECEIVED, MEASURED IN $ / CWT",TOTAL,NOT SPECIFIED,NATIONAL,,99,US,US TOTAL,,,,,,,,0,,,9000,UNITED STATES,US TOTAL,2008,MONTHLY,11,11,NOV,,2012-01-01 00:00:00.000,36.2,
SURVEY,ANIMALS & PRODUCTS,LIVESTOCK,HOGS,SOWS,ALL PRODUCTION PRACTICES,ALL UTILIZATION PRACTICES,PRICE RECEIVED,$ / CWT,"HOGS, SOWS - PRICE RECEIVED, MEASURED IN $ / CWT",TOTAL,NOT SPECIFIED,NATIONAL,,99,US,US TOTAL,,,,,,,,0,,,9000,UNITED STATES,US TOTAL,2008,MONTHLY,12,12,DEC,,2012-01-01 00:00:00.000,43.5,
SURVEY,ANIMALS & PRODUCTS,LIVESTOCK,HOGS,SOWS,ALL PRODUCTION PRACTICES,ALL UTILIZATION PRACTICES,PRICE RECEIVED,$ / CWT,"HOGS, SOWS - PRICE RECEIVED, MEASURED IN $ / CWT",TOTAL,NOT SPECIFIED,NATIONAL,,99,US,US TOTAL,,,,,,,,0,,,9000,UNITED STATES,US TOTAL,2007,ANNUAL,0,0,MARKETING YEAR,,2012-01-01 00:00:00.000,32.0,
SURVEY,ANIMALS & PRODUCTS,LIVESTOCK,HOGS,SOWS,ALL PRODUCTION PRACTICES,ALL UTILIZATION PRACTICES,PRICE RECEIVED,$ / CWT,"HOGS, SOWS - PRICE RECEIVED, MEASURED IN $ / CWT",TOTAL,NOT SPECIFIED,NATIONAL,,99,US,US TOTAL,,,,,,,,0,,,9000,UNITED STATES,US TOTAL,2007,MONTHLY,1,1,JAN,,2012-01-01 00:00:00.000,29.8,
SURVEY,ANIMALS & PRODUCTS,LIVESTOCK,HOGS,SOWS,ALL PRODUCTION PRACTICES,ALL UTILIZATION PRACTICES,PRICE RECEIVED,$ / CWT,"HOGS, SOWS - PRICE RECEIVED, MEASURED IN $ / CWT",TOTAL,NOT SPECIFIED,NATIONAL,,99,US,US TOTAL,,,,,,,,0,,,9000,UNITED STATES,US TOTAL,2007,MONTHLY,2,2,FEB,,2012-01-01 00:00:00.000,32.1,
SURVEY,ANIMALS & PRODUCTS,LIVESTOCK,HOGS,SOWS,ALL PRODUCTION PRACTICES,ALL UTILIZATION PRACTICES,PRICE RECEIVED,$ / CWT,"HOGS, SOWS - PRICE RECEIVED, MEASURED IN $ / CWT",TOTAL,NOT SPECIFIED,NATIONAL,,99,US,US TOTAL,,,,,,,,0,,,9000,UNITED STATES,US TOTAL,2007,MONTHLY,3,3,MAR,,2012-01-01 00:00:00.000,33.0,
SURVEY,ANIMALS & PRODUCTS,LIVESTOCK,HOGS,SOWS,ALL PRODUCTION PRACTICES,ALL UTILIZATION PRACTICES,PRICE RECEIVED,$ / CWT,"HOGS, SOWS - PRICE RECEIVED, MEASURED IN $ / CWT",TOTAL,NOT SPECIFIED,NATIONAL,,99,US,US TOTAL,,,,,,,,0,,,9000,UNITED STATES,US TOTAL,2007,MONTHLY,4,4,APR,,2012-01-01 00:00:00.000,27.9,
SURVEY,ANIMALS & PRODUCTS,LIVESTOCK,HOGS,SOWS,ALL PRODUCTION PRACTICES,ALL UTILIZATION PRACTICES,PRICE RECEIVED,$ / CWT,"HOGS, SOWS - PRICE RECEIVED, MEASURED IN $ / CWT",TOTAL,NOT SPECIFIED,NATIONAL,,99,US,US TOTAL,,,,,,,,0,,,9000,UNITED STATES,US TOTAL,2007,MONTHLY,5,5,MAY,,2012-01-01 00:00:00.000,34.1,
SURVEY,ANIMALS & PRODUCTS,LIVESTOCK,HOGS,SOWS,ALL PRODUCTION PRACTICES,ALL UTILIZATION PRACTICES,PRICE RECEIVED,$ / CWT,"HOGS, SOWS - PRICE RECEIVED, MEASURED IN $ / CWT",TOTAL,NOT SPECIFIED,NATIONAL,,99,US,US TOTAL,,,,,,,,0,,,9000,UNITED STATES,US TOTAL,2007,MONTHLY,6,6,JUN,,2012-01-01 00:00:00.000,37.4,
SURVEY,ANIMALS & PRODUCTS,LIVESTOCK,HOGS,SOWS,ALL PRODUCTION PRACTICES,ALL UTILIZATION PRACTICES,PRICE RECEIVED,$ / CWT,"HOGS, SOWS - PRICE RECEIVED, MEASURED IN $ / CWT",TOTAL,NOT SPECIFIED,NATIONAL,,99,US,US TOTAL,,,,,,,,0,,,9000,UNITED STATES,US TOTAL,2007,MONTHLY,7,7,JUL,,2012-01-01 00:00:00.000,36.7,
SURVEY,ANIMALS & PRODUCTS,LIVESTOCK,HOGS,SOWS,ALL PRODUCTION PRACTICES,ALL UTILIZATION PRACTICES,PRICE RECEIVED,$ / CWT,"HOGS, SOWS - PRICE RECEIVED, MEASURED IN $ / CWT",TOTAL,NOT SPECIFIED,NATIONAL,,99,US,US TOTAL,,,,,,,,0,,,9000,UNITED STATES,US TOTAL,2007,MONTHLY,8,8,AUG,,2012-01-01 00:00:00.000,36.1,
SURVEY,ANIMALS & PRODUCTS,LIVESTOCK,HOGS,SOWS,ALL PRODUCTION PRACTICES,ALL UTILIZATION PRACTICES,PRICE RECEIVED,$ / CWT,"HOGS, SOWS - PRICE RECEIVED, MEASURED IN $ / CWT",TOTAL,NOT SPECIFIED,NATIONAL,,99,US,US TOTAL,,,,,,,,0,,,9000,UNITED STATES,US TOTAL,2007,MONTHLY,9,9,SEP,,2012-01-01 00:00:00.000,37.0,
SURVEY,ANIMALS & PRODUCTS,LIVESTOCK,HOGS,SOWS,ALL PRODUCTION PRACTICES,ALL UTILIZATION PRACTICES,PRICE RECEIVED,$ / CWT,"HOGS, SOWS - PRICE RECEIVED, MEASURED IN $ / CWT",TOTAL,NOT SPECIFIED,NATIONAL,,99,US,US TOTAL,,,,,,,,0,,,9000,UNITED STATES,US TOTAL,2007,MONTHLY,10,10,OCT,,2012-01-01 00:00:00.000,27.3,
SURVEY,ANIMALS & PRODUCTS,LIVESTOCK,HOGS,SOWS,ALL PRODUCTION PRACTICES,ALL UTILIZATION PRACTICES,PRICE RECEIVED,$ / CWT,"HOGS, SOWS - PRICE RECEIVED, MEASURED IN $ / CWT",TOTAL,NOT SPECIFIED,NATIONAL,,99,US,US TOTAL,,,,,,,,0,,,9000,UNITED STATES,US TOTAL,2007,MONTHLY,11,11,NOV,,2012-01-01 00:00:00.000,25.9,
SURVEY,ANIMALS & PRODUCTS,LIVESTOCK,HOGS,SOWS,ALL PRODUCTION PRACTICES,ALL UTILIZATION PRACTICES,PRICE RECEIVED,$ / CWT,"HOGS, SOWS - PRICE RECEIVED, MEASURED IN $ / CWT",TOTAL,NOT SPECIFIED,NATIONAL,,99,US,US TOTAL,,,,,,,,0,,,9000,UNITED STATES,US TOTAL,2007,MONTHLY,12,12,DEC,,2012-01-01 00:00:00.000,20.9,
SURVEY,ANIMALS & PRODUCTS,LIVESTOCK,HOGS,SOWS,ALL PRODUCTION PRACTICES,ALL UTILIZATION PRACTICES,PRICE RECEIVED,$ / CWT,"HOGS, SOWS - PRICE RECEIVED, MEASURED IN $ / CWT",TOTAL,NOT SPECIFIED,NATIONAL,,99,US,US TOTAL,,,,,,,,0,,,9000,UNITED STATES,US TOTAL,2006,ANNUAL,0,0,MARKETING YEAR,,2012-01-01 00:00:00.000,33.2,
SURVEY,ANIMALS & PRODUCTS,LIVESTOCK,HOGS,SOWS,ALL PRODUCTION PRACTICES,ALL UTILIZATION PRACTICES,PRICE RECEIVED,$ / CWT,"HOGS, SOWS - PRICE RECEIVED, MEASURED IN $ / CWT",TOTAL,NOT SPECIFIED,NATIONAL,,99,US,US TOTAL,,,,,,,,0,,,9000,UNITED STATES,US TOTAL,2006,MONTHLY,1,1,JAN,,2012-01-01 00:00:00.000,33.3,
SURVEY,ANIMALS & PRODUCTS,LIVESTOCK,HOGS,SOWS,ALL PRODUCTION PRACTICES,ALL UTILIZATION PRACTICES,PRICE RECEIVED,$ / CWT,"HOGS, SOWS - PRICE RECEIVED, MEASURED IN $ / CWT",TOTAL,NOT SPECIFIED,NATIONAL,,99,US,US TOTAL,,,,,,,,0,,,9000,UNITED STATES,US TOTAL,2006,MONTHLY,2,2,FEB,,2012-01-01 00:00:00.000,31.2,
SURVEY,ANIMALS & PRODUCTS,LIVESTOCK,HOGS,SOWS,ALL PRODUCTION PRACTICES,ALL UTILIZATION PRACTICES,PRICE RECEIVED,$ / CWT,"HOGS, SOWS - PRICE RECEIVED, MEASURED IN $ / CWT",TOTAL,NOT SPECIFIED,NATIONAL,,99,US,US TOTAL,,,,,,,,0,,,9000,UNITED STATES,US TOTAL,2006,MONTHLY,3,3,MAR,,2012-01-01 00:00:00.000,34.2,
SURVEY,ANIMALS & PRODUCTS,LIVESTOCK,HOGS,SOWS,ALL PRODUCTION PRACTICES,ALL UTILIZATION PRACTICES,PRICE RECEIVED,$ / CWT,"HOGS, SOWS - PRICE RECEIVED, MEASURED IN $ / CWT",TOTAL,NOT SPECIFIED,NATIONAL,,99,US,US TOTAL,,,,,,,,0,,,9000,UNITED STATES,US TOTAL,2006,MONTHLY,4,4,APR,,2012-01-01 00:00:00.000,28.8,
SURVEY,ANIMALS & PRODUCTS,LIVESTOCK,HOGS,SOWS,ALL PRODUCTION PRACTICES,ALL UTILIZATION PRACTICES,PRICE RECEIVED,$ / CWT,"HOGS, SOWS - PRICE RECEIVED, MEASURED IN $ / CWT",TOTAL,NOT SPECIFIED,NATIONAL,,99,US,US TOTAL,,,,,,,,0,,,9000,UNITED STATES,US TOTAL,2006,MONTHLY,5,5,MAY,,2012-01-01 00:00:00.000,30.1,
SURVEY,ANIMALS & PRODUCTS,LIVESTOCK,HOGS,SOWS,ALL PRODUCTION PRACTICES,ALL UTILIZATION PRACTICES,PRICE RECEIVED,$ / CWT,"HOGS, SOWS - PRICE RECEIVED, MEASURED IN $ / CWT",TOTAL,NOT SPECIFIED,NATIONAL,,99,US,US TOTAL,,,,,,,,0,,,9000,UNITED STATES,US TOTAL,2006,MONTHLY,6,6,JUN,,2012-01-01 00:00:00.000,33.1,
SURVEY,ANIMALS & PRODUCTS,LIVESTOCK,HOGS,SOWS,ALL PRODUCTION PRACTICES,ALL UTILIZATION PRACTICES,PRICE RECEIVED,$ / CWT,"HOGS, SOWS - PRICE RECEIVED, MEASURED IN $ / CWT",TOTAL,NOT SPECIFIED,NATIONAL,,99,US,US TOTAL,,,,,,,,0,,,9000,UNITED STATES,US TOTAL,2006,MONTHLY,7,7,JUL,,2012-01-01 00:00:00.000,32.1,
SURVEY,ANIMALS & PRODUCTS,LIVESTOCK,HOGS,SOWS,ALL PRODUCTION PRACTICES,ALL UTILIZATION PRACTICES,PRICE RECEIVED,$ / CWT,"HOGS, SOWS - PRICE RECEIVED, MEASURED IN $ / CWT",TOTAL,NOT SPECIFIED,NATIONAL,,99,US,US TOTAL,,,,,,,,0,,,9000,UNITED STATES,US TOTAL,2006,MONTHLY,8,8,AUG,,2012-01-01 00:00:00.000,34.9,
SURVEY,ANIMALS & PRODUCTS,LIVESTOCK,HOGS,SOWS,ALL PRODUCTION PRACTICES,ALL UTILIZATION PRACTICES,PRICE RECEIVED,$ / CWT,"HOGS, SOWS - PRICE RECEIVED, MEASURED IN $ / CWT",TOTAL,NOT SPECIFIED,NATIONAL,,99,US,US TOTAL,,,,,,,,0,,,9000,UNITED STATES,US TOTAL,2006,MONTHLY,9,9,SEP,,2012-01-01 00:00:00.000,35.5,
SURVEY,ANIMALS & PRODUCTS,LIVESTOCK,HOGS,SOWS,ALL PRODUCTION PRACTICES,ALL UTILIZATION PRACTICES,PRICE RECEIVED,$ / CWT,"HOGS, SOWS - PRICE RECEIVED, MEASURED IN $ / CWT",TOTAL,NOT SPECIFIED,NATIONAL,,99,US,US TOTAL,,,,,,,,0,,,9000,UNITED STATES,US TOTAL,2006,MONTHLY,10,10,OCT,,2012-01-01 00:00:00.000,36.9,
SURVEY,ANIMALS & PRODUCTS,LIVESTOCK,HOGS,SOWS,ALL PRODUCTION PRACTICES,ALL UTILIZATION PRACTICES,PRICE RECEIVED,$ / CWT,"HOGS, SOWS - PRICE RECEIVED, MEASURED IN $ / CWT",TOTAL,NOT SPECIFIED,NATIONAL,,99,US,US TOTAL,,,,,,,,0,,,9000,UNITED STATES,US TOTAL,2006,MONTHLY,11,11,NOV,,2012-01-01 00:00:00.000,35.4,
SURVEY,ANIMALS & PRODUCTS,LIVESTOCK,HOGS,SOWS,ALL PRODUCTION PRACTICES,ALL UTILIZATION PRACTICES,PRICE RECEIVED,$ / CWT,"HOGS, SOWS - PRICE RECEIVED, MEASURED IN $ / CWT",TOTAL,NOT SPECIFIED,NATIONAL,,99,US,US TOTAL,,,,,,,,0,,,9000,UNITED STATES,US TOTAL,2006,MONTHLY,12,12,DEC,,2012-01-01 00:00:00.000,32.3,
SURVEY,ANIMALS & PRODUCTS,LIVESTOCK,HOGS,SOWS,ALL PRODUCTION PRACTICES,ALL UTILIZATION PRACTICES,PRICE RECEIVED,$ / CWT,"HOGS, SOWS - PRICE RECEIVED, MEASURED IN $ / CWT",TOTAL,NOT SPECIFIED,NATIONAL,,99,US,US TOTAL,,,,,,,,0,,,9000,UNITED STATES,US TOTAL,2005,ANNUAL,0,0,MARKETING YEAR,,2012-01-01 00:00:00.000,41.3,
SURVEY,ANIMALS & PRODUCTS,LIVESTOCK,HOGS,SOWS,ALL PRODUCTION PRACTICES,ALL UTILIZATION PRACTICES,PRICE RECEIVED,$ / CWT,"HOGS, SOWS - PRICE RECEIVED, MEASURED IN $ / CWT",TOTAL,NOT SPECIFIED,NATIONAL,,99,US,US TOTAL,,,,,,,,0,,,9000,UNITED STATES,US TOTAL,2005,MONTHLY,1,1,JAN,,2012-01-01 00:00:00.000,45.4,
SURVEY,ANIMALS & PRODUCTS,LIVESTOCK,HOGS,SOWS,ALL PRODUCTION PRACTICES,ALL UTILIZATION PRACTICES,PRICE RECEIVED,$ / CWT,"HOGS, SOWS - PRICE RECEIVED, MEASURED IN $ / CWT",TOTAL,NOT SPECIFIED,NATIONAL,,99,US,US TOTAL,,,,,,,,0,,,9000,UNITED STATES,US TOTAL,2005,MONTHLY,2,2,FEB,,2012-01-01 00:00:00.000,45.1,
SURVEY,ANIMALS & PRODUCTS,LIVESTOCK,HOGS,SOWS,ALL PRODUCTION PRACTICES,ALL UTILIZATION PRACTICES,PRICE RECEIVED,$ / CWT,"HOGS, SOWS - PRICE RECEIVED, MEASURED IN $ / CWT",TOTAL,NOT SPECIFIED,NATIONAL,,99,US,US TOTAL,,,,,,,,0,,,9000,UNITED STATES,US TOTAL,2005,MONTHLY,3,3,MAR,,2012-01-01 00:00:00.000,43.4,
SURVEY,ANIMALS & PRODUCTS,LIVESTOCK,HOGS,SOWS,ALL PRODUCTION PRACTICES,ALL UTILIZATION PRACTICES,PRICE RECEIVED,$ / CWT,"HOGS, SOWS - PRICE RECEIVED, MEASURED IN $ / CWT",TOTAL,NOT SPECIFIED,NATIONAL,,99,US,US TOTAL,,,,,,,,0,,,9000,UNITED STATES,US TOTAL,2005,MONTHLY,4,4,APR,,2012-01-01 00:00:00.000,41.5,
SURVEY,ANIMALS & PRODUCTS,LIVESTOCK,HOGS,SOWS,ALL PRODUCTION PRACTICES,ALL UTILIZATION PRACTICES,PRICE RECEIVED,$ / CWT,"HOGS, SOWS - PRICE RECEIVED, MEASURED IN $ / CWT",TOTAL,NOT SPECIFIED,NATIONAL,,99,US,US TOTAL,,,,,,,,0,,,9000,UNITED STATES,US TOTAL,2005,MONTHLY,5,5,MAY,,2012-01-01 00:00:00.000,42.6,
SURVEY,ANIMALS & PRODUCTS,LIVESTOCK,HOGS,SOWS,ALL PRODUCTION PRACTICES,ALL UTILIZATION PRACTICES,PRICE RECEIVED,$ / CWT,"HOGS, SOWS - PRICE RECEIVED, MEASURED IN $ / CWT",TOTAL,NOT SPECIFIED,NATIONAL,,99,US,US TOTAL,,,,,,,,0,,,9000,UNITED STATES,US TOTAL,2005,MONTHLY,6,6,JUN,,2012-01-01 00:00:00.000,43.4,
SURVEY,ANIMALS & PRODUCTS,LIVESTOCK,HOGS,SOWS,ALL PRODUCTION PRACTICES,ALL UTILIZATION PRACTICES,PRICE RECEIVED,$ / CWT,"HOGS, SOWS - PRICE RECEIVED, MEASURED IN $ / CWT",TOTAL,NOT SPECIFIED,NATIONAL,,99,US,US TOTAL,,,,,,,,0,,,9000,UNITED STATES,US TOTAL,2005,MONTHLY,7,7,JUL,,2012-01-01 00:00:00.000,37.6,
SURVEY,ANIMALS & PRODUCTS,LIVESTOCK,HOGS,SOWS,ALL PRODUCTION PRACTICES,ALL UTILIZATION PRACTICES,PRICE RECEIVED,$ / CWT,"HOGS, SOWS - PRICE RECEIVED, MEASURED IN $ / CWT",TOTAL,NOT SPECIFIED,NATIONAL,,99,US,US TOTAL,,,,,,,,0,,,9000,UNITED STATES,US TOTAL,2005,MONTHLY,8,8,AUG,,2012-01-01 00:00:00.000,38.6,
SURVEY,ANIMALS & PRODUCTS,LIVESTOCK,HOGS,SOWS,ALL PRODUCTION PRACTICES,ALL UTILIZATION PRACTICES,PRICE RECEIVED,$ / CWT,"HOGS, SOWS - PRICE RECEIVED, MEASURED IN $ / CWT",TOTAL,NOT SPECIFIED,NATIONAL,,99,US,US TOTAL,,,,,,,,0,,,9000,UNITED STATES,US TOTAL,2005,MONTHLY,9,9,SEP,,2012-01-01 00:00:00.000,39.1,
SURVEY,ANIMALS & PRODUCTS,LIVESTOCK,HOGS,SOWS,ALL PRODUCTION PRACTICES,ALL UTILIZATION PRACTICES,PRICE RECEIVED,$ / CWT,"HOGS, SOWS - PRICE RECEIVED, MEASURED IN $ / CWT",TOTAL,NOT SPECIFIED,NATIONAL,,99,US,US TOTAL,,,,,,,,0,,,9000,UNITED STATES,US TOTAL,2005,MONTHLY,10,10,OCT,,2012-01-01 00:00:00.000,41.6,
SURVEY,ANIMALS & PRODUCTS,LIVESTOCK,HOGS,SOWS,ALL PRODUCTION PRACTICES,ALL UTILIZATION PRACTICES,PRICE RECEIVED,$ / CWT,"HOGS, SOWS - PRICE RECEIVED, MEASURED IN $ / CWT",TOTAL,NOT SPECIFIED,NATIONAL,,99,US,US TOTAL,,,,,,,,0,,,9000,UNITED STATES,US TOTAL,2005,MONTHLY,11,11,NOV,,2012-01-01 00:00:00.000,37.3,
SURVEY,ANIMALS & PRODUCTS,LIVESTOCK,HOGS,SOWS,ALL PRODUCTION PRACTICES,ALL UTILIZATION PRACTICES,PRICE RECEIVED,$ / CWT,"HOGS, SOWS - PRICE RECEIVED, MEASURED IN $ / CWT",TOTAL,NOT SPECIFIED,NATIONAL,,99,US,US TOTAL,,,,,,,,0,,,9000,UNITED STATES,US TOTAL,2005,MONTHLY,12,12,DEC,,2012-01-01 00:00:00.000,38.0,
SURVEY,ANIMALS & PRODUCTS,LIVESTOCK,HOGS,SOWS,ALL PRODUCTION PRACTICES,ALL UTILIZATION PRACTICES,PRICE RECEIVED,$ / CWT,"HOGS, SOWS - PRICE RECEIVED, MEASURED IN $ / CWT",TOTAL,NOT SPECIFIED,NATIONAL,,99,US,US TOTAL,,,,,,,,0,,,9000,UNITED STATES,US TOTAL,2004,ANNUAL,0,0,MARKETING YEAR,,2012-01-01 00:00:00.000,40.2,
SURVEY,ANIMALS & PRODUCTS,LIVESTOCK,HOGS,SOWS,ALL PRODUCTION PRACTICES,ALL UTILIZATION PRACTICES,PRICE RECEIVED,$ / CWT,"HOGS, SOWS - PRICE RECEIVED, MEASURED IN $ / CWT",TOTAL,NOT SPECIFIED,NATIONAL,,99,US,US TOTAL,,,,,,,,0,,,9000,UNITED STATES,US TOTAL,2004,MONTHLY,1,1,JAN,,2012-01-01 00:00:00.000,28.3,
SURVEY,ANIMALS & PRODUCTS,LIVESTOCK,HOGS,SOWS,ALL PRODUCTION PRACTICES,ALL UTILIZATION PRACTICES,PRICE RECEIVED,$ / CWT,"HOGS, SOWS - PRICE RECEIVED, MEASURED IN $ / CWT",TOTAL,NOT SPECIFIED,NATIONAL,,99,US,US TOTAL,,,,,,,,0,,,9000,UNITED STATES,US TOTAL,2004,MONTHLY,2,2,FEB,,2012-01-01 00:00:00.000,34.6,
SURVEY,ANIMALS & PRODUCTS,LIVESTOCK,HOGS,SOWS,ALL PRODUCTION PRACTICES,ALL UTILIZATION PRACTICES,PRICE RECEIVED,$ / CWT,"HOGS, SOWS - PRICE RECEIVED, MEASURED IN $ / CWT",TOTAL,NOT SPECIFIED,NATIONAL,,99,US,US TOTAL,,,,,,,,0,,,9000,UNITED STATES,US TOTAL,2004,MONTHLY,3,3,MAR,,2012-01-01 00:00:00.000,39.9,
SURVEY,ANIMALS & PRODUCTS,LIVESTOCK,HOGS,SOWS,ALL PRODUCTION PRACTICES,ALL UTILIZATION PRACTICES,PRICE RECEIVED,$ / CWT,"HOGS, SOWS - PRICE RECEIVED, MEASURED IN $ / CWT",TOTAL,NOT SPECIFIED,NATIONAL,,99,US,US TOTAL,,,,,,,,0,,,9000,UNITED STATES,US TOTAL,2004,MONTHLY,4,4,APR,,2012-01-01 00:00:00.000,40.7,
SURVEY,ANIMALS & PRODUCTS,LIVESTOCK,HOGS,SOWS,ALL PRODUCTION PRACTICES,ALL UTILIZATION PRACTICES,PRICE RECEIVED,$ / CWT,"HOGS, SOWS - PRICE RECEIVED, MEASURED IN $ / CWT",TOTAL,NOT SPECIFIED,NATIONAL,,99,US,US TOTAL,,,,,,,,0,,,9000,UNITED STATES,US TOTAL,2004,MONTHLY,5,5,MAY,,2012-01-01 00:00:00.000,43.5,
SURVEY,ANIMALS & PRODUCTS,LIVESTOCK,HOGS,SOWS,ALL PRODUCTION PRACTICES,ALL UTILIZATION PRACTICES,PRICE RECEIVED,$ / CWT,"HOGS, SOWS - PRICE RECEIVED, MEASURED IN $ / CWT",TOTAL,NOT SPECIFIED,NATIONAL,,99,US,US TOTAL,,,,,,,,0,,,9000,UNITED STATES,US TOTAL,2004,MONTHLY,6,6,JUN,,2012-01-01 00:00:00.000,46.5,
SURVEY,ANIMALS & PRODUCTS,LIVESTOCK,HOGS,SOWS,ALL PRODUCTION PRACTICES,ALL UTILIZATION PRACTICES,PRICE RECEIVED,$ / CWT,"HOGS, SOWS - PRICE RECEIVED, MEASURED IN $ / CWT",TOTAL,NOT SPECIFIED,NATIONAL,,99,US,US TOTAL,,,,,,,,0,,,9000,UNITED STATES,US TOTAL,2004,MONTHLY,7,7,JUL,,2012-01-01 00:00:00.000,49.4,
SURVEY,ANIMALS & PRODUCTS,LIVESTOCK,HOGS,SOWS,ALL PRODUCTION PRACTICES,ALL UTILIZATION PRACTICES,PRICE RECEIVED,$ / CWT,"HOGS, SOWS - PRICE RECEIVED, MEASURED IN $ / CWT",TOTAL,NOT SPECIFIED,NATIONAL,,99,US,US TOTAL,,,,,,,,0,,,9000,UNITED STATES,US TOTAL,2004,MONTHLY,8,8,AUG,,2012-01-01 00:00:00.000,46.9,
SURVEY,ANIMALS & PRODUCTS,LIVESTOCK,HOGS,SOWS,ALL PRODUCTION PRACTICES,ALL UTILIZATION PRACTICES,PRICE RECEIVED,$ / CWT,"HOGS, SOWS - PRICE RECEIVED, MEASURED IN $ / CWT",TOTAL,NOT SPECIFIED,NATIONAL,,99,US,US TOTAL,,,,,,,,0,,,9000,UNITED STATES,US TOTAL,2004,MONTHLY,9,9,SEP,,2012-01-01 00:00:00.000,42.2,
SURVEY,ANIMALS & PRODUCTS,LIVESTOCK,HOGS,SOWS,ALL PRODUCTION PRACTICES,ALL UTILIZATION PRACTICES,PRICE RECEIVED,$ / CWT,"HOGS, SOWS - PRICE RECEIVED, MEASURED IN $ / CWT",TOTAL,NOT SPECIFIED,NATIONAL,,99,US,US TOTAL,,,,,,,,0,,,9000,UNITED STATES,US TOTAL,2004,MONTHLY,10,10,OCT,,2012-01-01 00:00:00.000,41.8,
SURVEY,ANIMALS & PRODUCTS,LIVESTOCK,HOGS,SOWS,ALL PRODUCTION PRACTICES,ALL UTILIZATION PRACTICES,PRICE RECEIVED,$ / CWT,"HOGS, SOWS - PRICE RECEIVED, MEASURED IN $ / CWT",TOTAL,NOT SPECIFIED,NATIONAL,,99,US,US TOTAL,,,,,,,,0,,,9000,UNITED STATES,US TOTAL,2004,MONTHLY,11,11,NOV,,2012-01-01 00:00:00.000,45.2,
SURVEY,ANIMALS & PRODUCTS,LIVESTOCK,HOGS,SOWS,ALL PRODUCTION PRACTICES,ALL UTILIZATION PRACTICES,PRICE RECEIVED,$ / CWT,"HOGS, SOWS - PRICE RECEIVED, MEASURED IN $ / CWT",TOTAL,NOT SPECIFIED,NATIONAL,,99,US,US TOTAL,,,,,,,,0,,,9000,UNITED STATES,US TOTAL,2004,MONTHLY,12,12,DEC,,2012-01-01 00:00:00.000,44.5,
SURVEY,ANIMALS & PRODUCTS,LIVESTOCK,HOGS,SOWS,ALL PRODUCTION PRACTICES,ALL UTILIZATION PRACTICES,PRICE RECEIVED,$ / CWT,"HOGS, SOWS - PRICE RECEIVED, MEASURED IN $ / CWT",TOTAL,NOT SPECIFIED,NATIONAL,,99,US,US TOTAL,,,,,,,,0,,,9000,UNITED STATES,US TOTAL,2003,ANNUAL,0,0,MARKETING YEAR,,2012-01-01 00:00:00.000,27.9,
SURVEY,ANIMALS & PRODUCTS,LIVESTOCK,HOGS,SOWS,ALL PRODUCTION PRACTICES,ALL UTILIZATION PRACTICES,PRICE RECEIVED,$ / CWT,"HOGS, SOWS - PRICE RECEIVED, MEASURED IN $ / CWT",TOTAL,NOT SPECIFIED,NATIONAL,,99,US,US TOTAL,,,,,,,,0,,,9000,UNITED STATES,US TOTAL,2003,MONTHLY,1,1,JAN,,2012-01-01 00:00:00.000,21.7,
SURVEY,ANIMALS & PRODUCTS,LIVESTOCK,HOGS,SOWS,ALL PRODUCTION PRACTICES,ALL UTILIZATION PRACTICES,PRICE RECEIVED,$ / CWT,"HOGS, SOWS - PRICE RECEIVED, MEASURED IN $ / CWT",TOTAL,NOT SPECIFIED,NATIONAL,,99,US,US TOTAL,,,,,,,,0,,,9000,UNITED STATES,US TOTAL,2003,MONTHLY,2,2,FEB,,2012-01-01 00:00:00.000,23.4,
SURVEY,ANIMALS & PRODUCTS,LIVESTOCK,HOGS,SOWS,ALL PRODUCTION PRACTICES,ALL UTILIZATION PRACTICES,PRICE RECEIVED,$ / CWT,"HOGS, SOWS - PRICE RECEIVED, MEASURED IN $ / CWT",TOTAL,NOT SPECIFIED,NATIONAL,,99,US,US TOTAL,,,,,,,,0,,,9000,UNITED STATES,US TOTAL,2003,MONTHLY,3,3,MAR,,2012-01-01 00:00:00.000,24.2,
SURVEY,ANIMALS & PRODUCTS,LIVESTOCK,HOGS,SOWS,ALL PRODUCTION PRACTICES,ALL UTILIZATION PRACTICES,PRICE RECEIVED,$ / CWT,"HOGS, SOWS - PRICE RECEIVED, MEASURED IN $ / CWT",TOTAL,NOT SPECIFIED,NATIONAL,,99,US,US TOTAL,,,,,,,,0,,,9000,UNITED STATES,US TOTAL,2003,MONTHLY,4,4,APR,,2012-01-01 00:00:00.000,25.8,
SURVEY,ANIMALS & PRODUCTS,LIVESTOCK,HOGS,SOWS,ALL PRODUCTION PRACTICES,ALL UTILIZATION PRACTICES,PRICE RECEIVED,$ / CWT,"HOGS, SOWS - PRICE RECEIVED, MEASURED IN $ / CWT",TOTAL,NOT SPECIFIED,NATIONAL,,99,US,US TOTAL,,,,,,,,0,,,9000,UNITED STATES,US TOTAL,2003,MONTHLY,5,5,MAY,,2012-01-01 00:00:00.000,29.0,
SURVEY,ANIMALS & PRODUCTS,LIVESTOCK,HOGS,SOWS,ALL PRODUCTION PRACTICES,ALL UTILIZATION PRACTICES,PRICE RECEIVED,$ / CWT,"HOGS, SOWS - PRICE RECEIVED, MEASURED IN $ / CWT",TOTAL,NOT SPECIFIED,NATIONAL,,99,US,US TOTAL,,,,,,,,0,,,9000,UNITED STATES,US TOTAL,2003,MONTHLY,6,6,JUN,,2012-01-01 00:00:00.000,30.3,
SURVEY,ANIMALS & PRODUCTS,LIVESTOCK,HOGS,SOWS,ALL PRODUCTION PRACTICES,ALL UTILIZATION PRACTICES,PRICE RECEIVED,$ / CWT,"HOGS, SOWS - PRICE RECEIVED, MEASURED IN $ / CWT",TOTAL,NOT SPECIFIED,NATIONAL,,99,US,US TOTAL,,,,,,,,0,,,9000,UNITED STATES,US TOTAL,2003,MONTHLY,7,7,JUL,,2012-01-01 00:00:00.000,33.1,
SURVEY,ANIMALS & PRODUCTS,LIVESTOCK,HOGS,SOWS,ALL PRODUCTION PRACTICES,ALL UTILIZATION PRACTICES,PRICE RECEIVED,$ / CWT,"HOGS, SOWS - PRICE RECEIVED, MEASURED IN $ / CWT",TOTAL,NOT SPECIFIED,NATIONAL,,99,US,US TOTAL,,,,,,,,0,,,9000,UNITED STATES,US TOTAL,2003,MONTHLY,8,8,AUG,,2012-01-01 00:00:00.000,32.6,
SURVEY,ANIMALS & PRODUCTS,LIVESTOCK,HOGS,SOWS,ALL PRODUCTION PRACTICES,ALL UTILIZATION PRACTICES,PRICE RECEIVED,$ / CWT,"HOGS, SOWS - PRICE RECEIVED, MEASURED IN $ / CWT",TOTAL,NOT SPECIFIED,NATIONAL,,99,US,US TOTAL,,,,,,,,0,,,9000,UNITED STATES,US TOTAL,2003,MONTHLY,9,9,SEP,,2012-01-01 00:00:00.000,30.8,
SURVEY,ANIMALS & PRODUCTS,LIVESTOCK,HOGS,SOWS,ALL PRODUCTION PRACTICES,ALL UTILIZATION PRACTICES,PRICE RECEIVED,$ / CWT,"HOGS, SOWS - PRICE RECEIVED, MEASURED IN $ / CWT",TOTAL,NOT SPECIFIED,NATIONAL,,99,US,US TOTAL,,,,,,,,0,,,9000,UNITED STATES,US TOTAL,2003,MONTHLY,10,10,OCT,,2012-01-01 00:00:00.000,31.4,
SURVEY,ANIMALS & PRODUCTS,LIVESTOCK,HOGS,SOWS,ALL PRODUCTION PRACTICES,ALL UTILIZATION PRACTICES,PRICE RECEIVED,$ / CWT,"HOGS, SOWS - PRICE RECEIVED, MEASURED IN $ / CWT",TOTAL,NOT SPECIFIED,NATIONAL,,99,US,US TOTAL,,,,,,,,0,,,9000,UNITED STATES,US TOTAL,2003,MONTHLY,11,11,NOV,,2012-01-01 00:00:00.000,29.1,
SURVEY,ANIMALS & PRODUCTS,LIVESTOCK,HOGS,SOWS,ALL PRODUCTION PRACTICES,ALL UTILIZATION PRACTICES,PRICE RECEIVED,$ / CWT,"HOGS, SOWS - PRICE RECEIVED, MEASURED IN $ / CWT",TOTAL,NOT SPECIFIED,NATIONAL,,99,US,US TOTAL,,,,,,,,0,,,9000,UNITED STATES,US TOTAL,2003,MONTHLY,12,12,DEC,,2012-01-01 00:00:00.000,28.2,
SURVEY,ANIMALS & PRODUCTS,LIVESTOCK,HOGS,SOWS,ALL PRODUCTION PRACTICES,ALL UTILIZATION PRACTICES,PRICE RECEIVED,$ / CWT,"HOGS, SOWS - PRICE RECEIVED, MEASURED IN $ / CWT",TOTAL,NOT SPECIFIED,NATIONAL,,99,US,US TOTAL,,,,,,,,0,,,9000,UNITED STATES,US TOTAL,2002,MONTHLY,1,1,JAN,,2012-01-01 00:00:00.000,26.8,
SURVEY,ANIMALS & PRODUCTS,LIVESTOCK,HOGS,SOWS,ALL PRODUCTION PRACTICES,ALL UTILIZATION PRACTICES,PRICE RECEIVED,$ / CWT,"HOGS, SOWS - PRICE RECEIVED, MEASURED IN $ / CWT",TOTAL,NOT SPECIFIED,NATIONAL,,99,US,US TOTAL,,,,,,,,0,,,9000,UNITED STATES,US TOTAL,2002,MONTHLY,2,2,FEB,,2012-01-01 00:00:00.000,27.7,
SURVEY,ANIMALS & PRODUCTS,LIVESTOCK,HOGS,SOWS,ALL PRODUCTION PRACTICES,ALL UTILIZATION PRACTICES,PRICE RECEIVED,$ / CWT,"HOGS, SOWS - PRICE RECEIVED, MEASURED IN $ / CWT",TOTAL,NOT SPECIFIED,NATIONAL,,99,US,US TOTAL,,,,,,,,0,,,9000,UNITED STATES,US TOTAL,2002,MONTHLY,3,3,MAR,,2012-01-01 00:00:00.000,30.0,
SURVEY,ANIMALS & PRODUCTS,LIVESTOCK,HOGS,SOWS,ALL PRODUCTION PRACTICES,ALL UTILIZATION PRACTICES,PRICE RECEIVED,$ / CWT,"HOGS, SOWS - PRICE RECEIVED, MEASURED IN $ / CWT",TOTAL,NOT SPECIFIED,NATIONAL,,99,US,US TOTAL,,,,,,,,0,,,9000,UNITED STATES,US TOTAL,2002,MONTHLY,4,4,APR,,2012-01-01 00:00:00.000,25.3,
SURVEY,ANIMALS & PRODUCTS,LIVESTOCK,HOGS,SOWS,ALL PRODUCTION PRACTICES,ALL UTILIZATION PRACTICES,PRICE RECEIVED,$ / CWT,"HOGS, SOWS - PRICE RECEIVED, MEASURED IN $ / CWT",TOTAL,NOT SPECIFIED,NATIONAL,,99,US,US TOTAL,,,,,,,,0,,,9000,UNITED STATES,US TOTAL,2002,MONTHLY,5,5,MAY,,2012-01-01 00:00:00.000,23.5,
SURVEY,ANIMALS & PRODUCTS,LIVESTOCK,HOGS,SOWS,ALL PRODUCTION PRACTICES,ALL UTILIZATION PRACTICES,PRICE RECEIVED,$ / CWT,"HOGS, SOWS - PRICE RECEIVED, MEASURED IN $ / CWT",TOTAL,NOT SPECIFIED,NATIONAL,,99,US,US TOTAL,,,,,,,,0,,,9000,UNITED STATES,US TOTAL,2002,MONTHLY,6,6,JUN,,2012-01-01 00:00:00.000,21.0,
SURVEY,ANIMALS & PRODUCTS,LIVESTOCK,HOGS,SOWS,ALL PRODUCTION PRACTICES,ALL UTILIZATION PRACTICES,PRICE RECEIVED,$ / CWT,"HOGS, SOWS - PRICE RECEIVED, MEASURED IN $ / CWT",TOTAL,NOT SPECIFIED,NATIONAL,,99,US,US TOTAL,,,,,,,,0,,,9000,UNITED STATES,US TOTAL,2002,MONTHLY,7,7,JUL,,2012-01-01 00:00:00.000,19.9,
SURVEY,ANIMALS & PRODUCTS,LIVESTOCK,HOGS,SOWS,ALL PRODUCTION PRACTICES,ALL UTILIZATION PRACTICES,PRICE RECEIVED,$ / CWT,"HOGS, SOWS - PRICE RECEIVED, MEASURED IN $ / CWT",TOTAL,NOT SPECIFIED,NATIONAL,,99,US,US TOTAL,,,,,,,,0,,,9000,UNITED STATES,US TOTAL,2002,MONTHLY,8,8,AUG,,2012-01-01 00:00:00.000,19.0,
SURVEY,ANIMALS & PRODUCTS,LIVESTOCK,HOGS,SOWS,ALL PRODUCTION PRACTICES,ALL UTILIZATION PRACTICES,PRICE RECEIVED,$ / CWT,"HOGS, SOWS - PRICE RECEIVED, MEASURED IN $ / CWT",TOTAL,NOT SPECIFIED,NATIONAL,,99,US,US TOTAL,,,,,,,,0,,,9000,UNITED STATES,US TOTAL,2002,MONTHLY,9,9,SEP,,2012-01-01 00:00:00.000,15.1,
SURVEY,ANIMALS & PRODUCTS,LIVESTOCK,HOGS,SOWS,ALL PRODUCTION PRACTICES,ALL UTILIZATION PRACTICES,PRICE RECEIVED,$ / CWT,"HOGS, SOWS - PRICE RECEIVED, MEASURED IN $ / CWT",TOTAL,NOT SPECIFIED,NATIONAL,,99,US,US TOTAL,,,,,,,,0,,,9000,UNITED STATES,US TOTAL,2002,MONTHLY,10,10,OCT,,2012-01-01 00:00:00.000,19.2,
SURVEY,ANIMALS & PRODUCTS,LIVESTOCK,HOGS,SOWS,ALL PRODUCTION PRACTICES,ALL UTILIZATION PRACTICES,PRICE RECEIVED,$ / CWT,"HOGS, SOWS - PRICE RECEIVED, MEASURED IN $ / CWT",TOTAL,NOT SPECIFIED,NATIONAL,,99,US,US TOTAL,,,,,,,,0,,,9000,UNITED STATES,US TOTAL,2002,MONTHLY,11,11,NOV,,2012-01-01 00:00:00.000,20.8,
SURVEY,ANIMALS & PRODUCTS,LIVESTOCK,HOGS,SOWS,ALL PRODUCTION PRACTICES,ALL UTILIZATION PRACTICES,PRICE RECEIVED,$ / CWT,"HOGS, SOWS - PRICE RECEIVED, MEASURED IN $ / CWT",TOTAL,NOT SPECIFIED,NATIONAL,,99,US,US TOTAL,,,,,,,,0,,,9000,UNITED STATES,US TOTAL,2002,MONTHLY,12,12,DEC,,2012-01-01 00:00:00.000,22.3,
SURVEY,ANIMALS & PRODUCTS,LIVESTOCK,HOGS,SOWS,ALL PRODUCTION PRACTICES,ALL UTILIZATION PRACTICES,PRICE RECEIVED,$ / CWT,"HOGS, SOWS - PRICE RECEIVED, MEASURED IN $ / CWT",TOTAL,NOT SPECIFIED,NATIONAL,,99,US,US TOTAL,,,,,,,,0,,,9000,UNITED STATES,US TOTAL,2001,MONTHLY,1,1,JAN,,2012-01-01 00:00:00.000,30.9,
SURVEY,ANIMALS & PRODUCTS,LIVESTOCK,HOGS,SOWS,ALL PRODUCTION PRACTICES,ALL UTILIZATION PRACTICES,PRICE RECEIVED,$ / CWT,"HOGS, SOWS - PRICE RECEIVED, MEASURED IN $ / CWT",TOTAL,NOT SPECIFIED,NATIONAL,,99,US,US TOTAL,,,,,,,,0,,,9000,UNITED STATES,US TOTAL,2001,MONTHLY,2,2,FEB,,2012-01-01 00:00:00.000,30.7,
SURVEY,ANIMALS & PRODUCTS,LIVESTOCK,HOGS,SOWS,ALL PRODUCTION PRACTICES,ALL UTILIZATION PRACTICES,PRICE RECEIVED,$ / CWT,"HOGS, SOWS - PRICE RECEIVED, MEASURED IN $ / CWT",TOTAL,NOT SPECIFIED,NATIONAL,,99,US,US TOTAL,,,,,,,,0,,,9000,UNITED STATES,US TOTAL,2001,MONTHLY,3,3,MAR,,2012-01-01 00:00:00.000,34.7,
SURVEY,ANIMALS & PRODUCTS,LIVESTOCK,HOGS,SOWS,ALL PRODUCTION PRACTICES,ALL UTILIZATION PRACTICES,PRICE RECEIVED,$ / CWT,"HOGS, SOWS - PRICE RECEIVED, MEASURED IN $ / CWT",TOTAL,NOT SPECIFIED,NATIONAL,,99,US,US TOTAL,,,,,,,,0,,,9000,UNITED STATES,US TOTAL,2001,MONTHLY,4,4,APR,,2012-01-01 00:00:00.000,39.5,
SURVEY,ANIMALS & PRODUCTS,LIVESTOCK,HOGS,SOWS,ALL PRODUCTION PRACTICES,ALL UTILIZATION PRACTICES,PRICE RECEIVED,$ / CWT,"HOGS, SOWS - PRICE RECEIVED, MEASURED IN $ / CWT",TOTAL,NOT SPECIFIED,NATIONAL,,99,US,US TOTAL,,,,,,,,0,,,9000,UNITED STATES,US TOTAL,2001,MONTHLY,5,5,MAY,,2012-01-01 00:00:00.000,38.7,
SURVEY,ANIMALS & PRODUCTS,LIVESTOCK,HOGS,SOWS,ALL PRODUCTION PRACTICES,ALL UTILIZATION PRACTICES,PRICE RECEIVED,$ / CWT,"HOGS, SOWS - PRICE RECEIVED, MEASURED IN $ / CWT",TOTAL,NOT SPECIFIED,NATIONAL,,99,US,US TOTAL,,,,,,,,0,,,9000,UNITED STATES,US TOTAL,2001,MONTHLY,6,6,JUN,,2012-01-01 00:00:00.000,40.2,
SURVEY,ANIMALS & PRODUCTS,LIVESTOCK,HOGS,SOWS,ALL PRODUCTION PRACTICES,ALL UTILIZATION PRACTICES,PRICE RECEIVED,$ / CWT,"HOGS, SOWS - PRICE RECEIVED, MEASURED IN $ / CWT",TOTAL,NOT SPECIFIED,NATIONAL,,99,US,US TOTAL,,,,,,,,0,,,9000,UNITED STATES,US TOTAL,2001,MONTHLY,7,7,JUL,,2012-01-01 00:00:00.000,40.8,
SURVEY,ANIMALS & PRODUCTS,LIVESTOCK,HOGS,SOWS,ALL PRODUCTION PRACTICES,ALL UTILIZATION PRACTICES,PRICE RECEIVED,$ / CWT,"HOGS, SOWS - PRICE RECEIVED, MEASURED IN $ / CWT",TOTAL,NOT SPECIFIED,NATIONAL,,99,US,US TOTAL,,,,,,,,0,,,9000,UNITED STATES,US TOTAL,2001,MONTHLY,8,8,AUG,,2012-01-01 00:00:00.000,39.4,
SURVEY,ANIMALS & PRODUCTS,LIVESTOCK,HOGS,SOWS,ALL PRODUCTION PRACTICES,ALL UTILIZATION PRACTICES,PRICE RECEIVED,$ / CWT,"HOGS, SOWS - PRICE RECEIVED, MEASURED IN $ / CWT",TOTAL,NOT SPECIFIED,NATIONAL,,99,US,US TOTAL,,,,,,,,0,,,9000,UNITED STATES,US TOTAL,2001,MONTHLY,9,9,SEP,,2012-01-01 00:00:00.000,34.8,
SURVEY,ANIMALS & PRODUCTS,LIVESTOCK,HOGS,SOWS,ALL PRODUCTION PRACTICES,ALL UTILIZATION PRACTICES,PRICE RECEIVED,$ / CWT,"HOGS, SOWS - PRICE RECEIVED, MEASURED IN $ / CWT",TOTAL,NOT SPECIFIED,NATIONAL,,99,US,US TOTAL,,,,,,,,0,,,9000,UNITED STATES,US TOTAL,2001,MONTHLY,10,10,OCT,,2012-01-01 00:00:00.000,33.1,
SURVEY,ANIMALS & PRODUCTS,LIVESTOCK,HOGS,SOWS,ALL PRODUCTION PRACTICES,ALL UTILIZATION PRACTICES,PRICE RECEIVED,$ / CWT,"HOGS, SOWS - PRICE RECEIVED, MEASURED IN $ / CWT",TOTAL,NOT SPECIFIED,NATIONAL,,99,US,US TOTAL,,,,,,,,0,,,9000,UNITED STATES,US TOTAL,2001,MONTHLY,11,11,NOV,,2012-01-01 00:00:00.000,28.2,
SURVEY,ANIMALS & PRODUCTS,LIVESTOCK,HOGS,SOWS,ALL PRODUCTION PRACTICES,ALL UTILIZATION PRACTICES,PRICE RECEIVED,$ / CWT,"HOGS, SOWS - PRICE RECEIVED, MEASURED IN $ / CWT",TOTAL,NOT SPECIFIED,NATIONAL,,99,US,US TOTAL,,,,,,,,0,,,9000,UNITED STATES,US TOTAL,2001,MONTHLY,12,12,DEC,,2012-01-01 00:00:00.000,25.0,
SURVEY,ANIMALS & PRODUCTS,LIVESTOCK,HOGS,SOWS,ALL PRODUCTION PRACTICES,ALL UTILIZATION PRACTICES,PRICE RECEIVED,$ / CWT,"HOGS, SOWS - PRICE RECEIVED, MEASURED IN $ / CWT",TOTAL,NOT SPECIFIED,NATIONAL,,99,US,US TOTAL,,,,,,,,0,,,9000,UNITED STATES,US TOTAL,2000,MONTHLY,1,1,JAN,,2012-01-01 00:00:00.000,32.9,
SURVEY,ANIMALS & PRODUCTS,LIVESTOCK,HOGS,SOWS,ALL PRODUCTION PRACTICES,ALL UTILIZATION PRACTICES,PRICE RECEIVED,$ / CWT,"HOGS, SOWS - PRICE RECEIVED, MEASURED IN $ / CWT",TOTAL,NOT SPECIFIED,NATIONAL,,99,US,US TOTAL,,,,,,,,0,,,9000,UNITED STATES,US TOTAL,2000,MONTHLY,2,2,FEB,,2012-01-01 00:00:00.000,36.0,
SURVEY,ANIMALS & PRODUCTS,LIVESTOCK,HOGS,SOWS,ALL PRODUCTION PRACTICES,ALL UTILIZATION PRACTICES,PRICE RECEIVED,$ / CWT,"HOGS, SOWS - PRICE RECEIVED, MEASURED IN $ / CWT",TOTAL,NOT SPECIFIED,NATIONAL,,99,US,US TOTAL,,,,,,,,0,,,9000,UNITED STATES,US TOTAL,2000,MONTHLY,3,3,MAR,,2012-01-01 00:00:00.000,34.3,
SURVEY,ANIMALS & PRODUCTS,LIVESTOCK,HOGS,SOWS,ALL PRODUCTION PRACTICES,ALL UTILIZATION PRACTICES,PRICE RECEIVED,$ / CWT,"HOGS, SOWS - PRICE RECEIVED, MEASURED IN $ / CWT",TOTAL,NOT SPECIFIED,NATIONAL,,99,US,US TOTAL,,,,,,,,0,,,9000,UNITED STATES,US TOTAL,2000,MONTHLY,4,4,APR,,2012-01-01 00:00:00.000,37.9,
SURVEY,ANIMALS & PRODUCTS,LIVESTOCK,HOGS,SOWS,ALL PRODUCTION PRACTICES,ALL UTILIZATION PRACTICES,PRICE RECEIVED,$ / CWT,"HOGS, SOWS - PRICE RECEIVED, MEASURED IN $ / CWT",TOTAL,NOT SPECIFIED,NATIONAL,,99,US,US TOTAL,,,,,,,,0,,,9000,UNITED STATES,US TOTAL,2000,MONTHLY,5,5,MAY,,2012-01-01 00:00:00.000,39.8,
SURVEY,ANIMALS & PRODUCTS,LIVESTOCK,HOGS,SOWS,ALL PRODUCTION PRACTICES,ALL UTILIZATION PRACTICES,PRICE RECEIVED,$ / CWT,"HOGS, SOWS - PRICE RECEIVED, MEASURED IN $ / CWT",TOTAL,NOT SPECIFIED,NATIONAL,,99,US,US TOTAL,,,,,,,,0,,,9000,UNITED STATES,US TOTAL,2000,MONTHLY,6,6,JUN,,2012-01-01 00:00:00.000,35.3,
SURVEY,ANIMALS & PRODUCTS,LIVESTOCK,HOGS,SOWS,ALL PRODUCTION PRACTICES,ALL UTILIZATION PRACTICES,PRICE RECEIVED,$ / CWT,"HOGS, SOWS - PRICE RECEIVED, MEASURED IN $ / CWT",TOTAL,NOT SPECIFIED,NATIONAL,,99,US,US TOTAL,,,,,,,,0,,,9000,UNITED STATES,US TOTAL,2000,MONTHLY,7,7,JUL,,2012-01-01 00:00:00.000,34.8,
SURVEY,ANIMALS & PRODUCTS,LIVESTOCK,HOGS,SOWS,ALL PRODUCTION PRACTICES,ALL UTILIZATION PRACTICES,PRICE RECEIVED,$ / CWT,"HOGS, SOWS - PRICE RECEIVED, MEASURED IN $ / CWT",TOTAL,NOT SPECIFIED,NATIONAL,,99,US,US TOTAL,,,,,,,,0,,,9000,UNITED STATES,US TOTAL,2000,MONTHLY,8,8,AUG,,2012-01-01 00:00:00.000,34.3,
SURVEY,ANIMALS & PRODUCTS,LIVESTOCK,HOGS,SOWS,ALL PRODUCTION PRACTICES,ALL UTILIZATION PRACTICES,PRICE RECEIVED,$ / CWT,"HOGS, SOWS - PRICE RECEIVED, MEASURED IN $ / CWT",TOTAL,NOT SPECIFIED,NATIONAL,,99,US,US TOTAL,,,,,,,,0,,,9000,UNITED STATES,US TOTAL,2000,MONTHLY,9,9,SEP,,2012-01-01 00:00:00.000,34.2,
SURVEY,ANIMALS & PRODUCTS,LIVESTOCK,HOGS,SOWS,ALL PRODUCTION PRACTICES,ALL UTILIZATION PRACTICES,PRICE RECEIVED,$ / CWT,"HOGS, SOWS - PRICE RECEIVED, MEASURED IN $ / CWT",TOTAL,NOT SPECIFIED,NATIONAL,,99,US,US TOTAL,,,,,,,,0,,,9000,UNITED STATES,US TOTAL,2000,MONTHLY,10,10,OCT,,2012-01-01 00:00:00.000,33.0,
SURVEY,ANIMALS & PRODUCTS,LIVESTOCK,HOGS,SOWS,ALL PRODUCTION PRACTICES,ALL UTILIZATION PRACTICES,PRICE RECEIVED,$ / CWT,"HOGS, SOWS - PRICE RECEIVED, MEASURED IN $ / CWT",TOTAL,NOT SPECIFIED,NATIONAL,,99,US,US TOTAL,,,,,,,,0,,,9000,UNITED STATES,US TOTAL,2000,MONTHLY,11,11,NOV,,2012-01-01 00:00:00.000,28.4,
SURVEY,ANIMALS & PRODUCTS,LIVESTOCK,HOGS,SOWS,ALL PRODUCTION PRACTICES,ALL UTILIZATION PRACTICES,PRICE RECEIVED,$ / CWT,"HOGS, SOWS - PRICE RECEIVED, MEASURED IN $ / CWT",TOTAL,NOT SPECIFIED,NATIONAL,,99,US,US TOTAL,,,,,,,,0,,,9000,UNITED STATES,US TOTAL,2000,MONTHLY,12,12,DEC,,2012-01-01 00:00:00.000,30.6,
SURVEY,ANIMALS & PRODUCTS,LIVESTOCK,HOGS,SOWS,ALL PRODUCTION PRACTICES,ALL UTILIZATION PRACTICES,PRICE RECEIVED,$ / CWT,"HOGS, SOWS - PRICE RECEIVED, MEASURED IN $ / CWT",TOTAL,NOT SPECIFIED,NATIONAL,,99,US,US TOTAL,,,,,,,,0,,,9000,UNITED STATES,US TOTAL,1999,MONTHLY,1,1,JAN,,2012-01-01 00:00:00.000,18.2,
SURVEY,ANIMALS & PRODUCTS,LIVESTOCK,HOGS,SOWS,ALL PRODUCTION PRACTICES,ALL UTILIZATION PRACTICES,PRICE RECEIVED,$ / CWT,"HOGS, SOWS - PRICE RECEIVED, MEASURED IN $ / CWT",TOTAL,NOT SPECIFIED,NATIONAL,,99,US,US TOTAL,,,,,,,,0,,,9000,UNITED STATES,US TOTAL,1999,MONTHLY,2,2,FEB,,2012-01-01 00:00:00.000,18.8,
SURVEY,ANIMALS & PRODUCTS,LIVESTOCK,HOGS,SOWS,ALL PRODUCTION PRACTICES,ALL UTILIZATION PRACTICES,PRICE RECEIVED,$ / CWT,"HOGS, SOWS - PRICE RECEIVED, MEASURED IN $ / CWT",TOTAL,NOT SPECIFIED,NATIONAL,,99,US,US TOTAL,,,,,,,,0,,,9000,UNITED STATES,US TOTAL,1999,MONTHLY,3,3,MAR,,2012-01-01 00:00:00.000,21.0,
SURVEY,ANIMALS & PRODUCTS,LIVESTOCK,HOGS,SOWS,ALL PRODUCTION PRACTICES,ALL UTILIZATION PRACTICES,PRICE RECEIVED,$ / CWT,"HOGS, SOWS - PRICE RECEIVED, MEASURED IN $ / CWT",TOTAL,NOT SPECIFIED,NATIONAL,,99,US,US TOTAL,,,,,,,,0,,,9000,UNITED STATES,US TOTAL,1999,MONTHLY,4,4,APR,,2012-01-01 00:00:00.000,22.6,
SURVEY,ANIMALS & PRODUCTS,LIVESTOCK,HOGS,SOWS,ALL PRODUCTION PRACTICES,ALL UTILIZATION PRACTICES,PRICE RECEIVED,$ / CWT,"HOGS, SOWS - PRICE RECEIVED, MEASURED IN $ / CWT",TOTAL,NOT SPECIFIED,NATIONAL,,99,US,US TOTAL,,,,,,,,0,,,9000,UNITED STATES,US TOTAL,1999,MONTHLY,5,5,MAY,,2012-01-01 00:00:00.000,28.0,
SURVEY,ANIMALS & PRODUCTS,LIVESTOCK,HOGS,SOWS,ALL PRODUCTION PRACTICES,ALL UTILIZATION PRACTICES,PRICE RECEIVED,$ / CWT,"HOGS, SOWS - PRICE RECEIVED, MEASURED IN $ / CWT",TOTAL,NOT SPECIFIED,NATIONAL,,99,US,US TOTAL,,,,,,,,0,,,9000,UNITED STATES,US TOTAL,1999,MONTHLY,6,6,JUN,,2012-01-01 00:00:00.000,28.0,
SURVEY,ANIMALS & PRODUCTS,LIVESTOCK,HOGS,SOWS,ALL PRODUCTION PRACTICES,ALL UTILIZATION PRACTICES,PRICE RECEIVED,$ / CWT,"HOGS, SOWS - PRICE RECEIVED, MEASURED IN $ / CWT",TOTAL,NOT SPECIFIED,NATIONAL,,99,US,US TOTAL,,,,,,,,0,,,9000,UNITED STATES,US TOTAL,1999,MONTHLY,7,7,JUL,,2012-01-01 00:00:00.000,20.5,
SURVEY,ANIMALS & PRODUCTS,LIVESTOCK,HOGS,SOWS,ALL PRODUCTION PRACTICES,ALL UTILIZATION PRACTICES,PRICE RECEIVED,$ / CWT,"HOGS, SOWS - PRICE RECEIVED, MEASURED IN $ / CWT",TOTAL,NOT SPECIFIED,NATIONAL,,99,US,US TOTAL,,,,,,,,0,,,9000,UNITED STATES,US TOTAL,1999,MONTHLY,8,8,AUG,,2012-01-01 00:00:00.000,23.0,
SURVEY,ANIMALS & PRODUCTS,LIVESTOCK,HOGS,SOWS,ALL PRODUCTION PRACTICES,ALL UTILIZATION PRACTICES,PRICE RECEIVED,$ / CWT,"HOGS, SOWS - PRICE RECEIVED, MEASURED IN $ / CWT",TOTAL,NOT SPECIFIED,NATIONAL,,99,US,US TOTAL,,,,,,,,0,,,9000,UNITED STATES,US TOTAL,1999,MONTHLY,9,9,SEP,,2012-01-01 00:00:00.000,22.8,
SURVEY,ANIMALS & PRODUCTS,LIVESTOCK,HOGS,SOWS,ALL PRODUCTION PRACTICES,ALL UTILIZATION PRACTICES,PRICE RECEIVED,$ / CWT,"HOGS, SOWS - PRICE RECEIVED, MEASURED IN $ / CWT",TOTAL,NOT SPECIFIED,NATIONAL,,99,US,US TOTAL,,,,,,,,0,,,9000,UNITED STATES,US TOTAL,1999,MONTHLY,10,10,OCT,,2012-01-01 00:00:00.000,25.2,
SURVEY,ANIMALS & PRODUCTS,LIVESTOCK,HOGS,SOWS,ALL PRODUCTION PRACTICES,ALL UTILIZATION PRACTICES,PRICE RECEIVED,$ / CWT,"HOGS, SOWS - PRICE RECEIVED, MEASURED IN $ / CWT",TOTAL,NOT SPECIFIED,NATIONAL,,99,US,US TOTAL,,,,,,,,0,,,9000,UNITED STATES,US TOTAL,1999,MONTHLY,11,11,NOV,,2012-01-01 00:00:00.000,24.1,
SURVEY,ANIMALS & PRODUCTS,LIVESTOCK,HOGS,SOWS,ALL PRODUCTION PRACTICES,ALL UTILIZATION PRACTICES,PRICE RECEIVED,$ / CWT,"HOGS, SOWS - PRICE RECEIVED, MEASURED IN $ / CWT",TOTAL,NOT SPECIFIED,NATIONAL,,99,US,US TOTAL,,,,,,,,0,,,9000,UNITED STATES,US TOTAL,1999,MONTHLY,12,12,DEC,,2012-01-01 00:00:00.000,27.2,
SURVEY,ANIMALS & PRODUCTS,LIVESTOCK,HOGS,SOWS,ALL PRODUCTION PRACTICES,ALL UTILIZATION PRACTICES,PRICE RECEIVED,$ / CWT,"HOGS, SOWS - PRICE RECEIVED, MEASURED IN $ / CWT",TOTAL,NOT SPECIFIED,NATIONAL,,99,US,US TOTAL,,,,,,,,0,,,9000,UNITED STATES,US TOTAL,1998,MONTHLY,1,1,JAN,,2012-01-01 00:00:00.000,26.5,
SURVEY,ANIMALS & PRODUCTS,LIVESTOCK,HOGS,SOWS,ALL PRODUCTION PRACTICES,ALL UTILIZATION PRACTICES,PRICE RECEIVED,$ / CWT,"HOGS, SOWS - PRICE RECEIVED, MEASURED IN $ / CWT",TOTAL,NOT SPECIFIED,NATIONAL,,99,US,US TOTAL,,,,,,,,0,,,9000,UNITED STATES,US TOTAL,1998,MONTHLY,2,2,FEB,,2012-01-01 00:00:00.000,26.6,
SURVEY,ANIMALS & PRODUCTS,LIVESTOCK,HOGS,SOWS,ALL PRODUCTION PRACTICES,ALL UTILIZATION PRACTICES,PRICE RECEIVED,$ / CWT,"HOGS, SOWS - PRICE RECEIVED, MEASURED IN $ / CWT",TOTAL,NOT SPECIFIED,NATIONAL,,99,US,US TOTAL,,,,,,,,0,,,9000,UNITED STATES,US TOTAL,1998,MONTHLY,3,3,MAR,,2012-01-01 00:00:00.000,26.7,
SURVEY,ANIMALS & PRODUCTS,LIVESTOCK,HOGS,SOWS,ALL PRODUCTION PRACTICES,ALL UTILIZATION PRACTICES,PRICE RECEIVED,$ / CWT,"HOGS, SOWS - PRICE RECEIVED, MEASURED IN $ / CWT",TOTAL,NOT SPECIFIED,NATIONAL,,99,US,US TOTAL,,,,,,,,0,,,9000,UNITED STATES,US TOTAL,1998,MONTHLY,4,4,APR,,2012-01-01 00:00:00.000,26.7,
SURVEY,ANIMALS & PRODUCTS,LIVESTOCK,HOGS,SOWS,ALL PRODUCTION PRACTICES,ALL UTILIZATION PRACTICES,PRICE RECEIVED,$ / CWT,"HOGS, SOWS - PRICE RECEIVED, MEASURED IN $ / CWT",TOTAL,NOT SPECIFIED,NATIONAL,,99,US,US TOTAL,,,,,,,,0,,,9000,UNITED STATES,US TOTAL,1998,MONTHLY,5,5,MAY,,2012-01-01 00:00:00.000,28.6,
SURVEY,ANIMALS & PRODUCTS,LIVESTOCK,HOGS,SOWS,ALL PRODUCTION PRACTICES,ALL UTILIZATION PRACTICES,PRICE RECEIVED,$ / CWT,"HOGS, SOWS - PRICE RECEIVED, MEASURED IN $ / CWT",TOTAL,NOT SPECIFIED,NATIONAL,,99,US,US TOTAL,,,,,,,,0,,,9000,UNITED STATES,US TOTAL,1998,MONTHLY,6,6,JUN,,2012-01-01 00:00:00.000,28.8,
SURVEY,ANIMALS & PRODUCTS,LIVESTOCK,HOGS,SOWS,ALL PRODUCTION PRACTICES,ALL UTILIZATION PRACTICES,PRICE RECEIVED,$ / CWT,"HOGS, SOWS - PRICE RECEIVED, MEASURED IN $ / CWT",TOTAL,NOT SPECIFIED,NATIONAL,,99,US,US TOTAL,,,,,,,,0,,,9000,UNITED STATES,US TOTAL,1998,MONTHLY,7,7,JUL,,2012-01-01 00:00:00.000,26.0,
SURVEY,ANIMALS & PRODUCTS,LIVESTOCK,HOGS,SOWS,ALL PRODUCTION PRACTICES,ALL UTILIZATION PRACTICES,PRICE RECEIVED,$ / CWT,"HOGS, SOWS - PRICE RECEIVED, MEASURED IN $ / CWT",TOTAL,NOT SPECIFIED,NATIONAL,,99,US,US TOTAL,,,,,,,,0,,,9000,UNITED STATES,US TOTAL,1998,MONTHLY,8,8,AUG,,2012-01-01 00:00:00.000,21.8,
SURVEY,ANIMALS & PRODUCTS,LIVESTOCK,HOGS,SOWS,ALL PRODUCTION PRACTICES,ALL UTILIZATION PRACTICES,PRICE RECEIVED,$ / CWT,"HOGS, SOWS - PRICE RECEIVED, MEASURED IN $ / CWT",TOTAL,NOT SPECIFIED,NATIONAL,,99,US,US TOTAL,,,,,,,,0,,,9000,UNITED STATES,US TOTAL,1998,MONTHLY,9,9,SEP,,2012-01-01 00:00:00.000,18.2,
SURVEY,ANIMALS & PRODUCTS,LIVESTOCK,HOGS,SOWS,ALL PRODUCTION PRACTICES,ALL UTILIZATION PRACTICES,PRICE RECEIVED,$ / CWT,"HOGS, SOWS - PRICE RECEIVED, MEASURED IN $ / CWT",TOTAL,NOT SPECIFIED,NATIONAL,,99,US,US TOTAL,,,,,,,,0,,,9000,UNITED STATES,US TOTAL,1998,MONTHLY,10,10,OCT,,2012-01-01 00:00:00.000,18.8,
SURVEY,ANIMALS & PRODUCTS,LIVESTOCK,HOGS,SOWS,ALL PRODUCTION PRACTICES,ALL UTILIZATION PRACTICES,PRICE RECEIVED,$ / CWT,"HOGS, SOWS - PRICE RECEIVED, MEASURED IN $ / CWT",TOTAL,NOT SPECIFIED,NATIONAL,,99,US,US TOTAL,,,,,,,,0,,,9000,UNITED STATES,US TOTAL,1998,MONTHLY,11,11,NOV,,2012-01-01 00:00:00.000,15.4,
SURVEY,ANIMALS & PRODUCTS,LIVESTOCK,HOGS,SOWS,ALL PRODUCTION PRACTICES,ALL UTILIZATION PRACTICES,PRICE RECEIVED,$ / CWT,"HOGS, SOWS - PRICE RECEIVED, MEASURED IN $ / CWT",TOTAL,NOT SPECIFIED,NATIONAL,,99,US,US TOTAL,,,,,,,,0,,,9000,UNITED STATES,US TOTAL,1998,MONTHLY,12,12,DEC,,2012-01-01 00:00:00.000,11.7,
SURVEY,ANIMALS & PRODUCTS,LIVESTOCK,HOGS,SOWS,ALL PRODUCTION PRACTICES,ALL UTILIZATION PRACTICES,PRICE RECEIVED,$ / CWT,"HOGS, SOWS - PRICE RECEIVED, MEASURED IN $ / CWT",TOTAL,NOT SPECIFIED,NATIONAL,,99,US,US TOTAL,,,,,,,,0,,,9000,UNITED STATES,US TOTAL,1997,MONTHLY,1,1,JAN,,2012-01-01 00:00:00.000,46.6,
SURVEY,ANIMALS & PRODUCTS,LIVESTOCK,HOGS,SOWS,ALL PRODUCTION PRACTICES,ALL UTILIZATION PRACTICES,PRICE RECEIVED,$ / CWT,"HOGS, SOWS - PRICE RECEIVED, MEASURED IN $ / CWT",TOTAL,NOT SPECIFIED,NATIONAL,,99,US,US TOTAL,,,,,,,,0,,,9000,UNITED STATES,US TOTAL,1997,MONTHLY,2,2,FEB,,2012-01-01 00:00:00.000,47.2,
SURVEY,ANIMALS & PRODUCTS,LIVESTOCK,HOGS,SOWS,ALL PRODUCTION PRACTICES,ALL UTILIZATION PRACTICES,PRICE RECEIVED,$ / CWT,"HOGS, SOWS - PRICE RECEIVED, MEASURED IN $ / CWT",TOTAL,NOT SPECIFIED,NATIONAL,,99,US,US TOTAL,,,,,,,,0,,,9000,UNITED STATES,US TOTAL,1997,MONTHLY,3,3,MAR,,2012-01-01 00:00:00.000,45.2,
SURVEY,ANIMALS & PRODUCTS,LIVESTOCK,HOGS,SOWS,ALL PRODUCTION PRACTICES,ALL UTILIZATION PRACTICES,PRICE RECEIVED,$ / CWT,"HOGS, SOWS - PRICE RECEIVED, MEASURED IN $ / CWT",TOTAL,NOT SPECIFIED,NATIONAL,,99,US,US TOTAL,,,,,,,,0,,,9000,UNITED STATES,US TOTAL,1997,MONTHLY,4,4,APR,,2012-01-01 00:00:00.000,44.8,
SURVEY,ANIMALS & PRODUCTS,LIVESTOCK,HOGS,SOWS,ALL PRODUCTION PRACTICES,ALL UTILIZATION PRACTICES,PRICE RECEIVED,$ / CWT,"HOGS, SOWS - PRICE RECEIVED, MEASURED IN $ / CWT",TOTAL,NOT SPECIFIED,NATIONAL,,99,US,US TOTAL,,,,,,,,0,,,9000,UNITED STATES,US TOTAL,1997,MONTHLY,5,5,MAY,,2012-01-01 00:00:00.000,48.4,
SURVEY,ANIMALS & PRODUCTS,LIVESTOCK,HOGS,SOWS,ALL PRODUCTION PRACTICES,ALL UTILIZATION PRACTICES,PRICE RECEIVED,$ / CWT,"HOGS, SOWS - PRICE RECEIVED, MEASURED IN $ / CWT",TOTAL,NOT SPECIFIED,NATIONAL,,99,US,US TOTAL,,,,,,,,0,,,9000,UNITED STATES,US TOTAL,1997,MONTHLY,6,6,JUN,,2012-01-01 00:00:00.000,46.2,
SURVEY,ANIMALS & PRODUCTS,LIVESTOCK,HOGS,SOWS,ALL PRODUCTION PRACTICES,ALL UTILIZATION PRACTICES,PRICE RECEIVED,$ / CWT,"HOGS, SOWS - PRICE RECEIVED, MEASURED IN $ / CWT",TOTAL,NOT SPECIFIED,NATIONAL,,99,US,US TOTAL,,,,,,,,0,,,9000,UNITED STATES,US TOTAL,1997,MONTHLY,7,7,JUL,,2012-01-01 00:00:00.000,45.9,
SURVEY,ANIMALS & PRODUCTS,LIVESTOCK,HOGS,SOWS,ALL PRODUCTION PRACTICES,ALL UTILIZATION PRACTICES,PRICE RECEIVED,$ / CWT,"HOGS, SOWS - PRICE RECEIVED, MEASURED IN $ / CWT",TOTAL,NOT SPECIFIED,NATIONAL,,99,US,US TOTAL,,,,,,,,0,,,9000,UNITED STATES,US TOTAL,1997,MONTHLY,8,8,AUG,,2012-01-01 00:00:00.000,44.4,
SURVEY,ANIMALS & PRODUCTS,LIVESTOCK,HOGS,SOWS,ALL PRODUCTION PRACTICES,ALL UTILIZATION PRACTICES,PRICE RECEIVED,$ / CWT,"HOGS, SOWS - PRICE RECEIVED, MEASURED IN $ / CWT",TOTAL,NOT SPECIFIED,NATIONAL,,99,US,US TOTAL,,,,,,,,0,,,9000,UNITED STATES,US TOTAL,1997,MONTHLY,9,9,SEP,,2012-01-01 00:00:00.000,40.3,
SURVEY,ANIMALS & PRODUCTS,LIVESTOCK,HOGS,SOWS,ALL PRODUCTION PRACTICES,ALL UTILIZATION PRACTICES,PRICE RECEIVED,$ / CWT,"HOGS, SOWS - PRICE RECEIVED, MEASURED IN $ / CWT",TOTAL,NOT SPECIFIED,NATIONAL,,99,US,US TOTAL,,,,,,,,0,,,9000,UNITED STATES,US TOTAL,1997,MONTHLY,10,10,OCT,,2012-01-01 00:00:00.000,38.2,
SURVEY,ANIMALS & PRODUCTS,LIVESTOCK,HOGS,SOWS,ALL PRODUCTION PRACTICES,ALL UTILIZATION PRACTICES,PRICE RECEIVED,$ / CWT,"HOGS, SOWS - PRICE RECEIVED, MEASURED IN $ / CWT",TOTAL,NOT SPECIFIED,NATIONAL,,99,US,US TOTAL,,,,,,,,0,,,9000,UNITED STATES,US TOTAL,1997,MONTHLY,11,11,NOV,,2012-01-01 00:00:00.000,35.1,
SURVEY,ANIMALS & PRODUCTS,LIVESTOCK,HOGS,SOWS,ALL PRODUCTION PRACTICES,ALL UTILIZATION PRACTICES,PRICE RECEIVED,$ / CWT,"HOGS, SOWS - PRICE RECEIVED, MEASURED IN $ / CWT",TOTAL,NOT SPECIFIED,NATIONAL,,99,US,US TOTAL,,,,,,,,0,,,9000,UNITED STATES,US TOTAL,1997,MONTHLY,12,12,DEC,,2012-01-01 00:00:00.000,33.2,
SURVEY,ANIMALS & PRODUCTS,LIVESTOCK,HOGS,SOWS,ALL PRODUCTION PRACTICES,ALL UTILIZATION PRACTICES,PRICE RECEIVED,$ / CWT,"HOGS, SOWS - PRICE RECEIVED, MEASURED IN $ / CWT",TOTAL,NOT SPECIFIED,NATIONAL,,99,US,US TOTAL,,,,,,,,0,,,9000,UNITED STATES,US TOTAL,1996,MONTHLY,1,1,JAN,,2012-01-01 00:00:00.000,31.6,
SURVEY,ANIMALS & PRODUCTS,LIVESTOCK,HOGS,SOWS,ALL PRODUCTION PRACTICES,ALL UTILIZATION PRACTICES,PRICE RECEIVED,$ / CWT,"HOGS, SOWS - PRICE RECEIVED, MEASURED IN $ / CWT",TOTAL,NOT SPECIFIED,NATIONAL,,99,US,US TOTAL,,,,,,,,0,,,9000,UNITED STATES,US TOTAL,1996,MONTHLY,2,2,FEB,,2012-01-01 00:00:00.000,33.0,
SURVEY,ANIMALS & PRODUCTS,LIVESTOCK,HOGS,SOWS,ALL PRODUCTION PRACTICES,ALL UTILIZATION PRACTICES,PRICE RECEIVED,$ / CWT,"HOGS, SOWS - PRICE RECEIVED, MEASURED IN $ / CWT",TOTAL,NOT SPECIFIED,NATIONAL,,99,US,US TOTAL,,,,,,,,0,,,9000,UNITED STATES,US TOTAL,1996,MONTHLY,3,3,MAR,,2012-01-01 00:00:00.000,35.2,
SURVEY,ANIMALS & PRODUCTS,LIVESTOCK,HOGS,SOWS,ALL PRODUCTION PRACTICES,ALL UTILIZATION PRACTICES,PRICE RECEIVED,$ / CWT,"HOGS, SOWS - PRICE RECEIVED, MEASURED IN $ / CWT",TOTAL,NOT SPECIFIED,NATIONAL,,99,US,US TOTAL,,,,,,,,0,,,9000,UNITED STATES,US TOTAL,1996,MONTHLY,4,4,APR,,2012-01-01 00:00:00.000,36.1,
SURVEY,ANIMALS & PRODUCTS,LIVESTOCK,HOGS,SOWS,ALL PRODUCTION PRACTICES,ALL UTILIZATION PRACTICES,PRICE RECEIVED,$ / CWT,"HOGS, SOWS - PRICE RECEIVED, MEASURED IN $ / CWT",TOTAL,NOT SPECIFIED,NATIONAL,,99,US,US TOTAL,,,,,,,,0,,,9000,UNITED STATES,US TOTAL,1996,MONTHLY,5,5,MAY,,2012-01-01 00:00:00.000,41.4,
SURVEY,ANIMALS & PRODUCTS,LIVESTOCK,HOGS,SOWS,ALL PRODUCTION PRACTICES,ALL UTILIZATION PRACTICES,PRICE RECEIVED,$ / CWT,"HOGS, SOWS - PRICE RECEIVED, MEASURED IN $ / CWT",TOTAL,NOT SPECIFIED,NATIONAL,,99,US,US TOTAL,,,,,,,,0,,,9000,UNITED STATES,US TOTAL,1996,MONTHLY,6,6,JUN,,2012-01-01 00:00:00.000,44.9,
SURVEY,ANIMALS & PRODUCTS,LIVESTOCK,HOGS,SOWS,ALL PRODUCTION PRACTICES,ALL UTILIZATION PRACTICES,PRICE RECEIVED,$ / CWT,"HOGS, SOWS - PRICE RECEIVED, MEASURED IN $ / CWT",TOTAL,NOT SPECIFIED,NATIONAL,,99,US,US TOTAL,,,,,,,,0,,,9000,UNITED STATES,US TOTAL,1996,MONTHLY,7,7,JUL,,2012-01-01 00:00:00.000,46.7,
SURVEY,ANIMALS & PRODUCTS,LIVESTOCK,HOGS,SOWS,ALL PRODUCTION PRACTICES,ALL UTILIZATION PRACTICES,PRICE RECEIVED,$ / CWT,"HOGS, SOWS - PRICE RECEIVED, MEASURED IN $ / CWT",TOTAL,NOT SPECIFIED,NATIONAL,,99,US,US TOTAL,,,,,,,,0,,,9000,UNITED STATES,US TOTAL,1996,MONTHLY,8,8,AUG,,2012-01-01 00:00:00.000,48.9,
SURVEY,ANIMALS & PRODUCTS,LIVESTOCK,HOGS,SOWS,ALL PRODUCTION PRACTICES,ALL UTILIZATION PRACTICES,PRICE RECEIVED,$ / CWT,"HOGS, SOWS - PRICE RECEIVED, MEASURED IN $ / CWT",TOTAL,NOT SPECIFIED,NATIONAL,,99,US,US TOTAL,,,,,,,,0,,,9000,UNITED STATES,US TOTAL,1996,MONTHLY,9,9,SEP,,2012-01-01 00:00:00.000,47.0,
SURVEY,ANIMALS & PRODUCTS,LIVESTOCK,HOGS,SOWS,ALL PRODUCTION PRACTICES,ALL UTILIZATION PRACTICES,PRICE RECEIVED,$ / CWT,"HOGS, SOWS - PRICE RECEIVED, MEASURED IN $ / CWT",TOTAL,NOT SPECIFIED,NATIONAL,,99,US,US TOTAL,,,,,,,,0,,,9000,UNITED STATES,US TOTAL,1996,MONTHLY,10,10,OCT,,2012-01-01 00:00:00.000,49.1,
SURVEY,ANIMALS & PRODUCTS,LIVESTOCK,HOGS,SOWS,ALL PRODUCTION PRACTICES,ALL UTILIZATION PRACTICES,PRICE RECEIVED,$ / CWT,"HOGS, SOWS - PRICE RECEIVED, MEASURED IN $ / CWT",TOTAL,NOT SPECIFIED,NATIONAL,,99,US,US TOTAL,,,,,,,,0,,,9000,UNITED STATES,US TOTAL,1996,MONTHLY,11,11,NOV,,2012-01-01 00:00:00.000,50.0,
SURVEY,ANIMALS & PRODUCTS,LIVESTOCK,HOGS,SOWS,ALL PRODUCTION PRACTICES,ALL UTILIZATION PRACTICES,PRICE RECEIVED,$ / CWT,"HOGS, SOWS - PRICE RECEIVED, MEASURED IN $ / CWT",TOTAL,NOT SPECIFIED,NATIONAL,,99,US,US TOTAL,,,,,,,,0,,,9000,UNITED STATES,US TOTAL,1996,MONTHLY,12,12,DEC,,2012-01-01 00:00:00.000,48.4,
SURVEY,ANIMALS & PRODUCTS,LIVESTOCK,HOGS,SOWS,ALL PRODUCTION PRACTICES,ALL UTILIZATION PRACTICES,PRICE RECEIVED,$ / CWT,"HOGS, SOWS - PRICE RECEIVED, MEASURED IN $ / CWT",TOTAL,NOT SPECIFIED,NATIONAL,,99,US,US TOTAL,,,,,,,,0,,,9000,UNITED STATES,US TOTAL,1995,MONTHLY,1,1,JAN,,2012-01-01 00:00:00.000,24.8,
SURVEY,ANIMALS & PRODUCTS,LIVESTOCK,HOGS,SOWS,ALL PRODUCTION PRACTICES,ALL UTILIZATION PRACTICES,PRICE RECEIVED,$ / CWT,"HOGS, SOWS - PRICE RECEIVED, MEASURED IN $ / CWT",TOTAL,NOT SPECIFIED,NATIONAL,,99,US,US TOTAL,,,,,,,,0,,,9000,UNITED STATES,US TOTAL,1995,MONTHLY,2,2,FEB,,2012-01-01 00:00:00.000,29.1,
SURVEY,ANIMALS & PRODUCTS,LIVESTOCK,HOGS,SOWS,ALL PRODUCTION PRACTICES,ALL UTILIZATION PRACTICES,PRICE RECEIVED,$ / CWT,"HOGS, SOWS - PRICE RECEIVED, MEASURED IN $ / CWT",TOTAL,NOT SPECIFIED,NATIONAL,,99,US,US TOTAL,,,,,,,,0,,,9000,UNITED STATES,US TOTAL,1995,MONTHLY,3,3,MAR,,2012-01-01 00:00:00.000,31.1,
SURVEY,ANIMALS & PRODUCTS,LIVESTOCK,HOGS,SOWS,ALL PRODUCTION PRACTICES,ALL UTILIZATION PRACTICES,PRICE RECEIVED,$ / CWT,"HOGS, SOWS - PRICE RECEIVED, MEASURED IN $ / CWT",TOTAL,NOT SPECIFIED,NATIONAL,,99,US,US TOTAL,,,,,,,,0,,,9000,UNITED STATES,US TOTAL,1995,MONTHLY,4,4,APR,,2012-01-01 00:00:00.000,29.4,
SURVEY,ANIMALS & PRODUCTS,LIVESTOCK,HOGS,SOWS,ALL PRODUCTION PRACTICES,ALL UTILIZATION PRACTICES,PRICE RECEIVED,$ / CWT,"HOGS, SOWS - PRICE RECEIVED, MEASURED IN $ / CWT",TOTAL,NOT SPECIFIED,NATIONAL,,99,US,US TOTAL,,,,,,,,0,,,9000,UNITED STATES,US TOTAL,1995,MONTHLY,5,5,MAY,,2012-01-01 00:00:00.000,28.5,
SURVEY,ANIMALS & PRODUCTS,LIVESTOCK,HOGS,SOWS,ALL PRODUCTION PRACTICES,ALL UTILIZATION PRACTICES,PRICE RECEIVED,$ / CWT,"HOGS, SOWS - PRICE RECEIVED, MEASURED IN $ / CWT",TOTAL,NOT SPECIFIED,NATIONAL,,99,US,US TOTAL,,,,,,,,0,,,9000,UNITED STATES,US TOTAL,1995,MONTHLY,6,6,JUN,,2012-01-01 00:00:00.000,28.6,
SURVEY,ANIMALS & PRODUCTS,LIVESTOCK,HOGS,SOWS,ALL PRODUCTION PRACTICES,ALL UTILIZATION PRACTICES,PRICE RECEIVED,$ / CWT,"HOGS, SOWS - PRICE RECEIVED, MEASURED IN $ / CWT",TOTAL,NOT SPECIFIED,NATIONAL,,99,US,US TOTAL,,,,,,,,0,,,9000,UNITED STATES,US TOTAL,1995,MONTHLY,7,7,JUL,,2012-01-01 00:00:00.000,28.9,
SURVEY,ANIMALS & PRODUCTS,LIVESTOCK,HOGS,SOWS,ALL PRODUCTION PRACTICES,ALL UTILIZATION PRACTICES,PRICE RECEIVED,$ / CWT,"HOGS, SOWS - PRICE RECEIVED, MEASURED IN $ / CWT",TOTAL,NOT SPECIFIED,NATIONAL,,99,US,US TOTAL,,,,,,,,0,,,9000,UNITED STATES,US TOTAL,1995,MONTHLY,8,8,AUG,,2012-01-01 00:00:00.000,34.0,
SURVEY,ANIMALS & PRODUCTS,LIVESTOCK,HOGS,SOWS,ALL PRODUCTION PRACTICES,ALL UTILIZATION PRACTICES,PRICE RECEIVED,$ / CWT,"HOGS, SOWS - PRICE RECEIVED, MEASURED IN $ / CWT",TOTAL,NOT SPECIFIED,NATIONAL,,99,US,US TOTAL,,,,,,,,0,,,9000,UNITED STATES,US TOTAL,1995,MONTHLY,9,9,SEP,,2012-01-01 00:00:00.000,35.3,
SURVEY,ANIMALS & PRODUCTS,LIVESTOCK,HOGS,SOWS,ALL PRODUCTION PRACTICES,ALL UTILIZATION PRACTICES,PRICE RECEIVED,$ / CWT,"HOGS, SOWS - PRICE RECEIVED, MEASURED IN $ / CWT",TOTAL,NOT SPECIFIED,NATIONAL,,99,US,US TOTAL,,,,,,,,0,,,9000,UNITED STATES,US TOTAL,1995,MONTHLY,10,10,OCT,,2012-01-01 00:00:00.000,38.2,
SURVEY,ANIMALS & PRODUCTS,LIVESTOCK,HOGS,SOWS,ALL PRODUCTION PRACTICES,ALL UTILIZATION PRACTICES,PRICE RECEIVED,$ / CWT,"HOGS, SOWS - PRICE RECEIVED, MEASURED IN $ / CWT",TOTAL,NOT SPECIFIED,NATIONAL,,99,US,US TOTAL,,,,,,,,0,,,9000,UNITED STATES,US TOTAL,1995,MONTHLY,11,11,NOV,,2012-01-01 00:00:00.000,32.1,
SURVEY,ANIMALS & PRODUCTS,LIVESTOCK,HOGS,SOWS,ALL PRODUCTION PRACTICES,ALL UTILIZATION PRACTICES,PRICE RECEIVED,$ / CWT,"HOGS, SOWS - PRICE RECEIVED, MEASURED IN $ / CWT",TOTAL,NOT SPECIFIED,NATIONAL,,99,US,US TOTAL,,,,,,,,0,,,9000,UNITED STATES,US TOTAL,1995,MONTHLY,12,12,DEC,,2012-01-01 00:00:00.000,31.6,
SURVEY,ANIMALS & PRODUCTS,LIVESTOCK,HOGS,SOWS,ALL PRODUCTION PRACTICES,ALL UTILIZATION PRACTICES,PRICE RECEIVED,$ / CWT,"HOGS, SOWS - PRICE RECEIVED, MEASURED IN $ / CWT",TOTAL,NOT SPECIFIED,NATIONAL,,99,US,US TOTAL,,,,,,,,0,,,9000,UNITED STATES,US TOTAL,1994,MONTHLY,1,1,JAN,,2012-01-01 00:00:00.000,34.3,
SURVEY,ANIMALS & PRODUCTS,LIVESTOCK,HOGS,SOWS,ALL PRODUCTION PRACTICES,ALL UTILIZATION PRACTICES,PRICE RECEIVED,$ / CWT,"HOGS, SOWS - PRICE RECEIVED, MEASURED IN $ / CWT",TOTAL,NOT SPECIFIED,NATIONAL,,99,US,US TOTAL,,,,,,,,0,,,9000,UNITED STATES,US TOTAL,1994,MONTHLY,2,2,FEB,,2012-01-01 00:00:00.000,37.7,
SURVEY,ANIMALS & PRODUCTS,LIVESTOCK,HOGS,SOWS,ALL PRODUCTION PRACTICES,ALL UTILIZATION PRACTICES,PRICE RECEIVED,$ / CWT,"HOGS, SOWS - PRICE RECEIVED, MEASURED IN $ / CWT",TOTAL,NOT SPECIFIED,NATIONAL,,99,US,US TOTAL,,,,,,,,0,,,9000,UNITED STATES,US TOTAL,1994,MONTHLY,3,3,MAR,,2012-01-01 00:00:00.000,38.7,
SURVEY,ANIMALS & PRODUCTS,LIVESTOCK,HOGS,SOWS,ALL PRODUCTION PRACTICES,ALL UTILIZATION PRACTICES,PRICE RECEIVED,$ / CWT,"HOGS, SOWS - PRICE RECEIVED, MEASURED IN $ / CWT",TOTAL,NOT SPECIFIED,NATIONAL,,99,US,US TOTAL,,,,,,,,0,,,9000,UNITED STATES,US TOTAL,1994,MONTHLY,4,4,APR,,2012-01-01 00:00:00.000,38.0,
SURVEY,ANIMALS & PRODUCTS,LIVESTOCK,HOGS,SOWS,ALL PRODUCTION PRACTICES,ALL UTILIZATION PRACTICES,PRICE RECEIVED,$ / CWT,"HOGS, SOWS - PRICE RECEIVED, MEASURED IN $ / CWT",TOTAL,NOT SPECIFIED,NATIONAL,,99,US,US TOTAL,,,,,,,,0,,,9000,UNITED STATES,US TOTAL,1994,MONTHLY,5,5,MAY,,2012-01-01 00:00:00.000,35.6,
SURVEY,ANIMALS & PRODUCTS,LIVESTOCK,HOGS,SOWS,ALL PRODUCTION PRACTICES,ALL UTILIZATION PRACTICES,PRICE RECEIVED,$ / CWT,"HOGS, SOWS - PRICE RECEIVED, MEASURED IN $ / CWT",TOTAL,NOT SPECIFIED,NATIONAL,,99,US,US TOTAL,,,,,,,,0,,,9000,UNITED STATES,US TOTAL,1994,MONTHLY,6,6,JUN,,2012-01-01 00:00:00.000,32.7,
SURVEY,ANIMALS & PRODUCTS,LIVESTOCK,HOGS,SOWS,ALL PRODUCTION PRACTICES,ALL UTILIZATION PRACTICES,PRICE RECEIVED,$ / CWT,"HOGS, SOWS - PRICE RECEIVED, MEASURED IN $ / CWT",TOTAL,NOT SPECIFIED,NATIONAL,,99,US,US TOTAL,,,,,,,,0,,,9000,UNITED STATES,US TOTAL,1994,MONTHLY,7,7,JUL,,2012-01-01 00:00:00.000,29.6,
SURVEY,ANIMALS & PRODUCTS,LIVESTOCK,HOGS,SOWS,ALL PRODUCTION PRACTICES,ALL UTILIZATION PRACTICES,PRICE RECEIVED,$ / CWT,"HOGS, SOWS - PRICE RECEIVED, MEASURED IN $ / CWT",TOTAL,NOT SPECIFIED,NATIONAL,,99,US,US TOTAL,,,,,,,,0,,,9000,UNITED STATES,US TOTAL,1994,MONTHLY,8,8,AUG,,2012-01-01 00:00:00.000,29.8,
SURVEY,ANIMALS & PRODUCTS,LIVESTOCK,HOGS,SOWS,ALL PRODUCTION PRACTICES,ALL UTILIZATION PRACTICES,PRICE RECEIVED,$ / CWT,"HOGS, SOWS - PRICE RECEIVED, MEASURED IN $ / CWT",TOTAL,NOT SPECIFIED,NATIONAL,,99,US,US TOTAL,,,,,,,,0,,,9000,UNITED STATES,US TOTAL,1994,MONTHLY,9,9,SEP,,2012-01-01 00:00:00.000,26.8,
SURVEY,ANIMALS & PRODUCTS,LIVESTOCK,HOGS,SOWS,ALL PRODUCTION PRACTICES,ALL UTILIZATION PRACTICES,PRICE RECEIVED,$ / CWT,"HOGS, SOWS - PRICE RECEIVED, MEASURED IN $ / CWT",TOTAL,NOT SPECIFIED,NATIONAL,,99,US,US TOTAL,,,,,,,,0,,,9000,UNITED STATES,US TOTAL,1994,MONTHLY,10,10,OCT,,2012-01-01 00:00:00.000,24.2,
SURVEY,ANIMALS & PRODUCTS,LIVESTOCK,HOGS,SOWS,ALL PRODUCTION PRACTICES,ALL UTILIZATION PRACTICES,PRICE RECEIVED,$ / CWT,"HOGS, SOWS - PRICE RECEIVED, MEASURED IN $ / CWT",TOTAL,NOT SPECIFIED,NATIONAL,,99,US,US TOTAL,,,,,,,,0,,,9000,UNITED STATES,US TOTAL,1994,MONTHLY,11,11,NOV,,2012-01-01 00:00:00.000,19.3,
SURVEY,ANIMALS & PRODUCTS,LIVESTOCK,HOGS,SOWS,ALL PRODUCTION PRACTICES,ALL UTILIZATION PRACTICES,PRICE RECEIVED,$ / CWT,"HOGS, SOWS - PRICE RECEIVED, MEASURED IN $ / CWT",TOTAL,NOT SPECIFIED,NATIONAL,,99,US,US TOTAL,,,,,,,,0,,,9000,UNITED STATES,US TOTAL,1994,MONTHLY,12,12,DEC,,2012-01-01 00:00:00.000,19.4,
SURVEY,ANIMALS & PRODUCTS,LIVESTOCK,HOGS,SOWS,ALL PRODUCTION PRACTICES,ALL UTILIZATION PRACTICES,PRICE RECEIVED,$ / CWT,"HOGS, SOWS - PRICE RECEIVED, MEASURED IN $ / CWT",TOTAL,NOT SPECIFIED,NATIONAL,,99,US,US TOTAL,,,,,,,,0,,,9000,UNITED STATES,US TOTAL,1993,MONTHLY,1,1,JAN,,2012-01-01 00:00:00.000,31.7,
SURVEY,ANIMALS & PRODUCTS,LIVESTOCK,HOGS,SOWS,ALL PRODUCTION PRACTICES,ALL UTILIZATION PRACTICES,PRICE RECEIVED,$ / CWT,"HOGS, SOWS - PRICE RECEIVED, MEASURED IN $ / CWT",TOTAL,NOT SPECIFIED,NATIONAL,,99,US,US TOTAL,,,,,,,,0,,,9000,UNITED STATES,US TOTAL,1993,MONTHLY,2,2,FEB,,2012-01-01 00:00:00.000,34.6,
SURVEY,ANIMALS & PRODUCTS,LIVESTOCK,HOGS,SOWS,ALL PRODUCTION PRACTICES,ALL UTILIZATION PRACTICES,PRICE RECEIVED,$ / CWT,"HOGS, SOWS - PRICE RECEIVED, MEASURED IN $ / CWT",TOTAL,NOT SPECIFIED,NATIONAL,,99,US,US TOTAL,,,,,,,,0,,,9000,UNITED STATES,US TOTAL,1993,MONTHLY,3,3,MAR,,2012-01-01 00:00:00.000,39.0,
SURVEY,ANIMALS & PRODUCTS,LIVESTOCK,HOGS,SOWS,ALL PRODUCTION PRACTICES,ALL UTILIZATION PRACTICES,PRICE RECEIVED,$ / CWT,"HOGS, SOWS - PRICE RECEIVED, MEASURED IN $ / CWT",TOTAL,NOT SPECIFIED,NATIONAL,,99,US,US TOTAL,,,,,,,,0,,,9000,UNITED STATES,US TOTAL,1993,MONTHLY,4,4,APR,,2012-01-01 00:00:00.000,39.4,
SURVEY,ANIMALS & PRODUCTS,LIVESTOCK,HOGS,SOWS,ALL PRODUCTION PRACTICES,ALL UTILIZATION PRACTICES,PRICE RECEIVED,$ / CWT,"HOGS, SOWS - PRICE RECEIVED, MEASURED IN $ / CWT",TOTAL,NOT SPECIFIED,NATIONAL,,99,US,US TOTAL,,,,,,,,0,,,9000,UNITED STATES,US TOTAL,1993,MONTHLY,5,5,MAY,,2012-01-01 00:00:00.000,38.0,
SURVEY,ANIMALS & PRODUCTS,LIVESTOCK,HOGS,SOWS,ALL PRODUCTION PRACTICES,ALL UTILIZATION PRACTICES,PRICE RECEIVED,$ / CWT,"HOGS, SOWS - PRICE RECEIVED, MEASURED IN $ / CWT",TOTAL,NOT SPECIFIED,NATIONAL,,99,US,US TOTAL,,,,,,,,0,,,9000,UNITED STATES,US TOTAL,1993,MONTHLY,6,6,JUN,,2012-01-01 00:00:00.000,36.9,
SURVEY,ANIMALS & PRODUCTS,LIVESTOCK,HOGS,SOWS,ALL PRODUCTION PRACTICES,ALL UTILIZATION PRACTICES,PRICE RECEIVED,$ / CWT,"HOGS, SOWS - PRICE RECEIVED, MEASURED IN $ / CWT",TOTAL,NOT SPECIFIED,NATIONAL,,99,US,US TOTAL,,,,,,,,0,,,9000,UNITED STATES,US TOTAL,1993,MONTHLY,7,7,JUL,,2012-01-01 00:00:00.000,34.7,
SURVEY,ANIMALS & PRODUCTS,LIVESTOCK,HOGS,SOWS,ALL PRODUCTION PRACTICES,ALL UTILIZATION PRACTICES,PRICE RECEIVED,$ / CWT,"HOGS, SOWS - PRICE RECEIVED, MEASURED IN $ / CWT",TOTAL,NOT SPECIFIED,NATIONAL,,99,US,US TOTAL,,,,,,,,0,,,9000,UNITED STATES,US TOTAL,1993,MONTHLY,8,8,AUG,,2012-01-01 00:00:00.000,35.3,
SURVEY,ANIMALS & PRODUCTS,LIVESTOCK,HOGS,SOWS,ALL PRODUCTION PRACTICES,ALL UTILIZATION PRACTICES,PRICE RECEIVED,$ / CWT,"HOGS, SOWS - PRICE RECEIVED, MEASURED IN $ / CWT",TOTAL,NOT SPECIFIED,NATIONAL,,99,US,US TOTAL,,,,,,,,0,,,9000,UNITED STATES,US TOTAL,1993,MONTHLY,9,9,SEP,,2012-01-01 00:00:00.000,37.2,
SURVEY,ANIMALS & PRODUCTS,LIVESTOCK,HOGS,SOWS,ALL PRODUCTION PRACTICES,ALL UTILIZATION PRACTICES,PRICE RECEIVED,$ / CWT,"HOGS, SOWS - PRICE RECEIVED, MEASURED IN $ / CWT",TOTAL,NOT SPECIFIED,NATIONAL,,99,US,US TOTAL,,,,,,,,0,,,9000,UNITED STATES,US TOTAL,1993,MONTHLY,10,10,OCT,,2012-01-01 00:00:00.000,36.8,
SURVEY,ANIMALS & PRODUCTS,LIVESTOCK,HOGS,SOWS,ALL PRODUCTION PRACTICES,ALL UTILIZATION PRACTICES,PRICE RECEIVED,$ / CWT,"HOGS, SOWS - PRICE RECEIVED, MEASURED IN $ / CWT",TOTAL,NOT SPECIFIED,NATIONAL,,99,US,US TOTAL,,,,,,,,0,,,9000,UNITED STATES,US TOTAL,1993,MONTHLY,11,11,NOV,,2012-01-01 00:00:00.000,35.0,
SURVEY,ANIMALS & PRODUCTS,LIVESTOCK,HOGS,SOWS,ALL PRODUCTION PRACTICES,ALL UTILIZATION PRACTICES,PRICE RECEIVED,$ / CWT,"HOGS, SOWS - PRICE RECEIVED, MEASURED IN $ / CWT",TOTAL,NOT SPECIFIED,NATIONAL,,99,US,US TOTAL,,,,,,,,0,,,9000,UNITED STATES,US TOTAL,1993,MONTHLY,12,12,DEC,,2012-01-01 00:00:00.000,31.2,
SURVEY,ANIMALS & PRODUCTS,LIVESTOCK,HOGS,SOWS,ALL PRODUCTION PRACTICES,ALL UTILIZATION PRACTICES,PRICE RECEIVED,$ / CWT,"HOGS, SOWS - PRICE RECEIVED, MEASURED IN $ / CWT",TOTAL,NOT SPECIFIED,NATIONAL,,99,US,US TOTAL,,,,,,,,0,,,9000,UNITED STATES,US TOTAL,1992,MONTHLY,1,1,JAN,,2012-01-01 00:00:00.000,27.1,
SURVEY,ANIMALS & PRODUCTS,LIVESTOCK,HOGS,SOWS,ALL PRODUCTION PRACTICES,ALL UTILIZATION PRACTICES,PRICE RECEIVED,$ / CWT,"HOGS, SOWS - PRICE RECEIVED, MEASURED IN $ / CWT",TOTAL,NOT SPECIFIED,NATIONAL,,99,US,US TOTAL,,,,,,,,0,,,9000,UNITED STATES,US TOTAL,1992,MONTHLY,2,2,FEB,,2012-01-01 00:00:00.000,31.1,
SURVEY,ANIMALS & PRODUCTS,LIVESTOCK,HOGS,SOWS,ALL PRODUCTION PRACTICES,ALL UTILIZATION PRACTICES,PRICE RECEIVED,$ / CWT,"HOGS, SOWS - PRICE RECEIVED, MEASURED IN $ / CWT",TOTAL,NOT SPECIFIED,NATIONAL,,99,US,US TOTAL,,,,,,,,0,,,9000,UNITED STATES,US TOTAL,1992,MONTHLY,3,3,MAR,,2012-01-01 00:00:00.000,32.9,
SURVEY,ANIMALS & PRODUCTS,LIVESTOCK,HOGS,SOWS,ALL PRODUCTION PRACTICES,ALL UTILIZATION PRACTICES,PRICE RECEIVED,$ / CWT,"HOGS, SOWS - PRICE RECEIVED, MEASURED IN $ / CWT",TOTAL,NOT SPECIFIED,NATIONAL,,99,US,US TOTAL,,,,,,,,0,,,9000,UNITED STATES,US TOTAL,1992,MONTHLY,4,4,APR,,2012-01-01 00:00:00.000,34.2,
SURVEY,ANIMALS & PRODUCTS,LIVESTOCK,HOGS,SOWS,ALL PRODUCTION PRACTICES,ALL UTILIZATION PRACTICES,PRICE RECEIVED,$ / CWT,"HOGS, SOWS - PRICE RECEIVED, MEASURED IN $ / CWT",TOTAL,NOT SPECIFIED,NATIONAL,,99,US,US TOTAL,,,,,,,,0,,,9000,UNITED STATES,US TOTAL,1992,MONTHLY,5,5,MAY,,2012-01-01 00:00:00.000,36.5,
SURVEY,ANIMALS & PRODUCTS,LIVESTOCK,HOGS,SOWS,ALL PRODUCTION PRACTICES,ALL UTILIZATION PRACTICES,PRICE RECEIVED,$ / CWT,"HOGS, SOWS - PRICE RECEIVED, MEASURED IN $ / CWT",TOTAL,NOT SPECIFIED,NATIONAL,,99,US,US TOTAL,,,,,,,,0,,,9000,UNITED STATES,US TOTAL,1992,MONTHLY,6,6,JUN,,2012-01-01 00:00:00.000,34.9,
SURVEY,ANIMALS & PRODUCTS,LIVESTOCK,HOGS,SOWS,ALL PRODUCTION PRACTICES,ALL UTILIZATION PRACTICES,PRICE RECEIVED,$ / CWT,"HOGS, SOWS - PRICE RECEIVED, MEASURED IN $ / CWT",TOTAL,NOT SPECIFIED,NATIONAL,,99,US,US TOTAL,,,,,,,,0,,,9000,UNITED STATES,US TOTAL,1992,MONTHLY,7,7,JUL,,2012-01-01 00:00:00.000,32.0,
SURVEY,ANIMALS & PRODUCTS,LIVESTOCK,HOGS,SOWS,ALL PRODUCTION PRACTICES,ALL UTILIZATION PRACTICES,PRICE RECEIVED,$ / CWT,"HOGS, SOWS - PRICE RECEIVED, MEASURED IN $ / CWT",TOTAL,NOT SPECIFIED,NATIONAL,,99,US,US TOTAL,,,,,,,,0,,,9000,UNITED STATES,US TOTAL,1992,MONTHLY,8,8,AUG,,2012-01-01 00:00:00.000,33.4,
SURVEY,ANIMALS & PRODUCTS,LIVESTOCK,HOGS,SOWS,ALL PRODUCTION PRACTICES,ALL UTILIZATION PRACTICES,PRICE RECEIVED,$ / CWT,"HOGS, SOWS - PRICE RECEIVED, MEASURED IN $ / CWT",TOTAL,NOT SPECIFIED,NATIONAL,,99,US,US TOTAL,,,,,,,,0,,,9000,UNITED STATES,US TOTAL,1992,MONTHLY,9,9,SEP,,2012-01-01 00:00:00.000,32.1,
SURVEY,ANIMALS & PRODUCTS,LIVESTOCK,HOGS,SOWS,ALL PRODUCTION PRACTICES,ALL UTILIZATION PRACTICES,PRICE RECEIVED,$ / CWT,"HOGS, SOWS - PRICE RECEIVED, MEASURED IN $ / CWT",TOTAL,NOT SPECIFIED,NATIONAL,,99,US,US TOTAL,,,,,,,,0,,,9000,UNITED STATES,US TOTAL,1992,MONTHLY,10,10,OCT,,2012-01-01 00:00:00.000,35.5,
SURVEY,ANIMALS & PRODUCTS,LIVESTOCK,HOGS,SOWS,ALL PRODUCTION PRACTICES,ALL UTILIZATION PRACTICES,PRICE RECEIVED,$ / CWT,"HOGS, SOWS - PRICE RECEIVED, MEASURED IN $ / CWT",TOTAL,NOT SPECIFIED,NATIONAL,,99,US,US TOTAL,,,,,,,,0,,,9000,UNITED STATES,US TOTAL,1992,MONTHLY,11,11,NOV,,2012-01-01 00:00:00.000,32.2,
SURVEY,ANIMALS & PRODUCTS,LIVESTOCK,HOGS,SOWS,ALL PRODUCTION PRACTICES,ALL UTILIZATION PRACTICES,PRICE RECEIVED,$ / CWT,"HOGS, SOWS - PRICE RECEIVED, MEASURED IN $ / CWT",TOTAL,NOT SPECIFIED,NATIONAL,,99,US,US TOTAL,,,,,,,,0,,,9000,UNITED STATES,US TOTAL,1992,MONTHLY,12,12,DEC,,2012-01-01 00:00:00.000,31.0,
SURVEY,ANIMALS & PRODUCTS,LIVESTOCK,HOGS,SOWS,ALL PRODUCTION PRACTICES,ALL UTILIZATION PRACTICES,PRICE RECEIVED,$ / CWT,"HOGS, SOWS - PRICE RECEIVED, MEASURED IN $ / CWT",TOTAL,NOT SPECIFIED,NATIONAL,,99,US,US TOTAL,,,,,,,,0,,,9000,UNITED STATES,US TOTAL,1991,MONTHLY,1,1,JAN,,2012-01-01 00:00:00.000,41.3,
SURVEY,ANIMALS & PRODUCTS,LIVESTOCK,HOGS,SOWS,ALL PRODUCTION PRACTICES,ALL UTILIZATION PRACTICES,PRICE RECEIVED,$ / CWT,"HOGS, SOWS - PRICE RECEIVED, MEASURED IN $ / CWT",TOTAL,NOT SPECIFIED,NATIONAL,,99,US,US TOTAL,,,,,,,,0,,,9000,UNITED STATES,US TOTAL,1991,MONTHLY,2,2,FEB,,2012-01-01 00:00:00.000,42.8,
SURVEY,ANIMALS & PRODUCTS,LIVESTOCK,HOGS,SOWS,ALL PRODUCTION PRACTICES,ALL UTILIZATION PRACTICES,PRICE RECEIVED,$ / CWT,"HOGS, SOWS - PRICE RECEIVED, MEASURED IN $ / CWT",TOTAL,NOT SPECIFIED,NATIONAL,,99,US,US TOTAL,,,,,,,,0,,,9000,UNITED STATES,US TOTAL,1991,MONTHLY,3,3,MAR,,2012-01-01 00:00:00.000,45.7,
SURVEY,ANIMALS & PRODUCTS,LIVESTOCK,HOGS,SOWS,ALL PRODUCTION PRACTICES,ALL UTILIZATION PRACTICES,PRICE RECEIVED,$ / CWT,"HOGS, SOWS - PRICE RECEIVED, MEASURED IN $ / CWT",TOTAL,NOT SPECIFIED,NATIONAL,,99,US,US TOTAL,,,,,,,,0,,,9000,UNITED STATES,US TOTAL,1991,MONTHLY,4,4,APR,,2012-01-01 00:00:00.000,46.6,
SURVEY,ANIMALS & PRODUCTS,LIVESTOCK,HOGS,SOWS,ALL PRODUCTION PRACTICES,ALL UTILIZATION PRACTICES,PRICE RECEIVED,$ / CWT,"HOGS, SOWS - PRICE RECEIVED, MEASURED IN $ / CWT",TOTAL,NOT SPECIFIED,NATIONAL,,99,US,US TOTAL,,,,,,,,0,,,9000,UNITED STATES,US TOTAL,1991,MONTHLY,5,5,MAY,,2012-01-01 00:00:00.000,45.6,
SURVEY,ANIMALS & PRODUCTS,LIVESTOCK,HOGS,SOWS,ALL PRODUCTION PRACTICES,ALL UTILIZATION PRACTICES,PRICE RECEIVED,$ / CWT,"HOGS, SOWS - PRICE RECEIVED, MEASURED IN $ / CWT",TOTAL,NOT SPECIFIED,NATIONAL,,99,US,US TOTAL,,,,,,,,0,,,9000,UNITED STATES,US TOTAL,1991,MONTHLY,6,6,JUN,,2012-01-01 00:00:00.000,44.3,
SURVEY,ANIMALS & PRODUCTS,LIVESTOCK,HOGS,SOWS,ALL PRODUCTION PRACTICES,ALL UTILIZATION PRACTICES,PRICE RECEIVED,$ / CWT,"HOGS, SOWS - PRICE RECEIVED, MEASURED IN $ / CWT",TOTAL,NOT SPECIFIED,NATIONAL,,99,US,US TOTAL,,,,,,,,0,,,9000,UNITED STATES,US TOTAL,1991,MONTHLY,7,7,JUL,,2012-01-01 00:00:00.000,41.2,
SURVEY,ANIMALS & PRODUCTS,LIVESTOCK,HOGS,SOWS,ALL PRODUCTION PRACTICES,ALL UTILIZATION PRACTICES,PRICE RECEIVED,$ / CWT,"HOGS, SOWS - PRICE RECEIVED, MEASURED IN $ / CWT",TOTAL,NOT SPECIFIED,NATIONAL,,99,US,US TOTAL,,,,,,,,0,,,9000,UNITED STATES,US TOTAL,1991,MONTHLY,8,8,AUG,,2012-01-01 00:00:00.000,39.6,
SURVEY,ANIMALS & PRODUCTS,LIVESTOCK,HOGS,SOWS,ALL PRODUCTION PRACTICES,ALL UTILIZATION PRACTICES,PRICE RECEIVED,$ / CWT,"HOGS, SOWS - PRICE RECEIVED, MEASURED IN $ / CWT",TOTAL,NOT SPECIFIED,NATIONAL,,99,US,US TOTAL,,,,,,,,0,,,9000,UNITED STATES,US TOTAL,1991,MONTHLY,9,9,SEP,,2012-01-01 00:00:00.000,38.2,
SURVEY,ANIMALS & PRODUCTS,LIVESTOCK,HOGS,SOWS,ALL PRODUCTION PRACTICES,ALL UTILIZATION PRACTICES,PRICE RECEIVED,$ / CWT,"HOGS, SOWS - PRICE RECEIVED, MEASURED IN $ / CWT",TOTAL,NOT SPECIFIED,NATIONAL,,99,US,US TOTAL,,,,,,,,0,,,9000,UNITED STATES,US TOTAL,1991,MONTHLY,10,10,OCT,,2012-01-01 00:00:00.000,35.8,
SURVEY,ANIMALS & PRODUCTS,LIVESTOCK,HOGS,SOWS,ALL PRODUCTION PRACTICES,ALL UTILIZATION PRACTICES,PRICE RECEIVED,$ / CWT,"HOGS, SOWS - PRICE RECEIVED, MEASURED IN $ / CWT",TOTAL,NOT SPECIFIED,NATIONAL,,99,US,US TOTAL,,,,,,,,0,,,9000,UNITED STATES,US TOTAL,1991,MONTHLY,11,11,NOV,,2012-01-01 00:00:00.000,30.7,
SURVEY,ANIMALS & PRODUCTS,LIVESTOCK,HOGS,SOWS,ALL PRODUCTION PRACTICES,ALL UTILIZATION PRACTICES,PRICE RECEIVED,$ / CWT,"HOGS, SOWS - PRICE RECEIVED, MEASURED IN $ / CWT",TOTAL,NOT SPECIFIED,NATIONAL,,99,US,US TOTAL,,,,,,,,0,,,9000,UNITED STATES,US TOTAL,1991,MONTHLY,12,12,DEC,,2012-01-01 00:00:00.000,27.9,
SURVEY,ANIMALS & PRODUCTS,LIVESTOCK,HOGS,SOWS,ALL PRODUCTION PRACTICES,ALL UTILIZATION PRACTICES,PRICE RECEIVED,$ / CWT,"HOGS, SOWS - PRICE RECEIVED, MEASURED IN $ / CWT",TOTAL,NOT SPECIFIED,NATIONAL,,99,US,US TOTAL,,,,,,,,0,,,9000,UNITED STATES,US TOTAL,1990,MONTHLY,1,1,JAN,,2012-01-01 00:00:00.000,41.1,
SURVEY,ANIMALS & PRODUCTS,LIVESTOCK,HOGS,SOWS,ALL PRODUCTION PRACTICES,ALL UTILIZATION PRACTICES,PRICE RECEIVED,$ / CWT,"HOGS, SOWS - PRICE RECEIVED, MEASURED IN $ / CWT",TOTAL,NOT SPECIFIED,NATIONAL,,99,US,US TOTAL,,,,,,,,0,,,9000,UNITED STATES,US TOTAL,1990,MONTHLY,2,2,FEB,,2012-01-01 00:00:00.000,41.7,
SURVEY,ANIMALS & PRODUCTS,LIVESTOCK,HOGS,SOWS,ALL PRODUCTION PRACTICES,ALL UTILIZATION PRACTICES,PRICE RECEIVED,$ / CWT,"HOGS, SOWS - PRICE RECEIVED, MEASURED IN $ / CWT",TOTAL,NOT SPECIFIED,NATIONAL,,99,US,US TOTAL,,,,,,,,0,,,9000,UNITED STATES,US TOTAL,1990,MONTHLY,3,3,MAR,,2012-01-01 00:00:00.000,45.6,
SURVEY,ANIMALS & PRODUCTS,LIVESTOCK,HOGS,SOWS,ALL PRODUCTION PRACTICES,ALL UTILIZATION PRACTICES,PRICE RECEIVED,$ / CWT,"HOGS, SOWS - PRICE RECEIVED, MEASURED IN $ / CWT",TOTAL,NOT SPECIFIED,NATIONAL,,99,US,US TOTAL,,,,,,,,0,,,9000,UNITED STATES,US TOTAL,1990,MONTHLY,4,4,APR,,2012-01-01 00:00:00.000,48.6,
SURVEY,ANIMALS & PRODUCTS,LIVESTOCK,HOGS,SOWS,ALL PRODUCTION PRACTICES,ALL UTILIZATION PRACTICES,PRICE RECEIVED,$ / CWT,"HOGS, SOWS - PRICE RECEIVED, MEASURED IN $ / CWT",TOTAL,NOT SPECIFIED,NATIONAL,,99,US,US TOTAL,,,,,,,,0,,,9000,UNITED STATES,US TOTAL,1990,MONTHLY,5,5,MAY,,2012-01-01 00:00:00.000,52.8,
SURVEY,ANIMALS & PRODUCTS,LIVESTOCK,HOGS,SOWS,ALL PRODUCTION PRACTICES,ALL UTILIZATION PRACTICES,PRICE RECEIVED,$ / CWT,"HOGS, SOWS - PRICE RECEIVED, MEASURED IN $ / CWT",TOTAL,NOT SPECIFIED,NATIONAL,,99,US,US TOTAL,,,,,,,,0,,,9000,UNITED STATES,US TOTAL,1990,MONTHLY,6,6,JUN,,2012-01-01 00:00:00.000,50.9,
SURVEY,ANIMALS & PRODUCTS,LIVESTOCK,HOGS,SOWS,ALL PRODUCTION PRACTICES,ALL UTILIZATION PRACTICES,PRICE RECEIVED,$ / CWT,"HOGS, SOWS - PRICE RECEIVED, MEASURED IN $ / CWT",TOTAL,NOT SPECIFIED,NATIONAL,,99,US,US TOTAL,,,,,,,,0,,,9000,UNITED STATES,US TOTAL,1990,MONTHLY,7,7,JUL,,2012-01-01 00:00:00.000,47.6,
SURVEY,ANIMALS & PRODUCTS,LIVESTOCK,HOGS,SOWS,ALL PRODUCTION PRACTICES,ALL UTILIZATION PRACTICES,PRICE RECEIVED,$ / CWT,"HOGS, SOWS - PRICE RECEIVED, MEASURED IN $ / CWT",TOTAL,NOT SPECIFIED,NATIONAL,,99,US,US TOTAL,,,,,,,,0,,,9000,UNITED STATES,US TOTAL,1990,MONTHLY,8,8,AUG,,2012-01-01 00:00:00.000,48.0,
SURVEY,ANIMALS & PRODUCTS,LIVESTOCK,HOGS,SOWS,ALL PRODUCTION PRACTICES,ALL UTILIZATION PRACTICES,PRICE RECEIVED,$ / CWT,"HOGS, SOWS - PRICE RECEIVED, MEASURED IN $ / CWT",TOTAL,NOT SPECIFIED,NATIONAL,,99,US,US TOTAL,,,,,,,,0,,,9000,UNITED STATES,US TOTAL,1990,MONTHLY,9,9,SEP,,2012-01-01 00:00:00.000,45.7,
SURVEY,ANIMALS & PRODUCTS,LIVESTOCK,HOGS,SOWS,ALL PRODUCTION PRACTICES,ALL UTILIZATION PRACTICES,PRICE RECEIVED,$ / CWT,"HOGS, SOWS - PRICE RECEIVED, MEASURED IN $ / CWT",TOTAL,NOT SPECIFIED,NATIONAL,,99,US,US TOTAL,,,,,,,,0,,,9000,UNITED STATES,US TOTAL,1990,MONTHLY,10,10,OCT,,2012-01-01 00:00:00.000,48.1,
SURVEY,ANIMALS & PRODUCTS,LIVESTOCK,HOGS,SOWS,ALL PRODUCTION PRACTICES,ALL UTILIZATION PRACTICES,PRICE RECEIVED,$ / CWT,"HOGS, SOWS - PRICE RECEIVED, MEASURED IN $ / CWT",TOTAL,NOT SPECIFIED,NATIONAL,,99,US,US TOTAL,,,,,,,,0,,,9000,UNITED STATES,US TOTAL,1990,MONTHLY,11,11,NOV,,2012-01-01 00:00:00.000,44.2,
SURVEY,ANIMALS & PRODUCTS,LIVESTOCK,HOGS,SOWS,ALL PRODUCTION PRACTICES,ALL UTILIZATION PRACTICES,PRICE RECEIVED,$ / CWT,"HOGS, SOWS - PRICE RECEIVED, MEASURED IN $ / CWT",TOTAL,NOT SPECIFIED,NATIONAL,,99,US,US TOTAL,,,,,,,,0,,,9000,UNITED STATES,US TOTAL,1990,MONTHLY,12,12,DEC,,2012-01-01 00:00:00.000,40.1,
SURVEY,ANIMALS & PRODUCTS,LIVESTOCK,HOGS,SOWS,ALL PRODUCTION PRACTICES,ALL UTILIZATION PRACTICES,PRICE RECEIVED,$ / CWT,"HOGS, SOWS - PRICE RECEIVED, MEASURED IN $ / CWT",TOTAL,NOT SPECIFIED,NATIONAL,,99,US,US TOTAL,,,,,,,,0,,,9000,UNITED STATES,US TOTAL,1989,MONTHLY,1,1,JAN,,2012-01-01 00:00:00.000,32.1,
SURVEY,ANIMALS & PRODUCTS,LIVESTOCK,HOGS,SOWS,ALL PRODUCTION PRACTICES,ALL UTILIZATION PRACTICES,PRICE RECEIVED,$ / CWT,"HOGS, SOWS - PRICE RECEIVED, MEASURED IN $ / CWT",TOTAL,NOT SPECIFIED,NATIONAL,,99,US,US TOTAL,,,,,,,,0,,,9000,UNITED STATES,US TOTAL,1989,MONTHLY,2,2,FEB,,2012-01-01 00:00:00.000,33.5,
SURVEY,ANIMALS & PRODUCTS,LIVESTOCK,HOGS,SOWS,ALL PRODUCTION PRACTICES,ALL UTILIZATION PRACTICES,PRICE RECEIVED,$ / CWT,"HOGS, SOWS - PRICE RECEIVED, MEASURED IN $ / CWT",TOTAL,NOT SPECIFIED,NATIONAL,,99,US,US TOTAL,,,,,,,,0,,,9000,UNITED STATES,US TOTAL,1989,MONTHLY,3,3,MAR,,2012-01-01 00:00:00.000,33.2,
SURVEY,ANIMALS & PRODUCTS,LIVESTOCK,HOGS,SOWS,ALL PRODUCTION PRACTICES,ALL UTILIZATION PRACTICES,PRICE RECEIVED,$ / CWT,"HOGS, SOWS - PRICE RECEIVED, MEASURED IN $ / CWT",TOTAL,NOT SPECIFIED,NATIONAL,,99,US,US TOTAL,,,,,,,,0,,,9000,UNITED STATES,US TOTAL,1989,MONTHLY,4,4,APR,,2012-01-01 00:00:00.000,30.9,
SURVEY,ANIMALS & PRODUCTS,LIVESTOCK,HOGS,SOWS,ALL PRODUCTION PRACTICES,ALL UTILIZATION PRACTICES,PRICE RECEIVED,$ / CWT,"HOGS, SOWS - PRICE RECEIVED, MEASURED IN $ / CWT",TOTAL,NOT SPECIFIED,NATIONAL,,99,US,US TOTAL,,,,,,,,0,,,9000,UNITED STATES,US TOTAL,1989,MONTHLY,5,5,MAY,,2012-01-01 00:00:00.000,32.7,
SURVEY,ANIMALS & PRODUCTS,LIVESTOCK,HOGS,SOWS,ALL PRODUCTION PRACTICES,ALL UTILIZATION PRACTICES,PRICE RECEIVED,$ / CWT,"HOGS, SOWS - PRICE RECEIVED, MEASURED IN $ / CWT",TOTAL,NOT SPECIFIED,NATIONAL,,99,US,US TOTAL,,,,,,,,0,,,9000,UNITED STATES,US TOTAL,1989,MONTHLY,6,6,JUN,,2012-01-01 00:00:00.000,33.4,
SURVEY,ANIMALS & PRODUCTS,LIVESTOCK,HOGS,SOWS,ALL PRODUCTION PRACTICES,ALL UTILIZATION PRACTICES,PRICE RECEIVED,$ / CWT,"HOGS, SOWS - PRICE RECEIVED, MEASURED IN $ / CWT",TOTAL,NOT SPECIFIED,NATIONAL,,99,US,US TOTAL,,,,,,,,0,,,9000,UNITED STATES,US TOTAL,1989,MONTHLY,7,7,JUL,,2012-01-01 00:00:00.000,33.6,
SURVEY,ANIMALS & PRODUCTS,LIVESTOCK,HOGS,SOWS,ALL PRODUCTION PRACTICES,ALL UTILIZATION PRACTICES,PRICE RECEIVED,$ / CWT,"HOGS, SOWS - PRICE RECEIVED, MEASURED IN $ / CWT",TOTAL,NOT SPECIFIED,NATIONAL,,99,US,US TOTAL,,,,,,,,0,,,9000,UNITED STATES,US TOTAL,1989,MONTHLY,8,8,AUG,,2012-01-01 00:00:00.000,34.9,
SURVEY,ANIMALS & PRODUCTS,LIVESTOCK,HOGS,SOWS,ALL PRODUCTION PRACTICES,ALL UTILIZATION PRACTICES,PRICE RECEIVED,$ / CWT,"HOGS, SOWS - PRICE RECEIVED, MEASURED IN $ / CWT",TOTAL,NOT SPECIFIED,NATIONAL,,99,US,US TOTAL,,,,,,,,0,,,9000,UNITED STATES,US TOTAL,1989,MONTHLY,9,9,SEP,,2012-01-01 00:00:00.000,36.1,
SURVEY,ANIMALS & PRODUCTS,LIVESTOCK,HOGS,SOWS,ALL PRODUCTION PRACTICES,ALL UTILIZATION PRACTICES,PRICE RECEIVED,$ / CWT,"HOGS, SOWS - PRICE RECEIVED, MEASURED IN $ / CWT",TOTAL,NOT SPECIFIED,NATIONAL,,99,US,US TOTAL,,,,,,,,0,,,9000,UNITED STATES,US TOTAL,1989,MONTHLY,10,10,OCT,,2012-01-01 00:00:00.000,39.2,
SURVEY,ANIMALS & PRODUCTS,LIVESTOCK,HOGS,SOWS,ALL PRODUCTION PRACTICES,ALL UTILIZATION PRACTICES,PRICE RECEIVED,$ / CWT,"HOGS, SOWS - PRICE RECEIVED, MEASURED IN $ / CWT",TOTAL,NOT SPECIFIED,NATIONAL,,99,US,US TOTAL,,,,,,,,0,,,9000,UNITED STATES,US TOTAL,1989,MONTHLY,11,11,NOV,,2012-01-01 00:00:00.000,36.8,
SURVEY,ANIMALS & PRODUCTS,LIVESTOCK,HOGS,SOWS,ALL PRODUCTION PRACTICES,ALL UTILIZATION PRACTICES,PRICE RECEIVED,$ / CWT,"HOGS, SOWS - PRICE RECEIVED, MEASURED IN $ / CWT",TOTAL,NOT SPECIFIED,NATIONAL,,99,US,US TOTAL,,,,,,,,0,,,9000,UNITED STATES,US TOTAL,1989,MONTHLY,12,12,DEC,,2012-01-01 00:00:00.000,38.4,
SURVEY,ANIMALS & PRODUCTS,LIVESTOCK,HOGS,SOWS,ALL PRODUCTION PRACTICES,ALL UTILIZATION PRACTICES,PRICE RECEIVED,$ / CWT,"HOGS, SOWS - PRICE RECEIVED, MEASURED IN $ / CWT",TOTAL,NOT SPECIFIED,NATIONAL,,99,US,US TOTAL,,,,,,,,0,,,9000,UNITED STATES,US TOTAL,1988,MONTHLY,1,1,JAN,,2012-01-01 00:00:00.000,33.0,
SURVEY,ANIMALS & PRODUCTS,LIVESTOCK,HOGS,SOWS,ALL PRODUCTION PRACTICES,ALL UTILIZATION PRACTICES,PRICE RECEIVED,$ / CWT,"HOGS, SOWS - PRICE RECEIVED, MEASURED IN $ / CWT",TOTAL,NOT SPECIFIED,NATIONAL,,99,US,US TOTAL,,,,,,,,0,,,9000,UNITED STATES,US TOTAL,1988,MONTHLY,2,2,FEB,,2012-01-01 00:00:00.000,35.2,
SURVEY,ANIMALS & PRODUCTS,LIVESTOCK,HOGS,SOWS,ALL PRODUCTION PRACTICES,ALL UTILIZATION PRACTICES,PRICE RECEIVED,$ / CWT,"HOGS, SOWS - PRICE RECEIVED, MEASURED IN $ / CWT",TOTAL,NOT SPECIFIED,NATIONAL,,99,US,US TOTAL,,,,,,,,0,,,9000,UNITED STATES,US TOTAL,1988,MONTHLY,3,3,MAR,,2012-01-01 00:00:00.000,33.9,
SURVEY,ANIMALS & PRODUCTS,LIVESTOCK,HOGS,SOWS,ALL PRODUCTION PRACTICES,ALL UTILIZATION PRACTICES,PRICE RECEIVED,$ / CWT,"HOGS, SOWS - PRICE RECEIVED, MEASURED IN $ / CWT",TOTAL,NOT SPECIFIED,NATIONAL,,99,US,US TOTAL,,,,,,,,0,,,9000,UNITED STATES,US TOTAL,1988,MONTHLY,4,4,APR,,2012-01-01 00:00:00.000,34.4,
SURVEY,ANIMALS & PRODUCTS,LIVESTOCK,HOGS,SOWS,ALL PRODUCTION PRACTICES,ALL UTILIZATION PRACTICES,PRICE RECEIVED,$ / CWT,"HOGS, SOWS - PRICE RECEIVED, MEASURED IN $ / CWT",TOTAL,NOT SPECIFIED,NATIONAL,,99,US,US TOTAL,,,,,,,,0,,,9000,UNITED STATES,US TOTAL,1988,MONTHLY,5,5,MAY,,2012-01-01 00:00:00.000,36.3,
SURVEY,ANIMALS & PRODUCTS,LIVESTOCK,HOGS,SOWS,ALL PRODUCTION PRACTICES,ALL UTILIZATION PRACTICES,PRICE RECEIVED,$ / CWT,"HOGS, SOWS - PRICE RECEIVED, MEASURED IN $ / CWT",TOTAL,NOT SPECIFIED,NATIONAL,,99,US,US TOTAL,,,,,,,,0,,,9000,UNITED STATES,US TOTAL,1988,MONTHLY,6,6,JUN,,2012-01-01 00:00:00.000,32.9,
SURVEY,ANIMALS & PRODUCTS,LIVESTOCK,HOGS,SOWS,ALL PRODUCTION PRACTICES,ALL UTILIZATION PRACTICES,PRICE RECEIVED,$ / CWT,"HOGS, SOWS - PRICE RECEIVED, MEASURED IN $ / CWT",TOTAL,NOT SPECIFIED,NATIONAL,,99,US,US TOTAL,,,,,,,,0,,,9000,UNITED STATES,US TOTAL,1988,MONTHLY,7,7,JUL,,2012-01-01 00:00:00.000,30.4,
SURVEY,ANIMALS & PRODUCTS,LIVESTOCK,HOGS,SOWS,ALL PRODUCTION PRACTICES,ALL UTILIZATION PRACTICES,PRICE RECEIVED,$ / CWT,"HOGS, SOWS - PRICE RECEIVED, MEASURED IN $ / CWT",TOTAL,NOT SPECIFIED,NATIONAL,,99,US,US TOTAL,,,,,,,,0,,,9000,UNITED STATES,US TOTAL,1988,MONTHLY,8,8,AUG,,2012-01-01 00:00:00.000,32.8,
SURVEY,ANIMALS & PRODUCTS,LIVESTOCK,HOGS,SOWS,ALL PRODUCTION PRACTICES,ALL UTILIZATION PRACTICES,PRICE RECEIVED,$ / CWT,"HOGS, SOWS - PRICE RECEIVED, MEASURED IN $ / CWT",TOTAL,NOT SPECIFIED,NATIONAL,,99,US,US TOTAL,,,,,,,,0,,,9000,UNITED STATES,US TOTAL,1988,MONTHLY,9,9,SEP,,2012-01-01 00:00:00.000,31.5,
SURVEY,ANIMALS & PRODUCTS,LIVESTOCK,HOGS,SOWS,ALL PRODUCTION PRACTICES,ALL UTILIZATION PRACTICES,PRICE RECEIVED,$ / CWT,"HOGS, SOWS - PRICE RECEIVED, MEASURED IN $ / CWT",TOTAL,NOT SPECIFIED,NATIONAL,,99,US,US TOTAL,,,,,,,,0,,,9000,UNITED STATES,US TOTAL,1988,MONTHLY,10,10,OCT,,2012-01-01 00:00:00.000,30.2,
SURVEY,ANIMALS & PRODUCTS,LIVESTOCK,HOGS,SOWS,ALL PRODUCTION PRACTICES,ALL UTILIZATION PRACTICES,PRICE RECEIVED,$ / CWT,"HOGS, SOWS - PRICE RECEIVED, MEASURED IN $ / CWT",TOTAL,NOT SPECIFIED,NATIONAL,,99,US,US TOTAL,,,,,,,,0,,,9000,UNITED STATES,US TOTAL,1988,MONTHLY,11,11,NOV,,2012-01-01 00:00:00.000,27.0,
SURVEY,ANIMALS & PRODUCTS,LIVESTOCK,HOGS,SOWS,ALL PRODUCTION PRACTICES,ALL UTILIZATION PRACTICES,PRICE RECEIVED,$ / CWT,"HOGS, SOWS - PRICE RECEIVED, MEASURED IN $ / CWT",TOTAL,NOT SPECIFIED,NATIONAL,,99,US,US TOTAL,,,,,,,,0,,,9000,UNITED STATES,US TOTAL,1988,MONTHLY,12,12,DEC,,2012-01-01 00:00:00.000,28.2,
SURVEY,ANIMALS & PRODUCTS,LIVESTOCK,HOGS,SOWS,ALL PRODUCTION PRACTICES,ALL UTILIZATION PRACTICES,PRICE RECEIVED,$ / CWT,"HOGS, SOWS - PRICE RECEIVED, MEASURED IN $ / CWT",TOTAL,NOT SPECIFIED,NATIONAL,,99,US,US TOTAL,,,,,,,,0,,,9000,UNITED STATES,US TOTAL,1987,MONTHLY,1,1,JAN,,2012-01-01 00:00:00.000,42.2,
SURVEY,ANIMALS & PRODUCTS,LIVESTOCK,HOGS,SOWS,ALL PRODUCTION PRACTICES,ALL UTILIZATION PRACTICES,PRICE RECEIVED,$ / CWT,"HOGS, SOWS - PRICE RECEIVED, MEASURED IN $ / CWT",TOTAL,NOT SPECIFIED,NATIONAL,,99,US,US TOTAL,,,,,,,,0,,,9000,UNITED STATES,US TOTAL,1987,MONTHLY,2,2,FEB,,2012-01-01 00:00:00.000,41.4,
SURVEY,ANIMALS & PRODUCTS,LIVESTOCK,HOGS,SOWS,ALL PRODUCTION PRACTICES,ALL UTILIZATION PRACTICES,PRICE RECEIVED,$ / CWT,"HOGS, SOWS - PRICE RECEIVED, MEASURED IN $ / CWT",TOTAL,NOT SPECIFIED,NATIONAL,,99,US,US TOTAL,,,,,,,,0,,,9000,UNITED STATES,US TOTAL,1987,MONTHLY,3,3,MAR,,2012-01-01 00:00:00.000,41.5,
SURVEY,ANIMALS & PRODUCTS,LIVESTOCK,HOGS,SOWS,ALL PRODUCTION PRACTICES,ALL UTILIZATION PRACTICES,PRICE RECEIVED,$ / CWT,"HOGS, SOWS - PRICE RECEIVED, MEASURED IN $ / CWT",TOTAL,NOT SPECIFIED,NATIONAL,,99,US,US TOTAL,,,,,,,,0,,,9000,UNITED STATES,US TOTAL,1987,MONTHLY,4,4,APR,,2012-01-01 00:00:00.000,44.7,
SURVEY,ANIMALS & PRODUCTS,LIVESTOCK,HOGS,SOWS,ALL PRODUCTION PRACTICES,ALL UTILIZATION PRACTICES,PRICE RECEIVED,$ / CWT,"HOGS, SOWS - PRICE RECEIVED, MEASURED IN $ / CWT",TOTAL,NOT SPECIFIED,NATIONAL,,99,US,US TOTAL,,,,,,,,0,,,9000,UNITED STATES,US TOTAL,1987,MONTHLY,5,5,MAY,,2012-01-01 00:00:00.000,45.3,
SURVEY,ANIMALS & PRODUCTS,LIVESTOCK,HOGS,SOWS,ALL PRODUCTION PRACTICES,ALL UTILIZATION PRACTICES,PRICE RECEIVED,$ / CWT,"HOGS, SOWS - PRICE RECEIVED, MEASURED IN $ / CWT",TOTAL,NOT SPECIFIED,NATIONAL,,99,US,US TOTAL,,,,,,,,0,,,9000,UNITED STATES,US TOTAL,1987,MONTHLY,6,6,JUN,,2012-01-01 00:00:00.000,45.1,
SURVEY,ANIMALS & PRODUCTS,LIVESTOCK,HOGS,SOWS,ALL PRODUCTION PRACTICES,ALL UTILIZATION PRACTICES,PRICE RECEIVED,$ / CWT,"HOGS, SOWS - PRICE RECEIVED, MEASURED IN $ / CWT",TOTAL,NOT SPECIFIED,NATIONAL,,99,US,US TOTAL,,,,,,,,0,,,9000,UNITED STATES,US TOTAL,1987,MONTHLY,7,7,JUL,,2012-01-01 00:00:00.000,46.5,
SURVEY,ANIMALS & PRODUCTS,LIVESTOCK,HOGS,SOWS,ALL PRODUCTION PRACTICES,ALL UTILIZATION PRACTICES,PRICE RECEIVED,$ / CWT,"HOGS, SOWS - PRICE RECEIVED, MEASURED IN $ / CWT",TOTAL,NOT SPECIFIED,NATIONAL,,99,US,US TOTAL,,,,,,,,0,,,9000,UNITED STATES,US TOTAL,1987,MONTHLY,8,8,AUG,,2012-01-01 00:00:00.000,48.1,
SURVEY,ANIMALS & PRODUCTS,LIVESTOCK,HOGS,SOWS,ALL PRODUCTION PRACTICES,ALL UTILIZATION PRACTICES,PRICE RECEIVED,$ / CWT,"HOGS, SOWS - PRICE RECEIVED, MEASURED IN $ / CWT",TOTAL,NOT SPECIFIED,NATIONAL,,99,US,US TOTAL,,,,,,,,0,,,9000,UNITED STATES,US TOTAL,1987,MONTHLY,9,9,SEP,,2012-01-01 00:00:00.000,48.1,
SURVEY,ANIMALS & PRODUCTS,LIVESTOCK,HOGS,SOWS,ALL PRODUCTION PRACTICES,ALL UTILIZATION PRACTICES,PRICE RECEIVED,$ / CWT,"HOGS, SOWS - PRICE RECEIVED, MEASURED IN $ / CWT",TOTAL,NOT SPECIFIED,NATIONAL,,99,US,US TOTAL,,,,,,,,0,,,9000,UNITED STATES,US TOTAL,1987,MONTHLY,10,10,OCT,,2012-01-01 00:00:00.000,43.5,
SURVEY,ANIMALS & PRODUCTS,LIVESTOCK,HOGS,SOWS,ALL PRODUCTION PRACTICES,ALL UTILIZATION PRACTICES,PRICE RECEIVED,$ / CWT,"HOGS, SOWS - PRICE RECEIVED, MEASURED IN $ / CWT",TOTAL,NOT SPECIFIED,NATIONAL,,99,US,US TOTAL,,,,,,,,0,,,9000,UNITED STATES,US TOTAL,1987,MONTHLY,11,11,NOV,,2012-01-01 00:00:00.000,33.9,
SURVEY,ANIMALS & PRODUCTS,LIVESTOCK,HOGS,SOWS,ALL PRODUCTION PRACTICES,ALL UTILIZATION PRACTICES,PRICE RECEIVED,$ / CWT,"HOGS, SOWS - PRICE RECEIVED, MEASURED IN $ / CWT",TOTAL,NOT SPECIFIED,NATIONAL,,99,US,US TOTAL,,,,,,,,0,,,9000,UNITED STATES,US TOTAL,1987,MONTHLY,12,12,DEC,,2012-01-01 00:00:00.000,31.1,
SURVEY,ANIMALS & PRODUCTS,LIVESTOCK,HOGS,SOWS,ALL PRODUCTION PRACTICES,ALL UTILIZATION PRACTICES,PRICE RECEIVED,$ / CWT,"HOGS, SOWS - PRICE RECEIVED, MEASURED IN $ / CWT",TOTAL,NOT SPECIFIED,NATIONAL,,99,US,US TOTAL,,,,,,,,0,,,9000,UNITED STATES,US TOTAL,1986,MONTHLY,1,1,JAN,,2012-01-01 00:00:00.000,36.5,
SURVEY,ANIMALS & PRODUCTS,LIVESTOCK,HOGS,SOWS,ALL PRODUCTION PRACTICES,ALL UTILIZATION PRACTICES,PRICE RECEIVED,$ / CWT,"HOGS, SOWS - PRICE RECEIVED, MEASURED IN $ / CWT",TOTAL,NOT SPECIFIED,NATIONAL,,99,US,US TOTAL,,,,,,,,0,,,9000,UNITED STATES,US TOTAL,1986,MONTHLY,2,2,FEB,,2012-01-01 00:00:00.000,37.5,
SURVEY,ANIMALS & PRODUCTS,LIVESTOCK,HOGS,SOWS,ALL PRODUCTION PRACTICES,ALL UTILIZATION PRACTICES,PRICE RECEIVED,$ / CWT,"HOGS, SOWS - PRICE RECEIVED, MEASURED IN $ / CWT",TOTAL,NOT SPECIFIED,NATIONAL,,99,US,US TOTAL,,,,,,,,0,,,9000,UNITED STATES,US TOTAL,1986,MONTHLY,3,3,MAR,,2012-01-01 00:00:00.000,36.8,
SURVEY,ANIMALS & PRODUCTS,LIVESTOCK,HOGS,SOWS,ALL PRODUCTION PRACTICES,ALL UTILIZATION PRACTICES,PRICE RECEIVED,$ / CWT,"HOGS, SOWS - PRICE RECEIVED, MEASURED IN $ / CWT",TOTAL,NOT SPECIFIED,NATIONAL,,99,US,US TOTAL,,,,,,,,0,,,9000,UNITED STATES,US TOTAL,1986,MONTHLY,4,4,APR,,2012-01-01 00:00:00.000,37.0,
SURVEY,ANIMALS & PRODUCTS,LIVESTOCK,HOGS,SOWS,ALL PRODUCTION PRACTICES,ALL UTILIZATION PRACTICES,PRICE RECEIVED,$ / CWT,"HOGS, SOWS - PRICE RECEIVED, MEASURED IN $ / CWT",TOTAL,NOT SPECIFIED,NATIONAL,,99,US,US TOTAL,,,,,,,,0,,,9000,UNITED STATES,US TOTAL,1986,MONTHLY,5,5,MAY,,2012-01-01 00:00:00.000,39.7,
SURVEY,ANIMALS & PRODUCTS,LIVESTOCK,HOGS,SOWS,ALL PRODUCTION PRACTICES,ALL UTILIZATION PRACTICES,PRICE RECEIVED,$ / CWT,"HOGS, SOWS - PRICE RECEIVED, MEASURED IN $ / CWT",TOTAL,NOT SPECIFIED,NATIONAL,,99,US,US TOTAL,,,,,,,,0,,,9000,UNITED STATES,US TOTAL,1986,MONTHLY,6,6,JUN,,2012-01-01 00:00:00.000,44.4,
SURVEY,ANIMALS & PRODUCTS,LIVESTOCK,HOGS,SOWS,ALL PRODUCTION PRACTICES,ALL UTILIZATION PRACTICES,PRICE RECEIVED,$ / CWT,"HOGS, SOWS - PRICE RECEIVED, MEASURED IN $ / CWT",TOTAL,NOT SPECIFIED,NATIONAL,,99,US,US TOTAL,,,,,,,,0,,,9000,UNITED STATES,US TOTAL,1986,MONTHLY,7,7,JUL,,2012-01-01 00:00:00.000,48.8,
SURVEY,ANIMALS & PRODUCTS,LIVESTOCK,HOGS,SOWS,ALL PRODUCTION PRACTICES,ALL UTILIZATION PRACTICES,PRICE RECEIVED,$ / CWT,"HOGS, SOWS - PRICE RECEIVED, MEASURED IN $ / CWT",TOTAL,NOT SPECIFIED,NATIONAL,,99,US,US TOTAL,,,,,,,,0,,,9000,UNITED STATES,US TOTAL,1986,MONTHLY,8,8,AUG,,2012-01-01 00:00:00.000,53.6,
SURVEY,ANIMALS & PRODUCTS,LIVESTOCK,HOGS,SOWS,ALL PRODUCTION PRACTICES,ALL UTILIZATION PRACTICES,PRICE RECEIVED,$ / CWT,"HOGS, SOWS - PRICE RECEIVED, MEASURED IN $ / CWT",TOTAL,NOT SPECIFIED,NATIONAL,,99,US,US TOTAL,,,,,,,,0,,,9000,UNITED STATES,US TOTAL,1986,MONTHLY,9,9,SEP,,2012-01-01 00:00:00.000,53.6,
SURVEY,ANIMALS & PRODUCTS,LIVESTOCK,HOGS,SOWS,ALL PRODUCTION PRACTICES,ALL UTILIZATION PRACTICES,PRICE RECEIVED,$ / CWT,"HOGS, SOWS - PRICE RECEIVED, MEASURED IN $ / CWT",TOTAL,NOT SPECIFIED,NATIONAL,,99,US,US TOTAL,,,,,,,,0,,,9000,UNITED STATES,US TOTAL,1986,MONTHLY,10,10,OCT,,2012-01-01 00:00:00.000,48.5,
SURVEY,ANIMALS & PRODUCTS,LIVESTOCK,HOGS,SOWS,ALL PRODUCTION PRACTICES,ALL UTILIZATION PRACTICES,PRICE RECEIVED,$ / CWT,"HOGS, SOWS - PRICE RECEIVED, MEASURED IN $ / CWT",TOTAL,NOT SPECIFIED,NATIONAL,,99,US,US TOTAL,,,,,,,,0,,,9000,UNITED STATES,US TOTAL,1986,MONTHLY,11,11,NOV,,2012-01-01 00:00:00.000,46.6,
SURVEY,ANIMALS & PRODUCTS,LIVESTOCK,HOGS,SOWS,ALL PRODUCTION PRACTICES,ALL UTILIZATION PRACTICES,PRICE RECEIVED,$ / CWT,"HOGS, SOWS - PRICE RECEIVED, MEASURED IN $ / CWT",TOTAL,NOT SPECIFIED,NATIONAL,,99,US,US TOTAL,,,,,,,,0,,,9000,UNITED STATES,US TOTAL,1986,MONTHLY,12,12,DEC,,2012-01-01 00:00:00.000,42.0,
SURVEY,ANIMALS & PRODUCTS,LIVESTOCK,HOGS,SOWS,ALL PRODUCTION PRACTICES,ALL UTILIZATION PRACTICES,PRICE RECEIVED,$ / CWT,"HOGS, SOWS - PRICE RECEIVED, MEASURED IN $ / CWT",TOTAL,NOT SPECIFIED,NATIONAL,,99,US,US TOTAL,,,,,,,,0,,,9000,UNITED STATES,US TOTAL,1985,MONTHLY,1,1,JAN,,2012-01-01 00:00:00.000,41.1,
SURVEY,ANIMALS & PRODUCTS,LIVESTOCK,HOGS,SOWS,ALL PRODUCTION PRACTICES,ALL UTILIZATION PRACTICES,PRICE RECEIVED,$ / CWT,"HOGS, SOWS - PRICE RECEIVED, MEASURED IN $ / CWT",TOTAL,NOT SPECIFIED,NATIONAL,,99,US,US TOTAL,,,,,,,,0,,,9000,UNITED STATES,US TOTAL,1985,MONTHLY,2,2,FEB,,2012-01-01 00:00:00.000,44.0,
SURVEY,ANIMALS & PRODUCTS,LIVESTOCK,HOGS,SOWS,ALL PRODUCTION PRACTICES,ALL UTILIZATION PRACTICES,PRICE RECEIVED,$ / CWT,"HOGS, SOWS - PRICE RECEIVED, MEASURED IN $ / CWT",TOTAL,NOT SPECIFIED,NATIONAL,,99,US,US TOTAL,,,,,,,,0,,,9000,UNITED STATES,US TOTAL,1985,MONTHLY,3,3,MAR,,2012-01-01 00:00:00.000,41.1,
SURVEY,ANIMALS & PRODUCTS,LIVESTOCK,HOGS,SOWS,ALL PRODUCTION PRACTICES,ALL UTILIZATION PRACTICES,PRICE RECEIVED,$ / CWT,"HOGS, SOWS - PRICE RECEIVED, MEASURED IN $ / CWT",TOTAL,NOT SPECIFIED,NATIONAL,,99,US,US TOTAL,,,,,,,,0,,,9000,UNITED STATES,US TOTAL,1985,MONTHLY,4,4,APR,,2012-01-01 00:00:00.000,39.9,
SURVEY,ANIMALS & PRODUCTS,LIVESTOCK,HOGS,SOWS,ALL PRODUCTION PRACTICES,ALL UTILIZATION PRACTICES,PRICE RECEIVED,$ / CWT,"HOGS, SOWS - PRICE RECEIVED, MEASURED IN $ / CWT",TOTAL,NOT SPECIFIED,NATIONAL,,99,US,US TOTAL,,,,,,,,0,,,9000,UNITED STATES,US TOTAL,1985,MONTHLY,5,5,MAY,,2012-01-01 00:00:00.000,36.9,
SURVEY,ANIMALS & PRODUCTS,LIVESTOCK,HOGS,SOWS,ALL PRODUCTION PRACTICES,ALL UTILIZATION PRACTICES,PRICE RECEIVED,$ / CWT,"HOGS, SOWS - PRICE RECEIVED, MEASURED IN $ / CWT",TOTAL,NOT SPECIFIED,NATIONAL,,99,US,US TOTAL,,,,,,,,0,,,9000,UNITED STATES,US TOTAL,1985,MONTHLY,6,6,JUN,,2012-01-01 00:00:00.000,37.0,
SURVEY,ANIMALS & PRODUCTS,LIVESTOCK,HOGS,SOWS,ALL PRODUCTION PRACTICES,ALL UTILIZATION PRACTICES,PRICE RECEIVED,$ / CWT,"HOGS, SOWS - PRICE RECEIVED, MEASURED IN $ / CWT",TOTAL,NOT SPECIFIED,NATIONAL,,99,US,US TOTAL,,,,,,,,0,,,9000,UNITED STATES,US TOTAL,1985,MONTHLY,7,7,JUL,,2012-01-01 00:00:00.000,36.6,
SURVEY,ANIMALS & PRODUCTS,LIVESTOCK,HOGS,SOWS,ALL PRODUCTION PRACTICES,ALL UTILIZATION PRACTICES,PRICE RECEIVED,$ / CWT,"HOGS, SOWS - PRICE RECEIVED, MEASURED IN $ / CWT",TOTAL,NOT SPECIFIED,NATIONAL,,99,US,US TOTAL,,,,,,,,0,,,9000,UNITED STATES,US TOTAL,1985,MONTHLY,8,8,AUG,,2012-01-01 00:00:00.000,35.3,
SURVEY,ANIMALS & PRODUCTS,LIVESTOCK,HOGS,SOWS,ALL PRODUCTION PRACTICES,ALL UTILIZATION PRACTICES,PRICE RECEIVED,$ / CWT,"HOGS, SOWS - PRICE RECEIVED, MEASURED IN $ / CWT",TOTAL,NOT SPECIFIED,NATIONAL,,99,US,US TOTAL,,,,,,,,0,,,9000,UNITED STATES,US TOTAL,1985,MONTHLY,9,9,SEP,,2012-01-01 00:00:00.000,34.1,
SURVEY,ANIMALS & PRODUCTS,LIVESTOCK,HOGS,SOWS,ALL PRODUCTION PRACTICES,ALL UTILIZATION PRACTICES,PRICE RECEIVED,$ / CWT,"HOGS, SOWS - PRICE RECEIVED, MEASURED IN $ / CWT",TOTAL,NOT SPECIFIED,NATIONAL,,99,US,US TOTAL,,,,,,,,0,,,9000,UNITED STATES,US TOTAL,1985,MONTHLY,10,10,OCT,,2012-01-01 00:00:00.000,36.0,
SURVEY,ANIMALS & PRODUCTS,LIVESTOCK,HOGS,SOWS,ALL PRODUCTION PRACTICES,ALL UTILIZATION PRACTICES,PRICE RECEIVED,$ / CWT,"HOGS, SOWS - PRICE RECEIVED, MEASURED IN $ / CWT",TOTAL,NOT SPECIFIED,NATIONAL,,99,US,US TOTAL,,,,,,,,0,,,9000,UNITED STATES,US TOTAL,1985,MONTHLY,11,11,NOV,,2012-01-01 00:00:00.000,37.2,
SURVEY,ANIMALS & PRODUCTS,LIVESTOCK,HOGS,SOWS,ALL PRODUCTION PRACTICES,ALL UTILIZATION PRACTICES,PRICE RECEIVED,$ / CWT,"HOGS, SOWS - PRICE RECEIVED, MEASURED IN $ / CWT",TOTAL,NOT SPECIFIED,NATIONAL,,99,US,US TOTAL,,,,,,,,0,,,9000,UNITED STATES,US TOTAL,1985,MONTHLY,12,12,DEC,,2012-01-01 00:00:00.000,36.7,
SURVEY,ANIMALS & PRODUCTS,LIVESTOCK,HOGS,SOWS,ALL PRODUCTION PRACTICES,ALL UTILIZATION PRACTICES,PRICE RECEIVED,$ / CWT,"HOGS, SOWS - PRICE RECEIVED, MEASURED IN $ / CWT",TOTAL,NOT SPECIFIED,NATIONAL,,99,US,US TOTAL,,,,,,,,0,,,9000,UNITED STATES,US TOTAL,1984,MONTHLY,1,1,JAN,,2012-01-01 00:00:00.000,42.9,
SURVEY,ANIMALS & PRODUCTS,LIVESTOCK,HOGS,SOWS,ALL PRODUCTION PRACTICES,ALL UTILIZATION PRACTICES,PRICE RECEIVED,$ / CWT,"HOGS, SOWS - PRICE RECEIVED, MEASURED IN $ / CWT",TOTAL,NOT SPECIFIED,NATIONAL,,99,US,US TOTAL,,,,,,,,0,,,9000,UNITED STATES,US TOTAL,1984,MONTHLY,2,2,FEB,,2012-01-01 00:00:00.000,42.3,
SURVEY,ANIMALS & PRODUCTS,LIVESTOCK,HOGS,SOWS,ALL PRODUCTION PRACTICES,ALL UTILIZATION PRACTICES,PRICE RECEIVED,$ / CWT,"HOGS, SOWS - PRICE RECEIVED, MEASURED IN $ / CWT",TOTAL,NOT SPECIFIED,NATIONAL,,99,US,US TOTAL,,,,,,,,0,,,9000,UNITED STATES,US TOTAL,1984,MONTHLY,3,3,MAR,,2012-01-01 00:00:00.000,43.0,
SURVEY,ANIMALS & PRODUCTS,LIVESTOCK,HOGS,SOWS,ALL PRODUCTION PRACTICES,ALL UTILIZATION PRACTICES,PRICE RECEIVED,$ / CWT,"HOGS, SOWS - PRICE RECEIVED, MEASURED IN $ / CWT",TOTAL,NOT SPECIFIED,NATIONAL,,99,US,US TOTAL,,,,,,,,0,,,9000,UNITED STATES,US TOTAL,1984,MONTHLY,4,4,APR,,2012-01-01 00:00:00.000,44.1,
SURVEY,ANIMALS & PRODUCTS,LIVESTOCK,HOGS,SOWS,ALL PRODUCTION PRACTICES,ALL UTILIZATION PRACTICES,PRICE RECEIVED,$ / CWT,"HOGS, SOWS - PRICE RECEIVED, MEASURED IN $ / CWT",TOTAL,NOT SPECIFIED,NATIONAL,,99,US,US TOTAL,,,,,,,,0,,,9000,UNITED STATES,US TOTAL,1984,MONTHLY,5,5,MAY,,2012-01-01 00:00:00.000,42.6,
SURVEY,ANIMALS & PRODUCTS,LIVESTOCK,HOGS,SOWS,ALL PRODUCTION PRACTICES,ALL UTILIZATION PRACTICES,PRICE RECEIVED,$ / CWT,"HOGS, SOWS - PRICE RECEIVED, MEASURED IN $ / CWT",TOTAL,NOT SPECIFIED,NATIONAL,,99,US,US TOTAL,,,,,,,,0,,,9000,UNITED STATES,US TOTAL,1984,MONTHLY,6,6,JUN,,2012-01-01 00:00:00.000,42.1,
SURVEY,ANIMALS & PRODUCTS,LIVESTOCK,HOGS,SOWS,ALL PRODUCTION PRACTICES,ALL UTILIZATION PRACTICES,PRICE RECEIVED,$ / CWT,"HOGS, SOWS - PRICE RECEIVED, MEASURED IN $ / CWT",TOTAL,NOT SPECIFIED,NATIONAL,,99,US,US TOTAL,,,,,,,,0,,,9000,UNITED STATES,US TOTAL,1984,MONTHLY,7,7,JUL,,2012-01-01 00:00:00.000,42.9,
SURVEY,ANIMALS & PRODUCTS,LIVESTOCK,HOGS,SOWS,ALL PRODUCTION PRACTICES,ALL UTILIZATION PRACTICES,PRICE RECEIVED,$ / CWT,"HOGS, SOWS - PRICE RECEIVED, MEASURED IN $ / CWT",TOTAL,NOT SPECIFIED,NATIONAL,,99,US,US TOTAL,,,,,,,,0,,,9000,UNITED STATES,US TOTAL,1984,MONTHLY,8,8,AUG,,2012-01-01 00:00:00.000,42.7,
SURVEY,ANIMALS & PRODUCTS,LIVESTOCK,HOGS,SOWS,ALL PRODUCTION PRACTICES,ALL UTILIZATION PRACTICES,PRICE RECEIVED,$ / CWT,"HOGS, SOWS - PRICE RECEIVED, MEASURED IN $ / CWT",TOTAL,NOT SPECIFIED,NATIONAL,,99,US,US TOTAL,,,,,,,,0,,,9000,UNITED STATES,US TOTAL,1984,MONTHLY,9,9,SEP,,2012-01-01 00:00:00.000,40.2,
SURVEY,ANIMALS & PRODUCTS,LIVESTOCK,HOGS,SOWS,ALL PRODUCTION PRACTICES,ALL UTILIZATION PRACTICES,PRICE RECEIVED,$ / CWT,"HOGS, SOWS - PRICE RECEIVED, MEASURED IN $ / CWT",TOTAL,NOT SPECIFIED,NATIONAL,,99,US,US TOTAL,,,,,,,,0,,,9000,UNITED STATES,US TOTAL,1984,MONTHLY,10,10,OCT,,2012-01-01 00:00:00.000,38.6,
SURVEY,ANIMALS & PRODUCTS,LIVESTOCK,HOGS,SOWS,ALL PRODUCTION PRACTICES,ALL UTILIZATION PRACTICES,PRICE RECEIVED,$ / CWT,"HOGS, SOWS - PRICE RECEIVED, MEASURED IN $ / CWT",TOTAL,NOT SPECIFIED,NATIONAL,,99,US,US TOTAL,,,,,,,,0,,,9000,UNITED STATES,US TOTAL,1984,MONTHLY,11,11,NOV,,2012-01-01 00:00:00.000,40.6,
SURVEY,ANIMALS & PRODUCTS,LIVESTOCK,HOGS,SOWS,ALL PRODUCTION PRACTICES,ALL UTILIZATION PRACTICES,PRICE RECEIVED,$ / CWT,"HOGS, SOWS - PRICE RECEIVED, MEASURED IN $ / CWT",TOTAL,NOT SPECIFIED,NATIONAL,,99,US,US TOTAL,,,,,,,,0,,,9000,UNITED STATES,US TOTAL,1984,MONTHLY,12,12,DEC,,2012-01-01 00:00:00.000,39.4,
SURVEY,ANIMALS & PRODUCTS,LIVESTOCK,HOGS,SOWS,ALL PRODUCTION PRACTICES,ALL UTILIZATION PRACTICES,PRICE RECEIVED,$ / CWT,"HOGS, SOWS - PRICE RECEIVED, MEASURED IN $ / CWT",TOTAL,NOT SPECIFIED,NATIONAL,,99,US,US TOTAL,,,,,,,,0,,,9000,UNITED STATES,US TOTAL,1983,MONTHLY,1,1,JAN,,2012-01-01 00:00:00.000,48.3,
SURVEY,ANIMALS & PRODUCTS,LIVESTOCK,HOGS,SOWS,ALL PRODUCTION PRACTICES,ALL UTILIZATION PRACTICES,PRICE RECEIVED,$ / CWT,"HOGS, SOWS - PRICE RECEIVED, MEASURED IN $ / CWT",TOTAL,NOT SPECIFIED,NATIONAL,,99,US,US TOTAL,,,,,,,,0,,,9000,UNITED STATES,US TOTAL,1983,MONTHLY,2,2,FEB,,2012-01-01 00:00:00.000,51.7,
SURVEY,ANIMALS & PRODUCTS,LIVESTOCK,HOGS,SOWS,ALL PRODUCTION PRACTICES,ALL UTILIZATION PRACTICES,PRICE RECEIVED,$ / CWT,"HOGS, SOWS - PRICE RECEIVED, MEASURED IN $ / CWT",TOTAL,NOT SPECIFIED,NATIONAL,,99,US,US TOTAL,,,,,,,,0,,,9000,UNITED STATES,US TOTAL,1983,MONTHLY,3,3,MAR,,2012-01-01 00:00:00.000,47.4,
SURVEY,ANIMALS & PRODUCTS,LIVESTOCK,HOGS,SOWS,ALL PRODUCTION PRACTICES,ALL UTILIZATION PRACTICES,PRICE RECEIVED,$ / CWT,"HOGS, SOWS - PRICE RECEIVED, MEASURED IN $ / CWT",TOTAL,NOT SPECIFIED,NATIONAL,,99,US,US TOTAL,,,,,,,,0,,,9000,UNITED STATES,US TOTAL,1983,MONTHLY,4,4,APR,,2012-01-01 00:00:00.000,43.7,
SURVEY,ANIMALS & PRODUCTS,LIVESTOCK,HOGS,SOWS,ALL PRODUCTION PRACTICES,ALL UTILIZATION PRACTICES,PRICE RECEIVED,$ / CWT,"HOGS, SOWS - PRICE RECEIVED, MEASURED IN $ / CWT",TOTAL,NOT SPECIFIED,NATIONAL,,99,US,US TOTAL,,,,,,,,0,,,9000,UNITED STATES,US TOTAL,1983,MONTHLY,5,5,MAY,,2012-01-01 00:00:00.000,41.0,
SURVEY,ANIMALS & PRODUCTS,LIVESTOCK,HOGS,SOWS,ALL PRODUCTION PRACTICES,ALL UTILIZATION PRACTICES,PRICE RECEIVED,$ / CWT,"HOGS, SOWS - PRICE RECEIVED, MEASURED IN $ / CWT",TOTAL,NOT SPECIFIED,NATIONAL,,99,US,US TOTAL,,,,,,,,0,,,9000,UNITED STATES,US TOTAL,1983,MONTHLY,6,6,JUN,,2012-01-01 00:00:00.000,35.7,
SURVEY,ANIMALS & PRODUCTS,LIVESTOCK,HOGS,SOWS,ALL PRODUCTION PRACTICES,ALL UTILIZATION PRACTICES,PRICE RECEIVED,$ / CWT,"HOGS, SOWS - PRICE RECEIVED, MEASURED IN $ / CWT",TOTAL,NOT SPECIFIED,NATIONAL,,99,US,US TOTAL,,,,,,,,0,,,9000,UNITED STATES,US TOTAL,1983,MONTHLY,7,7,JUL,,2012-01-01 00:00:00.000,33.9,
SURVEY,ANIMALS & PRODUCTS,LIVESTOCK,HOGS,SOWS,ALL PRODUCTION PRACTICES,ALL UTILIZATION PRACTICES,PRICE RECEIVED,$ / CWT,"HOGS, SOWS - PRICE RECEIVED, MEASURED IN $ / CWT",TOTAL,NOT SPECIFIED,NATIONAL,,99,US,US TOTAL,,,,,,,,0,,,9000,UNITED STATES,US TOTAL,1983,MONTHLY,8,8,AUG,,2012-01-01 00:00:00.000,36.7,
SURVEY,ANIMALS & PRODUCTS,LIVESTOCK,HOGS,SOWS,ALL PRODUCTION PRACTICES,ALL UTILIZATION PRACTICES,PRICE RECEIVED,$ / CWT,"HOGS, SOWS - PRICE RECEIVED, MEASURED IN $ / CWT",TOTAL,NOT SPECIFIED,NATIONAL,,99,US,US TOTAL,,,,,,,,0,,,9000,UNITED STATES,US TOTAL,1983,MONTHLY,9,9,SEP,,2012-01-01 00:00:00.000,38.5,
SURVEY,ANIMALS & PRODUCTS,LIVESTOCK,HOGS,SOWS,ALL PRODUCTION PRACTICES,ALL UTILIZATION PRACTICES,PRICE RECEIVED,$ / CWT,"HOGS, SOWS - PRICE RECEIVED, MEASURED IN $ / CWT",TOTAL,NOT SPECIFIED,NATIONAL,,99,US,US TOTAL,,,,,,,,0,,,9000,UNITED STATES,US TOTAL,1983,MONTHLY,10,10,OCT,,2012-01-01 00:00:00.000,35.7,
SURVEY,ANIMALS & PRODUCTS,LIVESTOCK,HOGS,SOWS,ALL PRODUCTION PRACTICES,ALL UTILIZATION PRACTICES,PRICE RECEIVED,$ / CWT,"HOGS, SOWS - PRICE RECEIVED, MEASURED IN $ / CWT",TOTAL,NOT SPECIFIED,NATIONAL,,99,US,US TOTAL,,,,,,,,0,,,9000,UNITED STATES,US TOTAL,1983,MONTHLY,11,11,NOV,,2012-01-01 00:00:00.000,32.0,
SURVEY,ANIMALS & PRODUCTS,LIVESTOCK,HOGS,SOWS,ALL PRODUCTION PRACTICES,ALL UTILIZATION PRACTICES,PRICE RECEIVED,$ / CWT,"HOGS, SOWS - PRICE RECEIVED, MEASURED IN $ / CWT",TOTAL,NOT SPECIFIED,NATIONAL,,99,US,US TOTAL,,,,,,,,0,,,9000,UNITED STATES,US TOTAL,1983,MONTHLY,12,12,DEC,,2012-01-01 00:00:00.000,36.2,
SURVEY,ANIMALS & PRODUCTS,LIVESTOCK,HOGS,SOWS,ALL PRODUCTION PRACTICES,ALL UTILIZATION PRACTICES,PRICE RECEIVED,$ / CWT,"HOGS, SOWS - PRICE RECEIVED, MEASURED IN $ / CWT",TOTAL,NOT SPECIFIED,NATIONAL,,99,US,US TOTAL,,,,,,,,0,,,9000,UNITED STATES,US TOTAL,1982,MONTHLY,1,1,JAN,,2012-01-01 00:00:00.000,37.5,
SURVEY,ANIMALS & PRODUCTS,LIVESTOCK,HOGS,SOWS,ALL PRODUCTION PRACTICES,ALL UTILIZATION PRACTICES,PRICE RECEIVED,$ / CWT,"HOGS, SOWS - PRICE RECEIVED, MEASURED IN $ / CWT",TOTAL,NOT SPECIFIED,NATIONAL,,99,US,US TOTAL,,,,,,,,0,,,9000,UNITED STATES,US TOTAL,1982,MONTHLY,2,2,FEB,,2012-01-01 00:00:00.000,43.2,
SURVEY,ANIMALS & PRODUCTS,LIVESTOCK,HOGS,SOWS,ALL PRODUCTION PRACTICES,ALL UTILIZATION PRACTICES,PRICE RECEIVED,$ / CWT,"HOGS, SOWS - PRICE RECEIVED, MEASURED IN $ / CWT",TOTAL,NOT SPECIFIED,NATIONAL,,99,US,US TOTAL,,,,,,,,0,,,9000,UNITED STATES,US TOTAL,1982,MONTHLY,3,3,MAR,,2012-01-01 00:00:00.000,44.6,
SURVEY,ANIMALS & PRODUCTS,LIVESTOCK,HOGS,SOWS,ALL PRODUCTION PRACTICES,ALL UTILIZATION PRACTICES,PRICE RECEIVED,$ / CWT,"HOGS, SOWS - PRICE RECEIVED, MEASURED IN $ / CWT",TOTAL,NOT SPECIFIED,NATIONAL,,99,US,US TOTAL,,,,,,,,0,,,9000,UNITED STATES,US TOTAL,1982,MONTHLY,4,4,APR,,2012-01-01 00:00:00.000,48.0,
SURVEY,ANIMALS & PRODUCTS,LIVESTOCK,HOGS,SOWS,ALL PRODUCTION PRACTICES,ALL UTILIZATION PRACTICES,PRICE RECEIVED,$ / CWT,"HOGS, SOWS - PRICE RECEIVED, MEASURED IN $ / CWT",TOTAL,NOT SPECIFIED,NATIONAL,,99,US,US TOTAL,,,,,,,,0,,,9000,UNITED STATES,US TOTAL,1982,MONTHLY,5,5,MAY,,2012-01-01 00:00:00.000,52.2,
SURVEY,ANIMALS & PRODUCTS,LIVESTOCK,HOGS,SOWS,ALL PRODUCTION PRACTICES,ALL UTILIZATION PRACTICES,PRICE RECEIVED,$ / CWT,"HOGS, SOWS - PRICE RECEIVED, MEASURED IN $ / CWT",TOTAL,NOT SPECIFIED,NATIONAL,,99,US,US TOTAL,,,,,,,,0,,,9000,UNITED STATES,US TOTAL,1982,MONTHLY,6,6,JUN,,2012-01-01 00:00:00.000,51.1,
SURVEY,ANIMALS & PRODUCTS,LIVESTOCK,HOGS,SOWS,ALL PRODUCTION PRACTICES,ALL UTILIZATION PRACTICES,PRICE RECEIVED,$ / CWT,"HOGS, SOWS - PRICE RECEIVED, MEASURED IN $ / CWT",TOTAL,NOT SPECIFIED,NATIONAL,,99,US,US TOTAL,,,,,,,,0,,,9000,UNITED STATES,US TOTAL,1982,MONTHLY,7,7,JUL,,2012-01-01 00:00:00.000,51.7,
SURVEY,ANIMALS & PRODUCTS,LIVESTOCK,HOGS,SOWS,ALL PRODUCTION PRACTICES,ALL UTILIZATION PRACTICES,PRICE RECEIVED,$ / CWT,"HOGS, SOWS - PRICE RECEIVED, MEASURED IN $ / CWT",TOTAL,NOT SPECIFIED,NATIONAL,,99,US,US TOTAL,,,,,,,,0,,,9000,UNITED STATES,US TOTAL,1982,MONTHLY,8,8,AUG,,2012-01-01 00:00:00.000,53.7,
SURVEY,ANIMALS & PRODUCTS,LIVESTOCK,HOGS,SOWS,ALL PRODUCTION PRACTICES,ALL UTILIZATION PRACTICES,PRICE RECEIVED,$ / CWT,"HOGS, SOWS - PRICE RECEIVED, MEASURED IN $ / CWT",TOTAL,NOT SPECIFIED,NATIONAL,,99,US,US TOTAL,,,,,,,,0,,,9000,UNITED STATES,US TOTAL,1982,MONTHLY,9,9,SEP,,2012-01-01 00:00:00.000,54.9,
SURVEY,ANIMALS & PRODUCTS,LIVESTOCK,HOGS,SOWS,ALL PRODUCTION PRACTICES,ALL UTILIZATION PRACTICES,PRICE RECEIVED,$ / CWT,"HOGS, SOWS - PRICE RECEIVED, MEASURED IN $ / CWT",TOTAL,NOT SPECIFIED,NATIONAL,,99,US,US TOTAL,,,,,,,,0,,,9000,UNITED STATES,US TOTAL,1982,MONTHLY,10,10,OCT,,2012-01-01 00:00:00.000,52.5,
SURVEY,ANIMALS & PRODUCTS,LIVESTOCK,HOGS,SOWS,ALL PRODUCTION PRACTICES,ALL UTILIZATION PRACTICES,PRICE RECEIVED,$ / CWT,"HOGS, SOWS - PRICE RECEIVED, MEASURED IN $ / CWT",TOTAL,NOT SPECIFIED,NATIONAL,,99,US,US TOTAL,,,,,,,,0,,,9000,UNITED STATES,US TOTAL,1982,MONTHLY,11,11,NOV,,2012-01-01 00:00:00.000,47.3,
SURVEY,ANIMALS & PRODUCTS,LIVESTOCK,HOGS,SOWS,ALL PRODUCTION PRACTICES,ALL UTILIZATION PRACTICES,PRICE RECEIVED,$ / CWT,"HOGS, SOWS - PRICE RECEIVED, MEASURED IN $ / CWT",TOTAL,NOT SPECIFIED,NATIONAL,,99,US,US TOTAL,,,,,,,,0,,,9000,UNITED STATES,US TOTAL,1982,MONTHLY,12,12,DEC,,2012-01-01 00:00:00.000,45.8,
SURVEY,ANIMALS & PRODUCTS,LIVESTOCK,HOGS,SOWS,ALL PRODUCTION PRACTICES,ALL UTILIZATION PRACTICES,PRICE RECEIVED,$ / CWT,"HOGS, SOWS - PRICE RECEIVED, MEASURED IN $ / CWT",TOTAL,NOT SPECIFIED,NATIONAL,,99,US,US TOTAL,,,,,,,,0,,,9000,UNITED STATES,US TOTAL,1981,MONTHLY,1,1,JAN,,2012-01-01 00:00:00.000,37.4,
SURVEY,ANIMALS & PRODUCTS,LIVESTOCK,HOGS,SOWS,ALL PRODUCTION PRACTICES,ALL UTILIZATION PRACTICES,PRICE RECEIVED,$ / CWT,"HOGS, SOWS - PRICE RECEIVED, MEASURED IN $ / CWT",TOTAL,NOT SPECIFIED,NATIONAL,,99,US,US TOTAL,,,,,,,,0,,,9000,UNITED STATES,US TOTAL,1981,MONTHLY,2,2,FEB,,2012-01-01 00:00:00.000,37.6,
SURVEY,ANIMALS & PRODUCTS,LIVESTOCK,HOGS,SOWS,ALL PRODUCTION PRACTICES,ALL UTILIZATION PRACTICES,PRICE RECEIVED,$ / CWT,"HOGS, SOWS - PRICE RECEIVED, MEASURED IN $ / CWT",TOTAL,NOT SPECIFIED,NATIONAL,,99,US,US TOTAL,,,,,,,,0,,,9000,UNITED STATES,US TOTAL,1981,MONTHLY,3,3,MAR,,2012-01-01 00:00:00.000,35.8,
SURVEY,ANIMALS & PRODUCTS,LIVESTOCK,HOGS,SOWS,ALL PRODUCTION PRACTICES,ALL UTILIZATION PRACTICES,PRICE RECEIVED,$ / CWT,"HOGS, SOWS - PRICE RECEIVED, MEASURED IN $ / CWT",TOTAL,NOT SPECIFIED,NATIONAL,,99,US,US TOTAL,,,,,,,,0,,,9000,UNITED STATES,US TOTAL,1981,MONTHLY,4,4,APR,,2012-01-01 00:00:00.000,35.6,
SURVEY,ANIMALS & PRODUCTS,LIVESTOCK,HOGS,SOWS,ALL PRODUCTION PRACTICES,ALL UTILIZATION PRACTICES,PRICE RECEIVED,$ / CWT,"HOGS, SOWS - PRICE RECEIVED, MEASURED IN $ / CWT",TOTAL,NOT SPECIFIED,NATIONAL,,99,US,US TOTAL,,,,,,,,0,,,9000,UNITED STATES,US TOTAL,1981,MONTHLY,5,5,MAY,,2012-01-01 00:00:00.000,36.4,
SURVEY,ANIMALS & PRODUCTS,LIVESTOCK,HOGS,SOWS,ALL PRODUCTION PRACTICES,ALL UTILIZATION PRACTICES,PRICE RECEIVED,$ / CWT,"HOGS, SOWS - PRICE RECEIVED, MEASURED IN $ / CWT",TOTAL,NOT SPECIFIED,NATIONAL,,99,US,US TOTAL,,,,,,,,0,,,9000,UNITED STATES,US TOTAL,1981,MONTHLY,6,6,JUN,,2012-01-01 00:00:00.000,41.9,
SURVEY,ANIMALS & PRODUCTS,LIVESTOCK,HOGS,SOWS,ALL PRODUCTION PRACTICES,ALL UTILIZATION PRACTICES,PRICE RECEIVED,$ / CWT,"HOGS, SOWS - PRICE RECEIVED, MEASURED IN $ / CWT",TOTAL,NOT SPECIFIED,NATIONAL,,99,US,US TOTAL,,,,,,,,0,,,9000,UNITED STATES,US TOTAL,1981,MONTHLY,7,7,JUL,,2012-01-01 00:00:00.000,43.4,
SURVEY,ANIMALS & PRODUCTS,LIVESTOCK,HOGS,SOWS,ALL PRODUCTION PRACTICES,ALL UTILIZATION PRACTICES,PRICE RECEIVED,$ / CWT,"HOGS, SOWS - PRICE RECEIVED, MEASURED IN $ / CWT",TOTAL,NOT SPECIFIED,NATIONAL,,99,US,US TOTAL,,,,,,,,0,,,9000,UNITED STATES,US TOTAL,1981,MONTHLY,8,8,AUG,,2012-01-01 00:00:00.000,43.7,
SURVEY,ANIMALS & PRODUCTS,LIVESTOCK,HOGS,SOWS,ALL PRODUCTION PRACTICES,ALL UTILIZATION PRACTICES,PRICE RECEIVED,$ / CWT,"HOGS, SOWS - PRICE RECEIVED, MEASURED IN $ / CWT",TOTAL,NOT SPECIFIED,NATIONAL,,99,US,US TOTAL,,,,,,,,0,,,9000,UNITED STATES,US TOTAL,1981,MONTHLY,9,9,SEP,,2012-01-01 00:00:00.000,45.2,
SURVEY,ANIMALS & PRODUCTS,LIVESTOCK,HOGS,SOWS,ALL PRODUCTION PRACTICES,ALL UTILIZATION PRACTICES,PRICE RECEIVED,$ / CWT,"HOGS, SOWS - PRICE RECEIVED, MEASURED IN $ / CWT",TOTAL,NOT SPECIFIED,NATIONAL,,99,US,US TOTAL,,,,,,,,0,,,9000,UNITED STATES,US TOTAL,1981,MONTHLY,10,10,OCT,,2012-01-01 00:00:00.000,42.0,
SURVEY,ANIMALS & PRODUCTS,LIVESTOCK,HOGS,SOWS,ALL PRODUCTION PRACTICES,ALL UTILIZATION PRACTICES,PRICE RECEIVED,$ / CWT,"HOGS, SOWS - PRICE RECEIVED, MEASURED IN $ / CWT",TOTAL,NOT SPECIFIED,NATIONAL,,99,US,US TOTAL,,,,,,,,0,,,9000,UNITED STATES,US TOTAL,1981,MONTHLY,11,11,NOV,,2012-01-01 00:00:00.000,37.8,
SURVEY,ANIMALS & PRODUCTS,LIVESTOCK,HOGS,SOWS,ALL PRODUCTION PRACTICES,ALL UTILIZATION PRACTICES,PRICE RECEIVED,$ / CWT,"HOGS, SOWS - PRICE RECEIVED, MEASURED IN $ / CWT",TOTAL,NOT SPECIFIED,NATIONAL,,99,US,US TOTAL,,,,,,,,0,,,9000,UNITED STATES,US TOTAL,1981,MONTHLY,12,12,DEC,,2012-01-01 00:00:00.000,33.2,
